VirtualTime_Sec,RequestID,ModelID,OriginNode,EndNode,Operation,Size_GB,Duration_Sec,Description
0.158000,10000,976f3265-7d85-4f67-af21-3cf1ba6419c0,coordinator_0,client_10,NET_TRANSFER,0.000100,0.158000,Signal: Cache Miss / Request Weights
0.316000,10001,e49795d7-d9a5-4ca8-9c14-043e8307ec09,client_10,coordinator_0,NET_TRANSFER,0.000100,0.158000,Request Model ID
0.474000,10001,e49795d7-d9a5-4ca8-9c14-043e8307ec09,coordinator_0,client_10,NET_TRANSFER,0.000100,0.158000,Signal: Cache Miss / Request Weights
28720.196183,10001,e49795d7-d9a5-4ca8-9c14-043e8307ec09,client_10,coordinator_0,NET_TRANSFER,358.994652,28719.722183,Upload Model Weights
29702.093913,10001,e49795d7-d9a5-4ca8-9c14-043e8307ec09,coordinator_0,worker_1,NET_TRANSFER,12.271847,981.897730,Distribute Layer ID: 86631a20
29702.251913,10002,eba1d3ba-919a-4842-a9ef-c330d29e6210,client_10,coordinator_0,NET_TRANSFER,0.000100,0.158000,Request Model ID
29702.347787,10001,e49795d7-d9a5-4ca8-9c14-043e8307ec09,worker_1,worker_1,DISK_LOAD,12.271847,0.095874,"Disk -> RAM [Model: e49795d7, Layer: 86631a20]"
29702.443660,10001,e49795d7-d9a5-4ca8-9c14-043e8307ec09,worker_1,worker_1,MEM_MOVE,12.271847,0.095874,"RAM -> VRAM [Model: e49795d7, Layer: 86631a20]"
29702.493660,10001,e49795d7-d9a5-4ca8-9c14-043e8307ec09,worker_1,worker_1,GPU_COMPUTE,0.050000,0.050000,GPU Compute
29702.651660,10001,e49795d7-d9a5-4ca8-9c14-043e8307ec09,worker_1,coordinator_0,NET_TRANSFER,0.000100,0.158000,Signal Finished
30429.526829,10001,e49795d7-d9a5-4ca8-9c14-043e8307ec09,coordinator_0,worker_2,NET_TRANSFER,9.084065,726.875169,Distribute Layer ID: 7fa50064
30429.597799,10001,e49795d7-d9a5-4ca8-9c14-043e8307ec09,worker_2,worker_2,DISK_LOAD,9.084065,0.070969,"Disk -> RAM [Model: e49795d7, Layer: 7fa50064]"
30429.668768,10001,e49795d7-d9a5-4ca8-9c14-043e8307ec09,worker_2,worker_2,MEM_MOVE,9.084065,0.070969,"RAM -> VRAM [Model: e49795d7, Layer: 7fa50064]"
30429.718768,10001,e49795d7-d9a5-4ca8-9c14-043e8307ec09,worker_2,worker_2,GPU_COMPUTE,0.050000,0.050000,GPU Compute
30429.876768,10001,e49795d7-d9a5-4ca8-9c14-043e8307ec09,worker_2,coordinator_0,NET_TRANSFER,0.000100,0.158000,Signal Finished
31111.966677,10001,e49795d7-d9a5-4ca8-9c14-043e8307ec09,coordinator_0,worker_3,NET_TRANSFER,8.524249,682.089909,Distribute Layer ID: 54ad12a4
31112.033273,10001,e49795d7-d9a5-4ca8-9c14-043e8307ec09,worker_3,worker_3,DISK_LOAD,8.524249,0.066596,"Disk -> RAM [Model: e49795d7, Layer: 54ad12a4]"
31112.099869,10001,e49795d7-d9a5-4ca8-9c14-043e8307ec09,worker_3,worker_3,MEM_MOVE,8.524249,0.066596,"RAM -> VRAM [Model: e49795d7, Layer: 54ad12a4]"
31112.149869,10001,e49795d7-d9a5-4ca8-9c14-043e8307ec09,worker_3,worker_3,GPU_COMPUTE,0.050000,0.050000,GPU Compute
31112.307869,10001,e49795d7-d9a5-4ca8-9c14-043e8307ec09,worker_3,coordinator_0,NET_TRANSFER,0.000100,0.158000,Signal Finished
31602.363437,10001,e49795d7-d9a5-4ca8-9c14-043e8307ec09,coordinator_0,worker_4,NET_TRANSFER,6.123820,490.055568,Distribute Layer ID: 2d606c91
31602.411279,10001,e49795d7-d9a5-4ca8-9c14-043e8307ec09,worker_4,worker_4,DISK_LOAD,6.123820,0.047842,"Disk -> RAM [Model: e49795d7, Layer: 2d606c91]"
31602.459122,10001,e49795d7-d9a5-4ca8-9c14-043e8307ec09,worker_4,worker_4,MEM_MOVE,6.123820,0.047842,"RAM -> VRAM [Model: e49795d7, Layer: 2d606c91]"
31602.509122,10001,e49795d7-d9a5-4ca8-9c14-043e8307ec09,worker_4,worker_4,GPU_COMPUTE,0.050000,0.050000,GPU Compute
31602.667122,10001,e49795d7-d9a5-4ca8-9c14-043e8307ec09,worker_4,coordinator_0,NET_TRANSFER,0.000100,0.158000,Signal Finished
32177.554863,10001,e49795d7-d9a5-4ca8-9c14-043e8307ec09,coordinator_0,worker_1,NET_TRANSFER,7.184222,574.887741,Distribute Layer ID: 44d14794
32177.610989,10001,e49795d7-d9a5-4ca8-9c14-043e8307ec09,worker_1,worker_1,DISK_LOAD,7.184222,0.056127,"Disk -> RAM [Model: e49795d7, Layer: 44d14794]"
32177.667116,10001,e49795d7-d9a5-4ca8-9c14-043e8307ec09,worker_1,worker_1,MEM_MOVE,7.184222,0.056127,"RAM -> VRAM [Model: e49795d7, Layer: 44d14794]"
32177.717116,10001,e49795d7-d9a5-4ca8-9c14-043e8307ec09,worker_1,worker_1,GPU_COMPUTE,0.050000,0.050000,GPU Compute
32177.875116,10001,e49795d7-d9a5-4ca8-9c14-043e8307ec09,worker_1,coordinator_0,NET_TRANSFER,0.000100,0.158000,Signal Finished
32618.812017,10001,e49795d7-d9a5-4ca8-9c14-043e8307ec09,coordinator_0,worker_2,NET_TRANSFER,5.509836,440.936901,Distribute Layer ID: a7151088
32618.855063,10001,e49795d7-d9a5-4ca8-9c14-043e8307ec09,worker_2,worker_2,DISK_LOAD,5.509836,0.043046,"Disk -> RAM [Model: e49795d7, Layer: a7151088]"
32618.898108,10001,e49795d7-d9a5-4ca8-9c14-043e8307ec09,worker_2,worker_2,MEM_MOVE,5.509836,0.043046,"RAM -> VRAM [Model: e49795d7, Layer: a7151088]"
32618.948108,10001,e49795d7-d9a5-4ca8-9c14-043e8307ec09,worker_2,worker_2,GPU_COMPUTE,0.050000,0.050000,GPU Compute
32619.106108,10001,e49795d7-d9a5-4ca8-9c14-043e8307ec09,worker_2,coordinator_0,NET_TRANSFER,0.000100,0.158000,Signal Finished
33593.273364,10001,e49795d7-d9a5-4ca8-9c14-043e8307ec09,coordinator_0,worker_3,NET_TRANSFER,12.175216,974.167256,Distribute Layer ID: af1c0a77
33593.368483,10001,e49795d7-d9a5-4ca8-9c14-043e8307ec09,worker_3,worker_3,DISK_LOAD,12.175216,0.095119,"Disk -> RAM [Model: e49795d7, Layer: af1c0a77]"
33593.463602,10001,e49795d7-d9a5-4ca8-9c14-043e8307ec09,worker_3,worker_3,MEM_MOVE,12.175216,0.095119,"RAM -> VRAM [Model: e49795d7, Layer: af1c0a77]"
33593.513602,10001,e49795d7-d9a5-4ca8-9c14-043e8307ec09,worker_3,worker_3,GPU_COMPUTE,0.050000,0.050000,GPU Compute
33593.671602,10001,e49795d7-d9a5-4ca8-9c14-043e8307ec09,worker_3,coordinator_0,NET_TRANSFER,0.000100,0.158000,Signal Finished
34182.839579,10001,e49795d7-d9a5-4ca8-9c14-043e8307ec09,coordinator_0,worker_4,NET_TRANSFER,7.362725,589.167977,Distribute Layer ID: 70121649
34182.897100,10001,e49795d7-d9a5-4ca8-9c14-043e8307ec09,worker_4,worker_4,DISK_LOAD,7.362725,0.057521,"Disk -> RAM [Model: e49795d7, Layer: 70121649]"
34182.954622,10001,e49795d7-d9a5-4ca8-9c14-043e8307ec09,worker_4,worker_4,MEM_MOVE,7.362725,0.057521,"RAM -> VRAM [Model: e49795d7, Layer: 70121649]"
34183.004622,10001,e49795d7-d9a5-4ca8-9c14-043e8307ec09,worker_4,worker_4,GPU_COMPUTE,0.050000,0.050000,GPU Compute
34183.162622,10001,e49795d7-d9a5-4ca8-9c14-043e8307ec09,worker_4,coordinator_0,NET_TRANSFER,0.000100,0.158000,Signal Finished
35289.048415,10001,e49795d7-d9a5-4ca8-9c14-043e8307ec09,coordinator_0,worker_1,NET_TRANSFER,13.821697,1105.885793,Distribute Layer ID: adf58fce
35289.156397,10001,e49795d7-d9a5-4ca8-9c14-043e8307ec09,worker_1,worker_1,DISK_LOAD,13.821697,0.107982,"Disk -> RAM [Model: e49795d7, Layer: adf58fce]"
35289.264379,10001,e49795d7-d9a5-4ca8-9c14-043e8307ec09,worker_1,worker_1,MEM_MOVE,13.821697,0.107982,"RAM -> VRAM [Model: e49795d7, Layer: adf58fce]"
35289.314379,10001,e49795d7-d9a5-4ca8-9c14-043e8307ec09,worker_1,worker_1,GPU_COMPUTE,0.050000,0.050000,GPU Compute
35289.472379,10001,e49795d7-d9a5-4ca8-9c14-043e8307ec09,worker_1,coordinator_0,NET_TRANSFER,0.000100,0.158000,Signal Finished
36135.398476,10001,e49795d7-d9a5-4ca8-9c14-043e8307ec09,coordinator_0,worker_2,NET_TRANSFER,10.572201,845.926098,Distribute Layer ID: a38b7dec
36135.481072,10001,e49795d7-d9a5-4ca8-9c14-043e8307ec09,worker_2,worker_2,DISK_LOAD,10.572201,0.082595,"Disk -> RAM [Model: e49795d7, Layer: a38b7dec]"
36135.563667,10001,e49795d7-d9a5-4ca8-9c14-043e8307ec09,worker_2,worker_2,MEM_MOVE,10.572201,0.082595,"RAM -> VRAM [Model: e49795d7, Layer: a38b7dec]"
36135.613667,10001,e49795d7-d9a5-4ca8-9c14-043e8307ec09,worker_2,worker_2,GPU_COMPUTE,0.050000,0.050000,GPU Compute
36135.771667,10001,e49795d7-d9a5-4ca8-9c14-043e8307ec09,worker_2,coordinator_0,NET_TRANSFER,0.000100,0.158000,Signal Finished
37254.242681,10001,e49795d7-d9a5-4ca8-9c14-043e8307ec09,coordinator_0,worker_3,NET_TRANSFER,13.979013,1118.471014,Distribute Layer ID: 23fabe38
37254.351892,10001,e49795d7-d9a5-4ca8-9c14-043e8307ec09,worker_3,worker_3,DISK_LOAD,13.979013,0.109211,"Disk -> RAM [Model: e49795d7, Layer: 23fabe38]"
37254.461103,10001,e49795d7-d9a5-4ca8-9c14-043e8307ec09,worker_3,worker_3,MEM_MOVE,13.979013,0.109211,"RAM -> VRAM [Model: e49795d7, Layer: 23fabe38]"
37254.511103,10001,e49795d7-d9a5-4ca8-9c14-043e8307ec09,worker_3,worker_3,GPU_COMPUTE,0.050000,0.050000,GPU Compute
37254.669103,10001,e49795d7-d9a5-4ca8-9c14-043e8307ec09,worker_3,coordinator_0,NET_TRANSFER,0.000100,0.158000,Signal Finished
38017.733050,10001,e49795d7-d9a5-4ca8-9c14-043e8307ec09,coordinator_0,worker_4,NET_TRANSFER,9.536424,763.063947,Distribute Layer ID: cfab9201
38017.807553,10001,e49795d7-d9a5-4ca8-9c14-043e8307ec09,worker_4,worker_4,DISK_LOAD,9.536424,0.074503,"Disk -> RAM [Model: e49795d7, Layer: cfab9201]"
38017.882056,10001,e49795d7-d9a5-4ca8-9c14-043e8307ec09,worker_4,worker_4,MEM_MOVE,9.536424,0.074503,"RAM -> VRAM [Model: e49795d7, Layer: cfab9201]"
38017.932056,10001,e49795d7-d9a5-4ca8-9c14-043e8307ec09,worker_4,worker_4,GPU_COMPUTE,0.050000,0.050000,GPU Compute
38018.090056,10001,e49795d7-d9a5-4ca8-9c14-043e8307ec09,worker_4,coordinator_0,NET_TRANSFER,0.000100,0.158000,Signal Finished
38950.639694,10001,e49795d7-d9a5-4ca8-9c14-043e8307ec09,coordinator_0,worker_1,NET_TRANSFER,11.654995,932.549638,Distribute Layer ID: afb239ad
38950.730749,10001,e49795d7-d9a5-4ca8-9c14-043e8307ec09,worker_1,worker_1,DISK_LOAD,11.654995,0.091055,"Disk -> RAM [Model: e49795d7, Layer: afb239ad]"
38950.821804,10001,e49795d7-d9a5-4ca8-9c14-043e8307ec09,worker_1,worker_1,MEM_MOVE,11.654995,0.091055,"RAM -> VRAM [Model: e49795d7, Layer: afb239ad]"
38950.871804,10001,e49795d7-d9a5-4ca8-9c14-043e8307ec09,worker_1,worker_1,GPU_COMPUTE,0.050000,0.050000,GPU Compute
38951.029804,10001,e49795d7-d9a5-4ca8-9c14-043e8307ec09,worker_1,coordinator_0,NET_TRANSFER,0.000100,0.158000,Signal Finished
39660.304390,10001,e49795d7-d9a5-4ca8-9c14-043e8307ec09,coordinator_0,worker_2,NET_TRANSFER,8.864057,709.274587,Distribute Layer ID: c83a8c2c
39660.373641,10001,e49795d7-d9a5-4ca8-9c14-043e8307ec09,worker_2,worker_2,DISK_LOAD,8.864057,0.069250,"Disk -> RAM [Model: e49795d7, Layer: c83a8c2c]"
39660.442891,10001,e49795d7-d9a5-4ca8-9c14-043e8307ec09,worker_2,worker_2,MEM_MOVE,8.864057,0.069250,"RAM -> VRAM [Model: e49795d7, Layer: c83a8c2c]"
39660.492891,10001,e49795d7-d9a5-4ca8-9c14-043e8307ec09,worker_2,worker_2,GPU_COMPUTE,0.050000,0.050000,GPU Compute
39660.650891,10001,e49795d7-d9a5-4ca8-9c14-043e8307ec09,worker_2,coordinator_0,NET_TRANSFER,0.000100,0.158000,Signal Finished
40595.301047,10001,e49795d7-d9a5-4ca8-9c14-043e8307ec09,coordinator_0,worker_3,NET_TRANSFER,11.681252,934.650156,Distribute Layer ID: 292c7324
40595.392307,10001,e49795d7-d9a5-4ca8-9c14-043e8307ec09,worker_3,worker_3,DISK_LOAD,11.681252,0.091260,"Disk -> RAM [Model: e49795d7, Layer: 292c7324]"
40595.483567,10001,e49795d7-d9a5-4ca8-9c14-043e8307ec09,worker_3,worker_3,MEM_MOVE,11.681252,0.091260,"RAM -> VRAM [Model: e49795d7, Layer: 292c7324]"
40595.533567,10001,e49795d7-d9a5-4ca8-9c14-043e8307ec09,worker_3,worker_3,GPU_COMPUTE,0.050000,0.050000,GPU Compute
40595.691567,10001,e49795d7-d9a5-4ca8-9c14-043e8307ec09,worker_3,coordinator_0,NET_TRANSFER,0.000100,0.158000,Signal Finished
41683.610274,10001,e49795d7-d9a5-4ca8-9c14-043e8307ec09,coordinator_0,worker_4,NET_TRANSFER,13.597109,1087.918707,Distribute Layer ID: 5f50155b
41683.716501,10001,e49795d7-d9a5-4ca8-9c14-043e8307ec09,worker_4,worker_4,DISK_LOAD,13.597109,0.106227,"Disk -> RAM [Model: e49795d7, Layer: 5f50155b]"
41683.822728,10001,e49795d7-d9a5-4ca8-9c14-043e8307ec09,worker_4,worker_4,MEM_MOVE,13.597109,0.106227,"RAM -> VRAM [Model: e49795d7, Layer: 5f50155b]"
41683.872728,10001,e49795d7-d9a5-4ca8-9c14-043e8307ec09,worker_4,worker_4,GPU_COMPUTE,0.050000,0.050000,GPU Compute
41684.030728,10001,e49795d7-d9a5-4ca8-9c14-043e8307ec09,worker_4,coordinator_0,NET_TRANSFER,0.000100,0.158000,Signal Finished
42529.888003,10001,e49795d7-d9a5-4ca8-9c14-043e8307ec09,coordinator_0,worker_1,NET_TRANSFER,10.571341,845.857274,Distribute Layer ID: b302ab91
42529.970591,10001,e49795d7-d9a5-4ca8-9c14-043e8307ec09,worker_1,worker_1,DISK_LOAD,10.571341,0.082589,"Disk -> RAM [Model: e49795d7, Layer: b302ab91]"
42530.053180,10001,e49795d7-d9a5-4ca8-9c14-043e8307ec09,worker_1,worker_1,MEM_MOVE,10.571341,0.082589,"RAM -> VRAM [Model: e49795d7, Layer: b302ab91]"
42530.103180,10001,e49795d7-d9a5-4ca8-9c14-043e8307ec09,worker_1,worker_1,GPU_COMPUTE,0.050000,0.050000,GPU Compute
42530.261180,10001,e49795d7-d9a5-4ca8-9c14-043e8307ec09,worker_1,coordinator_0,NET_TRANSFER,0.000100,0.158000,Signal Finished
43752.138092,10001,e49795d7-d9a5-4ca8-9c14-043e8307ec09,coordinator_0,worker_2,NET_TRANSFER,15.271586,1221.876912,Distribute Layer ID: 8619d3c9
43752.257401,10001,e49795d7-d9a5-4ca8-9c14-043e8307ec09,worker_2,worker_2,DISK_LOAD,15.271586,0.119309,"Disk -> RAM [Model: e49795d7, Layer: 8619d3c9]"
43752.376711,10001,e49795d7-d9a5-4ca8-9c14-043e8307ec09,worker_2,worker_2,MEM_MOVE,15.271586,0.119309,"RAM -> VRAM [Model: e49795d7, Layer: 8619d3c9]"
43752.426711,10001,e49795d7-d9a5-4ca8-9c14-043e8307ec09,worker_2,worker_2,GPU_COMPUTE,0.050000,0.050000,GPU Compute
43752.584711,10001,e49795d7-d9a5-4ca8-9c14-043e8307ec09,worker_2,coordinator_0,NET_TRANSFER,0.000100,0.158000,Signal Finished
44203.137390,10001,e49795d7-d9a5-4ca8-9c14-043e8307ec09,coordinator_0,worker_3,NET_TRANSFER,5.630033,450.552679,Distribute Layer ID: 21b7dbcf
44203.181375,10001,e49795d7-d9a5-4ca8-9c14-043e8307ec09,worker_3,worker_3,DISK_LOAD,5.630033,0.043985,"Disk -> RAM [Model: e49795d7, Layer: 21b7dbcf]"
44203.225359,10001,e49795d7-d9a5-4ca8-9c14-043e8307ec09,worker_3,worker_3,MEM_MOVE,5.630033,0.043985,"RAM -> VRAM [Model: e49795d7, Layer: 21b7dbcf]"
44203.275359,10001,e49795d7-d9a5-4ca8-9c14-043e8307ec09,worker_3,worker_3,GPU_COMPUTE,0.050000,0.050000,GPU Compute
44203.433359,10001,e49795d7-d9a5-4ca8-9c14-043e8307ec09,worker_3,coordinator_0,NET_TRANSFER,0.000100,0.158000,Signal Finished
45339.016041,10001,e49795d7-d9a5-4ca8-9c14-043e8307ec09,coordinator_0,worker_4,NET_TRANSFER,14.192909,1135.582682,Distribute Layer ID: 2954b3b2
45339.126923,10001,e49795d7-d9a5-4ca8-9c14-043e8307ec09,worker_4,worker_4,DISK_LOAD,14.192909,0.110882,"Disk -> RAM [Model: e49795d7, Layer: 2954b3b2]"
45339.237805,10001,e49795d7-d9a5-4ca8-9c14-043e8307ec09,worker_4,worker_4,MEM_MOVE,14.192909,0.110882,"RAM -> VRAM [Model: e49795d7, Layer: 2954b3b2]"
45339.287805,10001,e49795d7-d9a5-4ca8-9c14-043e8307ec09,worker_4,worker_4,GPU_COMPUTE,0.050000,0.050000,GPU Compute
45339.445805,10001,e49795d7-d9a5-4ca8-9c14-043e8307ec09,worker_4,coordinator_0,NET_TRANSFER,0.000100,0.158000,Signal Finished
46185.726570,10001,e49795d7-d9a5-4ca8-9c14-043e8307ec09,coordinator_0,worker_1,NET_TRANSFER,10.576635,846.280765,Distribute Layer ID: 1c1f5dfb
46185.809200,10001,e49795d7-d9a5-4ca8-9c14-043e8307ec09,worker_1,worker_1,DISK_LOAD,10.576635,0.082630,"Disk -> RAM [Model: e49795d7, Layer: 1c1f5dfb]"
46185.891830,10001,e49795d7-d9a5-4ca8-9c14-043e8307ec09,worker_1,worker_1,MEM_MOVE,10.576635,0.082630,"RAM -> VRAM [Model: e49795d7, Layer: 1c1f5dfb]"
46185.941830,10001,e49795d7-d9a5-4ca8-9c14-043e8307ec09,worker_1,worker_1,GPU_COMPUTE,0.050000,0.050000,GPU Compute
46186.099830,10001,e49795d7-d9a5-4ca8-9c14-043e8307ec09,worker_1,coordinator_0,NET_TRANSFER,0.000100,0.158000,Signal Finished
46616.285371,10001,e49795d7-d9a5-4ca8-9c14-043e8307ec09,coordinator_0,worker_2,NET_TRANSFER,5.375444,430.185541,Distribute Layer ID: fa391ef0
46616.327366,10001,e49795d7-d9a5-4ca8-9c14-043e8307ec09,worker_2,worker_2,DISK_LOAD,5.375444,0.041996,"Disk -> RAM [Model: e49795d7, Layer: fa391ef0]"
46616.369362,10001,e49795d7-d9a5-4ca8-9c14-043e8307ec09,worker_2,worker_2,MEM_MOVE,5.375444,0.041996,"RAM -> VRAM [Model: e49795d7, Layer: fa391ef0]"
46616.419362,10001,e49795d7-d9a5-4ca8-9c14-043e8307ec09,worker_2,worker_2,GPU_COMPUTE,0.050000,0.050000,GPU Compute
46616.577362,10001,e49795d7-d9a5-4ca8-9c14-043e8307ec09,worker_2,coordinator_0,NET_TRANSFER,0.000100,0.158000,Signal Finished
47503.258701,10001,e49795d7-d9a5-4ca8-9c14-043e8307ec09,coordinator_0,worker_3,NET_TRANSFER,11.081642,886.681339,Distribute Layer ID: 7a351843
47503.345276,10001,e49795d7-d9a5-4ca8-9c14-043e8307ec09,worker_3,worker_3,DISK_LOAD,11.081642,0.086575,"Disk -> RAM [Model: e49795d7, Layer: 7a351843]"
47503.431852,10001,e49795d7-d9a5-4ca8-9c14-043e8307ec09,worker_3,worker_3,MEM_MOVE,11.081642,0.086575,"RAM -> VRAM [Model: e49795d7, Layer: 7a351843]"
47503.481852,10001,e49795d7-d9a5-4ca8-9c14-043e8307ec09,worker_3,worker_3,GPU_COMPUTE,0.050000,0.050000,GPU Compute
47503.639852,10001,e49795d7-d9a5-4ca8-9c14-043e8307ec09,worker_3,coordinator_0,NET_TRANSFER,0.000100,0.158000,Signal Finished
48100.878723,10001,e49795d7-d9a5-4ca8-9c14-043e8307ec09,coordinator_0,worker_4,NET_TRANSFER,7.463611,597.238872,Distribute Layer ID: 49836310
48100.937033,10001,e49795d7-d9a5-4ca8-9c14-043e8307ec09,worker_4,worker_4,DISK_LOAD,7.463611,0.058309,"Disk -> RAM [Model: e49795d7, Layer: 49836310]"
48100.995342,10001,e49795d7-d9a5-4ca8-9c14-043e8307ec09,worker_4,worker_4,MEM_MOVE,7.463611,0.058309,"RAM -> VRAM [Model: e49795d7, Layer: 49836310]"
48101.045342,10001,e49795d7-d9a5-4ca8-9c14-043e8307ec09,worker_4,worker_4,GPU_COMPUTE,0.050000,0.050000,GPU Compute
48101.203342,10001,e49795d7-d9a5-4ca8-9c14-043e8307ec09,worker_4,coordinator_0,NET_TRANSFER,0.000100,0.158000,Signal Finished
48537.050930,10001,e49795d7-d9a5-4ca8-9c14-043e8307ec09,coordinator_0,worker_1,NET_TRANSFER,5.446220,435.847587,Distribute Layer ID: 1157625d
48537.093478,10001,e49795d7-d9a5-4ca8-9c14-043e8307ec09,worker_1,worker_1,DISK_LOAD,5.446220,0.042549,"Disk -> RAM [Model: e49795d7, Layer: 1157625d]"
48537.136027,10001,e49795d7-d9a5-4ca8-9c14-043e8307ec09,worker_1,worker_1,MEM_MOVE,5.446220,0.042549,"RAM -> VRAM [Model: e49795d7, Layer: 1157625d]"
48537.186027,10001,e49795d7-d9a5-4ca8-9c14-043e8307ec09,worker_1,worker_1,GPU_COMPUTE,0.050000,0.050000,GPU Compute
48537.344027,10001,e49795d7-d9a5-4ca8-9c14-043e8307ec09,worker_1,coordinator_0,NET_TRANSFER,0.000100,0.158000,Signal Finished
49086.575257,10001,e49795d7-d9a5-4ca8-9c14-043e8307ec09,coordinator_0,worker_2,NET_TRANSFER,6.863515,549.231230,Distribute Layer ID: 9fa48bf4
49086.628878,10001,e49795d7-d9a5-4ca8-9c14-043e8307ec09,worker_2,worker_2,DISK_LOAD,6.863515,0.053621,"Disk -> RAM [Model: e49795d7, Layer: 9fa48bf4]"
49086.682499,10001,e49795d7-d9a5-4ca8-9c14-043e8307ec09,worker_2,worker_2,MEM_MOVE,6.863515,0.053621,"RAM -> VRAM [Model: e49795d7, Layer: 9fa48bf4]"
49086.732499,10001,e49795d7-d9a5-4ca8-9c14-043e8307ec09,worker_2,worker_2,GPU_COMPUTE,0.050000,0.050000,GPU Compute
49086.890499,10001,e49795d7-d9a5-4ca8-9c14-043e8307ec09,worker_2,coordinator_0,NET_TRANSFER,0.000100,0.158000,Signal Finished
50069.409935,10001,e49795d7-d9a5-4ca8-9c14-043e8307ec09,coordinator_0,worker_3,NET_TRANSFER,12.279618,982.519436,Distribute Layer ID: 7a3dd03f
50069.505870,10001,e49795d7-d9a5-4ca8-9c14-043e8307ec09,worker_3,worker_3,DISK_LOAD,12.279618,0.095935,"Disk -> RAM [Model: e49795d7, Layer: 7a3dd03f]"
50069.601804,10001,e49795d7-d9a5-4ca8-9c14-043e8307ec09,worker_3,worker_3,MEM_MOVE,12.279618,0.095935,"RAM -> VRAM [Model: e49795d7, Layer: 7a3dd03f]"
50069.651804,10001,e49795d7-d9a5-4ca8-9c14-043e8307ec09,worker_3,worker_3,GPU_COMPUTE,0.050000,0.050000,GPU Compute
50069.809804,10001,e49795d7-d9a5-4ca8-9c14-043e8307ec09,worker_3,coordinator_0,NET_TRANSFER,0.000100,0.158000,Signal Finished
50888.069498,10001,e49795d7-d9a5-4ca8-9c14-043e8307ec09,coordinator_0,worker_4,NET_TRANSFER,10.226371,818.259693,Distribute Layer ID: 4900ae3b
50888.149391,10001,e49795d7-d9a5-4ca8-9c14-043e8307ec09,worker_4,worker_4,DISK_LOAD,10.226371,0.079894,"Disk -> RAM [Model: e49795d7, Layer: 4900ae3b]"
50888.229285,10001,e49795d7-d9a5-4ca8-9c14-043e8307ec09,worker_4,worker_4,MEM_MOVE,10.226371,0.079894,"RAM -> VRAM [Model: e49795d7, Layer: 4900ae3b]"
50888.279285,10001,e49795d7-d9a5-4ca8-9c14-043e8307ec09,worker_4,worker_4,GPU_COMPUTE,0.050000,0.050000,GPU Compute
50888.437285,10001,e49795d7-d9a5-4ca8-9c14-043e8307ec09,worker_4,coordinator_0,NET_TRANSFER,0.000100,0.158000,Signal Finished
51776.077636,10001,e49795d7-d9a5-4ca8-9c14-043e8307ec09,coordinator_0,worker_1,NET_TRANSFER,11.093629,887.640351,Distribute Layer ID: f10342cc
51776.164305,10001,e49795d7-d9a5-4ca8-9c14-043e8307ec09,worker_1,worker_1,DISK_LOAD,11.093629,0.086669,"Disk -> RAM [Model: e49795d7, Layer: f10342cc]"
51776.250974,10001,e49795d7-d9a5-4ca8-9c14-043e8307ec09,worker_1,worker_1,MEM_MOVE,11.093629,0.086669,"RAM -> VRAM [Model: e49795d7, Layer: f10342cc]"
51776.300974,10001,e49795d7-d9a5-4ca8-9c14-043e8307ec09,worker_1,worker_1,GPU_COMPUTE,0.050000,0.050000,GPU Compute
51776.458974,10001,e49795d7-d9a5-4ca8-9c14-043e8307ec09,worker_1,coordinator_0,NET_TRANSFER,0.000100,0.158000,Signal Finished
52183.460084,10001,e49795d7-d9a5-4ca8-9c14-043e8307ec09,coordinator_0,worker_2,NET_TRANSFER,5.085639,407.001109,Distribute Layer ID: d04cf443
52183.499815,10001,e49795d7-d9a5-4ca8-9c14-043e8307ec09,worker_2,worker_2,DISK_LOAD,5.085639,0.039732,"Disk -> RAM [Model: e49795d7, Layer: d04cf443]"
52183.539547,10001,e49795d7-d9a5-4ca8-9c14-043e8307ec09,worker_2,worker_2,MEM_MOVE,5.085639,0.039732,"RAM -> VRAM [Model: e49795d7, Layer: d04cf443]"
52183.589547,10001,e49795d7-d9a5-4ca8-9c14-043e8307ec09,worker_2,worker_2,GPU_COMPUTE,0.050000,0.050000,GPU Compute
52183.747547,10001,e49795d7-d9a5-4ca8-9c14-043e8307ec09,worker_2,coordinator_0,NET_TRANSFER,0.000100,0.158000,Signal Finished
53225.426280,10001,e49795d7-d9a5-4ca8-9c14-043e8307ec09,coordinator_0,worker_3,NET_TRANSFER,13.019109,1041.678734,Distribute Layer ID: b02d739e
53225.527992,10001,e49795d7-d9a5-4ca8-9c14-043e8307ec09,worker_3,worker_3,DISK_LOAD,13.019109,0.101712,"Disk -> RAM [Model: e49795d7, Layer: b02d739e]"
53225.629704,10001,e49795d7-d9a5-4ca8-9c14-043e8307ec09,worker_3,worker_3,MEM_MOVE,13.019109,0.101712,"RAM -> VRAM [Model: e49795d7, Layer: b02d739e]"
53225.679704,10001,e49795d7-d9a5-4ca8-9c14-043e8307ec09,worker_3,worker_3,GPU_COMPUTE,0.050000,0.050000,GPU Compute
53225.837704,10001,e49795d7-d9a5-4ca8-9c14-043e8307ec09,worker_3,coordinator_0,NET_TRANSFER,0.000100,0.158000,Signal Finished
53906.190635,10001,e49795d7-d9a5-4ca8-9c14-043e8307ec09,coordinator_0,worker_4,NET_TRANSFER,8.502537,680.352931,Distribute Layer ID: f8e90b91
53906.257061,10001,e49795d7-d9a5-4ca8-9c14-043e8307ec09,worker_4,worker_4,DISK_LOAD,8.502537,0.066426,"Disk -> RAM [Model: e49795d7, Layer: f8e90b91]"
53906.323487,10001,e49795d7-d9a5-4ca8-9c14-043e8307ec09,worker_4,worker_4,MEM_MOVE,8.502537,0.066426,"RAM -> VRAM [Model: e49795d7, Layer: f8e90b91]"
53906.373487,10001,e49795d7-d9a5-4ca8-9c14-043e8307ec09,worker_4,worker_4,GPU_COMPUTE,0.050000,0.050000,GPU Compute
53906.531487,10001,e49795d7-d9a5-4ca8-9c14-043e8307ec09,worker_4,coordinator_0,NET_TRANSFER,0.000100,0.158000,Signal Finished
54658.414626,10001,e49795d7-d9a5-4ca8-9c14-043e8307ec09,coordinator_0,worker_1,NET_TRANSFER,9.396664,751.883139,Distribute Layer ID: 96d0a0c9
54658.488037,10001,e49795d7-d9a5-4ca8-9c14-043e8307ec09,worker_1,worker_1,DISK_LOAD,9.396664,0.073411,"Disk -> RAM [Model: e49795d7, Layer: 96d0a0c9]"
54658.561449,10001,e49795d7-d9a5-4ca8-9c14-043e8307ec09,worker_1,worker_1,MEM_MOVE,9.396664,0.073411,"RAM -> VRAM [Model: e49795d7, Layer: 96d0a0c9]"
54658.611449,10001,e49795d7-d9a5-4ca8-9c14-043e8307ec09,worker_1,worker_1,GPU_COMPUTE,0.050000,0.050000,GPU Compute
54658.769449,10001,e49795d7-d9a5-4ca8-9c14-043e8307ec09,worker_1,coordinator_0,NET_TRANSFER,0.000100,0.158000,Signal Finished
55694.630936,10001,e49795d7-d9a5-4ca8-9c14-043e8307ec09,coordinator_0,worker_2,NET_TRANSFER,12.946394,1035.861488,Distribute Layer ID: 6b81d212
55694.732080,10001,e49795d7-d9a5-4ca8-9c14-043e8307ec09,worker_2,worker_2,DISK_LOAD,12.946394,0.101144,"Disk -> RAM [Model: e49795d7, Layer: 6b81d212]"
55694.833224,10001,e49795d7-d9a5-4ca8-9c14-043e8307ec09,worker_2,worker_2,MEM_MOVE,12.946394,0.101144,"RAM -> VRAM [Model: e49795d7, Layer: 6b81d212]"
55694.883224,10001,e49795d7-d9a5-4ca8-9c14-043e8307ec09,worker_2,worker_2,GPU_COMPUTE,0.050000,0.050000,GPU Compute
55695.041224,10001,e49795d7-d9a5-4ca8-9c14-043e8307ec09,worker_2,coordinator_0,NET_TRANSFER,0.000100,0.158000,Signal Finished
56699.133100,10001,e49795d7-d9a5-4ca8-9c14-043e8307ec09,coordinator_0,worker_3,NET_TRANSFER,12.549273,1004.091877,Distribute Layer ID: 7978ca31
56699.231141,10001,e49795d7-d9a5-4ca8-9c14-043e8307ec09,worker_3,worker_3,DISK_LOAD,12.549273,0.098041,"Disk -> RAM [Model: e49795d7, Layer: 7978ca31]"
56699.329183,10001,e49795d7-d9a5-4ca8-9c14-043e8307ec09,worker_3,worker_3,MEM_MOVE,12.549273,0.098041,"RAM -> VRAM [Model: e49795d7, Layer: 7978ca31]"
56699.379183,10001,e49795d7-d9a5-4ca8-9c14-043e8307ec09,worker_3,worker_3,GPU_COMPUTE,0.050000,0.050000,GPU Compute
56699.537183,10001,e49795d7-d9a5-4ca8-9c14-043e8307ec09,worker_3,coordinator_0,NET_TRANSFER,0.000100,0.158000,Signal Finished
57458.067537,10001,e49795d7-d9a5-4ca8-9c14-043e8307ec09,coordinator_0,worker_4,NET_TRANSFER,9.479754,758.530354,Distribute Layer ID: 4796d722
57458.141597,10001,e49795d7-d9a5-4ca8-9c14-043e8307ec09,worker_4,worker_4,DISK_LOAD,9.479754,0.074061,"Disk -> RAM [Model: e49795d7, Layer: 4796d722]"
57458.215658,10001,e49795d7-d9a5-4ca8-9c14-043e8307ec09,worker_4,worker_4,MEM_MOVE,9.479754,0.074061,"RAM -> VRAM [Model: e49795d7, Layer: 4796d722]"
57458.265658,10001,e49795d7-d9a5-4ca8-9c14-043e8307ec09,worker_4,worker_4,GPU_COMPUTE,0.050000,0.050000,GPU Compute
57458.423658,10001,e49795d7-d9a5-4ca8-9c14-043e8307ec09,worker_4,coordinator_0,NET_TRANSFER,0.000100,0.158000,Signal Finished
57458.581658,10003,276b7930-8d85-4d8d-831a-550a61e9b89a,client_10,coordinator_0,NET_TRANSFER,0.000100,0.158000,Request Model ID
57458.739658,10003,276b7930-8d85-4d8d-831a-550a61e9b89a,coordinator_0,client_10,NET_TRANSFER,0.000100,0.158000,Signal: Cache Miss / Request Weights
97035.030283,10003,276b7930-8d85-4d8d-831a-550a61e9b89a,client_10,coordinator_0,NET_TRANSFER,494.701758,39576.290624,Upload Model Weights
97924.920481,10003,276b7930-8d85-4d8d-831a-550a61e9b89a,coordinator_0,worker_4,NET_TRANSFER,11.121752,889.890199,Distribute Layer ID: feef6ce0
97925.007370,10003,276b7930-8d85-4d8d-831a-550a61e9b89a,worker_4,worker_4,DISK_LOAD,11.121752,0.086889,"Disk -> RAM [Model: 276b7930, Layer: feef6ce0]"
97925.094259,10003,276b7930-8d85-4d8d-831a-550a61e9b89a,worker_4,worker_4,MEM_MOVE,11.121752,0.086889,"RAM -> VRAM [Model: 276b7930, Layer: feef6ce0]"
97925.144259,10003,276b7930-8d85-4d8d-831a-550a61e9b89a,worker_4,worker_4,GPU_COMPUTE,0.050000,0.050000,GPU Compute
97925.302259,10003,276b7930-8d85-4d8d-831a-550a61e9b89a,worker_4,coordinator_0,NET_TRANSFER,0.000100,0.158000,Signal Finished
98930.224026,10003,276b7930-8d85-4d8d-831a-550a61e9b89a,coordinator_0,worker_1,NET_TRANSFER,12.559647,1004.921767,Distribute Layer ID: 10d791f1
98930.322148,10003,276b7930-8d85-4d8d-831a-550a61e9b89a,worker_1,worker_1,DISK_LOAD,12.559647,0.098122,"Disk -> RAM [Model: 276b7930, Layer: 10d791f1]"
98930.420270,10003,276b7930-8d85-4d8d-831a-550a61e9b89a,worker_1,worker_1,MEM_MOVE,12.559647,0.098122,"RAM -> VRAM [Model: 276b7930, Layer: 10d791f1]"
98930.470270,10003,276b7930-8d85-4d8d-831a-550a61e9b89a,worker_1,worker_1,GPU_COMPUTE,0.050000,0.050000,GPU Compute
98930.628270,10003,276b7930-8d85-4d8d-831a-550a61e9b89a,worker_1,coordinator_0,NET_TRANSFER,0.000100,0.158000,Signal Finished
99379.220625,10003,276b7930-8d85-4d8d-831a-550a61e9b89a,coordinator_0,worker_2,NET_TRANSFER,5.605529,448.592355,Distribute Layer ID: a3e58a1f
99379.264418,10003,276b7930-8d85-4d8d-831a-550a61e9b89a,worker_2,worker_2,DISK_LOAD,5.605529,0.043793,"Disk -> RAM [Model: 276b7930, Layer: a3e58a1f]"
99379.308211,10003,276b7930-8d85-4d8d-831a-550a61e9b89a,worker_2,worker_2,MEM_MOVE,5.605529,0.043793,"RAM -> VRAM [Model: 276b7930, Layer: a3e58a1f]"
99379.358211,10003,276b7930-8d85-4d8d-831a-550a61e9b89a,worker_2,worker_2,GPU_COMPUTE,0.050000,0.050000,GPU Compute
99379.516211,10003,276b7930-8d85-4d8d-831a-550a61e9b89a,worker_2,coordinator_0,NET_TRANSFER,0.000100,0.158000,Signal Finished
100196.981259,10003,276b7930-8d85-4d8d-831a-550a61e9b89a,coordinator_0,worker_3,NET_TRANSFER,10.216438,817.465047,Distribute Layer ID: dfdece0a
100197.061075,10003,276b7930-8d85-4d8d-831a-550a61e9b89a,worker_3,worker_3,DISK_LOAD,10.216438,0.079816,"Disk -> RAM [Model: 276b7930, Layer: dfdece0a]"
100197.140891,10003,276b7930-8d85-4d8d-831a-550a61e9b89a,worker_3,worker_3,MEM_MOVE,10.216438,0.079816,"RAM -> VRAM [Model: 276b7930, Layer: dfdece0a]"
100197.190891,10003,276b7930-8d85-4d8d-831a-550a61e9b89a,worker_3,worker_3,GPU_COMPUTE,0.050000,0.050000,GPU Compute
100197.348891,10003,276b7930-8d85-4d8d-831a-550a61e9b89a,worker_3,coordinator_0,NET_TRANSFER,0.000100,0.158000,Signal Finished
101106.531211,10003,276b7930-8d85-4d8d-831a-550a61e9b89a,coordinator_0,worker_4,NET_TRANSFER,11.362904,909.182320,Distribute Layer ID: 894c601c
101106.619984,10003,276b7930-8d85-4d8d-831a-550a61e9b89a,worker_4,worker_4,DISK_LOAD,11.362904,0.088773,"Disk -> RAM [Model: 276b7930, Layer: 894c601c]"
101106.708756,10003,276b7930-8d85-4d8d-831a-550a61e9b89a,worker_4,worker_4,MEM_MOVE,11.362904,0.088773,"RAM -> VRAM [Model: 276b7930, Layer: 894c601c]"
101106.758756,10003,276b7930-8d85-4d8d-831a-550a61e9b89a,worker_4,worker_4,GPU_COMPUTE,0.050000,0.050000,GPU Compute
101106.916756,10003,276b7930-8d85-4d8d-831a-550a61e9b89a,worker_4,coordinator_0,NET_TRANSFER,0.000100,0.158000,Signal Finished
102040.653453,10003,276b7930-8d85-4d8d-831a-550a61e9b89a,coordinator_0,worker_1,NET_TRANSFER,11.669834,933.736697,Distribute Layer ID: 38bda02c
102040.744624,10003,276b7930-8d85-4d8d-831a-550a61e9b89a,worker_1,worker_1,DISK_LOAD,11.669834,0.091171,"Disk -> RAM [Model: 276b7930, Layer: 38bda02c]"
102040.835794,10003,276b7930-8d85-4d8d-831a-550a61e9b89a,worker_1,worker_1,MEM_MOVE,11.669834,0.091171,"RAM -> VRAM [Model: 276b7930, Layer: 38bda02c]"
102040.885794,10003,276b7930-8d85-4d8d-831a-550a61e9b89a,worker_1,worker_1,GPU_COMPUTE,0.050000,0.050000,GPU Compute
102041.043794,10003,276b7930-8d85-4d8d-831a-550a61e9b89a,worker_1,coordinator_0,NET_TRANSFER,0.000100,0.158000,Signal Finished
102687.311066,10003,276b7930-8d85-4d8d-831a-550a61e9b89a,coordinator_0,worker_2,NET_TRANSFER,8.076466,646.267272,Distribute Layer ID: e8eacccc
102687.374164,10003,276b7930-8d85-4d8d-831a-550a61e9b89a,worker_2,worker_2,DISK_LOAD,8.076466,0.063097,"Disk -> RAM [Model: 276b7930, Layer: e8eacccc]"
102687.437261,10003,276b7930-8d85-4d8d-831a-550a61e9b89a,worker_2,worker_2,MEM_MOVE,8.076466,0.063097,"RAM -> VRAM [Model: 276b7930, Layer: e8eacccc]"
102687.487261,10003,276b7930-8d85-4d8d-831a-550a61e9b89a,worker_2,worker_2,GPU_COMPUTE,0.050000,0.050000,GPU Compute
102687.645261,10003,276b7930-8d85-4d8d-831a-550a61e9b89a,worker_2,coordinator_0,NET_TRANSFER,0.000100,0.158000,Signal Finished
103232.168837,10003,276b7930-8d85-4d8d-831a-550a61e9b89a,coordinator_0,worker_3,NET_TRANSFER,6.804670,544.523576,Distribute Layer ID: d7968a42
103232.221999,10003,276b7930-8d85-4d8d-831a-550a61e9b89a,worker_3,worker_3,DISK_LOAD,6.804670,0.053161,"Disk -> RAM [Model: 276b7930, Layer: d7968a42]"
103232.275160,10003,276b7930-8d85-4d8d-831a-550a61e9b89a,worker_3,worker_3,MEM_MOVE,6.804670,0.053161,"RAM -> VRAM [Model: 276b7930, Layer: d7968a42]"
103232.325160,10003,276b7930-8d85-4d8d-831a-550a61e9b89a,worker_3,worker_3,GPU_COMPUTE,0.050000,0.050000,GPU Compute
103232.483160,10003,276b7930-8d85-4d8d-831a-550a61e9b89a,worker_3,coordinator_0,NET_TRANSFER,0.000100,0.158000,Signal Finished
103740.911504,10003,276b7930-8d85-4d8d-831a-550a61e9b89a,coordinator_0,worker_4,NET_TRANSFER,6.353479,508.428344,Distribute Layer ID: 24782906
103740.961141,10003,276b7930-8d85-4d8d-831a-550a61e9b89a,worker_4,worker_4,DISK_LOAD,6.353479,0.049637,"Disk -> RAM [Model: 276b7930, Layer: 24782906]"
103741.010777,10003,276b7930-8d85-4d8d-831a-550a61e9b89a,worker_4,worker_4,MEM_MOVE,6.353479,0.049637,"RAM -> VRAM [Model: 276b7930, Layer: 24782906]"
103741.060777,10003,276b7930-8d85-4d8d-831a-550a61e9b89a,worker_4,worker_4,GPU_COMPUTE,0.050000,0.050000,GPU Compute
103741.218777,10003,276b7930-8d85-4d8d-831a-550a61e9b89a,worker_4,coordinator_0,NET_TRANSFER,0.000100,0.158000,Signal Finished
104158.638155,10003,276b7930-8d85-4d8d-831a-550a61e9b89a,coordinator_0,worker_1,NET_TRANSFER,5.215867,417.419378,Distribute Layer ID: 4672b341
104158.678904,10003,276b7930-8d85-4d8d-831a-550a61e9b89a,worker_1,worker_1,DISK_LOAD,5.215867,0.040749,"Disk -> RAM [Model: 276b7930, Layer: 4672b341]"
104158.719653,10003,276b7930-8d85-4d8d-831a-550a61e9b89a,worker_1,worker_1,MEM_MOVE,5.215867,0.040749,"RAM -> VRAM [Model: 276b7930, Layer: 4672b341]"
104158.769653,10003,276b7930-8d85-4d8d-831a-550a61e9b89a,worker_1,worker_1,GPU_COMPUTE,0.050000,0.050000,GPU Compute
104158.927653,10003,276b7930-8d85-4d8d-831a-550a61e9b89a,worker_1,coordinator_0,NET_TRANSFER,0.000100,0.158000,Signal Finished
105003.931975,10003,276b7930-8d85-4d8d-831a-550a61e9b89a,coordinator_0,worker_2,NET_TRANSFER,10.560679,845.004322,Distribute Layer ID: dbaaaac4
105004.014480,10003,276b7930-8d85-4d8d-831a-550a61e9b89a,worker_2,worker_2,DISK_LOAD,10.560679,0.082505,"Disk -> RAM [Model: 276b7930, Layer: dbaaaac4]"
105004.096986,10003,276b7930-8d85-4d8d-831a-550a61e9b89a,worker_2,worker_2,MEM_MOVE,10.560679,0.082505,"RAM -> VRAM [Model: 276b7930, Layer: dbaaaac4]"
105004.146986,10003,276b7930-8d85-4d8d-831a-550a61e9b89a,worker_2,worker_2,GPU_COMPUTE,0.050000,0.050000,GPU Compute
105004.304986,10003,276b7930-8d85-4d8d-831a-550a61e9b89a,worker_2,coordinator_0,NET_TRANSFER,0.000100,0.158000,Signal Finished
106006.996514,10003,276b7930-8d85-4d8d-831a-550a61e9b89a,coordinator_0,worker_3,NET_TRANSFER,12.531769,1002.691528,Distribute Layer ID: 3db24c72
106007.094418,10003,276b7930-8d85-4d8d-831a-550a61e9b89a,worker_3,worker_3,DISK_LOAD,12.531769,0.097904,"Disk -> RAM [Model: 276b7930, Layer: 3db24c72]"
106007.192323,10003,276b7930-8d85-4d8d-831a-550a61e9b89a,worker_3,worker_3,MEM_MOVE,12.531769,0.097904,"RAM -> VRAM [Model: 276b7930, Layer: 3db24c72]"
106007.242323,10003,276b7930-8d85-4d8d-831a-550a61e9b89a,worker_3,worker_3,GPU_COMPUTE,0.050000,0.050000,GPU Compute
106007.400323,10003,276b7930-8d85-4d8d-831a-550a61e9b89a,worker_3,coordinator_0,NET_TRANSFER,0.000100,0.158000,Signal Finished
107140.705917,10003,276b7930-8d85-4d8d-831a-550a61e9b89a,coordinator_0,worker_4,NET_TRANSFER,14.164445,1133.305594,Distribute Layer ID: a71735d4
107140.816577,10003,276b7930-8d85-4d8d-831a-550a61e9b89a,worker_4,worker_4,DISK_LOAD,14.164445,0.110660,"Disk -> RAM [Model: 276b7930, Layer: a71735d4]"
107140.927236,10003,276b7930-8d85-4d8d-831a-550a61e9b89a,worker_4,worker_4,MEM_MOVE,14.164445,0.110660,"RAM -> VRAM [Model: 276b7930, Layer: a71735d4]"
107140.977236,10003,276b7930-8d85-4d8d-831a-550a61e9b89a,worker_4,worker_4,GPU_COMPUTE,0.050000,0.050000,GPU Compute
107141.135236,10003,276b7930-8d85-4d8d-831a-550a61e9b89a,worker_4,coordinator_0,NET_TRANSFER,0.000100,0.158000,Signal Finished
107895.819261,10003,276b7930-8d85-4d8d-831a-550a61e9b89a,coordinator_0,worker_1,NET_TRANSFER,9.431675,754.684025,Distribute Layer ID: 7b1c5ab7
107895.892946,10003,276b7930-8d85-4d8d-831a-550a61e9b89a,worker_1,worker_1,DISK_LOAD,9.431675,0.073685,"Disk -> RAM [Model: 276b7930, Layer: 7b1c5ab7]"
107895.966631,10003,276b7930-8d85-4d8d-831a-550a61e9b89a,worker_1,worker_1,MEM_MOVE,9.431675,0.073685,"RAM -> VRAM [Model: 276b7930, Layer: 7b1c5ab7]"
107896.016631,10003,276b7930-8d85-4d8d-831a-550a61e9b89a,worker_1,worker_1,GPU_COMPUTE,0.050000,0.050000,GPU Compute
107896.174631,10003,276b7930-8d85-4d8d-831a-550a61e9b89a,worker_1,coordinator_0,NET_TRANSFER,0.000100,0.158000,Signal Finished
108479.420448,10003,276b7930-8d85-4d8d-831a-550a61e9b89a,coordinator_0,worker_2,NET_TRANSFER,7.288698,583.245817,Distribute Layer ID: 4d9e7159
108479.477391,10003,276b7930-8d85-4d8d-831a-550a61e9b89a,worker_2,worker_2,DISK_LOAD,7.288698,0.056943,"Disk -> RAM [Model: 276b7930, Layer: 4d9e7159]"
108479.534334,10003,276b7930-8d85-4d8d-831a-550a61e9b89a,worker_2,worker_2,MEM_MOVE,7.288698,0.056943,"RAM -> VRAM [Model: 276b7930, Layer: 4d9e7159]"
108479.584334,10003,276b7930-8d85-4d8d-831a-550a61e9b89a,worker_2,worker_2,GPU_COMPUTE,0.050000,0.050000,GPU Compute
108479.742334,10003,276b7930-8d85-4d8d-831a-550a61e9b89a,worker_2,coordinator_0,NET_TRANSFER,0.000100,0.158000,Signal Finished
109559.151271,10003,276b7930-8d85-4d8d-831a-550a61e9b89a,coordinator_0,worker_3,NET_TRANSFER,13.490737,1079.408937,Distribute Layer ID: 6f205c1d
109559.256667,10003,276b7930-8d85-4d8d-831a-550a61e9b89a,worker_3,worker_3,DISK_LOAD,13.490737,0.105396,"Disk -> RAM [Model: 276b7930, Layer: 6f205c1d]"
109559.362063,10003,276b7930-8d85-4d8d-831a-550a61e9b89a,worker_3,worker_3,MEM_MOVE,13.490737,0.105396,"RAM -> VRAM [Model: 276b7930, Layer: 6f205c1d]"
109559.412063,10003,276b7930-8d85-4d8d-831a-550a61e9b89a,worker_3,worker_3,GPU_COMPUTE,0.050000,0.050000,GPU Compute
109559.570063,10003,276b7930-8d85-4d8d-831a-550a61e9b89a,worker_3,coordinator_0,NET_TRANSFER,0.000100,0.158000,Signal Finished
110603.814140,10003,276b7930-8d85-4d8d-831a-550a61e9b89a,coordinator_0,worker_4,NET_TRANSFER,13.051176,1044.244076,Distribute Layer ID: 207730b3
110603.916102,10003,276b7930-8d85-4d8d-831a-550a61e9b89a,worker_4,worker_4,DISK_LOAD,13.051176,0.101962,"Disk -> RAM [Model: 276b7930, Layer: 207730b3]"
110604.018064,10003,276b7930-8d85-4d8d-831a-550a61e9b89a,worker_4,worker_4,MEM_MOVE,13.051176,0.101962,"RAM -> VRAM [Model: 276b7930, Layer: 207730b3]"
110604.068064,10003,276b7930-8d85-4d8d-831a-550a61e9b89a,worker_4,worker_4,GPU_COMPUTE,0.050000,0.050000,GPU Compute
110604.226064,10003,276b7930-8d85-4d8d-831a-550a61e9b89a,worker_4,coordinator_0,NET_TRANSFER,0.000100,0.158000,Signal Finished
111041.578532,10003,276b7930-8d85-4d8d-831a-550a61e9b89a,coordinator_0,worker_1,NET_TRANSFER,5.465031,437.352467,Distribute Layer ID: 11d9ad91
111041.621227,10003,276b7930-8d85-4d8d-831a-550a61e9b89a,worker_1,worker_1,DISK_LOAD,5.465031,0.042696,"Disk -> RAM [Model: 276b7930, Layer: 11d9ad91]"
111041.663923,10003,276b7930-8d85-4d8d-831a-550a61e9b89a,worker_1,worker_1,MEM_MOVE,5.465031,0.042696,"RAM -> VRAM [Model: 276b7930, Layer: 11d9ad91]"
111041.713923,10003,276b7930-8d85-4d8d-831a-550a61e9b89a,worker_1,worker_1,GPU_COMPUTE,0.050000,0.050000,GPU Compute
111041.871923,10003,276b7930-8d85-4d8d-831a-550a61e9b89a,worker_1,coordinator_0,NET_TRANSFER,0.000100,0.158000,Signal Finished
111469.110968,10003,276b7930-8d85-4d8d-831a-550a61e9b89a,coordinator_0,worker_2,NET_TRANSFER,5.338613,427.239045,Distribute Layer ID: 209a0d62
111469.152676,10003,276b7930-8d85-4d8d-831a-550a61e9b89a,worker_2,worker_2,DISK_LOAD,5.338613,0.041708,"Disk -> RAM [Model: 276b7930, Layer: 209a0d62]"
111469.194384,10003,276b7930-8d85-4d8d-831a-550a61e9b89a,worker_2,worker_2,MEM_MOVE,5.338613,0.041708,"RAM -> VRAM [Model: 276b7930, Layer: 209a0d62]"
111469.244384,10003,276b7930-8d85-4d8d-831a-550a61e9b89a,worker_2,worker_2,GPU_COMPUTE,0.050000,0.050000,GPU Compute
111469.402384,10003,276b7930-8d85-4d8d-831a-550a61e9b89a,worker_2,coordinator_0,NET_TRANSFER,0.000100,0.158000,Signal Finished
112513.796620,10003,276b7930-8d85-4d8d-831a-550a61e9b89a,coordinator_0,worker_3,NET_TRANSFER,13.053053,1044.394236,Distribute Layer ID: 33d6521c
112513.898597,10003,276b7930-8d85-4d8d-831a-550a61e9b89a,worker_3,worker_3,DISK_LOAD,13.053053,0.101977,"Disk -> RAM [Model: 276b7930, Layer: 33d6521c]"
112514.000574,10003,276b7930-8d85-4d8d-831a-550a61e9b89a,worker_3,worker_3,MEM_MOVE,13.053053,0.101977,"RAM -> VRAM [Model: 276b7930, Layer: 33d6521c]"
112514.050574,10003,276b7930-8d85-4d8d-831a-550a61e9b89a,worker_3,worker_3,GPU_COMPUTE,0.050000,0.050000,GPU Compute
112514.208574,10003,276b7930-8d85-4d8d-831a-550a61e9b89a,worker_3,coordinator_0,NET_TRANSFER,0.000100,0.158000,Signal Finished
113011.712671,10003,276b7930-8d85-4d8d-831a-550a61e9b89a,coordinator_0,worker_4,NET_TRANSFER,6.216926,497.504097,Distribute Layer ID: 82607bf4
113011.761240,10003,276b7930-8d85-4d8d-831a-550a61e9b89a,worker_4,worker_4,DISK_LOAD,6.216926,0.048570,"Disk -> RAM [Model: 276b7930, Layer: 82607bf4]"
113011.809810,10003,276b7930-8d85-4d8d-831a-550a61e9b89a,worker_4,worker_4,MEM_MOVE,6.216926,0.048570,"RAM -> VRAM [Model: 276b7930, Layer: 82607bf4]"
113011.859810,10003,276b7930-8d85-4d8d-831a-550a61e9b89a,worker_4,worker_4,GPU_COMPUTE,0.050000,0.050000,GPU Compute
113012.017810,10003,276b7930-8d85-4d8d-831a-550a61e9b89a,worker_4,coordinator_0,NET_TRANSFER,0.000100,0.158000,Signal Finished
113788.270899,10003,276b7930-8d85-4d8d-831a-550a61e9b89a,coordinator_0,worker_1,NET_TRANSFER,9.701289,776.253089,Distribute Layer ID: a64659a7
113788.346691,10003,276b7930-8d85-4d8d-831a-550a61e9b89a,worker_1,worker_1,DISK_LOAD,9.701289,0.075791,"Disk -> RAM [Model: 276b7930, Layer: a64659a7]"
113788.422482,10003,276b7930-8d85-4d8d-831a-550a61e9b89a,worker_1,worker_1,MEM_MOVE,9.701289,0.075791,"RAM -> VRAM [Model: 276b7930, Layer: a64659a7]"
113788.472482,10003,276b7930-8d85-4d8d-831a-550a61e9b89a,worker_1,worker_1,GPU_COMPUTE,0.050000,0.050000,GPU Compute
113788.630482,10003,276b7930-8d85-4d8d-831a-550a61e9b89a,worker_1,coordinator_0,NET_TRANSFER,0.000100,0.158000,Signal Finished
114228.816526,10003,276b7930-8d85-4d8d-831a-550a61e9b89a,coordinator_0,worker_2,NET_TRANSFER,5.500451,440.186044,Distribute Layer ID: 5fc6b63e
114228.859498,10003,276b7930-8d85-4d8d-831a-550a61e9b89a,worker_2,worker_2,DISK_LOAD,5.500451,0.042972,"Disk -> RAM [Model: 276b7930, Layer: 5fc6b63e]"
114228.902471,10003,276b7930-8d85-4d8d-831a-550a61e9b89a,worker_2,worker_2,MEM_MOVE,5.500451,0.042972,"RAM -> VRAM [Model: 276b7930, Layer: 5fc6b63e]"
114228.952471,10003,276b7930-8d85-4d8d-831a-550a61e9b89a,worker_2,worker_2,GPU_COMPUTE,0.050000,0.050000,GPU Compute
114229.110471,10003,276b7930-8d85-4d8d-831a-550a61e9b89a,worker_2,coordinator_0,NET_TRANSFER,0.000100,0.158000,Signal Finished
114688.977973,10003,276b7930-8d85-4d8d-831a-550a61e9b89a,coordinator_0,worker_3,NET_TRANSFER,5.746469,459.867502,Distribute Layer ID: 860548a8
114689.022867,10003,276b7930-8d85-4d8d-831a-550a61e9b89a,worker_3,worker_3,DISK_LOAD,5.746469,0.044894,"Disk -> RAM [Model: 276b7930, Layer: 860548a8]"
114689.067761,10003,276b7930-8d85-4d8d-831a-550a61e9b89a,worker_3,worker_3,MEM_MOVE,5.746469,0.044894,"RAM -> VRAM [Model: 276b7930, Layer: 860548a8]"
114689.117761,10003,276b7930-8d85-4d8d-831a-550a61e9b89a,worker_3,worker_3,GPU_COMPUTE,0.050000,0.050000,GPU Compute
114689.275761,10003,276b7930-8d85-4d8d-831a-550a61e9b89a,worker_3,coordinator_0,NET_TRANSFER,0.000100,0.158000,Signal Finished
115738.576552,10003,276b7930-8d85-4d8d-831a-550a61e9b89a,coordinator_0,worker_4,NET_TRANSFER,13.114385,1049.300791,Distribute Layer ID: 70c56dd7
115738.679008,10003,276b7930-8d85-4d8d-831a-550a61e9b89a,worker_4,worker_4,DISK_LOAD,13.114385,0.102456,"Disk -> RAM [Model: 276b7930, Layer: 70c56dd7]"
115738.781465,10003,276b7930-8d85-4d8d-831a-550a61e9b89a,worker_4,worker_4,MEM_MOVE,13.114385,0.102456,"RAM -> VRAM [Model: 276b7930, Layer: 70c56dd7]"
115738.831465,10003,276b7930-8d85-4d8d-831a-550a61e9b89a,worker_4,worker_4,GPU_COMPUTE,0.050000,0.050000,GPU Compute
115738.989465,10003,276b7930-8d85-4d8d-831a-550a61e9b89a,worker_4,coordinator_0,NET_TRANSFER,0.000100,0.158000,Signal Finished
116382.972898,10003,276b7930-8d85-4d8d-831a-550a61e9b89a,coordinator_0,worker_1,NET_TRANSFER,8.047918,643.983433,Distribute Layer ID: 4d47a7f3
116383.035772,10003,276b7930-8d85-4d8d-831a-550a61e9b89a,worker_1,worker_1,DISK_LOAD,8.047918,0.062874,"Disk -> RAM [Model: 276b7930, Layer: 4d47a7f3]"
116383.098647,10003,276b7930-8d85-4d8d-831a-550a61e9b89a,worker_1,worker_1,MEM_MOVE,8.047918,0.062874,"RAM -> VRAM [Model: 276b7930, Layer: 4d47a7f3]"
116383.148647,10003,276b7930-8d85-4d8d-831a-550a61e9b89a,worker_1,worker_1,GPU_COMPUTE,0.050000,0.050000,GPU Compute
116383.306647,10003,276b7930-8d85-4d8d-831a-550a61e9b89a,worker_1,coordinator_0,NET_TRANSFER,0.000100,0.158000,Signal Finished
116901.136464,10003,276b7930-8d85-4d8d-831a-550a61e9b89a,coordinator_0,worker_2,NET_TRANSFER,6.470998,517.829817,Distribute Layer ID: a837a187
116901.187018,10003,276b7930-8d85-4d8d-831a-550a61e9b89a,worker_2,worker_2,DISK_LOAD,6.470998,0.050555,"Disk -> RAM [Model: 276b7930, Layer: a837a187]"
116901.237573,10003,276b7930-8d85-4d8d-831a-550a61e9b89a,worker_2,worker_2,MEM_MOVE,6.470998,0.050555,"RAM -> VRAM [Model: 276b7930, Layer: a837a187]"
116901.287573,10003,276b7930-8d85-4d8d-831a-550a61e9b89a,worker_2,worker_2,GPU_COMPUTE,0.050000,0.050000,GPU Compute
116901.445573,10003,276b7930-8d85-4d8d-831a-550a61e9b89a,worker_2,coordinator_0,NET_TRANSFER,0.000100,0.158000,Signal Finished
117406.809053,10003,276b7930-8d85-4d8d-831a-550a61e9b89a,coordinator_0,worker_3,NET_TRANSFER,6.315169,505.363480,Distribute Layer ID: 041b76c5
117406.858390,10003,276b7930-8d85-4d8d-831a-550a61e9b89a,worker_3,worker_3,DISK_LOAD,6.315169,0.049337,"Disk -> RAM [Model: 276b7930, Layer: 041b76c5]"
117406.907728,10003,276b7930-8d85-4d8d-831a-550a61e9b89a,worker_3,worker_3,MEM_MOVE,6.315169,0.049337,"RAM -> VRAM [Model: 276b7930, Layer: 041b76c5]"
117406.957728,10003,276b7930-8d85-4d8d-831a-550a61e9b89a,worker_3,worker_3,GPU_COMPUTE,0.050000,0.050000,GPU Compute
117407.115728,10003,276b7930-8d85-4d8d-831a-550a61e9b89a,worker_3,coordinator_0,NET_TRANSFER,0.000100,0.158000,Signal Finished
117941.927190,10003,276b7930-8d85-4d8d-831a-550a61e9b89a,coordinator_0,worker_4,NET_TRANSFER,6.683268,534.811463,Distribute Layer ID: 286d89dc
117941.979403,10003,276b7930-8d85-4d8d-831a-550a61e9b89a,worker_4,worker_4,DISK_LOAD,6.683268,0.052213,"Disk -> RAM [Model: 276b7930, Layer: 286d89dc]"
117942.031616,10003,276b7930-8d85-4d8d-831a-550a61e9b89a,worker_4,worker_4,MEM_MOVE,6.683268,0.052213,"RAM -> VRAM [Model: 276b7930, Layer: 286d89dc]"
117942.081616,10003,276b7930-8d85-4d8d-831a-550a61e9b89a,worker_4,worker_4,GPU_COMPUTE,0.050000,0.050000,GPU Compute
117942.239616,10003,276b7930-8d85-4d8d-831a-550a61e9b89a,worker_4,coordinator_0,NET_TRANSFER,0.000100,0.158000,Signal Finished
118717.989083,10003,276b7930-8d85-4d8d-831a-550a61e9b89a,coordinator_0,worker_1,NET_TRANSFER,9.694993,775.749467,Distribute Layer ID: 66492740
118718.064825,10003,276b7930-8d85-4d8d-831a-550a61e9b89a,worker_1,worker_1,DISK_LOAD,9.694993,0.075742,"Disk -> RAM [Model: 276b7930, Layer: 66492740]"
118718.140567,10003,276b7930-8d85-4d8d-831a-550a61e9b89a,worker_1,worker_1,MEM_MOVE,9.694993,0.075742,"RAM -> VRAM [Model: 276b7930, Layer: 66492740]"
118718.190567,10003,276b7930-8d85-4d8d-831a-550a61e9b89a,worker_1,worker_1,GPU_COMPUTE,0.050000,0.050000,GPU Compute
118718.348567,10003,276b7930-8d85-4d8d-831a-550a61e9b89a,worker_1,coordinator_0,NET_TRANSFER,0.000100,0.158000,Signal Finished
119728.605087,10003,276b7930-8d85-4d8d-831a-550a61e9b89a,coordinator_0,worker_2,NET_TRANSFER,12.626331,1010.256520,Distribute Layer ID: 08ffb0a6
119728.703730,10003,276b7930-8d85-4d8d-831a-550a61e9b89a,worker_2,worker_2,DISK_LOAD,12.626331,0.098643,"Disk -> RAM [Model: 276b7930, Layer: 08ffb0a6]"
119728.802373,10003,276b7930-8d85-4d8d-831a-550a61e9b89a,worker_2,worker_2,MEM_MOVE,12.626331,0.098643,"RAM -> VRAM [Model: 276b7930, Layer: 08ffb0a6]"
119728.852373,10003,276b7930-8d85-4d8d-831a-550a61e9b89a,worker_2,worker_2,GPU_COMPUTE,0.050000,0.050000,GPU Compute
119729.010373,10003,276b7930-8d85-4d8d-831a-550a61e9b89a,worker_2,coordinator_0,NET_TRANSFER,0.000100,0.158000,Signal Finished
120205.743030,10003,276b7930-8d85-4d8d-831a-550a61e9b89a,coordinator_0,worker_3,NET_TRANSFER,5.957283,476.732657,Distribute Layer ID: 028b83f3
120205.789571,10003,276b7930-8d85-4d8d-831a-550a61e9b89a,worker_3,worker_3,DISK_LOAD,5.957283,0.046541,"Disk -> RAM [Model: 276b7930, Layer: 028b83f3]"
120205.836112,10003,276b7930-8d85-4d8d-831a-550a61e9b89a,worker_3,worker_3,MEM_MOVE,5.957283,0.046541,"RAM -> VRAM [Model: 276b7930, Layer: 028b83f3]"
120205.886112,10003,276b7930-8d85-4d8d-831a-550a61e9b89a,worker_3,worker_3,GPU_COMPUTE,0.050000,0.050000,GPU Compute
120206.044112,10003,276b7930-8d85-4d8d-831a-550a61e9b89a,worker_3,coordinator_0,NET_TRANSFER,0.000100,0.158000,Signal Finished
120590.491141,10003,276b7930-8d85-4d8d-831a-550a61e9b89a,coordinator_0,worker_4,NET_TRANSFER,4.803713,384.447029,Distribute Layer ID: ecea0c97
120590.528670,10003,276b7930-8d85-4d8d-831a-550a61e9b89a,worker_4,worker_4,DISK_LOAD,4.803713,0.037529,"Disk -> RAM [Model: 276b7930, Layer: ecea0c97]"
120590.566199,10003,276b7930-8d85-4d8d-831a-550a61e9b89a,worker_4,worker_4,MEM_MOVE,4.803713,0.037529,"RAM -> VRAM [Model: 276b7930, Layer: ecea0c97]"
120590.616199,10003,276b7930-8d85-4d8d-831a-550a61e9b89a,worker_4,worker_4,GPU_COMPUTE,0.050000,0.050000,GPU Compute
120590.774199,10003,276b7930-8d85-4d8d-831a-550a61e9b89a,worker_4,coordinator_0,NET_TRANSFER,0.000100,0.158000,Signal Finished
121076.341291,10003,276b7930-8d85-4d8d-831a-550a61e9b89a,coordinator_0,worker_1,NET_TRANSFER,6.067714,485.567092,Distribute Layer ID: 51e33ae2
121076.388695,10003,276b7930-8d85-4d8d-831a-550a61e9b89a,worker_1,worker_1,DISK_LOAD,6.067714,0.047404,"Disk -> RAM [Model: 276b7930, Layer: 51e33ae2]"
121076.436099,10003,276b7930-8d85-4d8d-831a-550a61e9b89a,worker_1,worker_1,MEM_MOVE,6.067714,0.047404,"RAM -> VRAM [Model: 276b7930, Layer: 51e33ae2]"
121076.486099,10003,276b7930-8d85-4d8d-831a-550a61e9b89a,worker_1,worker_1,GPU_COMPUTE,0.050000,0.050000,GPU Compute
121076.644099,10003,276b7930-8d85-4d8d-831a-550a61e9b89a,worker_1,coordinator_0,NET_TRANSFER,0.000100,0.158000,Signal Finished
121807.878116,10003,276b7930-8d85-4d8d-831a-550a61e9b89a,coordinator_0,worker_2,NET_TRANSFER,9.138550,731.234017,Distribute Layer ID: 3457f03f
121807.949511,10003,276b7930-8d85-4d8d-831a-550a61e9b89a,worker_2,worker_2,DISK_LOAD,9.138550,0.071395,"Disk -> RAM [Model: 276b7930, Layer: 3457f03f]"
121808.020906,10003,276b7930-8d85-4d8d-831a-550a61e9b89a,worker_2,worker_2,MEM_MOVE,9.138550,0.071395,"RAM -> VRAM [Model: 276b7930, Layer: 3457f03f]"
121808.070906,10003,276b7930-8d85-4d8d-831a-550a61e9b89a,worker_2,worker_2,GPU_COMPUTE,0.050000,0.050000,GPU Compute
121808.228906,10003,276b7930-8d85-4d8d-831a-550a61e9b89a,worker_2,coordinator_0,NET_TRANSFER,0.000100,0.158000,Signal Finished
122999.409414,10003,276b7930-8d85-4d8d-831a-550a61e9b89a,coordinator_0,worker_3,NET_TRANSFER,14.887881,1191.180508,Distribute Layer ID: 69cb0cff
122999.525726,10003,276b7930-8d85-4d8d-831a-550a61e9b89a,worker_3,worker_3,DISK_LOAD,14.887881,0.116312,"Disk -> RAM [Model: 276b7930, Layer: 69cb0cff]"
122999.642037,10003,276b7930-8d85-4d8d-831a-550a61e9b89a,worker_3,worker_3,MEM_MOVE,14.887881,0.116312,"RAM -> VRAM [Model: 276b7930, Layer: 69cb0cff]"
122999.692037,10003,276b7930-8d85-4d8d-831a-550a61e9b89a,worker_3,worker_3,GPU_COMPUTE,0.050000,0.050000,GPU Compute
122999.850037,10003,276b7930-8d85-4d8d-831a-550a61e9b89a,worker_3,coordinator_0,NET_TRANSFER,0.000100,0.158000,Signal Finished
123549.438797,10003,276b7930-8d85-4d8d-831a-550a61e9b89a,coordinator_0,worker_4,NET_TRANSFER,6.867985,549.588760,Distribute Layer ID: d52834cb
123549.492453,10003,276b7930-8d85-4d8d-831a-550a61e9b89a,worker_4,worker_4,DISK_LOAD,6.867985,0.053656,"Disk -> RAM [Model: 276b7930, Layer: d52834cb]"
123549.546110,10003,276b7930-8d85-4d8d-831a-550a61e9b89a,worker_4,worker_4,MEM_MOVE,6.867985,0.053656,"RAM -> VRAM [Model: 276b7930, Layer: d52834cb]"
123549.596110,10003,276b7930-8d85-4d8d-831a-550a61e9b89a,worker_4,worker_4,GPU_COMPUTE,0.050000,0.050000,GPU Compute
123549.754110,10003,276b7930-8d85-4d8d-831a-550a61e9b89a,worker_4,coordinator_0,NET_TRANSFER,0.000100,0.158000,Signal Finished
124418.346335,10003,276b7930-8d85-4d8d-831a-550a61e9b89a,coordinator_0,worker_1,NET_TRANSFER,10.855528,868.592225,Distribute Layer ID: 707d3c7b
124418.431144,10003,276b7930-8d85-4d8d-831a-550a61e9b89a,worker_1,worker_1,DISK_LOAD,10.855528,0.084809,"Disk -> RAM [Model: 276b7930, Layer: 707d3c7b]"
124418.515953,10003,276b7930-8d85-4d8d-831a-550a61e9b89a,worker_1,worker_1,MEM_MOVE,10.855528,0.084809,"RAM -> VRAM [Model: 276b7930, Layer: 707d3c7b]"
124418.565953,10003,276b7930-8d85-4d8d-831a-550a61e9b89a,worker_1,worker_1,GPU_COMPUTE,0.050000,0.050000,GPU Compute
124418.723953,10003,276b7930-8d85-4d8d-831a-550a61e9b89a,worker_1,coordinator_0,NET_TRANSFER,0.000100,0.158000,Signal Finished
125322.505503,10003,276b7930-8d85-4d8d-831a-550a61e9b89a,coordinator_0,worker_2,NET_TRANSFER,11.295394,903.781550,Distribute Layer ID: f3718423
125322.593748,10003,276b7930-8d85-4d8d-831a-550a61e9b89a,worker_2,worker_2,DISK_LOAD,11.295394,0.088245,"Disk -> RAM [Model: 276b7930, Layer: f3718423]"
125322.681994,10003,276b7930-8d85-4d8d-831a-550a61e9b89a,worker_2,worker_2,MEM_MOVE,11.295394,0.088245,"RAM -> VRAM [Model: 276b7930, Layer: f3718423]"
125322.731994,10003,276b7930-8d85-4d8d-831a-550a61e9b89a,worker_2,worker_2,GPU_COMPUTE,0.050000,0.050000,GPU Compute
125322.889994,10003,276b7930-8d85-4d8d-831a-550a61e9b89a,worker_2,coordinator_0,NET_TRANSFER,0.000100,0.158000,Signal Finished
126390.822216,10003,276b7930-8d85-4d8d-831a-550a61e9b89a,coordinator_0,worker_3,NET_TRANSFER,13.347278,1067.932223,Distribute Layer ID: f45a3728
126390.926492,10003,276b7930-8d85-4d8d-831a-550a61e9b89a,worker_3,worker_3,DISK_LOAD,13.347278,0.104276,"Disk -> RAM [Model: 276b7930, Layer: f45a3728]"
126391.030768,10003,276b7930-8d85-4d8d-831a-550a61e9b89a,worker_3,worker_3,MEM_MOVE,13.347278,0.104276,"RAM -> VRAM [Model: 276b7930, Layer: f45a3728]"
126391.080768,10003,276b7930-8d85-4d8d-831a-550a61e9b89a,worker_3,worker_3,GPU_COMPUTE,0.050000,0.050000,GPU Compute
126391.238768,10003,276b7930-8d85-4d8d-831a-550a61e9b89a,worker_3,coordinator_0,NET_TRANSFER,0.000100,0.158000,Signal Finished
127521.321850,10003,276b7930-8d85-4d8d-831a-550a61e9b89a,coordinator_0,worker_4,NET_TRANSFER,14.124164,1130.083082,Distribute Layer ID: a5f9c193
127521.432195,10003,276b7930-8d85-4d8d-831a-550a61e9b89a,worker_4,worker_4,DISK_LOAD,14.124164,0.110345,"Disk -> RAM [Model: 276b7930, Layer: a5f9c193]"
127521.542540,10003,276b7930-8d85-4d8d-831a-550a61e9b89a,worker_4,worker_4,MEM_MOVE,14.124164,0.110345,"RAM -> VRAM [Model: 276b7930, Layer: a5f9c193]"
127521.592540,10003,276b7930-8d85-4d8d-831a-550a61e9b89a,worker_4,worker_4,GPU_COMPUTE,0.050000,0.050000,GPU Compute
127521.750540,10003,276b7930-8d85-4d8d-831a-550a61e9b89a,worker_4,coordinator_0,NET_TRANSFER,0.000100,0.158000,Signal Finished
128019.825666,10003,276b7930-8d85-4d8d-831a-550a61e9b89a,coordinator_0,worker_1,NET_TRANSFER,6.224064,498.075126,Distribute Layer ID: 9e85d48c
128019.874292,10003,276b7930-8d85-4d8d-831a-550a61e9b89a,worker_1,worker_1,DISK_LOAD,6.224064,0.048626,"Disk -> RAM [Model: 276b7930, Layer: 9e85d48c]"
128019.922917,10003,276b7930-8d85-4d8d-831a-550a61e9b89a,worker_1,worker_1,MEM_MOVE,6.224064,0.048626,"RAM -> VRAM [Model: 276b7930, Layer: 9e85d48c]"
128019.972917,10003,276b7930-8d85-4d8d-831a-550a61e9b89a,worker_1,worker_1,GPU_COMPUTE,0.050000,0.050000,GPU Compute
128020.130917,10003,276b7930-8d85-4d8d-831a-550a61e9b89a,worker_1,coordinator_0,NET_TRANSFER,0.000100,0.158000,Signal Finished
128866.841948,10003,276b7930-8d85-4d8d-831a-550a61e9b89a,coordinator_0,worker_2,NET_TRANSFER,10.582013,846.711031,Distribute Layer ID: 105a6cc0
128866.924620,10003,276b7930-8d85-4d8d-831a-550a61e9b89a,worker_2,worker_2,DISK_LOAD,10.582013,0.082672,"Disk -> RAM [Model: 276b7930, Layer: 105a6cc0]"
128867.007292,10003,276b7930-8d85-4d8d-831a-550a61e9b89a,worker_2,worker_2,MEM_MOVE,10.582013,0.082672,"RAM -> VRAM [Model: 276b7930, Layer: 105a6cc0]"
128867.057292,10003,276b7930-8d85-4d8d-831a-550a61e9b89a,worker_2,worker_2,GPU_COMPUTE,0.050000,0.050000,GPU Compute
128867.215292,10003,276b7930-8d85-4d8d-831a-550a61e9b89a,worker_2,coordinator_0,NET_TRANSFER,0.000100,0.158000,Signal Finished
129384.673771,10003,276b7930-8d85-4d8d-831a-550a61e9b89a,coordinator_0,worker_3,NET_TRANSFER,6.466356,517.458479,Distribute Layer ID: 8d08b67c
129384.724289,10003,276b7930-8d85-4d8d-831a-550a61e9b89a,worker_3,worker_3,DISK_LOAD,6.466356,0.050518,"Disk -> RAM [Model: 276b7930, Layer: 8d08b67c]"
129384.774807,10003,276b7930-8d85-4d8d-831a-550a61e9b89a,worker_3,worker_3,MEM_MOVE,6.466356,0.050518,"RAM -> VRAM [Model: 276b7930, Layer: 8d08b67c]"
129384.824807,10003,276b7930-8d85-4d8d-831a-550a61e9b89a,worker_3,worker_3,GPU_COMPUTE,0.050000,0.050000,GPU Compute
129384.982807,10003,276b7930-8d85-4d8d-831a-550a61e9b89a,worker_3,coordinator_0,NET_TRANSFER,0.000100,0.158000,Signal Finished
130340.905096,10003,276b7930-8d85-4d8d-831a-550a61e9b89a,coordinator_0,worker_4,NET_TRANSFER,11.947154,955.922289,Distribute Layer ID: 35ce6f0b
130340.998433,10003,276b7930-8d85-4d8d-831a-550a61e9b89a,worker_4,worker_4,DISK_LOAD,11.947154,0.093337,"Disk -> RAM [Model: 276b7930, Layer: 35ce6f0b]"
130341.091770,10003,276b7930-8d85-4d8d-831a-550a61e9b89a,worker_4,worker_4,MEM_MOVE,11.947154,0.093337,"RAM -> VRAM [Model: 276b7930, Layer: 35ce6f0b]"
130341.141770,10003,276b7930-8d85-4d8d-831a-550a61e9b89a,worker_4,worker_4,GPU_COMPUTE,0.050000,0.050000,GPU Compute
130341.299770,10003,276b7930-8d85-4d8d-831a-550a61e9b89a,worker_4,coordinator_0,NET_TRANSFER,0.000100,0.158000,Signal Finished
131374.336744,10003,276b7930-8d85-4d8d-831a-550a61e9b89a,coordinator_0,worker_1,NET_TRANSFER,12.911087,1033.036974,Distribute Layer ID: 3d93892f
131374.437612,10003,276b7930-8d85-4d8d-831a-550a61e9b89a,worker_1,worker_1,DISK_LOAD,12.911087,0.100868,"Disk -> RAM [Model: 276b7930, Layer: 3d93892f]"
131374.538480,10003,276b7930-8d85-4d8d-831a-550a61e9b89a,worker_1,worker_1,MEM_MOVE,12.911087,0.100868,"RAM -> VRAM [Model: 276b7930, Layer: 3d93892f]"
131374.588480,10003,276b7930-8d85-4d8d-831a-550a61e9b89a,worker_1,worker_1,GPU_COMPUTE,0.050000,0.050000,GPU Compute
131374.746480,10003,276b7930-8d85-4d8d-831a-550a61e9b89a,worker_1,coordinator_0,NET_TRANSFER,0.000100,0.158000,Signal Finished
132307.723365,10003,276b7930-8d85-4d8d-831a-550a61e9b89a,coordinator_0,worker_2,NET_TRANSFER,11.660336,932.976885,Distribute Layer ID: f6c9528e
132307.814462,10003,276b7930-8d85-4d8d-831a-550a61e9b89a,worker_2,worker_2,DISK_LOAD,11.660336,0.091096,"Disk -> RAM [Model: 276b7930, Layer: f6c9528e]"
132307.905558,10003,276b7930-8d85-4d8d-831a-550a61e9b89a,worker_2,worker_2,MEM_MOVE,11.660336,0.091096,"RAM -> VRAM [Model: 276b7930, Layer: f6c9528e]"
132307.955558,10003,276b7930-8d85-4d8d-831a-550a61e9b89a,worker_2,worker_2,GPU_COMPUTE,0.050000,0.050000,GPU Compute
132308.113558,10003,276b7930-8d85-4d8d-831a-550a61e9b89a,worker_2,coordinator_0,NET_TRANSFER,0.000100,0.158000,Signal Finished
133001.356624,10003,276b7930-8d85-4d8d-831a-550a61e9b89a,coordinator_0,worker_3,NET_TRANSFER,8.663663,693.243066,Distribute Layer ID: dbfc140c
133001.424309,10003,276b7930-8d85-4d8d-831a-550a61e9b89a,worker_3,worker_3,DISK_LOAD,8.663663,0.067685,"Disk -> RAM [Model: 276b7930, Layer: dbfc140c]"
133001.491994,10003,276b7930-8d85-4d8d-831a-550a61e9b89a,worker_3,worker_3,MEM_MOVE,8.663663,0.067685,"RAM -> VRAM [Model: 276b7930, Layer: dbfc140c]"
133001.541994,10003,276b7930-8d85-4d8d-831a-550a61e9b89a,worker_3,worker_3,GPU_COMPUTE,0.050000,0.050000,GPU Compute
133001.699994,10003,276b7930-8d85-4d8d-831a-550a61e9b89a,worker_3,coordinator_0,NET_TRANSFER,0.000100,0.158000,Signal Finished
133963.366626,10003,276b7930-8d85-4d8d-831a-550a61e9b89a,coordinator_0,worker_4,NET_TRANSFER,12.018958,961.666632,Distribute Layer ID: caf80025
133963.460524,10003,276b7930-8d85-4d8d-831a-550a61e9b89a,worker_4,worker_4,DISK_LOAD,12.018958,0.093898,"Disk -> RAM [Model: 276b7930, Layer: caf80025]"
133963.554423,10003,276b7930-8d85-4d8d-831a-550a61e9b89a,worker_4,worker_4,MEM_MOVE,12.018958,0.093898,"RAM -> VRAM [Model: 276b7930, Layer: caf80025]"
133963.604423,10003,276b7930-8d85-4d8d-831a-550a61e9b89a,worker_4,worker_4,GPU_COMPUTE,0.050000,0.050000,GPU Compute
133963.762423,10003,276b7930-8d85-4d8d-831a-550a61e9b89a,worker_4,coordinator_0,NET_TRANSFER,0.000100,0.158000,Signal Finished
135064.997035,10003,276b7930-8d85-4d8d-831a-550a61e9b89a,coordinator_0,worker_1,NET_TRANSFER,13.763558,1101.234613,Distribute Layer ID: d77a8988
135065.104563,10003,276b7930-8d85-4d8d-831a-550a61e9b89a,worker_1,worker_1,DISK_LOAD,13.763558,0.107528,"Disk -> RAM [Model: 276b7930, Layer: d77a8988]"
135065.212091,10003,276b7930-8d85-4d8d-831a-550a61e9b89a,worker_1,worker_1,MEM_MOVE,13.763558,0.107528,"RAM -> VRAM [Model: 276b7930, Layer: d77a8988]"
135065.262091,10003,276b7930-8d85-4d8d-831a-550a61e9b89a,worker_1,worker_1,GPU_COMPUTE,0.050000,0.050000,GPU Compute
135065.420091,10003,276b7930-8d85-4d8d-831a-550a61e9b89a,worker_1,coordinator_0,NET_TRANSFER,0.000100,0.158000,Signal Finished
135065.578091,10006,54823d08-e716-4596-a30b-e1715ddec66b,client_10,coordinator_0,NET_TRANSFER,0.000100,0.158000,Request Model ID
135065.736091,1000,fdf7e25e-50d7-4d28-87e4-0a3e9f225f6d,client_1,coordinator_0,NET_TRANSFER,0.000100,0.158000,Request Model ID
135065.894091,2000,47382e1b-f8df-4680-9213-8a3a71fc2161,client_2,coordinator_0,NET_TRANSFER,0.000100,0.158000,Request Model ID
135066.052091,3000,0e97554b-58a8-431f-a6d1-c77d137c3daf,client_3,coordinator_0,NET_TRANSFER,0.000100,0.158000,Request Model ID
135066.210091,10000,976f3265-7d85-4f67-af21-3cf1ba6419c0,client_10,coordinator_0,NET_TRANSFER,0.000100,0.158000,Request Model ID
136035.612129,10003,276b7930-8d85-4d8d-831a-550a61e9b89a,coordinator_0,worker_2,NET_TRANSFER,12.115650,969.402039,Distribute Layer ID: 186cbb06
136035.706783,10003,276b7930-8d85-4d8d-831a-550a61e9b89a,worker_2,worker_2,DISK_LOAD,12.115650,0.094654,"Disk -> RAM [Model: 276b7930, Layer: 186cbb06]"
136035.801437,10003,276b7930-8d85-4d8d-831a-550a61e9b89a,worker_2,worker_2,MEM_MOVE,12.115650,0.094654,"RAM -> VRAM [Model: 276b7930, Layer: 186cbb06]"
136035.851437,10003,276b7930-8d85-4d8d-831a-550a61e9b89a,worker_2,worker_2,GPU_COMPUTE,0.050000,0.050000,GPU Compute
136036.009437,10003,276b7930-8d85-4d8d-831a-550a61e9b89a,worker_2,coordinator_0,NET_TRANSFER,0.000100,0.158000,Signal Finished
136637.981079,10003,276b7930-8d85-4d8d-831a-550a61e9b89a,coordinator_0,worker_3,NET_TRANSFER,7.522771,601.971642,Distribute Layer ID: d39fa2f1
136638.039850,10003,276b7930-8d85-4d8d-831a-550a61e9b89a,worker_3,worker_3,DISK_LOAD,7.522771,0.058772,"Disk -> RAM [Model: 276b7930, Layer: d39fa2f1]"
136638.098622,10003,276b7930-8d85-4d8d-831a-550a61e9b89a,worker_3,worker_3,MEM_MOVE,7.522771,0.058772,"RAM -> VRAM [Model: 276b7930, Layer: d39fa2f1]"
136638.148622,10003,276b7930-8d85-4d8d-831a-550a61e9b89a,worker_3,worker_3,GPU_COMPUTE,0.050000,0.050000,GPU Compute
136638.306622,10003,276b7930-8d85-4d8d-831a-550a61e9b89a,worker_3,coordinator_0,NET_TRANSFER,0.000100,0.158000,Signal Finished
168332.036257,10000,976f3265-7d85-4f67-af21-3cf1ba6419c0,client_10,coordinator_0,NET_TRANSFER,396.169745,31693.729635,Upload Model Weights
168905.971768,10000,976f3265-7d85-4f67-af21-3cf1ba6419c0,coordinator_0,worker_4,NET_TRANSFER,7.172319,573.935511,Distribute Layer ID: d9ee401f
168906.027802,10000,976f3265-7d85-4f67-af21-3cf1ba6419c0,worker_4,worker_4,DISK_LOAD,7.172319,0.056034,"Disk -> RAM [Model: 976f3265, Layer: d9ee401f]"
168906.083836,10000,976f3265-7d85-4f67-af21-3cf1ba6419c0,worker_4,worker_4,MEM_MOVE,7.172319,0.056034,"RAM -> VRAM [Model: 976f3265, Layer: d9ee401f]"
168906.133836,10000,976f3265-7d85-4f67-af21-3cf1ba6419c0,worker_4,worker_4,GPU_COMPUTE,0.050000,0.050000,GPU Compute
168906.291836,10000,976f3265-7d85-4f67-af21-3cf1ba6419c0,worker_4,coordinator_0,NET_TRANSFER,0.000100,0.158000,Signal Finished
169561.648145,10000,976f3265-7d85-4f67-af21-3cf1ba6419c0,coordinator_0,worker_1,NET_TRANSFER,8.190079,655.356309,Distribute Layer ID: 62182404
169561.712130,10000,976f3265-7d85-4f67-af21-3cf1ba6419c0,worker_1,worker_1,DISK_LOAD,8.190079,0.063985,"Disk -> RAM [Model: 976f3265, Layer: 62182404]"
169561.776115,10000,976f3265-7d85-4f67-af21-3cf1ba6419c0,worker_1,worker_1,MEM_MOVE,8.190079,0.063985,"RAM -> VRAM [Model: 976f3265, Layer: 62182404]"
169561.826115,10000,976f3265-7d85-4f67-af21-3cf1ba6419c0,worker_1,worker_1,GPU_COMPUTE,0.050000,0.050000,GPU Compute
169561.984115,10000,976f3265-7d85-4f67-af21-3cf1ba6419c0,worker_1,coordinator_0,NET_TRANSFER,0.000100,0.158000,Signal Finished
170391.342971,10000,976f3265-7d85-4f67-af21-3cf1ba6419c0,coordinator_0,worker_2,NET_TRANSFER,10.365111,829.358856,Distribute Layer ID: 2b7f68e5
170391.423948,10000,976f3265-7d85-4f67-af21-3cf1ba6419c0,worker_2,worker_2,DISK_LOAD,10.365111,0.080977,"Disk -> RAM [Model: 976f3265, Layer: 2b7f68e5]"
170391.504925,10000,976f3265-7d85-4f67-af21-3cf1ba6419c0,worker_2,worker_2,MEM_MOVE,10.365111,0.080977,"RAM -> VRAM [Model: 976f3265, Layer: 2b7f68e5]"
170391.554925,10000,976f3265-7d85-4f67-af21-3cf1ba6419c0,worker_2,worker_2,GPU_COMPUTE,0.050000,0.050000,GPU Compute
170391.712925,10000,976f3265-7d85-4f67-af21-3cf1ba6419c0,worker_2,coordinator_0,NET_TRANSFER,0.000100,0.158000,Signal Finished
171292.645567,10000,976f3265-7d85-4f67-af21-3cf1ba6419c0,coordinator_0,worker_3,NET_TRANSFER,11.259783,900.932642,Distribute Layer ID: 578f2403
171292.733534,10000,976f3265-7d85-4f67-af21-3cf1ba6419c0,worker_3,worker_3,DISK_LOAD,11.259783,0.087967,"Disk -> RAM [Model: 976f3265, Layer: 578f2403]"
171292.821501,10000,976f3265-7d85-4f67-af21-3cf1ba6419c0,worker_3,worker_3,MEM_MOVE,11.259783,0.087967,"RAM -> VRAM [Model: 976f3265, Layer: 578f2403]"
171292.871501,10000,976f3265-7d85-4f67-af21-3cf1ba6419c0,worker_3,worker_3,GPU_COMPUTE,0.050000,0.050000,GPU Compute
171293.029501,10000,976f3265-7d85-4f67-af21-3cf1ba6419c0,worker_3,coordinator_0,NET_TRANSFER,0.000100,0.158000,Signal Finished
171702.653771,10000,976f3265-7d85-4f67-af21-3cf1ba6419c0,coordinator_0,worker_4,NET_TRANSFER,5.118428,409.624269,Distribute Layer ID: 122ff14a
171702.693758,10000,976f3265-7d85-4f67-af21-3cf1ba6419c0,worker_4,worker_4,DISK_LOAD,5.118428,0.039988,"Disk -> RAM [Model: 976f3265, Layer: 122ff14a]"
171702.733746,10000,976f3265-7d85-4f67-af21-3cf1ba6419c0,worker_4,worker_4,MEM_MOVE,5.118428,0.039988,"RAM -> VRAM [Model: 976f3265, Layer: 122ff14a]"
171702.783746,10000,976f3265-7d85-4f67-af21-3cf1ba6419c0,worker_4,worker_4,GPU_COMPUTE,0.050000,0.050000,GPU Compute
171702.941746,10000,976f3265-7d85-4f67-af21-3cf1ba6419c0,worker_4,coordinator_0,NET_TRANSFER,0.000100,0.158000,Signal Finished
172633.980613,10000,976f3265-7d85-4f67-af21-3cf1ba6419c0,coordinator_0,worker_1,NET_TRANSFER,11.636111,931.038867,Distribute Layer ID: a39ecc9c
172634.071521,10000,976f3265-7d85-4f67-af21-3cf1ba6419c0,worker_1,worker_1,DISK_LOAD,11.636111,0.090907,"Disk -> RAM [Model: 976f3265, Layer: a39ecc9c]"
172634.162428,10000,976f3265-7d85-4f67-af21-3cf1ba6419c0,worker_1,worker_1,MEM_MOVE,11.636111,0.090907,"RAM -> VRAM [Model: 976f3265, Layer: a39ecc9c]"
172634.212428,10000,976f3265-7d85-4f67-af21-3cf1ba6419c0,worker_1,worker_1,GPU_COMPUTE,0.050000,0.050000,GPU Compute
172634.370428,10000,976f3265-7d85-4f67-af21-3cf1ba6419c0,worker_1,coordinator_0,NET_TRANSFER,0.000100,0.158000,Signal Finished
173655.728956,10000,976f3265-7d85-4f67-af21-3cf1ba6419c0,coordinator_0,worker_2,NET_TRANSFER,12.765107,1021.358528,Distribute Layer ID: 6f385f58
173655.828683,10000,976f3265-7d85-4f67-af21-3cf1ba6419c0,worker_2,worker_2,DISK_LOAD,12.765107,0.099727,"Disk -> RAM [Model: 976f3265, Layer: 6f385f58]"
173655.928411,10000,976f3265-7d85-4f67-af21-3cf1ba6419c0,worker_2,worker_2,MEM_MOVE,12.765107,0.099727,"RAM -> VRAM [Model: 976f3265, Layer: 6f385f58]"
173655.978411,10000,976f3265-7d85-4f67-af21-3cf1ba6419c0,worker_2,worker_2,GPU_COMPUTE,0.050000,0.050000,GPU Compute
173656.136411,10000,976f3265-7d85-4f67-af21-3cf1ba6419c0,worker_2,coordinator_0,NET_TRANSFER,0.000100,0.158000,Signal Finished
174515.355324,10000,976f3265-7d85-4f67-af21-3cf1ba6419c0,coordinator_0,worker_3,NET_TRANSFER,10.738361,859.218914,Distribute Layer ID: 77aa0f9b
174515.439218,10000,976f3265-7d85-4f67-af21-3cf1ba6419c0,worker_3,worker_3,DISK_LOAD,10.738361,0.083893,"Disk -> RAM [Model: 976f3265, Layer: 77aa0f9b]"
174515.523111,10000,976f3265-7d85-4f67-af21-3cf1ba6419c0,worker_3,worker_3,MEM_MOVE,10.738361,0.083893,"RAM -> VRAM [Model: 976f3265, Layer: 77aa0f9b]"
174515.573111,10000,976f3265-7d85-4f67-af21-3cf1ba6419c0,worker_3,worker_3,GPU_COMPUTE,0.050000,0.050000,GPU Compute
174515.731111,10000,976f3265-7d85-4f67-af21-3cf1ba6419c0,worker_3,coordinator_0,NET_TRANSFER,0.000100,0.158000,Signal Finished
175589.863472,10000,976f3265-7d85-4f67-af21-3cf1ba6419c0,coordinator_0,worker_4,NET_TRANSFER,13.424780,1074.132361,Distribute Layer ID: b8560b0a
175589.968353,10000,976f3265-7d85-4f67-af21-3cf1ba6419c0,worker_4,worker_4,DISK_LOAD,13.424780,0.104881,"Disk -> RAM [Model: 976f3265, Layer: b8560b0a]"
175590.073234,10000,976f3265-7d85-4f67-af21-3cf1ba6419c0,worker_4,worker_4,MEM_MOVE,13.424780,0.104881,"RAM -> VRAM [Model: 976f3265, Layer: b8560b0a]"
175590.123234,10000,976f3265-7d85-4f67-af21-3cf1ba6419c0,worker_4,worker_4,GPU_COMPUTE,0.050000,0.050000,GPU Compute
175590.281234,10000,976f3265-7d85-4f67-af21-3cf1ba6419c0,worker_4,coordinator_0,NET_TRANSFER,0.000100,0.158000,Signal Finished
176483.743512,10000,976f3265-7d85-4f67-af21-3cf1ba6419c0,coordinator_0,worker_1,NET_TRANSFER,11.166403,893.462278,Distribute Layer ID: e07a16a0
176483.830750,10000,976f3265-7d85-4f67-af21-3cf1ba6419c0,worker_1,worker_1,DISK_LOAD,11.166403,0.087238,"Disk -> RAM [Model: 976f3265, Layer: e07a16a0]"
176483.917987,10000,976f3265-7d85-4f67-af21-3cf1ba6419c0,worker_1,worker_1,MEM_MOVE,11.166403,0.087238,"RAM -> VRAM [Model: 976f3265, Layer: e07a16a0]"
176483.967987,10000,976f3265-7d85-4f67-af21-3cf1ba6419c0,worker_1,worker_1,GPU_COMPUTE,0.050000,0.050000,GPU Compute
176484.125987,10000,976f3265-7d85-4f67-af21-3cf1ba6419c0,worker_1,coordinator_0,NET_TRANSFER,0.000100,0.158000,Signal Finished
176905.480168,10000,976f3265-7d85-4f67-af21-3cf1ba6419c0,coordinator_0,worker_2,NET_TRANSFER,5.265052,421.354181,Distribute Layer ID: e9a2a72e
176905.521302,10000,976f3265-7d85-4f67-af21-3cf1ba6419c0,worker_2,worker_2,DISK_LOAD,5.265052,0.041133,"Disk -> RAM [Model: 976f3265, Layer: e9a2a72e]"
176905.562435,10000,976f3265-7d85-4f67-af21-3cf1ba6419c0,worker_2,worker_2,MEM_MOVE,5.265052,0.041133,"RAM -> VRAM [Model: 976f3265, Layer: e9a2a72e]"
176905.612435,10000,976f3265-7d85-4f67-af21-3cf1ba6419c0,worker_2,worker_2,GPU_COMPUTE,0.050000,0.050000,GPU Compute
176905.770435,10000,976f3265-7d85-4f67-af21-3cf1ba6419c0,worker_2,coordinator_0,NET_TRANSFER,0.000100,0.158000,Signal Finished
177608.995429,10000,976f3265-7d85-4f67-af21-3cf1ba6419c0,coordinator_0,worker_3,NET_TRANSFER,8.788437,703.224994,Distribute Layer ID: 78a26b41
177609.064089,10000,976f3265-7d85-4f67-af21-3cf1ba6419c0,worker_3,worker_3,DISK_LOAD,8.788437,0.068660,"Disk -> RAM [Model: 976f3265, Layer: 78a26b41]"
177609.132749,10000,976f3265-7d85-4f67-af21-3cf1ba6419c0,worker_3,worker_3,MEM_MOVE,8.788437,0.068660,"RAM -> VRAM [Model: 976f3265, Layer: 78a26b41]"
177609.182749,10000,976f3265-7d85-4f67-af21-3cf1ba6419c0,worker_3,worker_3,GPU_COMPUTE,0.050000,0.050000,GPU Compute
177609.340749,10000,976f3265-7d85-4f67-af21-3cf1ba6419c0,worker_3,coordinator_0,NET_TRANSFER,0.000100,0.158000,Signal Finished
178837.136794,10000,976f3265-7d85-4f67-af21-3cf1ba6419c0,coordinator_0,worker_4,NET_TRANSFER,15.345576,1227.796045,Distribute Layer ID: b5f23426
178837.256681,10000,976f3265-7d85-4f67-af21-3cf1ba6419c0,worker_4,worker_4,DISK_LOAD,15.345576,0.119887,"Disk -> RAM [Model: 976f3265, Layer: b5f23426]"
178837.376569,10000,976f3265-7d85-4f67-af21-3cf1ba6419c0,worker_4,worker_4,MEM_MOVE,15.345576,0.119887,"RAM -> VRAM [Model: 976f3265, Layer: b5f23426]"
178837.426569,10000,976f3265-7d85-4f67-af21-3cf1ba6419c0,worker_4,worker_4,GPU_COMPUTE,0.050000,0.050000,GPU Compute
178837.584569,10000,976f3265-7d85-4f67-af21-3cf1ba6419c0,worker_4,coordinator_0,NET_TRANSFER,0.000100,0.158000,Signal Finished
179896.761641,10000,976f3265-7d85-4f67-af21-3cf1ba6419c0,coordinator_0,worker_1,NET_TRANSFER,13.237838,1059.177072,Distribute Layer ID: f0403106
179896.865062,10000,976f3265-7d85-4f67-af21-3cf1ba6419c0,worker_1,worker_1,DISK_LOAD,13.237838,0.103421,"Disk -> RAM [Model: 976f3265, Layer: f0403106]"
179896.968482,10000,976f3265-7d85-4f67-af21-3cf1ba6419c0,worker_1,worker_1,MEM_MOVE,13.237838,0.103421,"RAM -> VRAM [Model: 976f3265, Layer: f0403106]"
179897.018482,10000,976f3265-7d85-4f67-af21-3cf1ba6419c0,worker_1,worker_1,GPU_COMPUTE,0.050000,0.050000,GPU Compute
179897.176482,10000,976f3265-7d85-4f67-af21-3cf1ba6419c0,worker_1,coordinator_0,NET_TRANSFER,0.000100,0.158000,Signal Finished
180411.151678,10000,976f3265-7d85-4f67-af21-3cf1ba6419c0,coordinator_0,worker_2,NET_TRANSFER,6.422815,513.975196,Distribute Layer ID: 8ce629b7
180411.201856,10000,976f3265-7d85-4f67-af21-3cf1ba6419c0,worker_2,worker_2,DISK_LOAD,6.422815,0.050178,"Disk -> RAM [Model: 976f3265, Layer: 8ce629b7]"
180411.252035,10000,976f3265-7d85-4f67-af21-3cf1ba6419c0,worker_2,worker_2,MEM_MOVE,6.422815,0.050178,"RAM -> VRAM [Model: 976f3265, Layer: 8ce629b7]"
180411.302035,10000,976f3265-7d85-4f67-af21-3cf1ba6419c0,worker_2,worker_2,GPU_COMPUTE,0.050000,0.050000,GPU Compute
180411.460035,10000,976f3265-7d85-4f67-af21-3cf1ba6419c0,worker_2,coordinator_0,NET_TRANSFER,0.000100,0.158000,Signal Finished
181488.054546,10000,976f3265-7d85-4f67-af21-3cf1ba6419c0,coordinator_0,worker_3,NET_TRANSFER,13.455556,1076.594511,Distribute Layer ID: 81141e17
181488.159667,10000,976f3265-7d85-4f67-af21-3cf1ba6419c0,worker_3,worker_3,DISK_LOAD,13.455556,0.105122,"Disk -> RAM [Model: 976f3265, Layer: 81141e17]"
181488.264789,10000,976f3265-7d85-4f67-af21-3cf1ba6419c0,worker_3,worker_3,MEM_MOVE,13.455556,0.105122,"RAM -> VRAM [Model: 976f3265, Layer: 81141e17]"
181488.314789,10000,976f3265-7d85-4f67-af21-3cf1ba6419c0,worker_3,worker_3,GPU_COMPUTE,0.050000,0.050000,GPU Compute
181488.472789,10000,976f3265-7d85-4f67-af21-3cf1ba6419c0,worker_3,coordinator_0,NET_TRANSFER,0.000100,0.158000,Signal Finished
182604.533700,10000,976f3265-7d85-4f67-af21-3cf1ba6419c0,coordinator_0,worker_4,NET_TRANSFER,13.948886,1116.060911,Distribute Layer ID: 1fb1a7b5
182604.642676,10000,976f3265-7d85-4f67-af21-3cf1ba6419c0,worker_4,worker_4,DISK_LOAD,13.948886,0.108976,"Disk -> RAM [Model: 976f3265, Layer: 1fb1a7b5]"
182604.751651,10000,976f3265-7d85-4f67-af21-3cf1ba6419c0,worker_4,worker_4,MEM_MOVE,13.948886,0.108976,"RAM -> VRAM [Model: 976f3265, Layer: 1fb1a7b5]"
182604.801651,10000,976f3265-7d85-4f67-af21-3cf1ba6419c0,worker_4,worker_4,GPU_COMPUTE,0.050000,0.050000,GPU Compute
182604.959651,10000,976f3265-7d85-4f67-af21-3cf1ba6419c0,worker_4,coordinator_0,NET_TRANSFER,0.000100,0.158000,Signal Finished
183686.907983,10000,976f3265-7d85-4f67-af21-3cf1ba6419c0,coordinator_0,worker_1,NET_TRANSFER,13.522479,1081.948331,Distribute Layer ID: 2607a152
183687.013627,10000,976f3265-7d85-4f67-af21-3cf1ba6419c0,worker_1,worker_1,DISK_LOAD,13.522479,0.105644,"Disk -> RAM [Model: 976f3265, Layer: 2607a152]"
183687.119271,10000,976f3265-7d85-4f67-af21-3cf1ba6419c0,worker_1,worker_1,MEM_MOVE,13.522479,0.105644,"RAM -> VRAM [Model: 976f3265, Layer: 2607a152]"
183687.169271,10000,976f3265-7d85-4f67-af21-3cf1ba6419c0,worker_1,worker_1,GPU_COMPUTE,0.050000,0.050000,GPU Compute
183687.327271,10000,976f3265-7d85-4f67-af21-3cf1ba6419c0,worker_1,coordinator_0,NET_TRANSFER,0.000100,0.158000,Signal Finished
184750.385872,10000,976f3265-7d85-4f67-af21-3cf1ba6419c0,coordinator_0,worker_2,NET_TRANSFER,13.286358,1063.058600,Distribute Layer ID: ad12bbd9
184750.489671,10000,976f3265-7d85-4f67-af21-3cf1ba6419c0,worker_2,worker_2,DISK_LOAD,13.286358,0.103800,"Disk -> RAM [Model: 976f3265, Layer: ad12bbd9]"
184750.593471,10000,976f3265-7d85-4f67-af21-3cf1ba6419c0,worker_2,worker_2,MEM_MOVE,13.286358,0.103800,"RAM -> VRAM [Model: 976f3265, Layer: ad12bbd9]"
184750.643471,10000,976f3265-7d85-4f67-af21-3cf1ba6419c0,worker_2,worker_2,GPU_COMPUTE,0.050000,0.050000,GPU Compute
184750.801471,10000,976f3265-7d85-4f67-af21-3cf1ba6419c0,worker_2,coordinator_0,NET_TRANSFER,0.000100,0.158000,Signal Finished
185641.916146,10000,976f3265-7d85-4f67-af21-3cf1ba6419c0,coordinator_0,worker_3,NET_TRANSFER,11.137058,891.114675,Distribute Layer ID: 479c1df6
185642.003155,10000,976f3265-7d85-4f67-af21-3cf1ba6419c0,worker_3,worker_3,DISK_LOAD,11.137058,0.087008,"Disk -> RAM [Model: 976f3265, Layer: 479c1df6]"
185642.090163,10000,976f3265-7d85-4f67-af21-3cf1ba6419c0,worker_3,worker_3,MEM_MOVE,11.137058,0.087008,"RAM -> VRAM [Model: 976f3265, Layer: 479c1df6]"
185642.140163,10000,976f3265-7d85-4f67-af21-3cf1ba6419c0,worker_3,worker_3,GPU_COMPUTE,0.050000,0.050000,GPU Compute
185642.298163,10000,976f3265-7d85-4f67-af21-3cf1ba6419c0,worker_3,coordinator_0,NET_TRANSFER,0.000100,0.158000,Signal Finished
186483.397859,10000,976f3265-7d85-4f67-af21-3cf1ba6419c0,coordinator_0,worker_4,NET_TRANSFER,10.511871,841.099696,Distribute Layer ID: 36338d9c
186483.479983,10000,976f3265-7d85-4f67-af21-3cf1ba6419c0,worker_4,worker_4,DISK_LOAD,10.511871,0.082124,"Disk -> RAM [Model: 976f3265, Layer: 36338d9c]"
186483.562107,10000,976f3265-7d85-4f67-af21-3cf1ba6419c0,worker_4,worker_4,MEM_MOVE,10.511871,0.082124,"RAM -> VRAM [Model: 976f3265, Layer: 36338d9c]"
186483.612107,10000,976f3265-7d85-4f67-af21-3cf1ba6419c0,worker_4,worker_4,GPU_COMPUTE,0.050000,0.050000,GPU Compute
186483.770107,10000,976f3265-7d85-4f67-af21-3cf1ba6419c0,worker_4,coordinator_0,NET_TRANSFER,0.000100,0.158000,Signal Finished
187119.316990,10000,976f3265-7d85-4f67-af21-3cf1ba6419c0,coordinator_0,worker_1,NET_TRANSFER,7.942461,635.546883,Distribute Layer ID: 6d7e8171
187119.379041,10000,976f3265-7d85-4f67-af21-3cf1ba6419c0,worker_1,worker_1,DISK_LOAD,7.942461,0.062050,"Disk -> RAM [Model: 976f3265, Layer: 6d7e8171]"
187119.441091,10000,976f3265-7d85-4f67-af21-3cf1ba6419c0,worker_1,worker_1,MEM_MOVE,7.942461,0.062050,"RAM -> VRAM [Model: 976f3265, Layer: 6d7e8171]"
187119.491091,10000,976f3265-7d85-4f67-af21-3cf1ba6419c0,worker_1,worker_1,GPU_COMPUTE,0.050000,0.050000,GPU Compute
187119.649091,10000,976f3265-7d85-4f67-af21-3cf1ba6419c0,worker_1,coordinator_0,NET_TRANSFER,0.000100,0.158000,Signal Finished
187543.068367,10000,976f3265-7d85-4f67-af21-3cf1ba6419c0,coordinator_0,worker_2,NET_TRANSFER,5.290866,423.419276,Distribute Layer ID: 7e6e1688
187543.109702,10000,976f3265-7d85-4f67-af21-3cf1ba6419c0,worker_2,worker_2,DISK_LOAD,5.290866,0.041335,"Disk -> RAM [Model: 976f3265, Layer: 7e6e1688]"
187543.151037,10000,976f3265-7d85-4f67-af21-3cf1ba6419c0,worker_2,worker_2,MEM_MOVE,5.290866,0.041335,"RAM -> VRAM [Model: 976f3265, Layer: 7e6e1688]"
187543.201037,10000,976f3265-7d85-4f67-af21-3cf1ba6419c0,worker_2,worker_2,GPU_COMPUTE,0.050000,0.050000,GPU Compute
187543.359037,10000,976f3265-7d85-4f67-af21-3cf1ba6419c0,worker_2,coordinator_0,NET_TRANSFER,0.000100,0.158000,Signal Finished
187999.490789,10000,976f3265-7d85-4f67-af21-3cf1ba6419c0,coordinator_0,worker_3,NET_TRANSFER,5.699772,456.131752,Distribute Layer ID: 6cac023e
187999.535318,10000,976f3265-7d85-4f67-af21-3cf1ba6419c0,worker_3,worker_3,DISK_LOAD,5.699772,0.044529,"Disk -> RAM [Model: 976f3265, Layer: 6cac023e]"
187999.579848,10000,976f3265-7d85-4f67-af21-3cf1ba6419c0,worker_3,worker_3,MEM_MOVE,5.699772,0.044529,"RAM -> VRAM [Model: 976f3265, Layer: 6cac023e]"
187999.629848,10000,976f3265-7d85-4f67-af21-3cf1ba6419c0,worker_3,worker_3,GPU_COMPUTE,0.050000,0.050000,GPU Compute
187999.787848,10000,976f3265-7d85-4f67-af21-3cf1ba6419c0,worker_3,coordinator_0,NET_TRANSFER,0.000100,0.158000,Signal Finished
188468.414180,10000,976f3265-7d85-4f67-af21-3cf1ba6419c0,coordinator_0,worker_4,NET_TRANSFER,5.855954,468.626333,Distribute Layer ID: 01e545a4
188468.459930,10000,976f3265-7d85-4f67-af21-3cf1ba6419c0,worker_4,worker_4,DISK_LOAD,5.855954,0.045750,"Disk -> RAM [Model: 976f3265, Layer: 01e545a4]"
188468.505680,10000,976f3265-7d85-4f67-af21-3cf1ba6419c0,worker_4,worker_4,MEM_MOVE,5.855954,0.045750,"RAM -> VRAM [Model: 976f3265, Layer: 01e545a4]"
188468.555680,10000,976f3265-7d85-4f67-af21-3cf1ba6419c0,worker_4,worker_4,GPU_COMPUTE,0.050000,0.050000,GPU Compute
188468.713680,10000,976f3265-7d85-4f67-af21-3cf1ba6419c0,worker_4,coordinator_0,NET_TRANSFER,0.000100,0.158000,Signal Finished
188947.504953,10000,976f3265-7d85-4f67-af21-3cf1ba6419c0,coordinator_0,worker_1,NET_TRANSFER,5.983016,478.791274,Distribute Layer ID: 3d7015f3
188947.551695,10000,976f3265-7d85-4f67-af21-3cf1ba6419c0,worker_1,worker_1,DISK_LOAD,5.983016,0.046742,"Disk -> RAM [Model: 976f3265, Layer: 3d7015f3]"
188947.598438,10000,976f3265-7d85-4f67-af21-3cf1ba6419c0,worker_1,worker_1,MEM_MOVE,5.983016,0.046742,"RAM -> VRAM [Model: 976f3265, Layer: 3d7015f3]"
188947.648438,10000,976f3265-7d85-4f67-af21-3cf1ba6419c0,worker_1,worker_1,GPU_COMPUTE,0.050000,0.050000,GPU Compute
188947.806438,10000,976f3265-7d85-4f67-af21-3cf1ba6419c0,worker_1,coordinator_0,NET_TRANSFER,0.000100,0.158000,Signal Finished
189567.481803,10000,976f3265-7d85-4f67-af21-3cf1ba6419c0,coordinator_0,worker_2,NET_TRANSFER,7.744067,619.675366,Distribute Layer ID: c33cf7a9
189567.542304,10000,976f3265-7d85-4f67-af21-3cf1ba6419c0,worker_2,worker_2,DISK_LOAD,7.744067,0.060501,"Disk -> RAM [Model: 976f3265, Layer: c33cf7a9]"
189567.602804,10000,976f3265-7d85-4f67-af21-3cf1ba6419c0,worker_2,worker_2,MEM_MOVE,7.744067,0.060501,"RAM -> VRAM [Model: 976f3265, Layer: c33cf7a9]"
189567.652804,10000,976f3265-7d85-4f67-af21-3cf1ba6419c0,worker_2,worker_2,GPU_COMPUTE,0.050000,0.050000,GPU Compute
189567.810804,10000,976f3265-7d85-4f67-af21-3cf1ba6419c0,worker_2,coordinator_0,NET_TRANSFER,0.000100,0.158000,Signal Finished
190739.895976,10000,976f3265-7d85-4f67-af21-3cf1ba6419c0,coordinator_0,worker_3,NET_TRANSFER,14.649190,1172.085171,Distribute Layer ID: 9f679deb
190740.010422,10000,976f3265-7d85-4f67-af21-3cf1ba6419c0,worker_3,worker_3,DISK_LOAD,14.649190,0.114447,"Disk -> RAM [Model: 976f3265, Layer: 9f679deb]"
190740.124869,10000,976f3265-7d85-4f67-af21-3cf1ba6419c0,worker_3,worker_3,MEM_MOVE,14.649190,0.114447,"RAM -> VRAM [Model: 976f3265, Layer: 9f679deb]"
190740.174869,10000,976f3265-7d85-4f67-af21-3cf1ba6419c0,worker_3,worker_3,GPU_COMPUTE,0.050000,0.050000,GPU Compute
190740.332869,10000,976f3265-7d85-4f67-af21-3cf1ba6419c0,worker_3,coordinator_0,NET_TRANSFER,0.000100,0.158000,Signal Finished
191883.940927,10000,976f3265-7d85-4f67-af21-3cf1ba6419c0,coordinator_0,worker_4,NET_TRANSFER,14.293226,1143.608058,Distribute Layer ID: c23b4940
191884.052593,10000,976f3265-7d85-4f67-af21-3cf1ba6419c0,worker_4,worker_4,DISK_LOAD,14.293226,0.111666,"Disk -> RAM [Model: 976f3265, Layer: c23b4940]"
191884.164259,10000,976f3265-7d85-4f67-af21-3cf1ba6419c0,worker_4,worker_4,MEM_MOVE,14.293226,0.111666,"RAM -> VRAM [Model: 976f3265, Layer: c23b4940]"
191884.214259,10000,976f3265-7d85-4f67-af21-3cf1ba6419c0,worker_4,worker_4,GPU_COMPUTE,0.050000,0.050000,GPU Compute
191884.372259,10000,976f3265-7d85-4f67-af21-3cf1ba6419c0,worker_4,coordinator_0,NET_TRANSFER,0.000100,0.158000,Signal Finished
192346.334386,10000,976f3265-7d85-4f67-af21-3cf1ba6419c0,coordinator_0,worker_1,NET_TRANSFER,5.772652,461.962127,Distribute Layer ID: b100491b
192346.379485,10000,976f3265-7d85-4f67-af21-3cf1ba6419c0,worker_1,worker_1,DISK_LOAD,5.772652,0.045099,"Disk -> RAM [Model: 976f3265, Layer: b100491b]"
192346.424584,10000,976f3265-7d85-4f67-af21-3cf1ba6419c0,worker_1,worker_1,MEM_MOVE,5.772652,0.045099,"RAM -> VRAM [Model: 976f3265, Layer: b100491b]"
192346.474584,10000,976f3265-7d85-4f67-af21-3cf1ba6419c0,worker_1,worker_1,GPU_COMPUTE,0.050000,0.050000,GPU Compute
192346.632584,10000,976f3265-7d85-4f67-af21-3cf1ba6419c0,worker_1,coordinator_0,NET_TRANSFER,0.000100,0.158000,Signal Finished
193004.536984,10000,976f3265-7d85-4f67-af21-3cf1ba6419c0,coordinator_0,worker_2,NET_TRANSFER,8.221930,657.904400,Distribute Layer ID: 6a2e0eb8
193004.601217,10000,976f3265-7d85-4f67-af21-3cf1ba6419c0,worker_2,worker_2,DISK_LOAD,8.221930,0.064234,"Disk -> RAM [Model: 976f3265, Layer: 6a2e0eb8]"
193004.665451,10000,976f3265-7d85-4f67-af21-3cf1ba6419c0,worker_2,worker_2,MEM_MOVE,8.221930,0.064234,"RAM -> VRAM [Model: 976f3265, Layer: 6a2e0eb8]"
193004.715451,10000,976f3265-7d85-4f67-af21-3cf1ba6419c0,worker_2,worker_2,GPU_COMPUTE,0.050000,0.050000,GPU Compute
193004.873451,10000,976f3265-7d85-4f67-af21-3cf1ba6419c0,worker_2,coordinator_0,NET_TRANSFER,0.000100,0.158000,Signal Finished
193694.913007,10000,976f3265-7d85-4f67-af21-3cf1ba6419c0,coordinator_0,worker_3,NET_TRANSFER,8.623619,690.039555,Distribute Layer ID: 40a2ed67
193694.980379,10000,976f3265-7d85-4f67-af21-3cf1ba6419c0,worker_3,worker_3,DISK_LOAD,8.623619,0.067372,"Disk -> RAM [Model: 976f3265, Layer: 40a2ed67]"
193695.047751,10000,976f3265-7d85-4f67-af21-3cf1ba6419c0,worker_3,worker_3,MEM_MOVE,8.623619,0.067372,"RAM -> VRAM [Model: 976f3265, Layer: 40a2ed67]"
193695.097751,10000,976f3265-7d85-4f67-af21-3cf1ba6419c0,worker_3,worker_3,GPU_COMPUTE,0.050000,0.050000,GPU Compute
193695.255751,10000,976f3265-7d85-4f67-af21-3cf1ba6419c0,worker_3,coordinator_0,NET_TRANSFER,0.000100,0.158000,Signal Finished
194158.433839,10000,976f3265-7d85-4f67-af21-3cf1ba6419c0,coordinator_0,worker_4,NET_TRANSFER,5.787851,463.178088,Distribute Layer ID: 411c6b10
194158.479056,10000,976f3265-7d85-4f67-af21-3cf1ba6419c0,worker_4,worker_4,DISK_LOAD,5.787851,0.045218,"Disk -> RAM [Model: 976f3265, Layer: 411c6b10]"
194158.524274,10000,976f3265-7d85-4f67-af21-3cf1ba6419c0,worker_4,worker_4,MEM_MOVE,5.787851,0.045218,"RAM -> VRAM [Model: 976f3265, Layer: 411c6b10]"
194158.574274,10000,976f3265-7d85-4f67-af21-3cf1ba6419c0,worker_4,worker_4,GPU_COMPUTE,0.050000,0.050000,GPU Compute
194158.732274,10000,976f3265-7d85-4f67-af21-3cf1ba6419c0,worker_4,coordinator_0,NET_TRANSFER,0.000100,0.158000,Signal Finished
194616.725270,10000,976f3265-7d85-4f67-af21-3cf1ba6419c0,coordinator_0,worker_1,NET_TRANSFER,5.723037,457.992996,Distribute Layer ID: 814bf02b
194616.769981,10000,976f3265-7d85-4f67-af21-3cf1ba6419c0,worker_1,worker_1,DISK_LOAD,5.723037,0.044711,"Disk -> RAM [Model: 976f3265, Layer: 814bf02b]"
194616.814692,10000,976f3265-7d85-4f67-af21-3cf1ba6419c0,worker_1,worker_1,MEM_MOVE,5.723037,0.044711,"RAM -> VRAM [Model: 976f3265, Layer: 814bf02b]"
194616.864692,10000,976f3265-7d85-4f67-af21-3cf1ba6419c0,worker_1,worker_1,GPU_COMPUTE,0.050000,0.050000,GPU Compute
194617.022692,10000,976f3265-7d85-4f67-af21-3cf1ba6419c0,worker_1,coordinator_0,NET_TRANSFER,0.000100,0.158000,Signal Finished
195404.411595,10000,976f3265-7d85-4f67-af21-3cf1ba6419c0,coordinator_0,worker_2,NET_TRANSFER,9.840486,787.388903,Distribute Layer ID: 46e27b56
195404.488474,10000,976f3265-7d85-4f67-af21-3cf1ba6419c0,worker_2,worker_2,DISK_LOAD,9.840486,0.076879,"Disk -> RAM [Model: 976f3265, Layer: 46e27b56]"
195404.565353,10000,976f3265-7d85-4f67-af21-3cf1ba6419c0,worker_2,worker_2,MEM_MOVE,9.840486,0.076879,"RAM -> VRAM [Model: 976f3265, Layer: 46e27b56]"
195404.615353,10000,976f3265-7d85-4f67-af21-3cf1ba6419c0,worker_2,worker_2,GPU_COMPUTE,0.050000,0.050000,GPU Compute
195404.773353,10000,976f3265-7d85-4f67-af21-3cf1ba6419c0,worker_2,coordinator_0,NET_TRANSFER,0.000100,0.158000,Signal Finished
196436.627114,10000,976f3265-7d85-4f67-af21-3cf1ba6419c0,coordinator_0,worker_3,NET_TRANSFER,12.896297,1031.853762,Distribute Layer ID: 42bd341e
196436.727867,10000,976f3265-7d85-4f67-af21-3cf1ba6419c0,worker_3,worker_3,DISK_LOAD,12.896297,0.100752,"Disk -> RAM [Model: 976f3265, Layer: 42bd341e]"
196436.828619,10000,976f3265-7d85-4f67-af21-3cf1ba6419c0,worker_3,worker_3,MEM_MOVE,12.896297,0.100752,"RAM -> VRAM [Model: 976f3265, Layer: 42bd341e]"
196436.878619,10000,976f3265-7d85-4f67-af21-3cf1ba6419c0,worker_3,worker_3,GPU_COMPUTE,0.050000,0.050000,GPU Compute
196437.036619,10000,976f3265-7d85-4f67-af21-3cf1ba6419c0,worker_3,coordinator_0,NET_TRANSFER,0.000100,0.158000,Signal Finished
197517.379177,10000,976f3265-7d85-4f67-af21-3cf1ba6419c0,coordinator_0,worker_4,NET_TRANSFER,13.502407,1080.342558,Distribute Layer ID: de9dd610
197517.484664,10000,976f3265-7d85-4f67-af21-3cf1ba6419c0,worker_4,worker_4,DISK_LOAD,13.502407,0.105488,"Disk -> RAM [Model: 976f3265, Layer: de9dd610]"
197517.590152,10000,976f3265-7d85-4f67-af21-3cf1ba6419c0,worker_4,worker_4,MEM_MOVE,13.502407,0.105488,"RAM -> VRAM [Model: 976f3265, Layer: de9dd610]"
197517.640152,10000,976f3265-7d85-4f67-af21-3cf1ba6419c0,worker_4,worker_4,GPU_COMPUTE,0.050000,0.050000,GPU Compute
197517.798152,10000,976f3265-7d85-4f67-af21-3cf1ba6419c0,worker_4,coordinator_0,NET_TRANSFER,0.000100,0.158000,Signal Finished
198252.217050,10000,976f3265-7d85-4f67-af21-3cf1ba6419c0,coordinator_0,worker_1,NET_TRANSFER,9.178361,734.418898,Distribute Layer ID: 1705c081
198252.288756,10000,976f3265-7d85-4f67-af21-3cf1ba6419c0,worker_1,worker_1,DISK_LOAD,9.178361,0.071706,"Disk -> RAM [Model: 976f3265, Layer: 1705c081]"
198252.360462,10000,976f3265-7d85-4f67-af21-3cf1ba6419c0,worker_1,worker_1,MEM_MOVE,9.178361,0.071706,"RAM -> VRAM [Model: 976f3265, Layer: 1705c081]"
198252.410462,10000,976f3265-7d85-4f67-af21-3cf1ba6419c0,worker_1,worker_1,GPU_COMPUTE,0.050000,0.050000,GPU Compute
198252.568462,10000,976f3265-7d85-4f67-af21-3cf1ba6419c0,worker_1,coordinator_0,NET_TRANSFER,0.000100,0.158000,Signal Finished
198981.683092,10000,976f3265-7d85-4f67-af21-3cf1ba6419c0,coordinator_0,worker_2,NET_TRANSFER,9.112058,729.114630,Distribute Layer ID: 5b2b9136
198981.754280,10000,976f3265-7d85-4f67-af21-3cf1ba6419c0,worker_2,worker_2,DISK_LOAD,9.112058,0.071188,"Disk -> RAM [Model: 976f3265, Layer: 5b2b9136]"
198981.825468,10000,976f3265-7d85-4f67-af21-3cf1ba6419c0,worker_2,worker_2,MEM_MOVE,9.112058,0.071188,"RAM -> VRAM [Model: 976f3265, Layer: 5b2b9136]"
198981.875468,10000,976f3265-7d85-4f67-af21-3cf1ba6419c0,worker_2,worker_2,GPU_COMPUTE,0.050000,0.050000,GPU Compute
198982.033468,10000,976f3265-7d85-4f67-af21-3cf1ba6419c0,worker_2,coordinator_0,NET_TRANSFER,0.000100,0.158000,Signal Finished
200045.710324,10000,976f3265-7d85-4f67-af21-3cf1ba6419c0,coordinator_0,worker_3,NET_TRANSFER,13.294086,1063.676856,Distribute Layer ID: 741e6eb3
200045.814184,10000,976f3265-7d85-4f67-af21-3cf1ba6419c0,worker_3,worker_3,DISK_LOAD,13.294086,0.103860,"Disk -> RAM [Model: 976f3265, Layer: 741e6eb3]"
200045.918044,10000,976f3265-7d85-4f67-af21-3cf1ba6419c0,worker_3,worker_3,MEM_MOVE,13.294086,0.103860,"RAM -> VRAM [Model: 976f3265, Layer: 741e6eb3]"
200045.968044,10000,976f3265-7d85-4f67-af21-3cf1ba6419c0,worker_3,worker_3,GPU_COMPUTE,0.050000,0.050000,GPU Compute
200046.126044,10000,976f3265-7d85-4f67-af21-3cf1ba6419c0,worker_3,coordinator_0,NET_TRANSFER,0.000100,0.158000,Signal Finished
200046.284044,10006,54823d08-e716-4596-a30b-e1715ddec66b,coordinator_0,client_10,NET_TRANSFER,0.000100,0.158000,Signal: Cache Miss / Request Weights
245500.212524,10006,54823d08-e716-4596-a30b-e1715ddec66b,client_10,coordinator_0,NET_TRANSFER,568.172231,45453.928481,Upload Model Weights
245500.370524,2000,47382e1b-f8df-4680-9213-8a3a71fc2161,coordinator_0,client_2,NET_TRANSFER,0.000100,0.158000,Signal: Cache Miss / Request Weights
278253.703542,2000,47382e1b-f8df-4680-9213-8a3a71fc2161,client_2,coordinator_0,NET_TRANSFER,409.414788,32753.333017,Upload Model Weights
278253.861542,10002,eba1d3ba-919a-4842-a9ef-c330d29e6210,coordinator_0,client_10,NET_TRANSFER,0.000100,0.158000,Signal: Cache Miss / Request Weights
304326.130300,10002,eba1d3ba-919a-4842-a9ef-c330d29e6210,client_10,coordinator_0,NET_TRANSFER,325.901484,26072.268758,Upload Model Weights
305492.921757,10002,eba1d3ba-919a-4842-a9ef-c330d29e6210,coordinator_0,worker_4,NET_TRANSFER,14.583018,1166.791457,Distribute Layer ID: af3e5577
305493.035687,10002,eba1d3ba-919a-4842-a9ef-c330d29e6210,worker_4,worker_4,DISK_LOAD,14.583018,0.113930,"Disk -> RAM [Model: eba1d3ba, Layer: af3e5577]"
305493.149617,10002,eba1d3ba-919a-4842-a9ef-c330d29e6210,worker_4,worker_4,MEM_MOVE,14.583018,0.113930,"RAM -> VRAM [Model: eba1d3ba, Layer: af3e5577]"
305493.199617,10002,eba1d3ba-919a-4842-a9ef-c330d29e6210,worker_4,worker_4,GPU_COMPUTE,0.050000,0.050000,GPU Compute
305493.357617,10002,eba1d3ba-919a-4842-a9ef-c330d29e6210,worker_4,coordinator_0,NET_TRANSFER,0.000100,0.158000,Signal Finished
306434.524414,10002,eba1d3ba-919a-4842-a9ef-c330d29e6210,coordinator_0,worker_1,NET_TRANSFER,11.762710,941.166797,Distribute Layer ID: 691d4067
306434.616310,10002,eba1d3ba-919a-4842-a9ef-c330d29e6210,worker_1,worker_1,DISK_LOAD,11.762710,0.091896,"Disk -> RAM [Model: eba1d3ba, Layer: 691d4067]"
306434.708206,10002,eba1d3ba-919a-4842-a9ef-c330d29e6210,worker_1,worker_1,MEM_MOVE,11.762710,0.091896,"RAM -> VRAM [Model: eba1d3ba, Layer: 691d4067]"
306434.758206,10002,eba1d3ba-919a-4842-a9ef-c330d29e6210,worker_1,worker_1,GPU_COMPUTE,0.050000,0.050000,GPU Compute
306434.916206,10002,eba1d3ba-919a-4842-a9ef-c330d29e6210,worker_1,coordinator_0,NET_TRANSFER,0.000100,0.158000,Signal Finished
307090.113981,10002,eba1d3ba-919a-4842-a9ef-c330d29e6210,coordinator_0,worker_2,NET_TRANSFER,8.188097,655.197775,Distribute Layer ID: 1c30e8a5
307090.177950,10002,eba1d3ba-919a-4842-a9ef-c330d29e6210,worker_2,worker_2,DISK_LOAD,8.188097,0.063970,"Disk -> RAM [Model: eba1d3ba, Layer: 1c30e8a5]"
307090.241920,10002,eba1d3ba-919a-4842-a9ef-c330d29e6210,worker_2,worker_2,MEM_MOVE,8.188097,0.063970,"RAM -> VRAM [Model: eba1d3ba, Layer: 1c30e8a5]"
307090.291920,10002,eba1d3ba-919a-4842-a9ef-c330d29e6210,worker_2,worker_2,GPU_COMPUTE,0.050000,0.050000,GPU Compute
307090.449920,10002,eba1d3ba-919a-4842-a9ef-c330d29e6210,worker_2,coordinator_0,NET_TRANSFER,0.000100,0.158000,Signal Finished
308050.460114,10002,eba1d3ba-919a-4842-a9ef-c330d29e6210,coordinator_0,worker_3,NET_TRANSFER,11.998252,960.010195,Distribute Layer ID: 61f66f9d
308050.553851,10002,eba1d3ba-919a-4842-a9ef-c330d29e6210,worker_3,worker_3,DISK_LOAD,11.998252,0.093736,"Disk -> RAM [Model: eba1d3ba, Layer: 61f66f9d]"
308050.647587,10002,eba1d3ba-919a-4842-a9ef-c330d29e6210,worker_3,worker_3,MEM_MOVE,11.998252,0.093736,"RAM -> VRAM [Model: eba1d3ba, Layer: 61f66f9d]"
308050.697587,10002,eba1d3ba-919a-4842-a9ef-c330d29e6210,worker_3,worker_3,GPU_COMPUTE,0.050000,0.050000,GPU Compute
308050.855587,10002,eba1d3ba-919a-4842-a9ef-c330d29e6210,worker_3,coordinator_0,NET_TRANSFER,0.000100,0.158000,Signal Finished
309199.339032,10002,eba1d3ba-919a-4842-a9ef-c330d29e6210,coordinator_0,worker_4,NET_TRANSFER,14.354168,1148.483445,Distribute Layer ID: 278f51b0
309199.451174,10002,eba1d3ba-919a-4842-a9ef-c330d29e6210,worker_4,worker_4,DISK_LOAD,14.354168,0.112142,"Disk -> RAM [Model: eba1d3ba, Layer: 278f51b0]"
309199.563316,10002,eba1d3ba-919a-4842-a9ef-c330d29e6210,worker_4,worker_4,MEM_MOVE,14.354168,0.112142,"RAM -> VRAM [Model: eba1d3ba, Layer: 278f51b0]"
309199.613316,10002,eba1d3ba-919a-4842-a9ef-c330d29e6210,worker_4,worker_4,GPU_COMPUTE,0.050000,0.050000,GPU Compute
309199.771316,10002,eba1d3ba-919a-4842-a9ef-c330d29e6210,worker_4,coordinator_0,NET_TRANSFER,0.000100,0.158000,Signal Finished
309938.843516,10002,eba1d3ba-919a-4842-a9ef-c330d29e6210,coordinator_0,worker_1,NET_TRANSFER,9.236528,739.072201,Distribute Layer ID: 8de0de4a
309938.915677,10002,eba1d3ba-919a-4842-a9ef-c330d29e6210,worker_1,worker_1,DISK_LOAD,9.236528,0.072160,"Disk -> RAM [Model: eba1d3ba, Layer: 8de0de4a]"
309938.987837,10002,eba1d3ba-919a-4842-a9ef-c330d29e6210,worker_1,worker_1,MEM_MOVE,9.236528,0.072160,"RAM -> VRAM [Model: eba1d3ba, Layer: 8de0de4a]"
309939.037837,10002,eba1d3ba-919a-4842-a9ef-c330d29e6210,worker_1,worker_1,GPU_COMPUTE,0.050000,0.050000,GPU Compute
309939.195837,10002,eba1d3ba-919a-4842-a9ef-c330d29e6210,worker_1,coordinator_0,NET_TRANSFER,0.000100,0.158000,Signal Finished
310609.373111,10002,eba1d3ba-919a-4842-a9ef-c330d29e6210,coordinator_0,worker_2,NET_TRANSFER,8.375341,670.177274,Distribute Layer ID: c4548055
310609.438543,10002,eba1d3ba-919a-4842-a9ef-c330d29e6210,worker_2,worker_2,DISK_LOAD,8.375341,0.065432,"Disk -> RAM [Model: eba1d3ba, Layer: c4548055]"
310609.503975,10002,eba1d3ba-919a-4842-a9ef-c330d29e6210,worker_2,worker_2,MEM_MOVE,8.375341,0.065432,"RAM -> VRAM [Model: eba1d3ba, Layer: c4548055]"
310609.553975,10002,eba1d3ba-919a-4842-a9ef-c330d29e6210,worker_2,worker_2,GPU_COMPUTE,0.050000,0.050000,GPU Compute
310609.711975,10002,eba1d3ba-919a-4842-a9ef-c330d29e6210,worker_2,coordinator_0,NET_TRANSFER,0.000100,0.158000,Signal Finished
311815.739557,10002,eba1d3ba-919a-4842-a9ef-c330d29e6210,coordinator_0,worker_3,NET_TRANSFER,15.073470,1206.027582,Distribute Layer ID: 05590a01
311815.857319,10002,eba1d3ba-919a-4842-a9ef-c330d29e6210,worker_3,worker_3,DISK_LOAD,15.073470,0.117761,"Disk -> RAM [Model: eba1d3ba, Layer: 05590a01]"
311815.975080,10002,eba1d3ba-919a-4842-a9ef-c330d29e6210,worker_3,worker_3,MEM_MOVE,15.073470,0.117761,"RAM -> VRAM [Model: eba1d3ba, Layer: 05590a01]"
311816.025080,10002,eba1d3ba-919a-4842-a9ef-c330d29e6210,worker_3,worker_3,GPU_COMPUTE,0.050000,0.050000,GPU Compute
311816.183080,10002,eba1d3ba-919a-4842-a9ef-c330d29e6210,worker_3,coordinator_0,NET_TRANSFER,0.000100,0.158000,Signal Finished
312786.235168,10002,eba1d3ba-919a-4842-a9ef-c330d29e6210,coordinator_0,worker_4,NET_TRANSFER,12.123776,970.052088,Distribute Layer ID: 665d8f52
312786.329885,10002,eba1d3ba-919a-4842-a9ef-c330d29e6210,worker_4,worker_4,DISK_LOAD,12.123776,0.094717,"Disk -> RAM [Model: eba1d3ba, Layer: 665d8f52]"
312786.424602,10002,eba1d3ba-919a-4842-a9ef-c330d29e6210,worker_4,worker_4,MEM_MOVE,12.123776,0.094717,"RAM -> VRAM [Model: eba1d3ba, Layer: 665d8f52]"
312786.474602,10002,eba1d3ba-919a-4842-a9ef-c330d29e6210,worker_4,worker_4,GPU_COMPUTE,0.050000,0.050000,GPU Compute
312786.632602,10002,eba1d3ba-919a-4842-a9ef-c330d29e6210,worker_4,coordinator_0,NET_TRANSFER,0.000100,0.158000,Signal Finished
313929.491008,10002,eba1d3ba-919a-4842-a9ef-c330d29e6210,coordinator_0,worker_1,NET_TRANSFER,14.283855,1142.858406,Distribute Layer ID: 6fed8a63
313929.602601,10002,eba1d3ba-919a-4842-a9ef-c330d29e6210,worker_1,worker_1,DISK_LOAD,14.283855,0.111593,"Disk -> RAM [Model: eba1d3ba, Layer: 6fed8a63]"
313929.714193,10002,eba1d3ba-919a-4842-a9ef-c330d29e6210,worker_1,worker_1,MEM_MOVE,14.283855,0.111593,"RAM -> VRAM [Model: eba1d3ba, Layer: 6fed8a63]"
313929.764193,10002,eba1d3ba-919a-4842-a9ef-c330d29e6210,worker_1,worker_1,GPU_COMPUTE,0.050000,0.050000,GPU Compute
313929.922193,10002,eba1d3ba-919a-4842-a9ef-c330d29e6210,worker_1,coordinator_0,NET_TRANSFER,0.000100,0.158000,Signal Finished
314775.370670,10002,eba1d3ba-919a-4842-a9ef-c330d29e6210,coordinator_0,worker_2,NET_TRANSFER,10.566231,845.448476,Distribute Layer ID: 7a087908
314775.453218,10002,eba1d3ba-919a-4842-a9ef-c330d29e6210,worker_2,worker_2,DISK_LOAD,10.566231,0.082549,"Disk -> RAM [Model: eba1d3ba, Layer: 7a087908]"
314775.535767,10002,eba1d3ba-919a-4842-a9ef-c330d29e6210,worker_2,worker_2,MEM_MOVE,10.566231,0.082549,"RAM -> VRAM [Model: eba1d3ba, Layer: 7a087908]"
314775.585767,10002,eba1d3ba-919a-4842-a9ef-c330d29e6210,worker_2,worker_2,GPU_COMPUTE,0.050000,0.050000,GPU Compute
314775.743767,10002,eba1d3ba-919a-4842-a9ef-c330d29e6210,worker_2,coordinator_0,NET_TRANSFER,0.000100,0.158000,Signal Finished
315391.118974,10002,eba1d3ba-919a-4842-a9ef-c330d29e6210,coordinator_0,worker_3,NET_TRANSFER,7.690315,615.375207,Distribute Layer ID: 9eb856aa
315391.179055,10002,eba1d3ba-919a-4842-a9ef-c330d29e6210,worker_3,worker_3,DISK_LOAD,7.690315,0.060081,"Disk -> RAM [Model: eba1d3ba, Layer: 9eb856aa]"
315391.239136,10002,eba1d3ba-919a-4842-a9ef-c330d29e6210,worker_3,worker_3,MEM_MOVE,7.690315,0.060081,"RAM -> VRAM [Model: eba1d3ba, Layer: 9eb856aa]"
315391.289136,10002,eba1d3ba-919a-4842-a9ef-c330d29e6210,worker_3,worker_3,GPU_COMPUTE,0.050000,0.050000,GPU Compute
315391.447136,10002,eba1d3ba-919a-4842-a9ef-c330d29e6210,worker_3,coordinator_0,NET_TRANSFER,0.000100,0.158000,Signal Finished
316544.866187,10002,eba1d3ba-919a-4842-a9ef-c330d29e6210,coordinator_0,worker_4,NET_TRANSFER,14.415863,1153.419052,Distribute Layer ID: 5ffa0da8
316544.978811,10002,eba1d3ba-919a-4842-a9ef-c330d29e6210,worker_4,worker_4,DISK_LOAD,14.415863,0.112624,"Disk -> RAM [Model: eba1d3ba, Layer: 5ffa0da8]"
316545.091435,10002,eba1d3ba-919a-4842-a9ef-c330d29e6210,worker_4,worker_4,MEM_MOVE,14.415863,0.112624,"RAM -> VRAM [Model: eba1d3ba, Layer: 5ffa0da8]"
316545.141435,10002,eba1d3ba-919a-4842-a9ef-c330d29e6210,worker_4,worker_4,GPU_COMPUTE,0.050000,0.050000,GPU Compute
316545.299435,10002,eba1d3ba-919a-4842-a9ef-c330d29e6210,worker_4,coordinator_0,NET_TRANSFER,0.000100,0.158000,Signal Finished
317368.464281,10002,eba1d3ba-919a-4842-a9ef-c330d29e6210,coordinator_0,worker_1,NET_TRANSFER,10.287686,823.164845,Distribute Layer ID: 8085ef71
317368.544653,10002,eba1d3ba-919a-4842-a9ef-c330d29e6210,worker_1,worker_1,DISK_LOAD,10.287686,0.080373,"Disk -> RAM [Model: eba1d3ba, Layer: 8085ef71]"
317368.625026,10002,eba1d3ba-919a-4842-a9ef-c330d29e6210,worker_1,worker_1,MEM_MOVE,10.287686,0.080373,"RAM -> VRAM [Model: eba1d3ba, Layer: 8085ef71]"
317368.675026,10002,eba1d3ba-919a-4842-a9ef-c330d29e6210,worker_1,worker_1,GPU_COMPUTE,0.050000,0.050000,GPU Compute
317368.833026,10002,eba1d3ba-919a-4842-a9ef-c330d29e6210,worker_1,coordinator_0,NET_TRANSFER,0.000100,0.158000,Signal Finished
318460.436729,10002,eba1d3ba-919a-4842-a9ef-c330d29e6210,coordinator_0,worker_2,NET_TRANSFER,13.643171,1091.603703,Distribute Layer ID: b9a9674d
318460.543316,10002,eba1d3ba-919a-4842-a9ef-c330d29e6210,worker_2,worker_2,DISK_LOAD,13.643171,0.106587,"Disk -> RAM [Model: eba1d3ba, Layer: b9a9674d]"
318460.649903,10002,eba1d3ba-919a-4842-a9ef-c330d29e6210,worker_2,worker_2,MEM_MOVE,13.643171,0.106587,"RAM -> VRAM [Model: eba1d3ba, Layer: b9a9674d]"
318460.699903,10002,eba1d3ba-919a-4842-a9ef-c330d29e6210,worker_2,worker_2,GPU_COMPUTE,0.050000,0.050000,GPU Compute
318460.857903,10002,eba1d3ba-919a-4842-a9ef-c330d29e6210,worker_2,coordinator_0,NET_TRANSFER,0.000100,0.158000,Signal Finished
318937.788900,10002,eba1d3ba-919a-4842-a9ef-c330d29e6210,coordinator_0,worker_3,NET_TRANSFER,5.959762,476.930997,Distribute Layer ID: ea1c4e53
318937.835461,10002,eba1d3ba-919a-4842-a9ef-c330d29e6210,worker_3,worker_3,DISK_LOAD,5.959762,0.046561,"Disk -> RAM [Model: eba1d3ba, Layer: ea1c4e53]"
318937.882022,10002,eba1d3ba-919a-4842-a9ef-c330d29e6210,worker_3,worker_3,MEM_MOVE,5.959762,0.046561,"RAM -> VRAM [Model: eba1d3ba, Layer: ea1c4e53]"
318937.932022,10002,eba1d3ba-919a-4842-a9ef-c330d29e6210,worker_3,worker_3,GPU_COMPUTE,0.050000,0.050000,GPU Compute
318938.090022,10002,eba1d3ba-919a-4842-a9ef-c330d29e6210,worker_3,coordinator_0,NET_TRANSFER,0.000100,0.158000,Signal Finished
319733.282746,10002,eba1d3ba-919a-4842-a9ef-c330d29e6210,coordinator_0,worker_4,NET_TRANSFER,9.938034,795.192724,Distribute Layer ID: fac6d062
319733.360387,10002,eba1d3ba-919a-4842-a9ef-c330d29e6210,worker_4,worker_4,DISK_LOAD,9.938034,0.077641,"Disk -> RAM [Model: eba1d3ba, Layer: fac6d062]"
319733.438028,10002,eba1d3ba-919a-4842-a9ef-c330d29e6210,worker_4,worker_4,MEM_MOVE,9.938034,0.077641,"RAM -> VRAM [Model: eba1d3ba, Layer: fac6d062]"
319733.488028,10002,eba1d3ba-919a-4842-a9ef-c330d29e6210,worker_4,worker_4,GPU_COMPUTE,0.050000,0.050000,GPU Compute
319733.646028,10002,eba1d3ba-919a-4842-a9ef-c330d29e6210,worker_4,coordinator_0,NET_TRANSFER,0.000100,0.158000,Signal Finished
320159.599532,10002,eba1d3ba-919a-4842-a9ef-c330d29e6210,coordinator_0,worker_1,NET_TRANSFER,5.322544,425.953504,Distribute Layer ID: a4583bae
320159.641114,10002,eba1d3ba-919a-4842-a9ef-c330d29e6210,worker_1,worker_1,DISK_LOAD,5.322544,0.041582,"Disk -> RAM [Model: eba1d3ba, Layer: a4583bae]"
320159.682696,10002,eba1d3ba-919a-4842-a9ef-c330d29e6210,worker_1,worker_1,MEM_MOVE,5.322544,0.041582,"RAM -> VRAM [Model: eba1d3ba, Layer: a4583bae]"
320159.732696,10002,eba1d3ba-919a-4842-a9ef-c330d29e6210,worker_1,worker_1,GPU_COMPUTE,0.050000,0.050000,GPU Compute
320159.890696,10002,eba1d3ba-919a-4842-a9ef-c330d29e6210,worker_1,coordinator_0,NET_TRANSFER,0.000100,0.158000,Signal Finished
320894.771018,10002,eba1d3ba-919a-4842-a9ef-c330d29e6210,coordinator_0,worker_2,NET_TRANSFER,9.184129,734.880322,Distribute Layer ID: 7b0f742f
320894.842769,10002,eba1d3ba-919a-4842-a9ef-c330d29e6210,worker_2,worker_2,DISK_LOAD,9.184129,0.071751,"Disk -> RAM [Model: eba1d3ba, Layer: 7b0f742f]"
320894.914520,10002,eba1d3ba-919a-4842-a9ef-c330d29e6210,worker_2,worker_2,MEM_MOVE,9.184129,0.071751,"RAM -> VRAM [Model: eba1d3ba, Layer: 7b0f742f]"
320894.964520,10002,eba1d3ba-919a-4842-a9ef-c330d29e6210,worker_2,worker_2,GPU_COMPUTE,0.050000,0.050000,GPU Compute
320895.122520,10002,eba1d3ba-919a-4842-a9ef-c330d29e6210,worker_2,coordinator_0,NET_TRANSFER,0.000100,0.158000,Signal Finished
321925.011673,10002,eba1d3ba-919a-4842-a9ef-c330d29e6210,coordinator_0,worker_3,NET_TRANSFER,12.871739,1029.889152,Distribute Layer ID: 06e055f3
321925.112233,10002,eba1d3ba-919a-4842-a9ef-c330d29e6210,worker_3,worker_3,DISK_LOAD,12.871739,0.100560,"Disk -> RAM [Model: eba1d3ba, Layer: 06e055f3]"
321925.212794,10002,eba1d3ba-919a-4842-a9ef-c330d29e6210,worker_3,worker_3,MEM_MOVE,12.871739,0.100560,"RAM -> VRAM [Model: eba1d3ba, Layer: 06e055f3]"
321925.262794,10002,eba1d3ba-919a-4842-a9ef-c330d29e6210,worker_3,worker_3,GPU_COMPUTE,0.050000,0.050000,GPU Compute
321925.420794,10002,eba1d3ba-919a-4842-a9ef-c330d29e6210,worker_3,coordinator_0,NET_TRANSFER,0.000100,0.158000,Signal Finished
322315.475621,10002,eba1d3ba-919a-4842-a9ef-c330d29e6210,coordinator_0,worker_4,NET_TRANSFER,4.873810,390.054827,Distribute Layer ID: 1cdcb51f
322315.513697,10002,eba1d3ba-919a-4842-a9ef-c330d29e6210,worker_4,worker_4,DISK_LOAD,4.873810,0.038077,"Disk -> RAM [Model: eba1d3ba, Layer: 1cdcb51f]"
322315.551774,10002,eba1d3ba-919a-4842-a9ef-c330d29e6210,worker_4,worker_4,MEM_MOVE,4.873810,0.038077,"RAM -> VRAM [Model: eba1d3ba, Layer: 1cdcb51f]"
322315.601774,10002,eba1d3ba-919a-4842-a9ef-c330d29e6210,worker_4,worker_4,GPU_COMPUTE,0.050000,0.050000,GPU Compute
322315.759774,10002,eba1d3ba-919a-4842-a9ef-c330d29e6210,worker_4,coordinator_0,NET_TRANSFER,0.000100,0.158000,Signal Finished
322773.174813,10002,eba1d3ba-919a-4842-a9ef-c330d29e6210,coordinator_0,worker_1,NET_TRANSFER,5.715813,457.415039,Distribute Layer ID: ad274b0d
322773.219468,10002,eba1d3ba-919a-4842-a9ef-c330d29e6210,worker_1,worker_1,DISK_LOAD,5.715813,0.044655,"Disk -> RAM [Model: eba1d3ba, Layer: ad274b0d]"
322773.264123,10002,eba1d3ba-919a-4842-a9ef-c330d29e6210,worker_1,worker_1,MEM_MOVE,5.715813,0.044655,"RAM -> VRAM [Model: eba1d3ba, Layer: ad274b0d]"
322773.314123,10002,eba1d3ba-919a-4842-a9ef-c330d29e6210,worker_1,worker_1,GPU_COMPUTE,0.050000,0.050000,GPU Compute
322773.472123,10002,eba1d3ba-919a-4842-a9ef-c330d29e6210,worker_1,coordinator_0,NET_TRANSFER,0.000100,0.158000,Signal Finished
323157.288913,10002,eba1d3ba-919a-4842-a9ef-c330d29e6210,coordinator_0,worker_2,NET_TRANSFER,4.795835,383.816790,Distribute Layer ID: 1540928d
323157.326380,10002,eba1d3ba-919a-4842-a9ef-c330d29e6210,worker_2,worker_2,DISK_LOAD,4.795835,0.037467,"Disk -> RAM [Model: eba1d3ba, Layer: 1540928d]"
323157.363848,10002,eba1d3ba-919a-4842-a9ef-c330d29e6210,worker_2,worker_2,MEM_MOVE,4.795835,0.037467,"RAM -> VRAM [Model: eba1d3ba, Layer: 1540928d]"
323157.413848,10002,eba1d3ba-919a-4842-a9ef-c330d29e6210,worker_2,worker_2,GPU_COMPUTE,0.050000,0.050000,GPU Compute
323157.571848,10002,eba1d3ba-919a-4842-a9ef-c330d29e6210,worker_2,coordinator_0,NET_TRANSFER,0.000100,0.158000,Signal Finished
324183.344407,10002,eba1d3ba-919a-4842-a9ef-c330d29e6210,coordinator_0,worker_3,NET_TRANSFER,12.820282,1025.772559,Distribute Layer ID: 3fd33dd0
324183.444565,10002,eba1d3ba-919a-4842-a9ef-c330d29e6210,worker_3,worker_3,DISK_LOAD,12.820282,0.100158,"Disk -> RAM [Model: eba1d3ba, Layer: 3fd33dd0]"
324183.544724,10002,eba1d3ba-919a-4842-a9ef-c330d29e6210,worker_3,worker_3,MEM_MOVE,12.820282,0.100158,"RAM -> VRAM [Model: eba1d3ba, Layer: 3fd33dd0]"
324183.594724,10002,eba1d3ba-919a-4842-a9ef-c330d29e6210,worker_3,worker_3,GPU_COMPUTE,0.050000,0.050000,GPU Compute
324183.752724,10002,eba1d3ba-919a-4842-a9ef-c330d29e6210,worker_3,coordinator_0,NET_TRANSFER,0.000100,0.158000,Signal Finished
325272.729490,10002,eba1d3ba-919a-4842-a9ef-c330d29e6210,coordinator_0,worker_4,NET_TRANSFER,13.610335,1088.976766,Distribute Layer ID: 43a0a363
325272.835821,10002,eba1d3ba-919a-4842-a9ef-c330d29e6210,worker_4,worker_4,DISK_LOAD,13.610335,0.106331,"Disk -> RAM [Model: eba1d3ba, Layer: 43a0a363]"
325272.942151,10002,eba1d3ba-919a-4842-a9ef-c330d29e6210,worker_4,worker_4,MEM_MOVE,13.610335,0.106331,"RAM -> VRAM [Model: eba1d3ba, Layer: 43a0a363]"
325272.992151,10002,eba1d3ba-919a-4842-a9ef-c330d29e6210,worker_4,worker_4,GPU_COMPUTE,0.050000,0.050000,GPU Compute
325273.150151,10002,eba1d3ba-919a-4842-a9ef-c330d29e6210,worker_4,coordinator_0,NET_TRANSFER,0.000100,0.158000,Signal Finished
325886.852816,10002,eba1d3ba-919a-4842-a9ef-c330d29e6210,coordinator_0,worker_1,NET_TRANSFER,7.669408,613.702664,Distribute Layer ID: 8ce7ccfb
325886.912733,10002,eba1d3ba-919a-4842-a9ef-c330d29e6210,worker_1,worker_1,DISK_LOAD,7.669408,0.059917,"Disk -> RAM [Model: eba1d3ba, Layer: 8ce7ccfb]"
325886.972650,10002,eba1d3ba-919a-4842-a9ef-c330d29e6210,worker_1,worker_1,MEM_MOVE,7.669408,0.059917,"RAM -> VRAM [Model: eba1d3ba, Layer: 8ce7ccfb]"
325887.022650,10002,eba1d3ba-919a-4842-a9ef-c330d29e6210,worker_1,worker_1,GPU_COMPUTE,0.050000,0.050000,GPU Compute
325887.180650,10002,eba1d3ba-919a-4842-a9ef-c330d29e6210,worker_1,coordinator_0,NET_TRANSFER,0.000100,0.158000,Signal Finished
326480.695471,10002,eba1d3ba-919a-4842-a9ef-c330d29e6210,coordinator_0,worker_2,NET_TRANSFER,7.417060,593.514821,Distribute Layer ID: 24ecf4d7
326480.753417,10002,eba1d3ba-919a-4842-a9ef-c330d29e6210,worker_2,worker_2,DISK_LOAD,7.417060,0.057946,"Disk -> RAM [Model: eba1d3ba, Layer: 24ecf4d7]"
326480.811363,10002,eba1d3ba-919a-4842-a9ef-c330d29e6210,worker_2,worker_2,MEM_MOVE,7.417060,0.057946,"RAM -> VRAM [Model: eba1d3ba, Layer: 24ecf4d7]"
326480.861363,10002,eba1d3ba-919a-4842-a9ef-c330d29e6210,worker_2,worker_2,GPU_COMPUTE,0.050000,0.050000,GPU Compute
326481.019363,10002,eba1d3ba-919a-4842-a9ef-c330d29e6210,worker_2,coordinator_0,NET_TRANSFER,0.000100,0.158000,Signal Finished
327622.518771,10002,eba1d3ba-919a-4842-a9ef-c330d29e6210,coordinator_0,worker_3,NET_TRANSFER,14.266868,1141.499408,Distribute Layer ID: cae3c670
327622.630231,10002,eba1d3ba-919a-4842-a9ef-c330d29e6210,worker_3,worker_3,DISK_LOAD,14.266868,0.111460,"Disk -> RAM [Model: eba1d3ba, Layer: cae3c670]"
327622.741691,10002,eba1d3ba-919a-4842-a9ef-c330d29e6210,worker_3,worker_3,MEM_MOVE,14.266868,0.111460,"RAM -> VRAM [Model: eba1d3ba, Layer: cae3c670]"
327622.791691,10002,eba1d3ba-919a-4842-a9ef-c330d29e6210,worker_3,worker_3,GPU_COMPUTE,0.050000,0.050000,GPU Compute
327622.949691,10002,eba1d3ba-919a-4842-a9ef-c330d29e6210,worker_3,coordinator_0,NET_TRANSFER,0.000100,0.158000,Signal Finished
328504.309030,10002,eba1d3ba-919a-4842-a9ef-c330d29e6210,coordinator_0,worker_4,NET_TRANSFER,11.015117,881.359339,Distribute Layer ID: 13679a98
328504.395086,10002,eba1d3ba-919a-4842-a9ef-c330d29e6210,worker_4,worker_4,DISK_LOAD,11.015117,0.086056,"Disk -> RAM [Model: eba1d3ba, Layer: 13679a98]"
328504.481141,10002,eba1d3ba-919a-4842-a9ef-c330d29e6210,worker_4,worker_4,MEM_MOVE,11.015117,0.086056,"RAM -> VRAM [Model: eba1d3ba, Layer: 13679a98]"
328504.531141,10002,eba1d3ba-919a-4842-a9ef-c330d29e6210,worker_4,worker_4,GPU_COMPUTE,0.050000,0.050000,GPU Compute
328504.689141,10002,eba1d3ba-919a-4842-a9ef-c330d29e6210,worker_4,coordinator_0,NET_TRANSFER,0.000100,0.158000,Signal Finished
329312.167561,10002,eba1d3ba-919a-4842-a9ef-c330d29e6210,coordinator_0,worker_1,NET_TRANSFER,10.091605,807.478420,Distribute Layer ID: bc7ef1cc
329312.246402,10002,eba1d3ba-919a-4842-a9ef-c330d29e6210,worker_1,worker_1,DISK_LOAD,10.091605,0.078841,"Disk -> RAM [Model: eba1d3ba, Layer: bc7ef1cc]"
329312.325243,10002,eba1d3ba-919a-4842-a9ef-c330d29e6210,worker_1,worker_1,MEM_MOVE,10.091605,0.078841,"RAM -> VRAM [Model: eba1d3ba, Layer: bc7ef1cc]"
329312.375243,10002,eba1d3ba-919a-4842-a9ef-c330d29e6210,worker_1,worker_1,GPU_COMPUTE,0.050000,0.050000,GPU Compute
329312.533243,10002,eba1d3ba-919a-4842-a9ef-c330d29e6210,worker_1,coordinator_0,NET_TRANSFER,0.000100,0.158000,Signal Finished
329981.061956,10002,eba1d3ba-919a-4842-a9ef-c330d29e6210,coordinator_0,worker_2,NET_TRANSFER,8.354734,668.528713,Distribute Layer ID: ad01fb4f
329981.127227,10002,eba1d3ba-919a-4842-a9ef-c330d29e6210,worker_2,worker_2,DISK_LOAD,8.354734,0.065271,"Disk -> RAM [Model: eba1d3ba, Layer: ad01fb4f]"
329981.192499,10002,eba1d3ba-919a-4842-a9ef-c330d29e6210,worker_2,worker_2,MEM_MOVE,8.354734,0.065271,"RAM -> VRAM [Model: eba1d3ba, Layer: ad01fb4f]"
329981.242499,10002,eba1d3ba-919a-4842-a9ef-c330d29e6210,worker_2,worker_2,GPU_COMPUTE,0.050000,0.050000,GPU Compute
329981.400499,10002,eba1d3ba-919a-4842-a9ef-c330d29e6210,worker_2,coordinator_0,NET_TRANSFER,0.000100,0.158000,Signal Finished
330414.504707,10002,eba1d3ba-919a-4842-a9ef-c330d29e6210,coordinator_0,worker_3,NET_TRANSFER,5.411928,433.104208,Distribute Layer ID: 755a4c37
330414.546988,10002,eba1d3ba-919a-4842-a9ef-c330d29e6210,worker_3,worker_3,DISK_LOAD,5.411928,0.042281,"Disk -> RAM [Model: eba1d3ba, Layer: 755a4c37]"
330414.589268,10002,eba1d3ba-919a-4842-a9ef-c330d29e6210,worker_3,worker_3,MEM_MOVE,5.411928,0.042281,"RAM -> VRAM [Model: eba1d3ba, Layer: 755a4c37]"
330414.639268,10002,eba1d3ba-919a-4842-a9ef-c330d29e6210,worker_3,worker_3,GPU_COMPUTE,0.050000,0.050000,GPU Compute
330414.797268,10002,eba1d3ba-919a-4842-a9ef-c330d29e6210,worker_3,coordinator_0,NET_TRANSFER,0.000100,0.158000,Signal Finished
330414.955268,3002,d2ec7b2c-cdb3-4f96-85b6-21e8bf2a8bf1,client_3,coordinator_0,NET_TRANSFER,0.000100,0.158000,Request Model ID
330415.113268,3001,c1f331fd-dae8-4a0c-a4b8-442d0de2f074,client_3,coordinator_0,NET_TRANSFER,0.000100,0.158000,Request Model ID
330415.271268,3005,bd0fe85f-b6d9-4f3c-8db0-9ecfb784ba2e,client_3,coordinator_0,NET_TRANSFER,0.000100,0.158000,Request Model ID
330415.429268,10000,67bf6221-47da-46c6-b439-f7ec4d397e34,client_10,coordinator_0,NET_TRANSFER,0.000100,0.158000,Request Model ID
330415.587268,3003,a9b1f43a-82c4-4d1d-bd87-405e476649ba,client_3,coordinator_0,NET_TRANSFER,0.000100,0.158000,Request Model ID
330415.745268,3000,cb0e586c-db32-4271-b126-daefaa1d4f2e,client_3,coordinator_0,NET_TRANSFER,0.000100,0.158000,Request Model ID
330415.903268,3004,0202d1be-57f1-4f1f-8f1e-7524e26f8511,client_3,coordinator_0,NET_TRANSFER,0.000100,0.158000,Request Model ID
330416.061268,6002,763c5430-2496-448b-a683-d0d7f5fb19c5,client_6,coordinator_0,NET_TRANSFER,0.000100,0.158000,Request Model ID
330416.219268,1000,fdf7e25e-50d7-4d28-87e4-0a3e9f225f6d,coordinator_0,client_1,NET_TRANSFER,0.000100,0.158000,Signal: Cache Miss / Request Weights
370894.026687,1000,fdf7e25e-50d7-4d28-87e4-0a3e9f225f6d,client_1,coordinator_0,NET_TRANSFER,505.970718,40477.807419,Upload Model Weights
370894.184687,4000,a8ba7fe6-cf1b-4bd8-8eb3-93d785a6a368,client_4,coordinator_0,NET_TRANSFER,0.000100,0.158000,Request Model ID
370894.342687,5000,a4823978-a2c4-48a1-9b69-d669eaa0c975,client_5,coordinator_0,NET_TRANSFER,0.000100,0.158000,Request Model ID
370894.500687,5000,80b82154-4834-4451-9556-a24182c28021,client_5,coordinator_0,NET_TRANSFER,0.000100,0.158000,Request Model ID
370894.658687,5000,80b82154-4834-4451-9556-a24182c28021,client_5,coordinator_0,NET_TRANSFER,0.000100,0.158000,Request Model ID
370894.816687,2002,a9b1f43a-82c4-4d1d-bd87-405e476649ba,client_2,coordinator_0,NET_TRANSFER,0.000100,0.158000,Request Model ID
370894.974687,6003,0b40f8e4-9fa9-4827-ac63-2e9538fde8e3,client_6,coordinator_0,NET_TRANSFER,0.000100,0.158000,Request Model ID
370895.132687,6000,d33ad976-8863-427a-b110-cd6274e728a2,client_6,coordinator_0,NET_TRANSFER,0.000100,0.158000,Request Model ID
370895.290687,6000,cb0e586c-db32-4271-b126-daefaa1d4f2e,client_6,coordinator_0,NET_TRANSFER,0.000100,0.158000,Request Model ID
370895.448687,4000,67bf6221-47da-46c6-b439-f7ec4d397e34,client_4,coordinator_0,NET_TRANSFER,0.000100,0.158000,Request Model ID
370895.606687,5000,890e14be-f2f8-43e3-acda-4c3ee0c5e198,client_5,coordinator_0,NET_TRANSFER,0.000100,0.158000,Request Model ID
370895.764687,7000,fdf7e25e-50d7-4d28-87e4-0a3e9f225f6d,client_7,coordinator_0,NET_TRANSFER,0.000100,0.158000,Request Model ID
370895.922687,8000,a8ba7fe6-cf1b-4bd8-8eb3-93d785a6a368,client_8,coordinator_0,NET_TRANSFER,0.000100,0.158000,Request Model ID
370896.080687,6002,fdf7e25e-50d7-4d28-87e4-0a3e9f225f6d,client_6,coordinator_0,NET_TRANSFER,0.000100,0.158000,Request Model ID
370896.238687,3000,67bf6221-47da-46c6-b439-f7ec4d397e34,client_3,coordinator_0,NET_TRANSFER,0.000100,0.158000,Request Model ID
370896.396687,3003,24477525-15aa-45c9-b3f5-bf3100631325,client_3,coordinator_0,NET_TRANSFER,0.000100,0.158000,Request Model ID
370896.554687,9000,90e40606-90f1-4d53-b5ed-d9c571fa770a,client_9,coordinator_0,NET_TRANSFER,0.000100,0.158000,Request Model ID
370896.712687,5002,a9b1f43a-82c4-4d1d-bd87-405e476649ba,client_5,coordinator_0,NET_TRANSFER,0.000100,0.158000,Request Model ID
370896.870687,8001,a4823978-a2c4-48a1-9b69-d669eaa0c975,client_8,coordinator_0,NET_TRANSFER,0.000100,0.158000,Request Model ID
370897.028687,6001,fdf7e25e-50d7-4d28-87e4-0a3e9f225f6d,client_6,coordinator_0,NET_TRANSFER,0.000100,0.158000,Request Model ID
370897.186687,8001,a8ba7fe6-cf1b-4bd8-8eb3-93d785a6a368,client_8,coordinator_0,NET_TRANSFER,0.000100,0.158000,Request Model ID
370897.344687,9000,a8ba7fe6-cf1b-4bd8-8eb3-93d785a6a368,client_9,coordinator_0,NET_TRANSFER,0.000100,0.158000,Request Model ID
370897.502687,2002,0e97554b-58a8-431f-a6d1-c77d137c3daf,client_2,coordinator_0,NET_TRANSFER,0.000100,0.158000,Request Model ID
370897.660687,2008,67051128-263c-4db9-90c7-71ace6995998,client_2,coordinator_0,NET_TRANSFER,0.000100,0.158000,Request Model ID
370897.818687,2007,fdf7e25e-50d7-4d28-87e4-0a3e9f225f6d,client_2,coordinator_0,NET_TRANSFER,0.000100,0.158000,Request Model ID
370897.976687,7000,cb0e586c-db32-4271-b126-daefaa1d4f2e,client_7,coordinator_0,NET_TRANSFER,0.000100,0.158000,Request Model ID
370898.134687,9000,5fce313d-48c9-4d76-b78a-3f6814d6b39b,client_9,coordinator_0,NET_TRANSFER,0.000100,0.158000,Request Model ID
370898.292687,2003,5fce313d-48c9-4d76-b78a-3f6814d6b39b,client_2,coordinator_0,NET_TRANSFER,0.000100,0.158000,Request Model ID
370898.450687,3003,90e40606-90f1-4d53-b5ed-d9c571fa770a,client_3,coordinator_0,NET_TRANSFER,0.000100,0.158000,Request Model ID
370898.608687,9001,a4823978-a2c4-48a1-9b69-d669eaa0c975,client_9,coordinator_0,NET_TRANSFER,0.000100,0.158000,Request Model ID
370898.766687,3004,cb0e586c-db32-4271-b126-daefaa1d4f2e,client_3,coordinator_0,NET_TRANSFER,0.000100,0.158000,Request Model ID
