VirtualTime_Sec,RequestID,ModelID,OriginNode,EndNode,Operation,Size_GB,Duration_Sec,Description
0.158000,1000,5db32043-be1a-4e02-ad7f-c6e5724beb16,client_1,coordinator_0,NET_TRANSFER,0.000100,0.158000,Request Model ID
0.316000,1000,5db32043-be1a-4e02-ad7f-c6e5724beb16,coordinator_0,client_1,NET_TRANSFER,0.000100,0.158000,Signal: Cache Miss / Request Weights
26050.033819,1000,5db32043-be1a-4e02-ad7f-c6e5724beb16,client_1,coordinator_0,NET_TRANSFER,325.619598,26049.717819,Upload Model Weights
26451.025744,1000,5db32043-be1a-4e02-ad7f-c6e5724beb16,coordinator_0,worker_2,NET_TRANSFER,5.010524,400.991924,Distribute Layer ID: 8d951d13
26451.064888,1000,5db32043-be1a-4e02-ad7f-c6e5724beb16,worker_2,worker_2,DISK_LOAD,5.010524,0.039145,"Disk -> RAM [Model: 5db32043, Layer: 8d951d13]"
26451.104033,1000,5db32043-be1a-4e02-ad7f-c6e5724beb16,worker_2,worker_2,MEM_MOVE,5.010524,0.039145,"RAM -> VRAM [Model: 5db32043, Layer: 8d951d13]"
26451.154033,1000,5db32043-be1a-4e02-ad7f-c6e5724beb16,worker_2,worker_2,GPU_COMPUTE,0.050000,0.050000,GPU Compute
26451.312033,1000,5db32043-be1a-4e02-ad7f-c6e5724beb16,worker_2,coordinator_0,NET_TRANSFER,0.000100,0.158000,Signal Finished
27090.973033,1000,5db32043-be1a-4e02-ad7f-c6e5724beb16,coordinator_0,worker_3,NET_TRANSFER,7.993888,639.661000,Distribute Layer ID: f1f5b356
27091.035486,1000,5db32043-be1a-4e02-ad7f-c6e5724beb16,worker_3,worker_3,DISK_LOAD,7.993888,0.062452,"Disk -> RAM [Model: 5db32043, Layer: f1f5b356]"
27091.097938,1000,5db32043-be1a-4e02-ad7f-c6e5724beb16,worker_3,worker_3,MEM_MOVE,7.993888,0.062452,"RAM -> VRAM [Model: 5db32043, Layer: f1f5b356]"
27091.147938,1000,5db32043-be1a-4e02-ad7f-c6e5724beb16,worker_3,worker_3,GPU_COMPUTE,0.050000,0.050000,GPU Compute
27091.305938,1000,5db32043-be1a-4e02-ad7f-c6e5724beb16,worker_3,coordinator_0,NET_TRANSFER,0.000100,0.158000,Signal Finished
27584.351288,1000,5db32043-be1a-4e02-ad7f-c6e5724beb16,coordinator_0,worker_4,NET_TRANSFER,6.161192,493.045350,Distribute Layer ID: 08675bb2
27584.399423,1000,5db32043-be1a-4e02-ad7f-c6e5724beb16,worker_4,worker_4,DISK_LOAD,6.161192,0.048134,"Disk -> RAM [Model: 5db32043, Layer: 08675bb2]"
27584.447557,1000,5db32043-be1a-4e02-ad7f-c6e5724beb16,worker_4,worker_4,MEM_MOVE,6.161192,0.048134,"RAM -> VRAM [Model: 5db32043, Layer: 08675bb2]"
27584.497557,1000,5db32043-be1a-4e02-ad7f-c6e5724beb16,worker_4,worker_4,GPU_COMPUTE,0.050000,0.050000,GPU Compute
27584.655557,1000,5db32043-be1a-4e02-ad7f-c6e5724beb16,worker_4,coordinator_0,NET_TRANSFER,0.000100,0.158000,Signal Finished
28444.494168,1000,5db32043-be1a-4e02-ad7f-c6e5724beb16,coordinator_0,worker_1,NET_TRANSFER,10.746108,859.838611,Distribute Layer ID: e750654f
28444.578122,1000,5db32043-be1a-4e02-ad7f-c6e5724beb16,worker_1,worker_1,DISK_LOAD,10.746108,0.083954,"Disk -> RAM [Model: 5db32043, Layer: e750654f]"
28444.662076,1000,5db32043-be1a-4e02-ad7f-c6e5724beb16,worker_1,worker_1,MEM_MOVE,10.746108,0.083954,"RAM -> VRAM [Model: 5db32043, Layer: e750654f]"
28444.820076,3000,d30af60d-f79e-45ce-a754-bfdfcd8b236c,client_3,coordinator_0,NET_TRANSFER,0.000100,0.158000,Request Model ID
28444.870076,1000,5db32043-be1a-4e02-ad7f-c6e5724beb16,worker_1,worker_1,GPU_COMPUTE,0.050000,0.050000,GPU Compute
28445.028076,1000,5db32043-be1a-4e02-ad7f-c6e5724beb16,worker_1,coordinator_0,NET_TRANSFER,0.000100,0.158000,Signal Finished
29561.670174,1000,5db32043-be1a-4e02-ad7f-c6e5724beb16,coordinator_0,worker_2,NET_TRANSFER,13.956151,1116.642098,Distribute Layer ID: 9f704cdf
29561.779206,1000,5db32043-be1a-4e02-ad7f-c6e5724beb16,worker_2,worker_2,DISK_LOAD,13.956151,0.109032,"Disk -> RAM [Model: 5db32043, Layer: 9f704cdf]"
29561.888238,1000,5db32043-be1a-4e02-ad7f-c6e5724beb16,worker_2,worker_2,MEM_MOVE,13.956151,0.109032,"RAM -> VRAM [Model: 5db32043, Layer: 9f704cdf]"
29561.938238,1000,5db32043-be1a-4e02-ad7f-c6e5724beb16,worker_2,worker_2,GPU_COMPUTE,0.050000,0.050000,GPU Compute
29562.096238,1000,5db32043-be1a-4e02-ad7f-c6e5724beb16,worker_2,coordinator_0,NET_TRANSFER,0.000100,0.158000,Signal Finished
30649.521146,1000,5db32043-be1a-4e02-ad7f-c6e5724beb16,coordinator_0,worker_3,NET_TRANSFER,13.590936,1087.424908,Distribute Layer ID: 4cc2d027
30649.627325,1000,5db32043-be1a-4e02-ad7f-c6e5724beb16,worker_3,worker_3,DISK_LOAD,13.590936,0.106179,"Disk -> RAM [Model: 5db32043, Layer: 4cc2d027]"
30649.733504,1000,5db32043-be1a-4e02-ad7f-c6e5724beb16,worker_3,worker_3,MEM_MOVE,13.590936,0.106179,"RAM -> VRAM [Model: 5db32043, Layer: 4cc2d027]"
30649.783504,1000,5db32043-be1a-4e02-ad7f-c6e5724beb16,worker_3,worker_3,GPU_COMPUTE,0.050000,0.050000,GPU Compute
30649.941504,1000,5db32043-be1a-4e02-ad7f-c6e5724beb16,worker_3,coordinator_0,NET_TRANSFER,0.000100,0.158000,Signal Finished
31567.657162,1000,5db32043-be1a-4e02-ad7f-c6e5724beb16,coordinator_0,worker_4,NET_TRANSFER,11.469571,917.715658,Distribute Layer ID: 1873a3f5
31567.746768,1000,5db32043-be1a-4e02-ad7f-c6e5724beb16,worker_4,worker_4,DISK_LOAD,11.469571,0.089606,"Disk -> RAM [Model: 5db32043, Layer: 1873a3f5]"
31567.836374,1000,5db32043-be1a-4e02-ad7f-c6e5724beb16,worker_4,worker_4,MEM_MOVE,11.469571,0.089606,"RAM -> VRAM [Model: 5db32043, Layer: 1873a3f5]"
31567.886374,1000,5db32043-be1a-4e02-ad7f-c6e5724beb16,worker_4,worker_4,GPU_COMPUTE,0.050000,0.050000,GPU Compute
31568.044374,1000,5db32043-be1a-4e02-ad7f-c6e5724beb16,worker_4,coordinator_0,NET_TRANSFER,0.000100,0.158000,Signal Finished
31568.202374,6000,773a6b7b-bf00-48fc-ba23-a7d203f1988c,client_6,coordinator_0,NET_TRANSFER,0.000100,0.158000,Request Model ID
32330.271883,1000,5db32043-be1a-4e02-ad7f-c6e5724beb16,coordinator_0,worker_1,NET_TRANSFER,9.523994,762.069508,Distribute Layer ID: ef1bf976
32330.346289,1000,5db32043-be1a-4e02-ad7f-c6e5724beb16,worker_1,worker_1,DISK_LOAD,9.523994,0.074406,"Disk -> RAM [Model: 5db32043, Layer: ef1bf976]"
32330.504289,6000,191057b3-0973-4b0f-a672-be9b4f920841,client_6,coordinator_0,NET_TRANSFER,0.000100,0.158000,Request Model ID
32330.662289,2000,773a6b7b-bf00-48fc-ba23-a7d203f1988c,client_2,coordinator_0,NET_TRANSFER,0.000100,0.158000,Request Model ID
32330.820289,2000,ccab57a6-d91e-4ce5-b062-d9fc9a27c1f3,client_2,coordinator_0,NET_TRANSFER,0.000100,0.158000,Request Model ID
32330.978289,3000,a2b2ef0d-c31e-424d-b040-3f53be25eca0,client_3,coordinator_0,NET_TRANSFER,0.000100,0.158000,Request Model ID
32331.136289,3000,857a7c42-2767-4bcd-b994-5f3357d596c5,client_3,coordinator_0,NET_TRANSFER,0.000100,0.158000,Request Model ID
32331.294289,3000,d4965426-a3d1-4387-b3b7-7043d09ef380,client_3,coordinator_0,NET_TRANSFER,0.000100,0.158000,Request Model ID
32331.452289,4000,44d6099b-c80b-4423-b304-b17e70c9816c,client_4,coordinator_0,NET_TRANSFER,0.000100,0.158000,Request Model ID
32331.610289,4000,465b0809-1f2a-4765-9c07-c91155ff513f,client_4,coordinator_0,NET_TRANSFER,0.000100,0.158000,Request Model ID
32331.768289,5000,6719b99a-d5dd-40b4-a9ed-2c8af6965e4a,client_5,coordinator_0,NET_TRANSFER,0.000100,0.158000,Request Model ID
32331.926289,9000,b707a332-9d3a-49c4-93ec-98a4b05713c0,client_9,coordinator_0,NET_TRANSFER,0.000100,0.158000,Request Model ID
32332.000695,1000,5db32043-be1a-4e02-ad7f-c6e5724beb16,worker_1,worker_1,MEM_MOVE,9.523994,0.074406,"RAM -> VRAM [Model: 5db32043, Layer: ef1bf976]"
32332.050695,1000,5db32043-be1a-4e02-ad7f-c6e5724beb16,worker_1,worker_1,GPU_COMPUTE,0.050000,0.050000,GPU Compute
32332.208695,1000,5db32043-be1a-4e02-ad7f-c6e5724beb16,worker_1,coordinator_0,NET_TRANSFER,0.000100,0.158000,Signal Finished
33200.323682,1000,5db32043-be1a-4e02-ad7f-c6e5724beb16,coordinator_0,worker_2,NET_TRANSFER,10.849562,868.114987,Distribute Layer ID: 1f985631
33200.408445,1000,5db32043-be1a-4e02-ad7f-c6e5724beb16,worker_2,worker_2,DISK_LOAD,10.849562,0.084762,"Disk -> RAM [Model: 5db32043, Layer: 1f985631]"
33200.493207,1000,5db32043-be1a-4e02-ad7f-c6e5724beb16,worker_2,worker_2,MEM_MOVE,10.849562,0.084762,"RAM -> VRAM [Model: 5db32043, Layer: 1f985631]"
33200.543207,1000,5db32043-be1a-4e02-ad7f-c6e5724beb16,worker_2,worker_2,GPU_COMPUTE,0.050000,0.050000,GPU Compute
33200.701207,1000,5db32043-be1a-4e02-ad7f-c6e5724beb16,worker_2,coordinator_0,NET_TRANSFER,0.000100,0.158000,Signal Finished
33200.859207,10000,ab9f6fc0-eb04-408e-bb43-f7fc434d8a00,client_10,coordinator_0,NET_TRANSFER,0.000100,0.158000,Request Model ID
33611.610347,1000,5db32043-be1a-4e02-ad7f-c6e5724beb16,coordinator_0,worker_3,NET_TRANSFER,5.132514,410.751140,Distribute Layer ID: 0f4d5d16
33611.768347,10000,209734fe-da0f-4c49-8ae8-1285e31e9d43,client_10,coordinator_0,NET_TRANSFER,0.000100,0.158000,Request Model ID
33611.926347,6000,b70fcdc0-fc91-45b9-929b-3db37d0b5f8f,client_6,coordinator_0,NET_TRANSFER,0.000100,0.158000,Request Model ID
33612.084347,2000,0e495248-1ee5-4d87-a50c-46b74e15adae,client_2,coordinator_0,NET_TRANSFER,0.000100,0.158000,Request Model ID
33612.242347,5000,465b0809-1f2a-4765-9c07-c91155ff513f,client_5,coordinator_0,NET_TRANSFER,0.000100,0.158000,Request Model ID
33612.282445,1000,5db32043-be1a-4e02-ad7f-c6e5724beb16,worker_3,worker_3,DISK_LOAD,5.132514,0.040098,"Disk -> RAM [Model: 5db32043, Layer: 0f4d5d16]"
33612.322543,1000,5db32043-be1a-4e02-ad7f-c6e5724beb16,worker_3,worker_3,MEM_MOVE,5.132514,0.040098,"RAM -> VRAM [Model: 5db32043, Layer: 0f4d5d16]"
33612.372543,1000,5db32043-be1a-4e02-ad7f-c6e5724beb16,worker_3,worker_3,GPU_COMPUTE,0.050000,0.050000,GPU Compute
33612.530543,1000,5db32043-be1a-4e02-ad7f-c6e5724beb16,worker_3,coordinator_0,NET_TRANSFER,0.000100,0.158000,Signal Finished
34757.427576,1000,5db32043-be1a-4e02-ad7f-c6e5724beb16,coordinator_0,worker_4,NET_TRANSFER,14.309338,1144.897033,Distribute Layer ID: 0728a5c7
34757.539368,1000,5db32043-be1a-4e02-ad7f-c6e5724beb16,worker_4,worker_4,DISK_LOAD,14.309338,0.111792,"Disk -> RAM [Model: 5db32043, Layer: 0728a5c7]"
34757.651160,1000,5db32043-be1a-4e02-ad7f-c6e5724beb16,worker_4,worker_4,MEM_MOVE,14.309338,0.111792,"RAM -> VRAM [Model: 5db32043, Layer: 0728a5c7]"
34757.701160,1000,5db32043-be1a-4e02-ad7f-c6e5724beb16,worker_4,worker_4,GPU_COMPUTE,0.050000,0.050000,GPU Compute
34757.859160,1000,5db32043-be1a-4e02-ad7f-c6e5724beb16,worker_4,coordinator_0,NET_TRANSFER,0.000100,0.158000,Signal Finished
35505.074252,1000,5db32043-be1a-4e02-ad7f-c6e5724beb16,coordinator_0,worker_1,NET_TRANSFER,9.338314,747.215092,Distribute Layer ID: 5c203e25
35505.147208,1000,5db32043-be1a-4e02-ad7f-c6e5724beb16,worker_1,worker_1,DISK_LOAD,9.338314,0.072956,"Disk -> RAM [Model: 5db32043, Layer: 5c203e25]"
35505.220163,1000,5db32043-be1a-4e02-ad7f-c6e5724beb16,worker_1,worker_1,MEM_MOVE,9.338314,0.072956,"RAM -> VRAM [Model: 5db32043, Layer: 5c203e25]"
35505.270163,1000,5db32043-be1a-4e02-ad7f-c6e5724beb16,worker_1,worker_1,GPU_COMPUTE,0.050000,0.050000,GPU Compute
35505.428163,1000,5db32043-be1a-4e02-ad7f-c6e5724beb16,worker_1,coordinator_0,NET_TRANSFER,0.000100,0.158000,Signal Finished
36276.658985,1000,5db32043-be1a-4e02-ad7f-c6e5724beb16,coordinator_0,worker_2,NET_TRANSFER,9.638510,771.230822,Distribute Layer ID: 2c5d9e7c
36276.734286,1000,5db32043-be1a-4e02-ad7f-c6e5724beb16,worker_2,worker_2,DISK_LOAD,9.638510,0.075301,"Disk -> RAM [Model: 5db32043, Layer: 2c5d9e7c]"
36276.809587,1000,5db32043-be1a-4e02-ad7f-c6e5724beb16,worker_2,worker_2,MEM_MOVE,9.638510,0.075301,"RAM -> VRAM [Model: 5db32043, Layer: 2c5d9e7c]"
36276.859587,1000,5db32043-be1a-4e02-ad7f-c6e5724beb16,worker_2,worker_2,GPU_COMPUTE,0.050000,0.050000,GPU Compute
36277.017587,1000,5db32043-be1a-4e02-ad7f-c6e5724beb16,worker_2,coordinator_0,NET_TRANSFER,0.000100,0.158000,Signal Finished
36939.394680,1000,5db32043-be1a-4e02-ad7f-c6e5724beb16,coordinator_0,worker_3,NET_TRANSFER,8.277839,662.377093,Distribute Layer ID: e9120f4c
36939.459351,1000,5db32043-be1a-4e02-ad7f-c6e5724beb16,worker_3,worker_3,DISK_LOAD,8.277839,0.064671,"Disk -> RAM [Model: 5db32043, Layer: e9120f4c]"
36939.524021,1000,5db32043-be1a-4e02-ad7f-c6e5724beb16,worker_3,worker_3,MEM_MOVE,8.277839,0.064671,"RAM -> VRAM [Model: 5db32043, Layer: e9120f4c]"
36939.574021,1000,5db32043-be1a-4e02-ad7f-c6e5724beb16,worker_3,worker_3,GPU_COMPUTE,0.050000,0.050000,GPU Compute
36939.732021,1000,5db32043-be1a-4e02-ad7f-c6e5724beb16,worker_3,coordinator_0,NET_TRANSFER,0.000100,0.158000,Signal Finished
37538.325740,1000,5db32043-be1a-4e02-ad7f-c6e5724beb16,coordinator_0,worker_4,NET_TRANSFER,7.480546,598.593719,Distribute Layer ID: a7704d09
37538.384182,1000,5db32043-be1a-4e02-ad7f-c6e5724beb16,worker_4,worker_4,DISK_LOAD,7.480546,0.058442,"Disk -> RAM [Model: 5db32043, Layer: a7704d09]"
37538.442624,1000,5db32043-be1a-4e02-ad7f-c6e5724beb16,worker_4,worker_4,MEM_MOVE,7.480546,0.058442,"RAM -> VRAM [Model: 5db32043, Layer: a7704d09]"
37538.492624,1000,5db32043-be1a-4e02-ad7f-c6e5724beb16,worker_4,worker_4,GPU_COMPUTE,0.050000,0.050000,GPU Compute
37538.650624,1000,5db32043-be1a-4e02-ad7f-c6e5724beb16,worker_4,coordinator_0,NET_TRANSFER,0.000100,0.158000,Signal Finished
38413.091881,1000,5db32043-be1a-4e02-ad7f-c6e5724beb16,coordinator_0,worker_1,NET_TRANSFER,10.928641,874.441257,Distribute Layer ID: e42b9c17
38413.177261,1000,5db32043-be1a-4e02-ad7f-c6e5724beb16,worker_1,worker_1,DISK_LOAD,10.928641,0.085380,"Disk -> RAM [Model: 5db32043, Layer: e42b9c17]"
38413.262641,1000,5db32043-be1a-4e02-ad7f-c6e5724beb16,worker_1,worker_1,MEM_MOVE,10.928641,0.085380,"RAM -> VRAM [Model: 5db32043, Layer: e42b9c17]"
38413.312641,1000,5db32043-be1a-4e02-ad7f-c6e5724beb16,worker_1,worker_1,GPU_COMPUTE,0.050000,0.050000,GPU Compute
38413.470641,1000,5db32043-be1a-4e02-ad7f-c6e5724beb16,worker_1,coordinator_0,NET_TRANSFER,0.000100,0.158000,Signal Finished
39097.315352,1000,5db32043-be1a-4e02-ad7f-c6e5724beb16,coordinator_0,worker_2,NET_TRANSFER,8.546184,683.844711,Distribute Layer ID: 349cca98
39097.382119,1000,5db32043-be1a-4e02-ad7f-c6e5724beb16,worker_2,worker_2,DISK_LOAD,8.546184,0.066767,"Disk -> RAM [Model: 5db32043, Layer: 349cca98]"
39097.448886,1000,5db32043-be1a-4e02-ad7f-c6e5724beb16,worker_2,worker_2,MEM_MOVE,8.546184,0.066767,"RAM -> VRAM [Model: 5db32043, Layer: 349cca98]"
39097.498886,1000,5db32043-be1a-4e02-ad7f-c6e5724beb16,worker_2,worker_2,GPU_COMPUTE,0.050000,0.050000,GPU Compute
39097.656886,1000,5db32043-be1a-4e02-ad7f-c6e5724beb16,worker_2,coordinator_0,NET_TRANSFER,0.000100,0.158000,Signal Finished
39675.183962,1000,5db32043-be1a-4e02-ad7f-c6e5724beb16,coordinator_0,worker_3,NET_TRANSFER,7.217213,577.527076,Distribute Layer ID: a6da7f1c
39675.240346,1000,5db32043-be1a-4e02-ad7f-c6e5724beb16,worker_3,worker_3,DISK_LOAD,7.217213,0.056384,"Disk -> RAM [Model: 5db32043, Layer: a6da7f1c]"
39675.398346,7000,857a7c42-2767-4bcd-b994-5f3357d596c5,client_7,coordinator_0,NET_TRANSFER,0.000100,0.158000,Request Model ID
39675.556346,7000,b70fcdc0-fc91-45b9-929b-3db37d0b5f8f,client_7,coordinator_0,NET_TRANSFER,0.000100,0.158000,Request Model ID
39675.714346,7000,773a6b7b-bf00-48fc-ba23-a7d203f1988c,client_7,coordinator_0,NET_TRANSFER,0.000100,0.158000,Request Model ID
39675.872346,4000,ab9f6fc0-eb04-408e-bb43-f7fc434d8a00,client_4,coordinator_0,NET_TRANSFER,0.000100,0.158000,Request Model ID
39676.030346,6000,6609f742-f82c-4319-a137-2138d96bee8c,client_6,coordinator_0,NET_TRANSFER,0.000100,0.158000,Request Model ID
39676.188346,1000,cc0dab58-f02c-469f-a696-153baf86d230,client_1,coordinator_0,NET_TRANSFER,0.000100,0.158000,Request Model ID
39676.346346,8000,6719b99a-d5dd-40b4-a9ed-2c8af6965e4a,client_8,coordinator_0,NET_TRANSFER,0.000100,0.158000,Request Model ID
39676.504346,8000,b707a332-9d3a-49c4-93ec-98a4b05713c0,client_8,coordinator_0,NET_TRANSFER,0.000100,0.158000,Request Model ID
39676.662346,8000,209734fe-da0f-4c49-8ae8-1285e31e9d43,client_8,coordinator_0,NET_TRANSFER,0.000100,0.158000,Request Model ID
39676.820346,8000,d4965426-a3d1-4387-b3b7-7043d09ef380,client_8,coordinator_0,NET_TRANSFER,0.000100,0.158000,Request Model ID
39676.978346,9000,ccab57a6-d91e-4ce5-b062-d9fc9a27c1f3,client_9,coordinator_0,NET_TRANSFER,0.000100,0.158000,Request Model ID
39677.136346,9000,d792f008-7d7c-4afc-8f2d-0ad5aeeddc59,client_9,coordinator_0,NET_TRANSFER,0.000100,0.158000,Request Model ID
39677.294346,9000,d95ac209-70ac-4366-b455-f005e41230be,client_9,coordinator_0,NET_TRANSFER,0.000100,0.158000,Request Model ID
39677.350731,1000,5db32043-be1a-4e02-ad7f-c6e5724beb16,worker_3,worker_3,MEM_MOVE,7.217213,0.056384,"RAM -> VRAM [Model: 5db32043, Layer: a6da7f1c]"
39677.400731,1000,5db32043-be1a-4e02-ad7f-c6e5724beb16,worker_3,worker_3,GPU_COMPUTE,0.050000,0.050000,GPU Compute
39677.558731,1000,5db32043-be1a-4e02-ad7f-c6e5724beb16,worker_3,coordinator_0,NET_TRANSFER,0.000100,0.158000,Signal Finished
40710.850728,1000,5db32043-be1a-4e02-ad7f-c6e5724beb16,coordinator_0,worker_4,NET_TRANSFER,12.914275,1033.291998,Distribute Layer ID: ffba9b06
40710.951621,1000,5db32043-be1a-4e02-ad7f-c6e5724beb16,worker_4,worker_4,DISK_LOAD,12.914275,0.100893,"Disk -> RAM [Model: 5db32043, Layer: ffba9b06]"
40711.052514,1000,5db32043-be1a-4e02-ad7f-c6e5724beb16,worker_4,worker_4,MEM_MOVE,12.914275,0.100893,"RAM -> VRAM [Model: 5db32043, Layer: ffba9b06]"
40711.102514,1000,5db32043-be1a-4e02-ad7f-c6e5724beb16,worker_4,worker_4,GPU_COMPUTE,0.050000,0.050000,GPU Compute
40711.260514,1000,5db32043-be1a-4e02-ad7f-c6e5724beb16,worker_4,coordinator_0,NET_TRANSFER,0.000100,0.158000,Signal Finished
41700.664725,1000,5db32043-be1a-4e02-ad7f-c6e5724beb16,coordinator_0,worker_1,NET_TRANSFER,12.365678,989.404211,Distribute Layer ID: d3a3bc39
41700.761332,1000,5db32043-be1a-4e02-ad7f-c6e5724beb16,worker_1,worker_1,DISK_LOAD,12.365678,0.096607,"Disk -> RAM [Model: 5db32043, Layer: d3a3bc39]"
41700.857939,1000,5db32043-be1a-4e02-ad7f-c6e5724beb16,worker_1,worker_1,MEM_MOVE,12.365678,0.096607,"RAM -> VRAM [Model: 5db32043, Layer: d3a3bc39]"
41700.907939,1000,5db32043-be1a-4e02-ad7f-c6e5724beb16,worker_1,worker_1,GPU_COMPUTE,0.050000,0.050000,GPU Compute
41701.065939,1000,5db32043-be1a-4e02-ad7f-c6e5724beb16,worker_1,coordinator_0,NET_TRANSFER,0.000100,0.158000,Signal Finished
42895.219349,1000,5db32043-be1a-4e02-ad7f-c6e5724beb16,coordinator_0,worker_2,NET_TRANSFER,14.925043,1194.153410,Distribute Layer ID: ab2eec4c
42895.335951,1000,5db32043-be1a-4e02-ad7f-c6e5724beb16,worker_2,worker_2,DISK_LOAD,14.925043,0.116602,"Disk -> RAM [Model: 5db32043, Layer: ab2eec4c]"
42895.452553,1000,5db32043-be1a-4e02-ad7f-c6e5724beb16,worker_2,worker_2,MEM_MOVE,14.925043,0.116602,"RAM -> VRAM [Model: 5db32043, Layer: ab2eec4c]"
42895.502553,1000,5db32043-be1a-4e02-ad7f-c6e5724beb16,worker_2,worker_2,GPU_COMPUTE,0.050000,0.050000,GPU Compute
42895.660553,1000,5db32043-be1a-4e02-ad7f-c6e5724beb16,worker_2,coordinator_0,NET_TRANSFER,0.000100,0.158000,Signal Finished
43383.682335,1000,5db32043-be1a-4e02-ad7f-c6e5724beb16,coordinator_0,worker_3,NET_TRANSFER,6.098397,488.021782,Distribute Layer ID: ff32ebf5
43383.729979,1000,5db32043-be1a-4e02-ad7f-c6e5724beb16,worker_3,worker_3,DISK_LOAD,6.098397,0.047644,"Disk -> RAM [Model: 5db32043, Layer: ff32ebf5]"
43383.777622,1000,5db32043-be1a-4e02-ad7f-c6e5724beb16,worker_3,worker_3,MEM_MOVE,6.098397,0.047644,"RAM -> VRAM [Model: 5db32043, Layer: ff32ebf5]"
43383.827622,1000,5db32043-be1a-4e02-ad7f-c6e5724beb16,worker_3,worker_3,GPU_COMPUTE,0.050000,0.050000,GPU Compute
43383.985622,1000,5db32043-be1a-4e02-ad7f-c6e5724beb16,worker_3,coordinator_0,NET_TRANSFER,0.000100,0.158000,Signal Finished
44440.374253,1000,5db32043-be1a-4e02-ad7f-c6e5724beb16,coordinator_0,worker_4,NET_TRANSFER,13.202983,1056.388630,Distribute Layer ID: 5e12c45c
44440.477401,1000,5db32043-be1a-4e02-ad7f-c6e5724beb16,worker_4,worker_4,DISK_LOAD,13.202983,0.103148,"Disk -> RAM [Model: 5db32043, Layer: 5e12c45c]"
44440.580549,1000,5db32043-be1a-4e02-ad7f-c6e5724beb16,worker_4,worker_4,MEM_MOVE,13.202983,0.103148,"RAM -> VRAM [Model: 5db32043, Layer: 5e12c45c]"
44440.630549,1000,5db32043-be1a-4e02-ad7f-c6e5724beb16,worker_4,worker_4,GPU_COMPUTE,0.050000,0.050000,GPU Compute
44440.788549,1000,5db32043-be1a-4e02-ad7f-c6e5724beb16,worker_4,coordinator_0,NET_TRANSFER,0.000100,0.158000,Signal Finished
45330.638787,1000,5db32043-be1a-4e02-ad7f-c6e5724beb16,coordinator_0,worker_1,NET_TRANSFER,11.121253,889.850238,Distribute Layer ID: bc5fe5d2
45330.725672,1000,5db32043-be1a-4e02-ad7f-c6e5724beb16,worker_1,worker_1,DISK_LOAD,11.121253,0.086885,"Disk -> RAM [Model: 5db32043, Layer: bc5fe5d2]"
45330.812557,1000,5db32043-be1a-4e02-ad7f-c6e5724beb16,worker_1,worker_1,MEM_MOVE,11.121253,0.086885,"RAM -> VRAM [Model: 5db32043, Layer: bc5fe5d2]"
45330.862557,1000,5db32043-be1a-4e02-ad7f-c6e5724beb16,worker_1,worker_1,GPU_COMPUTE,0.050000,0.050000,GPU Compute
45331.020557,1000,5db32043-be1a-4e02-ad7f-c6e5724beb16,worker_1,coordinator_0,NET_TRANSFER,0.000100,0.158000,Signal Finished
46325.039561,1000,5db32043-be1a-4e02-ad7f-c6e5724beb16,coordinator_0,worker_2,NET_TRANSFER,12.423363,994.019005,Distribute Layer ID: eeb5f6b0
46325.136619,1000,5db32043-be1a-4e02-ad7f-c6e5724beb16,worker_2,worker_2,DISK_LOAD,12.423363,0.097058,"Disk -> RAM [Model: 5db32043, Layer: eeb5f6b0]"
46325.233676,1000,5db32043-be1a-4e02-ad7f-c6e5724beb16,worker_2,worker_2,MEM_MOVE,12.423363,0.097058,"RAM -> VRAM [Model: 5db32043, Layer: eeb5f6b0]"
46325.283676,1000,5db32043-be1a-4e02-ad7f-c6e5724beb16,worker_2,worker_2,GPU_COMPUTE,0.050000,0.050000,GPU Compute
46325.441676,1000,5db32043-be1a-4e02-ad7f-c6e5724beb16,worker_2,coordinator_0,NET_TRANSFER,0.000100,0.158000,Signal Finished
46912.128202,1000,5db32043-be1a-4e02-ad7f-c6e5724beb16,coordinator_0,worker_3,NET_TRANSFER,7.331707,586.686526,Distribute Layer ID: ec9961c3
46912.185481,1000,5db32043-be1a-4e02-ad7f-c6e5724beb16,worker_3,worker_3,DISK_LOAD,7.331707,0.057279,"Disk -> RAM [Model: 5db32043, Layer: ec9961c3]"
46912.242760,1000,5db32043-be1a-4e02-ad7f-c6e5724beb16,worker_3,worker_3,MEM_MOVE,7.331707,0.057279,"RAM -> VRAM [Model: 5db32043, Layer: ec9961c3]"
46912.292760,1000,5db32043-be1a-4e02-ad7f-c6e5724beb16,worker_3,worker_3,GPU_COMPUTE,0.050000,0.050000,GPU Compute
46912.450760,1000,5db32043-be1a-4e02-ad7f-c6e5724beb16,worker_3,coordinator_0,NET_TRANSFER,0.000100,0.158000,Signal Finished
48028.292783,1000,5db32043-be1a-4e02-ad7f-c6e5724beb16,coordinator_0,worker_4,NET_TRANSFER,13.946150,1115.842023,Distribute Layer ID: 07f15934
48028.401737,1000,5db32043-be1a-4e02-ad7f-c6e5724beb16,worker_4,worker_4,DISK_LOAD,13.946150,0.108954,"Disk -> RAM [Model: 5db32043, Layer: 07f15934]"
48028.510692,1000,5db32043-be1a-4e02-ad7f-c6e5724beb16,worker_4,worker_4,MEM_MOVE,13.946150,0.108954,"RAM -> VRAM [Model: 5db32043, Layer: 07f15934]"
48028.560692,1000,5db32043-be1a-4e02-ad7f-c6e5724beb16,worker_4,worker_4,GPU_COMPUTE,0.050000,0.050000,GPU Compute
48028.718692,1000,5db32043-be1a-4e02-ad7f-c6e5724beb16,worker_4,coordinator_0,NET_TRANSFER,0.000100,0.158000,Signal Finished
48681.488692,1000,5db32043-be1a-4e02-ad7f-c6e5724beb16,coordinator_0,worker_1,NET_TRANSFER,8.157750,652.770000,Distribute Layer ID: 4ddf9104
48681.552424,1000,5db32043-be1a-4e02-ad7f-c6e5724beb16,worker_1,worker_1,DISK_LOAD,8.157750,0.063732,"Disk -> RAM [Model: 5db32043, Layer: 4ddf9104]"
48681.616157,1000,5db32043-be1a-4e02-ad7f-c6e5724beb16,worker_1,worker_1,MEM_MOVE,8.157750,0.063732,"RAM -> VRAM [Model: 5db32043, Layer: 4ddf9104]"
48681.666157,1000,5db32043-be1a-4e02-ad7f-c6e5724beb16,worker_1,worker_1,GPU_COMPUTE,0.050000,0.050000,GPU Compute
48681.824157,1000,5db32043-be1a-4e02-ad7f-c6e5724beb16,worker_1,coordinator_0,NET_TRANSFER,0.000100,0.158000,Signal Finished
49762.231856,1000,5db32043-be1a-4e02-ad7f-c6e5724beb16,coordinator_0,worker_2,NET_TRANSFER,13.503221,1080.407700,Distribute Layer ID: cd0879f3
49762.337350,1000,5db32043-be1a-4e02-ad7f-c6e5724beb16,worker_2,worker_2,DISK_LOAD,13.503221,0.105494,"Disk -> RAM [Model: 5db32043, Layer: cd0879f3]"
49762.442844,1000,5db32043-be1a-4e02-ad7f-c6e5724beb16,worker_2,worker_2,MEM_MOVE,13.503221,0.105494,"RAM -> VRAM [Model: 5db32043, Layer: cd0879f3]"
49762.492844,1000,5db32043-be1a-4e02-ad7f-c6e5724beb16,worker_2,worker_2,GPU_COMPUTE,0.050000,0.050000,GPU Compute
49762.650844,1000,5db32043-be1a-4e02-ad7f-c6e5724beb16,worker_2,coordinator_0,NET_TRANSFER,0.000100,0.158000,Signal Finished
50411.726841,1000,5db32043-be1a-4e02-ad7f-c6e5724beb16,coordinator_0,worker_3,NET_TRANSFER,8.111575,649.075997,Distribute Layer ID: 19b2a17f
50411.790213,1000,5db32043-be1a-4e02-ad7f-c6e5724beb16,worker_3,worker_3,DISK_LOAD,8.111575,0.063372,"Disk -> RAM [Model: 5db32043, Layer: 19b2a17f]"
50411.853584,1000,5db32043-be1a-4e02-ad7f-c6e5724beb16,worker_3,worker_3,MEM_MOVE,8.111575,0.063372,"RAM -> VRAM [Model: 5db32043, Layer: 19b2a17f]"
50411.903584,1000,5db32043-be1a-4e02-ad7f-c6e5724beb16,worker_3,worker_3,GPU_COMPUTE,0.050000,0.050000,GPU Compute
50412.061584,1000,5db32043-be1a-4e02-ad7f-c6e5724beb16,worker_3,coordinator_0,NET_TRANSFER,0.000100,0.158000,Signal Finished
50941.017969,1000,5db32043-be1a-4e02-ad7f-c6e5724beb16,coordinator_0,worker_4,NET_TRANSFER,6.610080,528.956385,Distribute Layer ID: bc505c3a
50941.069611,1000,5db32043-be1a-4e02-ad7f-c6e5724beb16,worker_4,worker_4,DISK_LOAD,6.610080,0.051641,"Disk -> RAM [Model: 5db32043, Layer: bc505c3a]"
50941.121252,1000,5db32043-be1a-4e02-ad7f-c6e5724beb16,worker_4,worker_4,MEM_MOVE,6.610080,0.051641,"RAM -> VRAM [Model: 5db32043, Layer: bc505c3a]"
50941.171252,1000,5db32043-be1a-4e02-ad7f-c6e5724beb16,worker_4,worker_4,GPU_COMPUTE,0.050000,0.050000,GPU Compute
50941.329252,1000,5db32043-be1a-4e02-ad7f-c6e5724beb16,worker_4,coordinator_0,NET_TRANSFER,0.000100,0.158000,Signal Finished
51588.444416,1000,5db32043-be1a-4e02-ad7f-c6e5724beb16,coordinator_0,worker_1,NET_TRANSFER,8.087065,647.115164,Distribute Layer ID: 1a6cf13a
51588.507596,1000,5db32043-be1a-4e02-ad7f-c6e5724beb16,worker_1,worker_1,DISK_LOAD,8.087065,0.063180,"Disk -> RAM [Model: 5db32043, Layer: 1a6cf13a]"
51588.570776,1000,5db32043-be1a-4e02-ad7f-c6e5724beb16,worker_1,worker_1,MEM_MOVE,8.087065,0.063180,"RAM -> VRAM [Model: 5db32043, Layer: 1a6cf13a]"
51588.620776,1000,5db32043-be1a-4e02-ad7f-c6e5724beb16,worker_1,worker_1,GPU_COMPUTE,0.050000,0.050000,GPU Compute
51588.778776,1000,5db32043-be1a-4e02-ad7f-c6e5724beb16,worker_1,coordinator_0,NET_TRANSFER,0.000100,0.158000,Signal Finished
52120.931538,1000,5db32043-be1a-4e02-ad7f-c6e5724beb16,coordinator_0,worker_2,NET_TRANSFER,6.650035,532.152762,Distribute Layer ID: 8168f780
52120.983491,1000,5db32043-be1a-4e02-ad7f-c6e5724beb16,worker_2,worker_2,DISK_LOAD,6.650035,0.051953,"Disk -> RAM [Model: 5db32043, Layer: 8168f780]"
52121.035445,1000,5db32043-be1a-4e02-ad7f-c6e5724beb16,worker_2,worker_2,MEM_MOVE,6.650035,0.051953,"RAM -> VRAM [Model: 5db32043, Layer: 8168f780]"
52121.085445,1000,5db32043-be1a-4e02-ad7f-c6e5724beb16,worker_2,worker_2,GPU_COMPUTE,0.050000,0.050000,GPU Compute
52121.243445,1000,5db32043-be1a-4e02-ad7f-c6e5724beb16,worker_2,coordinator_0,NET_TRANSFER,0.000100,0.158000,Signal Finished
52121.401445,10000,ab9f6fc0-eb04-408e-bb43-f7fc434d8a00,coordinator_0,client_10,NET_TRANSFER,0.000100,0.158000,Signal: Cache Miss / Request Weights
85704.215502,10000,ab9f6fc0-eb04-408e-bb43-f7fc434d8a00,client_10,coordinator_0,NET_TRANSFER,419.783301,33582.814058,Upload Model Weights
86076.440689,10000,ab9f6fc0-eb04-408e-bb43-f7fc434d8a00,coordinator_0,worker_4,NET_TRANSFER,4.650940,372.225186,Distribute Layer ID: 4ca35a08
86076.477024,10000,ab9f6fc0-eb04-408e-bb43-f7fc434d8a00,worker_4,worker_4,DISK_LOAD,4.650940,0.036335,"Disk -> RAM [Model: ab9f6fc0, Layer: 4ca35a08]"
86076.513360,10000,ab9f6fc0-eb04-408e-bb43-f7fc434d8a00,worker_4,worker_4,MEM_MOVE,4.650940,0.036335,"RAM -> VRAM [Model: ab9f6fc0, Layer: 4ca35a08]"
86076.563360,10000,ab9f6fc0-eb04-408e-bb43-f7fc434d8a00,worker_4,worker_4,GPU_COMPUTE,0.050000,0.050000,GPU Compute
86076.721360,10000,ab9f6fc0-eb04-408e-bb43-f7fc434d8a00,worker_4,coordinator_0,NET_TRANSFER,0.000100,0.158000,Signal Finished
86747.398682,10000,ab9f6fc0-eb04-408e-bb43-f7fc434d8a00,coordinator_0,worker_1,NET_TRANSFER,8.381592,670.677322,Distribute Layer ID: dda645fe
86747.464163,10000,ab9f6fc0-eb04-408e-bb43-f7fc434d8a00,worker_1,worker_1,DISK_LOAD,8.381592,0.065481,"Disk -> RAM [Model: ab9f6fc0, Layer: dda645fe]"
86747.529644,10000,ab9f6fc0-eb04-408e-bb43-f7fc434d8a00,worker_1,worker_1,MEM_MOVE,8.381592,0.065481,"RAM -> VRAM [Model: ab9f6fc0, Layer: dda645fe]"
86747.579644,10000,ab9f6fc0-eb04-408e-bb43-f7fc434d8a00,worker_1,worker_1,GPU_COMPUTE,0.050000,0.050000,GPU Compute
86747.737644,10000,ab9f6fc0-eb04-408e-bb43-f7fc434d8a00,worker_1,coordinator_0,NET_TRANSFER,0.000100,0.158000,Signal Finished
87849.867693,10000,ab9f6fc0-eb04-408e-bb43-f7fc434d8a00,coordinator_0,worker_2,NET_TRANSFER,13.774751,1102.130049,Distribute Layer ID: 8fa95770
87849.975308,10000,ab9f6fc0-eb04-408e-bb43-f7fc434d8a00,worker_2,worker_2,DISK_LOAD,13.774751,0.107615,"Disk -> RAM [Model: ab9f6fc0, Layer: 8fa95770]"
87850.082923,10000,ab9f6fc0-eb04-408e-bb43-f7fc434d8a00,worker_2,worker_2,MEM_MOVE,13.774751,0.107615,"RAM -> VRAM [Model: ab9f6fc0, Layer: 8fa95770]"
87850.132923,10000,ab9f6fc0-eb04-408e-bb43-f7fc434d8a00,worker_2,worker_2,GPU_COMPUTE,0.050000,0.050000,GPU Compute
87850.290923,10000,ab9f6fc0-eb04-408e-bb43-f7fc434d8a00,worker_2,coordinator_0,NET_TRANSFER,0.000100,0.158000,Signal Finished
88304.038887,10000,ab9f6fc0-eb04-408e-bb43-f7fc434d8a00,coordinator_0,worker_3,NET_TRANSFER,5.669975,453.747964,Distribute Layer ID: ad8f6cf9
88304.083184,10000,ab9f6fc0-eb04-408e-bb43-f7fc434d8a00,worker_3,worker_3,DISK_LOAD,5.669975,0.044297,"Disk -> RAM [Model: ab9f6fc0, Layer: ad8f6cf9]"
88304.127480,10000,ab9f6fc0-eb04-408e-bb43-f7fc434d8a00,worker_3,worker_3,MEM_MOVE,5.669975,0.044297,"RAM -> VRAM [Model: ab9f6fc0, Layer: ad8f6cf9]"
88304.177480,10000,ab9f6fc0-eb04-408e-bb43-f7fc434d8a00,worker_3,worker_3,GPU_COMPUTE,0.050000,0.050000,GPU Compute
88304.335480,10000,ab9f6fc0-eb04-408e-bb43-f7fc434d8a00,worker_3,coordinator_0,NET_TRANSFER,0.000100,0.158000,Signal Finished
89335.816655,10000,ab9f6fc0-eb04-408e-bb43-f7fc434d8a00,coordinator_0,worker_4,NET_TRANSFER,12.891640,1031.481175,Distribute Layer ID: 85fe92b1
89335.917371,10000,ab9f6fc0-eb04-408e-bb43-f7fc434d8a00,worker_4,worker_4,DISK_LOAD,12.891640,0.100716,"Disk -> RAM [Model: ab9f6fc0, Layer: 85fe92b1]"
89336.018087,10000,ab9f6fc0-eb04-408e-bb43-f7fc434d8a00,worker_4,worker_4,MEM_MOVE,12.891640,0.100716,"RAM -> VRAM [Model: ab9f6fc0, Layer: 85fe92b1]"
89336.068087,10000,ab9f6fc0-eb04-408e-bb43-f7fc434d8a00,worker_4,worker_4,GPU_COMPUTE,0.050000,0.050000,GPU Compute
89336.226087,10000,ab9f6fc0-eb04-408e-bb43-f7fc434d8a00,worker_4,coordinator_0,NET_TRANSFER,0.000100,0.158000,Signal Finished
89836.779719,10000,ab9f6fc0-eb04-408e-bb43-f7fc434d8a00,coordinator_0,worker_1,NET_TRANSFER,6.255045,500.553631,Distribute Layer ID: 05b087d6
89836.828586,10000,ab9f6fc0-eb04-408e-bb43-f7fc434d8a00,worker_1,worker_1,DISK_LOAD,6.255045,0.048868,"Disk -> RAM [Model: ab9f6fc0, Layer: 05b087d6]"
89836.877454,10000,ab9f6fc0-eb04-408e-bb43-f7fc434d8a00,worker_1,worker_1,MEM_MOVE,6.255045,0.048868,"RAM -> VRAM [Model: ab9f6fc0, Layer: 05b087d6]"
89836.927454,10000,ab9f6fc0-eb04-408e-bb43-f7fc434d8a00,worker_1,worker_1,GPU_COMPUTE,0.050000,0.050000,GPU Compute
89837.085454,10000,ab9f6fc0-eb04-408e-bb43-f7fc434d8a00,worker_1,coordinator_0,NET_TRANSFER,0.000100,0.158000,Signal Finished
90510.011672,10000,ab9f6fc0-eb04-408e-bb43-f7fc434d8a00,coordinator_0,worker_2,NET_TRANSFER,8.409703,672.926218,Distribute Layer ID: 7ba96b6a
90510.077373,10000,ab9f6fc0-eb04-408e-bb43-f7fc434d8a00,worker_2,worker_2,DISK_LOAD,8.409703,0.065701,"Disk -> RAM [Model: ab9f6fc0, Layer: 7ba96b6a]"
90510.143074,10000,ab9f6fc0-eb04-408e-bb43-f7fc434d8a00,worker_2,worker_2,MEM_MOVE,8.409703,0.065701,"RAM -> VRAM [Model: ab9f6fc0, Layer: 7ba96b6a]"
90510.193074,10000,ab9f6fc0-eb04-408e-bb43-f7fc434d8a00,worker_2,worker_2,GPU_COMPUTE,0.050000,0.050000,GPU Compute
90510.351074,10000,ab9f6fc0-eb04-408e-bb43-f7fc434d8a00,worker_2,coordinator_0,NET_TRANSFER,0.000100,0.158000,Signal Finished
91209.024513,10000,ab9f6fc0-eb04-408e-bb43-f7fc434d8a00,coordinator_0,worker_3,NET_TRANSFER,8.731543,698.673439,Distribute Layer ID: 351fe95b
91209.092728,10000,ab9f6fc0-eb04-408e-bb43-f7fc434d8a00,worker_3,worker_3,DISK_LOAD,8.731543,0.068215,"Disk -> RAM [Model: ab9f6fc0, Layer: 351fe95b]"
91209.160943,10000,ab9f6fc0-eb04-408e-bb43-f7fc434d8a00,worker_3,worker_3,MEM_MOVE,8.731543,0.068215,"RAM -> VRAM [Model: ab9f6fc0, Layer: 351fe95b]"
91209.210943,10000,ab9f6fc0-eb04-408e-bb43-f7fc434d8a00,worker_3,worker_3,GPU_COMPUTE,0.050000,0.050000,GPU Compute
91209.368943,10000,ab9f6fc0-eb04-408e-bb43-f7fc434d8a00,worker_3,coordinator_0,NET_TRANSFER,0.000100,0.158000,Signal Finished
92419.946198,10000,ab9f6fc0-eb04-408e-bb43-f7fc434d8a00,coordinator_0,worker_4,NET_TRANSFER,15.130341,1210.577255,Distribute Layer ID: 5c5a796e
92420.064404,10000,ab9f6fc0-eb04-408e-bb43-f7fc434d8a00,worker_4,worker_4,DISK_LOAD,15.130341,0.118206,"Disk -> RAM [Model: ab9f6fc0, Layer: 5c5a796e]"
92420.182610,10000,ab9f6fc0-eb04-408e-bb43-f7fc434d8a00,worker_4,worker_4,MEM_MOVE,15.130341,0.118206,"RAM -> VRAM [Model: ab9f6fc0, Layer: 5c5a796e]"
92420.232610,10000,ab9f6fc0-eb04-408e-bb43-f7fc434d8a00,worker_4,worker_4,GPU_COMPUTE,0.050000,0.050000,GPU Compute
92420.390610,10000,ab9f6fc0-eb04-408e-bb43-f7fc434d8a00,worker_4,coordinator_0,NET_TRANSFER,0.000100,0.158000,Signal Finished
93432.927632,10000,ab9f6fc0-eb04-408e-bb43-f7fc434d8a00,coordinator_0,worker_1,NET_TRANSFER,12.654838,1012.537023,Distribute Layer ID: bad24cda
93433.026498,10000,ab9f6fc0-eb04-408e-bb43-f7fc434d8a00,worker_1,worker_1,DISK_LOAD,12.654838,0.098866,"Disk -> RAM [Model: ab9f6fc0, Layer: bad24cda]"
93433.125364,10000,ab9f6fc0-eb04-408e-bb43-f7fc434d8a00,worker_1,worker_1,MEM_MOVE,12.654838,0.098866,"RAM -> VRAM [Model: ab9f6fc0, Layer: bad24cda]"
93433.175364,10000,ab9f6fc0-eb04-408e-bb43-f7fc434d8a00,worker_1,worker_1,GPU_COMPUTE,0.050000,0.050000,GPU Compute
93433.333364,10000,ab9f6fc0-eb04-408e-bb43-f7fc434d8a00,worker_1,coordinator_0,NET_TRANSFER,0.000100,0.158000,Signal Finished
93836.586452,10000,ab9f6fc0-eb04-408e-bb43-f7fc434d8a00,coordinator_0,worker_2,NET_TRANSFER,5.038789,403.253088,Distribute Layer ID: 48648a9e
93836.625818,10000,ab9f6fc0-eb04-408e-bb43-f7fc434d8a00,worker_2,worker_2,DISK_LOAD,5.038789,0.039366,"Disk -> RAM [Model: ab9f6fc0, Layer: 48648a9e]"
93836.665183,10000,ab9f6fc0-eb04-408e-bb43-f7fc434d8a00,worker_2,worker_2,MEM_MOVE,5.038789,0.039366,"RAM -> VRAM [Model: ab9f6fc0, Layer: 48648a9e]"
93836.715183,10000,ab9f6fc0-eb04-408e-bb43-f7fc434d8a00,worker_2,worker_2,GPU_COMPUTE,0.050000,0.050000,GPU Compute
93836.873183,10000,ab9f6fc0-eb04-408e-bb43-f7fc434d8a00,worker_2,coordinator_0,NET_TRANSFER,0.000100,0.158000,Signal Finished
94512.141539,10000,ab9f6fc0-eb04-408e-bb43-f7fc434d8a00,coordinator_0,worker_3,NET_TRANSFER,8.438979,675.268356,Distribute Layer ID: 41951fd4
94512.207469,10000,ab9f6fc0-eb04-408e-bb43-f7fc434d8a00,worker_3,worker_3,DISK_LOAD,8.438979,0.065930,"Disk -> RAM [Model: ab9f6fc0, Layer: 41951fd4]"
94512.273398,10000,ab9f6fc0-eb04-408e-bb43-f7fc434d8a00,worker_3,worker_3,MEM_MOVE,8.438979,0.065930,"RAM -> VRAM [Model: ab9f6fc0, Layer: 41951fd4]"
94512.323398,10000,ab9f6fc0-eb04-408e-bb43-f7fc434d8a00,worker_3,worker_3,GPU_COMPUTE,0.050000,0.050000,GPU Compute
94512.481398,10000,ab9f6fc0-eb04-408e-bb43-f7fc434d8a00,worker_3,coordinator_0,NET_TRANSFER,0.000100,0.158000,Signal Finished
95149.658326,10000,ab9f6fc0-eb04-408e-bb43-f7fc434d8a00,coordinator_0,worker_4,NET_TRANSFER,7.962837,637.176927,Distribute Layer ID: f1b434ec
95149.720535,10000,ab9f6fc0-eb04-408e-bb43-f7fc434d8a00,worker_4,worker_4,DISK_LOAD,7.962837,0.062210,"Disk -> RAM [Model: ab9f6fc0, Layer: f1b434ec]"
95149.782745,10000,ab9f6fc0-eb04-408e-bb43-f7fc434d8a00,worker_4,worker_4,MEM_MOVE,7.962837,0.062210,"RAM -> VRAM [Model: ab9f6fc0, Layer: f1b434ec]"
95149.832745,10000,ab9f6fc0-eb04-408e-bb43-f7fc434d8a00,worker_4,worker_4,GPU_COMPUTE,0.050000,0.050000,GPU Compute
95149.990745,10000,ab9f6fc0-eb04-408e-bb43-f7fc434d8a00,worker_4,coordinator_0,NET_TRANSFER,0.000100,0.158000,Signal Finished
95988.017398,10000,ab9f6fc0-eb04-408e-bb43-f7fc434d8a00,coordinator_0,worker_1,NET_TRANSFER,10.473458,838.026653,Distribute Layer ID: e9e0b4e3
95988.099222,10000,ab9f6fc0-eb04-408e-bb43-f7fc434d8a00,worker_1,worker_1,DISK_LOAD,10.473458,0.081824,"Disk -> RAM [Model: ab9f6fc0, Layer: e9e0b4e3]"
95988.181046,10000,ab9f6fc0-eb04-408e-bb43-f7fc434d8a00,worker_1,worker_1,MEM_MOVE,10.473458,0.081824,"RAM -> VRAM [Model: ab9f6fc0, Layer: e9e0b4e3]"
95988.231046,10000,ab9f6fc0-eb04-408e-bb43-f7fc434d8a00,worker_1,worker_1,GPU_COMPUTE,0.050000,0.050000,GPU Compute
95988.389046,10000,ab9f6fc0-eb04-408e-bb43-f7fc434d8a00,worker_1,coordinator_0,NET_TRANSFER,0.000100,0.158000,Signal Finished
96693.695793,10000,ab9f6fc0-eb04-408e-bb43-f7fc434d8a00,coordinator_0,worker_2,NET_TRANSFER,8.814459,705.306747,Distribute Layer ID: 2ac988cb
96693.764656,10000,ab9f6fc0-eb04-408e-bb43-f7fc434d8a00,worker_2,worker_2,DISK_LOAD,8.814459,0.068863,"Disk -> RAM [Model: ab9f6fc0, Layer: 2ac988cb]"
96693.833519,10000,ab9f6fc0-eb04-408e-bb43-f7fc434d8a00,worker_2,worker_2,MEM_MOVE,8.814459,0.068863,"RAM -> VRAM [Model: ab9f6fc0, Layer: 2ac988cb]"
96693.883519,10000,ab9f6fc0-eb04-408e-bb43-f7fc434d8a00,worker_2,worker_2,GPU_COMPUTE,0.050000,0.050000,GPU Compute
96694.041519,10000,ab9f6fc0-eb04-408e-bb43-f7fc434d8a00,worker_2,coordinator_0,NET_TRANSFER,0.000100,0.158000,Signal Finished
97872.135553,10000,ab9f6fc0-eb04-408e-bb43-f7fc434d8a00,coordinator_0,worker_3,NET_TRANSFER,14.724300,1178.094034,Distribute Layer ID: e646c797
97872.250587,10000,ab9f6fc0-eb04-408e-bb43-f7fc434d8a00,worker_3,worker_3,DISK_LOAD,14.724300,0.115034,"Disk -> RAM [Model: ab9f6fc0, Layer: e646c797]"
97872.365620,10000,ab9f6fc0-eb04-408e-bb43-f7fc434d8a00,worker_3,worker_3,MEM_MOVE,14.724300,0.115034,"RAM -> VRAM [Model: ab9f6fc0, Layer: e646c797]"
97872.415620,10000,ab9f6fc0-eb04-408e-bb43-f7fc434d8a00,worker_3,worker_3,GPU_COMPUTE,0.050000,0.050000,GPU Compute
97872.573620,10000,ab9f6fc0-eb04-408e-bb43-f7fc434d8a00,worker_3,coordinator_0,NET_TRANSFER,0.000100,0.158000,Signal Finished
98333.359220,10000,ab9f6fc0-eb04-408e-bb43-f7fc434d8a00,coordinator_0,worker_4,NET_TRANSFER,5.757945,460.785599,Distribute Layer ID: b884a826
98333.404204,10000,ab9f6fc0-eb04-408e-bb43-f7fc434d8a00,worker_4,worker_4,DISK_LOAD,5.757945,0.044984,"Disk -> RAM [Model: ab9f6fc0, Layer: b884a826]"
98333.449188,10000,ab9f6fc0-eb04-408e-bb43-f7fc434d8a00,worker_4,worker_4,MEM_MOVE,5.757945,0.044984,"RAM -> VRAM [Model: ab9f6fc0, Layer: b884a826]"
98333.499188,10000,ab9f6fc0-eb04-408e-bb43-f7fc434d8a00,worker_4,worker_4,GPU_COMPUTE,0.050000,0.050000,GPU Compute
98333.657188,10000,ab9f6fc0-eb04-408e-bb43-f7fc434d8a00,worker_4,coordinator_0,NET_TRANSFER,0.000100,0.158000,Signal Finished
99508.977901,10000,ab9f6fc0-eb04-408e-bb43-f7fc434d8a00,coordinator_0,worker_1,NET_TRANSFER,14.689634,1175.320713,Distribute Layer ID: fefcdc35
99509.092663,10000,ab9f6fc0-eb04-408e-bb43-f7fc434d8a00,worker_1,worker_1,DISK_LOAD,14.689634,0.114763,"Disk -> RAM [Model: ab9f6fc0, Layer: fefcdc35]"
99509.207426,10000,ab9f6fc0-eb04-408e-bb43-f7fc434d8a00,worker_1,worker_1,MEM_MOVE,14.689634,0.114763,"RAM -> VRAM [Model: ab9f6fc0, Layer: fefcdc35]"
99509.257426,10000,ab9f6fc0-eb04-408e-bb43-f7fc434d8a00,worker_1,worker_1,GPU_COMPUTE,0.050000,0.050000,GPU Compute
99509.415426,10000,ab9f6fc0-eb04-408e-bb43-f7fc434d8a00,worker_1,coordinator_0,NET_TRANSFER,0.000100,0.158000,Signal Finished
100249.175070,10000,ab9f6fc0-eb04-408e-bb43-f7fc434d8a00,coordinator_0,worker_2,NET_TRANSFER,9.245121,739.759644,Distribute Layer ID: c8688367
100249.247297,10000,ab9f6fc0-eb04-408e-bb43-f7fc434d8a00,worker_2,worker_2,DISK_LOAD,9.245121,0.072228,"Disk -> RAM [Model: ab9f6fc0, Layer: c8688367]"
100249.319525,10000,ab9f6fc0-eb04-408e-bb43-f7fc434d8a00,worker_2,worker_2,MEM_MOVE,9.245121,0.072228,"RAM -> VRAM [Model: ab9f6fc0, Layer: c8688367]"
100249.369525,10000,ab9f6fc0-eb04-408e-bb43-f7fc434d8a00,worker_2,worker_2,GPU_COMPUTE,0.050000,0.050000,GPU Compute
100249.527525,10000,ab9f6fc0-eb04-408e-bb43-f7fc434d8a00,worker_2,coordinator_0,NET_TRANSFER,0.000100,0.158000,Signal Finished
100860.163584,10000,ab9f6fc0-eb04-408e-bb43-f7fc434d8a00,coordinator_0,worker_3,NET_TRANSFER,7.631076,610.636059,Distribute Layer ID: 3b896e3c
100860.223201,10000,ab9f6fc0-eb04-408e-bb43-f7fc434d8a00,worker_3,worker_3,DISK_LOAD,7.631076,0.059618,"Disk -> RAM [Model: ab9f6fc0, Layer: 3b896e3c]"
100860.282819,10000,ab9f6fc0-eb04-408e-bb43-f7fc434d8a00,worker_3,worker_3,MEM_MOVE,7.631076,0.059618,"RAM -> VRAM [Model: ab9f6fc0, Layer: 3b896e3c]"
100860.332819,10000,ab9f6fc0-eb04-408e-bb43-f7fc434d8a00,worker_3,worker_3,GPU_COMPUTE,0.050000,0.050000,GPU Compute
100860.490819,10000,ab9f6fc0-eb04-408e-bb43-f7fc434d8a00,worker_3,coordinator_0,NET_TRANSFER,0.000100,0.158000,Signal Finished
101423.154988,10000,ab9f6fc0-eb04-408e-bb43-f7fc434d8a00,coordinator_0,worker_4,NET_TRANSFER,7.031427,562.664169,Distribute Layer ID: 66b1afd8
101423.209921,10000,ab9f6fc0-eb04-408e-bb43-f7fc434d8a00,worker_4,worker_4,DISK_LOAD,7.031427,0.054933,"Disk -> RAM [Model: ab9f6fc0, Layer: 66b1afd8]"
101423.264854,10000,ab9f6fc0-eb04-408e-bb43-f7fc434d8a00,worker_4,worker_4,MEM_MOVE,7.031427,0.054933,"RAM -> VRAM [Model: ab9f6fc0, Layer: 66b1afd8]"
101423.314854,10000,ab9f6fc0-eb04-408e-bb43-f7fc434d8a00,worker_4,worker_4,GPU_COMPUTE,0.050000,0.050000,GPU Compute
101423.472854,10000,ab9f6fc0-eb04-408e-bb43-f7fc434d8a00,worker_4,coordinator_0,NET_TRANSFER,0.000100,0.158000,Signal Finished
102200.469228,10000,ab9f6fc0-eb04-408e-bb43-f7fc434d8a00,coordinator_0,worker_1,NET_TRANSFER,9.710580,776.996375,Distribute Layer ID: db8aba32
102200.545092,10000,ab9f6fc0-eb04-408e-bb43-f7fc434d8a00,worker_1,worker_1,DISK_LOAD,9.710580,0.075864,"Disk -> RAM [Model: ab9f6fc0, Layer: db8aba32]"
102200.620956,10000,ab9f6fc0-eb04-408e-bb43-f7fc434d8a00,worker_1,worker_1,MEM_MOVE,9.710580,0.075864,"RAM -> VRAM [Model: ab9f6fc0, Layer: db8aba32]"
102200.670956,10000,ab9f6fc0-eb04-408e-bb43-f7fc434d8a00,worker_1,worker_1,GPU_COMPUTE,0.050000,0.050000,GPU Compute
102200.828956,10000,ab9f6fc0-eb04-408e-bb43-f7fc434d8a00,worker_1,coordinator_0,NET_TRANSFER,0.000100,0.158000,Signal Finished
103060.319228,10000,ab9f6fc0-eb04-408e-bb43-f7fc434d8a00,coordinator_0,worker_2,NET_TRANSFER,10.741753,859.490272,Distribute Layer ID: 36a3a3e8
103060.403148,10000,ab9f6fc0-eb04-408e-bb43-f7fc434d8a00,worker_2,worker_2,DISK_LOAD,10.741753,0.083920,"Disk -> RAM [Model: ab9f6fc0, Layer: 36a3a3e8]"
103060.487068,10000,ab9f6fc0-eb04-408e-bb43-f7fc434d8a00,worker_2,worker_2,MEM_MOVE,10.741753,0.083920,"RAM -> VRAM [Model: ab9f6fc0, Layer: 36a3a3e8]"
103060.537068,10000,ab9f6fc0-eb04-408e-bb43-f7fc434d8a00,worker_2,worker_2,GPU_COMPUTE,0.050000,0.050000,GPU Compute
103060.695068,10000,ab9f6fc0-eb04-408e-bb43-f7fc434d8a00,worker_2,coordinator_0,NET_TRANSFER,0.000100,0.158000,Signal Finished
103704.097745,10000,ab9f6fc0-eb04-408e-bb43-f7fc434d8a00,coordinator_0,worker_3,NET_TRANSFER,8.040658,643.402677,Distribute Layer ID: 3077924e
103704.160563,10000,ab9f6fc0-eb04-408e-bb43-f7fc434d8a00,worker_3,worker_3,DISK_LOAD,8.040658,0.062818,"Disk -> RAM [Model: ab9f6fc0, Layer: 3077924e]"
103704.223381,10000,ab9f6fc0-eb04-408e-bb43-f7fc434d8a00,worker_3,worker_3,MEM_MOVE,8.040658,0.062818,"RAM -> VRAM [Model: ab9f6fc0, Layer: 3077924e]"
103704.273381,10000,ab9f6fc0-eb04-408e-bb43-f7fc434d8a00,worker_3,worker_3,GPU_COMPUTE,0.050000,0.050000,GPU Compute
103704.431381,10000,ab9f6fc0-eb04-408e-bb43-f7fc434d8a00,worker_3,coordinator_0,NET_TRANSFER,0.000100,0.158000,Signal Finished
104891.323376,10000,ab9f6fc0-eb04-408e-bb43-f7fc434d8a00,coordinator_0,worker_4,NET_TRANSFER,14.834275,1186.891996,Distribute Layer ID: 11200efb
104891.439269,10000,ab9f6fc0-eb04-408e-bb43-f7fc434d8a00,worker_4,worker_4,DISK_LOAD,14.834275,0.115893,"Disk -> RAM [Model: ab9f6fc0, Layer: 11200efb]"
104891.555162,10000,ab9f6fc0-eb04-408e-bb43-f7fc434d8a00,worker_4,worker_4,MEM_MOVE,14.834275,0.115893,"RAM -> VRAM [Model: ab9f6fc0, Layer: 11200efb]"
104891.605162,10000,ab9f6fc0-eb04-408e-bb43-f7fc434d8a00,worker_4,worker_4,GPU_COMPUTE,0.050000,0.050000,GPU Compute
104891.763162,10000,ab9f6fc0-eb04-408e-bb43-f7fc434d8a00,worker_4,coordinator_0,NET_TRANSFER,0.000100,0.158000,Signal Finished
105777.786841,10000,ab9f6fc0-eb04-408e-bb43-f7fc434d8a00,coordinator_0,worker_1,NET_TRANSFER,11.073421,886.023679,Distribute Layer ID: ae14a2c6
105777.873352,10000,ab9f6fc0-eb04-408e-bb43-f7fc434d8a00,worker_1,worker_1,DISK_LOAD,11.073421,0.086511,"Disk -> RAM [Model: ab9f6fc0, Layer: ae14a2c6]"
105777.959863,10000,ab9f6fc0-eb04-408e-bb43-f7fc434d8a00,worker_1,worker_1,MEM_MOVE,11.073421,0.086511,"RAM -> VRAM [Model: ab9f6fc0, Layer: ae14a2c6]"
105778.009863,10000,ab9f6fc0-eb04-408e-bb43-f7fc434d8a00,worker_1,worker_1,GPU_COMPUTE,0.050000,0.050000,GPU Compute
105778.167863,10000,ab9f6fc0-eb04-408e-bb43-f7fc434d8a00,worker_1,coordinator_0,NET_TRANSFER,0.000100,0.158000,Signal Finished
106350.672824,10000,ab9f6fc0-eb04-408e-bb43-f7fc434d8a00,coordinator_0,worker_2,NET_TRANSFER,7.154437,572.504960,Distribute Layer ID: 0e5e310c
106350.728718,10000,ab9f6fc0-eb04-408e-bb43-f7fc434d8a00,worker_2,worker_2,DISK_LOAD,7.154437,0.055894,"Disk -> RAM [Model: ab9f6fc0, Layer: 0e5e310c]"
106350.784612,10000,ab9f6fc0-eb04-408e-bb43-f7fc434d8a00,worker_2,worker_2,MEM_MOVE,7.154437,0.055894,"RAM -> VRAM [Model: ab9f6fc0, Layer: 0e5e310c]"
106350.834612,10000,ab9f6fc0-eb04-408e-bb43-f7fc434d8a00,worker_2,worker_2,GPU_COMPUTE,0.050000,0.050000,GPU Compute
106350.992612,10000,ab9f6fc0-eb04-408e-bb43-f7fc434d8a00,worker_2,coordinator_0,NET_TRANSFER,0.000100,0.158000,Signal Finished
107389.085511,10000,ab9f6fc0-eb04-408e-bb43-f7fc434d8a00,coordinator_0,worker_3,NET_TRANSFER,12.974286,1038.092899,Distribute Layer ID: 3d1fd4dd
107389.186873,10000,ab9f6fc0-eb04-408e-bb43-f7fc434d8a00,worker_3,worker_3,DISK_LOAD,12.974286,0.101362,"Disk -> RAM [Model: ab9f6fc0, Layer: 3d1fd4dd]"
107389.288234,10000,ab9f6fc0-eb04-408e-bb43-f7fc434d8a00,worker_3,worker_3,MEM_MOVE,12.974286,0.101362,"RAM -> VRAM [Model: ab9f6fc0, Layer: 3d1fd4dd]"
107389.338234,10000,ab9f6fc0-eb04-408e-bb43-f7fc434d8a00,worker_3,worker_3,GPU_COMPUTE,0.050000,0.050000,GPU Compute
107389.496234,10000,ab9f6fc0-eb04-408e-bb43-f7fc434d8a00,worker_3,coordinator_0,NET_TRANSFER,0.000100,0.158000,Signal Finished
107951.572969,10000,ab9f6fc0-eb04-408e-bb43-f7fc434d8a00,coordinator_0,worker_4,NET_TRANSFER,7.024084,562.076735,Distribute Layer ID: 4ee2483e
107951.627845,10000,ab9f6fc0-eb04-408e-bb43-f7fc434d8a00,worker_4,worker_4,DISK_LOAD,7.024084,0.054876,"Disk -> RAM [Model: ab9f6fc0, Layer: 4ee2483e]"
107951.682720,10000,ab9f6fc0-eb04-408e-bb43-f7fc434d8a00,worker_4,worker_4,MEM_MOVE,7.024084,0.054876,"RAM -> VRAM [Model: ab9f6fc0, Layer: 4ee2483e]"
107951.732720,10000,ab9f6fc0-eb04-408e-bb43-f7fc434d8a00,worker_4,worker_4,GPU_COMPUTE,0.050000,0.050000,GPU Compute
107951.890720,10000,ab9f6fc0-eb04-408e-bb43-f7fc434d8a00,worker_4,coordinator_0,NET_TRANSFER,0.000100,0.158000,Signal Finished
108797.977897,10000,ab9f6fc0-eb04-408e-bb43-f7fc434d8a00,coordinator_0,worker_1,NET_TRANSFER,10.574215,846.087177,Distribute Layer ID: e154bb0d
108798.060508,10000,ab9f6fc0-eb04-408e-bb43-f7fc434d8a00,worker_1,worker_1,DISK_LOAD,10.574215,0.082611,"Disk -> RAM [Model: ab9f6fc0, Layer: e154bb0d]"
108798.143119,10000,ab9f6fc0-eb04-408e-bb43-f7fc434d8a00,worker_1,worker_1,MEM_MOVE,10.574215,0.082611,"RAM -> VRAM [Model: ab9f6fc0, Layer: e154bb0d]"
108798.193119,10000,ab9f6fc0-eb04-408e-bb43-f7fc434d8a00,worker_1,worker_1,GPU_COMPUTE,0.050000,0.050000,GPU Compute
108798.351119,10000,ab9f6fc0-eb04-408e-bb43-f7fc434d8a00,worker_1,coordinator_0,NET_TRANSFER,0.000100,0.158000,Signal Finished
109938.361170,10000,ab9f6fc0-eb04-408e-bb43-f7fc434d8a00,coordinator_0,worker_2,NET_TRANSFER,14.248251,1140.010050,Distribute Layer ID: fc0590e8
109938.472484,10000,ab9f6fc0-eb04-408e-bb43-f7fc434d8a00,worker_2,worker_2,DISK_LOAD,14.248251,0.111314,"Disk -> RAM [Model: ab9f6fc0, Layer: fc0590e8]"
109938.583799,10000,ab9f6fc0-eb04-408e-bb43-f7fc434d8a00,worker_2,worker_2,MEM_MOVE,14.248251,0.111314,"RAM -> VRAM [Model: ab9f6fc0, Layer: fc0590e8]"
109938.633799,10000,ab9f6fc0-eb04-408e-bb43-f7fc434d8a00,worker_2,worker_2,GPU_COMPUTE,0.050000,0.050000,GPU Compute
109938.791799,10000,ab9f6fc0-eb04-408e-bb43-f7fc434d8a00,worker_2,coordinator_0,NET_TRANSFER,0.000100,0.158000,Signal Finished
110674.967532,10000,ab9f6fc0-eb04-408e-bb43-f7fc434d8a00,coordinator_0,worker_3,NET_TRANSFER,9.200322,736.175733,Distribute Layer ID: 76bc7f6a
110675.039410,10000,ab9f6fc0-eb04-408e-bb43-f7fc434d8a00,worker_3,worker_3,DISK_LOAD,9.200322,0.071878,"Disk -> RAM [Model: ab9f6fc0, Layer: 76bc7f6a]"
110675.111287,10000,ab9f6fc0-eb04-408e-bb43-f7fc434d8a00,worker_3,worker_3,MEM_MOVE,9.200322,0.071878,"RAM -> VRAM [Model: ab9f6fc0, Layer: 76bc7f6a]"
110675.161287,10000,ab9f6fc0-eb04-408e-bb43-f7fc434d8a00,worker_3,worker_3,GPU_COMPUTE,0.050000,0.050000,GPU Compute
110675.319287,10000,ab9f6fc0-eb04-408e-bb43-f7fc434d8a00,worker_3,coordinator_0,NET_TRANSFER,0.000100,0.158000,Signal Finished
111365.244543,10000,ab9f6fc0-eb04-408e-bb43-f7fc434d8a00,coordinator_0,worker_4,NET_TRANSFER,8.622191,689.925255,Distribute Layer ID: caf1ed55
111365.311903,10000,ab9f6fc0-eb04-408e-bb43-f7fc434d8a00,worker_4,worker_4,DISK_LOAD,8.622191,0.067361,"Disk -> RAM [Model: ab9f6fc0, Layer: caf1ed55]"
111365.379264,10000,ab9f6fc0-eb04-408e-bb43-f7fc434d8a00,worker_4,worker_4,MEM_MOVE,8.622191,0.067361,"RAM -> VRAM [Model: ab9f6fc0, Layer: caf1ed55]"
111365.429264,10000,ab9f6fc0-eb04-408e-bb43-f7fc434d8a00,worker_4,worker_4,GPU_COMPUTE,0.050000,0.050000,GPU Compute
111365.587264,10000,ab9f6fc0-eb04-408e-bb43-f7fc434d8a00,worker_4,coordinator_0,NET_TRANSFER,0.000100,0.158000,Signal Finished
112027.043415,10000,ab9f6fc0-eb04-408e-bb43-f7fc434d8a00,coordinator_0,worker_1,NET_TRANSFER,8.266327,661.456150,Distribute Layer ID: 5dc0c7c0
112027.107995,10000,ab9f6fc0-eb04-408e-bb43-f7fc434d8a00,worker_1,worker_1,DISK_LOAD,8.266327,0.064581,"Disk -> RAM [Model: ab9f6fc0, Layer: 5dc0c7c0]"
112027.172576,10000,ab9f6fc0-eb04-408e-bb43-f7fc434d8a00,worker_1,worker_1,MEM_MOVE,8.266327,0.064581,"RAM -> VRAM [Model: ab9f6fc0, Layer: 5dc0c7c0]"
112027.222576,10000,ab9f6fc0-eb04-408e-bb43-f7fc434d8a00,worker_1,worker_1,GPU_COMPUTE,0.050000,0.050000,GPU Compute
112027.380576,10000,ab9f6fc0-eb04-408e-bb43-f7fc434d8a00,worker_1,coordinator_0,NET_TRANSFER,0.000100,0.158000,Signal Finished
112814.640168,10000,ab9f6fc0-eb04-408e-bb43-f7fc434d8a00,coordinator_0,worker_2,NET_TRANSFER,9.838870,787.259592,Distribute Layer ID: bc4de408
112814.717034,10000,ab9f6fc0-eb04-408e-bb43-f7fc434d8a00,worker_2,worker_2,DISK_LOAD,9.838870,0.076866,"Disk -> RAM [Model: ab9f6fc0, Layer: bc4de408]"
112814.793900,10000,ab9f6fc0-eb04-408e-bb43-f7fc434d8a00,worker_2,worker_2,MEM_MOVE,9.838870,0.076866,"RAM -> VRAM [Model: ab9f6fc0, Layer: bc4de408]"
112814.843900,10000,ab9f6fc0-eb04-408e-bb43-f7fc434d8a00,worker_2,worker_2,GPU_COMPUTE,0.050000,0.050000,GPU Compute
112815.001900,10000,ab9f6fc0-eb04-408e-bb43-f7fc434d8a00,worker_2,coordinator_0,NET_TRANSFER,0.000100,0.158000,Signal Finished
113738.147720,10000,ab9f6fc0-eb04-408e-bb43-f7fc434d8a00,coordinator_0,worker_3,NET_TRANSFER,11.537448,923.145820,Distribute Layer ID: a3bf0e5b
113738.237857,10000,ab9f6fc0-eb04-408e-bb43-f7fc434d8a00,worker_3,worker_3,DISK_LOAD,11.537448,0.090136,"Disk -> RAM [Model: ab9f6fc0, Layer: a3bf0e5b]"
113738.327993,10000,ab9f6fc0-eb04-408e-bb43-f7fc434d8a00,worker_3,worker_3,MEM_MOVE,11.537448,0.090136,"RAM -> VRAM [Model: ab9f6fc0, Layer: a3bf0e5b]"
113738.377993,10000,ab9f6fc0-eb04-408e-bb43-f7fc434d8a00,worker_3,worker_3,GPU_COMPUTE,0.050000,0.050000,GPU Compute
113738.535993,10000,ab9f6fc0-eb04-408e-bb43-f7fc434d8a00,worker_3,coordinator_0,NET_TRANSFER,0.000100,0.158000,Signal Finished
114512.478082,10000,ab9f6fc0-eb04-408e-bb43-f7fc434d8a00,coordinator_0,worker_4,NET_TRANSFER,9.672401,773.942089,Distribute Layer ID: 65c957a0
114512.553648,10000,ab9f6fc0-eb04-408e-bb43-f7fc434d8a00,worker_4,worker_4,DISK_LOAD,9.672401,0.075566,"Disk -> RAM [Model: ab9f6fc0, Layer: 65c957a0]"
114512.629213,10000,ab9f6fc0-eb04-408e-bb43-f7fc434d8a00,worker_4,worker_4,MEM_MOVE,9.672401,0.075566,"RAM -> VRAM [Model: ab9f6fc0, Layer: 65c957a0]"
114512.679213,10000,ab9f6fc0-eb04-408e-bb43-f7fc434d8a00,worker_4,worker_4,GPU_COMPUTE,0.050000,0.050000,GPU Compute
114512.837213,10000,ab9f6fc0-eb04-408e-bb43-f7fc434d8a00,worker_4,coordinator_0,NET_TRANSFER,0.000100,0.158000,Signal Finished
115628.999256,10000,ab9f6fc0-eb04-408e-bb43-f7fc434d8a00,coordinator_0,worker_1,NET_TRANSFER,13.950151,1116.162043,Distribute Layer ID: 600573f1
115629.108242,10000,ab9f6fc0-eb04-408e-bb43-f7fc434d8a00,worker_1,worker_1,DISK_LOAD,13.950151,0.108986,"Disk -> RAM [Model: ab9f6fc0, Layer: 600573f1]"
115629.217227,10000,ab9f6fc0-eb04-408e-bb43-f7fc434d8a00,worker_1,worker_1,MEM_MOVE,13.950151,0.108986,"RAM -> VRAM [Model: ab9f6fc0, Layer: 600573f1]"
115629.267227,10000,ab9f6fc0-eb04-408e-bb43-f7fc434d8a00,worker_1,worker_1,GPU_COMPUTE,0.050000,0.050000,GPU Compute
115629.425227,10000,ab9f6fc0-eb04-408e-bb43-f7fc434d8a00,worker_1,coordinator_0,NET_TRANSFER,0.000100,0.158000,Signal Finished
116802.930515,10000,ab9f6fc0-eb04-408e-bb43-f7fc434d8a00,coordinator_0,worker_2,NET_TRANSFER,14.666941,1173.505288,Distribute Layer ID: fed98472
116803.045101,10000,ab9f6fc0-eb04-408e-bb43-f7fc434d8a00,worker_2,worker_2,DISK_LOAD,14.666941,0.114585,"Disk -> RAM [Model: ab9f6fc0, Layer: fed98472]"
116803.159686,10000,ab9f6fc0-eb04-408e-bb43-f7fc434d8a00,worker_2,worker_2,MEM_MOVE,14.666941,0.114585,"RAM -> VRAM [Model: ab9f6fc0, Layer: fed98472]"
116803.209686,10000,ab9f6fc0-eb04-408e-bb43-f7fc434d8a00,worker_2,worker_2,GPU_COMPUTE,0.050000,0.050000,GPU Compute
116803.367686,10000,ab9f6fc0-eb04-408e-bb43-f7fc434d8a00,worker_2,coordinator_0,NET_TRANSFER,0.000100,0.158000,Signal Finished
117712.410166,10000,ab9f6fc0-eb04-408e-bb43-f7fc434d8a00,coordinator_0,worker_3,NET_TRANSFER,11.361156,909.042480,Distribute Layer ID: d57db725
117712.498925,10000,ab9f6fc0-eb04-408e-bb43-f7fc434d8a00,worker_3,worker_3,DISK_LOAD,11.361156,0.088759,"Disk -> RAM [Model: ab9f6fc0, Layer: d57db725]"
117712.587684,10000,ab9f6fc0-eb04-408e-bb43-f7fc434d8a00,worker_3,worker_3,MEM_MOVE,11.361156,0.088759,"RAM -> VRAM [Model: ab9f6fc0, Layer: d57db725]"
117712.637684,10000,ab9f6fc0-eb04-408e-bb43-f7fc434d8a00,worker_3,worker_3,GPU_COMPUTE,0.050000,0.050000,GPU Compute
117712.795684,10000,ab9f6fc0-eb04-408e-bb43-f7fc434d8a00,worker_3,coordinator_0,NET_TRANSFER,0.000100,0.158000,Signal Finished
118850.136890,10000,ab9f6fc0-eb04-408e-bb43-f7fc434d8a00,coordinator_0,worker_4,NET_TRANSFER,14.214890,1137.341205,Distribute Layer ID: e41c3eee
118850.247944,10000,ab9f6fc0-eb04-408e-bb43-f7fc434d8a00,worker_4,worker_4,DISK_LOAD,14.214890,0.111054,"Disk -> RAM [Model: ab9f6fc0, Layer: e41c3eee]"
118850.358997,10000,ab9f6fc0-eb04-408e-bb43-f7fc434d8a00,worker_4,worker_4,MEM_MOVE,14.214890,0.111054,"RAM -> VRAM [Model: ab9f6fc0, Layer: e41c3eee]"
118850.408997,10000,ab9f6fc0-eb04-408e-bb43-f7fc434d8a00,worker_4,worker_4,GPU_COMPUTE,0.050000,0.050000,GPU Compute
118850.566997,10000,ab9f6fc0-eb04-408e-bb43-f7fc434d8a00,worker_4,coordinator_0,NET_TRANSFER,0.000100,0.158000,Signal Finished
119308.177326,10000,ab9f6fc0-eb04-408e-bb43-f7fc434d8a00,coordinator_0,worker_1,NET_TRANSFER,5.718254,457.610329,Distribute Layer ID: 3de5daf5
119308.222000,10000,ab9f6fc0-eb04-408e-bb43-f7fc434d8a00,worker_1,worker_1,DISK_LOAD,5.718254,0.044674,"Disk -> RAM [Model: ab9f6fc0, Layer: 3de5daf5]"
119308.266674,10000,ab9f6fc0-eb04-408e-bb43-f7fc434d8a00,worker_1,worker_1,MEM_MOVE,5.718254,0.044674,"RAM -> VRAM [Model: ab9f6fc0, Layer: 3de5daf5]"
119308.316674,10000,ab9f6fc0-eb04-408e-bb43-f7fc434d8a00,worker_1,worker_1,GPU_COMPUTE,0.050000,0.050000,GPU Compute
119308.474674,10000,ab9f6fc0-eb04-408e-bb43-f7fc434d8a00,worker_1,coordinator_0,NET_TRANSFER,0.000100,0.158000,Signal Finished
119308.632674,10000,209734fe-da0f-4c49-8ae8-1285e31e9d43,coordinator_0,client_10,NET_TRANSFER,0.000100,0.158000,Signal: Cache Miss / Request Weights
147963.658010,10000,209734fe-da0f-4c49-8ae8-1285e31e9d43,client_10,coordinator_0,NET_TRANSFER,358.185942,28655.025336,Upload Model Weights
149015.618736,10000,209734fe-da0f-4c49-8ae8-1285e31e9d43,coordinator_0,worker_1,NET_TRANSFER,13.147634,1051.960726,Distribute Layer ID: 4339a439
149015.721452,10000,209734fe-da0f-4c49-8ae8-1285e31e9d43,worker_1,worker_1,DISK_LOAD,13.147634,0.102716,"Disk -> RAM [Model: 209734fe, Layer: 4339a439]"
149015.824168,10000,209734fe-da0f-4c49-8ae8-1285e31e9d43,worker_1,worker_1,MEM_MOVE,13.147634,0.102716,"RAM -> VRAM [Model: 209734fe, Layer: 4339a439]"
149015.874168,10000,209734fe-da0f-4c49-8ae8-1285e31e9d43,worker_1,worker_1,GPU_COMPUTE,0.050000,0.050000,GPU Compute
149016.032168,10000,209734fe-da0f-4c49-8ae8-1285e31e9d43,worker_1,coordinator_0,NET_TRANSFER,0.000100,0.158000,Signal Finished
149773.384218,10000,209734fe-da0f-4c49-8ae8-1285e31e9d43,coordinator_0,worker_2,NET_TRANSFER,9.465026,757.352050,Distribute Layer ID: 604ffd77
149773.458163,10000,209734fe-da0f-4c49-8ae8-1285e31e9d43,worker_2,worker_2,DISK_LOAD,9.465026,0.073946,"Disk -> RAM [Model: 209734fe, Layer: 604ffd77]"
149773.532109,10000,209734fe-da0f-4c49-8ae8-1285e31e9d43,worker_2,worker_2,MEM_MOVE,9.465026,0.073946,"RAM -> VRAM [Model: 209734fe, Layer: 604ffd77]"
149773.582109,10000,209734fe-da0f-4c49-8ae8-1285e31e9d43,worker_2,worker_2,GPU_COMPUTE,0.050000,0.050000,GPU Compute
149773.740109,10000,209734fe-da0f-4c49-8ae8-1285e31e9d43,worker_2,coordinator_0,NET_TRANSFER,0.000100,0.158000,Signal Finished
150370.224563,10000,209734fe-da0f-4c49-8ae8-1285e31e9d43,coordinator_0,worker_3,NET_TRANSFER,7.454181,596.484454,Distribute Layer ID: c5bc86ad
150370.282799,10000,209734fe-da0f-4c49-8ae8-1285e31e9d43,worker_3,worker_3,DISK_LOAD,7.454181,0.058236,"Disk -> RAM [Model: 209734fe, Layer: c5bc86ad]"
150370.341035,10000,209734fe-da0f-4c49-8ae8-1285e31e9d43,worker_3,worker_3,MEM_MOVE,7.454181,0.058236,"RAM -> VRAM [Model: 209734fe, Layer: c5bc86ad]"
150370.391035,10000,209734fe-da0f-4c49-8ae8-1285e31e9d43,worker_3,worker_3,GPU_COMPUTE,0.050000,0.050000,GPU Compute
150370.549035,10000,209734fe-da0f-4c49-8ae8-1285e31e9d43,worker_3,coordinator_0,NET_TRANSFER,0.000100,0.158000,Signal Finished
151265.768057,10000,209734fe-da0f-4c49-8ae8-1285e31e9d43,coordinator_0,worker_4,NET_TRANSFER,11.188363,895.219022,Distribute Layer ID: 39ec13d2
151265.926057,8001,209734fe-da0f-4c49-8ae8-1285e31e9d43,client_8,coordinator_0,NET_TRANSFER,0.000100,0.158000,Request Model ID
151266.084057,1001,6719b99a-d5dd-40b4-a9ed-2c8af6965e4a,client_1,coordinator_0,NET_TRANSFER,0.000100,0.158000,Request Model ID
151266.242057,1001,ab20b578-3dd0-4fe3-97cb-3189d9bd9be5,client_1,coordinator_0,NET_TRANSFER,0.000100,0.158000,Request Model ID
151266.400057,6001,ab20b578-3dd0-4fe3-97cb-3189d9bd9be5,client_6,coordinator_0,NET_TRANSFER,0.000100,0.158000,Request Model ID
151266.558057,10001,ccab57a6-d91e-4ce5-b062-d9fc9a27c1f3,client_10,coordinator_0,NET_TRANSFER,0.000100,0.158000,Request Model ID
151266.716057,2001,cfe1239e-a4ca-44f0-8513-58d88a57b4a9,client_2,coordinator_0,NET_TRANSFER,0.000100,0.158000,Request Model ID
151266.874057,5001,764495bb-6a07-44df-890a-53f143dbe627,client_5,coordinator_0,NET_TRANSFER,0.000100,0.158000,Request Model ID
151267.032057,2001,bb212f85-1358-4ef9-8a3f-988f815c27cd,client_2,coordinator_0,NET_TRANSFER,0.000100,0.158000,Request Model ID
151267.190057,3001,ccab57a6-d91e-4ce5-b062-d9fc9a27c1f3,client_3,coordinator_0,NET_TRANSFER,0.000100,0.158000,Request Model ID
151267.348057,9001,209734fe-da0f-4c49-8ae8-1285e31e9d43,client_9,coordinator_0,NET_TRANSFER,0.000100,0.158000,Request Model ID
151267.506057,7001,bf972bb9-7202-4e03-9bc7-ecaa953eb2b8,client_7,coordinator_0,NET_TRANSFER,0.000100,0.158000,Request Model ID
151267.664057,4001,4facc46c-ad7c-4d01-ba5e-74a30664ea70,client_4,coordinator_0,NET_TRANSFER,0.000100,0.158000,Request Model ID
151267.822057,3001,cc0dab58-f02c-469f-a696-153baf86d230,client_3,coordinator_0,NET_TRANSFER,0.000100,0.158000,Request Model ID
151267.980057,4001,5db32043-be1a-4e02-ad7f-c6e5724beb16,client_4,coordinator_0,NET_TRANSFER,0.000100,0.158000,Request Model ID
151268.138057,3001,d95ac209-70ac-4366-b455-f005e41230be,client_3,coordinator_0,NET_TRANSFER,0.000100,0.158000,Request Model ID
151268.296057,8001,98de1b49-8dd3-49e7-a8fd-1969749e5ee7,client_8,coordinator_0,NET_TRANSFER,0.000100,0.158000,Request Model ID
151268.454057,7001,b98aad0a-4dea-4008-ad8c-316214e42284,client_7,coordinator_0,NET_TRANSFER,0.000100,0.158000,Request Model ID
151268.612057,10001,ebbbe628-24da-46bd-832f-2fdefdd74410,client_10,coordinator_0,NET_TRANSFER,0.000100,0.158000,Request Model ID
151268.770057,10001,44d6099b-c80b-4423-b304-b17e70c9816c,client_10,coordinator_0,NET_TRANSFER,0.000100,0.158000,Request Model ID
151268.928057,2001,5db32043-be1a-4e02-ad7f-c6e5724beb16,client_2,coordinator_0,NET_TRANSFER,0.000100,0.158000,Request Model ID
151269.086057,9001,773a6b7b-bf00-48fc-ba23-a7d203f1988c,client_9,coordinator_0,NET_TRANSFER,0.000100,0.158000,Request Model ID
151269.244057,6001,12cbad90-9e6b-4897-a0d7-bd1a358488e3,client_6,coordinator_0,NET_TRANSFER,0.000100,0.158000,Request Model ID
151269.402057,9001,6719b99a-d5dd-40b4-a9ed-2c8af6965e4a,client_9,coordinator_0,NET_TRANSFER,0.000100,0.158000,Request Model ID
151269.560057,3001,773a6b7b-bf00-48fc-ba23-a7d203f1988c,client_3,coordinator_0,NET_TRANSFER,0.000100,0.158000,Request Model ID
151269.718057,5001,44d6099b-c80b-4423-b304-b17e70c9816c,client_5,coordinator_0,NET_TRANSFER,0.000100,0.158000,Request Model ID
151269.876057,5001,a2b2ef0d-c31e-424d-b040-3f53be25eca0,client_5,coordinator_0,NET_TRANSFER,0.000100,0.158000,Request Model ID
151269.963466,10000,209734fe-da0f-4c49-8ae8-1285e31e9d43,worker_4,worker_4,DISK_LOAD,11.188363,0.087409,"Disk -> RAM [Model: 209734fe, Layer: 39ec13d2]"
151270.050875,10000,209734fe-da0f-4c49-8ae8-1285e31e9d43,worker_4,worker_4,MEM_MOVE,11.188363,0.087409,"RAM -> VRAM [Model: 209734fe, Layer: 39ec13d2]"
151270.100875,10000,209734fe-da0f-4c49-8ae8-1285e31e9d43,worker_4,worker_4,GPU_COMPUTE,0.050000,0.050000,GPU Compute
151270.258875,10000,209734fe-da0f-4c49-8ae8-1285e31e9d43,worker_4,coordinator_0,NET_TRANSFER,0.000100,0.158000,Signal Finished
152324.902543,10000,209734fe-da0f-4c49-8ae8-1285e31e9d43,coordinator_0,worker_1,NET_TRANSFER,13.181171,1054.643668,Distribute Layer ID: 8b4f0ac0
152325.005521,10000,209734fe-da0f-4c49-8ae8-1285e31e9d43,worker_1,worker_1,DISK_LOAD,13.181171,0.102978,"Disk -> RAM [Model: 209734fe, Layer: 8b4f0ac0]"
152325.108499,10000,209734fe-da0f-4c49-8ae8-1285e31e9d43,worker_1,worker_1,MEM_MOVE,13.181171,0.102978,"RAM -> VRAM [Model: 209734fe, Layer: 8b4f0ac0]"
152325.158499,10000,209734fe-da0f-4c49-8ae8-1285e31e9d43,worker_1,worker_1,GPU_COMPUTE,0.050000,0.050000,GPU Compute
152325.316499,10000,209734fe-da0f-4c49-8ae8-1285e31e9d43,worker_1,coordinator_0,NET_TRANSFER,0.000100,0.158000,Signal Finished
153281.146493,10000,209734fe-da0f-4c49-8ae8-1285e31e9d43,coordinator_0,worker_2,NET_TRANSFER,11.946000,955.829994,Distribute Layer ID: 66b81a9b
153281.239821,10000,209734fe-da0f-4c49-8ae8-1285e31e9d43,worker_2,worker_2,DISK_LOAD,11.946000,0.093328,"Disk -> RAM [Model: 209734fe, Layer: 66b81a9b]"
153281.333149,10000,209734fe-da0f-4c49-8ae8-1285e31e9d43,worker_2,worker_2,MEM_MOVE,11.946000,0.093328,"RAM -> VRAM [Model: 209734fe, Layer: 66b81a9b]"
153281.383149,10000,209734fe-da0f-4c49-8ae8-1285e31e9d43,worker_2,worker_2,GPU_COMPUTE,0.050000,0.050000,GPU Compute
153281.541149,10000,209734fe-da0f-4c49-8ae8-1285e31e9d43,worker_2,coordinator_0,NET_TRANSFER,0.000100,0.158000,Signal Finished
154285.342273,10000,209734fe-da0f-4c49-8ae8-1285e31e9d43,coordinator_0,worker_3,NET_TRANSFER,12.545639,1003.801123,Distribute Layer ID: ccb7d70c
154285.440286,10000,209734fe-da0f-4c49-8ae8-1285e31e9d43,worker_3,worker_3,DISK_LOAD,12.545639,0.098013,"Disk -> RAM [Model: 209734fe, Layer: ccb7d70c]"
154285.538298,10000,209734fe-da0f-4c49-8ae8-1285e31e9d43,worker_3,worker_3,MEM_MOVE,12.545639,0.098013,"RAM -> VRAM [Model: 209734fe, Layer: ccb7d70c]"
154285.588298,10000,209734fe-da0f-4c49-8ae8-1285e31e9d43,worker_3,worker_3,GPU_COMPUTE,0.050000,0.050000,GPU Compute
154285.746298,10000,209734fe-da0f-4c49-8ae8-1285e31e9d43,worker_3,coordinator_0,NET_TRANSFER,0.000100,0.158000,Signal Finished
154707.701364,10000,209734fe-da0f-4c49-8ae8-1285e31e9d43,coordinator_0,worker_4,NET_TRANSFER,5.272563,421.955066,Distribute Layer ID: 002394e6
154707.742556,10000,209734fe-da0f-4c49-8ae8-1285e31e9d43,worker_4,worker_4,DISK_LOAD,5.272563,0.041192,"Disk -> RAM [Model: 209734fe, Layer: 002394e6]"
154707.783748,10000,209734fe-da0f-4c49-8ae8-1285e31e9d43,worker_4,worker_4,MEM_MOVE,5.272563,0.041192,"RAM -> VRAM [Model: 209734fe, Layer: 002394e6]"
154707.833748,10000,209734fe-da0f-4c49-8ae8-1285e31e9d43,worker_4,worker_4,GPU_COMPUTE,0.050000,0.050000,GPU Compute
154707.991748,10000,209734fe-da0f-4c49-8ae8-1285e31e9d43,worker_4,coordinator_0,NET_TRANSFER,0.000100,0.158000,Signal Finished
155253.840161,10000,209734fe-da0f-4c49-8ae8-1285e31e9d43,coordinator_0,worker_1,NET_TRANSFER,6.821230,545.848413,Distribute Layer ID: 4360158b
155253.893452,10000,209734fe-da0f-4c49-8ae8-1285e31e9d43,worker_1,worker_1,DISK_LOAD,6.821230,0.053291,"Disk -> RAM [Model: 209734fe, Layer: 4360158b]"
155253.946743,10000,209734fe-da0f-4c49-8ae8-1285e31e9d43,worker_1,worker_1,MEM_MOVE,6.821230,0.053291,"RAM -> VRAM [Model: 209734fe, Layer: 4360158b]"
155253.996743,10000,209734fe-da0f-4c49-8ae8-1285e31e9d43,worker_1,worker_1,GPU_COMPUTE,0.050000,0.050000,GPU Compute
155254.154743,10000,209734fe-da0f-4c49-8ae8-1285e31e9d43,worker_1,coordinator_0,NET_TRANSFER,0.000100,0.158000,Signal Finished
156362.105146,10000,209734fe-da0f-4c49-8ae8-1285e31e9d43,coordinator_0,worker_2,NET_TRANSFER,13.847505,1107.950403,Distribute Layer ID: d3eaf9ef
156362.213330,10000,209734fe-da0f-4c49-8ae8-1285e31e9d43,worker_2,worker_2,DISK_LOAD,13.847505,0.108184,"Disk -> RAM [Model: 209734fe, Layer: d3eaf9ef]"
156362.321513,10000,209734fe-da0f-4c49-8ae8-1285e31e9d43,worker_2,worker_2,MEM_MOVE,13.847505,0.108184,"RAM -> VRAM [Model: 209734fe, Layer: d3eaf9ef]"
156362.371513,10000,209734fe-da0f-4c49-8ae8-1285e31e9d43,worker_2,worker_2,GPU_COMPUTE,0.050000,0.050000,GPU Compute
156362.529513,10000,209734fe-da0f-4c49-8ae8-1285e31e9d43,worker_2,coordinator_0,NET_TRANSFER,0.000100,0.158000,Signal Finished
157149.660397,10000,209734fe-da0f-4c49-8ae8-1285e31e9d43,coordinator_0,worker_3,NET_TRANSFER,9.837261,787.130884,Distribute Layer ID: b47a81db
157149.737251,10000,209734fe-da0f-4c49-8ae8-1285e31e9d43,worker_3,worker_3,DISK_LOAD,9.837261,0.076854,"Disk -> RAM [Model: 209734fe, Layer: b47a81db]"
157149.814104,10000,209734fe-da0f-4c49-8ae8-1285e31e9d43,worker_3,worker_3,MEM_MOVE,9.837261,0.076854,"RAM -> VRAM [Model: 209734fe, Layer: b47a81db]"
157149.864104,10000,209734fe-da0f-4c49-8ae8-1285e31e9d43,worker_3,worker_3,GPU_COMPUTE,0.050000,0.050000,GPU Compute
157150.022104,10000,209734fe-da0f-4c49-8ae8-1285e31e9d43,worker_3,coordinator_0,NET_TRANSFER,0.000100,0.158000,Signal Finished
157774.641519,10000,209734fe-da0f-4c49-8ae8-1285e31e9d43,coordinator_0,worker_4,NET_TRANSFER,7.805868,624.619414,Distribute Layer ID: 0aab47e7
157774.702502,10000,209734fe-da0f-4c49-8ae8-1285e31e9d43,worker_4,worker_4,DISK_LOAD,7.805868,0.060983,"Disk -> RAM [Model: 209734fe, Layer: 0aab47e7]"
157774.763485,10000,209734fe-da0f-4c49-8ae8-1285e31e9d43,worker_4,worker_4,MEM_MOVE,7.805868,0.060983,"RAM -> VRAM [Model: 209734fe, Layer: 0aab47e7]"
157774.813485,10000,209734fe-da0f-4c49-8ae8-1285e31e9d43,worker_4,worker_4,GPU_COMPUTE,0.050000,0.050000,GPU Compute
157774.971485,10000,209734fe-da0f-4c49-8ae8-1285e31e9d43,worker_4,coordinator_0,NET_TRANSFER,0.000100,0.158000,Signal Finished
158451.071407,10000,209734fe-da0f-4c49-8ae8-1285e31e9d43,coordinator_0,worker_1,NET_TRANSFER,8.449374,676.099922,Distribute Layer ID: 155a365a
158451.137418,10000,209734fe-da0f-4c49-8ae8-1285e31e9d43,worker_1,worker_1,DISK_LOAD,8.449374,0.066011,"Disk -> RAM [Model: 209734fe, Layer: 155a365a]"
158451.203429,10000,209734fe-da0f-4c49-8ae8-1285e31e9d43,worker_1,worker_1,MEM_MOVE,8.449374,0.066011,"RAM -> VRAM [Model: 209734fe, Layer: 155a365a]"
158451.253429,10000,209734fe-da0f-4c49-8ae8-1285e31e9d43,worker_1,worker_1,GPU_COMPUTE,0.050000,0.050000,GPU Compute
158451.411429,10000,209734fe-da0f-4c49-8ae8-1285e31e9d43,worker_1,coordinator_0,NET_TRANSFER,0.000100,0.158000,Signal Finished
158887.415496,10000,209734fe-da0f-4c49-8ae8-1285e31e9d43,coordinator_0,worker_2,NET_TRANSFER,5.448176,436.004068,Distribute Layer ID: 662a0d15
158887.458060,10000,209734fe-da0f-4c49-8ae8-1285e31e9d43,worker_2,worker_2,DISK_LOAD,5.448176,0.042564,"Disk -> RAM [Model: 209734fe, Layer: 662a0d15]"
158887.500624,10000,209734fe-da0f-4c49-8ae8-1285e31e9d43,worker_2,worker_2,MEM_MOVE,5.448176,0.042564,"RAM -> VRAM [Model: 209734fe, Layer: 662a0d15]"
158887.550624,10000,209734fe-da0f-4c49-8ae8-1285e31e9d43,worker_2,worker_2,GPU_COMPUTE,0.050000,0.050000,GPU Compute
158887.708624,10000,209734fe-da0f-4c49-8ae8-1285e31e9d43,worker_2,coordinator_0,NET_TRANSFER,0.000100,0.158000,Signal Finished
159557.404539,10000,209734fe-da0f-4c49-8ae8-1285e31e9d43,coordinator_0,worker_3,NET_TRANSFER,8.369324,669.695915,Distribute Layer ID: 074bcaf3
159557.469924,10000,209734fe-da0f-4c49-8ae8-1285e31e9d43,worker_3,worker_3,DISK_LOAD,8.369324,0.065385,"Disk -> RAM [Model: 209734fe, Layer: 074bcaf3]"
159557.535309,10000,209734fe-da0f-4c49-8ae8-1285e31e9d43,worker_3,worker_3,MEM_MOVE,8.369324,0.065385,"RAM -> VRAM [Model: 209734fe, Layer: 074bcaf3]"
159557.585309,10000,209734fe-da0f-4c49-8ae8-1285e31e9d43,worker_3,worker_3,GPU_COMPUTE,0.050000,0.050000,GPU Compute
159557.743309,10000,209734fe-da0f-4c49-8ae8-1285e31e9d43,worker_3,coordinator_0,NET_TRANSFER,0.000100,0.158000,Signal Finished
160173.095117,10000,209734fe-da0f-4c49-8ae8-1285e31e9d43,coordinator_0,worker_4,NET_TRANSFER,7.690023,615.351808,Distribute Layer ID: 8919a28e
160173.155195,10000,209734fe-da0f-4c49-8ae8-1285e31e9d43,worker_4,worker_4,DISK_LOAD,7.690023,0.060078,"Disk -> RAM [Model: 209734fe, Layer: 8919a28e]"
160173.215274,10000,209734fe-da0f-4c49-8ae8-1285e31e9d43,worker_4,worker_4,MEM_MOVE,7.690023,0.060078,"RAM -> VRAM [Model: 209734fe, Layer: 8919a28e]"
160173.265274,10000,209734fe-da0f-4c49-8ae8-1285e31e9d43,worker_4,worker_4,GPU_COMPUTE,0.050000,0.050000,GPU Compute
160173.423274,10000,209734fe-da0f-4c49-8ae8-1285e31e9d43,worker_4,coordinator_0,NET_TRANSFER,0.000100,0.158000,Signal Finished
161242.084414,10000,209734fe-da0f-4c49-8ae8-1285e31e9d43,coordinator_0,worker_1,NET_TRANSFER,13.356389,1068.661140,Distribute Layer ID: 4711ec5d
161242.188761,10000,209734fe-da0f-4c49-8ae8-1285e31e9d43,worker_1,worker_1,DISK_LOAD,13.356389,0.104347,"Disk -> RAM [Model: 209734fe, Layer: 4711ec5d]"
161242.293107,10000,209734fe-da0f-4c49-8ae8-1285e31e9d43,worker_1,worker_1,MEM_MOVE,13.356389,0.104347,"RAM -> VRAM [Model: 209734fe, Layer: 4711ec5d]"
161242.343107,10000,209734fe-da0f-4c49-8ae8-1285e31e9d43,worker_1,worker_1,GPU_COMPUTE,0.050000,0.050000,GPU Compute
161242.501107,10000,209734fe-da0f-4c49-8ae8-1285e31e9d43,worker_1,coordinator_0,NET_TRANSFER,0.000100,0.158000,Signal Finished
162214.950312,10000,209734fe-da0f-4c49-8ae8-1285e31e9d43,coordinator_0,worker_2,NET_TRANSFER,12.153740,972.449205,Distribute Layer ID: c5c7241b
162215.045263,10000,209734fe-da0f-4c49-8ae8-1285e31e9d43,worker_2,worker_2,DISK_LOAD,12.153740,0.094951,"Disk -> RAM [Model: 209734fe, Layer: c5c7241b]"
162215.140214,10000,209734fe-da0f-4c49-8ae8-1285e31e9d43,worker_2,worker_2,MEM_MOVE,12.153740,0.094951,"RAM -> VRAM [Model: 209734fe, Layer: c5c7241b]"
162215.190214,10000,209734fe-da0f-4c49-8ae8-1285e31e9d43,worker_2,worker_2,GPU_COMPUTE,0.050000,0.050000,GPU Compute
162215.348214,10000,209734fe-da0f-4c49-8ae8-1285e31e9d43,worker_2,coordinator_0,NET_TRANSFER,0.000100,0.158000,Signal Finished
162721.160542,10000,209734fe-da0f-4c49-8ae8-1285e31e9d43,coordinator_0,worker_3,NET_TRANSFER,6.320779,505.812328,Distribute Layer ID: 1a023b79
162721.209923,10000,209734fe-da0f-4c49-8ae8-1285e31e9d43,worker_3,worker_3,DISK_LOAD,6.320779,0.049381,"Disk -> RAM [Model: 209734fe, Layer: 1a023b79]"
162721.259304,10000,209734fe-da0f-4c49-8ae8-1285e31e9d43,worker_3,worker_3,MEM_MOVE,6.320779,0.049381,"RAM -> VRAM [Model: 209734fe, Layer: 1a023b79]"
162721.309304,10000,209734fe-da0f-4c49-8ae8-1285e31e9d43,worker_3,worker_3,GPU_COMPUTE,0.050000,0.050000,GPU Compute
162721.467304,10000,209734fe-da0f-4c49-8ae8-1285e31e9d43,worker_3,coordinator_0,NET_TRANSFER,0.000100,0.158000,Signal Finished
163804.704480,10000,209734fe-da0f-4c49-8ae8-1285e31e9d43,coordinator_0,worker_4,NET_TRANSFER,13.538590,1083.237176,Distribute Layer ID: 7b8b8e82
163804.810251,10000,209734fe-da0f-4c49-8ae8-1285e31e9d43,worker_4,worker_4,DISK_LOAD,13.538590,0.105770,"Disk -> RAM [Model: 209734fe, Layer: 7b8b8e82]"
163804.916021,10000,209734fe-da0f-4c49-8ae8-1285e31e9d43,worker_4,worker_4,MEM_MOVE,13.538590,0.105770,"RAM -> VRAM [Model: 209734fe, Layer: 7b8b8e82]"
163804.966021,10000,209734fe-da0f-4c49-8ae8-1285e31e9d43,worker_4,worker_4,GPU_COMPUTE,0.050000,0.050000,GPU Compute
163805.124021,10000,209734fe-da0f-4c49-8ae8-1285e31e9d43,worker_4,coordinator_0,NET_TRANSFER,0.000100,0.158000,Signal Finished
164714.878701,10000,209734fe-da0f-4c49-8ae8-1285e31e9d43,coordinator_0,worker_1,NET_TRANSFER,11.370059,909.754680,Distribute Layer ID: 561f29f5
164714.967530,10000,209734fe-da0f-4c49-8ae8-1285e31e9d43,worker_1,worker_1,DISK_LOAD,11.370059,0.088829,"Disk -> RAM [Model: 209734fe, Layer: 561f29f5]"
164715.056358,10000,209734fe-da0f-4c49-8ae8-1285e31e9d43,worker_1,worker_1,MEM_MOVE,11.370059,0.088829,"RAM -> VRAM [Model: 209734fe, Layer: 561f29f5]"
164715.106358,10000,209734fe-da0f-4c49-8ae8-1285e31e9d43,worker_1,worker_1,GPU_COMPUTE,0.050000,0.050000,GPU Compute
164715.264358,10000,209734fe-da0f-4c49-8ae8-1285e31e9d43,worker_1,coordinator_0,NET_TRANSFER,0.000100,0.158000,Signal Finished
165741.698113,10000,209734fe-da0f-4c49-8ae8-1285e31e9d43,coordinator_0,worker_2,NET_TRANSFER,12.828547,1026.433754,Distribute Layer ID: 5d051459
165741.798336,10000,209734fe-da0f-4c49-8ae8-1285e31e9d43,worker_2,worker_2,DISK_LOAD,12.828547,0.100223,"Disk -> RAM [Model: 209734fe, Layer: 5d051459]"
165741.898559,10000,209734fe-da0f-4c49-8ae8-1285e31e9d43,worker_2,worker_2,MEM_MOVE,12.828547,0.100223,"RAM -> VRAM [Model: 209734fe, Layer: 5d051459]"
165741.948559,10000,209734fe-da0f-4c49-8ae8-1285e31e9d43,worker_2,worker_2,GPU_COMPUTE,0.050000,0.050000,GPU Compute
165742.106559,10000,209734fe-da0f-4c49-8ae8-1285e31e9d43,worker_2,coordinator_0,NET_TRANSFER,0.000100,0.158000,Signal Finished
166485.588940,10000,209734fe-da0f-4c49-8ae8-1285e31e9d43,coordinator_0,worker_3,NET_TRANSFER,9.291655,743.482382,Distribute Layer ID: 9ff54686
166485.661531,10000,209734fe-da0f-4c49-8ae8-1285e31e9d43,worker_3,worker_3,DISK_LOAD,9.291655,0.072591,"Disk -> RAM [Model: 209734fe, Layer: 9ff54686]"
166485.734122,10000,209734fe-da0f-4c49-8ae8-1285e31e9d43,worker_3,worker_3,MEM_MOVE,9.291655,0.072591,"RAM -> VRAM [Model: 209734fe, Layer: 9ff54686]"
166485.784122,10000,209734fe-da0f-4c49-8ae8-1285e31e9d43,worker_3,worker_3,GPU_COMPUTE,0.050000,0.050000,GPU Compute
166485.942122,10000,209734fe-da0f-4c49-8ae8-1285e31e9d43,worker_3,coordinator_0,NET_TRANSFER,0.000100,0.158000,Signal Finished
167220.198941,10000,209734fe-da0f-4c49-8ae8-1285e31e9d43,coordinator_0,worker_4,NET_TRANSFER,9.176335,734.256819,Distribute Layer ID: a4c0e6ab
167220.270631,10000,209734fe-da0f-4c49-8ae8-1285e31e9d43,worker_4,worker_4,DISK_LOAD,9.176335,0.071690,"Disk -> RAM [Model: 209734fe, Layer: a4c0e6ab]"
167220.342321,10000,209734fe-da0f-4c49-8ae8-1285e31e9d43,worker_4,worker_4,MEM_MOVE,9.176335,0.071690,"RAM -> VRAM [Model: 209734fe, Layer: a4c0e6ab]"
167220.392321,10000,209734fe-da0f-4c49-8ae8-1285e31e9d43,worker_4,worker_4,GPU_COMPUTE,0.050000,0.050000,GPU Compute
167220.550321,10000,209734fe-da0f-4c49-8ae8-1285e31e9d43,worker_4,coordinator_0,NET_TRANSFER,0.000100,0.158000,Signal Finished
167919.332912,10000,209734fe-da0f-4c49-8ae8-1285e31e9d43,coordinator_0,worker_1,NET_TRANSFER,8.732907,698.782590,Distribute Layer ID: ae990e6a
167919.401138,10000,209734fe-da0f-4c49-8ae8-1285e31e9d43,worker_1,worker_1,DISK_LOAD,8.732907,0.068226,"Disk -> RAM [Model: 209734fe, Layer: ae990e6a]"
167919.469363,10000,209734fe-da0f-4c49-8ae8-1285e31e9d43,worker_1,worker_1,MEM_MOVE,8.732907,0.068226,"RAM -> VRAM [Model: 209734fe, Layer: ae990e6a]"
167919.519363,10000,209734fe-da0f-4c49-8ae8-1285e31e9d43,worker_1,worker_1,GPU_COMPUTE,0.050000,0.050000,GPU Compute
167919.677363,10000,209734fe-da0f-4c49-8ae8-1285e31e9d43,worker_1,coordinator_0,NET_TRANSFER,0.000100,0.158000,Signal Finished
168481.222700,10000,209734fe-da0f-4c49-8ae8-1285e31e9d43,coordinator_0,worker_2,NET_TRANSFER,7.017442,561.545336,Distribute Layer ID: 90ce51b2
168481.277523,10000,209734fe-da0f-4c49-8ae8-1285e31e9d43,worker_2,worker_2,DISK_LOAD,7.017442,0.054824,"Disk -> RAM [Model: 209734fe, Layer: 90ce51b2]"
168481.332347,10000,209734fe-da0f-4c49-8ae8-1285e31e9d43,worker_2,worker_2,MEM_MOVE,7.017442,0.054824,"RAM -> VRAM [Model: 209734fe, Layer: 90ce51b2]"
168481.382347,10000,209734fe-da0f-4c49-8ae8-1285e31e9d43,worker_2,worker_2,GPU_COMPUTE,0.050000,0.050000,GPU Compute
168481.540347,10000,209734fe-da0f-4c49-8ae8-1285e31e9d43,worker_2,coordinator_0,NET_TRANSFER,0.000100,0.158000,Signal Finished
169035.505115,10000,209734fe-da0f-4c49-8ae8-1285e31e9d43,coordinator_0,worker_3,NET_TRANSFER,6.922685,553.964767,Distribute Layer ID: 73952d61
169035.559198,10000,209734fe-da0f-4c49-8ae8-1285e31e9d43,worker_3,worker_3,DISK_LOAD,6.922685,0.054083,"Disk -> RAM [Model: 209734fe, Layer: 73952d61]"
169035.613282,10000,209734fe-da0f-4c49-8ae8-1285e31e9d43,worker_3,worker_3,MEM_MOVE,6.922685,0.054083,"RAM -> VRAM [Model: 209734fe, Layer: 73952d61]"
169035.663282,10000,209734fe-da0f-4c49-8ae8-1285e31e9d43,worker_3,worker_3,GPU_COMPUTE,0.050000,0.050000,GPU Compute
169035.821282,10000,209734fe-da0f-4c49-8ae8-1285e31e9d43,worker_3,coordinator_0,NET_TRANSFER,0.000100,0.158000,Signal Finished
169787.380973,10000,209734fe-da0f-4c49-8ae8-1285e31e9d43,coordinator_0,worker_4,NET_TRANSFER,9.392621,751.559691,Distribute Layer ID: feeead23
169787.454353,10000,209734fe-da0f-4c49-8ae8-1285e31e9d43,worker_4,worker_4,DISK_LOAD,9.392621,0.073380,"Disk -> RAM [Model: 209734fe, Layer: feeead23]"
169787.527733,10000,209734fe-da0f-4c49-8ae8-1285e31e9d43,worker_4,worker_4,MEM_MOVE,9.392621,0.073380,"RAM -> VRAM [Model: 209734fe, Layer: feeead23]"
169787.577733,10000,209734fe-da0f-4c49-8ae8-1285e31e9d43,worker_4,worker_4,GPU_COMPUTE,0.050000,0.050000,GPU Compute
169787.735733,10000,209734fe-da0f-4c49-8ae8-1285e31e9d43,worker_4,coordinator_0,NET_TRANSFER,0.000100,0.158000,Signal Finished
170219.263040,10000,209734fe-da0f-4c49-8ae8-1285e31e9d43,coordinator_0,worker_1,NET_TRANSFER,5.392216,431.527307,Distribute Layer ID: a16d0625
170219.305167,10000,209734fe-da0f-4c49-8ae8-1285e31e9d43,worker_1,worker_1,DISK_LOAD,5.392216,0.042127,"Disk -> RAM [Model: 209734fe, Layer: a16d0625]"
170219.347293,10000,209734fe-da0f-4c49-8ae8-1285e31e9d43,worker_1,worker_1,MEM_MOVE,5.392216,0.042127,"RAM -> VRAM [Model: 209734fe, Layer: a16d0625]"
170219.397293,10000,209734fe-da0f-4c49-8ae8-1285e31e9d43,worker_1,worker_1,GPU_COMPUTE,0.050000,0.050000,GPU Compute
170219.555293,10000,209734fe-da0f-4c49-8ae8-1285e31e9d43,worker_1,coordinator_0,NET_TRANSFER,0.000100,0.158000,Signal Finished
170836.884367,10000,209734fe-da0f-4c49-8ae8-1285e31e9d43,coordinator_0,worker_2,NET_TRANSFER,7.714738,617.329074,Distribute Layer ID: 5c0b6d3d
170836.944639,10000,209734fe-da0f-4c49-8ae8-1285e31e9d43,worker_2,worker_2,DISK_LOAD,7.714738,0.060271,"Disk -> RAM [Model: 209734fe, Layer: 5c0b6d3d]"
170837.004910,10000,209734fe-da0f-4c49-8ae8-1285e31e9d43,worker_2,worker_2,MEM_MOVE,7.714738,0.060271,"RAM -> VRAM [Model: 209734fe, Layer: 5c0b6d3d]"
170837.054910,10000,209734fe-da0f-4c49-8ae8-1285e31e9d43,worker_2,worker_2,GPU_COMPUTE,0.050000,0.050000,GPU Compute
170837.212910,10000,209734fe-da0f-4c49-8ae8-1285e31e9d43,worker_2,coordinator_0,NET_TRANSFER,0.000100,0.158000,Signal Finished
171447.516965,10000,209734fe-da0f-4c49-8ae8-1285e31e9d43,coordinator_0,worker_3,NET_TRANSFER,7.626926,610.304055,Distribute Layer ID: 78704486
171447.576550,10000,209734fe-da0f-4c49-8ae8-1285e31e9d43,worker_3,worker_3,DISK_LOAD,7.626926,0.059585,"Disk -> RAM [Model: 209734fe, Layer: 78704486]"
171447.636136,10000,209734fe-da0f-4c49-8ae8-1285e31e9d43,worker_3,worker_3,MEM_MOVE,7.626926,0.059585,"RAM -> VRAM [Model: 209734fe, Layer: 78704486]"
171447.686136,10000,209734fe-da0f-4c49-8ae8-1285e31e9d43,worker_3,worker_3,GPU_COMPUTE,0.050000,0.050000,GPU Compute
171447.844136,10000,209734fe-da0f-4c49-8ae8-1285e31e9d43,worker_3,coordinator_0,NET_TRANSFER,0.000100,0.158000,Signal Finished
172320.150861,10000,209734fe-da0f-4c49-8ae8-1285e31e9d43,coordinator_0,worker_4,NET_TRANSFER,10.901959,872.306725,Distribute Layer ID: 365bcbdc
172320.236032,10000,209734fe-da0f-4c49-8ae8-1285e31e9d43,worker_4,worker_4,DISK_LOAD,10.901959,0.085172,"Disk -> RAM [Model: 209734fe, Layer: 365bcbdc]"
172320.321204,10000,209734fe-da0f-4c49-8ae8-1285e31e9d43,worker_4,worker_4,MEM_MOVE,10.901959,0.085172,"RAM -> VRAM [Model: 209734fe, Layer: 365bcbdc]"
172320.371204,10000,209734fe-da0f-4c49-8ae8-1285e31e9d43,worker_4,worker_4,GPU_COMPUTE,0.050000,0.050000,GPU Compute
172320.529204,10000,209734fe-da0f-4c49-8ae8-1285e31e9d43,worker_4,coordinator_0,NET_TRANSFER,0.000100,0.158000,Signal Finished
172978.840164,10000,209734fe-da0f-4c49-8ae8-1285e31e9d43,coordinator_0,worker_1,NET_TRANSFER,8.227012,658.310960,Distribute Layer ID: c37d86de
172978.904437,10000,209734fe-da0f-4c49-8ae8-1285e31e9d43,worker_1,worker_1,DISK_LOAD,8.227012,0.064274,"Disk -> RAM [Model: 209734fe, Layer: c37d86de]"
172978.968711,10000,209734fe-da0f-4c49-8ae8-1285e31e9d43,worker_1,worker_1,MEM_MOVE,8.227012,0.064274,"RAM -> VRAM [Model: 209734fe, Layer: c37d86de]"
172979.018711,10000,209734fe-da0f-4c49-8ae8-1285e31e9d43,worker_1,worker_1,GPU_COMPUTE,0.050000,0.050000,GPU Compute
172979.176711,10000,209734fe-da0f-4c49-8ae8-1285e31e9d43,worker_1,coordinator_0,NET_TRANSFER,0.000100,0.158000,Signal Finished
173963.083393,10000,209734fe-da0f-4c49-8ae8-1285e31e9d43,coordinator_0,worker_2,NET_TRANSFER,12.296959,983.906682,Distribute Layer ID: e7f5f412
173963.241393,8001,3f88dbf8-aff9-4f29-b4b2-59d4c2e8e335,client_8,coordinator_0,NET_TRANSFER,0.000100,0.158000,Request Model ID
173963.337463,10000,209734fe-da0f-4c49-8ae8-1285e31e9d43,worker_2,worker_2,DISK_LOAD,12.296959,0.096070,"Disk -> RAM [Model: 209734fe, Layer: e7f5f412]"
173963.433533,10000,209734fe-da0f-4c49-8ae8-1285e31e9d43,worker_2,worker_2,MEM_MOVE,12.296959,0.096070,"RAM -> VRAM [Model: 209734fe, Layer: e7f5f412]"
173963.483533,10000,209734fe-da0f-4c49-8ae8-1285e31e9d43,worker_2,worker_2,GPU_COMPUTE,0.050000,0.050000,GPU Compute
173963.641533,10000,209734fe-da0f-4c49-8ae8-1285e31e9d43,worker_2,coordinator_0,NET_TRANSFER,0.000100,0.158000,Signal Finished
174653.081456,10000,209734fe-da0f-4c49-8ae8-1285e31e9d43,coordinator_0,worker_3,NET_TRANSFER,8.616124,689.439923,Distribute Layer ID: 9c62abb7
174653.148770,10000,209734fe-da0f-4c49-8ae8-1285e31e9d43,worker_3,worker_3,DISK_LOAD,8.616124,0.067313,"Disk -> RAM [Model: 209734fe, Layer: 9c62abb7]"
174653.216083,10000,209734fe-da0f-4c49-8ae8-1285e31e9d43,worker_3,worker_3,MEM_MOVE,8.616124,0.067313,"RAM -> VRAM [Model: 209734fe, Layer: 9c62abb7]"
174653.266083,10000,209734fe-da0f-4c49-8ae8-1285e31e9d43,worker_3,worker_3,GPU_COMPUTE,0.050000,0.050000,GPU Compute
174653.424083,10000,209734fe-da0f-4c49-8ae8-1285e31e9d43,worker_3,coordinator_0,NET_TRANSFER,0.000100,0.158000,Signal Finished
175484.885467,10000,209734fe-da0f-4c49-8ae8-1285e31e9d43,coordinator_0,worker_4,NET_TRANSFER,10.391392,831.461384,Distribute Layer ID: 382fe054
175484.966649,10000,209734fe-da0f-4c49-8ae8-1285e31e9d43,worker_4,worker_4,DISK_LOAD,10.391392,0.081183,"Disk -> RAM [Model: 209734fe, Layer: 382fe054]"
175485.047832,10000,209734fe-da0f-4c49-8ae8-1285e31e9d43,worker_4,worker_4,MEM_MOVE,10.391392,0.081183,"RAM -> VRAM [Model: 209734fe, Layer: 382fe054]"
175485.097832,10000,209734fe-da0f-4c49-8ae8-1285e31e9d43,worker_4,worker_4,GPU_COMPUTE,0.050000,0.050000,GPU Compute
175485.255832,10000,209734fe-da0f-4c49-8ae8-1285e31e9d43,worker_4,coordinator_0,NET_TRANSFER,0.000100,0.158000,Signal Finished
176641.208259,10000,209734fe-da0f-4c49-8ae8-1285e31e9d43,coordinator_0,worker_1,NET_TRANSFER,14.447530,1155.952427,Distribute Layer ID: f52829af
176641.321131,10000,209734fe-da0f-4c49-8ae8-1285e31e9d43,worker_1,worker_1,DISK_LOAD,14.447530,0.112871,"Disk -> RAM [Model: 209734fe, Layer: f52829af]"
176641.434002,10000,209734fe-da0f-4c49-8ae8-1285e31e9d43,worker_1,worker_1,MEM_MOVE,14.447530,0.112871,"RAM -> VRAM [Model: 209734fe, Layer: f52829af]"
176641.484002,10000,209734fe-da0f-4c49-8ae8-1285e31e9d43,worker_1,worker_1,GPU_COMPUTE,0.050000,0.050000,GPU Compute
176641.642002,10000,209734fe-da0f-4c49-8ae8-1285e31e9d43,worker_1,coordinator_0,NET_TRANSFER,0.000100,0.158000,Signal Finished
176641.800002,4000,ab9f6fc0-eb04-408e-bb43-f7fc434d8a00,coordinator_0,worker_2,NET_TRANSFER,0.000100,0.158000,Poll: Check Layer Cache
176641.958002,4000,ab9f6fc0-eb04-408e-bb43-f7fc434d8a00,worker_2,coordinator_0,NET_TRANSFER,0.000100,0.158000,Poll: Cache Status Reply
176642.116002,4000,ab9f6fc0-eb04-408e-bb43-f7fc434d8a00,coordinator_0,worker_1,NET_TRANSFER,0.000100,0.158000,Poll: Check Layer Cache
176642.274002,4000,ab9f6fc0-eb04-408e-bb43-f7fc434d8a00,worker_1,coordinator_0,NET_TRANSFER,0.000100,0.158000,Poll: Cache Status Reply
176642.432002,4000,ab9f6fc0-eb04-408e-bb43-f7fc434d8a00,coordinator_0,worker_2,NET_TRANSFER,0.000100,0.158000,Poll: Check Layer Cache
176642.590002,4000,ab9f6fc0-eb04-408e-bb43-f7fc434d8a00,worker_2,coordinator_0,NET_TRANSFER,0.000100,0.158000,Poll: Cache Status Reply
176642.748002,4000,ab9f6fc0-eb04-408e-bb43-f7fc434d8a00,coordinator_0,worker_1,NET_TRANSFER,0.000100,0.158000,Poll: Check Layer Cache
176642.906002,4000,ab9f6fc0-eb04-408e-bb43-f7fc434d8a00,worker_1,coordinator_0,NET_TRANSFER,0.000100,0.158000,Poll: Cache Status Reply
176643.064002,4000,ab9f6fc0-eb04-408e-bb43-f7fc434d8a00,coordinator_0,worker_1,NET_TRANSFER,0.000100,0.158000,Poll: Check Layer Cache
176643.222002,4000,ab9f6fc0-eb04-408e-bb43-f7fc434d8a00,worker_1,coordinator_0,NET_TRANSFER,0.000100,0.158000,Poll: Cache Status Reply
176643.380002,4000,ab9f6fc0-eb04-408e-bb43-f7fc434d8a00,coordinator_0,worker_2,NET_TRANSFER,0.000100,0.158000,Poll: Check Layer Cache
176643.538002,4000,ab9f6fc0-eb04-408e-bb43-f7fc434d8a00,worker_2,coordinator_0,NET_TRANSFER,0.000100,0.158000,Poll: Cache Status Reply
176643.696002,4000,ab9f6fc0-eb04-408e-bb43-f7fc434d8a00,coordinator_0,worker_4,NET_TRANSFER,0.000100,0.158000,Poll: Check Layer Cache
176643.854002,4000,ab9f6fc0-eb04-408e-bb43-f7fc434d8a00,worker_4,coordinator_0,NET_TRANSFER,0.000100,0.158000,Poll: Cache Status Reply
176644.012002,4000,ab9f6fc0-eb04-408e-bb43-f7fc434d8a00,coordinator_0,worker_2,NET_TRANSFER,0.000100,0.158000,Poll: Check Layer Cache
176644.170002,4000,ab9f6fc0-eb04-408e-bb43-f7fc434d8a00,worker_2,coordinator_0,NET_TRANSFER,0.000100,0.158000,Poll: Cache Status Reply
176644.328002,4000,ab9f6fc0-eb04-408e-bb43-f7fc434d8a00,coordinator_0,worker_1,NET_TRANSFER,0.000100,0.158000,Poll: Check Layer Cache
176644.486002,4000,ab9f6fc0-eb04-408e-bb43-f7fc434d8a00,worker_1,coordinator_0,NET_TRANSFER,0.000100,0.158000,Poll: Cache Status Reply
176644.644002,4000,ab9f6fc0-eb04-408e-bb43-f7fc434d8a00,coordinator_0,worker_3,NET_TRANSFER,0.000100,0.158000,Poll: Check Layer Cache
176644.802002,4000,ab9f6fc0-eb04-408e-bb43-f7fc434d8a00,worker_3,coordinator_0,NET_TRANSFER,0.000100,0.158000,Poll: Cache Status Reply
176644.960002,4000,ab9f6fc0-eb04-408e-bb43-f7fc434d8a00,coordinator_0,worker_1,NET_TRANSFER,0.000100,0.158000,Poll: Check Layer Cache
176645.118002,4000,ab9f6fc0-eb04-408e-bb43-f7fc434d8a00,worker_1,coordinator_0,NET_TRANSFER,0.000100,0.158000,Poll: Cache Status Reply
176645.276002,4000,ab9f6fc0-eb04-408e-bb43-f7fc434d8a00,coordinator_0,worker_3,NET_TRANSFER,0.000100,0.158000,Poll: Check Layer Cache
176645.434002,4000,ab9f6fc0-eb04-408e-bb43-f7fc434d8a00,worker_3,coordinator_0,NET_TRANSFER,0.000100,0.158000,Poll: Cache Status Reply
176645.592002,4000,ab9f6fc0-eb04-408e-bb43-f7fc434d8a00,coordinator_0,worker_4,NET_TRANSFER,0.000100,0.158000,Poll: Check Layer Cache
176645.750002,4000,ab9f6fc0-eb04-408e-bb43-f7fc434d8a00,worker_4,coordinator_0,NET_TRANSFER,0.000100,0.158000,Poll: Cache Status Reply
176645.908002,4000,ab9f6fc0-eb04-408e-bb43-f7fc434d8a00,coordinator_0,worker_1,NET_TRANSFER,0.000100,0.158000,Poll: Check Layer Cache
176646.066002,4000,ab9f6fc0-eb04-408e-bb43-f7fc434d8a00,worker_1,coordinator_0,NET_TRANSFER,0.000100,0.158000,Poll: Cache Status Reply
176646.224002,4000,ab9f6fc0-eb04-408e-bb43-f7fc434d8a00,coordinator_0,worker_3,NET_TRANSFER,0.000100,0.158000,Poll: Check Layer Cache
176646.382002,4000,ab9f6fc0-eb04-408e-bb43-f7fc434d8a00,worker_3,coordinator_0,NET_TRANSFER,0.000100,0.158000,Poll: Cache Status Reply
176646.540002,4000,ab9f6fc0-eb04-408e-bb43-f7fc434d8a00,coordinator_0,worker_3,NET_TRANSFER,0.000100,0.158000,Poll: Check Layer Cache
176646.698002,4000,ab9f6fc0-eb04-408e-bb43-f7fc434d8a00,worker_3,coordinator_0,NET_TRANSFER,0.000100,0.158000,Poll: Cache Status Reply
176646.856002,4000,ab9f6fc0-eb04-408e-bb43-f7fc434d8a00,coordinator_0,worker_4,NET_TRANSFER,0.000100,0.158000,Poll: Check Layer Cache
176647.014002,4000,ab9f6fc0-eb04-408e-bb43-f7fc434d8a00,worker_4,coordinator_0,NET_TRANSFER,0.000100,0.158000,Poll: Cache Status Reply
176647.172002,4000,ab9f6fc0-eb04-408e-bb43-f7fc434d8a00,coordinator_0,worker_2,NET_TRANSFER,0.000100,0.158000,Poll: Check Layer Cache
176647.330002,4000,ab9f6fc0-eb04-408e-bb43-f7fc434d8a00,worker_2,coordinator_0,NET_TRANSFER,0.000100,0.158000,Poll: Cache Status Reply
176647.488002,4000,ab9f6fc0-eb04-408e-bb43-f7fc434d8a00,coordinator_0,worker_3,NET_TRANSFER,0.000100,0.158000,Poll: Check Layer Cache
176647.646002,4000,ab9f6fc0-eb04-408e-bb43-f7fc434d8a00,worker_3,coordinator_0,NET_TRANSFER,0.000100,0.158000,Poll: Cache Status Reply
176647.804002,4000,ab9f6fc0-eb04-408e-bb43-f7fc434d8a00,coordinator_0,worker_3,NET_TRANSFER,0.000100,0.158000,Poll: Check Layer Cache
176647.962002,4000,ab9f6fc0-eb04-408e-bb43-f7fc434d8a00,worker_3,coordinator_0,NET_TRANSFER,0.000100,0.158000,Poll: Cache Status Reply
176648.120002,4000,ab9f6fc0-eb04-408e-bb43-f7fc434d8a00,coordinator_0,worker_1,NET_TRANSFER,0.000100,0.158000,Poll: Check Layer Cache
176648.278002,4000,ab9f6fc0-eb04-408e-bb43-f7fc434d8a00,worker_1,coordinator_0,NET_TRANSFER,0.000100,0.158000,Poll: Cache Status Reply
176648.436002,4000,ab9f6fc0-eb04-408e-bb43-f7fc434d8a00,coordinator_0,worker_4,NET_TRANSFER,0.000100,0.158000,Poll: Check Layer Cache
176648.594002,4000,ab9f6fc0-eb04-408e-bb43-f7fc434d8a00,worker_4,coordinator_0,NET_TRANSFER,0.000100,0.158000,Poll: Cache Status Reply
176648.752002,4000,ab9f6fc0-eb04-408e-bb43-f7fc434d8a00,coordinator_0,worker_2,NET_TRANSFER,0.000100,0.158000,Poll: Check Layer Cache
176648.910002,4000,ab9f6fc0-eb04-408e-bb43-f7fc434d8a00,worker_2,coordinator_0,NET_TRANSFER,0.000100,0.158000,Poll: Cache Status Reply
176649.068002,4000,ab9f6fc0-eb04-408e-bb43-f7fc434d8a00,coordinator_0,worker_3,NET_TRANSFER,0.000100,0.158000,Poll: Check Layer Cache
176649.226002,4000,ab9f6fc0-eb04-408e-bb43-f7fc434d8a00,worker_3,coordinator_0,NET_TRANSFER,0.000100,0.158000,Poll: Cache Status Reply
176649.384002,4000,ab9f6fc0-eb04-408e-bb43-f7fc434d8a00,coordinator_0,worker_4,NET_TRANSFER,0.000100,0.158000,Poll: Check Layer Cache
176649.542002,4000,ab9f6fc0-eb04-408e-bb43-f7fc434d8a00,worker_4,coordinator_0,NET_TRANSFER,0.000100,0.158000,Poll: Cache Status Reply
176649.700002,4000,ab9f6fc0-eb04-408e-bb43-f7fc434d8a00,coordinator_0,worker_2,NET_TRANSFER,0.000100,0.158000,Poll: Check Layer Cache
176649.858002,4000,ab9f6fc0-eb04-408e-bb43-f7fc434d8a00,worker_2,coordinator_0,NET_TRANSFER,0.000100,0.158000,Poll: Cache Status Reply
176650.016002,4000,ab9f6fc0-eb04-408e-bb43-f7fc434d8a00,coordinator_0,worker_4,NET_TRANSFER,0.000100,0.158000,Poll: Check Layer Cache
176650.174002,4000,ab9f6fc0-eb04-408e-bb43-f7fc434d8a00,worker_4,coordinator_0,NET_TRANSFER,0.000100,0.158000,Poll: Cache Status Reply
176650.332002,4000,ab9f6fc0-eb04-408e-bb43-f7fc434d8a00,coordinator_0,worker_4,NET_TRANSFER,0.000100,0.158000,Poll: Check Layer Cache
176650.490002,4000,ab9f6fc0-eb04-408e-bb43-f7fc434d8a00,worker_4,coordinator_0,NET_TRANSFER,0.000100,0.158000,Poll: Cache Status Reply
176650.648002,4000,ab9f6fc0-eb04-408e-bb43-f7fc434d8a00,coordinator_0,worker_4,NET_TRANSFER,0.000100,0.158000,Poll: Check Layer Cache
176650.806002,4000,ab9f6fc0-eb04-408e-bb43-f7fc434d8a00,worker_4,coordinator_0,NET_TRANSFER,0.000100,0.158000,Poll: Cache Status Reply
176650.964002,4000,ab9f6fc0-eb04-408e-bb43-f7fc434d8a00,coordinator_0,worker_4,NET_TRANSFER,0.000100,0.158000,Poll: Check Layer Cache
176651.122002,4000,ab9f6fc0-eb04-408e-bb43-f7fc434d8a00,worker_4,coordinator_0,NET_TRANSFER,0.000100,0.158000,Poll: Cache Status Reply
176651.280002,4000,ab9f6fc0-eb04-408e-bb43-f7fc434d8a00,coordinator_0,worker_3,NET_TRANSFER,0.000100,0.158000,Poll: Check Layer Cache
176651.438002,4000,ab9f6fc0-eb04-408e-bb43-f7fc434d8a00,worker_3,coordinator_0,NET_TRANSFER,0.000100,0.158000,Poll: Cache Status Reply
176651.596002,4000,ab9f6fc0-eb04-408e-bb43-f7fc434d8a00,coordinator_0,worker_3,NET_TRANSFER,0.000100,0.158000,Poll: Check Layer Cache
176651.754002,4000,ab9f6fc0-eb04-408e-bb43-f7fc434d8a00,worker_3,coordinator_0,NET_TRANSFER,0.000100,0.158000,Poll: Cache Status Reply
176651.912002,4000,ab9f6fc0-eb04-408e-bb43-f7fc434d8a00,coordinator_0,worker_1,NET_TRANSFER,0.000100,0.158000,Poll: Check Layer Cache
176652.070002,4000,ab9f6fc0-eb04-408e-bb43-f7fc434d8a00,worker_1,coordinator_0,NET_TRANSFER,0.000100,0.158000,Poll: Cache Status Reply
176652.228002,4000,ab9f6fc0-eb04-408e-bb43-f7fc434d8a00,coordinator_0,worker_1,NET_TRANSFER,0.000100,0.158000,Poll: Check Layer Cache
176652.386002,4000,ab9f6fc0-eb04-408e-bb43-f7fc434d8a00,worker_1,coordinator_0,NET_TRANSFER,0.000100,0.158000,Poll: Cache Status Reply
176652.544002,4000,ab9f6fc0-eb04-408e-bb43-f7fc434d8a00,coordinator_0,worker_1,NET_TRANSFER,0.000100,0.158000,Poll: Check Layer Cache
176652.702002,4000,ab9f6fc0-eb04-408e-bb43-f7fc434d8a00,worker_1,coordinator_0,NET_TRANSFER,0.000100,0.158000,Poll: Cache Status Reply
176652.860002,4000,ab9f6fc0-eb04-408e-bb43-f7fc434d8a00,coordinator_0,worker_1,NET_TRANSFER,0.000100,0.158000,Poll: Check Layer Cache
176653.018002,4000,ab9f6fc0-eb04-408e-bb43-f7fc434d8a00,worker_1,coordinator_0,NET_TRANSFER,0.000100,0.158000,Poll: Cache Status Reply
176653.176002,4000,ab9f6fc0-eb04-408e-bb43-f7fc434d8a00,coordinator_0,worker_2,NET_TRANSFER,0.000100,0.158000,Poll: Check Layer Cache
176653.334002,4000,ab9f6fc0-eb04-408e-bb43-f7fc434d8a00,worker_2,coordinator_0,NET_TRANSFER,0.000100,0.158000,Poll: Cache Status Reply
176653.492002,4000,ab9f6fc0-eb04-408e-bb43-f7fc434d8a00,coordinator_0,worker_2,NET_TRANSFER,0.000100,0.158000,Poll: Check Layer Cache
176653.650002,4000,ab9f6fc0-eb04-408e-bb43-f7fc434d8a00,worker_2,coordinator_0,NET_TRANSFER,0.000100,0.158000,Poll: Cache Status Reply
176653.808002,4000,ab9f6fc0-eb04-408e-bb43-f7fc434d8a00,coordinator_0,worker_3,NET_TRANSFER,0.000100,0.158000,Poll: Check Layer Cache
176653.966002,4000,ab9f6fc0-eb04-408e-bb43-f7fc434d8a00,worker_3,coordinator_0,NET_TRANSFER,0.000100,0.158000,Poll: Cache Status Reply
176654.124002,4000,ab9f6fc0-eb04-408e-bb43-f7fc434d8a00,coordinator_0,worker_4,NET_TRANSFER,0.000100,0.158000,Poll: Check Layer Cache
176654.282002,4000,ab9f6fc0-eb04-408e-bb43-f7fc434d8a00,worker_4,coordinator_0,NET_TRANSFER,0.000100,0.158000,Poll: Cache Status Reply
176654.440002,4000,ab9f6fc0-eb04-408e-bb43-f7fc434d8a00,coordinator_0,worker_2,NET_TRANSFER,0.000100,0.158000,Poll: Check Layer Cache
176654.598002,4000,ab9f6fc0-eb04-408e-bb43-f7fc434d8a00,worker_2,coordinator_0,NET_TRANSFER,0.000100,0.158000,Poll: Cache Status Reply
176654.756002,4000,ab9f6fc0-eb04-408e-bb43-f7fc434d8a00,coordinator_0,worker_4,NET_TRANSFER,0.000100,0.158000,Poll: Check Layer Cache
176654.914002,4000,ab9f6fc0-eb04-408e-bb43-f7fc434d8a00,worker_4,coordinator_0,NET_TRANSFER,0.000100,0.158000,Poll: Cache Status Reply
176655.072002,8000,209734fe-da0f-4c49-8ae8-1285e31e9d43,coordinator_0,worker_3,NET_TRANSFER,0.000100,0.158000,Poll: Check Layer Cache
176655.230002,8000,209734fe-da0f-4c49-8ae8-1285e31e9d43,worker_3,coordinator_0,NET_TRANSFER,0.000100,0.158000,Poll: Cache Status Reply
176655.388002,8000,209734fe-da0f-4c49-8ae8-1285e31e9d43,coordinator_0,worker_2,NET_TRANSFER,0.000100,0.158000,Poll: Check Layer Cache
176655.546002,8000,209734fe-da0f-4c49-8ae8-1285e31e9d43,worker_2,coordinator_0,NET_TRANSFER,0.000100,0.158000,Poll: Cache Status Reply
176655.704002,8000,209734fe-da0f-4c49-8ae8-1285e31e9d43,coordinator_0,worker_4,NET_TRANSFER,0.000100,0.158000,Poll: Check Layer Cache
176655.862002,8000,209734fe-da0f-4c49-8ae8-1285e31e9d43,worker_4,coordinator_0,NET_TRANSFER,0.000100,0.158000,Poll: Cache Status Reply
176656.020002,8000,209734fe-da0f-4c49-8ae8-1285e31e9d43,coordinator_0,worker_4,NET_TRANSFER,0.000100,0.158000,Poll: Check Layer Cache
176656.178002,8000,209734fe-da0f-4c49-8ae8-1285e31e9d43,worker_4,coordinator_0,NET_TRANSFER,0.000100,0.158000,Poll: Cache Status Reply
176656.336002,8000,209734fe-da0f-4c49-8ae8-1285e31e9d43,coordinator_0,worker_4,NET_TRANSFER,0.000100,0.158000,Poll: Check Layer Cache
176656.494002,8000,209734fe-da0f-4c49-8ae8-1285e31e9d43,worker_4,coordinator_0,NET_TRANSFER,0.000100,0.158000,Poll: Cache Status Reply
176656.652002,8000,209734fe-da0f-4c49-8ae8-1285e31e9d43,coordinator_0,worker_4,NET_TRANSFER,0.000100,0.158000,Poll: Check Layer Cache
176656.810002,8000,209734fe-da0f-4c49-8ae8-1285e31e9d43,worker_4,coordinator_0,NET_TRANSFER,0.000100,0.158000,Poll: Cache Status Reply
176656.968002,8000,209734fe-da0f-4c49-8ae8-1285e31e9d43,coordinator_0,worker_3,NET_TRANSFER,0.000100,0.158000,Poll: Check Layer Cache
176657.126002,8000,209734fe-da0f-4c49-8ae8-1285e31e9d43,worker_3,coordinator_0,NET_TRANSFER,0.000100,0.158000,Poll: Cache Status Reply
176657.284002,8000,209734fe-da0f-4c49-8ae8-1285e31e9d43,coordinator_0,worker_3,NET_TRANSFER,0.000100,0.158000,Poll: Check Layer Cache
176657.442002,8000,209734fe-da0f-4c49-8ae8-1285e31e9d43,worker_3,coordinator_0,NET_TRANSFER,0.000100,0.158000,Poll: Cache Status Reply
176657.600002,8000,209734fe-da0f-4c49-8ae8-1285e31e9d43,coordinator_0,worker_1,NET_TRANSFER,0.000100,0.158000,Poll: Check Layer Cache
176657.758002,8000,209734fe-da0f-4c49-8ae8-1285e31e9d43,worker_1,coordinator_0,NET_TRANSFER,0.000100,0.158000,Poll: Cache Status Reply
176657.916002,8000,209734fe-da0f-4c49-8ae8-1285e31e9d43,coordinator_0,worker_4,NET_TRANSFER,0.000100,0.158000,Poll: Check Layer Cache
176658.074002,8000,209734fe-da0f-4c49-8ae8-1285e31e9d43,worker_4,coordinator_0,NET_TRANSFER,0.000100,0.158000,Poll: Cache Status Reply
176658.232002,8000,209734fe-da0f-4c49-8ae8-1285e31e9d43,coordinator_0,worker_2,NET_TRANSFER,0.000100,0.158000,Poll: Check Layer Cache
176658.390002,8000,209734fe-da0f-4c49-8ae8-1285e31e9d43,worker_2,coordinator_0,NET_TRANSFER,0.000100,0.158000,Poll: Cache Status Reply
176658.548002,8000,209734fe-da0f-4c49-8ae8-1285e31e9d43,coordinator_0,worker_1,NET_TRANSFER,0.000100,0.158000,Poll: Check Layer Cache
176658.706002,8000,209734fe-da0f-4c49-8ae8-1285e31e9d43,worker_1,coordinator_0,NET_TRANSFER,0.000100,0.158000,Poll: Cache Status Reply
176658.864002,8000,209734fe-da0f-4c49-8ae8-1285e31e9d43,coordinator_0,worker_2,NET_TRANSFER,0.000100,0.158000,Poll: Check Layer Cache
176659.022002,8000,209734fe-da0f-4c49-8ae8-1285e31e9d43,worker_2,coordinator_0,NET_TRANSFER,0.000100,0.158000,Poll: Cache Status Reply
176659.180002,8000,209734fe-da0f-4c49-8ae8-1285e31e9d43,coordinator_0,worker_1,NET_TRANSFER,0.000100,0.158000,Poll: Check Layer Cache
176659.338002,8000,209734fe-da0f-4c49-8ae8-1285e31e9d43,worker_1,coordinator_0,NET_TRANSFER,0.000100,0.158000,Poll: Cache Status Reply
176659.496002,8000,209734fe-da0f-4c49-8ae8-1285e31e9d43,coordinator_0,worker_2,NET_TRANSFER,0.000100,0.158000,Poll: Check Layer Cache
176659.654002,8000,209734fe-da0f-4c49-8ae8-1285e31e9d43,worker_2,coordinator_0,NET_TRANSFER,0.000100,0.158000,Poll: Cache Status Reply
176659.812002,8000,209734fe-da0f-4c49-8ae8-1285e31e9d43,coordinator_0,worker_3,NET_TRANSFER,0.000100,0.158000,Poll: Check Layer Cache
176659.970002,8000,209734fe-da0f-4c49-8ae8-1285e31e9d43,worker_3,coordinator_0,NET_TRANSFER,0.000100,0.158000,Poll: Cache Status Reply
176660.128002,8000,209734fe-da0f-4c49-8ae8-1285e31e9d43,coordinator_0,worker_1,NET_TRANSFER,0.000100,0.158000,Poll: Check Layer Cache
176660.286002,8000,209734fe-da0f-4c49-8ae8-1285e31e9d43,worker_1,coordinator_0,NET_TRANSFER,0.000100,0.158000,Poll: Cache Status Reply
176660.444002,8000,209734fe-da0f-4c49-8ae8-1285e31e9d43,coordinator_0,worker_3,NET_TRANSFER,0.000100,0.158000,Poll: Check Layer Cache
176660.602002,8000,209734fe-da0f-4c49-8ae8-1285e31e9d43,worker_3,coordinator_0,NET_TRANSFER,0.000100,0.158000,Poll: Cache Status Reply
176660.760002,8000,209734fe-da0f-4c49-8ae8-1285e31e9d43,coordinator_0,worker_4,NET_TRANSFER,0.000100,0.158000,Poll: Check Layer Cache
176660.918002,8000,209734fe-da0f-4c49-8ae8-1285e31e9d43,worker_4,coordinator_0,NET_TRANSFER,0.000100,0.158000,Poll: Cache Status Reply
176661.076002,8000,209734fe-da0f-4c49-8ae8-1285e31e9d43,coordinator_0,worker_2,NET_TRANSFER,0.000100,0.158000,Poll: Check Layer Cache
176661.234002,8000,209734fe-da0f-4c49-8ae8-1285e31e9d43,worker_2,coordinator_0,NET_TRANSFER,0.000100,0.158000,Poll: Cache Status Reply
176661.392002,8000,209734fe-da0f-4c49-8ae8-1285e31e9d43,coordinator_0,worker_1,NET_TRANSFER,0.000100,0.158000,Poll: Check Layer Cache
176661.550002,8000,209734fe-da0f-4c49-8ae8-1285e31e9d43,worker_1,coordinator_0,NET_TRANSFER,0.000100,0.158000,Poll: Cache Status Reply
176661.708002,8000,209734fe-da0f-4c49-8ae8-1285e31e9d43,coordinator_0,worker_3,NET_TRANSFER,0.000100,0.158000,Poll: Check Layer Cache
176661.866002,8000,209734fe-da0f-4c49-8ae8-1285e31e9d43,worker_3,coordinator_0,NET_TRANSFER,0.000100,0.158000,Poll: Cache Status Reply
176662.024002,8000,209734fe-da0f-4c49-8ae8-1285e31e9d43,coordinator_0,worker_1,NET_TRANSFER,0.000100,0.158000,Poll: Check Layer Cache
176662.182002,8000,209734fe-da0f-4c49-8ae8-1285e31e9d43,worker_1,coordinator_0,NET_TRANSFER,0.000100,0.158000,Poll: Cache Status Reply
176662.340002,8000,209734fe-da0f-4c49-8ae8-1285e31e9d43,coordinator_0,worker_2,NET_TRANSFER,0.000100,0.158000,Poll: Check Layer Cache
176662.498002,8000,209734fe-da0f-4c49-8ae8-1285e31e9d43,worker_2,coordinator_0,NET_TRANSFER,0.000100,0.158000,Poll: Cache Status Reply
176662.656002,8000,209734fe-da0f-4c49-8ae8-1285e31e9d43,coordinator_0,worker_3,NET_TRANSFER,0.000100,0.158000,Poll: Check Layer Cache
176662.814002,8000,209734fe-da0f-4c49-8ae8-1285e31e9d43,worker_3,coordinator_0,NET_TRANSFER,0.000100,0.158000,Poll: Cache Status Reply
176662.972002,8000,209734fe-da0f-4c49-8ae8-1285e31e9d43,coordinator_0,worker_4,NET_TRANSFER,0.000100,0.158000,Poll: Check Layer Cache
176663.130002,8000,209734fe-da0f-4c49-8ae8-1285e31e9d43,worker_4,coordinator_0,NET_TRANSFER,0.000100,0.158000,Poll: Cache Status Reply
176663.288002,8000,209734fe-da0f-4c49-8ae8-1285e31e9d43,coordinator_0,worker_2,NET_TRANSFER,0.000100,0.158000,Poll: Check Layer Cache
176663.446002,8000,209734fe-da0f-4c49-8ae8-1285e31e9d43,worker_2,coordinator_0,NET_TRANSFER,0.000100,0.158000,Poll: Cache Status Reply
176663.604002,8000,209734fe-da0f-4c49-8ae8-1285e31e9d43,coordinator_0,worker_1,NET_TRANSFER,0.000100,0.158000,Poll: Check Layer Cache
176663.762002,8000,209734fe-da0f-4c49-8ae8-1285e31e9d43,worker_1,coordinator_0,NET_TRANSFER,0.000100,0.158000,Poll: Cache Status Reply
176663.920002,8000,209734fe-da0f-4c49-8ae8-1285e31e9d43,coordinator_0,worker_4,NET_TRANSFER,0.000100,0.158000,Poll: Check Layer Cache
176664.078002,8000,209734fe-da0f-4c49-8ae8-1285e31e9d43,worker_4,coordinator_0,NET_TRANSFER,0.000100,0.158000,Poll: Cache Status Reply
176664.236002,8000,209734fe-da0f-4c49-8ae8-1285e31e9d43,coordinator_0,worker_1,NET_TRANSFER,0.000100,0.158000,Poll: Check Layer Cache
176664.394002,8000,209734fe-da0f-4c49-8ae8-1285e31e9d43,worker_1,coordinator_0,NET_TRANSFER,0.000100,0.158000,Poll: Cache Status Reply
176664.552002,8000,209734fe-da0f-4c49-8ae8-1285e31e9d43,coordinator_0,worker_2,NET_TRANSFER,0.000100,0.158000,Poll: Check Layer Cache
176664.710002,8000,209734fe-da0f-4c49-8ae8-1285e31e9d43,worker_2,coordinator_0,NET_TRANSFER,0.000100,0.158000,Poll: Cache Status Reply
176664.868002,8000,209734fe-da0f-4c49-8ae8-1285e31e9d43,coordinator_0,worker_3,NET_TRANSFER,0.000100,0.158000,Poll: Check Layer Cache
176665.026002,8000,209734fe-da0f-4c49-8ae8-1285e31e9d43,worker_3,coordinator_0,NET_TRANSFER,0.000100,0.158000,Poll: Cache Status Reply
176665.184002,8000,209734fe-da0f-4c49-8ae8-1285e31e9d43,coordinator_0,worker_3,NET_TRANSFER,0.000100,0.158000,Poll: Check Layer Cache
176665.342002,8000,209734fe-da0f-4c49-8ae8-1285e31e9d43,worker_3,coordinator_0,NET_TRANSFER,0.000100,0.158000,Poll: Cache Status Reply
176665.500002,8000,209734fe-da0f-4c49-8ae8-1285e31e9d43,coordinator_0,worker_1,NET_TRANSFER,0.000100,0.158000,Poll: Check Layer Cache
176665.658002,8000,209734fe-da0f-4c49-8ae8-1285e31e9d43,worker_1,coordinator_0,NET_TRANSFER,0.000100,0.158000,Poll: Cache Status Reply
176665.816002,8000,209734fe-da0f-4c49-8ae8-1285e31e9d43,coordinator_0,worker_1,NET_TRANSFER,0.000100,0.158000,Poll: Check Layer Cache
176665.974002,8000,209734fe-da0f-4c49-8ae8-1285e31e9d43,worker_1,coordinator_0,NET_TRANSFER,0.000100,0.158000,Poll: Cache Status Reply
176666.132002,8000,209734fe-da0f-4c49-8ae8-1285e31e9d43,coordinator_0,worker_4,NET_TRANSFER,0.000100,0.158000,Poll: Check Layer Cache
176666.290002,8000,209734fe-da0f-4c49-8ae8-1285e31e9d43,worker_4,coordinator_0,NET_TRANSFER,0.000100,0.158000,Poll: Cache Status Reply
176666.448002,8000,209734fe-da0f-4c49-8ae8-1285e31e9d43,coordinator_0,worker_2,NET_TRANSFER,0.000100,0.158000,Poll: Check Layer Cache
176666.606002,8000,209734fe-da0f-4c49-8ae8-1285e31e9d43,worker_2,coordinator_0,NET_TRANSFER,0.000100,0.158000,Poll: Cache Status Reply
176666.764002,8001,209734fe-da0f-4c49-8ae8-1285e31e9d43,coordinator_0,worker_2,NET_TRANSFER,0.000100,0.158000,Poll: Check Layer Cache
176666.922002,8001,209734fe-da0f-4c49-8ae8-1285e31e9d43,worker_2,coordinator_0,NET_TRANSFER,0.000100,0.158000,Poll: Cache Status Reply
176667.080002,8001,209734fe-da0f-4c49-8ae8-1285e31e9d43,coordinator_0,worker_3,NET_TRANSFER,0.000100,0.158000,Poll: Check Layer Cache
176667.238002,8001,209734fe-da0f-4c49-8ae8-1285e31e9d43,worker_3,coordinator_0,NET_TRANSFER,0.000100,0.158000,Poll: Cache Status Reply
176667.396002,8001,209734fe-da0f-4c49-8ae8-1285e31e9d43,coordinator_0,worker_3,NET_TRANSFER,0.000100,0.158000,Poll: Check Layer Cache
176667.554002,8001,209734fe-da0f-4c49-8ae8-1285e31e9d43,worker_3,coordinator_0,NET_TRANSFER,0.000100,0.158000,Poll: Cache Status Reply
176667.712002,8001,209734fe-da0f-4c49-8ae8-1285e31e9d43,coordinator_0,worker_1,NET_TRANSFER,0.000100,0.158000,Poll: Check Layer Cache
176667.870002,8001,209734fe-da0f-4c49-8ae8-1285e31e9d43,worker_1,coordinator_0,NET_TRANSFER,0.000100,0.158000,Poll: Cache Status Reply
176668.028002,8001,209734fe-da0f-4c49-8ae8-1285e31e9d43,coordinator_0,worker_1,NET_TRANSFER,0.000100,0.158000,Poll: Check Layer Cache
176668.186002,8001,209734fe-da0f-4c49-8ae8-1285e31e9d43,worker_1,coordinator_0,NET_TRANSFER,0.000100,0.158000,Poll: Cache Status Reply
176668.344002,8001,209734fe-da0f-4c49-8ae8-1285e31e9d43,coordinator_0,worker_4,NET_TRANSFER,0.000100,0.158000,Poll: Check Layer Cache
176668.502002,8001,209734fe-da0f-4c49-8ae8-1285e31e9d43,worker_4,coordinator_0,NET_TRANSFER,0.000100,0.158000,Poll: Cache Status Reply
176668.660002,8001,209734fe-da0f-4c49-8ae8-1285e31e9d43,coordinator_0,worker_2,NET_TRANSFER,0.000100,0.158000,Poll: Check Layer Cache
176668.818002,8001,209734fe-da0f-4c49-8ae8-1285e31e9d43,worker_2,coordinator_0,NET_TRANSFER,0.000100,0.158000,Poll: Cache Status Reply
176668.976002,8001,209734fe-da0f-4c49-8ae8-1285e31e9d43,coordinator_0,worker_3,NET_TRANSFER,0.000100,0.158000,Poll: Check Layer Cache
176669.134002,8001,209734fe-da0f-4c49-8ae8-1285e31e9d43,worker_3,coordinator_0,NET_TRANSFER,0.000100,0.158000,Poll: Cache Status Reply
176669.292002,8001,209734fe-da0f-4c49-8ae8-1285e31e9d43,coordinator_0,worker_2,NET_TRANSFER,0.000100,0.158000,Poll: Check Layer Cache
176669.450002,8001,209734fe-da0f-4c49-8ae8-1285e31e9d43,worker_2,coordinator_0,NET_TRANSFER,0.000100,0.158000,Poll: Cache Status Reply
176669.608002,8001,209734fe-da0f-4c49-8ae8-1285e31e9d43,coordinator_0,worker_4,NET_TRANSFER,0.000100,0.158000,Poll: Check Layer Cache
176669.766002,8001,209734fe-da0f-4c49-8ae8-1285e31e9d43,worker_4,coordinator_0,NET_TRANSFER,0.000100,0.158000,Poll: Cache Status Reply
176669.924002,8001,209734fe-da0f-4c49-8ae8-1285e31e9d43,coordinator_0,worker_4,NET_TRANSFER,0.000100,0.158000,Poll: Check Layer Cache
176670.082002,8001,209734fe-da0f-4c49-8ae8-1285e31e9d43,worker_4,coordinator_0,NET_TRANSFER,0.000100,0.158000,Poll: Cache Status Reply
176670.240002,8001,209734fe-da0f-4c49-8ae8-1285e31e9d43,coordinator_0,worker_4,NET_TRANSFER,0.000100,0.158000,Poll: Check Layer Cache
176670.398002,8001,209734fe-da0f-4c49-8ae8-1285e31e9d43,worker_4,coordinator_0,NET_TRANSFER,0.000100,0.158000,Poll: Cache Status Reply
176670.556002,8001,209734fe-da0f-4c49-8ae8-1285e31e9d43,coordinator_0,worker_4,NET_TRANSFER,0.000100,0.158000,Poll: Check Layer Cache
176670.714002,8001,209734fe-da0f-4c49-8ae8-1285e31e9d43,worker_4,coordinator_0,NET_TRANSFER,0.000100,0.158000,Poll: Cache Status Reply
176670.872002,8001,209734fe-da0f-4c49-8ae8-1285e31e9d43,coordinator_0,worker_3,NET_TRANSFER,0.000100,0.158000,Poll: Check Layer Cache
176671.030002,8001,209734fe-da0f-4c49-8ae8-1285e31e9d43,worker_3,coordinator_0,NET_TRANSFER,0.000100,0.158000,Poll: Cache Status Reply
176671.188002,8001,209734fe-da0f-4c49-8ae8-1285e31e9d43,coordinator_0,worker_3,NET_TRANSFER,0.000100,0.158000,Poll: Check Layer Cache
176671.346002,8001,209734fe-da0f-4c49-8ae8-1285e31e9d43,worker_3,coordinator_0,NET_TRANSFER,0.000100,0.158000,Poll: Cache Status Reply
176671.504002,8001,209734fe-da0f-4c49-8ae8-1285e31e9d43,coordinator_0,worker_1,NET_TRANSFER,0.000100,0.158000,Poll: Check Layer Cache
176671.662002,8001,209734fe-da0f-4c49-8ae8-1285e31e9d43,worker_1,coordinator_0,NET_TRANSFER,0.000100,0.158000,Poll: Cache Status Reply
176671.820002,8001,209734fe-da0f-4c49-8ae8-1285e31e9d43,coordinator_0,worker_4,NET_TRANSFER,0.000100,0.158000,Poll: Check Layer Cache
176671.978002,8001,209734fe-da0f-4c49-8ae8-1285e31e9d43,worker_4,coordinator_0,NET_TRANSFER,0.000100,0.158000,Poll: Cache Status Reply
176672.136002,8001,209734fe-da0f-4c49-8ae8-1285e31e9d43,coordinator_0,worker_2,NET_TRANSFER,0.000100,0.158000,Poll: Check Layer Cache
176672.294002,8001,209734fe-da0f-4c49-8ae8-1285e31e9d43,worker_2,coordinator_0,NET_TRANSFER,0.000100,0.158000,Poll: Cache Status Reply
176672.452002,8001,209734fe-da0f-4c49-8ae8-1285e31e9d43,coordinator_0,worker_1,NET_TRANSFER,0.000100,0.158000,Poll: Check Layer Cache
176672.610002,8001,209734fe-da0f-4c49-8ae8-1285e31e9d43,worker_1,coordinator_0,NET_TRANSFER,0.000100,0.158000,Poll: Cache Status Reply
176672.768002,8001,209734fe-da0f-4c49-8ae8-1285e31e9d43,coordinator_0,worker_2,NET_TRANSFER,0.000100,0.158000,Poll: Check Layer Cache
176672.926002,8001,209734fe-da0f-4c49-8ae8-1285e31e9d43,worker_2,coordinator_0,NET_TRANSFER,0.000100,0.158000,Poll: Cache Status Reply
176673.084002,8001,209734fe-da0f-4c49-8ae8-1285e31e9d43,coordinator_0,worker_1,NET_TRANSFER,0.000100,0.158000,Poll: Check Layer Cache
176673.242002,8001,209734fe-da0f-4c49-8ae8-1285e31e9d43,worker_1,coordinator_0,NET_TRANSFER,0.000100,0.158000,Poll: Cache Status Reply
176673.400002,8001,209734fe-da0f-4c49-8ae8-1285e31e9d43,coordinator_0,worker_2,NET_TRANSFER,0.000100,0.158000,Poll: Check Layer Cache
176673.558002,8001,209734fe-da0f-4c49-8ae8-1285e31e9d43,worker_2,coordinator_0,NET_TRANSFER,0.000100,0.158000,Poll: Cache Status Reply
176673.716002,8001,209734fe-da0f-4c49-8ae8-1285e31e9d43,coordinator_0,worker_3,NET_TRANSFER,0.000100,0.158000,Poll: Check Layer Cache
176673.874002,8001,209734fe-da0f-4c49-8ae8-1285e31e9d43,worker_3,coordinator_0,NET_TRANSFER,0.000100,0.158000,Poll: Cache Status Reply
176674.032002,8001,209734fe-da0f-4c49-8ae8-1285e31e9d43,coordinator_0,worker_1,NET_TRANSFER,0.000100,0.158000,Poll: Check Layer Cache
176674.190002,8001,209734fe-da0f-4c49-8ae8-1285e31e9d43,worker_1,coordinator_0,NET_TRANSFER,0.000100,0.158000,Poll: Cache Status Reply
176674.348002,8001,209734fe-da0f-4c49-8ae8-1285e31e9d43,coordinator_0,worker_3,NET_TRANSFER,0.000100,0.158000,Poll: Check Layer Cache
176674.506002,8001,209734fe-da0f-4c49-8ae8-1285e31e9d43,worker_3,coordinator_0,NET_TRANSFER,0.000100,0.158000,Poll: Cache Status Reply
176674.664002,8001,209734fe-da0f-4c49-8ae8-1285e31e9d43,coordinator_0,worker_4,NET_TRANSFER,0.000100,0.158000,Poll: Check Layer Cache
176674.822002,8001,209734fe-da0f-4c49-8ae8-1285e31e9d43,worker_4,coordinator_0,NET_TRANSFER,0.000100,0.158000,Poll: Cache Status Reply
176674.980002,8001,209734fe-da0f-4c49-8ae8-1285e31e9d43,coordinator_0,worker_2,NET_TRANSFER,0.000100,0.158000,Poll: Check Layer Cache
176675.138002,8001,209734fe-da0f-4c49-8ae8-1285e31e9d43,worker_2,coordinator_0,NET_TRANSFER,0.000100,0.158000,Poll: Cache Status Reply
176675.296002,8001,209734fe-da0f-4c49-8ae8-1285e31e9d43,coordinator_0,worker_1,NET_TRANSFER,0.000100,0.158000,Poll: Check Layer Cache
176675.454002,8001,209734fe-da0f-4c49-8ae8-1285e31e9d43,worker_1,coordinator_0,NET_TRANSFER,0.000100,0.158000,Poll: Cache Status Reply
176675.612002,8001,209734fe-da0f-4c49-8ae8-1285e31e9d43,coordinator_0,worker_3,NET_TRANSFER,0.000100,0.158000,Poll: Check Layer Cache
176675.770002,8001,209734fe-da0f-4c49-8ae8-1285e31e9d43,worker_3,coordinator_0,NET_TRANSFER,0.000100,0.158000,Poll: Cache Status Reply
176675.928002,8001,209734fe-da0f-4c49-8ae8-1285e31e9d43,coordinator_0,worker_1,NET_TRANSFER,0.000100,0.158000,Poll: Check Layer Cache
176676.086002,8001,209734fe-da0f-4c49-8ae8-1285e31e9d43,worker_1,coordinator_0,NET_TRANSFER,0.000100,0.158000,Poll: Cache Status Reply
176676.244002,8001,209734fe-da0f-4c49-8ae8-1285e31e9d43,coordinator_0,worker_2,NET_TRANSFER,0.000100,0.158000,Poll: Check Layer Cache
176676.402002,8001,209734fe-da0f-4c49-8ae8-1285e31e9d43,worker_2,coordinator_0,NET_TRANSFER,0.000100,0.158000,Poll: Cache Status Reply
176676.560002,8001,209734fe-da0f-4c49-8ae8-1285e31e9d43,coordinator_0,worker_3,NET_TRANSFER,0.000100,0.158000,Poll: Check Layer Cache
176676.718002,8001,209734fe-da0f-4c49-8ae8-1285e31e9d43,worker_3,coordinator_0,NET_TRANSFER,0.000100,0.158000,Poll: Cache Status Reply
176676.876002,8001,209734fe-da0f-4c49-8ae8-1285e31e9d43,coordinator_0,worker_4,NET_TRANSFER,0.000100,0.158000,Poll: Check Layer Cache
176677.034002,8001,209734fe-da0f-4c49-8ae8-1285e31e9d43,worker_4,coordinator_0,NET_TRANSFER,0.000100,0.158000,Poll: Cache Status Reply
176677.192002,8001,209734fe-da0f-4c49-8ae8-1285e31e9d43,coordinator_0,worker_2,NET_TRANSFER,0.000100,0.158000,Poll: Check Layer Cache
176677.350002,8001,209734fe-da0f-4c49-8ae8-1285e31e9d43,worker_2,coordinator_0,NET_TRANSFER,0.000100,0.158000,Poll: Cache Status Reply
176677.508002,8001,209734fe-da0f-4c49-8ae8-1285e31e9d43,coordinator_0,worker_1,NET_TRANSFER,0.000100,0.158000,Poll: Check Layer Cache
176677.666002,8001,209734fe-da0f-4c49-8ae8-1285e31e9d43,worker_1,coordinator_0,NET_TRANSFER,0.000100,0.158000,Poll: Cache Status Reply
176677.824002,8001,209734fe-da0f-4c49-8ae8-1285e31e9d43,coordinator_0,worker_4,NET_TRANSFER,0.000100,0.158000,Poll: Check Layer Cache
176677.982002,8001,209734fe-da0f-4c49-8ae8-1285e31e9d43,worker_4,coordinator_0,NET_TRANSFER,0.000100,0.158000,Poll: Cache Status Reply
176678.140002,8001,209734fe-da0f-4c49-8ae8-1285e31e9d43,coordinator_0,worker_1,NET_TRANSFER,0.000100,0.158000,Poll: Check Layer Cache
176678.298002,8001,209734fe-da0f-4c49-8ae8-1285e31e9d43,worker_1,coordinator_0,NET_TRANSFER,0.000100,0.158000,Poll: Cache Status Reply
176678.456002,2001,5db32043-be1a-4e02-ad7f-c6e5724beb16,coordinator_0,worker_2,NET_TRANSFER,0.000100,0.158000,Poll: Check Layer Cache
176678.614002,2001,5db32043-be1a-4e02-ad7f-c6e5724beb16,worker_2,coordinator_0,NET_TRANSFER,0.000100,0.158000,Poll: Cache Status Reply
176678.772002,2001,5db32043-be1a-4e02-ad7f-c6e5724beb16,coordinator_0,worker_3,NET_TRANSFER,0.000100,0.158000,Poll: Check Layer Cache
176678.930002,2001,5db32043-be1a-4e02-ad7f-c6e5724beb16,worker_3,coordinator_0,NET_TRANSFER,0.000100,0.158000,Poll: Cache Status Reply
176679.088002,2001,5db32043-be1a-4e02-ad7f-c6e5724beb16,coordinator_0,worker_2,NET_TRANSFER,0.000100,0.158000,Poll: Check Layer Cache
176679.246002,2001,5db32043-be1a-4e02-ad7f-c6e5724beb16,worker_2,coordinator_0,NET_TRANSFER,0.000100,0.158000,Poll: Cache Status Reply
176679.404002,2001,5db32043-be1a-4e02-ad7f-c6e5724beb16,coordinator_0,worker_1,NET_TRANSFER,0.000100,0.158000,Poll: Check Layer Cache
176679.562002,2001,5db32043-be1a-4e02-ad7f-c6e5724beb16,worker_1,coordinator_0,NET_TRANSFER,0.000100,0.158000,Poll: Cache Status Reply
176679.720002,2001,5db32043-be1a-4e02-ad7f-c6e5724beb16,coordinator_0,worker_3,NET_TRANSFER,0.000100,0.158000,Poll: Check Layer Cache
176679.878002,2001,5db32043-be1a-4e02-ad7f-c6e5724beb16,worker_3,coordinator_0,NET_TRANSFER,0.000100,0.158000,Poll: Cache Status Reply
176680.036002,2001,5db32043-be1a-4e02-ad7f-c6e5724beb16,coordinator_0,worker_1,NET_TRANSFER,0.000100,0.158000,Poll: Check Layer Cache
176680.194002,2001,5db32043-be1a-4e02-ad7f-c6e5724beb16,worker_1,coordinator_0,NET_TRANSFER,0.000100,0.158000,Poll: Cache Status Reply
176680.352002,2001,5db32043-be1a-4e02-ad7f-c6e5724beb16,coordinator_0,worker_4,NET_TRANSFER,0.000100,0.158000,Poll: Check Layer Cache
176680.510002,2001,5db32043-be1a-4e02-ad7f-c6e5724beb16,worker_4,coordinator_0,NET_TRANSFER,0.000100,0.158000,Poll: Cache Status Reply
176680.668002,2001,5db32043-be1a-4e02-ad7f-c6e5724beb16,coordinator_0,worker_3,NET_TRANSFER,0.000100,0.158000,Poll: Check Layer Cache
176680.826002,2001,5db32043-be1a-4e02-ad7f-c6e5724beb16,worker_3,coordinator_0,NET_TRANSFER,0.000100,0.158000,Poll: Cache Status Reply
176680.984002,2001,5db32043-be1a-4e02-ad7f-c6e5724beb16,coordinator_0,worker_1,NET_TRANSFER,0.000100,0.158000,Poll: Check Layer Cache
176681.142002,2001,5db32043-be1a-4e02-ad7f-c6e5724beb16,worker_1,coordinator_0,NET_TRANSFER,0.000100,0.158000,Poll: Cache Status Reply
176681.300002,2001,5db32043-be1a-4e02-ad7f-c6e5724beb16,coordinator_0,worker_2,NET_TRANSFER,0.000100,0.158000,Poll: Check Layer Cache
176681.458002,2001,5db32043-be1a-4e02-ad7f-c6e5724beb16,worker_2,coordinator_0,NET_TRANSFER,0.000100,0.158000,Poll: Cache Status Reply
176681.616002,2001,5db32043-be1a-4e02-ad7f-c6e5724beb16,coordinator_0,worker_2,NET_TRANSFER,0.000100,0.158000,Poll: Check Layer Cache
176681.774002,2001,5db32043-be1a-4e02-ad7f-c6e5724beb16,worker_2,coordinator_0,NET_TRANSFER,0.000100,0.158000,Poll: Cache Status Reply
176681.932002,2001,5db32043-be1a-4e02-ad7f-c6e5724beb16,coordinator_0,worker_1,NET_TRANSFER,0.000100,0.158000,Poll: Check Layer Cache
176682.090002,2001,5db32043-be1a-4e02-ad7f-c6e5724beb16,worker_1,coordinator_0,NET_TRANSFER,0.000100,0.158000,Poll: Cache Status Reply
176682.248002,2001,5db32043-be1a-4e02-ad7f-c6e5724beb16,coordinator_0,worker_3,NET_TRANSFER,0.000100,0.158000,Poll: Check Layer Cache
176682.406002,2001,5db32043-be1a-4e02-ad7f-c6e5724beb16,worker_3,coordinator_0,NET_TRANSFER,0.000100,0.158000,Poll: Cache Status Reply
176682.564002,2001,5db32043-be1a-4e02-ad7f-c6e5724beb16,coordinator_0,worker_3,NET_TRANSFER,0.000100,0.158000,Poll: Check Layer Cache
176682.722002,2001,5db32043-be1a-4e02-ad7f-c6e5724beb16,worker_3,coordinator_0,NET_TRANSFER,0.000100,0.158000,Poll: Cache Status Reply
176682.880002,2001,5db32043-be1a-4e02-ad7f-c6e5724beb16,coordinator_0,worker_4,NET_TRANSFER,0.000100,0.158000,Poll: Check Layer Cache
176683.038002,2001,5db32043-be1a-4e02-ad7f-c6e5724beb16,worker_4,coordinator_0,NET_TRANSFER,0.000100,0.158000,Poll: Cache Status Reply
176683.196002,2001,5db32043-be1a-4e02-ad7f-c6e5724beb16,coordinator_0,worker_4,NET_TRANSFER,0.000100,0.158000,Poll: Check Layer Cache
176683.354002,2001,5db32043-be1a-4e02-ad7f-c6e5724beb16,worker_4,coordinator_0,NET_TRANSFER,0.000100,0.158000,Poll: Cache Status Reply
176683.512002,2001,5db32043-be1a-4e02-ad7f-c6e5724beb16,coordinator_0,worker_4,NET_TRANSFER,0.000100,0.158000,Poll: Check Layer Cache
176683.670002,2001,5db32043-be1a-4e02-ad7f-c6e5724beb16,worker_4,coordinator_0,NET_TRANSFER,0.000100,0.158000,Poll: Cache Status Reply
176683.828002,2001,5db32043-be1a-4e02-ad7f-c6e5724beb16,coordinator_0,worker_1,NET_TRANSFER,0.000100,0.158000,Poll: Check Layer Cache
176683.986002,2001,5db32043-be1a-4e02-ad7f-c6e5724beb16,worker_1,coordinator_0,NET_TRANSFER,0.000100,0.158000,Poll: Cache Status Reply
176684.144002,2001,5db32043-be1a-4e02-ad7f-c6e5724beb16,coordinator_0,worker_2,NET_TRANSFER,0.000100,0.158000,Poll: Check Layer Cache
176684.302002,2001,5db32043-be1a-4e02-ad7f-c6e5724beb16,worker_2,coordinator_0,NET_TRANSFER,0.000100,0.158000,Poll: Cache Status Reply
176684.460002,2001,5db32043-be1a-4e02-ad7f-c6e5724beb16,coordinator_0,worker_2,NET_TRANSFER,0.000100,0.158000,Poll: Check Layer Cache
176684.618002,2001,5db32043-be1a-4e02-ad7f-c6e5724beb16,worker_2,coordinator_0,NET_TRANSFER,0.000100,0.158000,Poll: Cache Status Reply
176684.776002,2001,5db32043-be1a-4e02-ad7f-c6e5724beb16,coordinator_0,worker_3,NET_TRANSFER,0.000100,0.158000,Poll: Check Layer Cache
176684.934002,2001,5db32043-be1a-4e02-ad7f-c6e5724beb16,worker_3,coordinator_0,NET_TRANSFER,0.000100,0.158000,Poll: Cache Status Reply
176685.092002,2001,5db32043-be1a-4e02-ad7f-c6e5724beb16,coordinator_0,worker_4,NET_TRANSFER,0.000100,0.158000,Poll: Check Layer Cache
176685.250002,2001,5db32043-be1a-4e02-ad7f-c6e5724beb16,worker_4,coordinator_0,NET_TRANSFER,0.000100,0.158000,Poll: Cache Status Reply
176685.408002,2001,5db32043-be1a-4e02-ad7f-c6e5724beb16,coordinator_0,worker_1,NET_TRANSFER,0.000100,0.158000,Poll: Check Layer Cache
176685.566002,2001,5db32043-be1a-4e02-ad7f-c6e5724beb16,worker_1,coordinator_0,NET_TRANSFER,0.000100,0.158000,Poll: Cache Status Reply
176685.724002,2001,5db32043-be1a-4e02-ad7f-c6e5724beb16,coordinator_0,worker_2,NET_TRANSFER,0.000100,0.158000,Poll: Check Layer Cache
176685.882002,2001,5db32043-be1a-4e02-ad7f-c6e5724beb16,worker_2,coordinator_0,NET_TRANSFER,0.000100,0.158000,Poll: Cache Status Reply
176686.040002,2001,5db32043-be1a-4e02-ad7f-c6e5724beb16,coordinator_0,worker_1,NET_TRANSFER,0.000100,0.158000,Poll: Check Layer Cache
176686.198002,2001,5db32043-be1a-4e02-ad7f-c6e5724beb16,worker_1,coordinator_0,NET_TRANSFER,0.000100,0.158000,Poll: Cache Status Reply
176686.356002,2001,5db32043-be1a-4e02-ad7f-c6e5724beb16,coordinator_0,worker_2,NET_TRANSFER,0.000100,0.158000,Poll: Check Layer Cache
176686.514002,2001,5db32043-be1a-4e02-ad7f-c6e5724beb16,worker_2,coordinator_0,NET_TRANSFER,0.000100,0.158000,Poll: Cache Status Reply
176686.672002,2001,5db32043-be1a-4e02-ad7f-c6e5724beb16,coordinator_0,worker_4,NET_TRANSFER,0.000100,0.158000,Poll: Check Layer Cache
176686.830002,2001,5db32043-be1a-4e02-ad7f-c6e5724beb16,worker_4,coordinator_0,NET_TRANSFER,0.000100,0.158000,Poll: Cache Status Reply
176686.988002,2001,5db32043-be1a-4e02-ad7f-c6e5724beb16,coordinator_0,worker_4,NET_TRANSFER,0.000100,0.158000,Poll: Check Layer Cache
176687.146002,2001,5db32043-be1a-4e02-ad7f-c6e5724beb16,worker_4,coordinator_0,NET_TRANSFER,0.000100,0.158000,Poll: Cache Status Reply
176687.304002,2001,5db32043-be1a-4e02-ad7f-c6e5724beb16,coordinator_0,worker_4,NET_TRANSFER,0.000100,0.158000,Poll: Check Layer Cache
176687.462002,2001,5db32043-be1a-4e02-ad7f-c6e5724beb16,worker_4,coordinator_0,NET_TRANSFER,0.000100,0.158000,Poll: Cache Status Reply
176687.620002,2001,5db32043-be1a-4e02-ad7f-c6e5724beb16,coordinator_0,worker_1,NET_TRANSFER,0.000100,0.158000,Poll: Check Layer Cache
176687.778002,2001,5db32043-be1a-4e02-ad7f-c6e5724beb16,worker_1,coordinator_0,NET_TRANSFER,0.000100,0.158000,Poll: Cache Status Reply
176687.936002,2001,5db32043-be1a-4e02-ad7f-c6e5724beb16,coordinator_0,worker_2,NET_TRANSFER,0.000100,0.158000,Poll: Check Layer Cache
176688.094002,2001,5db32043-be1a-4e02-ad7f-c6e5724beb16,worker_2,coordinator_0,NET_TRANSFER,0.000100,0.158000,Poll: Cache Status Reply
176688.252002,2001,5db32043-be1a-4e02-ad7f-c6e5724beb16,coordinator_0,worker_3,NET_TRANSFER,0.000100,0.158000,Poll: Check Layer Cache
176688.410002,2001,5db32043-be1a-4e02-ad7f-c6e5724beb16,worker_3,coordinator_0,NET_TRANSFER,0.000100,0.158000,Poll: Cache Status Reply
176688.568002,2001,5db32043-be1a-4e02-ad7f-c6e5724beb16,coordinator_0,worker_3,NET_TRANSFER,0.000100,0.158000,Poll: Check Layer Cache
176688.726002,2001,5db32043-be1a-4e02-ad7f-c6e5724beb16,worker_3,coordinator_0,NET_TRANSFER,0.000100,0.158000,Poll: Cache Status Reply
176688.884002,9001,209734fe-da0f-4c49-8ae8-1285e31e9d43,coordinator_0,worker_2,NET_TRANSFER,0.000100,0.158000,Poll: Check Layer Cache
176689.042002,9001,209734fe-da0f-4c49-8ae8-1285e31e9d43,worker_2,coordinator_0,NET_TRANSFER,0.000100,0.158000,Poll: Cache Status Reply
176689.200002,9001,209734fe-da0f-4c49-8ae8-1285e31e9d43,coordinator_0,worker_1,NET_TRANSFER,0.000100,0.158000,Poll: Check Layer Cache
176689.358002,9001,209734fe-da0f-4c49-8ae8-1285e31e9d43,worker_1,coordinator_0,NET_TRANSFER,0.000100,0.158000,Poll: Cache Status Reply
176689.516002,9001,209734fe-da0f-4c49-8ae8-1285e31e9d43,coordinator_0,worker_2,NET_TRANSFER,0.000100,0.158000,Poll: Check Layer Cache
176689.674002,9001,209734fe-da0f-4c49-8ae8-1285e31e9d43,worker_2,coordinator_0,NET_TRANSFER,0.000100,0.158000,Poll: Cache Status Reply
176689.832002,9001,209734fe-da0f-4c49-8ae8-1285e31e9d43,coordinator_0,worker_3,NET_TRANSFER,0.000100,0.158000,Poll: Check Layer Cache
176689.990002,9001,209734fe-da0f-4c49-8ae8-1285e31e9d43,worker_3,coordinator_0,NET_TRANSFER,0.000100,0.158000,Poll: Cache Status Reply
176690.148002,9001,209734fe-da0f-4c49-8ae8-1285e31e9d43,coordinator_0,worker_1,NET_TRANSFER,0.000100,0.158000,Poll: Check Layer Cache
176690.306002,9001,209734fe-da0f-4c49-8ae8-1285e31e9d43,worker_1,coordinator_0,NET_TRANSFER,0.000100,0.158000,Poll: Cache Status Reply
176690.464002,9001,209734fe-da0f-4c49-8ae8-1285e31e9d43,coordinator_0,worker_3,NET_TRANSFER,0.000100,0.158000,Poll: Check Layer Cache
176690.622002,9001,209734fe-da0f-4c49-8ae8-1285e31e9d43,worker_3,coordinator_0,NET_TRANSFER,0.000100,0.158000,Poll: Cache Status Reply
176690.780002,9001,209734fe-da0f-4c49-8ae8-1285e31e9d43,coordinator_0,worker_4,NET_TRANSFER,0.000100,0.158000,Poll: Check Layer Cache
176690.938002,9001,209734fe-da0f-4c49-8ae8-1285e31e9d43,worker_4,coordinator_0,NET_TRANSFER,0.000100,0.158000,Poll: Cache Status Reply
176691.096002,9001,209734fe-da0f-4c49-8ae8-1285e31e9d43,coordinator_0,worker_2,NET_TRANSFER,0.000100,0.158000,Poll: Check Layer Cache
176691.254002,9001,209734fe-da0f-4c49-8ae8-1285e31e9d43,worker_2,coordinator_0,NET_TRANSFER,0.000100,0.158000,Poll: Cache Status Reply
176691.412002,9001,209734fe-da0f-4c49-8ae8-1285e31e9d43,coordinator_0,worker_1,NET_TRANSFER,0.000100,0.158000,Poll: Check Layer Cache
176691.570002,9001,209734fe-da0f-4c49-8ae8-1285e31e9d43,worker_1,coordinator_0,NET_TRANSFER,0.000100,0.158000,Poll: Cache Status Reply
176691.728002,9001,209734fe-da0f-4c49-8ae8-1285e31e9d43,coordinator_0,worker_3,NET_TRANSFER,0.000100,0.158000,Poll: Check Layer Cache
176691.886002,9001,209734fe-da0f-4c49-8ae8-1285e31e9d43,worker_3,coordinator_0,NET_TRANSFER,0.000100,0.158000,Poll: Cache Status Reply
176692.044002,9001,209734fe-da0f-4c49-8ae8-1285e31e9d43,coordinator_0,worker_1,NET_TRANSFER,0.000100,0.158000,Poll: Check Layer Cache
176692.202002,9001,209734fe-da0f-4c49-8ae8-1285e31e9d43,worker_1,coordinator_0,NET_TRANSFER,0.000100,0.158000,Poll: Cache Status Reply
176692.360002,9001,209734fe-da0f-4c49-8ae8-1285e31e9d43,coordinator_0,worker_2,NET_TRANSFER,0.000100,0.158000,Poll: Check Layer Cache
176692.518002,9001,209734fe-da0f-4c49-8ae8-1285e31e9d43,worker_2,coordinator_0,NET_TRANSFER,0.000100,0.158000,Poll: Cache Status Reply
176692.676002,9001,209734fe-da0f-4c49-8ae8-1285e31e9d43,coordinator_0,worker_3,NET_TRANSFER,0.000100,0.158000,Poll: Check Layer Cache
176692.834002,9001,209734fe-da0f-4c49-8ae8-1285e31e9d43,worker_3,coordinator_0,NET_TRANSFER,0.000100,0.158000,Poll: Cache Status Reply
176692.992002,9001,209734fe-da0f-4c49-8ae8-1285e31e9d43,coordinator_0,worker_4,NET_TRANSFER,0.000100,0.158000,Poll: Check Layer Cache
176693.150002,9001,209734fe-da0f-4c49-8ae8-1285e31e9d43,worker_4,coordinator_0,NET_TRANSFER,0.000100,0.158000,Poll: Cache Status Reply
176693.308002,9001,209734fe-da0f-4c49-8ae8-1285e31e9d43,coordinator_0,worker_2,NET_TRANSFER,0.000100,0.158000,Poll: Check Layer Cache
176693.466002,9001,209734fe-da0f-4c49-8ae8-1285e31e9d43,worker_2,coordinator_0,NET_TRANSFER,0.000100,0.158000,Poll: Cache Status Reply
176693.624002,9001,209734fe-da0f-4c49-8ae8-1285e31e9d43,coordinator_0,worker_1,NET_TRANSFER,0.000100,0.158000,Poll: Check Layer Cache
176693.782002,9001,209734fe-da0f-4c49-8ae8-1285e31e9d43,worker_1,coordinator_0,NET_TRANSFER,0.000100,0.158000,Poll: Cache Status Reply
176693.940002,9001,209734fe-da0f-4c49-8ae8-1285e31e9d43,coordinator_0,worker_4,NET_TRANSFER,0.000100,0.158000,Poll: Check Layer Cache
176694.098002,9001,209734fe-da0f-4c49-8ae8-1285e31e9d43,worker_4,coordinator_0,NET_TRANSFER,0.000100,0.158000,Poll: Cache Status Reply
176694.256002,9001,209734fe-da0f-4c49-8ae8-1285e31e9d43,coordinator_0,worker_1,NET_TRANSFER,0.000100,0.158000,Poll: Check Layer Cache
176694.414002,9001,209734fe-da0f-4c49-8ae8-1285e31e9d43,worker_1,coordinator_0,NET_TRANSFER,0.000100,0.158000,Poll: Cache Status Reply
176694.572002,9001,209734fe-da0f-4c49-8ae8-1285e31e9d43,coordinator_0,worker_2,NET_TRANSFER,0.000100,0.158000,Poll: Check Layer Cache
176694.730002,9001,209734fe-da0f-4c49-8ae8-1285e31e9d43,worker_2,coordinator_0,NET_TRANSFER,0.000100,0.158000,Poll: Cache Status Reply
176694.888002,9001,209734fe-da0f-4c49-8ae8-1285e31e9d43,coordinator_0,worker_3,NET_TRANSFER,0.000100,0.158000,Poll: Check Layer Cache
176695.046002,9001,209734fe-da0f-4c49-8ae8-1285e31e9d43,worker_3,coordinator_0,NET_TRANSFER,0.000100,0.158000,Poll: Cache Status Reply
176695.204002,9001,209734fe-da0f-4c49-8ae8-1285e31e9d43,coordinator_0,worker_3,NET_TRANSFER,0.000100,0.158000,Poll: Check Layer Cache
176695.362002,9001,209734fe-da0f-4c49-8ae8-1285e31e9d43,worker_3,coordinator_0,NET_TRANSFER,0.000100,0.158000,Poll: Cache Status Reply
176695.520002,9001,209734fe-da0f-4c49-8ae8-1285e31e9d43,coordinator_0,worker_1,NET_TRANSFER,0.000100,0.158000,Poll: Check Layer Cache
176695.678002,9001,209734fe-da0f-4c49-8ae8-1285e31e9d43,worker_1,coordinator_0,NET_TRANSFER,0.000100,0.158000,Poll: Cache Status Reply
176695.836002,9001,209734fe-da0f-4c49-8ae8-1285e31e9d43,coordinator_0,worker_1,NET_TRANSFER,0.000100,0.158000,Poll: Check Layer Cache
176695.994002,9001,209734fe-da0f-4c49-8ae8-1285e31e9d43,worker_1,coordinator_0,NET_TRANSFER,0.000100,0.158000,Poll: Cache Status Reply
176696.152002,9001,209734fe-da0f-4c49-8ae8-1285e31e9d43,coordinator_0,worker_4,NET_TRANSFER,0.000100,0.158000,Poll: Check Layer Cache
176696.310002,9001,209734fe-da0f-4c49-8ae8-1285e31e9d43,worker_4,coordinator_0,NET_TRANSFER,0.000100,0.158000,Poll: Cache Status Reply
176696.468002,9001,209734fe-da0f-4c49-8ae8-1285e31e9d43,coordinator_0,worker_2,NET_TRANSFER,0.000100,0.158000,Poll: Check Layer Cache
176696.626002,9001,209734fe-da0f-4c49-8ae8-1285e31e9d43,worker_2,coordinator_0,NET_TRANSFER,0.000100,0.158000,Poll: Cache Status Reply
176696.784002,9001,209734fe-da0f-4c49-8ae8-1285e31e9d43,coordinator_0,worker_3,NET_TRANSFER,0.000100,0.158000,Poll: Check Layer Cache
176696.942002,9001,209734fe-da0f-4c49-8ae8-1285e31e9d43,worker_3,coordinator_0,NET_TRANSFER,0.000100,0.158000,Poll: Cache Status Reply
176697.100002,9001,209734fe-da0f-4c49-8ae8-1285e31e9d43,coordinator_0,worker_2,NET_TRANSFER,0.000100,0.158000,Poll: Check Layer Cache
176697.258002,9001,209734fe-da0f-4c49-8ae8-1285e31e9d43,worker_2,coordinator_0,NET_TRANSFER,0.000100,0.158000,Poll: Cache Status Reply
176697.416002,9001,209734fe-da0f-4c49-8ae8-1285e31e9d43,coordinator_0,worker_4,NET_TRANSFER,0.000100,0.158000,Poll: Check Layer Cache
176697.574002,9001,209734fe-da0f-4c49-8ae8-1285e31e9d43,worker_4,coordinator_0,NET_TRANSFER,0.000100,0.158000,Poll: Cache Status Reply
176697.732002,9001,209734fe-da0f-4c49-8ae8-1285e31e9d43,coordinator_0,worker_4,NET_TRANSFER,0.000100,0.158000,Poll: Check Layer Cache
176697.890002,9001,209734fe-da0f-4c49-8ae8-1285e31e9d43,worker_4,coordinator_0,NET_TRANSFER,0.000100,0.158000,Poll: Cache Status Reply
176698.048002,9001,209734fe-da0f-4c49-8ae8-1285e31e9d43,coordinator_0,worker_4,NET_TRANSFER,0.000100,0.158000,Poll: Check Layer Cache
176698.206002,9001,209734fe-da0f-4c49-8ae8-1285e31e9d43,worker_4,coordinator_0,NET_TRANSFER,0.000100,0.158000,Poll: Cache Status Reply
176698.364002,9001,209734fe-da0f-4c49-8ae8-1285e31e9d43,coordinator_0,worker_4,NET_TRANSFER,0.000100,0.158000,Poll: Check Layer Cache
176698.522002,9001,209734fe-da0f-4c49-8ae8-1285e31e9d43,worker_4,coordinator_0,NET_TRANSFER,0.000100,0.158000,Poll: Cache Status Reply
176698.680002,9001,209734fe-da0f-4c49-8ae8-1285e31e9d43,coordinator_0,worker_3,NET_TRANSFER,0.000100,0.158000,Poll: Check Layer Cache
176698.838002,9001,209734fe-da0f-4c49-8ae8-1285e31e9d43,worker_3,coordinator_0,NET_TRANSFER,0.000100,0.158000,Poll: Cache Status Reply
176698.996002,9001,209734fe-da0f-4c49-8ae8-1285e31e9d43,coordinator_0,worker_3,NET_TRANSFER,0.000100,0.158000,Poll: Check Layer Cache
176699.154002,9001,209734fe-da0f-4c49-8ae8-1285e31e9d43,worker_3,coordinator_0,NET_TRANSFER,0.000100,0.158000,Poll: Cache Status Reply
176699.312002,9001,209734fe-da0f-4c49-8ae8-1285e31e9d43,coordinator_0,worker_1,NET_TRANSFER,0.000100,0.158000,Poll: Check Layer Cache
176699.470002,9001,209734fe-da0f-4c49-8ae8-1285e31e9d43,worker_1,coordinator_0,NET_TRANSFER,0.000100,0.158000,Poll: Cache Status Reply
176699.628002,9001,209734fe-da0f-4c49-8ae8-1285e31e9d43,coordinator_0,worker_4,NET_TRANSFER,0.000100,0.158000,Poll: Check Layer Cache
176699.786002,9001,209734fe-da0f-4c49-8ae8-1285e31e9d43,worker_4,coordinator_0,NET_TRANSFER,0.000100,0.158000,Poll: Cache Status Reply
176699.944002,9001,209734fe-da0f-4c49-8ae8-1285e31e9d43,coordinator_0,worker_2,NET_TRANSFER,0.000100,0.158000,Poll: Check Layer Cache
176700.102002,9001,209734fe-da0f-4c49-8ae8-1285e31e9d43,worker_2,coordinator_0,NET_TRANSFER,0.000100,0.158000,Poll: Cache Status Reply
176700.260002,9001,209734fe-da0f-4c49-8ae8-1285e31e9d43,coordinator_0,worker_1,NET_TRANSFER,0.000100,0.158000,Poll: Check Layer Cache
176700.418002,9001,209734fe-da0f-4c49-8ae8-1285e31e9d43,worker_1,coordinator_0,NET_TRANSFER,0.000100,0.158000,Poll: Cache Status Reply
176700.576002,1002,98de1b49-8dd3-49e7-a8fd-1969749e5ee7,client_1,coordinator_0,NET_TRANSFER,0.000100,0.158000,Request Model ID
176700.734002,6000,b70fcdc0-fc91-45b9-929b-3db37d0b5f8f,coordinator_0,client_6,NET_TRANSFER,0.000100,0.158000,Signal: Cache Miss / Request Weights
220945.951579,6000,b70fcdc0-fc91-45b9-929b-3db37d0b5f8f,client_6,coordinator_0,NET_TRANSFER,553.063345,44245.217577,Upload Model Weights
220946.109579,2000,0e495248-1ee5-4d87-a50c-46b74e15adae,coordinator_0,client_2,NET_TRANSFER,0.000100,0.158000,Signal: Cache Miss / Request Weights
267467.665381,2000,0e495248-1ee5-4d87-a50c-46b74e15adae,client_2,coordinator_0,NET_TRANSFER,581.517573,46521.555801,Upload Model Weights
267467.823381,3000,d30af60d-f79e-45ce-a754-bfdfcd8b236c,coordinator_0,client_3,NET_TRANSFER,0.000100,0.158000,Signal: Cache Miss / Request Weights
297047.876208,3000,d30af60d-f79e-45ce-a754-bfdfcd8b236c,client_3,coordinator_0,NET_TRANSFER,369.748785,29580.052827,Upload Model Weights
297048.034208,4000,ab9f6fc0-eb04-408e-bb43-f7fc434d8a00,coordinator_0,client_4,NET_TRANSFER,0.000100,0.158000,Signal: Cache Hit / Starting
297048.192208,5000,465b0809-1f2a-4765-9c07-c91155ff513f,coordinator_0,client_5,NET_TRANSFER,0.000100,0.158000,Signal: Cache Miss / Request Weights
322594.294229,5000,465b0809-1f2a-4765-9c07-c91155ff513f,client_5,coordinator_0,NET_TRANSFER,319.324400,25546.102021,Upload Model Weights
322594.452229,6000,6609f742-f82c-4319-a137-2138d96bee8c,coordinator_0,client_6,NET_TRANSFER,0.000100,0.158000,Signal: Cache Miss / Request Weights
368311.082036,6000,6609f742-f82c-4319-a137-2138d96bee8c,client_6,coordinator_0,NET_TRANSFER,571.455998,45716.629807,Upload Model Weights
368311.240036,6000,773a6b7b-bf00-48fc-ba23-a7d203f1988c,coordinator_0,client_6,NET_TRANSFER,0.000100,0.158000,Signal: Cache Miss / Request Weights
417647.201292,6000,773a6b7b-bf00-48fc-ba23-a7d203f1988c,client_6,coordinator_0,NET_TRANSFER,616.697641,49335.961256,Upload Model Weights
417647.359292,6000,191057b3-0973-4b0f-a672-be9b4f920841,coordinator_0,client_6,NET_TRANSFER,0.000100,0.158000,Signal: Cache Miss / Request Weights
460494.336870,6000,191057b3-0973-4b0f-a672-be9b4f920841,client_6,coordinator_0,NET_TRANSFER,535.585345,42846.977578,Upload Model Weights
460494.494870,2000,773a6b7b-bf00-48fc-ba23-a7d203f1988c,coordinator_0,client_2,NET_TRANSFER,0.000100,0.158000,Signal: Cache Miss / Request Weights
509830.456126,2000,773a6b7b-bf00-48fc-ba23-a7d203f1988c,client_2,coordinator_0,NET_TRANSFER,616.697641,49335.961256,Upload Model Weights
509830.614126,2000,ccab57a6-d91e-4ce5-b062-d9fc9a27c1f3,coordinator_0,client_2,NET_TRANSFER,0.000100,0.158000,Signal: Cache Miss / Request Weights
535380.369264,2000,ccab57a6-d91e-4ce5-b062-d9fc9a27c1f3,client_2,coordinator_0,NET_TRANSFER,319.370064,25549.755138,Upload Model Weights
535380.527264,3000,a2b2ef0d-c31e-424d-b040-3f53be25eca0,coordinator_0,client_3,NET_TRANSFER,0.000100,0.158000,Signal: Cache Miss / Request Weights
564632.090900,3000,a2b2ef0d-c31e-424d-b040-3f53be25eca0,client_3,coordinator_0,NET_TRANSFER,365.642670,29251.563636,Upload Model Weights
564632.248900,3000,857a7c42-2767-4bcd-b994-5f3357d596c5,coordinator_0,client_3,NET_TRANSFER,0.000100,0.158000,Signal: Cache Miss / Request Weights
614317.930173,3000,857a7c42-2767-4bcd-b994-5f3357d596c5,client_3,coordinator_0,NET_TRANSFER,621.069141,49685.681273,Upload Model Weights
614318.088173,3000,d4965426-a3d1-4387-b3b7-7043d09ef380,coordinator_0,client_3,NET_TRANSFER,0.000100,0.158000,Signal: Cache Miss / Request Weights
653295.708758,3000,d4965426-a3d1-4387-b3b7-7043d09ef380,client_3,coordinator_0,NET_TRANSFER,487.218382,38977.620585,Upload Model Weights
653295.866758,4000,44d6099b-c80b-4423-b304-b17e70c9816c,coordinator_0,client_4,NET_TRANSFER,0.000100,0.158000,Signal: Cache Miss / Request Weights
687925.984984,4000,44d6099b-c80b-4423-b304-b17e70c9816c,client_4,coordinator_0,NET_TRANSFER,432.874603,34630.118226,Upload Model Weights
687926.142984,4000,465b0809-1f2a-4765-9c07-c91155ff513f,coordinator_0,client_4,NET_TRANSFER,0.000100,0.158000,Signal: Cache Miss / Request Weights
687926.300984,8000,6719b99a-d5dd-40b4-a9ed-2c8af6965e4a,coordinator_0,client_8,NET_TRANSFER,0.000100,0.158000,Signal: Cache Miss / Request Weights
687926.458984,1001,ab20b578-3dd0-4fe3-97cb-3189d9bd9be5,coordinator_0,client_1,NET_TRANSFER,0.000100,0.158000,Signal: Cache Miss / Request Weights
720768.874306,1001,ab20b578-3dd0-4fe3-97cb-3189d9bd9be5,client_1,coordinator_0,NET_TRANSFER,410.528317,32842.415322,Upload Model Weights
720769.032306,8000,209734fe-da0f-4c49-8ae8-1285e31e9d43,coordinator_0,client_8,NET_TRANSFER,0.000100,0.158000,Signal: Cache Hit / Starting
720769.190306,8000,d4965426-a3d1-4387-b3b7-7043d09ef380,coordinator_0,client_8,NET_TRANSFER,0.000100,0.158000,Signal: Cache Miss / Request Weights
720769.348306,2001,5db32043-be1a-4e02-ad7f-c6e5724beb16,coordinator_0,client_2,NET_TRANSFER,0.000100,0.158000,Signal: Cache Hit / Starting
720769.506306,2001,bb212f85-1358-4ef9-8a3f-988f815c27cd,coordinator_0,client_2,NET_TRANSFER,0.000100,0.158000,Signal: Cache Miss / Request Weights
756986.812058,2001,bb212f85-1358-4ef9-8a3f-988f815c27cd,client_2,coordinator_0,NET_TRANSFER,452.714447,36217.305752,Upload Model Weights
756986.970058,3001,d95ac209-70ac-4366-b455-f005e41230be,coordinator_0,client_3,NET_TRANSFER,0.000100,0.158000,Signal: Cache Miss / Request Weights
794447.763307,3001,d95ac209-70ac-4366-b455-f005e41230be,client_3,coordinator_0,NET_TRANSFER,468.258041,37460.793249,Upload Model Weights
794447.921307,9002,edbb5a5f-96c7-4587-bae7-76b991139bc5,client_9,coordinator_0,NET_TRANSFER,0.000100,0.158000,Request Model ID
794448.079307,4001,5db32043-be1a-4e02-ad7f-c6e5724beb16,coordinator_0,worker_4,NET_TRANSFER,0.000100,0.158000,Poll: Check Layer Cache
794448.237307,4001,5db32043-be1a-4e02-ad7f-c6e5724beb16,worker_4,coordinator_0,NET_TRANSFER,0.000100,0.158000,Poll: Cache Status Reply
794448.395307,4001,5db32043-be1a-4e02-ad7f-c6e5724beb16,coordinator_0,worker_1,NET_TRANSFER,0.000100,0.158000,Poll: Check Layer Cache
794448.553307,4001,5db32043-be1a-4e02-ad7f-c6e5724beb16,worker_1,coordinator_0,NET_TRANSFER,0.000100,0.158000,Poll: Cache Status Reply
794448.711307,4001,5db32043-be1a-4e02-ad7f-c6e5724beb16,coordinator_0,worker_2,NET_TRANSFER,0.000100,0.158000,Poll: Check Layer Cache
794448.869307,4001,5db32043-be1a-4e02-ad7f-c6e5724beb16,worker_2,coordinator_0,NET_TRANSFER,0.000100,0.158000,Poll: Cache Status Reply
794449.027307,4001,5db32043-be1a-4e02-ad7f-c6e5724beb16,coordinator_0,worker_1,NET_TRANSFER,0.000100,0.158000,Poll: Check Layer Cache
794449.185307,9000,ccab57a6-d91e-4ce5-b062-d9fc9a27c1f3,coordinator_0,client_9,NET_TRANSFER,0.000100,0.158000,Signal: Cache Miss / Request Weights
794449.343307,4001,5db32043-be1a-4e02-ad7f-c6e5724beb16,worker_1,coordinator_0,NET_TRANSFER,0.000100,0.158000,Poll: Cache Status Reply
794449.501307,4001,5db32043-be1a-4e02-ad7f-c6e5724beb16,coordinator_0,worker_2,NET_TRANSFER,0.000100,0.158000,Poll: Check Layer Cache
794449.659307,4001,5db32043-be1a-4e02-ad7f-c6e5724beb16,worker_2,coordinator_0,NET_TRANSFER,0.000100,0.158000,Poll: Cache Status Reply
794449.817307,4001,5db32043-be1a-4e02-ad7f-c6e5724beb16,coordinator_0,worker_4,NET_TRANSFER,0.000100,0.158000,Poll: Check Layer Cache
819999.572444,9000,ccab57a6-d91e-4ce5-b062-d9fc9a27c1f3,client_9,coordinator_0,NET_TRANSFER,319.370064,25549.755138,Upload Model Weights
819999.730444,4001,5db32043-be1a-4e02-ad7f-c6e5724beb16,worker_4,coordinator_0,NET_TRANSFER,0.000100,0.158000,Poll: Cache Status Reply
819999.888444,4001,5db32043-be1a-4e02-ad7f-c6e5724beb16,coordinator_0,worker_4,NET_TRANSFER,0.000100,0.158000,Poll: Check Layer Cache
820000.046444,4001,5db32043-be1a-4e02-ad7f-c6e5724beb16,worker_4,coordinator_0,NET_TRANSFER,0.000100,0.158000,Poll: Cache Status Reply
820000.204444,4001,5db32043-be1a-4e02-ad7f-c6e5724beb16,coordinator_0,worker_4,NET_TRANSFER,0.000100,0.158000,Poll: Check Layer Cache
820000.362444,9002,ccab57a6-d91e-4ce5-b062-d9fc9a27c1f3,client_9,coordinator_0,NET_TRANSFER,0.000100,0.158000,Request Model ID
820000.520444,4001,5db32043-be1a-4e02-ad7f-c6e5724beb16,worker_4,coordinator_0,NET_TRANSFER,0.000100,0.158000,Poll: Cache Status Reply
820000.678444,4001,5db32043-be1a-4e02-ad7f-c6e5724beb16,coordinator_0,worker_1,NET_TRANSFER,0.000100,0.158000,Poll: Check Layer Cache
820000.836444,4001,5db32043-be1a-4e02-ad7f-c6e5724beb16,worker_1,coordinator_0,NET_TRANSFER,0.000100,0.158000,Poll: Cache Status Reply
820000.994444,4001,5db32043-be1a-4e02-ad7f-c6e5724beb16,coordinator_0,worker_2,NET_TRANSFER,0.000100,0.158000,Poll: Check Layer Cache
820001.152444,4001,5db32043-be1a-4e02-ad7f-c6e5724beb16,worker_2,coordinator_0,NET_TRANSFER,0.000100,0.158000,Poll: Cache Status Reply
820001.310444,4001,5db32043-be1a-4e02-ad7f-c6e5724beb16,coordinator_0,worker_3,NET_TRANSFER,0.000100,0.158000,Poll: Check Layer Cache
820001.468444,4001,5db32043-be1a-4e02-ad7f-c6e5724beb16,worker_3,coordinator_0,NET_TRANSFER,0.000100,0.158000,Poll: Cache Status Reply
820001.626444,4001,5db32043-be1a-4e02-ad7f-c6e5724beb16,coordinator_0,worker_3,NET_TRANSFER,0.000100,0.158000,Poll: Check Layer Cache
820001.784444,4001,5db32043-be1a-4e02-ad7f-c6e5724beb16,worker_3,coordinator_0,NET_TRANSFER,0.000100,0.158000,Poll: Cache Status Reply
820001.942444,4001,5db32043-be1a-4e02-ad7f-c6e5724beb16,coordinator_0,worker_2,NET_TRANSFER,0.000100,0.158000,Poll: Check Layer Cache
820002.100444,4001,5db32043-be1a-4e02-ad7f-c6e5724beb16,worker_2,coordinator_0,NET_TRANSFER,0.000100,0.158000,Poll: Cache Status Reply
820002.258444,4001,5db32043-be1a-4e02-ad7f-c6e5724beb16,coordinator_0,worker_3,NET_TRANSFER,0.000100,0.158000,Poll: Check Layer Cache
820002.416444,4001,5db32043-be1a-4e02-ad7f-c6e5724beb16,worker_3,coordinator_0,NET_TRANSFER,0.000100,0.158000,Poll: Cache Status Reply
820002.574444,4001,5db32043-be1a-4e02-ad7f-c6e5724beb16,coordinator_0,worker_2,NET_TRANSFER,0.000100,0.158000,Poll: Check Layer Cache
820002.732444,4001,5db32043-be1a-4e02-ad7f-c6e5724beb16,worker_2,coordinator_0,NET_TRANSFER,0.000100,0.158000,Poll: Cache Status Reply
820002.890444,4001,5db32043-be1a-4e02-ad7f-c6e5724beb16,coordinator_0,worker_1,NET_TRANSFER,0.000100,0.158000,Poll: Check Layer Cache
820003.048444,4001,5db32043-be1a-4e02-ad7f-c6e5724beb16,worker_1,coordinator_0,NET_TRANSFER,0.000100,0.158000,Poll: Cache Status Reply
820003.206444,4001,5db32043-be1a-4e02-ad7f-c6e5724beb16,coordinator_0,worker_3,NET_TRANSFER,0.000100,0.158000,Poll: Check Layer Cache
820003.364444,4001,5db32043-be1a-4e02-ad7f-c6e5724beb16,worker_3,coordinator_0,NET_TRANSFER,0.000100,0.158000,Poll: Cache Status Reply
820003.522444,4001,5db32043-be1a-4e02-ad7f-c6e5724beb16,coordinator_0,worker_1,NET_TRANSFER,0.000100,0.158000,Poll: Check Layer Cache
820003.680444,4001,5db32043-be1a-4e02-ad7f-c6e5724beb16,worker_1,coordinator_0,NET_TRANSFER,0.000100,0.158000,Poll: Cache Status Reply
820003.838444,4001,5db32043-be1a-4e02-ad7f-c6e5724beb16,coordinator_0,worker_4,NET_TRANSFER,0.000100,0.158000,Poll: Check Layer Cache
820003.996444,4001,5db32043-be1a-4e02-ad7f-c6e5724beb16,worker_4,coordinator_0,NET_TRANSFER,0.000100,0.158000,Poll: Cache Status Reply
820004.154444,4001,5db32043-be1a-4e02-ad7f-c6e5724beb16,coordinator_0,worker_3,NET_TRANSFER,0.000100,0.158000,Poll: Check Layer Cache
820004.312444,4001,5db32043-be1a-4e02-ad7f-c6e5724beb16,worker_3,coordinator_0,NET_TRANSFER,0.000100,0.158000,Poll: Cache Status Reply
820004.470444,4001,5db32043-be1a-4e02-ad7f-c6e5724beb16,coordinator_0,worker_1,NET_TRANSFER,0.000100,0.158000,Poll: Check Layer Cache
820004.628444,4001,5db32043-be1a-4e02-ad7f-c6e5724beb16,worker_1,coordinator_0,NET_TRANSFER,0.000100,0.158000,Poll: Cache Status Reply
820004.786444,4001,5db32043-be1a-4e02-ad7f-c6e5724beb16,coordinator_0,worker_2,NET_TRANSFER,0.000100,0.158000,Poll: Check Layer Cache
820004.944444,4001,5db32043-be1a-4e02-ad7f-c6e5724beb16,worker_2,coordinator_0,NET_TRANSFER,0.000100,0.158000,Poll: Cache Status Reply
820005.102444,4001,5db32043-be1a-4e02-ad7f-c6e5724beb16,coordinator_0,worker_2,NET_TRANSFER,0.000100,0.158000,Poll: Check Layer Cache
820005.260444,4001,5db32043-be1a-4e02-ad7f-c6e5724beb16,worker_2,coordinator_0,NET_TRANSFER,0.000100,0.158000,Poll: Cache Status Reply
820005.418444,4001,5db32043-be1a-4e02-ad7f-c6e5724beb16,coordinator_0,worker_1,NET_TRANSFER,0.000100,0.158000,Poll: Check Layer Cache
820005.576444,4001,5db32043-be1a-4e02-ad7f-c6e5724beb16,worker_1,coordinator_0,NET_TRANSFER,0.000100,0.158000,Poll: Cache Status Reply
820005.734444,4001,5db32043-be1a-4e02-ad7f-c6e5724beb16,coordinator_0,worker_3,NET_TRANSFER,0.000100,0.158000,Poll: Check Layer Cache
820005.892444,4001,5db32043-be1a-4e02-ad7f-c6e5724beb16,worker_3,coordinator_0,NET_TRANSFER,0.000100,0.158000,Poll: Cache Status Reply
820006.050444,4001,5db32043-be1a-4e02-ad7f-c6e5724beb16,coordinator_0,worker_3,NET_TRANSFER,0.000100,0.158000,Poll: Check Layer Cache
820006.208444,4001,5db32043-be1a-4e02-ad7f-c6e5724beb16,worker_3,coordinator_0,NET_TRANSFER,0.000100,0.158000,Poll: Cache Status Reply
820006.366444,4001,5db32043-be1a-4e02-ad7f-c6e5724beb16,coordinator_0,worker_4,NET_TRANSFER,0.000100,0.158000,Poll: Check Layer Cache
820006.524444,4001,5db32043-be1a-4e02-ad7f-c6e5724beb16,worker_4,coordinator_0,NET_TRANSFER,0.000100,0.158000,Poll: Cache Status Reply
820006.682444,4001,5db32043-be1a-4e02-ad7f-c6e5724beb16,coordinator_0,worker_4,NET_TRANSFER,0.000100,0.158000,Poll: Check Layer Cache
820006.840444,5000,6719b99a-d5dd-40b4-a9ed-2c8af6965e4a,coordinator_0,client_5,NET_TRANSFER,0.000100,0.158000,Signal: Cache Miss / Request Weights
820006.998444,4001,5db32043-be1a-4e02-ad7f-c6e5724beb16,worker_4,coordinator_0,NET_TRANSFER,0.000100,0.158000,Poll: Cache Status Reply
820007.156444,4001,5db32043-be1a-4e02-ad7f-c6e5724beb16,coordinator_0,worker_4,NET_TRANSFER,0.000100,0.158000,Poll: Check Layer Cache
820007.314444,4001,5db32043-be1a-4e02-ad7f-c6e5724beb16,worker_4,coordinator_0,NET_TRANSFER,0.000100,0.158000,Poll: Cache Status Reply
862071.789858,5000,6719b99a-d5dd-40b4-a9ed-2c8af6965e4a,client_5,coordinator_0,NET_TRANSFER,525.804068,42064.475414,Upload Model Weights
862071.947858,4001,5db32043-be1a-4e02-ad7f-c6e5724beb16,coordinator_0,worker_1,NET_TRANSFER,0.000100,0.158000,Poll: Check Layer Cache
862072.105858,4001,5db32043-be1a-4e02-ad7f-c6e5724beb16,worker_1,coordinator_0,NET_TRANSFER,0.000100,0.158000,Poll: Cache Status Reply
862072.263858,4001,5db32043-be1a-4e02-ad7f-c6e5724beb16,coordinator_0,worker_2,NET_TRANSFER,0.000100,0.158000,Poll: Check Layer Cache
862072.421858,4001,5db32043-be1a-4e02-ad7f-c6e5724beb16,worker_2,coordinator_0,NET_TRANSFER,0.000100,0.158000,Poll: Cache Status Reply
887618.523879,4000,465b0809-1f2a-4765-9c07-c91155ff513f,client_4,coordinator_0,NET_TRANSFER,319.324400,25546.102021,Upload Model Weights
887618.681879,4001,5db32043-be1a-4e02-ad7f-c6e5724beb16,coordinator_0,worker_2,NET_TRANSFER,0.000100,0.158000,Poll: Check Layer Cache
887618.839879,4001,5db32043-be1a-4e02-ad7f-c6e5724beb16,worker_2,coordinator_0,NET_TRANSFER,0.000100,0.158000,Poll: Cache Status Reply
887618.997879,4001,5db32043-be1a-4e02-ad7f-c6e5724beb16,coordinator_0,worker_3,NET_TRANSFER,0.000100,0.158000,Poll: Check Layer Cache
887619.155879,4001,5db32043-be1a-4e02-ad7f-c6e5724beb16,worker_3,coordinator_0,NET_TRANSFER,0.000100,0.158000,Poll: Cache Status Reply
887619.313879,8000,b707a332-9d3a-49c4-93ec-98a4b05713c0,coordinator_0,client_8,NET_TRANSFER,0.000100,0.158000,Signal: Cache Miss / Request Weights
923800.783628,8000,b707a332-9d3a-49c4-93ec-98a4b05713c0,client_8,coordinator_0,NET_TRANSFER,452.266497,36181.469750,Upload Model Weights
924576.533271,6000,b70fcdc0-fc91-45b9-929b-3db37d0b5f8f,coordinator_0,worker_4,NET_TRANSFER,9.694996,775.749643,Distribute Layer ID: 5f54233d
924576.691271,9000,d792f008-7d7c-4afc-8f2d-0ad5aeeddc59,coordinator_0,client_9,NET_TRANSFER,0.000100,0.158000,Signal: Cache Miss / Request Weights
924576.849271,7001,b98aad0a-4dea-4008-ad8c-316214e42284,coordinator_0,client_7,NET_TRANSFER,0.000100,0.158000,Signal: Cache Miss / Request Weights
963554.469856,8000,d4965426-a3d1-4387-b3b7-7043d09ef380,client_8,coordinator_0,NET_TRANSFER,487.218382,38977.620585,Upload Model Weights
963554.627856,6001,ab20b578-3dd0-4fe3-97cb-3189d9bd9be5,coordinator_0,client_6,NET_TRANSFER,0.000100,0.158000,Signal: Cache Miss / Request Weights
996397.043178,6001,ab20b578-3dd0-4fe3-97cb-3189d9bd9be5,client_6,coordinator_0,NET_TRANSFER,410.528317,32842.415322,Upload Model Weights
996397.201178,3001,cc0dab58-f02c-469f-a696-153baf86d230,coordinator_0,client_3,NET_TRANSFER,0.000100,0.158000,Signal: Cache Miss / Request Weights
1024966.078243,3001,cc0dab58-f02c-469f-a696-153baf86d230,client_3,coordinator_0,NET_TRANSFER,357.109088,28568.877065,Upload Model Weights
1024966.236243,7000,857a7c42-2767-4bcd-b994-5f3357d596c5,coordinator_0,client_7,NET_TRANSFER,0.000100,0.158000,Signal: Cache Miss / Request Weights
1074651.917516,7000,857a7c42-2767-4bcd-b994-5f3357d596c5,client_7,coordinator_0,NET_TRANSFER,621.069141,49685.681273,Upload Model Weights
1074652.075516,8001,209734fe-da0f-4c49-8ae8-1285e31e9d43,coordinator_0,client_8,NET_TRANSFER,0.000100,0.158000,Signal: Cache Hit / Starting
1074652.233516,2001,cfe1239e-a4ca-44f0-8513-58d88a57b4a9,coordinator_0,client_2,NET_TRANSFER,0.000100,0.158000,Signal: Cache Miss / Request Weights
1115342.714960,2001,cfe1239e-a4ca-44f0-8513-58d88a57b4a9,client_2,coordinator_0,NET_TRANSFER,508.629143,40690.481444,Upload Model Weights
1115342.872960,5001,764495bb-6a07-44df-890a-53f143dbe627,coordinator_0,client_5,NET_TRANSFER,0.000100,0.158000,Signal: Cache Miss / Request Weights
1143546.617444,5001,764495bb-6a07-44df-890a-53f143dbe627,client_5,coordinator_0,NET_TRANSFER,352.544931,28203.744484,Upload Model Weights
1143546.693186,6000,b70fcdc0-fc91-45b9-929b-3db37d0b5f8f,worker_4,worker_4,DISK_LOAD,9.694996,0.075742,"Disk -> RAM [Model: b70fcdc0, Layer: 5f54233d]"
1143546.768929,6000,b70fcdc0-fc91-45b9-929b-3db37d0b5f8f,worker_4,worker_4,MEM_MOVE,9.694996,0.075742,"RAM -> VRAM [Model: b70fcdc0, Layer: 5f54233d]"
1143546.818929,6000,b70fcdc0-fc91-45b9-929b-3db37d0b5f8f,worker_4,worker_4,GPU_COMPUTE,0.050000,0.050000,GPU Compute
1143546.976929,6000,b70fcdc0-fc91-45b9-929b-3db37d0b5f8f,worker_4,coordinator_0,NET_TRANSFER,0.000100,0.158000,Signal Finished
1144380.869123,6000,b70fcdc0-fc91-45b9-929b-3db37d0b5f8f,coordinator_0,worker_1,NET_TRANSFER,10.421777,833.892195,Distribute Layer ID: a2c3c698
1144380.950544,6000,b70fcdc0-fc91-45b9-929b-3db37d0b5f8f,worker_1,worker_1,DISK_LOAD,10.421777,0.081420,"Disk -> RAM [Model: b70fcdc0, Layer: a2c3c698]"
1144381.031964,6000,b70fcdc0-fc91-45b9-929b-3db37d0b5f8f,worker_1,worker_1,MEM_MOVE,10.421777,0.081420,"RAM -> VRAM [Model: b70fcdc0, Layer: a2c3c698]"
1144381.081964,6000,b70fcdc0-fc91-45b9-929b-3db37d0b5f8f,worker_1,worker_1,GPU_COMPUTE,0.050000,0.050000,GPU Compute
1144381.239964,6000,b70fcdc0-fc91-45b9-929b-3db37d0b5f8f,worker_1,coordinator_0,NET_TRANSFER,0.000100,0.158000,Signal Finished
1144873.663833,6000,b70fcdc0-fc91-45b9-929b-3db37d0b5f8f,coordinator_0,worker_2,NET_TRANSFER,6.153423,492.423869,Distribute Layer ID: 0dec8bbe
1144873.711907,6000,b70fcdc0-fc91-45b9-929b-3db37d0b5f8f,worker_2,worker_2,DISK_LOAD,6.153423,0.048074,"Disk -> RAM [Model: b70fcdc0, Layer: 0dec8bbe]"
1144873.759980,6000,b70fcdc0-fc91-45b9-929b-3db37d0b5f8f,worker_2,worker_2,MEM_MOVE,6.153423,0.048074,"RAM -> VRAM [Model: b70fcdc0, Layer: 0dec8bbe]"
1144873.809980,6000,b70fcdc0-fc91-45b9-929b-3db37d0b5f8f,worker_2,worker_2,GPU_COMPUTE,0.050000,0.050000,GPU Compute
1144873.967980,6000,b70fcdc0-fc91-45b9-929b-3db37d0b5f8f,worker_2,coordinator_0,NET_TRANSFER,0.000100,0.158000,Signal Finished
1145265.045594,6000,b70fcdc0-fc91-45b9-929b-3db37d0b5f8f,coordinator_0,worker_3,NET_TRANSFER,4.886595,391.077614,Distribute Layer ID: a6e6308e
1145265.083770,6000,b70fcdc0-fc91-45b9-929b-3db37d0b5f8f,worker_3,worker_3,DISK_LOAD,4.886595,0.038177,"Disk -> RAM [Model: b70fcdc0, Layer: a6e6308e]"
1145265.121947,6000,b70fcdc0-fc91-45b9-929b-3db37d0b5f8f,worker_3,worker_3,MEM_MOVE,4.886595,0.038177,"RAM -> VRAM [Model: b70fcdc0, Layer: a6e6308e]"
1145265.171947,6000,b70fcdc0-fc91-45b9-929b-3db37d0b5f8f,worker_3,worker_3,GPU_COMPUTE,0.050000,0.050000,GPU Compute
1145265.329947,6000,b70fcdc0-fc91-45b9-929b-3db37d0b5f8f,worker_3,coordinator_0,NET_TRANSFER,0.000100,0.158000,Signal Finished
1145987.670808,6000,b70fcdc0-fc91-45b9-929b-3db37d0b5f8f,coordinator_0,worker_4,NET_TRANSFER,9.027386,722.340861,Distribute Layer ID: 97a2f4b8
1145987.741335,6000,b70fcdc0-fc91-45b9-929b-3db37d0b5f8f,worker_4,worker_4,DISK_LOAD,9.027386,0.070526,"Disk -> RAM [Model: b70fcdc0, Layer: 97a2f4b8]"
1145987.811861,6000,b70fcdc0-fc91-45b9-929b-3db37d0b5f8f,worker_4,worker_4,MEM_MOVE,9.027386,0.070526,"RAM -> VRAM [Model: b70fcdc0, Layer: 97a2f4b8]"
1145987.861861,6000,b70fcdc0-fc91-45b9-929b-3db37d0b5f8f,worker_4,worker_4,GPU_COMPUTE,0.050000,0.050000,GPU Compute
1145988.019861,6000,b70fcdc0-fc91-45b9-929b-3db37d0b5f8f,worker_4,coordinator_0,NET_TRANSFER,0.000100,0.158000,Signal Finished
1146624.094930,6000,b70fcdc0-fc91-45b9-929b-3db37d0b5f8f,coordinator_0,worker_1,NET_TRANSFER,7.949063,636.075069,Distribute Layer ID: aa951c2e
1146624.157032,6000,b70fcdc0-fc91-45b9-929b-3db37d0b5f8f,worker_1,worker_1,DISK_LOAD,7.949063,0.062102,"Disk -> RAM [Model: b70fcdc0, Layer: aa951c2e]"
1146624.219134,6000,b70fcdc0-fc91-45b9-929b-3db37d0b5f8f,worker_1,worker_1,MEM_MOVE,7.949063,0.062102,"RAM -> VRAM [Model: b70fcdc0, Layer: aa951c2e]"
1146624.269134,6000,b70fcdc0-fc91-45b9-929b-3db37d0b5f8f,worker_1,worker_1,GPU_COMPUTE,0.050000,0.050000,GPU Compute
1146624.427134,6000,b70fcdc0-fc91-45b9-929b-3db37d0b5f8f,worker_1,coordinator_0,NET_TRANSFER,0.000100,0.158000,Signal Finished
1147595.661642,6000,b70fcdc0-fc91-45b9-929b-3db37d0b5f8f,coordinator_0,worker_2,NET_TRANSFER,12.138556,971.234508,Distribute Layer ID: 531cc6c4
1147595.756475,6000,b70fcdc0-fc91-45b9-929b-3db37d0b5f8f,worker_2,worker_2,DISK_LOAD,12.138556,0.094832,"Disk -> RAM [Model: b70fcdc0, Layer: 531cc6c4]"
1147595.851307,6000,b70fcdc0-fc91-45b9-929b-3db37d0b5f8f,worker_2,worker_2,MEM_MOVE,12.138556,0.094832,"RAM -> VRAM [Model: b70fcdc0, Layer: 531cc6c4]"
1147595.901307,6000,b70fcdc0-fc91-45b9-929b-3db37d0b5f8f,worker_2,worker_2,GPU_COMPUTE,0.050000,0.050000,GPU Compute
1147596.059307,6000,b70fcdc0-fc91-45b9-929b-3db37d0b5f8f,worker_2,coordinator_0,NET_TRANSFER,0.000100,0.158000,Signal Finished
1148369.758308,6000,b70fcdc0-fc91-45b9-929b-3db37d0b5f8f,coordinator_0,worker_3,NET_TRANSFER,9.669363,773.699001,Distribute Layer ID: 43253c6c
1148369.833850,6000,b70fcdc0-fc91-45b9-929b-3db37d0b5f8f,worker_3,worker_3,DISK_LOAD,9.669363,0.075542,"Disk -> RAM [Model: b70fcdc0, Layer: 43253c6c]"
1148369.909392,6000,b70fcdc0-fc91-45b9-929b-3db37d0b5f8f,worker_3,worker_3,MEM_MOVE,9.669363,0.075542,"RAM -> VRAM [Model: b70fcdc0, Layer: 43253c6c]"
1148369.959392,6000,b70fcdc0-fc91-45b9-929b-3db37d0b5f8f,worker_3,worker_3,GPU_COMPUTE,0.050000,0.050000,GPU Compute
1148370.117392,6000,b70fcdc0-fc91-45b9-929b-3db37d0b5f8f,worker_3,coordinator_0,NET_TRANSFER,0.000100,0.158000,Signal Finished
1149406.480733,6000,b70fcdc0-fc91-45b9-929b-3db37d0b5f8f,coordinator_0,worker_4,NET_TRANSFER,12.952667,1036.363341,Distribute Layer ID: 192819b9
1149406.581926,6000,b70fcdc0-fc91-45b9-929b-3db37d0b5f8f,worker_4,worker_4,DISK_LOAD,12.952667,0.101193,"Disk -> RAM [Model: b70fcdc0, Layer: 192819b9]"
1149406.683119,6000,b70fcdc0-fc91-45b9-929b-3db37d0b5f8f,worker_4,worker_4,MEM_MOVE,12.952667,0.101193,"RAM -> VRAM [Model: b70fcdc0, Layer: 192819b9]"
1149406.733119,6000,b70fcdc0-fc91-45b9-929b-3db37d0b5f8f,worker_4,worker_4,GPU_COMPUTE,0.050000,0.050000,GPU Compute
1149406.891119,6000,b70fcdc0-fc91-45b9-929b-3db37d0b5f8f,worker_4,coordinator_0,NET_TRANSFER,0.000100,0.158000,Signal Finished
1150604.605367,6000,b70fcdc0-fc91-45b9-929b-3db37d0b5f8f,coordinator_0,worker_1,NET_TRANSFER,14.969553,1197.714249,Distribute Layer ID: 3e0e5a2f
1150604.722317,6000,b70fcdc0-fc91-45b9-929b-3db37d0b5f8f,worker_1,worker_1,DISK_LOAD,14.969553,0.116950,"Disk -> RAM [Model: b70fcdc0, Layer: 3e0e5a2f]"
1150604.839266,6000,b70fcdc0-fc91-45b9-929b-3db37d0b5f8f,worker_1,worker_1,MEM_MOVE,14.969553,0.116950,"RAM -> VRAM [Model: b70fcdc0, Layer: 3e0e5a2f]"
1150604.889266,6000,b70fcdc0-fc91-45b9-929b-3db37d0b5f8f,worker_1,worker_1,GPU_COMPUTE,0.050000,0.050000,GPU Compute
1150605.047266,6000,b70fcdc0-fc91-45b9-929b-3db37d0b5f8f,worker_1,coordinator_0,NET_TRANSFER,0.000100,0.158000,Signal Finished
1151770.106261,6000,b70fcdc0-fc91-45b9-929b-3db37d0b5f8f,coordinator_0,worker_2,NET_TRANSFER,14.561362,1165.058994,Distribute Layer ID: aa9d9d4d
1151770.220022,6000,b70fcdc0-fc91-45b9-929b-3db37d0b5f8f,worker_2,worker_2,DISK_LOAD,14.561362,0.113761,"Disk -> RAM [Model: b70fcdc0, Layer: aa9d9d4d]"
1151770.333782,6000,b70fcdc0-fc91-45b9-929b-3db37d0b5f8f,worker_2,worker_2,MEM_MOVE,14.561362,0.113761,"RAM -> VRAM [Model: b70fcdc0, Layer: aa9d9d4d]"
1151770.383782,6000,b70fcdc0-fc91-45b9-929b-3db37d0b5f8f,worker_2,worker_2,GPU_COMPUTE,0.050000,0.050000,GPU Compute
1151770.541782,6000,b70fcdc0-fc91-45b9-929b-3db37d0b5f8f,worker_2,coordinator_0,NET_TRANSFER,0.000100,0.158000,Signal Finished
1152191.740486,6000,b70fcdc0-fc91-45b9-929b-3db37d0b5f8f,coordinator_0,worker_3,NET_TRANSFER,5.263109,421.198704,Distribute Layer ID: 2a58dc71
1152191.781604,6000,b70fcdc0-fc91-45b9-929b-3db37d0b5f8f,worker_3,worker_3,DISK_LOAD,5.263109,0.041118,"Disk -> RAM [Model: b70fcdc0, Layer: 2a58dc71]"
1152191.822722,6000,b70fcdc0-fc91-45b9-929b-3db37d0b5f8f,worker_3,worker_3,MEM_MOVE,5.263109,0.041118,"RAM -> VRAM [Model: b70fcdc0, Layer: 2a58dc71]"
1152191.872722,6000,b70fcdc0-fc91-45b9-929b-3db37d0b5f8f,worker_3,worker_3,GPU_COMPUTE,0.050000,0.050000,GPU Compute
1152192.030722,6000,b70fcdc0-fc91-45b9-929b-3db37d0b5f8f,worker_3,coordinator_0,NET_TRANSFER,0.000100,0.158000,Signal Finished
1153285.766845,6000,b70fcdc0-fc91-45b9-929b-3db37d0b5f8f,coordinator_0,worker_4,NET_TRANSFER,13.669827,1093.736123,Distribute Layer ID: 90800a8a
1153285.873641,6000,b70fcdc0-fc91-45b9-929b-3db37d0b5f8f,worker_4,worker_4,DISK_LOAD,13.669827,0.106796,"Disk -> RAM [Model: b70fcdc0, Layer: 90800a8a]"
1153285.980436,6000,b70fcdc0-fc91-45b9-929b-3db37d0b5f8f,worker_4,worker_4,MEM_MOVE,13.669827,0.106796,"RAM -> VRAM [Model: b70fcdc0, Layer: 90800a8a]"
1153286.030436,6000,b70fcdc0-fc91-45b9-929b-3db37d0b5f8f,worker_4,worker_4,GPU_COMPUTE,0.050000,0.050000,GPU Compute
1153286.188436,6000,b70fcdc0-fc91-45b9-929b-3db37d0b5f8f,worker_4,coordinator_0,NET_TRANSFER,0.000100,0.158000,Signal Finished
1154145.652306,6000,b70fcdc0-fc91-45b9-929b-3db37d0b5f8f,coordinator_0,worker_1,NET_TRANSFER,10.741423,859.463870,Distribute Layer ID: 9e5a7f69
1154145.736223,6000,b70fcdc0-fc91-45b9-929b-3db37d0b5f8f,worker_1,worker_1,DISK_LOAD,10.741423,0.083917,"Disk -> RAM [Model: b70fcdc0, Layer: 9e5a7f69]"
1154145.820141,6000,b70fcdc0-fc91-45b9-929b-3db37d0b5f8f,worker_1,worker_1,MEM_MOVE,10.741423,0.083917,"RAM -> VRAM [Model: b70fcdc0, Layer: 9e5a7f69]"
1154145.870141,6000,b70fcdc0-fc91-45b9-929b-3db37d0b5f8f,worker_1,worker_1,GPU_COMPUTE,0.050000,0.050000,GPU Compute
1154146.028141,6000,b70fcdc0-fc91-45b9-929b-3db37d0b5f8f,worker_1,coordinator_0,NET_TRANSFER,0.000100,0.158000,Signal Finished
1154613.441784,6000,b70fcdc0-fc91-45b9-929b-3db37d0b5f8f,coordinator_0,worker_2,NET_TRANSFER,5.840796,467.413644,Distribute Layer ID: a82bd108
1154613.487416,6000,b70fcdc0-fc91-45b9-929b-3db37d0b5f8f,worker_2,worker_2,DISK_LOAD,5.840796,0.045631,"Disk -> RAM [Model: b70fcdc0, Layer: a82bd108]"
1154613.533047,6000,b70fcdc0-fc91-45b9-929b-3db37d0b5f8f,worker_2,worker_2,MEM_MOVE,5.840796,0.045631,"RAM -> VRAM [Model: b70fcdc0, Layer: a82bd108]"
1154613.583047,6000,b70fcdc0-fc91-45b9-929b-3db37d0b5f8f,worker_2,worker_2,GPU_COMPUTE,0.050000,0.050000,GPU Compute
1154613.741047,6000,b70fcdc0-fc91-45b9-929b-3db37d0b5f8f,worker_2,coordinator_0,NET_TRANSFER,0.000100,0.158000,Signal Finished
1155144.969696,6000,b70fcdc0-fc91-45b9-929b-3db37d0b5f8f,coordinator_0,worker_3,NET_TRANSFER,6.638483,531.228649,Distribute Layer ID: 74e90ed7
1155145.021559,6000,b70fcdc0-fc91-45b9-929b-3db37d0b5f8f,worker_3,worker_3,DISK_LOAD,6.638483,0.051863,"Disk -> RAM [Model: b70fcdc0, Layer: 74e90ed7]"
1155145.073422,6000,b70fcdc0-fc91-45b9-929b-3db37d0b5f8f,worker_3,worker_3,MEM_MOVE,6.638483,0.051863,"RAM -> VRAM [Model: b70fcdc0, Layer: 74e90ed7]"
1155145.123422,6000,b70fcdc0-fc91-45b9-929b-3db37d0b5f8f,worker_3,worker_3,GPU_COMPUTE,0.050000,0.050000,GPU Compute
1155145.281422,6000,b70fcdc0-fc91-45b9-929b-3db37d0b5f8f,worker_3,coordinator_0,NET_TRANSFER,0.000100,0.158000,Signal Finished
1155637.149098,6000,b70fcdc0-fc91-45b9-929b-3db37d0b5f8f,coordinator_0,worker_4,NET_TRANSFER,6.146471,491.867676,Distribute Layer ID: 948261eb
1155637.197117,6000,b70fcdc0-fc91-45b9-929b-3db37d0b5f8f,worker_4,worker_4,DISK_LOAD,6.146471,0.048019,"Disk -> RAM [Model: b70fcdc0, Layer: 948261eb]"
1155637.245137,6000,b70fcdc0-fc91-45b9-929b-3db37d0b5f8f,worker_4,worker_4,MEM_MOVE,6.146471,0.048019,"RAM -> VRAM [Model: b70fcdc0, Layer: 948261eb]"
1155637.295137,6000,b70fcdc0-fc91-45b9-929b-3db37d0b5f8f,worker_4,worker_4,GPU_COMPUTE,0.050000,0.050000,GPU Compute
1155637.453137,6000,b70fcdc0-fc91-45b9-929b-3db37d0b5f8f,worker_4,coordinator_0,NET_TRANSFER,0.000100,0.158000,Signal Finished
1156760.201723,6000,b70fcdc0-fc91-45b9-929b-3db37d0b5f8f,coordinator_0,worker_1,NET_TRANSFER,14.032482,1122.748586,Distribute Layer ID: 9bdd6d80
1156760.311352,6000,b70fcdc0-fc91-45b9-929b-3db37d0b5f8f,worker_1,worker_1,DISK_LOAD,14.032482,0.109629,"Disk -> RAM [Model: b70fcdc0, Layer: 9bdd6d80]"
1156760.420981,6000,b70fcdc0-fc91-45b9-929b-3db37d0b5f8f,worker_1,worker_1,MEM_MOVE,14.032482,0.109629,"RAM -> VRAM [Model: b70fcdc0, Layer: 9bdd6d80]"
1156760.470981,6000,b70fcdc0-fc91-45b9-929b-3db37d0b5f8f,worker_1,worker_1,GPU_COMPUTE,0.050000,0.050000,GPU Compute
1156760.628981,6000,b70fcdc0-fc91-45b9-929b-3db37d0b5f8f,worker_1,coordinator_0,NET_TRANSFER,0.000100,0.158000,Signal Finished
1157213.794094,6000,b70fcdc0-fc91-45b9-929b-3db37d0b5f8f,coordinator_0,worker_2,NET_TRANSFER,5.662689,453.165114,Distribute Layer ID: 37f41fc7
1157213.838334,6000,b70fcdc0-fc91-45b9-929b-3db37d0b5f8f,worker_2,worker_2,DISK_LOAD,5.662689,0.044240,"Disk -> RAM [Model: b70fcdc0, Layer: 37f41fc7]"
1157213.882574,6000,b70fcdc0-fc91-45b9-929b-3db37d0b5f8f,worker_2,worker_2,MEM_MOVE,5.662689,0.044240,"RAM -> VRAM [Model: b70fcdc0, Layer: 37f41fc7]"
1157213.932574,6000,b70fcdc0-fc91-45b9-929b-3db37d0b5f8f,worker_2,worker_2,GPU_COMPUTE,0.050000,0.050000,GPU Compute
1157214.090574,6000,b70fcdc0-fc91-45b9-929b-3db37d0b5f8f,worker_2,coordinator_0,NET_TRANSFER,0.000100,0.158000,Signal Finished
1157663.339120,6000,b70fcdc0-fc91-45b9-929b-3db37d0b5f8f,coordinator_0,worker_3,NET_TRANSFER,5.613732,449.248546,Distribute Layer ID: 35b7535f
1157663.382977,6000,b70fcdc0-fc91-45b9-929b-3db37d0b5f8f,worker_3,worker_3,DISK_LOAD,5.613732,0.043857,"Disk -> RAM [Model: b70fcdc0, Layer: 35b7535f]"
1157663.426835,6000,b70fcdc0-fc91-45b9-929b-3db37d0b5f8f,worker_3,worker_3,MEM_MOVE,5.613732,0.043857,"RAM -> VRAM [Model: b70fcdc0, Layer: 35b7535f]"
1157663.476835,6000,b70fcdc0-fc91-45b9-929b-3db37d0b5f8f,worker_3,worker_3,GPU_COMPUTE,0.050000,0.050000,GPU Compute
1157663.634835,6000,b70fcdc0-fc91-45b9-929b-3db37d0b5f8f,worker_3,coordinator_0,NET_TRANSFER,0.000100,0.158000,Signal Finished
1158100.848812,6000,b70fcdc0-fc91-45b9-929b-3db37d0b5f8f,coordinator_0,worker_4,NET_TRANSFER,5.463300,437.213978,Distribute Layer ID: 3895a1bd
1158100.891495,6000,b70fcdc0-fc91-45b9-929b-3db37d0b5f8f,worker_4,worker_4,DISK_LOAD,5.463300,0.042682,"Disk -> RAM [Model: b70fcdc0, Layer: 3895a1bd]"
1158100.934177,6000,b70fcdc0-fc91-45b9-929b-3db37d0b5f8f,worker_4,worker_4,MEM_MOVE,5.463300,0.042682,"RAM -> VRAM [Model: b70fcdc0, Layer: 3895a1bd]"
1158100.984177,6000,b70fcdc0-fc91-45b9-929b-3db37d0b5f8f,worker_4,worker_4,GPU_COMPUTE,0.050000,0.050000,GPU Compute
1158101.142177,6000,b70fcdc0-fc91-45b9-929b-3db37d0b5f8f,worker_4,coordinator_0,NET_TRANSFER,0.000100,0.158000,Signal Finished
1158635.146597,6000,b70fcdc0-fc91-45b9-929b-3db37d0b5f8f,coordinator_0,worker_1,NET_TRANSFER,6.673180,534.004421,Distribute Layer ID: 63cb6ae4
1158635.198731,6000,b70fcdc0-fc91-45b9-929b-3db37d0b5f8f,worker_1,worker_1,DISK_LOAD,6.673180,0.052134,"Disk -> RAM [Model: b70fcdc0, Layer: 63cb6ae4]"
1158635.250866,6000,b70fcdc0-fc91-45b9-929b-3db37d0b5f8f,worker_1,worker_1,MEM_MOVE,6.673180,0.052134,"RAM -> VRAM [Model: b70fcdc0, Layer: 63cb6ae4]"
1158635.300866,6000,b70fcdc0-fc91-45b9-929b-3db37d0b5f8f,worker_1,worker_1,GPU_COMPUTE,0.050000,0.050000,GPU Compute
1158635.458866,6000,b70fcdc0-fc91-45b9-929b-3db37d0b5f8f,worker_1,coordinator_0,NET_TRANSFER,0.000100,0.158000,Signal Finished
1159173.532224,6000,b70fcdc0-fc91-45b9-929b-3db37d0b5f8f,coordinator_0,worker_2,NET_TRANSFER,6.724042,538.073358,Distribute Layer ID: 23987dcb
1159173.584756,6000,b70fcdc0-fc91-45b9-929b-3db37d0b5f8f,worker_2,worker_2,DISK_LOAD,6.724042,0.052532,"Disk -> RAM [Model: b70fcdc0, Layer: 23987dcb]"
1159173.637287,6000,b70fcdc0-fc91-45b9-929b-3db37d0b5f8f,worker_2,worker_2,MEM_MOVE,6.724042,0.052532,"RAM -> VRAM [Model: b70fcdc0, Layer: 23987dcb]"
1159173.687287,6000,b70fcdc0-fc91-45b9-929b-3db37d0b5f8f,worker_2,worker_2,GPU_COMPUTE,0.050000,0.050000,GPU Compute
1159173.845287,6000,b70fcdc0-fc91-45b9-929b-3db37d0b5f8f,worker_2,coordinator_0,NET_TRANSFER,0.000100,0.158000,Signal Finished
1159572.471387,6000,b70fcdc0-fc91-45b9-929b-3db37d0b5f8f,coordinator_0,worker_3,NET_TRANSFER,4.980951,398.626100,Distribute Layer ID: 90063b25
1159572.510301,6000,b70fcdc0-fc91-45b9-929b-3db37d0b5f8f,worker_3,worker_3,DISK_LOAD,4.980951,0.038914,"Disk -> RAM [Model: b70fcdc0, Layer: 90063b25]"
1159572.549215,6000,b70fcdc0-fc91-45b9-929b-3db37d0b5f8f,worker_3,worker_3,MEM_MOVE,4.980951,0.038914,"RAM -> VRAM [Model: b70fcdc0, Layer: 90063b25]"
1159572.599215,6000,b70fcdc0-fc91-45b9-929b-3db37d0b5f8f,worker_3,worker_3,GPU_COMPUTE,0.050000,0.050000,GPU Compute
1159572.757215,6000,b70fcdc0-fc91-45b9-929b-3db37d0b5f8f,worker_3,coordinator_0,NET_TRANSFER,0.000100,0.158000,Signal Finished
1160467.800679,6000,b70fcdc0-fc91-45b9-929b-3db37d0b5f8f,coordinator_0,worker_4,NET_TRANSFER,11.186168,895.043464,Distribute Layer ID: 61cc5f09
1160467.888071,6000,b70fcdc0-fc91-45b9-929b-3db37d0b5f8f,worker_4,worker_4,DISK_LOAD,11.186168,0.087392,"Disk -> RAM [Model: b70fcdc0, Layer: 61cc5f09]"
1160467.975463,6000,b70fcdc0-fc91-45b9-929b-3db37d0b5f8f,worker_4,worker_4,MEM_MOVE,11.186168,0.087392,"RAM -> VRAM [Model: b70fcdc0, Layer: 61cc5f09]"
1160468.025463,6000,b70fcdc0-fc91-45b9-929b-3db37d0b5f8f,worker_4,worker_4,GPU_COMPUTE,0.050000,0.050000,GPU Compute
1160468.183463,6000,b70fcdc0-fc91-45b9-929b-3db37d0b5f8f,worker_4,coordinator_0,NET_TRANSFER,0.000100,0.158000,Signal Finished
1161237.629936,6000,b70fcdc0-fc91-45b9-929b-3db37d0b5f8f,coordinator_0,worker_1,NET_TRANSFER,9.616206,769.446474,Distribute Layer ID: 264afa9c
1161237.705063,6000,b70fcdc0-fc91-45b9-929b-3db37d0b5f8f,worker_1,worker_1,DISK_LOAD,9.616206,0.075127,"Disk -> RAM [Model: b70fcdc0, Layer: 264afa9c]"
1161237.780190,6000,b70fcdc0-fc91-45b9-929b-3db37d0b5f8f,worker_1,worker_1,MEM_MOVE,9.616206,0.075127,"RAM -> VRAM [Model: b70fcdc0, Layer: 264afa9c]"
1161237.830190,6000,b70fcdc0-fc91-45b9-929b-3db37d0b5f8f,worker_1,worker_1,GPU_COMPUTE,0.050000,0.050000,GPU Compute
1161237.988190,6000,b70fcdc0-fc91-45b9-929b-3db37d0b5f8f,worker_1,coordinator_0,NET_TRANSFER,0.000100,0.158000,Signal Finished
1162177.096055,6000,b70fcdc0-fc91-45b9-929b-3db37d0b5f8f,coordinator_0,worker_2,NET_TRANSFER,11.736973,939.107865,Distribute Layer ID: e28fc79f
1162177.187750,6000,b70fcdc0-fc91-45b9-929b-3db37d0b5f8f,worker_2,worker_2,DISK_LOAD,11.736973,0.091695,"Disk -> RAM [Model: b70fcdc0, Layer: e28fc79f]"
1162177.279445,6000,b70fcdc0-fc91-45b9-929b-3db37d0b5f8f,worker_2,worker_2,MEM_MOVE,11.736973,0.091695,"RAM -> VRAM [Model: b70fcdc0, Layer: e28fc79f]"
1162177.329445,6000,b70fcdc0-fc91-45b9-929b-3db37d0b5f8f,worker_2,worker_2,GPU_COMPUTE,0.050000,0.050000,GPU Compute
1162177.487445,6000,b70fcdc0-fc91-45b9-929b-3db37d0b5f8f,worker_2,coordinator_0,NET_TRANSFER,0.000100,0.158000,Signal Finished
1163056.650322,6000,b70fcdc0-fc91-45b9-929b-3db37d0b5f8f,coordinator_0,worker_3,NET_TRANSFER,10.987661,879.162877,Distribute Layer ID: 19e7fea3
1163056.736163,6000,b70fcdc0-fc91-45b9-929b-3db37d0b5f8f,worker_3,worker_3,DISK_LOAD,10.987661,0.085841,"Disk -> RAM [Model: b70fcdc0, Layer: 19e7fea3]"
1163056.822004,6000,b70fcdc0-fc91-45b9-929b-3db37d0b5f8f,worker_3,worker_3,MEM_MOVE,10.987661,0.085841,"RAM -> VRAM [Model: b70fcdc0, Layer: 19e7fea3]"
1163056.872004,6000,b70fcdc0-fc91-45b9-929b-3db37d0b5f8f,worker_3,worker_3,GPU_COMPUTE,0.050000,0.050000,GPU Compute
1163057.030004,6000,b70fcdc0-fc91-45b9-929b-3db37d0b5f8f,worker_3,coordinator_0,NET_TRANSFER,0.000100,0.158000,Signal Finished
1163568.110143,6000,b70fcdc0-fc91-45b9-929b-3db37d0b5f8f,coordinator_0,worker_4,NET_TRANSFER,6.386627,511.080139,Distribute Layer ID: d31cd6e3
1163568.160038,6000,b70fcdc0-fc91-45b9-929b-3db37d0b5f8f,worker_4,worker_4,DISK_LOAD,6.386627,0.049896,"Disk -> RAM [Model: b70fcdc0, Layer: d31cd6e3]"
1163568.209934,6000,b70fcdc0-fc91-45b9-929b-3db37d0b5f8f,worker_4,worker_4,MEM_MOVE,6.386627,0.049896,"RAM -> VRAM [Model: b70fcdc0, Layer: d31cd6e3]"
1163568.259934,6000,b70fcdc0-fc91-45b9-929b-3db37d0b5f8f,worker_4,worker_4,GPU_COMPUTE,0.050000,0.050000,GPU Compute
1163568.417934,6000,b70fcdc0-fc91-45b9-929b-3db37d0b5f8f,worker_4,coordinator_0,NET_TRANSFER,0.000100,0.158000,Signal Finished
1164012.747009,6000,b70fcdc0-fc91-45b9-929b-3db37d0b5f8f,coordinator_0,worker_1,NET_TRANSFER,5.552238,444.329075,Distribute Layer ID: 178eceea
1164012.790386,6000,b70fcdc0-fc91-45b9-929b-3db37d0b5f8f,worker_1,worker_1,DISK_LOAD,5.552238,0.043377,"Disk -> RAM [Model: b70fcdc0, Layer: 178eceea]"
1164012.833762,6000,b70fcdc0-fc91-45b9-929b-3db37d0b5f8f,worker_1,worker_1,MEM_MOVE,5.552238,0.043377,"RAM -> VRAM [Model: b70fcdc0, Layer: 178eceea]"
1164012.883762,6000,b70fcdc0-fc91-45b9-929b-3db37d0b5f8f,worker_1,worker_1,GPU_COMPUTE,0.050000,0.050000,GPU Compute
1164013.041762,6000,b70fcdc0-fc91-45b9-929b-3db37d0b5f8f,worker_1,coordinator_0,NET_TRANSFER,0.000100,0.158000,Signal Finished
1164578.487121,6000,b70fcdc0-fc91-45b9-929b-3db37d0b5f8f,coordinator_0,worker_2,NET_TRANSFER,7.066192,565.445359,Distribute Layer ID: ddcbe399
1164578.542326,6000,b70fcdc0-fc91-45b9-929b-3db37d0b5f8f,worker_2,worker_2,DISK_LOAD,7.066192,0.055205,"Disk -> RAM [Model: b70fcdc0, Layer: ddcbe399]"
1164578.597530,6000,b70fcdc0-fc91-45b9-929b-3db37d0b5f8f,worker_2,worker_2,MEM_MOVE,7.066192,0.055205,"RAM -> VRAM [Model: b70fcdc0, Layer: ddcbe399]"
1164578.647530,6000,b70fcdc0-fc91-45b9-929b-3db37d0b5f8f,worker_2,worker_2,GPU_COMPUTE,0.050000,0.050000,GPU Compute
1164578.805530,6000,b70fcdc0-fc91-45b9-929b-3db37d0b5f8f,worker_2,coordinator_0,NET_TRANSFER,0.000100,0.158000,Signal Finished
1165534.661747,6000,b70fcdc0-fc91-45b9-929b-3db37d0b5f8f,coordinator_0,worker_3,NET_TRANSFER,11.946328,955.856217,Distribute Layer ID: 11fe9cf1
1165534.755078,6000,b70fcdc0-fc91-45b9-929b-3db37d0b5f8f,worker_3,worker_3,DISK_LOAD,11.946328,0.093331,"Disk -> RAM [Model: b70fcdc0, Layer: 11fe9cf1]"
1165534.848408,6000,b70fcdc0-fc91-45b9-929b-3db37d0b5f8f,worker_3,worker_3,MEM_MOVE,11.946328,0.093331,"RAM -> VRAM [Model: b70fcdc0, Layer: 11fe9cf1]"
1165534.898408,6000,b70fcdc0-fc91-45b9-929b-3db37d0b5f8f,worker_3,worker_3,GPU_COMPUTE,0.050000,0.050000,GPU Compute
1165535.056408,6000,b70fcdc0-fc91-45b9-929b-3db37d0b5f8f,worker_3,coordinator_0,NET_TRANSFER,0.000100,0.158000,Signal Finished
1166374.724387,6000,b70fcdc0-fc91-45b9-929b-3db37d0b5f8f,coordinator_0,worker_4,NET_TRANSFER,10.493975,839.667979,Distribute Layer ID: 6f595d32
1166374.806371,6000,b70fcdc0-fc91-45b9-929b-3db37d0b5f8f,worker_4,worker_4,DISK_LOAD,10.493975,0.081984,"Disk -> RAM [Model: b70fcdc0, Layer: 6f595d32]"
1166374.888355,6000,b70fcdc0-fc91-45b9-929b-3db37d0b5f8f,worker_4,worker_4,MEM_MOVE,10.493975,0.081984,"RAM -> VRAM [Model: b70fcdc0, Layer: 6f595d32]"
1166374.938355,6000,b70fcdc0-fc91-45b9-929b-3db37d0b5f8f,worker_4,worker_4,GPU_COMPUTE,0.050000,0.050000,GPU Compute
1166375.096355,6000,b70fcdc0-fc91-45b9-929b-3db37d0b5f8f,worker_4,coordinator_0,NET_TRANSFER,0.000100,0.158000,Signal Finished
1167218.488983,6000,b70fcdc0-fc91-45b9-929b-3db37d0b5f8f,coordinator_0,worker_1,NET_TRANSFER,10.540533,843.392628,Distribute Layer ID: 9cdd812b
1167218.571331,6000,b70fcdc0-fc91-45b9-929b-3db37d0b5f8f,worker_1,worker_1,DISK_LOAD,10.540533,0.082348,"Disk -> RAM [Model: b70fcdc0, Layer: 9cdd812b]"
1167218.653679,6000,b70fcdc0-fc91-45b9-929b-3db37d0b5f8f,worker_1,worker_1,MEM_MOVE,10.540533,0.082348,"RAM -> VRAM [Model: b70fcdc0, Layer: 9cdd812b]"
1167218.703679,6000,b70fcdc0-fc91-45b9-929b-3db37d0b5f8f,worker_1,worker_1,GPU_COMPUTE,0.050000,0.050000,GPU Compute
1167218.861679,6000,b70fcdc0-fc91-45b9-929b-3db37d0b5f8f,worker_1,coordinator_0,NET_TRANSFER,0.000100,0.158000,Signal Finished
1167608.594090,6000,b70fcdc0-fc91-45b9-929b-3db37d0b5f8f,coordinator_0,worker_2,NET_TRANSFER,4.869780,389.732411,Distribute Layer ID: 0b2efdf6
1167608.632135,6000,b70fcdc0-fc91-45b9-929b-3db37d0b5f8f,worker_2,worker_2,DISK_LOAD,4.869780,0.038045,"Disk -> RAM [Model: b70fcdc0, Layer: 0b2efdf6]"
1167608.670180,6000,b70fcdc0-fc91-45b9-929b-3db37d0b5f8f,worker_2,worker_2,MEM_MOVE,4.869780,0.038045,"RAM -> VRAM [Model: b70fcdc0, Layer: 0b2efdf6]"
1167608.720180,6000,b70fcdc0-fc91-45b9-929b-3db37d0b5f8f,worker_2,worker_2,GPU_COMPUTE,0.050000,0.050000,GPU Compute
1167608.878180,6000,b70fcdc0-fc91-45b9-929b-3db37d0b5f8f,worker_2,coordinator_0,NET_TRANSFER,0.000100,0.158000,Signal Finished
1168757.334324,6000,b70fcdc0-fc91-45b9-929b-3db37d0b5f8f,coordinator_0,worker_3,NET_TRANSFER,14.353827,1148.456144,Distribute Layer ID: a7d1d288
1168757.446463,6000,b70fcdc0-fc91-45b9-929b-3db37d0b5f8f,worker_3,worker_3,DISK_LOAD,14.353827,0.112139,"Disk -> RAM [Model: b70fcdc0, Layer: a7d1d288]"
1168757.558602,6000,b70fcdc0-fc91-45b9-929b-3db37d0b5f8f,worker_3,worker_3,MEM_MOVE,14.353827,0.112139,"RAM -> VRAM [Model: b70fcdc0, Layer: a7d1d288]"
1168757.608602,6000,b70fcdc0-fc91-45b9-929b-3db37d0b5f8f,worker_3,worker_3,GPU_COMPUTE,0.050000,0.050000,GPU Compute
1168757.766602,6000,b70fcdc0-fc91-45b9-929b-3db37d0b5f8f,worker_3,coordinator_0,NET_TRANSFER,0.000100,0.158000,Signal Finished
1169729.609336,6000,b70fcdc0-fc91-45b9-929b-3db37d0b5f8f,coordinator_0,worker_4,NET_TRANSFER,12.146159,971.842733,Distribute Layer ID: 5b83e847
1169729.704228,6000,b70fcdc0-fc91-45b9-929b-3db37d0b5f8f,worker_4,worker_4,DISK_LOAD,12.146159,0.094892,"Disk -> RAM [Model: b70fcdc0, Layer: 5b83e847]"
1169729.799119,6000,b70fcdc0-fc91-45b9-929b-3db37d0b5f8f,worker_4,worker_4,MEM_MOVE,12.146159,0.094892,"RAM -> VRAM [Model: b70fcdc0, Layer: 5b83e847]"
1169729.849119,6000,b70fcdc0-fc91-45b9-929b-3db37d0b5f8f,worker_4,worker_4,GPU_COMPUTE,0.050000,0.050000,GPU Compute
1169730.007119,6000,b70fcdc0-fc91-45b9-929b-3db37d0b5f8f,worker_4,coordinator_0,NET_TRANSFER,0.000100,0.158000,Signal Finished
1170837.604329,6000,b70fcdc0-fc91-45b9-929b-3db37d0b5f8f,coordinator_0,worker_1,NET_TRANSFER,13.843090,1107.597209,Distribute Layer ID: 5326626c
1170837.712478,6000,b70fcdc0-fc91-45b9-929b-3db37d0b5f8f,worker_1,worker_1,DISK_LOAD,13.843090,0.108149,"Disk -> RAM [Model: b70fcdc0, Layer: 5326626c]"
1170837.820627,6000,b70fcdc0-fc91-45b9-929b-3db37d0b5f8f,worker_1,worker_1,MEM_MOVE,13.843090,0.108149,"RAM -> VRAM [Model: b70fcdc0, Layer: 5326626c]"
1170837.870627,6000,b70fcdc0-fc91-45b9-929b-3db37d0b5f8f,worker_1,worker_1,GPU_COMPUTE,0.050000,0.050000,GPU Compute
1170838.028627,6000,b70fcdc0-fc91-45b9-929b-3db37d0b5f8f,worker_1,coordinator_0,NET_TRANSFER,0.000100,0.158000,Signal Finished
1171364.802352,6000,b70fcdc0-fc91-45b9-929b-3db37d0b5f8f,coordinator_0,worker_2,NET_TRANSFER,6.582797,526.773725,Distribute Layer ID: cad6b839
1171364.853780,6000,b70fcdc0-fc91-45b9-929b-3db37d0b5f8f,worker_2,worker_2,DISK_LOAD,6.582797,0.051428,"Disk -> RAM [Model: b70fcdc0, Layer: cad6b839]"
1171364.905208,6000,b70fcdc0-fc91-45b9-929b-3db37d0b5f8f,worker_2,worker_2,MEM_MOVE,6.582797,0.051428,"RAM -> VRAM [Model: b70fcdc0, Layer: cad6b839]"
1171364.955208,6000,b70fcdc0-fc91-45b9-929b-3db37d0b5f8f,worker_2,worker_2,GPU_COMPUTE,0.050000,0.050000,GPU Compute
1171365.113208,6000,b70fcdc0-fc91-45b9-929b-3db37d0b5f8f,worker_2,coordinator_0,NET_TRANSFER,0.000100,0.158000,Signal Finished
1171823.549685,6000,b70fcdc0-fc91-45b9-929b-3db37d0b5f8f,coordinator_0,worker_3,NET_TRANSFER,5.728581,458.436477,Distribute Layer ID: 060adcd9
1171823.594440,6000,b70fcdc0-fc91-45b9-929b-3db37d0b5f8f,worker_3,worker_3,DISK_LOAD,5.728581,0.044755,"Disk -> RAM [Model: b70fcdc0, Layer: 060adcd9]"
1171823.639194,6000,b70fcdc0-fc91-45b9-929b-3db37d0b5f8f,worker_3,worker_3,MEM_MOVE,5.728581,0.044755,"RAM -> VRAM [Model: b70fcdc0, Layer: 060adcd9]"
1171823.689194,6000,b70fcdc0-fc91-45b9-929b-3db37d0b5f8f,worker_3,worker_3,GPU_COMPUTE,0.050000,0.050000,GPU Compute
1171823.847194,6000,b70fcdc0-fc91-45b9-929b-3db37d0b5f8f,worker_3,coordinator_0,NET_TRANSFER,0.000100,0.158000,Signal Finished
1172859.983590,6000,b70fcdc0-fc91-45b9-929b-3db37d0b5f8f,coordinator_0,worker_4,NET_TRANSFER,12.949830,1036.136395,Distribute Layer ID: 0ec4822a
1172860.084760,6000,b70fcdc0-fc91-45b9-929b-3db37d0b5f8f,worker_4,worker_4,DISK_LOAD,12.949830,0.101171,"Disk -> RAM [Model: b70fcdc0, Layer: 0ec4822a]"
1172860.185931,6000,b70fcdc0-fc91-45b9-929b-3db37d0b5f8f,worker_4,worker_4,MEM_MOVE,12.949830,0.101171,"RAM -> VRAM [Model: b70fcdc0, Layer: 0ec4822a]"
1172860.235931,6000,b70fcdc0-fc91-45b9-929b-3db37d0b5f8f,worker_4,worker_4,GPU_COMPUTE,0.050000,0.050000,GPU Compute
1172860.393931,6000,b70fcdc0-fc91-45b9-929b-3db37d0b5f8f,worker_4,coordinator_0,NET_TRANSFER,0.000100,0.158000,Signal Finished
1173383.854172,6000,b70fcdc0-fc91-45b9-929b-3db37d0b5f8f,coordinator_0,worker_1,NET_TRANSFER,6.541378,523.460241,Distribute Layer ID: 841f3093
1173383.905276,6000,b70fcdc0-fc91-45b9-929b-3db37d0b5f8f,worker_1,worker_1,DISK_LOAD,6.541378,0.051105,"Disk -> RAM [Model: b70fcdc0, Layer: 841f3093]"
1173383.956381,6000,b70fcdc0-fc91-45b9-929b-3db37d0b5f8f,worker_1,worker_1,MEM_MOVE,6.541378,0.051105,"RAM -> VRAM [Model: b70fcdc0, Layer: 841f3093]"
1173384.006381,6000,b70fcdc0-fc91-45b9-929b-3db37d0b5f8f,worker_1,worker_1,GPU_COMPUTE,0.050000,0.050000,GPU Compute
1173384.164381,6000,b70fcdc0-fc91-45b9-929b-3db37d0b5f8f,worker_1,coordinator_0,NET_TRANSFER,0.000100,0.158000,Signal Finished
1173822.166931,6000,b70fcdc0-fc91-45b9-929b-3db37d0b5f8f,coordinator_0,worker_2,NET_TRANSFER,5.473157,438.002550,Distribute Layer ID: 18228f5a
1173822.209690,6000,b70fcdc0-fc91-45b9-929b-3db37d0b5f8f,worker_2,worker_2,DISK_LOAD,5.473157,0.042759,"Disk -> RAM [Model: b70fcdc0, Layer: 18228f5a]"
1173822.252449,6000,b70fcdc0-fc91-45b9-929b-3db37d0b5f8f,worker_2,worker_2,MEM_MOVE,5.473157,0.042759,"RAM -> VRAM [Model: b70fcdc0, Layer: 18228f5a]"
1173822.302449,6000,b70fcdc0-fc91-45b9-929b-3db37d0b5f8f,worker_2,worker_2,GPU_COMPUTE,0.050000,0.050000,GPU Compute
1173822.460449,6000,b70fcdc0-fc91-45b9-929b-3db37d0b5f8f,worker_2,coordinator_0,NET_TRANSFER,0.000100,0.158000,Signal Finished
1174491.285300,6000,b70fcdc0-fc91-45b9-929b-3db37d0b5f8f,coordinator_0,worker_3,NET_TRANSFER,8.358436,668.824851,Distribute Layer ID: ca0076ef
1174491.350600,6000,b70fcdc0-fc91-45b9-929b-3db37d0b5f8f,worker_3,worker_3,DISK_LOAD,8.358436,0.065300,"Disk -> RAM [Model: b70fcdc0, Layer: ca0076ef]"
1174491.415901,6000,b70fcdc0-fc91-45b9-929b-3db37d0b5f8f,worker_3,worker_3,MEM_MOVE,8.358436,0.065300,"RAM -> VRAM [Model: b70fcdc0, Layer: ca0076ef]"
1174491.465901,6000,b70fcdc0-fc91-45b9-929b-3db37d0b5f8f,worker_3,worker_3,GPU_COMPUTE,0.050000,0.050000,GPU Compute
1174491.623901,6000,b70fcdc0-fc91-45b9-929b-3db37d0b5f8f,worker_3,coordinator_0,NET_TRANSFER,0.000100,0.158000,Signal Finished
1175014.983754,6000,b70fcdc0-fc91-45b9-929b-3db37d0b5f8f,coordinator_0,worker_4,NET_TRANSFER,6.540123,523.359853,Distribute Layer ID: cd75e85c
1175015.034848,6000,b70fcdc0-fc91-45b9-929b-3db37d0b5f8f,worker_4,worker_4,DISK_LOAD,6.540123,0.051095,"Disk -> RAM [Model: b70fcdc0, Layer: cd75e85c]"
1175015.085943,6000,b70fcdc0-fc91-45b9-929b-3db37d0b5f8f,worker_4,worker_4,MEM_MOVE,6.540123,0.051095,"RAM -> VRAM [Model: b70fcdc0, Layer: cd75e85c]"
1175015.135943,6000,b70fcdc0-fc91-45b9-929b-3db37d0b5f8f,worker_4,worker_4,GPU_COMPUTE,0.050000,0.050000,GPU Compute
1175015.293943,6000,b70fcdc0-fc91-45b9-929b-3db37d0b5f8f,worker_4,coordinator_0,NET_TRANSFER,0.000100,0.158000,Signal Finished
1176086.663799,6000,b70fcdc0-fc91-45b9-929b-3db37d0b5f8f,coordinator_0,worker_1,NET_TRANSFER,13.390248,1071.369856,Distribute Layer ID: 53670fd3
1176086.768410,6000,b70fcdc0-fc91-45b9-929b-3db37d0b5f8f,worker_1,worker_1,DISK_LOAD,13.390248,0.104611,"Disk -> RAM [Model: b70fcdc0, Layer: 53670fd3]"
1176086.873021,6000,b70fcdc0-fc91-45b9-929b-3db37d0b5f8f,worker_1,worker_1,MEM_MOVE,13.390248,0.104611,"RAM -> VRAM [Model: b70fcdc0, Layer: 53670fd3]"
1176086.923021,6000,b70fcdc0-fc91-45b9-929b-3db37d0b5f8f,worker_1,worker_1,GPU_COMPUTE,0.050000,0.050000,GPU Compute
1176087.081021,6000,b70fcdc0-fc91-45b9-929b-3db37d0b5f8f,worker_1,coordinator_0,NET_TRANSFER,0.000100,0.158000,Signal Finished
1177047.626502,6000,b70fcdc0-fc91-45b9-929b-3db37d0b5f8f,coordinator_0,worker_2,NET_TRANSFER,12.004944,960.545480,Distribute Layer ID: 7deda993
1177047.720290,6000,b70fcdc0-fc91-45b9-929b-3db37d0b5f8f,worker_2,worker_2,DISK_LOAD,12.004944,0.093789,"Disk -> RAM [Model: b70fcdc0, Layer: 7deda993]"
1177047.814079,6000,b70fcdc0-fc91-45b9-929b-3db37d0b5f8f,worker_2,worker_2,MEM_MOVE,12.004944,0.093789,"RAM -> VRAM [Model: b70fcdc0, Layer: 7deda993]"
1177047.864079,6000,b70fcdc0-fc91-45b9-929b-3db37d0b5f8f,worker_2,worker_2,GPU_COMPUTE,0.050000,0.050000,GPU Compute
1177048.022079,6000,b70fcdc0-fc91-45b9-929b-3db37d0b5f8f,worker_2,coordinator_0,NET_TRANSFER,0.000100,0.158000,Signal Finished
1178022.252374,6000,b70fcdc0-fc91-45b9-929b-3db37d0b5f8f,coordinator_0,worker_3,NET_TRANSFER,12.176004,974.230295,Distribute Layer ID: 2cbaef2d
1178022.347499,6000,b70fcdc0-fc91-45b9-929b-3db37d0b5f8f,worker_3,worker_3,DISK_LOAD,12.176004,0.095125,"Disk -> RAM [Model: b70fcdc0, Layer: 2cbaef2d]"
1178022.442624,6000,b70fcdc0-fc91-45b9-929b-3db37d0b5f8f,worker_3,worker_3,MEM_MOVE,12.176004,0.095125,"RAM -> VRAM [Model: b70fcdc0, Layer: 2cbaef2d]"
1178022.492624,6000,b70fcdc0-fc91-45b9-929b-3db37d0b5f8f,worker_3,worker_3,GPU_COMPUTE,0.050000,0.050000,GPU Compute
1178022.650624,6000,b70fcdc0-fc91-45b9-929b-3db37d0b5f8f,worker_3,coordinator_0,NET_TRANSFER,0.000100,0.158000,Signal Finished
1178946.856031,6000,b70fcdc0-fc91-45b9-929b-3db37d0b5f8f,coordinator_0,worker_4,NET_TRANSFER,11.550693,924.205407,Distribute Layer ID: bf20498f
1178946.946271,6000,b70fcdc0-fc91-45b9-929b-3db37d0b5f8f,worker_4,worker_4,DISK_LOAD,11.550693,0.090240,"Disk -> RAM [Model: b70fcdc0, Layer: bf20498f]"
1178947.036511,6000,b70fcdc0-fc91-45b9-929b-3db37d0b5f8f,worker_4,worker_4,MEM_MOVE,11.550693,0.090240,"RAM -> VRAM [Model: b70fcdc0, Layer: bf20498f]"
1178947.086511,6000,b70fcdc0-fc91-45b9-929b-3db37d0b5f8f,worker_4,worker_4,GPU_COMPUTE,0.050000,0.050000,GPU Compute
1178947.244511,6000,b70fcdc0-fc91-45b9-929b-3db37d0b5f8f,worker_4,coordinator_0,NET_TRANSFER,0.000100,0.158000,Signal Finished
1179843.254277,6000,b70fcdc0-fc91-45b9-929b-3db37d0b5f8f,coordinator_0,worker_1,NET_TRANSFER,11.198247,896.009766,Distribute Layer ID: 53c51d9b
1179843.341763,6000,b70fcdc0-fc91-45b9-929b-3db37d0b5f8f,worker_1,worker_1,DISK_LOAD,11.198247,0.087486,"Disk -> RAM [Model: b70fcdc0, Layer: 53c51d9b]"
1179843.429250,6000,b70fcdc0-fc91-45b9-929b-3db37d0b5f8f,worker_1,worker_1,MEM_MOVE,11.198247,0.087486,"RAM -> VRAM [Model: b70fcdc0, Layer: 53c51d9b]"
1179843.479250,6000,b70fcdc0-fc91-45b9-929b-3db37d0b5f8f,worker_1,worker_1,GPU_COMPUTE,0.050000,0.050000,GPU Compute
1179843.637250,6000,b70fcdc0-fc91-45b9-929b-3db37d0b5f8f,worker_1,coordinator_0,NET_TRANSFER,0.000100,0.158000,Signal Finished
1180603.464973,6000,b70fcdc0-fc91-45b9-929b-3db37d0b5f8f,coordinator_0,worker_2,NET_TRANSFER,9.495972,759.827724,Distribute Layer ID: a3f11990
1180603.539160,6000,b70fcdc0-fc91-45b9-929b-3db37d0b5f8f,worker_2,worker_2,DISK_LOAD,9.495972,0.074187,"Disk -> RAM [Model: b70fcdc0, Layer: a3f11990]"
1180603.613348,6000,b70fcdc0-fc91-45b9-929b-3db37d0b5f8f,worker_2,worker_2,MEM_MOVE,9.495972,0.074187,"RAM -> VRAM [Model: b70fcdc0, Layer: a3f11990]"
1180603.663348,6000,b70fcdc0-fc91-45b9-929b-3db37d0b5f8f,worker_2,worker_2,GPU_COMPUTE,0.050000,0.050000,GPU Compute
1180603.821348,6000,b70fcdc0-fc91-45b9-929b-3db37d0b5f8f,worker_2,coordinator_0,NET_TRANSFER,0.000100,0.158000,Signal Finished
1181283.427813,6000,b70fcdc0-fc91-45b9-929b-3db37d0b5f8f,coordinator_0,worker_3,NET_TRANSFER,8.493206,679.606466,Distribute Layer ID: 514387db
1181283.494166,6000,b70fcdc0-fc91-45b9-929b-3db37d0b5f8f,worker_3,worker_3,DISK_LOAD,8.493206,0.066353,"Disk -> RAM [Model: b70fcdc0, Layer: 514387db]"
1181283.560520,6000,b70fcdc0-fc91-45b9-929b-3db37d0b5f8f,worker_3,worker_3,MEM_MOVE,8.493206,0.066353,"RAM -> VRAM [Model: b70fcdc0, Layer: 514387db]"
1181283.610520,6000,b70fcdc0-fc91-45b9-929b-3db37d0b5f8f,worker_3,worker_3,GPU_COMPUTE,0.050000,0.050000,GPU Compute
1181283.768520,6000,b70fcdc0-fc91-45b9-929b-3db37d0b5f8f,worker_3,coordinator_0,NET_TRANSFER,0.000100,0.158000,Signal Finished
1182300.157706,6000,b70fcdc0-fc91-45b9-929b-3db37d0b5f8f,coordinator_0,worker_4,NET_TRANSFER,12.702990,1016.389186,Distribute Layer ID: ce9b9fc0
1182300.256948,6000,b70fcdc0-fc91-45b9-929b-3db37d0b5f8f,worker_4,worker_4,DISK_LOAD,12.702990,0.099242,"Disk -> RAM [Model: b70fcdc0, Layer: ce9b9fc0]"
1182300.356190,6000,b70fcdc0-fc91-45b9-929b-3db37d0b5f8f,worker_4,worker_4,MEM_MOVE,12.702990,0.099242,"RAM -> VRAM [Model: b70fcdc0, Layer: ce9b9fc0]"
1182300.406190,6000,b70fcdc0-fc91-45b9-929b-3db37d0b5f8f,worker_4,worker_4,GPU_COMPUTE,0.050000,0.050000,GPU Compute
1182300.564190,6000,b70fcdc0-fc91-45b9-929b-3db37d0b5f8f,worker_4,coordinator_0,NET_TRANSFER,0.000100,0.158000,Signal Finished
1183332.105499,6000,b70fcdc0-fc91-45b9-929b-3db37d0b5f8f,coordinator_0,worker_1,NET_TRANSFER,12.892391,1031.541309,Distribute Layer ID: 9e1ab924
1217324.856284,9000,d792f008-7d7c-4afc-8f2d-0ad5aeeddc59,client_9,coordinator_0,NET_TRANSFER,424.907510,33992.750785,Upload Model Weights
1217325.014284,1003,b707a332-9d3a-49c4-93ec-98a4b05713c0,client_1,coordinator_0,NET_TRANSFER,0.000100,0.158000,Request Model ID
1217325.115006,6000,b70fcdc0-fc91-45b9-929b-3db37d0b5f8f,worker_1,worker_1,DISK_LOAD,12.892391,0.100722,"Disk -> RAM [Model: b70fcdc0, Layer: 9e1ab924]"
1217325.215728,6000,b70fcdc0-fc91-45b9-929b-3db37d0b5f8f,worker_1,worker_1,MEM_MOVE,12.892391,0.100722,"RAM -> VRAM [Model: b70fcdc0, Layer: 9e1ab924]"
1217325.265728,6000,b70fcdc0-fc91-45b9-929b-3db37d0b5f8f,worker_1,worker_1,GPU_COMPUTE,0.050000,0.050000,GPU Compute
1217325.423728,6000,b70fcdc0-fc91-45b9-929b-3db37d0b5f8f,worker_1,coordinator_0,NET_TRANSFER,0.000100,0.158000,Signal Finished
1217325.581728,4001,5db32043-be1a-4e02-ad7f-c6e5724beb16,coordinator_0,client_4,NET_TRANSFER,0.000100,0.158000,Signal: Cache Hit / Starting
1264037.015916,7001,b98aad0a-4dea-4008-ad8c-316214e42284,client_7,coordinator_0,NET_TRANSFER,583.891052,46711.434188,Upload Model Weights
1264037.173916,5001,a2b2ef0d-c31e-424d-b040-3f53be25eca0,coordinator_0,client_5,NET_TRANSFER,0.000100,0.158000,Signal: Cache Miss / Request Weights
1293288.737552,5001,a2b2ef0d-c31e-424d-b040-3f53be25eca0,client_5,coordinator_0,NET_TRANSFER,365.642670,29251.563636,Upload Model Weights
1293288.895552,3001,ccab57a6-d91e-4ce5-b062-d9fc9a27c1f3,coordinator_0,client_3,NET_TRANSFER,0.000100,0.158000,Signal: Cache Miss / Request Weights
1318838.650690,3001,ccab57a6-d91e-4ce5-b062-d9fc9a27c1f3,client_3,coordinator_0,NET_TRANSFER,319.370064,25549.755138,Upload Model Weights
1318838.808690,1002,98de1b49-8dd3-49e7-a8fd-1969749e5ee7,coordinator_0,client_1,NET_TRANSFER,0.000100,0.158000,Signal: Cache Miss / Request Weights
1319763.599095,6000,b70fcdc0-fc91-45b9-929b-3db37d0b5f8f,coordinator_0,worker_2,NET_TRANSFER,11.558005,924.790405,Distribute Layer ID: ccadb483
1319763.689392,6000,b70fcdc0-fc91-45b9-929b-3db37d0b5f8f,worker_2,worker_2,DISK_LOAD,11.558005,0.090297,"Disk -> RAM [Model: b70fcdc0, Layer: ccadb483]"
1319763.779689,6000,b70fcdc0-fc91-45b9-929b-3db37d0b5f8f,worker_2,worker_2,MEM_MOVE,11.558005,0.090297,"RAM -> VRAM [Model: b70fcdc0, Layer: ccadb483]"
1319763.829689,6000,b70fcdc0-fc91-45b9-929b-3db37d0b5f8f,worker_2,worker_2,GPU_COMPUTE,0.050000,0.050000,GPU Compute
1319763.987689,6000,b70fcdc0-fc91-45b9-929b-3db37d0b5f8f,worker_2,coordinator_0,NET_TRANSFER,0.000100,0.158000,Signal Finished
1320312.027518,6000,b70fcdc0-fc91-45b9-929b-3db37d0b5f8f,coordinator_0,worker_3,NET_TRANSFER,6.848623,548.039829,Distribute Layer ID: ee2ae0a6
1320312.081023,6000,b70fcdc0-fc91-45b9-929b-3db37d0b5f8f,worker_3,worker_3,DISK_LOAD,6.848623,0.053505,"Disk -> RAM [Model: b70fcdc0, Layer: ee2ae0a6]"
1320312.134527,6000,b70fcdc0-fc91-45b9-929b-3db37d0b5f8f,worker_3,worker_3,MEM_MOVE,6.848623,0.053505,"RAM -> VRAM [Model: b70fcdc0, Layer: ee2ae0a6]"
1320312.184527,6000,b70fcdc0-fc91-45b9-929b-3db37d0b5f8f,worker_3,worker_3,GPU_COMPUTE,0.050000,0.050000,GPU Compute
1320312.342527,6000,b70fcdc0-fc91-45b9-929b-3db37d0b5f8f,worker_3,coordinator_0,NET_TRANSFER,0.000100,0.158000,Signal Finished
1321381.326814,6000,b70fcdc0-fc91-45b9-929b-3db37d0b5f8f,coordinator_0,worker_4,NET_TRANSFER,13.360429,1068.984287,Distribute Layer ID: 7c686a9b
1321381.431193,6000,b70fcdc0-fc91-45b9-929b-3db37d0b5f8f,worker_4,worker_4,DISK_LOAD,13.360429,0.104378,"Disk -> RAM [Model: b70fcdc0, Layer: 7c686a9b]"
1321381.535571,6000,b70fcdc0-fc91-45b9-929b-3db37d0b5f8f,worker_4,worker_4,MEM_MOVE,13.360429,0.104378,"RAM -> VRAM [Model: b70fcdc0, Layer: 7c686a9b]"
1321381.585571,6000,b70fcdc0-fc91-45b9-929b-3db37d0b5f8f,worker_4,worker_4,GPU_COMPUTE,0.050000,0.050000,GPU Compute
1321381.743571,6000,b70fcdc0-fc91-45b9-929b-3db37d0b5f8f,worker_4,coordinator_0,NET_TRANSFER,0.000100,0.158000,Signal Finished
1322551.198361,6000,b70fcdc0-fc91-45b9-929b-3db37d0b5f8f,coordinator_0,worker_1,NET_TRANSFER,14.616310,1169.454790,Distribute Layer ID: d68d4871
1322551.312551,6000,b70fcdc0-fc91-45b9-929b-3db37d0b5f8f,worker_1,worker_1,DISK_LOAD,14.616310,0.114190,"Disk -> RAM [Model: b70fcdc0, Layer: d68d4871]"
1322551.426741,6000,b70fcdc0-fc91-45b9-929b-3db37d0b5f8f,worker_1,worker_1,MEM_MOVE,14.616310,0.114190,"RAM -> VRAM [Model: b70fcdc0, Layer: d68d4871]"
1322551.476741,6000,b70fcdc0-fc91-45b9-929b-3db37d0b5f8f,worker_1,worker_1,GPU_COMPUTE,0.050000,0.050000,GPU Compute
1322551.634741,6000,b70fcdc0-fc91-45b9-929b-3db37d0b5f8f,worker_1,coordinator_0,NET_TRANSFER,0.000100,0.158000,Signal Finished
1322551.792741,3001,773a6b7b-bf00-48fc-ba23-a7d203f1988c,coordinator_0,client_3,NET_TRANSFER,0.000100,0.158000,Signal: Cache Miss / Request Weights
1322551.950741,9002,edbb5a5f-96c7-4587-bae7-76b991139bc5,coordinator_0,client_9,NET_TRANSFER,0.000100,0.158000,Signal: Cache Miss / Request Weights
1371887.911997,3001,773a6b7b-bf00-48fc-ba23-a7d203f1988c,client_3,coordinator_0,NET_TRANSFER,616.697641,49335.961256,Upload Model Weights
1371888.069997,3002,98de1b49-8dd3-49e7-a8fd-1969749e5ee7,client_3,coordinator_0,NET_TRANSFER,0.000100,0.158000,Request Model ID
1413952.545411,8000,6719b99a-d5dd-40b4-a9ed-2c8af6965e4a,client_8,coordinator_0,NET_TRANSFER,525.804068,42064.475414,Upload Model Weights
1413952.703411,7002,d95ac209-70ac-4366-b455-f005e41230be,client_7,coordinator_0,NET_TRANSFER,0.000100,0.158000,Request Model ID
1413952.861411,5001,44d6099b-c80b-4423-b304-b17e70c9816c,coordinator_0,client_5,NET_TRANSFER,0.000100,0.158000,Signal: Cache Miss / Request Weights
1448582.979636,5001,44d6099b-c80b-4423-b304-b17e70c9816c,client_5,coordinator_0,NET_TRANSFER,432.874603,34630.118226,Upload Model Weights
1448583.137636,6002,191057b3-0973-4b0f-a672-be9b4f920841,client_6,coordinator_0,NET_TRANSFER,0.000100,0.158000,Request Model ID
1448583.295636,10002,ccab57a6-d91e-4ce5-b062-d9fc9a27c1f3,client_10,coordinator_0,NET_TRANSFER,0.000100,0.158000,Request Model ID
1448583.453636,2002,857a7c42-2767-4bcd-b994-5f3357d596c5,client_2,coordinator_0,NET_TRANSFER,0.000100,0.158000,Request Model ID
1448583.611636,3002,b70fcdc0-fc91-45b9-929b-3db37d0b5f8f,client_3,coordinator_0,NET_TRANSFER,0.000100,0.158000,Request Model ID
1448583.769636,2003,d95ac209-70ac-4366-b455-f005e41230be,client_2,coordinator_0,NET_TRANSFER,0.000100,0.158000,Request Model ID
1448583.927636,9001,209734fe-da0f-4c49-8ae8-1285e31e9d43,coordinator_0,client_9,NET_TRANSFER,0.000100,0.158000,Signal: Cache Hit / Starting
1448584.085636,9000,d95ac209-70ac-4366-b455-f005e41230be,coordinator_0,client_9,NET_TRANSFER,0.000100,0.158000,Signal: Cache Miss / Request Weights
1486044.878885,9000,d95ac209-70ac-4366-b455-f005e41230be,client_9,coordinator_0,NET_TRANSFER,468.258041,37460.793249,Upload Model Weights
1487111.270651,2000,0e495248-1ee5-4d87-a50c-46b74e15adae,coordinator_0,worker_3,NET_TRANSFER,13.328022,1066.391766,Distribute Layer ID: 6e9ef551
1487111.374776,2000,0e495248-1ee5-4d87-a50c-46b74e15adae,worker_3,worker_3,DISK_LOAD,13.328022,0.104125,"Disk -> RAM [Model: 0e495248, Layer: 6e9ef551]"
1487111.478901,2000,0e495248-1ee5-4d87-a50c-46b74e15adae,worker_3,worker_3,MEM_MOVE,13.328022,0.104125,"RAM -> VRAM [Model: 0e495248, Layer: 6e9ef551]"
1487111.528901,2000,0e495248-1ee5-4d87-a50c-46b74e15adae,worker_3,worker_3,GPU_COMPUTE,0.050000,0.050000,GPU Compute
1487111.686901,2000,0e495248-1ee5-4d87-a50c-46b74e15adae,worker_3,coordinator_0,NET_TRANSFER,0.000100,0.158000,Signal Finished
1487825.619873,2000,0e495248-1ee5-4d87-a50c-46b74e15adae,coordinator_0,worker_4,NET_TRANSFER,8.922287,713.932972,Distribute Layer ID: 438057be
1487825.689578,2000,0e495248-1ee5-4d87-a50c-46b74e15adae,worker_4,worker_4,DISK_LOAD,8.922287,0.069705,"Disk -> RAM [Model: 0e495248, Layer: 438057be]"
1487825.759284,2000,0e495248-1ee5-4d87-a50c-46b74e15adae,worker_4,worker_4,MEM_MOVE,8.922287,0.069705,"RAM -> VRAM [Model: 0e495248, Layer: 438057be]"
1487825.809284,2000,0e495248-1ee5-4d87-a50c-46b74e15adae,worker_4,worker_4,GPU_COMPUTE,0.050000,0.050000,GPU Compute
1487825.967284,2000,0e495248-1ee5-4d87-a50c-46b74e15adae,worker_4,coordinator_0,NET_TRANSFER,0.000100,0.158000,Signal Finished
1488499.723657,2000,0e495248-1ee5-4d87-a50c-46b74e15adae,coordinator_0,worker_1,NET_TRANSFER,8.420080,673.756374,Distribute Layer ID: b85d90c2
1488499.789439,2000,0e495248-1ee5-4d87-a50c-46b74e15adae,worker_1,worker_1,DISK_LOAD,8.420080,0.065782,"Disk -> RAM [Model: 0e495248, Layer: b85d90c2]"
1488499.855221,2000,0e495248-1ee5-4d87-a50c-46b74e15adae,worker_1,worker_1,MEM_MOVE,8.420080,0.065782,"RAM -> VRAM [Model: 0e495248, Layer: b85d90c2]"
1488499.905221,2000,0e495248-1ee5-4d87-a50c-46b74e15adae,worker_1,worker_1,GPU_COMPUTE,0.050000,0.050000,GPU Compute
1488500.063221,2000,0e495248-1ee5-4d87-a50c-46b74e15adae,worker_1,coordinator_0,NET_TRANSFER,0.000100,0.158000,Signal Finished
1489028.448530,2000,0e495248-1ee5-4d87-a50c-46b74e15adae,coordinator_0,worker_2,NET_TRANSFER,6.602941,528.385309,Distribute Layer ID: 33435ffd
1489028.500115,2000,0e495248-1ee5-4d87-a50c-46b74e15adae,worker_2,worker_2,DISK_LOAD,6.602941,0.051585,"Disk -> RAM [Model: 0e495248, Layer: 33435ffd]"
1489028.551701,2000,0e495248-1ee5-4d87-a50c-46b74e15adae,worker_2,worker_2,MEM_MOVE,6.602941,0.051585,"RAM -> VRAM [Model: 0e495248, Layer: 33435ffd]"
1489028.601701,2000,0e495248-1ee5-4d87-a50c-46b74e15adae,worker_2,worker_2,GPU_COMPUTE,0.050000,0.050000,GPU Compute
1489028.759701,2000,0e495248-1ee5-4d87-a50c-46b74e15adae,worker_2,coordinator_0,NET_TRANSFER,0.000100,0.158000,Signal Finished
1489573.577675,2000,0e495248-1ee5-4d87-a50c-46b74e15adae,coordinator_0,worker_3,NET_TRANSFER,6.808350,544.817974,Distribute Layer ID: c2041aa4
1489573.630866,2000,0e495248-1ee5-4d87-a50c-46b74e15adae,worker_3,worker_3,DISK_LOAD,6.808350,0.053190,"Disk -> RAM [Model: 0e495248, Layer: c2041aa4]"
1489573.684056,2000,0e495248-1ee5-4d87-a50c-46b74e15adae,worker_3,worker_3,MEM_MOVE,6.808350,0.053190,"RAM -> VRAM [Model: 0e495248, Layer: c2041aa4]"
1489573.734056,2000,0e495248-1ee5-4d87-a50c-46b74e15adae,worker_3,worker_3,GPU_COMPUTE,0.050000,0.050000,GPU Compute
1489573.892056,2000,0e495248-1ee5-4d87-a50c-46b74e15adae,worker_3,coordinator_0,NET_TRANSFER,0.000100,0.158000,Signal Finished
1490567.292949,2000,0e495248-1ee5-4d87-a50c-46b74e15adae,coordinator_0,worker_4,NET_TRANSFER,12.415636,993.400894,Distribute Layer ID: a5c71045
1490567.389947,2000,0e495248-1ee5-4d87-a50c-46b74e15adae,worker_4,worker_4,DISK_LOAD,12.415636,0.096997,"Disk -> RAM [Model: 0e495248, Layer: a5c71045]"
1490567.486944,2000,0e495248-1ee5-4d87-a50c-46b74e15adae,worker_4,worker_4,MEM_MOVE,12.415636,0.096997,"RAM -> VRAM [Model: 0e495248, Layer: a5c71045]"
1490567.536944,2000,0e495248-1ee5-4d87-a50c-46b74e15adae,worker_4,worker_4,GPU_COMPUTE,0.050000,0.050000,GPU Compute
1490567.694944,2000,0e495248-1ee5-4d87-a50c-46b74e15adae,worker_4,coordinator_0,NET_TRANSFER,0.000100,0.158000,Signal Finished
1491128.413037,2000,0e495248-1ee5-4d87-a50c-46b74e15adae,coordinator_0,worker_1,NET_TRANSFER,7.007101,560.718094,Distribute Layer ID: 31f9690c
1491128.467780,2000,0e495248-1ee5-4d87-a50c-46b74e15adae,worker_1,worker_1,DISK_LOAD,7.007101,0.054743,"Disk -> RAM [Model: 0e495248, Layer: 31f9690c]"
1491128.522523,2000,0e495248-1ee5-4d87-a50c-46b74e15adae,worker_1,worker_1,MEM_MOVE,7.007101,0.054743,"RAM -> VRAM [Model: 0e495248, Layer: 31f9690c]"
1491128.572523,2000,0e495248-1ee5-4d87-a50c-46b74e15adae,worker_1,worker_1,GPU_COMPUTE,0.050000,0.050000,GPU Compute
1491128.730523,2000,0e495248-1ee5-4d87-a50c-46b74e15adae,worker_1,coordinator_0,NET_TRANSFER,0.000100,0.158000,Signal Finished
1492067.218735,2000,0e495248-1ee5-4d87-a50c-46b74e15adae,coordinator_0,worker_2,NET_TRANSFER,11.729228,938.488212,Distribute Layer ID: b7e8fce4
1492067.310370,2000,0e495248-1ee5-4d87-a50c-46b74e15adae,worker_2,worker_2,DISK_LOAD,11.729228,0.091635,"Disk -> RAM [Model: 0e495248, Layer: b7e8fce4]"
1492067.402004,2000,0e495248-1ee5-4d87-a50c-46b74e15adae,worker_2,worker_2,MEM_MOVE,11.729228,0.091635,"RAM -> VRAM [Model: 0e495248, Layer: b7e8fce4]"
1492067.452004,2000,0e495248-1ee5-4d87-a50c-46b74e15adae,worker_2,worker_2,GPU_COMPUTE,0.050000,0.050000,GPU Compute
1492067.610004,2000,0e495248-1ee5-4d87-a50c-46b74e15adae,worker_2,coordinator_0,NET_TRANSFER,0.000100,0.158000,Signal Finished
1492587.404905,2000,0e495248-1ee5-4d87-a50c-46b74e15adae,coordinator_0,worker_3,NET_TRANSFER,6.495561,519.794901,Distribute Layer ID: 640d4379
1492587.455652,2000,0e495248-1ee5-4d87-a50c-46b74e15adae,worker_3,worker_3,DISK_LOAD,6.495561,0.050747,"Disk -> RAM [Model: 0e495248, Layer: 640d4379]"
1492587.506398,2000,0e495248-1ee5-4d87-a50c-46b74e15adae,worker_3,worker_3,MEM_MOVE,6.495561,0.050747,"RAM -> VRAM [Model: 0e495248, Layer: 640d4379]"
1492587.556398,2000,0e495248-1ee5-4d87-a50c-46b74e15adae,worker_3,worker_3,GPU_COMPUTE,0.050000,0.050000,GPU Compute
1492587.714398,2000,0e495248-1ee5-4d87-a50c-46b74e15adae,worker_3,coordinator_0,NET_TRANSFER,0.000100,0.158000,Signal Finished
1493615.490933,2000,0e495248-1ee5-4d87-a50c-46b74e15adae,coordinator_0,worker_4,NET_TRANSFER,12.845332,1027.776534,Distribute Layer ID: 68f214f2
1493615.591287,2000,0e495248-1ee5-4d87-a50c-46b74e15adae,worker_4,worker_4,DISK_LOAD,12.845332,0.100354,"Disk -> RAM [Model: 0e495248, Layer: 68f214f2]"
1493615.691641,2000,0e495248-1ee5-4d87-a50c-46b74e15adae,worker_4,worker_4,MEM_MOVE,12.845332,0.100354,"RAM -> VRAM [Model: 0e495248, Layer: 68f214f2]"
1493615.741641,2000,0e495248-1ee5-4d87-a50c-46b74e15adae,worker_4,worker_4,GPU_COMPUTE,0.050000,0.050000,GPU Compute
1493615.899641,2000,0e495248-1ee5-4d87-a50c-46b74e15adae,worker_4,coordinator_0,NET_TRANSFER,0.000100,0.158000,Signal Finished
1494431.705728,2000,0e495248-1ee5-4d87-a50c-46b74e15adae,coordinator_0,worker_1,NET_TRANSFER,10.195701,815.806087,Distribute Layer ID: 8c344e37
1494431.785382,2000,0e495248-1ee5-4d87-a50c-46b74e15adae,worker_1,worker_1,DISK_LOAD,10.195701,0.079654,"Disk -> RAM [Model: 0e495248, Layer: 8c344e37]"
1494431.865036,2000,0e495248-1ee5-4d87-a50c-46b74e15adae,worker_1,worker_1,MEM_MOVE,10.195701,0.079654,"RAM -> VRAM [Model: 0e495248, Layer: 8c344e37]"
1494431.915036,2000,0e495248-1ee5-4d87-a50c-46b74e15adae,worker_1,worker_1,GPU_COMPUTE,0.050000,0.050000,GPU Compute
1494432.073036,2000,0e495248-1ee5-4d87-a50c-46b74e15adae,worker_1,coordinator_0,NET_TRANSFER,0.000100,0.158000,Signal Finished
1494882.529894,2000,0e495248-1ee5-4d87-a50c-46b74e15adae,coordinator_0,worker_2,NET_TRANSFER,5.628836,450.456858,Distribute Layer ID: 4a21ce99
1494882.573869,2000,0e495248-1ee5-4d87-a50c-46b74e15adae,worker_2,worker_2,DISK_LOAD,5.628836,0.043975,"Disk -> RAM [Model: 0e495248, Layer: 4a21ce99]"
1494882.617844,2000,0e495248-1ee5-4d87-a50c-46b74e15adae,worker_2,worker_2,MEM_MOVE,5.628836,0.043975,"RAM -> VRAM [Model: 0e495248, Layer: 4a21ce99]"
1494882.667844,2000,0e495248-1ee5-4d87-a50c-46b74e15adae,worker_2,worker_2,GPU_COMPUTE,0.050000,0.050000,GPU Compute
1494882.825844,2000,0e495248-1ee5-4d87-a50c-46b74e15adae,worker_2,coordinator_0,NET_TRANSFER,0.000100,0.158000,Signal Finished
1495614.744348,2000,0e495248-1ee5-4d87-a50c-46b74e15adae,coordinator_0,worker_3,NET_TRANSFER,9.147106,731.918503,Distribute Layer ID: 00fa7080
1495614.815809,2000,0e495248-1ee5-4d87-a50c-46b74e15adae,worker_3,worker_3,DISK_LOAD,9.147106,0.071462,"Disk -> RAM [Model: 0e495248, Layer: 00fa7080]"
1495614.887271,2000,0e495248-1ee5-4d87-a50c-46b74e15adae,worker_3,worker_3,MEM_MOVE,9.147106,0.071462,"RAM -> VRAM [Model: 0e495248, Layer: 00fa7080]"
1495614.937271,2000,0e495248-1ee5-4d87-a50c-46b74e15adae,worker_3,worker_3,GPU_COMPUTE,0.050000,0.050000,GPU Compute
1495615.095271,2000,0e495248-1ee5-4d87-a50c-46b74e15adae,worker_3,coordinator_0,NET_TRANSFER,0.000100,0.158000,Signal Finished
1496584.048075,2000,0e495248-1ee5-4d87-a50c-46b74e15adae,coordinator_0,worker_4,NET_TRANSFER,12.110035,968.952804,Distribute Layer ID: ae07937d
1496584.142685,2000,0e495248-1ee5-4d87-a50c-46b74e15adae,worker_4,worker_4,DISK_LOAD,12.110035,0.094610,"Disk -> RAM [Model: 0e495248, Layer: ae07937d]"
1496584.237294,2000,0e495248-1ee5-4d87-a50c-46b74e15adae,worker_4,worker_4,MEM_MOVE,12.110035,0.094610,"RAM -> VRAM [Model: 0e495248, Layer: ae07937d]"
1496584.287294,2000,0e495248-1ee5-4d87-a50c-46b74e15adae,worker_4,worker_4,GPU_COMPUTE,0.050000,0.050000,GPU Compute
1496584.445294,2000,0e495248-1ee5-4d87-a50c-46b74e15adae,worker_4,coordinator_0,NET_TRANSFER,0.000100,0.158000,Signal Finished
1497110.044295,2000,0e495248-1ee5-4d87-a50c-46b74e15adae,coordinator_0,worker_1,NET_TRANSFER,6.568113,525.599001,Distribute Layer ID: be9f7d10
1497110.095609,2000,0e495248-1ee5-4d87-a50c-46b74e15adae,worker_1,worker_1,DISK_LOAD,6.568113,0.051313,"Disk -> RAM [Model: 0e495248, Layer: be9f7d10]"
1497110.146922,2000,0e495248-1ee5-4d87-a50c-46b74e15adae,worker_1,worker_1,MEM_MOVE,6.568113,0.051313,"RAM -> VRAM [Model: 0e495248, Layer: be9f7d10]"
1497110.196922,2000,0e495248-1ee5-4d87-a50c-46b74e15adae,worker_1,worker_1,GPU_COMPUTE,0.050000,0.050000,GPU Compute
1497110.354922,2000,0e495248-1ee5-4d87-a50c-46b74e15adae,worker_1,coordinator_0,NET_TRANSFER,0.000100,0.158000,Signal Finished
1498081.863769,2000,0e495248-1ee5-4d87-a50c-46b74e15adae,coordinator_0,worker_2,NET_TRANSFER,12.141986,971.508847,Distribute Layer ID: 90459f5b
1498081.958628,2000,0e495248-1ee5-4d87-a50c-46b74e15adae,worker_2,worker_2,DISK_LOAD,12.141986,0.094859,"Disk -> RAM [Model: 0e495248, Layer: 90459f5b]"
1498082.053487,2000,0e495248-1ee5-4d87-a50c-46b74e15adae,worker_2,worker_2,MEM_MOVE,12.141986,0.094859,"RAM -> VRAM [Model: 0e495248, Layer: 90459f5b]"
1498082.103487,2000,0e495248-1ee5-4d87-a50c-46b74e15adae,worker_2,worker_2,GPU_COMPUTE,0.050000,0.050000,GPU Compute
1498082.261487,2000,0e495248-1ee5-4d87-a50c-46b74e15adae,worker_2,coordinator_0,NET_TRANSFER,0.000100,0.158000,Signal Finished
1499060.117834,2000,0e495248-1ee5-4d87-a50c-46b74e15adae,coordinator_0,worker_3,NET_TRANSFER,12.221329,977.856347,Distribute Layer ID: b621d984
1499060.213314,2000,0e495248-1ee5-4d87-a50c-46b74e15adae,worker_3,worker_3,DISK_LOAD,12.221329,0.095479,"Disk -> RAM [Model: 0e495248, Layer: b621d984]"
1499060.308793,2000,0e495248-1ee5-4d87-a50c-46b74e15adae,worker_3,worker_3,MEM_MOVE,12.221329,0.095479,"RAM -> VRAM [Model: 0e495248, Layer: b621d984]"
1499060.358793,2000,0e495248-1ee5-4d87-a50c-46b74e15adae,worker_3,worker_3,GPU_COMPUTE,0.050000,0.050000,GPU Compute
1499060.516793,2000,0e495248-1ee5-4d87-a50c-46b74e15adae,worker_3,coordinator_0,NET_TRANSFER,0.000100,0.158000,Signal Finished
1499541.794275,2000,0e495248-1ee5-4d87-a50c-46b74e15adae,coordinator_0,worker_4,NET_TRANSFER,6.014094,481.277482,Distribute Layer ID: 2979ec47
1499541.841260,2000,0e495248-1ee5-4d87-a50c-46b74e15adae,worker_4,worker_4,DISK_LOAD,6.014094,0.046985,"Disk -> RAM [Model: 0e495248, Layer: 2979ec47]"
1499541.888245,2000,0e495248-1ee5-4d87-a50c-46b74e15adae,worker_4,worker_4,MEM_MOVE,6.014094,0.046985,"RAM -> VRAM [Model: 0e495248, Layer: 2979ec47]"
1499541.938245,2000,0e495248-1ee5-4d87-a50c-46b74e15adae,worker_4,worker_4,GPU_COMPUTE,0.050000,0.050000,GPU Compute
1499542.096245,2000,0e495248-1ee5-4d87-a50c-46b74e15adae,worker_4,coordinator_0,NET_TRANSFER,0.000100,0.158000,Signal Finished
1500008.133120,2000,0e495248-1ee5-4d87-a50c-46b74e15adae,coordinator_0,worker_1,NET_TRANSFER,5.823586,466.036875,Distribute Layer ID: fdf30bde
1500008.178617,2000,0e495248-1ee5-4d87-a50c-46b74e15adae,worker_1,worker_1,DISK_LOAD,5.823586,0.045497,"Disk -> RAM [Model: 0e495248, Layer: fdf30bde]"
1500008.224114,2000,0e495248-1ee5-4d87-a50c-46b74e15adae,worker_1,worker_1,MEM_MOVE,5.823586,0.045497,"RAM -> VRAM [Model: 0e495248, Layer: fdf30bde]"
1500008.274114,2000,0e495248-1ee5-4d87-a50c-46b74e15adae,worker_1,worker_1,GPU_COMPUTE,0.050000,0.050000,GPU Compute
1500008.432114,2000,0e495248-1ee5-4d87-a50c-46b74e15adae,worker_1,coordinator_0,NET_TRANSFER,0.000100,0.158000,Signal Finished
1500670.785779,2000,0e495248-1ee5-4d87-a50c-46b74e15adae,coordinator_0,worker_2,NET_TRANSFER,8.277546,662.353665,Distribute Layer ID: 67323cbb
1500670.850447,2000,0e495248-1ee5-4d87-a50c-46b74e15adae,worker_2,worker_2,DISK_LOAD,8.277546,0.064668,"Disk -> RAM [Model: 0e495248, Layer: 67323cbb]"
1500670.915116,2000,0e495248-1ee5-4d87-a50c-46b74e15adae,worker_2,worker_2,MEM_MOVE,8.277546,0.064668,"RAM -> VRAM [Model: 0e495248, Layer: 67323cbb]"
1500670.965116,2000,0e495248-1ee5-4d87-a50c-46b74e15adae,worker_2,worker_2,GPU_COMPUTE,0.050000,0.050000,GPU Compute
1500671.123116,2000,0e495248-1ee5-4d87-a50c-46b74e15adae,worker_2,coordinator_0,NET_TRANSFER,0.000100,0.158000,Signal Finished
1501331.685025,2000,0e495248-1ee5-4d87-a50c-46b74e15adae,coordinator_0,worker_3,NET_TRANSFER,8.255149,660.561909,Distribute Layer ID: 5f5716a4
1501331.749519,2000,0e495248-1ee5-4d87-a50c-46b74e15adae,worker_3,worker_3,DISK_LOAD,8.255149,0.064493,"Disk -> RAM [Model: 0e495248, Layer: 5f5716a4]"
1501331.814012,2000,0e495248-1ee5-4d87-a50c-46b74e15adae,worker_3,worker_3,MEM_MOVE,8.255149,0.064493,"RAM -> VRAM [Model: 0e495248, Layer: 5f5716a4]"
1501331.864012,2000,0e495248-1ee5-4d87-a50c-46b74e15adae,worker_3,worker_3,GPU_COMPUTE,0.050000,0.050000,GPU Compute
1501332.022012,2000,0e495248-1ee5-4d87-a50c-46b74e15adae,worker_3,coordinator_0,NET_TRANSFER,0.000100,0.158000,Signal Finished
1501829.124054,2000,0e495248-1ee5-4d87-a50c-46b74e15adae,coordinator_0,worker_4,NET_TRANSFER,6.211901,497.102042,Distribute Layer ID: a49c95e8
1501829.172584,2000,0e495248-1ee5-4d87-a50c-46b74e15adae,worker_4,worker_4,DISK_LOAD,6.211901,0.048530,"Disk -> RAM [Model: 0e495248, Layer: a49c95e8]"
1501829.221115,2000,0e495248-1ee5-4d87-a50c-46b74e15adae,worker_4,worker_4,MEM_MOVE,6.211901,0.048530,"RAM -> VRAM [Model: 0e495248, Layer: a49c95e8]"
1501829.271115,2000,0e495248-1ee5-4d87-a50c-46b74e15adae,worker_4,worker_4,GPU_COMPUTE,0.050000,0.050000,GPU Compute
1501829.429115,2000,0e495248-1ee5-4d87-a50c-46b74e15adae,worker_4,coordinator_0,NET_TRANSFER,0.000100,0.158000,Signal Finished
1502910.501124,2000,0e495248-1ee5-4d87-a50c-46b74e15adae,coordinator_0,worker_1,NET_TRANSFER,13.511525,1081.072009,Distribute Layer ID: 486654d9
1502910.606683,2000,0e495248-1ee5-4d87-a50c-46b74e15adae,worker_1,worker_1,DISK_LOAD,13.511525,0.105559,"Disk -> RAM [Model: 0e495248, Layer: 486654d9]"
1502910.712241,2000,0e495248-1ee5-4d87-a50c-46b74e15adae,worker_1,worker_1,MEM_MOVE,13.511525,0.105559,"RAM -> VRAM [Model: 0e495248, Layer: 486654d9]"
1502910.762241,2000,0e495248-1ee5-4d87-a50c-46b74e15adae,worker_1,worker_1,GPU_COMPUTE,0.050000,0.050000,GPU Compute
1502910.920241,2000,0e495248-1ee5-4d87-a50c-46b74e15adae,worker_1,coordinator_0,NET_TRANSFER,0.000100,0.158000,Signal Finished
1504119.038675,2000,0e495248-1ee5-4d87-a50c-46b74e15adae,coordinator_0,worker_2,NET_TRANSFER,15.099605,1208.118434,Distribute Layer ID: 7b7e67e3
1504119.156641,2000,0e495248-1ee5-4d87-a50c-46b74e15adae,worker_2,worker_2,DISK_LOAD,15.099605,0.117966,"Disk -> RAM [Model: 0e495248, Layer: 7b7e67e3]"
1504119.274607,2000,0e495248-1ee5-4d87-a50c-46b74e15adae,worker_2,worker_2,MEM_MOVE,15.099605,0.117966,"RAM -> VRAM [Model: 0e495248, Layer: 7b7e67e3]"
1504119.324607,2000,0e495248-1ee5-4d87-a50c-46b74e15adae,worker_2,worker_2,GPU_COMPUTE,0.050000,0.050000,GPU Compute
1504119.482607,2000,0e495248-1ee5-4d87-a50c-46b74e15adae,worker_2,coordinator_0,NET_TRANSFER,0.000100,0.158000,Signal Finished
1504926.055187,2000,0e495248-1ee5-4d87-a50c-46b74e15adae,coordinator_0,worker_3,NET_TRANSFER,10.080282,806.572580,Distribute Layer ID: 11534ef4
1504926.133939,2000,0e495248-1ee5-4d87-a50c-46b74e15adae,worker_3,worker_3,DISK_LOAD,10.080282,0.078752,"Disk -> RAM [Model: 0e495248, Layer: 11534ef4]"
1504926.212691,2000,0e495248-1ee5-4d87-a50c-46b74e15adae,worker_3,worker_3,MEM_MOVE,10.080282,0.078752,"RAM -> VRAM [Model: 0e495248, Layer: 11534ef4]"
1504926.262691,2000,0e495248-1ee5-4d87-a50c-46b74e15adae,worker_3,worker_3,GPU_COMPUTE,0.050000,0.050000,GPU Compute
1504926.420691,2000,0e495248-1ee5-4d87-a50c-46b74e15adae,worker_3,coordinator_0,NET_TRANSFER,0.000100,0.158000,Signal Finished
1505929.427898,2000,0e495248-1ee5-4d87-a50c-46b74e15adae,coordinator_0,worker_4,NET_TRANSFER,12.535715,1003.007206,Distribute Layer ID: 818d83e8
1505929.525833,2000,0e495248-1ee5-4d87-a50c-46b74e15adae,worker_4,worker_4,DISK_LOAD,12.535715,0.097935,"Disk -> RAM [Model: 0e495248, Layer: 818d83e8]"
1505929.623768,2000,0e495248-1ee5-4d87-a50c-46b74e15adae,worker_4,worker_4,MEM_MOVE,12.535715,0.097935,"RAM -> VRAM [Model: 0e495248, Layer: 818d83e8]"
1505929.673768,2000,0e495248-1ee5-4d87-a50c-46b74e15adae,worker_4,worker_4,GPU_COMPUTE,0.050000,0.050000,GPU Compute
1505929.831768,2000,0e495248-1ee5-4d87-a50c-46b74e15adae,worker_4,coordinator_0,NET_TRANSFER,0.000100,0.158000,Signal Finished
1506955.623032,2000,0e495248-1ee5-4d87-a50c-46b74e15adae,coordinator_0,worker_1,NET_TRANSFER,12.820516,1025.791264,Distribute Layer ID: a33588a2
1506955.723193,2000,0e495248-1ee5-4d87-a50c-46b74e15adae,worker_1,worker_1,DISK_LOAD,12.820516,0.100160,"Disk -> RAM [Model: 0e495248, Layer: a33588a2]"
1506955.823353,2000,0e495248-1ee5-4d87-a50c-46b74e15adae,worker_1,worker_1,MEM_MOVE,12.820516,0.100160,"RAM -> VRAM [Model: 0e495248, Layer: a33588a2]"
1506955.873353,2000,0e495248-1ee5-4d87-a50c-46b74e15adae,worker_1,worker_1,GPU_COMPUTE,0.050000,0.050000,GPU Compute
1506956.031353,2000,0e495248-1ee5-4d87-a50c-46b74e15adae,worker_1,coordinator_0,NET_TRANSFER,0.000100,0.158000,Signal Finished
1508067.015579,2000,0e495248-1ee5-4d87-a50c-46b74e15adae,coordinator_0,worker_2,NET_TRANSFER,13.885428,1110.984227,Distribute Layer ID: 01cc0fd8
1508067.124059,2000,0e495248-1ee5-4d87-a50c-46b74e15adae,worker_2,worker_2,DISK_LOAD,13.885428,0.108480,"Disk -> RAM [Model: 0e495248, Layer: 01cc0fd8]"
1508067.232539,2000,0e495248-1ee5-4d87-a50c-46b74e15adae,worker_2,worker_2,MEM_MOVE,13.885428,0.108480,"RAM -> VRAM [Model: 0e495248, Layer: 01cc0fd8]"
1508067.282539,2000,0e495248-1ee5-4d87-a50c-46b74e15adae,worker_2,worker_2,GPU_COMPUTE,0.050000,0.050000,GPU Compute
1508067.440539,2000,0e495248-1ee5-4d87-a50c-46b74e15adae,worker_2,coordinator_0,NET_TRANSFER,0.000100,0.158000,Signal Finished
1508907.892710,2000,0e495248-1ee5-4d87-a50c-46b74e15adae,coordinator_0,worker_3,NET_TRANSFER,10.503777,840.452171,Distribute Layer ID: 86c3c388
1508907.974771,2000,0e495248-1ee5-4d87-a50c-46b74e15adae,worker_3,worker_3,DISK_LOAD,10.503777,0.082061,"Disk -> RAM [Model: 0e495248, Layer: 86c3c388]"
1508908.056832,2000,0e495248-1ee5-4d87-a50c-46b74e15adae,worker_3,worker_3,MEM_MOVE,10.503777,0.082061,"RAM -> VRAM [Model: 0e495248, Layer: 86c3c388]"
1508908.106832,2000,0e495248-1ee5-4d87-a50c-46b74e15adae,worker_3,worker_3,GPU_COMPUTE,0.050000,0.050000,GPU Compute
1508908.264832,2000,0e495248-1ee5-4d87-a50c-46b74e15adae,worker_3,coordinator_0,NET_TRANSFER,0.000100,0.158000,Signal Finished
1509841.480559,2000,0e495248-1ee5-4d87-a50c-46b74e15adae,coordinator_0,worker_4,NET_TRANSFER,11.663322,933.215727,Distribute Layer ID: 84a0316d
1509841.571678,2000,0e495248-1ee5-4d87-a50c-46b74e15adae,worker_4,worker_4,DISK_LOAD,11.663322,0.091120,"Disk -> RAM [Model: 0e495248, Layer: 84a0316d]"
1509841.662798,2000,0e495248-1ee5-4d87-a50c-46b74e15adae,worker_4,worker_4,MEM_MOVE,11.663322,0.091120,"RAM -> VRAM [Model: 0e495248, Layer: 84a0316d]"
1509841.712798,2000,0e495248-1ee5-4d87-a50c-46b74e15adae,worker_4,worker_4,GPU_COMPUTE,0.050000,0.050000,GPU Compute
1509841.870798,2000,0e495248-1ee5-4d87-a50c-46b74e15adae,worker_4,coordinator_0,NET_TRANSFER,0.000100,0.158000,Signal Finished
1510596.274662,2000,0e495248-1ee5-4d87-a50c-46b74e15adae,coordinator_0,worker_1,NET_TRANSFER,9.428173,754.403864,Distribute Layer ID: b46d002c
1510596.348320,2000,0e495248-1ee5-4d87-a50c-46b74e15adae,worker_1,worker_1,DISK_LOAD,9.428173,0.073658,"Disk -> RAM [Model: 0e495248, Layer: b46d002c]"
1510596.421977,2000,0e495248-1ee5-4d87-a50c-46b74e15adae,worker_1,worker_1,MEM_MOVE,9.428173,0.073658,"RAM -> VRAM [Model: 0e495248, Layer: b46d002c]"
1510596.471977,2000,0e495248-1ee5-4d87-a50c-46b74e15adae,worker_1,worker_1,GPU_COMPUTE,0.050000,0.050000,GPU Compute
1510596.629977,2000,0e495248-1ee5-4d87-a50c-46b74e15adae,worker_1,coordinator_0,NET_TRANSFER,0.000100,0.158000,Signal Finished
1511650.722636,2000,0e495248-1ee5-4d87-a50c-46b74e15adae,coordinator_0,worker_2,NET_TRANSFER,13.174283,1054.092658,Distribute Layer ID: 1dd71b97
1511650.825560,2000,0e495248-1ee5-4d87-a50c-46b74e15adae,worker_2,worker_2,DISK_LOAD,13.174283,0.102924,"Disk -> RAM [Model: 0e495248, Layer: 1dd71b97]"
1511650.928484,2000,0e495248-1ee5-4d87-a50c-46b74e15adae,worker_2,worker_2,MEM_MOVE,13.174283,0.102924,"RAM -> VRAM [Model: 0e495248, Layer: 1dd71b97]"
1511650.978484,2000,0e495248-1ee5-4d87-a50c-46b74e15adae,worker_2,worker_2,GPU_COMPUTE,0.050000,0.050000,GPU Compute
1511651.136484,2000,0e495248-1ee5-4d87-a50c-46b74e15adae,worker_2,coordinator_0,NET_TRANSFER,0.000100,0.158000,Signal Finished
1512773.928204,2000,0e495248-1ee5-4d87-a50c-46b74e15adae,coordinator_0,worker_3,NET_TRANSFER,14.033022,1122.791720,Distribute Layer ID: ebf49ee0
1512774.037837,2000,0e495248-1ee5-4d87-a50c-46b74e15adae,worker_3,worker_3,DISK_LOAD,14.033022,0.109633,"Disk -> RAM [Model: 0e495248, Layer: ebf49ee0]"
1512774.147470,2000,0e495248-1ee5-4d87-a50c-46b74e15adae,worker_3,worker_3,MEM_MOVE,14.033022,0.109633,"RAM -> VRAM [Model: 0e495248, Layer: ebf49ee0]"
1512774.197470,2000,0e495248-1ee5-4d87-a50c-46b74e15adae,worker_3,worker_3,GPU_COMPUTE,0.050000,0.050000,GPU Compute
1512774.355470,2000,0e495248-1ee5-4d87-a50c-46b74e15adae,worker_3,coordinator_0,NET_TRANSFER,0.000100,0.158000,Signal Finished
1513521.304523,2000,0e495248-1ee5-4d87-a50c-46b74e15adae,coordinator_0,worker_4,NET_TRANSFER,9.334988,746.949054,Distribute Layer ID: 9b91b8f5
1513521.377453,2000,0e495248-1ee5-4d87-a50c-46b74e15adae,worker_4,worker_4,DISK_LOAD,9.334988,0.072930,"Disk -> RAM [Model: 0e495248, Layer: 9b91b8f5]"
1513521.450383,2000,0e495248-1ee5-4d87-a50c-46b74e15adae,worker_4,worker_4,MEM_MOVE,9.334988,0.072930,"RAM -> VRAM [Model: 0e495248, Layer: 9b91b8f5]"
1513521.500383,2000,0e495248-1ee5-4d87-a50c-46b74e15adae,worker_4,worker_4,GPU_COMPUTE,0.050000,0.050000,GPU Compute
1513521.658383,2000,0e495248-1ee5-4d87-a50c-46b74e15adae,worker_4,coordinator_0,NET_TRANSFER,0.000100,0.158000,Signal Finished
1513521.816383,1000,cc0dab58-f02c-469f-a696-153baf86d230,coordinator_0,client_1,NET_TRANSFER,0.000100,0.158000,Signal: Cache Miss / Request Weights
1542090.693447,1000,cc0dab58-f02c-469f-a696-153baf86d230,client_1,coordinator_0,NET_TRANSFER,357.109088,28568.877065,Upload Model Weights
1542090.851447,8001,98de1b49-8dd3-49e7-a8fd-1969749e5ee7,coordinator_0,client_8,NET_TRANSFER,0.000100,0.158000,Signal: Cache Miss / Request Weights
1577061.571321,8001,98de1b49-8dd3-49e7-a8fd-1969749e5ee7,client_8,coordinator_0,NET_TRANSFER,437.132123,34970.719874,Upload Model Weights
1577061.729321,10001,44d6099b-c80b-4423-b304-b17e70c9816c,coordinator_0,client_10,NET_TRANSFER,0.000100,0.158000,Signal: Cache Miss / Request Weights
1611691.847547,10001,44d6099b-c80b-4423-b304-b17e70c9816c,client_10,coordinator_0,NET_TRANSFER,432.874603,34630.118226,Upload Model Weights
1612432.930156,2000,0e495248-1ee5-4d87-a50c-46b74e15adae,coordinator_0,worker_1,NET_TRANSFER,9.261658,741.082609,Distribute Layer ID: bd832043
1612433.002512,2000,0e495248-1ee5-4d87-a50c-46b74e15adae,worker_1,worker_1,DISK_LOAD,9.261658,0.072357,"Disk -> RAM [Model: 0e495248, Layer: bd832043]"
1612433.074869,2000,0e495248-1ee5-4d87-a50c-46b74e15adae,worker_1,worker_1,MEM_MOVE,9.261658,0.072357,"RAM -> VRAM [Model: 0e495248, Layer: bd832043]"
1612433.124869,2000,0e495248-1ee5-4d87-a50c-46b74e15adae,worker_1,worker_1,GPU_COMPUTE,0.050000,0.050000,GPU Compute
1612433.282869,2000,0e495248-1ee5-4d87-a50c-46b74e15adae,worker_1,coordinator_0,NET_TRANSFER,0.000100,0.158000,Signal Finished
1613050.423586,2000,0e495248-1ee5-4d87-a50c-46b74e15adae,coordinator_0,worker_2,NET_TRANSFER,7.712384,617.140717,Distribute Layer ID: 5f4827a9
1613050.483839,2000,0e495248-1ee5-4d87-a50c-46b74e15adae,worker_2,worker_2,DISK_LOAD,7.712384,0.060253,"Disk -> RAM [Model: 0e495248, Layer: 5f4827a9]"
1613050.544092,2000,0e495248-1ee5-4d87-a50c-46b74e15adae,worker_2,worker_2,MEM_MOVE,7.712384,0.060253,"RAM -> VRAM [Model: 0e495248, Layer: 5f4827a9]"
1613050.594092,2000,0e495248-1ee5-4d87-a50c-46b74e15adae,worker_2,worker_2,GPU_COMPUTE,0.050000,0.050000,GPU Compute
1613050.752092,2000,0e495248-1ee5-4d87-a50c-46b74e15adae,worker_2,coordinator_0,NET_TRANSFER,0.000100,0.158000,Signal Finished
1613646.358059,2000,0e495248-1ee5-4d87-a50c-46b74e15adae,coordinator_0,worker_3,NET_TRANSFER,7.443200,595.605966,Distribute Layer ID: 80f25a4a
1613646.416209,2000,0e495248-1ee5-4d87-a50c-46b74e15adae,worker_3,worker_3,DISK_LOAD,7.443200,0.058150,"Disk -> RAM [Model: 0e495248, Layer: 80f25a4a]"
1613646.474359,2000,0e495248-1ee5-4d87-a50c-46b74e15adae,worker_3,worker_3,MEM_MOVE,7.443200,0.058150,"RAM -> VRAM [Model: 0e495248, Layer: 80f25a4a]"
1613646.524359,2000,0e495248-1ee5-4d87-a50c-46b74e15adae,worker_3,worker_3,GPU_COMPUTE,0.050000,0.050000,GPU Compute
1613646.682359,2000,0e495248-1ee5-4d87-a50c-46b74e15adae,worker_3,coordinator_0,NET_TRANSFER,0.000100,0.158000,Signal Finished
1614472.445016,2000,0e495248-1ee5-4d87-a50c-46b74e15adae,coordinator_0,worker_4,NET_TRANSFER,10.320158,825.762657,Distribute Layer ID: 113badf0
1614472.525642,2000,0e495248-1ee5-4d87-a50c-46b74e15adae,worker_4,worker_4,DISK_LOAD,10.320158,0.080626,"Disk -> RAM [Model: 0e495248, Layer: 113badf0]"
1614472.606269,2000,0e495248-1ee5-4d87-a50c-46b74e15adae,worker_4,worker_4,MEM_MOVE,10.320158,0.080626,"RAM -> VRAM [Model: 0e495248, Layer: 113badf0]"
1614472.656269,2000,0e495248-1ee5-4d87-a50c-46b74e15adae,worker_4,worker_4,GPU_COMPUTE,0.050000,0.050000,GPU Compute
1614472.814269,2000,0e495248-1ee5-4d87-a50c-46b74e15adae,worker_4,coordinator_0,NET_TRANSFER,0.000100,0.158000,Signal Finished
1615518.521825,2000,0e495248-1ee5-4d87-a50c-46b74e15adae,coordinator_0,worker_1,NET_TRANSFER,13.069469,1045.707556,Distribute Layer ID: 6b744d79
1615518.623930,2000,0e495248-1ee5-4d87-a50c-46b74e15adae,worker_1,worker_1,DISK_LOAD,13.069469,0.102105,"Disk -> RAM [Model: 0e495248, Layer: 6b744d79]"
1615518.726035,2000,0e495248-1ee5-4d87-a50c-46b74e15adae,worker_1,worker_1,MEM_MOVE,13.069469,0.102105,"RAM -> VRAM [Model: 0e495248, Layer: 6b744d79]"
1615518.776035,2000,0e495248-1ee5-4d87-a50c-46b74e15adae,worker_1,worker_1,GPU_COMPUTE,0.050000,0.050000,GPU Compute
1615518.934035,2000,0e495248-1ee5-4d87-a50c-46b74e15adae,worker_1,coordinator_0,NET_TRANSFER,0.000100,0.158000,Signal Finished
1615888.036256,2000,0e495248-1ee5-4d87-a50c-46b74e15adae,coordinator_0,worker_2,NET_TRANSFER,4.611903,369.102221,Distribute Layer ID: 47df7729
1615888.072287,2000,0e495248-1ee5-4d87-a50c-46b74e15adae,worker_2,worker_2,DISK_LOAD,4.611903,0.036030,"Disk -> RAM [Model: 0e495248, Layer: 47df7729]"
1615888.108317,2000,0e495248-1ee5-4d87-a50c-46b74e15adae,worker_2,worker_2,MEM_MOVE,4.611903,0.036030,"RAM -> VRAM [Model: 0e495248, Layer: 47df7729]"
1615888.158317,2000,0e495248-1ee5-4d87-a50c-46b74e15adae,worker_2,worker_2,GPU_COMPUTE,0.050000,0.050000,GPU Compute
1615888.316317,2000,0e495248-1ee5-4d87-a50c-46b74e15adae,worker_2,coordinator_0,NET_TRANSFER,0.000100,0.158000,Signal Finished
1616856.315977,2000,0e495248-1ee5-4d87-a50c-46b74e15adae,coordinator_0,worker_3,NET_TRANSFER,12.098121,967.999659,Distribute Layer ID: fac01160
1616856.410493,2000,0e495248-1ee5-4d87-a50c-46b74e15adae,worker_3,worker_3,DISK_LOAD,12.098121,0.094517,"Disk -> RAM [Model: 0e495248, Layer: fac01160]"
1616856.505010,2000,0e495248-1ee5-4d87-a50c-46b74e15adae,worker_3,worker_3,MEM_MOVE,12.098121,0.094517,"RAM -> VRAM [Model: 0e495248, Layer: fac01160]"
1616856.555010,2000,0e495248-1ee5-4d87-a50c-46b74e15adae,worker_3,worker_3,GPU_COMPUTE,0.050000,0.050000,GPU Compute
1616856.713010,2000,0e495248-1ee5-4d87-a50c-46b74e15adae,worker_3,coordinator_0,NET_TRANSFER,0.000100,0.158000,Signal Finished
1617977.480536,2000,0e495248-1ee5-4d87-a50c-46b74e15adae,coordinator_0,worker_4,NET_TRANSFER,14.007719,1120.767526,Distribute Layer ID: bc0e0686
1617977.589971,2000,0e495248-1ee5-4d87-a50c-46b74e15adae,worker_4,worker_4,DISK_LOAD,14.007719,0.109435,"Disk -> RAM [Model: 0e495248, Layer: bc0e0686]"
1617977.699407,2000,0e495248-1ee5-4d87-a50c-46b74e15adae,worker_4,worker_4,MEM_MOVE,14.007719,0.109435,"RAM -> VRAM [Model: 0e495248, Layer: bc0e0686]"
1617977.749407,2000,0e495248-1ee5-4d87-a50c-46b74e15adae,worker_4,worker_4,GPU_COMPUTE,0.050000,0.050000,GPU Compute
1617977.907407,2000,0e495248-1ee5-4d87-a50c-46b74e15adae,worker_4,coordinator_0,NET_TRANSFER,0.000100,0.158000,Signal Finished
1619114.346099,2000,0e495248-1ee5-4d87-a50c-46b74e15adae,coordinator_0,worker_1,NET_TRANSFER,14.203609,1136.438692,Distribute Layer ID: 8b2d949a
1619114.457065,2000,0e495248-1ee5-4d87-a50c-46b74e15adae,worker_1,worker_1,DISK_LOAD,14.203609,0.110966,"Disk -> RAM [Model: 0e495248, Layer: 8b2d949a]"
1619114.568030,2000,0e495248-1ee5-4d87-a50c-46b74e15adae,worker_1,worker_1,MEM_MOVE,14.203609,0.110966,"RAM -> VRAM [Model: 0e495248, Layer: 8b2d949a]"
1619114.618030,2000,0e495248-1ee5-4d87-a50c-46b74e15adae,worker_1,worker_1,GPU_COMPUTE,0.050000,0.050000,GPU Compute
1619114.776030,2000,0e495248-1ee5-4d87-a50c-46b74e15adae,worker_1,coordinator_0,NET_TRANSFER,0.000100,0.158000,Signal Finished
1619762.351862,2000,0e495248-1ee5-4d87-a50c-46b74e15adae,coordinator_0,worker_2,NET_TRANSFER,8.092823,647.575831,Distribute Layer ID: 564fc2a5
1619762.415087,2000,0e495248-1ee5-4d87-a50c-46b74e15adae,worker_2,worker_2,DISK_LOAD,8.092823,0.063225,"Disk -> RAM [Model: 0e495248, Layer: 564fc2a5]"
1619762.478312,2000,0e495248-1ee5-4d87-a50c-46b74e15adae,worker_2,worker_2,MEM_MOVE,8.092823,0.063225,"RAM -> VRAM [Model: 0e495248, Layer: 564fc2a5]"
1619762.528312,2000,0e495248-1ee5-4d87-a50c-46b74e15adae,worker_2,worker_2,GPU_COMPUTE,0.050000,0.050000,GPU Compute
1619762.686312,2000,0e495248-1ee5-4d87-a50c-46b74e15adae,worker_2,coordinator_0,NET_TRANSFER,0.000100,0.158000,Signal Finished
1620759.476998,2000,0e495248-1ee5-4d87-a50c-46b74e15adae,coordinator_0,worker_3,NET_TRANSFER,12.458009,996.790686,Distribute Layer ID: df682024
1620759.574327,2000,0e495248-1ee5-4d87-a50c-46b74e15adae,worker_3,worker_3,DISK_LOAD,12.458009,0.097328,"Disk -> RAM [Model: 0e495248, Layer: df682024]"
1620759.671655,2000,0e495248-1ee5-4d87-a50c-46b74e15adae,worker_3,worker_3,MEM_MOVE,12.458009,0.097328,"RAM -> VRAM [Model: 0e495248, Layer: df682024]"
1620759.721655,2000,0e495248-1ee5-4d87-a50c-46b74e15adae,worker_3,worker_3,GPU_COMPUTE,0.050000,0.050000,GPU Compute
1620759.879655,2000,0e495248-1ee5-4d87-a50c-46b74e15adae,worker_3,coordinator_0,NET_TRANSFER,0.000100,0.158000,Signal Finished
1621366.774323,2000,0e495248-1ee5-4d87-a50c-46b74e15adae,coordinator_0,worker_4,NET_TRANSFER,7.584308,606.894668,Distribute Layer ID: 9244ec79
1621366.833575,2000,0e495248-1ee5-4d87-a50c-46b74e15adae,worker_4,worker_4,DISK_LOAD,7.584308,0.059252,"Disk -> RAM [Model: 0e495248, Layer: 9244ec79]"
1621366.892828,2000,0e495248-1ee5-4d87-a50c-46b74e15adae,worker_4,worker_4,MEM_MOVE,7.584308,0.059252,"RAM -> VRAM [Model: 0e495248, Layer: 9244ec79]"
1621366.942828,2000,0e495248-1ee5-4d87-a50c-46b74e15adae,worker_4,worker_4,GPU_COMPUTE,0.050000,0.050000,GPU Compute
1621367.100828,2000,0e495248-1ee5-4d87-a50c-46b74e15adae,worker_4,coordinator_0,NET_TRANSFER,0.000100,0.158000,Signal Finished
1622340.374970,2000,0e495248-1ee5-4d87-a50c-46b74e15adae,coordinator_0,worker_1,NET_TRANSFER,12.164052,973.274142,Distribute Layer ID: 12a54bed
1622340.470001,2000,0e495248-1ee5-4d87-a50c-46b74e15adae,worker_1,worker_1,DISK_LOAD,12.164052,0.095032,"Disk -> RAM [Model: 0e495248, Layer: 12a54bed]"
1622340.565033,2000,0e495248-1ee5-4d87-a50c-46b74e15adae,worker_1,worker_1,MEM_MOVE,12.164052,0.095032,"RAM -> VRAM [Model: 0e495248, Layer: 12a54bed]"
1622340.615033,2000,0e495248-1ee5-4d87-a50c-46b74e15adae,worker_1,worker_1,GPU_COMPUTE,0.050000,0.050000,GPU Compute
1622340.773033,2000,0e495248-1ee5-4d87-a50c-46b74e15adae,worker_1,coordinator_0,NET_TRANSFER,0.000100,0.158000,Signal Finished
1622879.425199,2000,0e495248-1ee5-4d87-a50c-46b74e15adae,coordinator_0,worker_2,NET_TRANSFER,6.731277,538.652166,Distribute Layer ID: 44c85655
1622879.477787,2000,0e495248-1ee5-4d87-a50c-46b74e15adae,worker_2,worker_2,DISK_LOAD,6.731277,0.052588,"Disk -> RAM [Model: 0e495248, Layer: 44c85655]"
1622879.530375,2000,0e495248-1ee5-4d87-a50c-46b74e15adae,worker_2,worker_2,MEM_MOVE,6.731277,0.052588,"RAM -> VRAM [Model: 0e495248, Layer: 44c85655]"
1622879.580375,2000,0e495248-1ee5-4d87-a50c-46b74e15adae,worker_2,worker_2,GPU_COMPUTE,0.050000,0.050000,GPU Compute
1622879.738375,2000,0e495248-1ee5-4d87-a50c-46b74e15adae,worker_2,coordinator_0,NET_TRANSFER,0.000100,0.158000,Signal Finished
1623613.086642,2000,0e495248-1ee5-4d87-a50c-46b74e15adae,coordinator_0,worker_3,NET_TRANSFER,9.164978,733.348268,Distribute Layer ID: 84a846c2
1623613.158244,2000,0e495248-1ee5-4d87-a50c-46b74e15adae,worker_3,worker_3,DISK_LOAD,9.164978,0.071601,"Disk -> RAM [Model: 0e495248, Layer: 84a846c2]"
1623613.229845,2000,0e495248-1ee5-4d87-a50c-46b74e15adae,worker_3,worker_3,MEM_MOVE,9.164978,0.071601,"RAM -> VRAM [Model: 0e495248, Layer: 84a846c2]"
1623613.279845,2000,0e495248-1ee5-4d87-a50c-46b74e15adae,worker_3,worker_3,GPU_COMPUTE,0.050000,0.050000,GPU Compute
1623613.437845,2000,0e495248-1ee5-4d87-a50c-46b74e15adae,worker_3,coordinator_0,NET_TRANSFER,0.000100,0.158000,Signal Finished
1624110.076790,2000,0e495248-1ee5-4d87-a50c-46b74e15adae,coordinator_0,worker_4,NET_TRANSFER,6.206112,496.638945,Distribute Layer ID: 53f94b5e
1624110.125275,2000,0e495248-1ee5-4d87-a50c-46b74e15adae,worker_4,worker_4,DISK_LOAD,6.206112,0.048485,"Disk -> RAM [Model: 0e495248, Layer: 53f94b5e]"
1624110.173761,2000,0e495248-1ee5-4d87-a50c-46b74e15adae,worker_4,worker_4,MEM_MOVE,6.206112,0.048485,"RAM -> VRAM [Model: 0e495248, Layer: 53f94b5e]"
1624110.223761,2000,0e495248-1ee5-4d87-a50c-46b74e15adae,worker_4,worker_4,GPU_COMPUTE,0.050000,0.050000,GPU Compute
1624110.381761,2000,0e495248-1ee5-4d87-a50c-46b74e15adae,worker_4,coordinator_0,NET_TRANSFER,0.000100,0.158000,Signal Finished
1625120.087610,2000,0e495248-1ee5-4d87-a50c-46b74e15adae,coordinator_0,worker_1,NET_TRANSFER,12.619448,1009.705849,Distribute Layer ID: 4ac4d017
1625120.186199,2000,0e495248-1ee5-4d87-a50c-46b74e15adae,worker_1,worker_1,DISK_LOAD,12.619448,0.098589,"Disk -> RAM [Model: 0e495248, Layer: 4ac4d017]"
1625120.284789,2000,0e495248-1ee5-4d87-a50c-46b74e15adae,worker_1,worker_1,MEM_MOVE,12.619448,0.098589,"RAM -> VRAM [Model: 0e495248, Layer: 4ac4d017]"
1625120.334789,2000,0e495248-1ee5-4d87-a50c-46b74e15adae,worker_1,worker_1,GPU_COMPUTE,0.050000,0.050000,GPU Compute
1625120.492789,2000,0e495248-1ee5-4d87-a50c-46b74e15adae,worker_1,coordinator_0,NET_TRANSFER,0.000100,0.158000,Signal Finished
1626059.999914,2000,0e495248-1ee5-4d87-a50c-46b74e15adae,coordinator_0,worker_2,NET_TRANSFER,11.741964,939.507125,Distribute Layer ID: 90775c60
1626060.091648,2000,0e495248-1ee5-4d87-a50c-46b74e15adae,worker_2,worker_2,DISK_LOAD,11.741964,0.091734,"Disk -> RAM [Model: 0e495248, Layer: 90775c60]"
1626060.183382,2000,0e495248-1ee5-4d87-a50c-46b74e15adae,worker_2,worker_2,MEM_MOVE,11.741964,0.091734,"RAM -> VRAM [Model: 0e495248, Layer: 90775c60]"
1626060.233382,2000,0e495248-1ee5-4d87-a50c-46b74e15adae,worker_2,worker_2,GPU_COMPUTE,0.050000,0.050000,GPU Compute
1626060.391382,2000,0e495248-1ee5-4d87-a50c-46b74e15adae,worker_2,coordinator_0,NET_TRANSFER,0.000100,0.158000,Signal Finished
1626991.762323,2000,0e495248-1ee5-4d87-a50c-46b74e15adae,coordinator_0,worker_3,NET_TRANSFER,11.640262,931.370940,Distribute Layer ID: 5d9ac80a
1626991.853262,2000,0e495248-1ee5-4d87-a50c-46b74e15adae,worker_3,worker_3,DISK_LOAD,11.640262,0.090940,"Disk -> RAM [Model: 0e495248, Layer: 5d9ac80a]"
1626991.944202,2000,0e495248-1ee5-4d87-a50c-46b74e15adae,worker_3,worker_3,MEM_MOVE,11.640262,0.090940,"RAM -> VRAM [Model: 0e495248, Layer: 5d9ac80a]"
1626991.994202,2000,0e495248-1ee5-4d87-a50c-46b74e15adae,worker_3,worker_3,GPU_COMPUTE,0.050000,0.050000,GPU Compute
1626992.152202,2000,0e495248-1ee5-4d87-a50c-46b74e15adae,worker_3,coordinator_0,NET_TRANSFER,0.000100,0.158000,Signal Finished
1627513.770894,2000,0e495248-1ee5-4d87-a50c-46b74e15adae,coordinator_0,worker_4,NET_TRANSFER,6.518359,521.618692,Distribute Layer ID: 52b3ffdf
1627513.821819,2000,0e495248-1ee5-4d87-a50c-46b74e15adae,worker_4,worker_4,DISK_LOAD,6.518359,0.050925,"Disk -> RAM [Model: 0e495248, Layer: 52b3ffdf]"
1627513.872743,2000,0e495248-1ee5-4d87-a50c-46b74e15adae,worker_4,worker_4,MEM_MOVE,6.518359,0.050925,"RAM -> VRAM [Model: 0e495248, Layer: 52b3ffdf]"
1627513.922743,2000,0e495248-1ee5-4d87-a50c-46b74e15adae,worker_4,worker_4,GPU_COMPUTE,0.050000,0.050000,GPU Compute
1627514.080743,2000,0e495248-1ee5-4d87-a50c-46b74e15adae,worker_4,coordinator_0,NET_TRANSFER,0.000100,0.158000,Signal Finished
1628382.290601,2000,0e495248-1ee5-4d87-a50c-46b74e15adae,coordinator_0,worker_1,NET_TRANSFER,10.850748,868.209858,Distribute Layer ID: e32c212c
1628382.375373,2000,0e495248-1ee5-4d87-a50c-46b74e15adae,worker_1,worker_1,DISK_LOAD,10.850748,0.084771,"Disk -> RAM [Model: 0e495248, Layer: e32c212c]"
1628382.460144,2000,0e495248-1ee5-4d87-a50c-46b74e15adae,worker_1,worker_1,MEM_MOVE,10.850748,0.084771,"RAM -> VRAM [Model: 0e495248, Layer: e32c212c]"
1628382.510144,2000,0e495248-1ee5-4d87-a50c-46b74e15adae,worker_1,worker_1,GPU_COMPUTE,0.050000,0.050000,GPU Compute
1628382.668144,2000,0e495248-1ee5-4d87-a50c-46b74e15adae,worker_1,coordinator_0,NET_TRANSFER,0.000100,0.158000,Signal Finished
1629442.325706,2000,0e495248-1ee5-4d87-a50c-46b74e15adae,coordinator_0,worker_2,NET_TRANSFER,13.243845,1059.657562,Distribute Layer ID: 17ebf2da
1629442.429174,2000,0e495248-1ee5-4d87-a50c-46b74e15adae,worker_2,worker_2,DISK_LOAD,13.243845,0.103468,"Disk -> RAM [Model: 0e495248, Layer: 17ebf2da]"
1629442.532641,2000,0e495248-1ee5-4d87-a50c-46b74e15adae,worker_2,worker_2,MEM_MOVE,13.243845,0.103468,"RAM -> VRAM [Model: 0e495248, Layer: 17ebf2da]"
1629442.582641,2000,0e495248-1ee5-4d87-a50c-46b74e15adae,worker_2,worker_2,GPU_COMPUTE,0.050000,0.050000,GPU Compute
1629442.740641,2000,0e495248-1ee5-4d87-a50c-46b74e15adae,worker_2,coordinator_0,NET_TRANSFER,0.000100,0.158000,Signal Finished
1630178.377214,2000,0e495248-1ee5-4d87-a50c-46b74e15adae,coordinator_0,worker_3,NET_TRANSFER,9.193582,735.636573,Distribute Layer ID: a466c957
1630178.449039,2000,0e495248-1ee5-4d87-a50c-46b74e15adae,worker_3,worker_3,DISK_LOAD,9.193582,0.071825,"Disk -> RAM [Model: 0e495248, Layer: a466c957]"
1630178.520864,2000,0e495248-1ee5-4d87-a50c-46b74e15adae,worker_3,worker_3,MEM_MOVE,9.193582,0.071825,"RAM -> VRAM [Model: 0e495248, Layer: a466c957]"
1630178.570864,2000,0e495248-1ee5-4d87-a50c-46b74e15adae,worker_3,worker_3,GPU_COMPUTE,0.050000,0.050000,GPU Compute
1630178.728864,2000,0e495248-1ee5-4d87-a50c-46b74e15adae,worker_3,coordinator_0,NET_TRANSFER,0.000100,0.158000,Signal Finished
1630766.001390,2000,0e495248-1ee5-4d87-a50c-46b74e15adae,coordinator_0,worker_4,NET_TRANSFER,7.339032,587.272526,Distribute Layer ID: e7cfd4fb
1630766.058726,2000,0e495248-1ee5-4d87-a50c-46b74e15adae,worker_4,worker_4,DISK_LOAD,7.339032,0.057336,"Disk -> RAM [Model: 0e495248, Layer: e7cfd4fb]"
1630766.116063,2000,0e495248-1ee5-4d87-a50c-46b74e15adae,worker_4,worker_4,MEM_MOVE,7.339032,0.057336,"RAM -> VRAM [Model: 0e495248, Layer: e7cfd4fb]"
1630766.166063,2000,0e495248-1ee5-4d87-a50c-46b74e15adae,worker_4,worker_4,GPU_COMPUTE,0.050000,0.050000,GPU Compute
1630766.324063,2000,0e495248-1ee5-4d87-a50c-46b74e15adae,worker_4,coordinator_0,NET_TRANSFER,0.000100,0.158000,Signal Finished
1631463.786597,3000,d30af60d-f79e-45ce-a754-bfdfcd8b236c,coordinator_0,worker_4,NET_TRANSFER,8.716407,697.462534,Distribute Layer ID: f25c8ee5
1631463.854694,3000,d30af60d-f79e-45ce-a754-bfdfcd8b236c,worker_4,worker_4,DISK_LOAD,8.716407,0.068097,"Disk -> RAM [Model: d30af60d, Layer: f25c8ee5]"
1631463.922790,3000,d30af60d-f79e-45ce-a754-bfdfcd8b236c,worker_4,worker_4,MEM_MOVE,8.716407,0.068097,"RAM -> VRAM [Model: d30af60d, Layer: f25c8ee5]"
1631463.972790,3000,d30af60d-f79e-45ce-a754-bfdfcd8b236c,worker_4,worker_4,GPU_COMPUTE,0.050000,0.050000,GPU Compute
1631464.130790,3000,d30af60d-f79e-45ce-a754-bfdfcd8b236c,worker_4,coordinator_0,NET_TRANSFER,0.000100,0.158000,Signal Finished
1632488.637917,3000,d30af60d-f79e-45ce-a754-bfdfcd8b236c,coordinator_0,worker_1,NET_TRANSFER,12.804464,1024.507126,Distribute Layer ID: 13ddb681
1632488.737951,3000,d30af60d-f79e-45ce-a754-bfdfcd8b236c,worker_1,worker_1,DISK_LOAD,12.804464,0.100035,"Disk -> RAM [Model: d30af60d, Layer: 13ddb681]"
1632488.837986,3000,d30af60d-f79e-45ce-a754-bfdfcd8b236c,worker_1,worker_1,MEM_MOVE,12.804464,0.100035,"RAM -> VRAM [Model: d30af60d, Layer: 13ddb681]"
1632488.887986,3000,d30af60d-f79e-45ce-a754-bfdfcd8b236c,worker_1,worker_1,GPU_COMPUTE,0.050000,0.050000,GPU Compute
1632489.045986,3000,d30af60d-f79e-45ce-a754-bfdfcd8b236c,worker_1,coordinator_0,NET_TRANSFER,0.000100,0.158000,Signal Finished
1633608.606001,3000,d30af60d-f79e-45ce-a754-bfdfcd8b236c,coordinator_0,worker_2,NET_TRANSFER,13.992625,1119.560015,Distribute Layer ID: 8b25fcb8
1668579.325876,1002,98de1b49-8dd3-49e7-a8fd-1969749e5ee7,client_1,coordinator_0,NET_TRANSFER,437.132123,34970.719874,Upload Model Weights
1668579.435193,3000,d30af60d-f79e-45ce-a754-bfdfcd8b236c,worker_2,worker_2,DISK_LOAD,13.992625,0.109317,"Disk -> RAM [Model: d30af60d, Layer: 8b25fcb8]"
1668579.544510,3000,d30af60d-f79e-45ce-a754-bfdfcd8b236c,worker_2,worker_2,MEM_MOVE,13.992625,0.109317,"RAM -> VRAM [Model: d30af60d, Layer: 8b25fcb8]"
1668579.594510,3000,d30af60d-f79e-45ce-a754-bfdfcd8b236c,worker_2,worker_2,GPU_COMPUTE,0.050000,0.050000,GPU Compute
1668579.752510,3000,d30af60d-f79e-45ce-a754-bfdfcd8b236c,worker_2,coordinator_0,NET_TRANSFER,0.000100,0.158000,Signal Finished
1706943.757709,9002,edbb5a5f-96c7-4587-bae7-76b991139bc5,client_9,coordinator_0,NET_TRANSFER,479.548190,38364.005198,Upload Model Weights
1706943.915709,10001,ccab57a6-d91e-4ce5-b062-d9fc9a27c1f3,coordinator_0,client_10,NET_TRANSFER,0.000100,0.158000,Signal: Cache Miss / Request Weights
1732493.670846,10001,ccab57a6-d91e-4ce5-b062-d9fc9a27c1f3,client_10,coordinator_0,NET_TRANSFER,319.370064,25549.755138,Upload Model Weights
1732493.828846,6001,12cbad90-9e6b-4897-a0d7-bd1a358488e3,coordinator_0,client_6,NET_TRANSFER,0.000100,0.158000,Signal: Cache Miss / Request Weights
1767177.607925,6001,12cbad90-9e6b-4897-a0d7-bd1a358488e3,client_6,coordinator_0,NET_TRANSFER,433.545363,34683.779078,Upload Model Weights
1767177.765925,9000,b707a332-9d3a-49c4-93ec-98a4b05713c0,coordinator_0,client_9,NET_TRANSFER,0.000100,0.158000,Signal: Cache Miss / Request Weights
1803359.235674,9000,b707a332-9d3a-49c4-93ec-98a4b05713c0,client_9,coordinator_0,NET_TRANSFER,452.266497,36181.469750,Upload Model Weights
1803779.512579,3000,d30af60d-f79e-45ce-a754-bfdfcd8b236c,coordinator_0,worker_3,NET_TRANSFER,5.251586,420.276905,Distribute Layer ID: f31a6ff9
1803779.553607,3000,d30af60d-f79e-45ce-a754-bfdfcd8b236c,worker_3,worker_3,DISK_LOAD,5.251586,0.041028,"Disk -> RAM [Model: d30af60d, Layer: f31a6ff9]"
1803779.594635,3000,d30af60d-f79e-45ce-a754-bfdfcd8b236c,worker_3,worker_3,MEM_MOVE,5.251586,0.041028,"RAM -> VRAM [Model: d30af60d, Layer: f31a6ff9]"
1803779.644635,3000,d30af60d-f79e-45ce-a754-bfdfcd8b236c,worker_3,worker_3,GPU_COMPUTE,0.050000,0.050000,GPU Compute
1803779.802635,3000,d30af60d-f79e-45ce-a754-bfdfcd8b236c,worker_3,coordinator_0,NET_TRANSFER,0.000100,0.158000,Signal Finished
1804829.103459,3000,d30af60d-f79e-45ce-a754-bfdfcd8b236c,coordinator_0,worker_4,NET_TRANSFER,13.114385,1049.300824,Distribute Layer ID: 27af75a8
1804829.205916,3000,d30af60d-f79e-45ce-a754-bfdfcd8b236c,worker_4,worker_4,DISK_LOAD,13.114385,0.102456,"Disk -> RAM [Model: d30af60d, Layer: 27af75a8]"
1804829.308372,3000,d30af60d-f79e-45ce-a754-bfdfcd8b236c,worker_4,worker_4,MEM_MOVE,13.114385,0.102456,"RAM -> VRAM [Model: d30af60d, Layer: 27af75a8]"
1804829.358372,3000,d30af60d-f79e-45ce-a754-bfdfcd8b236c,worker_4,worker_4,GPU_COMPUTE,0.050000,0.050000,GPU Compute
1804829.516372,3000,d30af60d-f79e-45ce-a754-bfdfcd8b236c,worker_4,coordinator_0,NET_TRANSFER,0.000100,0.158000,Signal Finished
1805330.876971,3000,d30af60d-f79e-45ce-a754-bfdfcd8b236c,coordinator_0,worker_1,NET_TRANSFER,6.265132,501.360600,Distribute Layer ID: e6d0b5c5
1805330.925918,3000,d30af60d-f79e-45ce-a754-bfdfcd8b236c,worker_1,worker_1,DISK_LOAD,6.265132,0.048946,"Disk -> RAM [Model: d30af60d, Layer: e6d0b5c5]"
1805330.974864,3000,d30af60d-f79e-45ce-a754-bfdfcd8b236c,worker_1,worker_1,MEM_MOVE,6.265132,0.048946,"RAM -> VRAM [Model: d30af60d, Layer: e6d0b5c5]"
1805331.024864,3000,d30af60d-f79e-45ce-a754-bfdfcd8b236c,worker_1,worker_1,GPU_COMPUTE,0.050000,0.050000,GPU Compute
1805331.182864,3000,d30af60d-f79e-45ce-a754-bfdfcd8b236c,worker_1,coordinator_0,NET_TRANSFER,0.000100,0.158000,Signal Finished
1806101.273602,3000,d30af60d-f79e-45ce-a754-bfdfcd8b236c,coordinator_0,worker_2,NET_TRANSFER,9.624259,770.090737,Distribute Layer ID: d4c37663
1806101.348791,3000,d30af60d-f79e-45ce-a754-bfdfcd8b236c,worker_2,worker_2,DISK_LOAD,9.624259,0.075190,"Disk -> RAM [Model: d30af60d, Layer: d4c37663]"
1806101.423981,3000,d30af60d-f79e-45ce-a754-bfdfcd8b236c,worker_2,worker_2,MEM_MOVE,9.624259,0.075190,"RAM -> VRAM [Model: d30af60d, Layer: d4c37663]"
1806101.473981,3000,d30af60d-f79e-45ce-a754-bfdfcd8b236c,worker_2,worker_2,GPU_COMPUTE,0.050000,0.050000,GPU Compute
1806101.631981,3000,d30af60d-f79e-45ce-a754-bfdfcd8b236c,worker_2,coordinator_0,NET_TRANSFER,0.000100,0.158000,Signal Finished
1806978.436225,3000,d30af60d-f79e-45ce-a754-bfdfcd8b236c,coordinator_0,worker_3,NET_TRANSFER,10.958178,876.804244,Distribute Layer ID: b1562273
1806978.521836,3000,d30af60d-f79e-45ce-a754-bfdfcd8b236c,worker_3,worker_3,DISK_LOAD,10.958178,0.085611,"Disk -> RAM [Model: d30af60d, Layer: b1562273]"
1806978.607446,3000,d30af60d-f79e-45ce-a754-bfdfcd8b236c,worker_3,worker_3,MEM_MOVE,10.958178,0.085611,"RAM -> VRAM [Model: d30af60d, Layer: b1562273]"
1806978.657446,3000,d30af60d-f79e-45ce-a754-bfdfcd8b236c,worker_3,worker_3,GPU_COMPUTE,0.050000,0.050000,GPU Compute
1806978.815446,3000,d30af60d-f79e-45ce-a754-bfdfcd8b236c,worker_3,coordinator_0,NET_TRANSFER,0.000100,0.158000,Signal Finished
1808094.663615,3000,d30af60d-f79e-45ce-a754-bfdfcd8b236c,coordinator_0,worker_4,NET_TRANSFER,13.946227,1115.848168,Distribute Layer ID: 46ee064c
1808094.772569,3000,d30af60d-f79e-45ce-a754-bfdfcd8b236c,worker_4,worker_4,DISK_LOAD,13.946227,0.108955,"Disk -> RAM [Model: d30af60d, Layer: 46ee064c]"
1808094.881524,3000,d30af60d-f79e-45ce-a754-bfdfcd8b236c,worker_4,worker_4,MEM_MOVE,13.946227,0.108955,"RAM -> VRAM [Model: d30af60d, Layer: 46ee064c]"
1808094.931524,3000,d30af60d-f79e-45ce-a754-bfdfcd8b236c,worker_4,worker_4,GPU_COMPUTE,0.050000,0.050000,GPU Compute
1808095.089524,3000,d30af60d-f79e-45ce-a754-bfdfcd8b236c,worker_4,coordinator_0,NET_TRANSFER,0.000100,0.158000,Signal Finished
1808765.885529,3000,d30af60d-f79e-45ce-a754-bfdfcd8b236c,coordinator_0,worker_1,NET_TRANSFER,8.383075,670.796005,Distribute Layer ID: 53932ac8
1808765.951022,3000,d30af60d-f79e-45ce-a754-bfdfcd8b236c,worker_1,worker_1,DISK_LOAD,8.383075,0.065493,"Disk -> RAM [Model: d30af60d, Layer: 53932ac8]"
1808766.016515,3000,d30af60d-f79e-45ce-a754-bfdfcd8b236c,worker_1,worker_1,MEM_MOVE,8.383075,0.065493,"RAM -> VRAM [Model: d30af60d, Layer: 53932ac8]"
1808766.066515,3000,d30af60d-f79e-45ce-a754-bfdfcd8b236c,worker_1,worker_1,GPU_COMPUTE,0.050000,0.050000,GPU Compute
1808766.224515,3000,d30af60d-f79e-45ce-a754-bfdfcd8b236c,worker_1,coordinator_0,NET_TRANSFER,0.000100,0.158000,Signal Finished
1809902.789759,3000,d30af60d-f79e-45ce-a754-bfdfcd8b236c,coordinator_0,worker_2,NET_TRANSFER,14.205191,1136.565244,Distribute Layer ID: dbd609db
1809902.900737,3000,d30af60d-f79e-45ce-a754-bfdfcd8b236c,worker_2,worker_2,DISK_LOAD,14.205191,0.110978,"Disk -> RAM [Model: d30af60d, Layer: dbd609db]"
1809903.011715,3000,d30af60d-f79e-45ce-a754-bfdfcd8b236c,worker_2,worker_2,MEM_MOVE,14.205191,0.110978,"RAM -> VRAM [Model: d30af60d, Layer: dbd609db]"
1809903.061715,3000,d30af60d-f79e-45ce-a754-bfdfcd8b236c,worker_2,worker_2,GPU_COMPUTE,0.050000,0.050000,GPU Compute
1809903.219715,3000,d30af60d-f79e-45ce-a754-bfdfcd8b236c,worker_2,coordinator_0,NET_TRANSFER,0.000100,0.158000,Signal Finished
1810492.229627,3000,d30af60d-f79e-45ce-a754-bfdfcd8b236c,coordinator_0,worker_3,NET_TRANSFER,7.360749,589.009912,Distribute Layer ID: 6f1fef3e
1810492.287133,3000,d30af60d-f79e-45ce-a754-bfdfcd8b236c,worker_3,worker_3,DISK_LOAD,7.360749,0.057506,"Disk -> RAM [Model: d30af60d, Layer: 6f1fef3e]"
1810492.344639,3000,d30af60d-f79e-45ce-a754-bfdfcd8b236c,worker_3,worker_3,MEM_MOVE,7.360749,0.057506,"RAM -> VRAM [Model: d30af60d, Layer: 6f1fef3e]"
1810492.394639,3000,d30af60d-f79e-45ce-a754-bfdfcd8b236c,worker_3,worker_3,GPU_COMPUTE,0.050000,0.050000,GPU Compute
1810492.552639,3000,d30af60d-f79e-45ce-a754-bfdfcd8b236c,worker_3,coordinator_0,NET_TRANSFER,0.000100,0.158000,Signal Finished
1810938.618525,3000,d30af60d-f79e-45ce-a754-bfdfcd8b236c,coordinator_0,worker_4,NET_TRANSFER,5.573949,446.065886,Distribute Layer ID: 2b73d903
1810938.662071,3000,d30af60d-f79e-45ce-a754-bfdfcd8b236c,worker_4,worker_4,DISK_LOAD,5.573949,0.043546,"Disk -> RAM [Model: d30af60d, Layer: 2b73d903]"
1810938.705618,3000,d30af60d-f79e-45ce-a754-bfdfcd8b236c,worker_4,worker_4,MEM_MOVE,5.573949,0.043546,"RAM -> VRAM [Model: d30af60d, Layer: 2b73d903]"
1810938.755618,3000,d30af60d-f79e-45ce-a754-bfdfcd8b236c,worker_4,worker_4,GPU_COMPUTE,0.050000,0.050000,GPU Compute
1810938.913618,3000,d30af60d-f79e-45ce-a754-bfdfcd8b236c,worker_4,coordinator_0,NET_TRANSFER,0.000100,0.158000,Signal Finished
1811924.560349,3000,d30af60d-f79e-45ce-a754-bfdfcd8b236c,coordinator_0,worker_1,NET_TRANSFER,12.318709,985.646731,Distribute Layer ID: c7f37b3b
1811924.625842,3000,d30af60d-f79e-45ce-a754-bfdfcd8b236c,worker_1,worker_1,MEM_MOVE,8.383075,0.065493,"Evict VRAM -> RAM [Model: d30af60d, Layer: 53932ac8]"
1811924.722082,3000,d30af60d-f79e-45ce-a754-bfdfcd8b236c,worker_1,worker_1,DISK_LOAD,12.318709,0.096240,"Disk -> RAM [Model: d30af60d, Layer: c7f37b3b]"
1811924.818322,3000,d30af60d-f79e-45ce-a754-bfdfcd8b236c,worker_1,worker_1,MEM_MOVE,12.318709,0.096240,"RAM -> VRAM [Model: d30af60d, Layer: c7f37b3b]"
1811924.868322,3000,d30af60d-f79e-45ce-a754-bfdfcd8b236c,worker_1,worker_1,GPU_COMPUTE,0.050000,0.050000,GPU Compute
1811925.026322,3000,d30af60d-f79e-45ce-a754-bfdfcd8b236c,worker_1,coordinator_0,NET_TRANSFER,0.000100,0.158000,Signal Finished
1813044.999021,3000,d30af60d-f79e-45ce-a754-bfdfcd8b236c,coordinator_0,worker_2,NET_TRANSFER,13.997784,1119.972699,Distribute Layer ID: dd533277
1813045.108378,3000,d30af60d-f79e-45ce-a754-bfdfcd8b236c,worker_2,worker_2,DISK_LOAD,13.997784,0.109358,"Disk -> RAM [Model: d30af60d, Layer: dd533277]"
1813045.217736,3000,d30af60d-f79e-45ce-a754-bfdfcd8b236c,worker_2,worker_2,MEM_MOVE,13.997784,0.109358,"RAM -> VRAM [Model: d30af60d, Layer: dd533277]"
1813045.267736,3000,d30af60d-f79e-45ce-a754-bfdfcd8b236c,worker_2,worker_2,GPU_COMPUTE,0.050000,0.050000,GPU Compute
1813045.425736,3000,d30af60d-f79e-45ce-a754-bfdfcd8b236c,worker_2,coordinator_0,NET_TRANSFER,0.000100,0.158000,Signal Finished
1813618.289248,3000,d30af60d-f79e-45ce-a754-bfdfcd8b236c,coordinator_0,worker_3,NET_TRANSFER,7.158919,572.863512,Distribute Layer ID: 43d2481f
1813618.345178,3000,d30af60d-f79e-45ce-a754-bfdfcd8b236c,worker_3,worker_3,DISK_LOAD,7.158919,0.055929,"Disk -> RAM [Model: d30af60d, Layer: 43d2481f]"
1813618.401107,3000,d30af60d-f79e-45ce-a754-bfdfcd8b236c,worker_3,worker_3,MEM_MOVE,7.158919,0.055929,"RAM -> VRAM [Model: d30af60d, Layer: 43d2481f]"
1813618.451107,3000,d30af60d-f79e-45ce-a754-bfdfcd8b236c,worker_3,worker_3,GPU_COMPUTE,0.050000,0.050000,GPU Compute
1813618.609107,3000,d30af60d-f79e-45ce-a754-bfdfcd8b236c,worker_3,coordinator_0,NET_TRANSFER,0.000100,0.158000,Signal Finished
1814774.148524,3000,d30af60d-f79e-45ce-a754-bfdfcd8b236c,coordinator_0,worker_4,NET_TRANSFER,14.442368,1155.539418,Distribute Layer ID: ec742621
1814774.261355,3000,d30af60d-f79e-45ce-a754-bfdfcd8b236c,worker_4,worker_4,DISK_LOAD,14.442368,0.112831,"Disk -> RAM [Model: d30af60d, Layer: ec742621]"
1814774.374186,3000,d30af60d-f79e-45ce-a754-bfdfcd8b236c,worker_4,worker_4,MEM_MOVE,14.442368,0.112831,"RAM -> VRAM [Model: d30af60d, Layer: ec742621]"
1814774.424186,3000,d30af60d-f79e-45ce-a754-bfdfcd8b236c,worker_4,worker_4,GPU_COMPUTE,0.050000,0.050000,GPU Compute
1814774.582186,3000,d30af60d-f79e-45ce-a754-bfdfcd8b236c,worker_4,coordinator_0,NET_TRANSFER,0.000100,0.158000,Signal Finished
1815855.339313,3000,d30af60d-f79e-45ce-a754-bfdfcd8b236c,coordinator_0,worker_1,NET_TRANSFER,13.507589,1080.757126,Distribute Layer ID: 4b18d797
1815855.435552,3000,d30af60d-f79e-45ce-a754-bfdfcd8b236c,worker_1,worker_1,MEM_MOVE,12.318709,0.096240,"Evict VRAM -> RAM [Model: d30af60d, Layer: c7f37b3b]"
1815855.541081,3000,d30af60d-f79e-45ce-a754-bfdfcd8b236c,worker_1,worker_1,DISK_LOAD,13.507589,0.105528,"Disk -> RAM [Model: d30af60d, Layer: 4b18d797]"
1815855.646609,3000,d30af60d-f79e-45ce-a754-bfdfcd8b236c,worker_1,worker_1,MEM_MOVE,13.507589,0.105528,"RAM -> VRAM [Model: d30af60d, Layer: 4b18d797]"
1815855.696609,3000,d30af60d-f79e-45ce-a754-bfdfcd8b236c,worker_1,worker_1,GPU_COMPUTE,0.050000,0.050000,GPU Compute
1815855.854609,3000,d30af60d-f79e-45ce-a754-bfdfcd8b236c,worker_1,coordinator_0,NET_TRANSFER,0.000100,0.158000,Signal Finished
1816491.583021,3000,d30af60d-f79e-45ce-a754-bfdfcd8b236c,coordinator_0,worker_2,NET_TRANSFER,7.944730,635.728412,Distribute Layer ID: 82f82d41
1816491.645089,3000,d30af60d-f79e-45ce-a754-bfdfcd8b236c,worker_2,worker_2,DISK_LOAD,7.944730,0.062068,"Disk -> RAM [Model: d30af60d, Layer: 82f82d41]"
1816491.707157,3000,d30af60d-f79e-45ce-a754-bfdfcd8b236c,worker_2,worker_2,MEM_MOVE,7.944730,0.062068,"RAM -> VRAM [Model: d30af60d, Layer: 82f82d41]"
1816491.757157,3000,d30af60d-f79e-45ce-a754-bfdfcd8b236c,worker_2,worker_2,GPU_COMPUTE,0.050000,0.050000,GPU Compute
1816491.915157,3000,d30af60d-f79e-45ce-a754-bfdfcd8b236c,worker_2,coordinator_0,NET_TRANSFER,0.000100,0.158000,Signal Finished
1817424.383907,3000,d30af60d-f79e-45ce-a754-bfdfcd8b236c,coordinator_0,worker_3,NET_TRANSFER,11.653984,932.468750,Distribute Layer ID: fc9bc586
1817424.474954,3000,d30af60d-f79e-45ce-a754-bfdfcd8b236c,worker_3,worker_3,DISK_LOAD,11.653984,0.091047,"Disk -> RAM [Model: d30af60d, Layer: fc9bc586]"
1817424.566001,3000,d30af60d-f79e-45ce-a754-bfdfcd8b236c,worker_3,worker_3,MEM_MOVE,11.653984,0.091047,"RAM -> VRAM [Model: d30af60d, Layer: fc9bc586]"
1817424.616001,3000,d30af60d-f79e-45ce-a754-bfdfcd8b236c,worker_3,worker_3,GPU_COMPUTE,0.050000,0.050000,GPU Compute
1817424.774001,3000,d30af60d-f79e-45ce-a754-bfdfcd8b236c,worker_3,coordinator_0,NET_TRANSFER,0.000100,0.158000,Signal Finished
1818579.862779,3000,d30af60d-f79e-45ce-a754-bfdfcd8b236c,coordinator_0,worker_4,NET_TRANSFER,14.436735,1155.088778,Distribute Layer ID: 93b2a15f
1818579.975610,3000,d30af60d-f79e-45ce-a754-bfdfcd8b236c,worker_4,worker_4,MEM_MOVE,14.442368,0.112831,"Evict VRAM -> RAM [Model: d30af60d, Layer: ec742621]"
1818580.088397,3000,d30af60d-f79e-45ce-a754-bfdfcd8b236c,worker_4,worker_4,DISK_LOAD,14.436735,0.112787,"Disk -> RAM [Model: d30af60d, Layer: 93b2a15f]"
1818580.201184,3000,d30af60d-f79e-45ce-a754-bfdfcd8b236c,worker_4,worker_4,MEM_MOVE,14.436735,0.112787,"RAM -> VRAM [Model: d30af60d, Layer: 93b2a15f]"
1818580.251184,3000,d30af60d-f79e-45ce-a754-bfdfcd8b236c,worker_4,worker_4,GPU_COMPUTE,0.050000,0.050000,GPU Compute
1818580.409184,3000,d30af60d-f79e-45ce-a754-bfdfcd8b236c,worker_4,coordinator_0,NET_TRANSFER,0.000100,0.158000,Signal Finished
1819378.455003,3000,d30af60d-f79e-45ce-a754-bfdfcd8b236c,coordinator_0,worker_1,NET_TRANSFER,9.973698,798.045819,Distribute Layer ID: fc474127
1819378.560531,3000,d30af60d-f79e-45ce-a754-bfdfcd8b236c,worker_1,worker_1,MEM_MOVE,13.507589,0.105528,"Evict VRAM -> RAM [Model: d30af60d, Layer: 4b18d797]"
1819378.638451,3000,d30af60d-f79e-45ce-a754-bfdfcd8b236c,worker_1,worker_1,DISK_LOAD,9.973698,0.077920,"Disk -> RAM [Model: d30af60d, Layer: fc474127]"
1819378.716370,3000,d30af60d-f79e-45ce-a754-bfdfcd8b236c,worker_1,worker_1,MEM_MOVE,9.973698,0.077920,"RAM -> VRAM [Model: d30af60d, Layer: fc474127]"
1819378.766370,3000,d30af60d-f79e-45ce-a754-bfdfcd8b236c,worker_1,worker_1,GPU_COMPUTE,0.050000,0.050000,GPU Compute
1819378.924370,3000,d30af60d-f79e-45ce-a754-bfdfcd8b236c,worker_1,coordinator_0,NET_TRANSFER,0.000100,0.158000,Signal Finished
1820461.993540,3000,d30af60d-f79e-45ce-a754-bfdfcd8b236c,coordinator_0,worker_2,NET_TRANSFER,13.536490,1083.069170,Distribute Layer ID: 7139733a
1820462.099294,3000,d30af60d-f79e-45ce-a754-bfdfcd8b236c,worker_2,worker_2,DISK_LOAD,13.536490,0.105754,"Disk -> RAM [Model: d30af60d, Layer: 7139733a]"
1820462.205048,3000,d30af60d-f79e-45ce-a754-bfdfcd8b236c,worker_2,worker_2,MEM_MOVE,13.536490,0.105754,"RAM -> VRAM [Model: d30af60d, Layer: 7139733a]"
1820462.255048,3000,d30af60d-f79e-45ce-a754-bfdfcd8b236c,worker_2,worker_2,GPU_COMPUTE,0.050000,0.050000,GPU Compute
1820462.413048,3000,d30af60d-f79e-45ce-a754-bfdfcd8b236c,worker_2,coordinator_0,NET_TRANSFER,0.000100,0.158000,Signal Finished
1821156.602614,3000,d30af60d-f79e-45ce-a754-bfdfcd8b236c,coordinator_0,worker_3,NET_TRANSFER,8.675495,694.189567,Distribute Layer ID: 52618cf6
1821156.670392,3000,d30af60d-f79e-45ce-a754-bfdfcd8b236c,worker_3,worker_3,DISK_LOAD,8.675495,0.067777,"Disk -> RAM [Model: d30af60d, Layer: 52618cf6]"
1821156.738169,3000,d30af60d-f79e-45ce-a754-bfdfcd8b236c,worker_3,worker_3,MEM_MOVE,8.675495,0.067777,"RAM -> VRAM [Model: d30af60d, Layer: 52618cf6]"
1821156.788169,3000,d30af60d-f79e-45ce-a754-bfdfcd8b236c,worker_3,worker_3,GPU_COMPUTE,0.050000,0.050000,GPU Compute
1821156.946169,3000,d30af60d-f79e-45ce-a754-bfdfcd8b236c,worker_3,coordinator_0,NET_TRANSFER,0.000100,0.158000,Signal Finished
1821736.039756,3000,d30af60d-f79e-45ce-a754-bfdfcd8b236c,coordinator_0,worker_4,NET_TRANSFER,7.236795,579.093587,Distribute Layer ID: 1763ea9e
1821736.152543,3000,d30af60d-f79e-45ce-a754-bfdfcd8b236c,worker_4,worker_4,MEM_MOVE,14.436735,0.112787,"Evict VRAM -> RAM [Model: d30af60d, Layer: 93b2a15f]"
1821736.209080,3000,d30af60d-f79e-45ce-a754-bfdfcd8b236c,worker_4,worker_4,DISK_LOAD,7.236795,0.056537,"Disk -> RAM [Model: d30af60d, Layer: 1763ea9e]"
1821736.265618,3000,d30af60d-f79e-45ce-a754-bfdfcd8b236c,worker_4,worker_4,MEM_MOVE,7.236795,0.056537,"RAM -> VRAM [Model: d30af60d, Layer: 1763ea9e]"
1821736.315618,3000,d30af60d-f79e-45ce-a754-bfdfcd8b236c,worker_4,worker_4,GPU_COMPUTE,0.050000,0.050000,GPU Compute
1821736.473618,3000,d30af60d-f79e-45ce-a754-bfdfcd8b236c,worker_4,coordinator_0,NET_TRANSFER,0.000100,0.158000,Signal Finished
1822192.306301,3000,d30af60d-f79e-45ce-a754-bfdfcd8b236c,coordinator_0,worker_1,NET_TRANSFER,5.696034,455.832684,Distribute Layer ID: afe3fdfa
1822192.350802,3000,d30af60d-f79e-45ce-a754-bfdfcd8b236c,worker_1,worker_1,DISK_LOAD,5.696034,0.044500,"Disk -> RAM [Model: d30af60d, Layer: afe3fdfa]"
1822192.395302,3000,d30af60d-f79e-45ce-a754-bfdfcd8b236c,worker_1,worker_1,MEM_MOVE,5.696034,0.044500,"RAM -> VRAM [Model: d30af60d, Layer: afe3fdfa]"
1822192.445302,3000,d30af60d-f79e-45ce-a754-bfdfcd8b236c,worker_1,worker_1,GPU_COMPUTE,0.050000,0.050000,GPU Compute
1822192.603302,3000,d30af60d-f79e-45ce-a754-bfdfcd8b236c,worker_1,coordinator_0,NET_TRANSFER,0.000100,0.158000,Signal Finished
1823287.672263,3000,d30af60d-f79e-45ce-a754-bfdfcd8b236c,coordinator_0,worker_2,NET_TRANSFER,13.686487,1095.068961,Distribute Layer ID: be646537
1823287.779188,3000,d30af60d-f79e-45ce-a754-bfdfcd8b236c,worker_2,worker_2,DISK_LOAD,13.686487,0.106926,"Disk -> RAM [Model: d30af60d, Layer: be646537]"
1823287.886114,3000,d30af60d-f79e-45ce-a754-bfdfcd8b236c,worker_2,worker_2,MEM_MOVE,13.686487,0.106926,"RAM -> VRAM [Model: d30af60d, Layer: be646537]"
1823287.936114,3000,d30af60d-f79e-45ce-a754-bfdfcd8b236c,worker_2,worker_2,GPU_COMPUTE,0.050000,0.050000,GPU Compute
1823288.094114,3000,d30af60d-f79e-45ce-a754-bfdfcd8b236c,worker_2,coordinator_0,NET_TRANSFER,0.000100,0.158000,Signal Finished
1824386.474998,3000,d30af60d-f79e-45ce-a754-bfdfcd8b236c,coordinator_0,worker_3,NET_TRANSFER,13.727886,1098.380884,Distribute Layer ID: 3ba4255a
1824386.582247,3000,d30af60d-f79e-45ce-a754-bfdfcd8b236c,worker_3,worker_3,DISK_LOAD,13.727886,0.107249,"Disk -> RAM [Model: d30af60d, Layer: 3ba4255a]"
1824386.689496,3000,d30af60d-f79e-45ce-a754-bfdfcd8b236c,worker_3,worker_3,MEM_MOVE,13.727886,0.107249,"RAM -> VRAM [Model: d30af60d, Layer: 3ba4255a]"
1824386.739496,3000,d30af60d-f79e-45ce-a754-bfdfcd8b236c,worker_3,worker_3,GPU_COMPUTE,0.050000,0.050000,GPU Compute
1824386.897496,3000,d30af60d-f79e-45ce-a754-bfdfcd8b236c,worker_3,coordinator_0,NET_TRANSFER,0.000100,0.158000,Signal Finished
1825333.003158,3000,d30af60d-f79e-45ce-a754-bfdfcd8b236c,coordinator_0,worker_4,NET_TRANSFER,11.824446,946.105662,Distribute Layer ID: 2bfd8a1c
1825333.095537,3000,d30af60d-f79e-45ce-a754-bfdfcd8b236c,worker_4,worker_4,DISK_LOAD,11.824446,0.092378,"Disk -> RAM [Model: d30af60d, Layer: 2bfd8a1c]"
1825333.187915,3000,d30af60d-f79e-45ce-a754-bfdfcd8b236c,worker_4,worker_4,MEM_MOVE,11.824446,0.092378,"RAM -> VRAM [Model: d30af60d, Layer: 2bfd8a1c]"
1825333.237915,3000,d30af60d-f79e-45ce-a754-bfdfcd8b236c,worker_4,worker_4,GPU_COMPUTE,0.050000,0.050000,GPU Compute
1825333.395915,3000,d30af60d-f79e-45ce-a754-bfdfcd8b236c,worker_4,coordinator_0,NET_TRANSFER,0.000100,0.158000,Signal Finished
1825859.754658,3000,d30af60d-f79e-45ce-a754-bfdfcd8b236c,coordinator_0,worker_1,NET_TRANSFER,6.577609,526.358743,Distribute Layer ID: 61ca577b
1825859.799158,3000,d30af60d-f79e-45ce-a754-bfdfcd8b236c,worker_1,worker_1,MEM_MOVE,5.696034,0.044500,"Evict VRAM -> RAM [Model: d30af60d, Layer: afe3fdfa]"
1825859.850545,3000,d30af60d-f79e-45ce-a754-bfdfcd8b236c,worker_1,worker_1,DISK_LOAD,6.577609,0.051388,"Disk -> RAM [Model: d30af60d, Layer: 61ca577b]"
1825859.901933,3000,d30af60d-f79e-45ce-a754-bfdfcd8b236c,worker_1,worker_1,MEM_MOVE,6.577609,0.051388,"RAM -> VRAM [Model: d30af60d, Layer: 61ca577b]"
1825859.951933,3000,d30af60d-f79e-45ce-a754-bfdfcd8b236c,worker_1,worker_1,GPU_COMPUTE,0.050000,0.050000,GPU Compute
1825860.109933,3000,d30af60d-f79e-45ce-a754-bfdfcd8b236c,worker_1,coordinator_0,NET_TRANSFER,0.000100,0.158000,Signal Finished
1827030.450503,3000,d30af60d-f79e-45ce-a754-bfdfcd8b236c,coordinator_0,worker_2,NET_TRANSFER,14.627382,1170.340570,Distribute Layer ID: 782a62cb
1827030.608503,1003,ab9f6fc0-eb04-408e-bb43-f7fc434d8a00,client_1,coordinator_0,NET_TRANSFER,0.000100,0.158000,Request Model ID
1827030.766503,4002,d95ac209-70ac-4366-b455-f005e41230be,client_4,coordinator_0,NET_TRANSFER,0.000100,0.158000,Request Model ID
1827030.924503,3003,db5a343e-e48f-4883-9c15-00e0e69532e6,client_3,coordinator_0,NET_TRANSFER,0.000100,0.158000,Request Model ID
1827031.082503,4003,0e495248-1ee5-4d87-a50c-46b74e15adae,client_4,coordinator_0,NET_TRANSFER,0.000100,0.158000,Request Model ID
1827031.240503,4003,773a6b7b-bf00-48fc-ba23-a7d203f1988c,client_4,coordinator_0,NET_TRANSFER,0.000100,0.158000,Request Model ID
1827031.347429,3000,d30af60d-f79e-45ce-a754-bfdfcd8b236c,worker_2,worker_2,MEM_MOVE,13.686487,0.106926,"Evict VRAM -> RAM [Model: d30af60d, Layer: be646537]"
1827031.461706,3000,d30af60d-f79e-45ce-a754-bfdfcd8b236c,worker_2,worker_2,DISK_LOAD,14.627382,0.114276,"Disk -> RAM [Model: d30af60d, Layer: 782a62cb]"
1827031.575982,3000,d30af60d-f79e-45ce-a754-bfdfcd8b236c,worker_2,worker_2,MEM_MOVE,14.627382,0.114276,"RAM -> VRAM [Model: d30af60d, Layer: 782a62cb]"
1827031.625982,3000,d30af60d-f79e-45ce-a754-bfdfcd8b236c,worker_2,worker_2,GPU_COMPUTE,0.050000,0.050000,GPU Compute
1827031.783982,3000,d30af60d-f79e-45ce-a754-bfdfcd8b236c,worker_2,coordinator_0,NET_TRANSFER,0.000100,0.158000,Signal Finished
1827031.941982,1002,b2d10fa1-5900-4f15-bdb2-906a116b9a89,client_1,coordinator_0,NET_TRANSFER,0.000100,0.158000,Request Model ID
1827806.954112,3000,d30af60d-f79e-45ce-a754-bfdfcd8b236c,coordinator_0,worker_3,NET_TRANSFER,9.685777,775.012130,Distribute Layer ID: 37be8e05
1827807.029782,3000,d30af60d-f79e-45ce-a754-bfdfcd8b236c,worker_3,worker_3,DISK_LOAD,9.685777,0.075670,"Disk -> RAM [Model: d30af60d, Layer: 37be8e05]"
1827807.105452,3000,d30af60d-f79e-45ce-a754-bfdfcd8b236c,worker_3,worker_3,MEM_MOVE,9.685777,0.075670,"RAM -> VRAM [Model: d30af60d, Layer: 37be8e05]"
1827807.155452,3000,d30af60d-f79e-45ce-a754-bfdfcd8b236c,worker_3,worker_3,GPU_COMPUTE,0.050000,0.050000,GPU Compute
1827807.313452,3000,d30af60d-f79e-45ce-a754-bfdfcd8b236c,worker_3,coordinator_0,NET_TRANSFER,0.000100,0.158000,Signal Finished
1828310.610062,3000,d30af60d-f79e-45ce-a754-bfdfcd8b236c,coordinator_0,worker_4,NET_TRANSFER,6.289333,503.296609,Distribute Layer ID: 8e96758a
1828310.702440,3000,d30af60d-f79e-45ce-a754-bfdfcd8b236c,worker_4,worker_4,MEM_MOVE,11.824446,0.092378,"Evict VRAM -> RAM [Model: d30af60d, Layer: 2bfd8a1c]"
1828310.751576,3000,d30af60d-f79e-45ce-a754-bfdfcd8b236c,worker_4,worker_4,DISK_LOAD,6.289333,0.049135,"Disk -> RAM [Model: d30af60d, Layer: 8e96758a]"
1828310.800711,3000,d30af60d-f79e-45ce-a754-bfdfcd8b236c,worker_4,worker_4,MEM_MOVE,6.289333,0.049135,"RAM -> VRAM [Model: d30af60d, Layer: 8e96758a]"
1828310.850711,3000,d30af60d-f79e-45ce-a754-bfdfcd8b236c,worker_4,worker_4,GPU_COMPUTE,0.050000,0.050000,GPU Compute
1828311.008711,3000,d30af60d-f79e-45ce-a754-bfdfcd8b236c,worker_4,coordinator_0,NET_TRANSFER,0.000100,0.158000,Signal Finished
1829452.840754,3000,d30af60d-f79e-45ce-a754-bfdfcd8b236c,coordinator_0,worker_1,NET_TRANSFER,14.271026,1141.832043,Distribute Layer ID: 3929dfd8
1829452.892142,3000,d30af60d-f79e-45ce-a754-bfdfcd8b236c,worker_1,worker_1,MEM_MOVE,6.577609,0.051388,"Evict VRAM -> RAM [Model: d30af60d, Layer: 61ca577b]"
1829452.970061,3000,d30af60d-f79e-45ce-a754-bfdfcd8b236c,worker_1,worker_1,MEM_MOVE,9.973698,0.077920,"Evict VRAM -> RAM [Model: d30af60d, Layer: fc474127]"
1829453.081554,3000,d30af60d-f79e-45ce-a754-bfdfcd8b236c,worker_1,worker_1,DISK_LOAD,14.271026,0.111492,"Disk -> RAM [Model: d30af60d, Layer: 3929dfd8]"
1829453.193046,3000,d30af60d-f79e-45ce-a754-bfdfcd8b236c,worker_1,worker_1,MEM_MOVE,14.271026,0.111492,"RAM -> VRAM [Model: d30af60d, Layer: 3929dfd8]"
1829453.243046,3000,d30af60d-f79e-45ce-a754-bfdfcd8b236c,worker_1,worker_1,GPU_COMPUTE,0.050000,0.050000,GPU Compute
1829453.401046,3000,d30af60d-f79e-45ce-a754-bfdfcd8b236c,worker_1,coordinator_0,NET_TRANSFER,0.000100,0.158000,Signal Finished
1830116.213817,3000,d30af60d-f79e-45ce-a754-bfdfcd8b236c,coordinator_0,worker_2,NET_TRANSFER,8.283285,662.812771,Distribute Layer ID: 7731079e
1830116.328093,3000,d30af60d-f79e-45ce-a754-bfdfcd8b236c,worker_2,worker_2,MEM_MOVE,14.627382,0.114276,"Evict VRAM -> RAM [Model: d30af60d, Layer: 782a62cb]"
1830116.392806,3000,d30af60d-f79e-45ce-a754-bfdfcd8b236c,worker_2,worker_2,DISK_LOAD,8.283285,0.064713,"Disk -> RAM [Model: d30af60d, Layer: 7731079e]"
1830116.457519,3000,d30af60d-f79e-45ce-a754-bfdfcd8b236c,worker_2,worker_2,MEM_MOVE,8.283285,0.064713,"RAM -> VRAM [Model: d30af60d, Layer: 7731079e]"
1830116.507519,3000,d30af60d-f79e-45ce-a754-bfdfcd8b236c,worker_2,worker_2,GPU_COMPUTE,0.050000,0.050000,GPU Compute
1830116.665519,3000,d30af60d-f79e-45ce-a754-bfdfcd8b236c,worker_2,coordinator_0,NET_TRANSFER,0.000100,0.158000,Signal Finished
1830116.823519,4000,ab9f6fc0-eb04-408e-bb43-f7fc434d8a00,coordinator_0,worker_4,NET_TRANSFER,0.000100,0.158000,Trigger Inference for Layer ID: 4ca35a08
1830116.873519,4000,ab9f6fc0-eb04-408e-bb43-f7fc434d8a00,worker_4,worker_4,GPU_COMPUTE,0.050000,0.050000,GPU Compute
1830117.031519,4000,ab9f6fc0-eb04-408e-bb43-f7fc434d8a00,worker_4,coordinator_0,NET_TRANSFER,0.000100,0.158000,Signal Finished
1830117.189519,4000,ab9f6fc0-eb04-408e-bb43-f7fc434d8a00,coordinator_0,worker_1,NET_TRANSFER,0.000100,0.158000,Trigger Inference for Layer ID: dda645fe
1830117.239519,4000,ab9f6fc0-eb04-408e-bb43-f7fc434d8a00,worker_1,worker_1,GPU_COMPUTE,0.050000,0.050000,GPU Compute
1830117.397519,4000,ab9f6fc0-eb04-408e-bb43-f7fc434d8a00,worker_1,coordinator_0,NET_TRANSFER,0.000100,0.158000,Signal Finished
1830117.555519,4000,ab9f6fc0-eb04-408e-bb43-f7fc434d8a00,coordinator_0,worker_2,NET_TRANSFER,0.000100,0.158000,Trigger Inference for Layer ID: 8fa95770
1830117.605519,4000,ab9f6fc0-eb04-408e-bb43-f7fc434d8a00,worker_2,worker_2,GPU_COMPUTE,0.050000,0.050000,GPU Compute
1830117.763519,4000,ab9f6fc0-eb04-408e-bb43-f7fc434d8a00,worker_2,coordinator_0,NET_TRANSFER,0.000100,0.158000,Signal Finished
1830117.921519,4000,ab9f6fc0-eb04-408e-bb43-f7fc434d8a00,coordinator_0,worker_3,NET_TRANSFER,0.000100,0.158000,Trigger Inference for Layer ID: ad8f6cf9
1830117.971519,4000,ab9f6fc0-eb04-408e-bb43-f7fc434d8a00,worker_3,worker_3,GPU_COMPUTE,0.050000,0.050000,GPU Compute
1830118.129519,4000,ab9f6fc0-eb04-408e-bb43-f7fc434d8a00,worker_3,coordinator_0,NET_TRANSFER,0.000100,0.158000,Signal Finished
1830118.287519,4000,ab9f6fc0-eb04-408e-bb43-f7fc434d8a00,coordinator_0,worker_4,NET_TRANSFER,0.000100,0.158000,Trigger Inference for Layer ID: 85fe92b1
1830118.337519,4000,ab9f6fc0-eb04-408e-bb43-f7fc434d8a00,worker_4,worker_4,GPU_COMPUTE,0.050000,0.050000,GPU Compute
1830118.495519,4000,ab9f6fc0-eb04-408e-bb43-f7fc434d8a00,worker_4,coordinator_0,NET_TRANSFER,0.000100,0.158000,Signal Finished
1830118.653519,4000,ab9f6fc0-eb04-408e-bb43-f7fc434d8a00,coordinator_0,worker_1,NET_TRANSFER,0.000100,0.158000,Trigger Inference for Layer ID: 05b087d6
1830118.703519,4000,ab9f6fc0-eb04-408e-bb43-f7fc434d8a00,worker_1,worker_1,GPU_COMPUTE,0.050000,0.050000,GPU Compute
1830118.861519,4000,ab9f6fc0-eb04-408e-bb43-f7fc434d8a00,worker_1,coordinator_0,NET_TRANSFER,0.000100,0.158000,Signal Finished
1830119.019519,4000,ab9f6fc0-eb04-408e-bb43-f7fc434d8a00,coordinator_0,worker_2,NET_TRANSFER,0.000100,0.158000,Trigger Inference for Layer ID: 7ba96b6a
1830119.069519,4000,ab9f6fc0-eb04-408e-bb43-f7fc434d8a00,worker_2,worker_2,GPU_COMPUTE,0.050000,0.050000,GPU Compute
1830119.227519,4000,ab9f6fc0-eb04-408e-bb43-f7fc434d8a00,worker_2,coordinator_0,NET_TRANSFER,0.000100,0.158000,Signal Finished
1830119.385519,4000,ab9f6fc0-eb04-408e-bb43-f7fc434d8a00,coordinator_0,worker_3,NET_TRANSFER,0.000100,0.158000,Trigger Inference for Layer ID: 351fe95b
1830119.435519,4000,ab9f6fc0-eb04-408e-bb43-f7fc434d8a00,worker_3,worker_3,GPU_COMPUTE,0.050000,0.050000,GPU Compute
1830119.593519,4000,ab9f6fc0-eb04-408e-bb43-f7fc434d8a00,worker_3,coordinator_0,NET_TRANSFER,0.000100,0.158000,Signal Finished
1830119.751519,4000,ab9f6fc0-eb04-408e-bb43-f7fc434d8a00,coordinator_0,worker_4,NET_TRANSFER,0.000100,0.158000,Trigger Inference for Layer ID: 5c5a796e
1830119.801519,4000,ab9f6fc0-eb04-408e-bb43-f7fc434d8a00,worker_4,worker_4,GPU_COMPUTE,0.050000,0.050000,GPU Compute
1830119.959519,4000,ab9f6fc0-eb04-408e-bb43-f7fc434d8a00,worker_4,coordinator_0,NET_TRANSFER,0.000100,0.158000,Signal Finished
1830120.117519,4000,ab9f6fc0-eb04-408e-bb43-f7fc434d8a00,coordinator_0,worker_1,NET_TRANSFER,0.000100,0.158000,Trigger Inference for Layer ID: bad24cda
1830120.167519,4000,ab9f6fc0-eb04-408e-bb43-f7fc434d8a00,worker_1,worker_1,GPU_COMPUTE,0.050000,0.050000,GPU Compute
1830120.325519,4000,ab9f6fc0-eb04-408e-bb43-f7fc434d8a00,worker_1,coordinator_0,NET_TRANSFER,0.000100,0.158000,Signal Finished
1830120.483519,4000,ab9f6fc0-eb04-408e-bb43-f7fc434d8a00,coordinator_0,worker_2,NET_TRANSFER,0.000100,0.158000,Trigger Inference for Layer ID: 48648a9e
1830120.533519,4000,ab9f6fc0-eb04-408e-bb43-f7fc434d8a00,worker_2,worker_2,GPU_COMPUTE,0.050000,0.050000,GPU Compute
1830120.691519,4000,ab9f6fc0-eb04-408e-bb43-f7fc434d8a00,worker_2,coordinator_0,NET_TRANSFER,0.000100,0.158000,Signal Finished
1830120.849519,4000,ab9f6fc0-eb04-408e-bb43-f7fc434d8a00,coordinator_0,worker_3,NET_TRANSFER,0.000100,0.158000,Trigger Inference for Layer ID: 41951fd4
1830120.899519,4000,ab9f6fc0-eb04-408e-bb43-f7fc434d8a00,worker_3,worker_3,GPU_COMPUTE,0.050000,0.050000,GPU Compute
1830121.057519,4000,ab9f6fc0-eb04-408e-bb43-f7fc434d8a00,worker_3,coordinator_0,NET_TRANSFER,0.000100,0.158000,Signal Finished
1830121.215519,4000,ab9f6fc0-eb04-408e-bb43-f7fc434d8a00,coordinator_0,worker_4,NET_TRANSFER,0.000100,0.158000,Trigger Inference for Layer ID: f1b434ec
1830121.265519,4000,ab9f6fc0-eb04-408e-bb43-f7fc434d8a00,worker_4,worker_4,GPU_COMPUTE,0.050000,0.050000,GPU Compute
1830121.423519,4000,ab9f6fc0-eb04-408e-bb43-f7fc434d8a00,worker_4,coordinator_0,NET_TRANSFER,0.000100,0.158000,Signal Finished
1830121.581519,4000,ab9f6fc0-eb04-408e-bb43-f7fc434d8a00,coordinator_0,worker_1,NET_TRANSFER,0.000100,0.158000,Trigger Inference for Layer ID: e9e0b4e3
1830121.739519,4003,465b0809-1f2a-4765-9c07-c91155ff513f,client_4,coordinator_0,NET_TRANSFER,0.000100,0.158000,Request Model ID
1830121.897519,6003,a1fef963-8994-4de3-9710-1226ed828913,client_6,coordinator_0,NET_TRANSFER,0.000100,0.158000,Request Model ID
1830122.055519,9002,a2b2ef0d-c31e-424d-b040-3f53be25eca0,client_9,coordinator_0,NET_TRANSFER,0.000100,0.158000,Request Model ID
1830122.213519,3004,b707a332-9d3a-49c4-93ec-98a4b05713c0,client_3,coordinator_0,NET_TRANSFER,0.000100,0.158000,Request Model ID
1830122.371519,4002,bb212f85-1358-4ef9-8a3f-988f815c27cd,client_4,coordinator_0,NET_TRANSFER,0.000100,0.158000,Request Model ID
1830122.529519,3003,a2b2ef0d-c31e-424d-b040-3f53be25eca0,client_3,coordinator_0,NET_TRANSFER,0.000100,0.158000,Request Model ID
1830122.687519,4004,d95ac209-70ac-4366-b455-f005e41230be,client_4,coordinator_0,NET_TRANSFER,0.000100,0.158000,Request Model ID
1830122.845519,9004,d792f008-7d7c-4afc-8f2d-0ad5aeeddc59,client_9,coordinator_0,NET_TRANSFER,0.000100,0.158000,Request Model ID
1830123.003519,5004,209734fe-da0f-4c49-8ae8-1285e31e9d43,client_5,coordinator_0,NET_TRANSFER,0.000100,0.158000,Request Model ID
1830123.161519,8004,44d6099b-c80b-4423-b304-b17e70c9816c,client_8,coordinator_0,NET_TRANSFER,0.000100,0.158000,Request Model ID
1830123.319519,7004,cc0dab58-f02c-469f-a696-153baf86d230,client_7,coordinator_0,NET_TRANSFER,0.000100,0.158000,Request Model ID
1830123.477519,10004,3f88dbf8-aff9-4f29-b4b2-59d4c2e8e335,client_10,coordinator_0,NET_TRANSFER,0.000100,0.158000,Request Model ID
1830123.635519,6004,b98aad0a-4dea-4008-ad8c-316214e42284,client_6,coordinator_0,NET_TRANSFER,0.000100,0.158000,Request Model ID
1830123.793519,10003,773a6b7b-bf00-48fc-ba23-a7d203f1988c,client_10,coordinator_0,NET_TRANSFER,0.000100,0.158000,Request Model ID
1830123.951519,1004,ab20b578-3dd0-4fe3-97cb-3189d9bd9be5,client_1,coordinator_0,NET_TRANSFER,0.000100,0.158000,Request Model ID
1830124.109519,8001,3f88dbf8-aff9-4f29-b4b2-59d4c2e8e335,coordinator_0,client_8,NET_TRANSFER,0.000100,0.158000,Signal: Cache Miss / Request Weights
1830124.267519,9001,6719b99a-d5dd-40b4-a9ed-2c8af6965e4a,coordinator_0,client_9,NET_TRANSFER,0.000100,0.158000,Signal: Cache Miss / Request Weights
1830124.425519,9003,ab20b578-3dd0-4fe3-97cb-3189d9bd9be5,client_9,coordinator_0,NET_TRANSFER,0.000100,0.158000,Request Model ID
1830124.583519,5002,0e495248-1ee5-4d87-a50c-46b74e15adae,client_5,coordinator_0,NET_TRANSFER,0.000100,0.158000,Request Model ID
1830124.633519,4000,ab9f6fc0-eb04-408e-bb43-f7fc434d8a00,worker_1,worker_1,GPU_COMPUTE,0.050000,0.050000,GPU Compute
1830124.791519,5002,d792f008-7d7c-4afc-8f2d-0ad5aeeddc59,client_5,coordinator_0,NET_TRANSFER,0.000100,0.158000,Request Model ID
1830124.949519,4000,ab9f6fc0-eb04-408e-bb43-f7fc434d8a00,worker_1,coordinator_0,NET_TRANSFER,0.000100,0.158000,Signal Finished
1830125.107519,7002,764495bb-6a07-44df-890a-53f143dbe627,client_7,coordinator_0,NET_TRANSFER,0.000100,0.158000,Request Model ID
1830125.265519,10002,b707a332-9d3a-49c4-93ec-98a4b05713c0,client_10,coordinator_0,NET_TRANSFER,0.000100,0.158000,Request Model ID
1830125.423519,9003,5db32043-be1a-4e02-ad7f-c6e5724beb16,client_9,coordinator_0,NET_TRANSFER,0.000100,0.158000,Request Model ID
1830125.581519,10002,ab20b578-3dd0-4fe3-97cb-3189d9bd9be5,client_10,coordinator_0,NET_TRANSFER,0.000100,0.158000,Request Model ID
1830125.739519,6002,209734fe-da0f-4c49-8ae8-1285e31e9d43,client_6,coordinator_0,NET_TRANSFER,0.000100,0.158000,Request Model ID
1830125.897519,6002,a1fef963-8994-4de3-9710-1226ed828913,client_6,coordinator_0,NET_TRANSFER,0.000100,0.158000,Request Model ID
1830126.055519,9003,4facc46c-ad7c-4d01-ba5e-74a30664ea70,client_9,coordinator_0,NET_TRANSFER,0.000100,0.158000,Request Model ID
1830126.213519,2002,d95ac209-70ac-4366-b455-f005e41230be,client_2,coordinator_0,NET_TRANSFER,0.000100,0.158000,Request Model ID
1830126.371519,2002,bf972bb9-7202-4e03-9bc7-ecaa953eb2b8,client_2,coordinator_0,NET_TRANSFER,0.000100,0.158000,Request Model ID
1830126.529519,4003,bf972bb9-7202-4e03-9bc7-ecaa953eb2b8,client_4,coordinator_0,NET_TRANSFER,0.000100,0.158000,Request Model ID
1830126.687519,9003,98de1b49-8dd3-49e7-a8fd-1969749e5ee7,client_9,coordinator_0,NET_TRANSFER,0.000100,0.158000,Request Model ID
1830126.845519,5003,5db32043-be1a-4e02-ad7f-c6e5724beb16,client_5,coordinator_0,NET_TRANSFER,0.000100,0.158000,Request Model ID
1830127.003519,8003,857a7c42-2767-4bcd-b994-5f3357d596c5,client_8,coordinator_0,NET_TRANSFER,0.000100,0.158000,Request Model ID
1830127.161519,7003,6609f742-f82c-4319-a137-2138d96bee8c,client_7,coordinator_0,NET_TRANSFER,0.000100,0.158000,Request Model ID
1830127.319519,10003,5cc668a7-e96c-4967-9bda-791a9bb56c57,client_10,coordinator_0,NET_TRANSFER,0.000100,0.158000,Request Model ID
1830127.477519,2004,d4965426-a3d1-4387-b3b7-7043d09ef380,client_2,coordinator_0,NET_TRANSFER,0.000100,0.158000,Request Model ID
1830127.635519,3004,d95ac209-70ac-4366-b455-f005e41230be,client_3,coordinator_0,NET_TRANSFER,0.000100,0.158000,Request Model ID
1830127.793519,3004,764495bb-6a07-44df-890a-53f143dbe627,client_3,coordinator_0,NET_TRANSFER,0.000100,0.158000,Request Model ID
1830127.951519,3004,bb212f85-1358-4ef9-8a3f-988f815c27cd,client_3,coordinator_0,NET_TRANSFER,0.000100,0.158000,Request Model ID
1830128.109519,3003,b2d10fa1-5900-4f15-bdb2-906a116b9a89,client_3,coordinator_0,NET_TRANSFER,0.000100,0.158000,Request Model ID
1830128.267519,3005,3f88dbf8-aff9-4f29-b4b2-59d4c2e8e335,client_3,coordinator_0,NET_TRANSFER,0.000100,0.158000,Request Model ID
1830128.425519,7000,b70fcdc0-fc91-45b9-929b-3db37d0b5f8f,coordinator_0,client_7,NET_TRANSFER,0.000100,0.158000,Signal: Cache Miss / Request Weights
1874373.643096,7000,b70fcdc0-fc91-45b9-929b-3db37d0b5f8f,client_7,coordinator_0,NET_TRANSFER,553.063345,44245.217577,Upload Model Weights
1874373.801096,10003,bb212f85-1358-4ef9-8a3f-988f815c27cd,client_10,coordinator_0,NET_TRANSFER,0.000100,0.158000,Request Model ID
1874373.959096,10003,764495bb-6a07-44df-890a-53f143dbe627,client_10,coordinator_0,NET_TRANSFER,0.000100,0.158000,Request Model ID
1874374.117096,6003,d4965426-a3d1-4387-b3b7-7043d09ef380,client_6,coordinator_0,NET_TRANSFER,0.000100,0.158000,Request Model ID
1874374.275096,5002,465b0809-1f2a-4765-9c07-c91155ff513f,client_5,coordinator_0,NET_TRANSFER,0.000100,0.158000,Request Model ID
1874374.433096,8002,191057b3-0973-4b0f-a672-be9b4f920841,client_8,coordinator_0,NET_TRANSFER,0.000100,0.158000,Request Model ID
1874374.591096,7002,a1fef963-8994-4de3-9710-1226ed828913,client_7,coordinator_0,NET_TRANSFER,0.000100,0.158000,Request Model ID
1874374.749096,10002,773a6b7b-bf00-48fc-ba23-a7d203f1988c,client_10,coordinator_0,NET_TRANSFER,0.000100,0.158000,Request Model ID
1874374.907096,6002,191057b3-0973-4b0f-a672-be9b4f920841,client_6,coordinator_0,NET_TRANSFER,0.000100,0.158000,Request Model ID
1874375.065096,2002,b707a332-9d3a-49c4-93ec-98a4b05713c0,client_2,coordinator_0,NET_TRANSFER,0.000100,0.158000,Request Model ID
1874375.223096,4000,ab9f6fc0-eb04-408e-bb43-f7fc434d8a00,coordinator_0,worker_2,NET_TRANSFER,0.000100,0.158000,Trigger Inference for Layer ID: 2ac988cb
1874375.273096,4000,ab9f6fc0-eb04-408e-bb43-f7fc434d8a00,worker_2,worker_2,GPU_COMPUTE,0.050000,0.050000,GPU Compute
1874375.431096,4000,ab9f6fc0-eb04-408e-bb43-f7fc434d8a00,worker_2,coordinator_0,NET_TRANSFER,0.000100,0.158000,Signal Finished
1874375.589096,4000,ab9f6fc0-eb04-408e-bb43-f7fc434d8a00,coordinator_0,worker_3,NET_TRANSFER,0.000100,0.158000,Trigger Inference for Layer ID: e646c797
1874375.639096,4000,ab9f6fc0-eb04-408e-bb43-f7fc434d8a00,worker_3,worker_3,GPU_COMPUTE,0.050000,0.050000,GPU Compute
1874375.797096,4000,ab9f6fc0-eb04-408e-bb43-f7fc434d8a00,worker_3,coordinator_0,NET_TRANSFER,0.000100,0.158000,Signal Finished
1874375.955096,4000,ab9f6fc0-eb04-408e-bb43-f7fc434d8a00,coordinator_0,worker_4,NET_TRANSFER,0.000100,0.158000,Trigger Inference for Layer ID: b884a826
1874376.005096,4000,ab9f6fc0-eb04-408e-bb43-f7fc434d8a00,worker_4,worker_4,GPU_COMPUTE,0.050000,0.050000,GPU Compute
1874376.163096,4000,ab9f6fc0-eb04-408e-bb43-f7fc434d8a00,worker_4,coordinator_0,NET_TRANSFER,0.000100,0.158000,Signal Finished
1874376.321096,4000,ab9f6fc0-eb04-408e-bb43-f7fc434d8a00,coordinator_0,worker_1,NET_TRANSFER,0.000100,0.158000,Trigger Inference for Layer ID: fefcdc35
1874376.371096,4000,ab9f6fc0-eb04-408e-bb43-f7fc434d8a00,worker_1,worker_1,GPU_COMPUTE,0.050000,0.050000,GPU Compute
1874376.529096,4000,ab9f6fc0-eb04-408e-bb43-f7fc434d8a00,worker_1,coordinator_0,NET_TRANSFER,0.000100,0.158000,Signal Finished
1874376.687096,4000,ab9f6fc0-eb04-408e-bb43-f7fc434d8a00,coordinator_0,worker_2,NET_TRANSFER,0.000100,0.158000,Trigger Inference for Layer ID: c8688367
1874376.737096,4000,ab9f6fc0-eb04-408e-bb43-f7fc434d8a00,worker_2,worker_2,GPU_COMPUTE,0.050000,0.050000,GPU Compute
1874376.895096,4000,ab9f6fc0-eb04-408e-bb43-f7fc434d8a00,worker_2,coordinator_0,NET_TRANSFER,0.000100,0.158000,Signal Finished
1874377.053096,4000,ab9f6fc0-eb04-408e-bb43-f7fc434d8a00,coordinator_0,worker_3,NET_TRANSFER,0.000100,0.158000,Trigger Inference for Layer ID: 3b896e3c
1874377.103096,4000,ab9f6fc0-eb04-408e-bb43-f7fc434d8a00,worker_3,worker_3,GPU_COMPUTE,0.050000,0.050000,GPU Compute
1874377.261096,4000,ab9f6fc0-eb04-408e-bb43-f7fc434d8a00,worker_3,coordinator_0,NET_TRANSFER,0.000100,0.158000,Signal Finished
1874377.419096,4000,ab9f6fc0-eb04-408e-bb43-f7fc434d8a00,coordinator_0,worker_4,NET_TRANSFER,0.000100,0.158000,Trigger Inference for Layer ID: 66b1afd8
1874377.469096,4000,ab9f6fc0-eb04-408e-bb43-f7fc434d8a00,worker_4,worker_4,GPU_COMPUTE,0.050000,0.050000,GPU Compute
1874377.627096,4000,ab9f6fc0-eb04-408e-bb43-f7fc434d8a00,worker_4,coordinator_0,NET_TRANSFER,0.000100,0.158000,Signal Finished
1874377.785096,4000,ab9f6fc0-eb04-408e-bb43-f7fc434d8a00,coordinator_0,worker_1,NET_TRANSFER,0.000100,0.158000,Trigger Inference for Layer ID: db8aba32
1874377.835096,4000,ab9f6fc0-eb04-408e-bb43-f7fc434d8a00,worker_1,worker_1,GPU_COMPUTE,0.050000,0.050000,GPU Compute
1874377.993096,4000,ab9f6fc0-eb04-408e-bb43-f7fc434d8a00,worker_1,coordinator_0,NET_TRANSFER,0.000100,0.158000,Signal Finished
1874378.151096,4000,ab9f6fc0-eb04-408e-bb43-f7fc434d8a00,coordinator_0,worker_2,NET_TRANSFER,0.000100,0.158000,Trigger Inference for Layer ID: 36a3a3e8
1874378.201096,4000,ab9f6fc0-eb04-408e-bb43-f7fc434d8a00,worker_2,worker_2,GPU_COMPUTE,0.050000,0.050000,GPU Compute
1874378.359096,4000,ab9f6fc0-eb04-408e-bb43-f7fc434d8a00,worker_2,coordinator_0,NET_TRANSFER,0.000100,0.158000,Signal Finished
1874378.517096,4000,ab9f6fc0-eb04-408e-bb43-f7fc434d8a00,coordinator_0,worker_3,NET_TRANSFER,0.000100,0.158000,Trigger Inference for Layer ID: 3077924e
1874378.567096,4000,ab9f6fc0-eb04-408e-bb43-f7fc434d8a00,worker_3,worker_3,GPU_COMPUTE,0.050000,0.050000,GPU Compute
1874378.725096,4000,ab9f6fc0-eb04-408e-bb43-f7fc434d8a00,worker_3,coordinator_0,NET_TRANSFER,0.000100,0.158000,Signal Finished
1874378.883096,4000,ab9f6fc0-eb04-408e-bb43-f7fc434d8a00,coordinator_0,worker_4,NET_TRANSFER,0.000100,0.158000,Trigger Inference for Layer ID: 11200efb
1874378.933096,4000,ab9f6fc0-eb04-408e-bb43-f7fc434d8a00,worker_4,worker_4,GPU_COMPUTE,0.050000,0.050000,GPU Compute
1874379.091096,4000,ab9f6fc0-eb04-408e-bb43-f7fc434d8a00,worker_4,coordinator_0,NET_TRANSFER,0.000100,0.158000,Signal Finished
1874379.249096,4000,ab9f6fc0-eb04-408e-bb43-f7fc434d8a00,coordinator_0,worker_1,NET_TRANSFER,0.000100,0.158000,Trigger Inference for Layer ID: ae14a2c6
1874379.299096,4000,ab9f6fc0-eb04-408e-bb43-f7fc434d8a00,worker_1,worker_1,GPU_COMPUTE,0.050000,0.050000,GPU Compute
1874379.457096,4000,ab9f6fc0-eb04-408e-bb43-f7fc434d8a00,worker_1,coordinator_0,NET_TRANSFER,0.000100,0.158000,Signal Finished
1874379.615096,4000,ab9f6fc0-eb04-408e-bb43-f7fc434d8a00,coordinator_0,worker_2,NET_TRANSFER,0.000100,0.158000,Trigger Inference for Layer ID: 0e5e310c
1874379.665096,4000,ab9f6fc0-eb04-408e-bb43-f7fc434d8a00,worker_2,worker_2,GPU_COMPUTE,0.050000,0.050000,GPU Compute
1874379.823096,4000,ab9f6fc0-eb04-408e-bb43-f7fc434d8a00,worker_2,coordinator_0,NET_TRANSFER,0.000100,0.158000,Signal Finished
1874379.981096,4000,ab9f6fc0-eb04-408e-bb43-f7fc434d8a00,coordinator_0,worker_3,NET_TRANSFER,0.000100,0.158000,Trigger Inference for Layer ID: 3d1fd4dd
1874380.031096,4000,ab9f6fc0-eb04-408e-bb43-f7fc434d8a00,worker_3,worker_3,GPU_COMPUTE,0.050000,0.050000,GPU Compute
1874380.189096,4000,ab9f6fc0-eb04-408e-bb43-f7fc434d8a00,worker_3,coordinator_0,NET_TRANSFER,0.000100,0.158000,Signal Finished
1874380.347096,4000,ab9f6fc0-eb04-408e-bb43-f7fc434d8a00,coordinator_0,worker_4,NET_TRANSFER,0.000100,0.158000,Trigger Inference for Layer ID: 4ee2483e
1874380.397096,4000,ab9f6fc0-eb04-408e-bb43-f7fc434d8a00,worker_4,worker_4,GPU_COMPUTE,0.050000,0.050000,GPU Compute
1874380.555096,4000,ab9f6fc0-eb04-408e-bb43-f7fc434d8a00,worker_4,coordinator_0,NET_TRANSFER,0.000100,0.158000,Signal Finished
1874380.713096,4000,ab9f6fc0-eb04-408e-bb43-f7fc434d8a00,coordinator_0,worker_1,NET_TRANSFER,0.000100,0.158000,Trigger Inference for Layer ID: e154bb0d
1874380.763096,4000,ab9f6fc0-eb04-408e-bb43-f7fc434d8a00,worker_1,worker_1,GPU_COMPUTE,0.050000,0.050000,GPU Compute
1874380.921096,4000,ab9f6fc0-eb04-408e-bb43-f7fc434d8a00,worker_1,coordinator_0,NET_TRANSFER,0.000100,0.158000,Signal Finished
1874381.079096,4000,ab9f6fc0-eb04-408e-bb43-f7fc434d8a00,coordinator_0,worker_2,NET_TRANSFER,0.000100,0.158000,Trigger Inference for Layer ID: fc0590e8
1874381.129096,4000,ab9f6fc0-eb04-408e-bb43-f7fc434d8a00,worker_2,worker_2,GPU_COMPUTE,0.050000,0.050000,GPU Compute
1874381.287096,4000,ab9f6fc0-eb04-408e-bb43-f7fc434d8a00,worker_2,coordinator_0,NET_TRANSFER,0.000100,0.158000,Signal Finished
1874381.445096,4000,ab9f6fc0-eb04-408e-bb43-f7fc434d8a00,coordinator_0,worker_3,NET_TRANSFER,0.000100,0.158000,Trigger Inference for Layer ID: 76bc7f6a
1874381.495096,4000,ab9f6fc0-eb04-408e-bb43-f7fc434d8a00,worker_3,worker_3,GPU_COMPUTE,0.050000,0.050000,GPU Compute
1874381.653096,4000,ab9f6fc0-eb04-408e-bb43-f7fc434d8a00,worker_3,coordinator_0,NET_TRANSFER,0.000100,0.158000,Signal Finished
1874381.811096,4000,ab9f6fc0-eb04-408e-bb43-f7fc434d8a00,coordinator_0,worker_4,NET_TRANSFER,0.000100,0.158000,Trigger Inference for Layer ID: caf1ed55
1874381.861096,4000,ab9f6fc0-eb04-408e-bb43-f7fc434d8a00,worker_4,worker_4,GPU_COMPUTE,0.050000,0.050000,GPU Compute
1874382.019096,4000,ab9f6fc0-eb04-408e-bb43-f7fc434d8a00,worker_4,coordinator_0,NET_TRANSFER,0.000100,0.158000,Signal Finished
1874382.177096,4000,ab9f6fc0-eb04-408e-bb43-f7fc434d8a00,coordinator_0,worker_1,NET_TRANSFER,0.000100,0.158000,Trigger Inference for Layer ID: 5dc0c7c0
1874382.227096,4000,ab9f6fc0-eb04-408e-bb43-f7fc434d8a00,worker_1,worker_1,GPU_COMPUTE,0.050000,0.050000,GPU Compute
1874382.385096,4000,ab9f6fc0-eb04-408e-bb43-f7fc434d8a00,worker_1,coordinator_0,NET_TRANSFER,0.000100,0.158000,Signal Finished
1874382.543096,4000,ab9f6fc0-eb04-408e-bb43-f7fc434d8a00,coordinator_0,worker_2,NET_TRANSFER,0.000100,0.158000,Trigger Inference for Layer ID: bc4de408
1874382.593096,4000,ab9f6fc0-eb04-408e-bb43-f7fc434d8a00,worker_2,worker_2,GPU_COMPUTE,0.050000,0.050000,GPU Compute
1874382.751096,4000,ab9f6fc0-eb04-408e-bb43-f7fc434d8a00,worker_2,coordinator_0,NET_TRANSFER,0.000100,0.158000,Signal Finished
1874382.909096,4000,ab9f6fc0-eb04-408e-bb43-f7fc434d8a00,coordinator_0,worker_3,NET_TRANSFER,0.000100,0.158000,Trigger Inference for Layer ID: a3bf0e5b
1874382.959096,4000,ab9f6fc0-eb04-408e-bb43-f7fc434d8a00,worker_3,worker_3,GPU_COMPUTE,0.050000,0.050000,GPU Compute
1874383.117096,4000,ab9f6fc0-eb04-408e-bb43-f7fc434d8a00,worker_3,coordinator_0,NET_TRANSFER,0.000100,0.158000,Signal Finished
1874383.275096,4000,ab9f6fc0-eb04-408e-bb43-f7fc434d8a00,coordinator_0,worker_4,NET_TRANSFER,0.000100,0.158000,Trigger Inference for Layer ID: 65c957a0
1874383.325096,4000,ab9f6fc0-eb04-408e-bb43-f7fc434d8a00,worker_4,worker_4,GPU_COMPUTE,0.050000,0.050000,GPU Compute
1874383.483096,4000,ab9f6fc0-eb04-408e-bb43-f7fc434d8a00,worker_4,coordinator_0,NET_TRANSFER,0.000100,0.158000,Signal Finished
1874383.641096,4000,ab9f6fc0-eb04-408e-bb43-f7fc434d8a00,coordinator_0,worker_1,NET_TRANSFER,0.000100,0.158000,Trigger Inference for Layer ID: 600573f1
1874383.691096,4000,ab9f6fc0-eb04-408e-bb43-f7fc434d8a00,worker_1,worker_1,GPU_COMPUTE,0.050000,0.050000,GPU Compute
1874383.849096,4000,ab9f6fc0-eb04-408e-bb43-f7fc434d8a00,worker_1,coordinator_0,NET_TRANSFER,0.000100,0.158000,Signal Finished
1874384.007096,4000,ab9f6fc0-eb04-408e-bb43-f7fc434d8a00,coordinator_0,worker_2,NET_TRANSFER,0.000100,0.158000,Trigger Inference for Layer ID: fed98472
1874384.057096,4000,ab9f6fc0-eb04-408e-bb43-f7fc434d8a00,worker_2,worker_2,GPU_COMPUTE,0.050000,0.050000,GPU Compute
1874384.215096,4000,ab9f6fc0-eb04-408e-bb43-f7fc434d8a00,worker_2,coordinator_0,NET_TRANSFER,0.000100,0.158000,Signal Finished
1874384.373096,4000,ab9f6fc0-eb04-408e-bb43-f7fc434d8a00,coordinator_0,worker_3,NET_TRANSFER,0.000100,0.158000,Trigger Inference for Layer ID: d57db725
1874384.423096,4000,ab9f6fc0-eb04-408e-bb43-f7fc434d8a00,worker_3,worker_3,GPU_COMPUTE,0.050000,0.050000,GPU Compute
1874384.581096,4000,ab9f6fc0-eb04-408e-bb43-f7fc434d8a00,worker_3,coordinator_0,NET_TRANSFER,0.000100,0.158000,Signal Finished
1874384.739096,4000,ab9f6fc0-eb04-408e-bb43-f7fc434d8a00,coordinator_0,worker_4,NET_TRANSFER,0.000100,0.158000,Trigger Inference for Layer ID: e41c3eee
1874384.789096,4000,ab9f6fc0-eb04-408e-bb43-f7fc434d8a00,worker_4,worker_4,GPU_COMPUTE,0.050000,0.050000,GPU Compute
1874384.947096,4000,ab9f6fc0-eb04-408e-bb43-f7fc434d8a00,worker_4,coordinator_0,NET_TRANSFER,0.000100,0.158000,Signal Finished
1874385.105096,4000,ab9f6fc0-eb04-408e-bb43-f7fc434d8a00,coordinator_0,worker_1,NET_TRANSFER,0.000100,0.158000,Trigger Inference for Layer ID: 3de5daf5
1874385.155096,4000,ab9f6fc0-eb04-408e-bb43-f7fc434d8a00,worker_1,worker_1,GPU_COMPUTE,0.050000,0.050000,GPU Compute
1874385.313096,4000,ab9f6fc0-eb04-408e-bb43-f7fc434d8a00,worker_1,coordinator_0,NET_TRANSFER,0.000100,0.158000,Signal Finished
1875503.477486,5000,465b0809-1f2a-4765-9c07-c91155ff513f,coordinator_0,worker_3,NET_TRANSFER,13.975180,1118.164390,Distribute Layer ID: 0c2fd4ba
1875503.586667,5000,465b0809-1f2a-4765-9c07-c91155ff513f,worker_3,worker_3,DISK_LOAD,13.975180,0.109181,"Disk -> RAM [Model: 465b0809, Layer: 0c2fd4ba]"
1875503.695849,5000,465b0809-1f2a-4765-9c07-c91155ff513f,worker_3,worker_3,MEM_MOVE,13.975180,0.109181,"RAM -> VRAM [Model: 465b0809, Layer: 0c2fd4ba]"
1875503.745849,5000,465b0809-1f2a-4765-9c07-c91155ff513f,worker_3,worker_3,GPU_COMPUTE,0.050000,0.050000,GPU Compute
1875503.903849,5000,465b0809-1f2a-4765-9c07-c91155ff513f,worker_3,coordinator_0,NET_TRANSFER,0.000100,0.158000,Signal Finished
1875999.814373,5000,465b0809-1f2a-4765-9c07-c91155ff513f,coordinator_0,worker_4,NET_TRANSFER,6.197007,495.910525,Distribute Layer ID: 53f10638
1875999.862787,5000,465b0809-1f2a-4765-9c07-c91155ff513f,worker_4,worker_4,DISK_LOAD,6.197007,0.048414,"Disk -> RAM [Model: 465b0809, Layer: 53f10638]"
1875999.911201,5000,465b0809-1f2a-4765-9c07-c91155ff513f,worker_4,worker_4,MEM_MOVE,6.197007,0.048414,"RAM -> VRAM [Model: 465b0809, Layer: 53f10638]"
1875999.961201,5000,465b0809-1f2a-4765-9c07-c91155ff513f,worker_4,worker_4,GPU_COMPUTE,0.050000,0.050000,GPU Compute
1876000.119201,5000,465b0809-1f2a-4765-9c07-c91155ff513f,worker_4,coordinator_0,NET_TRANSFER,0.000100,0.158000,Signal Finished
1877130.538053,5000,465b0809-1f2a-4765-9c07-c91155ff513f,coordinator_0,worker_1,NET_TRANSFER,14.128361,1130.418852,Distribute Layer ID: 680c3b98
1877130.582727,5000,465b0809-1f2a-4765-9c07-c91155ff513f,worker_1,worker_1,MEM_MOVE,5.718254,0.044674,"Evict VRAM -> RAM [Model: ab9f6fc0, Layer: 3de5daf5]"
1877130.691712,5000,465b0809-1f2a-4765-9c07-c91155ff513f,worker_1,worker_1,MEM_MOVE,13.950151,0.108986,"Evict VRAM -> RAM [Model: ab9f6fc0, Layer: 600573f1]"
1877130.802090,5000,465b0809-1f2a-4765-9c07-c91155ff513f,worker_1,worker_1,DISK_LOAD,14.128361,0.110378,"Disk -> RAM [Model: 465b0809, Layer: 680c3b98]"
1877130.912468,5000,465b0809-1f2a-4765-9c07-c91155ff513f,worker_1,worker_1,MEM_MOVE,14.128361,0.110378,"RAM -> VRAM [Model: 465b0809, Layer: 680c3b98]"
1877130.962468,5000,465b0809-1f2a-4765-9c07-c91155ff513f,worker_1,worker_1,GPU_COMPUTE,0.050000,0.050000,GPU Compute
1877131.120468,5000,465b0809-1f2a-4765-9c07-c91155ff513f,worker_1,coordinator_0,NET_TRANSFER,0.000100,0.158000,Signal Finished
1877598.659244,5000,465b0809-1f2a-4765-9c07-c91155ff513f,coordinator_0,worker_2,NET_TRANSFER,5.842360,467.538776,Distribute Layer ID: 71f3455d
1877598.704887,5000,465b0809-1f2a-4765-9c07-c91155ff513f,worker_2,worker_2,DISK_LOAD,5.842360,0.045643,"Disk -> RAM [Model: 465b0809, Layer: 71f3455d]"
1877598.750531,5000,465b0809-1f2a-4765-9c07-c91155ff513f,worker_2,worker_2,MEM_MOVE,5.842360,0.045643,"RAM -> VRAM [Model: 465b0809, Layer: 71f3455d]"
1877598.800531,5000,465b0809-1f2a-4765-9c07-c91155ff513f,worker_2,worker_2,GPU_COMPUTE,0.050000,0.050000,GPU Compute
1877598.958531,5000,465b0809-1f2a-4765-9c07-c91155ff513f,worker_2,coordinator_0,NET_TRANSFER,0.000100,0.158000,Signal Finished
1878137.936700,5000,465b0809-1f2a-4765-9c07-c91155ff513f,coordinator_0,worker_3,NET_TRANSFER,6.735352,538.978169,Distribute Layer ID: 69b9fe20
1878137.989319,5000,465b0809-1f2a-4765-9c07-c91155ff513f,worker_3,worker_3,DISK_LOAD,6.735352,0.052620,"Disk -> RAM [Model: 465b0809, Layer: 69b9fe20]"
1878138.041939,5000,465b0809-1f2a-4765-9c07-c91155ff513f,worker_3,worker_3,MEM_MOVE,6.735352,0.052620,"RAM -> VRAM [Model: 465b0809, Layer: 69b9fe20]"
1878138.091939,5000,465b0809-1f2a-4765-9c07-c91155ff513f,worker_3,worker_3,GPU_COMPUTE,0.050000,0.050000,GPU Compute
1878138.249939,5000,465b0809-1f2a-4765-9c07-c91155ff513f,worker_3,coordinator_0,NET_TRANSFER,0.000100,0.158000,Signal Finished
1878653.054598,5000,465b0809-1f2a-4765-9c07-c91155ff513f,coordinator_0,worker_4,NET_TRANSFER,6.433183,514.804659,Distribute Layer ID: ecafe22f
1878653.103012,5000,465b0809-1f2a-4765-9c07-c91155ff513f,worker_4,worker_4,MEM_MOVE,6.197007,0.048414,"Evict VRAM -> RAM [Model: 465b0809, Layer: 53f10638]"
1878653.153272,5000,465b0809-1f2a-4765-9c07-c91155ff513f,worker_4,worker_4,DISK_LOAD,6.433183,0.050259,"Disk -> RAM [Model: 465b0809, Layer: ecafe22f]"
1878653.203531,5000,465b0809-1f2a-4765-9c07-c91155ff513f,worker_4,worker_4,MEM_MOVE,6.433183,0.050259,"RAM -> VRAM [Model: 465b0809, Layer: ecafe22f]"
1878653.253531,5000,465b0809-1f2a-4765-9c07-c91155ff513f,worker_4,worker_4,GPU_COMPUTE,0.050000,0.050000,GPU Compute
1878653.411531,5000,465b0809-1f2a-4765-9c07-c91155ff513f,worker_4,coordinator_0,NET_TRANSFER,0.000100,0.158000,Signal Finished
1879357.948810,5000,465b0809-1f2a-4765-9c07-c91155ff513f,coordinator_0,worker_1,NET_TRANSFER,8.804841,704.537279,Distribute Layer ID: bc9896c4
1879358.059188,5000,465b0809-1f2a-4765-9c07-c91155ff513f,worker_1,worker_1,MEM_MOVE,14.128361,0.110378,"Evict VRAM -> RAM [Model: 465b0809, Layer: 680c3b98]"
1879358.127976,5000,465b0809-1f2a-4765-9c07-c91155ff513f,worker_1,worker_1,DISK_LOAD,8.804841,0.068788,"Disk -> RAM [Model: 465b0809, Layer: bc9896c4]"
1879358.196764,5000,465b0809-1f2a-4765-9c07-c91155ff513f,worker_1,worker_1,MEM_MOVE,8.804841,0.068788,"RAM -> VRAM [Model: 465b0809, Layer: bc9896c4]"
1879358.246764,5000,465b0809-1f2a-4765-9c07-c91155ff513f,worker_1,worker_1,GPU_COMPUTE,0.050000,0.050000,GPU Compute
1879358.404764,5000,465b0809-1f2a-4765-9c07-c91155ff513f,worker_1,coordinator_0,NET_TRANSFER,0.000100,0.158000,Signal Finished
1880310.958763,5000,465b0809-1f2a-4765-9c07-c91155ff513f,coordinator_0,worker_2,NET_TRANSFER,11.905050,952.553999,Distribute Layer ID: f76cb26f
1880311.004406,5000,465b0809-1f2a-4765-9c07-c91155ff513f,worker_2,worker_2,MEM_MOVE,5.842360,0.045643,"Evict VRAM -> RAM [Model: 465b0809, Layer: 71f3455d]"
1880311.118992,5000,465b0809-1f2a-4765-9c07-c91155ff513f,worker_2,worker_2,MEM_MOVE,14.666941,0.114585,"Evict VRAM -> RAM [Model: ab9f6fc0, Layer: fed98472]"
1880311.212000,5000,465b0809-1f2a-4765-9c07-c91155ff513f,worker_2,worker_2,DISK_LOAD,11.905050,0.093008,"Disk -> RAM [Model: 465b0809, Layer: f76cb26f]"
1880311.305008,5000,465b0809-1f2a-4765-9c07-c91155ff513f,worker_2,worker_2,MEM_MOVE,11.905050,0.093008,"RAM -> VRAM [Model: 465b0809, Layer: f76cb26f]"
1880311.355008,5000,465b0809-1f2a-4765-9c07-c91155ff513f,worker_2,worker_2,GPU_COMPUTE,0.050000,0.050000,GPU Compute
1880311.513008,5000,465b0809-1f2a-4765-9c07-c91155ff513f,worker_2,coordinator_0,NET_TRANSFER,0.000100,0.158000,Signal Finished
1881059.633364,5000,465b0809-1f2a-4765-9c07-c91155ff513f,coordinator_0,worker_3,NET_TRANSFER,9.349629,748.120356,Distribute Layer ID: 19a422cc
1881059.706408,5000,465b0809-1f2a-4765-9c07-c91155ff513f,worker_3,worker_3,DISK_LOAD,9.349629,0.073044,"Disk -> RAM [Model: 465b0809, Layer: 19a422cc]"
1881059.779452,5000,465b0809-1f2a-4765-9c07-c91155ff513f,worker_3,worker_3,MEM_MOVE,9.349629,0.073044,"RAM -> VRAM [Model: 465b0809, Layer: 19a422cc]"
1881059.829452,5000,465b0809-1f2a-4765-9c07-c91155ff513f,worker_3,worker_3,GPU_COMPUTE,0.050000,0.050000,GPU Compute
1881059.987452,5000,465b0809-1f2a-4765-9c07-c91155ff513f,worker_3,coordinator_0,NET_TRANSFER,0.000100,0.158000,Signal Finished
1881592.913110,5000,465b0809-1f2a-4765-9c07-c91155ff513f,coordinator_0,worker_4,NET_TRANSFER,6.659696,532.925659,Distribute Layer ID: 9343817e
1881592.963370,5000,465b0809-1f2a-4765-9c07-c91155ff513f,worker_4,worker_4,MEM_MOVE,6.433183,0.050259,"Evict VRAM -> RAM [Model: 465b0809, Layer: ecafe22f]"
1881593.015399,5000,465b0809-1f2a-4765-9c07-c91155ff513f,worker_4,worker_4,DISK_LOAD,6.659696,0.052029,"Disk -> RAM [Model: 465b0809, Layer: 9343817e]"
1881593.067427,5000,465b0809-1f2a-4765-9c07-c91155ff513f,worker_4,worker_4,MEM_MOVE,6.659696,0.052029,"RAM -> VRAM [Model: 465b0809, Layer: 9343817e]"
1881593.117427,5000,465b0809-1f2a-4765-9c07-c91155ff513f,worker_4,worker_4,GPU_COMPUTE,0.050000,0.050000,GPU Compute
1881593.275427,5000,465b0809-1f2a-4765-9c07-c91155ff513f,worker_4,coordinator_0,NET_TRANSFER,0.000100,0.158000,Signal Finished
1882346.882438,5000,465b0809-1f2a-4765-9c07-c91155ff513f,coordinator_0,worker_1,NET_TRANSFER,9.418213,753.607010,Distribute Layer ID: b00e6cee
1882346.956018,5000,465b0809-1f2a-4765-9c07-c91155ff513f,worker_1,worker_1,DISK_LOAD,9.418213,0.073580,"Disk -> RAM [Model: 465b0809, Layer: b00e6cee]"
1882347.029597,5000,465b0809-1f2a-4765-9c07-c91155ff513f,worker_1,worker_1,MEM_MOVE,9.418213,0.073580,"RAM -> VRAM [Model: 465b0809, Layer: b00e6cee]"
1882347.079597,5000,465b0809-1f2a-4765-9c07-c91155ff513f,worker_1,worker_1,GPU_COMPUTE,0.050000,0.050000,GPU Compute
1882347.237597,5000,465b0809-1f2a-4765-9c07-c91155ff513f,worker_1,coordinator_0,NET_TRANSFER,0.000100,0.158000,Signal Finished
1882772.417614,5000,465b0809-1f2a-4765-9c07-c91155ff513f,coordinator_0,worker_2,NET_TRANSFER,5.312875,425.180017,Distribute Layer ID: aa832108
1882772.459121,5000,465b0809-1f2a-4765-9c07-c91155ff513f,worker_2,worker_2,DISK_LOAD,5.312875,0.041507,"Disk -> RAM [Model: 465b0809, Layer: aa832108]"
1882772.500628,5000,465b0809-1f2a-4765-9c07-c91155ff513f,worker_2,worker_2,MEM_MOVE,5.312875,0.041507,"RAM -> VRAM [Model: 465b0809, Layer: aa832108]"
1882772.550628,5000,465b0809-1f2a-4765-9c07-c91155ff513f,worker_2,worker_2,GPU_COMPUTE,0.050000,0.050000,GPU Compute
1882772.708628,5000,465b0809-1f2a-4765-9c07-c91155ff513f,worker_2,coordinator_0,NET_TRANSFER,0.000100,0.158000,Signal Finished
1883308.923193,5000,465b0809-1f2a-4765-9c07-c91155ff513f,coordinator_0,worker_3,NET_TRANSFER,6.700807,536.214565,Distribute Layer ID: edd78969
1883308.975543,5000,465b0809-1f2a-4765-9c07-c91155ff513f,worker_3,worker_3,DISK_LOAD,6.700807,0.052350,"Disk -> RAM [Model: 465b0809, Layer: edd78969]"
1883309.027893,5000,465b0809-1f2a-4765-9c07-c91155ff513f,worker_3,worker_3,MEM_MOVE,6.700807,0.052350,"RAM -> VRAM [Model: 465b0809, Layer: edd78969]"
1883309.077893,5000,465b0809-1f2a-4765-9c07-c91155ff513f,worker_3,worker_3,GPU_COMPUTE,0.050000,0.050000,GPU Compute
1883309.235893,5000,465b0809-1f2a-4765-9c07-c91155ff513f,worker_3,coordinator_0,NET_TRANSFER,0.000100,0.158000,Signal Finished
1883940.646557,5000,465b0809-1f2a-4765-9c07-c91155ff513f,coordinator_0,worker_4,NET_TRANSFER,7.890758,631.410664,Distribute Layer ID: 863568d2
1883940.698586,5000,465b0809-1f2a-4765-9c07-c91155ff513f,worker_4,worker_4,MEM_MOVE,6.659696,0.052029,"Evict VRAM -> RAM [Model: 465b0809, Layer: 9343817e]"
1883940.809640,5000,465b0809-1f2a-4765-9c07-c91155ff513f,worker_4,worker_4,MEM_MOVE,14.214890,0.111054,"Evict VRAM -> RAM [Model: ab9f6fc0, Layer: e41c3eee]"
1883940.871286,5000,465b0809-1f2a-4765-9c07-c91155ff513f,worker_4,worker_4,DISK_LOAD,7.890758,0.061647,"Disk -> RAM [Model: 465b0809, Layer: 863568d2]"
1883940.932933,5000,465b0809-1f2a-4765-9c07-c91155ff513f,worker_4,worker_4,MEM_MOVE,7.890758,0.061647,"RAM -> VRAM [Model: 465b0809, Layer: 863568d2]"
1883940.982933,5000,465b0809-1f2a-4765-9c07-c91155ff513f,worker_4,worker_4,GPU_COMPUTE,0.050000,0.050000,GPU Compute
1883941.140933,5000,465b0809-1f2a-4765-9c07-c91155ff513f,worker_4,coordinator_0,NET_TRANSFER,0.000100,0.158000,Signal Finished
1884604.056478,5000,465b0809-1f2a-4765-9c07-c91155ff513f,coordinator_0,worker_1,NET_TRANSFER,8.284569,662.915545,Distribute Layer ID: 5ab90550
1884604.130058,5000,465b0809-1f2a-4765-9c07-c91155ff513f,worker_1,worker_1,MEM_MOVE,9.418213,0.073580,"Evict VRAM -> RAM [Model: 465b0809, Layer: b00e6cee]"
1884604.194781,5000,465b0809-1f2a-4765-9c07-c91155ff513f,worker_1,worker_1,DISK_LOAD,8.284569,0.064723,"Disk -> RAM [Model: 465b0809, Layer: 5ab90550]"
1884604.259504,5000,465b0809-1f2a-4765-9c07-c91155ff513f,worker_1,worker_1,MEM_MOVE,8.284569,0.064723,"RAM -> VRAM [Model: 465b0809, Layer: 5ab90550]"
1884604.309504,5000,465b0809-1f2a-4765-9c07-c91155ff513f,worker_1,worker_1,GPU_COMPUTE,0.050000,0.050000,GPU Compute
1884604.467504,5000,465b0809-1f2a-4765-9c07-c91155ff513f,worker_1,coordinator_0,NET_TRANSFER,0.000100,0.158000,Signal Finished
1885386.786095,5000,465b0809-1f2a-4765-9c07-c91155ff513f,coordinator_0,worker_2,NET_TRANSFER,9.777107,782.318591,Distribute Layer ID: 77273836
1885386.827602,5000,465b0809-1f2a-4765-9c07-c91155ff513f,worker_2,worker_2,MEM_MOVE,5.312875,0.041507,"Evict VRAM -> RAM [Model: 465b0809, Layer: aa832108]"
1885386.903985,5000,465b0809-1f2a-4765-9c07-c91155ff513f,worker_2,worker_2,DISK_LOAD,9.777107,0.076384,"Disk -> RAM [Model: 465b0809, Layer: 77273836]"
1885386.980369,5000,465b0809-1f2a-4765-9c07-c91155ff513f,worker_2,worker_2,MEM_MOVE,9.777107,0.076384,"RAM -> VRAM [Model: 465b0809, Layer: 77273836]"
1885387.030369,5000,465b0809-1f2a-4765-9c07-c91155ff513f,worker_2,worker_2,GPU_COMPUTE,0.050000,0.050000,GPU Compute
1885387.188369,5000,465b0809-1f2a-4765-9c07-c91155ff513f,worker_2,coordinator_0,NET_TRANSFER,0.000100,0.158000,Signal Finished
1886531.925840,5000,465b0809-1f2a-4765-9c07-c91155ff513f,coordinator_0,worker_3,NET_TRANSFER,14.307343,1144.737471,Distribute Layer ID: 51f10c48
1886532.037616,5000,465b0809-1f2a-4765-9c07-c91155ff513f,worker_3,worker_3,DISK_LOAD,14.307343,0.111776,"Disk -> RAM [Model: 465b0809, Layer: 51f10c48]"
1886532.149392,5000,465b0809-1f2a-4765-9c07-c91155ff513f,worker_3,worker_3,MEM_MOVE,14.307343,0.111776,"RAM -> VRAM [Model: 465b0809, Layer: 51f10c48]"
1886532.199392,5000,465b0809-1f2a-4765-9c07-c91155ff513f,worker_3,worker_3,GPU_COMPUTE,0.050000,0.050000,GPU Compute
1886532.357392,5000,465b0809-1f2a-4765-9c07-c91155ff513f,worker_3,coordinator_0,NET_TRANSFER,0.000100,0.158000,Signal Finished
1887277.038596,5000,465b0809-1f2a-4765-9c07-c91155ff513f,coordinator_0,worker_4,NET_TRANSFER,9.306640,744.681204,Distribute Layer ID: 7aaa068c
1887277.111304,5000,465b0809-1f2a-4765-9c07-c91155ff513f,worker_4,worker_4,DISK_LOAD,9.306640,0.072708,"Disk -> RAM [Model: 465b0809, Layer: 7aaa068c]"
1887277.184012,5000,465b0809-1f2a-4765-9c07-c91155ff513f,worker_4,worker_4,MEM_MOVE,9.306640,0.072708,"RAM -> VRAM [Model: 465b0809, Layer: 7aaa068c]"
1887277.234012,5000,465b0809-1f2a-4765-9c07-c91155ff513f,worker_4,worker_4,GPU_COMPUTE,0.050000,0.050000,GPU Compute
1887277.392012,5000,465b0809-1f2a-4765-9c07-c91155ff513f,worker_4,coordinator_0,NET_TRANSFER,0.000100,0.158000,Signal Finished
1888077.800779,5000,465b0809-1f2a-4765-9c07-c91155ff513f,coordinator_0,worker_1,NET_TRANSFER,10.003235,800.408767,Distribute Layer ID: c9a4b9d1
1888077.865502,5000,465b0809-1f2a-4765-9c07-c91155ff513f,worker_1,worker_1,MEM_MOVE,8.284569,0.064723,"Evict VRAM -> RAM [Model: 465b0809, Layer: 5ab90550]"
1888077.943652,5000,465b0809-1f2a-4765-9c07-c91155ff513f,worker_1,worker_1,DISK_LOAD,10.003235,0.078150,"Disk -> RAM [Model: 465b0809, Layer: c9a4b9d1]"
1888078.021803,5000,465b0809-1f2a-4765-9c07-c91155ff513f,worker_1,worker_1,MEM_MOVE,10.003235,0.078150,"RAM -> VRAM [Model: 465b0809, Layer: c9a4b9d1]"
1888078.071803,5000,465b0809-1f2a-4765-9c07-c91155ff513f,worker_1,worker_1,GPU_COMPUTE,0.050000,0.050000,GPU Compute
1888078.229803,5000,465b0809-1f2a-4765-9c07-c91155ff513f,worker_1,coordinator_0,NET_TRANSFER,0.000100,0.158000,Signal Finished
1888879.296683,5000,465b0809-1f2a-4765-9c07-c91155ff513f,coordinator_0,worker_2,NET_TRANSFER,10.011461,801.066880,Distribute Layer ID: d5f1869c
1888879.373067,5000,465b0809-1f2a-4765-9c07-c91155ff513f,worker_2,worker_2,MEM_MOVE,9.777107,0.076384,"Evict VRAM -> RAM [Model: 465b0809, Layer: 77273836]"
1888879.451281,5000,465b0809-1f2a-4765-9c07-c91155ff513f,worker_2,worker_2,DISK_LOAD,10.011461,0.078215,"Disk -> RAM [Model: 465b0809, Layer: d5f1869c]"
1888879.529496,5000,465b0809-1f2a-4765-9c07-c91155ff513f,worker_2,worker_2,MEM_MOVE,10.011461,0.078215,"RAM -> VRAM [Model: 465b0809, Layer: d5f1869c]"
1888879.579496,5000,465b0809-1f2a-4765-9c07-c91155ff513f,worker_2,worker_2,GPU_COMPUTE,0.050000,0.050000,GPU Compute
1888879.737496,5000,465b0809-1f2a-4765-9c07-c91155ff513f,worker_2,coordinator_0,NET_TRANSFER,0.000100,0.158000,Signal Finished
1890005.669215,5000,465b0809-1f2a-4765-9c07-c91155ff513f,coordinator_0,worker_3,NET_TRANSFER,14.072271,1125.931719,Distribute Layer ID: 0e3aca35
1890005.780991,5000,465b0809-1f2a-4765-9c07-c91155ff513f,worker_3,worker_3,MEM_MOVE,14.307343,0.111776,"Evict VRAM -> RAM [Model: 465b0809, Layer: 51f10c48]"
1890005.890930,5000,465b0809-1f2a-4765-9c07-c91155ff513f,worker_3,worker_3,DISK_LOAD,14.072271,0.109940,"Disk -> RAM [Model: 465b0809, Layer: 0e3aca35]"
1890006.000870,5000,465b0809-1f2a-4765-9c07-c91155ff513f,worker_3,worker_3,MEM_MOVE,14.072271,0.109940,"RAM -> VRAM [Model: 465b0809, Layer: 0e3aca35]"
1890006.050870,5000,465b0809-1f2a-4765-9c07-c91155ff513f,worker_3,worker_3,GPU_COMPUTE,0.050000,0.050000,GPU Compute
1890006.208870,5000,465b0809-1f2a-4765-9c07-c91155ff513f,worker_3,coordinator_0,NET_TRANSFER,0.000100,0.158000,Signal Finished
1890739.104835,5000,465b0809-1f2a-4765-9c07-c91155ff513f,coordinator_0,worker_4,NET_TRANSFER,9.159325,732.895965,Distribute Layer ID: b322f612
1890739.177543,5000,465b0809-1f2a-4765-9c07-c91155ff513f,worker_4,worker_4,MEM_MOVE,9.306640,0.072708,"Evict VRAM -> RAM [Model: 465b0809, Layer: 7aaa068c]"
1890739.249101,5000,465b0809-1f2a-4765-9c07-c91155ff513f,worker_4,worker_4,DISK_LOAD,9.159325,0.071557,"Disk -> RAM [Model: 465b0809, Layer: b322f612]"
1890739.320658,5000,465b0809-1f2a-4765-9c07-c91155ff513f,worker_4,worker_4,MEM_MOVE,9.159325,0.071557,"RAM -> VRAM [Model: 465b0809, Layer: b322f612]"
1890739.370658,5000,465b0809-1f2a-4765-9c07-c91155ff513f,worker_4,worker_4,GPU_COMPUTE,0.050000,0.050000,GPU Compute
1890739.528658,5000,465b0809-1f2a-4765-9c07-c91155ff513f,worker_4,coordinator_0,NET_TRANSFER,0.000100,0.158000,Signal Finished
1891353.299561,5000,465b0809-1f2a-4765-9c07-c91155ff513f,coordinator_0,worker_1,NET_TRANSFER,7.670261,613.770903,Distribute Layer ID: 1df51db6
1891353.377711,5000,465b0809-1f2a-4765-9c07-c91155ff513f,worker_1,worker_1,MEM_MOVE,10.003235,0.078150,"Evict VRAM -> RAM [Model: 465b0809, Layer: c9a4b9d1]"
1891353.437635,5000,465b0809-1f2a-4765-9c07-c91155ff513f,worker_1,worker_1,DISK_LOAD,7.670261,0.059924,"Disk -> RAM [Model: 465b0809, Layer: 1df51db6]"
1891353.497559,5000,465b0809-1f2a-4765-9c07-c91155ff513f,worker_1,worker_1,MEM_MOVE,7.670261,0.059924,"RAM -> VRAM [Model: 465b0809, Layer: 1df51db6]"
1891353.547559,5000,465b0809-1f2a-4765-9c07-c91155ff513f,worker_1,worker_1,GPU_COMPUTE,0.050000,0.050000,GPU Compute
1891353.705559,5000,465b0809-1f2a-4765-9c07-c91155ff513f,worker_1,coordinator_0,NET_TRANSFER,0.000100,0.158000,Signal Finished
1892470.270850,5000,465b0809-1f2a-4765-9c07-c91155ff513f,coordinator_0,worker_2,NET_TRANSFER,13.955191,1116.565291,Distribute Layer ID: 4dc4da16
1892470.349065,5000,465b0809-1f2a-4765-9c07-c91155ff513f,worker_2,worker_2,MEM_MOVE,10.011461,0.078215,"Evict VRAM -> RAM [Model: 465b0809, Layer: d5f1869c]"
1892470.442073,5000,465b0809-1f2a-4765-9c07-c91155ff513f,worker_2,worker_2,MEM_MOVE,11.905050,0.093008,"Evict VRAM -> RAM [Model: 465b0809, Layer: f76cb26f]"
1892470.551098,5000,465b0809-1f2a-4765-9c07-c91155ff513f,worker_2,worker_2,DISK_LOAD,13.955191,0.109025,"Disk -> RAM [Model: 465b0809, Layer: 4dc4da16]"
1892470.660123,5000,465b0809-1f2a-4765-9c07-c91155ff513f,worker_2,worker_2,MEM_MOVE,13.955191,0.109025,"RAM -> VRAM [Model: 465b0809, Layer: 4dc4da16]"
1892470.710123,5000,465b0809-1f2a-4765-9c07-c91155ff513f,worker_2,worker_2,GPU_COMPUTE,0.050000,0.050000,GPU Compute
1892470.868123,5000,465b0809-1f2a-4765-9c07-c91155ff513f,worker_2,coordinator_0,NET_TRANSFER,0.000100,0.158000,Signal Finished
1892924.161004,5000,465b0809-1f2a-4765-9c07-c91155ff513f,coordinator_0,worker_3,NET_TRANSFER,5.664286,453.292882,Distribute Layer ID: 21c4023e
1892924.205257,5000,465b0809-1f2a-4765-9c07-c91155ff513f,worker_3,worker_3,DISK_LOAD,5.664286,0.044252,"Disk -> RAM [Model: 465b0809, Layer: 21c4023e]"
1892924.249509,5000,465b0809-1f2a-4765-9c07-c91155ff513f,worker_3,worker_3,MEM_MOVE,5.664286,0.044252,"RAM -> VRAM [Model: 465b0809, Layer: 21c4023e]"
1892924.299509,5000,465b0809-1f2a-4765-9c07-c91155ff513f,worker_3,worker_3,GPU_COMPUTE,0.050000,0.050000,GPU Compute
1892924.457509,5000,465b0809-1f2a-4765-9c07-c91155ff513f,worker_3,coordinator_0,NET_TRANSFER,0.000100,0.158000,Signal Finished
1893946.692627,5000,465b0809-1f2a-4765-9c07-c91155ff513f,coordinator_0,worker_4,NET_TRANSFER,12.776064,1022.235118,Distribute Layer ID: b41a2f4a
1893946.764184,5000,465b0809-1f2a-4765-9c07-c91155ff513f,worker_4,worker_4,MEM_MOVE,9.159325,0.071557,"Evict VRAM -> RAM [Model: 465b0809, Layer: b322f612]"
1893946.863997,5000,465b0809-1f2a-4765-9c07-c91155ff513f,worker_4,worker_4,DISK_LOAD,12.776064,0.099813,"Disk -> RAM [Model: 465b0809, Layer: b41a2f4a]"
1893946.963810,5000,465b0809-1f2a-4765-9c07-c91155ff513f,worker_4,worker_4,MEM_MOVE,12.776064,0.099813,"RAM -> VRAM [Model: 465b0809, Layer: b41a2f4a]"
1893947.013810,5000,465b0809-1f2a-4765-9c07-c91155ff513f,worker_4,worker_4,GPU_COMPUTE,0.050000,0.050000,GPU Compute
1893947.171810,5000,465b0809-1f2a-4765-9c07-c91155ff513f,worker_4,coordinator_0,NET_TRANSFER,0.000100,0.158000,Signal Finished
1894582.139243,5000,465b0809-1f2a-4765-9c07-c91155ff513f,coordinator_0,worker_1,NET_TRANSFER,7.935218,634.967434,Distribute Layer ID: 737c19d5
1894582.199167,5000,465b0809-1f2a-4765-9c07-c91155ff513f,worker_1,worker_1,MEM_MOVE,7.670261,0.059924,"Evict VRAM -> RAM [Model: 465b0809, Layer: 1df51db6]"
1894582.261161,5000,465b0809-1f2a-4765-9c07-c91155ff513f,worker_1,worker_1,DISK_LOAD,7.935218,0.061994,"Disk -> RAM [Model: 465b0809, Layer: 737c19d5]"
1894582.323155,5000,465b0809-1f2a-4765-9c07-c91155ff513f,worker_1,worker_1,MEM_MOVE,7.935218,0.061994,"RAM -> VRAM [Model: 465b0809, Layer: 737c19d5]"
1894582.373155,5000,465b0809-1f2a-4765-9c07-c91155ff513f,worker_1,worker_1,GPU_COMPUTE,0.050000,0.050000,GPU Compute
1894582.531155,5000,465b0809-1f2a-4765-9c07-c91155ff513f,worker_1,coordinator_0,NET_TRANSFER,0.000100,0.158000,Signal Finished
1895457.499699,5000,465b0809-1f2a-4765-9c07-c91155ff513f,coordinator_0,worker_2,NET_TRANSFER,10.935232,874.968544,Distribute Layer ID: 66972e75
1895457.608724,5000,465b0809-1f2a-4765-9c07-c91155ff513f,worker_2,worker_2,MEM_MOVE,13.955191,0.109025,"Evict VRAM -> RAM [Model: 465b0809, Layer: 4dc4da16]"
1895457.694155,5000,465b0809-1f2a-4765-9c07-c91155ff513f,worker_2,worker_2,DISK_LOAD,10.935232,0.085431,"Disk -> RAM [Model: 465b0809, Layer: 66972e75]"
1895457.779587,5000,465b0809-1f2a-4765-9c07-c91155ff513f,worker_2,worker_2,MEM_MOVE,10.935232,0.085431,"RAM -> VRAM [Model: 465b0809, Layer: 66972e75]"
1895457.829587,5000,465b0809-1f2a-4765-9c07-c91155ff513f,worker_2,worker_2,GPU_COMPUTE,0.050000,0.050000,GPU Compute
1895457.987587,5000,465b0809-1f2a-4765-9c07-c91155ff513f,worker_2,coordinator_0,NET_TRANSFER,0.000100,0.158000,Signal Finished
1896503.536959,5000,465b0809-1f2a-4765-9c07-c91155ff513f,coordinator_0,worker_3,NET_TRANSFER,13.067492,1045.549372,Distribute Layer ID: 8e6a4917
1896503.581211,5000,465b0809-1f2a-4765-9c07-c91155ff513f,worker_3,worker_3,MEM_MOVE,5.664286,0.044252,"Evict VRAM -> RAM [Model: 465b0809, Layer: 21c4023e]"
1896503.691150,5000,465b0809-1f2a-4765-9c07-c91155ff513f,worker_3,worker_3,MEM_MOVE,14.072271,0.109940,"Evict VRAM -> RAM [Model: 465b0809, Layer: 0e3aca35]"
1896503.793240,5000,465b0809-1f2a-4765-9c07-c91155ff513f,worker_3,worker_3,DISK_LOAD,13.067492,0.102090,"Disk -> RAM [Model: 465b0809, Layer: 8e6a4917]"
1896503.895330,5000,465b0809-1f2a-4765-9c07-c91155ff513f,worker_3,worker_3,MEM_MOVE,13.067492,0.102090,"RAM -> VRAM [Model: 465b0809, Layer: 8e6a4917]"
1896503.945330,5000,465b0809-1f2a-4765-9c07-c91155ff513f,worker_3,worker_3,GPU_COMPUTE,0.050000,0.050000,GPU Compute
1896504.103330,5000,465b0809-1f2a-4765-9c07-c91155ff513f,worker_3,coordinator_0,NET_TRANSFER,0.000100,0.158000,Signal Finished
1897243.256115,5000,465b0809-1f2a-4765-9c07-c91155ff513f,coordinator_0,worker_4,NET_TRANSFER,9.237535,739.152785,Distribute Layer ID: c6d60741
1897243.355928,5000,465b0809-1f2a-4765-9c07-c91155ff513f,worker_4,worker_4,MEM_MOVE,12.776064,0.099813,"Evict VRAM -> RAM [Model: 465b0809, Layer: b41a2f4a]"
1897243.428096,5000,465b0809-1f2a-4765-9c07-c91155ff513f,worker_4,worker_4,DISK_LOAD,9.237535,0.072168,"Disk -> RAM [Model: 465b0809, Layer: c6d60741]"
1897243.500265,5000,465b0809-1f2a-4765-9c07-c91155ff513f,worker_4,worker_4,MEM_MOVE,9.237535,0.072168,"RAM -> VRAM [Model: 465b0809, Layer: c6d60741]"
1897243.550265,5000,465b0809-1f2a-4765-9c07-c91155ff513f,worker_4,worker_4,GPU_COMPUTE,0.050000,0.050000,GPU Compute
1897243.708265,5000,465b0809-1f2a-4765-9c07-c91155ff513f,worker_4,coordinator_0,NET_TRANSFER,0.000100,0.158000,Signal Finished
1898222.570566,5000,465b0809-1f2a-4765-9c07-c91155ff513f,coordinator_0,worker_1,NET_TRANSFER,12.233904,978.862302,Distribute Layer ID: 4be51b27
1898222.632560,5000,465b0809-1f2a-4765-9c07-c91155ff513f,worker_1,worker_1,MEM_MOVE,7.935218,0.061994,"Evict VRAM -> RAM [Model: 465b0809, Layer: 737c19d5]"
1898222.728138,5000,465b0809-1f2a-4765-9c07-c91155ff513f,worker_1,worker_1,DISK_LOAD,12.233904,0.095577,"Disk -> RAM [Model: 465b0809, Layer: 4be51b27]"
1898222.823715,5000,465b0809-1f2a-4765-9c07-c91155ff513f,worker_1,worker_1,MEM_MOVE,12.233904,0.095577,"RAM -> VRAM [Model: 465b0809, Layer: 4be51b27]"
1898222.873715,5000,465b0809-1f2a-4765-9c07-c91155ff513f,worker_1,worker_1,GPU_COMPUTE,0.050000,0.050000,GPU Compute
1898223.031715,5000,465b0809-1f2a-4765-9c07-c91155ff513f,worker_1,coordinator_0,NET_TRANSFER,0.000100,0.158000,Signal Finished
1898968.927054,5000,465b0809-1f2a-4765-9c07-c91155ff513f,coordinator_0,worker_2,NET_TRANSFER,9.321817,745.895339,Distribute Layer ID: acff2544
1898968.999881,5000,465b0809-1f2a-4765-9c07-c91155ff513f,worker_2,worker_2,DISK_LOAD,9.321817,0.072827,"Disk -> RAM [Model: 465b0809, Layer: acff2544]"
1898969.072708,5000,465b0809-1f2a-4765-9c07-c91155ff513f,worker_2,worker_2,MEM_MOVE,9.321817,0.072827,"RAM -> VRAM [Model: 465b0809, Layer: acff2544]"
1898969.122708,5000,465b0809-1f2a-4765-9c07-c91155ff513f,worker_2,worker_2,GPU_COMPUTE,0.050000,0.050000,GPU Compute
1898969.280708,5000,465b0809-1f2a-4765-9c07-c91155ff513f,worker_2,coordinator_0,NET_TRANSFER,0.000100,0.158000,Signal Finished
1899949.601699,5000,465b0809-1f2a-4765-9c07-c91155ff513f,coordinator_0,worker_3,NET_TRANSFER,12.252137,980.320991,Distribute Layer ID: 6e82ae23
1899949.703789,5000,465b0809-1f2a-4765-9c07-c91155ff513f,worker_3,worker_3,MEM_MOVE,13.067492,0.102090,"Evict VRAM -> RAM [Model: 465b0809, Layer: 8e6a4917]"
1899949.799509,5000,465b0809-1f2a-4765-9c07-c91155ff513f,worker_3,worker_3,DISK_LOAD,12.252137,0.095720,"Disk -> RAM [Model: 465b0809, Layer: 6e82ae23]"
1899949.895228,5000,465b0809-1f2a-4765-9c07-c91155ff513f,worker_3,worker_3,MEM_MOVE,12.252137,0.095720,"RAM -> VRAM [Model: 465b0809, Layer: 6e82ae23]"
1899949.945228,5000,465b0809-1f2a-4765-9c07-c91155ff513f,worker_3,worker_3,GPU_COMPUTE,0.050000,0.050000,GPU Compute
1899950.103228,5000,465b0809-1f2a-4765-9c07-c91155ff513f,worker_3,coordinator_0,NET_TRANSFER,0.000100,0.158000,Signal Finished
1900744.916840,6000,6609f742-f82c-4319-a137-2138d96bee8c,coordinator_0,worker_3,NET_TRANSFER,9.933295,794.813611,Distribute Layer ID: 4c57fb40
1900745.012560,6000,6609f742-f82c-4319-a137-2138d96bee8c,worker_3,worker_3,MEM_MOVE,12.252137,0.095720,"Evict VRAM -> RAM [Model: 465b0809, Layer: 6e82ae23]"
1900745.090164,6000,6609f742-f82c-4319-a137-2138d96bee8c,worker_3,worker_3,DISK_LOAD,9.933295,0.077604,"Disk -> RAM [Model: 6609f742, Layer: 4c57fb40]"
1900745.167767,6000,6609f742-f82c-4319-a137-2138d96bee8c,worker_3,worker_3,MEM_MOVE,9.933295,0.077604,"RAM -> VRAM [Model: 6609f742, Layer: 4c57fb40]"
1900745.217767,6000,6609f742-f82c-4319-a137-2138d96bee8c,worker_3,worker_3,GPU_COMPUTE,0.050000,0.050000,GPU Compute
1900745.375767,6000,6609f742-f82c-4319-a137-2138d96bee8c,worker_3,coordinator_0,NET_TRANSFER,0.000100,0.158000,Signal Finished
1901398.198044,6000,6609f742-f82c-4319-a137-2138d96bee8c,coordinator_0,worker_4,NET_TRANSFER,8.158403,652.822276,Distribute Layer ID: b484a84c
1901398.270212,6000,6609f742-f82c-4319-a137-2138d96bee8c,worker_4,worker_4,MEM_MOVE,9.237535,0.072168,"Evict VRAM -> RAM [Model: 465b0809, Layer: c6d60741]"
1901398.333950,6000,6609f742-f82c-4319-a137-2138d96bee8c,worker_4,worker_4,DISK_LOAD,8.158403,0.063738,"Disk -> RAM [Model: 6609f742, Layer: b484a84c]"
1901398.397687,6000,6609f742-f82c-4319-a137-2138d96bee8c,worker_4,worker_4,MEM_MOVE,8.158403,0.063738,"RAM -> VRAM [Model: 6609f742, Layer: b484a84c]"
1901398.447687,6000,6609f742-f82c-4319-a137-2138d96bee8c,worker_4,worker_4,GPU_COMPUTE,0.050000,0.050000,GPU Compute
1901398.605687,6000,6609f742-f82c-4319-a137-2138d96bee8c,worker_4,coordinator_0,NET_TRANSFER,0.000100,0.158000,Signal Finished
1902572.200150,6000,6609f742-f82c-4319-a137-2138d96bee8c,coordinator_0,worker_1,NET_TRANSFER,14.668056,1173.594463,Distribute Layer ID: 54a2407b
1902572.295728,6000,6609f742-f82c-4319-a137-2138d96bee8c,worker_1,worker_1,MEM_MOVE,12.233904,0.095577,"Evict VRAM -> RAM [Model: 465b0809, Layer: 4be51b27]"
1902572.364515,6000,6609f742-f82c-4319-a137-2138d96bee8c,worker_1,worker_1,MEM_MOVE,8.804841,0.068788,"Evict VRAM -> RAM [Model: 465b0809, Layer: bc9896c4]"
1902572.479110,6000,6609f742-f82c-4319-a137-2138d96bee8c,worker_1,worker_1,DISK_LOAD,14.668056,0.114594,"Disk -> RAM [Model: 6609f742, Layer: 54a2407b]"
1902572.593704,6000,6609f742-f82c-4319-a137-2138d96bee8c,worker_1,worker_1,MEM_MOVE,14.668056,0.114594,"RAM -> VRAM [Model: 6609f742, Layer: 54a2407b]"
1902572.643704,6000,6609f742-f82c-4319-a137-2138d96bee8c,worker_1,worker_1,GPU_COMPUTE,0.050000,0.050000,GPU Compute
1902572.801704,6000,6609f742-f82c-4319-a137-2138d96bee8c,worker_1,coordinator_0,NET_TRANSFER,0.000100,0.158000,Signal Finished
1903650.313829,6000,6609f742-f82c-4319-a137-2138d96bee8c,coordinator_0,worker_2,NET_TRANSFER,13.467027,1077.512125,Distribute Layer ID: d7923a91
1903650.386656,6000,6609f742-f82c-4319-a137-2138d96bee8c,worker_2,worker_2,MEM_MOVE,9.321817,0.072827,"Evict VRAM -> RAM [Model: 465b0809, Layer: acff2544]"
1903650.472087,6000,6609f742-f82c-4319-a137-2138d96bee8c,worker_2,worker_2,MEM_MOVE,10.935232,0.085431,"Evict VRAM -> RAM [Model: 465b0809, Layer: 66972e75]"
1903650.577299,6000,6609f742-f82c-4319-a137-2138d96bee8c,worker_2,worker_2,DISK_LOAD,13.467027,0.105211,"Disk -> RAM [Model: 6609f742, Layer: d7923a91]"
1903650.682510,6000,6609f742-f82c-4319-a137-2138d96bee8c,worker_2,worker_2,MEM_MOVE,13.467027,0.105211,"RAM -> VRAM [Model: 6609f742, Layer: d7923a91]"
1903650.732510,6000,6609f742-f82c-4319-a137-2138d96bee8c,worker_2,worker_2,GPU_COMPUTE,0.050000,0.050000,GPU Compute
1903650.890510,6000,6609f742-f82c-4319-a137-2138d96bee8c,worker_2,coordinator_0,NET_TRANSFER,0.000100,0.158000,Signal Finished
1904178.823416,6000,6609f742-f82c-4319-a137-2138d96bee8c,coordinator_0,worker_3,NET_TRANSFER,6.597286,527.932907,Distribute Layer ID: 0382123a
1904178.981416,8002,d30af60d-f79e-45ce-a754-bfdfcd8b236c,client_8,coordinator_0,NET_TRANSFER,0.000100,0.158000,Request Model ID
1904179.139416,1002,d4965426-a3d1-4387-b3b7-7043d09ef380,client_1,coordinator_0,NET_TRANSFER,0.000100,0.158000,Request Model ID
1904179.297416,4001,4facc46c-ad7c-4d01-ba5e-74a30664ea70,coordinator_0,client_4,NET_TRANSFER,0.000100,0.158000,Signal: Cache Miss / Request Weights
1939422.920507,4001,4facc46c-ad7c-4d01-ba5e-74a30664ea70,client_4,coordinator_0,NET_TRANSFER,440.543414,35243.623090,Upload Model Weights
1939423.078507,7001,bf972bb9-7202-4e03-9bc7-ecaa953eb2b8,coordinator_0,client_7,NET_TRANSFER,0.000100,0.158000,Signal: Cache Miss / Request Weights
1968992.585753,7001,bf972bb9-7202-4e03-9bc7-ecaa953eb2b8,client_7,coordinator_0,NET_TRANSFER,369.616966,29569.507246,Upload Model Weights
1968992.743753,9001,773a6b7b-bf00-48fc-ba23-a7d203f1988c,coordinator_0,client_9,NET_TRANSFER,0.000100,0.158000,Signal: Cache Miss / Request Weights
2018328.705009,9001,773a6b7b-bf00-48fc-ba23-a7d203f1988c,client_9,coordinator_0,NET_TRANSFER,616.697641,49335.961256,Upload Model Weights
2018328.863009,1001,6719b99a-d5dd-40b4-a9ed-2c8af6965e4a,coordinator_0,client_1,NET_TRANSFER,0.000100,0.158000,Signal: Cache Miss / Request Weights
2060393.338423,1001,6719b99a-d5dd-40b4-a9ed-2c8af6965e4a,client_1,coordinator_0,NET_TRANSFER,525.804068,42064.475414,Upload Model Weights
2060393.496423,10001,ebbbe628-24da-46bd-832f-2fdefdd74410,coordinator_0,client_10,NET_TRANSFER,0.000100,0.158000,Signal: Cache Miss / Request Weights
2094921.539175,10001,ebbbe628-24da-46bd-832f-2fdefdd74410,client_10,coordinator_0,NET_TRANSFER,431.598659,34528.042752,Upload Model Weights
2094921.697175,4002,b707a332-9d3a-49c4-93ec-98a4b05713c0,client_4,coordinator_0,NET_TRANSFER,0.000100,0.158000,Request Model ID
2094921.748717,6000,6609f742-f82c-4319-a137-2138d96bee8c,worker_3,worker_3,DISK_LOAD,6.597286,0.051541,"Disk -> RAM [Model: 6609f742, Layer: 0382123a]"
2094921.800258,6000,6609f742-f82c-4319-a137-2138d96bee8c,worker_3,worker_3,MEM_MOVE,6.597286,0.051541,"RAM -> VRAM [Model: 6609f742, Layer: 0382123a]"
2094921.850258,6000,6609f742-f82c-4319-a137-2138d96bee8c,worker_3,worker_3,GPU_COMPUTE,0.050000,0.050000,GPU Compute
2094922.008258,6000,6609f742-f82c-4319-a137-2138d96bee8c,worker_3,coordinator_0,NET_TRANSFER,0.000100,0.158000,Signal Finished
2095505.495336,6000,6609f742-f82c-4319-a137-2138d96bee8c,coordinator_0,worker_4,NET_TRANSFER,7.291713,583.487079,Distribute Layer ID: 3301899f
2095505.559074,6000,6609f742-f82c-4319-a137-2138d96bee8c,worker_4,worker_4,MEM_MOVE,8.158403,0.063738,"Evict VRAM -> RAM [Model: 6609f742, Layer: b484a84c]"
2095505.616041,6000,6609f742-f82c-4319-a137-2138d96bee8c,worker_4,worker_4,DISK_LOAD,7.291713,0.056967,"Disk -> RAM [Model: 6609f742, Layer: 3301899f]"
2095505.673007,6000,6609f742-f82c-4319-a137-2138d96bee8c,worker_4,worker_4,MEM_MOVE,7.291713,0.056967,"RAM -> VRAM [Model: 6609f742, Layer: 3301899f]"
2095505.723007,6000,6609f742-f82c-4319-a137-2138d96bee8c,worker_4,worker_4,GPU_COMPUTE,0.050000,0.050000,GPU Compute
2095505.881007,6000,6609f742-f82c-4319-a137-2138d96bee8c,worker_4,coordinator_0,NET_TRANSFER,0.000100,0.158000,Signal Finished
2096366.035055,6000,6609f742-f82c-4319-a137-2138d96bee8c,coordinator_0,worker_1,NET_TRANSFER,10.750051,860.154048,Distribute Layer ID: 17af2271
2096366.149650,6000,6609f742-f82c-4319-a137-2138d96bee8c,worker_1,worker_1,MEM_MOVE,14.668056,0.114594,"Evict VRAM -> RAM [Model: 6609f742, Layer: 54a2407b]"
2096366.233634,6000,6609f742-f82c-4319-a137-2138d96bee8c,worker_1,worker_1,DISK_LOAD,10.750051,0.083985,"Disk -> RAM [Model: 6609f742, Layer: 17af2271]"
2096366.317619,6000,6609f742-f82c-4319-a137-2138d96bee8c,worker_1,worker_1,MEM_MOVE,10.750051,0.083985,"RAM -> VRAM [Model: 6609f742, Layer: 17af2271]"
2096366.367619,6000,6609f742-f82c-4319-a137-2138d96bee8c,worker_1,worker_1,GPU_COMPUTE,0.050000,0.050000,GPU Compute
2096366.525619,6000,6609f742-f82c-4319-a137-2138d96bee8c,worker_1,coordinator_0,NET_TRANSFER,0.000100,0.158000,Signal Finished
2097423.047875,6000,6609f742-f82c-4319-a137-2138d96bee8c,coordinator_0,worker_2,NET_TRANSFER,13.204653,1056.522255,Distribute Layer ID: 4d86e707
2097423.153086,6000,6609f742-f82c-4319-a137-2138d96bee8c,worker_2,worker_2,MEM_MOVE,13.467027,0.105211,"Evict VRAM -> RAM [Model: 6609f742, Layer: d7923a91]"
2097423.256247,6000,6609f742-f82c-4319-a137-2138d96bee8c,worker_2,worker_2,DISK_LOAD,13.204653,0.103161,"Disk -> RAM [Model: 6609f742, Layer: 4d86e707]"
2097423.359408,6000,6609f742-f82c-4319-a137-2138d96bee8c,worker_2,worker_2,MEM_MOVE,13.204653,0.103161,"RAM -> VRAM [Model: 6609f742, Layer: 4d86e707]"
2097423.409408,6000,6609f742-f82c-4319-a137-2138d96bee8c,worker_2,worker_2,GPU_COMPUTE,0.050000,0.050000,GPU Compute
2097423.567408,6000,6609f742-f82c-4319-a137-2138d96bee8c,worker_2,coordinator_0,NET_TRANSFER,0.000100,0.158000,Signal Finished
2098102.485034,6000,6609f742-f82c-4319-a137-2138d96bee8c,coordinator_0,worker_3,NET_TRANSFER,8.484595,678.917625,Distribute Layer ID: 4a591a95
2098102.536575,6000,6609f742-f82c-4319-a137-2138d96bee8c,worker_3,worker_3,MEM_MOVE,6.597286,0.051541,"Evict VRAM -> RAM [Model: 6609f742, Layer: 0382123a]"
2098102.602861,6000,6609f742-f82c-4319-a137-2138d96bee8c,worker_3,worker_3,DISK_LOAD,8.484595,0.066286,"Disk -> RAM [Model: 6609f742, Layer: 4a591a95]"
2098102.669147,6000,6609f742-f82c-4319-a137-2138d96bee8c,worker_3,worker_3,MEM_MOVE,8.484595,0.066286,"RAM -> VRAM [Model: 6609f742, Layer: 4a591a95]"
2098102.719147,6000,6609f742-f82c-4319-a137-2138d96bee8c,worker_3,worker_3,GPU_COMPUTE,0.050000,0.050000,GPU Compute
2098102.877147,6000,6609f742-f82c-4319-a137-2138d96bee8c,worker_3,coordinator_0,NET_TRANSFER,0.000100,0.158000,Signal Finished
2098766.843298,6000,6609f742-f82c-4319-a137-2138d96bee8c,coordinator_0,worker_4,NET_TRANSFER,8.297702,663.966151,Distribute Layer ID: da6f64fd
2098766.900264,6000,6609f742-f82c-4319-a137-2138d96bee8c,worker_4,worker_4,MEM_MOVE,7.291713,0.056967,"Evict VRAM -> RAM [Model: 6609f742, Layer: 3301899f]"
2098766.965090,6000,6609f742-f82c-4319-a137-2138d96bee8c,worker_4,worker_4,DISK_LOAD,8.297702,0.064826,"Disk -> RAM [Model: 6609f742, Layer: da6f64fd]"
2098767.029916,6000,6609f742-f82c-4319-a137-2138d96bee8c,worker_4,worker_4,MEM_MOVE,8.297702,0.064826,"RAM -> VRAM [Model: 6609f742, Layer: da6f64fd]"
2098767.079916,6000,6609f742-f82c-4319-a137-2138d96bee8c,worker_4,worker_4,GPU_COMPUTE,0.050000,0.050000,GPU Compute
2098767.237916,6000,6609f742-f82c-4319-a137-2138d96bee8c,worker_4,coordinator_0,NET_TRANSFER,0.000100,0.158000,Signal Finished
2099545.537540,6000,6609f742-f82c-4319-a137-2138d96bee8c,coordinator_0,worker_1,NET_TRANSFER,9.726870,778.299624,Distribute Layer ID: 47c77448
2099545.613531,6000,6609f742-f82c-4319-a137-2138d96bee8c,worker_1,worker_1,DISK_LOAD,9.726870,0.075991,"Disk -> RAM [Model: 6609f742, Layer: 47c77448]"
2099545.689522,6000,6609f742-f82c-4319-a137-2138d96bee8c,worker_1,worker_1,MEM_MOVE,9.726870,0.075991,"RAM -> VRAM [Model: 6609f742, Layer: 47c77448]"
2099545.739522,6000,6609f742-f82c-4319-a137-2138d96bee8c,worker_1,worker_1,GPU_COMPUTE,0.050000,0.050000,GPU Compute
2099545.897522,6000,6609f742-f82c-4319-a137-2138d96bee8c,worker_1,coordinator_0,NET_TRANSFER,0.000100,0.158000,Signal Finished
2100300.918677,6000,6609f742-f82c-4319-a137-2138d96bee8c,coordinator_0,worker_2,NET_TRANSFER,9.435889,755.021155,Distribute Layer ID: 0edea476
2100300.992394,6000,6609f742-f82c-4319-a137-2138d96bee8c,worker_2,worker_2,DISK_LOAD,9.435889,0.073718,"Disk -> RAM [Model: 6609f742, Layer: 0edea476]"
2100301.066112,6000,6609f742-f82c-4319-a137-2138d96bee8c,worker_2,worker_2,MEM_MOVE,9.435889,0.073718,"RAM -> VRAM [Model: 6609f742, Layer: 0edea476]"
2100301.116112,6000,6609f742-f82c-4319-a137-2138d96bee8c,worker_2,worker_2,GPU_COMPUTE,0.050000,0.050000,GPU Compute
2100301.274112,6000,6609f742-f82c-4319-a137-2138d96bee8c,worker_2,coordinator_0,NET_TRANSFER,0.000100,0.158000,Signal Finished
2101199.275915,6000,6609f742-f82c-4319-a137-2138d96bee8c,coordinator_0,worker_3,NET_TRANSFER,11.223148,898.001803,Distribute Layer ID: 916bf5f7
2101199.342201,6000,6609f742-f82c-4319-a137-2138d96bee8c,worker_3,worker_3,MEM_MOVE,8.484595,0.066286,"Evict VRAM -> RAM [Model: 6609f742, Layer: 4a591a95]"
2101199.419805,6000,6609f742-f82c-4319-a137-2138d96bee8c,worker_3,worker_3,MEM_MOVE,9.933295,0.077604,"Evict VRAM -> RAM [Model: 6609f742, Layer: 4c57fb40]"
2101199.507486,6000,6609f742-f82c-4319-a137-2138d96bee8c,worker_3,worker_3,DISK_LOAD,11.223148,0.087681,"Disk -> RAM [Model: 6609f742, Layer: 916bf5f7]"
2101199.595167,6000,6609f742-f82c-4319-a137-2138d96bee8c,worker_3,worker_3,MEM_MOVE,11.223148,0.087681,"RAM -> VRAM [Model: 6609f742, Layer: 916bf5f7]"
2101199.645167,6000,6609f742-f82c-4319-a137-2138d96bee8c,worker_3,worker_3,GPU_COMPUTE,0.050000,0.050000,GPU Compute
2101199.803167,6000,6609f742-f82c-4319-a137-2138d96bee8c,worker_3,coordinator_0,NET_TRANSFER,0.000100,0.158000,Signal Finished
2101682.280653,6000,6609f742-f82c-4319-a137-2138d96bee8c,coordinator_0,worker_4,NET_TRANSFER,6.029094,482.477487,Distribute Layer ID: ebf55396
2101682.345479,6000,6609f742-f82c-4319-a137-2138d96bee8c,worker_4,worker_4,MEM_MOVE,8.297702,0.064826,"Evict VRAM -> RAM [Model: 6609f742, Layer: da6f64fd]"
2101682.392581,6000,6609f742-f82c-4319-a137-2138d96bee8c,worker_4,worker_4,DISK_LOAD,6.029094,0.047102,"Disk -> RAM [Model: 6609f742, Layer: ebf55396]"
2101682.439684,6000,6609f742-f82c-4319-a137-2138d96bee8c,worker_4,worker_4,MEM_MOVE,6.029094,0.047102,"RAM -> VRAM [Model: 6609f742, Layer: ebf55396]"
2101682.489684,6000,6609f742-f82c-4319-a137-2138d96bee8c,worker_4,worker_4,GPU_COMPUTE,0.050000,0.050000,GPU Compute
2101682.647684,6000,6609f742-f82c-4319-a137-2138d96bee8c,worker_4,coordinator_0,NET_TRANSFER,0.000100,0.158000,Signal Finished
2102520.114139,6000,6609f742-f82c-4319-a137-2138d96bee8c,coordinator_0,worker_1,NET_TRANSFER,10.466456,837.466455,Distribute Layer ID: 3b77fecf
2102520.190130,6000,6609f742-f82c-4319-a137-2138d96bee8c,worker_1,worker_1,MEM_MOVE,9.726870,0.075991,"Evict VRAM -> RAM [Model: 6609f742, Layer: 47c77448]"
2102520.271899,6000,6609f742-f82c-4319-a137-2138d96bee8c,worker_1,worker_1,DISK_LOAD,10.466456,0.081769,"Disk -> RAM [Model: 6609f742, Layer: 3b77fecf]"
2102520.353668,6000,6609f742-f82c-4319-a137-2138d96bee8c,worker_1,worker_1,MEM_MOVE,10.466456,0.081769,"RAM -> VRAM [Model: 6609f742, Layer: 3b77fecf]"
2102520.403668,6000,6609f742-f82c-4319-a137-2138d96bee8c,worker_1,worker_1,GPU_COMPUTE,0.050000,0.050000,GPU Compute
2102520.561668,6000,6609f742-f82c-4319-a137-2138d96bee8c,worker_1,coordinator_0,NET_TRANSFER,0.000100,0.158000,Signal Finished
2103641.416688,6000,6609f742-f82c-4319-a137-2138d96bee8c,coordinator_0,worker_2,NET_TRANSFER,14.008813,1120.855020,Distribute Layer ID: 67d4eae5
2103641.490406,6000,6609f742-f82c-4319-a137-2138d96bee8c,worker_2,worker_2,MEM_MOVE,9.435889,0.073718,"Evict VRAM -> RAM [Model: 6609f742, Layer: 0edea476]"
2103641.593567,6000,6609f742-f82c-4319-a137-2138d96bee8c,worker_2,worker_2,MEM_MOVE,13.204653,0.103161,"Evict VRAM -> RAM [Model: 6609f742, Layer: 4d86e707]"
2103641.703011,6000,6609f742-f82c-4319-a137-2138d96bee8c,worker_2,worker_2,DISK_LOAD,14.008813,0.109444,"Disk -> RAM [Model: 6609f742, Layer: 67d4eae5]"
2103641.812455,6000,6609f742-f82c-4319-a137-2138d96bee8c,worker_2,worker_2,MEM_MOVE,14.008813,0.109444,"RAM -> VRAM [Model: 6609f742, Layer: 67d4eae5]"
2103641.862455,6000,6609f742-f82c-4319-a137-2138d96bee8c,worker_2,worker_2,GPU_COMPUTE,0.050000,0.050000,GPU Compute
2103642.020455,6000,6609f742-f82c-4319-a137-2138d96bee8c,worker_2,coordinator_0,NET_TRANSFER,0.000100,0.158000,Signal Finished
2104582.029875,6000,6609f742-f82c-4319-a137-2138d96bee8c,coordinator_0,worker_3,NET_TRANSFER,11.748243,940.009420,Distribute Layer ID: 2644efd7
2104582.117556,6000,6609f742-f82c-4319-a137-2138d96bee8c,worker_3,worker_3,MEM_MOVE,11.223148,0.087681,"Evict VRAM -> RAM [Model: 6609f742, Layer: 916bf5f7]"
2104582.209339,6000,6609f742-f82c-4319-a137-2138d96bee8c,worker_3,worker_3,DISK_LOAD,11.748243,0.091783,"Disk -> RAM [Model: 6609f742, Layer: 2644efd7]"
2104582.301122,6000,6609f742-f82c-4319-a137-2138d96bee8c,worker_3,worker_3,MEM_MOVE,11.748243,0.091783,"RAM -> VRAM [Model: 6609f742, Layer: 2644efd7]"
2104582.351122,6000,6609f742-f82c-4319-a137-2138d96bee8c,worker_3,worker_3,GPU_COMPUTE,0.050000,0.050000,GPU Compute
2104582.509122,6000,6609f742-f82c-4319-a137-2138d96bee8c,worker_3,coordinator_0,NET_TRANSFER,0.000100,0.158000,Signal Finished
2105427.045424,6000,6609f742-f82c-4319-a137-2138d96bee8c,coordinator_0,worker_4,NET_TRANSFER,10.554829,844.536302,Distribute Layer ID: e9c5cf47
2105427.092526,6000,6609f742-f82c-4319-a137-2138d96bee8c,worker_4,worker_4,MEM_MOVE,6.029094,0.047102,"Evict VRAM -> RAM [Model: 6609f742, Layer: ebf55396]"
2105427.174986,6000,6609f742-f82c-4319-a137-2138d96bee8c,worker_4,worker_4,DISK_LOAD,10.554829,0.082460,"Disk -> RAM [Model: 6609f742, Layer: e9c5cf47]"
2105427.257446,6000,6609f742-f82c-4319-a137-2138d96bee8c,worker_4,worker_4,MEM_MOVE,10.554829,0.082460,"RAM -> VRAM [Model: 6609f742, Layer: e9c5cf47]"
2105427.307446,6000,6609f742-f82c-4319-a137-2138d96bee8c,worker_4,worker_4,GPU_COMPUTE,0.050000,0.050000,GPU Compute
2105427.465446,6000,6609f742-f82c-4319-a137-2138d96bee8c,worker_4,coordinator_0,NET_TRANSFER,0.000100,0.158000,Signal Finished
2105867.665746,6000,6609f742-f82c-4319-a137-2138d96bee8c,coordinator_0,worker_1,NET_TRANSFER,5.500629,440.200301,Distribute Layer ID: 5e3e9a45
2105867.747515,6000,6609f742-f82c-4319-a137-2138d96bee8c,worker_1,worker_1,MEM_MOVE,10.466456,0.081769,"Evict VRAM -> RAM [Model: 6609f742, Layer: 3b77fecf]"
2105867.790489,6000,6609f742-f82c-4319-a137-2138d96bee8c,worker_1,worker_1,DISK_LOAD,5.500629,0.042974,"Disk -> RAM [Model: 6609f742, Layer: 5e3e9a45]"
2105867.833463,6000,6609f742-f82c-4319-a137-2138d96bee8c,worker_1,worker_1,MEM_MOVE,5.500629,0.042974,"RAM -> VRAM [Model: 6609f742, Layer: 5e3e9a45]"
2105867.883463,6000,6609f742-f82c-4319-a137-2138d96bee8c,worker_1,worker_1,GPU_COMPUTE,0.050000,0.050000,GPU Compute
2105868.041463,6000,6609f742-f82c-4319-a137-2138d96bee8c,worker_1,coordinator_0,NET_TRANSFER,0.000100,0.158000,Signal Finished
2106768.019416,6000,6609f742-f82c-4319-a137-2138d96bee8c,coordinator_0,worker_2,NET_TRANSFER,11.247849,899.977953,Distribute Layer ID: a16709fe
2106768.128860,6000,6609f742-f82c-4319-a137-2138d96bee8c,worker_2,worker_2,MEM_MOVE,14.008813,0.109444,"Evict VRAM -> RAM [Model: 6609f742, Layer: 67d4eae5]"
2106768.216734,6000,6609f742-f82c-4319-a137-2138d96bee8c,worker_2,worker_2,DISK_LOAD,11.247849,0.087874,"Disk -> RAM [Model: 6609f742, Layer: a16709fe]"
2106768.304608,6000,6609f742-f82c-4319-a137-2138d96bee8c,worker_2,worker_2,MEM_MOVE,11.247849,0.087874,"RAM -> VRAM [Model: 6609f742, Layer: a16709fe]"
2106768.354608,6000,6609f742-f82c-4319-a137-2138d96bee8c,worker_2,worker_2,GPU_COMPUTE,0.050000,0.050000,GPU Compute
2106768.512608,6000,6609f742-f82c-4319-a137-2138d96bee8c,worker_2,coordinator_0,NET_TRANSFER,0.000100,0.158000,Signal Finished
2107505.710953,6000,6609f742-f82c-4319-a137-2138d96bee8c,coordinator_0,worker_3,NET_TRANSFER,9.213104,737.198346,Distribute Layer ID: 79fecc06
2107505.802736,6000,6609f742-f82c-4319-a137-2138d96bee8c,worker_3,worker_3,MEM_MOVE,11.748243,0.091783,"Evict VRAM -> RAM [Model: 6609f742, Layer: 2644efd7]"
2107505.874714,6000,6609f742-f82c-4319-a137-2138d96bee8c,worker_3,worker_3,DISK_LOAD,9.213104,0.071977,"Disk -> RAM [Model: 6609f742, Layer: 79fecc06]"
2107505.946691,6000,6609f742-f82c-4319-a137-2138d96bee8c,worker_3,worker_3,MEM_MOVE,9.213104,0.071977,"RAM -> VRAM [Model: 6609f742, Layer: 79fecc06]"
2107505.996691,6000,6609f742-f82c-4319-a137-2138d96bee8c,worker_3,worker_3,GPU_COMPUTE,0.050000,0.050000,GPU Compute
2107506.154691,6000,6609f742-f82c-4319-a137-2138d96bee8c,worker_3,coordinator_0,NET_TRANSFER,0.000100,0.158000,Signal Finished
2108441.860341,6000,6609f742-f82c-4319-a137-2138d96bee8c,coordinator_0,worker_4,NET_TRANSFER,11.694446,935.705650,Distribute Layer ID: 92a550df
2108441.942801,6000,6609f742-f82c-4319-a137-2138d96bee8c,worker_4,worker_4,MEM_MOVE,10.554829,0.082460,"Evict VRAM -> RAM [Model: 6609f742, Layer: e9c5cf47]"
2108442.034163,6000,6609f742-f82c-4319-a137-2138d96bee8c,worker_4,worker_4,DISK_LOAD,11.694446,0.091363,"Disk -> RAM [Model: 6609f742, Layer: 92a550df]"
2108442.125526,6000,6609f742-f82c-4319-a137-2138d96bee8c,worker_4,worker_4,MEM_MOVE,11.694446,0.091363,"RAM -> VRAM [Model: 6609f742, Layer: 92a550df]"
2108442.175526,6000,6609f742-f82c-4319-a137-2138d96bee8c,worker_4,worker_4,GPU_COMPUTE,0.050000,0.050000,GPU Compute
2108442.333526,6000,6609f742-f82c-4319-a137-2138d96bee8c,worker_4,coordinator_0,NET_TRANSFER,0.000100,0.158000,Signal Finished
2109054.608662,6000,6609f742-f82c-4319-a137-2138d96bee8c,coordinator_0,worker_1,NET_TRANSFER,7.651564,612.275136,Distribute Layer ID: ce7ce787
2109054.651636,6000,6609f742-f82c-4319-a137-2138d96bee8c,worker_1,worker_1,MEM_MOVE,5.500629,0.042974,"Evict VRAM -> RAM [Model: 6609f742, Layer: 5e3e9a45]"
2109054.711414,6000,6609f742-f82c-4319-a137-2138d96bee8c,worker_1,worker_1,DISK_LOAD,7.651564,0.059778,"Disk -> RAM [Model: 6609f742, Layer: ce7ce787]"
2109054.771192,6000,6609f742-f82c-4319-a137-2138d96bee8c,worker_1,worker_1,MEM_MOVE,7.651564,0.059778,"RAM -> VRAM [Model: 6609f742, Layer: ce7ce787]"
2109054.821192,6000,6609f742-f82c-4319-a137-2138d96bee8c,worker_1,worker_1,GPU_COMPUTE,0.050000,0.050000,GPU Compute
2109054.979192,6000,6609f742-f82c-4319-a137-2138d96bee8c,worker_1,coordinator_0,NET_TRANSFER,0.000100,0.158000,Signal Finished
2110224.937174,6000,6609f742-f82c-4319-a137-2138d96bee8c,coordinator_0,worker_2,NET_TRANSFER,14.622600,1169.957983,Distribute Layer ID: 3c2d0bda
2110225.025048,6000,6609f742-f82c-4319-a137-2138d96bee8c,worker_2,worker_2,MEM_MOVE,11.247849,0.087874,"Evict VRAM -> RAM [Model: 6609f742, Layer: a16709fe]"
2110225.139287,6000,6609f742-f82c-4319-a137-2138d96bee8c,worker_2,worker_2,DISK_LOAD,14.622600,0.114239,"Disk -> RAM [Model: 6609f742, Layer: 3c2d0bda]"
2110225.253526,6000,6609f742-f82c-4319-a137-2138d96bee8c,worker_2,worker_2,MEM_MOVE,14.622600,0.114239,"RAM -> VRAM [Model: 6609f742, Layer: 3c2d0bda]"
2110225.303526,6000,6609f742-f82c-4319-a137-2138d96bee8c,worker_2,worker_2,GPU_COMPUTE,0.050000,0.050000,GPU Compute
2110225.461526,6000,6609f742-f82c-4319-a137-2138d96bee8c,worker_2,coordinator_0,NET_TRANSFER,0.000100,0.158000,Signal Finished
2110763.684095,6000,6609f742-f82c-4319-a137-2138d96bee8c,coordinator_0,worker_3,NET_TRANSFER,6.725907,538.222569,Distribute Layer ID: 071f35b9
2110763.736641,6000,6609f742-f82c-4319-a137-2138d96bee8c,worker_3,worker_3,DISK_LOAD,6.725907,0.052546,"Disk -> RAM [Model: 6609f742, Layer: 071f35b9]"
2110763.789187,6000,6609f742-f82c-4319-a137-2138d96bee8c,worker_3,worker_3,MEM_MOVE,6.725907,0.052546,"RAM -> VRAM [Model: 6609f742, Layer: 071f35b9]"
2110763.839187,6000,6609f742-f82c-4319-a137-2138d96bee8c,worker_3,worker_3,GPU_COMPUTE,0.050000,0.050000,GPU Compute
2110763.997187,6000,6609f742-f82c-4319-a137-2138d96bee8c,worker_3,coordinator_0,NET_TRANSFER,0.000100,0.158000,Signal Finished
2111397.735158,6000,6609f742-f82c-4319-a137-2138d96bee8c,coordinator_0,worker_4,NET_TRANSFER,7.919850,633.737971,Distribute Layer ID: 3892a6b0
2111397.826521,6000,6609f742-f82c-4319-a137-2138d96bee8c,worker_4,worker_4,MEM_MOVE,11.694446,0.091363,"Evict VRAM -> RAM [Model: 6609f742, Layer: 92a550df]"
2111397.888395,6000,6609f742-f82c-4319-a137-2138d96bee8c,worker_4,worker_4,DISK_LOAD,7.919850,0.061874,"Disk -> RAM [Model: 6609f742, Layer: 3892a6b0]"
2111397.950269,6000,6609f742-f82c-4319-a137-2138d96bee8c,worker_4,worker_4,MEM_MOVE,7.919850,0.061874,"RAM -> VRAM [Model: 6609f742, Layer: 3892a6b0]"
2111398.000269,6000,6609f742-f82c-4319-a137-2138d96bee8c,worker_4,worker_4,GPU_COMPUTE,0.050000,0.050000,GPU Compute
2111398.158269,6000,6609f742-f82c-4319-a137-2138d96bee8c,worker_4,coordinator_0,NET_TRANSFER,0.000100,0.158000,Signal Finished
2112154.997983,6000,6609f742-f82c-4319-a137-2138d96bee8c,coordinator_0,worker_1,NET_TRANSFER,9.458621,756.839714,Distribute Layer ID: 0ceccecd
2112155.057761,6000,6609f742-f82c-4319-a137-2138d96bee8c,worker_1,worker_1,MEM_MOVE,7.651564,0.059778,"Evict VRAM -> RAM [Model: 6609f742, Layer: ce7ce787]"
2112155.131656,6000,6609f742-f82c-4319-a137-2138d96bee8c,worker_1,worker_1,DISK_LOAD,9.458621,0.073895,"Disk -> RAM [Model: 6609f742, Layer: 0ceccecd]"
2112155.205552,6000,6609f742-f82c-4319-a137-2138d96bee8c,worker_1,worker_1,MEM_MOVE,9.458621,0.073895,"RAM -> VRAM [Model: 6609f742, Layer: 0ceccecd]"
2112155.255552,6000,6609f742-f82c-4319-a137-2138d96bee8c,worker_1,worker_1,GPU_COMPUTE,0.050000,0.050000,GPU Compute
2112155.413552,6000,6609f742-f82c-4319-a137-2138d96bee8c,worker_1,coordinator_0,NET_TRANSFER,0.000100,0.158000,Signal Finished
2113222.283270,6000,6609f742-f82c-4319-a137-2138d96bee8c,coordinator_0,worker_2,NET_TRANSFER,13.333996,1066.869718,Distribute Layer ID: 7494940f
2113222.397509,6000,6609f742-f82c-4319-a137-2138d96bee8c,worker_2,worker_2,MEM_MOVE,14.622600,0.114239,"Evict VRAM -> RAM [Model: 6609f742, Layer: 3c2d0bda]"
2113222.501681,6000,6609f742-f82c-4319-a137-2138d96bee8c,worker_2,worker_2,DISK_LOAD,13.333996,0.104172,"Disk -> RAM [Model: 6609f742, Layer: 7494940f]"
2113222.605852,6000,6609f742-f82c-4319-a137-2138d96bee8c,worker_2,worker_2,MEM_MOVE,13.333996,0.104172,"RAM -> VRAM [Model: 6609f742, Layer: 7494940f]"
2113222.655852,6000,6609f742-f82c-4319-a137-2138d96bee8c,worker_2,worker_2,GPU_COMPUTE,0.050000,0.050000,GPU Compute
2113222.813852,6000,6609f742-f82c-4319-a137-2138d96bee8c,worker_2,coordinator_0,NET_TRANSFER,0.000100,0.158000,Signal Finished
2113711.948185,6000,6609f742-f82c-4319-a137-2138d96bee8c,coordinator_0,worker_3,NET_TRANSFER,6.112304,489.134333,Distribute Layer ID: 4474009f
2113712.000731,6000,6609f742-f82c-4319-a137-2138d96bee8c,worker_3,worker_3,MEM_MOVE,6.725907,0.052546,"Evict VRAM -> RAM [Model: 6609f742, Layer: 071f35b9]"
2113712.048483,6000,6609f742-f82c-4319-a137-2138d96bee8c,worker_3,worker_3,DISK_LOAD,6.112304,0.047752,"Disk -> RAM [Model: 6609f742, Layer: 4474009f]"
2113712.096236,6000,6609f742-f82c-4319-a137-2138d96bee8c,worker_3,worker_3,MEM_MOVE,6.112304,0.047752,"RAM -> VRAM [Model: 6609f742, Layer: 4474009f]"
2113712.146236,6000,6609f742-f82c-4319-a137-2138d96bee8c,worker_3,worker_3,GPU_COMPUTE,0.050000,0.050000,GPU Compute
2113712.304236,6000,6609f742-f82c-4319-a137-2138d96bee8c,worker_3,coordinator_0,NET_TRANSFER,0.000100,0.158000,Signal Finished
2114240.262832,6000,6609f742-f82c-4319-a137-2138d96bee8c,coordinator_0,worker_4,NET_TRANSFER,6.597607,527.958596,Distribute Layer ID: fb47be98
2114240.324706,6000,6609f742-f82c-4319-a137-2138d96bee8c,worker_4,worker_4,MEM_MOVE,7.919850,0.061874,"Evict VRAM -> RAM [Model: 6609f742, Layer: 3892a6b0]"
2114240.376250,6000,6609f742-f82c-4319-a137-2138d96bee8c,worker_4,worker_4,DISK_LOAD,6.597607,0.051544,"Disk -> RAM [Model: 6609f742, Layer: fb47be98]"
2114240.427794,6000,6609f742-f82c-4319-a137-2138d96bee8c,worker_4,worker_4,MEM_MOVE,6.597607,0.051544,"RAM -> VRAM [Model: 6609f742, Layer: fb47be98]"
2114240.477794,6000,6609f742-f82c-4319-a137-2138d96bee8c,worker_4,worker_4,GPU_COMPUTE,0.050000,0.050000,GPU Compute
2114240.635794,6000,6609f742-f82c-4319-a137-2138d96bee8c,worker_4,coordinator_0,NET_TRANSFER,0.000100,0.158000,Signal Finished
2115281.105062,6000,6609f742-f82c-4319-a137-2138d96bee8c,coordinator_0,worker_1,NET_TRANSFER,13.003991,1040.469268,Distribute Layer ID: bf751ebe
2115281.178957,6000,6609f742-f82c-4319-a137-2138d96bee8c,worker_1,worker_1,MEM_MOVE,9.458621,0.073895,"Evict VRAM -> RAM [Model: 6609f742, Layer: 0ceccecd]"
2115281.262942,6000,6609f742-f82c-4319-a137-2138d96bee8c,worker_1,worker_1,MEM_MOVE,10.750051,0.083985,"Evict VRAM -> RAM [Model: 6609f742, Layer: 17af2271]"
2115281.364536,6000,6609f742-f82c-4319-a137-2138d96bee8c,worker_1,worker_1,DISK_LOAD,13.003991,0.101594,"Disk -> RAM [Model: 6609f742, Layer: bf751ebe]"
2115281.466130,6000,6609f742-f82c-4319-a137-2138d96bee8c,worker_1,worker_1,MEM_MOVE,13.003991,0.101594,"RAM -> VRAM [Model: 6609f742, Layer: bf751ebe]"
2115281.516130,6000,6609f742-f82c-4319-a137-2138d96bee8c,worker_1,worker_1,GPU_COMPUTE,0.050000,0.050000,GPU Compute
2115281.674130,6000,6609f742-f82c-4319-a137-2138d96bee8c,worker_1,coordinator_0,NET_TRANSFER,0.000100,0.158000,Signal Finished
2115648.989178,6000,6609f742-f82c-4319-a137-2138d96bee8c,coordinator_0,worker_2,NET_TRANSFER,4.589563,367.315049,Distribute Layer ID: 3f51c891
2115649.025034,6000,6609f742-f82c-4319-a137-2138d96bee8c,worker_2,worker_2,DISK_LOAD,4.589563,0.035856,"Disk -> RAM [Model: 6609f742, Layer: 3f51c891]"
2115649.060890,6000,6609f742-f82c-4319-a137-2138d96bee8c,worker_2,worker_2,MEM_MOVE,4.589563,0.035856,"RAM -> VRAM [Model: 6609f742, Layer: 3f51c891]"
2115649.110890,6000,6609f742-f82c-4319-a137-2138d96bee8c,worker_2,worker_2,GPU_COMPUTE,0.050000,0.050000,GPU Compute
2115649.268890,6000,6609f742-f82c-4319-a137-2138d96bee8c,worker_2,coordinator_0,NET_TRANSFER,0.000100,0.158000,Signal Finished
2116434.378061,6000,6609f742-f82c-4319-a137-2138d96bee8c,coordinator_0,worker_3,NET_TRANSFER,9.811990,785.109171,Distribute Layer ID: 2f7160a4
2116434.425813,6000,6609f742-f82c-4319-a137-2138d96bee8c,worker_3,worker_3,MEM_MOVE,6.112304,0.047752,"Evict VRAM -> RAM [Model: 6609f742, Layer: 4474009f]"
2116434.502469,6000,6609f742-f82c-4319-a137-2138d96bee8c,worker_3,worker_3,DISK_LOAD,9.811990,0.076656,"Disk -> RAM [Model: 6609f742, Layer: 2f7160a4]"
2116434.579126,6000,6609f742-f82c-4319-a137-2138d96bee8c,worker_3,worker_3,MEM_MOVE,9.811990,0.076656,"RAM -> VRAM [Model: 6609f742, Layer: 2f7160a4]"
2116434.629126,6000,6609f742-f82c-4319-a137-2138d96bee8c,worker_3,worker_3,GPU_COMPUTE,0.050000,0.050000,GPU Compute
2116434.787126,6000,6609f742-f82c-4319-a137-2138d96bee8c,worker_3,coordinator_0,NET_TRANSFER,0.000100,0.158000,Signal Finished
2117487.605492,6000,6609f742-f82c-4319-a137-2138d96bee8c,coordinator_0,worker_4,NET_TRANSFER,13.158355,1052.818367,Distribute Layer ID: 97b801ff
2117487.657036,6000,6609f742-f82c-4319-a137-2138d96bee8c,worker_4,worker_4,MEM_MOVE,6.597607,0.051544,"Evict VRAM -> RAM [Model: 6609f742, Layer: fb47be98]"
2117487.759836,6000,6609f742-f82c-4319-a137-2138d96bee8c,worker_4,worker_4,DISK_LOAD,13.158355,0.102800,"Disk -> RAM [Model: 6609f742, Layer: 97b801ff]"
2117487.862636,6000,6609f742-f82c-4319-a137-2138d96bee8c,worker_4,worker_4,MEM_MOVE,13.158355,0.102800,"RAM -> VRAM [Model: 6609f742, Layer: 97b801ff]"
2117487.912636,6000,6609f742-f82c-4319-a137-2138d96bee8c,worker_4,worker_4,GPU_COMPUTE,0.050000,0.050000,GPU Compute
2117488.070636,6000,6609f742-f82c-4319-a137-2138d96bee8c,worker_4,coordinator_0,NET_TRANSFER,0.000100,0.158000,Signal Finished
2118382.774170,6000,6609f742-f82c-4319-a137-2138d96bee8c,coordinator_0,worker_1,NET_TRANSFER,11.181919,894.703534,Distribute Layer ID: 5668d088
2118382.875764,6000,6609f742-f82c-4319-a137-2138d96bee8c,worker_1,worker_1,MEM_MOVE,13.003991,0.101594,"Evict VRAM -> RAM [Model: 6609f742, Layer: bf751ebe]"
2118382.963122,6000,6609f742-f82c-4319-a137-2138d96bee8c,worker_1,worker_1,DISK_LOAD,11.181919,0.087359,"Disk -> RAM [Model: 6609f742, Layer: 5668d088]"
2118383.050481,6000,6609f742-f82c-4319-a137-2138d96bee8c,worker_1,worker_1,MEM_MOVE,11.181919,0.087359,"RAM -> VRAM [Model: 6609f742, Layer: 5668d088]"
2118383.100481,6000,6609f742-f82c-4319-a137-2138d96bee8c,worker_1,worker_1,GPU_COMPUTE,0.050000,0.050000,GPU Compute
2118383.258481,6000,6609f742-f82c-4319-a137-2138d96bee8c,worker_1,coordinator_0,NET_TRANSFER,0.000100,0.158000,Signal Finished
2119388.554706,6000,6609f742-f82c-4319-a137-2138d96bee8c,coordinator_0,worker_2,NET_TRANSFER,12.564328,1005.296225,Distribute Layer ID: cb88c7b7
2119388.590562,6000,6609f742-f82c-4319-a137-2138d96bee8c,worker_2,worker_2,MEM_MOVE,4.589563,0.035856,"Evict VRAM -> RAM [Model: 6609f742, Layer: 3f51c891]"
2119388.694734,6000,6609f742-f82c-4319-a137-2138d96bee8c,worker_2,worker_2,MEM_MOVE,13.333996,0.104172,"Evict VRAM -> RAM [Model: 6609f742, Layer: 7494940f]"
2119388.792893,6000,6609f742-f82c-4319-a137-2138d96bee8c,worker_2,worker_2,DISK_LOAD,12.564328,0.098159,"Disk -> RAM [Model: 6609f742, Layer: cb88c7b7]"
2119388.891052,6000,6609f742-f82c-4319-a137-2138d96bee8c,worker_2,worker_2,MEM_MOVE,12.564328,0.098159,"RAM -> VRAM [Model: 6609f742, Layer: cb88c7b7]"
2119388.941052,6000,6609f742-f82c-4319-a137-2138d96bee8c,worker_2,worker_2,GPU_COMPUTE,0.050000,0.050000,GPU Compute
2119389.099052,6000,6609f742-f82c-4319-a137-2138d96bee8c,worker_2,coordinator_0,NET_TRANSFER,0.000100,0.158000,Signal Finished
2120236.609857,6000,6609f742-f82c-4319-a137-2138d96bee8c,coordinator_0,worker_3,NET_TRANSFER,10.592010,847.510805,Distribute Layer ID: 1670bf13
2120236.686513,6000,6609f742-f82c-4319-a137-2138d96bee8c,worker_3,worker_3,MEM_MOVE,9.811990,0.076656,"Evict VRAM -> RAM [Model: 6609f742, Layer: 2f7160a4]"
2120236.769263,6000,6609f742-f82c-4319-a137-2138d96bee8c,worker_3,worker_3,DISK_LOAD,10.592010,0.082750,"Disk -> RAM [Model: 6609f742, Layer: 1670bf13]"
2120236.852013,6000,6609f742-f82c-4319-a137-2138d96bee8c,worker_3,worker_3,MEM_MOVE,10.592010,0.082750,"RAM -> VRAM [Model: 6609f742, Layer: 1670bf13]"
2120236.902013,6000,6609f742-f82c-4319-a137-2138d96bee8c,worker_3,worker_3,GPU_COMPUTE,0.050000,0.050000,GPU Compute
2120237.060013,6000,6609f742-f82c-4319-a137-2138d96bee8c,worker_3,coordinator_0,NET_TRANSFER,0.000100,0.158000,Signal Finished
2120713.663230,6000,6609f742-f82c-4319-a137-2138d96bee8c,coordinator_0,worker_4,NET_TRANSFER,5.955665,476.603217,Distribute Layer ID: 12a5e87f
2120713.766030,6000,6609f742-f82c-4319-a137-2138d96bee8c,worker_4,worker_4,MEM_MOVE,13.158355,0.102800,"Evict VRAM -> RAM [Model: 6609f742, Layer: 97b801ff]"
2120713.812558,6000,6609f742-f82c-4319-a137-2138d96bee8c,worker_4,worker_4,DISK_LOAD,5.955665,0.046529,"Disk -> RAM [Model: 6609f742, Layer: 12a5e87f]"
2120713.859087,6000,6609f742-f82c-4319-a137-2138d96bee8c,worker_4,worker_4,MEM_MOVE,5.955665,0.046529,"RAM -> VRAM [Model: 6609f742, Layer: 12a5e87f]"
2120713.909087,6000,6609f742-f82c-4319-a137-2138d96bee8c,worker_4,worker_4,GPU_COMPUTE,0.050000,0.050000,GPU Compute
2120714.067087,6000,6609f742-f82c-4319-a137-2138d96bee8c,worker_4,coordinator_0,NET_TRANSFER,0.000100,0.158000,Signal Finished
2121831.619508,6000,6609f742-f82c-4319-a137-2138d96bee8c,coordinator_0,worker_1,NET_TRANSFER,13.967530,1117.552421,Distribute Layer ID: 830d5d4d
2121831.706867,6000,6609f742-f82c-4319-a137-2138d96bee8c,worker_1,worker_1,MEM_MOVE,11.181919,0.087359,"Evict VRAM -> RAM [Model: 6609f742, Layer: 5668d088]"
2121831.815988,6000,6609f742-f82c-4319-a137-2138d96bee8c,worker_1,worker_1,DISK_LOAD,13.967530,0.109121,"Disk -> RAM [Model: 6609f742, Layer: 830d5d4d]"
2121831.925109,6000,6609f742-f82c-4319-a137-2138d96bee8c,worker_1,worker_1,MEM_MOVE,13.967530,0.109121,"RAM -> VRAM [Model: 6609f742, Layer: 830d5d4d]"
2121831.975109,6000,6609f742-f82c-4319-a137-2138d96bee8c,worker_1,worker_1,GPU_COMPUTE,0.050000,0.050000,GPU Compute
2121832.133109,6000,6609f742-f82c-4319-a137-2138d96bee8c,worker_1,coordinator_0,NET_TRANSFER,0.000100,0.158000,Signal Finished
2122621.171447,6000,6609f742-f82c-4319-a137-2138d96bee8c,coordinator_0,worker_2,NET_TRANSFER,9.861104,789.038338,Distribute Layer ID: afc8fe71
2122621.248487,6000,6609f742-f82c-4319-a137-2138d96bee8c,worker_2,worker_2,DISK_LOAD,9.861104,0.077040,"Disk -> RAM [Model: 6609f742, Layer: afc8fe71]"
2122621.325527,6000,6609f742-f82c-4319-a137-2138d96bee8c,worker_2,worker_2,MEM_MOVE,9.861104,0.077040,"RAM -> VRAM [Model: 6609f742, Layer: afc8fe71]"
2122621.375527,6000,6609f742-f82c-4319-a137-2138d96bee8c,worker_2,worker_2,GPU_COMPUTE,0.050000,0.050000,GPU Compute
2122621.533527,6000,6609f742-f82c-4319-a137-2138d96bee8c,worker_2,coordinator_0,NET_TRANSFER,0.000100,0.158000,Signal Finished
2123200.556929,6000,6609f742-f82c-4319-a137-2138d96bee8c,coordinator_0,worker_3,NET_TRANSFER,7.235918,579.023402,Distribute Layer ID: f85331f7
2123200.639679,6000,6609f742-f82c-4319-a137-2138d96bee8c,worker_3,worker_3,MEM_MOVE,10.592010,0.082750,"Evict VRAM -> RAM [Model: 6609f742, Layer: 1670bf13]"
2123200.696210,6000,6609f742-f82c-4319-a137-2138d96bee8c,worker_3,worker_3,DISK_LOAD,7.235918,0.056531,"Disk -> RAM [Model: 6609f742, Layer: f85331f7]"
2123200.752740,6000,6609f742-f82c-4319-a137-2138d96bee8c,worker_3,worker_3,MEM_MOVE,7.235918,0.056531,"RAM -> VRAM [Model: 6609f742, Layer: f85331f7]"
2123200.802740,6000,6609f742-f82c-4319-a137-2138d96bee8c,worker_3,worker_3,GPU_COMPUTE,0.050000,0.050000,GPU Compute
2123200.960740,6000,6609f742-f82c-4319-a137-2138d96bee8c,worker_3,coordinator_0,NET_TRANSFER,0.000100,0.158000,Signal Finished
2124246.039484,6000,6609f742-f82c-4319-a137-2138d96bee8c,coordinator_0,worker_4,NET_TRANSFER,13.061609,1045.078744,Distribute Layer ID: ed4a6de6
2124246.086013,6000,6609f742-f82c-4319-a137-2138d96bee8c,worker_4,worker_4,MEM_MOVE,5.955665,0.046529,"Evict VRAM -> RAM [Model: 6609f742, Layer: 12a5e87f]"
2124246.188056,6000,6609f742-f82c-4319-a137-2138d96bee8c,worker_4,worker_4,DISK_LOAD,13.061609,0.102044,"Disk -> RAM [Model: 6609f742, Layer: ed4a6de6]"
2124246.290100,6000,6609f742-f82c-4319-a137-2138d96bee8c,worker_4,worker_4,MEM_MOVE,13.061609,0.102044,"RAM -> VRAM [Model: 6609f742, Layer: ed4a6de6]"
2124246.340100,6000,6609f742-f82c-4319-a137-2138d96bee8c,worker_4,worker_4,GPU_COMPUTE,0.050000,0.050000,GPU Compute
2124246.498100,6000,6609f742-f82c-4319-a137-2138d96bee8c,worker_4,coordinator_0,NET_TRANSFER,0.000100,0.158000,Signal Finished
2125184.846060,6000,6609f742-f82c-4319-a137-2138d96bee8c,coordinator_0,worker_1,NET_TRANSFER,11.727474,938.347960,Distribute Layer ID: c7124ef8
2125184.955181,6000,6609f742-f82c-4319-a137-2138d96bee8c,worker_1,worker_1,MEM_MOVE,13.967530,0.109121,"Evict VRAM -> RAM [Model: 6609f742, Layer: 830d5d4d]"
2125185.046802,6000,6609f742-f82c-4319-a137-2138d96bee8c,worker_1,worker_1,DISK_LOAD,11.727474,0.091621,"Disk -> RAM [Model: 6609f742, Layer: c7124ef8]"
2125185.138423,6000,6609f742-f82c-4319-a137-2138d96bee8c,worker_1,worker_1,MEM_MOVE,11.727474,0.091621,"RAM -> VRAM [Model: 6609f742, Layer: c7124ef8]"
2125185.188423,6000,6609f742-f82c-4319-a137-2138d96bee8c,worker_1,worker_1,GPU_COMPUTE,0.050000,0.050000,GPU Compute
2125185.346423,6000,6609f742-f82c-4319-a137-2138d96bee8c,worker_1,coordinator_0,NET_TRANSFER,0.000100,0.158000,Signal Finished
2125605.830477,6000,6609f742-f82c-4319-a137-2138d96bee8c,coordinator_0,worker_2,NET_TRANSFER,5.254176,420.484054,Distribute Layer ID: 786e11b2
2125605.907517,6000,6609f742-f82c-4319-a137-2138d96bee8c,worker_2,worker_2,MEM_MOVE,9.861104,0.077040,"Evict VRAM -> RAM [Model: 6609f742, Layer: afc8fe71]"
2125605.948565,6000,6609f742-f82c-4319-a137-2138d96bee8c,worker_2,worker_2,DISK_LOAD,5.254176,0.041048,"Disk -> RAM [Model: 6609f742, Layer: 786e11b2]"
2125605.989613,6000,6609f742-f82c-4319-a137-2138d96bee8c,worker_2,worker_2,MEM_MOVE,5.254176,0.041048,"RAM -> VRAM [Model: 6609f742, Layer: 786e11b2]"
2125606.039613,6000,6609f742-f82c-4319-a137-2138d96bee8c,worker_2,worker_2,GPU_COMPUTE,0.050000,0.050000,GPU Compute
2125606.197613,6000,6609f742-f82c-4319-a137-2138d96bee8c,worker_2,coordinator_0,NET_TRANSFER,0.000100,0.158000,Signal Finished
2126206.197395,6000,6609f742-f82c-4319-a137-2138d96bee8c,coordinator_0,worker_3,NET_TRANSFER,7.498122,599.999782,Distribute Layer ID: 4e18855a
2126206.253925,6000,6609f742-f82c-4319-a137-2138d96bee8c,worker_3,worker_3,MEM_MOVE,7.235918,0.056531,"Evict VRAM -> RAM [Model: 6609f742, Layer: f85331f7]"
2126206.312505,6000,6609f742-f82c-4319-a137-2138d96bee8c,worker_3,worker_3,DISK_LOAD,7.498122,0.058579,"Disk -> RAM [Model: 6609f742, Layer: 4e18855a]"
2126206.371084,6000,6609f742-f82c-4319-a137-2138d96bee8c,worker_3,worker_3,MEM_MOVE,7.498122,0.058579,"RAM -> VRAM [Model: 6609f742, Layer: 4e18855a]"
2126206.421084,6000,6609f742-f82c-4319-a137-2138d96bee8c,worker_3,worker_3,GPU_COMPUTE,0.050000,0.050000,GPU Compute
2126206.579084,6000,6609f742-f82c-4319-a137-2138d96bee8c,worker_3,coordinator_0,NET_TRANSFER,0.000100,0.158000,Signal Finished
2126609.032507,6000,6609f742-f82c-4319-a137-2138d96bee8c,coordinator_0,worker_4,NET_TRANSFER,5.028793,402.453423,Distribute Layer ID: afc1bb84
2126609.134551,6000,6609f742-f82c-4319-a137-2138d96bee8c,worker_4,worker_4,MEM_MOVE,13.061609,0.102044,"Evict VRAM -> RAM [Model: 6609f742, Layer: ed4a6de6]"
2126609.173838,6000,6609f742-f82c-4319-a137-2138d96bee8c,worker_4,worker_4,DISK_LOAD,5.028793,0.039287,"Disk -> RAM [Model: 6609f742, Layer: afc1bb84]"
2126609.213126,6000,6609f742-f82c-4319-a137-2138d96bee8c,worker_4,worker_4,MEM_MOVE,5.028793,0.039287,"RAM -> VRAM [Model: 6609f742, Layer: afc1bb84]"
2126609.263126,6000,6609f742-f82c-4319-a137-2138d96bee8c,worker_4,worker_4,GPU_COMPUTE,0.050000,0.050000,GPU Compute
2126609.421126,6000,6609f742-f82c-4319-a137-2138d96bee8c,worker_4,coordinator_0,NET_TRANSFER,0.000100,0.158000,Signal Finished
2127542.533215,6000,6609f742-f82c-4319-a137-2138d96bee8c,coordinator_0,worker_1,NET_TRANSFER,11.662026,933.112089,Distribute Layer ID: d922ca08
2127542.624835,6000,6609f742-f82c-4319-a137-2138d96bee8c,worker_1,worker_1,MEM_MOVE,11.727474,0.091621,"Evict VRAM -> RAM [Model: 6609f742, Layer: c7124ef8]"
2127542.715945,6000,6609f742-f82c-4319-a137-2138d96bee8c,worker_1,worker_1,DISK_LOAD,11.662026,0.091110,"Disk -> RAM [Model: 6609f742, Layer: d922ca08]"
2127542.807055,6000,6609f742-f82c-4319-a137-2138d96bee8c,worker_1,worker_1,MEM_MOVE,11.662026,0.091110,"RAM -> VRAM [Model: 6609f742, Layer: d922ca08]"
2127542.857055,6000,6609f742-f82c-4319-a137-2138d96bee8c,worker_1,worker_1,GPU_COMPUTE,0.050000,0.050000,GPU Compute
2127543.015055,6000,6609f742-f82c-4319-a137-2138d96bee8c,worker_1,coordinator_0,NET_TRANSFER,0.000100,0.158000,Signal Finished
2128358.418138,6000,6609f742-f82c-4319-a137-2138d96bee8c,coordinator_0,worker_2,NET_TRANSFER,10.190664,815.403084,Distribute Layer ID: 5fcc16ee
2128358.459187,6000,6609f742-f82c-4319-a137-2138d96bee8c,worker_2,worker_2,MEM_MOVE,5.254176,0.041048,"Evict VRAM -> RAM [Model: 6609f742, Layer: 786e11b2]"
2128358.538801,6000,6609f742-f82c-4319-a137-2138d96bee8c,worker_2,worker_2,DISK_LOAD,10.190664,0.079615,"Disk -> RAM [Model: 6609f742, Layer: 5fcc16ee]"
2128358.618416,6000,6609f742-f82c-4319-a137-2138d96bee8c,worker_2,worker_2,MEM_MOVE,10.190664,0.079615,"RAM -> VRAM [Model: 6609f742, Layer: 5fcc16ee]"
2128358.668416,6000,6609f742-f82c-4319-a137-2138d96bee8c,worker_2,worker_2,GPU_COMPUTE,0.050000,0.050000,GPU Compute
2128358.826416,6000,6609f742-f82c-4319-a137-2138d96bee8c,worker_2,coordinator_0,NET_TRANSFER,0.000100,0.158000,Signal Finished
2128958.185826,6000,6609f742-f82c-4319-a137-2138d96bee8c,coordinator_0,worker_3,NET_TRANSFER,7.490118,599.359411,Distribute Layer ID: 19cb9e70
2128958.244405,6000,6609f742-f82c-4319-a137-2138d96bee8c,worker_3,worker_3,MEM_MOVE,7.498122,0.058579,"Evict VRAM -> RAM [Model: 6609f742, Layer: 4e18855a]"
2128958.302922,6000,6609f742-f82c-4319-a137-2138d96bee8c,worker_3,worker_3,DISK_LOAD,7.490118,0.058517,"Disk -> RAM [Model: 6609f742, Layer: 19cb9e70]"
2128958.361439,6000,6609f742-f82c-4319-a137-2138d96bee8c,worker_3,worker_3,MEM_MOVE,7.490118,0.058517,"RAM -> VRAM [Model: 6609f742, Layer: 19cb9e70]"
2128958.411439,6000,6609f742-f82c-4319-a137-2138d96bee8c,worker_3,worker_3,GPU_COMPUTE,0.050000,0.050000,GPU Compute
2128958.569439,6000,6609f742-f82c-4319-a137-2138d96bee8c,worker_3,coordinator_0,NET_TRANSFER,0.000100,0.158000,Signal Finished
2129769.386632,6000,6609f742-f82c-4319-a137-2138d96bee8c,coordinator_0,worker_4,NET_TRANSFER,10.133340,810.817194,Distribute Layer ID: 140c71b5
2129769.425920,6000,6609f742-f82c-4319-a137-2138d96bee8c,worker_4,worker_4,MEM_MOVE,5.028793,0.039287,"Evict VRAM -> RAM [Model: 6609f742, Layer: afc1bb84]"
2129769.505086,6000,6609f742-f82c-4319-a137-2138d96bee8c,worker_4,worker_4,DISK_LOAD,10.133340,0.079167,"Disk -> RAM [Model: 6609f742, Layer: 140c71b5]"
2129769.584253,6000,6609f742-f82c-4319-a137-2138d96bee8c,worker_4,worker_4,MEM_MOVE,10.133340,0.079167,"RAM -> VRAM [Model: 6609f742, Layer: 140c71b5]"
2129769.634253,6000,6609f742-f82c-4319-a137-2138d96bee8c,worker_4,worker_4,GPU_COMPUTE,0.050000,0.050000,GPU Compute
2129769.792253,6000,6609f742-f82c-4319-a137-2138d96bee8c,worker_4,coordinator_0,NET_TRANSFER,0.000100,0.158000,Signal Finished
2130869.233064,6000,6609f742-f82c-4319-a137-2138d96bee8c,coordinator_0,worker_1,NET_TRANSFER,13.741135,1099.440811,Distribute Layer ID: 118f3aba
2130869.324174,6000,6609f742-f82c-4319-a137-2138d96bee8c,worker_1,worker_1,MEM_MOVE,11.662026,0.091110,"Evict VRAM -> RAM [Model: 6609f742, Layer: d922ca08]"
2130869.431527,6000,6609f742-f82c-4319-a137-2138d96bee8c,worker_1,worker_1,DISK_LOAD,13.741135,0.107353,"Disk -> RAM [Model: 6609f742, Layer: 118f3aba]"
2130869.538879,6000,6609f742-f82c-4319-a137-2138d96bee8c,worker_1,worker_1,MEM_MOVE,13.741135,0.107353,"RAM -> VRAM [Model: 6609f742, Layer: 118f3aba]"
2130869.588879,6000,6609f742-f82c-4319-a137-2138d96bee8c,worker_1,worker_1,GPU_COMPUTE,0.050000,0.050000,GPU Compute
2130869.746879,6000,6609f742-f82c-4319-a137-2138d96bee8c,worker_1,coordinator_0,NET_TRANSFER,0.000100,0.158000,Signal Finished
2131312.586383,6000,6609f742-f82c-4319-a137-2138d96bee8c,coordinator_0,worker_2,NET_TRANSFER,5.533619,442.839504,Distribute Layer ID: b87931a5
2131312.665998,6000,6609f742-f82c-4319-a137-2138d96bee8c,worker_2,worker_2,MEM_MOVE,10.190664,0.079615,"Evict VRAM -> RAM [Model: 6609f742, Layer: 5fcc16ee]"
2131312.709229,6000,6609f742-f82c-4319-a137-2138d96bee8c,worker_2,worker_2,DISK_LOAD,5.533619,0.043231,"Disk -> RAM [Model: 6609f742, Layer: b87931a5]"
2131312.752461,6000,6609f742-f82c-4319-a137-2138d96bee8c,worker_2,worker_2,MEM_MOVE,5.533619,0.043231,"RAM -> VRAM [Model: 6609f742, Layer: b87931a5]"
2131312.802461,6000,6609f742-f82c-4319-a137-2138d96bee8c,worker_2,worker_2,GPU_COMPUTE,0.050000,0.050000,GPU Compute
2131312.960461,6000,6609f742-f82c-4319-a137-2138d96bee8c,worker_2,coordinator_0,NET_TRANSFER,0.000100,0.158000,Signal Finished
2132256.874349,6000,6609f742-f82c-4319-a137-2138d96bee8c,coordinator_0,worker_3,NET_TRANSFER,11.797049,943.913888,Distribute Layer ID: e25d80ae
2132256.932865,6000,6609f742-f82c-4319-a137-2138d96bee8c,worker_3,worker_3,MEM_MOVE,7.490118,0.058517,"Evict VRAM -> RAM [Model: 6609f742, Layer: 19cb9e70]"
2132257.004843,6000,6609f742-f82c-4319-a137-2138d96bee8c,worker_3,worker_3,MEM_MOVE,9.213104,0.071977,"Evict VRAM -> RAM [Model: 6609f742, Layer: 79fecc06]"
2132257.097007,6000,6609f742-f82c-4319-a137-2138d96bee8c,worker_3,worker_3,DISK_LOAD,11.797049,0.092164,"Disk -> RAM [Model: 6609f742, Layer: e25d80ae]"
2132257.189171,6000,6609f742-f82c-4319-a137-2138d96bee8c,worker_3,worker_3,MEM_MOVE,11.797049,0.092164,"RAM -> VRAM [Model: 6609f742, Layer: e25d80ae]"
2132257.239171,6000,6609f742-f82c-4319-a137-2138d96bee8c,worker_3,worker_3,GPU_COMPUTE,0.050000,0.050000,GPU Compute
2132257.397171,6000,6609f742-f82c-4319-a137-2138d96bee8c,worker_3,coordinator_0,NET_TRANSFER,0.000100,0.158000,Signal Finished
2132871.451875,6000,6609f742-f82c-4319-a137-2138d96bee8c,coordinator_0,worker_4,NET_TRANSFER,7.673809,614.054704,Distribute Layer ID: 5052fd5b
2132871.531042,6000,6609f742-f82c-4319-a137-2138d96bee8c,worker_4,worker_4,MEM_MOVE,10.133340,0.079167,"Evict VRAM -> RAM [Model: 6609f742, Layer: 140c71b5]"
2132871.590994,6000,6609f742-f82c-4319-a137-2138d96bee8c,worker_4,worker_4,DISK_LOAD,7.673809,0.059952,"Disk -> RAM [Model: 6609f742, Layer: 5052fd5b]"
2132871.650945,6000,6609f742-f82c-4319-a137-2138d96bee8c,worker_4,worker_4,MEM_MOVE,7.673809,0.059952,"RAM -> VRAM [Model: 6609f742, Layer: 5052fd5b]"
2132871.700945,6000,6609f742-f82c-4319-a137-2138d96bee8c,worker_4,worker_4,GPU_COMPUTE,0.050000,0.050000,GPU Compute
2132871.858945,6000,6609f742-f82c-4319-a137-2138d96bee8c,worker_4,coordinator_0,NET_TRANSFER,0.000100,0.158000,Signal Finished
2133289.554818,6000,6609f742-f82c-4319-a137-2138d96bee8c,coordinator_0,worker_1,NET_TRANSFER,5.219323,417.695873,Distribute Layer ID: d4afb6df
2133289.595594,6000,6609f742-f82c-4319-a137-2138d96bee8c,worker_1,worker_1,DISK_LOAD,5.219323,0.040776,"Disk -> RAM [Model: 6609f742, Layer: d4afb6df]"
2133289.636370,6000,6609f742-f82c-4319-a137-2138d96bee8c,worker_1,worker_1,MEM_MOVE,5.219323,0.040776,"RAM -> VRAM [Model: 6609f742, Layer: d4afb6df]"
2133289.686370,6000,6609f742-f82c-4319-a137-2138d96bee8c,worker_1,worker_1,GPU_COMPUTE,0.050000,0.050000,GPU Compute
2133289.844370,6000,6609f742-f82c-4319-a137-2138d96bee8c,worker_1,coordinator_0,NET_TRANSFER,0.000100,0.158000,Signal Finished
2134081.804093,6000,6609f742-f82c-4319-a137-2138d96bee8c,coordinator_0,worker_2,NET_TRANSFER,9.897622,791.959724,Distribute Layer ID: 6c1ccd86
2134081.847325,6000,6609f742-f82c-4319-a137-2138d96bee8c,worker_2,worker_2,MEM_MOVE,5.533619,0.043231,"Evict VRAM -> RAM [Model: 6609f742, Layer: b87931a5]"
2134081.924650,6000,6609f742-f82c-4319-a137-2138d96bee8c,worker_2,worker_2,DISK_LOAD,9.897622,0.077325,"Disk -> RAM [Model: 6609f742, Layer: 6c1ccd86]"
2134082.001975,6000,6609f742-f82c-4319-a137-2138d96bee8c,worker_2,worker_2,MEM_MOVE,9.897622,0.077325,"RAM -> VRAM [Model: 6609f742, Layer: 6c1ccd86]"
2134082.051975,6000,6609f742-f82c-4319-a137-2138d96bee8c,worker_2,worker_2,GPU_COMPUTE,0.050000,0.050000,GPU Compute
2134082.209975,6000,6609f742-f82c-4319-a137-2138d96bee8c,worker_2,coordinator_0,NET_TRANSFER,0.000100,0.158000,Signal Finished
2135254.119457,6000,6609f742-f82c-4319-a137-2138d96bee8c,coordinator_0,worker_3,NET_TRANSFER,14.646994,1171.909482,Distribute Layer ID: ab9dc137
2135254.211621,6000,6609f742-f82c-4319-a137-2138d96bee8c,worker_3,worker_3,MEM_MOVE,11.797049,0.092164,"Evict VRAM -> RAM [Model: 6609f742, Layer: e25d80ae]"
2135254.326051,6000,6609f742-f82c-4319-a137-2138d96bee8c,worker_3,worker_3,DISK_LOAD,14.646994,0.114430,"Disk -> RAM [Model: 6609f742, Layer: ab9dc137]"
2135254.440481,6000,6609f742-f82c-4319-a137-2138d96bee8c,worker_3,worker_3,MEM_MOVE,14.646994,0.114430,"RAM -> VRAM [Model: 6609f742, Layer: ab9dc137]"
2135254.490481,6000,6609f742-f82c-4319-a137-2138d96bee8c,worker_3,worker_3,GPU_COMPUTE,0.050000,0.050000,GPU Compute
2135254.648481,6000,6609f742-f82c-4319-a137-2138d96bee8c,worker_3,coordinator_0,NET_TRANSFER,0.000100,0.158000,Signal Finished
2136443.050691,6000,6609f742-f82c-4319-a137-2138d96bee8c,coordinator_0,worker_4,NET_TRANSFER,14.853153,1188.402210,Distribute Layer ID: e26bf790
2136443.110643,6000,6609f742-f82c-4319-a137-2138d96bee8c,worker_4,worker_4,MEM_MOVE,7.673809,0.059952,"Evict VRAM -> RAM [Model: 6609f742, Layer: 5052fd5b]"
2136443.172289,6000,6609f742-f82c-4319-a137-2138d96bee8c,worker_4,worker_4,MEM_MOVE,7.890758,0.061647,"Evict VRAM -> RAM [Model: 465b0809, Layer: 863568d2]"
2136443.288330,6000,6609f742-f82c-4319-a137-2138d96bee8c,worker_4,worker_4,DISK_LOAD,14.853153,0.116040,"Disk -> RAM [Model: 6609f742, Layer: e26bf790]"
2136443.404370,6000,6609f742-f82c-4319-a137-2138d96bee8c,worker_4,worker_4,MEM_MOVE,14.853153,0.116040,"RAM -> VRAM [Model: 6609f742, Layer: e26bf790]"
2136443.454370,6000,6609f742-f82c-4319-a137-2138d96bee8c,worker_4,worker_4,GPU_COMPUTE,0.050000,0.050000,GPU Compute
2136443.612370,6000,6609f742-f82c-4319-a137-2138d96bee8c,worker_4,coordinator_0,NET_TRANSFER,0.000100,0.158000,Signal Finished
2137410.253728,6000,773a6b7b-bf00-48fc-ba23-a7d203f1988c,coordinator_0,worker_4,NET_TRANSFER,12.081142,966.641358,Distribute Layer ID: dfb0901e
2137410.369769,6000,773a6b7b-bf00-48fc-ba23-a7d203f1988c,worker_4,worker_4,MEM_MOVE,14.853153,0.116040,"Evict VRAM -> RAM [Model: 6609f742, Layer: e26bf790]"
2137410.464153,6000,773a6b7b-bf00-48fc-ba23-a7d203f1988c,worker_4,worker_4,DISK_LOAD,12.081142,0.094384,"Disk -> RAM [Model: 773a6b7b, Layer: dfb0901e]"
2137410.558536,6000,773a6b7b-bf00-48fc-ba23-a7d203f1988c,worker_4,worker_4,MEM_MOVE,12.081142,0.094384,"RAM -> VRAM [Model: 773a6b7b, Layer: dfb0901e]"
2137410.608536,6000,773a6b7b-bf00-48fc-ba23-a7d203f1988c,worker_4,worker_4,GPU_COMPUTE,0.050000,0.050000,GPU Compute
2137410.766536,6000,773a6b7b-bf00-48fc-ba23-a7d203f1988c,worker_4,coordinator_0,NET_TRANSFER,0.000100,0.158000,Signal Finished
2137924.931357,6000,773a6b7b-bf00-48fc-ba23-a7d203f1988c,coordinator_0,worker_1,NET_TRANSFER,6.425185,514.164820,Distribute Layer ID: fdf52791
2137924.972133,6000,773a6b7b-bf00-48fc-ba23-a7d203f1988c,worker_1,worker_1,MEM_MOVE,5.219323,0.040776,"Evict VRAM -> RAM [Model: 6609f742, Layer: d4afb6df]"
2137925.022330,6000,773a6b7b-bf00-48fc-ba23-a7d203f1988c,worker_1,worker_1,DISK_LOAD,6.425185,0.050197,"Disk -> RAM [Model: 773a6b7b, Layer: fdf52791]"
2137925.072526,6000,773a6b7b-bf00-48fc-ba23-a7d203f1988c,worker_1,worker_1,MEM_MOVE,6.425185,0.050197,"RAM -> VRAM [Model: 773a6b7b, Layer: fdf52791]"
2137925.122526,6000,773a6b7b-bf00-48fc-ba23-a7d203f1988c,worker_1,worker_1,GPU_COMPUTE,0.050000,0.050000,GPU Compute
2137925.280526,6000,773a6b7b-bf00-48fc-ba23-a7d203f1988c,worker_1,coordinator_0,NET_TRANSFER,0.000100,0.158000,Signal Finished
2138861.931391,6000,773a6b7b-bf00-48fc-ba23-a7d203f1988c,coordinator_0,worker_2,NET_TRANSFER,11.706261,936.650864,Distribute Layer ID: a792c359
2138862.008716,6000,773a6b7b-bf00-48fc-ba23-a7d203f1988c,worker_2,worker_2,MEM_MOVE,9.897622,0.077325,"Evict VRAM -> RAM [Model: 6609f742, Layer: 6c1ccd86]"
2138862.100171,6000,773a6b7b-bf00-48fc-ba23-a7d203f1988c,worker_2,worker_2,DISK_LOAD,11.706261,0.091455,"Disk -> RAM [Model: 773a6b7b, Layer: a792c359]"
2138862.191626,6000,773a6b7b-bf00-48fc-ba23-a7d203f1988c,worker_2,worker_2,MEM_MOVE,11.706261,0.091455,"RAM -> VRAM [Model: 773a6b7b, Layer: a792c359]"
2138862.241626,6000,773a6b7b-bf00-48fc-ba23-a7d203f1988c,worker_2,worker_2,GPU_COMPUTE,0.050000,0.050000,GPU Compute
2138862.399626,6000,773a6b7b-bf00-48fc-ba23-a7d203f1988c,worker_2,coordinator_0,NET_TRANSFER,0.000100,0.158000,Signal Finished
2139322.343791,6000,773a6b7b-bf00-48fc-ba23-a7d203f1988c,coordinator_0,worker_3,NET_TRANSFER,5.747427,459.944164,Distribute Layer ID: a95e787d
2139322.388692,6000,773a6b7b-bf00-48fc-ba23-a7d203f1988c,worker_3,worker_3,DISK_LOAD,5.747427,0.044902,"Disk -> RAM [Model: 773a6b7b, Layer: a95e787d]"
2139322.433594,6000,773a6b7b-bf00-48fc-ba23-a7d203f1988c,worker_3,worker_3,MEM_MOVE,5.747427,0.044902,"RAM -> VRAM [Model: 773a6b7b, Layer: a95e787d]"
2139322.483594,6000,773a6b7b-bf00-48fc-ba23-a7d203f1988c,worker_3,worker_3,GPU_COMPUTE,0.050000,0.050000,GPU Compute
2139322.641594,6000,773a6b7b-bf00-48fc-ba23-a7d203f1988c,worker_3,coordinator_0,NET_TRANSFER,0.000100,0.158000,Signal Finished
2140503.910302,6000,773a6b7b-bf00-48fc-ba23-a7d203f1988c,coordinator_0,worker_4,NET_TRANSFER,14.763984,1181.268708,Distribute Layer ID: 2e6b9895
2140504.004686,6000,773a6b7b-bf00-48fc-ba23-a7d203f1988c,worker_4,worker_4,MEM_MOVE,12.081142,0.094384,"Evict VRAM -> RAM [Model: 773a6b7b, Layer: dfb0901e]"
2140504.120029,6000,773a6b7b-bf00-48fc-ba23-a7d203f1988c,worker_4,worker_4,DISK_LOAD,14.763984,0.115344,"Disk -> RAM [Model: 773a6b7b, Layer: 2e6b9895]"
2140504.235373,6000,773a6b7b-bf00-48fc-ba23-a7d203f1988c,worker_4,worker_4,MEM_MOVE,14.763984,0.115344,"RAM -> VRAM [Model: 773a6b7b, Layer: 2e6b9895]"
2140504.285373,6000,773a6b7b-bf00-48fc-ba23-a7d203f1988c,worker_4,worker_4,GPU_COMPUTE,0.050000,0.050000,GPU Compute
2140504.443373,6000,773a6b7b-bf00-48fc-ba23-a7d203f1988c,worker_4,coordinator_0,NET_TRANSFER,0.000100,0.158000,Signal Finished
2141323.086344,6000,773a6b7b-bf00-48fc-ba23-a7d203f1988c,coordinator_0,worker_1,NET_TRANSFER,10.231162,818.642972,Distribute Layer ID: a9ad6d22
2141323.136541,6000,773a6b7b-bf00-48fc-ba23-a7d203f1988c,worker_1,worker_1,MEM_MOVE,6.425185,0.050197,"Evict VRAM -> RAM [Model: 773a6b7b, Layer: fdf52791]"
2141323.243894,6000,773a6b7b-bf00-48fc-ba23-a7d203f1988c,worker_1,worker_1,MEM_MOVE,13.741135,0.107353,"Evict VRAM -> RAM [Model: 6609f742, Layer: 118f3aba]"
2141323.323825,6000,773a6b7b-bf00-48fc-ba23-a7d203f1988c,worker_1,worker_1,DISK_LOAD,10.231162,0.079931,"Disk -> RAM [Model: 773a6b7b, Layer: a9ad6d22]"
2141323.403756,6000,773a6b7b-bf00-48fc-ba23-a7d203f1988c,worker_1,worker_1,MEM_MOVE,10.231162,0.079931,"RAM -> VRAM [Model: 773a6b7b, Layer: a9ad6d22]"
2141323.453756,6000,773a6b7b-bf00-48fc-ba23-a7d203f1988c,worker_1,worker_1,GPU_COMPUTE,0.050000,0.050000,GPU Compute
2141323.611756,6000,773a6b7b-bf00-48fc-ba23-a7d203f1988c,worker_1,coordinator_0,NET_TRANSFER,0.000100,0.158000,Signal Finished
2141697.907337,6000,773a6b7b-bf00-48fc-ba23-a7d203f1988c,coordinator_0,worker_2,NET_TRANSFER,4.676820,374.295581,Distribute Layer ID: 06d17e4b
2141697.998792,6000,773a6b7b-bf00-48fc-ba23-a7d203f1988c,worker_2,worker_2,MEM_MOVE,11.706261,0.091455,"Evict VRAM -> RAM [Model: 773a6b7b, Layer: a792c359]"
2141698.035330,6000,773a6b7b-bf00-48fc-ba23-a7d203f1988c,worker_2,worker_2,DISK_LOAD,4.676820,0.036538,"Disk -> RAM [Model: 773a6b7b, Layer: 06d17e4b]"
2141698.071868,6000,773a6b7b-bf00-48fc-ba23-a7d203f1988c,worker_2,worker_2,MEM_MOVE,4.676820,0.036538,"RAM -> VRAM [Model: 773a6b7b, Layer: 06d17e4b]"
2141698.121868,6000,773a6b7b-bf00-48fc-ba23-a7d203f1988c,worker_2,worker_2,GPU_COMPUTE,0.050000,0.050000,GPU Compute
2141698.279868,6000,773a6b7b-bf00-48fc-ba23-a7d203f1988c,worker_2,coordinator_0,NET_TRANSFER,0.000100,0.158000,Signal Finished
2142448.287763,6000,773a6b7b-bf00-48fc-ba23-a7d203f1988c,coordinator_0,worker_3,NET_TRANSFER,9.373224,750.007895,Distribute Layer ID: bf7beee1
2142448.332665,6000,773a6b7b-bf00-48fc-ba23-a7d203f1988c,worker_3,worker_3,MEM_MOVE,5.747427,0.044902,"Evict VRAM -> RAM [Model: 773a6b7b, Layer: a95e787d]"
2142448.447094,6000,773a6b7b-bf00-48fc-ba23-a7d203f1988c,worker_3,worker_3,MEM_MOVE,14.646994,0.114430,"Evict VRAM -> RAM [Model: 6609f742, Layer: ab9dc137]"
2142448.520322,6000,773a6b7b-bf00-48fc-ba23-a7d203f1988c,worker_3,worker_3,DISK_LOAD,9.373224,0.073228,"Disk -> RAM [Model: 773a6b7b, Layer: bf7beee1]"
2142448.593551,6000,773a6b7b-bf00-48fc-ba23-a7d203f1988c,worker_3,worker_3,MEM_MOVE,9.373224,0.073228,"RAM -> VRAM [Model: 773a6b7b, Layer: bf7beee1]"
2142448.643551,6000,773a6b7b-bf00-48fc-ba23-a7d203f1988c,worker_3,worker_3,GPU_COMPUTE,0.050000,0.050000,GPU Compute
2142448.801551,6000,773a6b7b-bf00-48fc-ba23-a7d203f1988c,worker_3,coordinator_0,NET_TRANSFER,0.000100,0.158000,Signal Finished
2142920.020884,6000,773a6b7b-bf00-48fc-ba23-a7d203f1988c,coordinator_0,worker_4,NET_TRANSFER,5.888367,471.219334,Distribute Layer ID: 038fcb6a
2142920.066887,6000,773a6b7b-bf00-48fc-ba23-a7d203f1988c,worker_4,worker_4,DISK_LOAD,5.888367,0.046003,"Disk -> RAM [Model: 773a6b7b, Layer: 038fcb6a]"
2142920.112890,6000,773a6b7b-bf00-48fc-ba23-a7d203f1988c,worker_4,worker_4,MEM_MOVE,5.888367,0.046003,"RAM -> VRAM [Model: 773a6b7b, Layer: 038fcb6a]"
2142920.162890,6000,773a6b7b-bf00-48fc-ba23-a7d203f1988c,worker_4,worker_4,GPU_COMPUTE,0.050000,0.050000,GPU Compute
2142920.320890,6000,773a6b7b-bf00-48fc-ba23-a7d203f1988c,worker_4,coordinator_0,NET_TRANSFER,0.000100,0.158000,Signal Finished
2143525.633686,6000,773a6b7b-bf00-48fc-ba23-a7d203f1988c,coordinator_0,worker_1,NET_TRANSFER,7.564535,605.312796,Distribute Layer ID: 0aff0529
2143525.692784,6000,773a6b7b-bf00-48fc-ba23-a7d203f1988c,worker_1,worker_1,DISK_LOAD,7.564535,0.059098,"Disk -> RAM [Model: 773a6b7b, Layer: 0aff0529]"
2143525.751882,6000,773a6b7b-bf00-48fc-ba23-a7d203f1988c,worker_1,worker_1,MEM_MOVE,7.564535,0.059098,"RAM -> VRAM [Model: 773a6b7b, Layer: 0aff0529]"
2143525.801882,6000,773a6b7b-bf00-48fc-ba23-a7d203f1988c,worker_1,worker_1,GPU_COMPUTE,0.050000,0.050000,GPU Compute
2143525.959882,6000,773a6b7b-bf00-48fc-ba23-a7d203f1988c,worker_1,coordinator_0,NET_TRANSFER,0.000100,0.158000,Signal Finished
2144522.472261,6000,773a6b7b-bf00-48fc-ba23-a7d203f1988c,coordinator_0,worker_2,NET_TRANSFER,12.454530,996.512379,Distribute Layer ID: ca7d2554
2144522.508798,6000,773a6b7b-bf00-48fc-ba23-a7d203f1988c,worker_2,worker_2,MEM_MOVE,4.676820,0.036538,"Evict VRAM -> RAM [Model: 773a6b7b, Layer: 06d17e4b]"
2144522.606957,6000,773a6b7b-bf00-48fc-ba23-a7d203f1988c,worker_2,worker_2,MEM_MOVE,12.564328,0.098159,"Evict VRAM -> RAM [Model: 6609f742, Layer: cb88c7b7]"
2144522.704258,6000,773a6b7b-bf00-48fc-ba23-a7d203f1988c,worker_2,worker_2,DISK_LOAD,12.454530,0.097301,"Disk -> RAM [Model: 773a6b7b, Layer: ca7d2554]"
2144522.801559,6000,773a6b7b-bf00-48fc-ba23-a7d203f1988c,worker_2,worker_2,MEM_MOVE,12.454530,0.097301,"RAM -> VRAM [Model: 773a6b7b, Layer: ca7d2554]"
2144522.851559,6000,773a6b7b-bf00-48fc-ba23-a7d203f1988c,worker_2,worker_2,GPU_COMPUTE,0.050000,0.050000,GPU Compute
2144523.009559,6000,773a6b7b-bf00-48fc-ba23-a7d203f1988c,worker_2,coordinator_0,NET_TRANSFER,0.000100,0.158000,Signal Finished
2145426.629820,6000,773a6b7b-bf00-48fc-ba23-a7d203f1988c,coordinator_0,worker_3,NET_TRANSFER,11.293378,903.620260,Distribute Layer ID: 58c18fbf
2145426.718049,6000,773a6b7b-bf00-48fc-ba23-a7d203f1988c,worker_3,worker_3,DISK_LOAD,11.293378,0.088230,"Disk -> RAM [Model: 773a6b7b, Layer: 58c18fbf]"
2145426.806279,6000,773a6b7b-bf00-48fc-ba23-a7d203f1988c,worker_3,worker_3,MEM_MOVE,11.293378,0.088230,"RAM -> VRAM [Model: 773a6b7b, Layer: 58c18fbf]"
2145426.856279,6000,773a6b7b-bf00-48fc-ba23-a7d203f1988c,worker_3,worker_3,GPU_COMPUTE,0.050000,0.050000,GPU Compute
2145427.014279,6000,773a6b7b-bf00-48fc-ba23-a7d203f1988c,worker_3,coordinator_0,NET_TRANSFER,0.000100,0.158000,Signal Finished
2146518.633241,6000,773a6b7b-bf00-48fc-ba23-a7d203f1988c,coordinator_0,worker_4,NET_TRANSFER,13.643362,1091.618963,Distribute Layer ID: 1cd7f1d2
2146518.679244,6000,773a6b7b-bf00-48fc-ba23-a7d203f1988c,worker_4,worker_4,MEM_MOVE,5.888367,0.046003,"Evict VRAM -> RAM [Model: 773a6b7b, Layer: 038fcb6a]"
2146518.794588,6000,773a6b7b-bf00-48fc-ba23-a7d203f1988c,worker_4,worker_4,MEM_MOVE,14.763984,0.115344,"Evict VRAM -> RAM [Model: 773a6b7b, Layer: 2e6b9895]"
2146518.901177,6000,773a6b7b-bf00-48fc-ba23-a7d203f1988c,worker_4,worker_4,DISK_LOAD,13.643362,0.106589,"Disk -> RAM [Model: 773a6b7b, Layer: 1cd7f1d2]"
2146519.007765,6000,773a6b7b-bf00-48fc-ba23-a7d203f1988c,worker_4,worker_4,MEM_MOVE,13.643362,0.106589,"RAM -> VRAM [Model: 773a6b7b, Layer: 1cd7f1d2]"
2146519.057765,6000,773a6b7b-bf00-48fc-ba23-a7d203f1988c,worker_4,worker_4,GPU_COMPUTE,0.050000,0.050000,GPU Compute
2146519.215765,6000,773a6b7b-bf00-48fc-ba23-a7d203f1988c,worker_4,coordinator_0,NET_TRANSFER,0.000100,0.158000,Signal Finished
2147286.512400,6000,773a6b7b-bf00-48fc-ba23-a7d203f1988c,coordinator_0,worker_1,NET_TRANSFER,9.589333,767.296634,Distribute Layer ID: 981be63d
2147286.571498,6000,773a6b7b-bf00-48fc-ba23-a7d203f1988c,worker_1,worker_1,MEM_MOVE,7.564535,0.059098,"Evict VRAM -> RAM [Model: 773a6b7b, Layer: 0aff0529]"
2147286.646414,6000,773a6b7b-bf00-48fc-ba23-a7d203f1988c,worker_1,worker_1,DISK_LOAD,9.589333,0.074917,"Disk -> RAM [Model: 773a6b7b, Layer: 981be63d]"
2147286.721331,6000,773a6b7b-bf00-48fc-ba23-a7d203f1988c,worker_1,worker_1,MEM_MOVE,9.589333,0.074917,"RAM -> VRAM [Model: 773a6b7b, Layer: 981be63d]"
2147286.771331,6000,773a6b7b-bf00-48fc-ba23-a7d203f1988c,worker_1,worker_1,GPU_COMPUTE,0.050000,0.050000,GPU Compute
2147286.929331,6000,773a6b7b-bf00-48fc-ba23-a7d203f1988c,worker_1,coordinator_0,NET_TRANSFER,0.000100,0.158000,Signal Finished
2147718.424195,6000,773a6b7b-bf00-48fc-ba23-a7d203f1988c,coordinator_0,worker_2,NET_TRANSFER,5.391811,431.494864,Distribute Layer ID: ba6c33c9
2147718.466318,6000,773a6b7b-bf00-48fc-ba23-a7d203f1988c,worker_2,worker_2,DISK_LOAD,5.391811,0.042124,"Disk -> RAM [Model: 773a6b7b, Layer: ba6c33c9]"
2147718.508442,6000,773a6b7b-bf00-48fc-ba23-a7d203f1988c,worker_2,worker_2,MEM_MOVE,5.391811,0.042124,"RAM -> VRAM [Model: 773a6b7b, Layer: ba6c33c9]"
2147718.558442,6000,773a6b7b-bf00-48fc-ba23-a7d203f1988c,worker_2,worker_2,GPU_COMPUTE,0.050000,0.050000,GPU Compute
2147718.716442,6000,773a6b7b-bf00-48fc-ba23-a7d203f1988c,worker_2,coordinator_0,NET_TRANSFER,0.000100,0.158000,Signal Finished
2148438.660226,6000,773a6b7b-bf00-48fc-ba23-a7d203f1988c,coordinator_0,worker_3,NET_TRANSFER,8.997422,719.943784,Distribute Layer ID: 10318379
2148438.748456,6000,773a6b7b-bf00-48fc-ba23-a7d203f1988c,worker_3,worker_3,MEM_MOVE,11.293378,0.088230,"Evict VRAM -> RAM [Model: 773a6b7b, Layer: 58c18fbf]"
2148438.818748,6000,773a6b7b-bf00-48fc-ba23-a7d203f1988c,worker_3,worker_3,DISK_LOAD,8.997422,0.070292,"Disk -> RAM [Model: 773a6b7b, Layer: 10318379]"
2148438.889040,6000,773a6b7b-bf00-48fc-ba23-a7d203f1988c,worker_3,worker_3,MEM_MOVE,8.997422,0.070292,"RAM -> VRAM [Model: 773a6b7b, Layer: 10318379]"
2148438.939040,6000,773a6b7b-bf00-48fc-ba23-a7d203f1988c,worker_3,worker_3,GPU_COMPUTE,0.050000,0.050000,GPU Compute
2148439.097040,6000,773a6b7b-bf00-48fc-ba23-a7d203f1988c,worker_3,coordinator_0,NET_TRANSFER,0.000100,0.158000,Signal Finished
2149009.053392,6000,773a6b7b-bf00-48fc-ba23-a7d203f1988c,coordinator_0,worker_4,NET_TRANSFER,7.122579,569.956352,Distribute Layer ID: 6007d118
2149009.109037,6000,773a6b7b-bf00-48fc-ba23-a7d203f1988c,worker_4,worker_4,DISK_LOAD,7.122579,0.055645,"Disk -> RAM [Model: 773a6b7b, Layer: 6007d118]"
2149009.164683,6000,773a6b7b-bf00-48fc-ba23-a7d203f1988c,worker_4,worker_4,MEM_MOVE,7.122579,0.055645,"RAM -> VRAM [Model: 773a6b7b, Layer: 6007d118]"
2149009.214683,6000,773a6b7b-bf00-48fc-ba23-a7d203f1988c,worker_4,worker_4,GPU_COMPUTE,0.050000,0.050000,GPU Compute
2149009.372683,6000,773a6b7b-bf00-48fc-ba23-a7d203f1988c,worker_4,coordinator_0,NET_TRANSFER,0.000100,0.158000,Signal Finished
2149763.227226,6000,773a6b7b-bf00-48fc-ba23-a7d203f1988c,coordinator_0,worker_1,NET_TRANSFER,9.421307,753.854544,Distribute Layer ID: 5ee4f140
2149763.302143,6000,773a6b7b-bf00-48fc-ba23-a7d203f1988c,worker_1,worker_1,MEM_MOVE,9.589333,0.074917,"Evict VRAM -> RAM [Model: 773a6b7b, Layer: 981be63d]"
2149763.375747,6000,773a6b7b-bf00-48fc-ba23-a7d203f1988c,worker_1,worker_1,DISK_LOAD,9.421307,0.073604,"Disk -> RAM [Model: 773a6b7b, Layer: 5ee4f140]"
2149763.449351,6000,773a6b7b-bf00-48fc-ba23-a7d203f1988c,worker_1,worker_1,MEM_MOVE,9.421307,0.073604,"RAM -> VRAM [Model: 773a6b7b, Layer: 5ee4f140]"
2149763.499351,6000,773a6b7b-bf00-48fc-ba23-a7d203f1988c,worker_1,worker_1,GPU_COMPUTE,0.050000,0.050000,GPU Compute
2149763.657351,6000,773a6b7b-bf00-48fc-ba23-a7d203f1988c,worker_1,coordinator_0,NET_TRANSFER,0.000100,0.158000,Signal Finished
2150532.436393,6000,773a6b7b-bf00-48fc-ba23-a7d203f1988c,coordinator_0,worker_2,NET_TRANSFER,9.607863,768.779042,Distribute Layer ID: 5a4d8f86
2150532.478516,6000,773a6b7b-bf00-48fc-ba23-a7d203f1988c,worker_2,worker_2,MEM_MOVE,5.391811,0.042124,"Evict VRAM -> RAM [Model: 773a6b7b, Layer: ba6c33c9]"
2150532.553578,6000,773a6b7b-bf00-48fc-ba23-a7d203f1988c,worker_2,worker_2,DISK_LOAD,9.607863,0.075061,"Disk -> RAM [Model: 773a6b7b, Layer: 5a4d8f86]"
2150532.628639,6000,773a6b7b-bf00-48fc-ba23-a7d203f1988c,worker_2,worker_2,MEM_MOVE,9.607863,0.075061,"RAM -> VRAM [Model: 773a6b7b, Layer: 5a4d8f86]"
2150532.678639,6000,773a6b7b-bf00-48fc-ba23-a7d203f1988c,worker_2,worker_2,GPU_COMPUTE,0.050000,0.050000,GPU Compute
2150532.836639,6000,773a6b7b-bf00-48fc-ba23-a7d203f1988c,worker_2,coordinator_0,NET_TRANSFER,0.000100,0.158000,Signal Finished
2151608.213733,6000,773a6b7b-bf00-48fc-ba23-a7d203f1988c,coordinator_0,worker_3,NET_TRANSFER,13.440339,1075.377093,Distribute Layer ID: ad7948b8
2151608.284025,6000,773a6b7b-bf00-48fc-ba23-a7d203f1988c,worker_3,worker_3,MEM_MOVE,8.997422,0.070292,"Evict VRAM -> RAM [Model: 773a6b7b, Layer: 10318379]"
2151608.357253,6000,773a6b7b-bf00-48fc-ba23-a7d203f1988c,worker_3,worker_3,MEM_MOVE,9.373224,0.073228,"Evict VRAM -> RAM [Model: 773a6b7b, Layer: bf7beee1]"
2151608.462256,6000,773a6b7b-bf00-48fc-ba23-a7d203f1988c,worker_3,worker_3,DISK_LOAD,13.440339,0.105003,"Disk -> RAM [Model: 773a6b7b, Layer: ad7948b8]"
2151608.567259,6000,773a6b7b-bf00-48fc-ba23-a7d203f1988c,worker_3,worker_3,MEM_MOVE,13.440339,0.105003,"RAM -> VRAM [Model: 773a6b7b, Layer: ad7948b8]"
2151608.617259,6000,773a6b7b-bf00-48fc-ba23-a7d203f1988c,worker_3,worker_3,GPU_COMPUTE,0.050000,0.050000,GPU Compute
2151608.775259,6000,773a6b7b-bf00-48fc-ba23-a7d203f1988c,worker_3,coordinator_0,NET_TRANSFER,0.000100,0.158000,Signal Finished
2152227.599267,6000,773a6b7b-bf00-48fc-ba23-a7d203f1988c,coordinator_0,worker_4,NET_TRANSFER,7.733425,618.824009,Distribute Layer ID: ef21834d
2152227.654912,6000,773a6b7b-bf00-48fc-ba23-a7d203f1988c,worker_4,worker_4,MEM_MOVE,7.122579,0.055645,"Evict VRAM -> RAM [Model: 773a6b7b, Layer: 6007d118]"
2152227.715330,6000,773a6b7b-bf00-48fc-ba23-a7d203f1988c,worker_4,worker_4,DISK_LOAD,7.733425,0.060417,"Disk -> RAM [Model: 773a6b7b, Layer: ef21834d]"
2152227.775747,6000,773a6b7b-bf00-48fc-ba23-a7d203f1988c,worker_4,worker_4,MEM_MOVE,7.733425,0.060417,"RAM -> VRAM [Model: 773a6b7b, Layer: ef21834d]"
2152227.825747,6000,773a6b7b-bf00-48fc-ba23-a7d203f1988c,worker_4,worker_4,GPU_COMPUTE,0.050000,0.050000,GPU Compute
2152227.983747,6000,773a6b7b-bf00-48fc-ba23-a7d203f1988c,worker_4,coordinator_0,NET_TRANSFER,0.000100,0.158000,Signal Finished
2153058.884964,6000,773a6b7b-bf00-48fc-ba23-a7d203f1988c,coordinator_0,worker_1,NET_TRANSFER,10.384390,830.901217,Distribute Layer ID: cf733ca5
2153058.958568,6000,773a6b7b-bf00-48fc-ba23-a7d203f1988c,worker_1,worker_1,MEM_MOVE,9.421307,0.073604,"Evict VRAM -> RAM [Model: 773a6b7b, Layer: 5ee4f140]"
2153059.039696,6000,773a6b7b-bf00-48fc-ba23-a7d203f1988c,worker_1,worker_1,DISK_LOAD,10.384390,0.081128,"Disk -> RAM [Model: 773a6b7b, Layer: cf733ca5]"
2153059.120824,6000,773a6b7b-bf00-48fc-ba23-a7d203f1988c,worker_1,worker_1,MEM_MOVE,10.384390,0.081128,"RAM -> VRAM [Model: 773a6b7b, Layer: cf733ca5]"
2153059.170824,6000,773a6b7b-bf00-48fc-ba23-a7d203f1988c,worker_1,worker_1,GPU_COMPUTE,0.050000,0.050000,GPU Compute
2153059.328824,6000,773a6b7b-bf00-48fc-ba23-a7d203f1988c,worker_1,coordinator_0,NET_TRANSFER,0.000100,0.158000,Signal Finished
2153932.172525,6000,773a6b7b-bf00-48fc-ba23-a7d203f1988c,coordinator_0,worker_2,NET_TRANSFER,10.908671,872.843700,Distribute Layer ID: 8ae8b1c9
2153932.247586,6000,773a6b7b-bf00-48fc-ba23-a7d203f1988c,worker_2,worker_2,MEM_MOVE,9.607863,0.075061,"Evict VRAM -> RAM [Model: 773a6b7b, Layer: 5a4d8f86]"
2153932.332810,6000,773a6b7b-bf00-48fc-ba23-a7d203f1988c,worker_2,worker_2,DISK_LOAD,10.908671,0.085224,"Disk -> RAM [Model: 773a6b7b, Layer: 8ae8b1c9]"
2153932.418034,6000,773a6b7b-bf00-48fc-ba23-a7d203f1988c,worker_2,worker_2,MEM_MOVE,10.908671,0.085224,"RAM -> VRAM [Model: 773a6b7b, Layer: 8ae8b1c9]"
2153932.468034,6000,773a6b7b-bf00-48fc-ba23-a7d203f1988c,worker_2,worker_2,GPU_COMPUTE,0.050000,0.050000,GPU Compute
2153932.626034,6000,773a6b7b-bf00-48fc-ba23-a7d203f1988c,worker_2,coordinator_0,NET_TRANSFER,0.000100,0.158000,Signal Finished
2154799.922395,6000,773a6b7b-bf00-48fc-ba23-a7d203f1988c,coordinator_0,worker_3,NET_TRANSFER,10.839330,867.296361,Distribute Layer ID: c22a8fb9
2154800.027397,6000,773a6b7b-bf00-48fc-ba23-a7d203f1988c,worker_3,worker_3,MEM_MOVE,13.440339,0.105003,"Evict VRAM -> RAM [Model: 773a6b7b, Layer: ad7948b8]"
2154800.112080,6000,773a6b7b-bf00-48fc-ba23-a7d203f1988c,worker_3,worker_3,DISK_LOAD,10.839330,0.084682,"Disk -> RAM [Model: 773a6b7b, Layer: c22a8fb9]"
2154800.196762,6000,773a6b7b-bf00-48fc-ba23-a7d203f1988c,worker_3,worker_3,MEM_MOVE,10.839330,0.084682,"RAM -> VRAM [Model: 773a6b7b, Layer: c22a8fb9]"
2154800.246762,6000,773a6b7b-bf00-48fc-ba23-a7d203f1988c,worker_3,worker_3,GPU_COMPUTE,0.050000,0.050000,GPU Compute
2154800.404762,6000,773a6b7b-bf00-48fc-ba23-a7d203f1988c,worker_3,coordinator_0,NET_TRANSFER,0.000100,0.158000,Signal Finished
2155216.382156,6000,773a6b7b-bf00-48fc-ba23-a7d203f1988c,coordinator_0,worker_4,NET_TRANSFER,5.197842,415.977394,Distribute Layer ID: c1bddfac
2155216.442574,6000,773a6b7b-bf00-48fc-ba23-a7d203f1988c,worker_4,worker_4,MEM_MOVE,7.733425,0.060417,"Evict VRAM -> RAM [Model: 773a6b7b, Layer: ef21834d]"
2155216.483182,6000,773a6b7b-bf00-48fc-ba23-a7d203f1988c,worker_4,worker_4,DISK_LOAD,5.197842,0.040608,"Disk -> RAM [Model: 773a6b7b, Layer: c1bddfac]"
2155216.523790,6000,773a6b7b-bf00-48fc-ba23-a7d203f1988c,worker_4,worker_4,MEM_MOVE,5.197842,0.040608,"RAM -> VRAM [Model: 773a6b7b, Layer: c1bddfac]"
2155216.573790,6000,773a6b7b-bf00-48fc-ba23-a7d203f1988c,worker_4,worker_4,GPU_COMPUTE,0.050000,0.050000,GPU Compute
2155216.731790,6000,773a6b7b-bf00-48fc-ba23-a7d203f1988c,worker_4,coordinator_0,NET_TRANSFER,0.000100,0.158000,Signal Finished
2155991.180725,6000,773a6b7b-bf00-48fc-ba23-a7d203f1988c,coordinator_0,worker_1,NET_TRANSFER,9.678737,774.448935,Distribute Layer ID: 50e3032a
2155991.261853,6000,773a6b7b-bf00-48fc-ba23-a7d203f1988c,worker_1,worker_1,MEM_MOVE,10.384390,0.081128,"Evict VRAM -> RAM [Model: 773a6b7b, Layer: cf733ca5]"
2155991.337468,6000,773a6b7b-bf00-48fc-ba23-a7d203f1988c,worker_1,worker_1,DISK_LOAD,9.678737,0.075615,"Disk -> RAM [Model: 773a6b7b, Layer: 50e3032a]"
2155991.413083,6000,773a6b7b-bf00-48fc-ba23-a7d203f1988c,worker_1,worker_1,MEM_MOVE,9.678737,0.075615,"RAM -> VRAM [Model: 773a6b7b, Layer: 50e3032a]"
2155991.463083,6000,773a6b7b-bf00-48fc-ba23-a7d203f1988c,worker_1,worker_1,GPU_COMPUTE,0.050000,0.050000,GPU Compute
2155991.621083,6000,773a6b7b-bf00-48fc-ba23-a7d203f1988c,worker_1,coordinator_0,NET_TRANSFER,0.000100,0.158000,Signal Finished
2156528.117626,6000,773a6b7b-bf00-48fc-ba23-a7d203f1988c,coordinator_0,worker_2,NET_TRANSFER,6.704332,536.496543,Distribute Layer ID: c9dfd1e9
2156528.202850,6000,773a6b7b-bf00-48fc-ba23-a7d203f1988c,worker_2,worker_2,MEM_MOVE,10.908671,0.085224,"Evict VRAM -> RAM [Model: 773a6b7b, Layer: 8ae8b1c9]"
2156528.255227,6000,773a6b7b-bf00-48fc-ba23-a7d203f1988c,worker_2,worker_2,DISK_LOAD,6.704332,0.052378,"Disk -> RAM [Model: 773a6b7b, Layer: c9dfd1e9]"
2156528.307605,6000,773a6b7b-bf00-48fc-ba23-a7d203f1988c,worker_2,worker_2,MEM_MOVE,6.704332,0.052378,"RAM -> VRAM [Model: 773a6b7b, Layer: c9dfd1e9]"
2156528.357605,6000,773a6b7b-bf00-48fc-ba23-a7d203f1988c,worker_2,worker_2,GPU_COMPUTE,0.050000,0.050000,GPU Compute
2156528.515605,6000,773a6b7b-bf00-48fc-ba23-a7d203f1988c,worker_2,coordinator_0,NET_TRANSFER,0.000100,0.158000,Signal Finished
2156919.829209,6000,773a6b7b-bf00-48fc-ba23-a7d203f1988c,coordinator_0,worker_3,NET_TRANSFER,4.889545,391.313604,Distribute Layer ID: 6b3f6f63
2156919.867408,6000,773a6b7b-bf00-48fc-ba23-a7d203f1988c,worker_3,worker_3,DISK_LOAD,4.889545,0.038200,"Disk -> RAM [Model: 773a6b7b, Layer: 6b3f6f63]"
2156919.905608,6000,773a6b7b-bf00-48fc-ba23-a7d203f1988c,worker_3,worker_3,MEM_MOVE,4.889545,0.038200,"RAM -> VRAM [Model: 773a6b7b, Layer: 6b3f6f63]"
2156919.955608,6000,773a6b7b-bf00-48fc-ba23-a7d203f1988c,worker_3,worker_3,GPU_COMPUTE,0.050000,0.050000,GPU Compute
2156920.113608,6000,773a6b7b-bf00-48fc-ba23-a7d203f1988c,worker_3,coordinator_0,NET_TRANSFER,0.000100,0.158000,Signal Finished
2158024.573595,6000,773a6b7b-bf00-48fc-ba23-a7d203f1988c,coordinator_0,worker_4,NET_TRANSFER,13.803875,1104.459987,Distribute Layer ID: 26e3e8bd
2158024.614203,6000,773a6b7b-bf00-48fc-ba23-a7d203f1988c,worker_4,worker_4,MEM_MOVE,5.197842,0.040608,"Evict VRAM -> RAM [Model: 773a6b7b, Layer: c1bddfac]"
2158024.720792,6000,773a6b7b-bf00-48fc-ba23-a7d203f1988c,worker_4,worker_4,MEM_MOVE,13.643362,0.106589,"Evict VRAM -> RAM [Model: 773a6b7b, Layer: 1cd7f1d2]"
2158024.828634,6000,773a6b7b-bf00-48fc-ba23-a7d203f1988c,worker_4,worker_4,DISK_LOAD,13.803875,0.107843,"Disk -> RAM [Model: 773a6b7b, Layer: 26e3e8bd]"
2158024.936477,6000,773a6b7b-bf00-48fc-ba23-a7d203f1988c,worker_4,worker_4,MEM_MOVE,13.803875,0.107843,"RAM -> VRAM [Model: 773a6b7b, Layer: 26e3e8bd]"
2158024.986477,6000,773a6b7b-bf00-48fc-ba23-a7d203f1988c,worker_4,worker_4,GPU_COMPUTE,0.050000,0.050000,GPU Compute
2158025.144477,6000,773a6b7b-bf00-48fc-ba23-a7d203f1988c,worker_4,coordinator_0,NET_TRANSFER,0.000100,0.158000,Signal Finished
2158732.114378,6000,773a6b7b-bf00-48fc-ba23-a7d203f1988c,coordinator_0,worker_1,NET_TRANSFER,8.835249,706.969901,Distribute Layer ID: 8cf3bf85
2158732.189993,6000,773a6b7b-bf00-48fc-ba23-a7d203f1988c,worker_1,worker_1,MEM_MOVE,9.678737,0.075615,"Evict VRAM -> RAM [Model: 773a6b7b, Layer: 50e3032a]"
2158732.259018,6000,773a6b7b-bf00-48fc-ba23-a7d203f1988c,worker_1,worker_1,DISK_LOAD,8.835249,0.069025,"Disk -> RAM [Model: 773a6b7b, Layer: 8cf3bf85]"
2158732.328044,6000,773a6b7b-bf00-48fc-ba23-a7d203f1988c,worker_1,worker_1,MEM_MOVE,8.835249,0.069025,"RAM -> VRAM [Model: 773a6b7b, Layer: 8cf3bf85]"
2158732.378044,6000,773a6b7b-bf00-48fc-ba23-a7d203f1988c,worker_1,worker_1,GPU_COMPUTE,0.050000,0.050000,GPU Compute
2158732.536044,6000,773a6b7b-bf00-48fc-ba23-a7d203f1988c,worker_1,coordinator_0,NET_TRANSFER,0.000100,0.158000,Signal Finished
2159910.534072,6000,773a6b7b-bf00-48fc-ba23-a7d203f1988c,coordinator_0,worker_2,NET_TRANSFER,14.723100,1177.998028,Distribute Layer ID: d24d34a2
2159910.586449,6000,773a6b7b-bf00-48fc-ba23-a7d203f1988c,worker_2,worker_2,MEM_MOVE,6.704332,0.052378,"Evict VRAM -> RAM [Model: 773a6b7b, Layer: c9dfd1e9]"
2159910.683750,6000,773a6b7b-bf00-48fc-ba23-a7d203f1988c,worker_2,worker_2,MEM_MOVE,12.454530,0.097301,"Evict VRAM -> RAM [Model: 773a6b7b, Layer: ca7d2554]"
2159910.798775,6000,773a6b7b-bf00-48fc-ba23-a7d203f1988c,worker_2,worker_2,DISK_LOAD,14.723100,0.115024,"Disk -> RAM [Model: 773a6b7b, Layer: d24d34a2]"
2159910.913799,6000,773a6b7b-bf00-48fc-ba23-a7d203f1988c,worker_2,worker_2,MEM_MOVE,14.723100,0.115024,"RAM -> VRAM [Model: 773a6b7b, Layer: d24d34a2]"
2159910.963799,6000,773a6b7b-bf00-48fc-ba23-a7d203f1988c,worker_2,worker_2,GPU_COMPUTE,0.050000,0.050000,GPU Compute
2159911.121799,6000,773a6b7b-bf00-48fc-ba23-a7d203f1988c,worker_2,coordinator_0,NET_TRANSFER,0.000100,0.158000,Signal Finished
2160781.340767,6000,773a6b7b-bf00-48fc-ba23-a7d203f1988c,coordinator_0,worker_3,NET_TRANSFER,10.875862,870.218968,Distribute Layer ID: 891da906
2160781.378967,6000,773a6b7b-bf00-48fc-ba23-a7d203f1988c,worker_3,worker_3,MEM_MOVE,4.889545,0.038200,"Evict VRAM -> RAM [Model: 773a6b7b, Layer: 6b3f6f63]"
2160781.463649,6000,773a6b7b-bf00-48fc-ba23-a7d203f1988c,worker_3,worker_3,MEM_MOVE,10.839330,0.084682,"Evict VRAM -> RAM [Model: 773a6b7b, Layer: c22a8fb9]"
2160781.548617,6000,773a6b7b-bf00-48fc-ba23-a7d203f1988c,worker_3,worker_3,DISK_LOAD,10.875862,0.084968,"Disk -> RAM [Model: 773a6b7b, Layer: 891da906]"
2160781.633584,6000,773a6b7b-bf00-48fc-ba23-a7d203f1988c,worker_3,worker_3,MEM_MOVE,10.875862,0.084968,"RAM -> VRAM [Model: 773a6b7b, Layer: 891da906]"
2160781.683584,6000,773a6b7b-bf00-48fc-ba23-a7d203f1988c,worker_3,worker_3,GPU_COMPUTE,0.050000,0.050000,GPU Compute
2160781.841584,6000,773a6b7b-bf00-48fc-ba23-a7d203f1988c,worker_3,coordinator_0,NET_TRANSFER,0.000100,0.158000,Signal Finished
2161966.867631,6000,773a6b7b-bf00-48fc-ba23-a7d203f1988c,coordinator_0,worker_4,NET_TRANSFER,14.810951,1185.026047,Distribute Layer ID: 48353e47
2161966.975474,6000,773a6b7b-bf00-48fc-ba23-a7d203f1988c,worker_4,worker_4,MEM_MOVE,13.803875,0.107843,"Evict VRAM -> RAM [Model: 773a6b7b, Layer: 26e3e8bd]"
2161967.091185,6000,773a6b7b-bf00-48fc-ba23-a7d203f1988c,worker_4,worker_4,DISK_LOAD,14.810951,0.115711,"Disk -> RAM [Model: 773a6b7b, Layer: 48353e47]"
2161967.206895,6000,773a6b7b-bf00-48fc-ba23-a7d203f1988c,worker_4,worker_4,MEM_MOVE,14.810951,0.115711,"RAM -> VRAM [Model: 773a6b7b, Layer: 48353e47]"
2161967.256895,6000,773a6b7b-bf00-48fc-ba23-a7d203f1988c,worker_4,worker_4,GPU_COMPUTE,0.050000,0.050000,GPU Compute
2161967.414895,6000,773a6b7b-bf00-48fc-ba23-a7d203f1988c,worker_4,coordinator_0,NET_TRANSFER,0.000100,0.158000,Signal Finished
2163136.217473,6000,773a6b7b-bf00-48fc-ba23-a7d203f1988c,coordinator_0,worker_1,NET_TRANSFER,14.608157,1168.802578,Distribute Layer ID: ca96866b
2163136.286499,6000,773a6b7b-bf00-48fc-ba23-a7d203f1988c,worker_1,worker_1,MEM_MOVE,8.835249,0.069025,"Evict VRAM -> RAM [Model: 773a6b7b, Layer: 8cf3bf85]"
2163136.366430,6000,773a6b7b-bf00-48fc-ba23-a7d203f1988c,worker_1,worker_1,MEM_MOVE,10.231162,0.079931,"Evict VRAM -> RAM [Model: 773a6b7b, Layer: a9ad6d22]"
2163136.480556,6000,773a6b7b-bf00-48fc-ba23-a7d203f1988c,worker_1,worker_1,DISK_LOAD,14.608157,0.114126,"Disk -> RAM [Model: 773a6b7b, Layer: ca96866b]"
2163136.594682,6000,773a6b7b-bf00-48fc-ba23-a7d203f1988c,worker_1,worker_1,MEM_MOVE,14.608157,0.114126,"RAM -> VRAM [Model: 773a6b7b, Layer: ca96866b]"
2163136.644682,6000,773a6b7b-bf00-48fc-ba23-a7d203f1988c,worker_1,worker_1,GPU_COMPUTE,0.050000,0.050000,GPU Compute
2163136.802682,6000,773a6b7b-bf00-48fc-ba23-a7d203f1988c,worker_1,coordinator_0,NET_TRANSFER,0.000100,0.158000,Signal Finished
2164092.609561,6000,773a6b7b-bf00-48fc-ba23-a7d203f1988c,coordinator_0,worker_2,NET_TRANSFER,11.945711,955.806879,Distribute Layer ID: 78292e38
2164092.724585,6000,773a6b7b-bf00-48fc-ba23-a7d203f1988c,worker_2,worker_2,MEM_MOVE,14.723100,0.115024,"Evict VRAM -> RAM [Model: 773a6b7b, Layer: d24d34a2]"
2164092.817911,6000,773a6b7b-bf00-48fc-ba23-a7d203f1988c,worker_2,worker_2,DISK_LOAD,11.945711,0.093326,"Disk -> RAM [Model: 773a6b7b, Layer: 78292e38]"
2164092.911237,6000,773a6b7b-bf00-48fc-ba23-a7d203f1988c,worker_2,worker_2,MEM_MOVE,11.945711,0.093326,"RAM -> VRAM [Model: 773a6b7b, Layer: 78292e38]"
2164092.961237,6000,773a6b7b-bf00-48fc-ba23-a7d203f1988c,worker_2,worker_2,GPU_COMPUTE,0.050000,0.050000,GPU Compute
2164093.119237,6000,773a6b7b-bf00-48fc-ba23-a7d203f1988c,worker_2,coordinator_0,NET_TRANSFER,0.000100,0.158000,Signal Finished
2165050.785724,6000,773a6b7b-bf00-48fc-ba23-a7d203f1988c,coordinator_0,worker_3,NET_TRANSFER,11.968956,957.666487,Distribute Layer ID: 147479e0
2165050.870691,6000,773a6b7b-bf00-48fc-ba23-a7d203f1988c,worker_3,worker_3,MEM_MOVE,10.875862,0.084968,"Evict VRAM -> RAM [Model: 773a6b7b, Layer: 891da906]"
2165050.964199,6000,773a6b7b-bf00-48fc-ba23-a7d203f1988c,worker_3,worker_3,DISK_LOAD,11.968956,0.093507,"Disk -> RAM [Model: 773a6b7b, Layer: 147479e0]"
2165051.057706,6000,773a6b7b-bf00-48fc-ba23-a7d203f1988c,worker_3,worker_3,MEM_MOVE,11.968956,0.093507,"RAM -> VRAM [Model: 773a6b7b, Layer: 147479e0]"
2165051.107706,6000,773a6b7b-bf00-48fc-ba23-a7d203f1988c,worker_3,worker_3,GPU_COMPUTE,0.050000,0.050000,GPU Compute
2165051.265706,6000,773a6b7b-bf00-48fc-ba23-a7d203f1988c,worker_3,coordinator_0,NET_TRANSFER,0.000100,0.158000,Signal Finished
2165638.909844,6000,773a6b7b-bf00-48fc-ba23-a7d203f1988c,coordinator_0,worker_4,NET_TRANSFER,7.343677,587.644138,Distribute Layer ID: 1010760e
2165639.025555,6000,773a6b7b-bf00-48fc-ba23-a7d203f1988c,worker_4,worker_4,MEM_MOVE,14.810951,0.115711,"Evict VRAM -> RAM [Model: 773a6b7b, Layer: 48353e47]"
2165639.082927,6000,773a6b7b-bf00-48fc-ba23-a7d203f1988c,worker_4,worker_4,DISK_LOAD,7.343677,0.057372,"Disk -> RAM [Model: 773a6b7b, Layer: 1010760e]"
2165639.140300,6000,773a6b7b-bf00-48fc-ba23-a7d203f1988c,worker_4,worker_4,MEM_MOVE,7.343677,0.057372,"RAM -> VRAM [Model: 773a6b7b, Layer: 1010760e]"
2165639.190300,6000,773a6b7b-bf00-48fc-ba23-a7d203f1988c,worker_4,worker_4,GPU_COMPUTE,0.050000,0.050000,GPU Compute
2165639.348300,6000,773a6b7b-bf00-48fc-ba23-a7d203f1988c,worker_4,coordinator_0,NET_TRANSFER,0.000100,0.158000,Signal Finished
2166778.274280,6000,773a6b7b-bf00-48fc-ba23-a7d203f1988c,coordinator_0,worker_1,NET_TRANSFER,14.234700,1138.925980,Distribute Layer ID: fdb73221
2166778.388406,6000,773a6b7b-bf00-48fc-ba23-a7d203f1988c,worker_1,worker_1,MEM_MOVE,14.608157,0.114126,"Evict VRAM -> RAM [Model: 773a6b7b, Layer: ca96866b]"
2166778.499614,6000,773a6b7b-bf00-48fc-ba23-a7d203f1988c,worker_1,worker_1,DISK_LOAD,14.234700,0.111209,"Disk -> RAM [Model: 773a6b7b, Layer: fdb73221]"
2166778.610823,6000,773a6b7b-bf00-48fc-ba23-a7d203f1988c,worker_1,worker_1,MEM_MOVE,14.234700,0.111209,"RAM -> VRAM [Model: 773a6b7b, Layer: fdb73221]"
2166778.660823,6000,773a6b7b-bf00-48fc-ba23-a7d203f1988c,worker_1,worker_1,GPU_COMPUTE,0.050000,0.050000,GPU Compute
2166778.818823,6000,773a6b7b-bf00-48fc-ba23-a7d203f1988c,worker_1,coordinator_0,NET_TRANSFER,0.000100,0.158000,Signal Finished
2167859.965717,6000,773a6b7b-bf00-48fc-ba23-a7d203f1988c,coordinator_0,worker_2,NET_TRANSFER,13.512461,1081.146894,Distribute Layer ID: cb73f081
2167860.059043,6000,773a6b7b-bf00-48fc-ba23-a7d203f1988c,worker_2,worker_2,MEM_MOVE,11.945711,0.093326,"Evict VRAM -> RAM [Model: 773a6b7b, Layer: 78292e38]"
2167860.164609,6000,773a6b7b-bf00-48fc-ba23-a7d203f1988c,worker_2,worker_2,DISK_LOAD,13.512461,0.105566,"Disk -> RAM [Model: 773a6b7b, Layer: cb73f081]"
2167860.270175,6000,773a6b7b-bf00-48fc-ba23-a7d203f1988c,worker_2,worker_2,MEM_MOVE,13.512461,0.105566,"RAM -> VRAM [Model: 773a6b7b, Layer: cb73f081]"
2167860.320175,6000,773a6b7b-bf00-48fc-ba23-a7d203f1988c,worker_2,worker_2,GPU_COMPUTE,0.050000,0.050000,GPU Compute
2167860.478175,6000,773a6b7b-bf00-48fc-ba23-a7d203f1988c,worker_2,coordinator_0,NET_TRANSFER,0.000100,0.158000,Signal Finished
2168837.082168,6000,773a6b7b-bf00-48fc-ba23-a7d203f1988c,coordinator_0,worker_3,NET_TRANSFER,12.205675,976.603992,Distribute Layer ID: f271f923
2168837.175675,6000,773a6b7b-bf00-48fc-ba23-a7d203f1988c,worker_3,worker_3,MEM_MOVE,11.968956,0.093507,"Evict VRAM -> RAM [Model: 773a6b7b, Layer: 147479e0]"
2168837.271032,6000,773a6b7b-bf00-48fc-ba23-a7d203f1988c,worker_3,worker_3,DISK_LOAD,12.205675,0.095357,"Disk -> RAM [Model: 773a6b7b, Layer: f271f923]"
2168837.366389,6000,773a6b7b-bf00-48fc-ba23-a7d203f1988c,worker_3,worker_3,MEM_MOVE,12.205675,0.095357,"RAM -> VRAM [Model: 773a6b7b, Layer: f271f923]"
2168837.416389,6000,773a6b7b-bf00-48fc-ba23-a7d203f1988c,worker_3,worker_3,GPU_COMPUTE,0.050000,0.050000,GPU Compute
2168837.574389,6000,773a6b7b-bf00-48fc-ba23-a7d203f1988c,worker_3,coordinator_0,NET_TRANSFER,0.000100,0.158000,Signal Finished
2169986.383901,6000,773a6b7b-bf00-48fc-ba23-a7d203f1988c,coordinator_0,worker_4,NET_TRANSFER,14.358244,1148.809513,Distribute Layer ID: 64c76748
2169986.496075,6000,773a6b7b-bf00-48fc-ba23-a7d203f1988c,worker_4,worker_4,DISK_LOAD,14.358244,0.112174,"Disk -> RAM [Model: 773a6b7b, Layer: 64c76748]"
2169986.608249,6000,773a6b7b-bf00-48fc-ba23-a7d203f1988c,worker_4,worker_4,MEM_MOVE,14.358244,0.112174,"RAM -> VRAM [Model: 773a6b7b, Layer: 64c76748]"
2169986.658249,6000,773a6b7b-bf00-48fc-ba23-a7d203f1988c,worker_4,worker_4,GPU_COMPUTE,0.050000,0.050000,GPU Compute
2169986.816249,6000,773a6b7b-bf00-48fc-ba23-a7d203f1988c,worker_4,coordinator_0,NET_TRANSFER,0.000100,0.158000,Signal Finished
2171100.107298,6000,773a6b7b-bf00-48fc-ba23-a7d203f1988c,coordinator_0,worker_1,NET_TRANSFER,13.914263,1113.291049,Distribute Layer ID: 20946a36
2171100.218506,6000,773a6b7b-bf00-48fc-ba23-a7d203f1988c,worker_1,worker_1,MEM_MOVE,14.234700,0.111209,"Evict VRAM -> RAM [Model: 773a6b7b, Layer: fdb73221]"
2171100.327211,6000,773a6b7b-bf00-48fc-ba23-a7d203f1988c,worker_1,worker_1,DISK_LOAD,13.914263,0.108705,"Disk -> RAM [Model: 773a6b7b, Layer: 20946a36]"
2171100.435917,6000,773a6b7b-bf00-48fc-ba23-a7d203f1988c,worker_1,worker_1,MEM_MOVE,13.914263,0.108705,"RAM -> VRAM [Model: 773a6b7b, Layer: 20946a36]"
2171100.485917,6000,773a6b7b-bf00-48fc-ba23-a7d203f1988c,worker_1,worker_1,GPU_COMPUTE,0.050000,0.050000,GPU Compute
2171100.643917,6000,773a6b7b-bf00-48fc-ba23-a7d203f1988c,worker_1,coordinator_0,NET_TRANSFER,0.000100,0.158000,Signal Finished
2172045.204924,6000,773a6b7b-bf00-48fc-ba23-a7d203f1988c,coordinator_0,worker_2,NET_TRANSFER,11.805138,944.561008,Distribute Layer ID: 2de11868
2172045.310491,6000,773a6b7b-bf00-48fc-ba23-a7d203f1988c,worker_2,worker_2,MEM_MOVE,13.512461,0.105566,"Evict VRAM -> RAM [Model: 773a6b7b, Layer: cb73f081]"
2172045.402718,6000,773a6b7b-bf00-48fc-ba23-a7d203f1988c,worker_2,worker_2,DISK_LOAD,11.805138,0.092228,"Disk -> RAM [Model: 773a6b7b, Layer: 2de11868]"
2172045.494946,6000,773a6b7b-bf00-48fc-ba23-a7d203f1988c,worker_2,worker_2,MEM_MOVE,11.805138,0.092228,"RAM -> VRAM [Model: 773a6b7b, Layer: 2de11868]"
2172045.544946,6000,773a6b7b-bf00-48fc-ba23-a7d203f1988c,worker_2,worker_2,GPU_COMPUTE,0.050000,0.050000,GPU Compute
2172045.702946,6000,773a6b7b-bf00-48fc-ba23-a7d203f1988c,worker_2,coordinator_0,NET_TRANSFER,0.000100,0.158000,Signal Finished
2172508.654266,6000,773a6b7b-bf00-48fc-ba23-a7d203f1988c,coordinator_0,worker_3,NET_TRANSFER,5.785017,462.951320,Distribute Layer ID: f68bbf2c
2172508.699462,6000,773a6b7b-bf00-48fc-ba23-a7d203f1988c,worker_3,worker_3,DISK_LOAD,5.785017,0.045195,"Disk -> RAM [Model: 773a6b7b, Layer: f68bbf2c]"
2172508.744657,6000,773a6b7b-bf00-48fc-ba23-a7d203f1988c,worker_3,worker_3,MEM_MOVE,5.785017,0.045195,"RAM -> VRAM [Model: 773a6b7b, Layer: f68bbf2c]"
2172508.794657,6000,773a6b7b-bf00-48fc-ba23-a7d203f1988c,worker_3,worker_3,GPU_COMPUTE,0.050000,0.050000,GPU Compute
2172508.952657,6000,773a6b7b-bf00-48fc-ba23-a7d203f1988c,worker_3,coordinator_0,NET_TRANSFER,0.000100,0.158000,Signal Finished
2173642.817471,6000,773a6b7b-bf00-48fc-ba23-a7d203f1988c,coordinator_0,worker_4,NET_TRANSFER,14.171435,1133.864814,Distribute Layer ID: 2a377938
2173642.929645,6000,773a6b7b-bf00-48fc-ba23-a7d203f1988c,worker_4,worker_4,MEM_MOVE,14.358244,0.112174,"Evict VRAM -> RAM [Model: 773a6b7b, Layer: 64c76748]"
2173643.040359,6000,773a6b7b-bf00-48fc-ba23-a7d203f1988c,worker_4,worker_4,DISK_LOAD,14.171435,0.110714,"Disk -> RAM [Model: 773a6b7b, Layer: 2a377938]"
2173643.151074,6000,773a6b7b-bf00-48fc-ba23-a7d203f1988c,worker_4,worker_4,MEM_MOVE,14.171435,0.110714,"RAM -> VRAM [Model: 773a6b7b, Layer: 2a377938]"
2173643.201074,6000,773a6b7b-bf00-48fc-ba23-a7d203f1988c,worker_4,worker_4,GPU_COMPUTE,0.050000,0.050000,GPU Compute
2173643.359074,6000,773a6b7b-bf00-48fc-ba23-a7d203f1988c,worker_4,coordinator_0,NET_TRANSFER,0.000100,0.158000,Signal Finished
2174195.223497,6000,773a6b7b-bf00-48fc-ba23-a7d203f1988c,coordinator_0,worker_1,NET_TRANSFER,6.896430,551.864424,Distribute Layer ID: a6166e11
2174195.277376,6000,773a6b7b-bf00-48fc-ba23-a7d203f1988c,worker_1,worker_1,DISK_LOAD,6.896430,0.053878,"Disk -> RAM [Model: 773a6b7b, Layer: a6166e11]"
2174195.331254,6000,773a6b7b-bf00-48fc-ba23-a7d203f1988c,worker_1,worker_1,MEM_MOVE,6.896430,0.053878,"RAM -> VRAM [Model: 773a6b7b, Layer: a6166e11]"
2174195.381254,6000,773a6b7b-bf00-48fc-ba23-a7d203f1988c,worker_1,worker_1,GPU_COMPUTE,0.050000,0.050000,GPU Compute
2174195.539254,6000,773a6b7b-bf00-48fc-ba23-a7d203f1988c,worker_1,coordinator_0,NET_TRANSFER,0.000100,0.158000,Signal Finished
2175072.304446,6000,773a6b7b-bf00-48fc-ba23-a7d203f1988c,coordinator_0,worker_2,NET_TRANSFER,10.957690,876.765192,Distribute Layer ID: 45cec402
2175072.390053,6000,773a6b7b-bf00-48fc-ba23-a7d203f1988c,worker_2,worker_2,DISK_LOAD,10.957690,0.085607,"Disk -> RAM [Model: 773a6b7b, Layer: 45cec402]"
2175072.475660,6000,773a6b7b-bf00-48fc-ba23-a7d203f1988c,worker_2,worker_2,MEM_MOVE,10.957690,0.085607,"RAM -> VRAM [Model: 773a6b7b, Layer: 45cec402]"
2175072.525660,6000,773a6b7b-bf00-48fc-ba23-a7d203f1988c,worker_2,worker_2,GPU_COMPUTE,0.050000,0.050000,GPU Compute
2175072.683660,6000,773a6b7b-bf00-48fc-ba23-a7d203f1988c,worker_2,coordinator_0,NET_TRANSFER,0.000100,0.158000,Signal Finished
2175587.253033,6000,773a6b7b-bf00-48fc-ba23-a7d203f1988c,coordinator_0,worker_3,NET_TRANSFER,6.430242,514.569373,Distribute Layer ID: 990cc20c
2175587.298228,6000,773a6b7b-bf00-48fc-ba23-a7d203f1988c,worker_3,worker_3,MEM_MOVE,5.785017,0.045195,"Evict VRAM -> RAM [Model: 773a6b7b, Layer: f68bbf2c]"
2175587.348465,6000,773a6b7b-bf00-48fc-ba23-a7d203f1988c,worker_3,worker_3,DISK_LOAD,6.430242,0.050236,"Disk -> RAM [Model: 773a6b7b, Layer: 990cc20c]"
2175587.398701,6000,773a6b7b-bf00-48fc-ba23-a7d203f1988c,worker_3,worker_3,MEM_MOVE,6.430242,0.050236,"RAM -> VRAM [Model: 773a6b7b, Layer: 990cc20c]"
2175587.448701,6000,773a6b7b-bf00-48fc-ba23-a7d203f1988c,worker_3,worker_3,GPU_COMPUTE,0.050000,0.050000,GPU Compute
2175587.606701,6000,773a6b7b-bf00-48fc-ba23-a7d203f1988c,worker_3,coordinator_0,NET_TRANSFER,0.000100,0.158000,Signal Finished
2176638.144041,6000,773a6b7b-bf00-48fc-ba23-a7d203f1988c,coordinator_0,worker_4,NET_TRANSFER,13.129842,1050.537340,Distribute Layer ID: 3a6eb27e
2176638.254756,6000,773a6b7b-bf00-48fc-ba23-a7d203f1988c,worker_4,worker_4,MEM_MOVE,14.171435,0.110714,"Evict VRAM -> RAM [Model: 773a6b7b, Layer: 2a377938]"
2176638.357333,6000,773a6b7b-bf00-48fc-ba23-a7d203f1988c,worker_4,worker_4,DISK_LOAD,13.129842,0.102577,"Disk -> RAM [Model: 773a6b7b, Layer: 3a6eb27e]"
2176638.459910,6000,773a6b7b-bf00-48fc-ba23-a7d203f1988c,worker_4,worker_4,MEM_MOVE,13.129842,0.102577,"RAM -> VRAM [Model: 773a6b7b, Layer: 3a6eb27e]"
2176638.509910,6000,773a6b7b-bf00-48fc-ba23-a7d203f1988c,worker_4,worker_4,GPU_COMPUTE,0.050000,0.050000,GPU Compute
2176638.667910,6000,773a6b7b-bf00-48fc-ba23-a7d203f1988c,worker_4,coordinator_0,NET_TRANSFER,0.000100,0.158000,Signal Finished
2177022.013041,6000,773a6b7b-bf00-48fc-ba23-a7d203f1988c,coordinator_0,worker_1,NET_TRANSFER,4.789939,383.345131,Distribute Layer ID: 6fd99b3b
2177022.066919,6000,773a6b7b-bf00-48fc-ba23-a7d203f1988c,worker_1,worker_1,MEM_MOVE,6.896430,0.053878,"Evict VRAM -> RAM [Model: 773a6b7b, Layer: a6166e11]"
2177022.104341,6000,773a6b7b-bf00-48fc-ba23-a7d203f1988c,worker_1,worker_1,DISK_LOAD,4.789939,0.037421,"Disk -> RAM [Model: 773a6b7b, Layer: 6fd99b3b]"
2177022.141762,6000,773a6b7b-bf00-48fc-ba23-a7d203f1988c,worker_1,worker_1,MEM_MOVE,4.789939,0.037421,"RAM -> VRAM [Model: 773a6b7b, Layer: 6fd99b3b]"
2177022.191762,6000,773a6b7b-bf00-48fc-ba23-a7d203f1988c,worker_1,worker_1,GPU_COMPUTE,0.050000,0.050000,GPU Compute
2177022.349762,6000,773a6b7b-bf00-48fc-ba23-a7d203f1988c,worker_1,coordinator_0,NET_TRANSFER,0.000100,0.158000,Signal Finished
2177701.896994,6000,773a6b7b-bf00-48fc-ba23-a7d203f1988c,coordinator_0,worker_2,NET_TRANSFER,8.492465,679.547232,Distribute Layer ID: db8fd357
2177701.982601,6000,773a6b7b-bf00-48fc-ba23-a7d203f1988c,worker_2,worker_2,MEM_MOVE,10.957690,0.085607,"Evict VRAM -> RAM [Model: 773a6b7b, Layer: 45cec402]"
2177702.048948,6000,773a6b7b-bf00-48fc-ba23-a7d203f1988c,worker_2,worker_2,DISK_LOAD,8.492465,0.066347,"Disk -> RAM [Model: 773a6b7b, Layer: db8fd357]"
2177702.115296,6000,773a6b7b-bf00-48fc-ba23-a7d203f1988c,worker_2,worker_2,MEM_MOVE,8.492465,0.066347,"RAM -> VRAM [Model: 773a6b7b, Layer: db8fd357]"
2177702.165296,6000,773a6b7b-bf00-48fc-ba23-a7d203f1988c,worker_2,worker_2,GPU_COMPUTE,0.050000,0.050000,GPU Compute
2177702.323296,6000,773a6b7b-bf00-48fc-ba23-a7d203f1988c,worker_2,coordinator_0,NET_TRANSFER,0.000100,0.158000,Signal Finished
2178129.414736,6000,773a6b7b-bf00-48fc-ba23-a7d203f1988c,coordinator_0,worker_3,NET_TRANSFER,5.336768,427.091441,Distribute Layer ID: 5e2e945e
2178129.464973,6000,773a6b7b-bf00-48fc-ba23-a7d203f1988c,worker_3,worker_3,MEM_MOVE,6.430242,0.050236,"Evict VRAM -> RAM [Model: 773a6b7b, Layer: 990cc20c]"
2178129.506666,6000,773a6b7b-bf00-48fc-ba23-a7d203f1988c,worker_3,worker_3,DISK_LOAD,5.336768,0.041694,"Disk -> RAM [Model: 773a6b7b, Layer: 5e2e945e]"
2178129.548360,6000,773a6b7b-bf00-48fc-ba23-a7d203f1988c,worker_3,worker_3,MEM_MOVE,5.336768,0.041694,"RAM -> VRAM [Model: 773a6b7b, Layer: 5e2e945e]"
2178129.598360,6000,773a6b7b-bf00-48fc-ba23-a7d203f1988c,worker_3,worker_3,GPU_COMPUTE,0.050000,0.050000,GPU Compute
2178129.756360,6000,773a6b7b-bf00-48fc-ba23-a7d203f1988c,worker_3,coordinator_0,NET_TRANSFER,0.000100,0.158000,Signal Finished
2179137.045316,6000,773a6b7b-bf00-48fc-ba23-a7d203f1988c,coordinator_0,worker_4,NET_TRANSFER,12.589237,1007.288956,Distribute Layer ID: 030fe7c5
2179137.147893,6000,773a6b7b-bf00-48fc-ba23-a7d203f1988c,worker_4,worker_4,MEM_MOVE,13.129842,0.102577,"Evict VRAM -> RAM [Model: 773a6b7b, Layer: 3a6eb27e]"
2179137.246246,6000,773a6b7b-bf00-48fc-ba23-a7d203f1988c,worker_4,worker_4,DISK_LOAD,12.589237,0.098353,"Disk -> RAM [Model: 773a6b7b, Layer: 030fe7c5]"
2179137.344599,6000,773a6b7b-bf00-48fc-ba23-a7d203f1988c,worker_4,worker_4,MEM_MOVE,12.589237,0.098353,"RAM -> VRAM [Model: 773a6b7b, Layer: 030fe7c5]"
2179137.394599,6000,773a6b7b-bf00-48fc-ba23-a7d203f1988c,worker_4,worker_4,GPU_COMPUTE,0.050000,0.050000,GPU Compute
2179137.552599,6000,773a6b7b-bf00-48fc-ba23-a7d203f1988c,worker_4,coordinator_0,NET_TRANSFER,0.000100,0.158000,Signal Finished
2180348.413890,6000,773a6b7b-bf00-48fc-ba23-a7d203f1988c,coordinator_0,worker_1,NET_TRANSFER,15.133891,1210.861290,Distribute Layer ID: 311a0ebd
2180348.451311,6000,773a6b7b-bf00-48fc-ba23-a7d203f1988c,worker_1,worker_1,MEM_MOVE,4.789939,0.037421,"Evict VRAM -> RAM [Model: 773a6b7b, Layer: 6fd99b3b]"
2180348.560016,6000,773a6b7b-bf00-48fc-ba23-a7d203f1988c,worker_1,worker_1,MEM_MOVE,13.914263,0.108705,"Evict VRAM -> RAM [Model: 773a6b7b, Layer: 20946a36]"
2180348.678250,6000,773a6b7b-bf00-48fc-ba23-a7d203f1988c,worker_1,worker_1,DISK_LOAD,15.133891,0.118234,"Disk -> RAM [Model: 773a6b7b, Layer: 311a0ebd]"
2180348.796483,6000,773a6b7b-bf00-48fc-ba23-a7d203f1988c,worker_1,worker_1,MEM_MOVE,15.133891,0.118234,"RAM -> VRAM [Model: 773a6b7b, Layer: 311a0ebd]"
2180348.846483,6000,773a6b7b-bf00-48fc-ba23-a7d203f1988c,worker_1,worker_1,GPU_COMPUTE,0.050000,0.050000,GPU Compute
2180349.004483,6000,773a6b7b-bf00-48fc-ba23-a7d203f1988c,worker_1,coordinator_0,NET_TRANSFER,0.000100,0.158000,Signal Finished
2181421.264084,6000,773a6b7b-bf00-48fc-ba23-a7d203f1988c,coordinator_0,worker_2,NET_TRANSFER,13.401370,1072.259601,Distribute Layer ID: d3e26101
2181421.330432,6000,773a6b7b-bf00-48fc-ba23-a7d203f1988c,worker_2,worker_2,MEM_MOVE,8.492465,0.066347,"Evict VRAM -> RAM [Model: 773a6b7b, Layer: db8fd357]"
2181421.422660,6000,773a6b7b-bf00-48fc-ba23-a7d203f1988c,worker_2,worker_2,MEM_MOVE,11.805138,0.092228,"Evict VRAM -> RAM [Model: 773a6b7b, Layer: 2de11868]"
2181421.527358,6000,773a6b7b-bf00-48fc-ba23-a7d203f1988c,worker_2,worker_2,DISK_LOAD,13.401370,0.104698,"Disk -> RAM [Model: 773a6b7b, Layer: d3e26101]"
2181421.632056,6000,773a6b7b-bf00-48fc-ba23-a7d203f1988c,worker_2,worker_2,MEM_MOVE,13.401370,0.104698,"RAM -> VRAM [Model: 773a6b7b, Layer: d3e26101]"
2181421.682056,6000,773a6b7b-bf00-48fc-ba23-a7d203f1988c,worker_2,worker_2,GPU_COMPUTE,0.050000,0.050000,GPU Compute
2181421.840056,6000,773a6b7b-bf00-48fc-ba23-a7d203f1988c,worker_2,coordinator_0,NET_TRANSFER,0.000100,0.158000,Signal Finished
2182146.558728,6000,773a6b7b-bf00-48fc-ba23-a7d203f1988c,coordinator_0,worker_3,NET_TRANSFER,9.057108,724.718672,Distribute Layer ID: a07ab5ef
2182146.600422,6000,773a6b7b-bf00-48fc-ba23-a7d203f1988c,worker_3,worker_3,MEM_MOVE,5.336768,0.041694,"Evict VRAM -> RAM [Model: 773a6b7b, Layer: 5e2e945e]"
2182146.695779,6000,773a6b7b-bf00-48fc-ba23-a7d203f1988c,worker_3,worker_3,MEM_MOVE,12.205675,0.095357,"Evict VRAM -> RAM [Model: 773a6b7b, Layer: f271f923]"
2182146.766537,6000,773a6b7b-bf00-48fc-ba23-a7d203f1988c,worker_3,worker_3,DISK_LOAD,9.057108,0.070759,"Disk -> RAM [Model: 773a6b7b, Layer: a07ab5ef]"
2182146.837296,6000,773a6b7b-bf00-48fc-ba23-a7d203f1988c,worker_3,worker_3,MEM_MOVE,9.057108,0.070759,"RAM -> VRAM [Model: 773a6b7b, Layer: a07ab5ef]"
2182146.887296,6000,773a6b7b-bf00-48fc-ba23-a7d203f1988c,worker_3,worker_3,GPU_COMPUTE,0.050000,0.050000,GPU Compute
2182147.045296,6000,773a6b7b-bf00-48fc-ba23-a7d203f1988c,worker_3,coordinator_0,NET_TRANSFER,0.000100,0.158000,Signal Finished
2183176.758313,6000,773a6b7b-bf00-48fc-ba23-a7d203f1988c,coordinator_0,worker_4,NET_TRANSFER,12.869538,1029.713017,Distribute Layer ID: 798c7bc4
2183176.856666,6000,773a6b7b-bf00-48fc-ba23-a7d203f1988c,worker_4,worker_4,MEM_MOVE,12.589237,0.098353,"Evict VRAM -> RAM [Model: 773a6b7b, Layer: 030fe7c5]"
2183176.957209,6000,773a6b7b-bf00-48fc-ba23-a7d203f1988c,worker_4,worker_4,DISK_LOAD,12.869538,0.100543,"Disk -> RAM [Model: 773a6b7b, Layer: 798c7bc4]"
2183177.057753,6000,773a6b7b-bf00-48fc-ba23-a7d203f1988c,worker_4,worker_4,MEM_MOVE,12.869538,0.100543,"RAM -> VRAM [Model: 773a6b7b, Layer: 798c7bc4]"
2183177.107753,6000,773a6b7b-bf00-48fc-ba23-a7d203f1988c,worker_4,worker_4,GPU_COMPUTE,0.050000,0.050000,GPU Compute
2183177.265753,6000,773a6b7b-bf00-48fc-ba23-a7d203f1988c,worker_4,coordinator_0,NET_TRANSFER,0.000100,0.158000,Signal Finished
2184025.632475,6000,773a6b7b-bf00-48fc-ba23-a7d203f1988c,coordinator_0,worker_1,NET_TRANSFER,10.602709,848.366722,Distribute Layer ID: 28a5dcb4
2184025.750708,6000,773a6b7b-bf00-48fc-ba23-a7d203f1988c,worker_1,worker_1,MEM_MOVE,15.133891,0.118234,"Evict VRAM -> RAM [Model: 773a6b7b, Layer: 311a0ebd]"
2184025.833542,6000,773a6b7b-bf00-48fc-ba23-a7d203f1988c,worker_1,worker_1,DISK_LOAD,10.602709,0.082834,"Disk -> RAM [Model: 773a6b7b, Layer: 28a5dcb4]"
2184025.916375,6000,773a6b7b-bf00-48fc-ba23-a7d203f1988c,worker_1,worker_1,MEM_MOVE,10.602709,0.082834,"RAM -> VRAM [Model: 773a6b7b, Layer: 28a5dcb4]"
2184025.966375,6000,773a6b7b-bf00-48fc-ba23-a7d203f1988c,worker_1,worker_1,GPU_COMPUTE,0.050000,0.050000,GPU Compute
2184026.124375,6000,773a6b7b-bf00-48fc-ba23-a7d203f1988c,worker_1,coordinator_0,NET_TRANSFER,0.000100,0.158000,Signal Finished
2184749.760601,6000,773a6b7b-bf00-48fc-ba23-a7d203f1988c,coordinator_0,worker_2,NET_TRANSFER,9.043578,723.636225,Distribute Layer ID: b9d04aaf
2184749.831254,6000,773a6b7b-bf00-48fc-ba23-a7d203f1988c,worker_2,worker_2,DISK_LOAD,9.043578,0.070653,"Disk -> RAM [Model: 773a6b7b, Layer: b9d04aaf]"
2184749.901907,6000,773a6b7b-bf00-48fc-ba23-a7d203f1988c,worker_2,worker_2,MEM_MOVE,9.043578,0.070653,"RAM -> VRAM [Model: 773a6b7b, Layer: b9d04aaf]"
2184749.951907,6000,773a6b7b-bf00-48fc-ba23-a7d203f1988c,worker_2,worker_2,GPU_COMPUTE,0.050000,0.050000,GPU Compute
2184750.109907,6000,773a6b7b-bf00-48fc-ba23-a7d203f1988c,worker_2,coordinator_0,NET_TRANSFER,0.000100,0.158000,Signal Finished
2185213.635694,6000,773a6b7b-bf00-48fc-ba23-a7d203f1988c,coordinator_0,worker_3,NET_TRANSFER,5.792197,463.525787,Distribute Layer ID: b9c4a4ed
2185213.680945,6000,773a6b7b-bf00-48fc-ba23-a7d203f1988c,worker_3,worker_3,DISK_LOAD,5.792197,0.045252,"Disk -> RAM [Model: 773a6b7b, Layer: b9c4a4ed]"
2185213.726197,6000,773a6b7b-bf00-48fc-ba23-a7d203f1988c,worker_3,worker_3,MEM_MOVE,5.792197,0.045252,"RAM -> VRAM [Model: 773a6b7b, Layer: b9c4a4ed]"
2185213.776197,6000,773a6b7b-bf00-48fc-ba23-a7d203f1988c,worker_3,worker_3,GPU_COMPUTE,0.050000,0.050000,GPU Compute
2185213.934197,6000,773a6b7b-bf00-48fc-ba23-a7d203f1988c,worker_3,coordinator_0,NET_TRANSFER,0.000100,0.158000,Signal Finished
2185815.353295,6000,773a6b7b-bf00-48fc-ba23-a7d203f1988c,coordinator_0,worker_4,NET_TRANSFER,7.515864,601.419099,Distribute Layer ID: 7b747e44
2185815.453839,6000,773a6b7b-bf00-48fc-ba23-a7d203f1988c,worker_4,worker_4,MEM_MOVE,12.869538,0.100543,"Evict VRAM -> RAM [Model: 773a6b7b, Layer: 798c7bc4]"
2185815.512556,6000,773a6b7b-bf00-48fc-ba23-a7d203f1988c,worker_4,worker_4,DISK_LOAD,7.515864,0.058718,"Disk -> RAM [Model: 773a6b7b, Layer: 7b747e44]"
2185815.571274,6000,773a6b7b-bf00-48fc-ba23-a7d203f1988c,worker_4,worker_4,MEM_MOVE,7.515864,0.058718,"RAM -> VRAM [Model: 773a6b7b, Layer: 7b747e44]"
2185815.621274,6000,773a6b7b-bf00-48fc-ba23-a7d203f1988c,worker_4,worker_4,GPU_COMPUTE,0.050000,0.050000,GPU Compute
2185815.779274,6000,773a6b7b-bf00-48fc-ba23-a7d203f1988c,worker_4,coordinator_0,NET_TRANSFER,0.000100,0.158000,Signal Finished
2186515.885997,6000,191057b3-0973-4b0f-a672-be9b4f920841,coordinator_0,worker_2,NET_TRANSFER,8.749459,700.106723,Distribute Layer ID: f64a386e
2186515.956650,6000,191057b3-0973-4b0f-a672-be9b4f920841,worker_2,worker_2,MEM_MOVE,9.043578,0.070653,"Evict VRAM -> RAM [Model: 773a6b7b, Layer: b9d04aaf]"
2186516.025006,6000,191057b3-0973-4b0f-a672-be9b4f920841,worker_2,worker_2,DISK_LOAD,8.749459,0.068355,"Disk -> RAM [Model: 191057b3, Layer: f64a386e]"
2186516.093361,6000,191057b3-0973-4b0f-a672-be9b4f920841,worker_2,worker_2,MEM_MOVE,8.749459,0.068355,"RAM -> VRAM [Model: 191057b3, Layer: f64a386e]"
2186516.143361,6000,191057b3-0973-4b0f-a672-be9b4f920841,worker_2,worker_2,GPU_COMPUTE,0.050000,0.050000,GPU Compute
2186516.301361,6000,191057b3-0973-4b0f-a672-be9b4f920841,worker_2,coordinator_0,NET_TRANSFER,0.000100,0.158000,Signal Finished
2187278.608901,6000,191057b3-0973-4b0f-a672-be9b4f920841,coordinator_0,worker_3,NET_TRANSFER,9.526969,762.307540,Distribute Layer ID: 630403c8
2187278.654153,6000,191057b3-0973-4b0f-a672-be9b4f920841,worker_3,worker_3,MEM_MOVE,5.792197,0.045252,"Evict VRAM -> RAM [Model: 773a6b7b, Layer: b9c4a4ed]"
2187278.728582,6000,191057b3-0973-4b0f-a672-be9b4f920841,worker_3,worker_3,DISK_LOAD,9.526969,0.074429,"Disk -> RAM [Model: 191057b3, Layer: 630403c8]"
2187278.803011,6000,191057b3-0973-4b0f-a672-be9b4f920841,worker_3,worker_3,MEM_MOVE,9.526969,0.074429,"RAM -> VRAM [Model: 191057b3, Layer: 630403c8]"
2187278.853011,6000,191057b3-0973-4b0f-a672-be9b4f920841,worker_3,worker_3,GPU_COMPUTE,0.050000,0.050000,GPU Compute
2187279.011011,6000,191057b3-0973-4b0f-a672-be9b4f920841,worker_3,coordinator_0,NET_TRANSFER,0.000100,0.158000,Signal Finished
2187981.717900,6000,191057b3-0973-4b0f-a672-be9b4f920841,coordinator_0,worker_4,NET_TRANSFER,8.781961,702.706889,Distribute Layer ID: de3937e5
2187981.776618,6000,191057b3-0973-4b0f-a672-be9b4f920841,worker_4,worker_4,MEM_MOVE,7.515864,0.058718,"Evict VRAM -> RAM [Model: 773a6b7b, Layer: 7b747e44]"
2187981.845227,6000,191057b3-0973-4b0f-a672-be9b4f920841,worker_4,worker_4,DISK_LOAD,8.781961,0.068609,"Disk -> RAM [Model: 191057b3, Layer: de3937e5]"
2187981.913836,6000,191057b3-0973-4b0f-a672-be9b4f920841,worker_4,worker_4,MEM_MOVE,8.781961,0.068609,"RAM -> VRAM [Model: 191057b3, Layer: de3937e5]"
2187981.963836,6000,191057b3-0973-4b0f-a672-be9b4f920841,worker_4,worker_4,GPU_COMPUTE,0.050000,0.050000,GPU Compute
2187982.121836,6000,191057b3-0973-4b0f-a672-be9b4f920841,worker_4,coordinator_0,NET_TRANSFER,0.000100,0.158000,Signal Finished
2189076.700434,6000,191057b3-0973-4b0f-a672-be9b4f920841,coordinator_0,worker_1,NET_TRANSFER,13.680357,1094.578598,Distribute Layer ID: b119cdab
2189076.783268,6000,191057b3-0973-4b0f-a672-be9b4f920841,worker_1,worker_1,MEM_MOVE,10.602709,0.082834,"Evict VRAM -> RAM [Model: 773a6b7b, Layer: 28a5dcb4]"
2189076.890145,6000,191057b3-0973-4b0f-a672-be9b4f920841,worker_1,worker_1,DISK_LOAD,13.680357,0.106878,"Disk -> RAM [Model: 191057b3, Layer: b119cdab]"
2189076.997023,6000,191057b3-0973-4b0f-a672-be9b4f920841,worker_1,worker_1,MEM_MOVE,13.680357,0.106878,"RAM -> VRAM [Model: 191057b3, Layer: b119cdab]"
2189077.047023,6000,191057b3-0973-4b0f-a672-be9b4f920841,worker_1,worker_1,GPU_COMPUTE,0.050000,0.050000,GPU Compute
2189077.205023,6000,191057b3-0973-4b0f-a672-be9b4f920841,worker_1,coordinator_0,NET_TRANSFER,0.000100,0.158000,Signal Finished
2190264.411139,6000,191057b3-0973-4b0f-a672-be9b4f920841,coordinator_0,worker_2,NET_TRANSFER,14.838201,1187.206115,Distribute Layer ID: ab391864
2190264.479494,6000,191057b3-0973-4b0f-a672-be9b4f920841,worker_2,worker_2,MEM_MOVE,8.749459,0.068355,"Evict VRAM -> RAM [Model: 191057b3, Layer: f64a386e]"
2190264.584192,6000,191057b3-0973-4b0f-a672-be9b4f920841,worker_2,worker_2,MEM_MOVE,13.401370,0.104698,"Evict VRAM -> RAM [Model: 773a6b7b, Layer: d3e26101]"
2190264.700115,6000,191057b3-0973-4b0f-a672-be9b4f920841,worker_2,worker_2,DISK_LOAD,14.838201,0.115923,"Disk -> RAM [Model: 191057b3, Layer: ab391864]"
2190264.816039,6000,191057b3-0973-4b0f-a672-be9b4f920841,worker_2,worker_2,MEM_MOVE,14.838201,0.115923,"RAM -> VRAM [Model: 191057b3, Layer: ab391864]"
2190264.866039,6000,191057b3-0973-4b0f-a672-be9b4f920841,worker_2,worker_2,GPU_COMPUTE,0.050000,0.050000,GPU Compute
2190265.024039,6000,191057b3-0973-4b0f-a672-be9b4f920841,worker_2,coordinator_0,NET_TRANSFER,0.000100,0.158000,Signal Finished
2190991.344796,6000,191057b3-0973-4b0f-a672-be9b4f920841,coordinator_0,worker_3,NET_TRANSFER,9.077134,726.320758,Distribute Layer ID: 192a8f27
2190991.419226,6000,191057b3-0973-4b0f-a672-be9b4f920841,worker_3,worker_3,MEM_MOVE,9.526969,0.074429,"Evict VRAM -> RAM [Model: 191057b3, Layer: 630403c8]"
2190991.490141,6000,191057b3-0973-4b0f-a672-be9b4f920841,worker_3,worker_3,DISK_LOAD,9.077134,0.070915,"Disk -> RAM [Model: 191057b3, Layer: 192a8f27]"
2190991.561056,6000,191057b3-0973-4b0f-a672-be9b4f920841,worker_3,worker_3,MEM_MOVE,9.077134,0.070915,"RAM -> VRAM [Model: 191057b3, Layer: 192a8f27]"
2190991.611056,6000,191057b3-0973-4b0f-a672-be9b4f920841,worker_3,worker_3,GPU_COMPUTE,0.050000,0.050000,GPU Compute
2190991.769056,6000,191057b3-0973-4b0f-a672-be9b4f920841,worker_3,coordinator_0,NET_TRANSFER,0.000100,0.158000,Signal Finished
2191413.980716,6000,191057b3-0973-4b0f-a672-be9b4f920841,coordinator_0,worker_4,NET_TRANSFER,5.275771,422.211660,Distribute Layer ID: 9d7213c0
2191414.021933,6000,191057b3-0973-4b0f-a672-be9b4f920841,worker_4,worker_4,DISK_LOAD,5.275771,0.041217,"Disk -> RAM [Model: 191057b3, Layer: 9d7213c0]"
2191414.063150,6000,191057b3-0973-4b0f-a672-be9b4f920841,worker_4,worker_4,MEM_MOVE,5.275771,0.041217,"RAM -> VRAM [Model: 191057b3, Layer: 9d7213c0]"
2191414.113150,6000,191057b3-0973-4b0f-a672-be9b4f920841,worker_4,worker_4,GPU_COMPUTE,0.050000,0.050000,GPU Compute
2191414.271150,6000,191057b3-0973-4b0f-a672-be9b4f920841,worker_4,coordinator_0,NET_TRANSFER,0.000100,0.158000,Signal Finished
2191816.184679,6000,191057b3-0973-4b0f-a672-be9b4f920841,coordinator_0,worker_1,NET_TRANSFER,5.022044,401.913529,Distribute Layer ID: e7cbca4d
2191816.223914,6000,191057b3-0973-4b0f-a672-be9b4f920841,worker_1,worker_1,DISK_LOAD,5.022044,0.039235,"Disk -> RAM [Model: 191057b3, Layer: e7cbca4d]"
2191816.263149,6000,191057b3-0973-4b0f-a672-be9b4f920841,worker_1,worker_1,MEM_MOVE,5.022044,0.039235,"RAM -> VRAM [Model: 191057b3, Layer: e7cbca4d]"
2191816.313149,6000,191057b3-0973-4b0f-a672-be9b4f920841,worker_1,worker_1,GPU_COMPUTE,0.050000,0.050000,GPU Compute
2191816.471149,6000,191057b3-0973-4b0f-a672-be9b4f920841,worker_1,coordinator_0,NET_TRANSFER,0.000100,0.158000,Signal Finished
2192890.400063,6000,191057b3-0973-4b0f-a672-be9b4f920841,coordinator_0,worker_2,NET_TRANSFER,13.422236,1073.928915,Distribute Layer ID: 335dfad3
2192890.515987,6000,191057b3-0973-4b0f-a672-be9b4f920841,worker_2,worker_2,MEM_MOVE,14.838201,0.115923,"Evict VRAM -> RAM [Model: 191057b3, Layer: ab391864]"
2192890.620848,6000,191057b3-0973-4b0f-a672-be9b4f920841,worker_2,worker_2,DISK_LOAD,13.422236,0.104861,"Disk -> RAM [Model: 191057b3, Layer: 335dfad3]"
2192890.725709,6000,191057b3-0973-4b0f-a672-be9b4f920841,worker_2,worker_2,MEM_MOVE,13.422236,0.104861,"RAM -> VRAM [Model: 191057b3, Layer: 335dfad3]"
2192890.775709,6000,191057b3-0973-4b0f-a672-be9b4f920841,worker_2,worker_2,GPU_COMPUTE,0.050000,0.050000,GPU Compute
2192890.933709,6000,191057b3-0973-4b0f-a672-be9b4f920841,worker_2,coordinator_0,NET_TRANSFER,0.000100,0.158000,Signal Finished
2193336.059059,6000,191057b3-0973-4b0f-a672-be9b4f920841,coordinator_0,worker_3,NET_TRANSFER,5.562192,445.125350,Distribute Layer ID: 12798b8d
2193336.129974,6000,191057b3-0973-4b0f-a672-be9b4f920841,worker_3,worker_3,MEM_MOVE,9.077134,0.070915,"Evict VRAM -> RAM [Model: 191057b3, Layer: 192a8f27]"
2193336.173429,6000,191057b3-0973-4b0f-a672-be9b4f920841,worker_3,worker_3,DISK_LOAD,5.562192,0.043455,"Disk -> RAM [Model: 191057b3, Layer: 12798b8d]"
2193336.216883,6000,191057b3-0973-4b0f-a672-be9b4f920841,worker_3,worker_3,MEM_MOVE,5.562192,0.043455,"RAM -> VRAM [Model: 191057b3, Layer: 12798b8d]"
2193336.266883,6000,191057b3-0973-4b0f-a672-be9b4f920841,worker_3,worker_3,GPU_COMPUTE,0.050000,0.050000,GPU Compute
2193336.424883,6000,191057b3-0973-4b0f-a672-be9b4f920841,worker_3,coordinator_0,NET_TRANSFER,0.000100,0.158000,Signal Finished
2194301.746542,6000,191057b3-0973-4b0f-a672-be9b4f920841,coordinator_0,worker_4,NET_TRANSFER,12.064646,965.321659,Distribute Layer ID: e7631141
2194301.787759,6000,191057b3-0973-4b0f-a672-be9b4f920841,worker_4,worker_4,MEM_MOVE,5.275771,0.041217,"Evict VRAM -> RAM [Model: 191057b3, Layer: 9d7213c0]"
2194301.856368,6000,191057b3-0973-4b0f-a672-be9b4f920841,worker_4,worker_4,MEM_MOVE,8.781961,0.068609,"Evict VRAM -> RAM [Model: 191057b3, Layer: de3937e5]"
2194301.950623,6000,191057b3-0973-4b0f-a672-be9b4f920841,worker_4,worker_4,DISK_LOAD,12.064646,0.094255,"Disk -> RAM [Model: 191057b3, Layer: e7631141]"
2194302.044878,6000,191057b3-0973-4b0f-a672-be9b4f920841,worker_4,worker_4,MEM_MOVE,12.064646,0.094255,"RAM -> VRAM [Model: 191057b3, Layer: e7631141]"
2194302.094878,6000,191057b3-0973-4b0f-a672-be9b4f920841,worker_4,worker_4,GPU_COMPUTE,0.050000,0.050000,GPU Compute
2194302.252878,6000,191057b3-0973-4b0f-a672-be9b4f920841,worker_4,coordinator_0,NET_TRANSFER,0.000100,0.158000,Signal Finished
2195473.805620,6000,191057b3-0973-4b0f-a672-be9b4f920841,coordinator_0,worker_1,NET_TRANSFER,14.642534,1171.552742,Distribute Layer ID: aee4538a
2195473.844855,6000,191057b3-0973-4b0f-a672-be9b4f920841,worker_1,worker_1,MEM_MOVE,5.022044,0.039235,"Evict VRAM -> RAM [Model: 191057b3, Layer: e7cbca4d]"
2195473.951733,6000,191057b3-0973-4b0f-a672-be9b4f920841,worker_1,worker_1,MEM_MOVE,13.680357,0.106878,"Evict VRAM -> RAM [Model: 191057b3, Layer: b119cdab]"
2195474.066128,6000,191057b3-0973-4b0f-a672-be9b4f920841,worker_1,worker_1,DISK_LOAD,14.642534,0.114395,"Disk -> RAM [Model: 191057b3, Layer: aee4538a]"
2195474.180523,6000,191057b3-0973-4b0f-a672-be9b4f920841,worker_1,worker_1,MEM_MOVE,14.642534,0.114395,"RAM -> VRAM [Model: 191057b3, Layer: aee4538a]"
2195474.230523,6000,191057b3-0973-4b0f-a672-be9b4f920841,worker_1,worker_1,GPU_COMPUTE,0.050000,0.050000,GPU Compute
2195474.388523,6000,191057b3-0973-4b0f-a672-be9b4f920841,worker_1,coordinator_0,NET_TRANSFER,0.000100,0.158000,Signal Finished
2195961.980967,6000,191057b3-0973-4b0f-a672-be9b4f920841,coordinator_0,worker_2,NET_TRANSFER,6.093031,487.592445,Distribute Layer ID: ca58afe6
2195962.028569,6000,191057b3-0973-4b0f-a672-be9b4f920841,worker_2,worker_2,DISK_LOAD,6.093031,0.047602,"Disk -> RAM [Model: 191057b3, Layer: ca58afe6]"
2195962.076171,6000,191057b3-0973-4b0f-a672-be9b4f920841,worker_2,worker_2,MEM_MOVE,6.093031,0.047602,"RAM -> VRAM [Model: 191057b3, Layer: ca58afe6]"
2195962.126171,6000,191057b3-0973-4b0f-a672-be9b4f920841,worker_2,worker_2,GPU_COMPUTE,0.050000,0.050000,GPU Compute
2195962.284171,6000,191057b3-0973-4b0f-a672-be9b4f920841,worker_2,coordinator_0,NET_TRANSFER,0.000100,0.158000,Signal Finished
2196591.879838,6000,191057b3-0973-4b0f-a672-be9b4f920841,coordinator_0,worker_3,NET_TRANSFER,7.868071,629.595667,Distribute Layer ID: 1d33be02
2196591.923292,6000,191057b3-0973-4b0f-a672-be9b4f920841,worker_3,worker_3,MEM_MOVE,5.562192,0.043455,"Evict VRAM -> RAM [Model: 191057b3, Layer: 12798b8d]"
2196591.984762,6000,191057b3-0973-4b0f-a672-be9b4f920841,worker_3,worker_3,DISK_LOAD,7.868071,0.061469,"Disk -> RAM [Model: 191057b3, Layer: 1d33be02]"
2196592.046231,6000,191057b3-0973-4b0f-a672-be9b4f920841,worker_3,worker_3,MEM_MOVE,7.868071,0.061469,"RAM -> VRAM [Model: 191057b3, Layer: 1d33be02]"
2196592.096231,6000,191057b3-0973-4b0f-a672-be9b4f920841,worker_3,worker_3,GPU_COMPUTE,0.050000,0.050000,GPU Compute
2196592.254231,6000,191057b3-0973-4b0f-a672-be9b4f920841,worker_3,coordinator_0,NET_TRANSFER,0.000100,0.158000,Signal Finished
2197631.055430,6000,191057b3-0973-4b0f-a672-be9b4f920841,coordinator_0,worker_4,NET_TRANSFER,12.983140,1038.801199,Distribute Layer ID: 2c946ed7
2197631.213430,6003,e79a3092-e870-46ea-bb81-d099d702b978,client_6,coordinator_0,NET_TRANSFER,0.000100,0.158000,Request Model ID
2197631.307685,6000,191057b3-0973-4b0f-a672-be9b4f920841,worker_4,worker_4,MEM_MOVE,12.064646,0.094255,"Evict VRAM -> RAM [Model: 191057b3, Layer: e7631141]"
2197631.409116,6000,191057b3-0973-4b0f-a672-be9b4f920841,worker_4,worker_4,DISK_LOAD,12.983140,0.101431,"Disk -> RAM [Model: 191057b3, Layer: 2c946ed7]"
2197631.510547,6000,191057b3-0973-4b0f-a672-be9b4f920841,worker_4,worker_4,MEM_MOVE,12.983140,0.101431,"RAM -> VRAM [Model: 191057b3, Layer: 2c946ed7]"
2197631.560547,6000,191057b3-0973-4b0f-a672-be9b4f920841,worker_4,worker_4,GPU_COMPUTE,0.050000,0.050000,GPU Compute
2197631.718547,6000,191057b3-0973-4b0f-a672-be9b4f920841,worker_4,coordinator_0,NET_TRANSFER,0.000100,0.158000,Signal Finished
2198417.630940,6000,191057b3-0973-4b0f-a672-be9b4f920841,coordinator_0,worker_1,NET_TRANSFER,9.822030,785.912394,Distribute Layer ID: dd473c48
2198417.788940,4005,5db32043-be1a-4e02-ad7f-c6e5724beb16,client_4,coordinator_0,NET_TRANSFER,0.000100,0.158000,Request Model ID
2198417.946940,4005,12cbad90-9e6b-4897-a0d7-bd1a358488e3,client_4,coordinator_0,NET_TRANSFER,0.000100,0.158000,Request Model ID
2198418.104940,4005,158b3208-acec-446f-9023-04b8c47654a9,client_4,coordinator_0,NET_TRANSFER,0.000100,0.158000,Request Model ID
2198418.262940,9005,cc0dab58-f02c-469f-a696-153baf86d230,client_9,coordinator_0,NET_TRANSFER,0.000100,0.158000,Request Model ID
2198418.420940,9005,98de1b49-8dd3-49e7-a8fd-1969749e5ee7,client_9,coordinator_0,NET_TRANSFER,0.000100,0.158000,Request Model ID
2198418.578940,9005,edbb5a5f-96c7-4587-bae7-76b991139bc5,client_9,coordinator_0,NET_TRANSFER,0.000100,0.158000,Request Model ID
2198418.736940,9005,209734fe-da0f-4c49-8ae8-1285e31e9d43,client_9,coordinator_0,NET_TRANSFER,0.000100,0.158000,Request Model ID
2198418.894940,5005,d95ac209-70ac-4366-b455-f005e41230be,client_5,coordinator_0,NET_TRANSFER,0.000100,0.158000,Request Model ID
2198419.009335,6000,191057b3-0973-4b0f-a672-be9b4f920841,worker_1,worker_1,MEM_MOVE,14.642534,0.114395,"Evict VRAM -> RAM [Model: 191057b3, Layer: aee4538a]"
2198419.086070,6000,191057b3-0973-4b0f-a672-be9b4f920841,worker_1,worker_1,DISK_LOAD,9.822030,0.076735,"Disk -> RAM [Model: 191057b3, Layer: dd473c48]"
2198419.162804,6000,191057b3-0973-4b0f-a672-be9b4f920841,worker_1,worker_1,MEM_MOVE,9.822030,0.076735,"RAM -> VRAM [Model: 191057b3, Layer: dd473c48]"
2198419.212804,6000,191057b3-0973-4b0f-a672-be9b4f920841,worker_1,worker_1,GPU_COMPUTE,0.050000,0.050000,GPU Compute
2198419.370804,6000,191057b3-0973-4b0f-a672-be9b4f920841,worker_1,coordinator_0,NET_TRANSFER,0.000100,0.158000,Signal Finished
2199221.530945,6000,191057b3-0973-4b0f-a672-be9b4f920841,coordinator_0,worker_2,NET_TRANSFER,10.025127,802.160141,Distribute Layer ID: 09ce57e2
2199221.578547,6000,191057b3-0973-4b0f-a672-be9b4f920841,worker_2,worker_2,MEM_MOVE,6.093031,0.047602,"Evict VRAM -> RAM [Model: 191057b3, Layer: ca58afe6]"
2199221.656868,6000,191057b3-0973-4b0f-a672-be9b4f920841,worker_2,worker_2,DISK_LOAD,10.025127,0.078321,"Disk -> RAM [Model: 191057b3, Layer: 09ce57e2]"
2199221.735190,6000,191057b3-0973-4b0f-a672-be9b4f920841,worker_2,worker_2,MEM_MOVE,10.025127,0.078321,"RAM -> VRAM [Model: 191057b3, Layer: 09ce57e2]"
2199221.785190,6000,191057b3-0973-4b0f-a672-be9b4f920841,worker_2,worker_2,GPU_COMPUTE,0.050000,0.050000,GPU Compute
2199221.943190,6000,191057b3-0973-4b0f-a672-be9b4f920841,worker_2,coordinator_0,NET_TRANSFER,0.000100,0.158000,Signal Finished
2199728.696626,6000,191057b3-0973-4b0f-a672-be9b4f920841,coordinator_0,worker_3,NET_TRANSFER,6.332543,506.753437,Distribute Layer ID: 3a2aba5c
2199728.758096,6000,191057b3-0973-4b0f-a672-be9b4f920841,worker_3,worker_3,MEM_MOVE,7.868071,0.061469,"Evict VRAM -> RAM [Model: 191057b3, Layer: 1d33be02]"
2199728.807569,6000,191057b3-0973-4b0f-a672-be9b4f920841,worker_3,worker_3,DISK_LOAD,6.332543,0.049473,"Disk -> RAM [Model: 191057b3, Layer: 3a2aba5c]"
2199728.857042,6000,191057b3-0973-4b0f-a672-be9b4f920841,worker_3,worker_3,MEM_MOVE,6.332543,0.049473,"RAM -> VRAM [Model: 191057b3, Layer: 3a2aba5c]"
2199728.907042,6000,191057b3-0973-4b0f-a672-be9b4f920841,worker_3,worker_3,GPU_COMPUTE,0.050000,0.050000,GPU Compute
2199729.065042,6000,191057b3-0973-4b0f-a672-be9b4f920841,worker_3,coordinator_0,NET_TRANSFER,0.000100,0.158000,Signal Finished
2200567.659025,6000,191057b3-0973-4b0f-a672-be9b4f920841,coordinator_0,worker_4,NET_TRANSFER,10.480550,838.593984,Distribute Layer ID: 01b8b0b9
2200567.760456,6000,191057b3-0973-4b0f-a672-be9b4f920841,worker_4,worker_4,MEM_MOVE,12.983140,0.101431,"Evict VRAM -> RAM [Model: 191057b3, Layer: 2c946ed7]"
2200567.842335,6000,191057b3-0973-4b0f-a672-be9b4f920841,worker_4,worker_4,DISK_LOAD,10.480550,0.081879,"Disk -> RAM [Model: 191057b3, Layer: 01b8b0b9]"
2200567.924215,6000,191057b3-0973-4b0f-a672-be9b4f920841,worker_4,worker_4,MEM_MOVE,10.480550,0.081879,"RAM -> VRAM [Model: 191057b3, Layer: 01b8b0b9]"
2200567.974215,6000,191057b3-0973-4b0f-a672-be9b4f920841,worker_4,worker_4,GPU_COMPUTE,0.050000,0.050000,GPU Compute
2200568.132215,6000,191057b3-0973-4b0f-a672-be9b4f920841,worker_4,coordinator_0,NET_TRANSFER,0.000100,0.158000,Signal Finished
2201697.705736,6000,191057b3-0973-4b0f-a672-be9b4f920841,coordinator_0,worker_1,NET_TRANSFER,14.117794,1129.573521,Distribute Layer ID: 0e89d945
2201697.782470,6000,191057b3-0973-4b0f-a672-be9b4f920841,worker_1,worker_1,MEM_MOVE,9.822030,0.076735,"Evict VRAM -> RAM [Model: 191057b3, Layer: dd473c48]"
2201697.892765,6000,191057b3-0973-4b0f-a672-be9b4f920841,worker_1,worker_1,DISK_LOAD,14.117794,0.110295,"Disk -> RAM [Model: 191057b3, Layer: 0e89d945]"
2201698.003061,6000,191057b3-0973-4b0f-a672-be9b4f920841,worker_1,worker_1,MEM_MOVE,14.117794,0.110295,"RAM -> VRAM [Model: 191057b3, Layer: 0e89d945]"
2201698.053061,6000,191057b3-0973-4b0f-a672-be9b4f920841,worker_1,worker_1,GPU_COMPUTE,0.050000,0.050000,GPU Compute
2201698.211061,6000,191057b3-0973-4b0f-a672-be9b4f920841,worker_1,coordinator_0,NET_TRANSFER,0.000100,0.158000,Signal Finished
2202281.069789,6000,191057b3-0973-4b0f-a672-be9b4f920841,coordinator_0,worker_2,NET_TRANSFER,7.283859,582.858729,Distribute Layer ID: a54a3eb3
2202281.148111,6000,191057b3-0973-4b0f-a672-be9b4f920841,worker_2,worker_2,MEM_MOVE,10.025127,0.078321,"Evict VRAM -> RAM [Model: 191057b3, Layer: 09ce57e2]"
2202281.205016,6000,191057b3-0973-4b0f-a672-be9b4f920841,worker_2,worker_2,DISK_LOAD,7.283859,0.056905,"Disk -> RAM [Model: 191057b3, Layer: a54a3eb3]"
2202281.261921,6000,191057b3-0973-4b0f-a672-be9b4f920841,worker_2,worker_2,MEM_MOVE,7.283859,0.056905,"RAM -> VRAM [Model: 191057b3, Layer: a54a3eb3]"
2202281.311921,6000,191057b3-0973-4b0f-a672-be9b4f920841,worker_2,worker_2,GPU_COMPUTE,0.050000,0.050000,GPU Compute
2202281.469921,6000,191057b3-0973-4b0f-a672-be9b4f920841,worker_2,coordinator_0,NET_TRANSFER,0.000100,0.158000,Signal Finished
2202850.782730,6000,191057b3-0973-4b0f-a672-be9b4f920841,coordinator_0,worker_3,NET_TRANSFER,7.114535,569.312809,Distribute Layer ID: aaafa0e6
2202850.832203,6000,191057b3-0973-4b0f-a672-be9b4f920841,worker_3,worker_3,MEM_MOVE,6.332543,0.049473,"Evict VRAM -> RAM [Model: 191057b3, Layer: 3a2aba5c]"
2202850.887785,6000,191057b3-0973-4b0f-a672-be9b4f920841,worker_3,worker_3,DISK_LOAD,7.114535,0.055582,"Disk -> RAM [Model: 191057b3, Layer: aaafa0e6]"
2202850.943367,6000,191057b3-0973-4b0f-a672-be9b4f920841,worker_3,worker_3,MEM_MOVE,7.114535,0.055582,"RAM -> VRAM [Model: 191057b3, Layer: aaafa0e6]"
2202850.993367,6000,191057b3-0973-4b0f-a672-be9b4f920841,worker_3,worker_3,GPU_COMPUTE,0.050000,0.050000,GPU Compute
2202851.151367,6000,191057b3-0973-4b0f-a672-be9b4f920841,worker_3,coordinator_0,NET_TRANSFER,0.000100,0.158000,Signal Finished
2203407.219749,6000,191057b3-0973-4b0f-a672-be9b4f920841,coordinator_0,worker_4,NET_TRANSFER,6.948980,556.068382,Distribute Layer ID: 3d186cec
2203407.301628,6000,191057b3-0973-4b0f-a672-be9b4f920841,worker_4,worker_4,MEM_MOVE,10.480550,0.081879,"Evict VRAM -> RAM [Model: 191057b3, Layer: 01b8b0b9]"
2203407.355917,6000,191057b3-0973-4b0f-a672-be9b4f920841,worker_4,worker_4,DISK_LOAD,6.948980,0.054289,"Disk -> RAM [Model: 191057b3, Layer: 3d186cec]"
2203407.410206,6000,191057b3-0973-4b0f-a672-be9b4f920841,worker_4,worker_4,MEM_MOVE,6.948980,0.054289,"RAM -> VRAM [Model: 191057b3, Layer: 3d186cec]"
2203407.460206,6000,191057b3-0973-4b0f-a672-be9b4f920841,worker_4,worker_4,GPU_COMPUTE,0.050000,0.050000,GPU Compute
2203407.618206,6000,191057b3-0973-4b0f-a672-be9b4f920841,worker_4,coordinator_0,NET_TRANSFER,0.000100,0.158000,Signal Finished
2204086.700491,6000,191057b3-0973-4b0f-a672-be9b4f920841,coordinator_0,worker_1,NET_TRANSFER,8.486654,679.082285,Distribute Layer ID: fb7cfccf
2204086.810787,6000,191057b3-0973-4b0f-a672-be9b4f920841,worker_1,worker_1,MEM_MOVE,14.117794,0.110295,"Evict VRAM -> RAM [Model: 191057b3, Layer: 0e89d945]"
2204086.877089,6000,191057b3-0973-4b0f-a672-be9b4f920841,worker_1,worker_1,DISK_LOAD,8.486654,0.066302,"Disk -> RAM [Model: 191057b3, Layer: fb7cfccf]"
2204086.943391,6000,191057b3-0973-4b0f-a672-be9b4f920841,worker_1,worker_1,MEM_MOVE,8.486654,0.066302,"RAM -> VRAM [Model: 191057b3, Layer: fb7cfccf]"
2204086.993391,6000,191057b3-0973-4b0f-a672-be9b4f920841,worker_1,worker_1,GPU_COMPUTE,0.050000,0.050000,GPU Compute
2204087.151391,6000,191057b3-0973-4b0f-a672-be9b4f920841,worker_1,coordinator_0,NET_TRANSFER,0.000100,0.158000,Signal Finished
2204669.567801,6000,191057b3-0973-4b0f-a672-be9b4f920841,coordinator_0,worker_2,NET_TRANSFER,7.278330,582.416411,Distribute Layer ID: 86edad94
2204669.624706,6000,191057b3-0973-4b0f-a672-be9b4f920841,worker_2,worker_2,MEM_MOVE,7.283859,0.056905,"Evict VRAM -> RAM [Model: 191057b3, Layer: a54a3eb3]"
2204669.681568,6000,191057b3-0973-4b0f-a672-be9b4f920841,worker_2,worker_2,DISK_LOAD,7.278330,0.056862,"Disk -> RAM [Model: 191057b3, Layer: 86edad94]"
2204669.738430,6000,191057b3-0973-4b0f-a672-be9b4f920841,worker_2,worker_2,MEM_MOVE,7.278330,0.056862,"RAM -> VRAM [Model: 191057b3, Layer: 86edad94]"
2204669.788430,6000,191057b3-0973-4b0f-a672-be9b4f920841,worker_2,worker_2,GPU_COMPUTE,0.050000,0.050000,GPU Compute
2204669.946430,6000,191057b3-0973-4b0f-a672-be9b4f920841,worker_2,coordinator_0,NET_TRANSFER,0.000100,0.158000,Signal Finished
2205766.001202,6000,191057b3-0973-4b0f-a672-be9b4f920841,coordinator_0,worker_3,NET_TRANSFER,13.698810,1096.054771,Distribute Layer ID: d47da36e
2205766.056784,6000,191057b3-0973-4b0f-a672-be9b4f920841,worker_3,worker_3,MEM_MOVE,7.114535,0.055582,"Evict VRAM -> RAM [Model: 191057b3, Layer: aaafa0e6]"
2205766.127543,6000,191057b3-0973-4b0f-a672-be9b4f920841,worker_3,worker_3,MEM_MOVE,9.057108,0.070759,"Evict VRAM -> RAM [Model: 773a6b7b, Layer: a07ab5ef]"
2205766.234565,6000,191057b3-0973-4b0f-a672-be9b4f920841,worker_3,worker_3,DISK_LOAD,13.698810,0.107022,"Disk -> RAM [Model: 191057b3, Layer: d47da36e]"
2205766.341587,6000,191057b3-0973-4b0f-a672-be9b4f920841,worker_3,worker_3,MEM_MOVE,13.698810,0.107022,"RAM -> VRAM [Model: 191057b3, Layer: d47da36e]"
2205766.391587,6000,191057b3-0973-4b0f-a672-be9b4f920841,worker_3,worker_3,GPU_COMPUTE,0.050000,0.050000,GPU Compute
2205766.549587,6000,191057b3-0973-4b0f-a672-be9b4f920841,worker_3,coordinator_0,NET_TRANSFER,0.000100,0.158000,Signal Finished
2206351.471230,6000,191057b3-0973-4b0f-a672-be9b4f920841,coordinator_0,worker_4,NET_TRANSFER,7.309646,584.921644,Distribute Layer ID: 6c28cbac
2206351.528337,6000,191057b3-0973-4b0f-a672-be9b4f920841,worker_4,worker_4,DISK_LOAD,7.309646,0.057107,"Disk -> RAM [Model: 191057b3, Layer: 6c28cbac]"
2206351.585443,6000,191057b3-0973-4b0f-a672-be9b4f920841,worker_4,worker_4,MEM_MOVE,7.309646,0.057107,"RAM -> VRAM [Model: 191057b3, Layer: 6c28cbac]"
2206351.635443,6000,191057b3-0973-4b0f-a672-be9b4f920841,worker_4,worker_4,GPU_COMPUTE,0.050000,0.050000,GPU Compute
2206351.793443,6000,191057b3-0973-4b0f-a672-be9b4f920841,worker_4,coordinator_0,NET_TRANSFER,0.000100,0.158000,Signal Finished
2206928.494847,6000,191057b3-0973-4b0f-a672-be9b4f920841,coordinator_0,worker_1,NET_TRANSFER,7.206893,576.701404,Distribute Layer ID: ea987c59
2206928.551151,6000,191057b3-0973-4b0f-a672-be9b4f920841,worker_1,worker_1,DISK_LOAD,7.206893,0.056304,"Disk -> RAM [Model: 191057b3, Layer: ea987c59]"
2206928.607455,6000,191057b3-0973-4b0f-a672-be9b4f920841,worker_1,worker_1,MEM_MOVE,7.206893,0.056304,"RAM -> VRAM [Model: 191057b3, Layer: ea987c59]"
2206928.657455,6000,191057b3-0973-4b0f-a672-be9b4f920841,worker_1,worker_1,GPU_COMPUTE,0.050000,0.050000,GPU Compute
2206928.815455,6000,191057b3-0973-4b0f-a672-be9b4f920841,worker_1,coordinator_0,NET_TRANSFER,0.000100,0.158000,Signal Finished
2207795.850305,6000,191057b3-0973-4b0f-a672-be9b4f920841,coordinator_0,worker_2,NET_TRANSFER,10.836061,867.034850,Distribute Layer ID: 5a76248f
2207795.907167,6000,191057b3-0973-4b0f-a672-be9b4f920841,worker_2,worker_2,MEM_MOVE,7.278330,0.056862,"Evict VRAM -> RAM [Model: 191057b3, Layer: 86edad94]"
2207795.991823,6000,191057b3-0973-4b0f-a672-be9b4f920841,worker_2,worker_2,DISK_LOAD,10.836061,0.084657,"Disk -> RAM [Model: 191057b3, Layer: 5a76248f]"
2207796.076480,6000,191057b3-0973-4b0f-a672-be9b4f920841,worker_2,worker_2,MEM_MOVE,10.836061,0.084657,"RAM -> VRAM [Model: 191057b3, Layer: 5a76248f]"
2207796.126480,6000,191057b3-0973-4b0f-a672-be9b4f920841,worker_2,worker_2,GPU_COMPUTE,0.050000,0.050000,GPU Compute
2207796.284480,6000,191057b3-0973-4b0f-a672-be9b4f920841,worker_2,coordinator_0,NET_TRANSFER,0.000100,0.158000,Signal Finished
2208679.890703,6000,191057b3-0973-4b0f-a672-be9b4f920841,coordinator_0,worker_3,NET_TRANSFER,11.043203,883.606223,Distribute Layer ID: 86e522d6
2208679.997725,6000,191057b3-0973-4b0f-a672-be9b4f920841,worker_3,worker_3,MEM_MOVE,13.698810,0.107022,"Evict VRAM -> RAM [Model: 191057b3, Layer: d47da36e]"
2208680.084000,6000,191057b3-0973-4b0f-a672-be9b4f920841,worker_3,worker_3,DISK_LOAD,11.043203,0.086275,"Disk -> RAM [Model: 191057b3, Layer: 86e522d6]"
2208680.170275,6000,191057b3-0973-4b0f-a672-be9b4f920841,worker_3,worker_3,MEM_MOVE,11.043203,0.086275,"RAM -> VRAM [Model: 191057b3, Layer: 86e522d6]"
2208680.220275,6000,191057b3-0973-4b0f-a672-be9b4f920841,worker_3,worker_3,GPU_COMPUTE,0.050000,0.050000,GPU Compute
2208680.378275,6000,191057b3-0973-4b0f-a672-be9b4f920841,worker_3,coordinator_0,NET_TRANSFER,0.000100,0.158000,Signal Finished
2209708.008180,6000,191057b3-0973-4b0f-a672-be9b4f920841,coordinator_0,worker_4,NET_TRANSFER,12.843499,1027.629904,Distribute Layer ID: a21fe802
2209708.065286,6000,191057b3-0973-4b0f-a672-be9b4f920841,worker_4,worker_4,MEM_MOVE,7.309646,0.057107,"Evict VRAM -> RAM [Model: 191057b3, Layer: 6c28cbac]"
2209708.119575,6000,191057b3-0973-4b0f-a672-be9b4f920841,worker_4,worker_4,MEM_MOVE,6.948980,0.054289,"Evict VRAM -> RAM [Model: 191057b3, Layer: 3d186cec]"
2209708.219915,6000,191057b3-0973-4b0f-a672-be9b4f920841,worker_4,worker_4,DISK_LOAD,12.843499,0.100340,"Disk -> RAM [Model: 191057b3, Layer: a21fe802]"
2209708.320255,6000,191057b3-0973-4b0f-a672-be9b4f920841,worker_4,worker_4,MEM_MOVE,12.843499,0.100340,"RAM -> VRAM [Model: 191057b3, Layer: a21fe802]"
2209708.370255,6000,191057b3-0973-4b0f-a672-be9b4f920841,worker_4,worker_4,GPU_COMPUTE,0.050000,0.050000,GPU Compute
2209708.528255,6000,191057b3-0973-4b0f-a672-be9b4f920841,worker_4,coordinator_0,NET_TRANSFER,0.000100,0.158000,Signal Finished
2210700.267320,6000,191057b3-0973-4b0f-a672-be9b4f920841,coordinator_0,worker_1,NET_TRANSFER,12.394863,991.739065,Distribute Layer ID: a8b5469e
2210700.323624,6000,191057b3-0973-4b0f-a672-be9b4f920841,worker_1,worker_1,MEM_MOVE,7.206893,0.056304,"Evict VRAM -> RAM [Model: 191057b3, Layer: ea987c59]"
2210700.420459,6000,191057b3-0973-4b0f-a672-be9b4f920841,worker_1,worker_1,DISK_LOAD,12.394863,0.096835,"Disk -> RAM [Model: 191057b3, Layer: a8b5469e]"
2210700.517294,6000,191057b3-0973-4b0f-a672-be9b4f920841,worker_1,worker_1,MEM_MOVE,12.394863,0.096835,"RAM -> VRAM [Model: 191057b3, Layer: a8b5469e]"
2210700.567294,6000,191057b3-0973-4b0f-a672-be9b4f920841,worker_1,worker_1,GPU_COMPUTE,0.050000,0.050000,GPU Compute
2210700.725294,6000,191057b3-0973-4b0f-a672-be9b4f920841,worker_1,coordinator_0,NET_TRANSFER,0.000100,0.158000,Signal Finished
2211538.066807,6000,191057b3-0973-4b0f-a672-be9b4f920841,coordinator_0,worker_2,NET_TRANSFER,10.464894,837.341514,Distribute Layer ID: 62bba781
2211538.151464,6000,191057b3-0973-4b0f-a672-be9b4f920841,worker_2,worker_2,MEM_MOVE,10.836061,0.084657,"Evict VRAM -> RAM [Model: 191057b3, Layer: 5a76248f]"
2211538.233221,6000,191057b3-0973-4b0f-a672-be9b4f920841,worker_2,worker_2,DISK_LOAD,10.464894,0.081757,"Disk -> RAM [Model: 191057b3, Layer: 62bba781]"
2211538.314978,6000,191057b3-0973-4b0f-a672-be9b4f920841,worker_2,worker_2,MEM_MOVE,10.464894,0.081757,"RAM -> VRAM [Model: 191057b3, Layer: 62bba781]"
2211538.364978,6000,191057b3-0973-4b0f-a672-be9b4f920841,worker_2,worker_2,GPU_COMPUTE,0.050000,0.050000,GPU Compute
2211538.522978,6000,191057b3-0973-4b0f-a672-be9b4f920841,worker_2,coordinator_0,NET_TRANSFER,0.000100,0.158000,Signal Finished
2212528.697712,6000,191057b3-0973-4b0f-a672-be9b4f920841,coordinator_0,worker_3,NET_TRANSFER,12.375309,990.174734,Distribute Layer ID: eab3f2ac
2212528.783987,6000,191057b3-0973-4b0f-a672-be9b4f920841,worker_3,worker_3,MEM_MOVE,11.043203,0.086275,"Evict VRAM -> RAM [Model: 191057b3, Layer: 86e522d6]"
2212528.880669,6000,191057b3-0973-4b0f-a672-be9b4f920841,worker_3,worker_3,DISK_LOAD,12.375309,0.096682,"Disk -> RAM [Model: 191057b3, Layer: eab3f2ac]"
2212528.977351,6000,191057b3-0973-4b0f-a672-be9b4f920841,worker_3,worker_3,MEM_MOVE,12.375309,0.096682,"RAM -> VRAM [Model: 191057b3, Layer: eab3f2ac]"
2212529.027351,6000,191057b3-0973-4b0f-a672-be9b4f920841,worker_3,worker_3,GPU_COMPUTE,0.050000,0.050000,GPU Compute
2212529.185351,6000,191057b3-0973-4b0f-a672-be9b4f920841,worker_3,coordinator_0,NET_TRANSFER,0.000100,0.158000,Signal Finished
2213688.125306,6000,191057b3-0973-4b0f-a672-be9b4f920841,coordinator_0,worker_4,NET_TRANSFER,14.484874,1158.939955,Distribute Layer ID: 0c3f0bc9
2213688.225645,6000,191057b3-0973-4b0f-a672-be9b4f920841,worker_4,worker_4,MEM_MOVE,12.843499,0.100340,"Evict VRAM -> RAM [Model: 191057b3, Layer: a21fe802]"
2213688.283018,6000,191057b3-0973-4b0f-a672-be9b4f920841,worker_4,worker_4,MEM_MOVE,7.343677,0.057372,"Evict VRAM -> RAM [Model: 773a6b7b, Layer: 1010760e]"
2213688.396181,6000,191057b3-0973-4b0f-a672-be9b4f920841,worker_4,worker_4,DISK_LOAD,14.484874,0.113163,"Disk -> RAM [Model: 191057b3, Layer: 0c3f0bc9]"
2213688.509344,6000,191057b3-0973-4b0f-a672-be9b4f920841,worker_4,worker_4,MEM_MOVE,14.484874,0.113163,"RAM -> VRAM [Model: 191057b3, Layer: 0c3f0bc9]"
2213688.559344,6000,191057b3-0973-4b0f-a672-be9b4f920841,worker_4,worker_4,GPU_COMPUTE,0.050000,0.050000,GPU Compute
2213688.717344,6000,191057b3-0973-4b0f-a672-be9b4f920841,worker_4,coordinator_0,NET_TRANSFER,0.000100,0.158000,Signal Finished
2214493.760337,6000,191057b3-0973-4b0f-a672-be9b4f920841,coordinator_0,worker_1,NET_TRANSFER,10.061162,805.042993,Distribute Layer ID: 1bc81f13
2214493.857172,6000,191057b3-0973-4b0f-a672-be9b4f920841,worker_1,worker_1,MEM_MOVE,12.394863,0.096835,"Evict VRAM -> RAM [Model: 191057b3, Layer: a8b5469e]"
2214493.935775,6000,191057b3-0973-4b0f-a672-be9b4f920841,worker_1,worker_1,DISK_LOAD,10.061162,0.078603,"Disk -> RAM [Model: 191057b3, Layer: 1bc81f13]"
2214494.014378,6000,191057b3-0973-4b0f-a672-be9b4f920841,worker_1,worker_1,MEM_MOVE,10.061162,0.078603,"RAM -> VRAM [Model: 191057b3, Layer: 1bc81f13]"
2214494.064378,6000,191057b3-0973-4b0f-a672-be9b4f920841,worker_1,worker_1,GPU_COMPUTE,0.050000,0.050000,GPU Compute
2214494.222378,6000,191057b3-0973-4b0f-a672-be9b4f920841,worker_1,coordinator_0,NET_TRANSFER,0.000100,0.158000,Signal Finished
2215409.812672,6000,191057b3-0973-4b0f-a672-be9b4f920841,coordinator_0,worker_2,NET_TRANSFER,11.443004,915.590294,Distribute Layer ID: adc9441e
2215409.894429,6000,191057b3-0973-4b0f-a672-be9b4f920841,worker_2,worker_2,MEM_MOVE,10.464894,0.081757,"Evict VRAM -> RAM [Model: 191057b3, Layer: 62bba781]"
2215409.999290,6000,191057b3-0973-4b0f-a672-be9b4f920841,worker_2,worker_2,MEM_MOVE,13.422236,0.104861,"Evict VRAM -> RAM [Model: 191057b3, Layer: 335dfad3]"
2215410.088689,6000,191057b3-0973-4b0f-a672-be9b4f920841,worker_2,worker_2,DISK_LOAD,11.443004,0.089398,"Disk -> RAM [Model: 191057b3, Layer: adc9441e]"
2215410.178087,6000,191057b3-0973-4b0f-a672-be9b4f920841,worker_2,worker_2,MEM_MOVE,11.443004,0.089398,"RAM -> VRAM [Model: 191057b3, Layer: adc9441e]"
2215410.228087,6000,191057b3-0973-4b0f-a672-be9b4f920841,worker_2,worker_2,GPU_COMPUTE,0.050000,0.050000,GPU Compute
2215410.386087,6000,191057b3-0973-4b0f-a672-be9b4f920841,worker_2,coordinator_0,NET_TRANSFER,0.000100,0.158000,Signal Finished
2216219.752493,6000,191057b3-0973-4b0f-a672-be9b4f920841,coordinator_0,worker_3,NET_TRANSFER,10.115205,809.366406,Distribute Layer ID: 8846804a
2216219.849175,6000,191057b3-0973-4b0f-a672-be9b4f920841,worker_3,worker_3,MEM_MOVE,12.375309,0.096682,"Evict VRAM -> RAM [Model: 191057b3, Layer: eab3f2ac]"
2216219.928200,6000,191057b3-0973-4b0f-a672-be9b4f920841,worker_3,worker_3,DISK_LOAD,10.115205,0.079025,"Disk -> RAM [Model: 191057b3, Layer: 8846804a]"
2216220.007225,6000,191057b3-0973-4b0f-a672-be9b4f920841,worker_3,worker_3,MEM_MOVE,10.115205,0.079025,"RAM -> VRAM [Model: 191057b3, Layer: 8846804a]"
2216220.057225,6000,191057b3-0973-4b0f-a672-be9b4f920841,worker_3,worker_3,GPU_COMPUTE,0.050000,0.050000,GPU Compute
2216220.215225,6000,191057b3-0973-4b0f-a672-be9b4f920841,worker_3,coordinator_0,NET_TRANSFER,0.000100,0.158000,Signal Finished
2216653.097899,6000,191057b3-0973-4b0f-a672-be9b4f920841,coordinator_0,worker_4,NET_TRANSFER,5.409158,432.882674,Distribute Layer ID: cb46cdee
2216653.140158,6000,191057b3-0973-4b0f-a672-be9b4f920841,worker_4,worker_4,DISK_LOAD,5.409158,0.042259,"Disk -> RAM [Model: 191057b3, Layer: cb46cdee]"
2216653.182417,6000,191057b3-0973-4b0f-a672-be9b4f920841,worker_4,worker_4,MEM_MOVE,5.409158,0.042259,"RAM -> VRAM [Model: 191057b3, Layer: cb46cdee]"
2216653.232417,6000,191057b3-0973-4b0f-a672-be9b4f920841,worker_4,worker_4,GPU_COMPUTE,0.050000,0.050000,GPU Compute
2216653.390417,6000,191057b3-0973-4b0f-a672-be9b4f920841,worker_4,coordinator_0,NET_TRANSFER,0.000100,0.158000,Signal Finished
2217663.365706,6000,191057b3-0973-4b0f-a672-be9b4f920841,coordinator_0,worker_1,NET_TRANSFER,12.622816,1009.975289,Distribute Layer ID: 7d44e949
2217663.444309,6000,191057b3-0973-4b0f-a672-be9b4f920841,worker_1,worker_1,MEM_MOVE,10.061162,0.078603,"Evict VRAM -> RAM [Model: 191057b3, Layer: 1bc81f13]"
2217663.542925,6000,191057b3-0973-4b0f-a672-be9b4f920841,worker_1,worker_1,DISK_LOAD,12.622816,0.098616,"Disk -> RAM [Model: 191057b3, Layer: 7d44e949]"
2217663.641540,6000,191057b3-0973-4b0f-a672-be9b4f920841,worker_1,worker_1,MEM_MOVE,12.622816,0.098616,"RAM -> VRAM [Model: 191057b3, Layer: 7d44e949]"
2217663.691540,6000,191057b3-0973-4b0f-a672-be9b4f920841,worker_1,worker_1,GPU_COMPUTE,0.050000,0.050000,GPU Compute
2217663.849540,6000,191057b3-0973-4b0f-a672-be9b4f920841,worker_1,coordinator_0,NET_TRANSFER,0.000100,0.158000,Signal Finished
2218881.672970,6000,191057b3-0973-4b0f-a672-be9b4f920841,coordinator_0,worker_2,NET_TRANSFER,15.220918,1217.823430,Distribute Layer ID: d0785e1e
2255899.207054,8001,3f88dbf8-aff9-4f29-b4b2-59d4c2e8e335,client_8,coordinator_0,NET_TRANSFER,462.717301,37017.534083,Upload Model Weights
2297963.682468,9001,6719b99a-d5dd-40b4-a9ed-2c8af6965e4a,client_9,coordinator_0,NET_TRANSFER,525.804068,42064.475414,Upload Model Weights
2297963.840468,7000,773a6b7b-bf00-48fc-ba23-a7d203f1988c,coordinator_0,client_7,NET_TRANSFER,0.000100,0.158000,Signal: Cache Miss / Request Weights
2347299.801724,7000,773a6b7b-bf00-48fc-ba23-a7d203f1988c,client_7,coordinator_0,NET_TRANSFER,616.697641,49335.961256,Upload Model Weights
2347299.891122,6000,191057b3-0973-4b0f-a672-be9b4f920841,worker_2,worker_2,MEM_MOVE,11.443004,0.089398,"Evict VRAM -> RAM [Model: 191057b3, Layer: adc9441e]"
2347300.010035,6000,191057b3-0973-4b0f-a672-be9b4f920841,worker_2,worker_2,DISK_LOAD,15.220918,0.118913,"Disk -> RAM [Model: 191057b3, Layer: d0785e1e]"
2347300.128949,6000,191057b3-0973-4b0f-a672-be9b4f920841,worker_2,worker_2,MEM_MOVE,15.220918,0.118913,"RAM -> VRAM [Model: 191057b3, Layer: d0785e1e]"
2347300.178949,6000,191057b3-0973-4b0f-a672-be9b4f920841,worker_2,worker_2,GPU_COMPUTE,0.050000,0.050000,GPU Compute
2347300.336949,6000,191057b3-0973-4b0f-a672-be9b4f920841,worker_2,coordinator_0,NET_TRANSFER,0.000100,0.158000,Signal Finished
2347756.583815,6000,191057b3-0973-4b0f-a672-be9b4f920841,coordinator_0,worker_3,NET_TRANSFER,5.701211,456.246866,Distribute Layer ID: ed69b3da
2347756.628355,6000,191057b3-0973-4b0f-a672-be9b4f920841,worker_3,worker_3,DISK_LOAD,5.701211,0.044541,"Disk -> RAM [Model: 191057b3, Layer: ed69b3da]"
2347756.672896,6000,191057b3-0973-4b0f-a672-be9b4f920841,worker_3,worker_3,MEM_MOVE,5.701211,0.044541,"RAM -> VRAM [Model: 191057b3, Layer: ed69b3da]"
2347756.722896,6000,191057b3-0973-4b0f-a672-be9b4f920841,worker_3,worker_3,GPU_COMPUTE,0.050000,0.050000,GPU Compute
2347756.880896,6000,191057b3-0973-4b0f-a672-be9b4f920841,worker_3,coordinator_0,NET_TRANSFER,0.000100,0.158000,Signal Finished
2348407.544699,6000,191057b3-0973-4b0f-a672-be9b4f920841,coordinator_0,worker_4,NET_TRANSFER,8.131423,650.663803,Distribute Layer ID: 9d8f4d7e
2348407.586958,6000,191057b3-0973-4b0f-a672-be9b4f920841,worker_4,worker_4,MEM_MOVE,5.409158,0.042259,"Evict VRAM -> RAM [Model: 191057b3, Layer: cb46cdee]"
2348407.700121,6000,191057b3-0973-4b0f-a672-be9b4f920841,worker_4,worker_4,MEM_MOVE,14.484874,0.113163,"Evict VRAM -> RAM [Model: 191057b3, Layer: 0c3f0bc9]"
2348407.763648,6000,191057b3-0973-4b0f-a672-be9b4f920841,worker_4,worker_4,DISK_LOAD,8.131423,0.063527,"Disk -> RAM [Model: 191057b3, Layer: 9d8f4d7e]"
2348407.827175,6000,191057b3-0973-4b0f-a672-be9b4f920841,worker_4,worker_4,MEM_MOVE,8.131423,0.063527,"RAM -> VRAM [Model: 191057b3, Layer: 9d8f4d7e]"
2348407.877175,6000,191057b3-0973-4b0f-a672-be9b4f920841,worker_4,worker_4,GPU_COMPUTE,0.050000,0.050000,GPU Compute
2348408.035175,6000,191057b3-0973-4b0f-a672-be9b4f920841,worker_4,coordinator_0,NET_TRANSFER,0.000100,0.158000,Signal Finished
2349186.412370,6000,191057b3-0973-4b0f-a672-be9b4f920841,coordinator_0,worker_1,NET_TRANSFER,9.727840,778.377196,Distribute Layer ID: 4d4bf2e5
2349186.510986,6000,191057b3-0973-4b0f-a672-be9b4f920841,worker_1,worker_1,MEM_MOVE,12.622816,0.098616,"Evict VRAM -> RAM [Model: 191057b3, Layer: 7d44e949]"
2349186.586985,6000,191057b3-0973-4b0f-a672-be9b4f920841,worker_1,worker_1,DISK_LOAD,9.727840,0.075999,"Disk -> RAM [Model: 191057b3, Layer: 4d4bf2e5]"
2349186.662983,6000,191057b3-0973-4b0f-a672-be9b4f920841,worker_1,worker_1,MEM_MOVE,9.727840,0.075999,"RAM -> VRAM [Model: 191057b3, Layer: 4d4bf2e5]"
2349186.712983,6000,191057b3-0973-4b0f-a672-be9b4f920841,worker_1,worker_1,GPU_COMPUTE,0.050000,0.050000,GPU Compute
2349186.870983,6000,191057b3-0973-4b0f-a672-be9b4f920841,worker_1,coordinator_0,NET_TRANSFER,0.000100,0.158000,Signal Finished
2350125.185549,6000,191057b3-0973-4b0f-a672-be9b4f920841,coordinator_0,worker_2,NET_TRANSFER,11.727057,938.314565,Distribute Layer ID: 619c05d8
2350125.304462,6000,191057b3-0973-4b0f-a672-be9b4f920841,worker_2,worker_2,MEM_MOVE,15.220918,0.118913,"Evict VRAM -> RAM [Model: 191057b3, Layer: d0785e1e]"
2350125.396080,6000,191057b3-0973-4b0f-a672-be9b4f920841,worker_2,worker_2,DISK_LOAD,11.727057,0.091618,"Disk -> RAM [Model: 191057b3, Layer: 619c05d8]"
2350125.487697,6000,191057b3-0973-4b0f-a672-be9b4f920841,worker_2,worker_2,MEM_MOVE,11.727057,0.091618,"RAM -> VRAM [Model: 191057b3, Layer: 619c05d8]"
2350125.537697,6000,191057b3-0973-4b0f-a672-be9b4f920841,worker_2,worker_2,GPU_COMPUTE,0.050000,0.050000,GPU Compute
2350125.695697,6000,191057b3-0973-4b0f-a672-be9b4f920841,worker_2,coordinator_0,NET_TRANSFER,0.000100,0.158000,Signal Finished
2350844.633391,6000,191057b3-0973-4b0f-a672-be9b4f920841,coordinator_0,worker_3,NET_TRANSFER,8.984846,718.937694,Distribute Layer ID: ffd2ce75
2350844.677932,6000,191057b3-0973-4b0f-a672-be9b4f920841,worker_3,worker_3,MEM_MOVE,5.701211,0.044541,"Evict VRAM -> RAM [Model: 191057b3, Layer: ed69b3da]"
2350844.748126,6000,191057b3-0973-4b0f-a672-be9b4f920841,worker_3,worker_3,DISK_LOAD,8.984846,0.070194,"Disk -> RAM [Model: 191057b3, Layer: ffd2ce75]"
2350844.818320,6000,191057b3-0973-4b0f-a672-be9b4f920841,worker_3,worker_3,MEM_MOVE,8.984846,0.070194,"RAM -> VRAM [Model: 191057b3, Layer: ffd2ce75]"
2350844.868320,6000,191057b3-0973-4b0f-a672-be9b4f920841,worker_3,worker_3,GPU_COMPUTE,0.050000,0.050000,GPU Compute
2350845.026320,6000,191057b3-0973-4b0f-a672-be9b4f920841,worker_3,coordinator_0,NET_TRANSFER,0.000100,0.158000,Signal Finished
2351751.162982,6000,191057b3-0973-4b0f-a672-be9b4f920841,coordinator_0,worker_4,NET_TRANSFER,11.324833,906.136662,Distribute Layer ID: c1c9295c
2351751.251457,6000,191057b3-0973-4b0f-a672-be9b4f920841,worker_4,worker_4,DISK_LOAD,11.324833,0.088475,"Disk -> RAM [Model: 191057b3, Layer: c1c9295c]"
2351751.339932,6000,191057b3-0973-4b0f-a672-be9b4f920841,worker_4,worker_4,MEM_MOVE,11.324833,0.088475,"RAM -> VRAM [Model: 191057b3, Layer: c1c9295c]"
2351751.389932,6000,191057b3-0973-4b0f-a672-be9b4f920841,worker_4,worker_4,GPU_COMPUTE,0.050000,0.050000,GPU Compute
2351751.547932,6000,191057b3-0973-4b0f-a672-be9b4f920841,worker_4,coordinator_0,NET_TRANSFER,0.000100,0.158000,Signal Finished
2352767.793004,6000,191057b3-0973-4b0f-a672-be9b4f920841,coordinator_0,worker_1,NET_TRANSFER,12.701188,1016.245072,Distribute Layer ID: 534ee706
2352767.869003,6000,191057b3-0973-4b0f-a672-be9b4f920841,worker_1,worker_1,MEM_MOVE,9.727840,0.075999,"Evict VRAM -> RAM [Model: 191057b3, Layer: 4d4bf2e5]"
2352767.968231,6000,191057b3-0973-4b0f-a672-be9b4f920841,worker_1,worker_1,DISK_LOAD,12.701188,0.099228,"Disk -> RAM [Model: 191057b3, Layer: 534ee706]"
2352768.067459,6000,191057b3-0973-4b0f-a672-be9b4f920841,worker_1,worker_1,MEM_MOVE,12.701188,0.099228,"RAM -> VRAM [Model: 191057b3, Layer: 534ee706]"
2352768.117459,6000,191057b3-0973-4b0f-a672-be9b4f920841,worker_1,worker_1,GPU_COMPUTE,0.050000,0.050000,GPU Compute
2352768.275459,6000,191057b3-0973-4b0f-a672-be9b4f920841,worker_1,coordinator_0,NET_TRANSFER,0.000100,0.158000,Signal Finished
2353285.420726,6000,191057b3-0973-4b0f-a672-be9b4f920841,coordinator_0,worker_2,NET_TRANSFER,6.462441,517.145267,Distribute Layer ID: ce5b8bf5
2353285.471214,6000,191057b3-0973-4b0f-a672-be9b4f920841,worker_2,worker_2,DISK_LOAD,6.462441,0.050488,"Disk -> RAM [Model: 191057b3, Layer: ce5b8bf5]"
2353285.521702,6000,191057b3-0973-4b0f-a672-be9b4f920841,worker_2,worker_2,MEM_MOVE,6.462441,0.050488,"RAM -> VRAM [Model: 191057b3, Layer: ce5b8bf5]"
2353285.571702,6000,191057b3-0973-4b0f-a672-be9b4f920841,worker_2,worker_2,GPU_COMPUTE,0.050000,0.050000,GPU Compute
2353285.729702,6000,191057b3-0973-4b0f-a672-be9b4f920841,worker_2,coordinator_0,NET_TRANSFER,0.000100,0.158000,Signal Finished
2354367.604439,6000,191057b3-0973-4b0f-a672-be9b4f920841,coordinator_0,worker_3,NET_TRANSFER,13.521559,1081.874737,Distribute Layer ID: 0a543a84
2354367.674633,6000,191057b3-0973-4b0f-a672-be9b4f920841,worker_3,worker_3,MEM_MOVE,8.984846,0.070194,"Evict VRAM -> RAM [Model: 191057b3, Layer: ffd2ce75]"
2354367.753658,6000,191057b3-0973-4b0f-a672-be9b4f920841,worker_3,worker_3,MEM_MOVE,10.115205,0.079025,"Evict VRAM -> RAM [Model: 191057b3, Layer: 8846804a]"
2354367.859295,6000,191057b3-0973-4b0f-a672-be9b4f920841,worker_3,worker_3,DISK_LOAD,13.521559,0.105637,"Disk -> RAM [Model: 191057b3, Layer: 0a543a84]"
2354367.964932,6000,191057b3-0973-4b0f-a672-be9b4f920841,worker_3,worker_3,MEM_MOVE,13.521559,0.105637,"RAM -> VRAM [Model: 191057b3, Layer: 0a543a84]"
2354368.014932,6000,191057b3-0973-4b0f-a672-be9b4f920841,worker_3,worker_3,GPU_COMPUTE,0.050000,0.050000,GPU Compute
2354368.172932,6000,191057b3-0973-4b0f-a672-be9b4f920841,worker_3,coordinator_0,NET_TRANSFER,0.000100,0.158000,Signal Finished
2355382.372936,6000,191057b3-0973-4b0f-a672-be9b4f920841,coordinator_0,worker_4,NET_TRANSFER,12.675625,1014.200004,Distribute Layer ID: 1f72d457
2355382.461412,6000,191057b3-0973-4b0f-a672-be9b4f920841,worker_4,worker_4,MEM_MOVE,11.324833,0.088475,"Evict VRAM -> RAM [Model: 191057b3, Layer: c1c9295c]"
2355382.560440,6000,191057b3-0973-4b0f-a672-be9b4f920841,worker_4,worker_4,DISK_LOAD,12.675625,0.099028,"Disk -> RAM [Model: 191057b3, Layer: 1f72d457]"
2355382.659468,6000,191057b3-0973-4b0f-a672-be9b4f920841,worker_4,worker_4,MEM_MOVE,12.675625,0.099028,"RAM -> VRAM [Model: 191057b3, Layer: 1f72d457]"
2355382.709468,6000,191057b3-0973-4b0f-a672-be9b4f920841,worker_4,worker_4,GPU_COMPUTE,0.050000,0.050000,GPU Compute
2355382.867468,6000,191057b3-0973-4b0f-a672-be9b4f920841,worker_4,coordinator_0,NET_TRANSFER,0.000100,0.158000,Signal Finished
2356368.643084,6000,191057b3-0973-4b0f-a672-be9b4f920841,coordinator_0,worker_1,NET_TRANSFER,12.320320,985.775616,Distribute Layer ID: 11e12d7e
2356368.742312,6000,191057b3-0973-4b0f-a672-be9b4f920841,worker_1,worker_1,MEM_MOVE,12.701188,0.099228,"Evict VRAM -> RAM [Model: 191057b3, Layer: 534ee706]"
2356368.838565,6000,191057b3-0973-4b0f-a672-be9b4f920841,worker_1,worker_1,DISK_LOAD,12.320320,0.096253,"Disk -> RAM [Model: 191057b3, Layer: 11e12d7e]"
2356368.934817,6000,191057b3-0973-4b0f-a672-be9b4f920841,worker_1,worker_1,MEM_MOVE,12.320320,0.096253,"RAM -> VRAM [Model: 191057b3, Layer: 11e12d7e]"
2356368.984817,6000,191057b3-0973-4b0f-a672-be9b4f920841,worker_1,worker_1,GPU_COMPUTE,0.050000,0.050000,GPU Compute
2356369.142817,6000,191057b3-0973-4b0f-a672-be9b4f920841,worker_1,coordinator_0,NET_TRANSFER,0.000100,0.158000,Signal Finished
2357113.175885,6000,191057b3-0973-4b0f-a672-be9b4f920841,coordinator_0,worker_2,NET_TRANSFER,9.298538,744.033068,Distribute Layer ID: 973974ff
2357113.226373,6000,191057b3-0973-4b0f-a672-be9b4f920841,worker_2,worker_2,MEM_MOVE,6.462441,0.050488,"Evict VRAM -> RAM [Model: 191057b3, Layer: ce5b8bf5]"
2357113.299018,6000,191057b3-0973-4b0f-a672-be9b4f920841,worker_2,worker_2,DISK_LOAD,9.298538,0.072645,"Disk -> RAM [Model: 191057b3, Layer: 973974ff]"
2357113.371663,6000,191057b3-0973-4b0f-a672-be9b4f920841,worker_2,worker_2,MEM_MOVE,9.298538,0.072645,"RAM -> VRAM [Model: 191057b3, Layer: 973974ff]"
2357113.421663,6000,191057b3-0973-4b0f-a672-be9b4f920841,worker_2,worker_2,GPU_COMPUTE,0.050000,0.050000,GPU Compute
2357113.579663,6000,191057b3-0973-4b0f-a672-be9b4f920841,worker_2,coordinator_0,NET_TRANSFER,0.000100,0.158000,Signal Finished
2358080.221021,2000,773a6b7b-bf00-48fc-ba23-a7d203f1988c,coordinator_0,worker_4,NET_TRANSFER,12.081142,966.641358,Distribute Layer ID: dfb0901e
2358080.320050,2000,773a6b7b-bf00-48fc-ba23-a7d203f1988c,worker_4,worker_4,MEM_MOVE,12.675625,0.099028,"Evict VRAM -> RAM [Model: 191057b3, Layer: 1f72d457]"
2358080.414434,2000,773a6b7b-bf00-48fc-ba23-a7d203f1988c,worker_4,worker_4,MEM_MOVE,12.081142,0.094384,"RAM -> VRAM [Model: 773a6b7b, Layer: dfb0901e]"
2358080.464434,2000,773a6b7b-bf00-48fc-ba23-a7d203f1988c,worker_4,worker_4,GPU_COMPUTE,0.050000,0.050000,GPU Compute
2358080.622434,2000,773a6b7b-bf00-48fc-ba23-a7d203f1988c,worker_4,coordinator_0,NET_TRANSFER,0.000100,0.158000,Signal Finished
2358594.787254,2000,773a6b7b-bf00-48fc-ba23-a7d203f1988c,coordinator_0,worker_1,NET_TRANSFER,6.425185,514.164820,Distribute Layer ID: fdf52791
2358594.883506,2000,773a6b7b-bf00-48fc-ba23-a7d203f1988c,worker_1,worker_1,MEM_MOVE,12.320320,0.096253,"Evict VRAM -> RAM [Model: 191057b3, Layer: 11e12d7e]"
2358594.933703,2000,773a6b7b-bf00-48fc-ba23-a7d203f1988c,worker_1,worker_1,MEM_MOVE,6.425185,0.050197,"RAM -> VRAM [Model: 773a6b7b, Layer: fdf52791]"
2358594.983703,2000,773a6b7b-bf00-48fc-ba23-a7d203f1988c,worker_1,worker_1,GPU_COMPUTE,0.050000,0.050000,GPU Compute
2358595.141703,2000,773a6b7b-bf00-48fc-ba23-a7d203f1988c,worker_1,coordinator_0,NET_TRANSFER,0.000100,0.158000,Signal Finished
2359531.792568,2000,773a6b7b-bf00-48fc-ba23-a7d203f1988c,coordinator_0,worker_2,NET_TRANSFER,11.706261,936.650864,Distribute Layer ID: a792c359
2359531.865212,2000,773a6b7b-bf00-48fc-ba23-a7d203f1988c,worker_2,worker_2,MEM_MOVE,9.298538,0.072645,"Evict VRAM -> RAM [Model: 191057b3, Layer: 973974ff]"
2359531.956667,2000,773a6b7b-bf00-48fc-ba23-a7d203f1988c,worker_2,worker_2,MEM_MOVE,11.706261,0.091455,"RAM -> VRAM [Model: 773a6b7b, Layer: a792c359]"
2359532.006667,2000,773a6b7b-bf00-48fc-ba23-a7d203f1988c,worker_2,worker_2,GPU_COMPUTE,0.050000,0.050000,GPU Compute
2359532.164667,2000,773a6b7b-bf00-48fc-ba23-a7d203f1988c,worker_2,coordinator_0,NET_TRANSFER,0.000100,0.158000,Signal Finished
2359992.108832,2000,773a6b7b-bf00-48fc-ba23-a7d203f1988c,coordinator_0,worker_3,NET_TRANSFER,5.747427,459.944164,Distribute Layer ID: a95e787d
2359992.153734,2000,773a6b7b-bf00-48fc-ba23-a7d203f1988c,worker_3,worker_3,MEM_MOVE,5.747427,0.044902,"RAM -> VRAM [Model: 773a6b7b, Layer: a95e787d]"
2359992.203734,2000,773a6b7b-bf00-48fc-ba23-a7d203f1988c,worker_3,worker_3,GPU_COMPUTE,0.050000,0.050000,GPU Compute
2359992.361734,2000,773a6b7b-bf00-48fc-ba23-a7d203f1988c,worker_3,coordinator_0,NET_TRANSFER,0.000100,0.158000,Signal Finished
2361173.630441,2000,773a6b7b-bf00-48fc-ba23-a7d203f1988c,coordinator_0,worker_4,NET_TRANSFER,14.763984,1181.268708,Distribute Layer ID: 2e6b9895
2361173.724825,2000,773a6b7b-bf00-48fc-ba23-a7d203f1988c,worker_4,worker_4,MEM_MOVE,12.081142,0.094384,"Evict VRAM -> RAM [Model: 773a6b7b, Layer: dfb0901e]"
2361173.788352,2000,773a6b7b-bf00-48fc-ba23-a7d203f1988c,worker_4,worker_4,MEM_MOVE,8.131423,0.063527,"Evict VRAM -> RAM [Model: 191057b3, Layer: 9d8f4d7e]"
2361173.903695,2000,773a6b7b-bf00-48fc-ba23-a7d203f1988c,worker_4,worker_4,MEM_MOVE,14.763984,0.115344,"RAM -> VRAM [Model: 773a6b7b, Layer: 2e6b9895]"
2361173.953695,2000,773a6b7b-bf00-48fc-ba23-a7d203f1988c,worker_4,worker_4,GPU_COMPUTE,0.050000,0.050000,GPU Compute
2361174.111695,2000,773a6b7b-bf00-48fc-ba23-a7d203f1988c,worker_4,coordinator_0,NET_TRANSFER,0.000100,0.158000,Signal Finished
2361992.754667,2000,773a6b7b-bf00-48fc-ba23-a7d203f1988c,coordinator_0,worker_1,NET_TRANSFER,10.231162,818.642972,Distribute Layer ID: a9ad6d22
2361992.804864,2000,773a6b7b-bf00-48fc-ba23-a7d203f1988c,worker_1,worker_1,MEM_MOVE,6.425185,0.050197,"Evict VRAM -> RAM [Model: 773a6b7b, Layer: fdf52791]"
2361992.884795,2000,773a6b7b-bf00-48fc-ba23-a7d203f1988c,worker_1,worker_1,MEM_MOVE,10.231162,0.079931,"RAM -> VRAM [Model: 773a6b7b, Layer: a9ad6d22]"
2361992.934795,2000,773a6b7b-bf00-48fc-ba23-a7d203f1988c,worker_1,worker_1,GPU_COMPUTE,0.050000,0.050000,GPU Compute
2361993.092795,2000,773a6b7b-bf00-48fc-ba23-a7d203f1988c,worker_1,coordinator_0,NET_TRANSFER,0.000100,0.158000,Signal Finished
2362367.388376,2000,773a6b7b-bf00-48fc-ba23-a7d203f1988c,coordinator_0,worker_2,NET_TRANSFER,4.676820,374.295581,Distribute Layer ID: 06d17e4b
2362367.479831,2000,773a6b7b-bf00-48fc-ba23-a7d203f1988c,worker_2,worker_2,MEM_MOVE,11.706261,0.091455,"Evict VRAM -> RAM [Model: 773a6b7b, Layer: a792c359]"
2362367.516369,2000,773a6b7b-bf00-48fc-ba23-a7d203f1988c,worker_2,worker_2,MEM_MOVE,4.676820,0.036538,"RAM -> VRAM [Model: 773a6b7b, Layer: 06d17e4b]"
2362367.566369,2000,773a6b7b-bf00-48fc-ba23-a7d203f1988c,worker_2,worker_2,GPU_COMPUTE,0.050000,0.050000,GPU Compute
2362367.724369,2000,773a6b7b-bf00-48fc-ba23-a7d203f1988c,worker_2,coordinator_0,NET_TRANSFER,0.000100,0.158000,Signal Finished
2363117.732264,2000,773a6b7b-bf00-48fc-ba23-a7d203f1988c,coordinator_0,worker_3,NET_TRANSFER,9.373224,750.007895,Distribute Layer ID: bf7beee1
2363117.777166,2000,773a6b7b-bf00-48fc-ba23-a7d203f1988c,worker_3,worker_3,MEM_MOVE,5.747427,0.044902,"Evict VRAM -> RAM [Model: 773a6b7b, Layer: a95e787d]"
2363117.882803,2000,773a6b7b-bf00-48fc-ba23-a7d203f1988c,worker_3,worker_3,MEM_MOVE,13.521559,0.105637,"Evict VRAM -> RAM [Model: 191057b3, Layer: 0a543a84]"
2363117.956031,2000,773a6b7b-bf00-48fc-ba23-a7d203f1988c,worker_3,worker_3,MEM_MOVE,9.373224,0.073228,"RAM -> VRAM [Model: 773a6b7b, Layer: bf7beee1]"
2363118.006031,2000,773a6b7b-bf00-48fc-ba23-a7d203f1988c,worker_3,worker_3,GPU_COMPUTE,0.050000,0.050000,GPU Compute
2363118.164031,2000,773a6b7b-bf00-48fc-ba23-a7d203f1988c,worker_3,coordinator_0,NET_TRANSFER,0.000100,0.158000,Signal Finished
2363589.383365,2000,773a6b7b-bf00-48fc-ba23-a7d203f1988c,coordinator_0,worker_4,NET_TRANSFER,5.888367,471.219334,Distribute Layer ID: 038fcb6a
2363589.429368,2000,773a6b7b-bf00-48fc-ba23-a7d203f1988c,worker_4,worker_4,MEM_MOVE,5.888367,0.046003,"RAM -> VRAM [Model: 773a6b7b, Layer: 038fcb6a]"
2363589.479368,2000,773a6b7b-bf00-48fc-ba23-a7d203f1988c,worker_4,worker_4,GPU_COMPUTE,0.050000,0.050000,GPU Compute
2363589.637368,2000,773a6b7b-bf00-48fc-ba23-a7d203f1988c,worker_4,coordinator_0,NET_TRANSFER,0.000100,0.158000,Signal Finished
2364194.950164,2000,773a6b7b-bf00-48fc-ba23-a7d203f1988c,coordinator_0,worker_1,NET_TRANSFER,7.564535,605.312796,Distribute Layer ID: 0aff0529
2364195.030095,2000,773a6b7b-bf00-48fc-ba23-a7d203f1988c,worker_1,worker_1,MEM_MOVE,10.231162,0.079931,"Evict VRAM -> RAM [Model: 773a6b7b, Layer: a9ad6d22]"
2364195.089193,2000,773a6b7b-bf00-48fc-ba23-a7d203f1988c,worker_1,worker_1,MEM_MOVE,7.564535,0.059098,"RAM -> VRAM [Model: 773a6b7b, Layer: 0aff0529]"
2364195.139193,2000,773a6b7b-bf00-48fc-ba23-a7d203f1988c,worker_1,worker_1,GPU_COMPUTE,0.050000,0.050000,GPU Compute
2364195.297193,2000,773a6b7b-bf00-48fc-ba23-a7d203f1988c,worker_1,coordinator_0,NET_TRANSFER,0.000100,0.158000,Signal Finished
2365191.809572,2000,773a6b7b-bf00-48fc-ba23-a7d203f1988c,coordinator_0,worker_2,NET_TRANSFER,12.454530,996.512379,Distribute Layer ID: ca7d2554
2365191.846109,2000,773a6b7b-bf00-48fc-ba23-a7d203f1988c,worker_2,worker_2,MEM_MOVE,4.676820,0.036538,"Evict VRAM -> RAM [Model: 773a6b7b, Layer: 06d17e4b]"
2365191.943410,2000,773a6b7b-bf00-48fc-ba23-a7d203f1988c,worker_2,worker_2,MEM_MOVE,12.454530,0.097301,"RAM -> VRAM [Model: 773a6b7b, Layer: ca7d2554]"
2365191.993410,2000,773a6b7b-bf00-48fc-ba23-a7d203f1988c,worker_2,worker_2,GPU_COMPUTE,0.050000,0.050000,GPU Compute
2365192.151410,2000,773a6b7b-bf00-48fc-ba23-a7d203f1988c,worker_2,coordinator_0,NET_TRANSFER,0.000100,0.158000,Signal Finished
2366095.771671,2000,773a6b7b-bf00-48fc-ba23-a7d203f1988c,coordinator_0,worker_3,NET_TRANSFER,11.293378,903.620260,Distribute Layer ID: 58c18fbf
2366095.859900,2000,773a6b7b-bf00-48fc-ba23-a7d203f1988c,worker_3,worker_3,MEM_MOVE,11.293378,0.088230,"RAM -> VRAM [Model: 773a6b7b, Layer: 58c18fbf]"
2366095.909900,2000,773a6b7b-bf00-48fc-ba23-a7d203f1988c,worker_3,worker_3,GPU_COMPUTE,0.050000,0.050000,GPU Compute
2366096.067900,2000,773a6b7b-bf00-48fc-ba23-a7d203f1988c,worker_3,coordinator_0,NET_TRANSFER,0.000100,0.158000,Signal Finished
2367187.686863,2000,773a6b7b-bf00-48fc-ba23-a7d203f1988c,coordinator_0,worker_4,NET_TRANSFER,13.643362,1091.618963,Distribute Layer ID: 1cd7f1d2
2367187.732866,2000,773a6b7b-bf00-48fc-ba23-a7d203f1988c,worker_4,worker_4,MEM_MOVE,5.888367,0.046003,"Evict VRAM -> RAM [Model: 773a6b7b, Layer: 038fcb6a]"
2367187.848209,2000,773a6b7b-bf00-48fc-ba23-a7d203f1988c,worker_4,worker_4,MEM_MOVE,14.763984,0.115344,"Evict VRAM -> RAM [Model: 773a6b7b, Layer: 2e6b9895]"
2367187.954798,2000,773a6b7b-bf00-48fc-ba23-a7d203f1988c,worker_4,worker_4,MEM_MOVE,13.643362,0.106589,"RAM -> VRAM [Model: 773a6b7b, Layer: 1cd7f1d2]"
2367188.004798,2000,773a6b7b-bf00-48fc-ba23-a7d203f1988c,worker_4,worker_4,GPU_COMPUTE,0.050000,0.050000,GPU Compute
2367188.162798,2000,773a6b7b-bf00-48fc-ba23-a7d203f1988c,worker_4,coordinator_0,NET_TRANSFER,0.000100,0.158000,Signal Finished
2367955.459432,2000,773a6b7b-bf00-48fc-ba23-a7d203f1988c,coordinator_0,worker_1,NET_TRANSFER,9.589333,767.296634,Distribute Layer ID: 981be63d
2367955.518530,2000,773a6b7b-bf00-48fc-ba23-a7d203f1988c,worker_1,worker_1,MEM_MOVE,7.564535,0.059098,"Evict VRAM -> RAM [Model: 773a6b7b, Layer: 0aff0529]"
2367955.593447,2000,773a6b7b-bf00-48fc-ba23-a7d203f1988c,worker_1,worker_1,MEM_MOVE,9.589333,0.074917,"RAM -> VRAM [Model: 773a6b7b, Layer: 981be63d]"
2367955.643447,2000,773a6b7b-bf00-48fc-ba23-a7d203f1988c,worker_1,worker_1,GPU_COMPUTE,0.050000,0.050000,GPU Compute
2367955.801447,2000,773a6b7b-bf00-48fc-ba23-a7d203f1988c,worker_1,coordinator_0,NET_TRANSFER,0.000100,0.158000,Signal Finished
2368387.296311,2000,773a6b7b-bf00-48fc-ba23-a7d203f1988c,coordinator_0,worker_2,NET_TRANSFER,5.391811,431.494864,Distribute Layer ID: ba6c33c9
2368387.393612,2000,773a6b7b-bf00-48fc-ba23-a7d203f1988c,worker_2,worker_2,MEM_MOVE,12.454530,0.097301,"Evict VRAM -> RAM [Model: 773a6b7b, Layer: ca7d2554]"
2368387.435735,2000,773a6b7b-bf00-48fc-ba23-a7d203f1988c,worker_2,worker_2,MEM_MOVE,5.391811,0.042124,"RAM -> VRAM [Model: 773a6b7b, Layer: ba6c33c9]"
2368387.485735,2000,773a6b7b-bf00-48fc-ba23-a7d203f1988c,worker_2,worker_2,GPU_COMPUTE,0.050000,0.050000,GPU Compute
2368387.643735,2000,773a6b7b-bf00-48fc-ba23-a7d203f1988c,worker_2,coordinator_0,NET_TRANSFER,0.000100,0.158000,Signal Finished
2369107.587520,2000,773a6b7b-bf00-48fc-ba23-a7d203f1988c,coordinator_0,worker_3,NET_TRANSFER,8.997422,719.943784,Distribute Layer ID: 10318379
2369107.675749,2000,773a6b7b-bf00-48fc-ba23-a7d203f1988c,worker_3,worker_3,MEM_MOVE,11.293378,0.088230,"Evict VRAM -> RAM [Model: 773a6b7b, Layer: 58c18fbf]"
2369107.746041,2000,773a6b7b-bf00-48fc-ba23-a7d203f1988c,worker_3,worker_3,MEM_MOVE,8.997422,0.070292,"RAM -> VRAM [Model: 773a6b7b, Layer: 10318379]"
2369107.796041,2000,773a6b7b-bf00-48fc-ba23-a7d203f1988c,worker_3,worker_3,GPU_COMPUTE,0.050000,0.050000,GPU Compute
2369107.954041,2000,773a6b7b-bf00-48fc-ba23-a7d203f1988c,worker_3,coordinator_0,NET_TRANSFER,0.000100,0.158000,Signal Finished
2369677.910393,2000,773a6b7b-bf00-48fc-ba23-a7d203f1988c,coordinator_0,worker_4,NET_TRANSFER,7.122579,569.956352,Distribute Layer ID: 6007d118
2369677.966039,2000,773a6b7b-bf00-48fc-ba23-a7d203f1988c,worker_4,worker_4,MEM_MOVE,7.122579,0.055645,"RAM -> VRAM [Model: 773a6b7b, Layer: 6007d118]"
2369678.016039,2000,773a6b7b-bf00-48fc-ba23-a7d203f1988c,worker_4,worker_4,GPU_COMPUTE,0.050000,0.050000,GPU Compute
2369678.174039,2000,773a6b7b-bf00-48fc-ba23-a7d203f1988c,worker_4,coordinator_0,NET_TRANSFER,0.000100,0.158000,Signal Finished
2370432.028582,2000,773a6b7b-bf00-48fc-ba23-a7d203f1988c,coordinator_0,worker_1,NET_TRANSFER,9.421307,753.854544,Distribute Layer ID: 5ee4f140
2370432.103499,2000,773a6b7b-bf00-48fc-ba23-a7d203f1988c,worker_1,worker_1,MEM_MOVE,9.589333,0.074917,"Evict VRAM -> RAM [Model: 773a6b7b, Layer: 981be63d]"
2370432.177103,2000,773a6b7b-bf00-48fc-ba23-a7d203f1988c,worker_1,worker_1,MEM_MOVE,9.421307,0.073604,"RAM -> VRAM [Model: 773a6b7b, Layer: 5ee4f140]"
2370432.227103,2000,773a6b7b-bf00-48fc-ba23-a7d203f1988c,worker_1,worker_1,GPU_COMPUTE,0.050000,0.050000,GPU Compute
2370432.385103,2000,773a6b7b-bf00-48fc-ba23-a7d203f1988c,worker_1,coordinator_0,NET_TRANSFER,0.000100,0.158000,Signal Finished
2370432.543103,1004,a2b2ef0d-c31e-424d-b040-3f53be25eca0,client_1,coordinator_0,NET_TRANSFER,0.000100,0.158000,Request Model ID
2370432.701103,8004,6609f742-f82c-4319-a137-2138d96bee8c,client_8,coordinator_0,NET_TRANSFER,0.000100,0.158000,Request Model ID
2370432.859103,8004,764495bb-6a07-44df-890a-53f143dbe627,client_8,coordinator_0,NET_TRANSFER,0.000100,0.158000,Request Model ID
2370433.017103,8004,4facc46c-ad7c-4d01-ba5e-74a30664ea70,client_8,coordinator_0,NET_TRANSFER,0.000100,0.158000,Request Model ID
2370433.175103,7004,d30af60d-f79e-45ce-a754-bfdfcd8b236c,client_7,coordinator_0,NET_TRANSFER,0.000100,0.158000,Request Model ID
2371201.954145,2000,773a6b7b-bf00-48fc-ba23-a7d203f1988c,coordinator_0,worker_2,NET_TRANSFER,9.607863,768.779042,Distribute Layer ID: 5a4d8f86
2371201.996269,2000,773a6b7b-bf00-48fc-ba23-a7d203f1988c,worker_2,worker_2,MEM_MOVE,5.391811,0.042124,"Evict VRAM -> RAM [Model: 773a6b7b, Layer: ba6c33c9]"
2371202.071330,2000,773a6b7b-bf00-48fc-ba23-a7d203f1988c,worker_2,worker_2,MEM_MOVE,9.607863,0.075061,"RAM -> VRAM [Model: 773a6b7b, Layer: 5a4d8f86]"
2371202.121330,2000,773a6b7b-bf00-48fc-ba23-a7d203f1988c,worker_2,worker_2,GPU_COMPUTE,0.050000,0.050000,GPU Compute
2371202.279330,2000,773a6b7b-bf00-48fc-ba23-a7d203f1988c,worker_2,coordinator_0,NET_TRANSFER,0.000100,0.158000,Signal Finished
2372277.656423,2000,773a6b7b-bf00-48fc-ba23-a7d203f1988c,coordinator_0,worker_3,NET_TRANSFER,13.440339,1075.377093,Distribute Layer ID: ad7948b8
2372277.726716,2000,773a6b7b-bf00-48fc-ba23-a7d203f1988c,worker_3,worker_3,MEM_MOVE,8.997422,0.070292,"Evict VRAM -> RAM [Model: 773a6b7b, Layer: 10318379]"
2372277.799944,2000,773a6b7b-bf00-48fc-ba23-a7d203f1988c,worker_3,worker_3,MEM_MOVE,9.373224,0.073228,"Evict VRAM -> RAM [Model: 773a6b7b, Layer: bf7beee1]"
2372277.904947,2000,773a6b7b-bf00-48fc-ba23-a7d203f1988c,worker_3,worker_3,MEM_MOVE,13.440339,0.105003,"RAM -> VRAM [Model: 773a6b7b, Layer: ad7948b8]"
2372277.954947,2000,773a6b7b-bf00-48fc-ba23-a7d203f1988c,worker_3,worker_3,GPU_COMPUTE,0.050000,0.050000,GPU Compute
2372278.112947,2000,773a6b7b-bf00-48fc-ba23-a7d203f1988c,worker_3,coordinator_0,NET_TRANSFER,0.000100,0.158000,Signal Finished
2372896.936955,2000,773a6b7b-bf00-48fc-ba23-a7d203f1988c,coordinator_0,worker_4,NET_TRANSFER,7.733425,618.824009,Distribute Layer ID: ef21834d
2372896.992600,2000,773a6b7b-bf00-48fc-ba23-a7d203f1988c,worker_4,worker_4,MEM_MOVE,7.122579,0.055645,"Evict VRAM -> RAM [Model: 773a6b7b, Layer: 6007d118]"
2372897.053018,2000,773a6b7b-bf00-48fc-ba23-a7d203f1988c,worker_4,worker_4,MEM_MOVE,7.733425,0.060417,"RAM -> VRAM [Model: 773a6b7b, Layer: ef21834d]"
2372897.103018,2000,773a6b7b-bf00-48fc-ba23-a7d203f1988c,worker_4,worker_4,GPU_COMPUTE,0.050000,0.050000,GPU Compute
2372897.261018,2000,773a6b7b-bf00-48fc-ba23-a7d203f1988c,worker_4,coordinator_0,NET_TRANSFER,0.000100,0.158000,Signal Finished
2373728.162235,2000,773a6b7b-bf00-48fc-ba23-a7d203f1988c,coordinator_0,worker_1,NET_TRANSFER,10.384390,830.901217,Distribute Layer ID: cf733ca5
2373728.235839,2000,773a6b7b-bf00-48fc-ba23-a7d203f1988c,worker_1,worker_1,MEM_MOVE,9.421307,0.073604,"Evict VRAM -> RAM [Model: 773a6b7b, Layer: 5ee4f140]"
2373728.316967,2000,773a6b7b-bf00-48fc-ba23-a7d203f1988c,worker_1,worker_1,MEM_MOVE,10.384390,0.081128,"RAM -> VRAM [Model: 773a6b7b, Layer: cf733ca5]"
2373728.366967,2000,773a6b7b-bf00-48fc-ba23-a7d203f1988c,worker_1,worker_1,GPU_COMPUTE,0.050000,0.050000,GPU Compute
2373728.524967,2000,773a6b7b-bf00-48fc-ba23-a7d203f1988c,worker_1,coordinator_0,NET_TRANSFER,0.000100,0.158000,Signal Finished
2374601.368667,2000,773a6b7b-bf00-48fc-ba23-a7d203f1988c,coordinator_0,worker_2,NET_TRANSFER,10.908671,872.843700,Distribute Layer ID: 8ae8b1c9
2374601.443729,2000,773a6b7b-bf00-48fc-ba23-a7d203f1988c,worker_2,worker_2,MEM_MOVE,9.607863,0.075061,"Evict VRAM -> RAM [Model: 773a6b7b, Layer: 5a4d8f86]"
2374601.528953,2000,773a6b7b-bf00-48fc-ba23-a7d203f1988c,worker_2,worker_2,MEM_MOVE,10.908671,0.085224,"RAM -> VRAM [Model: 773a6b7b, Layer: 8ae8b1c9]"
2374601.578953,2000,773a6b7b-bf00-48fc-ba23-a7d203f1988c,worker_2,worker_2,GPU_COMPUTE,0.050000,0.050000,GPU Compute
2374601.736953,2000,773a6b7b-bf00-48fc-ba23-a7d203f1988c,worker_2,coordinator_0,NET_TRANSFER,0.000100,0.158000,Signal Finished
2375469.033313,2000,773a6b7b-bf00-48fc-ba23-a7d203f1988c,coordinator_0,worker_3,NET_TRANSFER,10.839330,867.296361,Distribute Layer ID: c22a8fb9
2375469.138316,2000,773a6b7b-bf00-48fc-ba23-a7d203f1988c,worker_3,worker_3,MEM_MOVE,13.440339,0.105003,"Evict VRAM -> RAM [Model: 773a6b7b, Layer: ad7948b8]"
2375469.222998,2000,773a6b7b-bf00-48fc-ba23-a7d203f1988c,worker_3,worker_3,MEM_MOVE,10.839330,0.084682,"RAM -> VRAM [Model: 773a6b7b, Layer: c22a8fb9]"
2375469.272998,2000,773a6b7b-bf00-48fc-ba23-a7d203f1988c,worker_3,worker_3,GPU_COMPUTE,0.050000,0.050000,GPU Compute
2375469.430998,2000,773a6b7b-bf00-48fc-ba23-a7d203f1988c,worker_3,coordinator_0,NET_TRANSFER,0.000100,0.158000,Signal Finished
2375885.408393,2000,773a6b7b-bf00-48fc-ba23-a7d203f1988c,coordinator_0,worker_4,NET_TRANSFER,5.197842,415.977394,Distribute Layer ID: c1bddfac
2375885.468810,2000,773a6b7b-bf00-48fc-ba23-a7d203f1988c,worker_4,worker_4,MEM_MOVE,7.733425,0.060417,"Evict VRAM -> RAM [Model: 773a6b7b, Layer: ef21834d]"
2375885.509418,2000,773a6b7b-bf00-48fc-ba23-a7d203f1988c,worker_4,worker_4,MEM_MOVE,5.197842,0.040608,"RAM -> VRAM [Model: 773a6b7b, Layer: c1bddfac]"
2375885.559418,2000,773a6b7b-bf00-48fc-ba23-a7d203f1988c,worker_4,worker_4,GPU_COMPUTE,0.050000,0.050000,GPU Compute
2375885.717418,2000,773a6b7b-bf00-48fc-ba23-a7d203f1988c,worker_4,coordinator_0,NET_TRANSFER,0.000100,0.158000,Signal Finished
2376660.166353,2000,773a6b7b-bf00-48fc-ba23-a7d203f1988c,coordinator_0,worker_1,NET_TRANSFER,9.678737,774.448935,Distribute Layer ID: 50e3032a
2376660.247481,2000,773a6b7b-bf00-48fc-ba23-a7d203f1988c,worker_1,worker_1,MEM_MOVE,10.384390,0.081128,"Evict VRAM -> RAM [Model: 773a6b7b, Layer: cf733ca5]"
2376660.323096,2000,773a6b7b-bf00-48fc-ba23-a7d203f1988c,worker_1,worker_1,MEM_MOVE,9.678737,0.075615,"RAM -> VRAM [Model: 773a6b7b, Layer: 50e3032a]"
2376660.373096,2000,773a6b7b-bf00-48fc-ba23-a7d203f1988c,worker_1,worker_1,GPU_COMPUTE,0.050000,0.050000,GPU Compute
2376660.531096,2000,773a6b7b-bf00-48fc-ba23-a7d203f1988c,worker_1,coordinator_0,NET_TRANSFER,0.000100,0.158000,Signal Finished
2377197.027639,2000,773a6b7b-bf00-48fc-ba23-a7d203f1988c,coordinator_0,worker_2,NET_TRANSFER,6.704332,536.496543,Distribute Layer ID: c9dfd1e9
2377197.112863,2000,773a6b7b-bf00-48fc-ba23-a7d203f1988c,worker_2,worker_2,MEM_MOVE,10.908671,0.085224,"Evict VRAM -> RAM [Model: 773a6b7b, Layer: 8ae8b1c9]"
2377197.165241,2000,773a6b7b-bf00-48fc-ba23-a7d203f1988c,worker_2,worker_2,MEM_MOVE,6.704332,0.052378,"RAM -> VRAM [Model: 773a6b7b, Layer: c9dfd1e9]"
2377197.215241,2000,773a6b7b-bf00-48fc-ba23-a7d203f1988c,worker_2,worker_2,GPU_COMPUTE,0.050000,0.050000,GPU Compute
2377197.373241,2000,773a6b7b-bf00-48fc-ba23-a7d203f1988c,worker_2,coordinator_0,NET_TRANSFER,0.000100,0.158000,Signal Finished
2377588.686844,2000,773a6b7b-bf00-48fc-ba23-a7d203f1988c,coordinator_0,worker_3,NET_TRANSFER,4.889545,391.313604,Distribute Layer ID: 6b3f6f63
2377588.725044,2000,773a6b7b-bf00-48fc-ba23-a7d203f1988c,worker_3,worker_3,MEM_MOVE,4.889545,0.038200,"RAM -> VRAM [Model: 773a6b7b, Layer: 6b3f6f63]"
2377588.775044,2000,773a6b7b-bf00-48fc-ba23-a7d203f1988c,worker_3,worker_3,GPU_COMPUTE,0.050000,0.050000,GPU Compute
2377588.933044,2000,773a6b7b-bf00-48fc-ba23-a7d203f1988c,worker_3,coordinator_0,NET_TRANSFER,0.000100,0.158000,Signal Finished
2378693.393031,2000,773a6b7b-bf00-48fc-ba23-a7d203f1988c,coordinator_0,worker_4,NET_TRANSFER,13.803875,1104.459987,Distribute Layer ID: 26e3e8bd
2378693.433639,2000,773a6b7b-bf00-48fc-ba23-a7d203f1988c,worker_4,worker_4,MEM_MOVE,5.197842,0.040608,"Evict VRAM -> RAM [Model: 773a6b7b, Layer: c1bddfac]"
2378693.540227,2000,773a6b7b-bf00-48fc-ba23-a7d203f1988c,worker_4,worker_4,MEM_MOVE,13.643362,0.106589,"Evict VRAM -> RAM [Model: 773a6b7b, Layer: 1cd7f1d2]"
2378693.648070,2000,773a6b7b-bf00-48fc-ba23-a7d203f1988c,worker_4,worker_4,MEM_MOVE,13.803875,0.107843,"RAM -> VRAM [Model: 773a6b7b, Layer: 26e3e8bd]"
2378693.698070,2000,773a6b7b-bf00-48fc-ba23-a7d203f1988c,worker_4,worker_4,GPU_COMPUTE,0.050000,0.050000,GPU Compute
2378693.856070,2000,773a6b7b-bf00-48fc-ba23-a7d203f1988c,worker_4,coordinator_0,NET_TRANSFER,0.000100,0.158000,Signal Finished
2379400.825971,2000,773a6b7b-bf00-48fc-ba23-a7d203f1988c,coordinator_0,worker_1,NET_TRANSFER,8.835249,706.969901,Distribute Layer ID: 8cf3bf85
2379400.901586,2000,773a6b7b-bf00-48fc-ba23-a7d203f1988c,worker_1,worker_1,MEM_MOVE,9.678737,0.075615,"Evict VRAM -> RAM [Model: 773a6b7b, Layer: 50e3032a]"
2379400.970611,2000,773a6b7b-bf00-48fc-ba23-a7d203f1988c,worker_1,worker_1,MEM_MOVE,8.835249,0.069025,"RAM -> VRAM [Model: 773a6b7b, Layer: 8cf3bf85]"
2379401.020611,2000,773a6b7b-bf00-48fc-ba23-a7d203f1988c,worker_1,worker_1,GPU_COMPUTE,0.050000,0.050000,GPU Compute
2379401.178611,2000,773a6b7b-bf00-48fc-ba23-a7d203f1988c,worker_1,coordinator_0,NET_TRANSFER,0.000100,0.158000,Signal Finished
2380579.176640,2000,773a6b7b-bf00-48fc-ba23-a7d203f1988c,coordinator_0,worker_2,NET_TRANSFER,14.723100,1177.998028,Distribute Layer ID: d24d34a2
2380579.229017,2000,773a6b7b-bf00-48fc-ba23-a7d203f1988c,worker_2,worker_2,MEM_MOVE,6.704332,0.052378,"Evict VRAM -> RAM [Model: 773a6b7b, Layer: c9dfd1e9]"
2380579.320635,2000,773a6b7b-bf00-48fc-ba23-a7d203f1988c,worker_2,worker_2,MEM_MOVE,11.727057,0.091618,"Evict VRAM -> RAM [Model: 191057b3, Layer: 619c05d8]"
2380579.435659,2000,773a6b7b-bf00-48fc-ba23-a7d203f1988c,worker_2,worker_2,MEM_MOVE,14.723100,0.115024,"RAM -> VRAM [Model: 773a6b7b, Layer: d24d34a2]"
2380579.485659,2000,773a6b7b-bf00-48fc-ba23-a7d203f1988c,worker_2,worker_2,GPU_COMPUTE,0.050000,0.050000,GPU Compute
2380579.643659,2000,773a6b7b-bf00-48fc-ba23-a7d203f1988c,worker_2,coordinator_0,NET_TRANSFER,0.000100,0.158000,Signal Finished
2381449.862627,2000,773a6b7b-bf00-48fc-ba23-a7d203f1988c,coordinator_0,worker_3,NET_TRANSFER,10.875862,870.218968,Distribute Layer ID: 891da906
2381449.900827,2000,773a6b7b-bf00-48fc-ba23-a7d203f1988c,worker_3,worker_3,MEM_MOVE,4.889545,0.038200,"Evict VRAM -> RAM [Model: 773a6b7b, Layer: 6b3f6f63]"
2381449.985509,2000,773a6b7b-bf00-48fc-ba23-a7d203f1988c,worker_3,worker_3,MEM_MOVE,10.839330,0.084682,"Evict VRAM -> RAM [Model: 773a6b7b, Layer: c22a8fb9]"
2381450.070477,2000,773a6b7b-bf00-48fc-ba23-a7d203f1988c,worker_3,worker_3,MEM_MOVE,10.875862,0.084968,"RAM -> VRAM [Model: 773a6b7b, Layer: 891da906]"
2381450.120477,2000,773a6b7b-bf00-48fc-ba23-a7d203f1988c,worker_3,worker_3,GPU_COMPUTE,0.050000,0.050000,GPU Compute
2381450.278477,2000,773a6b7b-bf00-48fc-ba23-a7d203f1988c,worker_3,coordinator_0,NET_TRANSFER,0.000100,0.158000,Signal Finished
2382635.304524,2000,773a6b7b-bf00-48fc-ba23-a7d203f1988c,coordinator_0,worker_4,NET_TRANSFER,14.810951,1185.026047,Distribute Layer ID: 48353e47
2382635.412366,2000,773a6b7b-bf00-48fc-ba23-a7d203f1988c,worker_4,worker_4,MEM_MOVE,13.803875,0.107843,"Evict VRAM -> RAM [Model: 773a6b7b, Layer: 26e3e8bd]"
2382635.528077,2000,773a6b7b-bf00-48fc-ba23-a7d203f1988c,worker_4,worker_4,MEM_MOVE,14.810951,0.115711,"RAM -> VRAM [Model: 773a6b7b, Layer: 48353e47]"
2382635.578077,2000,773a6b7b-bf00-48fc-ba23-a7d203f1988c,worker_4,worker_4,GPU_COMPUTE,0.050000,0.050000,GPU Compute
2382635.736077,2000,773a6b7b-bf00-48fc-ba23-a7d203f1988c,worker_4,coordinator_0,NET_TRANSFER,0.000100,0.158000,Signal Finished
2383804.538655,2000,773a6b7b-bf00-48fc-ba23-a7d203f1988c,coordinator_0,worker_1,NET_TRANSFER,14.608157,1168.802578,Distribute Layer ID: ca96866b
2383804.607681,2000,773a6b7b-bf00-48fc-ba23-a7d203f1988c,worker_1,worker_1,MEM_MOVE,8.835249,0.069025,"Evict VRAM -> RAM [Model: 773a6b7b, Layer: 8cf3bf85]"
2383804.673982,2000,773a6b7b-bf00-48fc-ba23-a7d203f1988c,worker_1,worker_1,MEM_MOVE,8.486654,0.066302,"Evict VRAM -> RAM [Model: 191057b3, Layer: fb7cfccf]"
2383804.788109,2000,773a6b7b-bf00-48fc-ba23-a7d203f1988c,worker_1,worker_1,MEM_MOVE,14.608157,0.114126,"RAM -> VRAM [Model: 773a6b7b, Layer: ca96866b]"
2383804.838109,2000,773a6b7b-bf00-48fc-ba23-a7d203f1988c,worker_1,worker_1,GPU_COMPUTE,0.050000,0.050000,GPU Compute
2383804.996109,2000,773a6b7b-bf00-48fc-ba23-a7d203f1988c,worker_1,coordinator_0,NET_TRANSFER,0.000100,0.158000,Signal Finished
2384760.802988,2000,773a6b7b-bf00-48fc-ba23-a7d203f1988c,coordinator_0,worker_2,NET_TRANSFER,11.945711,955.806879,Distribute Layer ID: 78292e38
2384760.918012,2000,773a6b7b-bf00-48fc-ba23-a7d203f1988c,worker_2,worker_2,MEM_MOVE,14.723100,0.115024,"Evict VRAM -> RAM [Model: 773a6b7b, Layer: d24d34a2]"
2384761.011338,2000,773a6b7b-bf00-48fc-ba23-a7d203f1988c,worker_2,worker_2,MEM_MOVE,11.945711,0.093326,"RAM -> VRAM [Model: 773a6b7b, Layer: 78292e38]"
2384761.061338,2000,773a6b7b-bf00-48fc-ba23-a7d203f1988c,worker_2,worker_2,GPU_COMPUTE,0.050000,0.050000,GPU Compute
2384761.219338,2000,773a6b7b-bf00-48fc-ba23-a7d203f1988c,worker_2,coordinator_0,NET_TRANSFER,0.000100,0.158000,Signal Finished
2385718.885824,2000,773a6b7b-bf00-48fc-ba23-a7d203f1988c,coordinator_0,worker_3,NET_TRANSFER,11.968956,957.666487,Distribute Layer ID: 147479e0
2385718.970792,2000,773a6b7b-bf00-48fc-ba23-a7d203f1988c,worker_3,worker_3,MEM_MOVE,10.875862,0.084968,"Evict VRAM -> RAM [Model: 773a6b7b, Layer: 891da906]"
2385719.064300,2000,773a6b7b-bf00-48fc-ba23-a7d203f1988c,worker_3,worker_3,MEM_MOVE,11.968956,0.093507,"RAM -> VRAM [Model: 773a6b7b, Layer: 147479e0]"
2385719.114300,2000,773a6b7b-bf00-48fc-ba23-a7d203f1988c,worker_3,worker_3,GPU_COMPUTE,0.050000,0.050000,GPU Compute
2385719.272300,2000,773a6b7b-bf00-48fc-ba23-a7d203f1988c,worker_3,coordinator_0,NET_TRANSFER,0.000100,0.158000,Signal Finished
2386306.916438,2000,773a6b7b-bf00-48fc-ba23-a7d203f1988c,coordinator_0,worker_4,NET_TRANSFER,7.343677,587.644138,Distribute Layer ID: 1010760e
2386307.032148,2000,773a6b7b-bf00-48fc-ba23-a7d203f1988c,worker_4,worker_4,MEM_MOVE,14.810951,0.115711,"Evict VRAM -> RAM [Model: 773a6b7b, Layer: 48353e47]"
2386307.089521,2000,773a6b7b-bf00-48fc-ba23-a7d203f1988c,worker_4,worker_4,MEM_MOVE,7.343677,0.057372,"RAM -> VRAM [Model: 773a6b7b, Layer: 1010760e]"
2386307.139521,2000,773a6b7b-bf00-48fc-ba23-a7d203f1988c,worker_4,worker_4,GPU_COMPUTE,0.050000,0.050000,GPU Compute
2386307.297521,2000,773a6b7b-bf00-48fc-ba23-a7d203f1988c,worker_4,coordinator_0,NET_TRANSFER,0.000100,0.158000,Signal Finished
2387446.223501,2000,773a6b7b-bf00-48fc-ba23-a7d203f1988c,coordinator_0,worker_1,NET_TRANSFER,14.234700,1138.925980,Distribute Layer ID: fdb73221
2387446.337627,2000,773a6b7b-bf00-48fc-ba23-a7d203f1988c,worker_1,worker_1,MEM_MOVE,14.608157,0.114126,"Evict VRAM -> RAM [Model: 773a6b7b, Layer: ca96866b]"
2387446.448835,2000,773a6b7b-bf00-48fc-ba23-a7d203f1988c,worker_1,worker_1,MEM_MOVE,14.234700,0.111209,"RAM -> VRAM [Model: 773a6b7b, Layer: fdb73221]"
2387446.498835,2000,773a6b7b-bf00-48fc-ba23-a7d203f1988c,worker_1,worker_1,GPU_COMPUTE,0.050000,0.050000,GPU Compute
2387446.656835,2000,773a6b7b-bf00-48fc-ba23-a7d203f1988c,worker_1,coordinator_0,NET_TRANSFER,0.000100,0.158000,Signal Finished
2388527.803730,2000,773a6b7b-bf00-48fc-ba23-a7d203f1988c,coordinator_0,worker_2,NET_TRANSFER,13.512461,1081.146894,Distribute Layer ID: cb73f081
2388527.897055,2000,773a6b7b-bf00-48fc-ba23-a7d203f1988c,worker_2,worker_2,MEM_MOVE,11.945711,0.093326,"Evict VRAM -> RAM [Model: 773a6b7b, Layer: 78292e38]"
2388528.002621,2000,773a6b7b-bf00-48fc-ba23-a7d203f1988c,worker_2,worker_2,MEM_MOVE,13.512461,0.105566,"RAM -> VRAM [Model: 773a6b7b, Layer: cb73f081]"
2388528.052621,2000,773a6b7b-bf00-48fc-ba23-a7d203f1988c,worker_2,worker_2,GPU_COMPUTE,0.050000,0.050000,GPU Compute
2388528.210621,2000,773a6b7b-bf00-48fc-ba23-a7d203f1988c,worker_2,coordinator_0,NET_TRANSFER,0.000100,0.158000,Signal Finished
2389504.814614,2000,773a6b7b-bf00-48fc-ba23-a7d203f1988c,coordinator_0,worker_3,NET_TRANSFER,12.205675,976.603992,Distribute Layer ID: f271f923
2389504.908121,2000,773a6b7b-bf00-48fc-ba23-a7d203f1988c,worker_3,worker_3,MEM_MOVE,11.968956,0.093507,"Evict VRAM -> RAM [Model: 773a6b7b, Layer: 147479e0]"
2389505.003478,2000,773a6b7b-bf00-48fc-ba23-a7d203f1988c,worker_3,worker_3,MEM_MOVE,12.205675,0.095357,"RAM -> VRAM [Model: 773a6b7b, Layer: f271f923]"
2389505.053478,2000,773a6b7b-bf00-48fc-ba23-a7d203f1988c,worker_3,worker_3,GPU_COMPUTE,0.050000,0.050000,GPU Compute
2389505.211478,2000,773a6b7b-bf00-48fc-ba23-a7d203f1988c,worker_3,coordinator_0,NET_TRANSFER,0.000100,0.158000,Signal Finished
2390654.020991,2000,773a6b7b-bf00-48fc-ba23-a7d203f1988c,coordinator_0,worker_4,NET_TRANSFER,14.358244,1148.809513,Distribute Layer ID: 64c76748
2390654.133164,2000,773a6b7b-bf00-48fc-ba23-a7d203f1988c,worker_4,worker_4,MEM_MOVE,14.358244,0.112174,"RAM -> VRAM [Model: 773a6b7b, Layer: 64c76748]"
2390654.183164,2000,773a6b7b-bf00-48fc-ba23-a7d203f1988c,worker_4,worker_4,GPU_COMPUTE,0.050000,0.050000,GPU Compute
2390654.341164,2000,773a6b7b-bf00-48fc-ba23-a7d203f1988c,worker_4,coordinator_0,NET_TRANSFER,0.000100,0.158000,Signal Finished
2391767.632213,2000,773a6b7b-bf00-48fc-ba23-a7d203f1988c,coordinator_0,worker_1,NET_TRANSFER,13.914263,1113.291049,Distribute Layer ID: 20946a36
2391767.743422,2000,773a6b7b-bf00-48fc-ba23-a7d203f1988c,worker_1,worker_1,MEM_MOVE,14.234700,0.111209,"Evict VRAM -> RAM [Model: 773a6b7b, Layer: fdb73221]"
2391767.852127,2000,773a6b7b-bf00-48fc-ba23-a7d203f1988c,worker_1,worker_1,MEM_MOVE,13.914263,0.108705,"RAM -> VRAM [Model: 773a6b7b, Layer: 20946a36]"
2391767.902127,2000,773a6b7b-bf00-48fc-ba23-a7d203f1988c,worker_1,worker_1,GPU_COMPUTE,0.050000,0.050000,GPU Compute
2391768.060127,2000,773a6b7b-bf00-48fc-ba23-a7d203f1988c,worker_1,coordinator_0,NET_TRANSFER,0.000100,0.158000,Signal Finished
2392712.621135,2000,773a6b7b-bf00-48fc-ba23-a7d203f1988c,coordinator_0,worker_2,NET_TRANSFER,11.805138,944.561008,Distribute Layer ID: 2de11868
2392712.726701,2000,773a6b7b-bf00-48fc-ba23-a7d203f1988c,worker_2,worker_2,MEM_MOVE,13.512461,0.105566,"Evict VRAM -> RAM [Model: 773a6b7b, Layer: cb73f081]"
2392712.818929,2000,773a6b7b-bf00-48fc-ba23-a7d203f1988c,worker_2,worker_2,MEM_MOVE,11.805138,0.092228,"RAM -> VRAM [Model: 773a6b7b, Layer: 2de11868]"
2392712.868929,2000,773a6b7b-bf00-48fc-ba23-a7d203f1988c,worker_2,worker_2,GPU_COMPUTE,0.050000,0.050000,GPU Compute
2392713.026929,2000,773a6b7b-bf00-48fc-ba23-a7d203f1988c,worker_2,coordinator_0,NET_TRANSFER,0.000100,0.158000,Signal Finished
2393175.978249,2000,773a6b7b-bf00-48fc-ba23-a7d203f1988c,coordinator_0,worker_3,NET_TRANSFER,5.785017,462.951320,Distribute Layer ID: f68bbf2c
2393176.023444,2000,773a6b7b-bf00-48fc-ba23-a7d203f1988c,worker_3,worker_3,MEM_MOVE,5.785017,0.045195,"RAM -> VRAM [Model: 773a6b7b, Layer: f68bbf2c]"
2393176.073444,2000,773a6b7b-bf00-48fc-ba23-a7d203f1988c,worker_3,worker_3,GPU_COMPUTE,0.050000,0.050000,GPU Compute
2393176.231444,2000,773a6b7b-bf00-48fc-ba23-a7d203f1988c,worker_3,coordinator_0,NET_TRANSFER,0.000100,0.158000,Signal Finished
2394310.096259,2000,773a6b7b-bf00-48fc-ba23-a7d203f1988c,coordinator_0,worker_4,NET_TRANSFER,14.171435,1133.864814,Distribute Layer ID: 2a377938
2394310.208432,2000,773a6b7b-bf00-48fc-ba23-a7d203f1988c,worker_4,worker_4,MEM_MOVE,14.358244,0.112174,"Evict VRAM -> RAM [Model: 773a6b7b, Layer: 64c76748]"
2394310.319147,2000,773a6b7b-bf00-48fc-ba23-a7d203f1988c,worker_4,worker_4,MEM_MOVE,14.171435,0.110714,"RAM -> VRAM [Model: 773a6b7b, Layer: 2a377938]"
2394310.369147,2000,773a6b7b-bf00-48fc-ba23-a7d203f1988c,worker_4,worker_4,GPU_COMPUTE,0.050000,0.050000,GPU Compute
2394310.527147,2000,773a6b7b-bf00-48fc-ba23-a7d203f1988c,worker_4,coordinator_0,NET_TRANSFER,0.000100,0.158000,Signal Finished
2394862.391570,2000,773a6b7b-bf00-48fc-ba23-a7d203f1988c,coordinator_0,worker_1,NET_TRANSFER,6.896430,551.864424,Distribute Layer ID: a6166e11
2394862.445449,2000,773a6b7b-bf00-48fc-ba23-a7d203f1988c,worker_1,worker_1,MEM_MOVE,6.896430,0.053878,"RAM -> VRAM [Model: 773a6b7b, Layer: a6166e11]"
2394862.495449,2000,773a6b7b-bf00-48fc-ba23-a7d203f1988c,worker_1,worker_1,GPU_COMPUTE,0.050000,0.050000,GPU Compute
2394862.653449,2000,773a6b7b-bf00-48fc-ba23-a7d203f1988c,worker_1,coordinator_0,NET_TRANSFER,0.000100,0.158000,Signal Finished
2395739.418641,2000,773a6b7b-bf00-48fc-ba23-a7d203f1988c,coordinator_0,worker_2,NET_TRANSFER,10.957690,876.765192,Distribute Layer ID: 45cec402
2395739.504248,2000,773a6b7b-bf00-48fc-ba23-a7d203f1988c,worker_2,worker_2,MEM_MOVE,10.957690,0.085607,"RAM -> VRAM [Model: 773a6b7b, Layer: 45cec402]"
2395739.554248,2000,773a6b7b-bf00-48fc-ba23-a7d203f1988c,worker_2,worker_2,GPU_COMPUTE,0.050000,0.050000,GPU Compute
2395739.712248,2000,773a6b7b-bf00-48fc-ba23-a7d203f1988c,worker_2,coordinator_0,NET_TRANSFER,0.000100,0.158000,Signal Finished
2396254.281621,2000,773a6b7b-bf00-48fc-ba23-a7d203f1988c,coordinator_0,worker_3,NET_TRANSFER,6.430242,514.569373,Distribute Layer ID: 990cc20c
2396254.326816,2000,773a6b7b-bf00-48fc-ba23-a7d203f1988c,worker_3,worker_3,MEM_MOVE,5.785017,0.045195,"Evict VRAM -> RAM [Model: 773a6b7b, Layer: f68bbf2c]"
2396254.377052,2000,773a6b7b-bf00-48fc-ba23-a7d203f1988c,worker_3,worker_3,MEM_MOVE,6.430242,0.050236,"RAM -> VRAM [Model: 773a6b7b, Layer: 990cc20c]"
2396254.427052,2000,773a6b7b-bf00-48fc-ba23-a7d203f1988c,worker_3,worker_3,GPU_COMPUTE,0.050000,0.050000,GPU Compute
2396254.585052,2000,773a6b7b-bf00-48fc-ba23-a7d203f1988c,worker_3,coordinator_0,NET_TRANSFER,0.000100,0.158000,Signal Finished
2397305.122393,2000,773a6b7b-bf00-48fc-ba23-a7d203f1988c,coordinator_0,worker_4,NET_TRANSFER,13.129842,1050.537340,Distribute Layer ID: 3a6eb27e
2397305.233107,2000,773a6b7b-bf00-48fc-ba23-a7d203f1988c,worker_4,worker_4,MEM_MOVE,14.171435,0.110714,"Evict VRAM -> RAM [Model: 773a6b7b, Layer: 2a377938]"
2397305.335684,2000,773a6b7b-bf00-48fc-ba23-a7d203f1988c,worker_4,worker_4,MEM_MOVE,13.129842,0.102577,"RAM -> VRAM [Model: 773a6b7b, Layer: 3a6eb27e]"
2397305.385684,2000,773a6b7b-bf00-48fc-ba23-a7d203f1988c,worker_4,worker_4,GPU_COMPUTE,0.050000,0.050000,GPU Compute
2397305.543684,2000,773a6b7b-bf00-48fc-ba23-a7d203f1988c,worker_4,coordinator_0,NET_TRANSFER,0.000100,0.158000,Signal Finished
2397688.888815,2000,773a6b7b-bf00-48fc-ba23-a7d203f1988c,coordinator_0,worker_1,NET_TRANSFER,4.789939,383.345131,Distribute Layer ID: 6fd99b3b
2397688.942694,2000,773a6b7b-bf00-48fc-ba23-a7d203f1988c,worker_1,worker_1,MEM_MOVE,6.896430,0.053878,"Evict VRAM -> RAM [Model: 773a6b7b, Layer: a6166e11]"
2397688.980115,2000,773a6b7b-bf00-48fc-ba23-a7d203f1988c,worker_1,worker_1,MEM_MOVE,4.789939,0.037421,"RAM -> VRAM [Model: 773a6b7b, Layer: 6fd99b3b]"
2397689.030115,2000,773a6b7b-bf00-48fc-ba23-a7d203f1988c,worker_1,worker_1,GPU_COMPUTE,0.050000,0.050000,GPU Compute
2397689.188115,2000,773a6b7b-bf00-48fc-ba23-a7d203f1988c,worker_1,coordinator_0,NET_TRANSFER,0.000100,0.158000,Signal Finished
2398368.735347,2000,773a6b7b-bf00-48fc-ba23-a7d203f1988c,coordinator_0,worker_2,NET_TRANSFER,8.492465,679.547232,Distribute Layer ID: db8fd357
2398368.820954,2000,773a6b7b-bf00-48fc-ba23-a7d203f1988c,worker_2,worker_2,MEM_MOVE,10.957690,0.085607,"Evict VRAM -> RAM [Model: 773a6b7b, Layer: 45cec402]"
2398368.887301,2000,773a6b7b-bf00-48fc-ba23-a7d203f1988c,worker_2,worker_2,MEM_MOVE,8.492465,0.066347,"RAM -> VRAM [Model: 773a6b7b, Layer: db8fd357]"
2398368.937301,2000,773a6b7b-bf00-48fc-ba23-a7d203f1988c,worker_2,worker_2,GPU_COMPUTE,0.050000,0.050000,GPU Compute
2398369.095301,2000,773a6b7b-bf00-48fc-ba23-a7d203f1988c,worker_2,coordinator_0,NET_TRANSFER,0.000100,0.158000,Signal Finished
2398796.186742,2000,773a6b7b-bf00-48fc-ba23-a7d203f1988c,coordinator_0,worker_3,NET_TRANSFER,5.336768,427.091441,Distribute Layer ID: 5e2e945e
2398796.344742,2005,465b0809-1f2a-4765-9c07-c91155ff513f,client_2,coordinator_0,NET_TRANSFER,0.000100,0.158000,Request Model ID
2398796.502742,2004,d7a92e9a-1ed2-42e0-b12c-84562a000f20,client_2,coordinator_0,NET_TRANSFER,0.000100,0.158000,Request Model ID
2398796.660742,1006,d95ac209-70ac-4366-b455-f005e41230be,client_1,coordinator_0,NET_TRANSFER,0.000100,0.158000,Request Model ID
2398796.818742,1005,857a7c42-2767-4bcd-b994-5f3357d596c5,client_1,coordinator_0,NET_TRANSFER,0.000100,0.158000,Request Model ID
2398796.976742,1006,cfe1239e-a4ca-44f0-8513-58d88a57b4a9,client_1,coordinator_0,NET_TRANSFER,0.000100,0.158000,Request Model ID
2398797.134742,1006,ccab57a6-d91e-4ce5-b062-d9fc9a27c1f3,client_1,coordinator_0,NET_TRANSFER,0.000100,0.158000,Request Model ID
2398797.292742,2006,ab20b578-3dd0-4fe3-97cb-3189d9bd9be5,client_2,coordinator_0,NET_TRANSFER,0.000100,0.158000,Request Model ID
2398797.342978,2000,773a6b7b-bf00-48fc-ba23-a7d203f1988c,worker_3,worker_3,MEM_MOVE,6.430242,0.050236,"Evict VRAM -> RAM [Model: 773a6b7b, Layer: 990cc20c]"
2398797.384672,2000,773a6b7b-bf00-48fc-ba23-a7d203f1988c,worker_3,worker_3,MEM_MOVE,5.336768,0.041694,"RAM -> VRAM [Model: 773a6b7b, Layer: 5e2e945e]"
2398797.434672,2000,773a6b7b-bf00-48fc-ba23-a7d203f1988c,worker_3,worker_3,GPU_COMPUTE,0.050000,0.050000,GPU Compute
2398797.592672,2000,773a6b7b-bf00-48fc-ba23-a7d203f1988c,worker_3,coordinator_0,NET_TRANSFER,0.000100,0.158000,Signal Finished
2399804.881628,2000,773a6b7b-bf00-48fc-ba23-a7d203f1988c,coordinator_0,worker_4,NET_TRANSFER,12.589237,1007.288956,Distribute Layer ID: 030fe7c5
2399804.984205,2000,773a6b7b-bf00-48fc-ba23-a7d203f1988c,worker_4,worker_4,MEM_MOVE,13.129842,0.102577,"Evict VRAM -> RAM [Model: 773a6b7b, Layer: 3a6eb27e]"
2399805.082558,2000,773a6b7b-bf00-48fc-ba23-a7d203f1988c,worker_4,worker_4,MEM_MOVE,12.589237,0.098353,"RAM -> VRAM [Model: 773a6b7b, Layer: 030fe7c5]"
2399805.132558,2000,773a6b7b-bf00-48fc-ba23-a7d203f1988c,worker_4,worker_4,GPU_COMPUTE,0.050000,0.050000,GPU Compute
2399805.290558,2000,773a6b7b-bf00-48fc-ba23-a7d203f1988c,worker_4,coordinator_0,NET_TRANSFER,0.000100,0.158000,Signal Finished
2401016.151849,2000,773a6b7b-bf00-48fc-ba23-a7d203f1988c,coordinator_0,worker_1,NET_TRANSFER,15.133891,1210.861290,Distribute Layer ID: 311a0ebd
2401016.189270,2000,773a6b7b-bf00-48fc-ba23-a7d203f1988c,worker_1,worker_1,MEM_MOVE,4.789939,0.037421,"Evict VRAM -> RAM [Model: 773a6b7b, Layer: 6fd99b3b]"
2401016.297975,2000,773a6b7b-bf00-48fc-ba23-a7d203f1988c,worker_1,worker_1,MEM_MOVE,13.914263,0.108705,"Evict VRAM -> RAM [Model: 773a6b7b, Layer: 20946a36]"
2401016.416209,2000,773a6b7b-bf00-48fc-ba23-a7d203f1988c,worker_1,worker_1,MEM_MOVE,15.133891,0.118234,"RAM -> VRAM [Model: 773a6b7b, Layer: 311a0ebd]"
2401016.466209,2000,773a6b7b-bf00-48fc-ba23-a7d203f1988c,worker_1,worker_1,GPU_COMPUTE,0.050000,0.050000,GPU Compute
2401016.624209,2000,773a6b7b-bf00-48fc-ba23-a7d203f1988c,worker_1,coordinator_0,NET_TRANSFER,0.000100,0.158000,Signal Finished
2402088.883810,2000,773a6b7b-bf00-48fc-ba23-a7d203f1988c,coordinator_0,worker_2,NET_TRANSFER,13.401370,1072.259601,Distribute Layer ID: d3e26101
2402088.950157,2000,773a6b7b-bf00-48fc-ba23-a7d203f1988c,worker_2,worker_2,MEM_MOVE,8.492465,0.066347,"Evict VRAM -> RAM [Model: 773a6b7b, Layer: db8fd357]"
2402089.042385,2000,773a6b7b-bf00-48fc-ba23-a7d203f1988c,worker_2,worker_2,MEM_MOVE,11.805138,0.092228,"Evict VRAM -> RAM [Model: 773a6b7b, Layer: 2de11868]"
2402089.147083,2000,773a6b7b-bf00-48fc-ba23-a7d203f1988c,worker_2,worker_2,MEM_MOVE,13.401370,0.104698,"RAM -> VRAM [Model: 773a6b7b, Layer: d3e26101]"
2402089.197083,2000,773a6b7b-bf00-48fc-ba23-a7d203f1988c,worker_2,worker_2,GPU_COMPUTE,0.050000,0.050000,GPU Compute
2402089.355083,2000,773a6b7b-bf00-48fc-ba23-a7d203f1988c,worker_2,coordinator_0,NET_TRANSFER,0.000100,0.158000,Signal Finished
2402814.073755,2000,773a6b7b-bf00-48fc-ba23-a7d203f1988c,coordinator_0,worker_3,NET_TRANSFER,9.057108,724.718672,Distribute Layer ID: a07ab5ef
2402814.115449,2000,773a6b7b-bf00-48fc-ba23-a7d203f1988c,worker_3,worker_3,MEM_MOVE,5.336768,0.041694,"Evict VRAM -> RAM [Model: 773a6b7b, Layer: 5e2e945e]"
2402814.210806,2000,773a6b7b-bf00-48fc-ba23-a7d203f1988c,worker_3,worker_3,MEM_MOVE,12.205675,0.095357,"Evict VRAM -> RAM [Model: 773a6b7b, Layer: f271f923]"
2402814.281564,2000,773a6b7b-bf00-48fc-ba23-a7d203f1988c,worker_3,worker_3,MEM_MOVE,9.057108,0.070759,"RAM -> VRAM [Model: 773a6b7b, Layer: a07ab5ef]"
2402814.331564,2000,773a6b7b-bf00-48fc-ba23-a7d203f1988c,worker_3,worker_3,GPU_COMPUTE,0.050000,0.050000,GPU Compute
2402814.489564,2000,773a6b7b-bf00-48fc-ba23-a7d203f1988c,worker_3,coordinator_0,NET_TRANSFER,0.000100,0.158000,Signal Finished
2403844.202581,2000,773a6b7b-bf00-48fc-ba23-a7d203f1988c,coordinator_0,worker_4,NET_TRANSFER,12.869538,1029.713017,Distribute Layer ID: 798c7bc4
2403844.300934,2000,773a6b7b-bf00-48fc-ba23-a7d203f1988c,worker_4,worker_4,MEM_MOVE,12.589237,0.098353,"Evict VRAM -> RAM [Model: 773a6b7b, Layer: 030fe7c5]"
2403844.401478,2000,773a6b7b-bf00-48fc-ba23-a7d203f1988c,worker_4,worker_4,MEM_MOVE,12.869538,0.100543,"RAM -> VRAM [Model: 773a6b7b, Layer: 798c7bc4]"
2403844.451478,2000,773a6b7b-bf00-48fc-ba23-a7d203f1988c,worker_4,worker_4,GPU_COMPUTE,0.050000,0.050000,GPU Compute
2403844.609478,2000,773a6b7b-bf00-48fc-ba23-a7d203f1988c,worker_4,coordinator_0,NET_TRANSFER,0.000100,0.158000,Signal Finished
2404692.976200,2000,773a6b7b-bf00-48fc-ba23-a7d203f1988c,coordinator_0,worker_1,NET_TRANSFER,10.602709,848.366722,Distribute Layer ID: 28a5dcb4
2404693.094433,2000,773a6b7b-bf00-48fc-ba23-a7d203f1988c,worker_1,worker_1,MEM_MOVE,15.133891,0.118234,"Evict VRAM -> RAM [Model: 773a6b7b, Layer: 311a0ebd]"
2404693.177267,2000,773a6b7b-bf00-48fc-ba23-a7d203f1988c,worker_1,worker_1,MEM_MOVE,10.602709,0.082834,"RAM -> VRAM [Model: 773a6b7b, Layer: 28a5dcb4]"
2404693.227267,2000,773a6b7b-bf00-48fc-ba23-a7d203f1988c,worker_1,worker_1,GPU_COMPUTE,0.050000,0.050000,GPU Compute
2404693.385267,2000,773a6b7b-bf00-48fc-ba23-a7d203f1988c,worker_1,coordinator_0,NET_TRANSFER,0.000100,0.158000,Signal Finished
2405417.021492,2000,773a6b7b-bf00-48fc-ba23-a7d203f1988c,coordinator_0,worker_2,NET_TRANSFER,9.043578,723.636225,Distribute Layer ID: b9d04aaf
2405417.092145,2000,773a6b7b-bf00-48fc-ba23-a7d203f1988c,worker_2,worker_2,MEM_MOVE,9.043578,0.070653,"RAM -> VRAM [Model: 773a6b7b, Layer: b9d04aaf]"
2405417.142145,2000,773a6b7b-bf00-48fc-ba23-a7d203f1988c,worker_2,worker_2,GPU_COMPUTE,0.050000,0.050000,GPU Compute
2405417.300145,2000,773a6b7b-bf00-48fc-ba23-a7d203f1988c,worker_2,coordinator_0,NET_TRANSFER,0.000100,0.158000,Signal Finished
2405880.825932,2000,773a6b7b-bf00-48fc-ba23-a7d203f1988c,coordinator_0,worker_3,NET_TRANSFER,5.792197,463.525787,Distribute Layer ID: b9c4a4ed
2405880.871184,2000,773a6b7b-bf00-48fc-ba23-a7d203f1988c,worker_3,worker_3,MEM_MOVE,5.792197,0.045252,"RAM -> VRAM [Model: 773a6b7b, Layer: b9c4a4ed]"
2405880.921184,2000,773a6b7b-bf00-48fc-ba23-a7d203f1988c,worker_3,worker_3,GPU_COMPUTE,0.050000,0.050000,GPU Compute
2405881.079184,2000,773a6b7b-bf00-48fc-ba23-a7d203f1988c,worker_3,coordinator_0,NET_TRANSFER,0.000100,0.158000,Signal Finished
2406482.498282,2000,773a6b7b-bf00-48fc-ba23-a7d203f1988c,coordinator_0,worker_4,NET_TRANSFER,7.515864,601.419099,Distribute Layer ID: 7b747e44
2406482.598826,2000,773a6b7b-bf00-48fc-ba23-a7d203f1988c,worker_4,worker_4,MEM_MOVE,12.869538,0.100543,"Evict VRAM -> RAM [Model: 773a6b7b, Layer: 798c7bc4]"
2406482.657543,2000,773a6b7b-bf00-48fc-ba23-a7d203f1988c,worker_4,worker_4,MEM_MOVE,7.515864,0.058718,"RAM -> VRAM [Model: 773a6b7b, Layer: 7b747e44]"
2406482.707543,2000,773a6b7b-bf00-48fc-ba23-a7d203f1988c,worker_4,worker_4,GPU_COMPUTE,0.050000,0.050000,GPU Compute
2406482.865543,2000,773a6b7b-bf00-48fc-ba23-a7d203f1988c,worker_4,coordinator_0,NET_TRANSFER,0.000100,0.158000,Signal Finished
2407524.533255,2000,ccab57a6-d91e-4ce5-b062-d9fc9a27c1f3,coordinator_0,worker_1,NET_TRANSFER,13.018971,1041.667712,Distribute Layer ID: 098c79d7
2407524.616089,2000,ccab57a6-d91e-4ce5-b062-d9fc9a27c1f3,worker_1,worker_1,MEM_MOVE,10.602709,0.082834,"Evict VRAM -> RAM [Model: 773a6b7b, Layer: 28a5dcb4]"
2407524.717799,2000,ccab57a6-d91e-4ce5-b062-d9fc9a27c1f3,worker_1,worker_1,DISK_LOAD,13.018971,0.101711,"Disk -> RAM [Model: ccab57a6, Layer: 098c79d7]"
2407524.819510,2000,ccab57a6-d91e-4ce5-b062-d9fc9a27c1f3,worker_1,worker_1,MEM_MOVE,13.018971,0.101711,"RAM -> VRAM [Model: ccab57a6, Layer: 098c79d7]"
2407524.869510,2000,ccab57a6-d91e-4ce5-b062-d9fc9a27c1f3,worker_1,worker_1,GPU_COMPUTE,0.050000,0.050000,GPU Compute
2407525.027510,2000,ccab57a6-d91e-4ce5-b062-d9fc9a27c1f3,worker_1,coordinator_0,NET_TRANSFER,0.000100,0.158000,Signal Finished
2408045.199839,2000,ccab57a6-d91e-4ce5-b062-d9fc9a27c1f3,coordinator_0,worker_2,NET_TRANSFER,6.500279,520.172329,Distribute Layer ID: a2f7e8f2
2408045.270492,2000,ccab57a6-d91e-4ce5-b062-d9fc9a27c1f3,worker_2,worker_2,MEM_MOVE,9.043578,0.070653,"Evict VRAM -> RAM [Model: 773a6b7b, Layer: b9d04aaf]"
2408045.321275,2000,ccab57a6-d91e-4ce5-b062-d9fc9a27c1f3,worker_2,worker_2,DISK_LOAD,6.500279,0.050783,"Disk -> RAM [Model: ccab57a6, Layer: a2f7e8f2]"
2408045.372059,2000,ccab57a6-d91e-4ce5-b062-d9fc9a27c1f3,worker_2,worker_2,MEM_MOVE,6.500279,0.050783,"RAM -> VRAM [Model: ccab57a6, Layer: a2f7e8f2]"
2408045.422059,2000,ccab57a6-d91e-4ce5-b062-d9fc9a27c1f3,worker_2,worker_2,GPU_COMPUTE,0.050000,0.050000,GPU Compute
2408045.580059,2000,ccab57a6-d91e-4ce5-b062-d9fc9a27c1f3,worker_2,coordinator_0,NET_TRANSFER,0.000100,0.158000,Signal Finished
2408463.425837,2000,ccab57a6-d91e-4ce5-b062-d9fc9a27c1f3,coordinator_0,worker_3,NET_TRANSFER,5.221197,417.845778,Distribute Layer ID: 24fc247b
2408463.466627,2000,ccab57a6-d91e-4ce5-b062-d9fc9a27c1f3,worker_3,worker_3,DISK_LOAD,5.221197,0.040791,"Disk -> RAM [Model: ccab57a6, Layer: 24fc247b]"
2408463.507418,2000,ccab57a6-d91e-4ce5-b062-d9fc9a27c1f3,worker_3,worker_3,MEM_MOVE,5.221197,0.040791,"RAM -> VRAM [Model: ccab57a6, Layer: 24fc247b]"
2408463.557418,2000,ccab57a6-d91e-4ce5-b062-d9fc9a27c1f3,worker_3,worker_3,GPU_COMPUTE,0.050000,0.050000,GPU Compute
2408463.715418,2000,ccab57a6-d91e-4ce5-b062-d9fc9a27c1f3,worker_3,coordinator_0,NET_TRANSFER,0.000100,0.158000,Signal Finished
2409383.852533,2000,ccab57a6-d91e-4ce5-b062-d9fc9a27c1f3,coordinator_0,worker_4,NET_TRANSFER,11.499839,920.137115,Distribute Layer ID: 0d1b3672
2409383.911250,2000,ccab57a6-d91e-4ce5-b062-d9fc9a27c1f3,worker_4,worker_4,MEM_MOVE,7.515864,0.058718,"Evict VRAM -> RAM [Model: 773a6b7b, Layer: 7b747e44]"
2409384.001093,2000,ccab57a6-d91e-4ce5-b062-d9fc9a27c1f3,worker_4,worker_4,DISK_LOAD,11.499839,0.089842,"Disk -> RAM [Model: ccab57a6, Layer: 0d1b3672]"
2409384.090935,2000,ccab57a6-d91e-4ce5-b062-d9fc9a27c1f3,worker_4,worker_4,MEM_MOVE,11.499839,0.089842,"RAM -> VRAM [Model: ccab57a6, Layer: 0d1b3672]"
2409384.140935,2000,ccab57a6-d91e-4ce5-b062-d9fc9a27c1f3,worker_4,worker_4,GPU_COMPUTE,0.050000,0.050000,GPU Compute
2409384.298935,2000,ccab57a6-d91e-4ce5-b062-d9fc9a27c1f3,worker_4,coordinator_0,NET_TRANSFER,0.000100,0.158000,Signal Finished
2410243.156835,2000,ccab57a6-d91e-4ce5-b062-d9fc9a27c1f3,coordinator_0,worker_1,NET_TRANSFER,10.733849,858.857900,Distribute Layer ID: 6de88f8a
2410243.258546,2000,ccab57a6-d91e-4ce5-b062-d9fc9a27c1f3,worker_1,worker_1,MEM_MOVE,13.018971,0.101711,"Evict VRAM -> RAM [Model: ccab57a6, Layer: 098c79d7]"
2410243.342404,2000,ccab57a6-d91e-4ce5-b062-d9fc9a27c1f3,worker_1,worker_1,DISK_LOAD,10.733849,0.083858,"Disk -> RAM [Model: ccab57a6, Layer: 6de88f8a]"
2410243.426263,2000,ccab57a6-d91e-4ce5-b062-d9fc9a27c1f3,worker_1,worker_1,MEM_MOVE,10.733849,0.083858,"RAM -> VRAM [Model: ccab57a6, Layer: 6de88f8a]"
2410243.476263,2000,ccab57a6-d91e-4ce5-b062-d9fc9a27c1f3,worker_1,worker_1,GPU_COMPUTE,0.050000,0.050000,GPU Compute
2410243.634263,2000,ccab57a6-d91e-4ce5-b062-d9fc9a27c1f3,worker_1,coordinator_0,NET_TRANSFER,0.000100,0.158000,Signal Finished
2411286.051898,2000,ccab57a6-d91e-4ce5-b062-d9fc9a27c1f3,coordinator_0,worker_2,NET_TRANSFER,13.028345,1042.417636,Distribute Layer ID: 658b622a
2411286.102682,2000,ccab57a6-d91e-4ce5-b062-d9fc9a27c1f3,worker_2,worker_2,MEM_MOVE,6.500279,0.050783,"Evict VRAM -> RAM [Model: ccab57a6, Layer: a2f7e8f2]"
2411286.207380,2000,ccab57a6-d91e-4ce5-b062-d9fc9a27c1f3,worker_2,worker_2,MEM_MOVE,13.401370,0.104698,"Evict VRAM -> RAM [Model: 773a6b7b, Layer: d3e26101]"
2411286.309164,2000,ccab57a6-d91e-4ce5-b062-d9fc9a27c1f3,worker_2,worker_2,DISK_LOAD,13.028345,0.101784,"Disk -> RAM [Model: ccab57a6, Layer: 658b622a]"
2411286.410948,2000,ccab57a6-d91e-4ce5-b062-d9fc9a27c1f3,worker_2,worker_2,MEM_MOVE,13.028345,0.101784,"RAM -> VRAM [Model: ccab57a6, Layer: 658b622a]"
2411286.460948,2000,ccab57a6-d91e-4ce5-b062-d9fc9a27c1f3,worker_2,worker_2,GPU_COMPUTE,0.050000,0.050000,GPU Compute
2411286.618948,2000,ccab57a6-d91e-4ce5-b062-d9fc9a27c1f3,worker_2,coordinator_0,NET_TRANSFER,0.000100,0.158000,Signal Finished
2412449.321463,2000,ccab57a6-d91e-4ce5-b062-d9fc9a27c1f3,coordinator_0,worker_3,NET_TRANSFER,14.531906,1162.702515,Distribute Layer ID: 3fcdd4b6
2412449.362254,2000,ccab57a6-d91e-4ce5-b062-d9fc9a27c1f3,worker_3,worker_3,MEM_MOVE,5.221197,0.040791,"Evict VRAM -> RAM [Model: ccab57a6, Layer: 24fc247b]"
2412449.407505,2000,ccab57a6-d91e-4ce5-b062-d9fc9a27c1f3,worker_3,worker_3,MEM_MOVE,5.792197,0.045252,"Evict VRAM -> RAM [Model: 773a6b7b, Layer: b9c4a4ed]"
2412449.478264,2000,ccab57a6-d91e-4ce5-b062-d9fc9a27c1f3,worker_3,worker_3,MEM_MOVE,9.057108,0.070759,"Evict VRAM -> RAM [Model: 773a6b7b, Layer: a07ab5ef]"
2412449.591794,2000,ccab57a6-d91e-4ce5-b062-d9fc9a27c1f3,worker_3,worker_3,DISK_LOAD,14.531906,0.113531,"Disk -> RAM [Model: ccab57a6, Layer: 3fcdd4b6]"
2412449.705325,2000,ccab57a6-d91e-4ce5-b062-d9fc9a27c1f3,worker_3,worker_3,MEM_MOVE,14.531906,0.113531,"RAM -> VRAM [Model: ccab57a6, Layer: 3fcdd4b6]"
2412449.755325,2000,ccab57a6-d91e-4ce5-b062-d9fc9a27c1f3,worker_3,worker_3,GPU_COMPUTE,0.050000,0.050000,GPU Compute
2412449.913325,2000,ccab57a6-d91e-4ce5-b062-d9fc9a27c1f3,worker_3,coordinator_0,NET_TRANSFER,0.000100,0.158000,Signal Finished
2413484.725317,2000,ccab57a6-d91e-4ce5-b062-d9fc9a27c1f3,coordinator_0,worker_4,NET_TRANSFER,12.933275,1034.811992,Distribute Layer ID: cd182985
2413484.815159,2000,ccab57a6-d91e-4ce5-b062-d9fc9a27c1f3,worker_4,worker_4,MEM_MOVE,11.499839,0.089842,"Evict VRAM -> RAM [Model: ccab57a6, Layer: 0d1b3672]"
2413484.916200,2000,ccab57a6-d91e-4ce5-b062-d9fc9a27c1f3,worker_4,worker_4,DISK_LOAD,12.933275,0.101041,"Disk -> RAM [Model: ccab57a6, Layer: cd182985]"
2413485.017242,2000,ccab57a6-d91e-4ce5-b062-d9fc9a27c1f3,worker_4,worker_4,MEM_MOVE,12.933275,0.101041,"RAM -> VRAM [Model: ccab57a6, Layer: cd182985]"
2413485.067242,2000,ccab57a6-d91e-4ce5-b062-d9fc9a27c1f3,worker_4,worker_4,GPU_COMPUTE,0.050000,0.050000,GPU Compute
2413485.225242,2000,ccab57a6-d91e-4ce5-b062-d9fc9a27c1f3,worker_4,coordinator_0,NET_TRANSFER,0.000100,0.158000,Signal Finished
2413943.954255,2000,ccab57a6-d91e-4ce5-b062-d9fc9a27c1f3,coordinator_0,worker_1,NET_TRANSFER,5.732238,458.729014,Distribute Layer ID: 1d598551
2413943.999038,2000,ccab57a6-d91e-4ce5-b062-d9fc9a27c1f3,worker_1,worker_1,DISK_LOAD,5.732238,0.044783,"Disk -> RAM [Model: ccab57a6, Layer: 1d598551]"
2413944.043821,2000,ccab57a6-d91e-4ce5-b062-d9fc9a27c1f3,worker_1,worker_1,MEM_MOVE,5.732238,0.044783,"RAM -> VRAM [Model: ccab57a6, Layer: 1d598551]"
2413944.093821,2000,ccab57a6-d91e-4ce5-b062-d9fc9a27c1f3,worker_1,worker_1,GPU_COMPUTE,0.050000,0.050000,GPU Compute
2413944.251821,2000,ccab57a6-d91e-4ce5-b062-d9fc9a27c1f3,worker_1,coordinator_0,NET_TRANSFER,0.000100,0.158000,Signal Finished
2414603.613854,2000,ccab57a6-d91e-4ce5-b062-d9fc9a27c1f3,coordinator_0,worker_2,NET_TRANSFER,8.240150,659.362032,Distribute Layer ID: f36dc8fc
2414603.678230,2000,ccab57a6-d91e-4ce5-b062-d9fc9a27c1f3,worker_2,worker_2,DISK_LOAD,8.240150,0.064376,"Disk -> RAM [Model: ccab57a6, Layer: f36dc8fc]"
2414603.742606,2000,ccab57a6-d91e-4ce5-b062-d9fc9a27c1f3,worker_2,worker_2,MEM_MOVE,8.240150,0.064376,"RAM -> VRAM [Model: ccab57a6, Layer: f36dc8fc]"
2414603.792606,2000,ccab57a6-d91e-4ce5-b062-d9fc9a27c1f3,worker_2,worker_2,GPU_COMPUTE,0.050000,0.050000,GPU Compute
2414603.950606,2000,ccab57a6-d91e-4ce5-b062-d9fc9a27c1f3,worker_2,coordinator_0,NET_TRANSFER,0.000100,0.158000,Signal Finished
2415428.250498,2000,ccab57a6-d91e-4ce5-b062-d9fc9a27c1f3,coordinator_0,worker_3,NET_TRANSFER,10.301874,824.299892,Distribute Layer ID: d020590e
2415428.364028,2000,ccab57a6-d91e-4ce5-b062-d9fc9a27c1f3,worker_3,worker_3,MEM_MOVE,14.531906,0.113531,"Evict VRAM -> RAM [Model: ccab57a6, Layer: 3fcdd4b6]"
2415428.444511,2000,ccab57a6-d91e-4ce5-b062-d9fc9a27c1f3,worker_3,worker_3,DISK_LOAD,10.301874,0.080483,"Disk -> RAM [Model: ccab57a6, Layer: d020590e]"
2415428.524995,2000,ccab57a6-d91e-4ce5-b062-d9fc9a27c1f3,worker_3,worker_3,MEM_MOVE,10.301874,0.080483,"RAM -> VRAM [Model: ccab57a6, Layer: d020590e]"
2415428.574995,2000,ccab57a6-d91e-4ce5-b062-d9fc9a27c1f3,worker_3,worker_3,GPU_COMPUTE,0.050000,0.050000,GPU Compute
2415428.732995,2000,ccab57a6-d91e-4ce5-b062-d9fc9a27c1f3,worker_3,coordinator_0,NET_TRANSFER,0.000100,0.158000,Signal Finished
2416530.208321,2000,ccab57a6-d91e-4ce5-b062-d9fc9a27c1f3,coordinator_0,worker_4,NET_TRANSFER,13.766567,1101.475326,Distribute Layer ID: 08fbfac3
2416530.309362,2000,ccab57a6-d91e-4ce5-b062-d9fc9a27c1f3,worker_4,worker_4,MEM_MOVE,12.933275,0.101041,"Evict VRAM -> RAM [Model: ccab57a6, Layer: cd182985]"
2416530.416913,2000,ccab57a6-d91e-4ce5-b062-d9fc9a27c1f3,worker_4,worker_4,DISK_LOAD,13.766567,0.107551,"Disk -> RAM [Model: ccab57a6, Layer: 08fbfac3]"
2416530.524464,2000,ccab57a6-d91e-4ce5-b062-d9fc9a27c1f3,worker_4,worker_4,MEM_MOVE,13.766567,0.107551,"RAM -> VRAM [Model: ccab57a6, Layer: 08fbfac3]"
2416530.574464,2000,ccab57a6-d91e-4ce5-b062-d9fc9a27c1f3,worker_4,worker_4,GPU_COMPUTE,0.050000,0.050000,GPU Compute
2416530.732464,2000,ccab57a6-d91e-4ce5-b062-d9fc9a27c1f3,worker_4,coordinator_0,NET_TRANSFER,0.000100,0.158000,Signal Finished
2417145.510894,2000,ccab57a6-d91e-4ce5-b062-d9fc9a27c1f3,coordinator_0,worker_1,NET_TRANSFER,7.682855,614.778429,Distribute Layer ID: 800a3bed
2417145.555677,2000,ccab57a6-d91e-4ce5-b062-d9fc9a27c1f3,worker_1,worker_1,MEM_MOVE,5.732238,0.044783,"Evict VRAM -> RAM [Model: ccab57a6, Layer: 1d598551]"
2417145.615699,2000,ccab57a6-d91e-4ce5-b062-d9fc9a27c1f3,worker_1,worker_1,DISK_LOAD,7.682855,0.060022,"Disk -> RAM [Model: ccab57a6, Layer: 800a3bed]"
2417145.675721,2000,ccab57a6-d91e-4ce5-b062-d9fc9a27c1f3,worker_1,worker_1,MEM_MOVE,7.682855,0.060022,"RAM -> VRAM [Model: ccab57a6, Layer: 800a3bed]"
2417145.725721,2000,ccab57a6-d91e-4ce5-b062-d9fc9a27c1f3,worker_1,worker_1,GPU_COMPUTE,0.050000,0.050000,GPU Compute
2417145.883721,2000,ccab57a6-d91e-4ce5-b062-d9fc9a27c1f3,worker_1,coordinator_0,NET_TRANSFER,0.000100,0.158000,Signal Finished
2417815.845710,2000,ccab57a6-d91e-4ce5-b062-d9fc9a27c1f3,coordinator_0,worker_2,NET_TRANSFER,8.372650,669.961989,Distribute Layer ID: c3da6efe
2417815.910086,2000,ccab57a6-d91e-4ce5-b062-d9fc9a27c1f3,worker_2,worker_2,MEM_MOVE,8.240150,0.064376,"Evict VRAM -> RAM [Model: ccab57a6, Layer: f36dc8fc]"
2417815.975497,2000,ccab57a6-d91e-4ce5-b062-d9fc9a27c1f3,worker_2,worker_2,DISK_LOAD,8.372650,0.065411,"Disk -> RAM [Model: ccab57a6, Layer: c3da6efe]"
2417816.040909,2000,ccab57a6-d91e-4ce5-b062-d9fc9a27c1f3,worker_2,worker_2,MEM_MOVE,8.372650,0.065411,"RAM -> VRAM [Model: ccab57a6, Layer: c3da6efe]"
2417816.090909,2000,ccab57a6-d91e-4ce5-b062-d9fc9a27c1f3,worker_2,worker_2,GPU_COMPUTE,0.050000,0.050000,GPU Compute
2417816.248909,2000,ccab57a6-d91e-4ce5-b062-d9fc9a27c1f3,worker_2,coordinator_0,NET_TRANSFER,0.000100,0.158000,Signal Finished
2418828.218523,2000,ccab57a6-d91e-4ce5-b062-d9fc9a27c1f3,coordinator_0,worker_3,NET_TRANSFER,12.647745,1011.969614,Distribute Layer ID: fbf3f91a
2418828.299006,2000,ccab57a6-d91e-4ce5-b062-d9fc9a27c1f3,worker_3,worker_3,MEM_MOVE,10.301874,0.080483,"Evict VRAM -> RAM [Model: ccab57a6, Layer: d020590e]"
2418828.397817,2000,ccab57a6-d91e-4ce5-b062-d9fc9a27c1f3,worker_3,worker_3,DISK_LOAD,12.647745,0.098811,"Disk -> RAM [Model: ccab57a6, Layer: fbf3f91a]"
2418828.496627,2000,ccab57a6-d91e-4ce5-b062-d9fc9a27c1f3,worker_3,worker_3,MEM_MOVE,12.647745,0.098811,"RAM -> VRAM [Model: ccab57a6, Layer: fbf3f91a]"
2418828.546627,2000,ccab57a6-d91e-4ce5-b062-d9fc9a27c1f3,worker_3,worker_3,GPU_COMPUTE,0.050000,0.050000,GPU Compute
2418828.704627,2000,ccab57a6-d91e-4ce5-b062-d9fc9a27c1f3,worker_3,coordinator_0,NET_TRANSFER,0.000100,0.158000,Signal Finished
2419955.559581,2000,ccab57a6-d91e-4ce5-b062-d9fc9a27c1f3,coordinator_0,worker_4,NET_TRANSFER,14.083812,1126.854954,Distribute Layer ID: bb15fca7
2419955.667132,2000,ccab57a6-d91e-4ce5-b062-d9fc9a27c1f3,worker_4,worker_4,MEM_MOVE,13.766567,0.107551,"Evict VRAM -> RAM [Model: ccab57a6, Layer: 08fbfac3]"
2419955.777162,2000,ccab57a6-d91e-4ce5-b062-d9fc9a27c1f3,worker_4,worker_4,DISK_LOAD,14.083812,0.110030,"Disk -> RAM [Model: ccab57a6, Layer: bb15fca7]"
2419955.887192,2000,ccab57a6-d91e-4ce5-b062-d9fc9a27c1f3,worker_4,worker_4,MEM_MOVE,14.083812,0.110030,"RAM -> VRAM [Model: ccab57a6, Layer: bb15fca7]"
2419955.937192,2000,ccab57a6-d91e-4ce5-b062-d9fc9a27c1f3,worker_4,worker_4,GPU_COMPUTE,0.050000,0.050000,GPU Compute
2419956.095192,2000,ccab57a6-d91e-4ce5-b062-d9fc9a27c1f3,worker_4,coordinator_0,NET_TRANSFER,0.000100,0.158000,Signal Finished
2420387.767298,2000,ccab57a6-d91e-4ce5-b062-d9fc9a27c1f3,coordinator_0,worker_1,NET_TRANSFER,5.394026,431.672106,Distribute Layer ID: 94f14e89
2420387.827321,2000,ccab57a6-d91e-4ce5-b062-d9fc9a27c1f3,worker_1,worker_1,MEM_MOVE,7.682855,0.060022,"Evict VRAM -> RAM [Model: ccab57a6, Layer: 800a3bed]"
2420387.869461,2000,ccab57a6-d91e-4ce5-b062-d9fc9a27c1f3,worker_1,worker_1,DISK_LOAD,5.394026,0.042141,"Disk -> RAM [Model: ccab57a6, Layer: 94f14e89]"
2420387.911602,2000,ccab57a6-d91e-4ce5-b062-d9fc9a27c1f3,worker_1,worker_1,MEM_MOVE,5.394026,0.042141,"RAM -> VRAM [Model: ccab57a6, Layer: 94f14e89]"
2420387.961602,2000,ccab57a6-d91e-4ce5-b062-d9fc9a27c1f3,worker_1,worker_1,GPU_COMPUTE,0.050000,0.050000,GPU Compute
2420388.119602,2000,ccab57a6-d91e-4ce5-b062-d9fc9a27c1f3,worker_1,coordinator_0,NET_TRANSFER,0.000100,0.158000,Signal Finished
2421036.300311,2000,ccab57a6-d91e-4ce5-b062-d9fc9a27c1f3,coordinator_0,worker_2,NET_TRANSFER,8.100384,648.180708,Distribute Layer ID: 384b3226
2421036.365722,2000,ccab57a6-d91e-4ce5-b062-d9fc9a27c1f3,worker_2,worker_2,MEM_MOVE,8.372650,0.065411,"Evict VRAM -> RAM [Model: ccab57a6, Layer: c3da6efe]"
2421036.429006,2000,ccab57a6-d91e-4ce5-b062-d9fc9a27c1f3,worker_2,worker_2,DISK_LOAD,8.100384,0.063284,"Disk -> RAM [Model: ccab57a6, Layer: 384b3226]"
2421036.492291,2000,ccab57a6-d91e-4ce5-b062-d9fc9a27c1f3,worker_2,worker_2,MEM_MOVE,8.100384,0.063284,"RAM -> VRAM [Model: ccab57a6, Layer: 384b3226]"
2421036.542291,2000,ccab57a6-d91e-4ce5-b062-d9fc9a27c1f3,worker_2,worker_2,GPU_COMPUTE,0.050000,0.050000,GPU Compute
2421036.700291,2000,ccab57a6-d91e-4ce5-b062-d9fc9a27c1f3,worker_2,coordinator_0,NET_TRANSFER,0.000100,0.158000,Signal Finished
2422173.441656,2000,ccab57a6-d91e-4ce5-b062-d9fc9a27c1f3,coordinator_0,worker_3,NET_TRANSFER,14.207392,1136.741366,Distribute Layer ID: 226b66c2
2422173.540467,2000,ccab57a6-d91e-4ce5-b062-d9fc9a27c1f3,worker_3,worker_3,MEM_MOVE,12.647745,0.098811,"Evict VRAM -> RAM [Model: ccab57a6, Layer: fbf3f91a]"
2422173.651462,2000,ccab57a6-d91e-4ce5-b062-d9fc9a27c1f3,worker_3,worker_3,DISK_LOAD,14.207392,0.110995,"Disk -> RAM [Model: ccab57a6, Layer: 226b66c2]"
2422173.762457,2000,ccab57a6-d91e-4ce5-b062-d9fc9a27c1f3,worker_3,worker_3,MEM_MOVE,14.207392,0.110995,"RAM -> VRAM [Model: ccab57a6, Layer: 226b66c2]"
2422173.812457,2000,ccab57a6-d91e-4ce5-b062-d9fc9a27c1f3,worker_3,worker_3,GPU_COMPUTE,0.050000,0.050000,GPU Compute
2422173.970457,2000,ccab57a6-d91e-4ce5-b062-d9fc9a27c1f3,worker_3,coordinator_0,NET_TRANSFER,0.000100,0.158000,Signal Finished
2422620.252477,2000,ccab57a6-d91e-4ce5-b062-d9fc9a27c1f3,coordinator_0,worker_4,NET_TRANSFER,5.576650,446.282020,Distribute Layer ID: 8141d7e3
2422620.362507,2000,ccab57a6-d91e-4ce5-b062-d9fc9a27c1f3,worker_4,worker_4,MEM_MOVE,14.083812,0.110030,"Evict VRAM -> RAM [Model: ccab57a6, Layer: bb15fca7]"
2422620.406074,2000,ccab57a6-d91e-4ce5-b062-d9fc9a27c1f3,worker_4,worker_4,DISK_LOAD,5.576650,0.043568,"Disk -> RAM [Model: ccab57a6, Layer: 8141d7e3]"
2422620.449642,2000,ccab57a6-d91e-4ce5-b062-d9fc9a27c1f3,worker_4,worker_4,MEM_MOVE,5.576650,0.043568,"RAM -> VRAM [Model: ccab57a6, Layer: 8141d7e3]"
2422620.499642,2000,ccab57a6-d91e-4ce5-b062-d9fc9a27c1f3,worker_4,worker_4,GPU_COMPUTE,0.050000,0.050000,GPU Compute
2422620.657642,2000,ccab57a6-d91e-4ce5-b062-d9fc9a27c1f3,worker_4,coordinator_0,NET_TRANSFER,0.000100,0.158000,Signal Finished
2423071.589501,2000,ccab57a6-d91e-4ce5-b062-d9fc9a27c1f3,coordinator_0,worker_1,NET_TRANSFER,5.634773,450.931859,Distribute Layer ID: 5e183ce2
2423071.633522,2000,ccab57a6-d91e-4ce5-b062-d9fc9a27c1f3,worker_1,worker_1,DISK_LOAD,5.634773,0.044022,"Disk -> RAM [Model: ccab57a6, Layer: 5e183ce2]"
2423071.677544,2000,ccab57a6-d91e-4ce5-b062-d9fc9a27c1f3,worker_1,worker_1,MEM_MOVE,5.634773,0.044022,"RAM -> VRAM [Model: ccab57a6, Layer: 5e183ce2]"
2423071.727544,2000,ccab57a6-d91e-4ce5-b062-d9fc9a27c1f3,worker_1,worker_1,GPU_COMPUTE,0.050000,0.050000,GPU Compute
2423071.885544,2000,ccab57a6-d91e-4ce5-b062-d9fc9a27c1f3,worker_1,coordinator_0,NET_TRANSFER,0.000100,0.158000,Signal Finished
2423583.870960,2000,ccab57a6-d91e-4ce5-b062-d9fc9a27c1f3,coordinator_0,worker_2,NET_TRANSFER,6.397943,511.985416,Distribute Layer ID: 0e96c53a
2423583.934244,2000,ccab57a6-d91e-4ce5-b062-d9fc9a27c1f3,worker_2,worker_2,MEM_MOVE,8.100384,0.063284,"Evict VRAM -> RAM [Model: ccab57a6, Layer: 384b3226]"
2423583.984228,2000,ccab57a6-d91e-4ce5-b062-d9fc9a27c1f3,worker_2,worker_2,DISK_LOAD,6.397943,0.049984,"Disk -> RAM [Model: ccab57a6, Layer: 0e96c53a]"
2423584.034212,2000,ccab57a6-d91e-4ce5-b062-d9fc9a27c1f3,worker_2,worker_2,MEM_MOVE,6.397943,0.049984,"RAM -> VRAM [Model: ccab57a6, Layer: 0e96c53a]"
2423584.084212,2000,ccab57a6-d91e-4ce5-b062-d9fc9a27c1f3,worker_2,worker_2,GPU_COMPUTE,0.050000,0.050000,GPU Compute
2423584.242212,2000,ccab57a6-d91e-4ce5-b062-d9fc9a27c1f3,worker_2,coordinator_0,NET_TRANSFER,0.000100,0.158000,Signal Finished
2424487.520135,2000,ccab57a6-d91e-4ce5-b062-d9fc9a27c1f3,coordinator_0,worker_3,NET_TRANSFER,11.289099,903.277923,Distribute Layer ID: 5fb15f53
2424487.631130,2000,ccab57a6-d91e-4ce5-b062-d9fc9a27c1f3,worker_3,worker_3,MEM_MOVE,14.207392,0.110995,"Evict VRAM -> RAM [Model: ccab57a6, Layer: 226b66c2]"
2424487.719327,2000,ccab57a6-d91e-4ce5-b062-d9fc9a27c1f3,worker_3,worker_3,DISK_LOAD,11.289099,0.088196,"Disk -> RAM [Model: ccab57a6, Layer: 5fb15f53]"
2424487.807523,2000,ccab57a6-d91e-4ce5-b062-d9fc9a27c1f3,worker_3,worker_3,MEM_MOVE,11.289099,0.088196,"RAM -> VRAM [Model: ccab57a6, Layer: 5fb15f53]"
2424487.857523,2000,ccab57a6-d91e-4ce5-b062-d9fc9a27c1f3,worker_3,worker_3,GPU_COMPUTE,0.050000,0.050000,GPU Compute
2424488.015523,2000,ccab57a6-d91e-4ce5-b062-d9fc9a27c1f3,worker_3,coordinator_0,NET_TRANSFER,0.000100,0.158000,Signal Finished
2425025.150678,2000,ccab57a6-d91e-4ce5-b062-d9fc9a27c1f3,coordinator_0,worker_4,NET_TRANSFER,6.712314,537.135155,Distribute Layer ID: c74d33a2
2425025.203118,2000,ccab57a6-d91e-4ce5-b062-d9fc9a27c1f3,worker_4,worker_4,DISK_LOAD,6.712314,0.052440,"Disk -> RAM [Model: ccab57a6, Layer: c74d33a2]"
2425025.255558,2000,ccab57a6-d91e-4ce5-b062-d9fc9a27c1f3,worker_4,worker_4,MEM_MOVE,6.712314,0.052440,"RAM -> VRAM [Model: ccab57a6, Layer: c74d33a2]"
2425025.305558,2000,ccab57a6-d91e-4ce5-b062-d9fc9a27c1f3,worker_4,worker_4,GPU_COMPUTE,0.050000,0.050000,GPU Compute
2425025.463558,2000,ccab57a6-d91e-4ce5-b062-d9fc9a27c1f3,worker_4,coordinator_0,NET_TRANSFER,0.000100,0.158000,Signal Finished
2425774.042230,2000,ccab57a6-d91e-4ce5-b062-d9fc9a27c1f3,coordinator_0,worker_1,NET_TRANSFER,9.355358,748.578673,Distribute Layer ID: 2ec97e39
2425774.086252,2000,ccab57a6-d91e-4ce5-b062-d9fc9a27c1f3,worker_1,worker_1,MEM_MOVE,5.634773,0.044022,"Evict VRAM -> RAM [Model: ccab57a6, Layer: 5e183ce2]"
2425774.128393,2000,ccab57a6-d91e-4ce5-b062-d9fc9a27c1f3,worker_1,worker_1,MEM_MOVE,5.394026,0.042141,"Evict VRAM -> RAM [Model: ccab57a6, Layer: 94f14e89]"
2425774.201481,2000,ccab57a6-d91e-4ce5-b062-d9fc9a27c1f3,worker_1,worker_1,DISK_LOAD,9.355358,0.073089,"Disk -> RAM [Model: ccab57a6, Layer: 2ec97e39]"
2425774.274570,2000,ccab57a6-d91e-4ce5-b062-d9fc9a27c1f3,worker_1,worker_1,MEM_MOVE,9.355358,0.073089,"RAM -> VRAM [Model: ccab57a6, Layer: 2ec97e39]"
2425774.324570,2000,ccab57a6-d91e-4ce5-b062-d9fc9a27c1f3,worker_1,worker_1,GPU_COMPUTE,0.050000,0.050000,GPU Compute
2425774.482570,2000,ccab57a6-d91e-4ce5-b062-d9fc9a27c1f3,worker_1,coordinator_0,NET_TRANSFER,0.000100,0.158000,Signal Finished
2426936.254219,2000,ccab57a6-d91e-4ce5-b062-d9fc9a27c1f3,coordinator_0,worker_2,NET_TRANSFER,14.520271,1161.771649,Distribute Layer ID: dc4c7a2a
2426936.304203,2000,ccab57a6-d91e-4ce5-b062-d9fc9a27c1f3,worker_2,worker_2,MEM_MOVE,6.397943,0.049984,"Evict VRAM -> RAM [Model: ccab57a6, Layer: 0e96c53a]"
2426936.405987,2000,ccab57a6-d91e-4ce5-b062-d9fc9a27c1f3,worker_2,worker_2,MEM_MOVE,13.028345,0.101784,"Evict VRAM -> RAM [Model: ccab57a6, Layer: 658b622a]"
2426936.519426,2000,ccab57a6-d91e-4ce5-b062-d9fc9a27c1f3,worker_2,worker_2,DISK_LOAD,14.520271,0.113440,"Disk -> RAM [Model: ccab57a6, Layer: dc4c7a2a]"
2426936.632866,2000,ccab57a6-d91e-4ce5-b062-d9fc9a27c1f3,worker_2,worker_2,MEM_MOVE,14.520271,0.113440,"RAM -> VRAM [Model: ccab57a6, Layer: dc4c7a2a]"
2426936.682866,2000,ccab57a6-d91e-4ce5-b062-d9fc9a27c1f3,worker_2,worker_2,GPU_COMPUTE,0.050000,0.050000,GPU Compute
2426936.840866,2000,ccab57a6-d91e-4ce5-b062-d9fc9a27c1f3,worker_2,coordinator_0,NET_TRANSFER,0.000100,0.158000,Signal Finished
2427760.609795,2000,ccab57a6-d91e-4ce5-b062-d9fc9a27c1f3,coordinator_0,worker_3,NET_TRANSFER,10.295237,823.768929,Distribute Layer ID: daf126bd
2427760.697991,2000,ccab57a6-d91e-4ce5-b062-d9fc9a27c1f3,worker_3,worker_3,MEM_MOVE,11.289099,0.088196,"Evict VRAM -> RAM [Model: ccab57a6, Layer: 5fb15f53]"
2427760.778423,2000,ccab57a6-d91e-4ce5-b062-d9fc9a27c1f3,worker_3,worker_3,DISK_LOAD,10.295237,0.080432,"Disk -> RAM [Model: ccab57a6, Layer: daf126bd]"
2427760.858854,2000,ccab57a6-d91e-4ce5-b062-d9fc9a27c1f3,worker_3,worker_3,MEM_MOVE,10.295237,0.080432,"RAM -> VRAM [Model: ccab57a6, Layer: daf126bd]"
2427760.908854,2000,ccab57a6-d91e-4ce5-b062-d9fc9a27c1f3,worker_3,worker_3,GPU_COMPUTE,0.050000,0.050000,GPU Compute
2427761.066854,2000,ccab57a6-d91e-4ce5-b062-d9fc9a27c1f3,worker_3,coordinator_0,NET_TRANSFER,0.000100,0.158000,Signal Finished
2428461.428043,2000,ccab57a6-d91e-4ce5-b062-d9fc9a27c1f3,coordinator_0,worker_4,NET_TRANSFER,8.752640,700.361189,Distribute Layer ID: 743a81aa
2428461.480483,2000,ccab57a6-d91e-4ce5-b062-d9fc9a27c1f3,worker_4,worker_4,MEM_MOVE,6.712314,0.052440,"Evict VRAM -> RAM [Model: ccab57a6, Layer: c74d33a2]"
2428461.548863,2000,ccab57a6-d91e-4ce5-b062-d9fc9a27c1f3,worker_4,worker_4,DISK_LOAD,8.752640,0.068380,"Disk -> RAM [Model: ccab57a6, Layer: 743a81aa]"
2428461.617243,2000,ccab57a6-d91e-4ce5-b062-d9fc9a27c1f3,worker_4,worker_4,MEM_MOVE,8.752640,0.068380,"RAM -> VRAM [Model: ccab57a6, Layer: 743a81aa]"
2428461.667243,2000,ccab57a6-d91e-4ce5-b062-d9fc9a27c1f3,worker_4,worker_4,GPU_COMPUTE,0.050000,0.050000,GPU Compute
2428461.825243,2000,ccab57a6-d91e-4ce5-b062-d9fc9a27c1f3,worker_4,coordinator_0,NET_TRANSFER,0.000100,0.158000,Signal Finished
2429520.722715,2000,ccab57a6-d91e-4ce5-b062-d9fc9a27c1f3,coordinator_0,worker_1,NET_TRANSFER,13.234343,1058.897473,Distribute Layer ID: c180057c
2429520.795804,2000,ccab57a6-d91e-4ce5-b062-d9fc9a27c1f3,worker_1,worker_1,MEM_MOVE,9.355358,0.073089,"Evict VRAM -> RAM [Model: ccab57a6, Layer: 2ec97e39]"
2429520.879662,2000,ccab57a6-d91e-4ce5-b062-d9fc9a27c1f3,worker_1,worker_1,MEM_MOVE,10.733849,0.083858,"Evict VRAM -> RAM [Model: ccab57a6, Layer: 6de88f8a]"
2429520.983056,2000,ccab57a6-d91e-4ce5-b062-d9fc9a27c1f3,worker_1,worker_1,DISK_LOAD,13.234343,0.103393,"Disk -> RAM [Model: ccab57a6, Layer: c180057c]"
2429521.086449,2000,ccab57a6-d91e-4ce5-b062-d9fc9a27c1f3,worker_1,worker_1,MEM_MOVE,13.234343,0.103393,"RAM -> VRAM [Model: ccab57a6, Layer: c180057c]"
2429521.136449,2000,ccab57a6-d91e-4ce5-b062-d9fc9a27c1f3,worker_1,worker_1,GPU_COMPUTE,0.050000,0.050000,GPU Compute
2429521.294449,2000,ccab57a6-d91e-4ce5-b062-d9fc9a27c1f3,worker_1,coordinator_0,NET_TRANSFER,0.000100,0.158000,Signal Finished
2430214.457832,2000,ccab57a6-d91e-4ce5-b062-d9fc9a27c1f3,coordinator_0,worker_2,NET_TRANSFER,8.662667,693.163383,Distribute Layer ID: 93755d2d
2430214.525509,2000,ccab57a6-d91e-4ce5-b062-d9fc9a27c1f3,worker_2,worker_2,DISK_LOAD,8.662667,0.067677,"Disk -> RAM [Model: ccab57a6, Layer: 93755d2d]"
2430214.593186,2000,ccab57a6-d91e-4ce5-b062-d9fc9a27c1f3,worker_2,worker_2,MEM_MOVE,8.662667,0.067677,"RAM -> VRAM [Model: ccab57a6, Layer: 93755d2d]"
2430214.643186,2000,ccab57a6-d91e-4ce5-b062-d9fc9a27c1f3,worker_2,worker_2,GPU_COMPUTE,0.050000,0.050000,GPU Compute
2430214.801186,2000,ccab57a6-d91e-4ce5-b062-d9fc9a27c1f3,worker_2,coordinator_0,NET_TRANSFER,0.000100,0.158000,Signal Finished
2431333.633350,2000,ccab57a6-d91e-4ce5-b062-d9fc9a27c1f3,coordinator_0,worker_3,NET_TRANSFER,13.983527,1118.832164,Distribute Layer ID: a3cd6ef1
2431333.713781,2000,ccab57a6-d91e-4ce5-b062-d9fc9a27c1f3,worker_3,worker_3,MEM_MOVE,10.295237,0.080432,"Evict VRAM -> RAM [Model: ccab57a6, Layer: daf126bd]"
2431333.823028,2000,ccab57a6-d91e-4ce5-b062-d9fc9a27c1f3,worker_3,worker_3,DISK_LOAD,13.983527,0.109246,"Disk -> RAM [Model: ccab57a6, Layer: a3cd6ef1]"
2431333.932274,2000,ccab57a6-d91e-4ce5-b062-d9fc9a27c1f3,worker_3,worker_3,MEM_MOVE,13.983527,0.109246,"RAM -> VRAM [Model: ccab57a6, Layer: a3cd6ef1]"
2431333.982274,2000,ccab57a6-d91e-4ce5-b062-d9fc9a27c1f3,worker_3,worker_3,GPU_COMPUTE,0.050000,0.050000,GPU Compute
2431334.140274,2000,ccab57a6-d91e-4ce5-b062-d9fc9a27c1f3,worker_3,coordinator_0,NET_TRANSFER,0.000100,0.158000,Signal Finished
2432050.921175,2000,ccab57a6-d91e-4ce5-b062-d9fc9a27c1f3,coordinator_0,worker_4,NET_TRANSFER,8.957886,716.780901,Distribute Layer ID: f5d1846f
2432050.989555,2000,ccab57a6-d91e-4ce5-b062-d9fc9a27c1f3,worker_4,worker_4,MEM_MOVE,8.752640,0.068380,"Evict VRAM -> RAM [Model: ccab57a6, Layer: 743a81aa]"
2432051.033123,2000,ccab57a6-d91e-4ce5-b062-d9fc9a27c1f3,worker_4,worker_4,MEM_MOVE,5.576650,0.043568,"Evict VRAM -> RAM [Model: ccab57a6, Layer: 8141d7e3]"
2432051.103106,2000,ccab57a6-d91e-4ce5-b062-d9fc9a27c1f3,worker_4,worker_4,DISK_LOAD,8.957886,0.069983,"Disk -> RAM [Model: ccab57a6, Layer: f5d1846f]"
2432051.173090,2000,ccab57a6-d91e-4ce5-b062-d9fc9a27c1f3,worker_4,worker_4,MEM_MOVE,8.957886,0.069983,"RAM -> VRAM [Model: ccab57a6, Layer: f5d1846f]"
2432051.223090,2000,ccab57a6-d91e-4ce5-b062-d9fc9a27c1f3,worker_4,worker_4,GPU_COMPUTE,0.050000,0.050000,GPU Compute
2432051.381090,2000,ccab57a6-d91e-4ce5-b062-d9fc9a27c1f3,worker_4,coordinator_0,NET_TRANSFER,0.000100,0.158000,Signal Finished
2433022.630728,3000,a2b2ef0d-c31e-424d-b040-3f53be25eca0,coordinator_0,worker_3,NET_TRANSFER,12.138745,971.249638,Distribute Layer ID: 05c0e707
2433022.788728,3005,ccab57a6-d91e-4ce5-b062-d9fc9a27c1f3,client_3,coordinator_0,NET_TRANSFER,0.000100,0.158000,Request Model ID
2433022.897974,3000,a2b2ef0d-c31e-424d-b040-3f53be25eca0,worker_3,worker_3,MEM_MOVE,13.983527,0.109246,"Evict VRAM -> RAM [Model: ccab57a6, Layer: a3cd6ef1]"
2433022.992808,3000,a2b2ef0d-c31e-424d-b040-3f53be25eca0,worker_3,worker_3,DISK_LOAD,12.138745,0.094834,"Disk -> RAM [Model: a2b2ef0d, Layer: 05c0e707]"
2433023.087642,3000,a2b2ef0d-c31e-424d-b040-3f53be25eca0,worker_3,worker_3,MEM_MOVE,12.138745,0.094834,"RAM -> VRAM [Model: a2b2ef0d, Layer: 05c0e707]"
2433023.137642,3000,a2b2ef0d-c31e-424d-b040-3f53be25eca0,worker_3,worker_3,GPU_COMPUTE,0.050000,0.050000,GPU Compute
2433023.295642,3000,a2b2ef0d-c31e-424d-b040-3f53be25eca0,worker_3,coordinator_0,NET_TRANSFER,0.000100,0.158000,Signal Finished
2434032.495763,3000,a2b2ef0d-c31e-424d-b040-3f53be25eca0,coordinator_0,worker_4,NET_TRANSFER,12.613127,1009.200121,Distribute Layer ID: 7e99e932
2434032.565746,3000,a2b2ef0d-c31e-424d-b040-3f53be25eca0,worker_4,worker_4,MEM_MOVE,8.957886,0.069983,"Evict VRAM -> RAM [Model: ccab57a6, Layer: f5d1846f]"
2434032.664286,3000,a2b2ef0d-c31e-424d-b040-3f53be25eca0,worker_4,worker_4,DISK_LOAD,12.613127,0.098540,"Disk -> RAM [Model: a2b2ef0d, Layer: 7e99e932]"
2434032.762826,3000,a2b2ef0d-c31e-424d-b040-3f53be25eca0,worker_4,worker_4,MEM_MOVE,12.613127,0.098540,"RAM -> VRAM [Model: a2b2ef0d, Layer: 7e99e932]"
2434032.812826,3000,a2b2ef0d-c31e-424d-b040-3f53be25eca0,worker_4,worker_4,GPU_COMPUTE,0.050000,0.050000,GPU Compute
2434032.970826,3000,a2b2ef0d-c31e-424d-b040-3f53be25eca0,worker_4,coordinator_0,NET_TRANSFER,0.000100,0.158000,Signal Finished
2434962.268759,3000,a2b2ef0d-c31e-424d-b040-3f53be25eca0,coordinator_0,worker_1,NET_TRANSFER,11.614349,929.297933,Distribute Layer ID: 2b9f6b0b
2434962.372153,3000,a2b2ef0d-c31e-424d-b040-3f53be25eca0,worker_1,worker_1,MEM_MOVE,13.234343,0.103393,"Evict VRAM -> RAM [Model: ccab57a6, Layer: c180057c]"
2434962.462890,3000,a2b2ef0d-c31e-424d-b040-3f53be25eca0,worker_1,worker_1,DISK_LOAD,11.614349,0.090737,"Disk -> RAM [Model: a2b2ef0d, Layer: 2b9f6b0b]"
2434962.553627,3000,a2b2ef0d-c31e-424d-b040-3f53be25eca0,worker_1,worker_1,MEM_MOVE,11.614349,0.090737,"RAM -> VRAM [Model: a2b2ef0d, Layer: 2b9f6b0b]"
2434962.603627,3000,a2b2ef0d-c31e-424d-b040-3f53be25eca0,worker_1,worker_1,GPU_COMPUTE,0.050000,0.050000,GPU Compute
2434962.761627,3000,a2b2ef0d-c31e-424d-b040-3f53be25eca0,worker_1,coordinator_0,NET_TRANSFER,0.000100,0.158000,Signal Finished
2435552.033254,3000,a2b2ef0d-c31e-424d-b040-3f53be25eca0,coordinator_0,worker_2,NET_TRANSFER,7.364020,589.271627,Distribute Layer ID: c74cf36b
2435552.100931,3000,a2b2ef0d-c31e-424d-b040-3f53be25eca0,worker_2,worker_2,MEM_MOVE,8.662667,0.067677,"Evict VRAM -> RAM [Model: ccab57a6, Layer: 93755d2d]"
2435552.158462,3000,a2b2ef0d-c31e-424d-b040-3f53be25eca0,worker_2,worker_2,DISK_LOAD,7.364020,0.057531,"Disk -> RAM [Model: a2b2ef0d, Layer: c74cf36b]"
2435552.215994,3000,a2b2ef0d-c31e-424d-b040-3f53be25eca0,worker_2,worker_2,MEM_MOVE,7.364020,0.057531,"RAM -> VRAM [Model: a2b2ef0d, Layer: c74cf36b]"
2435552.265994,3000,a2b2ef0d-c31e-424d-b040-3f53be25eca0,worker_2,worker_2,GPU_COMPUTE,0.050000,0.050000,GPU Compute
2435552.423994,3000,a2b2ef0d-c31e-424d-b040-3f53be25eca0,worker_2,coordinator_0,NET_TRANSFER,0.000100,0.158000,Signal Finished
2436507.090371,3000,a2b2ef0d-c31e-424d-b040-3f53be25eca0,coordinator_0,worker_3,NET_TRANSFER,11.931455,954.666377,Distribute Layer ID: 7bdff8cb
2436507.185205,3000,a2b2ef0d-c31e-424d-b040-3f53be25eca0,worker_3,worker_3,MEM_MOVE,12.138745,0.094834,"Evict VRAM -> RAM [Model: a2b2ef0d, Layer: 05c0e707]"
2436507.278419,3000,a2b2ef0d-c31e-424d-b040-3f53be25eca0,worker_3,worker_3,DISK_LOAD,11.931455,0.093214,"Disk -> RAM [Model: a2b2ef0d, Layer: 7bdff8cb]"
2436507.371634,3000,a2b2ef0d-c31e-424d-b040-3f53be25eca0,worker_3,worker_3,MEM_MOVE,11.931455,0.093214,"RAM -> VRAM [Model: a2b2ef0d, Layer: 7bdff8cb]"
2436507.421634,3000,a2b2ef0d-c31e-424d-b040-3f53be25eca0,worker_3,worker_3,GPU_COMPUTE,0.050000,0.050000,GPU Compute
2436507.579634,3000,a2b2ef0d-c31e-424d-b040-3f53be25eca0,worker_3,coordinator_0,NET_TRANSFER,0.000100,0.158000,Signal Finished
2437053.602988,3000,a2b2ef0d-c31e-424d-b040-3f53be25eca0,coordinator_0,worker_4,NET_TRANSFER,6.823417,546.023354,Distribute Layer ID: 403b6d19
2437053.701528,3000,a2b2ef0d-c31e-424d-b040-3f53be25eca0,worker_4,worker_4,MEM_MOVE,12.613127,0.098540,"Evict VRAM -> RAM [Model: a2b2ef0d, Layer: 7e99e932]"
2437053.754836,3000,a2b2ef0d-c31e-424d-b040-3f53be25eca0,worker_4,worker_4,DISK_LOAD,6.823417,0.053308,"Disk -> RAM [Model: a2b2ef0d, Layer: 403b6d19]"
2437053.808144,3000,a2b2ef0d-c31e-424d-b040-3f53be25eca0,worker_4,worker_4,MEM_MOVE,6.823417,0.053308,"RAM -> VRAM [Model: a2b2ef0d, Layer: 403b6d19]"
2437053.858144,3000,a2b2ef0d-c31e-424d-b040-3f53be25eca0,worker_4,worker_4,GPU_COMPUTE,0.050000,0.050000,GPU Compute
2437054.016144,3000,a2b2ef0d-c31e-424d-b040-3f53be25eca0,worker_4,coordinator_0,NET_TRANSFER,0.000100,0.158000,Signal Finished
2437646.813315,3000,a2b2ef0d-c31e-424d-b040-3f53be25eca0,coordinator_0,worker_1,NET_TRANSFER,7.408090,592.797171,Distribute Layer ID: 389dc3b8
2437646.871191,3000,a2b2ef0d-c31e-424d-b040-3f53be25eca0,worker_1,worker_1,DISK_LOAD,7.408090,0.057876,"Disk -> RAM [Model: a2b2ef0d, Layer: 389dc3b8]"
2437646.929066,3000,a2b2ef0d-c31e-424d-b040-3f53be25eca0,worker_1,worker_1,MEM_MOVE,7.408090,0.057876,"RAM -> VRAM [Model: a2b2ef0d, Layer: 389dc3b8]"
2437646.979066,3000,a2b2ef0d-c31e-424d-b040-3f53be25eca0,worker_1,worker_1,GPU_COMPUTE,0.050000,0.050000,GPU Compute
2437647.137066,3000,a2b2ef0d-c31e-424d-b040-3f53be25eca0,worker_1,coordinator_0,NET_TRANSFER,0.000100,0.158000,Signal Finished
2438611.445946,3000,a2b2ef0d-c31e-424d-b040-3f53be25eca0,coordinator_0,worker_2,NET_TRANSFER,12.051986,964.308879,Distribute Layer ID: 786d7a8c
2438611.503477,3000,a2b2ef0d-c31e-424d-b040-3f53be25eca0,worker_2,worker_2,MEM_MOVE,7.364020,0.057531,"Evict VRAM -> RAM [Model: a2b2ef0d, Layer: c74cf36b]"
2438611.616917,3000,a2b2ef0d-c31e-424d-b040-3f53be25eca0,worker_2,worker_2,MEM_MOVE,14.520271,0.113440,"Evict VRAM -> RAM [Model: ccab57a6, Layer: dc4c7a2a]"
2438611.711073,3000,a2b2ef0d-c31e-424d-b040-3f53be25eca0,worker_2,worker_2,DISK_LOAD,12.051986,0.094156,"Disk -> RAM [Model: a2b2ef0d, Layer: 786d7a8c]"
2438611.805229,3000,a2b2ef0d-c31e-424d-b040-3f53be25eca0,worker_2,worker_2,MEM_MOVE,12.051986,0.094156,"RAM -> VRAM [Model: a2b2ef0d, Layer: 786d7a8c]"
2438611.855229,3000,a2b2ef0d-c31e-424d-b040-3f53be25eca0,worker_2,worker_2,GPU_COMPUTE,0.050000,0.050000,GPU Compute
2438612.013229,3000,a2b2ef0d-c31e-424d-b040-3f53be25eca0,worker_2,coordinator_0,NET_TRANSFER,0.000100,0.158000,Signal Finished
2439360.298371,3000,a2b2ef0d-c31e-424d-b040-3f53be25eca0,coordinator_0,worker_3,NET_TRANSFER,9.351689,748.285142,Distribute Layer ID: b87c9c50
2439360.391585,3000,a2b2ef0d-c31e-424d-b040-3f53be25eca0,worker_3,worker_3,MEM_MOVE,11.931455,0.093214,"Evict VRAM -> RAM [Model: a2b2ef0d, Layer: 7bdff8cb]"
2439360.464645,3000,a2b2ef0d-c31e-424d-b040-3f53be25eca0,worker_3,worker_3,DISK_LOAD,9.351689,0.073060,"Disk -> RAM [Model: a2b2ef0d, Layer: b87c9c50]"
2439360.537705,3000,a2b2ef0d-c31e-424d-b040-3f53be25eca0,worker_3,worker_3,MEM_MOVE,9.351689,0.073060,"RAM -> VRAM [Model: a2b2ef0d, Layer: b87c9c50]"
2439360.587705,3000,a2b2ef0d-c31e-424d-b040-3f53be25eca0,worker_3,worker_3,GPU_COMPUTE,0.050000,0.050000,GPU Compute
2439360.745705,3000,a2b2ef0d-c31e-424d-b040-3f53be25eca0,worker_3,coordinator_0,NET_TRANSFER,0.000100,0.158000,Signal Finished
2440067.364767,3000,a2b2ef0d-c31e-424d-b040-3f53be25eca0,coordinator_0,worker_4,NET_TRANSFER,8.830863,706.619061,Distribute Layer ID: aa8d0717
2440067.418074,3000,a2b2ef0d-c31e-424d-b040-3f53be25eca0,worker_4,worker_4,MEM_MOVE,6.823417,0.053308,"Evict VRAM -> RAM [Model: a2b2ef0d, Layer: 403b6d19]"
2440067.487066,3000,a2b2ef0d-c31e-424d-b040-3f53be25eca0,worker_4,worker_4,DISK_LOAD,8.830863,0.068991,"Disk -> RAM [Model: a2b2ef0d, Layer: aa8d0717]"
2440067.556057,3000,a2b2ef0d-c31e-424d-b040-3f53be25eca0,worker_4,worker_4,MEM_MOVE,8.830863,0.068991,"RAM -> VRAM [Model: a2b2ef0d, Layer: aa8d0717]"
2440067.606057,3000,a2b2ef0d-c31e-424d-b040-3f53be25eca0,worker_4,worker_4,GPU_COMPUTE,0.050000,0.050000,GPU Compute
2440067.764057,3000,a2b2ef0d-c31e-424d-b040-3f53be25eca0,worker_4,coordinator_0,NET_TRANSFER,0.000100,0.158000,Signal Finished
2440940.884761,3000,a2b2ef0d-c31e-424d-b040-3f53be25eca0,coordinator_0,worker_1,NET_TRANSFER,10.912134,873.120704,Distribute Layer ID: 28387391
2440940.942637,3000,a2b2ef0d-c31e-424d-b040-3f53be25eca0,worker_1,worker_1,MEM_MOVE,7.408090,0.057876,"Evict VRAM -> RAM [Model: a2b2ef0d, Layer: 389dc3b8]"
2440941.033374,3000,a2b2ef0d-c31e-424d-b040-3f53be25eca0,worker_1,worker_1,MEM_MOVE,11.614349,0.090737,"Evict VRAM -> RAM [Model: a2b2ef0d, Layer: 2b9f6b0b]"
2440941.118625,3000,a2b2ef0d-c31e-424d-b040-3f53be25eca0,worker_1,worker_1,DISK_LOAD,10.912134,0.085251,"Disk -> RAM [Model: a2b2ef0d, Layer: 28387391]"
2440941.203876,3000,a2b2ef0d-c31e-424d-b040-3f53be25eca0,worker_1,worker_1,MEM_MOVE,10.912134,0.085251,"RAM -> VRAM [Model: a2b2ef0d, Layer: 28387391]"
2440941.253876,3000,a2b2ef0d-c31e-424d-b040-3f53be25eca0,worker_1,worker_1,GPU_COMPUTE,0.050000,0.050000,GPU Compute
2440941.411876,3000,a2b2ef0d-c31e-424d-b040-3f53be25eca0,worker_1,coordinator_0,NET_TRANSFER,0.000100,0.158000,Signal Finished
2441363.625234,3000,a2b2ef0d-c31e-424d-b040-3f53be25eca0,coordinator_0,worker_2,NET_TRANSFER,5.275792,422.213359,Distribute Layer ID: da6398a4
2441363.783234,5006,ab20b578-3dd0-4fe3-97cb-3189d9bd9be5,client_5,coordinator_0,NET_TRANSFER,0.000100,0.158000,Request Model ID
2441363.824452,3000,a2b2ef0d-c31e-424d-b040-3f53be25eca0,worker_2,worker_2,DISK_LOAD,5.275792,0.041217,"Disk -> RAM [Model: a2b2ef0d, Layer: da6398a4]"
2441363.865669,3000,a2b2ef0d-c31e-424d-b040-3f53be25eca0,worker_2,worker_2,MEM_MOVE,5.275792,0.041217,"RAM -> VRAM [Model: a2b2ef0d, Layer: da6398a4]"
2441363.915669,3000,a2b2ef0d-c31e-424d-b040-3f53be25eca0,worker_2,worker_2,GPU_COMPUTE,0.050000,0.050000,GPU Compute
2441364.073669,3000,a2b2ef0d-c31e-424d-b040-3f53be25eca0,worker_2,coordinator_0,NET_TRANSFER,0.000100,0.158000,Signal Finished
2442096.221828,3000,a2b2ef0d-c31e-424d-b040-3f53be25eca0,coordinator_0,worker_3,NET_TRANSFER,9.149977,732.148159,Distribute Layer ID: 63b18688
2442096.293312,3000,a2b2ef0d-c31e-424d-b040-3f53be25eca0,worker_3,worker_3,DISK_LOAD,9.149977,0.071484,"Disk -> RAM [Model: a2b2ef0d, Layer: 63b18688]"
2442096.364796,3000,a2b2ef0d-c31e-424d-b040-3f53be25eca0,worker_3,worker_3,MEM_MOVE,9.149977,0.071484,"RAM -> VRAM [Model: a2b2ef0d, Layer: 63b18688]"
2442096.414796,3000,a2b2ef0d-c31e-424d-b040-3f53be25eca0,worker_3,worker_3,GPU_COMPUTE,0.050000,0.050000,GPU Compute
2442096.572796,3000,a2b2ef0d-c31e-424d-b040-3f53be25eca0,worker_3,coordinator_0,NET_TRANSFER,0.000100,0.158000,Signal Finished
2443245.569404,3000,a2b2ef0d-c31e-424d-b040-3f53be25eca0,coordinator_0,worker_4,NET_TRANSFER,14.360583,1148.996607,Distribute Layer ID: b6d334bd
2443245.638395,3000,a2b2ef0d-c31e-424d-b040-3f53be25eca0,worker_4,worker_4,MEM_MOVE,8.830863,0.068991,"Evict VRAM -> RAM [Model: a2b2ef0d, Layer: aa8d0717]"
2443245.750587,3000,a2b2ef0d-c31e-424d-b040-3f53be25eca0,worker_4,worker_4,DISK_LOAD,14.360583,0.112192,"Disk -> RAM [Model: a2b2ef0d, Layer: b6d334bd]"
2443245.862779,3000,a2b2ef0d-c31e-424d-b040-3f53be25eca0,worker_4,worker_4,MEM_MOVE,14.360583,0.112192,"RAM -> VRAM [Model: a2b2ef0d, Layer: b6d334bd]"
2443245.912779,3000,a2b2ef0d-c31e-424d-b040-3f53be25eca0,worker_4,worker_4,GPU_COMPUTE,0.050000,0.050000,GPU Compute
2443246.070779,3000,a2b2ef0d-c31e-424d-b040-3f53be25eca0,worker_4,coordinator_0,NET_TRANSFER,0.000100,0.158000,Signal Finished
2443783.997057,3000,a2b2ef0d-c31e-424d-b040-3f53be25eca0,coordinator_0,worker_1,NET_TRANSFER,6.722203,537.926278,Distribute Layer ID: 77fff893
2443784.049575,3000,a2b2ef0d-c31e-424d-b040-3f53be25eca0,worker_1,worker_1,DISK_LOAD,6.722203,0.052517,"Disk -> RAM [Model: a2b2ef0d, Layer: 77fff893]"
2443784.102092,3000,a2b2ef0d-c31e-424d-b040-3f53be25eca0,worker_1,worker_1,MEM_MOVE,6.722203,0.052517,"RAM -> VRAM [Model: a2b2ef0d, Layer: 77fff893]"
2443784.152092,3000,a2b2ef0d-c31e-424d-b040-3f53be25eca0,worker_1,worker_1,GPU_COMPUTE,0.050000,0.050000,GPU Compute
2443784.310092,3000,a2b2ef0d-c31e-424d-b040-3f53be25eca0,worker_1,coordinator_0,NET_TRANSFER,0.000100,0.158000,Signal Finished
2444564.522844,3000,a2b2ef0d-c31e-424d-b040-3f53be25eca0,coordinator_0,worker_2,NET_TRANSFER,9.750784,780.212752,Distribute Layer ID: ba26ce19
2444564.680844,8006,ab20b578-3dd0-4fe3-97cb-3189d9bd9be5,client_8,coordinator_0,NET_TRANSFER,0.000100,0.158000,Request Model ID
2444564.722061,3000,a2b2ef0d-c31e-424d-b040-3f53be25eca0,worker_2,worker_2,MEM_MOVE,5.275792,0.041217,"Evict VRAM -> RAM [Model: a2b2ef0d, Layer: da6398a4]"
2444564.798239,3000,a2b2ef0d-c31e-424d-b040-3f53be25eca0,worker_2,worker_2,DISK_LOAD,9.750784,0.076178,"Disk -> RAM [Model: a2b2ef0d, Layer: ba26ce19]"
2444564.874417,3000,a2b2ef0d-c31e-424d-b040-3f53be25eca0,worker_2,worker_2,MEM_MOVE,9.750784,0.076178,"RAM -> VRAM [Model: a2b2ef0d, Layer: ba26ce19]"
2444564.924417,3000,a2b2ef0d-c31e-424d-b040-3f53be25eca0,worker_2,worker_2,GPU_COMPUTE,0.050000,0.050000,GPU Compute
2444565.082417,3000,a2b2ef0d-c31e-424d-b040-3f53be25eca0,worker_2,coordinator_0,NET_TRANSFER,0.000100,0.158000,Signal Finished
2445475.578003,3000,a2b2ef0d-c31e-424d-b040-3f53be25eca0,coordinator_0,worker_3,NET_TRANSFER,11.379320,910.495586,Distribute Layer ID: 7d35123f
2445475.649487,3000,a2b2ef0d-c31e-424d-b040-3f53be25eca0,worker_3,worker_3,MEM_MOVE,9.149977,0.071484,"Evict VRAM -> RAM [Model: a2b2ef0d, Layer: 63b18688]"
2445475.738388,3000,a2b2ef0d-c31e-424d-b040-3f53be25eca0,worker_3,worker_3,DISK_LOAD,11.379320,0.088901,"Disk -> RAM [Model: a2b2ef0d, Layer: 7d35123f]"
2445475.827289,3000,a2b2ef0d-c31e-424d-b040-3f53be25eca0,worker_3,worker_3,MEM_MOVE,11.379320,0.088901,"RAM -> VRAM [Model: a2b2ef0d, Layer: 7d35123f]"
2445475.877289,3000,a2b2ef0d-c31e-424d-b040-3f53be25eca0,worker_3,worker_3,GPU_COMPUTE,0.050000,0.050000,GPU Compute
2445476.035289,3000,a2b2ef0d-c31e-424d-b040-3f53be25eca0,worker_3,coordinator_0,NET_TRANSFER,0.000100,0.158000,Signal Finished
2445951.677051,3000,a2b2ef0d-c31e-424d-b040-3f53be25eca0,coordinator_0,worker_4,NET_TRANSFER,5.943647,475.641762,Distribute Layer ID: ae626109
2445951.789244,3000,a2b2ef0d-c31e-424d-b040-3f53be25eca0,worker_4,worker_4,MEM_MOVE,14.360583,0.112192,"Evict VRAM -> RAM [Model: a2b2ef0d, Layer: b6d334bd]"
2445951.835678,3000,a2b2ef0d-c31e-424d-b040-3f53be25eca0,worker_4,worker_4,DISK_LOAD,5.943647,0.046435,"Disk -> RAM [Model: a2b2ef0d, Layer: ae626109]"
2445951.882113,3000,a2b2ef0d-c31e-424d-b040-3f53be25eca0,worker_4,worker_4,MEM_MOVE,5.943647,0.046435,"RAM -> VRAM [Model: a2b2ef0d, Layer: ae626109]"
2445951.932113,3000,a2b2ef0d-c31e-424d-b040-3f53be25eca0,worker_4,worker_4,GPU_COMPUTE,0.050000,0.050000,GPU Compute
2445952.090113,3000,a2b2ef0d-c31e-424d-b040-3f53be25eca0,worker_4,coordinator_0,NET_TRANSFER,0.000100,0.158000,Signal Finished
2446938.064265,3000,a2b2ef0d-c31e-424d-b040-3f53be25eca0,coordinator_0,worker_1,NET_TRANSFER,12.322802,985.974152,Distribute Layer ID: d14180db
2446938.116782,3000,a2b2ef0d-c31e-424d-b040-3f53be25eca0,worker_1,worker_1,MEM_MOVE,6.722203,0.052517,"Evict VRAM -> RAM [Model: a2b2ef0d, Layer: 77fff893]"
2446938.202033,3000,a2b2ef0d-c31e-424d-b040-3f53be25eca0,worker_1,worker_1,MEM_MOVE,10.912134,0.085251,"Evict VRAM -> RAM [Model: a2b2ef0d, Layer: 28387391]"
2446938.298305,3000,a2b2ef0d-c31e-424d-b040-3f53be25eca0,worker_1,worker_1,DISK_LOAD,12.322802,0.096272,"Disk -> RAM [Model: a2b2ef0d, Layer: d14180db]"
2446938.394577,3000,a2b2ef0d-c31e-424d-b040-3f53be25eca0,worker_1,worker_1,MEM_MOVE,12.322802,0.096272,"RAM -> VRAM [Model: a2b2ef0d, Layer: d14180db]"
2446938.444577,3000,a2b2ef0d-c31e-424d-b040-3f53be25eca0,worker_1,worker_1,GPU_COMPUTE,0.050000,0.050000,GPU Compute
2446938.602577,3000,a2b2ef0d-c31e-424d-b040-3f53be25eca0,worker_1,coordinator_0,NET_TRANSFER,0.000100,0.158000,Signal Finished
2447789.900943,3000,a2b2ef0d-c31e-424d-b040-3f53be25eca0,coordinator_0,worker_2,NET_TRANSFER,10.639355,851.298366,Distribute Layer ID: 83d4fbc7
2447789.977121,3000,a2b2ef0d-c31e-424d-b040-3f53be25eca0,worker_2,worker_2,MEM_MOVE,9.750784,0.076178,"Evict VRAM -> RAM [Model: a2b2ef0d, Layer: ba26ce19]"
2447790.060241,3000,a2b2ef0d-c31e-424d-b040-3f53be25eca0,worker_2,worker_2,DISK_LOAD,10.639355,0.083120,"Disk -> RAM [Model: a2b2ef0d, Layer: 83d4fbc7]"
2447790.143361,3000,a2b2ef0d-c31e-424d-b040-3f53be25eca0,worker_2,worker_2,MEM_MOVE,10.639355,0.083120,"RAM -> VRAM [Model: a2b2ef0d, Layer: 83d4fbc7]"
2447790.193361,3000,a2b2ef0d-c31e-424d-b040-3f53be25eca0,worker_2,worker_2,GPU_COMPUTE,0.050000,0.050000,GPU Compute
2447790.351361,3000,a2b2ef0d-c31e-424d-b040-3f53be25eca0,worker_2,coordinator_0,NET_TRANSFER,0.000100,0.158000,Signal Finished
2448550.020454,3000,a2b2ef0d-c31e-424d-b040-3f53be25eca0,coordinator_0,worker_3,NET_TRANSFER,9.493989,759.669093,Distribute Layer ID: a08fc11f
2448550.109355,3000,a2b2ef0d-c31e-424d-b040-3f53be25eca0,worker_3,worker_3,MEM_MOVE,11.379320,0.088901,"Evict VRAM -> RAM [Model: a2b2ef0d, Layer: 7d35123f]"
2448550.183527,3000,a2b2ef0d-c31e-424d-b040-3f53be25eca0,worker_3,worker_3,DISK_LOAD,9.493989,0.074172,"Disk -> RAM [Model: a2b2ef0d, Layer: a08fc11f]"
2448550.257698,3000,a2b2ef0d-c31e-424d-b040-3f53be25eca0,worker_3,worker_3,MEM_MOVE,9.493989,0.074172,"RAM -> VRAM [Model: a2b2ef0d, Layer: a08fc11f]"
2448550.307698,3000,a2b2ef0d-c31e-424d-b040-3f53be25eca0,worker_3,worker_3,GPU_COMPUTE,0.050000,0.050000,GPU Compute
2448550.465698,3000,a2b2ef0d-c31e-424d-b040-3f53be25eca0,worker_3,coordinator_0,NET_TRANSFER,0.000100,0.158000,Signal Finished
2449111.326808,3000,a2b2ef0d-c31e-424d-b040-3f53be25eca0,coordinator_0,worker_4,NET_TRANSFER,7.008889,560.861109,Distribute Layer ID: 24972a49
2449111.381565,3000,a2b2ef0d-c31e-424d-b040-3f53be25eca0,worker_4,worker_4,DISK_LOAD,7.008889,0.054757,"Disk -> RAM [Model: a2b2ef0d, Layer: 24972a49]"
2449111.436322,3000,a2b2ef0d-c31e-424d-b040-3f53be25eca0,worker_4,worker_4,MEM_MOVE,7.008889,0.054757,"RAM -> VRAM [Model: a2b2ef0d, Layer: 24972a49]"
2449111.486322,3000,a2b2ef0d-c31e-424d-b040-3f53be25eca0,worker_4,worker_4,GPU_COMPUTE,0.050000,0.050000,GPU Compute
2449111.644322,3000,a2b2ef0d-c31e-424d-b040-3f53be25eca0,worker_4,coordinator_0,NET_TRANSFER,0.000100,0.158000,Signal Finished
2449777.167293,3000,a2b2ef0d-c31e-424d-b040-3f53be25eca0,coordinator_0,worker_1,NET_TRANSFER,8.317162,665.522971,Distribute Layer ID: 17aa5a1b
2449777.232271,3000,a2b2ef0d-c31e-424d-b040-3f53be25eca0,worker_1,worker_1,DISK_LOAD,8.317162,0.064978,"Disk -> RAM [Model: a2b2ef0d, Layer: 17aa5a1b]"
2449777.297248,3000,a2b2ef0d-c31e-424d-b040-3f53be25eca0,worker_1,worker_1,MEM_MOVE,8.317162,0.064978,"RAM -> VRAM [Model: a2b2ef0d, Layer: 17aa5a1b]"
2449777.347248,3000,a2b2ef0d-c31e-424d-b040-3f53be25eca0,worker_1,worker_1,GPU_COMPUTE,0.050000,0.050000,GPU Compute
2449777.505248,3000,a2b2ef0d-c31e-424d-b040-3f53be25eca0,worker_1,coordinator_0,NET_TRANSFER,0.000100,0.158000,Signal Finished
2450483.803466,3000,a2b2ef0d-c31e-424d-b040-3f53be25eca0,coordinator_0,worker_2,NET_TRANSFER,8.826853,706.298217,Distribute Layer ID: 235793f7
2450483.886586,3000,a2b2ef0d-c31e-424d-b040-3f53be25eca0,worker_2,worker_2,MEM_MOVE,10.639355,0.083120,"Evict VRAM -> RAM [Model: a2b2ef0d, Layer: 83d4fbc7]"
2450483.955545,3000,a2b2ef0d-c31e-424d-b040-3f53be25eca0,worker_2,worker_2,DISK_LOAD,8.826853,0.068960,"Disk -> RAM [Model: a2b2ef0d, Layer: 235793f7]"
2450484.024505,3000,a2b2ef0d-c31e-424d-b040-3f53be25eca0,worker_2,worker_2,MEM_MOVE,8.826853,0.068960,"RAM -> VRAM [Model: a2b2ef0d, Layer: 235793f7]"
2450484.074505,3000,a2b2ef0d-c31e-424d-b040-3f53be25eca0,worker_2,worker_2,GPU_COMPUTE,0.050000,0.050000,GPU Compute
2450484.232505,3000,a2b2ef0d-c31e-424d-b040-3f53be25eca0,worker_2,coordinator_0,NET_TRANSFER,0.000100,0.158000,Signal Finished
2450970.746948,3000,a2b2ef0d-c31e-424d-b040-3f53be25eca0,coordinator_0,worker_3,NET_TRANSFER,6.079556,486.514443,Distribute Layer ID: d46813ec
2450970.821120,3000,a2b2ef0d-c31e-424d-b040-3f53be25eca0,worker_3,worker_3,MEM_MOVE,9.493989,0.074172,"Evict VRAM -> RAM [Model: a2b2ef0d, Layer: a08fc11f]"
2450970.868617,3000,a2b2ef0d-c31e-424d-b040-3f53be25eca0,worker_3,worker_3,DISK_LOAD,6.079556,0.047497,"Disk -> RAM [Model: a2b2ef0d, Layer: d46813ec]"
2450970.916113,3000,a2b2ef0d-c31e-424d-b040-3f53be25eca0,worker_3,worker_3,MEM_MOVE,6.079556,0.047497,"RAM -> VRAM [Model: a2b2ef0d, Layer: d46813ec]"
2450970.966113,3000,a2b2ef0d-c31e-424d-b040-3f53be25eca0,worker_3,worker_3,GPU_COMPUTE,0.050000,0.050000,GPU Compute
2450971.124113,3000,a2b2ef0d-c31e-424d-b040-3f53be25eca0,worker_3,coordinator_0,NET_TRANSFER,0.000100,0.158000,Signal Finished
2452007.117726,3000,a2b2ef0d-c31e-424d-b040-3f53be25eca0,coordinator_0,worker_4,NET_TRANSFER,12.948045,1035.993613,Distribute Layer ID: 0eb79cd9
2452007.172483,3000,a2b2ef0d-c31e-424d-b040-3f53be25eca0,worker_4,worker_4,MEM_MOVE,7.008889,0.054757,"Evict VRAM -> RAM [Model: a2b2ef0d, Layer: 24972a49]"
2452007.218918,3000,a2b2ef0d-c31e-424d-b040-3f53be25eca0,worker_4,worker_4,MEM_MOVE,5.943647,0.046435,"Evict VRAM -> RAM [Model: a2b2ef0d, Layer: ae626109]"
2452007.320074,3000,a2b2ef0d-c31e-424d-b040-3f53be25eca0,worker_4,worker_4,DISK_LOAD,12.948045,0.101157,"Disk -> RAM [Model: a2b2ef0d, Layer: 0eb79cd9]"
2452007.421231,3000,a2b2ef0d-c31e-424d-b040-3f53be25eca0,worker_4,worker_4,MEM_MOVE,12.948045,0.101157,"RAM -> VRAM [Model: a2b2ef0d, Layer: 0eb79cd9]"
2452007.471231,3000,a2b2ef0d-c31e-424d-b040-3f53be25eca0,worker_4,worker_4,GPU_COMPUTE,0.050000,0.050000,GPU Compute
2452007.629231,3000,a2b2ef0d-c31e-424d-b040-3f53be25eca0,worker_4,coordinator_0,NET_TRANSFER,0.000100,0.158000,Signal Finished
2452801.158098,3000,a2b2ef0d-c31e-424d-b040-3f53be25eca0,coordinator_0,worker_1,NET_TRANSFER,9.917236,793.528867,Distribute Layer ID: 8e2e6862
2452801.223076,3000,a2b2ef0d-c31e-424d-b040-3f53be25eca0,worker_1,worker_1,MEM_MOVE,8.317162,0.064978,"Evict VRAM -> RAM [Model: a2b2ef0d, Layer: 17aa5a1b]"
2452801.300554,3000,a2b2ef0d-c31e-424d-b040-3f53be25eca0,worker_1,worker_1,DISK_LOAD,9.917236,0.077478,"Disk -> RAM [Model: a2b2ef0d, Layer: 8e2e6862]"
2452801.378033,3000,a2b2ef0d-c31e-424d-b040-3f53be25eca0,worker_1,worker_1,MEM_MOVE,9.917236,0.077478,"RAM -> VRAM [Model: a2b2ef0d, Layer: 8e2e6862]"
2452801.428033,3000,a2b2ef0d-c31e-424d-b040-3f53be25eca0,worker_1,worker_1,GPU_COMPUTE,0.050000,0.050000,GPU Compute
2452801.586033,3000,a2b2ef0d-c31e-424d-b040-3f53be25eca0,worker_1,coordinator_0,NET_TRANSFER,0.000100,0.158000,Signal Finished
2453534.612182,3000,a2b2ef0d-c31e-424d-b040-3f53be25eca0,coordinator_0,worker_2,NET_TRANSFER,9.160952,733.026149,Distribute Layer ID: 7c8c3443
2453534.681142,3000,a2b2ef0d-c31e-424d-b040-3f53be25eca0,worker_2,worker_2,MEM_MOVE,8.826853,0.068960,"Evict VRAM -> RAM [Model: a2b2ef0d, Layer: 235793f7]"
2453534.752711,3000,a2b2ef0d-c31e-424d-b040-3f53be25eca0,worker_2,worker_2,DISK_LOAD,9.160952,0.071570,"Disk -> RAM [Model: a2b2ef0d, Layer: 7c8c3443]"
2453534.824281,3000,a2b2ef0d-c31e-424d-b040-3f53be25eca0,worker_2,worker_2,MEM_MOVE,9.160952,0.071570,"RAM -> VRAM [Model: a2b2ef0d, Layer: 7c8c3443]"
2453534.874281,3000,a2b2ef0d-c31e-424d-b040-3f53be25eca0,worker_2,worker_2,GPU_COMPUTE,0.050000,0.050000,GPU Compute
2453535.032281,3000,a2b2ef0d-c31e-424d-b040-3f53be25eca0,worker_2,coordinator_0,NET_TRANSFER,0.000100,0.158000,Signal Finished
2454589.347668,3000,a2b2ef0d-c31e-424d-b040-3f53be25eca0,coordinator_0,worker_3,NET_TRANSFER,13.177067,1054.315386,Distribute Layer ID: 7b360576
2454589.395164,3000,a2b2ef0d-c31e-424d-b040-3f53be25eca0,worker_3,worker_3,MEM_MOVE,6.079556,0.047497,"Evict VRAM -> RAM [Model: a2b2ef0d, Layer: d46813ec]"
2454589.468224,3000,a2b2ef0d-c31e-424d-b040-3f53be25eca0,worker_3,worker_3,MEM_MOVE,9.351689,0.073060,"Evict VRAM -> RAM [Model: a2b2ef0d, Layer: b87c9c50]"
2454589.571170,3000,a2b2ef0d-c31e-424d-b040-3f53be25eca0,worker_3,worker_3,DISK_LOAD,13.177067,0.102946,"Disk -> RAM [Model: a2b2ef0d, Layer: 7b360576]"
2454589.674116,3000,a2b2ef0d-c31e-424d-b040-3f53be25eca0,worker_3,worker_3,MEM_MOVE,13.177067,0.102946,"RAM -> VRAM [Model: a2b2ef0d, Layer: 7b360576]"
2454589.724116,3000,a2b2ef0d-c31e-424d-b040-3f53be25eca0,worker_3,worker_3,GPU_COMPUTE,0.050000,0.050000,GPU Compute
2454589.882116,3000,a2b2ef0d-c31e-424d-b040-3f53be25eca0,worker_3,coordinator_0,NET_TRANSFER,0.000100,0.158000,Signal Finished
2455237.941528,3000,a2b2ef0d-c31e-424d-b040-3f53be25eca0,coordinator_0,worker_4,NET_TRANSFER,8.098868,648.059412,Distribute Layer ID: 271a902f
2455238.042684,3000,a2b2ef0d-c31e-424d-b040-3f53be25eca0,worker_4,worker_4,MEM_MOVE,12.948045,0.101157,"Evict VRAM -> RAM [Model: a2b2ef0d, Layer: 0eb79cd9]"
2455238.105957,3000,a2b2ef0d-c31e-424d-b040-3f53be25eca0,worker_4,worker_4,DISK_LOAD,8.098868,0.063272,"Disk -> RAM [Model: a2b2ef0d, Layer: 271a902f]"
2455238.169229,3000,a2b2ef0d-c31e-424d-b040-3f53be25eca0,worker_4,worker_4,MEM_MOVE,8.098868,0.063272,"RAM -> VRAM [Model: a2b2ef0d, Layer: 271a902f]"
2455238.219229,3000,a2b2ef0d-c31e-424d-b040-3f53be25eca0,worker_4,worker_4,GPU_COMPUTE,0.050000,0.050000,GPU Compute
2455238.377229,3000,a2b2ef0d-c31e-424d-b040-3f53be25eca0,worker_4,coordinator_0,NET_TRANSFER,0.000100,0.158000,Signal Finished
2456040.881102,3000,a2b2ef0d-c31e-424d-b040-3f53be25eca0,coordinator_0,worker_1,NET_TRANSFER,10.029423,802.503873,Distribute Layer ID: 0dd45a6c
2456040.958580,3000,a2b2ef0d-c31e-424d-b040-3f53be25eca0,worker_1,worker_1,MEM_MOVE,9.917236,0.077478,"Evict VRAM -> RAM [Model: a2b2ef0d, Layer: 8e2e6862]"
2456041.054852,3000,a2b2ef0d-c31e-424d-b040-3f53be25eca0,worker_1,worker_1,MEM_MOVE,12.322802,0.096272,"Evict VRAM -> RAM [Model: a2b2ef0d, Layer: d14180db]"
2456041.133207,3000,a2b2ef0d-c31e-424d-b040-3f53be25eca0,worker_1,worker_1,DISK_LOAD,10.029423,0.078355,"Disk -> RAM [Model: a2b2ef0d, Layer: 0dd45a6c]"
2456041.211562,3000,a2b2ef0d-c31e-424d-b040-3f53be25eca0,worker_1,worker_1,MEM_MOVE,10.029423,0.078355,"RAM -> VRAM [Model: a2b2ef0d, Layer: 0dd45a6c]"
2456041.261562,3000,a2b2ef0d-c31e-424d-b040-3f53be25eca0,worker_1,worker_1,GPU_COMPUTE,0.050000,0.050000,GPU Compute
2456041.419562,3000,a2b2ef0d-c31e-424d-b040-3f53be25eca0,worker_1,coordinator_0,NET_TRANSFER,0.000100,0.158000,Signal Finished
2457015.422913,3000,a2b2ef0d-c31e-424d-b040-3f53be25eca0,coordinator_0,worker_2,NET_TRANSFER,12.173167,974.003351,Distribute Layer ID: b335cdd5
2457015.494483,3000,a2b2ef0d-c31e-424d-b040-3f53be25eca0,worker_2,worker_2,MEM_MOVE,9.160952,0.071570,"Evict VRAM -> RAM [Model: a2b2ef0d, Layer: 7c8c3443]"
2457015.589586,3000,a2b2ef0d-c31e-424d-b040-3f53be25eca0,worker_2,worker_2,DISK_LOAD,12.173167,0.095103,"Disk -> RAM [Model: a2b2ef0d, Layer: b335cdd5]"
2457015.684689,3000,a2b2ef0d-c31e-424d-b040-3f53be25eca0,worker_2,worker_2,MEM_MOVE,12.173167,0.095103,"RAM -> VRAM [Model: a2b2ef0d, Layer: b335cdd5]"
2457015.734689,3000,a2b2ef0d-c31e-424d-b040-3f53be25eca0,worker_2,worker_2,GPU_COMPUTE,0.050000,0.050000,GPU Compute
2457015.892689,3000,a2b2ef0d-c31e-424d-b040-3f53be25eca0,worker_2,coordinator_0,NET_TRANSFER,0.000100,0.158000,Signal Finished
2457718.251560,3000,a2b2ef0d-c31e-424d-b040-3f53be25eca0,coordinator_0,worker_3,NET_TRANSFER,8.777611,702.358871,Distribute Layer ID: a253e452
2457718.354506,3000,a2b2ef0d-c31e-424d-b040-3f53be25eca0,worker_3,worker_3,MEM_MOVE,13.177067,0.102946,"Evict VRAM -> RAM [Model: a2b2ef0d, Layer: 7b360576]"
2457718.423081,3000,a2b2ef0d-c31e-424d-b040-3f53be25eca0,worker_3,worker_3,DISK_LOAD,8.777611,0.068575,"Disk -> RAM [Model: a2b2ef0d, Layer: a253e452]"
2457718.491656,3000,a2b2ef0d-c31e-424d-b040-3f53be25eca0,worker_3,worker_3,MEM_MOVE,8.777611,0.068575,"RAM -> VRAM [Model: a2b2ef0d, Layer: a253e452]"
2457718.541656,3000,a2b2ef0d-c31e-424d-b040-3f53be25eca0,worker_3,worker_3,GPU_COMPUTE,0.050000,0.050000,GPU Compute
2457718.699656,3000,a2b2ef0d-c31e-424d-b040-3f53be25eca0,worker_3,coordinator_0,NET_TRANSFER,0.000100,0.158000,Signal Finished
2458897.161359,3000,a2b2ef0d-c31e-424d-b040-3f53be25eca0,coordinator_0,worker_4,NET_TRANSFER,14.728896,1178.461703,Distribute Layer ID: ad48e338
2458897.224631,3000,a2b2ef0d-c31e-424d-b040-3f53be25eca0,worker_4,worker_4,MEM_MOVE,8.098868,0.063272,"Evict VRAM -> RAM [Model: a2b2ef0d, Layer: 271a902f]"
2458897.282004,3000,a2b2ef0d-c31e-424d-b040-3f53be25eca0,worker_4,worker_4,MEM_MOVE,7.343677,0.057372,"Evict VRAM -> RAM [Model: 773a6b7b, Layer: 1010760e]"
2458897.397073,3000,a2b2ef0d-c31e-424d-b040-3f53be25eca0,worker_4,worker_4,DISK_LOAD,14.728896,0.115070,"Disk -> RAM [Model: a2b2ef0d, Layer: ad48e338]"
2458897.512143,3000,a2b2ef0d-c31e-424d-b040-3f53be25eca0,worker_4,worker_4,MEM_MOVE,14.728896,0.115070,"RAM -> VRAM [Model: a2b2ef0d, Layer: ad48e338]"
2458897.562143,3000,a2b2ef0d-c31e-424d-b040-3f53be25eca0,worker_4,worker_4,GPU_COMPUTE,0.050000,0.050000,GPU Compute
2458897.720143,3000,a2b2ef0d-c31e-424d-b040-3f53be25eca0,worker_4,coordinator_0,NET_TRANSFER,0.000100,0.158000,Signal Finished
2459938.408267,3000,a2b2ef0d-c31e-424d-b040-3f53be25eca0,coordinator_0,worker_1,NET_TRANSFER,13.006727,1040.688124,Distribute Layer ID: d0e47d1a
2459938.486622,3000,a2b2ef0d-c31e-424d-b040-3f53be25eca0,worker_1,worker_1,MEM_MOVE,10.029423,0.078355,"Evict VRAM -> RAM [Model: a2b2ef0d, Layer: 0dd45a6c]"
2459938.588237,3000,a2b2ef0d-c31e-424d-b040-3f53be25eca0,worker_1,worker_1,DISK_LOAD,13.006727,0.101615,"Disk -> RAM [Model: a2b2ef0d, Layer: d0e47d1a]"
2459938.689852,3000,a2b2ef0d-c31e-424d-b040-3f53be25eca0,worker_1,worker_1,MEM_MOVE,13.006727,0.101615,"RAM -> VRAM [Model: a2b2ef0d, Layer: d0e47d1a]"
2459938.739852,3000,a2b2ef0d-c31e-424d-b040-3f53be25eca0,worker_1,worker_1,GPU_COMPUTE,0.050000,0.050000,GPU Compute
2459938.897852,3000,a2b2ef0d-c31e-424d-b040-3f53be25eca0,worker_1,coordinator_0,NET_TRANSFER,0.000100,0.158000,Signal Finished
2460373.080474,3000,a2b2ef0d-c31e-424d-b040-3f53be25eca0,coordinator_0,worker_2,NET_TRANSFER,5.425408,434.182622,Distribute Layer ID: a8007ed6
2460373.175577,3000,a2b2ef0d-c31e-424d-b040-3f53be25eca0,worker_2,worker_2,MEM_MOVE,12.173167,0.095103,"Evict VRAM -> RAM [Model: a2b2ef0d, Layer: b335cdd5]"
2460373.217963,3000,a2b2ef0d-c31e-424d-b040-3f53be25eca0,worker_2,worker_2,DISK_LOAD,5.425408,0.042386,"Disk -> RAM [Model: a2b2ef0d, Layer: a8007ed6]"
2460373.260349,3000,a2b2ef0d-c31e-424d-b040-3f53be25eca0,worker_2,worker_2,MEM_MOVE,5.425408,0.042386,"RAM -> VRAM [Model: a2b2ef0d, Layer: a8007ed6]"
2460373.310349,3000,a2b2ef0d-c31e-424d-b040-3f53be25eca0,worker_2,worker_2,GPU_COMPUTE,0.050000,0.050000,GPU Compute
2460373.468349,3000,a2b2ef0d-c31e-424d-b040-3f53be25eca0,worker_2,coordinator_0,NET_TRANSFER,0.000100,0.158000,Signal Finished
2460940.702726,3000,a2b2ef0d-c31e-424d-b040-3f53be25eca0,coordinator_0,worker_3,NET_TRANSFER,7.088555,567.234377,Distribute Layer ID: 8d626da9
2460940.758106,3000,a2b2ef0d-c31e-424d-b040-3f53be25eca0,worker_3,worker_3,DISK_LOAD,7.088555,0.055379,"Disk -> RAM [Model: a2b2ef0d, Layer: 8d626da9]"
2460940.813485,3000,a2b2ef0d-c31e-424d-b040-3f53be25eca0,worker_3,worker_3,MEM_MOVE,7.088555,0.055379,"RAM -> VRAM [Model: a2b2ef0d, Layer: 8d626da9]"
2460940.863485,3000,a2b2ef0d-c31e-424d-b040-3f53be25eca0,worker_3,worker_3,GPU_COMPUTE,0.050000,0.050000,GPU Compute
2460941.021485,3000,a2b2ef0d-c31e-424d-b040-3f53be25eca0,worker_3,coordinator_0,NET_TRANSFER,0.000100,0.158000,Signal Finished
2461325.165909,3000,a2b2ef0d-c31e-424d-b040-3f53be25eca0,coordinator_0,worker_4,NET_TRANSFER,4.799930,384.144424,Distribute Layer ID: 7abeae5b
2461325.203409,3000,a2b2ef0d-c31e-424d-b040-3f53be25eca0,worker_4,worker_4,DISK_LOAD,4.799930,0.037499,"Disk -> RAM [Model: a2b2ef0d, Layer: 7abeae5b]"
2461325.240908,3000,a2b2ef0d-c31e-424d-b040-3f53be25eca0,worker_4,worker_4,MEM_MOVE,4.799930,0.037499,"RAM -> VRAM [Model: a2b2ef0d, Layer: 7abeae5b]"
2461325.290908,3000,a2b2ef0d-c31e-424d-b040-3f53be25eca0,worker_4,worker_4,GPU_COMPUTE,0.050000,0.050000,GPU Compute
2461325.448908,3000,a2b2ef0d-c31e-424d-b040-3f53be25eca0,worker_4,coordinator_0,NET_TRANSFER,0.000100,0.158000,Signal Finished
2462039.654187,3000,857a7c42-2767-4bcd-b994-5f3357d596c5,coordinator_0,worker_2,NET_TRANSFER,8.925691,714.205279,Distribute Layer ID: cab5807e
2462039.696573,3000,857a7c42-2767-4bcd-b994-5f3357d596c5,worker_2,worker_2,MEM_MOVE,5.425408,0.042386,"Evict VRAM -> RAM [Model: a2b2ef0d, Layer: a8007ed6]"
2462039.766305,3000,857a7c42-2767-4bcd-b994-5f3357d596c5,worker_2,worker_2,DISK_LOAD,8.925691,0.069732,"Disk -> RAM [Model: 857a7c42, Layer: cab5807e]"
2462039.836037,3000,857a7c42-2767-4bcd-b994-5f3357d596c5,worker_2,worker_2,MEM_MOVE,8.925691,0.069732,"RAM -> VRAM [Model: 857a7c42, Layer: cab5807e]"
2462039.886037,3000,857a7c42-2767-4bcd-b994-5f3357d596c5,worker_2,worker_2,GPU_COMPUTE,0.050000,0.050000,GPU Compute
2462040.044037,3000,857a7c42-2767-4bcd-b994-5f3357d596c5,worker_2,coordinator_0,NET_TRANSFER,0.000100,0.158000,Signal Finished
2462470.684109,3000,857a7c42-2767-4bcd-b994-5f3357d596c5,coordinator_0,worker_3,NET_TRANSFER,5.381126,430.640072,Distribute Layer ID: 35475243
2462470.739489,3000,857a7c42-2767-4bcd-b994-5f3357d596c5,worker_3,worker_3,MEM_MOVE,7.088555,0.055379,"Evict VRAM -> RAM [Model: a2b2ef0d, Layer: 8d626da9]"
2462470.781529,3000,857a7c42-2767-4bcd-b994-5f3357d596c5,worker_3,worker_3,DISK_LOAD,5.381126,0.042040,"Disk -> RAM [Model: 857a7c42, Layer: 35475243]"
2462470.823569,3000,857a7c42-2767-4bcd-b994-5f3357d596c5,worker_3,worker_3,MEM_MOVE,5.381126,0.042040,"RAM -> VRAM [Model: 857a7c42, Layer: 35475243]"
2462470.873569,3000,857a7c42-2767-4bcd-b994-5f3357d596c5,worker_3,worker_3,GPU_COMPUTE,0.050000,0.050000,GPU Compute
2462471.031569,3000,857a7c42-2767-4bcd-b994-5f3357d596c5,worker_3,coordinator_0,NET_TRANSFER,0.000100,0.158000,Signal Finished
2463010.605980,3000,857a7c42-2767-4bcd-b994-5f3357d596c5,coordinator_0,worker_4,NET_TRANSFER,6.742805,539.574412,Distribute Layer ID: 8d668b16
2463010.643480,3000,857a7c42-2767-4bcd-b994-5f3357d596c5,worker_4,worker_4,MEM_MOVE,4.799930,0.037499,"Evict VRAM -> RAM [Model: a2b2ef0d, Layer: 7abeae5b]"
2463010.696158,3000,857a7c42-2767-4bcd-b994-5f3357d596c5,worker_4,worker_4,DISK_LOAD,6.742805,0.052678,"Disk -> RAM [Model: 857a7c42, Layer: 8d668b16]"
2463010.748836,3000,857a7c42-2767-4bcd-b994-5f3357d596c5,worker_4,worker_4,MEM_MOVE,6.742805,0.052678,"RAM -> VRAM [Model: 857a7c42, Layer: 8d668b16]"
2463010.798836,3000,857a7c42-2767-4bcd-b994-5f3357d596c5,worker_4,worker_4,GPU_COMPUTE,0.050000,0.050000,GPU Compute
2463010.956836,3000,857a7c42-2767-4bcd-b994-5f3357d596c5,worker_4,coordinator_0,NET_TRANSFER,0.000100,0.158000,Signal Finished
2463545.302989,3000,857a7c42-2767-4bcd-b994-5f3357d596c5,coordinator_0,worker_1,NET_TRANSFER,6.677452,534.346153,Distribute Layer ID: 8d0d4403
2463545.355157,3000,857a7c42-2767-4bcd-b994-5f3357d596c5,worker_1,worker_1,DISK_LOAD,6.677452,0.052168,"Disk -> RAM [Model: 857a7c42, Layer: 8d0d4403]"
2463545.407325,3000,857a7c42-2767-4bcd-b994-5f3357d596c5,worker_1,worker_1,MEM_MOVE,6.677452,0.052168,"RAM -> VRAM [Model: 857a7c42, Layer: 8d0d4403]"
2463545.457325,3000,857a7c42-2767-4bcd-b994-5f3357d596c5,worker_1,worker_1,GPU_COMPUTE,0.050000,0.050000,GPU Compute
2463545.615325,3000,857a7c42-2767-4bcd-b994-5f3357d596c5,worker_1,coordinator_0,NET_TRANSFER,0.000100,0.158000,Signal Finished
2464498.292766,3000,857a7c42-2767-4bcd-b994-5f3357d596c5,coordinator_0,worker_2,NET_TRANSFER,11.906593,952.677442,Distribute Layer ID: 39cfc150
2464498.362498,3000,857a7c42-2767-4bcd-b994-5f3357d596c5,worker_2,worker_2,MEM_MOVE,8.925691,0.069732,"Evict VRAM -> RAM [Model: 857a7c42, Layer: cab5807e]"
2464498.455518,3000,857a7c42-2767-4bcd-b994-5f3357d596c5,worker_2,worker_2,DISK_LOAD,11.906593,0.093020,"Disk -> RAM [Model: 857a7c42, Layer: 39cfc150]"
2464498.548539,3000,857a7c42-2767-4bcd-b994-5f3357d596c5,worker_2,worker_2,MEM_MOVE,11.906593,0.093020,"RAM -> VRAM [Model: 857a7c42, Layer: 39cfc150]"
2464498.598539,3000,857a7c42-2767-4bcd-b994-5f3357d596c5,worker_2,worker_2,GPU_COMPUTE,0.050000,0.050000,GPU Compute
2464498.756539,3000,857a7c42-2767-4bcd-b994-5f3357d596c5,worker_2,coordinator_0,NET_TRANSFER,0.000100,0.158000,Signal Finished
2464969.638143,3000,857a7c42-2767-4bcd-b994-5f3357d596c5,coordinator_0,worker_3,NET_TRANSFER,5.884145,470.881604,Distribute Layer ID: 5dac3985
2464969.684112,3000,857a7c42-2767-4bcd-b994-5f3357d596c5,worker_3,worker_3,DISK_LOAD,5.884145,0.045970,"Disk -> RAM [Model: 857a7c42, Layer: 5dac3985]"
2464969.730082,3000,857a7c42-2767-4bcd-b994-5f3357d596c5,worker_3,worker_3,MEM_MOVE,5.884145,0.045970,"RAM -> VRAM [Model: 857a7c42, Layer: 5dac3985]"
2464969.780082,3000,857a7c42-2767-4bcd-b994-5f3357d596c5,worker_3,worker_3,GPU_COMPUTE,0.050000,0.050000,GPU Compute
2464969.938082,3000,857a7c42-2767-4bcd-b994-5f3357d596c5,worker_3,coordinator_0,NET_TRANSFER,0.000100,0.158000,Signal Finished
2466025.395045,3000,857a7c42-2767-4bcd-b994-5f3357d596c5,coordinator_0,worker_4,NET_TRANSFER,13.191337,1055.456962,Distribute Layer ID: 99475e6a
2466025.553045,2008,cc0dab58-f02c-469f-a696-153baf86d230,client_2,coordinator_0,NET_TRANSFER,0.000100,0.158000,Request Model ID
2466025.605723,3000,857a7c42-2767-4bcd-b994-5f3357d596c5,worker_4,worker_4,MEM_MOVE,6.742805,0.052678,"Evict VRAM -> RAM [Model: 857a7c42, Layer: 8d668b16]"
2466025.720792,3000,857a7c42-2767-4bcd-b994-5f3357d596c5,worker_4,worker_4,MEM_MOVE,14.728896,0.115070,"Evict VRAM -> RAM [Model: a2b2ef0d, Layer: ad48e338]"
2466025.823849,3000,857a7c42-2767-4bcd-b994-5f3357d596c5,worker_4,worker_4,DISK_LOAD,13.191337,0.103057,"Disk -> RAM [Model: 857a7c42, Layer: 99475e6a]"
2466025.926907,3000,857a7c42-2767-4bcd-b994-5f3357d596c5,worker_4,worker_4,MEM_MOVE,13.191337,0.103057,"RAM -> VRAM [Model: 857a7c42, Layer: 99475e6a]"
2466025.976907,3000,857a7c42-2767-4bcd-b994-5f3357d596c5,worker_4,worker_4,GPU_COMPUTE,0.050000,0.050000,GPU Compute
2466026.134907,3000,857a7c42-2767-4bcd-b994-5f3357d596c5,worker_4,coordinator_0,NET_TRANSFER,0.000100,0.158000,Signal Finished
2466824.742857,3000,857a7c42-2767-4bcd-b994-5f3357d596c5,coordinator_0,worker_1,NET_TRANSFER,9.980724,798.607950,Distribute Layer ID: fb459b6a
2466824.795024,3000,857a7c42-2767-4bcd-b994-5f3357d596c5,worker_1,worker_1,MEM_MOVE,6.677452,0.052168,"Evict VRAM -> RAM [Model: 857a7c42, Layer: 8d0d4403]"
2466824.953024,2007,4facc46c-ad7c-4d01-ba5e-74a30664ea70,client_2,coordinator_0,NET_TRANSFER,0.000100,0.158000,Request Model ID
2466825.054639,3000,857a7c42-2767-4bcd-b994-5f3357d596c5,worker_1,worker_1,MEM_MOVE,13.006727,0.101615,"Evict VRAM -> RAM [Model: a2b2ef0d, Layer: d0e47d1a]"
2466825.212639,6003,6719b99a-d5dd-40b4-a9ed-2c8af6965e4a,client_6,coordinator_0,NET_TRANSFER,0.000100,0.158000,Request Model ID
2466825.290614,3000,857a7c42-2767-4bcd-b994-5f3357d596c5,worker_1,worker_1,DISK_LOAD,9.980724,0.077974,"Disk -> RAM [Model: 857a7c42, Layer: fb459b6a]"
2466825.368588,3000,857a7c42-2767-4bcd-b994-5f3357d596c5,worker_1,worker_1,MEM_MOVE,9.980724,0.077974,"RAM -> VRAM [Model: 857a7c42, Layer: fb459b6a]"
2466825.418588,3000,857a7c42-2767-4bcd-b994-5f3357d596c5,worker_1,worker_1,GPU_COMPUTE,0.050000,0.050000,GPU Compute
2466825.576588,3000,857a7c42-2767-4bcd-b994-5f3357d596c5,worker_1,coordinator_0,NET_TRANSFER,0.000100,0.158000,Signal Finished
2466825.734588,5005,857a7c42-2767-4bcd-b994-5f3357d596c5,client_5,coordinator_0,NET_TRANSFER,0.000100,0.158000,Request Model ID
2467872.026520,3000,857a7c42-2767-4bcd-b994-5f3357d596c5,coordinator_0,worker_2,NET_TRANSFER,13.076774,1046.291932,Distribute Layer ID: 2c7d97f9
2467872.184520,5005,12cbad90-9e6b-4897-a0d7-bd1a358488e3,client_5,coordinator_0,NET_TRANSFER,0.000100,0.158000,Request Model ID
2467872.277540,3000,857a7c42-2767-4bcd-b994-5f3357d596c5,worker_2,worker_2,MEM_MOVE,11.906593,0.093020,"Evict VRAM -> RAM [Model: 857a7c42, Layer: 39cfc150]"
2467872.435540,8005,209734fe-da0f-4c49-8ae8-1285e31e9d43,client_8,coordinator_0,NET_TRANSFER,0.000100,0.158000,Request Model ID
2467872.593540,8005,d95ac209-70ac-4366-b455-f005e41230be,client_8,coordinator_0,NET_TRANSFER,0.000100,0.158000,Request Model ID
2467872.751540,7005,b707a332-9d3a-49c4-93ec-98a4b05713c0,client_7,coordinator_0,NET_TRANSFER,0.000100,0.158000,Request Model ID
2467872.845697,3000,857a7c42-2767-4bcd-b994-5f3357d596c5,worker_2,worker_2,MEM_MOVE,12.051986,0.094156,"Evict VRAM -> RAM [Model: a2b2ef0d, Layer: 786d7a8c]"
2467872.947859,3000,857a7c42-2767-4bcd-b994-5f3357d596c5,worker_2,worker_2,DISK_LOAD,13.076774,0.102162,"Disk -> RAM [Model: 857a7c42, Layer: 2c7d97f9]"
2467873.050021,3000,857a7c42-2767-4bcd-b994-5f3357d596c5,worker_2,worker_2,MEM_MOVE,13.076774,0.102162,"RAM -> VRAM [Model: 857a7c42, Layer: 2c7d97f9]"
2467873.100021,3000,857a7c42-2767-4bcd-b994-5f3357d596c5,worker_2,worker_2,GPU_COMPUTE,0.050000,0.050000,GPU Compute
2467873.258021,3000,857a7c42-2767-4bcd-b994-5f3357d596c5,worker_2,coordinator_0,NET_TRANSFER,0.000100,0.158000,Signal Finished
2468670.122763,3000,857a7c42-2767-4bcd-b994-5f3357d596c5,coordinator_0,worker_3,NET_TRANSFER,9.958934,796.864742,Distribute Layer ID: f867e461
2468670.168733,3000,857a7c42-2767-4bcd-b994-5f3357d596c5,worker_3,worker_3,MEM_MOVE,5.884145,0.045970,"Evict VRAM -> RAM [Model: 857a7c42, Layer: 5dac3985]"
2468670.326733,7005,d30af60d-f79e-45ce-a754-bfdfcd8b236c,client_7,coordinator_0,NET_TRANSFER,0.000100,0.158000,Request Model ID
2468670.368773,3000,857a7c42-2767-4bcd-b994-5f3357d596c5,worker_3,worker_3,MEM_MOVE,5.381126,0.042040,"Evict VRAM -> RAM [Model: 857a7c42, Layer: 35475243]"
2468670.446577,3000,857a7c42-2767-4bcd-b994-5f3357d596c5,worker_3,worker_3,DISK_LOAD,9.958934,0.077804,"Disk -> RAM [Model: 857a7c42, Layer: f867e461]"
2468670.524381,3000,857a7c42-2767-4bcd-b994-5f3357d596c5,worker_3,worker_3,MEM_MOVE,9.958934,0.077804,"RAM -> VRAM [Model: 857a7c42, Layer: f867e461]"
2468670.574381,3000,857a7c42-2767-4bcd-b994-5f3357d596c5,worker_3,worker_3,GPU_COMPUTE,0.050000,0.050000,GPU Compute
2468670.732381,3000,857a7c42-2767-4bcd-b994-5f3357d596c5,worker_3,coordinator_0,NET_TRANSFER,0.000100,0.158000,Signal Finished
2468670.890381,10005,d95ac209-70ac-4366-b455-f005e41230be,client_10,coordinator_0,NET_TRANSFER,0.000100,0.158000,Request Model ID
2468671.048381,10005,d30af60d-f79e-45ce-a754-bfdfcd8b236c,client_10,coordinator_0,NET_TRANSFER,0.000100,0.158000,Request Model ID
2468671.206381,6005,5db32043-be1a-4e02-ad7f-c6e5724beb16,client_6,coordinator_0,NET_TRANSFER,0.000100,0.158000,Request Model ID
2468671.364381,6005,764495bb-6a07-44df-890a-53f143dbe627,client_6,coordinator_0,NET_TRANSFER,0.000100,0.158000,Request Model ID
2468671.522381,2005,b98aad0a-4dea-4008-ad8c-316214e42284,client_2,coordinator_0,NET_TRANSFER,0.000100,0.158000,Request Model ID
2469643.739794,3000,857a7c42-2767-4bcd-b994-5f3357d596c5,coordinator_0,worker_4,NET_TRANSFER,12.150843,972.217413,Distribute Layer ID: b662f245
2469643.897794,6005,bf972bb9-7202-4e03-9bc7-ecaa953eb2b8,client_6,coordinator_0,NET_TRANSFER,0.000100,0.158000,Request Model ID
2469644.000852,3000,857a7c42-2767-4bcd-b994-5f3357d596c5,worker_4,worker_4,MEM_MOVE,13.191337,0.103057,"Evict VRAM -> RAM [Model: 857a7c42, Layer: 99475e6a]"
2469644.095780,3000,857a7c42-2767-4bcd-b994-5f3357d596c5,worker_4,worker_4,DISK_LOAD,12.150843,0.094928,"Disk -> RAM [Model: 857a7c42, Layer: b662f245]"
2469644.190709,3000,857a7c42-2767-4bcd-b994-5f3357d596c5,worker_4,worker_4,MEM_MOVE,12.150843,0.094928,"RAM -> VRAM [Model: 857a7c42, Layer: b662f245]"
2469644.240709,3000,857a7c42-2767-4bcd-b994-5f3357d596c5,worker_4,worker_4,GPU_COMPUTE,0.050000,0.050000,GPU Compute
2469644.398709,3000,857a7c42-2767-4bcd-b994-5f3357d596c5,worker_4,coordinator_0,NET_TRANSFER,0.000100,0.158000,Signal Finished
2470749.826680,3000,857a7c42-2767-4bcd-b994-5f3357d596c5,coordinator_0,worker_1,NET_TRANSFER,13.815975,1105.427972,Distribute Layer ID: 318b742a
2470749.984680,1007,a2b2ef0d-c31e-424d-b040-3f53be25eca0,client_1,coordinator_0,NET_TRANSFER,0.000100,0.158000,Request Model ID
2470750.062655,3000,857a7c42-2767-4bcd-b994-5f3357d596c5,worker_1,worker_1,MEM_MOVE,9.980724,0.077974,"Evict VRAM -> RAM [Model: 857a7c42, Layer: fb459b6a]"
2470750.170592,3000,857a7c42-2767-4bcd-b994-5f3357d596c5,worker_1,worker_1,DISK_LOAD,13.815975,0.107937,"Disk -> RAM [Model: 857a7c42, Layer: 318b742a]"
2470750.278529,3000,857a7c42-2767-4bcd-b994-5f3357d596c5,worker_1,worker_1,MEM_MOVE,13.815975,0.107937,"RAM -> VRAM [Model: 857a7c42, Layer: 318b742a]"
2470750.328529,3000,857a7c42-2767-4bcd-b994-5f3357d596c5,worker_1,worker_1,GPU_COMPUTE,0.050000,0.050000,GPU Compute
2470750.486529,3000,857a7c42-2767-4bcd-b994-5f3357d596c5,worker_1,coordinator_0,NET_TRANSFER,0.000100,0.158000,Signal Finished
2471442.238324,3000,857a7c42-2767-4bcd-b994-5f3357d596c5,coordinator_0,worker_2,NET_TRANSFER,8.645022,691.751795,Distribute Layer ID: 1ba01b55
2471442.305864,3000,857a7c42-2767-4bcd-b994-5f3357d596c5,worker_2,worker_2,DISK_LOAD,8.645022,0.067539,"Disk -> RAM [Model: 857a7c42, Layer: 1ba01b55]"
2471442.373403,3000,857a7c42-2767-4bcd-b994-5f3357d596c5,worker_2,worker_2,MEM_MOVE,8.645022,0.067539,"RAM -> VRAM [Model: 857a7c42, Layer: 1ba01b55]"
2471442.423403,3000,857a7c42-2767-4bcd-b994-5f3357d596c5,worker_2,worker_2,GPU_COMPUTE,0.050000,0.050000,GPU Compute
2471442.581403,3000,857a7c42-2767-4bcd-b994-5f3357d596c5,worker_2,coordinator_0,NET_TRANSFER,0.000100,0.158000,Signal Finished
2472085.414815,3000,857a7c42-2767-4bcd-b994-5f3357d596c5,coordinator_0,worker_3,NET_TRANSFER,8.033543,642.833412,Distribute Layer ID: e56bccf4
2472085.572815,1007,cfe1239e-a4ca-44f0-8513-58d88a57b4a9,client_1,coordinator_0,NET_TRANSFER,0.000100,0.158000,Request Model ID
2472085.730815,1007,5db32043-be1a-4e02-ad7f-c6e5724beb16,client_1,coordinator_0,NET_TRANSFER,0.000100,0.158000,Request Model ID
2472085.888815,2003,0e495248-1ee5-4d87-a50c-46b74e15adae,client_2,coordinator_0,NET_TRANSFER,0.000100,0.158000,Request Model ID
2472086.046815,7004,a2b2ef0d-c31e-424d-b040-3f53be25eca0,client_7,coordinator_0,NET_TRANSFER,0.000100,0.158000,Request Model ID
2472086.204815,2007,6719b99a-d5dd-40b4-a9ed-2c8af6965e4a,client_2,coordinator_0,NET_TRANSFER,0.000100,0.158000,Request Model ID
2472086.362815,1007,d95ac209-70ac-4366-b455-f005e41230be,client_1,coordinator_0,NET_TRANSFER,0.000100,0.158000,Request Model ID
2472086.520815,5003,6719b99a-d5dd-40b4-a9ed-2c8af6965e4a,client_5,coordinator_0,NET_TRANSFER,0.000100,0.158000,Request Model ID
2472086.678815,10004,0e495248-1ee5-4d87-a50c-46b74e15adae,client_10,coordinator_0,NET_TRANSFER,0.000100,0.158000,Request Model ID
2472086.836815,5003,6719b99a-d5dd-40b4-a9ed-2c8af6965e4a,client_5,coordinator_0,NET_TRANSFER,0.000100,0.158000,Request Model ID
2472086.914619,3000,857a7c42-2767-4bcd-b994-5f3357d596c5,worker_3,worker_3,MEM_MOVE,9.958934,0.077804,"Evict VRAM -> RAM [Model: 857a7c42, Layer: f867e461]"
2472086.977381,3000,857a7c42-2767-4bcd-b994-5f3357d596c5,worker_3,worker_3,DISK_LOAD,8.033543,0.062762,"Disk -> RAM [Model: 857a7c42, Layer: e56bccf4]"
2472087.040143,3000,857a7c42-2767-4bcd-b994-5f3357d596c5,worker_3,worker_3,MEM_MOVE,8.033543,0.062762,"RAM -> VRAM [Model: 857a7c42, Layer: e56bccf4]"
2472087.090143,3000,857a7c42-2767-4bcd-b994-5f3357d596c5,worker_3,worker_3,GPU_COMPUTE,0.050000,0.050000,GPU Compute
2472087.248143,3000,857a7c42-2767-4bcd-b994-5f3357d596c5,worker_3,coordinator_0,NET_TRANSFER,0.000100,0.158000,Signal Finished
2472961.566480,3000,857a7c42-2767-4bcd-b994-5f3357d596c5,coordinator_0,worker_4,NET_TRANSFER,10.927104,874.318337,Distribute Layer ID: 97e126bd
2472961.661409,3000,857a7c42-2767-4bcd-b994-5f3357d596c5,worker_4,worker_4,MEM_MOVE,12.150843,0.094928,"Evict VRAM -> RAM [Model: 857a7c42, Layer: b662f245]"
2472961.746777,3000,857a7c42-2767-4bcd-b994-5f3357d596c5,worker_4,worker_4,DISK_LOAD,10.927104,0.085368,"Disk -> RAM [Model: 857a7c42, Layer: 97e126bd]"
2472961.832145,3000,857a7c42-2767-4bcd-b994-5f3357d596c5,worker_4,worker_4,MEM_MOVE,10.927104,0.085368,"RAM -> VRAM [Model: 857a7c42, Layer: 97e126bd]"
2472961.882145,3000,857a7c42-2767-4bcd-b994-5f3357d596c5,worker_4,worker_4,GPU_COMPUTE,0.050000,0.050000,GPU Compute
2472962.040145,3000,857a7c42-2767-4bcd-b994-5f3357d596c5,worker_4,coordinator_0,NET_TRANSFER,0.000100,0.158000,Signal Finished
2473904.036134,3000,857a7c42-2767-4bcd-b994-5f3357d596c5,coordinator_0,worker_1,NET_TRANSFER,11.773075,941.995989,Distribute Layer ID: 403e3788
2473904.144071,3000,857a7c42-2767-4bcd-b994-5f3357d596c5,worker_1,worker_1,MEM_MOVE,13.815975,0.107937,"Evict VRAM -> RAM [Model: 857a7c42, Layer: 318b742a]"
2473904.236048,3000,857a7c42-2767-4bcd-b994-5f3357d596c5,worker_1,worker_1,DISK_LOAD,11.773075,0.091977,"Disk -> RAM [Model: 857a7c42, Layer: 403e3788]"
2473904.328026,3000,857a7c42-2767-4bcd-b994-5f3357d596c5,worker_1,worker_1,MEM_MOVE,11.773075,0.091977,"RAM -> VRAM [Model: 857a7c42, Layer: 403e3788]"
2473904.378026,3000,857a7c42-2767-4bcd-b994-5f3357d596c5,worker_1,worker_1,GPU_COMPUTE,0.050000,0.050000,GPU Compute
2473904.536026,3000,857a7c42-2767-4bcd-b994-5f3357d596c5,worker_1,coordinator_0,NET_TRANSFER,0.000100,0.158000,Signal Finished
2474734.797309,3000,857a7c42-2767-4bcd-b994-5f3357d596c5,coordinator_0,worker_2,NET_TRANSFER,10.376391,830.261283,Distribute Layer ID: b0413d64
2474734.864848,3000,857a7c42-2767-4bcd-b994-5f3357d596c5,worker_2,worker_2,MEM_MOVE,8.645022,0.067539,"Evict VRAM -> RAM [Model: 857a7c42, Layer: 1ba01b55]"
2474734.945914,3000,857a7c42-2767-4bcd-b994-5f3357d596c5,worker_2,worker_2,DISK_LOAD,10.376391,0.081066,"Disk -> RAM [Model: 857a7c42, Layer: b0413d64]"
2474735.026979,3000,857a7c42-2767-4bcd-b994-5f3357d596c5,worker_2,worker_2,MEM_MOVE,10.376391,0.081066,"RAM -> VRAM [Model: 857a7c42, Layer: b0413d64]"
2474735.076979,3000,857a7c42-2767-4bcd-b994-5f3357d596c5,worker_2,worker_2,GPU_COMPUTE,0.050000,0.050000,GPU Compute
2474735.234979,3000,857a7c42-2767-4bcd-b994-5f3357d596c5,worker_2,coordinator_0,NET_TRANSFER,0.000100,0.158000,Signal Finished
2475810.752980,3000,857a7c42-2767-4bcd-b994-5f3357d596c5,coordinator_0,worker_3,NET_TRANSFER,13.442100,1075.518001,Distribute Layer ID: 995cd3d2
2475810.815742,3000,857a7c42-2767-4bcd-b994-5f3357d596c5,worker_3,worker_3,MEM_MOVE,8.033543,0.062762,"Evict VRAM -> RAM [Model: 857a7c42, Layer: e56bccf4]"
2475810.884317,3000,857a7c42-2767-4bcd-b994-5f3357d596c5,worker_3,worker_3,MEM_MOVE,8.777611,0.068575,"Evict VRAM -> RAM [Model: a2b2ef0d, Layer: a253e452]"
2475810.989334,3000,857a7c42-2767-4bcd-b994-5f3357d596c5,worker_3,worker_3,DISK_LOAD,13.442100,0.105016,"Disk -> RAM [Model: 857a7c42, Layer: 995cd3d2]"
2475811.094350,3000,857a7c42-2767-4bcd-b994-5f3357d596c5,worker_3,worker_3,MEM_MOVE,13.442100,0.105016,"RAM -> VRAM [Model: 857a7c42, Layer: 995cd3d2]"
2475811.144350,3000,857a7c42-2767-4bcd-b994-5f3357d596c5,worker_3,worker_3,GPU_COMPUTE,0.050000,0.050000,GPU Compute
2475811.302350,3000,857a7c42-2767-4bcd-b994-5f3357d596c5,worker_3,coordinator_0,NET_TRANSFER,0.000100,0.158000,Signal Finished
2476337.552050,3000,857a7c42-2767-4bcd-b994-5f3357d596c5,coordinator_0,worker_4,NET_TRANSFER,6.576246,526.249700,Distribute Layer ID: 7ed1adcf
2476337.603427,3000,857a7c42-2767-4bcd-b994-5f3357d596c5,worker_4,worker_4,DISK_LOAD,6.576246,0.051377,"Disk -> RAM [Model: 857a7c42, Layer: 7ed1adcf]"
2476337.654804,3000,857a7c42-2767-4bcd-b994-5f3357d596c5,worker_4,worker_4,MEM_MOVE,6.576246,0.051377,"RAM -> VRAM [Model: 857a7c42, Layer: 7ed1adcf]"
2476337.704804,3000,857a7c42-2767-4bcd-b994-5f3357d596c5,worker_4,worker_4,GPU_COMPUTE,0.050000,0.050000,GPU Compute
2476337.862804,3000,857a7c42-2767-4bcd-b994-5f3357d596c5,worker_4,coordinator_0,NET_TRANSFER,0.000100,0.158000,Signal Finished
2477281.116448,3000,857a7c42-2767-4bcd-b994-5f3357d596c5,coordinator_0,worker_1,NET_TRANSFER,11.788796,943.253644,Distribute Layer ID: 9db19251
2477281.208425,3000,857a7c42-2767-4bcd-b994-5f3357d596c5,worker_1,worker_1,MEM_MOVE,11.773075,0.091977,"Evict VRAM -> RAM [Model: 857a7c42, Layer: 403e3788]"
2477281.300525,3000,857a7c42-2767-4bcd-b994-5f3357d596c5,worker_1,worker_1,DISK_LOAD,11.788796,0.092100,"Disk -> RAM [Model: 857a7c42, Layer: 9db19251]"
2477281.392625,3000,857a7c42-2767-4bcd-b994-5f3357d596c5,worker_1,worker_1,MEM_MOVE,11.788796,0.092100,"RAM -> VRAM [Model: 857a7c42, Layer: 9db19251]"
2477281.442625,3000,857a7c42-2767-4bcd-b994-5f3357d596c5,worker_1,worker_1,GPU_COMPUTE,0.050000,0.050000,GPU Compute
2477281.600625,3000,857a7c42-2767-4bcd-b994-5f3357d596c5,worker_1,coordinator_0,NET_TRANSFER,0.000100,0.158000,Signal Finished
2478075.292324,3000,857a7c42-2767-4bcd-b994-5f3357d596c5,coordinator_0,worker_2,NET_TRANSFER,9.919271,793.691699,Distribute Layer ID: f2ea8b10
2478075.373389,3000,857a7c42-2767-4bcd-b994-5f3357d596c5,worker_2,worker_2,MEM_MOVE,10.376391,0.081066,"Evict VRAM -> RAM [Model: 857a7c42, Layer: b0413d64]"
2478075.450884,3000,857a7c42-2767-4bcd-b994-5f3357d596c5,worker_2,worker_2,DISK_LOAD,9.919271,0.077494,"Disk -> RAM [Model: 857a7c42, Layer: f2ea8b10]"
2478075.528378,3000,857a7c42-2767-4bcd-b994-5f3357d596c5,worker_2,worker_2,MEM_MOVE,9.919271,0.077494,"RAM -> VRAM [Model: 857a7c42, Layer: f2ea8b10]"
2478075.578378,3000,857a7c42-2767-4bcd-b994-5f3357d596c5,worker_2,worker_2,GPU_COMPUTE,0.050000,0.050000,GPU Compute
2478075.736378,3000,857a7c42-2767-4bcd-b994-5f3357d596c5,worker_2,coordinator_0,NET_TRANSFER,0.000100,0.158000,Signal Finished
2478832.367089,3000,857a7c42-2767-4bcd-b994-5f3357d596c5,coordinator_0,worker_3,NET_TRANSFER,9.456009,756.630711,Distribute Layer ID: 4d073759
2478832.472105,3000,857a7c42-2767-4bcd-b994-5f3357d596c5,worker_3,worker_3,MEM_MOVE,13.442100,0.105016,"Evict VRAM -> RAM [Model: 857a7c42, Layer: 995cd3d2]"
2478832.545980,3000,857a7c42-2767-4bcd-b994-5f3357d596c5,worker_3,worker_3,DISK_LOAD,9.456009,0.073875,"Disk -> RAM [Model: 857a7c42, Layer: 4d073759]"
2478832.619855,3000,857a7c42-2767-4bcd-b994-5f3357d596c5,worker_3,worker_3,MEM_MOVE,9.456009,0.073875,"RAM -> VRAM [Model: 857a7c42, Layer: 4d073759]"
2478832.669855,3000,857a7c42-2767-4bcd-b994-5f3357d596c5,worker_3,worker_3,GPU_COMPUTE,0.050000,0.050000,GPU Compute
2478832.827855,3000,857a7c42-2767-4bcd-b994-5f3357d596c5,worker_3,coordinator_0,NET_TRANSFER,0.000100,0.158000,Signal Finished
2479637.833359,3000,857a7c42-2767-4bcd-b994-5f3357d596c5,coordinator_0,worker_4,NET_TRANSFER,10.060694,805.005503,Distribute Layer ID: c202e8c3
2479637.884736,3000,857a7c42-2767-4bcd-b994-5f3357d596c5,worker_4,worker_4,MEM_MOVE,6.576246,0.051377,"Evict VRAM -> RAM [Model: 857a7c42, Layer: 7ed1adcf]"
2479637.963335,3000,857a7c42-2767-4bcd-b994-5f3357d596c5,worker_4,worker_4,DISK_LOAD,10.060694,0.078599,"Disk -> RAM [Model: 857a7c42, Layer: c202e8c3]"
2479638.041934,3000,857a7c42-2767-4bcd-b994-5f3357d596c5,worker_4,worker_4,MEM_MOVE,10.060694,0.078599,"RAM -> VRAM [Model: 857a7c42, Layer: c202e8c3]"
2479638.091934,3000,857a7c42-2767-4bcd-b994-5f3357d596c5,worker_4,worker_4,GPU_COMPUTE,0.050000,0.050000,GPU Compute
2479638.249934,3000,857a7c42-2767-4bcd-b994-5f3357d596c5,worker_4,coordinator_0,NET_TRANSFER,0.000100,0.158000,Signal Finished
2480494.915599,3000,857a7c42-2767-4bcd-b994-5f3357d596c5,coordinator_0,worker_1,NET_TRANSFER,10.706446,856.665665,Distribute Layer ID: 83ad228e
2480495.007698,3000,857a7c42-2767-4bcd-b994-5f3357d596c5,worker_1,worker_1,MEM_MOVE,11.788796,0.092100,"Evict VRAM -> RAM [Model: 857a7c42, Layer: 9db19251]"
2480495.091343,3000,857a7c42-2767-4bcd-b994-5f3357d596c5,worker_1,worker_1,DISK_LOAD,10.706446,0.083644,"Disk -> RAM [Model: 857a7c42, Layer: 83ad228e]"
2480495.174987,3000,857a7c42-2767-4bcd-b994-5f3357d596c5,worker_1,worker_1,MEM_MOVE,10.706446,0.083644,"RAM -> VRAM [Model: 857a7c42, Layer: 83ad228e]"
2480495.224987,3000,857a7c42-2767-4bcd-b994-5f3357d596c5,worker_1,worker_1,GPU_COMPUTE,0.050000,0.050000,GPU Compute
2480495.382987,3000,857a7c42-2767-4bcd-b994-5f3357d596c5,worker_1,coordinator_0,NET_TRANSFER,0.000100,0.158000,Signal Finished
2481575.691231,3000,857a7c42-2767-4bcd-b994-5f3357d596c5,coordinator_0,worker_2,NET_TRANSFER,13.501978,1080.308244,Distribute Layer ID: 5d2a2fa3
2481575.768725,3000,857a7c42-2767-4bcd-b994-5f3357d596c5,worker_2,worker_2,MEM_MOVE,9.919271,0.077494,"Evict VRAM -> RAM [Model: 857a7c42, Layer: f2ea8b10]"
2481575.870887,3000,857a7c42-2767-4bcd-b994-5f3357d596c5,worker_2,worker_2,MEM_MOVE,13.076774,0.102162,"Evict VRAM -> RAM [Model: 857a7c42, Layer: 2c7d97f9]"
2481575.976371,3000,857a7c42-2767-4bcd-b994-5f3357d596c5,worker_2,worker_2,DISK_LOAD,13.501978,0.105484,"Disk -> RAM [Model: 857a7c42, Layer: 5d2a2fa3]"
2481576.081856,3000,857a7c42-2767-4bcd-b994-5f3357d596c5,worker_2,worker_2,MEM_MOVE,13.501978,0.105484,"RAM -> VRAM [Model: 857a7c42, Layer: 5d2a2fa3]"
2481576.131856,3000,857a7c42-2767-4bcd-b994-5f3357d596c5,worker_2,worker_2,GPU_COMPUTE,0.050000,0.050000,GPU Compute
2481576.289856,3000,857a7c42-2767-4bcd-b994-5f3357d596c5,worker_2,coordinator_0,NET_TRANSFER,0.000100,0.158000,Signal Finished
2482615.225141,3000,857a7c42-2767-4bcd-b994-5f3357d596c5,coordinator_0,worker_3,NET_TRANSFER,12.984816,1038.935285,Distribute Layer ID: fb60ad74
2482615.299016,3000,857a7c42-2767-4bcd-b994-5f3357d596c5,worker_3,worker_3,MEM_MOVE,9.456009,0.073875,"Evict VRAM -> RAM [Model: 857a7c42, Layer: 4d073759]"
2482615.400459,3000,857a7c42-2767-4bcd-b994-5f3357d596c5,worker_3,worker_3,DISK_LOAD,12.984816,0.101444,"Disk -> RAM [Model: 857a7c42, Layer: fb60ad74]"
2482615.501903,3000,857a7c42-2767-4bcd-b994-5f3357d596c5,worker_3,worker_3,MEM_MOVE,12.984816,0.101444,"RAM -> VRAM [Model: 857a7c42, Layer: fb60ad74]"
2482615.551903,3000,857a7c42-2767-4bcd-b994-5f3357d596c5,worker_3,worker_3,GPU_COMPUTE,0.050000,0.050000,GPU Compute
2482615.709903,3000,857a7c42-2767-4bcd-b994-5f3357d596c5,worker_3,coordinator_0,NET_TRANSFER,0.000100,0.158000,Signal Finished
2483472.475532,3000,857a7c42-2767-4bcd-b994-5f3357d596c5,coordinator_0,worker_4,NET_TRANSFER,10.707695,856.765628,Distribute Layer ID: a6a2428b
2483472.554131,3000,857a7c42-2767-4bcd-b994-5f3357d596c5,worker_4,worker_4,MEM_MOVE,10.060694,0.078599,"Evict VRAM -> RAM [Model: 857a7c42, Layer: c202e8c3]"
2483472.637785,3000,857a7c42-2767-4bcd-b994-5f3357d596c5,worker_4,worker_4,DISK_LOAD,10.707695,0.083654,"Disk -> RAM [Model: 857a7c42, Layer: a6a2428b]"
2483472.721439,3000,857a7c42-2767-4bcd-b994-5f3357d596c5,worker_4,worker_4,MEM_MOVE,10.707695,0.083654,"RAM -> VRAM [Model: 857a7c42, Layer: a6a2428b]"
2483472.771439,3000,857a7c42-2767-4bcd-b994-5f3357d596c5,worker_4,worker_4,GPU_COMPUTE,0.050000,0.050000,GPU Compute
2483472.929439,3000,857a7c42-2767-4bcd-b994-5f3357d596c5,worker_4,coordinator_0,NET_TRANSFER,0.000100,0.158000,Signal Finished
2484227.370828,3000,857a7c42-2767-4bcd-b994-5f3357d596c5,coordinator_0,worker_1,NET_TRANSFER,9.428642,754.441389,Distribute Layer ID: 852da5a7
2484227.444489,3000,857a7c42-2767-4bcd-b994-5f3357d596c5,worker_1,worker_1,DISK_LOAD,9.428642,0.073661,"Disk -> RAM [Model: 857a7c42, Layer: 852da5a7]"
2484227.518150,3000,857a7c42-2767-4bcd-b994-5f3357d596c5,worker_1,worker_1,MEM_MOVE,9.428642,0.073661,"RAM -> VRAM [Model: 857a7c42, Layer: 852da5a7]"
2484227.568150,3000,857a7c42-2767-4bcd-b994-5f3357d596c5,worker_1,worker_1,GPU_COMPUTE,0.050000,0.050000,GPU Compute
2484227.726150,3000,857a7c42-2767-4bcd-b994-5f3357d596c5,worker_1,coordinator_0,NET_TRANSFER,0.000100,0.158000,Signal Finished
2484717.531452,3000,857a7c42-2767-4bcd-b994-5f3357d596c5,coordinator_0,worker_2,NET_TRANSFER,6.120691,489.805302,Distribute Layer ID: 77645271
2484717.579270,3000,857a7c42-2767-4bcd-b994-5f3357d596c5,worker_2,worker_2,DISK_LOAD,6.120691,0.047818,"Disk -> RAM [Model: 857a7c42, Layer: 77645271]"
2484717.627088,3000,857a7c42-2767-4bcd-b994-5f3357d596c5,worker_2,worker_2,MEM_MOVE,6.120691,0.047818,"RAM -> VRAM [Model: 857a7c42, Layer: 77645271]"
2484717.677088,3000,857a7c42-2767-4bcd-b994-5f3357d596c5,worker_2,worker_2,GPU_COMPUTE,0.050000,0.050000,GPU Compute
2484717.835088,3000,857a7c42-2767-4bcd-b994-5f3357d596c5,worker_2,coordinator_0,NET_TRANSFER,0.000100,0.158000,Signal Finished
2485583.459547,3000,857a7c42-2767-4bcd-b994-5f3357d596c5,coordinator_0,worker_3,NET_TRANSFER,10.818431,865.624460,Distribute Layer ID: 9d202aff
2485583.560991,3000,857a7c42-2767-4bcd-b994-5f3357d596c5,worker_3,worker_3,MEM_MOVE,12.984816,0.101444,"Evict VRAM -> RAM [Model: 857a7c42, Layer: fb60ad74]"
2485583.645510,3000,857a7c42-2767-4bcd-b994-5f3357d596c5,worker_3,worker_3,DISK_LOAD,10.818431,0.084519,"Disk -> RAM [Model: 857a7c42, Layer: 9d202aff]"
2485583.730029,3000,857a7c42-2767-4bcd-b994-5f3357d596c5,worker_3,worker_3,MEM_MOVE,10.818431,0.084519,"RAM -> VRAM [Model: 857a7c42, Layer: 9d202aff]"
2485583.780029,3000,857a7c42-2767-4bcd-b994-5f3357d596c5,worker_3,worker_3,GPU_COMPUTE,0.050000,0.050000,GPU Compute
2485583.938029,3000,857a7c42-2767-4bcd-b994-5f3357d596c5,worker_3,coordinator_0,NET_TRANSFER,0.000100,0.158000,Signal Finished
2486703.792509,3000,857a7c42-2767-4bcd-b994-5f3357d596c5,coordinator_0,worker_4,NET_TRANSFER,13.996306,1119.854480,Distribute Layer ID: 6dacb2e5
2486703.876163,3000,857a7c42-2767-4bcd-b994-5f3357d596c5,worker_4,worker_4,MEM_MOVE,10.707695,0.083654,"Evict VRAM -> RAM [Model: 857a7c42, Layer: a6a2428b]"
2486703.961531,3000,857a7c42-2767-4bcd-b994-5f3357d596c5,worker_4,worker_4,MEM_MOVE,10.927104,0.085368,"Evict VRAM -> RAM [Model: 857a7c42, Layer: 97e126bd]"
2486704.070877,3000,857a7c42-2767-4bcd-b994-5f3357d596c5,worker_4,worker_4,DISK_LOAD,13.996306,0.109346,"Disk -> RAM [Model: 857a7c42, Layer: 6dacb2e5]"
2486704.180223,3000,857a7c42-2767-4bcd-b994-5f3357d596c5,worker_4,worker_4,MEM_MOVE,13.996306,0.109346,"RAM -> VRAM [Model: 857a7c42, Layer: 6dacb2e5]"
2486704.230223,3000,857a7c42-2767-4bcd-b994-5f3357d596c5,worker_4,worker_4,GPU_COMPUTE,0.050000,0.050000,GPU Compute
2486704.388223,3000,857a7c42-2767-4bcd-b994-5f3357d596c5,worker_4,coordinator_0,NET_TRANSFER,0.000100,0.158000,Signal Finished
2487732.337421,3000,857a7c42-2767-4bcd-b994-5f3357d596c5,coordinator_0,worker_1,NET_TRANSFER,12.847490,1027.949198,Distribute Layer ID: ef64b93b
2487732.411082,3000,857a7c42-2767-4bcd-b994-5f3357d596c5,worker_1,worker_1,MEM_MOVE,9.428642,0.073661,"Evict VRAM -> RAM [Model: 857a7c42, Layer: 852da5a7]"
2487732.494726,3000,857a7c42-2767-4bcd-b994-5f3357d596c5,worker_1,worker_1,MEM_MOVE,10.706446,0.083644,"Evict VRAM -> RAM [Model: 857a7c42, Layer: 83ad228e]"
2487732.595097,3000,857a7c42-2767-4bcd-b994-5f3357d596c5,worker_1,worker_1,DISK_LOAD,12.847490,0.100371,"Disk -> RAM [Model: 857a7c42, Layer: ef64b93b]"
2487732.695468,3000,857a7c42-2767-4bcd-b994-5f3357d596c5,worker_1,worker_1,MEM_MOVE,12.847490,0.100371,"RAM -> VRAM [Model: 857a7c42, Layer: ef64b93b]"
2487732.745468,3000,857a7c42-2767-4bcd-b994-5f3357d596c5,worker_1,worker_1,GPU_COMPUTE,0.050000,0.050000,GPU Compute
2487732.903468,3000,857a7c42-2767-4bcd-b994-5f3357d596c5,worker_1,coordinator_0,NET_TRANSFER,0.000100,0.158000,Signal Finished
2488656.189804,3000,857a7c42-2767-4bcd-b994-5f3357d596c5,coordinator_0,worker_2,NET_TRANSFER,11.539204,923.286335,Distribute Layer ID: 7ae3970d
2488656.237622,3000,857a7c42-2767-4bcd-b994-5f3357d596c5,worker_2,worker_2,MEM_MOVE,6.120691,0.047818,"Evict VRAM -> RAM [Model: 857a7c42, Layer: 77645271]"
2488656.343106,3000,857a7c42-2767-4bcd-b994-5f3357d596c5,worker_2,worker_2,MEM_MOVE,13.501978,0.105484,"Evict VRAM -> RAM [Model: 857a7c42, Layer: 5d2a2fa3]"
2488656.433256,3000,857a7c42-2767-4bcd-b994-5f3357d596c5,worker_2,worker_2,DISK_LOAD,11.539204,0.090150,"Disk -> RAM [Model: 857a7c42, Layer: 7ae3970d]"
2488656.523406,3000,857a7c42-2767-4bcd-b994-5f3357d596c5,worker_2,worker_2,MEM_MOVE,11.539204,0.090150,"RAM -> VRAM [Model: 857a7c42, Layer: 7ae3970d]"
2488656.573406,3000,857a7c42-2767-4bcd-b994-5f3357d596c5,worker_2,worker_2,GPU_COMPUTE,0.050000,0.050000,GPU Compute
2488656.731406,3000,857a7c42-2767-4bcd-b994-5f3357d596c5,worker_2,coordinator_0,NET_TRANSFER,0.000100,0.158000,Signal Finished
2489290.293417,3000,857a7c42-2767-4bcd-b994-5f3357d596c5,coordinator_0,worker_3,NET_TRANSFER,7.917650,633.562011,Distribute Layer ID: e2635dd2
2489290.355273,3000,857a7c42-2767-4bcd-b994-5f3357d596c5,worker_3,worker_3,DISK_LOAD,7.917650,0.061857,"Disk -> RAM [Model: 857a7c42, Layer: e2635dd2]"
2489290.417130,3000,857a7c42-2767-4bcd-b994-5f3357d596c5,worker_3,worker_3,MEM_MOVE,7.917650,0.061857,"RAM -> VRAM [Model: 857a7c42, Layer: e2635dd2]"
2489290.467130,3000,857a7c42-2767-4bcd-b994-5f3357d596c5,worker_3,worker_3,GPU_COMPUTE,0.050000,0.050000,GPU Compute
2489290.625130,3000,857a7c42-2767-4bcd-b994-5f3357d596c5,worker_3,coordinator_0,NET_TRANSFER,0.000100,0.158000,Signal Finished
2489928.641425,3000,857a7c42-2767-4bcd-b994-5f3357d596c5,coordinator_0,worker_4,NET_TRANSFER,7.973329,638.016295,Distribute Layer ID: f37bb9ab
2489928.750771,3000,857a7c42-2767-4bcd-b994-5f3357d596c5,worker_4,worker_4,MEM_MOVE,13.996306,0.109346,"Evict VRAM -> RAM [Model: 857a7c42, Layer: 6dacb2e5]"
2489928.813063,3000,857a7c42-2767-4bcd-b994-5f3357d596c5,worker_4,worker_4,DISK_LOAD,7.973329,0.062292,"Disk -> RAM [Model: 857a7c42, Layer: f37bb9ab]"
2489928.875355,3000,857a7c42-2767-4bcd-b994-5f3357d596c5,worker_4,worker_4,MEM_MOVE,7.973329,0.062292,"RAM -> VRAM [Model: 857a7c42, Layer: f37bb9ab]"
2489928.925355,3000,857a7c42-2767-4bcd-b994-5f3357d596c5,worker_4,worker_4,GPU_COMPUTE,0.050000,0.050000,GPU Compute
2489929.083355,3000,857a7c42-2767-4bcd-b994-5f3357d596c5,worker_4,coordinator_0,NET_TRANSFER,0.000100,0.158000,Signal Finished
2490499.662418,3000,857a7c42-2767-4bcd-b994-5f3357d596c5,coordinator_0,worker_1,NET_TRANSFER,7.130363,570.579064,Distribute Layer ID: a8126afc
2490499.718124,3000,857a7c42-2767-4bcd-b994-5f3357d596c5,worker_1,worker_1,DISK_LOAD,7.130363,0.055706,"Disk -> RAM [Model: 857a7c42, Layer: a8126afc]"
2490499.773830,3000,857a7c42-2767-4bcd-b994-5f3357d596c5,worker_1,worker_1,MEM_MOVE,7.130363,0.055706,"RAM -> VRAM [Model: 857a7c42, Layer: a8126afc]"
2490499.823830,3000,857a7c42-2767-4bcd-b994-5f3357d596c5,worker_1,worker_1,GPU_COMPUTE,0.050000,0.050000,GPU Compute
2490499.981830,3000,857a7c42-2767-4bcd-b994-5f3357d596c5,worker_1,coordinator_0,NET_TRANSFER,0.000100,0.158000,Signal Finished
2491729.882854,3000,857a7c42-2767-4bcd-b994-5f3357d596c5,coordinator_0,worker_2,NET_TRANSFER,15.371888,1229.901024,Distribute Layer ID: 70565983
2491729.973004,3000,857a7c42-2767-4bcd-b994-5f3357d596c5,worker_2,worker_2,MEM_MOVE,11.539204,0.090150,"Evict VRAM -> RAM [Model: 857a7c42, Layer: 7ae3970d]"
2491730.093097,3000,857a7c42-2767-4bcd-b994-5f3357d596c5,worker_2,worker_2,DISK_LOAD,15.371888,0.120093,"Disk -> RAM [Model: 857a7c42, Layer: 70565983]"
2491730.213190,3000,857a7c42-2767-4bcd-b994-5f3357d596c5,worker_2,worker_2,MEM_MOVE,15.371888,0.120093,"RAM -> VRAM [Model: 857a7c42, Layer: 70565983]"
2491730.263190,3000,857a7c42-2767-4bcd-b994-5f3357d596c5,worker_2,worker_2,GPU_COMPUTE,0.050000,0.050000,GPU Compute
2491730.421190,3000,857a7c42-2767-4bcd-b994-5f3357d596c5,worker_2,coordinator_0,NET_TRANSFER,0.000100,0.158000,Signal Finished
2492442.533241,3000,857a7c42-2767-4bcd-b994-5f3357d596c5,coordinator_0,worker_3,NET_TRANSFER,8.899526,712.112052,Distribute Layer ID: 2841aea5
2492442.595098,3000,857a7c42-2767-4bcd-b994-5f3357d596c5,worker_3,worker_3,MEM_MOVE,7.917650,0.061857,"Evict VRAM -> RAM [Model: 857a7c42, Layer: e2635dd2]"
2492442.664626,3000,857a7c42-2767-4bcd-b994-5f3357d596c5,worker_3,worker_3,DISK_LOAD,8.899526,0.069528,"Disk -> RAM [Model: 857a7c42, Layer: 2841aea5]"
2492442.734153,3000,857a7c42-2767-4bcd-b994-5f3357d596c5,worker_3,worker_3,MEM_MOVE,8.899526,0.069528,"RAM -> VRAM [Model: 857a7c42, Layer: 2841aea5]"
2492442.784153,3000,857a7c42-2767-4bcd-b994-5f3357d596c5,worker_3,worker_3,GPU_COMPUTE,0.050000,0.050000,GPU Compute
2492442.942153,3000,857a7c42-2767-4bcd-b994-5f3357d596c5,worker_3,coordinator_0,NET_TRANSFER,0.000100,0.158000,Signal Finished
2493168.169760,3000,857a7c42-2767-4bcd-b994-5f3357d596c5,coordinator_0,worker_4,NET_TRANSFER,9.063470,725.227607,Distribute Layer ID: a35fe535
2493168.240568,3000,857a7c42-2767-4bcd-b994-5f3357d596c5,worker_4,worker_4,DISK_LOAD,9.063470,0.070808,"Disk -> RAM [Model: 857a7c42, Layer: a35fe535]"
2493168.311376,3000,857a7c42-2767-4bcd-b994-5f3357d596c5,worker_4,worker_4,MEM_MOVE,9.063470,0.070808,"RAM -> VRAM [Model: 857a7c42, Layer: a35fe535]"
2493168.361376,3000,857a7c42-2767-4bcd-b994-5f3357d596c5,worker_4,worker_4,GPU_COMPUTE,0.050000,0.050000,GPU Compute
2493168.519376,3000,857a7c42-2767-4bcd-b994-5f3357d596c5,worker_4,coordinator_0,NET_TRANSFER,0.000100,0.158000,Signal Finished
2494228.366486,3000,857a7c42-2767-4bcd-b994-5f3357d596c5,coordinator_0,worker_1,NET_TRANSFER,13.246214,1059.847110,Distribute Layer ID: 42ac342f
2494228.422192,3000,857a7c42-2767-4bcd-b994-5f3357d596c5,worker_1,worker_1,MEM_MOVE,7.130363,0.055706,"Evict VRAM -> RAM [Model: 857a7c42, Layer: a8126afc]"
2494228.522563,3000,857a7c42-2767-4bcd-b994-5f3357d596c5,worker_1,worker_1,MEM_MOVE,12.847490,0.100371,"Evict VRAM -> RAM [Model: 857a7c42, Layer: ef64b93b]"
2494228.626049,3000,857a7c42-2767-4bcd-b994-5f3357d596c5,worker_1,worker_1,DISK_LOAD,13.246214,0.103486,"Disk -> RAM [Model: 857a7c42, Layer: 42ac342f]"
2494228.729535,3000,857a7c42-2767-4bcd-b994-5f3357d596c5,worker_1,worker_1,MEM_MOVE,13.246214,0.103486,"RAM -> VRAM [Model: 857a7c42, Layer: 42ac342f]"
2494228.779535,3000,857a7c42-2767-4bcd-b994-5f3357d596c5,worker_1,worker_1,GPU_COMPUTE,0.050000,0.050000,GPU Compute
2494228.937535,3000,857a7c42-2767-4bcd-b994-5f3357d596c5,worker_1,coordinator_0,NET_TRANSFER,0.000100,0.158000,Signal Finished
2494989.672418,3000,857a7c42-2767-4bcd-b994-5f3357d596c5,coordinator_0,worker_2,NET_TRANSFER,9.507311,760.734883,Distribute Layer ID: 463f2fdc
2494989.792511,3000,857a7c42-2767-4bcd-b994-5f3357d596c5,worker_2,worker_2,MEM_MOVE,15.371888,0.120093,"Evict VRAM -> RAM [Model: 857a7c42, Layer: 70565983]"
2494989.866787,3000,857a7c42-2767-4bcd-b994-5f3357d596c5,worker_2,worker_2,DISK_LOAD,9.507311,0.074276,"Disk -> RAM [Model: 857a7c42, Layer: 463f2fdc]"
2494989.941063,3000,857a7c42-2767-4bcd-b994-5f3357d596c5,worker_2,worker_2,MEM_MOVE,9.507311,0.074276,"RAM -> VRAM [Model: 857a7c42, Layer: 463f2fdc]"
2494989.991063,3000,857a7c42-2767-4bcd-b994-5f3357d596c5,worker_2,worker_2,GPU_COMPUTE,0.050000,0.050000,GPU Compute
2494990.149063,3000,857a7c42-2767-4bcd-b994-5f3357d596c5,worker_2,coordinator_0,NET_TRANSFER,0.000100,0.158000,Signal Finished
2495979.849698,3000,857a7c42-2767-4bcd-b994-5f3357d596c5,coordinator_0,worker_3,NET_TRANSFER,12.369383,989.700635,Distribute Layer ID: d55e7075
2495979.919226,3000,857a7c42-2767-4bcd-b994-5f3357d596c5,worker_3,worker_3,MEM_MOVE,8.899526,0.069528,"Evict VRAM -> RAM [Model: 857a7c42, Layer: 2841aea5]"
2495980.003745,3000,857a7c42-2767-4bcd-b994-5f3357d596c5,worker_3,worker_3,MEM_MOVE,10.818431,0.084519,"Evict VRAM -> RAM [Model: 857a7c42, Layer: 9d202aff]"
2495980.100380,3000,857a7c42-2767-4bcd-b994-5f3357d596c5,worker_3,worker_3,DISK_LOAD,12.369383,0.096636,"Disk -> RAM [Model: 857a7c42, Layer: d55e7075]"
2495980.197016,3000,857a7c42-2767-4bcd-b994-5f3357d596c5,worker_3,worker_3,MEM_MOVE,12.369383,0.096636,"RAM -> VRAM [Model: 857a7c42, Layer: d55e7075]"
2495980.247016,3000,857a7c42-2767-4bcd-b994-5f3357d596c5,worker_3,worker_3,GPU_COMPUTE,0.050000,0.050000,GPU Compute
2495980.405016,3000,857a7c42-2767-4bcd-b994-5f3357d596c5,worker_3,coordinator_0,NET_TRANSFER,0.000100,0.158000,Signal Finished
2496919.916261,3000,857a7c42-2767-4bcd-b994-5f3357d596c5,coordinator_0,worker_4,NET_TRANSFER,11.742016,939.511245,Distribute Layer ID: 8ebd9c08
2496919.987069,3000,857a7c42-2767-4bcd-b994-5f3357d596c5,worker_4,worker_4,MEM_MOVE,9.063470,0.070808,"Evict VRAM -> RAM [Model: 857a7c42, Layer: a35fe535]"
2496920.078804,3000,857a7c42-2767-4bcd-b994-5f3357d596c5,worker_4,worker_4,DISK_LOAD,11.742016,0.091734,"Disk -> RAM [Model: 857a7c42, Layer: 8ebd9c08]"
2496920.170538,3000,857a7c42-2767-4bcd-b994-5f3357d596c5,worker_4,worker_4,MEM_MOVE,11.742016,0.091734,"RAM -> VRAM [Model: 857a7c42, Layer: 8ebd9c08]"
2496920.220538,3000,857a7c42-2767-4bcd-b994-5f3357d596c5,worker_4,worker_4,GPU_COMPUTE,0.050000,0.050000,GPU Compute
2496920.378538,3000,857a7c42-2767-4bcd-b994-5f3357d596c5,worker_4,coordinator_0,NET_TRANSFER,0.000100,0.158000,Signal Finished
2497415.664747,3000,857a7c42-2767-4bcd-b994-5f3357d596c5,coordinator_0,worker_1,NET_TRANSFER,6.189203,495.286209,Distribute Layer ID: e7737422
2497415.713100,3000,857a7c42-2767-4bcd-b994-5f3357d596c5,worker_1,worker_1,DISK_LOAD,6.189203,0.048353,"Disk -> RAM [Model: 857a7c42, Layer: e7737422]"
2497415.761454,3000,857a7c42-2767-4bcd-b994-5f3357d596c5,worker_1,worker_1,MEM_MOVE,6.189203,0.048353,"RAM -> VRAM [Model: 857a7c42, Layer: e7737422]"
2497415.811454,3000,857a7c42-2767-4bcd-b994-5f3357d596c5,worker_1,worker_1,GPU_COMPUTE,0.050000,0.050000,GPU Compute
2497415.969454,3000,857a7c42-2767-4bcd-b994-5f3357d596c5,worker_1,coordinator_0,NET_TRANSFER,0.000100,0.158000,Signal Finished
2497913.264408,3000,857a7c42-2767-4bcd-b994-5f3357d596c5,coordinator_0,worker_2,NET_TRANSFER,6.214312,497.294955,Distribute Layer ID: 6992f891
2497913.312957,3000,857a7c42-2767-4bcd-b994-5f3357d596c5,worker_2,worker_2,DISK_LOAD,6.214312,0.048549,"Disk -> RAM [Model: 857a7c42, Layer: 6992f891]"
2497913.361507,3000,857a7c42-2767-4bcd-b994-5f3357d596c5,worker_2,worker_2,MEM_MOVE,6.214312,0.048549,"RAM -> VRAM [Model: 857a7c42, Layer: 6992f891]"
2497913.411507,3000,857a7c42-2767-4bcd-b994-5f3357d596c5,worker_2,worker_2,GPU_COMPUTE,0.050000,0.050000,GPU Compute
2497913.569507,3000,857a7c42-2767-4bcd-b994-5f3357d596c5,worker_2,coordinator_0,NET_TRANSFER,0.000100,0.158000,Signal Finished
2498915.167174,3000,857a7c42-2767-4bcd-b994-5f3357d596c5,coordinator_0,worker_3,NET_TRANSFER,12.518096,1001.597667,Distribute Layer ID: ebeb8c78
2498915.263810,3000,857a7c42-2767-4bcd-b994-5f3357d596c5,worker_3,worker_3,MEM_MOVE,12.369383,0.096636,"Evict VRAM -> RAM [Model: 857a7c42, Layer: d55e7075]"
2498915.361608,3000,857a7c42-2767-4bcd-b994-5f3357d596c5,worker_3,worker_3,DISK_LOAD,12.518096,0.097798,"Disk -> RAM [Model: 857a7c42, Layer: ebeb8c78]"
2498915.459405,3000,857a7c42-2767-4bcd-b994-5f3357d596c5,worker_3,worker_3,MEM_MOVE,12.518096,0.097798,"RAM -> VRAM [Model: 857a7c42, Layer: ebeb8c78]"
2498915.509405,3000,857a7c42-2767-4bcd-b994-5f3357d596c5,worker_3,worker_3,GPU_COMPUTE,0.050000,0.050000,GPU Compute
2498915.667405,3000,857a7c42-2767-4bcd-b994-5f3357d596c5,worker_3,coordinator_0,NET_TRANSFER,0.000100,0.158000,Signal Finished
2499867.767150,3000,857a7c42-2767-4bcd-b994-5f3357d596c5,coordinator_0,worker_4,NET_TRANSFER,11.899372,952.099745,Distribute Layer ID: 2332429f
2499867.858884,3000,857a7c42-2767-4bcd-b994-5f3357d596c5,worker_4,worker_4,MEM_MOVE,11.742016,0.091734,"Evict VRAM -> RAM [Model: 857a7c42, Layer: 8ebd9c08]"
2499867.951848,3000,857a7c42-2767-4bcd-b994-5f3357d596c5,worker_4,worker_4,DISK_LOAD,11.899372,0.092964,"Disk -> RAM [Model: 857a7c42, Layer: 2332429f]"
2499868.044812,3000,857a7c42-2767-4bcd-b994-5f3357d596c5,worker_4,worker_4,MEM_MOVE,11.899372,0.092964,"RAM -> VRAM [Model: 857a7c42, Layer: 2332429f]"
2499868.094812,3000,857a7c42-2767-4bcd-b994-5f3357d596c5,worker_4,worker_4,GPU_COMPUTE,0.050000,0.050000,GPU Compute
2499868.252812,3000,857a7c42-2767-4bcd-b994-5f3357d596c5,worker_4,coordinator_0,NET_TRANSFER,0.000100,0.158000,Signal Finished
2500984.816834,3000,857a7c42-2767-4bcd-b994-5f3357d596c5,coordinator_0,worker_1,NET_TRANSFER,13.955175,1116.564022,Distribute Layer ID: f8150a86
2500984.865187,3000,857a7c42-2767-4bcd-b994-5f3357d596c5,worker_1,worker_1,MEM_MOVE,6.189203,0.048353,"Evict VRAM -> RAM [Model: 857a7c42, Layer: e7737422]"
2500984.968673,3000,857a7c42-2767-4bcd-b994-5f3357d596c5,worker_1,worker_1,MEM_MOVE,13.246214,0.103486,"Evict VRAM -> RAM [Model: 857a7c42, Layer: 42ac342f]"
2500985.077698,3000,857a7c42-2767-4bcd-b994-5f3357d596c5,worker_1,worker_1,DISK_LOAD,13.955175,0.109025,"Disk -> RAM [Model: 857a7c42, Layer: f8150a86]"
2500985.186723,3000,857a7c42-2767-4bcd-b994-5f3357d596c5,worker_1,worker_1,MEM_MOVE,13.955175,0.109025,"RAM -> VRAM [Model: 857a7c42, Layer: f8150a86]"
2500985.236723,3000,857a7c42-2767-4bcd-b994-5f3357d596c5,worker_1,worker_1,GPU_COMPUTE,0.050000,0.050000,GPU Compute
2500985.394723,3000,857a7c42-2767-4bcd-b994-5f3357d596c5,worker_1,coordinator_0,NET_TRANSFER,0.000100,0.158000,Signal Finished
2502065.365052,3000,857a7c42-2767-4bcd-b994-5f3357d596c5,coordinator_0,worker_2,NET_TRANSFER,13.497754,1079.970329,Distribute Layer ID: 3de209d6
2502065.413601,3000,857a7c42-2767-4bcd-b994-5f3357d596c5,worker_2,worker_2,MEM_MOVE,6.214312,0.048549,"Evict VRAM -> RAM [Model: 857a7c42, Layer: 6992f891]"
2502065.519052,3000,857a7c42-2767-4bcd-b994-5f3357d596c5,worker_2,worker_2,DISK_LOAD,13.497754,0.105451,"Disk -> RAM [Model: 857a7c42, Layer: 3de209d6]"
2502065.624504,3000,857a7c42-2767-4bcd-b994-5f3357d596c5,worker_2,worker_2,MEM_MOVE,13.497754,0.105451,"RAM -> VRAM [Model: 857a7c42, Layer: 3de209d6]"
2502065.674504,3000,857a7c42-2767-4bcd-b994-5f3357d596c5,worker_2,worker_2,GPU_COMPUTE,0.050000,0.050000,GPU Compute
2502065.832504,3000,857a7c42-2767-4bcd-b994-5f3357d596c5,worker_2,coordinator_0,NET_TRANSFER,0.000100,0.158000,Signal Finished
2502767.028257,3000,857a7c42-2767-4bcd-b994-5f3357d596c5,coordinator_0,worker_3,NET_TRANSFER,8.763072,701.195753,Distribute Layer ID: cc0cc7ef
2502767.126054,3000,857a7c42-2767-4bcd-b994-5f3357d596c5,worker_3,worker_3,MEM_MOVE,12.518096,0.097798,"Evict VRAM -> RAM [Model: 857a7c42, Layer: ebeb8c78]"
2502767.194516,3000,857a7c42-2767-4bcd-b994-5f3357d596c5,worker_3,worker_3,DISK_LOAD,8.763072,0.068461,"Disk -> RAM [Model: 857a7c42, Layer: cc0cc7ef]"
2502767.262977,3000,857a7c42-2767-4bcd-b994-5f3357d596c5,worker_3,worker_3,MEM_MOVE,8.763072,0.068461,"RAM -> VRAM [Model: 857a7c42, Layer: cc0cc7ef]"
2502767.312977,3000,857a7c42-2767-4bcd-b994-5f3357d596c5,worker_3,worker_3,GPU_COMPUTE,0.050000,0.050000,GPU Compute
2502767.470977,3000,857a7c42-2767-4bcd-b994-5f3357d596c5,worker_3,coordinator_0,NET_TRANSFER,0.000100,0.158000,Signal Finished
2503515.838229,3000,857a7c42-2767-4bcd-b994-5f3357d596c5,coordinator_0,worker_4,NET_TRANSFER,9.352716,748.367252,Distribute Layer ID: 0caebbfe
2503515.931193,3000,857a7c42-2767-4bcd-b994-5f3357d596c5,worker_4,worker_4,MEM_MOVE,11.899372,0.092964,"Evict VRAM -> RAM [Model: 857a7c42, Layer: 2332429f]"
2503516.004261,3000,857a7c42-2767-4bcd-b994-5f3357d596c5,worker_4,worker_4,DISK_LOAD,9.352716,0.073068,"Disk -> RAM [Model: 857a7c42, Layer: 0caebbfe]"
2503516.077329,3000,857a7c42-2767-4bcd-b994-5f3357d596c5,worker_4,worker_4,MEM_MOVE,9.352716,0.073068,"RAM -> VRAM [Model: 857a7c42, Layer: 0caebbfe]"
2503516.127329,3000,857a7c42-2767-4bcd-b994-5f3357d596c5,worker_4,worker_4,GPU_COMPUTE,0.050000,0.050000,GPU Compute
2503516.285329,3000,857a7c42-2767-4bcd-b994-5f3357d596c5,worker_4,coordinator_0,NET_TRANSFER,0.000100,0.158000,Signal Finished
2504125.643040,3000,857a7c42-2767-4bcd-b994-5f3357d596c5,coordinator_0,worker_1,NET_TRANSFER,7.615096,609.357712,Distribute Layer ID: 99fde533
2504125.702533,3000,857a7c42-2767-4bcd-b994-5f3357d596c5,worker_1,worker_1,DISK_LOAD,7.615096,0.059493,"Disk -> RAM [Model: 857a7c42, Layer: 99fde533]"
2504125.762026,3000,857a7c42-2767-4bcd-b994-5f3357d596c5,worker_1,worker_1,MEM_MOVE,7.615096,0.059493,"RAM -> VRAM [Model: 857a7c42, Layer: 99fde533]"
2504125.812026,3000,857a7c42-2767-4bcd-b994-5f3357d596c5,worker_1,worker_1,GPU_COMPUTE,0.050000,0.050000,GPU Compute
2504125.970026,3000,857a7c42-2767-4bcd-b994-5f3357d596c5,worker_1,coordinator_0,NET_TRANSFER,0.000100,0.158000,Signal Finished
2504958.952267,3000,857a7c42-2767-4bcd-b994-5f3357d596c5,coordinator_0,worker_2,NET_TRANSFER,10.410403,832.982240,Distribute Layer ID: 2d13e44e
2504959.057718,3000,857a7c42-2767-4bcd-b994-5f3357d596c5,worker_2,worker_2,MEM_MOVE,13.497754,0.105451,"Evict VRAM -> RAM [Model: 857a7c42, Layer: 3de209d6]"
2504959.139049,3000,857a7c42-2767-4bcd-b994-5f3357d596c5,worker_2,worker_2,DISK_LOAD,10.410403,0.081331,"Disk -> RAM [Model: 857a7c42, Layer: 2d13e44e]"
2504959.220381,3000,857a7c42-2767-4bcd-b994-5f3357d596c5,worker_2,worker_2,MEM_MOVE,10.410403,0.081331,"RAM -> VRAM [Model: 857a7c42, Layer: 2d13e44e]"
2504959.270381,3000,857a7c42-2767-4bcd-b994-5f3357d596c5,worker_2,worker_2,GPU_COMPUTE,0.050000,0.050000,GPU Compute
2504959.428381,3000,857a7c42-2767-4bcd-b994-5f3357d596c5,worker_2,coordinator_0,NET_TRANSFER,0.000100,0.158000,Signal Finished
2505610.467197,3000,857a7c42-2767-4bcd-b994-5f3357d596c5,coordinator_0,worker_3,NET_TRANSFER,8.136110,651.038817,Distribute Layer ID: add0d9d6
2505610.530761,3000,857a7c42-2767-4bcd-b994-5f3357d596c5,worker_3,worker_3,DISK_LOAD,8.136110,0.063563,"Disk -> RAM [Model: 857a7c42, Layer: add0d9d6]"
2505610.594324,3000,857a7c42-2767-4bcd-b994-5f3357d596c5,worker_3,worker_3,MEM_MOVE,8.136110,0.063563,"RAM -> VRAM [Model: 857a7c42, Layer: add0d9d6]"
2505610.644324,3000,857a7c42-2767-4bcd-b994-5f3357d596c5,worker_3,worker_3,GPU_COMPUTE,0.050000,0.050000,GPU Compute
2505610.802324,3000,857a7c42-2767-4bcd-b994-5f3357d596c5,worker_3,coordinator_0,NET_TRANSFER,0.000100,0.158000,Signal Finished
2506498.333271,3000,857a7c42-2767-4bcd-b994-5f3357d596c5,coordinator_0,worker_4,NET_TRANSFER,11.092262,887.530947,Distribute Layer ID: 6848c73a
2506498.406339,3000,857a7c42-2767-4bcd-b994-5f3357d596c5,worker_4,worker_4,MEM_MOVE,9.352716,0.073068,"Evict VRAM -> RAM [Model: 857a7c42, Layer: 0caebbfe]"
2506498.492997,3000,857a7c42-2767-4bcd-b994-5f3357d596c5,worker_4,worker_4,DISK_LOAD,11.092262,0.086658,"Disk -> RAM [Model: 857a7c42, Layer: 6848c73a]"
2506498.579656,3000,857a7c42-2767-4bcd-b994-5f3357d596c5,worker_4,worker_4,MEM_MOVE,11.092262,0.086658,"RAM -> VRAM [Model: 857a7c42, Layer: 6848c73a]"
2506498.629656,3000,857a7c42-2767-4bcd-b994-5f3357d596c5,worker_4,worker_4,GPU_COMPUTE,0.050000,0.050000,GPU Compute
2506498.787656,3000,857a7c42-2767-4bcd-b994-5f3357d596c5,worker_4,coordinator_0,NET_TRANSFER,0.000100,0.158000,Signal Finished
2507043.167264,3000,857a7c42-2767-4bcd-b994-5f3357d596c5,coordinator_0,worker_1,NET_TRANSFER,6.802870,544.379608,Distribute Layer ID: 14f60a74
2507043.226757,3000,857a7c42-2767-4bcd-b994-5f3357d596c5,worker_1,worker_1,MEM_MOVE,7.615096,0.059493,"Evict VRAM -> RAM [Model: 857a7c42, Layer: 99fde533]"
2507043.279904,3000,857a7c42-2767-4bcd-b994-5f3357d596c5,worker_1,worker_1,DISK_LOAD,6.802870,0.053147,"Disk -> RAM [Model: 857a7c42, Layer: 14f60a74]"
2507043.333052,3000,857a7c42-2767-4bcd-b994-5f3357d596c5,worker_1,worker_1,MEM_MOVE,6.802870,0.053147,"RAM -> VRAM [Model: 857a7c42, Layer: 14f60a74]"
2507043.383052,3000,857a7c42-2767-4bcd-b994-5f3357d596c5,worker_1,worker_1,GPU_COMPUTE,0.050000,0.050000,GPU Compute
2507043.541052,3000,857a7c42-2767-4bcd-b994-5f3357d596c5,worker_1,coordinator_0,NET_TRANSFER,0.000100,0.158000,Signal Finished
2507650.592558,3000,857a7c42-2767-4bcd-b994-5f3357d596c5,coordinator_0,worker_2,NET_TRANSFER,7.586269,607.051506,Distribute Layer ID: 327260b5
2507650.673889,3000,857a7c42-2767-4bcd-b994-5f3357d596c5,worker_2,worker_2,MEM_MOVE,10.410403,0.081331,"Evict VRAM -> RAM [Model: 857a7c42, Layer: 2d13e44e]"
2507650.733157,3000,857a7c42-2767-4bcd-b994-5f3357d596c5,worker_2,worker_2,DISK_LOAD,7.586269,0.059268,"Disk -> RAM [Model: 857a7c42, Layer: 327260b5]"
2507650.792425,3000,857a7c42-2767-4bcd-b994-5f3357d596c5,worker_2,worker_2,MEM_MOVE,7.586269,0.059268,"RAM -> VRAM [Model: 857a7c42, Layer: 327260b5]"
2507650.842425,3000,857a7c42-2767-4bcd-b994-5f3357d596c5,worker_2,worker_2,GPU_COMPUTE,0.050000,0.050000,GPU Compute
2507651.000425,3000,857a7c42-2767-4bcd-b994-5f3357d596c5,worker_2,coordinator_0,NET_TRANSFER,0.000100,0.158000,Signal Finished
2508759.223013,3000,857a7c42-2767-4bcd-b994-5f3357d596c5,coordinator_0,worker_3,NET_TRANSFER,13.850907,1108.222588,Distribute Layer ID: 9cd23173
2508759.286576,3000,857a7c42-2767-4bcd-b994-5f3357d596c5,worker_3,worker_3,MEM_MOVE,8.136110,0.063563,"Evict VRAM -> RAM [Model: 857a7c42, Layer: add0d9d6]"
2508759.355038,3000,857a7c42-2767-4bcd-b994-5f3357d596c5,worker_3,worker_3,MEM_MOVE,8.763072,0.068461,"Evict VRAM -> RAM [Model: 857a7c42, Layer: cc0cc7ef]"
2508759.463248,3000,857a7c42-2767-4bcd-b994-5f3357d596c5,worker_3,worker_3,DISK_LOAD,13.850907,0.108210,"Disk -> RAM [Model: 857a7c42, Layer: 9cd23173]"
2508759.571458,3000,857a7c42-2767-4bcd-b994-5f3357d596c5,worker_3,worker_3,MEM_MOVE,13.850907,0.108210,"RAM -> VRAM [Model: 857a7c42, Layer: 9cd23173]"
2508759.621458,3000,857a7c42-2767-4bcd-b994-5f3357d596c5,worker_3,worker_3,GPU_COMPUTE,0.050000,0.050000,GPU Compute
2508759.779458,3000,857a7c42-2767-4bcd-b994-5f3357d596c5,worker_3,coordinator_0,NET_TRANSFER,0.000100,0.158000,Signal Finished
2509933.136827,3000,857a7c42-2767-4bcd-b994-5f3357d596c5,coordinator_0,worker_4,NET_TRANSFER,14.665092,1173.357369,Distribute Layer ID: 5f5e05c9
2509933.223485,3000,857a7c42-2767-4bcd-b994-5f3357d596c5,worker_4,worker_4,MEM_MOVE,11.092262,0.086658,"Evict VRAM -> RAM [Model: 857a7c42, Layer: 6848c73a]"
2509933.285777,3000,857a7c42-2767-4bcd-b994-5f3357d596c5,worker_4,worker_4,MEM_MOVE,7.973329,0.062292,"Evict VRAM -> RAM [Model: 857a7c42, Layer: f37bb9ab]"
2509933.400348,3000,857a7c42-2767-4bcd-b994-5f3357d596c5,worker_4,worker_4,DISK_LOAD,14.665092,0.114571,"Disk -> RAM [Model: 857a7c42, Layer: 5f5e05c9]"
2509933.514919,3000,857a7c42-2767-4bcd-b994-5f3357d596c5,worker_4,worker_4,MEM_MOVE,14.665092,0.114571,"RAM -> VRAM [Model: 857a7c42, Layer: 5f5e05c9]"
2509933.564919,3000,857a7c42-2767-4bcd-b994-5f3357d596c5,worker_4,worker_4,GPU_COMPUTE,0.050000,0.050000,GPU Compute
2509933.722919,3000,857a7c42-2767-4bcd-b994-5f3357d596c5,worker_4,coordinator_0,NET_TRANSFER,0.000100,0.158000,Signal Finished
2510627.946796,3000,857a7c42-2767-4bcd-b994-5f3357d596c5,coordinator_0,worker_1,NET_TRANSFER,8.675923,694.223877,Distribute Layer ID: 678fe500
2510627.999944,3000,857a7c42-2767-4bcd-b994-5f3357d596c5,worker_1,worker_1,MEM_MOVE,6.802870,0.053147,"Evict VRAM -> RAM [Model: 857a7c42, Layer: 14f60a74]"
2510628.108968,3000,857a7c42-2767-4bcd-b994-5f3357d596c5,worker_1,worker_1,MEM_MOVE,13.955175,0.109025,"Evict VRAM -> RAM [Model: 857a7c42, Layer: f8150a86]"
2510628.176749,3000,857a7c42-2767-4bcd-b994-5f3357d596c5,worker_1,worker_1,DISK_LOAD,8.675923,0.067781,"Disk -> RAM [Model: 857a7c42, Layer: 678fe500]"
2510628.244530,3000,857a7c42-2767-4bcd-b994-5f3357d596c5,worker_1,worker_1,MEM_MOVE,8.675923,0.067781,"RAM -> VRAM [Model: 857a7c42, Layer: 678fe500]"
2510628.294530,3000,857a7c42-2767-4bcd-b994-5f3357d596c5,worker_1,worker_1,GPU_COMPUTE,0.050000,0.050000,GPU Compute
2510628.452530,3000,857a7c42-2767-4bcd-b994-5f3357d596c5,worker_1,coordinator_0,NET_TRANSFER,0.000100,0.158000,Signal Finished
2511051.083291,3000,857a7c42-2767-4bcd-b994-5f3357d596c5,coordinator_0,worker_2,NET_TRANSFER,5.281010,422.630761,Distribute Layer ID: c5933e08
2511051.124549,3000,857a7c42-2767-4bcd-b994-5f3357d596c5,worker_2,worker_2,DISK_LOAD,5.281010,0.041258,"Disk -> RAM [Model: 857a7c42, Layer: c5933e08]"
2511051.165807,3000,857a7c42-2767-4bcd-b994-5f3357d596c5,worker_2,worker_2,MEM_MOVE,5.281010,0.041258,"RAM -> VRAM [Model: 857a7c42, Layer: c5933e08]"
2511051.215807,3000,857a7c42-2767-4bcd-b994-5f3357d596c5,worker_2,worker_2,GPU_COMPUTE,0.050000,0.050000,GPU Compute
2511051.373807,3000,857a7c42-2767-4bcd-b994-5f3357d596c5,worker_2,coordinator_0,NET_TRANSFER,0.000100,0.158000,Signal Finished
2511862.153444,3000,d4965426-a3d1-4387-b3b7-7043d09ef380,coordinator_0,worker_1,NET_TRANSFER,10.132870,810.779637,Distribute Layer ID: c9846205
2511862.232607,3000,d4965426-a3d1-4387-b3b7-7043d09ef380,worker_1,worker_1,DISK_LOAD,10.132870,0.079163,"Disk -> RAM [Model: d4965426, Layer: c9846205]"
2511862.311770,3000,d4965426-a3d1-4387-b3b7-7043d09ef380,worker_1,worker_1,MEM_MOVE,10.132870,0.079163,"RAM -> VRAM [Model: d4965426, Layer: c9846205]"
2511862.361770,3000,d4965426-a3d1-4387-b3b7-7043d09ef380,worker_1,worker_1,GPU_COMPUTE,0.050000,0.050000,GPU Compute
2511862.519770,3000,d4965426-a3d1-4387-b3b7-7043d09ef380,worker_1,coordinator_0,NET_TRANSFER,0.000100,0.158000,Signal Finished
2512647.704296,3000,d4965426-a3d1-4387-b3b7-7043d09ef380,coordinator_0,worker_2,NET_TRANSFER,9.812932,785.184526,Distribute Layer ID: 76f3d9ab
2512647.745553,3000,d4965426-a3d1-4387-b3b7-7043d09ef380,worker_2,worker_2,MEM_MOVE,5.281010,0.041258,"Evict VRAM -> RAM [Model: 857a7c42, Layer: c5933e08]"
2512647.804821,3000,d4965426-a3d1-4387-b3b7-7043d09ef380,worker_2,worker_2,MEM_MOVE,7.586269,0.059268,"Evict VRAM -> RAM [Model: 857a7c42, Layer: 327260b5]"
2512647.881485,3000,d4965426-a3d1-4387-b3b7-7043d09ef380,worker_2,worker_2,DISK_LOAD,9.812932,0.076664,"Disk -> RAM [Model: d4965426, Layer: 76f3d9ab]"
2512647.958148,3000,d4965426-a3d1-4387-b3b7-7043d09ef380,worker_2,worker_2,MEM_MOVE,9.812932,0.076664,"RAM -> VRAM [Model: d4965426, Layer: 76f3d9ab]"
2512648.008148,3000,d4965426-a3d1-4387-b3b7-7043d09ef380,worker_2,worker_2,GPU_COMPUTE,0.050000,0.050000,GPU Compute
2512648.166148,3000,d4965426-a3d1-4387-b3b7-7043d09ef380,worker_2,coordinator_0,NET_TRANSFER,0.000100,0.158000,Signal Finished
2513161.011589,3000,d4965426-a3d1-4387-b3b7-7043d09ef380,coordinator_0,worker_3,NET_TRANSFER,6.408693,512.845440,Distribute Layer ID: e64fe22f
2513161.061657,3000,d4965426-a3d1-4387-b3b7-7043d09ef380,worker_3,worker_3,DISK_LOAD,6.408693,0.050068,"Disk -> RAM [Model: d4965426, Layer: e64fe22f]"
2513161.111724,3000,d4965426-a3d1-4387-b3b7-7043d09ef380,worker_3,worker_3,MEM_MOVE,6.408693,0.050068,"RAM -> VRAM [Model: d4965426, Layer: e64fe22f]"
2513161.161724,3000,d4965426-a3d1-4387-b3b7-7043d09ef380,worker_3,worker_3,GPU_COMPUTE,0.050000,0.050000,GPU Compute
2513161.319724,3000,d4965426-a3d1-4387-b3b7-7043d09ef380,worker_3,coordinator_0,NET_TRANSFER,0.000100,0.158000,Signal Finished
2514009.359490,3000,d4965426-a3d1-4387-b3b7-7043d09ef380,coordinator_0,worker_4,NET_TRANSFER,10.598622,848.039765,Distribute Layer ID: e4ca6822
2514009.474061,3000,d4965426-a3d1-4387-b3b7-7043d09ef380,worker_4,worker_4,MEM_MOVE,14.665092,0.114571,"Evict VRAM -> RAM [Model: 857a7c42, Layer: 5f5e05c9]"
2514009.556863,3000,d4965426-a3d1-4387-b3b7-7043d09ef380,worker_4,worker_4,DISK_LOAD,10.598622,0.082802,"Disk -> RAM [Model: d4965426, Layer: e4ca6822]"
2514009.639664,3000,d4965426-a3d1-4387-b3b7-7043d09ef380,worker_4,worker_4,MEM_MOVE,10.598622,0.082802,"RAM -> VRAM [Model: d4965426, Layer: e4ca6822]"
2514009.689664,3000,d4965426-a3d1-4387-b3b7-7043d09ef380,worker_4,worker_4,GPU_COMPUTE,0.050000,0.050000,GPU Compute
2514009.847664,3000,d4965426-a3d1-4387-b3b7-7043d09ef380,worker_4,coordinator_0,NET_TRANSFER,0.000100,0.158000,Signal Finished
2514558.007048,3000,d4965426-a3d1-4387-b3b7-7043d09ef380,coordinator_0,worker_1,NET_TRANSFER,6.850117,548.159384,Distribute Layer ID: f64ba048
2514558.086211,3000,d4965426-a3d1-4387-b3b7-7043d09ef380,worker_1,worker_1,MEM_MOVE,10.132870,0.079163,"Evict VRAM -> RAM [Model: d4965426, Layer: c9846205]"
2514558.139728,3000,d4965426-a3d1-4387-b3b7-7043d09ef380,worker_1,worker_1,DISK_LOAD,6.850117,0.053517,"Disk -> RAM [Model: d4965426, Layer: f64ba048]"
2514558.193244,3000,d4965426-a3d1-4387-b3b7-7043d09ef380,worker_1,worker_1,MEM_MOVE,6.850117,0.053517,"RAM -> VRAM [Model: d4965426, Layer: f64ba048]"
2514558.243244,3000,d4965426-a3d1-4387-b3b7-7043d09ef380,worker_1,worker_1,GPU_COMPUTE,0.050000,0.050000,GPU Compute
2514558.401244,3000,d4965426-a3d1-4387-b3b7-7043d09ef380,worker_1,coordinator_0,NET_TRANSFER,0.000100,0.158000,Signal Finished
2515352.738357,3000,d4965426-a3d1-4387-b3b7-7043d09ef380,coordinator_0,worker_2,NET_TRANSFER,9.927339,794.337113,Distribute Layer ID: 89d307ee
2515352.815021,3000,d4965426-a3d1-4387-b3b7-7043d09ef380,worker_2,worker_2,MEM_MOVE,9.812932,0.076664,"Evict VRAM -> RAM [Model: d4965426, Layer: 76f3d9ab]"
2515352.892578,3000,d4965426-a3d1-4387-b3b7-7043d09ef380,worker_2,worker_2,DISK_LOAD,9.927339,0.077557,"Disk -> RAM [Model: d4965426, Layer: 89d307ee]"
2515352.970136,3000,d4965426-a3d1-4387-b3b7-7043d09ef380,worker_2,worker_2,MEM_MOVE,9.927339,0.077557,"RAM -> VRAM [Model: d4965426, Layer: 89d307ee]"
2515353.020136,3000,d4965426-a3d1-4387-b3b7-7043d09ef380,worker_2,worker_2,GPU_COMPUTE,0.050000,0.050000,GPU Compute
2515353.178136,3000,d4965426-a3d1-4387-b3b7-7043d09ef380,worker_2,coordinator_0,NET_TRANSFER,0.000100,0.158000,Signal Finished
2516018.476167,3000,d4965426-a3d1-4387-b3b7-7043d09ef380,coordinator_0,worker_3,NET_TRANSFER,8.314350,665.298031,Distribute Layer ID: 0018d945
2516018.526234,3000,d4965426-a3d1-4387-b3b7-7043d09ef380,worker_3,worker_3,MEM_MOVE,6.408693,0.050068,"Evict VRAM -> RAM [Model: d4965426, Layer: e64fe22f]"
2516018.634445,3000,d4965426-a3d1-4387-b3b7-7043d09ef380,worker_3,worker_3,MEM_MOVE,13.850907,0.108210,"Evict VRAM -> RAM [Model: 857a7c42, Layer: 9cd23173]"
2516018.699400,3000,d4965426-a3d1-4387-b3b7-7043d09ef380,worker_3,worker_3,DISK_LOAD,8.314350,0.064956,"Disk -> RAM [Model: d4965426, Layer: 0018d945]"
2516018.764356,3000,d4965426-a3d1-4387-b3b7-7043d09ef380,worker_3,worker_3,MEM_MOVE,8.314350,0.064956,"RAM -> VRAM [Model: d4965426, Layer: 0018d945]"
2516018.814356,3000,d4965426-a3d1-4387-b3b7-7043d09ef380,worker_3,worker_3,GPU_COMPUTE,0.050000,0.050000,GPU Compute
2516018.972356,3000,d4965426-a3d1-4387-b3b7-7043d09ef380,worker_3,coordinator_0,NET_TRANSFER,0.000100,0.158000,Signal Finished
2516923.454455,3000,d4965426-a3d1-4387-b3b7-7043d09ef380,coordinator_0,worker_4,NET_TRANSFER,11.304151,904.482098,Distribute Layer ID: a570f436
2516923.537257,3000,d4965426-a3d1-4387-b3b7-7043d09ef380,worker_4,worker_4,MEM_MOVE,10.598622,0.082802,"Evict VRAM -> RAM [Model: d4965426, Layer: e4ca6822]"
2516923.625570,3000,d4965426-a3d1-4387-b3b7-7043d09ef380,worker_4,worker_4,DISK_LOAD,11.304151,0.088314,"Disk -> RAM [Model: d4965426, Layer: a570f436]"
2516923.713884,3000,d4965426-a3d1-4387-b3b7-7043d09ef380,worker_4,worker_4,MEM_MOVE,11.304151,0.088314,"RAM -> VRAM [Model: d4965426, Layer: a570f436]"
2516923.763884,3000,d4965426-a3d1-4387-b3b7-7043d09ef380,worker_4,worker_4,GPU_COMPUTE,0.050000,0.050000,GPU Compute
2516923.921884,3000,d4965426-a3d1-4387-b3b7-7043d09ef380,worker_4,coordinator_0,NET_TRANSFER,0.000100,0.158000,Signal Finished
2517381.496471,3000,d4965426-a3d1-4387-b3b7-7043d09ef380,coordinator_0,worker_1,NET_TRANSFER,5.717807,457.574587,Distribute Layer ID: 4825386e
2517381.541141,3000,d4965426-a3d1-4387-b3b7-7043d09ef380,worker_1,worker_1,DISK_LOAD,5.717807,0.044670,"Disk -> RAM [Model: d4965426, Layer: 4825386e]"
2517381.585811,3000,d4965426-a3d1-4387-b3b7-7043d09ef380,worker_1,worker_1,MEM_MOVE,5.717807,0.044670,"RAM -> VRAM [Model: d4965426, Layer: 4825386e]"
2517381.635811,3000,d4965426-a3d1-4387-b3b7-7043d09ef380,worker_1,worker_1,GPU_COMPUTE,0.050000,0.050000,GPU Compute
2517381.793811,3000,d4965426-a3d1-4387-b3b7-7043d09ef380,worker_1,coordinator_0,NET_TRANSFER,0.000100,0.158000,Signal Finished
2518253.080742,3000,d4965426-a3d1-4387-b3b7-7043d09ef380,coordinator_0,worker_2,NET_TRANSFER,10.889212,871.286931,Distribute Layer ID: 7740a8ac
2518253.238742,7007,b70fcdc0-fc91-45b9-929b-3db37d0b5f8f,client_7,coordinator_0,NET_TRANSFER,0.000100,0.158000,Request Model ID
2518253.396742,8005,209734fe-da0f-4c49-8ae8-1285e31e9d43,client_8,coordinator_0,NET_TRANSFER,0.000100,0.158000,Request Model ID
2518253.554742,4004,d7a92e9a-1ed2-42e0-b12c-84562a000f20,client_4,coordinator_0,NET_TRANSFER,0.000100,0.158000,Request Model ID
2518253.712742,7005,6719b99a-d5dd-40b4-a9ed-2c8af6965e4a,client_7,coordinator_0,NET_TRANSFER,0.000100,0.158000,Request Model ID
2518253.870742,2009,4facc46c-ad7c-4d01-ba5e-74a30664ea70,client_2,coordinator_0,NET_TRANSFER,0.000100,0.158000,Request Model ID
2518254.028742,3006,857a7c42-2767-4bcd-b994-5f3357d596c5,client_3,coordinator_0,NET_TRANSFER,0.000100,0.158000,Request Model ID
2518254.186742,10006,b2d10fa1-5900-4f15-bdb2-906a116b9a89,client_10,coordinator_0,NET_TRANSFER,0.000100,0.158000,Request Model ID
2518254.344742,6006,98de1b49-8dd3-49e7-a8fd-1969749e5ee7,client_6,coordinator_0,NET_TRANSFER,0.000100,0.158000,Request Model ID
2518254.502742,2006,d7a92e9a-1ed2-42e0-b12c-84562a000f20,client_2,coordinator_0,NET_TRANSFER,0.000100,0.158000,Request Model ID
2518254.660742,2006,db5a343e-e48f-4883-9c15-00e0e69532e6,client_2,coordinator_0,NET_TRANSFER,0.000100,0.158000,Request Model ID
2518254.818742,2006,a1fef963-8994-4de3-9710-1226ed828913,client_2,coordinator_0,NET_TRANSFER,0.000100,0.158000,Request Model ID
2518254.976742,2009,d7a92e9a-1ed2-42e0-b12c-84562a000f20,client_2,coordinator_0,NET_TRANSFER,0.000100,0.158000,Request Model ID
2518255.134742,2008,d4965426-a3d1-4387-b3b7-7043d09ef380,client_2,coordinator_0,NET_TRANSFER,0.000100,0.158000,Request Model ID
2518255.292742,1008,ab9f6fc0-eb04-408e-bb43-f7fc434d8a00,client_1,coordinator_0,NET_TRANSFER,0.000100,0.158000,Request Model ID
2518255.450742,4006,5cc668a7-e96c-4967-9bda-791a9bb56c57,client_4,coordinator_0,NET_TRANSFER,0.000100,0.158000,Request Model ID
2518255.608742,6007,d792f008-7d7c-4afc-8f2d-0ad5aeeddc59,client_6,coordinator_0,NET_TRANSFER,0.000100,0.158000,Request Model ID
2518255.766742,4002,cfe1239e-a4ca-44f0-8513-58d88a57b4a9,client_4,coordinator_0,NET_TRANSFER,0.000100,0.158000,Request Model ID
2518255.924742,9004,6609f742-f82c-4319-a137-2138d96bee8c,client_9,coordinator_0,NET_TRANSFER,0.000100,0.158000,Request Model ID
2518256.082742,10005,a1fef963-8994-4de3-9710-1226ed828913,client_10,coordinator_0,NET_TRANSFER,0.000100,0.158000,Request Model ID
2518256.240742,9004,0e495248-1ee5-4d87-a50c-46b74e15adae,client_9,coordinator_0,NET_TRANSFER,0.000100,0.158000,Request Model ID
2518256.398742,6005,209734fe-da0f-4c49-8ae8-1285e31e9d43,client_6,coordinator_0,NET_TRANSFER,0.000100,0.158000,Request Model ID
2518256.556742,5004,ab9f6fc0-eb04-408e-bb43-f7fc434d8a00,client_5,coordinator_0,NET_TRANSFER,0.000100,0.158000,Request Model ID
2518256.714742,5004,ab20b578-3dd0-4fe3-97cb-3189d9bd9be5,client_5,coordinator_0,NET_TRANSFER,0.000100,0.158000,Request Model ID
2518256.872742,3006,5db32043-be1a-4e02-ad7f-c6e5724beb16,client_3,coordinator_0,NET_TRANSFER,0.000100,0.158000,Request Model ID
2518257.030742,4006,6609f742-f82c-4319-a137-2138d96bee8c,client_4,coordinator_0,NET_TRANSFER,0.000100,0.158000,Request Model ID
2518257.188742,4006,0e495248-1ee5-4d87-a50c-46b74e15adae,client_4,coordinator_0,NET_TRANSFER,0.000100,0.158000,Request Model ID
2518257.346742,9006,ab20b578-3dd0-4fe3-97cb-3189d9bd9be5,client_9,coordinator_0,NET_TRANSFER,0.000100,0.158000,Request Model ID
2518257.504742,8003,ab9f6fc0-eb04-408e-bb43-f7fc434d8a00,client_8,coordinator_0,NET_TRANSFER,0.000100,0.158000,Request Model ID
2518257.662742,6004,ab20b578-3dd0-4fe3-97cb-3189d9bd9be5,client_6,coordinator_0,NET_TRANSFER,0.000100,0.158000,Request Model ID
2518257.820742,1009,edbb5a5f-96c7-4587-bae7-76b991139bc5,client_1,coordinator_0,NET_TRANSFER,0.000100,0.158000,Request Model ID
2518257.978742,1008,b98aad0a-4dea-4008-ad8c-316214e42284,client_1,coordinator_0,NET_TRANSFER,0.000100,0.158000,Request Model ID
2518258.136742,1008,4facc46c-ad7c-4d01-ba5e-74a30664ea70,client_1,coordinator_0,NET_TRANSFER,0.000100,0.158000,Request Model ID
2518258.294742,1008,db5a343e-e48f-4883-9c15-00e0e69532e6,client_1,coordinator_0,NET_TRANSFER,0.000100,0.158000,Request Model ID
2518258.372299,3000,d4965426-a3d1-4387-b3b7-7043d09ef380,worker_2,worker_2,MEM_MOVE,9.927339,0.077557,"Evict VRAM -> RAM [Model: d4965426, Layer: 89d307ee]"
2518258.457371,3000,d4965426-a3d1-4387-b3b7-7043d09ef380,worker_2,worker_2,DISK_LOAD,10.889212,0.085072,"Disk -> RAM [Model: d4965426, Layer: 7740a8ac]"
2518258.542443,3000,d4965426-a3d1-4387-b3b7-7043d09ef380,worker_2,worker_2,MEM_MOVE,10.889212,0.085072,"RAM -> VRAM [Model: d4965426, Layer: 7740a8ac]"
2518258.592443,3000,d4965426-a3d1-4387-b3b7-7043d09ef380,worker_2,worker_2,GPU_COMPUTE,0.050000,0.050000,GPU Compute
2518258.750443,3000,d4965426-a3d1-4387-b3b7-7043d09ef380,worker_2,coordinator_0,NET_TRANSFER,0.000100,0.158000,Signal Finished
2518798.122391,3000,d4965426-a3d1-4387-b3b7-7043d09ef380,coordinator_0,worker_3,NET_TRANSFER,6.740274,539.371948,Distribute Layer ID: d3f9478b
2518798.175050,3000,d4965426-a3d1-4387-b3b7-7043d09ef380,worker_3,worker_3,DISK_LOAD,6.740274,0.052658,"Disk -> RAM [Model: d4965426, Layer: d3f9478b]"
2518798.227708,3000,d4965426-a3d1-4387-b3b7-7043d09ef380,worker_3,worker_3,MEM_MOVE,6.740274,0.052658,"RAM -> VRAM [Model: d4965426, Layer: d3f9478b]"
2518798.277708,3000,d4965426-a3d1-4387-b3b7-7043d09ef380,worker_3,worker_3,GPU_COMPUTE,0.050000,0.050000,GPU Compute
2518798.435708,3000,d4965426-a3d1-4387-b3b7-7043d09ef380,worker_3,coordinator_0,NET_TRANSFER,0.000100,0.158000,Signal Finished
2519644.036553,3000,d4965426-a3d1-4387-b3b7-7043d09ef380,coordinator_0,worker_4,NET_TRANSFER,10.568136,845.600845,Distribute Layer ID: 53a13204
2519644.124867,3000,d4965426-a3d1-4387-b3b7-7043d09ef380,worker_4,worker_4,MEM_MOVE,11.304151,0.088314,"Evict VRAM -> RAM [Model: d4965426, Layer: a570f436]"
2519644.207430,3000,d4965426-a3d1-4387-b3b7-7043d09ef380,worker_4,worker_4,DISK_LOAD,10.568136,0.082564,"Disk -> RAM [Model: d4965426, Layer: 53a13204]"
2519644.289994,3000,d4965426-a3d1-4387-b3b7-7043d09ef380,worker_4,worker_4,MEM_MOVE,10.568136,0.082564,"RAM -> VRAM [Model: d4965426, Layer: 53a13204]"
2519644.339994,3000,d4965426-a3d1-4387-b3b7-7043d09ef380,worker_4,worker_4,GPU_COMPUTE,0.050000,0.050000,GPU Compute
2519644.497994,3000,d4965426-a3d1-4387-b3b7-7043d09ef380,worker_4,coordinator_0,NET_TRANSFER,0.000100,0.158000,Signal Finished
2520240.893672,3000,d4965426-a3d1-4387-b3b7-7043d09ef380,coordinator_0,worker_1,NET_TRANSFER,7.453071,596.395678,Distribute Layer ID: 9070c72f
2520240.938342,3000,d4965426-a3d1-4387-b3b7-7043d09ef380,worker_1,worker_1,MEM_MOVE,5.717807,0.044670,"Evict VRAM -> RAM [Model: d4965426, Layer: 4825386e]"
2520240.991859,3000,d4965426-a3d1-4387-b3b7-7043d09ef380,worker_1,worker_1,MEM_MOVE,6.850117,0.053517,"Evict VRAM -> RAM [Model: d4965426, Layer: f64ba048]"
2520241.050086,3000,d4965426-a3d1-4387-b3b7-7043d09ef380,worker_1,worker_1,DISK_LOAD,7.453071,0.058227,"Disk -> RAM [Model: d4965426, Layer: 9070c72f]"
2520241.108313,3000,d4965426-a3d1-4387-b3b7-7043d09ef380,worker_1,worker_1,MEM_MOVE,7.453071,0.058227,"RAM -> VRAM [Model: d4965426, Layer: 9070c72f]"
2520241.158313,3000,d4965426-a3d1-4387-b3b7-7043d09ef380,worker_1,worker_1,GPU_COMPUTE,0.050000,0.050000,GPU Compute
2520241.316313,3000,d4965426-a3d1-4387-b3b7-7043d09ef380,worker_1,coordinator_0,NET_TRANSFER,0.000100,0.158000,Signal Finished
2520644.191142,3000,d4965426-a3d1-4387-b3b7-7043d09ef380,coordinator_0,worker_2,NET_TRANSFER,5.034060,402.874830,Distribute Layer ID: 4a7740d7
2520644.276214,3000,d4965426-a3d1-4387-b3b7-7043d09ef380,worker_2,worker_2,MEM_MOVE,10.889212,0.085072,"Evict VRAM -> RAM [Model: d4965426, Layer: 7740a8ac]"
2520644.315543,3000,d4965426-a3d1-4387-b3b7-7043d09ef380,worker_2,worker_2,DISK_LOAD,5.034060,0.039329,"Disk -> RAM [Model: d4965426, Layer: 4a7740d7]"
2520644.354872,3000,d4965426-a3d1-4387-b3b7-7043d09ef380,worker_2,worker_2,MEM_MOVE,5.034060,0.039329,"RAM -> VRAM [Model: d4965426, Layer: 4a7740d7]"
2520644.404872,3000,d4965426-a3d1-4387-b3b7-7043d09ef380,worker_2,worker_2,GPU_COMPUTE,0.050000,0.050000,GPU Compute
2520644.562872,3000,d4965426-a3d1-4387-b3b7-7043d09ef380,worker_2,coordinator_0,NET_TRANSFER,0.000100,0.158000,Signal Finished
2521217.355932,3000,d4965426-a3d1-4387-b3b7-7043d09ef380,coordinator_0,worker_3,NET_TRANSFER,7.158038,572.793061,Distribute Layer ID: 42e056b2
2521217.408591,3000,d4965426-a3d1-4387-b3b7-7043d09ef380,worker_3,worker_3,MEM_MOVE,6.740274,0.052658,"Evict VRAM -> RAM [Model: d4965426, Layer: d3f9478b]"
2521217.464513,3000,d4965426-a3d1-4387-b3b7-7043d09ef380,worker_3,worker_3,DISK_LOAD,7.158038,0.055922,"Disk -> RAM [Model: d4965426, Layer: 42e056b2]"
2521217.520435,3000,d4965426-a3d1-4387-b3b7-7043d09ef380,worker_3,worker_3,MEM_MOVE,7.158038,0.055922,"RAM -> VRAM [Model: d4965426, Layer: 42e056b2]"
2521217.570435,3000,d4965426-a3d1-4387-b3b7-7043d09ef380,worker_3,worker_3,GPU_COMPUTE,0.050000,0.050000,GPU Compute
2521217.728435,3000,d4965426-a3d1-4387-b3b7-7043d09ef380,worker_3,coordinator_0,NET_TRANSFER,0.000100,0.158000,Signal Finished
2522438.960385,3000,d4965426-a3d1-4387-b3b7-7043d09ef380,coordinator_0,worker_4,NET_TRANSFER,15.263524,1221.231949,Distribute Layer ID: cac792c6
2522439.042948,3000,d4965426-a3d1-4387-b3b7-7043d09ef380,worker_4,worker_4,MEM_MOVE,10.568136,0.082564,"Evict VRAM -> RAM [Model: d4965426, Layer: 53a13204]"
2522439.162194,3000,d4965426-a3d1-4387-b3b7-7043d09ef380,worker_4,worker_4,DISK_LOAD,15.263524,0.119246,"Disk -> RAM [Model: d4965426, Layer: cac792c6]"
2522439.281441,3000,d4965426-a3d1-4387-b3b7-7043d09ef380,worker_4,worker_4,MEM_MOVE,15.263524,0.119246,"RAM -> VRAM [Model: d4965426, Layer: cac792c6]"
2522439.331441,3000,d4965426-a3d1-4387-b3b7-7043d09ef380,worker_4,worker_4,GPU_COMPUTE,0.050000,0.050000,GPU Compute
2522439.489441,3000,d4965426-a3d1-4387-b3b7-7043d09ef380,worker_4,coordinator_0,NET_TRANSFER,0.000100,0.158000,Signal Finished
2522945.270283,3000,d4965426-a3d1-4387-b3b7-7043d09ef380,coordinator_0,worker_1,NET_TRANSFER,6.320386,505.780842,Distribute Layer ID: f78ad678
2522945.328510,3000,d4965426-a3d1-4387-b3b7-7043d09ef380,worker_1,worker_1,MEM_MOVE,7.453071,0.058227,"Evict VRAM -> RAM [Model: d4965426, Layer: 9070c72f]"
2522945.377888,3000,d4965426-a3d1-4387-b3b7-7043d09ef380,worker_1,worker_1,DISK_LOAD,6.320386,0.049378,"Disk -> RAM [Model: d4965426, Layer: f78ad678]"
2522945.427266,3000,d4965426-a3d1-4387-b3b7-7043d09ef380,worker_1,worker_1,MEM_MOVE,6.320386,0.049378,"RAM -> VRAM [Model: d4965426, Layer: f78ad678]"
2522945.477266,3000,d4965426-a3d1-4387-b3b7-7043d09ef380,worker_1,worker_1,GPU_COMPUTE,0.050000,0.050000,GPU Compute
2522945.635266,3000,d4965426-a3d1-4387-b3b7-7043d09ef380,worker_1,coordinator_0,NET_TRANSFER,0.000100,0.158000,Signal Finished
2523371.266393,3000,d4965426-a3d1-4387-b3b7-7043d09ef380,coordinator_0,worker_2,NET_TRANSFER,5.318514,425.631126,Distribute Layer ID: e7dfc064
2523371.307943,3000,d4965426-a3d1-4387-b3b7-7043d09ef380,worker_2,worker_2,DISK_LOAD,5.318514,0.041551,"Disk -> RAM [Model: d4965426, Layer: e7dfc064]"
2523371.349494,3000,d4965426-a3d1-4387-b3b7-7043d09ef380,worker_2,worker_2,MEM_MOVE,5.318514,0.041551,"RAM -> VRAM [Model: d4965426, Layer: e7dfc064]"
2523371.399494,3000,d4965426-a3d1-4387-b3b7-7043d09ef380,worker_2,worker_2,GPU_COMPUTE,0.050000,0.050000,GPU Compute
2523371.557494,3000,d4965426-a3d1-4387-b3b7-7043d09ef380,worker_2,coordinator_0,NET_TRANSFER,0.000100,0.158000,Signal Finished
2523924.386439,3000,d4965426-a3d1-4387-b3b7-7043d09ef380,coordinator_0,worker_3,NET_TRANSFER,6.908487,552.828945,Distribute Layer ID: 6887d138
2523924.442361,3000,d4965426-a3d1-4387-b3b7-7043d09ef380,worker_3,worker_3,MEM_MOVE,7.158038,0.055922,"Evict VRAM -> RAM [Model: d4965426, Layer: 42e056b2]"
2523924.496334,3000,d4965426-a3d1-4387-b3b7-7043d09ef380,worker_3,worker_3,DISK_LOAD,6.908487,0.053973,"Disk -> RAM [Model: d4965426, Layer: 6887d138]"
2523924.550306,3000,d4965426-a3d1-4387-b3b7-7043d09ef380,worker_3,worker_3,MEM_MOVE,6.908487,0.053973,"RAM -> VRAM [Model: d4965426, Layer: 6887d138]"
2523924.600306,3000,d4965426-a3d1-4387-b3b7-7043d09ef380,worker_3,worker_3,GPU_COMPUTE,0.050000,0.050000,GPU Compute
2523924.758306,3000,d4965426-a3d1-4387-b3b7-7043d09ef380,worker_3,coordinator_0,NET_TRANSFER,0.000100,0.158000,Signal Finished
2524569.209981,3000,d4965426-a3d1-4387-b3b7-7043d09ef380,coordinator_0,worker_4,NET_TRANSFER,8.053771,644.451674,Distribute Layer ID: db15eb35
2524569.329227,3000,d4965426-a3d1-4387-b3b7-7043d09ef380,worker_4,worker_4,MEM_MOVE,15.263524,0.119246,"Evict VRAM -> RAM [Model: d4965426, Layer: cac792c6]"
2524569.392147,3000,d4965426-a3d1-4387-b3b7-7043d09ef380,worker_4,worker_4,DISK_LOAD,8.053771,0.062920,"Disk -> RAM [Model: d4965426, Layer: db15eb35]"
2524569.455067,3000,d4965426-a3d1-4387-b3b7-7043d09ef380,worker_4,worker_4,MEM_MOVE,8.053771,0.062920,"RAM -> VRAM [Model: d4965426, Layer: db15eb35]"
2524569.505067,3000,d4965426-a3d1-4387-b3b7-7043d09ef380,worker_4,worker_4,GPU_COMPUTE,0.050000,0.050000,GPU Compute
2524569.663067,3000,d4965426-a3d1-4387-b3b7-7043d09ef380,worker_4,coordinator_0,NET_TRANSFER,0.000100,0.158000,Signal Finished
2525731.449878,3000,d4965426-a3d1-4387-b3b7-7043d09ef380,coordinator_0,worker_1,NET_TRANSFER,14.520460,1161.786811,Distribute Layer ID: 1a74269e
2525731.499256,3000,d4965426-a3d1-4387-b3b7-7043d09ef380,worker_1,worker_1,MEM_MOVE,6.320386,0.049378,"Evict VRAM -> RAM [Model: d4965426, Layer: f78ad678]"
2525731.567036,3000,d4965426-a3d1-4387-b3b7-7043d09ef380,worker_1,worker_1,MEM_MOVE,8.675923,0.067781,"Evict VRAM -> RAM [Model: 857a7c42, Layer: 678fe500]"
2525731.680478,3000,d4965426-a3d1-4387-b3b7-7043d09ef380,worker_1,worker_1,DISK_LOAD,14.520460,0.113441,"Disk -> RAM [Model: d4965426, Layer: 1a74269e]"
2525731.793919,3000,d4965426-a3d1-4387-b3b7-7043d09ef380,worker_1,worker_1,MEM_MOVE,14.520460,0.113441,"RAM -> VRAM [Model: d4965426, Layer: 1a74269e]"
2525731.843919,3000,d4965426-a3d1-4387-b3b7-7043d09ef380,worker_1,worker_1,GPU_COMPUTE,0.050000,0.050000,GPU Compute
2525732.001919,3000,d4965426-a3d1-4387-b3b7-7043d09ef380,worker_1,coordinator_0,NET_TRANSFER,0.000100,0.158000,Signal Finished
2526461.795133,3000,d4965426-a3d1-4387-b3b7-7043d09ef380,coordinator_0,worker_2,NET_TRANSFER,9.120540,729.793214,Distribute Layer ID: f10019e3
2526461.836684,3000,d4965426-a3d1-4387-b3b7-7043d09ef380,worker_2,worker_2,MEM_MOVE,5.318514,0.041551,"Evict VRAM -> RAM [Model: d4965426, Layer: e7dfc064]"
2526461.907938,3000,d4965426-a3d1-4387-b3b7-7043d09ef380,worker_2,worker_2,DISK_LOAD,9.120540,0.071254,"Disk -> RAM [Model: d4965426, Layer: f10019e3]"
2526461.979192,3000,d4965426-a3d1-4387-b3b7-7043d09ef380,worker_2,worker_2,MEM_MOVE,9.120540,0.071254,"RAM -> VRAM [Model: d4965426, Layer: f10019e3]"
2526462.029192,3000,d4965426-a3d1-4387-b3b7-7043d09ef380,worker_2,worker_2,GPU_COMPUTE,0.050000,0.050000,GPU Compute
2526462.187192,3000,d4965426-a3d1-4387-b3b7-7043d09ef380,worker_2,coordinator_0,NET_TRANSFER,0.000100,0.158000,Signal Finished
2526930.128072,3000,d4965426-a3d1-4387-b3b7-7043d09ef380,coordinator_0,worker_3,NET_TRANSFER,5.847386,467.940880,Distribute Layer ID: 2eb49c78
2526930.182044,3000,d4965426-a3d1-4387-b3b7-7043d09ef380,worker_3,worker_3,MEM_MOVE,6.908487,0.053973,"Evict VRAM -> RAM [Model: d4965426, Layer: 6887d138]"
2526930.227727,3000,d4965426-a3d1-4387-b3b7-7043d09ef380,worker_3,worker_3,DISK_LOAD,5.847386,0.045683,"Disk -> RAM [Model: d4965426, Layer: 2eb49c78]"
2526930.273410,3000,d4965426-a3d1-4387-b3b7-7043d09ef380,worker_3,worker_3,MEM_MOVE,5.847386,0.045683,"RAM -> VRAM [Model: d4965426, Layer: 2eb49c78]"
2526930.323410,3000,d4965426-a3d1-4387-b3b7-7043d09ef380,worker_3,worker_3,GPU_COMPUTE,0.050000,0.050000,GPU Compute
2526930.481410,3000,d4965426-a3d1-4387-b3b7-7043d09ef380,worker_3,coordinator_0,NET_TRANSFER,0.000100,0.158000,Signal Finished
2527371.800813,3000,d4965426-a3d1-4387-b3b7-7043d09ef380,coordinator_0,worker_4,NET_TRANSFER,5.514618,441.319403,Distribute Layer ID: 8ab61b81
2527371.843896,3000,d4965426-a3d1-4387-b3b7-7043d09ef380,worker_4,worker_4,DISK_LOAD,5.514618,0.043083,"Disk -> RAM [Model: d4965426, Layer: 8ab61b81]"
2527371.886979,3000,d4965426-a3d1-4387-b3b7-7043d09ef380,worker_4,worker_4,MEM_MOVE,5.514618,0.043083,"RAM -> VRAM [Model: d4965426, Layer: 8ab61b81]"
2527371.936979,3000,d4965426-a3d1-4387-b3b7-7043d09ef380,worker_4,worker_4,GPU_COMPUTE,0.050000,0.050000,GPU Compute
2527372.094979,3000,d4965426-a3d1-4387-b3b7-7043d09ef380,worker_4,coordinator_0,NET_TRANSFER,0.000100,0.158000,Signal Finished
2527924.529394,3000,d4965426-a3d1-4387-b3b7-7043d09ef380,coordinator_0,worker_1,NET_TRANSFER,6.903555,552.434415,Distribute Layer ID: 9d10873f
2527924.583328,3000,d4965426-a3d1-4387-b3b7-7043d09ef380,worker_1,worker_1,DISK_LOAD,6.903555,0.053934,"Disk -> RAM [Model: d4965426, Layer: 9d10873f]"
2527924.637262,3000,d4965426-a3d1-4387-b3b7-7043d09ef380,worker_1,worker_1,MEM_MOVE,6.903555,0.053934,"RAM -> VRAM [Model: d4965426, Layer: 9d10873f]"
2527924.687262,3000,d4965426-a3d1-4387-b3b7-7043d09ef380,worker_1,worker_1,GPU_COMPUTE,0.050000,0.050000,GPU Compute
2527924.845262,3000,d4965426-a3d1-4387-b3b7-7043d09ef380,worker_1,coordinator_0,NET_TRANSFER,0.000100,0.158000,Signal Finished
2529056.435384,3000,d4965426-a3d1-4387-b3b7-7043d09ef380,coordinator_0,worker_2,NET_TRANSFER,14.143002,1131.590123,Distribute Layer ID: 58b6baee
2529056.506639,3000,d4965426-a3d1-4387-b3b7-7043d09ef380,worker_2,worker_2,MEM_MOVE,9.120540,0.071254,"Evict VRAM -> RAM [Model: d4965426, Layer: f10019e3]"
2529056.545967,3000,d4965426-a3d1-4387-b3b7-7043d09ef380,worker_2,worker_2,MEM_MOVE,5.034060,0.039329,"Evict VRAM -> RAM [Model: d4965426, Layer: 4a7740d7]"
2529056.656459,3000,d4965426-a3d1-4387-b3b7-7043d09ef380,worker_2,worker_2,DISK_LOAD,14.143002,0.110492,"Disk -> RAM [Model: d4965426, Layer: 58b6baee]"
2529056.766952,3000,d4965426-a3d1-4387-b3b7-7043d09ef380,worker_2,worker_2,MEM_MOVE,14.143002,0.110492,"RAM -> VRAM [Model: d4965426, Layer: 58b6baee]"
2529056.816952,3000,d4965426-a3d1-4387-b3b7-7043d09ef380,worker_2,worker_2,GPU_COMPUTE,0.050000,0.050000,GPU Compute
2529056.974952,3000,d4965426-a3d1-4387-b3b7-7043d09ef380,worker_2,coordinator_0,NET_TRANSFER,0.000100,0.158000,Signal Finished
2529673.762649,3000,d4965426-a3d1-4387-b3b7-7043d09ef380,coordinator_0,worker_3,NET_TRANSFER,7.707971,616.787697,Distribute Layer ID: 1bc9a8f6
2529673.808332,3000,d4965426-a3d1-4387-b3b7-7043d09ef380,worker_3,worker_3,MEM_MOVE,5.847386,0.045683,"Evict VRAM -> RAM [Model: d4965426, Layer: 2eb49c78]"
2529673.868550,3000,d4965426-a3d1-4387-b3b7-7043d09ef380,worker_3,worker_3,DISK_LOAD,7.707971,0.060219,"Disk -> RAM [Model: d4965426, Layer: 1bc9a8f6]"
2529673.928769,3000,d4965426-a3d1-4387-b3b7-7043d09ef380,worker_3,worker_3,MEM_MOVE,7.707971,0.060219,"RAM -> VRAM [Model: d4965426, Layer: 1bc9a8f6]"
2529673.978769,3000,d4965426-a3d1-4387-b3b7-7043d09ef380,worker_3,worker_3,GPU_COMPUTE,0.050000,0.050000,GPU Compute
2529674.136769,3000,d4965426-a3d1-4387-b3b7-7043d09ef380,worker_3,coordinator_0,NET_TRANSFER,0.000100,0.158000,Signal Finished
2530411.957991,3000,d4965426-a3d1-4387-b3b7-7043d09ef380,coordinator_0,worker_4,NET_TRANSFER,9.220890,737.821222,Distribute Layer ID: 88e418bc
2530412.001074,3000,d4965426-a3d1-4387-b3b7-7043d09ef380,worker_4,worker_4,MEM_MOVE,5.514618,0.043083,"Evict VRAM -> RAM [Model: d4965426, Layer: 8ab61b81]"
2530412.073112,3000,d4965426-a3d1-4387-b3b7-7043d09ef380,worker_4,worker_4,DISK_LOAD,9.220890,0.072038,"Disk -> RAM [Model: d4965426, Layer: 88e418bc]"
2530412.145150,3000,d4965426-a3d1-4387-b3b7-7043d09ef380,worker_4,worker_4,MEM_MOVE,9.220890,0.072038,"RAM -> VRAM [Model: d4965426, Layer: 88e418bc]"
2530412.195150,3000,d4965426-a3d1-4387-b3b7-7043d09ef380,worker_4,worker_4,GPU_COMPUTE,0.050000,0.050000,GPU Compute
2530412.353150,3000,d4965426-a3d1-4387-b3b7-7043d09ef380,worker_4,coordinator_0,NET_TRANSFER,0.000100,0.158000,Signal Finished
2531180.005976,3000,d4965426-a3d1-4387-b3b7-7043d09ef380,coordinator_0,worker_1,NET_TRANSFER,9.593785,767.652825,Distribute Layer ID: 0bf94fff
2531180.059910,3000,d4965426-a3d1-4387-b3b7-7043d09ef380,worker_1,worker_1,MEM_MOVE,6.903555,0.053934,"Evict VRAM -> RAM [Model: d4965426, Layer: 9d10873f]"
2531180.173351,3000,d4965426-a3d1-4387-b3b7-7043d09ef380,worker_1,worker_1,MEM_MOVE,14.520460,0.113441,"Evict VRAM -> RAM [Model: d4965426, Layer: 1a74269e]"
2531180.248302,3000,d4965426-a3d1-4387-b3b7-7043d09ef380,worker_1,worker_1,DISK_LOAD,9.593785,0.074951,"Disk -> RAM [Model: d4965426, Layer: 0bf94fff]"
2531180.323254,3000,d4965426-a3d1-4387-b3b7-7043d09ef380,worker_1,worker_1,MEM_MOVE,9.593785,0.074951,"RAM -> VRAM [Model: d4965426, Layer: 0bf94fff]"
2531180.373254,3000,d4965426-a3d1-4387-b3b7-7043d09ef380,worker_1,worker_1,GPU_COMPUTE,0.050000,0.050000,GPU Compute
2531180.531254,3000,d4965426-a3d1-4387-b3b7-7043d09ef380,worker_1,coordinator_0,NET_TRANSFER,0.000100,0.158000,Signal Finished
2532013.712957,3000,d4965426-a3d1-4387-b3b7-7043d09ef380,coordinator_0,worker_2,NET_TRANSFER,10.412896,833.181704,Distribute Layer ID: 44671e86
2532013.823449,3000,d4965426-a3d1-4387-b3b7-7043d09ef380,worker_2,worker_2,MEM_MOVE,14.143002,0.110492,"Evict VRAM -> RAM [Model: d4965426, Layer: 58b6baee]"
2532013.904800,3000,d4965426-a3d1-4387-b3b7-7043d09ef380,worker_2,worker_2,DISK_LOAD,10.412896,0.081351,"Disk -> RAM [Model: d4965426, Layer: 44671e86]"
2532013.986151,3000,d4965426-a3d1-4387-b3b7-7043d09ef380,worker_2,worker_2,MEM_MOVE,10.412896,0.081351,"RAM -> VRAM [Model: d4965426, Layer: 44671e86]"
2532014.036151,3000,d4965426-a3d1-4387-b3b7-7043d09ef380,worker_2,worker_2,GPU_COMPUTE,0.050000,0.050000,GPU Compute
2532014.194151,3000,d4965426-a3d1-4387-b3b7-7043d09ef380,worker_2,coordinator_0,NET_TRANSFER,0.000100,0.158000,Signal Finished
2533141.474705,3000,d4965426-a3d1-4387-b3b7-7043d09ef380,coordinator_0,worker_3,NET_TRANSFER,14.089132,1127.280554,Distribute Layer ID: f314984e
2533141.534923,3000,d4965426-a3d1-4387-b3b7-7043d09ef380,worker_3,worker_3,MEM_MOVE,7.707971,0.060219,"Evict VRAM -> RAM [Model: d4965426, Layer: 1bc9a8f6]"
2533141.599879,3000,d4965426-a3d1-4387-b3b7-7043d09ef380,worker_3,worker_3,MEM_MOVE,8.314350,0.064956,"Evict VRAM -> RAM [Model: d4965426, Layer: 0018d945]"
2533141.709951,3000,d4965426-a3d1-4387-b3b7-7043d09ef380,worker_3,worker_3,DISK_LOAD,14.089132,0.110071,"Disk -> RAM [Model: d4965426, Layer: f314984e]"
2533141.820022,3000,d4965426-a3d1-4387-b3b7-7043d09ef380,worker_3,worker_3,MEM_MOVE,14.089132,0.110071,"RAM -> VRAM [Model: d4965426, Layer: f314984e]"
2533141.870022,3000,d4965426-a3d1-4387-b3b7-7043d09ef380,worker_3,worker_3,GPU_COMPUTE,0.050000,0.050000,GPU Compute
2533142.028022,3000,d4965426-a3d1-4387-b3b7-7043d09ef380,worker_3,coordinator_0,NET_TRANSFER,0.000100,0.158000,Signal Finished
2534252.824804,3000,d4965426-a3d1-4387-b3b7-7043d09ef380,coordinator_0,worker_4,NET_TRANSFER,13.883085,1110.796782,Distribute Layer ID: 0fa9deab
2534252.896842,3000,d4965426-a3d1-4387-b3b7-7043d09ef380,worker_4,worker_4,MEM_MOVE,9.220890,0.072038,"Evict VRAM -> RAM [Model: d4965426, Layer: 88e418bc]"
2534252.959763,3000,d4965426-a3d1-4387-b3b7-7043d09ef380,worker_4,worker_4,MEM_MOVE,8.053771,0.062920,"Evict VRAM -> RAM [Model: d4965426, Layer: db15eb35]"
2534253.068224,3000,d4965426-a3d1-4387-b3b7-7043d09ef380,worker_4,worker_4,DISK_LOAD,13.883085,0.108462,"Disk -> RAM [Model: d4965426, Layer: 0fa9deab]"
2534253.176686,3000,d4965426-a3d1-4387-b3b7-7043d09ef380,worker_4,worker_4,MEM_MOVE,13.883085,0.108462,"RAM -> VRAM [Model: d4965426, Layer: 0fa9deab]"
2534253.226686,3000,d4965426-a3d1-4387-b3b7-7043d09ef380,worker_4,worker_4,GPU_COMPUTE,0.050000,0.050000,GPU Compute
2534253.384686,3000,d4965426-a3d1-4387-b3b7-7043d09ef380,worker_4,coordinator_0,NET_TRANSFER,0.000100,0.158000,Signal Finished
2535295.043646,3000,d4965426-a3d1-4387-b3b7-7043d09ef380,coordinator_0,worker_1,NET_TRANSFER,13.018862,1041.658961,Distribute Layer ID: 3de87903
2535295.118598,3000,d4965426-a3d1-4387-b3b7-7043d09ef380,worker_1,worker_1,MEM_MOVE,9.593785,0.074951,"Evict VRAM -> RAM [Model: d4965426, Layer: 0bf94fff]"
2535295.220308,3000,d4965426-a3d1-4387-b3b7-7043d09ef380,worker_1,worker_1,DISK_LOAD,13.018862,0.101710,"Disk -> RAM [Model: d4965426, Layer: 3de87903]"
2535295.322017,3000,d4965426-a3d1-4387-b3b7-7043d09ef380,worker_1,worker_1,MEM_MOVE,13.018862,0.101710,"RAM -> VRAM [Model: d4965426, Layer: 3de87903]"
2535295.372017,3000,d4965426-a3d1-4387-b3b7-7043d09ef380,worker_1,worker_1,GPU_COMPUTE,0.050000,0.050000,GPU Compute
2535295.530017,3000,d4965426-a3d1-4387-b3b7-7043d09ef380,worker_1,coordinator_0,NET_TRANSFER,0.000100,0.158000,Signal Finished
2535687.584265,3000,d4965426-a3d1-4387-b3b7-7043d09ef380,coordinator_0,worker_2,NET_TRANSFER,4.898803,392.054247,Distribute Layer ID: 31e41a9d
2535687.665615,3000,d4965426-a3d1-4387-b3b7-7043d09ef380,worker_2,worker_2,MEM_MOVE,10.412896,0.081351,"Evict VRAM -> RAM [Model: d4965426, Layer: 44671e86]"
2535687.703887,3000,d4965426-a3d1-4387-b3b7-7043d09ef380,worker_2,worker_2,DISK_LOAD,4.898803,0.038272,"Disk -> RAM [Model: d4965426, Layer: 31e41a9d]"
2535687.742159,3000,d4965426-a3d1-4387-b3b7-7043d09ef380,worker_2,worker_2,MEM_MOVE,4.898803,0.038272,"RAM -> VRAM [Model: d4965426, Layer: 31e41a9d]"
2535687.792159,3000,d4965426-a3d1-4387-b3b7-7043d09ef380,worker_2,worker_2,GPU_COMPUTE,0.050000,0.050000,GPU Compute
2535687.950159,3000,d4965426-a3d1-4387-b3b7-7043d09ef380,worker_2,coordinator_0,NET_TRANSFER,0.000100,0.158000,Signal Finished
2536710.253774,3000,d4965426-a3d1-4387-b3b7-7043d09ef380,coordinator_0,worker_3,NET_TRANSFER,12.776920,1022.303615,Distribute Layer ID: 8b1afb55
2536710.363845,3000,d4965426-a3d1-4387-b3b7-7043d09ef380,worker_3,worker_3,MEM_MOVE,14.089132,0.110071,"Evict VRAM -> RAM [Model: d4965426, Layer: f314984e]"
2536710.463665,3000,d4965426-a3d1-4387-b3b7-7043d09ef380,worker_3,worker_3,DISK_LOAD,12.776920,0.099820,"Disk -> RAM [Model: d4965426, Layer: 8b1afb55]"
2536710.563484,3000,d4965426-a3d1-4387-b3b7-7043d09ef380,worker_3,worker_3,MEM_MOVE,12.776920,0.099820,"RAM -> VRAM [Model: d4965426, Layer: 8b1afb55]"
2536710.613484,3000,d4965426-a3d1-4387-b3b7-7043d09ef380,worker_3,worker_3,GPU_COMPUTE,0.050000,0.050000,GPU Compute
2536710.771484,3000,d4965426-a3d1-4387-b3b7-7043d09ef380,worker_3,coordinator_0,NET_TRANSFER,0.000100,0.158000,Signal Finished
2537433.227710,3000,d4965426-a3d1-4387-b3b7-7043d09ef380,coordinator_0,worker_4,NET_TRANSFER,9.028828,722.456226,Distribute Layer ID: 2bcff1fa
2537433.336172,3000,d4965426-a3d1-4387-b3b7-7043d09ef380,worker_4,worker_4,MEM_MOVE,13.883085,0.108462,"Evict VRAM -> RAM [Model: d4965426, Layer: 0fa9deab]"
2537433.406710,3000,d4965426-a3d1-4387-b3b7-7043d09ef380,worker_4,worker_4,DISK_LOAD,9.028828,0.070538,"Disk -> RAM [Model: d4965426, Layer: 2bcff1fa]"
2537433.477247,3000,d4965426-a3d1-4387-b3b7-7043d09ef380,worker_4,worker_4,MEM_MOVE,9.028828,0.070538,"RAM -> VRAM [Model: d4965426, Layer: 2bcff1fa]"
2537433.527247,3000,d4965426-a3d1-4387-b3b7-7043d09ef380,worker_4,worker_4,GPU_COMPUTE,0.050000,0.050000,GPU Compute
2537433.685247,3000,d4965426-a3d1-4387-b3b7-7043d09ef380,worker_4,coordinator_0,NET_TRANSFER,0.000100,0.158000,Signal Finished
2538315.336203,3000,d4965426-a3d1-4387-b3b7-7043d09ef380,coordinator_0,worker_1,NET_TRANSFER,11.018762,881.650956,Distribute Layer ID: c141e48f
2538315.437913,3000,d4965426-a3d1-4387-b3b7-7043d09ef380,worker_1,worker_1,MEM_MOVE,13.018862,0.101710,"Evict VRAM -> RAM [Model: d4965426, Layer: 3de87903]"
2538315.523997,3000,d4965426-a3d1-4387-b3b7-7043d09ef380,worker_1,worker_1,DISK_LOAD,11.018762,0.086084,"Disk -> RAM [Model: d4965426, Layer: c141e48f]"
2538315.610081,3000,d4965426-a3d1-4387-b3b7-7043d09ef380,worker_1,worker_1,MEM_MOVE,11.018762,0.086084,"RAM -> VRAM [Model: d4965426, Layer: c141e48f]"
2538315.660081,3000,d4965426-a3d1-4387-b3b7-7043d09ef380,worker_1,worker_1,GPU_COMPUTE,0.050000,0.050000,GPU Compute
2538315.818081,3000,d4965426-a3d1-4387-b3b7-7043d09ef380,worker_1,coordinator_0,NET_TRANSFER,0.000100,0.158000,Signal Finished
2539191.817258,3000,d4965426-a3d1-4387-b3b7-7043d09ef380,coordinator_0,worker_2,NET_TRANSFER,10.948115,875.999177,Distribute Layer ID: e8ceb7e0
2539191.855530,3000,d4965426-a3d1-4387-b3b7-7043d09ef380,worker_2,worker_2,MEM_MOVE,4.898803,0.038272,"Evict VRAM -> RAM [Model: d4965426, Layer: 31e41a9d]"
2539191.941062,3000,d4965426-a3d1-4387-b3b7-7043d09ef380,worker_2,worker_2,DISK_LOAD,10.948115,0.085532,"Disk -> RAM [Model: d4965426, Layer: e8ceb7e0]"
2539192.026594,3000,d4965426-a3d1-4387-b3b7-7043d09ef380,worker_2,worker_2,MEM_MOVE,10.948115,0.085532,"RAM -> VRAM [Model: d4965426, Layer: e8ceb7e0]"
2539192.076594,3000,d4965426-a3d1-4387-b3b7-7043d09ef380,worker_2,worker_2,GPU_COMPUTE,0.050000,0.050000,GPU Compute
2539192.234594,3000,d4965426-a3d1-4387-b3b7-7043d09ef380,worker_2,coordinator_0,NET_TRANSFER,0.000100,0.158000,Signal Finished
2539640.823273,3000,d4965426-a3d1-4387-b3b7-7043d09ef380,coordinator_0,worker_3,NET_TRANSFER,5.605483,448.588679,Distribute Layer ID: 19905f5b
2539640.867066,3000,d4965426-a3d1-4387-b3b7-7043d09ef380,worker_3,worker_3,DISK_LOAD,5.605483,0.043793,"Disk -> RAM [Model: d4965426, Layer: 19905f5b]"
2539640.910859,3000,d4965426-a3d1-4387-b3b7-7043d09ef380,worker_3,worker_3,MEM_MOVE,5.605483,0.043793,"RAM -> VRAM [Model: d4965426, Layer: 19905f5b]"
2539640.960859,3000,d4965426-a3d1-4387-b3b7-7043d09ef380,worker_3,worker_3,GPU_COMPUTE,0.050000,0.050000,GPU Compute
2539641.118859,3000,d4965426-a3d1-4387-b3b7-7043d09ef380,worker_3,coordinator_0,NET_TRANSFER,0.000100,0.158000,Signal Finished
2540479.064860,3000,d4965426-a3d1-4387-b3b7-7043d09ef380,coordinator_0,worker_4,NET_TRANSFER,10.472450,837.946001,Distribute Layer ID: 902f8f26
2540479.146676,3000,d4965426-a3d1-4387-b3b7-7043d09ef380,worker_4,worker_4,DISK_LOAD,10.472450,0.081816,"Disk -> RAM [Model: d4965426, Layer: 902f8f26]"
2540479.228492,3000,d4965426-a3d1-4387-b3b7-7043d09ef380,worker_4,worker_4,MEM_MOVE,10.472450,0.081816,"RAM -> VRAM [Model: d4965426, Layer: 902f8f26]"
2540479.278492,3000,d4965426-a3d1-4387-b3b7-7043d09ef380,worker_4,worker_4,GPU_COMPUTE,0.050000,0.050000,GPU Compute
2540479.436492,3000,d4965426-a3d1-4387-b3b7-7043d09ef380,worker_4,coordinator_0,NET_TRANSFER,0.000100,0.158000,Signal Finished
2541327.379758,3000,d4965426-a3d1-4387-b3b7-7043d09ef380,coordinator_0,worker_1,NET_TRANSFER,10.597416,847.943266,Distribute Layer ID: a92f1274
2541327.462550,3000,d4965426-a3d1-4387-b3b7-7043d09ef380,worker_1,worker_1,DISK_LOAD,10.597416,0.082792,"Disk -> RAM [Model: d4965426, Layer: a92f1274]"
2541327.545342,3000,d4965426-a3d1-4387-b3b7-7043d09ef380,worker_1,worker_1,MEM_MOVE,10.597416,0.082792,"RAM -> VRAM [Model: d4965426, Layer: a92f1274]"
2541327.595342,3000,d4965426-a3d1-4387-b3b7-7043d09ef380,worker_1,worker_1,GPU_COMPUTE,0.050000,0.050000,GPU Compute
2541327.753342,3000,d4965426-a3d1-4387-b3b7-7043d09ef380,worker_1,coordinator_0,NET_TRANSFER,0.000100,0.158000,Signal Finished
2542395.192244,3000,d4965426-a3d1-4387-b3b7-7043d09ef380,coordinator_0,worker_2,NET_TRANSFER,13.341111,1067.438902,Distribute Layer ID: feefb611
2542395.277776,3000,d4965426-a3d1-4387-b3b7-7043d09ef380,worker_2,worker_2,MEM_MOVE,10.948115,0.085532,"Evict VRAM -> RAM [Model: d4965426, Layer: e8ceb7e0]"
2542395.382003,3000,d4965426-a3d1-4387-b3b7-7043d09ef380,worker_2,worker_2,DISK_LOAD,13.341111,0.104227,"Disk -> RAM [Model: d4965426, Layer: feefb611]"
2542395.486231,3000,d4965426-a3d1-4387-b3b7-7043d09ef380,worker_2,worker_2,MEM_MOVE,13.341111,0.104227,"RAM -> VRAM [Model: d4965426, Layer: feefb611]"
2542395.536231,3000,d4965426-a3d1-4387-b3b7-7043d09ef380,worker_2,worker_2,GPU_COMPUTE,0.050000,0.050000,GPU Compute
2542395.694231,3000,d4965426-a3d1-4387-b3b7-7043d09ef380,worker_2,coordinator_0,NET_TRANSFER,0.000100,0.158000,Signal Finished
2543361.545911,3000,d4965426-a3d1-4387-b3b7-7043d09ef380,coordinator_0,worker_3,NET_TRANSFER,12.071271,965.851680,Distribute Layer ID: 4a1df0f7
2543361.589704,3000,d4965426-a3d1-4387-b3b7-7043d09ef380,worker_3,worker_3,MEM_MOVE,5.605483,0.043793,"Evict VRAM -> RAM [Model: d4965426, Layer: 19905f5b]"
2543361.689524,3000,d4965426-a3d1-4387-b3b7-7043d09ef380,worker_3,worker_3,MEM_MOVE,12.776920,0.099820,"Evict VRAM -> RAM [Model: d4965426, Layer: 8b1afb55]"
2543361.783830,3000,d4965426-a3d1-4387-b3b7-7043d09ef380,worker_3,worker_3,DISK_LOAD,12.071271,0.094307,"Disk -> RAM [Model: d4965426, Layer: 4a1df0f7]"
2543361.878137,3000,d4965426-a3d1-4387-b3b7-7043d09ef380,worker_3,worker_3,MEM_MOVE,12.071271,0.094307,"RAM -> VRAM [Model: d4965426, Layer: 4a1df0f7]"
2543361.928137,3000,d4965426-a3d1-4387-b3b7-7043d09ef380,worker_3,worker_3,GPU_COMPUTE,0.050000,0.050000,GPU Compute
2543362.086137,3000,d4965426-a3d1-4387-b3b7-7043d09ef380,worker_3,coordinator_0,NET_TRANSFER,0.000100,0.158000,Signal Finished
2544546.139593,3000,d4965426-a3d1-4387-b3b7-7043d09ef380,coordinator_0,worker_4,NET_TRANSFER,14.798793,1184.053456,Distribute Layer ID: a0734e8f
2544546.221409,3000,d4965426-a3d1-4387-b3b7-7043d09ef380,worker_4,worker_4,MEM_MOVE,10.472450,0.081816,"Evict VRAM -> RAM [Model: d4965426, Layer: 902f8f26]"
2544546.291947,3000,d4965426-a3d1-4387-b3b7-7043d09ef380,worker_4,worker_4,MEM_MOVE,9.028828,0.070538,"Evict VRAM -> RAM [Model: d4965426, Layer: 2bcff1fa]"
2544546.407562,3000,d4965426-a3d1-4387-b3b7-7043d09ef380,worker_4,worker_4,DISK_LOAD,14.798793,0.115616,"Disk -> RAM [Model: d4965426, Layer: a0734e8f]"
2544546.523178,3000,d4965426-a3d1-4387-b3b7-7043d09ef380,worker_4,worker_4,MEM_MOVE,14.798793,0.115616,"RAM -> VRAM [Model: d4965426, Layer: a0734e8f]"
2544546.573178,3000,d4965426-a3d1-4387-b3b7-7043d09ef380,worker_4,worker_4,GPU_COMPUTE,0.050000,0.050000,GPU Compute
2544546.731178,3000,d4965426-a3d1-4387-b3b7-7043d09ef380,worker_4,coordinator_0,NET_TRANSFER,0.000100,0.158000,Signal Finished
2545620.470306,3000,d4965426-a3d1-4387-b3b7-7043d09ef380,coordinator_0,worker_1,NET_TRANSFER,13.419864,1073.739128,Distribute Layer ID: 1dc85e9b
2545620.553098,3000,d4965426-a3d1-4387-b3b7-7043d09ef380,worker_1,worker_1,MEM_MOVE,10.597416,0.082792,"Evict VRAM -> RAM [Model: d4965426, Layer: a92f1274]"
2545620.639183,3000,d4965426-a3d1-4387-b3b7-7043d09ef380,worker_1,worker_1,MEM_MOVE,11.018762,0.086084,"Evict VRAM -> RAM [Model: d4965426, Layer: c141e48f]"
2545620.744025,3000,d4965426-a3d1-4387-b3b7-7043d09ef380,worker_1,worker_1,DISK_LOAD,13.419864,0.104843,"Disk -> RAM [Model: d4965426, Layer: 1dc85e9b]"
2545620.848868,3000,d4965426-a3d1-4387-b3b7-7043d09ef380,worker_1,worker_1,MEM_MOVE,13.419864,0.104843,"RAM -> VRAM [Model: d4965426, Layer: 1dc85e9b]"
2545620.898868,3000,d4965426-a3d1-4387-b3b7-7043d09ef380,worker_1,worker_1,GPU_COMPUTE,0.050000,0.050000,GPU Compute
2545621.056868,3000,d4965426-a3d1-4387-b3b7-7043d09ef380,worker_1,coordinator_0,NET_TRANSFER,0.000100,0.158000,Signal Finished
2546263.311371,3000,d4965426-a3d1-4387-b3b7-7043d09ef380,coordinator_0,worker_2,NET_TRANSFER,8.026306,642.254503,Distribute Layer ID: 1c9385a0
2546263.415599,3000,d4965426-a3d1-4387-b3b7-7043d09ef380,worker_2,worker_2,MEM_MOVE,13.341111,0.104227,"Evict VRAM -> RAM [Model: d4965426, Layer: feefb611]"
2546263.478304,3000,d4965426-a3d1-4387-b3b7-7043d09ef380,worker_2,worker_2,DISK_LOAD,8.026306,0.062706,"Disk -> RAM [Model: d4965426, Layer: 1c9385a0]"
2546263.541010,3000,d4965426-a3d1-4387-b3b7-7043d09ef380,worker_2,worker_2,MEM_MOVE,8.026306,0.062706,"RAM -> VRAM [Model: d4965426, Layer: 1c9385a0]"
2546263.591010,3000,d4965426-a3d1-4387-b3b7-7043d09ef380,worker_2,worker_2,GPU_COMPUTE,0.050000,0.050000,GPU Compute
2546263.749010,3000,d4965426-a3d1-4387-b3b7-7043d09ef380,worker_2,coordinator_0,NET_TRANSFER,0.000100,0.158000,Signal Finished
2547189.516070,3000,d4965426-a3d1-4387-b3b7-7043d09ef380,coordinator_0,worker_3,NET_TRANSFER,11.570213,925.767060,Distribute Layer ID: 1a2b73bf
2547189.610376,3000,d4965426-a3d1-4387-b3b7-7043d09ef380,worker_3,worker_3,MEM_MOVE,12.071271,0.094307,"Evict VRAM -> RAM [Model: d4965426, Layer: 4a1df0f7]"
2547189.700769,3000,d4965426-a3d1-4387-b3b7-7043d09ef380,worker_3,worker_3,DISK_LOAD,11.570213,0.090392,"Disk -> RAM [Model: d4965426, Layer: 1a2b73bf]"
2547189.791161,3000,d4965426-a3d1-4387-b3b7-7043d09ef380,worker_3,worker_3,MEM_MOVE,11.570213,0.090392,"RAM -> VRAM [Model: d4965426, Layer: 1a2b73bf]"
2547189.841161,3000,d4965426-a3d1-4387-b3b7-7043d09ef380,worker_3,worker_3,GPU_COMPUTE,0.050000,0.050000,GPU Compute
2547189.999161,3000,d4965426-a3d1-4387-b3b7-7043d09ef380,worker_3,coordinator_0,NET_TRANSFER,0.000100,0.158000,Signal Finished
2548329.904575,3000,d4965426-a3d1-4387-b3b7-7043d09ef380,coordinator_0,worker_4,NET_TRANSFER,14.246943,1139.905414,Distribute Layer ID: dd8ecea0
2548330.020191,3000,d4965426-a3d1-4387-b3b7-7043d09ef380,worker_4,worker_4,MEM_MOVE,14.798793,0.115616,"Evict VRAM -> RAM [Model: d4965426, Layer: a0734e8f]"
2548330.131495,3000,d4965426-a3d1-4387-b3b7-7043d09ef380,worker_4,worker_4,DISK_LOAD,14.246943,0.111304,"Disk -> RAM [Model: d4965426, Layer: dd8ecea0]"
2548330.242799,3000,d4965426-a3d1-4387-b3b7-7043d09ef380,worker_4,worker_4,MEM_MOVE,14.246943,0.111304,"RAM -> VRAM [Model: d4965426, Layer: dd8ecea0]"
2548330.292799,3000,d4965426-a3d1-4387-b3b7-7043d09ef380,worker_4,worker_4,GPU_COMPUTE,0.050000,0.050000,GPU Compute
2548330.450799,3000,d4965426-a3d1-4387-b3b7-7043d09ef380,worker_4,coordinator_0,NET_TRANSFER,0.000100,0.158000,Signal Finished
2549029.810088,3000,d4965426-a3d1-4387-b3b7-7043d09ef380,coordinator_0,worker_1,NET_TRANSFER,8.740116,699.359289,Distribute Layer ID: 65db2a0a
2549029.878371,3000,d4965426-a3d1-4387-b3b7-7043d09ef380,worker_1,worker_1,DISK_LOAD,8.740116,0.068282,"Disk -> RAM [Model: d4965426, Layer: 65db2a0a]"
2549029.946653,3000,d4965426-a3d1-4387-b3b7-7043d09ef380,worker_1,worker_1,MEM_MOVE,8.740116,0.068282,"RAM -> VRAM [Model: d4965426, Layer: 65db2a0a]"
2549029.996653,3000,d4965426-a3d1-4387-b3b7-7043d09ef380,worker_1,worker_1,GPU_COMPUTE,0.050000,0.050000,GPU Compute
2549030.154653,3000,d4965426-a3d1-4387-b3b7-7043d09ef380,worker_1,coordinator_0,NET_TRANSFER,0.000100,0.158000,Signal Finished
2550062.820638,3000,d4965426-a3d1-4387-b3b7-7043d09ef380,coordinator_0,worker_2,NET_TRANSFER,12.906450,1032.665985,Distribute Layer ID: a3ad93b5
2550062.883344,3000,d4965426-a3d1-4387-b3b7-7043d09ef380,worker_2,worker_2,MEM_MOVE,8.026306,0.062706,"Evict VRAM -> RAM [Model: d4965426, Layer: 1c9385a0]"
2550062.984175,3000,d4965426-a3d1-4387-b3b7-7043d09ef380,worker_2,worker_2,DISK_LOAD,12.906450,0.100832,"Disk -> RAM [Model: d4965426, Layer: a3ad93b5]"
2550063.085007,3000,d4965426-a3d1-4387-b3b7-7043d09ef380,worker_2,worker_2,MEM_MOVE,12.906450,0.100832,"RAM -> VRAM [Model: d4965426, Layer: a3ad93b5]"
2550063.135007,3000,d4965426-a3d1-4387-b3b7-7043d09ef380,worker_2,worker_2,GPU_COMPUTE,0.050000,0.050000,GPU Compute
2550063.293007,3000,d4965426-a3d1-4387-b3b7-7043d09ef380,worker_2,coordinator_0,NET_TRANSFER,0.000100,0.158000,Signal Finished
2551001.702877,4000,44d6099b-c80b-4423-b304-b17e70c9816c,coordinator_0,worker_1,NET_TRANSFER,11.728248,938.409870,Distribute Layer ID: 6337742a
2551001.771159,4000,44d6099b-c80b-4423-b304-b17e70c9816c,worker_1,worker_1,MEM_MOVE,8.740116,0.068282,"Evict VRAM -> RAM [Model: d4965426, Layer: 65db2a0a]"
2551001.876001,4000,44d6099b-c80b-4423-b304-b17e70c9816c,worker_1,worker_1,MEM_MOVE,13.419864,0.104843,"Evict VRAM -> RAM [Model: d4965426, Layer: 1dc85e9b]"
2551001.967628,4000,44d6099b-c80b-4423-b304-b17e70c9816c,worker_1,worker_1,DISK_LOAD,11.728248,0.091627,"Disk -> RAM [Model: 44d6099b, Layer: 6337742a]"
2551002.059255,4000,44d6099b-c80b-4423-b304-b17e70c9816c,worker_1,worker_1,MEM_MOVE,11.728248,0.091627,"RAM -> VRAM [Model: 44d6099b, Layer: 6337742a]"
2551002.109255,4000,44d6099b-c80b-4423-b304-b17e70c9816c,worker_1,worker_1,GPU_COMPUTE,0.050000,0.050000,GPU Compute
2551002.267255,4000,44d6099b-c80b-4423-b304-b17e70c9816c,worker_1,coordinator_0,NET_TRANSFER,0.000100,0.158000,Signal Finished
2552059.403457,4000,44d6099b-c80b-4423-b304-b17e70c9816c,coordinator_0,worker_2,NET_TRANSFER,13.212328,1057.136202,Distribute Layer ID: 956381ed
2552059.504288,4000,44d6099b-c80b-4423-b304-b17e70c9816c,worker_2,worker_2,MEM_MOVE,12.906450,0.100832,"Evict VRAM -> RAM [Model: d4965426, Layer: a3ad93b5]"
2552059.607510,4000,44d6099b-c80b-4423-b304-b17e70c9816c,worker_2,worker_2,DISK_LOAD,13.212328,0.103221,"Disk -> RAM [Model: 44d6099b, Layer: 956381ed]"
2552059.710731,4000,44d6099b-c80b-4423-b304-b17e70c9816c,worker_2,worker_2,MEM_MOVE,13.212328,0.103221,"RAM -> VRAM [Model: 44d6099b, Layer: 956381ed]"
2552059.760731,4000,44d6099b-c80b-4423-b304-b17e70c9816c,worker_2,worker_2,GPU_COMPUTE,0.050000,0.050000,GPU Compute
2552059.918731,4000,44d6099b-c80b-4423-b304-b17e70c9816c,worker_2,coordinator_0,NET_TRANSFER,0.000100,0.158000,Signal Finished
2553151.265720,4000,44d6099b-c80b-4423-b304-b17e70c9816c,coordinator_0,worker_3,NET_TRANSFER,13.639962,1091.346989,Distribute Layer ID: 76bf6e74
2553151.356112,4000,44d6099b-c80b-4423-b304-b17e70c9816c,worker_3,worker_3,MEM_MOVE,11.570213,0.090392,"Evict VRAM -> RAM [Model: d4965426, Layer: 1a2b73bf]"
2553151.462674,4000,44d6099b-c80b-4423-b304-b17e70c9816c,worker_3,worker_3,DISK_LOAD,13.639962,0.106562,"Disk -> RAM [Model: 44d6099b, Layer: 76bf6e74]"
2553151.569237,4000,44d6099b-c80b-4423-b304-b17e70c9816c,worker_3,worker_3,MEM_MOVE,13.639962,0.106562,"RAM -> VRAM [Model: 44d6099b, Layer: 76bf6e74]"
2553151.619237,4000,44d6099b-c80b-4423-b304-b17e70c9816c,worker_3,worker_3,GPU_COMPUTE,0.050000,0.050000,GPU Compute
2553151.777237,4000,44d6099b-c80b-4423-b304-b17e70c9816c,worker_3,coordinator_0,NET_TRANSFER,0.000100,0.158000,Signal Finished
2554029.111331,4000,44d6099b-c80b-4423-b304-b17e70c9816c,coordinator_0,worker_4,NET_TRANSFER,10.964801,877.334094,Distribute Layer ID: 739f1243
2554029.222635,4000,44d6099b-c80b-4423-b304-b17e70c9816c,worker_4,worker_4,MEM_MOVE,14.246943,0.111304,"Evict VRAM -> RAM [Model: d4965426, Layer: dd8ecea0]"
2554029.308298,4000,44d6099b-c80b-4423-b304-b17e70c9816c,worker_4,worker_4,DISK_LOAD,10.964801,0.085663,"Disk -> RAM [Model: 44d6099b, Layer: 739f1243]"
2554029.393960,4000,44d6099b-c80b-4423-b304-b17e70c9816c,worker_4,worker_4,MEM_MOVE,10.964801,0.085663,"RAM -> VRAM [Model: 44d6099b, Layer: 739f1243]"
2554029.443960,4000,44d6099b-c80b-4423-b304-b17e70c9816c,worker_4,worker_4,GPU_COMPUTE,0.050000,0.050000,GPU Compute
2554029.601960,4000,44d6099b-c80b-4423-b304-b17e70c9816c,worker_4,coordinator_0,NET_TRANSFER,0.000100,0.158000,Signal Finished
2554731.443069,4000,44d6099b-c80b-4423-b304-b17e70c9816c,coordinator_0,worker_1,NET_TRANSFER,8.771139,701.841109,Distribute Layer ID: 33aae764
2554731.511593,4000,44d6099b-c80b-4423-b304-b17e70c9816c,worker_1,worker_1,DISK_LOAD,8.771139,0.068525,"Disk -> RAM [Model: 44d6099b, Layer: 33aae764]"
2554731.580118,4000,44d6099b-c80b-4423-b304-b17e70c9816c,worker_1,worker_1,MEM_MOVE,8.771139,0.068525,"RAM -> VRAM [Model: 44d6099b, Layer: 33aae764]"
2554731.630118,4000,44d6099b-c80b-4423-b304-b17e70c9816c,worker_1,worker_1,GPU_COMPUTE,0.050000,0.050000,GPU Compute
2554731.788118,4000,44d6099b-c80b-4423-b304-b17e70c9816c,worker_1,coordinator_0,NET_TRANSFER,0.000100,0.158000,Signal Finished
2555111.945567,4000,44d6099b-c80b-4423-b304-b17e70c9816c,coordinator_0,worker_2,NET_TRANSFER,4.750093,380.157449,Distribute Layer ID: 1a35ca0d
2555112.048788,4000,44d6099b-c80b-4423-b304-b17e70c9816c,worker_2,worker_2,MEM_MOVE,13.212328,0.103221,"Evict VRAM -> RAM [Model: 44d6099b, Layer: 956381ed]"
2555112.085898,4000,44d6099b-c80b-4423-b304-b17e70c9816c,worker_2,worker_2,DISK_LOAD,4.750093,0.037110,"Disk -> RAM [Model: 44d6099b, Layer: 1a35ca0d]"
2555112.123008,4000,44d6099b-c80b-4423-b304-b17e70c9816c,worker_2,worker_2,MEM_MOVE,4.750093,0.037110,"RAM -> VRAM [Model: 44d6099b, Layer: 1a35ca0d]"
2555112.173008,4000,44d6099b-c80b-4423-b304-b17e70c9816c,worker_2,worker_2,GPU_COMPUTE,0.050000,0.050000,GPU Compute
2555112.331008,4000,44d6099b-c80b-4423-b304-b17e70c9816c,worker_2,coordinator_0,NET_TRANSFER,0.000100,0.158000,Signal Finished
2555938.713509,4000,44d6099b-c80b-4423-b304-b17e70c9816c,coordinator_0,worker_3,NET_TRANSFER,10.327906,826.382501,Distribute Layer ID: dadb322d
2555938.820072,4000,44d6099b-c80b-4423-b304-b17e70c9816c,worker_3,worker_3,MEM_MOVE,13.639962,0.106562,"Evict VRAM -> RAM [Model: 44d6099b, Layer: 76bf6e74]"
2555938.900758,4000,44d6099b-c80b-4423-b304-b17e70c9816c,worker_3,worker_3,DISK_LOAD,10.327906,0.080687,"Disk -> RAM [Model: 44d6099b, Layer: dadb322d]"
2555938.981445,4000,44d6099b-c80b-4423-b304-b17e70c9816c,worker_3,worker_3,MEM_MOVE,10.327906,0.080687,"RAM -> VRAM [Model: 44d6099b, Layer: dadb322d]"
2555939.031445,4000,44d6099b-c80b-4423-b304-b17e70c9816c,worker_3,worker_3,GPU_COMPUTE,0.050000,0.050000,GPU Compute
2555939.189445,4000,44d6099b-c80b-4423-b304-b17e70c9816c,worker_3,coordinator_0,NET_TRANSFER,0.000100,0.158000,Signal Finished
2556693.291197,4000,44d6099b-c80b-4423-b304-b17e70c9816c,coordinator_0,worker_4,NET_TRANSFER,9.424397,754.101751,Distribute Layer ID: e367659d
2556693.364825,4000,44d6099b-c80b-4423-b304-b17e70c9816c,worker_4,worker_4,DISK_LOAD,9.424397,0.073628,"Disk -> RAM [Model: 44d6099b, Layer: e367659d]"
2556693.438453,4000,44d6099b-c80b-4423-b304-b17e70c9816c,worker_4,worker_4,MEM_MOVE,9.424397,0.073628,"RAM -> VRAM [Model: 44d6099b, Layer: e367659d]"
2556693.488453,4000,44d6099b-c80b-4423-b304-b17e70c9816c,worker_4,worker_4,GPU_COMPUTE,0.050000,0.050000,GPU Compute
2556693.646453,4000,44d6099b-c80b-4423-b304-b17e70c9816c,worker_4,coordinator_0,NET_TRANSFER,0.000100,0.158000,Signal Finished
2557485.804949,4000,44d6099b-c80b-4423-b304-b17e70c9816c,coordinator_0,worker_1,NET_TRANSFER,9.900106,792.158497,Distribute Layer ID: ddaf551e
2557485.873474,4000,44d6099b-c80b-4423-b304-b17e70c9816c,worker_1,worker_1,MEM_MOVE,8.771139,0.068525,"Evict VRAM -> RAM [Model: 44d6099b, Layer: 33aae764]"
2557485.950818,4000,44d6099b-c80b-4423-b304-b17e70c9816c,worker_1,worker_1,DISK_LOAD,9.900106,0.077345,"Disk -> RAM [Model: 44d6099b, Layer: ddaf551e]"
2557486.028163,4000,44d6099b-c80b-4423-b304-b17e70c9816c,worker_1,worker_1,MEM_MOVE,9.900106,0.077345,"RAM -> VRAM [Model: 44d6099b, Layer: ddaf551e]"
2557486.078163,4000,44d6099b-c80b-4423-b304-b17e70c9816c,worker_1,worker_1,GPU_COMPUTE,0.050000,0.050000,GPU Compute
2557486.236163,4000,44d6099b-c80b-4423-b304-b17e70c9816c,worker_1,coordinator_0,NET_TRANSFER,0.000100,0.158000,Signal Finished
2558545.559446,4000,44d6099b-c80b-4423-b304-b17e70c9816c,coordinator_0,worker_2,NET_TRANSFER,13.239666,1059.323283,Distribute Layer ID: 1bc2ab94
2558545.596556,4000,44d6099b-c80b-4423-b304-b17e70c9816c,worker_2,worker_2,MEM_MOVE,4.750093,0.037110,"Evict VRAM -> RAM [Model: 44d6099b, Layer: 1a35ca0d]"
2558545.699991,4000,44d6099b-c80b-4423-b304-b17e70c9816c,worker_2,worker_2,DISK_LOAD,13.239666,0.103435,"Disk -> RAM [Model: 44d6099b, Layer: 1bc2ab94]"
2558545.803426,4000,44d6099b-c80b-4423-b304-b17e70c9816c,worker_2,worker_2,MEM_MOVE,13.239666,0.103435,"RAM -> VRAM [Model: 44d6099b, Layer: 1bc2ab94]"
2558545.853426,4000,44d6099b-c80b-4423-b304-b17e70c9816c,worker_2,worker_2,GPU_COMPUTE,0.050000,0.050000,GPU Compute
2558546.011426,4000,44d6099b-c80b-4423-b304-b17e70c9816c,worker_2,coordinator_0,NET_TRANSFER,0.000100,0.158000,Signal Finished
2559457.576537,4000,44d6099b-c80b-4423-b304-b17e70c9816c,coordinator_0,worker_3,NET_TRANSFER,11.392689,911.565111,Distribute Layer ID: 456517c2
2559457.657224,4000,44d6099b-c80b-4423-b304-b17e70c9816c,worker_3,worker_3,MEM_MOVE,10.327906,0.080687,"Evict VRAM -> RAM [Model: 44d6099b, Layer: dadb322d]"
2559457.746229,4000,44d6099b-c80b-4423-b304-b17e70c9816c,worker_3,worker_3,DISK_LOAD,11.392689,0.089005,"Disk -> RAM [Model: 44d6099b, Layer: 456517c2]"
2559457.835234,4000,44d6099b-c80b-4423-b304-b17e70c9816c,worker_3,worker_3,MEM_MOVE,11.392689,0.089005,"RAM -> VRAM [Model: 44d6099b, Layer: 456517c2]"
2559457.885234,4000,44d6099b-c80b-4423-b304-b17e70c9816c,worker_3,worker_3,GPU_COMPUTE,0.050000,0.050000,GPU Compute
2559458.043234,4000,44d6099b-c80b-4423-b304-b17e70c9816c,worker_3,coordinator_0,NET_TRANSFER,0.000100,0.158000,Signal Finished
2560464.666547,4000,44d6099b-c80b-4423-b304-b17e70c9816c,coordinator_0,worker_4,NET_TRANSFER,12.580916,1006.623312,Distribute Layer ID: f46b9c13
2560464.740175,4000,44d6099b-c80b-4423-b304-b17e70c9816c,worker_4,worker_4,MEM_MOVE,9.424397,0.073628,"Evict VRAM -> RAM [Model: 44d6099b, Layer: e367659d]"
2560464.825837,4000,44d6099b-c80b-4423-b304-b17e70c9816c,worker_4,worker_4,MEM_MOVE,10.964801,0.085663,"Evict VRAM -> RAM [Model: 44d6099b, Layer: 739f1243]"
2560464.924126,4000,44d6099b-c80b-4423-b304-b17e70c9816c,worker_4,worker_4,DISK_LOAD,12.580916,0.098288,"Disk -> RAM [Model: 44d6099b, Layer: f46b9c13]"
2560465.022414,4000,44d6099b-c80b-4423-b304-b17e70c9816c,worker_4,worker_4,MEM_MOVE,12.580916,0.098288,"RAM -> VRAM [Model: 44d6099b, Layer: f46b9c13]"
2560465.072414,4000,44d6099b-c80b-4423-b304-b17e70c9816c,worker_4,worker_4,GPU_COMPUTE,0.050000,0.050000,GPU Compute
2560465.230414,4000,44d6099b-c80b-4423-b304-b17e70c9816c,worker_4,coordinator_0,NET_TRANSFER,0.000100,0.158000,Signal Finished
2561115.236985,4000,44d6099b-c80b-4423-b304-b17e70c9816c,coordinator_0,worker_1,NET_TRANSFER,8.123207,650.006571,Distribute Layer ID: 3dad684c
2561115.314329,4000,44d6099b-c80b-4423-b304-b17e70c9816c,worker_1,worker_1,MEM_MOVE,9.900106,0.077345,"Evict VRAM -> RAM [Model: 44d6099b, Layer: ddaf551e]"
2561115.377792,4000,44d6099b-c80b-4423-b304-b17e70c9816c,worker_1,worker_1,DISK_LOAD,8.123207,0.063463,"Disk -> RAM [Model: 44d6099b, Layer: 3dad684c]"
2561115.441254,4000,44d6099b-c80b-4423-b304-b17e70c9816c,worker_1,worker_1,MEM_MOVE,8.123207,0.063463,"RAM -> VRAM [Model: 44d6099b, Layer: 3dad684c]"
2561115.491254,4000,44d6099b-c80b-4423-b304-b17e70c9816c,worker_1,worker_1,GPU_COMPUTE,0.050000,0.050000,GPU Compute
2561115.649254,4000,44d6099b-c80b-4423-b304-b17e70c9816c,worker_1,coordinator_0,NET_TRANSFER,0.000100,0.158000,Signal Finished
2561679.214415,4000,44d6099b-c80b-4423-b304-b17e70c9816c,coordinator_0,worker_2,NET_TRANSFER,7.042690,563.565161,Distribute Layer ID: 9208cfc2
2561679.317850,4000,44d6099b-c80b-4423-b304-b17e70c9816c,worker_2,worker_2,MEM_MOVE,13.239666,0.103435,"Evict VRAM -> RAM [Model: 44d6099b, Layer: 1bc2ab94]"
2561679.372871,4000,44d6099b-c80b-4423-b304-b17e70c9816c,worker_2,worker_2,DISK_LOAD,7.042690,0.055021,"Disk -> RAM [Model: 44d6099b, Layer: 9208cfc2]"
2561679.427892,4000,44d6099b-c80b-4423-b304-b17e70c9816c,worker_2,worker_2,MEM_MOVE,7.042690,0.055021,"RAM -> VRAM [Model: 44d6099b, Layer: 9208cfc2]"
2561679.477892,4000,44d6099b-c80b-4423-b304-b17e70c9816c,worker_2,worker_2,GPU_COMPUTE,0.050000,0.050000,GPU Compute
2561679.635892,4000,44d6099b-c80b-4423-b304-b17e70c9816c,worker_2,coordinator_0,NET_TRANSFER,0.000100,0.158000,Signal Finished
2562317.634376,4000,44d6099b-c80b-4423-b304-b17e70c9816c,coordinator_0,worker_3,NET_TRANSFER,7.973106,637.998484,Distribute Layer ID: 9e5b829d
2562317.696666,4000,44d6099b-c80b-4423-b304-b17e70c9816c,worker_3,worker_3,DISK_LOAD,7.973106,0.062290,"Disk -> RAM [Model: 44d6099b, Layer: 9e5b829d]"
2562317.758956,4000,44d6099b-c80b-4423-b304-b17e70c9816c,worker_3,worker_3,MEM_MOVE,7.973106,0.062290,"RAM -> VRAM [Model: 44d6099b, Layer: 9e5b829d]"
2562317.808956,4000,44d6099b-c80b-4423-b304-b17e70c9816c,worker_3,worker_3,GPU_COMPUTE,0.050000,0.050000,GPU Compute
2562317.966956,4000,44d6099b-c80b-4423-b304-b17e70c9816c,worker_3,coordinator_0,NET_TRANSFER,0.000100,0.158000,Signal Finished
2563250.274950,4000,44d6099b-c80b-4423-b304-b17e70c9816c,coordinator_0,worker_4,NET_TRANSFER,11.651975,932.307994,Distribute Layer ID: b8d7b1d1
2563250.373239,4000,44d6099b-c80b-4423-b304-b17e70c9816c,worker_4,worker_4,MEM_MOVE,12.580916,0.098288,"Evict VRAM -> RAM [Model: 44d6099b, Layer: f46b9c13]"
2563250.464270,4000,44d6099b-c80b-4423-b304-b17e70c9816c,worker_4,worker_4,DISK_LOAD,11.651975,0.091031,"Disk -> RAM [Model: 44d6099b, Layer: b8d7b1d1]"
2563250.555301,4000,44d6099b-c80b-4423-b304-b17e70c9816c,worker_4,worker_4,MEM_MOVE,11.651975,0.091031,"RAM -> VRAM [Model: 44d6099b, Layer: b8d7b1d1]"
2563250.605301,4000,44d6099b-c80b-4423-b304-b17e70c9816c,worker_4,worker_4,GPU_COMPUTE,0.050000,0.050000,GPU Compute
2563250.763301,4000,44d6099b-c80b-4423-b304-b17e70c9816c,worker_4,coordinator_0,NET_TRANSFER,0.000100,0.158000,Signal Finished
2564367.755020,4000,44d6099b-c80b-4423-b304-b17e70c9816c,coordinator_0,worker_1,NET_TRANSFER,13.960521,1116.991720,Distribute Layer ID: 523fbddd
2564367.818483,4000,44d6099b-c80b-4423-b304-b17e70c9816c,worker_1,worker_1,MEM_MOVE,8.123207,0.063463,"Evict VRAM -> RAM [Model: 44d6099b, Layer: 3dad684c]"
2564367.910110,4000,44d6099b-c80b-4423-b304-b17e70c9816c,worker_1,worker_1,MEM_MOVE,11.728248,0.091627,"Evict VRAM -> RAM [Model: 44d6099b, Layer: 6337742a]"
2564368.019176,4000,44d6099b-c80b-4423-b304-b17e70c9816c,worker_1,worker_1,DISK_LOAD,13.960521,0.109067,"Disk -> RAM [Model: 44d6099b, Layer: 523fbddd]"
2564368.128243,4000,44d6099b-c80b-4423-b304-b17e70c9816c,worker_1,worker_1,MEM_MOVE,13.960521,0.109067,"RAM -> VRAM [Model: 44d6099b, Layer: 523fbddd]"
2564368.178243,4000,44d6099b-c80b-4423-b304-b17e70c9816c,worker_1,worker_1,GPU_COMPUTE,0.050000,0.050000,GPU Compute
2564368.336243,4000,44d6099b-c80b-4423-b304-b17e70c9816c,worker_1,coordinator_0,NET_TRANSFER,0.000100,0.158000,Signal Finished
2565498.737164,4000,44d6099b-c80b-4423-b304-b17e70c9816c,coordinator_0,worker_2,NET_TRANSFER,14.128137,1130.400921,Distribute Layer ID: 56f07e42
2565498.792185,4000,44d6099b-c80b-4423-b304-b17e70c9816c,worker_2,worker_2,MEM_MOVE,7.042690,0.055021,"Evict VRAM -> RAM [Model: 44d6099b, Layer: 9208cfc2]"
2565498.902561,4000,44d6099b-c80b-4423-b304-b17e70c9816c,worker_2,worker_2,DISK_LOAD,14.128137,0.110376,"Disk -> RAM [Model: 44d6099b, Layer: 56f07e42]"
2565499.012937,4000,44d6099b-c80b-4423-b304-b17e70c9816c,worker_2,worker_2,MEM_MOVE,14.128137,0.110376,"RAM -> VRAM [Model: 44d6099b, Layer: 56f07e42]"
2565499.062937,4000,44d6099b-c80b-4423-b304-b17e70c9816c,worker_2,worker_2,GPU_COMPUTE,0.050000,0.050000,GPU Compute
2565499.220937,4000,44d6099b-c80b-4423-b304-b17e70c9816c,worker_2,coordinator_0,NET_TRANSFER,0.000100,0.158000,Signal Finished
2566440.930358,4000,44d6099b-c80b-4423-b304-b17e70c9816c,coordinator_0,worker_3,NET_TRANSFER,11.769493,941.709421,Distribute Layer ID: e2143eab
2566440.992648,4000,44d6099b-c80b-4423-b304-b17e70c9816c,worker_3,worker_3,MEM_MOVE,7.973106,0.062290,"Evict VRAM -> RAM [Model: 44d6099b, Layer: 9e5b829d]"
2566441.081654,4000,44d6099b-c80b-4423-b304-b17e70c9816c,worker_3,worker_3,MEM_MOVE,11.392689,0.089005,"Evict VRAM -> RAM [Model: 44d6099b, Layer: 456517c2]"
2566441.173603,4000,44d6099b-c80b-4423-b304-b17e70c9816c,worker_3,worker_3,DISK_LOAD,11.769493,0.091949,"Disk -> RAM [Model: 44d6099b, Layer: e2143eab]"
2566441.265552,4000,44d6099b-c80b-4423-b304-b17e70c9816c,worker_3,worker_3,MEM_MOVE,11.769493,0.091949,"RAM -> VRAM [Model: 44d6099b, Layer: e2143eab]"
2566441.315552,4000,44d6099b-c80b-4423-b304-b17e70c9816c,worker_3,worker_3,GPU_COMPUTE,0.050000,0.050000,GPU Compute
2566441.473552,4000,44d6099b-c80b-4423-b304-b17e70c9816c,worker_3,coordinator_0,NET_TRANSFER,0.000100,0.158000,Signal Finished
2567305.076386,4000,44d6099b-c80b-4423-b304-b17e70c9816c,coordinator_0,worker_4,NET_TRANSFER,10.793160,863.602834,Distribute Layer ID: c4073272
2567305.167417,4000,44d6099b-c80b-4423-b304-b17e70c9816c,worker_4,worker_4,MEM_MOVE,11.651975,0.091031,"Evict VRAM -> RAM [Model: 44d6099b, Layer: b8d7b1d1]"
2567305.251738,4000,44d6099b-c80b-4423-b304-b17e70c9816c,worker_4,worker_4,DISK_LOAD,10.793160,0.084322,"Disk -> RAM [Model: 44d6099b, Layer: c4073272]"
2567305.336060,4000,44d6099b-c80b-4423-b304-b17e70c9816c,worker_4,worker_4,MEM_MOVE,10.793160,0.084322,"RAM -> VRAM [Model: 44d6099b, Layer: c4073272]"
2567305.386060,4000,44d6099b-c80b-4423-b304-b17e70c9816c,worker_4,worker_4,GPU_COMPUTE,0.050000,0.050000,GPU Compute
2567305.544060,4000,44d6099b-c80b-4423-b304-b17e70c9816c,worker_4,coordinator_0,NET_TRANSFER,0.000100,0.158000,Signal Finished
2567807.293630,4000,44d6099b-c80b-4423-b304-b17e70c9816c,coordinator_0,worker_1,NET_TRANSFER,6.269995,501.749570,Distribute Layer ID: 1aabdc73
2567807.342614,4000,44d6099b-c80b-4423-b304-b17e70c9816c,worker_1,worker_1,DISK_LOAD,6.269995,0.048984,"Disk -> RAM [Model: 44d6099b, Layer: 1aabdc73]"
2567807.391599,4000,44d6099b-c80b-4423-b304-b17e70c9816c,worker_1,worker_1,MEM_MOVE,6.269995,0.048984,"RAM -> VRAM [Model: 44d6099b, Layer: 1aabdc73]"
2567807.441599,4000,44d6099b-c80b-4423-b304-b17e70c9816c,worker_1,worker_1,GPU_COMPUTE,0.050000,0.050000,GPU Compute
2567807.599599,4000,44d6099b-c80b-4423-b304-b17e70c9816c,worker_1,coordinator_0,NET_TRANSFER,0.000100,0.158000,Signal Finished
2568640.755634,4000,44d6099b-c80b-4423-b304-b17e70c9816c,coordinator_0,worker_2,NET_TRANSFER,10.412575,833.156036,Distribute Layer ID: 1774bcee
2568640.866010,4000,44d6099b-c80b-4423-b304-b17e70c9816c,worker_2,worker_2,MEM_MOVE,14.128137,0.110376,"Evict VRAM -> RAM [Model: 44d6099b, Layer: 56f07e42]"
2568640.947359,4000,44d6099b-c80b-4423-b304-b17e70c9816c,worker_2,worker_2,DISK_LOAD,10.412575,0.081348,"Disk -> RAM [Model: 44d6099b, Layer: 1774bcee]"
2568641.028707,4000,44d6099b-c80b-4423-b304-b17e70c9816c,worker_2,worker_2,MEM_MOVE,10.412575,0.081348,"RAM -> VRAM [Model: 44d6099b, Layer: 1774bcee]"
2568641.078707,4000,44d6099b-c80b-4423-b304-b17e70c9816c,worker_2,worker_2,GPU_COMPUTE,0.050000,0.050000,GPU Compute
2568641.236707,4000,44d6099b-c80b-4423-b304-b17e70c9816c,worker_2,coordinator_0,NET_TRANSFER,0.000100,0.158000,Signal Finished
2569549.819039,4000,44d6099b-c80b-4423-b304-b17e70c9816c,coordinator_0,worker_3,NET_TRANSFER,11.355404,908.582332,Distribute Layer ID: 378059d6
2569549.910988,4000,44d6099b-c80b-4423-b304-b17e70c9816c,worker_3,worker_3,MEM_MOVE,11.769493,0.091949,"Evict VRAM -> RAM [Model: 44d6099b, Layer: e2143eab]"
2569549.999702,4000,44d6099b-c80b-4423-b304-b17e70c9816c,worker_3,worker_3,DISK_LOAD,11.355404,0.088714,"Disk -> RAM [Model: 44d6099b, Layer: 378059d6]"
2569550.088416,4000,44d6099b-c80b-4423-b304-b17e70c9816c,worker_3,worker_3,MEM_MOVE,11.355404,0.088714,"RAM -> VRAM [Model: 44d6099b, Layer: 378059d6]"
2569550.138416,4000,44d6099b-c80b-4423-b304-b17e70c9816c,worker_3,worker_3,GPU_COMPUTE,0.050000,0.050000,GPU Compute
2569550.296416,4000,44d6099b-c80b-4423-b304-b17e70c9816c,worker_3,coordinator_0,NET_TRANSFER,0.000100,0.158000,Signal Finished
2570319.818965,4000,44d6099b-c80b-4423-b304-b17e70c9816c,coordinator_0,worker_4,NET_TRANSFER,9.617157,769.522549,Distribute Layer ID: 6c40b038
2570319.894099,4000,44d6099b-c80b-4423-b304-b17e70c9816c,worker_4,worker_4,DISK_LOAD,9.617157,0.075134,"Disk -> RAM [Model: 44d6099b, Layer: 6c40b038]"
2570319.969233,4000,44d6099b-c80b-4423-b304-b17e70c9816c,worker_4,worker_4,MEM_MOVE,9.617157,0.075134,"RAM -> VRAM [Model: 44d6099b, Layer: 6c40b038]"
2570320.019233,4000,44d6099b-c80b-4423-b304-b17e70c9816c,worker_4,worker_4,GPU_COMPUTE,0.050000,0.050000,GPU Compute
2570320.177233,4000,44d6099b-c80b-4423-b304-b17e70c9816c,worker_4,coordinator_0,NET_TRANSFER,0.000100,0.158000,Signal Finished
2571033.108221,4000,44d6099b-c80b-4423-b304-b17e70c9816c,coordinator_0,worker_1,NET_TRANSFER,8.909762,712.930988,Distribute Layer ID: 258e8d9b
2571033.157206,4000,44d6099b-c80b-4423-b304-b17e70c9816c,worker_1,worker_1,MEM_MOVE,6.269995,0.048984,"Evict VRAM -> RAM [Model: 44d6099b, Layer: 1aabdc73]"
2571033.266272,4000,44d6099b-c80b-4423-b304-b17e70c9816c,worker_1,worker_1,MEM_MOVE,13.960521,0.109067,"Evict VRAM -> RAM [Model: 44d6099b, Layer: 523fbddd]"
2571033.335880,4000,44d6099b-c80b-4423-b304-b17e70c9816c,worker_1,worker_1,DISK_LOAD,8.909762,0.069608,"Disk -> RAM [Model: 44d6099b, Layer: 258e8d9b]"
2571033.405487,4000,44d6099b-c80b-4423-b304-b17e70c9816c,worker_1,worker_1,MEM_MOVE,8.909762,0.069608,"RAM -> VRAM [Model: 44d6099b, Layer: 258e8d9b]"
2571033.455487,4000,44d6099b-c80b-4423-b304-b17e70c9816c,worker_1,worker_1,GPU_COMPUTE,0.050000,0.050000,GPU Compute
2571033.613487,4000,44d6099b-c80b-4423-b304-b17e70c9816c,worker_1,coordinator_0,NET_TRANSFER,0.000100,0.158000,Signal Finished
2571639.621741,4000,44d6099b-c80b-4423-b304-b17e70c9816c,coordinator_0,worker_2,NET_TRANSFER,7.573228,606.008253,Distribute Layer ID: bfa2bb2a
2571639.703089,4000,44d6099b-c80b-4423-b304-b17e70c9816c,worker_2,worker_2,MEM_MOVE,10.412575,0.081348,"Evict VRAM -> RAM [Model: 44d6099b, Layer: 1774bcee]"
2571639.762255,4000,44d6099b-c80b-4423-b304-b17e70c9816c,worker_2,worker_2,DISK_LOAD,7.573228,0.059166,"Disk -> RAM [Model: 44d6099b, Layer: bfa2bb2a]"
2571639.821421,4000,44d6099b-c80b-4423-b304-b17e70c9816c,worker_2,worker_2,MEM_MOVE,7.573228,0.059166,"RAM -> VRAM [Model: 44d6099b, Layer: bfa2bb2a]"
2571639.871421,4000,44d6099b-c80b-4423-b304-b17e70c9816c,worker_2,worker_2,GPU_COMPUTE,0.050000,0.050000,GPU Compute
2571640.029421,4000,44d6099b-c80b-4423-b304-b17e70c9816c,worker_2,coordinator_0,NET_TRANSFER,0.000100,0.158000,Signal Finished
2572135.385756,4000,44d6099b-c80b-4423-b304-b17e70c9816c,coordinator_0,worker_3,NET_TRANSFER,6.190079,495.356335,Distribute Layer ID: 093b7746
2572135.434116,4000,44d6099b-c80b-4423-b304-b17e70c9816c,worker_3,worker_3,DISK_LOAD,6.190079,0.048360,"Disk -> RAM [Model: 44d6099b, Layer: 093b7746]"
2572135.482476,4000,44d6099b-c80b-4423-b304-b17e70c9816c,worker_3,worker_3,MEM_MOVE,6.190079,0.048360,"RAM -> VRAM [Model: 44d6099b, Layer: 093b7746]"
2572135.532476,4000,44d6099b-c80b-4423-b304-b17e70c9816c,worker_3,worker_3,GPU_COMPUTE,0.050000,0.050000,GPU Compute
2572135.690476,4000,44d6099b-c80b-4423-b304-b17e70c9816c,worker_3,coordinator_0,NET_TRANSFER,0.000100,0.158000,Signal Finished
2573278.261685,4000,44d6099b-c80b-4423-b304-b17e70c9816c,coordinator_0,worker_4,NET_TRANSFER,14.280265,1142.571209,Distribute Layer ID: cf50e845
2573278.336819,4000,44d6099b-c80b-4423-b304-b17e70c9816c,worker_4,worker_4,MEM_MOVE,9.617157,0.075134,"Evict VRAM -> RAM [Model: 44d6099b, Layer: 6c40b038]"
2573278.421140,4000,44d6099b-c80b-4423-b304-b17e70c9816c,worker_4,worker_4,MEM_MOVE,10.793160,0.084322,"Evict VRAM -> RAM [Model: 44d6099b, Layer: c4073272]"
2573278.532705,4000,44d6099b-c80b-4423-b304-b17e70c9816c,worker_4,worker_4,DISK_LOAD,14.280265,0.111565,"Disk -> RAM [Model: 44d6099b, Layer: cf50e845]"
2573278.644269,4000,44d6099b-c80b-4423-b304-b17e70c9816c,worker_4,worker_4,MEM_MOVE,14.280265,0.111565,"RAM -> VRAM [Model: 44d6099b, Layer: cf50e845]"
2573278.694269,4000,44d6099b-c80b-4423-b304-b17e70c9816c,worker_4,worker_4,GPU_COMPUTE,0.050000,0.050000,GPU Compute
2573278.852269,4000,44d6099b-c80b-4423-b304-b17e70c9816c,worker_4,coordinator_0,NET_TRANSFER,0.000100,0.158000,Signal Finished
2573813.110188,4000,44d6099b-c80b-4423-b304-b17e70c9816c,coordinator_0,worker_1,NET_TRANSFER,6.676349,534.257919,Distribute Layer ID: 7cb921c6
2573813.162347,4000,44d6099b-c80b-4423-b304-b17e70c9816c,worker_1,worker_1,DISK_LOAD,6.676349,0.052159,"Disk -> RAM [Model: 44d6099b, Layer: 7cb921c6]"
2573813.214506,4000,44d6099b-c80b-4423-b304-b17e70c9816c,worker_1,worker_1,MEM_MOVE,6.676349,0.052159,"RAM -> VRAM [Model: 44d6099b, Layer: 7cb921c6]"
2573813.264506,4000,44d6099b-c80b-4423-b304-b17e70c9816c,worker_1,worker_1,GPU_COMPUTE,0.050000,0.050000,GPU Compute
2573813.422506,4000,44d6099b-c80b-4423-b304-b17e70c9816c,worker_1,coordinator_0,NET_TRANSFER,0.000100,0.158000,Signal Finished
2574735.073979,4000,44d6099b-c80b-4423-b304-b17e70c9816c,coordinator_0,worker_2,NET_TRANSFER,11.518768,921.651472,Distribute Layer ID: d565cfe6
2574735.133145,4000,44d6099b-c80b-4423-b304-b17e70c9816c,worker_2,worker_2,MEM_MOVE,7.573228,0.059166,"Evict VRAM -> RAM [Model: 44d6099b, Layer: bfa2bb2a]"
2574735.223135,4000,44d6099b-c80b-4423-b304-b17e70c9816c,worker_2,worker_2,DISK_LOAD,11.518768,0.089990,"Disk -> RAM [Model: 44d6099b, Layer: d565cfe6]"
2574735.313125,4000,44d6099b-c80b-4423-b304-b17e70c9816c,worker_2,worker_2,MEM_MOVE,11.518768,0.089990,"RAM -> VRAM [Model: 44d6099b, Layer: d565cfe6]"
2574735.363125,4000,44d6099b-c80b-4423-b304-b17e70c9816c,worker_2,worker_2,GPU_COMPUTE,0.050000,0.050000,GPU Compute
2574735.521125,4000,44d6099b-c80b-4423-b304-b17e70c9816c,worker_2,coordinator_0,NET_TRANSFER,0.000100,0.158000,Signal Finished
2575936.231846,4000,44d6099b-c80b-4423-b304-b17e70c9816c,coordinator_0,worker_3,NET_TRANSFER,15.007009,1200.710721,Distribute Layer ID: 8d9fca44
2575936.280206,4000,44d6099b-c80b-4423-b304-b17e70c9816c,worker_3,worker_3,MEM_MOVE,6.190079,0.048360,"Evict VRAM -> RAM [Model: 44d6099b, Layer: 093b7746]"
2575936.368920,4000,44d6099b-c80b-4423-b304-b17e70c9816c,worker_3,worker_3,MEM_MOVE,11.355404,0.088714,"Evict VRAM -> RAM [Model: 44d6099b, Layer: 378059d6]"
2575936.486162,4000,44d6099b-c80b-4423-b304-b17e70c9816c,worker_3,worker_3,DISK_LOAD,15.007009,0.117242,"Disk -> RAM [Model: 44d6099b, Layer: 8d9fca44]"
2575936.603405,4000,44d6099b-c80b-4423-b304-b17e70c9816c,worker_3,worker_3,MEM_MOVE,15.007009,0.117242,"RAM -> VRAM [Model: 44d6099b, Layer: 8d9fca44]"
2575936.653405,4000,44d6099b-c80b-4423-b304-b17e70c9816c,worker_3,worker_3,GPU_COMPUTE,0.050000,0.050000,GPU Compute
2575936.811405,4000,44d6099b-c80b-4423-b304-b17e70c9816c,worker_3,coordinator_0,NET_TRANSFER,0.000100,0.158000,Signal Finished
2576709.665043,4000,44d6099b-c80b-4423-b304-b17e70c9816c,coordinator_0,worker_4,NET_TRANSFER,9.658795,772.853638,Distribute Layer ID: 2f4b6bd1
2576709.776607,4000,44d6099b-c80b-4423-b304-b17e70c9816c,worker_4,worker_4,MEM_MOVE,14.280265,0.111565,"Evict VRAM -> RAM [Model: 44d6099b, Layer: cf50e845]"
2576709.852067,4000,44d6099b-c80b-4423-b304-b17e70c9816c,worker_4,worker_4,DISK_LOAD,9.658795,0.075459,"Disk -> RAM [Model: 44d6099b, Layer: 2f4b6bd1]"
2576709.927526,4000,44d6099b-c80b-4423-b304-b17e70c9816c,worker_4,worker_4,MEM_MOVE,9.658795,0.075459,"RAM -> VRAM [Model: 44d6099b, Layer: 2f4b6bd1]"
2576709.977526,4000,44d6099b-c80b-4423-b304-b17e70c9816c,worker_4,worker_4,GPU_COMPUTE,0.050000,0.050000,GPU Compute
2576710.135526,4000,44d6099b-c80b-4423-b304-b17e70c9816c,worker_4,coordinator_0,NET_TRANSFER,0.000100,0.158000,Signal Finished
2577578.139534,4000,44d6099b-c80b-4423-b304-b17e70c9816c,coordinator_0,worker_1,NET_TRANSFER,10.848175,868.004008,Distribute Layer ID: a08bbdbd
2577578.191693,4000,44d6099b-c80b-4423-b304-b17e70c9816c,worker_1,worker_1,MEM_MOVE,6.676349,0.052159,"Evict VRAM -> RAM [Model: 44d6099b, Layer: 7cb921c6]"
2577578.276444,4000,44d6099b-c80b-4423-b304-b17e70c9816c,worker_1,worker_1,DISK_LOAD,10.848175,0.084751,"Disk -> RAM [Model: 44d6099b, Layer: a08bbdbd]"
2577578.361196,4000,44d6099b-c80b-4423-b304-b17e70c9816c,worker_1,worker_1,MEM_MOVE,10.848175,0.084751,"RAM -> VRAM [Model: 44d6099b, Layer: a08bbdbd]"
2577578.411196,4000,44d6099b-c80b-4423-b304-b17e70c9816c,worker_1,worker_1,GPU_COMPUTE,0.050000,0.050000,GPU Compute
2577578.569196,4000,44d6099b-c80b-4423-b304-b17e70c9816c,worker_1,coordinator_0,NET_TRANSFER,0.000100,0.158000,Signal Finished
2578214.952708,4000,44d6099b-c80b-4423-b304-b17e70c9816c,coordinator_0,worker_2,NET_TRANSFER,7.952919,636.383512,Distribute Layer ID: d9f78d28
2578215.042698,4000,44d6099b-c80b-4423-b304-b17e70c9816c,worker_2,worker_2,MEM_MOVE,11.518768,0.089990,"Evict VRAM -> RAM [Model: 44d6099b, Layer: d565cfe6]"
2578215.104830,4000,44d6099b-c80b-4423-b304-b17e70c9816c,worker_2,worker_2,DISK_LOAD,7.952919,0.062132,"Disk -> RAM [Model: 44d6099b, Layer: d9f78d28]"
2578215.166963,4000,44d6099b-c80b-4423-b304-b17e70c9816c,worker_2,worker_2,MEM_MOVE,7.952919,0.062132,"RAM -> VRAM [Model: 44d6099b, Layer: d9f78d28]"
2578215.216963,4000,44d6099b-c80b-4423-b304-b17e70c9816c,worker_2,worker_2,GPU_COMPUTE,0.050000,0.050000,GPU Compute
2578215.374963,4000,44d6099b-c80b-4423-b304-b17e70c9816c,worker_2,coordinator_0,NET_TRANSFER,0.000100,0.158000,Signal Finished
2578641.187062,4000,44d6099b-c80b-4423-b304-b17e70c9816c,coordinator_0,worker_3,NET_TRANSFER,5.320776,425.812100,Distribute Layer ID: fa8bf65d
2578641.228631,4000,44d6099b-c80b-4423-b304-b17e70c9816c,worker_3,worker_3,DISK_LOAD,5.320776,0.041569,"Disk -> RAM [Model: 44d6099b, Layer: fa8bf65d]"
2578641.270200,4000,44d6099b-c80b-4423-b304-b17e70c9816c,worker_3,worker_3,MEM_MOVE,5.320776,0.041569,"RAM -> VRAM [Model: 44d6099b, Layer: fa8bf65d]"
2578641.320200,4000,44d6099b-c80b-4423-b304-b17e70c9816c,worker_3,worker_3,GPU_COMPUTE,0.050000,0.050000,GPU Compute
2578641.478200,4000,44d6099b-c80b-4423-b304-b17e70c9816c,worker_3,coordinator_0,NET_TRANSFER,0.000100,0.158000,Signal Finished
2579247.423518,4000,44d6099b-c80b-4423-b304-b17e70c9816c,coordinator_0,worker_4,NET_TRANSFER,7.572441,605.945319,Distribute Layer ID: 4430a372
2579247.482678,4000,44d6099b-c80b-4423-b304-b17e70c9816c,worker_4,worker_4,DISK_LOAD,7.572441,0.059160,"Disk -> RAM [Model: 44d6099b, Layer: 4430a372]"
2579247.541838,4000,44d6099b-c80b-4423-b304-b17e70c9816c,worker_4,worker_4,MEM_MOVE,7.572441,0.059160,"RAM -> VRAM [Model: 44d6099b, Layer: 4430a372]"
2579247.591838,4000,44d6099b-c80b-4423-b304-b17e70c9816c,worker_4,worker_4,GPU_COMPUTE,0.050000,0.050000,GPU Compute
2579247.749838,4000,44d6099b-c80b-4423-b304-b17e70c9816c,worker_4,coordinator_0,NET_TRANSFER,0.000100,0.158000,Signal Finished
2580425.430385,4000,44d6099b-c80b-4423-b304-b17e70c9816c,coordinator_0,worker_1,NET_TRANSFER,14.719132,1177.680548,Distribute Layer ID: 8d9b7a07
2580425.515136,4000,44d6099b-c80b-4423-b304-b17e70c9816c,worker_1,worker_1,MEM_MOVE,10.848175,0.084751,"Evict VRAM -> RAM [Model: 44d6099b, Layer: a08bbdbd]"
2580425.584744,4000,44d6099b-c80b-4423-b304-b17e70c9816c,worker_1,worker_1,MEM_MOVE,8.909762,0.069608,"Evict VRAM -> RAM [Model: 44d6099b, Layer: 258e8d9b]"
2580425.699737,4000,44d6099b-c80b-4423-b304-b17e70c9816c,worker_1,worker_1,DISK_LOAD,14.719132,0.114993,"Disk -> RAM [Model: 44d6099b, Layer: 8d9b7a07]"
2580425.814730,4000,44d6099b-c80b-4423-b304-b17e70c9816c,worker_1,worker_1,MEM_MOVE,14.719132,0.114993,"RAM -> VRAM [Model: 44d6099b, Layer: 8d9b7a07]"
2580425.864730,4000,44d6099b-c80b-4423-b304-b17e70c9816c,worker_1,worker_1,GPU_COMPUTE,0.050000,0.050000,GPU Compute
2580426.022730,4000,44d6099b-c80b-4423-b304-b17e70c9816c,worker_1,coordinator_0,NET_TRANSFER,0.000100,0.158000,Signal Finished
2581017.855912,4000,44d6099b-c80b-4423-b304-b17e70c9816c,coordinator_0,worker_2,NET_TRANSFER,7.396040,591.833182,Distribute Layer ID: fb29ad86
2581017.918044,4000,44d6099b-c80b-4423-b304-b17e70c9816c,worker_2,worker_2,MEM_MOVE,7.952919,0.062132,"Evict VRAM -> RAM [Model: 44d6099b, Layer: d9f78d28]"
2581017.975826,4000,44d6099b-c80b-4423-b304-b17e70c9816c,worker_2,worker_2,DISK_LOAD,7.396040,0.057782,"Disk -> RAM [Model: 44d6099b, Layer: fb29ad86]"
2581018.033607,4000,44d6099b-c80b-4423-b304-b17e70c9816c,worker_2,worker_2,MEM_MOVE,7.396040,0.057782,"RAM -> VRAM [Model: 44d6099b, Layer: fb29ad86]"
2581018.083607,4000,44d6099b-c80b-4423-b304-b17e70c9816c,worker_2,worker_2,GPU_COMPUTE,0.050000,0.050000,GPU Compute
2581018.241607,4000,44d6099b-c80b-4423-b304-b17e70c9816c,worker_2,coordinator_0,NET_TRANSFER,0.000100,0.158000,Signal Finished
2581531.732019,4000,44d6099b-c80b-4423-b304-b17e70c9816c,coordinator_0,worker_3,NET_TRANSFER,6.416755,513.490411,Distribute Layer ID: 0981c0b2
2581531.773587,4000,44d6099b-c80b-4423-b304-b17e70c9816c,worker_3,worker_3,MEM_MOVE,5.320776,0.041569,"Evict VRAM -> RAM [Model: 44d6099b, Layer: fa8bf65d]"
2581531.890830,4000,44d6099b-c80b-4423-b304-b17e70c9816c,worker_3,worker_3,MEM_MOVE,15.007009,0.117242,"Evict VRAM -> RAM [Model: 44d6099b, Layer: 8d9fca44]"
2581531.940961,4000,44d6099b-c80b-4423-b304-b17e70c9816c,worker_3,worker_3,DISK_LOAD,6.416755,0.050131,"Disk -> RAM [Model: 44d6099b, Layer: 0981c0b2]"
2581531.991092,4000,44d6099b-c80b-4423-b304-b17e70c9816c,worker_3,worker_3,MEM_MOVE,6.416755,0.050131,"RAM -> VRAM [Model: 44d6099b, Layer: 0981c0b2]"
2581532.041092,4000,44d6099b-c80b-4423-b304-b17e70c9816c,worker_3,worker_3,GPU_COMPUTE,0.050000,0.050000,GPU Compute
2581532.199092,4000,44d6099b-c80b-4423-b304-b17e70c9816c,worker_3,coordinator_0,NET_TRANSFER,0.000100,0.158000,Signal Finished
2581532.357092,1018,ebbbe628-24da-46bd-832f-2fdefdd74410,client_1,coordinator_0,NET_TRANSFER,0.000100,0.158000,Request Model ID
2582176.542601,4000,44d6099b-c80b-4423-b304-b17e70c9816c,coordinator_0,worker_4,NET_TRANSFER,8.050444,644.185510,Distribute Layer ID: 79765e71
2582176.700601,10016,a1fef963-8994-4de3-9710-1226ed828913,client_10,coordinator_0,NET_TRANSFER,0.000100,0.158000,Request Model ID
2582176.858601,10016,191057b3-0973-4b0f-a672-be9b4f920841,client_10,coordinator_0,NET_TRANSFER,0.000100,0.158000,Request Model ID
2582176.917761,4000,44d6099b-c80b-4423-b304-b17e70c9816c,worker_4,worker_4,MEM_MOVE,7.572441,0.059160,"Evict VRAM -> RAM [Model: 44d6099b, Layer: 4430a372]"
2582176.980655,4000,44d6099b-c80b-4423-b304-b17e70c9816c,worker_4,worker_4,DISK_LOAD,8.050444,0.062894,"Disk -> RAM [Model: 44d6099b, Layer: 79765e71]"
2582177.043549,4000,44d6099b-c80b-4423-b304-b17e70c9816c,worker_4,worker_4,MEM_MOVE,8.050444,0.062894,"RAM -> VRAM [Model: 44d6099b, Layer: 79765e71]"
2582177.093549,4000,44d6099b-c80b-4423-b304-b17e70c9816c,worker_4,worker_4,GPU_COMPUTE,0.050000,0.050000,GPU Compute
2582177.251549,4000,44d6099b-c80b-4423-b304-b17e70c9816c,worker_4,coordinator_0,NET_TRANSFER,0.000100,0.158000,Signal Finished
2583309.147698,4000,44d6099b-c80b-4423-b304-b17e70c9816c,coordinator_0,worker_1,NET_TRANSFER,14.146827,1131.896149,Distribute Layer ID: 7a89c845
2583309.262691,4000,44d6099b-c80b-4423-b304-b17e70c9816c,worker_1,worker_1,MEM_MOVE,14.719132,0.114993,"Evict VRAM -> RAM [Model: 44d6099b, Layer: 8d9b7a07]"
2583309.373213,4000,44d6099b-c80b-4423-b304-b17e70c9816c,worker_1,worker_1,DISK_LOAD,14.146827,0.110522,"Disk -> RAM [Model: 44d6099b, Layer: 7a89c845]"
2583309.483735,4000,44d6099b-c80b-4423-b304-b17e70c9816c,worker_1,worker_1,MEM_MOVE,14.146827,0.110522,"RAM -> VRAM [Model: 44d6099b, Layer: 7a89c845]"
2583309.533735,4000,44d6099b-c80b-4423-b304-b17e70c9816c,worker_1,worker_1,GPU_COMPUTE,0.050000,0.050000,GPU Compute
2583309.691735,4000,44d6099b-c80b-4423-b304-b17e70c9816c,worker_1,coordinator_0,NET_TRANSFER,0.000100,0.158000,Signal Finished
2584195.169551,4000,44d6099b-c80b-4423-b304-b17e70c9816c,coordinator_0,worker_2,NET_TRANSFER,11.066598,885.477815,Distribute Layer ID: 5885e1d4
2584195.227332,4000,44d6099b-c80b-4423-b304-b17e70c9816c,worker_2,worker_2,MEM_MOVE,7.396040,0.057782,"Evict VRAM -> RAM [Model: 44d6099b, Layer: fb29ad86]"
2584195.313790,4000,44d6099b-c80b-4423-b304-b17e70c9816c,worker_2,worker_2,DISK_LOAD,11.066598,0.086458,"Disk -> RAM [Model: 44d6099b, Layer: 5885e1d4]"
2584195.400248,4000,44d6099b-c80b-4423-b304-b17e70c9816c,worker_2,worker_2,MEM_MOVE,11.066598,0.086458,"RAM -> VRAM [Model: 44d6099b, Layer: 5885e1d4]"
2584195.450248,4000,44d6099b-c80b-4423-b304-b17e70c9816c,worker_2,worker_2,GPU_COMPUTE,0.050000,0.050000,GPU Compute
2584195.608248,4000,44d6099b-c80b-4423-b304-b17e70c9816c,worker_2,coordinator_0,NET_TRANSFER,0.000100,0.158000,Signal Finished
2584719.003625,4000,44d6099b-c80b-4423-b304-b17e70c9816c,coordinator_0,worker_3,NET_TRANSFER,6.540567,523.395377,Distribute Layer ID: b2821b2f
2584719.054723,4000,44d6099b-c80b-4423-b304-b17e70c9816c,worker_3,worker_3,DISK_LOAD,6.540567,0.051098,"Disk -> RAM [Model: 44d6099b, Layer: b2821b2f]"
2584719.105821,4000,44d6099b-c80b-4423-b304-b17e70c9816c,worker_3,worker_3,MEM_MOVE,6.540567,0.051098,"RAM -> VRAM [Model: 44d6099b, Layer: b2821b2f]"
2584719.155821,4000,44d6099b-c80b-4423-b304-b17e70c9816c,worker_3,worker_3,GPU_COMPUTE,0.050000,0.050000,GPU Compute
2584719.313821,4000,44d6099b-c80b-4423-b304-b17e70c9816c,worker_3,coordinator_0,NET_TRANSFER,0.000100,0.158000,Signal Finished
2584719.471821,8000,209734fe-da0f-4c49-8ae8-1285e31e9d43,coordinator_0,worker_1,NET_TRANSFER,0.000100,0.158000,Trigger Inference for Layer ID: 4339a439
2584719.521821,8000,209734fe-da0f-4c49-8ae8-1285e31e9d43,worker_1,worker_1,GPU_COMPUTE,0.050000,0.050000,GPU Compute
2584719.679821,8000,209734fe-da0f-4c49-8ae8-1285e31e9d43,worker_1,coordinator_0,NET_TRANSFER,0.000100,0.158000,Signal Finished
2584719.837821,8000,209734fe-da0f-4c49-8ae8-1285e31e9d43,coordinator_0,worker_2,NET_TRANSFER,0.000100,0.158000,Trigger Inference for Layer ID: 604ffd77
2584719.887821,8000,209734fe-da0f-4c49-8ae8-1285e31e9d43,worker_2,worker_2,GPU_COMPUTE,0.050000,0.050000,GPU Compute
2584720.045821,8000,209734fe-da0f-4c49-8ae8-1285e31e9d43,worker_2,coordinator_0,NET_TRANSFER,0.000100,0.158000,Signal Finished
2584720.203821,8000,209734fe-da0f-4c49-8ae8-1285e31e9d43,coordinator_0,worker_3,NET_TRANSFER,0.000100,0.158000,Trigger Inference for Layer ID: c5bc86ad
2584720.253821,8000,209734fe-da0f-4c49-8ae8-1285e31e9d43,worker_3,worker_3,GPU_COMPUTE,0.050000,0.050000,GPU Compute
2584720.411821,8000,209734fe-da0f-4c49-8ae8-1285e31e9d43,worker_3,coordinator_0,NET_TRANSFER,0.000100,0.158000,Signal Finished
2584720.569821,8000,209734fe-da0f-4c49-8ae8-1285e31e9d43,coordinator_0,worker_4,NET_TRANSFER,0.000100,0.158000,Trigger Inference for Layer ID: 39ec13d2
2584720.619821,8000,209734fe-da0f-4c49-8ae8-1285e31e9d43,worker_4,worker_4,GPU_COMPUTE,0.050000,0.050000,GPU Compute
2584720.777821,8000,209734fe-da0f-4c49-8ae8-1285e31e9d43,worker_4,coordinator_0,NET_TRANSFER,0.000100,0.158000,Signal Finished
2584720.935821,8000,209734fe-da0f-4c49-8ae8-1285e31e9d43,coordinator_0,worker_1,NET_TRANSFER,0.000100,0.158000,Trigger Inference for Layer ID: 8b4f0ac0
2584720.985821,8000,209734fe-da0f-4c49-8ae8-1285e31e9d43,worker_1,worker_1,GPU_COMPUTE,0.050000,0.050000,GPU Compute
2584721.143821,8000,209734fe-da0f-4c49-8ae8-1285e31e9d43,worker_1,coordinator_0,NET_TRANSFER,0.000100,0.158000,Signal Finished
2584721.301821,8000,209734fe-da0f-4c49-8ae8-1285e31e9d43,coordinator_0,worker_2,NET_TRANSFER,0.000100,0.158000,Trigger Inference for Layer ID: 66b81a9b
2584721.351821,8000,209734fe-da0f-4c49-8ae8-1285e31e9d43,worker_2,worker_2,GPU_COMPUTE,0.050000,0.050000,GPU Compute
2584721.509821,8000,209734fe-da0f-4c49-8ae8-1285e31e9d43,worker_2,coordinator_0,NET_TRANSFER,0.000100,0.158000,Signal Finished
2584721.667821,8000,209734fe-da0f-4c49-8ae8-1285e31e9d43,coordinator_0,worker_3,NET_TRANSFER,0.000100,0.158000,Trigger Inference for Layer ID: ccb7d70c
2584721.717821,8000,209734fe-da0f-4c49-8ae8-1285e31e9d43,worker_3,worker_3,GPU_COMPUTE,0.050000,0.050000,GPU Compute
2584721.875821,8000,209734fe-da0f-4c49-8ae8-1285e31e9d43,worker_3,coordinator_0,NET_TRANSFER,0.000100,0.158000,Signal Finished
2584722.033821,8000,209734fe-da0f-4c49-8ae8-1285e31e9d43,coordinator_0,worker_4,NET_TRANSFER,0.000100,0.158000,Trigger Inference for Layer ID: 002394e6
2584722.083821,8000,209734fe-da0f-4c49-8ae8-1285e31e9d43,worker_4,worker_4,GPU_COMPUTE,0.050000,0.050000,GPU Compute
2584722.241821,8000,209734fe-da0f-4c49-8ae8-1285e31e9d43,worker_4,coordinator_0,NET_TRANSFER,0.000100,0.158000,Signal Finished
2584722.399821,8000,209734fe-da0f-4c49-8ae8-1285e31e9d43,coordinator_0,worker_1,NET_TRANSFER,0.000100,0.158000,Trigger Inference for Layer ID: 4360158b
2584722.449821,8000,209734fe-da0f-4c49-8ae8-1285e31e9d43,worker_1,worker_1,GPU_COMPUTE,0.050000,0.050000,GPU Compute
2584722.607821,8000,209734fe-da0f-4c49-8ae8-1285e31e9d43,worker_1,coordinator_0,NET_TRANSFER,0.000100,0.158000,Signal Finished
2584722.765821,8000,209734fe-da0f-4c49-8ae8-1285e31e9d43,coordinator_0,worker_2,NET_TRANSFER,0.000100,0.158000,Trigger Inference for Layer ID: d3eaf9ef
2584722.815821,8000,209734fe-da0f-4c49-8ae8-1285e31e9d43,worker_2,worker_2,GPU_COMPUTE,0.050000,0.050000,GPU Compute
2584722.973821,8000,209734fe-da0f-4c49-8ae8-1285e31e9d43,worker_2,coordinator_0,NET_TRANSFER,0.000100,0.158000,Signal Finished
2584723.131821,8000,209734fe-da0f-4c49-8ae8-1285e31e9d43,coordinator_0,worker_3,NET_TRANSFER,0.000100,0.158000,Trigger Inference for Layer ID: b47a81db
2584723.181821,8000,209734fe-da0f-4c49-8ae8-1285e31e9d43,worker_3,worker_3,GPU_COMPUTE,0.050000,0.050000,GPU Compute
2584723.339821,8000,209734fe-da0f-4c49-8ae8-1285e31e9d43,worker_3,coordinator_0,NET_TRANSFER,0.000100,0.158000,Signal Finished
2584723.497821,8000,209734fe-da0f-4c49-8ae8-1285e31e9d43,coordinator_0,worker_4,NET_TRANSFER,0.000100,0.158000,Trigger Inference for Layer ID: 0aab47e7
2584723.547821,8000,209734fe-da0f-4c49-8ae8-1285e31e9d43,worker_4,worker_4,GPU_COMPUTE,0.050000,0.050000,GPU Compute
2584723.705821,8000,209734fe-da0f-4c49-8ae8-1285e31e9d43,worker_4,coordinator_0,NET_TRANSFER,0.000100,0.158000,Signal Finished
2584723.863821,8000,209734fe-da0f-4c49-8ae8-1285e31e9d43,coordinator_0,worker_1,NET_TRANSFER,0.000100,0.158000,Trigger Inference for Layer ID: 155a365a
2584723.913821,8000,209734fe-da0f-4c49-8ae8-1285e31e9d43,worker_1,worker_1,GPU_COMPUTE,0.050000,0.050000,GPU Compute
2584724.071821,8000,209734fe-da0f-4c49-8ae8-1285e31e9d43,worker_1,coordinator_0,NET_TRANSFER,0.000100,0.158000,Signal Finished
2584724.229821,8000,209734fe-da0f-4c49-8ae8-1285e31e9d43,coordinator_0,worker_2,NET_TRANSFER,0.000100,0.158000,Trigger Inference for Layer ID: 662a0d15
2584724.279821,8000,209734fe-da0f-4c49-8ae8-1285e31e9d43,worker_2,worker_2,GPU_COMPUTE,0.050000,0.050000,GPU Compute
2584724.437821,8000,209734fe-da0f-4c49-8ae8-1285e31e9d43,worker_2,coordinator_0,NET_TRANSFER,0.000100,0.158000,Signal Finished
2584724.595821,8000,209734fe-da0f-4c49-8ae8-1285e31e9d43,coordinator_0,worker_3,NET_TRANSFER,0.000100,0.158000,Trigger Inference for Layer ID: 074bcaf3
2584724.645821,8000,209734fe-da0f-4c49-8ae8-1285e31e9d43,worker_3,worker_3,GPU_COMPUTE,0.050000,0.050000,GPU Compute
2584724.803821,8000,209734fe-da0f-4c49-8ae8-1285e31e9d43,worker_3,coordinator_0,NET_TRANSFER,0.000100,0.158000,Signal Finished
2584724.961821,8000,209734fe-da0f-4c49-8ae8-1285e31e9d43,coordinator_0,worker_4,NET_TRANSFER,0.000100,0.158000,Trigger Inference for Layer ID: 8919a28e
2584725.011821,8000,209734fe-da0f-4c49-8ae8-1285e31e9d43,worker_4,worker_4,GPU_COMPUTE,0.050000,0.050000,GPU Compute
2584725.169821,8000,209734fe-da0f-4c49-8ae8-1285e31e9d43,worker_4,coordinator_0,NET_TRANSFER,0.000100,0.158000,Signal Finished
2584725.327821,8000,209734fe-da0f-4c49-8ae8-1285e31e9d43,coordinator_0,worker_1,NET_TRANSFER,0.000100,0.158000,Trigger Inference for Layer ID: 4711ec5d
2584725.377821,8000,209734fe-da0f-4c49-8ae8-1285e31e9d43,worker_1,worker_1,GPU_COMPUTE,0.050000,0.050000,GPU Compute
2584725.535821,8000,209734fe-da0f-4c49-8ae8-1285e31e9d43,worker_1,coordinator_0,NET_TRANSFER,0.000100,0.158000,Signal Finished
2584725.693821,8000,209734fe-da0f-4c49-8ae8-1285e31e9d43,coordinator_0,worker_2,NET_TRANSFER,0.000100,0.158000,Trigger Inference for Layer ID: c5c7241b
2584725.743821,8000,209734fe-da0f-4c49-8ae8-1285e31e9d43,worker_2,worker_2,GPU_COMPUTE,0.050000,0.050000,GPU Compute
2584725.901821,8000,209734fe-da0f-4c49-8ae8-1285e31e9d43,worker_2,coordinator_0,NET_TRANSFER,0.000100,0.158000,Signal Finished
2584726.059821,8000,209734fe-da0f-4c49-8ae8-1285e31e9d43,coordinator_0,worker_3,NET_TRANSFER,0.000100,0.158000,Trigger Inference for Layer ID: 1a023b79
2584726.109821,8000,209734fe-da0f-4c49-8ae8-1285e31e9d43,worker_3,worker_3,GPU_COMPUTE,0.050000,0.050000,GPU Compute
2584726.267821,8000,209734fe-da0f-4c49-8ae8-1285e31e9d43,worker_3,coordinator_0,NET_TRANSFER,0.000100,0.158000,Signal Finished
2584726.425821,8000,209734fe-da0f-4c49-8ae8-1285e31e9d43,coordinator_0,worker_4,NET_TRANSFER,0.000100,0.158000,Trigger Inference for Layer ID: 7b8b8e82
2584726.475821,8000,209734fe-da0f-4c49-8ae8-1285e31e9d43,worker_4,worker_4,GPU_COMPUTE,0.050000,0.050000,GPU Compute
2584726.633821,8000,209734fe-da0f-4c49-8ae8-1285e31e9d43,worker_4,coordinator_0,NET_TRANSFER,0.000100,0.158000,Signal Finished
2584726.791821,8000,209734fe-da0f-4c49-8ae8-1285e31e9d43,coordinator_0,worker_1,NET_TRANSFER,0.000100,0.158000,Trigger Inference for Layer ID: 561f29f5
2584726.841821,8000,209734fe-da0f-4c49-8ae8-1285e31e9d43,worker_1,worker_1,GPU_COMPUTE,0.050000,0.050000,GPU Compute
2584726.999821,8000,209734fe-da0f-4c49-8ae8-1285e31e9d43,worker_1,coordinator_0,NET_TRANSFER,0.000100,0.158000,Signal Finished
2584727.157821,8000,209734fe-da0f-4c49-8ae8-1285e31e9d43,coordinator_0,worker_2,NET_TRANSFER,0.000100,0.158000,Trigger Inference for Layer ID: 5d051459
2584727.207821,8000,209734fe-da0f-4c49-8ae8-1285e31e9d43,worker_2,worker_2,GPU_COMPUTE,0.050000,0.050000,GPU Compute
2584727.365821,8000,209734fe-da0f-4c49-8ae8-1285e31e9d43,worker_2,coordinator_0,NET_TRANSFER,0.000100,0.158000,Signal Finished
2584727.523821,8000,209734fe-da0f-4c49-8ae8-1285e31e9d43,coordinator_0,worker_3,NET_TRANSFER,0.000100,0.158000,Trigger Inference for Layer ID: 9ff54686
2584727.573821,8000,209734fe-da0f-4c49-8ae8-1285e31e9d43,worker_3,worker_3,GPU_COMPUTE,0.050000,0.050000,GPU Compute
2584727.731821,8000,209734fe-da0f-4c49-8ae8-1285e31e9d43,worker_3,coordinator_0,NET_TRANSFER,0.000100,0.158000,Signal Finished
2584727.889821,8000,209734fe-da0f-4c49-8ae8-1285e31e9d43,coordinator_0,worker_4,NET_TRANSFER,0.000100,0.158000,Trigger Inference for Layer ID: a4c0e6ab
2584727.939821,8000,209734fe-da0f-4c49-8ae8-1285e31e9d43,worker_4,worker_4,GPU_COMPUTE,0.050000,0.050000,GPU Compute
2584728.097821,8000,209734fe-da0f-4c49-8ae8-1285e31e9d43,worker_4,coordinator_0,NET_TRANSFER,0.000100,0.158000,Signal Finished
2584728.255821,8000,209734fe-da0f-4c49-8ae8-1285e31e9d43,coordinator_0,worker_1,NET_TRANSFER,0.000100,0.158000,Trigger Inference for Layer ID: ae990e6a
2584728.305821,8000,209734fe-da0f-4c49-8ae8-1285e31e9d43,worker_1,worker_1,GPU_COMPUTE,0.050000,0.050000,GPU Compute
2584728.463821,8000,209734fe-da0f-4c49-8ae8-1285e31e9d43,worker_1,coordinator_0,NET_TRANSFER,0.000100,0.158000,Signal Finished
2584728.621821,8000,209734fe-da0f-4c49-8ae8-1285e31e9d43,coordinator_0,worker_2,NET_TRANSFER,0.000100,0.158000,Trigger Inference for Layer ID: 90ce51b2
2584728.671821,8000,209734fe-da0f-4c49-8ae8-1285e31e9d43,worker_2,worker_2,GPU_COMPUTE,0.050000,0.050000,GPU Compute
2584728.829821,8000,209734fe-da0f-4c49-8ae8-1285e31e9d43,worker_2,coordinator_0,NET_TRANSFER,0.000100,0.158000,Signal Finished
2584728.987821,8000,209734fe-da0f-4c49-8ae8-1285e31e9d43,coordinator_0,worker_3,NET_TRANSFER,0.000100,0.158000,Trigger Inference for Layer ID: 73952d61
2584729.037821,8000,209734fe-da0f-4c49-8ae8-1285e31e9d43,worker_3,worker_3,GPU_COMPUTE,0.050000,0.050000,GPU Compute
2584729.195821,8000,209734fe-da0f-4c49-8ae8-1285e31e9d43,worker_3,coordinator_0,NET_TRANSFER,0.000100,0.158000,Signal Finished
2584729.353821,8000,209734fe-da0f-4c49-8ae8-1285e31e9d43,coordinator_0,worker_4,NET_TRANSFER,0.000100,0.158000,Trigger Inference for Layer ID: feeead23
2584729.403821,8000,209734fe-da0f-4c49-8ae8-1285e31e9d43,worker_4,worker_4,GPU_COMPUTE,0.050000,0.050000,GPU Compute
2584729.561821,8000,209734fe-da0f-4c49-8ae8-1285e31e9d43,worker_4,coordinator_0,NET_TRANSFER,0.000100,0.158000,Signal Finished
2584729.719821,8000,209734fe-da0f-4c49-8ae8-1285e31e9d43,coordinator_0,worker_1,NET_TRANSFER,0.000100,0.158000,Trigger Inference for Layer ID: a16d0625
2584729.769821,8000,209734fe-da0f-4c49-8ae8-1285e31e9d43,worker_1,worker_1,GPU_COMPUTE,0.050000,0.050000,GPU Compute
2584729.927821,8000,209734fe-da0f-4c49-8ae8-1285e31e9d43,worker_1,coordinator_0,NET_TRANSFER,0.000100,0.158000,Signal Finished
2584730.085821,8000,209734fe-da0f-4c49-8ae8-1285e31e9d43,coordinator_0,worker_2,NET_TRANSFER,0.000100,0.158000,Trigger Inference for Layer ID: 5c0b6d3d
2584730.135821,8000,209734fe-da0f-4c49-8ae8-1285e31e9d43,worker_2,worker_2,GPU_COMPUTE,0.050000,0.050000,GPU Compute
2584730.293821,8000,209734fe-da0f-4c49-8ae8-1285e31e9d43,worker_2,coordinator_0,NET_TRANSFER,0.000100,0.158000,Signal Finished
2584730.451821,8000,209734fe-da0f-4c49-8ae8-1285e31e9d43,coordinator_0,worker_3,NET_TRANSFER,0.000100,0.158000,Trigger Inference for Layer ID: 78704486
2584730.501821,8000,209734fe-da0f-4c49-8ae8-1285e31e9d43,worker_3,worker_3,GPU_COMPUTE,0.050000,0.050000,GPU Compute
2584730.659821,8000,209734fe-da0f-4c49-8ae8-1285e31e9d43,worker_3,coordinator_0,NET_TRANSFER,0.000100,0.158000,Signal Finished
2584730.817821,8000,209734fe-da0f-4c49-8ae8-1285e31e9d43,coordinator_0,worker_4,NET_TRANSFER,0.000100,0.158000,Trigger Inference for Layer ID: 365bcbdc
2584730.867821,8000,209734fe-da0f-4c49-8ae8-1285e31e9d43,worker_4,worker_4,GPU_COMPUTE,0.050000,0.050000,GPU Compute
2584731.025821,8000,209734fe-da0f-4c49-8ae8-1285e31e9d43,worker_4,coordinator_0,NET_TRANSFER,0.000100,0.158000,Signal Finished
2584731.183821,8000,209734fe-da0f-4c49-8ae8-1285e31e9d43,coordinator_0,worker_1,NET_TRANSFER,0.000100,0.158000,Trigger Inference for Layer ID: c37d86de
2584731.233821,8000,209734fe-da0f-4c49-8ae8-1285e31e9d43,worker_1,worker_1,GPU_COMPUTE,0.050000,0.050000,GPU Compute
2584731.391821,8000,209734fe-da0f-4c49-8ae8-1285e31e9d43,worker_1,coordinator_0,NET_TRANSFER,0.000100,0.158000,Signal Finished
2584731.549821,8000,209734fe-da0f-4c49-8ae8-1285e31e9d43,coordinator_0,worker_2,NET_TRANSFER,0.000100,0.158000,Trigger Inference for Layer ID: e7f5f412
2584731.599821,8000,209734fe-da0f-4c49-8ae8-1285e31e9d43,worker_2,worker_2,GPU_COMPUTE,0.050000,0.050000,GPU Compute
2584731.757821,8000,209734fe-da0f-4c49-8ae8-1285e31e9d43,worker_2,coordinator_0,NET_TRANSFER,0.000100,0.158000,Signal Finished
2584731.915821,8000,209734fe-da0f-4c49-8ae8-1285e31e9d43,coordinator_0,worker_3,NET_TRANSFER,0.000100,0.158000,Trigger Inference for Layer ID: 9c62abb7
2584731.965821,8000,209734fe-da0f-4c49-8ae8-1285e31e9d43,worker_3,worker_3,GPU_COMPUTE,0.050000,0.050000,GPU Compute
2584732.123821,8000,209734fe-da0f-4c49-8ae8-1285e31e9d43,worker_3,coordinator_0,NET_TRANSFER,0.000100,0.158000,Signal Finished
2584732.281821,8000,209734fe-da0f-4c49-8ae8-1285e31e9d43,coordinator_0,worker_4,NET_TRANSFER,0.000100,0.158000,Trigger Inference for Layer ID: 382fe054
2584732.331821,8000,209734fe-da0f-4c49-8ae8-1285e31e9d43,worker_4,worker_4,GPU_COMPUTE,0.050000,0.050000,GPU Compute
2584732.489821,8000,209734fe-da0f-4c49-8ae8-1285e31e9d43,worker_4,coordinator_0,NET_TRANSFER,0.000100,0.158000,Signal Finished
2584732.647821,8000,209734fe-da0f-4c49-8ae8-1285e31e9d43,coordinator_0,worker_1,NET_TRANSFER,0.000100,0.158000,Trigger Inference for Layer ID: f52829af
2584732.697821,8000,209734fe-da0f-4c49-8ae8-1285e31e9d43,worker_1,worker_1,GPU_COMPUTE,0.050000,0.050000,GPU Compute
2584732.855821,8000,209734fe-da0f-4c49-8ae8-1285e31e9d43,worker_1,coordinator_0,NET_TRANSFER,0.000100,0.158000,Signal Finished
2585158.422371,1001,ab20b578-3dd0-4fe3-97cb-3189d9bd9be5,coordinator_0,worker_4,NET_TRANSFER,5.317707,425.566549,Distribute Layer ID: ecfa6087
2585158.503553,1001,ab20b578-3dd0-4fe3-97cb-3189d9bd9be5,worker_4,worker_4,MEM_MOVE,10.391392,0.081183,"Evict VRAM -> RAM [Model: 209734fe, Layer: 382fe054]"
2585158.545098,1001,ab20b578-3dd0-4fe3-97cb-3189d9bd9be5,worker_4,worker_4,DISK_LOAD,5.317707,0.041545,"Disk -> RAM [Model: ab20b578, Layer: ecfa6087]"
2585158.586642,1001,ab20b578-3dd0-4fe3-97cb-3189d9bd9be5,worker_4,worker_4,MEM_MOVE,5.317707,0.041545,"RAM -> VRAM [Model: ab20b578, Layer: ecfa6087]"
2585158.636642,1001,ab20b578-3dd0-4fe3-97cb-3189d9bd9be5,worker_4,worker_4,GPU_COMPUTE,0.050000,0.050000,GPU Compute
2585158.794642,1001,ab20b578-3dd0-4fe3-97cb-3189d9bd9be5,worker_4,coordinator_0,NET_TRANSFER,0.000100,0.158000,Signal Finished
2585705.688495,1001,ab20b578-3dd0-4fe3-97cb-3189d9bd9be5,coordinator_0,worker_1,NET_TRANSFER,6.834298,546.893852,Distribute Layer ID: 6c05a0d2
2585705.741888,1001,ab20b578-3dd0-4fe3-97cb-3189d9bd9be5,worker_1,worker_1,DISK_LOAD,6.834298,0.053393,"Disk -> RAM [Model: ab20b578, Layer: 6c05a0d2]"
2585705.795281,1001,ab20b578-3dd0-4fe3-97cb-3189d9bd9be5,worker_1,worker_1,MEM_MOVE,6.834298,0.053393,"RAM -> VRAM [Model: ab20b578, Layer: 6c05a0d2]"
2585705.845281,1001,ab20b578-3dd0-4fe3-97cb-3189d9bd9be5,worker_1,worker_1,GPU_COMPUTE,0.050000,0.050000,GPU Compute
2585706.003281,1001,ab20b578-3dd0-4fe3-97cb-3189d9bd9be5,worker_1,coordinator_0,NET_TRANSFER,0.000100,0.158000,Signal Finished
2586349.186142,1001,ab20b578-3dd0-4fe3-97cb-3189d9bd9be5,coordinator_0,worker_2,NET_TRANSFER,8.037911,643.182862,Distribute Layer ID: b041985f
2586349.282212,1001,ab20b578-3dd0-4fe3-97cb-3189d9bd9be5,worker_2,worker_2,MEM_MOVE,12.296959,0.096070,"Evict VRAM -> RAM [Model: 209734fe, Layer: e7f5f412]"
2586349.345009,1001,ab20b578-3dd0-4fe3-97cb-3189d9bd9be5,worker_2,worker_2,DISK_LOAD,8.037911,0.062796,"Disk -> RAM [Model: ab20b578, Layer: b041985f]"
2586349.407805,1001,ab20b578-3dd0-4fe3-97cb-3189d9bd9be5,worker_2,worker_2,MEM_MOVE,8.037911,0.062796,"RAM -> VRAM [Model: ab20b578, Layer: b041985f]"
2586349.457805,1001,ab20b578-3dd0-4fe3-97cb-3189d9bd9be5,worker_2,worker_2,GPU_COMPUTE,0.050000,0.050000,GPU Compute
2586349.615805,1001,ab20b578-3dd0-4fe3-97cb-3189d9bd9be5,worker_2,coordinator_0,NET_TRANSFER,0.000100,0.158000,Signal Finished
2586943.169700,1001,ab20b578-3dd0-4fe3-97cb-3189d9bd9be5,coordinator_0,worker_3,NET_TRANSFER,7.417549,593.553895,Distribute Layer ID: 4c3d02c6
2586943.227649,1001,ab20b578-3dd0-4fe3-97cb-3189d9bd9be5,worker_3,worker_3,DISK_LOAD,7.417549,0.057950,"Disk -> RAM [Model: ab20b578, Layer: 4c3d02c6]"
2586943.285599,1001,ab20b578-3dd0-4fe3-97cb-3189d9bd9be5,worker_3,worker_3,MEM_MOVE,7.417549,0.057950,"RAM -> VRAM [Model: ab20b578, Layer: 4c3d02c6]"
2586943.335599,1001,ab20b578-3dd0-4fe3-97cb-3189d9bd9be5,worker_3,worker_3,GPU_COMPUTE,0.050000,0.050000,GPU Compute
2586943.493599,1001,ab20b578-3dd0-4fe3-97cb-3189d9bd9be5,worker_3,coordinator_0,NET_TRANSFER,0.000100,0.158000,Signal Finished
2587848.080811,1001,ab20b578-3dd0-4fe3-97cb-3189d9bd9be5,coordinator_0,worker_4,NET_TRANSFER,11.305465,904.587212,Distribute Layer ID: 82ddbc84
2587848.122356,1001,ab20b578-3dd0-4fe3-97cb-3189d9bd9be5,worker_4,worker_4,MEM_MOVE,5.317707,0.041545,"Evict VRAM -> RAM [Model: ab20b578, Layer: ecfa6087]"
2587848.210680,1001,ab20b578-3dd0-4fe3-97cb-3189d9bd9be5,worker_4,worker_4,DISK_LOAD,11.305465,0.088324,"Disk -> RAM [Model: ab20b578, Layer: 82ddbc84]"
2587848.299004,1001,ab20b578-3dd0-4fe3-97cb-3189d9bd9be5,worker_4,worker_4,MEM_MOVE,11.305465,0.088324,"RAM -> VRAM [Model: ab20b578, Layer: 82ddbc84]"
2587848.349004,1001,ab20b578-3dd0-4fe3-97cb-3189d9bd9be5,worker_4,worker_4,GPU_COMPUTE,0.050000,0.050000,GPU Compute
2587848.507004,1001,ab20b578-3dd0-4fe3-97cb-3189d9bd9be5,worker_4,coordinator_0,NET_TRANSFER,0.000100,0.158000,Signal Finished
2588995.313031,1001,ab20b578-3dd0-4fe3-97cb-3189d9bd9be5,coordinator_0,worker_1,NET_TRANSFER,14.333200,1146.806027,Distribute Layer ID: ef6f18aa
2588995.366424,1001,ab20b578-3dd0-4fe3-97cb-3189d9bd9be5,worker_1,worker_1,MEM_MOVE,6.834298,0.053393,"Evict VRAM -> RAM [Model: ab20b578, Layer: 6c05a0d2]"
2588995.479295,1001,ab20b578-3dd0-4fe3-97cb-3189d9bd9be5,worker_1,worker_1,MEM_MOVE,14.447530,0.112871,"Evict VRAM -> RAM [Model: 209734fe, Layer: f52829af]"
2588995.591273,1001,ab20b578-3dd0-4fe3-97cb-3189d9bd9be5,worker_1,worker_1,DISK_LOAD,14.333200,0.111978,"Disk -> RAM [Model: ab20b578, Layer: ef6f18aa]"
2588995.703251,1001,ab20b578-3dd0-4fe3-97cb-3189d9bd9be5,worker_1,worker_1,MEM_MOVE,14.333200,0.111978,"RAM -> VRAM [Model: ab20b578, Layer: ef6f18aa]"
2588995.753251,1001,ab20b578-3dd0-4fe3-97cb-3189d9bd9be5,worker_1,worker_1,GPU_COMPUTE,0.050000,0.050000,GPU Compute
2588995.911251,1001,ab20b578-3dd0-4fe3-97cb-3189d9bd9be5,worker_1,coordinator_0,NET_TRANSFER,0.000100,0.158000,Signal Finished
2589733.164197,1001,ab20b578-3dd0-4fe3-97cb-3189d9bd9be5,coordinator_0,worker_2,NET_TRANSFER,9.213787,737.252946,Distribute Layer ID: 42ad2c0d
2589733.226993,1001,ab20b578-3dd0-4fe3-97cb-3189d9bd9be5,worker_2,worker_2,MEM_MOVE,8.037911,0.062796,"Evict VRAM -> RAM [Model: ab20b578, Layer: b041985f]"
2589733.298976,1001,ab20b578-3dd0-4fe3-97cb-3189d9bd9be5,worker_2,worker_2,DISK_LOAD,9.213787,0.071983,"Disk -> RAM [Model: ab20b578, Layer: 42ad2c0d]"
2589733.370959,1001,ab20b578-3dd0-4fe3-97cb-3189d9bd9be5,worker_2,worker_2,MEM_MOVE,9.213787,0.071983,"RAM -> VRAM [Model: ab20b578, Layer: 42ad2c0d]"
2589733.420959,1001,ab20b578-3dd0-4fe3-97cb-3189d9bd9be5,worker_2,worker_2,GPU_COMPUTE,0.050000,0.050000,GPU Compute
2589733.578959,1001,ab20b578-3dd0-4fe3-97cb-3189d9bd9be5,worker_2,coordinator_0,NET_TRANSFER,0.000100,0.158000,Signal Finished
2590871.254883,1001,ab20b578-3dd0-4fe3-97cb-3189d9bd9be5,coordinator_0,worker_3,NET_TRANSFER,14.219074,1137.675924,Distribute Layer ID: b1085ef9
2590871.312832,1001,ab20b578-3dd0-4fe3-97cb-3189d9bd9be5,worker_3,worker_3,MEM_MOVE,7.417549,0.057950,"Evict VRAM -> RAM [Model: ab20b578, Layer: 4c3d02c6]"
2590871.380146,1001,ab20b578-3dd0-4fe3-97cb-3189d9bd9be5,worker_3,worker_3,MEM_MOVE,8.616124,0.067313,"Evict VRAM -> RAM [Model: 209734fe, Layer: 9c62abb7]"
2590871.491232,1001,ab20b578-3dd0-4fe3-97cb-3189d9bd9be5,worker_3,worker_3,DISK_LOAD,14.219074,0.111087,"Disk -> RAM [Model: ab20b578, Layer: b1085ef9]"
2590871.602319,1001,ab20b578-3dd0-4fe3-97cb-3189d9bd9be5,worker_3,worker_3,MEM_MOVE,14.219074,0.111087,"RAM -> VRAM [Model: ab20b578, Layer: b1085ef9]"
2590871.652319,1001,ab20b578-3dd0-4fe3-97cb-3189d9bd9be5,worker_3,worker_3,GPU_COMPUTE,0.050000,0.050000,GPU Compute
2590871.810319,1001,ab20b578-3dd0-4fe3-97cb-3189d9bd9be5,worker_3,coordinator_0,NET_TRANSFER,0.000100,0.158000,Signal Finished
2591713.251004,1001,ab20b578-3dd0-4fe3-97cb-3189d9bd9be5,coordinator_0,worker_4,NET_TRANSFER,10.516134,841.440685,Distribute Layer ID: 3df6c45b
2591713.339328,1001,ab20b578-3dd0-4fe3-97cb-3189d9bd9be5,worker_4,worker_4,MEM_MOVE,11.305465,0.088324,"Evict VRAM -> RAM [Model: ab20b578, Layer: 82ddbc84]"
2591713.421485,1001,ab20b578-3dd0-4fe3-97cb-3189d9bd9be5,worker_4,worker_4,DISK_LOAD,10.516134,0.082157,"Disk -> RAM [Model: ab20b578, Layer: 3df6c45b]"
2591713.503642,1001,ab20b578-3dd0-4fe3-97cb-3189d9bd9be5,worker_4,worker_4,MEM_MOVE,10.516134,0.082157,"RAM -> VRAM [Model: ab20b578, Layer: 3df6c45b]"
2591713.553642,1001,ab20b578-3dd0-4fe3-97cb-3189d9bd9be5,worker_4,worker_4,GPU_COMPUTE,0.050000,0.050000,GPU Compute
2591713.711642,1001,ab20b578-3dd0-4fe3-97cb-3189d9bd9be5,worker_4,coordinator_0,NET_TRANSFER,0.000100,0.158000,Signal Finished
2592136.897579,1001,ab20b578-3dd0-4fe3-97cb-3189d9bd9be5,coordinator_0,worker_1,NET_TRANSFER,5.287949,423.185937,Distribute Layer ID: 27fe39bb
2592136.938891,1001,ab20b578-3dd0-4fe3-97cb-3189d9bd9be5,worker_1,worker_1,DISK_LOAD,5.287949,0.041312,"Disk -> RAM [Model: ab20b578, Layer: 27fe39bb]"
2592136.980203,1001,ab20b578-3dd0-4fe3-97cb-3189d9bd9be5,worker_1,worker_1,MEM_MOVE,5.287949,0.041312,"RAM -> VRAM [Model: ab20b578, Layer: 27fe39bb]"
2592137.030203,1001,ab20b578-3dd0-4fe3-97cb-3189d9bd9be5,worker_1,worker_1,GPU_COMPUTE,0.050000,0.050000,GPU Compute
2592137.188203,1001,ab20b578-3dd0-4fe3-97cb-3189d9bd9be5,worker_1,coordinator_0,NET_TRANSFER,0.000100,0.158000,Signal Finished
2592641.082336,1001,ab20b578-3dd0-4fe3-97cb-3189d9bd9be5,coordinator_0,worker_2,NET_TRANSFER,6.296802,503.894133,Distribute Layer ID: 2257e71f
2592641.131529,1001,ab20b578-3dd0-4fe3-97cb-3189d9bd9be5,worker_2,worker_2,DISK_LOAD,6.296802,0.049194,"Disk -> RAM [Model: ab20b578, Layer: 2257e71f]"
2592641.180723,1001,ab20b578-3dd0-4fe3-97cb-3189d9bd9be5,worker_2,worker_2,MEM_MOVE,6.296802,0.049194,"RAM -> VRAM [Model: ab20b578, Layer: 2257e71f]"
2592641.230723,1001,ab20b578-3dd0-4fe3-97cb-3189d9bd9be5,worker_2,worker_2,GPU_COMPUTE,0.050000,0.050000,GPU Compute
2592641.388723,1001,ab20b578-3dd0-4fe3-97cb-3189d9bd9be5,worker_2,coordinator_0,NET_TRANSFER,0.000100,0.158000,Signal Finished
2593444.257232,1001,ab20b578-3dd0-4fe3-97cb-3189d9bd9be5,coordinator_0,worker_3,NET_TRANSFER,10.033981,802.868509,Distribute Layer ID: f0a01e7d
2593444.368319,1001,ab20b578-3dd0-4fe3-97cb-3189d9bd9be5,worker_3,worker_3,MEM_MOVE,14.219074,0.111087,"Evict VRAM -> RAM [Model: ab20b578, Layer: b1085ef9]"
2593444.446709,1001,ab20b578-3dd0-4fe3-97cb-3189d9bd9be5,worker_3,worker_3,DISK_LOAD,10.033981,0.078390,"Disk -> RAM [Model: ab20b578, Layer: f0a01e7d]"
2593444.525100,1001,ab20b578-3dd0-4fe3-97cb-3189d9bd9be5,worker_3,worker_3,MEM_MOVE,10.033981,0.078390,"RAM -> VRAM [Model: ab20b578, Layer: f0a01e7d]"
2593444.575100,1001,ab20b578-3dd0-4fe3-97cb-3189d9bd9be5,worker_3,worker_3,GPU_COMPUTE,0.050000,0.050000,GPU Compute
2593444.733100,1001,ab20b578-3dd0-4fe3-97cb-3189d9bd9be5,worker_3,coordinator_0,NET_TRANSFER,0.000100,0.158000,Signal Finished
2593869.166514,1001,ab20b578-3dd0-4fe3-97cb-3189d9bd9be5,coordinator_0,worker_4,NET_TRANSFER,5.303543,424.433415,Distribute Layer ID: 2812765d
2593869.248672,1001,ab20b578-3dd0-4fe3-97cb-3189d9bd9be5,worker_4,worker_4,MEM_MOVE,10.516134,0.082157,"Evict VRAM -> RAM [Model: ab20b578, Layer: 3df6c45b]"
2593869.290106,1001,ab20b578-3dd0-4fe3-97cb-3189d9bd9be5,worker_4,worker_4,DISK_LOAD,5.303543,0.041434,"Disk -> RAM [Model: ab20b578, Layer: 2812765d]"
2593869.331540,1001,ab20b578-3dd0-4fe3-97cb-3189d9bd9be5,worker_4,worker_4,MEM_MOVE,5.303543,0.041434,"RAM -> VRAM [Model: ab20b578, Layer: 2812765d]"
2593869.381540,1001,ab20b578-3dd0-4fe3-97cb-3189d9bd9be5,worker_4,worker_4,GPU_COMPUTE,0.050000,0.050000,GPU Compute
2593869.539540,1001,ab20b578-3dd0-4fe3-97cb-3189d9bd9be5,worker_4,coordinator_0,NET_TRANSFER,0.000100,0.158000,Signal Finished
2594691.542679,1001,ab20b578-3dd0-4fe3-97cb-3189d9bd9be5,coordinator_0,worker_1,NET_TRANSFER,10.273164,822.003139,Distribute Layer ID: 7a66e474
2594691.583991,1001,ab20b578-3dd0-4fe3-97cb-3189d9bd9be5,worker_1,worker_1,MEM_MOVE,5.287949,0.041312,"Evict VRAM -> RAM [Model: ab20b578, Layer: 27fe39bb]"
2594691.695969,1001,ab20b578-3dd0-4fe3-97cb-3189d9bd9be5,worker_1,worker_1,MEM_MOVE,14.333200,0.111978,"Evict VRAM -> RAM [Model: ab20b578, Layer: ef6f18aa]"
2594691.776228,1001,ab20b578-3dd0-4fe3-97cb-3189d9bd9be5,worker_1,worker_1,DISK_LOAD,10.273164,0.080259,"Disk -> RAM [Model: ab20b578, Layer: 7a66e474]"
2594691.856487,1001,ab20b578-3dd0-4fe3-97cb-3189d9bd9be5,worker_1,worker_1,MEM_MOVE,10.273164,0.080259,"RAM -> VRAM [Model: ab20b578, Layer: 7a66e474]"
2594691.906487,1001,ab20b578-3dd0-4fe3-97cb-3189d9bd9be5,worker_1,worker_1,GPU_COMPUTE,0.050000,0.050000,GPU Compute
2594692.064487,1001,ab20b578-3dd0-4fe3-97cb-3189d9bd9be5,worker_1,coordinator_0,NET_TRANSFER,0.000100,0.158000,Signal Finished
2595123.110636,1001,ab20b578-3dd0-4fe3-97cb-3189d9bd9be5,coordinator_0,worker_2,NET_TRANSFER,5.386202,431.046149,Distribute Layer ID: 689017ea
2595123.159830,1001,ab20b578-3dd0-4fe3-97cb-3189d9bd9be5,worker_2,worker_2,MEM_MOVE,6.296802,0.049194,"Evict VRAM -> RAM [Model: ab20b578, Layer: 2257e71f]"
2595123.201910,1001,ab20b578-3dd0-4fe3-97cb-3189d9bd9be5,worker_2,worker_2,DISK_LOAD,5.386202,0.042080,"Disk -> RAM [Model: ab20b578, Layer: 689017ea]"
2595123.243989,1001,ab20b578-3dd0-4fe3-97cb-3189d9bd9be5,worker_2,worker_2,MEM_MOVE,5.386202,0.042080,"RAM -> VRAM [Model: ab20b578, Layer: 689017ea]"
2595123.293989,1001,ab20b578-3dd0-4fe3-97cb-3189d9bd9be5,worker_2,worker_2,GPU_COMPUTE,0.050000,0.050000,GPU Compute
2595123.451989,1001,ab20b578-3dd0-4fe3-97cb-3189d9bd9be5,worker_2,coordinator_0,NET_TRANSFER,0.000100,0.158000,Signal Finished
2596033.939517,1001,ab20b578-3dd0-4fe3-97cb-3189d9bd9be5,coordinator_0,worker_3,NET_TRANSFER,11.379219,910.487528,Distribute Layer ID: 55b9de68
2596034.017908,1001,ab20b578-3dd0-4fe3-97cb-3189d9bd9be5,worker_3,worker_3,MEM_MOVE,10.033981,0.078390,"Evict VRAM -> RAM [Model: ab20b578, Layer: f0a01e7d]"
2596034.106808,1001,ab20b578-3dd0-4fe3-97cb-3189d9bd9be5,worker_3,worker_3,DISK_LOAD,11.379219,0.088900,"Disk -> RAM [Model: ab20b578, Layer: 55b9de68]"
2596034.195708,1001,ab20b578-3dd0-4fe3-97cb-3189d9bd9be5,worker_3,worker_3,MEM_MOVE,11.379219,0.088900,"RAM -> VRAM [Model: ab20b578, Layer: 55b9de68]"
2596034.245708,1001,ab20b578-3dd0-4fe3-97cb-3189d9bd9be5,worker_3,worker_3,GPU_COMPUTE,0.050000,0.050000,GPU Compute
2596034.403708,1001,ab20b578-3dd0-4fe3-97cb-3189d9bd9be5,worker_3,coordinator_0,NET_TRANSFER,0.000100,0.158000,Signal Finished
2596917.501530,1001,ab20b578-3dd0-4fe3-97cb-3189d9bd9be5,coordinator_0,worker_4,NET_TRANSFER,11.036848,883.097822,Distribute Layer ID: f0aa105c
2596917.542964,1001,ab20b578-3dd0-4fe3-97cb-3189d9bd9be5,worker_4,worker_4,MEM_MOVE,5.303543,0.041434,"Evict VRAM -> RAM [Model: ab20b578, Layer: 2812765d]"
2596917.629189,1001,ab20b578-3dd0-4fe3-97cb-3189d9bd9be5,worker_4,worker_4,DISK_LOAD,11.036848,0.086225,"Disk -> RAM [Model: ab20b578, Layer: f0aa105c]"
2596917.715415,1001,ab20b578-3dd0-4fe3-97cb-3189d9bd9be5,worker_4,worker_4,MEM_MOVE,11.036848,0.086225,"RAM -> VRAM [Model: ab20b578, Layer: f0aa105c]"
2596917.765415,1001,ab20b578-3dd0-4fe3-97cb-3189d9bd9be5,worker_4,worker_4,GPU_COMPUTE,0.050000,0.050000,GPU Compute
2596917.923415,1001,ab20b578-3dd0-4fe3-97cb-3189d9bd9be5,worker_4,coordinator_0,NET_TRANSFER,0.000100,0.158000,Signal Finished
2597815.642557,1001,ab20b578-3dd0-4fe3-97cb-3189d9bd9be5,coordinator_0,worker_1,NET_TRANSFER,11.219614,897.719142,Distribute Layer ID: 8ffad095
2597815.730210,1001,ab20b578-3dd0-4fe3-97cb-3189d9bd9be5,worker_1,worker_1,DISK_LOAD,11.219614,0.087653,"Disk -> RAM [Model: ab20b578, Layer: 8ffad095]"
2597815.817863,1001,ab20b578-3dd0-4fe3-97cb-3189d9bd9be5,worker_1,worker_1,MEM_MOVE,11.219614,0.087653,"RAM -> VRAM [Model: ab20b578, Layer: 8ffad095]"
2597815.867863,1001,ab20b578-3dd0-4fe3-97cb-3189d9bd9be5,worker_1,worker_1,GPU_COMPUTE,0.050000,0.050000,GPU Compute
2597816.025863,1001,ab20b578-3dd0-4fe3-97cb-3189d9bd9be5,worker_1,coordinator_0,NET_TRANSFER,0.000100,0.158000,Signal Finished
2598561.855151,1001,ab20b578-3dd0-4fe3-97cb-3189d9bd9be5,coordinator_0,worker_2,NET_TRANSFER,9.320991,745.829288,Distribute Layer ID: 17179787
2598561.897231,1001,ab20b578-3dd0-4fe3-97cb-3189d9bd9be5,worker_2,worker_2,MEM_MOVE,5.386202,0.042080,"Evict VRAM -> RAM [Model: ab20b578, Layer: 689017ea]"
2598561.969214,1001,ab20b578-3dd0-4fe3-97cb-3189d9bd9be5,worker_2,worker_2,MEM_MOVE,9.213787,0.071983,"Evict VRAM -> RAM [Model: ab20b578, Layer: 42ad2c0d]"
2598562.042034,1001,ab20b578-3dd0-4fe3-97cb-3189d9bd9be5,worker_2,worker_2,DISK_LOAD,9.320991,0.072820,"Disk -> RAM [Model: ab20b578, Layer: 17179787]"
2598562.114854,1001,ab20b578-3dd0-4fe3-97cb-3189d9bd9be5,worker_2,worker_2,MEM_MOVE,9.320991,0.072820,"RAM -> VRAM [Model: ab20b578, Layer: 17179787]"
2598562.164854,1001,ab20b578-3dd0-4fe3-97cb-3189d9bd9be5,worker_2,worker_2,GPU_COMPUTE,0.050000,0.050000,GPU Compute
2598562.322854,1001,ab20b578-3dd0-4fe3-97cb-3189d9bd9be5,worker_2,coordinator_0,NET_TRANSFER,0.000100,0.158000,Signal Finished
2599022.315554,1001,ab20b578-3dd0-4fe3-97cb-3189d9bd9be5,coordinator_0,worker_3,NET_TRANSFER,5.748034,459.992699,Distribute Layer ID: 68e5ec53
2599022.404454,1001,ab20b578-3dd0-4fe3-97cb-3189d9bd9be5,worker_3,worker_3,MEM_MOVE,11.379219,0.088900,"Evict VRAM -> RAM [Model: ab20b578, Layer: 55b9de68]"
2599022.449360,1001,ab20b578-3dd0-4fe3-97cb-3189d9bd9be5,worker_3,worker_3,DISK_LOAD,5.748034,0.044907,"Disk -> RAM [Model: ab20b578, Layer: 68e5ec53]"
2599022.494267,1001,ab20b578-3dd0-4fe3-97cb-3189d9bd9be5,worker_3,worker_3,MEM_MOVE,5.748034,0.044907,"RAM -> VRAM [Model: ab20b578, Layer: 68e5ec53]"
2599022.544267,1001,ab20b578-3dd0-4fe3-97cb-3189d9bd9be5,worker_3,worker_3,GPU_COMPUTE,0.050000,0.050000,GPU Compute
2599022.702267,1001,ab20b578-3dd0-4fe3-97cb-3189d9bd9be5,worker_3,coordinator_0,NET_TRANSFER,0.000100,0.158000,Signal Finished
2599953.355031,1001,ab20b578-3dd0-4fe3-97cb-3189d9bd9be5,coordinator_0,worker_4,NET_TRANSFER,11.631285,930.652765,Distribute Layer ID: 0285ab9c
2599953.441257,1001,ab20b578-3dd0-4fe3-97cb-3189d9bd9be5,worker_4,worker_4,MEM_MOVE,11.036848,0.086225,"Evict VRAM -> RAM [Model: ab20b578, Layer: f0aa105c]"
2599953.532126,1001,ab20b578-3dd0-4fe3-97cb-3189d9bd9be5,worker_4,worker_4,DISK_LOAD,11.631285,0.090869,"Disk -> RAM [Model: ab20b578, Layer: 0285ab9c]"
2599953.622996,1001,ab20b578-3dd0-4fe3-97cb-3189d9bd9be5,worker_4,worker_4,MEM_MOVE,11.631285,0.090869,"RAM -> VRAM [Model: ab20b578, Layer: 0285ab9c]"
2599953.672996,1001,ab20b578-3dd0-4fe3-97cb-3189d9bd9be5,worker_4,worker_4,GPU_COMPUTE,0.050000,0.050000,GPU Compute
2599953.830996,1001,ab20b578-3dd0-4fe3-97cb-3189d9bd9be5,worker_4,coordinator_0,NET_TRANSFER,0.000100,0.158000,Signal Finished
2600648.360041,1001,ab20b578-3dd0-4fe3-97cb-3189d9bd9be5,coordinator_0,worker_1,NET_TRANSFER,8.679738,694.529046,Distribute Layer ID: 5df7caa9
2600648.447695,1001,ab20b578-3dd0-4fe3-97cb-3189d9bd9be5,worker_1,worker_1,MEM_MOVE,11.219614,0.087653,"Evict VRAM -> RAM [Model: ab20b578, Layer: 8ffad095]"
2600648.515505,1001,ab20b578-3dd0-4fe3-97cb-3189d9bd9be5,worker_1,worker_1,DISK_LOAD,8.679738,0.067810,"Disk -> RAM [Model: ab20b578, Layer: 5df7caa9]"
2600648.583316,1001,ab20b578-3dd0-4fe3-97cb-3189d9bd9be5,worker_1,worker_1,MEM_MOVE,8.679738,0.067810,"RAM -> VRAM [Model: ab20b578, Layer: 5df7caa9]"
2600648.633316,1001,ab20b578-3dd0-4fe3-97cb-3189d9bd9be5,worker_1,worker_1,GPU_COMPUTE,0.050000,0.050000,GPU Compute
2600648.791316,1001,ab20b578-3dd0-4fe3-97cb-3189d9bd9be5,worker_1,coordinator_0,NET_TRANSFER,0.000100,0.158000,Signal Finished
2601075.703981,1001,ab20b578-3dd0-4fe3-97cb-3189d9bd9be5,coordinator_0,worker_2,NET_TRANSFER,5.334533,426.912666,Distribute Layer ID: e492d2f4
2601075.745657,1001,ab20b578-3dd0-4fe3-97cb-3189d9bd9be5,worker_2,worker_2,DISK_LOAD,5.334533,0.041676,"Disk -> RAM [Model: ab20b578, Layer: e492d2f4]"
2601075.787333,1001,ab20b578-3dd0-4fe3-97cb-3189d9bd9be5,worker_2,worker_2,MEM_MOVE,5.334533,0.041676,"RAM -> VRAM [Model: ab20b578, Layer: e492d2f4]"
2601075.837333,1001,ab20b578-3dd0-4fe3-97cb-3189d9bd9be5,worker_2,worker_2,GPU_COMPUTE,0.050000,0.050000,GPU Compute
2601075.995333,1001,ab20b578-3dd0-4fe3-97cb-3189d9bd9be5,worker_2,coordinator_0,NET_TRANSFER,0.000100,0.158000,Signal Finished
2602056.140859,1001,ab20b578-3dd0-4fe3-97cb-3189d9bd9be5,coordinator_0,worker_3,NET_TRANSFER,12.249944,980.145525,Distribute Layer ID: b747eb9b
2602056.185765,1001,ab20b578-3dd0-4fe3-97cb-3189d9bd9be5,worker_3,worker_3,MEM_MOVE,5.748034,0.044907,"Evict VRAM -> RAM [Model: ab20b578, Layer: 68e5ec53]"
2602056.281468,1001,ab20b578-3dd0-4fe3-97cb-3189d9bd9be5,worker_3,worker_3,DISK_LOAD,12.249944,0.095703,"Disk -> RAM [Model: ab20b578, Layer: b747eb9b]"
2602056.377171,1001,ab20b578-3dd0-4fe3-97cb-3189d9bd9be5,worker_3,worker_3,MEM_MOVE,12.249944,0.095703,"RAM -> VRAM [Model: ab20b578, Layer: b747eb9b]"
2602056.427171,1001,ab20b578-3dd0-4fe3-97cb-3189d9bd9be5,worker_3,worker_3,GPU_COMPUTE,0.050000,0.050000,GPU Compute
2602056.585171,1001,ab20b578-3dd0-4fe3-97cb-3189d9bd9be5,worker_3,coordinator_0,NET_TRANSFER,0.000100,0.158000,Signal Finished
2602635.635595,1001,ab20b578-3dd0-4fe3-97cb-3189d9bd9be5,coordinator_0,worker_4,NET_TRANSFER,7.236255,579.050424,Distribute Layer ID: 8fe830e2
2602635.726464,1001,ab20b578-3dd0-4fe3-97cb-3189d9bd9be5,worker_4,worker_4,MEM_MOVE,11.631285,0.090869,"Evict VRAM -> RAM [Model: ab20b578, Layer: 0285ab9c]"
2602635.782997,1001,ab20b578-3dd0-4fe3-97cb-3189d9bd9be5,worker_4,worker_4,DISK_LOAD,7.236255,0.056533,"Disk -> RAM [Model: ab20b578, Layer: 8fe830e2]"
2602635.839531,1001,ab20b578-3dd0-4fe3-97cb-3189d9bd9be5,worker_4,worker_4,MEM_MOVE,7.236255,0.056533,"RAM -> VRAM [Model: ab20b578, Layer: 8fe830e2]"
2602635.889531,1001,ab20b578-3dd0-4fe3-97cb-3189d9bd9be5,worker_4,worker_4,GPU_COMPUTE,0.050000,0.050000,GPU Compute
2602636.047531,1001,ab20b578-3dd0-4fe3-97cb-3189d9bd9be5,worker_4,coordinator_0,NET_TRANSFER,0.000100,0.158000,Signal Finished
2603636.534289,1001,ab20b578-3dd0-4fe3-97cb-3189d9bd9be5,coordinator_0,worker_1,NET_TRANSFER,12.504209,1000.486758,Distribute Layer ID: 40e1ee33
2603636.602099,1001,ab20b578-3dd0-4fe3-97cb-3189d9bd9be5,worker_1,worker_1,MEM_MOVE,8.679738,0.067810,"Evict VRAM -> RAM [Model: ab20b578, Layer: 5df7caa9]"
2603636.682358,1001,ab20b578-3dd0-4fe3-97cb-3189d9bd9be5,worker_1,worker_1,MEM_MOVE,10.273164,0.080259,"Evict VRAM -> RAM [Model: ab20b578, Layer: 7a66e474]"
2603636.780047,1001,ab20b578-3dd0-4fe3-97cb-3189d9bd9be5,worker_1,worker_1,DISK_LOAD,12.504209,0.097689,"Disk -> RAM [Model: ab20b578, Layer: 40e1ee33]"
2603636.877736,1001,ab20b578-3dd0-4fe3-97cb-3189d9bd9be5,worker_1,worker_1,MEM_MOVE,12.504209,0.097689,"RAM -> VRAM [Model: ab20b578, Layer: 40e1ee33]"
2603636.927736,1001,ab20b578-3dd0-4fe3-97cb-3189d9bd9be5,worker_1,worker_1,GPU_COMPUTE,0.050000,0.050000,GPU Compute
2603637.085736,1001,ab20b578-3dd0-4fe3-97cb-3189d9bd9be5,worker_1,coordinator_0,NET_TRANSFER,0.000100,0.158000,Signal Finished
2604196.731633,1001,ab20b578-3dd0-4fe3-97cb-3189d9bd9be5,coordinator_0,worker_2,NET_TRANSFER,6.993699,559.645897,Distribute Layer ID: 7902ceba
2604196.773309,1001,ab20b578-3dd0-4fe3-97cb-3189d9bd9be5,worker_2,worker_2,MEM_MOVE,5.334533,0.041676,"Evict VRAM -> RAM [Model: ab20b578, Layer: e492d2f4]"
2604196.846129,1001,ab20b578-3dd0-4fe3-97cb-3189d9bd9be5,worker_2,worker_2,MEM_MOVE,9.320991,0.072820,"Evict VRAM -> RAM [Model: ab20b578, Layer: 17179787]"
2604196.900768,1001,ab20b578-3dd0-4fe3-97cb-3189d9bd9be5,worker_2,worker_2,DISK_LOAD,6.993699,0.054638,"Disk -> RAM [Model: ab20b578, Layer: 7902ceba]"
2604196.955406,1001,ab20b578-3dd0-4fe3-97cb-3189d9bd9be5,worker_2,worker_2,MEM_MOVE,6.993699,0.054638,"RAM -> VRAM [Model: ab20b578, Layer: 7902ceba]"
2604197.005406,1001,ab20b578-3dd0-4fe3-97cb-3189d9bd9be5,worker_2,worker_2,GPU_COMPUTE,0.050000,0.050000,GPU Compute
2604197.163406,1001,ab20b578-3dd0-4fe3-97cb-3189d9bd9be5,worker_2,coordinator_0,NET_TRANSFER,0.000100,0.158000,Signal Finished
2604701.677229,1001,ab20b578-3dd0-4fe3-97cb-3189d9bd9be5,coordinator_0,worker_3,NET_TRANSFER,6.304548,504.513823,Distribute Layer ID: 8b3f561f
2604701.772931,1001,ab20b578-3dd0-4fe3-97cb-3189d9bd9be5,worker_3,worker_3,MEM_MOVE,12.249944,0.095703,"Evict VRAM -> RAM [Model: ab20b578, Layer: b747eb9b]"
2604701.822186,1001,ab20b578-3dd0-4fe3-97cb-3189d9bd9be5,worker_3,worker_3,DISK_LOAD,6.304548,0.049254,"Disk -> RAM [Model: ab20b578, Layer: 8b3f561f]"
2604701.871440,1001,ab20b578-3dd0-4fe3-97cb-3189d9bd9be5,worker_3,worker_3,MEM_MOVE,6.304548,0.049254,"RAM -> VRAM [Model: ab20b578, Layer: 8b3f561f]"
2604701.921440,1001,ab20b578-3dd0-4fe3-97cb-3189d9bd9be5,worker_3,worker_3,GPU_COMPUTE,0.050000,0.050000,GPU Compute
2604702.079440,1001,ab20b578-3dd0-4fe3-97cb-3189d9bd9be5,worker_3,coordinator_0,NET_TRANSFER,0.000100,0.158000,Signal Finished
2605401.651358,1001,ab20b578-3dd0-4fe3-97cb-3189d9bd9be5,coordinator_0,worker_4,NET_TRANSFER,8.742774,699.571918,Distribute Layer ID: f4324d9f
2605401.707891,1001,ab20b578-3dd0-4fe3-97cb-3189d9bd9be5,worker_4,worker_4,MEM_MOVE,7.236255,0.056533,"Evict VRAM -> RAM [Model: ab20b578, Layer: 8fe830e2]"
2605401.776194,1001,ab20b578-3dd0-4fe3-97cb-3189d9bd9be5,worker_4,worker_4,DISK_LOAD,8.742774,0.068303,"Disk -> RAM [Model: ab20b578, Layer: f4324d9f]"
2605401.844497,1001,ab20b578-3dd0-4fe3-97cb-3189d9bd9be5,worker_4,worker_4,MEM_MOVE,8.742774,0.068303,"RAM -> VRAM [Model: ab20b578, Layer: f4324d9f]"
2605401.894497,1001,ab20b578-3dd0-4fe3-97cb-3189d9bd9be5,worker_4,worker_4,GPU_COMPUTE,0.050000,0.050000,GPU Compute
2605402.052497,1001,ab20b578-3dd0-4fe3-97cb-3189d9bd9be5,worker_4,coordinator_0,NET_TRANSFER,0.000100,0.158000,Signal Finished
2606466.931052,1001,ab20b578-3dd0-4fe3-97cb-3189d9bd9be5,coordinator_0,worker_1,NET_TRANSFER,13.309107,1064.878555,Distribute Layer ID: 03ab26e3
2606467.028741,1001,ab20b578-3dd0-4fe3-97cb-3189d9bd9be5,worker_1,worker_1,MEM_MOVE,12.504209,0.097689,"Evict VRAM -> RAM [Model: ab20b578, Layer: 40e1ee33]"
2606467.132719,1001,ab20b578-3dd0-4fe3-97cb-3189d9bd9be5,worker_1,worker_1,DISK_LOAD,13.309107,0.103977,"Disk -> RAM [Model: ab20b578, Layer: 03ab26e3]"
2606467.236696,1001,ab20b578-3dd0-4fe3-97cb-3189d9bd9be5,worker_1,worker_1,MEM_MOVE,13.309107,0.103977,"RAM -> VRAM [Model: ab20b578, Layer: 03ab26e3]"
2606467.286696,1001,ab20b578-3dd0-4fe3-97cb-3189d9bd9be5,worker_1,worker_1,GPU_COMPUTE,0.050000,0.050000,GPU Compute
2606467.444696,1001,ab20b578-3dd0-4fe3-97cb-3189d9bd9be5,worker_1,coordinator_0,NET_TRANSFER,0.000100,0.158000,Signal Finished
2607591.482224,1001,ab20b578-3dd0-4fe3-97cb-3189d9bd9be5,coordinator_0,worker_2,NET_TRANSFER,14.048594,1124.037528,Distribute Layer ID: 71b7639c
2607591.536862,1001,ab20b578-3dd0-4fe3-97cb-3189d9bd9be5,worker_2,worker_2,MEM_MOVE,6.993699,0.054638,"Evict VRAM -> RAM [Model: ab20b578, Layer: 7902ceba]"
2607591.646617,1001,ab20b578-3dd0-4fe3-97cb-3189d9bd9be5,worker_2,worker_2,DISK_LOAD,14.048594,0.109755,"Disk -> RAM [Model: ab20b578, Layer: 71b7639c]"
2607591.756371,1001,ab20b578-3dd0-4fe3-97cb-3189d9bd9be5,worker_2,worker_2,MEM_MOVE,14.048594,0.109755,"RAM -> VRAM [Model: ab20b578, Layer: 71b7639c]"
2607591.806371,1001,ab20b578-3dd0-4fe3-97cb-3189d9bd9be5,worker_2,worker_2,GPU_COMPUTE,0.050000,0.050000,GPU Compute
2607591.964371,1001,ab20b578-3dd0-4fe3-97cb-3189d9bd9be5,worker_2,coordinator_0,NET_TRANSFER,0.000100,0.158000,Signal Finished
2608547.727863,1001,ab20b578-3dd0-4fe3-97cb-3189d9bd9be5,coordinator_0,worker_3,NET_TRANSFER,11.945169,955.763492,Distribute Layer ID: a67185c4
2608547.777118,1001,ab20b578-3dd0-4fe3-97cb-3189d9bd9be5,worker_3,worker_3,MEM_MOVE,6.304548,0.049254,"Evict VRAM -> RAM [Model: ab20b578, Layer: 8b3f561f]"
2608547.870439,1001,ab20b578-3dd0-4fe3-97cb-3189d9bd9be5,worker_3,worker_3,DISK_LOAD,11.945169,0.093322,"Disk -> RAM [Model: ab20b578, Layer: a67185c4]"
2608547.963761,1001,ab20b578-3dd0-4fe3-97cb-3189d9bd9be5,worker_3,worker_3,MEM_MOVE,11.945169,0.093322,"RAM -> VRAM [Model: ab20b578, Layer: a67185c4]"
2608548.013761,1001,ab20b578-3dd0-4fe3-97cb-3189d9bd9be5,worker_3,worker_3,GPU_COMPUTE,0.050000,0.050000,GPU Compute
2608548.171761,1001,ab20b578-3dd0-4fe3-97cb-3189d9bd9be5,worker_3,coordinator_0,NET_TRANSFER,0.000100,0.158000,Signal Finished
2609486.730084,1001,ab20b578-3dd0-4fe3-97cb-3189d9bd9be5,coordinator_0,worker_4,NET_TRANSFER,11.730104,938.558323,Distribute Layer ID: f5d9506f
2609486.798387,1001,ab20b578-3dd0-4fe3-97cb-3189d9bd9be5,worker_4,worker_4,MEM_MOVE,8.742774,0.068303,"Evict VRAM -> RAM [Model: ab20b578, Layer: f4324d9f]"
2609486.890029,1001,ab20b578-3dd0-4fe3-97cb-3189d9bd9be5,worker_4,worker_4,DISK_LOAD,11.730104,0.091641,"Disk -> RAM [Model: ab20b578, Layer: f5d9506f]"
2609486.981670,1001,ab20b578-3dd0-4fe3-97cb-3189d9bd9be5,worker_4,worker_4,MEM_MOVE,11.730104,0.091641,"RAM -> VRAM [Model: ab20b578, Layer: f5d9506f]"
2609487.031670,1001,ab20b578-3dd0-4fe3-97cb-3189d9bd9be5,worker_4,worker_4,GPU_COMPUTE,0.050000,0.050000,GPU Compute
2609487.189670,1001,ab20b578-3dd0-4fe3-97cb-3189d9bd9be5,worker_4,coordinator_0,NET_TRANSFER,0.000100,0.158000,Signal Finished
2610240.074496,1001,ab20b578-3dd0-4fe3-97cb-3189d9bd9be5,coordinator_0,worker_1,NET_TRANSFER,9.409185,752.884825,Distribute Layer ID: 10fb34c9
2610240.178473,1001,ab20b578-3dd0-4fe3-97cb-3189d9bd9be5,worker_1,worker_1,MEM_MOVE,13.309107,0.103977,"Evict VRAM -> RAM [Model: ab20b578, Layer: 03ab26e3]"
2610240.251982,1001,ab20b578-3dd0-4fe3-97cb-3189d9bd9be5,worker_1,worker_1,DISK_LOAD,9.409185,0.073509,"Disk -> RAM [Model: ab20b578, Layer: 10fb34c9]"
2610240.325491,1001,ab20b578-3dd0-4fe3-97cb-3189d9bd9be5,worker_1,worker_1,MEM_MOVE,9.409185,0.073509,"RAM -> VRAM [Model: ab20b578, Layer: 10fb34c9]"
2610240.375491,1001,ab20b578-3dd0-4fe3-97cb-3189d9bd9be5,worker_1,worker_1,GPU_COMPUTE,0.050000,0.050000,GPU Compute
2610240.533491,1001,ab20b578-3dd0-4fe3-97cb-3189d9bd9be5,worker_1,coordinator_0,NET_TRANSFER,0.000100,0.158000,Signal Finished
2610826.134024,1001,ab20b578-3dd0-4fe3-97cb-3189d9bd9be5,coordinator_0,worker_2,NET_TRANSFER,7.318132,585.600532,Distribute Layer ID: 58e33fc1
2610826.243779,1001,ab20b578-3dd0-4fe3-97cb-3189d9bd9be5,worker_2,worker_2,MEM_MOVE,14.048594,0.109755,"Evict VRAM -> RAM [Model: ab20b578, Layer: 71b7639c]"
2610826.300951,1001,ab20b578-3dd0-4fe3-97cb-3189d9bd9be5,worker_2,worker_2,DISK_LOAD,7.318132,0.057173,"Disk -> RAM [Model: ab20b578, Layer: 58e33fc1]"
2610826.358124,1001,ab20b578-3dd0-4fe3-97cb-3189d9bd9be5,worker_2,worker_2,MEM_MOVE,7.318132,0.057173,"RAM -> VRAM [Model: ab20b578, Layer: 58e33fc1]"
2610826.408124,1001,ab20b578-3dd0-4fe3-97cb-3189d9bd9be5,worker_2,worker_2,GPU_COMPUTE,0.050000,0.050000,GPU Compute
2610826.566124,1001,ab20b578-3dd0-4fe3-97cb-3189d9bd9be5,worker_2,coordinator_0,NET_TRANSFER,0.000100,0.158000,Signal Finished
2611909.164742,1001,ab20b578-3dd0-4fe3-97cb-3189d9bd9be5,coordinator_0,worker_3,NET_TRANSFER,13.530608,1082.598617,Distribute Layer ID: f3d72bb0
2611909.258063,1001,ab20b578-3dd0-4fe3-97cb-3189d9bd9be5,worker_3,worker_3,MEM_MOVE,11.945169,0.093322,"Evict VRAM -> RAM [Model: ab20b578, Layer: a67185c4]"
2611909.363771,1001,ab20b578-3dd0-4fe3-97cb-3189d9bd9be5,worker_3,worker_3,DISK_LOAD,13.530608,0.105708,"Disk -> RAM [Model: ab20b578, Layer: f3d72bb0]"
2611909.469479,1001,ab20b578-3dd0-4fe3-97cb-3189d9bd9be5,worker_3,worker_3,MEM_MOVE,13.530608,0.105708,"RAM -> VRAM [Model: ab20b578, Layer: f3d72bb0]"
2611909.519479,1001,ab20b578-3dd0-4fe3-97cb-3189d9bd9be5,worker_3,worker_3,GPU_COMPUTE,0.050000,0.050000,GPU Compute
2611909.677479,1001,ab20b578-3dd0-4fe3-97cb-3189d9bd9be5,worker_3,coordinator_0,NET_TRANSFER,0.000100,0.158000,Signal Finished
2612972.970995,1001,ab20b578-3dd0-4fe3-97cb-3189d9bd9be5,coordinator_0,worker_4,NET_TRANSFER,13.289294,1063.293516,Distribute Layer ID: a2d339d2
2612973.062636,1001,ab20b578-3dd0-4fe3-97cb-3189d9bd9be5,worker_4,worker_4,MEM_MOVE,11.730104,0.091641,"Evict VRAM -> RAM [Model: ab20b578, Layer: f5d9506f]"
2612973.166459,1001,ab20b578-3dd0-4fe3-97cb-3189d9bd9be5,worker_4,worker_4,DISK_LOAD,13.289294,0.103823,"Disk -> RAM [Model: ab20b578, Layer: a2d339d2]"
2612973.270282,1001,ab20b578-3dd0-4fe3-97cb-3189d9bd9be5,worker_4,worker_4,MEM_MOVE,13.289294,0.103823,"RAM -> VRAM [Model: ab20b578, Layer: a2d339d2]"
2612973.320282,1001,ab20b578-3dd0-4fe3-97cb-3189d9bd9be5,worker_4,worker_4,GPU_COMPUTE,0.050000,0.050000,GPU Compute
2612973.478282,1001,ab20b578-3dd0-4fe3-97cb-3189d9bd9be5,worker_4,coordinator_0,NET_TRANSFER,0.000100,0.158000,Signal Finished
2613465.447933,1001,ab20b578-3dd0-4fe3-97cb-3189d9bd9be5,coordinator_0,worker_1,NET_TRANSFER,6.147746,491.969651,Distribute Layer ID: 7ef27967
2613465.495962,1001,ab20b578-3dd0-4fe3-97cb-3189d9bd9be5,worker_1,worker_1,DISK_LOAD,6.147746,0.048029,"Disk -> RAM [Model: ab20b578, Layer: 7ef27967]"
2613465.543991,1001,ab20b578-3dd0-4fe3-97cb-3189d9bd9be5,worker_1,worker_1,MEM_MOVE,6.147746,0.048029,"RAM -> VRAM [Model: ab20b578, Layer: 7ef27967]"
2613465.593991,1001,ab20b578-3dd0-4fe3-97cb-3189d9bd9be5,worker_1,worker_1,GPU_COMPUTE,0.050000,0.050000,GPU Compute
2613465.751991,1001,ab20b578-3dd0-4fe3-97cb-3189d9bd9be5,worker_1,coordinator_0,NET_TRANSFER,0.000100,0.158000,Signal Finished
2614033.100661,1001,ab20b578-3dd0-4fe3-97cb-3189d9bd9be5,coordinator_0,worker_2,NET_TRANSFER,7.089983,567.348669,Distribute Layer ID: 910bd3ce
2614033.156051,1001,ab20b578-3dd0-4fe3-97cb-3189d9bd9be5,worker_2,worker_2,DISK_LOAD,7.089983,0.055390,"Disk -> RAM [Model: ab20b578, Layer: 910bd3ce]"
2614033.211442,1001,ab20b578-3dd0-4fe3-97cb-3189d9bd9be5,worker_2,worker_2,MEM_MOVE,7.089983,0.055390,"RAM -> VRAM [Model: ab20b578, Layer: 910bd3ce]"
2614033.261442,1001,ab20b578-3dd0-4fe3-97cb-3189d9bd9be5,worker_2,worker_2,GPU_COMPUTE,0.050000,0.050000,GPU Compute
2614033.419442,1001,ab20b578-3dd0-4fe3-97cb-3189d9bd9be5,worker_2,coordinator_0,NET_TRANSFER,0.000100,0.158000,Signal Finished
2614486.723005,1001,ab20b578-3dd0-4fe3-97cb-3189d9bd9be5,coordinator_0,worker_3,NET_TRANSFER,5.664420,453.303563,Distribute Layer ID: 84285055
2614486.828712,1001,ab20b578-3dd0-4fe3-97cb-3189d9bd9be5,worker_3,worker_3,MEM_MOVE,13.530608,0.105708,"Evict VRAM -> RAM [Model: ab20b578, Layer: f3d72bb0]"
2614486.872966,1001,ab20b578-3dd0-4fe3-97cb-3189d9bd9be5,worker_3,worker_3,DISK_LOAD,5.664420,0.044253,"Disk -> RAM [Model: ab20b578, Layer: 84285055]"
2614486.917219,1001,ab20b578-3dd0-4fe3-97cb-3189d9bd9be5,worker_3,worker_3,MEM_MOVE,5.664420,0.044253,"RAM -> VRAM [Model: ab20b578, Layer: 84285055]"
2614486.967219,1001,ab20b578-3dd0-4fe3-97cb-3189d9bd9be5,worker_3,worker_3,GPU_COMPUTE,0.050000,0.050000,GPU Compute
2614487.125219,1001,ab20b578-3dd0-4fe3-97cb-3189d9bd9be5,worker_3,coordinator_0,NET_TRANSFER,0.000100,0.158000,Signal Finished
2615275.924414,1001,ab20b578-3dd0-4fe3-97cb-3189d9bd9be5,coordinator_0,worker_4,NET_TRANSFER,9.858115,788.799195,Distribute Layer ID: 35c2d4a0
2615276.028237,1001,ab20b578-3dd0-4fe3-97cb-3189d9bd9be5,worker_4,worker_4,MEM_MOVE,13.289294,0.103823,"Evict VRAM -> RAM [Model: ab20b578, Layer: a2d339d2]"
2615276.105253,1001,ab20b578-3dd0-4fe3-97cb-3189d9bd9be5,worker_4,worker_4,DISK_LOAD,9.858115,0.077017,"Disk -> RAM [Model: ab20b578, Layer: 35c2d4a0]"
2615276.182270,1001,ab20b578-3dd0-4fe3-97cb-3189d9bd9be5,worker_4,worker_4,MEM_MOVE,9.858115,0.077017,"RAM -> VRAM [Model: ab20b578, Layer: 35c2d4a0]"
2615276.232270,1001,ab20b578-3dd0-4fe3-97cb-3189d9bd9be5,worker_4,worker_4,GPU_COMPUTE,0.050000,0.050000,GPU Compute
2615276.390270,1001,ab20b578-3dd0-4fe3-97cb-3189d9bd9be5,worker_4,coordinator_0,NET_TRANSFER,0.000100,0.158000,Signal Finished
2616448.157734,1001,ab20b578-3dd0-4fe3-97cb-3189d9bd9be5,coordinator_0,worker_1,NET_TRANSFER,14.645218,1171.767465,Distribute Layer ID: 4b2ac88a
2616448.205764,1001,ab20b578-3dd0-4fe3-97cb-3189d9bd9be5,worker_1,worker_1,MEM_MOVE,6.147746,0.048029,"Evict VRAM -> RAM [Model: ab20b578, Layer: 7ef27967]"
2616448.279273,1001,ab20b578-3dd0-4fe3-97cb-3189d9bd9be5,worker_1,worker_1,MEM_MOVE,9.409185,0.073509,"Evict VRAM -> RAM [Model: ab20b578, Layer: 10fb34c9]"
2616448.393689,1001,ab20b578-3dd0-4fe3-97cb-3189d9bd9be5,worker_1,worker_1,DISK_LOAD,14.645218,0.114416,"Disk -> RAM [Model: ab20b578, Layer: 4b2ac88a]"
2616448.508105,1001,ab20b578-3dd0-4fe3-97cb-3189d9bd9be5,worker_1,worker_1,MEM_MOVE,14.645218,0.114416,"RAM -> VRAM [Model: ab20b578, Layer: 4b2ac88a]"
2616448.558105,1001,ab20b578-3dd0-4fe3-97cb-3189d9bd9be5,worker_1,worker_1,GPU_COMPUTE,0.050000,0.050000,GPU Compute
2616448.716105,1001,ab20b578-3dd0-4fe3-97cb-3189d9bd9be5,worker_1,coordinator_0,NET_TRANSFER,0.000100,0.158000,Signal Finished
2617599.600960,1001,ab20b578-3dd0-4fe3-97cb-3189d9bd9be5,coordinator_0,worker_2,NET_TRANSFER,14.384186,1150.884856,Distribute Layer ID: cf2e6908
2617599.656351,1001,ab20b578-3dd0-4fe3-97cb-3189d9bd9be5,worker_2,worker_2,MEM_MOVE,7.089983,0.055390,"Evict VRAM -> RAM [Model: ab20b578, Layer: 910bd3ce]"
2617599.713524,1001,ab20b578-3dd0-4fe3-97cb-3189d9bd9be5,worker_2,worker_2,MEM_MOVE,7.318132,0.057173,"Evict VRAM -> RAM [Model: ab20b578, Layer: 58e33fc1]"
2617599.825900,1001,ab20b578-3dd0-4fe3-97cb-3189d9bd9be5,worker_2,worker_2,DISK_LOAD,14.384186,0.112376,"Disk -> RAM [Model: ab20b578, Layer: cf2e6908]"
2617599.938277,1001,ab20b578-3dd0-4fe3-97cb-3189d9bd9be5,worker_2,worker_2,MEM_MOVE,14.384186,0.112376,"RAM -> VRAM [Model: ab20b578, Layer: cf2e6908]"
2617599.988277,1001,ab20b578-3dd0-4fe3-97cb-3189d9bd9be5,worker_2,worker_2,GPU_COMPUTE,0.050000,0.050000,GPU Compute
2617600.146277,1001,ab20b578-3dd0-4fe3-97cb-3189d9bd9be5,worker_2,coordinator_0,NET_TRANSFER,0.000100,0.158000,Signal Finished
2617600.304277,2001,5db32043-be1a-4e02-ad7f-c6e5724beb16,coordinator_0,worker_2,NET_TRANSFER,0.000100,0.158000,Trigger Inference for Layer ID: 8d951d13
2617600.354277,2001,5db32043-be1a-4e02-ad7f-c6e5724beb16,worker_2,worker_2,GPU_COMPUTE,0.050000,0.050000,GPU Compute
2617600.512277,2001,5db32043-be1a-4e02-ad7f-c6e5724beb16,worker_2,coordinator_0,NET_TRANSFER,0.000100,0.158000,Signal Finished
2617600.670277,2001,5db32043-be1a-4e02-ad7f-c6e5724beb16,coordinator_0,worker_3,NET_TRANSFER,0.000100,0.158000,Trigger Inference for Layer ID: f1f5b356
2617600.720277,2001,5db32043-be1a-4e02-ad7f-c6e5724beb16,worker_3,worker_3,GPU_COMPUTE,0.050000,0.050000,GPU Compute
2617600.878277,2001,5db32043-be1a-4e02-ad7f-c6e5724beb16,worker_3,coordinator_0,NET_TRANSFER,0.000100,0.158000,Signal Finished
2617601.036277,2001,5db32043-be1a-4e02-ad7f-c6e5724beb16,coordinator_0,worker_4,NET_TRANSFER,0.000100,0.158000,Trigger Inference for Layer ID: 08675bb2
2617601.086277,2001,5db32043-be1a-4e02-ad7f-c6e5724beb16,worker_4,worker_4,GPU_COMPUTE,0.050000,0.050000,GPU Compute
2617601.244277,2001,5db32043-be1a-4e02-ad7f-c6e5724beb16,worker_4,coordinator_0,NET_TRANSFER,0.000100,0.158000,Signal Finished
2617601.402277,2001,5db32043-be1a-4e02-ad7f-c6e5724beb16,coordinator_0,worker_1,NET_TRANSFER,0.000100,0.158000,Trigger Inference for Layer ID: e750654f
2617601.452277,2001,5db32043-be1a-4e02-ad7f-c6e5724beb16,worker_1,worker_1,GPU_COMPUTE,0.050000,0.050000,GPU Compute
2617601.610277,2001,5db32043-be1a-4e02-ad7f-c6e5724beb16,worker_1,coordinator_0,NET_TRANSFER,0.000100,0.158000,Signal Finished
2617601.768277,2001,5db32043-be1a-4e02-ad7f-c6e5724beb16,coordinator_0,worker_2,NET_TRANSFER,0.000100,0.158000,Trigger Inference for Layer ID: 9f704cdf
2617601.818277,2001,5db32043-be1a-4e02-ad7f-c6e5724beb16,worker_2,worker_2,GPU_COMPUTE,0.050000,0.050000,GPU Compute
2617601.976277,2001,5db32043-be1a-4e02-ad7f-c6e5724beb16,worker_2,coordinator_0,NET_TRANSFER,0.000100,0.158000,Signal Finished
2617602.134277,2001,5db32043-be1a-4e02-ad7f-c6e5724beb16,coordinator_0,worker_3,NET_TRANSFER,0.000100,0.158000,Trigger Inference for Layer ID: 4cc2d027
2617602.184277,2001,5db32043-be1a-4e02-ad7f-c6e5724beb16,worker_3,worker_3,GPU_COMPUTE,0.050000,0.050000,GPU Compute
2617602.342277,2001,5db32043-be1a-4e02-ad7f-c6e5724beb16,worker_3,coordinator_0,NET_TRANSFER,0.000100,0.158000,Signal Finished
2617602.500277,2001,5db32043-be1a-4e02-ad7f-c6e5724beb16,coordinator_0,worker_4,NET_TRANSFER,0.000100,0.158000,Trigger Inference for Layer ID: 1873a3f5
2617602.550277,2001,5db32043-be1a-4e02-ad7f-c6e5724beb16,worker_4,worker_4,GPU_COMPUTE,0.050000,0.050000,GPU Compute
2617602.708277,2001,5db32043-be1a-4e02-ad7f-c6e5724beb16,worker_4,coordinator_0,NET_TRANSFER,0.000100,0.158000,Signal Finished
2617602.866277,2001,5db32043-be1a-4e02-ad7f-c6e5724beb16,coordinator_0,worker_1,NET_TRANSFER,0.000100,0.158000,Trigger Inference for Layer ID: ef1bf976
2617602.916277,2001,5db32043-be1a-4e02-ad7f-c6e5724beb16,worker_1,worker_1,GPU_COMPUTE,0.050000,0.050000,GPU Compute
2617603.074277,2001,5db32043-be1a-4e02-ad7f-c6e5724beb16,worker_1,coordinator_0,NET_TRANSFER,0.000100,0.158000,Signal Finished
2617603.232277,2001,5db32043-be1a-4e02-ad7f-c6e5724beb16,coordinator_0,worker_2,NET_TRANSFER,0.000100,0.158000,Trigger Inference for Layer ID: 1f985631
2617603.282277,2001,5db32043-be1a-4e02-ad7f-c6e5724beb16,worker_2,worker_2,GPU_COMPUTE,0.050000,0.050000,GPU Compute
2617603.440277,2001,5db32043-be1a-4e02-ad7f-c6e5724beb16,worker_2,coordinator_0,NET_TRANSFER,0.000100,0.158000,Signal Finished
2617603.598277,2001,5db32043-be1a-4e02-ad7f-c6e5724beb16,coordinator_0,worker_3,NET_TRANSFER,0.000100,0.158000,Trigger Inference for Layer ID: 0f4d5d16
2617603.648277,2001,5db32043-be1a-4e02-ad7f-c6e5724beb16,worker_3,worker_3,GPU_COMPUTE,0.050000,0.050000,GPU Compute
2617603.806277,2001,5db32043-be1a-4e02-ad7f-c6e5724beb16,worker_3,coordinator_0,NET_TRANSFER,0.000100,0.158000,Signal Finished
2617603.964277,2001,5db32043-be1a-4e02-ad7f-c6e5724beb16,coordinator_0,worker_4,NET_TRANSFER,0.000100,0.158000,Trigger Inference for Layer ID: 0728a5c7
2617604.014277,2001,5db32043-be1a-4e02-ad7f-c6e5724beb16,worker_4,worker_4,GPU_COMPUTE,0.050000,0.050000,GPU Compute
2617604.172277,2001,5db32043-be1a-4e02-ad7f-c6e5724beb16,worker_4,coordinator_0,NET_TRANSFER,0.000100,0.158000,Signal Finished
2617604.330277,2001,5db32043-be1a-4e02-ad7f-c6e5724beb16,coordinator_0,worker_1,NET_TRANSFER,0.000100,0.158000,Trigger Inference for Layer ID: 5c203e25
2617604.380277,2001,5db32043-be1a-4e02-ad7f-c6e5724beb16,worker_1,worker_1,GPU_COMPUTE,0.050000,0.050000,GPU Compute
2617604.538277,2001,5db32043-be1a-4e02-ad7f-c6e5724beb16,worker_1,coordinator_0,NET_TRANSFER,0.000100,0.158000,Signal Finished
2617604.696277,2001,5db32043-be1a-4e02-ad7f-c6e5724beb16,coordinator_0,worker_2,NET_TRANSFER,0.000100,0.158000,Trigger Inference for Layer ID: 2c5d9e7c
2617604.746277,2001,5db32043-be1a-4e02-ad7f-c6e5724beb16,worker_2,worker_2,GPU_COMPUTE,0.050000,0.050000,GPU Compute
2617604.904277,2001,5db32043-be1a-4e02-ad7f-c6e5724beb16,worker_2,coordinator_0,NET_TRANSFER,0.000100,0.158000,Signal Finished
2617605.062277,2001,5db32043-be1a-4e02-ad7f-c6e5724beb16,coordinator_0,worker_3,NET_TRANSFER,0.000100,0.158000,Trigger Inference for Layer ID: e9120f4c
2617605.112277,2001,5db32043-be1a-4e02-ad7f-c6e5724beb16,worker_3,worker_3,GPU_COMPUTE,0.050000,0.050000,GPU Compute
2617605.270277,2001,5db32043-be1a-4e02-ad7f-c6e5724beb16,worker_3,coordinator_0,NET_TRANSFER,0.000100,0.158000,Signal Finished
2617605.428277,2001,5db32043-be1a-4e02-ad7f-c6e5724beb16,coordinator_0,worker_4,NET_TRANSFER,0.000100,0.158000,Trigger Inference for Layer ID: a7704d09
2617605.478277,2001,5db32043-be1a-4e02-ad7f-c6e5724beb16,worker_4,worker_4,GPU_COMPUTE,0.050000,0.050000,GPU Compute
2617605.636277,2001,5db32043-be1a-4e02-ad7f-c6e5724beb16,worker_4,coordinator_0,NET_TRANSFER,0.000100,0.158000,Signal Finished
2617605.794277,2001,5db32043-be1a-4e02-ad7f-c6e5724beb16,coordinator_0,worker_1,NET_TRANSFER,0.000100,0.158000,Trigger Inference for Layer ID: e42b9c17
2617605.844277,2001,5db32043-be1a-4e02-ad7f-c6e5724beb16,worker_1,worker_1,GPU_COMPUTE,0.050000,0.050000,GPU Compute
2617606.002277,2001,5db32043-be1a-4e02-ad7f-c6e5724beb16,worker_1,coordinator_0,NET_TRANSFER,0.000100,0.158000,Signal Finished
2617606.160277,2001,5db32043-be1a-4e02-ad7f-c6e5724beb16,coordinator_0,worker_2,NET_TRANSFER,0.000100,0.158000,Trigger Inference for Layer ID: 349cca98
2617606.210277,2001,5db32043-be1a-4e02-ad7f-c6e5724beb16,worker_2,worker_2,GPU_COMPUTE,0.050000,0.050000,GPU Compute
2617606.368277,2001,5db32043-be1a-4e02-ad7f-c6e5724beb16,worker_2,coordinator_0,NET_TRANSFER,0.000100,0.158000,Signal Finished
2617606.526277,2001,5db32043-be1a-4e02-ad7f-c6e5724beb16,coordinator_0,worker_3,NET_TRANSFER,0.000100,0.158000,Trigger Inference for Layer ID: a6da7f1c
2617606.576277,2001,5db32043-be1a-4e02-ad7f-c6e5724beb16,worker_3,worker_3,GPU_COMPUTE,0.050000,0.050000,GPU Compute
2617606.734277,2001,5db32043-be1a-4e02-ad7f-c6e5724beb16,worker_3,coordinator_0,NET_TRANSFER,0.000100,0.158000,Signal Finished
2617606.892277,2001,5db32043-be1a-4e02-ad7f-c6e5724beb16,coordinator_0,worker_4,NET_TRANSFER,0.000100,0.158000,Trigger Inference for Layer ID: ffba9b06
2617606.942277,2001,5db32043-be1a-4e02-ad7f-c6e5724beb16,worker_4,worker_4,GPU_COMPUTE,0.050000,0.050000,GPU Compute
2617607.100277,2001,5db32043-be1a-4e02-ad7f-c6e5724beb16,worker_4,coordinator_0,NET_TRANSFER,0.000100,0.158000,Signal Finished
2617607.258277,2001,5db32043-be1a-4e02-ad7f-c6e5724beb16,coordinator_0,worker_1,NET_TRANSFER,0.000100,0.158000,Trigger Inference for Layer ID: d3a3bc39
2617607.308277,2001,5db32043-be1a-4e02-ad7f-c6e5724beb16,worker_1,worker_1,GPU_COMPUTE,0.050000,0.050000,GPU Compute
2617607.466277,2001,5db32043-be1a-4e02-ad7f-c6e5724beb16,worker_1,coordinator_0,NET_TRANSFER,0.000100,0.158000,Signal Finished
2617607.624277,2001,5db32043-be1a-4e02-ad7f-c6e5724beb16,coordinator_0,worker_2,NET_TRANSFER,0.000100,0.158000,Trigger Inference for Layer ID: ab2eec4c
2617607.674277,2001,5db32043-be1a-4e02-ad7f-c6e5724beb16,worker_2,worker_2,GPU_COMPUTE,0.050000,0.050000,GPU Compute
2617607.832277,2001,5db32043-be1a-4e02-ad7f-c6e5724beb16,worker_2,coordinator_0,NET_TRANSFER,0.000100,0.158000,Signal Finished
2617607.990277,2001,5db32043-be1a-4e02-ad7f-c6e5724beb16,coordinator_0,worker_3,NET_TRANSFER,0.000100,0.158000,Trigger Inference for Layer ID: ff32ebf5
2617608.040277,2001,5db32043-be1a-4e02-ad7f-c6e5724beb16,worker_3,worker_3,GPU_COMPUTE,0.050000,0.050000,GPU Compute
2617608.198277,2001,5db32043-be1a-4e02-ad7f-c6e5724beb16,worker_3,coordinator_0,NET_TRANSFER,0.000100,0.158000,Signal Finished
2617608.356277,2001,5db32043-be1a-4e02-ad7f-c6e5724beb16,coordinator_0,worker_4,NET_TRANSFER,0.000100,0.158000,Trigger Inference for Layer ID: 5e12c45c
2617608.406277,2001,5db32043-be1a-4e02-ad7f-c6e5724beb16,worker_4,worker_4,GPU_COMPUTE,0.050000,0.050000,GPU Compute
2617608.564277,2001,5db32043-be1a-4e02-ad7f-c6e5724beb16,worker_4,coordinator_0,NET_TRANSFER,0.000100,0.158000,Signal Finished
2617608.722277,2001,5db32043-be1a-4e02-ad7f-c6e5724beb16,coordinator_0,worker_1,NET_TRANSFER,0.000100,0.158000,Trigger Inference for Layer ID: bc5fe5d2
2617608.772277,2001,5db32043-be1a-4e02-ad7f-c6e5724beb16,worker_1,worker_1,GPU_COMPUTE,0.050000,0.050000,GPU Compute
2617608.930277,2001,5db32043-be1a-4e02-ad7f-c6e5724beb16,worker_1,coordinator_0,NET_TRANSFER,0.000100,0.158000,Signal Finished
2617609.088277,2001,5db32043-be1a-4e02-ad7f-c6e5724beb16,coordinator_0,worker_2,NET_TRANSFER,0.000100,0.158000,Trigger Inference for Layer ID: eeb5f6b0
2617609.138277,2001,5db32043-be1a-4e02-ad7f-c6e5724beb16,worker_2,worker_2,GPU_COMPUTE,0.050000,0.050000,GPU Compute
2617609.296277,2001,5db32043-be1a-4e02-ad7f-c6e5724beb16,worker_2,coordinator_0,NET_TRANSFER,0.000100,0.158000,Signal Finished
2617609.454277,2001,5db32043-be1a-4e02-ad7f-c6e5724beb16,coordinator_0,worker_3,NET_TRANSFER,0.000100,0.158000,Trigger Inference for Layer ID: ec9961c3
2617609.504277,2001,5db32043-be1a-4e02-ad7f-c6e5724beb16,worker_3,worker_3,GPU_COMPUTE,0.050000,0.050000,GPU Compute
2617609.662277,2001,5db32043-be1a-4e02-ad7f-c6e5724beb16,worker_3,coordinator_0,NET_TRANSFER,0.000100,0.158000,Signal Finished
2617609.820277,2001,5db32043-be1a-4e02-ad7f-c6e5724beb16,coordinator_0,worker_4,NET_TRANSFER,0.000100,0.158000,Trigger Inference for Layer ID: 07f15934
2617609.870277,2001,5db32043-be1a-4e02-ad7f-c6e5724beb16,worker_4,worker_4,GPU_COMPUTE,0.050000,0.050000,GPU Compute
2617610.028277,2001,5db32043-be1a-4e02-ad7f-c6e5724beb16,worker_4,coordinator_0,NET_TRANSFER,0.000100,0.158000,Signal Finished
2617610.186277,2001,5db32043-be1a-4e02-ad7f-c6e5724beb16,coordinator_0,worker_1,NET_TRANSFER,0.000100,0.158000,Trigger Inference for Layer ID: 4ddf9104
2617610.236277,2001,5db32043-be1a-4e02-ad7f-c6e5724beb16,worker_1,worker_1,GPU_COMPUTE,0.050000,0.050000,GPU Compute
2617610.394277,2001,5db32043-be1a-4e02-ad7f-c6e5724beb16,worker_1,coordinator_0,NET_TRANSFER,0.000100,0.158000,Signal Finished
2617610.552277,2001,5db32043-be1a-4e02-ad7f-c6e5724beb16,coordinator_0,worker_2,NET_TRANSFER,0.000100,0.158000,Trigger Inference for Layer ID: cd0879f3
2617610.602277,2001,5db32043-be1a-4e02-ad7f-c6e5724beb16,worker_2,worker_2,GPU_COMPUTE,0.050000,0.050000,GPU Compute
2617610.760277,2001,5db32043-be1a-4e02-ad7f-c6e5724beb16,worker_2,coordinator_0,NET_TRANSFER,0.000100,0.158000,Signal Finished
2617610.918277,2001,5db32043-be1a-4e02-ad7f-c6e5724beb16,coordinator_0,worker_3,NET_TRANSFER,0.000100,0.158000,Trigger Inference for Layer ID: 19b2a17f
2617610.968277,2001,5db32043-be1a-4e02-ad7f-c6e5724beb16,worker_3,worker_3,GPU_COMPUTE,0.050000,0.050000,GPU Compute
2617611.126277,2001,5db32043-be1a-4e02-ad7f-c6e5724beb16,worker_3,coordinator_0,NET_TRANSFER,0.000100,0.158000,Signal Finished
2617611.284277,2001,5db32043-be1a-4e02-ad7f-c6e5724beb16,coordinator_0,worker_4,NET_TRANSFER,0.000100,0.158000,Trigger Inference for Layer ID: bc505c3a
2617611.334277,2001,5db32043-be1a-4e02-ad7f-c6e5724beb16,worker_4,worker_4,GPU_COMPUTE,0.050000,0.050000,GPU Compute
2617611.492277,2001,5db32043-be1a-4e02-ad7f-c6e5724beb16,worker_4,coordinator_0,NET_TRANSFER,0.000100,0.158000,Signal Finished
2617611.650277,2001,5db32043-be1a-4e02-ad7f-c6e5724beb16,coordinator_0,worker_1,NET_TRANSFER,0.000100,0.158000,Trigger Inference for Layer ID: 1a6cf13a
2617611.700277,2001,5db32043-be1a-4e02-ad7f-c6e5724beb16,worker_1,worker_1,GPU_COMPUTE,0.050000,0.050000,GPU Compute
2617611.858277,2001,5db32043-be1a-4e02-ad7f-c6e5724beb16,worker_1,coordinator_0,NET_TRANSFER,0.000100,0.158000,Signal Finished
2617612.016277,2001,5db32043-be1a-4e02-ad7f-c6e5724beb16,coordinator_0,worker_2,NET_TRANSFER,0.000100,0.158000,Trigger Inference for Layer ID: 8168f780
2617612.066277,2001,5db32043-be1a-4e02-ad7f-c6e5724beb16,worker_2,worker_2,GPU_COMPUTE,0.050000,0.050000,GPU Compute
2617612.224277,2001,5db32043-be1a-4e02-ad7f-c6e5724beb16,worker_2,coordinator_0,NET_TRANSFER,0.000100,0.158000,Signal Finished
2618393.174781,2001,bb212f85-1358-4ef9-8a3f-988f815c27cd,coordinator_0,worker_4,NET_TRANSFER,9.760006,780.950504,Distribute Layer ID: cee6c43a
2618393.226422,2001,bb212f85-1358-4ef9-8a3f-988f815c27cd,worker_4,worker_4,MEM_MOVE,6.610080,0.051641,"Evict VRAM -> RAM [Model: 5db32043, Layer: bc505c3a]"
2618393.302672,2001,bb212f85-1358-4ef9-8a3f-988f815c27cd,worker_4,worker_4,DISK_LOAD,9.760006,0.076250,"Disk -> RAM [Model: bb212f85, Layer: cee6c43a]"
2618393.378922,2001,bb212f85-1358-4ef9-8a3f-988f815c27cd,worker_4,worker_4,MEM_MOVE,9.760006,0.076250,"RAM -> VRAM [Model: bb212f85, Layer: cee6c43a]"
2618393.428922,2001,bb212f85-1358-4ef9-8a3f-988f815c27cd,worker_4,worker_4,GPU_COMPUTE,0.050000,0.050000,GPU Compute
2618393.586922,2001,bb212f85-1358-4ef9-8a3f-988f815c27cd,worker_4,coordinator_0,NET_TRANSFER,0.000100,0.158000,Signal Finished
2618887.811109,2001,bb212f85-1358-4ef9-8a3f-988f815c27cd,coordinator_0,worker_1,NET_TRANSFER,6.175927,494.224187,Distribute Layer ID: a27f1c89
2618887.859358,2001,bb212f85-1358-4ef9-8a3f-988f815c27cd,worker_1,worker_1,DISK_LOAD,6.175927,0.048249,"Disk -> RAM [Model: bb212f85, Layer: a27f1c89]"
2618887.907608,2001,bb212f85-1358-4ef9-8a3f-988f815c27cd,worker_1,worker_1,MEM_MOVE,6.175927,0.048249,"RAM -> VRAM [Model: bb212f85, Layer: a27f1c89]"
2618887.957608,2001,bb212f85-1358-4ef9-8a3f-988f815c27cd,worker_1,worker_1,GPU_COMPUTE,0.050000,0.050000,GPU Compute
2618888.115608,2001,bb212f85-1358-4ef9-8a3f-988f815c27cd,worker_1,coordinator_0,NET_TRANSFER,0.000100,0.158000,Signal Finished
2619959.195338,2001,bb212f85-1358-4ef9-8a3f-988f815c27cd,coordinator_0,worker_2,NET_TRANSFER,13.386622,1071.079730,Distribute Layer ID: a99fbf09
2619959.247291,2001,bb212f85-1358-4ef9-8a3f-988f815c27cd,worker_2,worker_2,MEM_MOVE,6.650035,0.051953,"Evict VRAM -> RAM [Model: 5db32043, Layer: 8168f780]"
2619959.352785,2001,bb212f85-1358-4ef9-8a3f-988f815c27cd,worker_2,worker_2,MEM_MOVE,13.503221,0.105494,"Evict VRAM -> RAM [Model: 5db32043, Layer: cd0879f3]"
2619959.457368,2001,bb212f85-1358-4ef9-8a3f-988f815c27cd,worker_2,worker_2,DISK_LOAD,13.386622,0.104583,"Disk -> RAM [Model: bb212f85, Layer: a99fbf09]"
2619959.561951,2001,bb212f85-1358-4ef9-8a3f-988f815c27cd,worker_2,worker_2,MEM_MOVE,13.386622,0.104583,"RAM -> VRAM [Model: bb212f85, Layer: a99fbf09]"
2619959.611951,2001,bb212f85-1358-4ef9-8a3f-988f815c27cd,worker_2,worker_2,GPU_COMPUTE,0.050000,0.050000,GPU Compute
2619959.769951,2001,bb212f85-1358-4ef9-8a3f-988f815c27cd,worker_2,coordinator_0,NET_TRANSFER,0.000100,0.158000,Signal Finished
2620498.339219,2001,bb212f85-1358-4ef9-8a3f-988f815c27cd,coordinator_0,worker_3,NET_TRANSFER,6.730241,538.569267,Distribute Layer ID: 7ca65e71
2620498.391799,2001,bb212f85-1358-4ef9-8a3f-988f815c27cd,worker_3,worker_3,DISK_LOAD,6.730241,0.052580,"Disk -> RAM [Model: bb212f85, Layer: 7ca65e71]"
2620498.444379,2001,bb212f85-1358-4ef9-8a3f-988f815c27cd,worker_3,worker_3,MEM_MOVE,6.730241,0.052580,"RAM -> VRAM [Model: bb212f85, Layer: 7ca65e71]"
2620498.494379,2001,bb212f85-1358-4ef9-8a3f-988f815c27cd,worker_3,worker_3,GPU_COMPUTE,0.050000,0.050000,GPU Compute
2620498.652379,2001,bb212f85-1358-4ef9-8a3f-988f815c27cd,worker_3,coordinator_0,NET_TRANSFER,0.000100,0.158000,Signal Finished
2621367.246530,2001,bb212f85-1358-4ef9-8a3f-988f815c27cd,coordinator_0,worker_4,NET_TRANSFER,10.855552,868.594151,Distribute Layer ID: 86bac3b2
2621367.322780,2001,bb212f85-1358-4ef9-8a3f-988f815c27cd,worker_4,worker_4,MEM_MOVE,9.760006,0.076250,"Evict VRAM -> RAM [Model: bb212f85, Layer: cee6c43a]"
2621367.407589,2001,bb212f85-1358-4ef9-8a3f-988f815c27cd,worker_4,worker_4,DISK_LOAD,10.855552,0.084809,"Disk -> RAM [Model: bb212f85, Layer: 86bac3b2]"
2621367.492398,2001,bb212f85-1358-4ef9-8a3f-988f815c27cd,worker_4,worker_4,MEM_MOVE,10.855552,0.084809,"RAM -> VRAM [Model: bb212f85, Layer: 86bac3b2]"
2621367.542398,2001,bb212f85-1358-4ef9-8a3f-988f815c27cd,worker_4,worker_4,GPU_COMPUTE,0.050000,0.050000,GPU Compute
2621367.700398,2001,bb212f85-1358-4ef9-8a3f-988f815c27cd,worker_4,coordinator_0,NET_TRANSFER,0.000100,0.158000,Signal Finished
2622341.718587,2001,bb212f85-1358-4ef9-8a3f-988f815c27cd,coordinator_0,worker_1,NET_TRANSFER,12.173352,974.018189,Distribute Layer ID: 4b6a8dfe
2622341.766836,2001,bb212f85-1358-4ef9-8a3f-988f815c27cd,worker_1,worker_1,MEM_MOVE,6.175927,0.048249,"Evict VRAM -> RAM [Model: bb212f85, Layer: a27f1c89]"
2622341.830016,2001,bb212f85-1358-4ef9-8a3f-988f815c27cd,worker_1,worker_1,MEM_MOVE,8.087065,0.063180,"Evict VRAM -> RAM [Model: 5db32043, Layer: 1a6cf13a]"
2622341.925121,2001,bb212f85-1358-4ef9-8a3f-988f815c27cd,worker_1,worker_1,DISK_LOAD,12.173352,0.095104,"Disk -> RAM [Model: bb212f85, Layer: 4b6a8dfe]"
2622342.020225,2001,bb212f85-1358-4ef9-8a3f-988f815c27cd,worker_1,worker_1,MEM_MOVE,12.173352,0.095104,"RAM -> VRAM [Model: bb212f85, Layer: 4b6a8dfe]"
2622342.070225,2001,bb212f85-1358-4ef9-8a3f-988f815c27cd,worker_1,worker_1,GPU_COMPUTE,0.050000,0.050000,GPU Compute
2622342.228225,2001,bb212f85-1358-4ef9-8a3f-988f815c27cd,worker_1,coordinator_0,NET_TRANSFER,0.000100,0.158000,Signal Finished
2622823.632803,2001,bb212f85-1358-4ef9-8a3f-988f815c27cd,coordinator_0,worker_2,NET_TRANSFER,6.015682,481.404578,Distribute Layer ID: 58aabb74
2622823.679801,2001,bb212f85-1358-4ef9-8a3f-988f815c27cd,worker_2,worker_2,DISK_LOAD,6.015682,0.046998,"Disk -> RAM [Model: bb212f85, Layer: 58aabb74]"
2622823.726798,2001,bb212f85-1358-4ef9-8a3f-988f815c27cd,worker_2,worker_2,MEM_MOVE,6.015682,0.046998,"RAM -> VRAM [Model: bb212f85, Layer: 58aabb74]"
2622823.776798,2001,bb212f85-1358-4ef9-8a3f-988f815c27cd,worker_2,worker_2,GPU_COMPUTE,0.050000,0.050000,GPU Compute
2622823.934798,2001,bb212f85-1358-4ef9-8a3f-988f815c27cd,worker_2,coordinator_0,NET_TRANSFER,0.000100,0.158000,Signal Finished
2623497.260187,2001,bb212f85-1358-4ef9-8a3f-988f815c27cd,coordinator_0,worker_3,NET_TRANSFER,8.414692,673.325389,Distribute Layer ID: f20cc3e0
2623497.312767,2001,bb212f85-1358-4ef9-8a3f-988f815c27cd,worker_3,worker_3,MEM_MOVE,6.730241,0.052580,"Evict VRAM -> RAM [Model: bb212f85, Layer: 7ca65e71]"
2623497.378507,2001,bb212f85-1358-4ef9-8a3f-988f815c27cd,worker_3,worker_3,DISK_LOAD,8.414692,0.065740,"Disk -> RAM [Model: bb212f85, Layer: f20cc3e0]"
2623497.444247,2001,bb212f85-1358-4ef9-8a3f-988f815c27cd,worker_3,worker_3,MEM_MOVE,8.414692,0.065740,"RAM -> VRAM [Model: bb212f85, Layer: f20cc3e0]"
2623497.494247,2001,bb212f85-1358-4ef9-8a3f-988f815c27cd,worker_3,worker_3,GPU_COMPUTE,0.050000,0.050000,GPU Compute
2623497.652247,2001,bb212f85-1358-4ef9-8a3f-988f815c27cd,worker_3,coordinator_0,NET_TRANSFER,0.000100,0.158000,Signal Finished
2624196.514113,2001,bb212f85-1358-4ef9-8a3f-988f815c27cd,coordinator_0,worker_4,NET_TRANSFER,8.733898,698.861866,Distribute Layer ID: 67ae87cd
2624196.598922,2001,bb212f85-1358-4ef9-8a3f-988f815c27cd,worker_4,worker_4,MEM_MOVE,10.855552,0.084809,"Evict VRAM -> RAM [Model: bb212f85, Layer: 86bac3b2]"
2624196.667156,2001,bb212f85-1358-4ef9-8a3f-988f815c27cd,worker_4,worker_4,DISK_LOAD,8.733898,0.068234,"Disk -> RAM [Model: bb212f85, Layer: 67ae87cd]"
2624196.735389,2001,bb212f85-1358-4ef9-8a3f-988f815c27cd,worker_4,worker_4,MEM_MOVE,8.733898,0.068234,"RAM -> VRAM [Model: bb212f85, Layer: 67ae87cd]"
2624196.785389,2001,bb212f85-1358-4ef9-8a3f-988f815c27cd,worker_4,worker_4,GPU_COMPUTE,0.050000,0.050000,GPU Compute
2624196.943389,2001,bb212f85-1358-4ef9-8a3f-988f815c27cd,worker_4,coordinator_0,NET_TRANSFER,0.000100,0.158000,Signal Finished
2625261.273889,2001,bb212f85-1358-4ef9-8a3f-988f815c27cd,coordinator_0,worker_1,NET_TRANSFER,13.302256,1064.330500,Distribute Layer ID: 9c509e85
2625261.368993,2001,bb212f85-1358-4ef9-8a3f-988f815c27cd,worker_1,worker_1,MEM_MOVE,12.173352,0.095104,"Evict VRAM -> RAM [Model: bb212f85, Layer: 4b6a8dfe]"
2625261.472917,2001,bb212f85-1358-4ef9-8a3f-988f815c27cd,worker_1,worker_1,DISK_LOAD,13.302256,0.103924,"Disk -> RAM [Model: bb212f85, Layer: 9c509e85]"
2625261.576841,2001,bb212f85-1358-4ef9-8a3f-988f815c27cd,worker_1,worker_1,MEM_MOVE,13.302256,0.103924,"RAM -> VRAM [Model: bb212f85, Layer: 9c509e85]"
2625261.626841,2001,bb212f85-1358-4ef9-8a3f-988f815c27cd,worker_1,worker_1,GPU_COMPUTE,0.050000,0.050000,GPU Compute
2625261.784841,2001,bb212f85-1358-4ef9-8a3f-988f815c27cd,worker_1,coordinator_0,NET_TRANSFER,0.000100,0.158000,Signal Finished
2626161.029351,2001,bb212f85-1358-4ef9-8a3f-988f815c27cd,coordinator_0,worker_2,NET_TRANSFER,11.238681,899.244510,Distribute Layer ID: 7a581373
2626161.076349,2001,bb212f85-1358-4ef9-8a3f-988f815c27cd,worker_2,worker_2,MEM_MOVE,6.015682,0.046998,"Evict VRAM -> RAM [Model: bb212f85, Layer: 58aabb74]"
2626161.180932,2001,bb212f85-1358-4ef9-8a3f-988f815c27cd,worker_2,worker_2,MEM_MOVE,13.386622,0.104583,"Evict VRAM -> RAM [Model: bb212f85, Layer: a99fbf09]"
2626161.268734,2001,bb212f85-1358-4ef9-8a3f-988f815c27cd,worker_2,worker_2,DISK_LOAD,11.238681,0.087802,"Disk -> RAM [Model: bb212f85, Layer: 7a581373]"
2626161.356536,2001,bb212f85-1358-4ef9-8a3f-988f815c27cd,worker_2,worker_2,MEM_MOVE,11.238681,0.087802,"RAM -> VRAM [Model: bb212f85, Layer: 7a581373]"
2626161.406536,2001,bb212f85-1358-4ef9-8a3f-988f815c27cd,worker_2,worker_2,GPU_COMPUTE,0.050000,0.050000,GPU Compute
2626161.564536,2001,bb212f85-1358-4ef9-8a3f-988f815c27cd,worker_2,coordinator_0,NET_TRANSFER,0.000100,0.158000,Signal Finished
2627225.383482,2001,bb212f85-1358-4ef9-8a3f-988f815c27cd,coordinator_0,worker_3,NET_TRANSFER,13.295862,1063.818946,Distribute Layer ID: 90813083
2627225.449222,2001,bb212f85-1358-4ef9-8a3f-988f815c27cd,worker_3,worker_3,MEM_MOVE,8.414692,0.065740,"Evict VRAM -> RAM [Model: bb212f85, Layer: f20cc3e0]"
2627225.512593,2001,bb212f85-1358-4ef9-8a3f-988f815c27cd,worker_3,worker_3,MEM_MOVE,8.111575,0.063372,"Evict VRAM -> RAM [Model: 5db32043, Layer: 19b2a17f]"
2627225.616467,2001,bb212f85-1358-4ef9-8a3f-988f815c27cd,worker_3,worker_3,DISK_LOAD,13.295862,0.103874,"Disk -> RAM [Model: bb212f85, Layer: 90813083]"
2627225.720341,2001,bb212f85-1358-4ef9-8a3f-988f815c27cd,worker_3,worker_3,MEM_MOVE,13.295862,0.103874,"RAM -> VRAM [Model: bb212f85, Layer: 90813083]"
2627225.770341,2001,bb212f85-1358-4ef9-8a3f-988f815c27cd,worker_3,worker_3,GPU_COMPUTE,0.050000,0.050000,GPU Compute
2627225.928341,2001,bb212f85-1358-4ef9-8a3f-988f815c27cd,worker_3,coordinator_0,NET_TRANSFER,0.000100,0.158000,Signal Finished
2628082.158279,2001,bb212f85-1358-4ef9-8a3f-988f815c27cd,coordinator_0,worker_4,NET_TRANSFER,10.700999,856.229938,Distribute Layer ID: 5f71f248
2628082.226512,2001,bb212f85-1358-4ef9-8a3f-988f815c27cd,worker_4,worker_4,MEM_MOVE,8.733898,0.068234,"Evict VRAM -> RAM [Model: bb212f85, Layer: 67ae87cd]"
2628082.310114,2001,bb212f85-1358-4ef9-8a3f-988f815c27cd,worker_4,worker_4,DISK_LOAD,10.700999,0.083602,"Disk -> RAM [Model: bb212f85, Layer: 5f71f248]"
2628082.393716,2001,bb212f85-1358-4ef9-8a3f-988f815c27cd,worker_4,worker_4,MEM_MOVE,10.700999,0.083602,"RAM -> VRAM [Model: bb212f85, Layer: 5f71f248]"
2628082.443716,2001,bb212f85-1358-4ef9-8a3f-988f815c27cd,worker_4,worker_4,GPU_COMPUTE,0.050000,0.050000,GPU Compute
2628082.601716,2001,bb212f85-1358-4ef9-8a3f-988f815c27cd,worker_4,coordinator_0,NET_TRANSFER,0.000100,0.158000,Signal Finished
2628996.642543,2001,bb212f85-1358-4ef9-8a3f-988f815c27cd,coordinator_0,worker_1,NET_TRANSFER,11.423635,914.040827,Distribute Layer ID: 166dadf4
2628996.746467,2001,bb212f85-1358-4ef9-8a3f-988f815c27cd,worker_1,worker_1,MEM_MOVE,13.302256,0.103924,"Evict VRAM -> RAM [Model: bb212f85, Layer: 9c509e85]"
2628996.835714,2001,bb212f85-1358-4ef9-8a3f-988f815c27cd,worker_1,worker_1,DISK_LOAD,11.423635,0.089247,"Disk -> RAM [Model: bb212f85, Layer: 166dadf4]"
2628996.924961,2001,bb212f85-1358-4ef9-8a3f-988f815c27cd,worker_1,worker_1,MEM_MOVE,11.423635,0.089247,"RAM -> VRAM [Model: bb212f85, Layer: 166dadf4]"
2628996.974961,2001,bb212f85-1358-4ef9-8a3f-988f815c27cd,worker_1,worker_1,GPU_COMPUTE,0.050000,0.050000,GPU Compute
2628997.132961,2001,bb212f85-1358-4ef9-8a3f-988f815c27cd,worker_1,coordinator_0,NET_TRANSFER,0.000100,0.158000,Signal Finished
2629445.182039,2001,bb212f85-1358-4ef9-8a3f-988f815c27cd,coordinator_0,worker_2,NET_TRANSFER,5.598738,448.049078,Distribute Layer ID: 10fb8f30
2629445.225779,2001,bb212f85-1358-4ef9-8a3f-988f815c27cd,worker_2,worker_2,DISK_LOAD,5.598738,0.043740,"Disk -> RAM [Model: bb212f85, Layer: 10fb8f30]"
2629445.269519,2001,bb212f85-1358-4ef9-8a3f-988f815c27cd,worker_2,worker_2,MEM_MOVE,5.598738,0.043740,"RAM -> VRAM [Model: bb212f85, Layer: 10fb8f30]"
2629445.319519,2001,bb212f85-1358-4ef9-8a3f-988f815c27cd,worker_2,worker_2,GPU_COMPUTE,0.050000,0.050000,GPU Compute
2629445.477519,2001,bb212f85-1358-4ef9-8a3f-988f815c27cd,worker_2,coordinator_0,NET_TRANSFER,0.000100,0.158000,Signal Finished
2630189.926675,2001,bb212f85-1358-4ef9-8a3f-988f815c27cd,coordinator_0,worker_3,NET_TRANSFER,9.303739,744.449156,Distribute Layer ID: 29769a0f
2630190.030549,2001,bb212f85-1358-4ef9-8a3f-988f815c27cd,worker_3,worker_3,MEM_MOVE,13.295862,0.103874,"Evict VRAM -> RAM [Model: bb212f85, Layer: 90813083]"
2630190.103234,2001,bb212f85-1358-4ef9-8a3f-988f815c27cd,worker_3,worker_3,DISK_LOAD,9.303739,0.072685,"Disk -> RAM [Model: bb212f85, Layer: 29769a0f]"
2630190.175920,2001,bb212f85-1358-4ef9-8a3f-988f815c27cd,worker_3,worker_3,MEM_MOVE,9.303739,0.072685,"RAM -> VRAM [Model: bb212f85, Layer: 29769a0f]"
2630190.225920,2001,bb212f85-1358-4ef9-8a3f-988f815c27cd,worker_3,worker_3,GPU_COMPUTE,0.050000,0.050000,GPU Compute
2630190.383920,2001,bb212f85-1358-4ef9-8a3f-988f815c27cd,worker_3,coordinator_0,NET_TRANSFER,0.000100,0.158000,Signal Finished
2631219.198072,2001,bb212f85-1358-4ef9-8a3f-988f815c27cd,coordinator_0,worker_4,NET_TRANSFER,12.858302,1028.814152,Distribute Layer ID: 195c1423
2631219.281674,2001,bb212f85-1358-4ef9-8a3f-988f815c27cd,worker_4,worker_4,MEM_MOVE,10.700999,0.083602,"Evict VRAM -> RAM [Model: bb212f85, Layer: 5f71f248]"
2631219.390628,2001,bb212f85-1358-4ef9-8a3f-988f815c27cd,worker_4,worker_4,MEM_MOVE,13.946150,0.108954,"Evict VRAM -> RAM [Model: 5db32043, Layer: 07f15934]"
2631219.491084,2001,bb212f85-1358-4ef9-8a3f-988f815c27cd,worker_4,worker_4,DISK_LOAD,12.858302,0.100455,"Disk -> RAM [Model: bb212f85, Layer: 195c1423]"
2631219.591539,2001,bb212f85-1358-4ef9-8a3f-988f815c27cd,worker_4,worker_4,MEM_MOVE,12.858302,0.100455,"RAM -> VRAM [Model: bb212f85, Layer: 195c1423]"
2631219.641539,2001,bb212f85-1358-4ef9-8a3f-988f815c27cd,worker_4,worker_4,GPU_COMPUTE,0.050000,0.050000,GPU Compute
2631219.799539,2001,bb212f85-1358-4ef9-8a3f-988f815c27cd,worker_4,coordinator_0,NET_TRANSFER,0.000100,0.158000,Signal Finished
2631908.203023,2001,bb212f85-1358-4ef9-8a3f-988f815c27cd,coordinator_0,worker_1,NET_TRANSFER,8.603169,688.403484,Distribute Layer ID: c8e2e8fe
2631908.292270,2001,bb212f85-1358-4ef9-8a3f-988f815c27cd,worker_1,worker_1,MEM_MOVE,11.423635,0.089247,"Evict VRAM -> RAM [Model: bb212f85, Layer: 166dadf4]"
2631908.359482,2001,bb212f85-1358-4ef9-8a3f-988f815c27cd,worker_1,worker_1,DISK_LOAD,8.603169,0.067212,"Disk -> RAM [Model: bb212f85, Layer: c8e2e8fe]"
2631908.426694,2001,bb212f85-1358-4ef9-8a3f-988f815c27cd,worker_1,worker_1,MEM_MOVE,8.603169,0.067212,"RAM -> VRAM [Model: bb212f85, Layer: c8e2e8fe]"
2631908.476694,2001,bb212f85-1358-4ef9-8a3f-988f815c27cd,worker_1,worker_1,GPU_COMPUTE,0.050000,0.050000,GPU Compute
2631908.634694,2001,bb212f85-1358-4ef9-8a3f-988f815c27cd,worker_1,coordinator_0,NET_TRANSFER,0.000100,0.158000,Signal Finished
2632459.695727,2001,bb212f85-1358-4ef9-8a3f-988f815c27cd,coordinator_0,worker_2,NET_TRANSFER,6.886388,551.061032,Distribute Layer ID: d0e43c36
2632459.739467,2001,bb212f85-1358-4ef9-8a3f-988f815c27cd,worker_2,worker_2,MEM_MOVE,5.598738,0.043740,"Evict VRAM -> RAM [Model: bb212f85, Layer: 10fb8f30]"
2632459.793267,2001,bb212f85-1358-4ef9-8a3f-988f815c27cd,worker_2,worker_2,DISK_LOAD,6.886388,0.053800,"Disk -> RAM [Model: bb212f85, Layer: d0e43c36]"
2632459.847067,2001,bb212f85-1358-4ef9-8a3f-988f815c27cd,worker_2,worker_2,MEM_MOVE,6.886388,0.053800,"RAM -> VRAM [Model: bb212f85, Layer: d0e43c36]"
2632459.897067,2001,bb212f85-1358-4ef9-8a3f-988f815c27cd,worker_2,worker_2,GPU_COMPUTE,0.050000,0.050000,GPU Compute
2632460.055067,2001,bb212f85-1358-4ef9-8a3f-988f815c27cd,worker_2,coordinator_0,NET_TRANSFER,0.000100,0.158000,Signal Finished
2632945.329540,2001,bb212f85-1358-4ef9-8a3f-988f815c27cd,coordinator_0,worker_3,NET_TRANSFER,6.064056,485.274473,Distribute Layer ID: b1209b9f
2632945.376915,2001,bb212f85-1358-4ef9-8a3f-988f815c27cd,worker_3,worker_3,DISK_LOAD,6.064056,0.047375,"Disk -> RAM [Model: bb212f85, Layer: b1209b9f]"
2632945.424291,2001,bb212f85-1358-4ef9-8a3f-988f815c27cd,worker_3,worker_3,MEM_MOVE,6.064056,0.047375,"RAM -> VRAM [Model: bb212f85, Layer: b1209b9f]"
2632945.474291,2001,bb212f85-1358-4ef9-8a3f-988f815c27cd,worker_3,worker_3,GPU_COMPUTE,0.050000,0.050000,GPU Compute
2632945.632291,2001,bb212f85-1358-4ef9-8a3f-988f815c27cd,worker_3,coordinator_0,NET_TRANSFER,0.000100,0.158000,Signal Finished
2633973.728785,2001,bb212f85-1358-4ef9-8a3f-988f815c27cd,coordinator_0,worker_4,NET_TRANSFER,12.849331,1028.096494,Distribute Layer ID: fc7ac515
2633973.829240,2001,bb212f85-1358-4ef9-8a3f-988f815c27cd,worker_4,worker_4,MEM_MOVE,12.858302,0.100455,"Evict VRAM -> RAM [Model: bb212f85, Layer: 195c1423]"
2633973.929626,2001,bb212f85-1358-4ef9-8a3f-988f815c27cd,worker_4,worker_4,DISK_LOAD,12.849331,0.100385,"Disk -> RAM [Model: bb212f85, Layer: fc7ac515]"
2633974.030011,2001,bb212f85-1358-4ef9-8a3f-988f815c27cd,worker_4,worker_4,MEM_MOVE,12.849331,0.100385,"RAM -> VRAM [Model: bb212f85, Layer: fc7ac515]"
2633974.080011,2001,bb212f85-1358-4ef9-8a3f-988f815c27cd,worker_4,worker_4,GPU_COMPUTE,0.050000,0.050000,GPU Compute
2633974.238011,2001,bb212f85-1358-4ef9-8a3f-988f815c27cd,worker_4,coordinator_0,NET_TRANSFER,0.000100,0.158000,Signal Finished
2635156.528378,2001,bb212f85-1358-4ef9-8a3f-988f815c27cd,coordinator_0,worker_1,NET_TRANSFER,14.776755,1182.290367,Distribute Layer ID: eeabb870
2635156.595590,2001,bb212f85-1358-4ef9-8a3f-988f815c27cd,worker_1,worker_1,MEM_MOVE,8.603169,0.067212,"Evict VRAM -> RAM [Model: bb212f85, Layer: c8e2e8fe]"
2635156.711034,2001,bb212f85-1358-4ef9-8a3f-988f815c27cd,worker_1,worker_1,DISK_LOAD,14.776755,0.115443,"Disk -> RAM [Model: bb212f85, Layer: eeabb870]"
2635156.826477,2001,bb212f85-1358-4ef9-8a3f-988f815c27cd,worker_1,worker_1,MEM_MOVE,14.776755,0.115443,"RAM -> VRAM [Model: bb212f85, Layer: eeabb870]"
2635156.876477,2001,bb212f85-1358-4ef9-8a3f-988f815c27cd,worker_1,worker_1,GPU_COMPUTE,0.050000,0.050000,GPU Compute
2635157.034477,2001,bb212f85-1358-4ef9-8a3f-988f815c27cd,worker_1,coordinator_0,NET_TRANSFER,0.000100,0.158000,Signal Finished
2636086.710847,2001,bb212f85-1358-4ef9-8a3f-988f815c27cd,coordinator_0,worker_2,NET_TRANSFER,11.619080,929.676369,Distribute Layer ID: 9cca29bf
2636086.764646,2001,bb212f85-1358-4ef9-8a3f-988f815c27cd,worker_2,worker_2,MEM_MOVE,6.886388,0.053800,"Evict VRAM -> RAM [Model: bb212f85, Layer: d0e43c36]"
2636086.852449,2001,bb212f85-1358-4ef9-8a3f-988f815c27cd,worker_2,worker_2,MEM_MOVE,11.238681,0.087802,"Evict VRAM -> RAM [Model: bb212f85, Layer: 7a581373]"
2636086.943223,2001,bb212f85-1358-4ef9-8a3f-988f815c27cd,worker_2,worker_2,DISK_LOAD,11.619080,0.090774,"Disk -> RAM [Model: bb212f85, Layer: 9cca29bf]"
2636087.033997,2001,bb212f85-1358-4ef9-8a3f-988f815c27cd,worker_2,worker_2,MEM_MOVE,11.619080,0.090774,"RAM -> VRAM [Model: bb212f85, Layer: 9cca29bf]"
2636087.083997,2001,bb212f85-1358-4ef9-8a3f-988f815c27cd,worker_2,worker_2,GPU_COMPUTE,0.050000,0.050000,GPU Compute
2636087.241997,2001,bb212f85-1358-4ef9-8a3f-988f815c27cd,worker_2,coordinator_0,NET_TRANSFER,0.000100,0.158000,Signal Finished
2636475.324347,2001,bb212f85-1358-4ef9-8a3f-988f815c27cd,coordinator_0,worker_3,NET_TRANSFER,4.849154,388.082350,Distribute Layer ID: 93b0c987
2636475.371723,2001,bb212f85-1358-4ef9-8a3f-988f815c27cd,worker_3,worker_3,MEM_MOVE,6.064056,0.047375,"Evict VRAM -> RAM [Model: bb212f85, Layer: b1209b9f]"
2636475.409607,2001,bb212f85-1358-4ef9-8a3f-988f815c27cd,worker_3,worker_3,DISK_LOAD,4.849154,0.037884,"Disk -> RAM [Model: bb212f85, Layer: 93b0c987]"
2636475.447491,2001,bb212f85-1358-4ef9-8a3f-988f815c27cd,worker_3,worker_3,MEM_MOVE,4.849154,0.037884,"RAM -> VRAM [Model: bb212f85, Layer: 93b0c987]"
2636475.497491,2001,bb212f85-1358-4ef9-8a3f-988f815c27cd,worker_3,worker_3,GPU_COMPUTE,0.050000,0.050000,GPU Compute
2636475.655491,2001,bb212f85-1358-4ef9-8a3f-988f815c27cd,worker_3,coordinator_0,NET_TRANSFER,0.000100,0.158000,Signal Finished
2637580.471098,2001,bb212f85-1358-4ef9-8a3f-988f815c27cd,coordinator_0,worker_4,NET_TRANSFER,13.808320,1104.815607,Distribute Layer ID: 9eea42f4
2637580.571483,2001,bb212f85-1358-4ef9-8a3f-988f815c27cd,worker_4,worker_4,MEM_MOVE,12.849331,0.100385,"Evict VRAM -> RAM [Model: bb212f85, Layer: fc7ac515]"
2637580.679361,2001,bb212f85-1358-4ef9-8a3f-988f815c27cd,worker_4,worker_4,DISK_LOAD,13.808320,0.107878,"Disk -> RAM [Model: bb212f85, Layer: 9eea42f4]"
2637580.787238,2001,bb212f85-1358-4ef9-8a3f-988f815c27cd,worker_4,worker_4,MEM_MOVE,13.808320,0.107878,"RAM -> VRAM [Model: bb212f85, Layer: 9eea42f4]"
2637580.837238,2001,bb212f85-1358-4ef9-8a3f-988f815c27cd,worker_4,worker_4,GPU_COMPUTE,0.050000,0.050000,GPU Compute
2637580.995238,2001,bb212f85-1358-4ef9-8a3f-988f815c27cd,worker_4,coordinator_0,NET_TRANSFER,0.000100,0.158000,Signal Finished
2638649.278863,2001,bb212f85-1358-4ef9-8a3f-988f815c27cd,coordinator_0,worker_1,NET_TRANSFER,13.351670,1068.283624,Distribute Layer ID: 5d98aeac
2638649.394306,2001,bb212f85-1358-4ef9-8a3f-988f815c27cd,worker_1,worker_1,MEM_MOVE,14.776755,0.115443,"Evict VRAM -> RAM [Model: bb212f85, Layer: eeabb870]"
2638649.498616,2001,bb212f85-1358-4ef9-8a3f-988f815c27cd,worker_1,worker_1,DISK_LOAD,13.351670,0.104310,"Disk -> RAM [Model: bb212f85, Layer: 5d98aeac]"
2638649.602926,2001,bb212f85-1358-4ef9-8a3f-988f815c27cd,worker_1,worker_1,MEM_MOVE,13.351670,0.104310,"RAM -> VRAM [Model: bb212f85, Layer: 5d98aeac]"
2638649.652926,2001,bb212f85-1358-4ef9-8a3f-988f815c27cd,worker_1,worker_1,GPU_COMPUTE,0.050000,0.050000,GPU Compute
2638649.810926,2001,bb212f85-1358-4ef9-8a3f-988f815c27cd,worker_1,coordinator_0,NET_TRANSFER,0.000100,0.158000,Signal Finished
2639731.224997,2001,bb212f85-1358-4ef9-8a3f-988f815c27cd,coordinator_0,worker_2,NET_TRANSFER,13.515801,1081.414071,Distribute Layer ID: 55e01d5c
2639731.315771,2001,bb212f85-1358-4ef9-8a3f-988f815c27cd,worker_2,worker_2,MEM_MOVE,11.619080,0.090774,"Evict VRAM -> RAM [Model: bb212f85, Layer: 9cca29bf]"
2639731.421363,2001,bb212f85-1358-4ef9-8a3f-988f815c27cd,worker_2,worker_2,DISK_LOAD,13.515801,0.105592,"Disk -> RAM [Model: bb212f85, Layer: 55e01d5c]"
2639731.526956,2001,bb212f85-1358-4ef9-8a3f-988f815c27cd,worker_2,worker_2,MEM_MOVE,13.515801,0.105592,"RAM -> VRAM [Model: bb212f85, Layer: 55e01d5c]"
2639731.576956,2001,bb212f85-1358-4ef9-8a3f-988f815c27cd,worker_2,worker_2,GPU_COMPUTE,0.050000,0.050000,GPU Compute
2639731.734956,2001,bb212f85-1358-4ef9-8a3f-988f815c27cd,worker_2,coordinator_0,NET_TRANSFER,0.000100,0.158000,Signal Finished
2640722.357391,2001,bb212f85-1358-4ef9-8a3f-988f815c27cd,coordinator_0,worker_3,NET_TRANSFER,12.380905,990.622436,Distribute Layer ID: e5ee55ce
2640722.395275,2001,bb212f85-1358-4ef9-8a3f-988f815c27cd,worker_3,worker_3,MEM_MOVE,4.849154,0.037884,"Evict VRAM -> RAM [Model: bb212f85, Layer: 93b0c987]"
2640722.467961,2001,bb212f85-1358-4ef9-8a3f-988f815c27cd,worker_3,worker_3,MEM_MOVE,9.303739,0.072685,"Evict VRAM -> RAM [Model: bb212f85, Layer: 29769a0f]"
2640722.564687,2001,bb212f85-1358-4ef9-8a3f-988f815c27cd,worker_3,worker_3,DISK_LOAD,12.380905,0.096726,"Disk -> RAM [Model: bb212f85, Layer: e5ee55ce]"
2640722.661412,2001,bb212f85-1358-4ef9-8a3f-988f815c27cd,worker_3,worker_3,MEM_MOVE,12.380905,0.096726,"RAM -> VRAM [Model: bb212f85, Layer: e5ee55ce]"
2640722.711412,2001,bb212f85-1358-4ef9-8a3f-988f815c27cd,worker_3,worker_3,GPU_COMPUTE,0.050000,0.050000,GPU Compute
2640722.869412,2001,bb212f85-1358-4ef9-8a3f-988f815c27cd,worker_3,coordinator_0,NET_TRANSFER,0.000100,0.158000,Signal Finished
2641590.791853,2001,bb212f85-1358-4ef9-8a3f-988f815c27cd,coordinator_0,worker_4,NET_TRANSFER,10.847156,867.922441,Distribute Layer ID: 4a1a8a12
2641590.876597,2001,bb212f85-1358-4ef9-8a3f-988f815c27cd,worker_4,worker_4,DISK_LOAD,10.847156,0.084743,"Disk -> RAM [Model: bb212f85, Layer: 4a1a8a12]"
2641590.961340,2001,bb212f85-1358-4ef9-8a3f-988f815c27cd,worker_4,worker_4,MEM_MOVE,10.847156,0.084743,"RAM -> VRAM [Model: bb212f85, Layer: 4a1a8a12]"
2641591.011340,2001,bb212f85-1358-4ef9-8a3f-988f815c27cd,worker_4,worker_4,GPU_COMPUTE,0.050000,0.050000,GPU Compute
2641591.169340,2001,bb212f85-1358-4ef9-8a3f-988f815c27cd,worker_4,coordinator_0,NET_TRANSFER,0.000100,0.158000,Signal Finished
2642367.596769,2001,bb212f85-1358-4ef9-8a3f-988f815c27cd,coordinator_0,worker_1,NET_TRANSFER,9.703468,776.427429,Distribute Layer ID: dde210d7
2642367.701079,2001,bb212f85-1358-4ef9-8a3f-988f815c27cd,worker_1,worker_1,MEM_MOVE,13.351670,0.104310,"Evict VRAM -> RAM [Model: bb212f85, Layer: 5d98aeac]"
2642367.776888,2001,bb212f85-1358-4ef9-8a3f-988f815c27cd,worker_1,worker_1,DISK_LOAD,9.703468,0.075808,"Disk -> RAM [Model: bb212f85, Layer: dde210d7]"
2642367.852696,2001,bb212f85-1358-4ef9-8a3f-988f815c27cd,worker_1,worker_1,MEM_MOVE,9.703468,0.075808,"RAM -> VRAM [Model: bb212f85, Layer: dde210d7]"
2642367.902696,2001,bb212f85-1358-4ef9-8a3f-988f815c27cd,worker_1,worker_1,GPU_COMPUTE,0.050000,0.050000,GPU Compute
2642368.060696,2001,bb212f85-1358-4ef9-8a3f-988f815c27cd,worker_1,coordinator_0,NET_TRANSFER,0.000100,0.158000,Signal Finished
2642978.161408,2001,bb212f85-1358-4ef9-8a3f-988f815c27cd,coordinator_0,worker_2,NET_TRANSFER,7.624384,610.100712,Distribute Layer ID: ca197702
2642978.220973,2001,bb212f85-1358-4ef9-8a3f-988f815c27cd,worker_2,worker_2,DISK_LOAD,7.624384,0.059565,"Disk -> RAM [Model: bb212f85, Layer: ca197702]"
2642978.280539,2001,bb212f85-1358-4ef9-8a3f-988f815c27cd,worker_2,worker_2,MEM_MOVE,7.624384,0.059565,"RAM -> VRAM [Model: bb212f85, Layer: ca197702]"
2642978.330539,2001,bb212f85-1358-4ef9-8a3f-988f815c27cd,worker_2,worker_2,GPU_COMPUTE,0.050000,0.050000,GPU Compute
2642978.488539,2001,bb212f85-1358-4ef9-8a3f-988f815c27cd,worker_2,coordinator_0,NET_TRANSFER,0.000100,0.158000,Signal Finished
2643989.751744,2001,bb212f85-1358-4ef9-8a3f-988f815c27cd,coordinator_0,worker_3,NET_TRANSFER,12.638915,1011.263205,Distribute Layer ID: 45ca5a65
2643989.848470,2001,bb212f85-1358-4ef9-8a3f-988f815c27cd,worker_3,worker_3,MEM_MOVE,12.380905,0.096726,"Evict VRAM -> RAM [Model: bb212f85, Layer: e5ee55ce]"
2643989.947211,2001,bb212f85-1358-4ef9-8a3f-988f815c27cd,worker_3,worker_3,DISK_LOAD,12.638915,0.098742,"Disk -> RAM [Model: bb212f85, Layer: 45ca5a65]"
2643990.045953,2001,bb212f85-1358-4ef9-8a3f-988f815c27cd,worker_3,worker_3,MEM_MOVE,12.638915,0.098742,"RAM -> VRAM [Model: bb212f85, Layer: 45ca5a65]"
2643990.095953,2001,bb212f85-1358-4ef9-8a3f-988f815c27cd,worker_3,worker_3,GPU_COMPUTE,0.050000,0.050000,GPU Compute
2643990.253953,2001,bb212f85-1358-4ef9-8a3f-988f815c27cd,worker_3,coordinator_0,NET_TRANSFER,0.000100,0.158000,Signal Finished
2644787.840846,2001,bb212f85-1358-4ef9-8a3f-988f815c27cd,coordinator_0,worker_4,NET_TRANSFER,9.967961,797.586893,Distribute Layer ID: 66c4e082
2644787.925589,2001,bb212f85-1358-4ef9-8a3f-988f815c27cd,worker_4,worker_4,MEM_MOVE,10.847156,0.084743,"Evict VRAM -> RAM [Model: bb212f85, Layer: 4a1a8a12]"
2644788.003464,2001,bb212f85-1358-4ef9-8a3f-988f815c27cd,worker_4,worker_4,DISK_LOAD,9.967961,0.077875,"Disk -> RAM [Model: bb212f85, Layer: 66c4e082]"
2644788.081338,2001,bb212f85-1358-4ef9-8a3f-988f815c27cd,worker_4,worker_4,MEM_MOVE,9.967961,0.077875,"RAM -> VRAM [Model: bb212f85, Layer: 66c4e082]"
2644788.131338,2001,bb212f85-1358-4ef9-8a3f-988f815c27cd,worker_4,worker_4,GPU_COMPUTE,0.050000,0.050000,GPU Compute
2644788.289338,2001,bb212f85-1358-4ef9-8a3f-988f815c27cd,worker_4,coordinator_0,NET_TRANSFER,0.000100,0.158000,Signal Finished
2645425.967962,2001,bb212f85-1358-4ef9-8a3f-988f815c27cd,coordinator_0,worker_1,NET_TRANSFER,7.969108,637.678624,Distribute Layer ID: 28da87e9
2645426.043770,2001,bb212f85-1358-4ef9-8a3f-988f815c27cd,worker_1,worker_1,MEM_MOVE,9.703468,0.075808,"Evict VRAM -> RAM [Model: bb212f85, Layer: dde210d7]"
2645426.106029,2001,bb212f85-1358-4ef9-8a3f-988f815c27cd,worker_1,worker_1,DISK_LOAD,7.969108,0.062259,"Disk -> RAM [Model: bb212f85, Layer: 28da87e9]"
2645426.168288,2001,bb212f85-1358-4ef9-8a3f-988f815c27cd,worker_1,worker_1,MEM_MOVE,7.969108,0.062259,"RAM -> VRAM [Model: bb212f85, Layer: 28da87e9]"
2645426.218288,2001,bb212f85-1358-4ef9-8a3f-988f815c27cd,worker_1,worker_1,GPU_COMPUTE,0.050000,0.050000,GPU Compute
2645426.376288,2001,bb212f85-1358-4ef9-8a3f-988f815c27cd,worker_1,coordinator_0,NET_TRANSFER,0.000100,0.158000,Signal Finished
2646553.683218,2001,bb212f85-1358-4ef9-8a3f-988f815c27cd,coordinator_0,worker_2,NET_TRANSFER,14.089462,1127.306930,Distribute Layer ID: 2e6b68ed
2646553.742784,2001,bb212f85-1358-4ef9-8a3f-988f815c27cd,worker_2,worker_2,MEM_MOVE,7.624384,0.059565,"Evict VRAM -> RAM [Model: bb212f85, Layer: ca197702]"
2646553.848376,2001,bb212f85-1358-4ef9-8a3f-988f815c27cd,worker_2,worker_2,MEM_MOVE,13.515801,0.105592,"Evict VRAM -> RAM [Model: bb212f85, Layer: 55e01d5c]"
2646553.958450,2001,bb212f85-1358-4ef9-8a3f-988f815c27cd,worker_2,worker_2,DISK_LOAD,14.089462,0.110074,"Disk -> RAM [Model: bb212f85, Layer: 2e6b68ed]"
2646554.068524,2001,bb212f85-1358-4ef9-8a3f-988f815c27cd,worker_2,worker_2,MEM_MOVE,14.089462,0.110074,"RAM -> VRAM [Model: bb212f85, Layer: 2e6b68ed]"
2646554.118524,2001,bb212f85-1358-4ef9-8a3f-988f815c27cd,worker_2,worker_2,GPU_COMPUTE,0.050000,0.050000,GPU Compute
2646554.276524,2001,bb212f85-1358-4ef9-8a3f-988f815c27cd,worker_2,coordinator_0,NET_TRANSFER,0.000100,0.158000,Signal Finished
2647492.212876,2001,bb212f85-1358-4ef9-8a3f-988f815c27cd,coordinator_0,worker_3,NET_TRANSFER,11.722329,937.936352,Distribute Layer ID: 3ecdcefb
2647492.311618,2001,bb212f85-1358-4ef9-8a3f-988f815c27cd,worker_3,worker_3,MEM_MOVE,12.638915,0.098742,"Evict VRAM -> RAM [Model: bb212f85, Layer: 45ca5a65]"
2647492.403198,2001,bb212f85-1358-4ef9-8a3f-988f815c27cd,worker_3,worker_3,DISK_LOAD,11.722329,0.091581,"Disk -> RAM [Model: bb212f85, Layer: 3ecdcefb]"
2647492.494779,2001,bb212f85-1358-4ef9-8a3f-988f815c27cd,worker_3,worker_3,MEM_MOVE,11.722329,0.091581,"RAM -> VRAM [Model: bb212f85, Layer: 3ecdcefb]"
2647492.544779,2001,bb212f85-1358-4ef9-8a3f-988f815c27cd,worker_3,worker_3,GPU_COMPUTE,0.050000,0.050000,GPU Compute
2647492.702779,2001,bb212f85-1358-4ef9-8a3f-988f815c27cd,worker_3,coordinator_0,NET_TRANSFER,0.000100,0.158000,Signal Finished
2648560.579428,2001,bb212f85-1358-4ef9-8a3f-988f815c27cd,coordinator_0,worker_4,NET_TRANSFER,13.346583,1067.876649,Distribute Layer ID: 3269d718
2648560.657302,2001,bb212f85-1358-4ef9-8a3f-988f815c27cd,worker_4,worker_4,MEM_MOVE,9.967961,0.077875,"Evict VRAM -> RAM [Model: bb212f85, Layer: 66c4e082]"
2648560.765180,2001,bb212f85-1358-4ef9-8a3f-988f815c27cd,worker_4,worker_4,MEM_MOVE,13.808320,0.107878,"Evict VRAM -> RAM [Model: bb212f85, Layer: 9eea42f4]"
2648560.869450,2001,bb212f85-1358-4ef9-8a3f-988f815c27cd,worker_4,worker_4,DISK_LOAD,13.346583,0.104270,"Disk -> RAM [Model: bb212f85, Layer: 3269d718]"
2648560.973720,2001,bb212f85-1358-4ef9-8a3f-988f815c27cd,worker_4,worker_4,MEM_MOVE,13.346583,0.104270,"RAM -> VRAM [Model: bb212f85, Layer: 3269d718]"
2648561.023720,2001,bb212f85-1358-4ef9-8a3f-988f815c27cd,worker_4,worker_4,GPU_COMPUTE,0.050000,0.050000,GPU Compute
2648561.181720,2001,bb212f85-1358-4ef9-8a3f-988f815c27cd,worker_4,coordinator_0,NET_TRANSFER,0.000100,0.158000,Signal Finished
2649436.849329,2001,bb212f85-1358-4ef9-8a3f-988f815c27cd,coordinator_0,worker_1,NET_TRANSFER,10.943970,875.667609,Distribute Layer ID: d567838e
2649436.911588,2001,bb212f85-1358-4ef9-8a3f-988f815c27cd,worker_1,worker_1,MEM_MOVE,7.969108,0.062259,"Evict VRAM -> RAM [Model: bb212f85, Layer: 28da87e9]"
2649436.997088,2001,bb212f85-1358-4ef9-8a3f-988f815c27cd,worker_1,worker_1,DISK_LOAD,10.943970,0.085500,"Disk -> RAM [Model: bb212f85, Layer: d567838e]"
2649437.082587,2001,bb212f85-1358-4ef9-8a3f-988f815c27cd,worker_1,worker_1,MEM_MOVE,10.943970,0.085500,"RAM -> VRAM [Model: bb212f85, Layer: d567838e]"
2649437.132587,2001,bb212f85-1358-4ef9-8a3f-988f815c27cd,worker_1,worker_1,GPU_COMPUTE,0.050000,0.050000,GPU Compute
2649437.290587,2001,bb212f85-1358-4ef9-8a3f-988f815c27cd,worker_1,coordinator_0,NET_TRANSFER,0.000100,0.158000,Signal Finished
2650654.656355,2001,bb212f85-1358-4ef9-8a3f-988f815c27cd,coordinator_0,worker_2,NET_TRANSFER,15.215197,1217.365768,Distribute Layer ID: 13318d0a
2650654.766429,2001,bb212f85-1358-4ef9-8a3f-988f815c27cd,worker_2,worker_2,MEM_MOVE,14.089462,0.110074,"Evict VRAM -> RAM [Model: bb212f85, Layer: 2e6b68ed]"
2650654.885298,2001,bb212f85-1358-4ef9-8a3f-988f815c27cd,worker_2,worker_2,DISK_LOAD,15.215197,0.118869,"Disk -> RAM [Model: bb212f85, Layer: 13318d0a]"
2650655.004167,2001,bb212f85-1358-4ef9-8a3f-988f815c27cd,worker_2,worker_2,MEM_MOVE,15.215197,0.118869,"RAM -> VRAM [Model: bb212f85, Layer: 13318d0a]"
2650655.054167,2001,bb212f85-1358-4ef9-8a3f-988f815c27cd,worker_2,worker_2,GPU_COMPUTE,0.050000,0.050000,GPU Compute
2650655.212167,2001,bb212f85-1358-4ef9-8a3f-988f815c27cd,worker_2,coordinator_0,NET_TRANSFER,0.000100,0.158000,Signal Finished
2651640.669772,2001,bb212f85-1358-4ef9-8a3f-988f815c27cd,coordinator_0,worker_3,NET_TRANSFER,12.316345,985.457605,Distribute Layer ID: 6125ee90
2651640.761352,2001,bb212f85-1358-4ef9-8a3f-988f815c27cd,worker_3,worker_3,MEM_MOVE,11.722329,0.091581,"Evict VRAM -> RAM [Model: bb212f85, Layer: 3ecdcefb]"
2651640.857574,2001,bb212f85-1358-4ef9-8a3f-988f815c27cd,worker_3,worker_3,DISK_LOAD,12.316345,0.096221,"Disk -> RAM [Model: bb212f85, Layer: 6125ee90]"
2651640.953795,2001,bb212f85-1358-4ef9-8a3f-988f815c27cd,worker_3,worker_3,MEM_MOVE,12.316345,0.096221,"RAM -> VRAM [Model: bb212f85, Layer: 6125ee90]"
2651641.003795,2001,bb212f85-1358-4ef9-8a3f-988f815c27cd,worker_3,worker_3,GPU_COMPUTE,0.050000,0.050000,GPU Compute
2651641.161795,2001,bb212f85-1358-4ef9-8a3f-988f815c27cd,worker_3,coordinator_0,NET_TRANSFER,0.000100,0.158000,Signal Finished
2652146.697012,2001,bb212f85-1358-4ef9-8a3f-988f815c27cd,coordinator_0,worker_4,NET_TRANSFER,6.317315,505.535216,Distribute Layer ID: 9433afa4
2652146.746366,2001,bb212f85-1358-4ef9-8a3f-988f815c27cd,worker_4,worker_4,DISK_LOAD,6.317315,0.049354,"Disk -> RAM [Model: bb212f85, Layer: 9433afa4]"
2652146.795720,2001,bb212f85-1358-4ef9-8a3f-988f815c27cd,worker_4,worker_4,MEM_MOVE,6.317315,0.049354,"RAM -> VRAM [Model: bb212f85, Layer: 9433afa4]"
2652146.845720,2001,bb212f85-1358-4ef9-8a3f-988f815c27cd,worker_4,worker_4,GPU_COMPUTE,0.050000,0.050000,GPU Compute
2652147.003720,2001,bb212f85-1358-4ef9-8a3f-988f815c27cd,worker_4,coordinator_0,NET_TRANSFER,0.000100,0.158000,Signal Finished
2653126.275902,2001,bb212f85-1358-4ef9-8a3f-988f815c27cd,coordinator_0,worker_1,NET_TRANSFER,12.239027,979.272182,Distribute Layer ID: aae5710e
2653126.361402,2001,bb212f85-1358-4ef9-8a3f-988f815c27cd,worker_1,worker_1,MEM_MOVE,10.943970,0.085500,"Evict VRAM -> RAM [Model: bb212f85, Layer: d567838e]"
2653126.457019,2001,bb212f85-1358-4ef9-8a3f-988f815c27cd,worker_1,worker_1,DISK_LOAD,12.239027,0.095617,"Disk -> RAM [Model: bb212f85, Layer: aae5710e]"
2653126.552637,2001,bb212f85-1358-4ef9-8a3f-988f815c27cd,worker_1,worker_1,MEM_MOVE,12.239027,0.095617,"RAM -> VRAM [Model: bb212f85, Layer: aae5710e]"
2653126.602637,2001,bb212f85-1358-4ef9-8a3f-988f815c27cd,worker_1,worker_1,GPU_COMPUTE,0.050000,0.050000,GPU Compute
2653126.760637,2001,bb212f85-1358-4ef9-8a3f-988f815c27cd,worker_1,coordinator_0,NET_TRANSFER,0.000100,0.158000,Signal Finished
2653854.943495,2001,bb212f85-1358-4ef9-8a3f-988f815c27cd,coordinator_0,worker_2,NET_TRANSFER,9.100411,728.182858,Distribute Layer ID: 4fe13782
2653855.062364,2001,bb212f85-1358-4ef9-8a3f-988f815c27cd,worker_2,worker_2,MEM_MOVE,15.215197,0.118869,"Evict VRAM -> RAM [Model: bb212f85, Layer: 13318d0a]"
2653855.133461,2001,bb212f85-1358-4ef9-8a3f-988f815c27cd,worker_2,worker_2,DISK_LOAD,9.100411,0.071097,"Disk -> RAM [Model: bb212f85, Layer: 4fe13782]"
2653855.204558,2001,bb212f85-1358-4ef9-8a3f-988f815c27cd,worker_2,worker_2,MEM_MOVE,9.100411,0.071097,"RAM -> VRAM [Model: bb212f85, Layer: 4fe13782]"
2653855.254558,2001,bb212f85-1358-4ef9-8a3f-988f815c27cd,worker_2,worker_2,GPU_COMPUTE,0.050000,0.050000,GPU Compute
2653855.412558,2001,bb212f85-1358-4ef9-8a3f-988f815c27cd,worker_2,coordinator_0,NET_TRANSFER,0.000100,0.158000,Signal Finished
2654897.080269,9000,ccab57a6-d91e-4ce5-b062-d9fc9a27c1f3,coordinator_0,worker_1,NET_TRANSFER,13.018971,1041.667712,Distribute Layer ID: 098c79d7
2654897.175887,9000,ccab57a6-d91e-4ce5-b062-d9fc9a27c1f3,worker_1,worker_1,MEM_MOVE,12.239027,0.095617,"Evict VRAM -> RAM [Model: bb212f85, Layer: aae5710e]"
2654897.277597,9000,ccab57a6-d91e-4ce5-b062-d9fc9a27c1f3,worker_1,worker_1,MEM_MOVE,13.018971,0.101711,"RAM -> VRAM [Model: ccab57a6, Layer: 098c79d7]"
2654897.327597,9000,ccab57a6-d91e-4ce5-b062-d9fc9a27c1f3,worker_1,worker_1,GPU_COMPUTE,0.050000,0.050000,GPU Compute
2654897.485597,9000,ccab57a6-d91e-4ce5-b062-d9fc9a27c1f3,worker_1,coordinator_0,NET_TRANSFER,0.000100,0.158000,Signal Finished
2655417.657926,9000,ccab57a6-d91e-4ce5-b062-d9fc9a27c1f3,coordinator_0,worker_2,NET_TRANSFER,6.500279,520.172329,Distribute Layer ID: a2f7e8f2
2655417.708710,9000,ccab57a6-d91e-4ce5-b062-d9fc9a27c1f3,worker_2,worker_2,MEM_MOVE,6.500279,0.050783,"RAM -> VRAM [Model: ccab57a6, Layer: a2f7e8f2]"
2655417.758710,9000,ccab57a6-d91e-4ce5-b062-d9fc9a27c1f3,worker_2,worker_2,GPU_COMPUTE,0.050000,0.050000,GPU Compute
2655417.916710,9000,ccab57a6-d91e-4ce5-b062-d9fc9a27c1f3,worker_2,coordinator_0,NET_TRANSFER,0.000100,0.158000,Signal Finished
2655835.762488,9000,ccab57a6-d91e-4ce5-b062-d9fc9a27c1f3,coordinator_0,worker_3,NET_TRANSFER,5.221197,417.845778,Distribute Layer ID: 24fc247b
2655835.803278,9000,ccab57a6-d91e-4ce5-b062-d9fc9a27c1f3,worker_3,worker_3,MEM_MOVE,5.221197,0.040791,"RAM -> VRAM [Model: ccab57a6, Layer: 24fc247b]"
2655835.853278,9000,ccab57a6-d91e-4ce5-b062-d9fc9a27c1f3,worker_3,worker_3,GPU_COMPUTE,0.050000,0.050000,GPU Compute
2655836.011278,9000,ccab57a6-d91e-4ce5-b062-d9fc9a27c1f3,worker_3,coordinator_0,NET_TRANSFER,0.000100,0.158000,Signal Finished
2656756.148393,9000,ccab57a6-d91e-4ce5-b062-d9fc9a27c1f3,coordinator_0,worker_4,NET_TRANSFER,11.499839,920.137115,Distribute Layer ID: 0d1b3672
2656756.197747,9000,ccab57a6-d91e-4ce5-b062-d9fc9a27c1f3,worker_4,worker_4,MEM_MOVE,6.317315,0.049354,"Evict VRAM -> RAM [Model: bb212f85, Layer: 9433afa4]"
2656756.287590,9000,ccab57a6-d91e-4ce5-b062-d9fc9a27c1f3,worker_4,worker_4,MEM_MOVE,11.499839,0.089842,"RAM -> VRAM [Model: ccab57a6, Layer: 0d1b3672]"
2656756.337590,9000,ccab57a6-d91e-4ce5-b062-d9fc9a27c1f3,worker_4,worker_4,GPU_COMPUTE,0.050000,0.050000,GPU Compute
2656756.495590,9000,ccab57a6-d91e-4ce5-b062-d9fc9a27c1f3,worker_4,coordinator_0,NET_TRANSFER,0.000100,0.158000,Signal Finished
2657615.353490,9000,ccab57a6-d91e-4ce5-b062-d9fc9a27c1f3,coordinator_0,worker_1,NET_TRANSFER,10.733849,858.857900,Distribute Layer ID: 6de88f8a
2657615.455200,9000,ccab57a6-d91e-4ce5-b062-d9fc9a27c1f3,worker_1,worker_1,MEM_MOVE,13.018971,0.101711,"Evict VRAM -> RAM [Model: ccab57a6, Layer: 098c79d7]"
2657615.539059,9000,ccab57a6-d91e-4ce5-b062-d9fc9a27c1f3,worker_1,worker_1,MEM_MOVE,10.733849,0.083858,"RAM -> VRAM [Model: ccab57a6, Layer: 6de88f8a]"
2657615.589059,9000,ccab57a6-d91e-4ce5-b062-d9fc9a27c1f3,worker_1,worker_1,GPU_COMPUTE,0.050000,0.050000,GPU Compute
2657615.747059,9000,ccab57a6-d91e-4ce5-b062-d9fc9a27c1f3,worker_1,coordinator_0,NET_TRANSFER,0.000100,0.158000,Signal Finished
2658658.164694,9000,ccab57a6-d91e-4ce5-b062-d9fc9a27c1f3,coordinator_0,worker_2,NET_TRANSFER,13.028345,1042.417636,Distribute Layer ID: 658b622a
2658658.215478,9000,ccab57a6-d91e-4ce5-b062-d9fc9a27c1f3,worker_2,worker_2,MEM_MOVE,6.500279,0.050783,"Evict VRAM -> RAM [Model: ccab57a6, Layer: a2f7e8f2]"
2658658.286575,9000,ccab57a6-d91e-4ce5-b062-d9fc9a27c1f3,worker_2,worker_2,MEM_MOVE,9.100411,0.071097,"Evict VRAM -> RAM [Model: bb212f85, Layer: 4fe13782]"
2658658.388359,9000,ccab57a6-d91e-4ce5-b062-d9fc9a27c1f3,worker_2,worker_2,MEM_MOVE,13.028345,0.101784,"RAM -> VRAM [Model: ccab57a6, Layer: 658b622a]"
2658658.438359,9000,ccab57a6-d91e-4ce5-b062-d9fc9a27c1f3,worker_2,worker_2,GPU_COMPUTE,0.050000,0.050000,GPU Compute
2658658.596359,9000,ccab57a6-d91e-4ce5-b062-d9fc9a27c1f3,worker_2,coordinator_0,NET_TRANSFER,0.000100,0.158000,Signal Finished
2659821.298874,9000,ccab57a6-d91e-4ce5-b062-d9fc9a27c1f3,coordinator_0,worker_3,NET_TRANSFER,14.531906,1162.702515,Distribute Layer ID: 3fcdd4b6
2659821.339665,9000,ccab57a6-d91e-4ce5-b062-d9fc9a27c1f3,worker_3,worker_3,MEM_MOVE,5.221197,0.040791,"Evict VRAM -> RAM [Model: ccab57a6, Layer: 24fc247b]"
2659821.435886,9000,ccab57a6-d91e-4ce5-b062-d9fc9a27c1f3,worker_3,worker_3,MEM_MOVE,12.316345,0.096221,"Evict VRAM -> RAM [Model: bb212f85, Layer: 6125ee90]"
2659821.549416,9000,ccab57a6-d91e-4ce5-b062-d9fc9a27c1f3,worker_3,worker_3,MEM_MOVE,14.531906,0.113531,"RAM -> VRAM [Model: ccab57a6, Layer: 3fcdd4b6]"
2659821.599416,9000,ccab57a6-d91e-4ce5-b062-d9fc9a27c1f3,worker_3,worker_3,GPU_COMPUTE,0.050000,0.050000,GPU Compute
2659821.757416,9000,ccab57a6-d91e-4ce5-b062-d9fc9a27c1f3,worker_3,coordinator_0,NET_TRANSFER,0.000100,0.158000,Signal Finished
2660856.569408,9000,ccab57a6-d91e-4ce5-b062-d9fc9a27c1f3,coordinator_0,worker_4,NET_TRANSFER,12.933275,1034.811992,Distribute Layer ID: cd182985
2660856.659251,9000,ccab57a6-d91e-4ce5-b062-d9fc9a27c1f3,worker_4,worker_4,MEM_MOVE,11.499839,0.089842,"Evict VRAM -> RAM [Model: ccab57a6, Layer: 0d1b3672]"
2660856.763521,9000,ccab57a6-d91e-4ce5-b062-d9fc9a27c1f3,worker_4,worker_4,MEM_MOVE,13.346583,0.104270,"Evict VRAM -> RAM [Model: bb212f85, Layer: 3269d718]"
2660856.864562,9000,ccab57a6-d91e-4ce5-b062-d9fc9a27c1f3,worker_4,worker_4,MEM_MOVE,12.933275,0.101041,"RAM -> VRAM [Model: ccab57a6, Layer: cd182985]"
2660856.914562,9000,ccab57a6-d91e-4ce5-b062-d9fc9a27c1f3,worker_4,worker_4,GPU_COMPUTE,0.050000,0.050000,GPU Compute
2660857.072562,9000,ccab57a6-d91e-4ce5-b062-d9fc9a27c1f3,worker_4,coordinator_0,NET_TRANSFER,0.000100,0.158000,Signal Finished
2661315.801576,9000,ccab57a6-d91e-4ce5-b062-d9fc9a27c1f3,coordinator_0,worker_1,NET_TRANSFER,5.732238,458.729014,Distribute Layer ID: 1d598551
2661315.885434,9000,ccab57a6-d91e-4ce5-b062-d9fc9a27c1f3,worker_1,worker_1,MEM_MOVE,10.733849,0.083858,"Evict VRAM -> RAM [Model: ccab57a6, Layer: 6de88f8a]"
2661315.930217,9000,ccab57a6-d91e-4ce5-b062-d9fc9a27c1f3,worker_1,worker_1,MEM_MOVE,5.732238,0.044783,"RAM -> VRAM [Model: ccab57a6, Layer: 1d598551]"
2661315.980217,9000,ccab57a6-d91e-4ce5-b062-d9fc9a27c1f3,worker_1,worker_1,GPU_COMPUTE,0.050000,0.050000,GPU Compute
2661316.138217,9000,ccab57a6-d91e-4ce5-b062-d9fc9a27c1f3,worker_1,coordinator_0,NET_TRANSFER,0.000100,0.158000,Signal Finished
2661975.500249,9000,ccab57a6-d91e-4ce5-b062-d9fc9a27c1f3,coordinator_0,worker_2,NET_TRANSFER,8.240150,659.362032,Distribute Layer ID: f36dc8fc
2661975.564625,9000,ccab57a6-d91e-4ce5-b062-d9fc9a27c1f3,worker_2,worker_2,MEM_MOVE,8.240150,0.064376,"RAM -> VRAM [Model: ccab57a6, Layer: f36dc8fc]"
2661975.614625,9000,ccab57a6-d91e-4ce5-b062-d9fc9a27c1f3,worker_2,worker_2,GPU_COMPUTE,0.050000,0.050000,GPU Compute
2661975.772625,9000,ccab57a6-d91e-4ce5-b062-d9fc9a27c1f3,worker_2,coordinator_0,NET_TRANSFER,0.000100,0.158000,Signal Finished
2662800.072517,9000,ccab57a6-d91e-4ce5-b062-d9fc9a27c1f3,coordinator_0,worker_3,NET_TRANSFER,10.301874,824.299892,Distribute Layer ID: d020590e
2662800.186048,9000,ccab57a6-d91e-4ce5-b062-d9fc9a27c1f3,worker_3,worker_3,MEM_MOVE,14.531906,0.113531,"Evict VRAM -> RAM [Model: ccab57a6, Layer: 3fcdd4b6]"
2662800.266531,9000,ccab57a6-d91e-4ce5-b062-d9fc9a27c1f3,worker_3,worker_3,MEM_MOVE,10.301874,0.080483,"RAM -> VRAM [Model: ccab57a6, Layer: d020590e]"
2662800.316531,9000,ccab57a6-d91e-4ce5-b062-d9fc9a27c1f3,worker_3,worker_3,GPU_COMPUTE,0.050000,0.050000,GPU Compute
2662800.474531,9000,ccab57a6-d91e-4ce5-b062-d9fc9a27c1f3,worker_3,coordinator_0,NET_TRANSFER,0.000100,0.158000,Signal Finished
2663901.949857,9000,ccab57a6-d91e-4ce5-b062-d9fc9a27c1f3,coordinator_0,worker_4,NET_TRANSFER,13.766567,1101.475326,Distribute Layer ID: 08fbfac3
2663902.050898,9000,ccab57a6-d91e-4ce5-b062-d9fc9a27c1f3,worker_4,worker_4,MEM_MOVE,12.933275,0.101041,"Evict VRAM -> RAM [Model: ccab57a6, Layer: cd182985]"
2663902.158449,9000,ccab57a6-d91e-4ce5-b062-d9fc9a27c1f3,worker_4,worker_4,MEM_MOVE,13.766567,0.107551,"RAM -> VRAM [Model: ccab57a6, Layer: 08fbfac3]"
2663902.208449,9000,ccab57a6-d91e-4ce5-b062-d9fc9a27c1f3,worker_4,worker_4,GPU_COMPUTE,0.050000,0.050000,GPU Compute
2663902.366449,9000,ccab57a6-d91e-4ce5-b062-d9fc9a27c1f3,worker_4,coordinator_0,NET_TRANSFER,0.000100,0.158000,Signal Finished
2664517.144878,9000,ccab57a6-d91e-4ce5-b062-d9fc9a27c1f3,coordinator_0,worker_1,NET_TRANSFER,7.682855,614.778429,Distribute Layer ID: 800a3bed
2664517.204901,9000,ccab57a6-d91e-4ce5-b062-d9fc9a27c1f3,worker_1,worker_1,MEM_MOVE,7.682855,0.060022,"RAM -> VRAM [Model: ccab57a6, Layer: 800a3bed]"
2664517.254901,9000,ccab57a6-d91e-4ce5-b062-d9fc9a27c1f3,worker_1,worker_1,GPU_COMPUTE,0.050000,0.050000,GPU Compute
2664517.412901,9000,ccab57a6-d91e-4ce5-b062-d9fc9a27c1f3,worker_1,coordinator_0,NET_TRANSFER,0.000100,0.158000,Signal Finished
2665187.374889,9000,ccab57a6-d91e-4ce5-b062-d9fc9a27c1f3,coordinator_0,worker_2,NET_TRANSFER,8.372650,669.961989,Distribute Layer ID: c3da6efe
2665187.439265,9000,ccab57a6-d91e-4ce5-b062-d9fc9a27c1f3,worker_2,worker_2,MEM_MOVE,8.240150,0.064376,"Evict VRAM -> RAM [Model: ccab57a6, Layer: f36dc8fc]"
2665187.504677,9000,ccab57a6-d91e-4ce5-b062-d9fc9a27c1f3,worker_2,worker_2,MEM_MOVE,8.372650,0.065411,"RAM -> VRAM [Model: ccab57a6, Layer: c3da6efe]"
2665187.554677,9000,ccab57a6-d91e-4ce5-b062-d9fc9a27c1f3,worker_2,worker_2,GPU_COMPUTE,0.050000,0.050000,GPU Compute
2665187.712677,9000,ccab57a6-d91e-4ce5-b062-d9fc9a27c1f3,worker_2,coordinator_0,NET_TRANSFER,0.000100,0.158000,Signal Finished
2666199.682291,9000,ccab57a6-d91e-4ce5-b062-d9fc9a27c1f3,coordinator_0,worker_3,NET_TRANSFER,12.647745,1011.969614,Distribute Layer ID: fbf3f91a
2666199.762774,9000,ccab57a6-d91e-4ce5-b062-d9fc9a27c1f3,worker_3,worker_3,MEM_MOVE,10.301874,0.080483,"Evict VRAM -> RAM [Model: ccab57a6, Layer: d020590e]"
2666199.861585,9000,ccab57a6-d91e-4ce5-b062-d9fc9a27c1f3,worker_3,worker_3,MEM_MOVE,12.647745,0.098811,"RAM -> VRAM [Model: ccab57a6, Layer: fbf3f91a]"
2666199.911585,9000,ccab57a6-d91e-4ce5-b062-d9fc9a27c1f3,worker_3,worker_3,GPU_COMPUTE,0.050000,0.050000,GPU Compute
2666200.069585,9000,ccab57a6-d91e-4ce5-b062-d9fc9a27c1f3,worker_3,coordinator_0,NET_TRANSFER,0.000100,0.158000,Signal Finished
2667326.924539,9000,ccab57a6-d91e-4ce5-b062-d9fc9a27c1f3,coordinator_0,worker_4,NET_TRANSFER,14.083812,1126.854954,Distribute Layer ID: bb15fca7
2667327.032090,9000,ccab57a6-d91e-4ce5-b062-d9fc9a27c1f3,worker_4,worker_4,MEM_MOVE,13.766567,0.107551,"Evict VRAM -> RAM [Model: ccab57a6, Layer: 08fbfac3]"
2667327.142120,9000,ccab57a6-d91e-4ce5-b062-d9fc9a27c1f3,worker_4,worker_4,MEM_MOVE,14.083812,0.110030,"RAM -> VRAM [Model: ccab57a6, Layer: bb15fca7]"
2667327.192120,9000,ccab57a6-d91e-4ce5-b062-d9fc9a27c1f3,worker_4,worker_4,GPU_COMPUTE,0.050000,0.050000,GPU Compute
2667327.350120,9000,ccab57a6-d91e-4ce5-b062-d9fc9a27c1f3,worker_4,coordinator_0,NET_TRANSFER,0.000100,0.158000,Signal Finished
2667759.022226,9000,ccab57a6-d91e-4ce5-b062-d9fc9a27c1f3,coordinator_0,worker_1,NET_TRANSFER,5.394026,431.672106,Distribute Layer ID: 94f14e89
2667759.082248,9000,ccab57a6-d91e-4ce5-b062-d9fc9a27c1f3,worker_1,worker_1,MEM_MOVE,7.682855,0.060022,"Evict VRAM -> RAM [Model: ccab57a6, Layer: 800a3bed]"
2667759.124389,9000,ccab57a6-d91e-4ce5-b062-d9fc9a27c1f3,worker_1,worker_1,MEM_MOVE,5.394026,0.042141,"RAM -> VRAM [Model: ccab57a6, Layer: 94f14e89]"
2667759.174389,9000,ccab57a6-d91e-4ce5-b062-d9fc9a27c1f3,worker_1,worker_1,GPU_COMPUTE,0.050000,0.050000,GPU Compute
2667759.332389,9000,ccab57a6-d91e-4ce5-b062-d9fc9a27c1f3,worker_1,coordinator_0,NET_TRANSFER,0.000100,0.158000,Signal Finished
2668407.513098,9000,ccab57a6-d91e-4ce5-b062-d9fc9a27c1f3,coordinator_0,worker_2,NET_TRANSFER,8.100384,648.180708,Distribute Layer ID: 384b3226
2668407.578509,9000,ccab57a6-d91e-4ce5-b062-d9fc9a27c1f3,worker_2,worker_2,MEM_MOVE,8.372650,0.065411,"Evict VRAM -> RAM [Model: ccab57a6, Layer: c3da6efe]"
2668407.641793,9000,ccab57a6-d91e-4ce5-b062-d9fc9a27c1f3,worker_2,worker_2,MEM_MOVE,8.100384,0.063284,"RAM -> VRAM [Model: ccab57a6, Layer: 384b3226]"
2668407.691793,9000,ccab57a6-d91e-4ce5-b062-d9fc9a27c1f3,worker_2,worker_2,GPU_COMPUTE,0.050000,0.050000,GPU Compute
2668407.849793,9000,ccab57a6-d91e-4ce5-b062-d9fc9a27c1f3,worker_2,coordinator_0,NET_TRANSFER,0.000100,0.158000,Signal Finished
2669544.591159,9000,ccab57a6-d91e-4ce5-b062-d9fc9a27c1f3,coordinator_0,worker_3,NET_TRANSFER,14.207392,1136.741366,Distribute Layer ID: 226b66c2
2669544.689969,9000,ccab57a6-d91e-4ce5-b062-d9fc9a27c1f3,worker_3,worker_3,MEM_MOVE,12.647745,0.098811,"Evict VRAM -> RAM [Model: ccab57a6, Layer: fbf3f91a]"
2669544.800965,9000,ccab57a6-d91e-4ce5-b062-d9fc9a27c1f3,worker_3,worker_3,MEM_MOVE,14.207392,0.110995,"RAM -> VRAM [Model: ccab57a6, Layer: 226b66c2]"
2669544.850965,9000,ccab57a6-d91e-4ce5-b062-d9fc9a27c1f3,worker_3,worker_3,GPU_COMPUTE,0.050000,0.050000,GPU Compute
2669545.008965,9000,ccab57a6-d91e-4ce5-b062-d9fc9a27c1f3,worker_3,coordinator_0,NET_TRANSFER,0.000100,0.158000,Signal Finished
2669991.290984,9000,ccab57a6-d91e-4ce5-b062-d9fc9a27c1f3,coordinator_0,worker_4,NET_TRANSFER,5.576650,446.282020,Distribute Layer ID: 8141d7e3
2669991.334552,9000,ccab57a6-d91e-4ce5-b062-d9fc9a27c1f3,worker_4,worker_4,MEM_MOVE,5.576650,0.043568,"RAM -> VRAM [Model: ccab57a6, Layer: 8141d7e3]"
2669991.384552,9000,ccab57a6-d91e-4ce5-b062-d9fc9a27c1f3,worker_4,worker_4,GPU_COMPUTE,0.050000,0.050000,GPU Compute
2669991.542552,9000,ccab57a6-d91e-4ce5-b062-d9fc9a27c1f3,worker_4,coordinator_0,NET_TRANSFER,0.000100,0.158000,Signal Finished
2670442.474411,9000,ccab57a6-d91e-4ce5-b062-d9fc9a27c1f3,coordinator_0,worker_1,NET_TRANSFER,5.634773,450.931859,Distribute Layer ID: 5e183ce2
2670442.516552,9000,ccab57a6-d91e-4ce5-b062-d9fc9a27c1f3,worker_1,worker_1,MEM_MOVE,5.394026,0.042141,"Evict VRAM -> RAM [Model: ccab57a6, Layer: 94f14e89]"
2670442.560573,9000,ccab57a6-d91e-4ce5-b062-d9fc9a27c1f3,worker_1,worker_1,MEM_MOVE,5.634773,0.044022,"RAM -> VRAM [Model: ccab57a6, Layer: 5e183ce2]"
2670442.610573,9000,ccab57a6-d91e-4ce5-b062-d9fc9a27c1f3,worker_1,worker_1,GPU_COMPUTE,0.050000,0.050000,GPU Compute
2670442.768573,9000,ccab57a6-d91e-4ce5-b062-d9fc9a27c1f3,worker_1,coordinator_0,NET_TRANSFER,0.000100,0.158000,Signal Finished
2670954.753989,9000,ccab57a6-d91e-4ce5-b062-d9fc9a27c1f3,coordinator_0,worker_2,NET_TRANSFER,6.397943,511.985416,Distribute Layer ID: 0e96c53a
2670954.817273,9000,ccab57a6-d91e-4ce5-b062-d9fc9a27c1f3,worker_2,worker_2,MEM_MOVE,8.100384,0.063284,"Evict VRAM -> RAM [Model: ccab57a6, Layer: 384b3226]"
2670954.867257,9000,ccab57a6-d91e-4ce5-b062-d9fc9a27c1f3,worker_2,worker_2,MEM_MOVE,6.397943,0.049984,"RAM -> VRAM [Model: ccab57a6, Layer: 0e96c53a]"
2670954.917257,9000,ccab57a6-d91e-4ce5-b062-d9fc9a27c1f3,worker_2,worker_2,GPU_COMPUTE,0.050000,0.050000,GPU Compute
2670955.075257,9000,ccab57a6-d91e-4ce5-b062-d9fc9a27c1f3,worker_2,coordinator_0,NET_TRANSFER,0.000100,0.158000,Signal Finished
2671858.353181,9000,ccab57a6-d91e-4ce5-b062-d9fc9a27c1f3,coordinator_0,worker_3,NET_TRANSFER,11.289099,903.277923,Distribute Layer ID: 5fb15f53
2671858.464176,9000,ccab57a6-d91e-4ce5-b062-d9fc9a27c1f3,worker_3,worker_3,MEM_MOVE,14.207392,0.110995,"Evict VRAM -> RAM [Model: ccab57a6, Layer: 226b66c2]"
2671858.552372,9000,ccab57a6-d91e-4ce5-b062-d9fc9a27c1f3,worker_3,worker_3,MEM_MOVE,11.289099,0.088196,"RAM -> VRAM [Model: ccab57a6, Layer: 5fb15f53]"
2671858.602372,9000,ccab57a6-d91e-4ce5-b062-d9fc9a27c1f3,worker_3,worker_3,GPU_COMPUTE,0.050000,0.050000,GPU Compute
2671858.760372,9000,ccab57a6-d91e-4ce5-b062-d9fc9a27c1f3,worker_3,coordinator_0,NET_TRANSFER,0.000100,0.158000,Signal Finished
2672395.895527,9000,ccab57a6-d91e-4ce5-b062-d9fc9a27c1f3,coordinator_0,worker_4,NET_TRANSFER,6.712314,537.135155,Distribute Layer ID: c74d33a2
2672395.939094,9000,ccab57a6-d91e-4ce5-b062-d9fc9a27c1f3,worker_4,worker_4,MEM_MOVE,5.576650,0.043568,"Evict VRAM -> RAM [Model: ccab57a6, Layer: 8141d7e3]"
2672395.991534,9000,ccab57a6-d91e-4ce5-b062-d9fc9a27c1f3,worker_4,worker_4,MEM_MOVE,6.712314,0.052440,"RAM -> VRAM [Model: ccab57a6, Layer: c74d33a2]"
2672396.041534,9000,ccab57a6-d91e-4ce5-b062-d9fc9a27c1f3,worker_4,worker_4,GPU_COMPUTE,0.050000,0.050000,GPU Compute
2672396.199534,9000,ccab57a6-d91e-4ce5-b062-d9fc9a27c1f3,worker_4,coordinator_0,NET_TRANSFER,0.000100,0.158000,Signal Finished
2673144.778207,9000,ccab57a6-d91e-4ce5-b062-d9fc9a27c1f3,coordinator_0,worker_1,NET_TRANSFER,9.355358,748.578673,Distribute Layer ID: 2ec97e39
2673144.822229,9000,ccab57a6-d91e-4ce5-b062-d9fc9a27c1f3,worker_1,worker_1,MEM_MOVE,5.634773,0.044022,"Evict VRAM -> RAM [Model: ccab57a6, Layer: 5e183ce2]"
2673144.895317,9000,ccab57a6-d91e-4ce5-b062-d9fc9a27c1f3,worker_1,worker_1,MEM_MOVE,9.355358,0.073089,"RAM -> VRAM [Model: ccab57a6, Layer: 2ec97e39]"
2673144.945317,9000,ccab57a6-d91e-4ce5-b062-d9fc9a27c1f3,worker_1,worker_1,GPU_COMPUTE,0.050000,0.050000,GPU Compute
2673145.103317,9000,ccab57a6-d91e-4ce5-b062-d9fc9a27c1f3,worker_1,coordinator_0,NET_TRANSFER,0.000100,0.158000,Signal Finished
2674306.874966,9000,ccab57a6-d91e-4ce5-b062-d9fc9a27c1f3,coordinator_0,worker_2,NET_TRANSFER,14.520271,1161.771649,Distribute Layer ID: dc4c7a2a
2674306.924950,9000,ccab57a6-d91e-4ce5-b062-d9fc9a27c1f3,worker_2,worker_2,MEM_MOVE,6.397943,0.049984,"Evict VRAM -> RAM [Model: ccab57a6, Layer: 0e96c53a]"
2674307.026734,9000,ccab57a6-d91e-4ce5-b062-d9fc9a27c1f3,worker_2,worker_2,MEM_MOVE,13.028345,0.101784,"Evict VRAM -> RAM [Model: ccab57a6, Layer: 658b622a]"
2674307.140173,9000,ccab57a6-d91e-4ce5-b062-d9fc9a27c1f3,worker_2,worker_2,MEM_MOVE,14.520271,0.113440,"RAM -> VRAM [Model: ccab57a6, Layer: dc4c7a2a]"
2674307.190173,9000,ccab57a6-d91e-4ce5-b062-d9fc9a27c1f3,worker_2,worker_2,GPU_COMPUTE,0.050000,0.050000,GPU Compute
2674307.348173,9000,ccab57a6-d91e-4ce5-b062-d9fc9a27c1f3,worker_2,coordinator_0,NET_TRANSFER,0.000100,0.158000,Signal Finished
2675131.117103,9000,ccab57a6-d91e-4ce5-b062-d9fc9a27c1f3,coordinator_0,worker_3,NET_TRANSFER,10.295237,823.768929,Distribute Layer ID: daf126bd
2675131.205299,9000,ccab57a6-d91e-4ce5-b062-d9fc9a27c1f3,worker_3,worker_3,MEM_MOVE,11.289099,0.088196,"Evict VRAM -> RAM [Model: ccab57a6, Layer: 5fb15f53]"
2675131.285730,9000,ccab57a6-d91e-4ce5-b062-d9fc9a27c1f3,worker_3,worker_3,MEM_MOVE,10.295237,0.080432,"RAM -> VRAM [Model: ccab57a6, Layer: daf126bd]"
2675131.335730,9000,ccab57a6-d91e-4ce5-b062-d9fc9a27c1f3,worker_3,worker_3,GPU_COMPUTE,0.050000,0.050000,GPU Compute
2675131.493730,9000,ccab57a6-d91e-4ce5-b062-d9fc9a27c1f3,worker_3,coordinator_0,NET_TRANSFER,0.000100,0.158000,Signal Finished
2675831.854919,9000,ccab57a6-d91e-4ce5-b062-d9fc9a27c1f3,coordinator_0,worker_4,NET_TRANSFER,8.752640,700.361189,Distribute Layer ID: 743a81aa
2675831.907359,9000,ccab57a6-d91e-4ce5-b062-d9fc9a27c1f3,worker_4,worker_4,MEM_MOVE,6.712314,0.052440,"Evict VRAM -> RAM [Model: ccab57a6, Layer: c74d33a2]"
2675831.975739,9000,ccab57a6-d91e-4ce5-b062-d9fc9a27c1f3,worker_4,worker_4,MEM_MOVE,8.752640,0.068380,"RAM -> VRAM [Model: ccab57a6, Layer: 743a81aa]"
2675832.025739,9000,ccab57a6-d91e-4ce5-b062-d9fc9a27c1f3,worker_4,worker_4,GPU_COMPUTE,0.050000,0.050000,GPU Compute
2675832.183739,9000,ccab57a6-d91e-4ce5-b062-d9fc9a27c1f3,worker_4,coordinator_0,NET_TRANSFER,0.000100,0.158000,Signal Finished
2676891.081211,9000,ccab57a6-d91e-4ce5-b062-d9fc9a27c1f3,coordinator_0,worker_1,NET_TRANSFER,13.234343,1058.897473,Distribute Layer ID: c180057c
2676891.154300,9000,ccab57a6-d91e-4ce5-b062-d9fc9a27c1f3,worker_1,worker_1,MEM_MOVE,9.355358,0.073089,"Evict VRAM -> RAM [Model: ccab57a6, Layer: 2ec97e39]"
2676891.199083,9000,ccab57a6-d91e-4ce5-b062-d9fc9a27c1f3,worker_1,worker_1,MEM_MOVE,5.732238,0.044783,"Evict VRAM -> RAM [Model: ccab57a6, Layer: 1d598551]"
2676891.302477,9000,ccab57a6-d91e-4ce5-b062-d9fc9a27c1f3,worker_1,worker_1,MEM_MOVE,13.234343,0.103393,"RAM -> VRAM [Model: ccab57a6, Layer: c180057c]"
2676891.352477,9000,ccab57a6-d91e-4ce5-b062-d9fc9a27c1f3,worker_1,worker_1,GPU_COMPUTE,0.050000,0.050000,GPU Compute
2676891.510477,9000,ccab57a6-d91e-4ce5-b062-d9fc9a27c1f3,worker_1,coordinator_0,NET_TRANSFER,0.000100,0.158000,Signal Finished
2677584.673860,9000,ccab57a6-d91e-4ce5-b062-d9fc9a27c1f3,coordinator_0,worker_2,NET_TRANSFER,8.662667,693.163383,Distribute Layer ID: 93755d2d
2677584.787299,9000,ccab57a6-d91e-4ce5-b062-d9fc9a27c1f3,worker_2,worker_2,MEM_MOVE,14.520271,0.113440,"Evict VRAM -> RAM [Model: ccab57a6, Layer: dc4c7a2a]"
2677584.854976,9000,ccab57a6-d91e-4ce5-b062-d9fc9a27c1f3,worker_2,worker_2,MEM_MOVE,8.662667,0.067677,"RAM -> VRAM [Model: ccab57a6, Layer: 93755d2d]"
2677584.904976,9000,ccab57a6-d91e-4ce5-b062-d9fc9a27c1f3,worker_2,worker_2,GPU_COMPUTE,0.050000,0.050000,GPU Compute
2677585.062976,9000,ccab57a6-d91e-4ce5-b062-d9fc9a27c1f3,worker_2,coordinator_0,NET_TRANSFER,0.000100,0.158000,Signal Finished
2678703.895140,9000,ccab57a6-d91e-4ce5-b062-d9fc9a27c1f3,coordinator_0,worker_3,NET_TRANSFER,13.983527,1118.832164,Distribute Layer ID: a3cd6ef1
2678703.975572,9000,ccab57a6-d91e-4ce5-b062-d9fc9a27c1f3,worker_3,worker_3,MEM_MOVE,10.295237,0.080432,"Evict VRAM -> RAM [Model: ccab57a6, Layer: daf126bd]"
2678704.084818,9000,ccab57a6-d91e-4ce5-b062-d9fc9a27c1f3,worker_3,worker_3,MEM_MOVE,13.983527,0.109246,"RAM -> VRAM [Model: ccab57a6, Layer: a3cd6ef1]"
2678704.134818,9000,ccab57a6-d91e-4ce5-b062-d9fc9a27c1f3,worker_3,worker_3,GPU_COMPUTE,0.050000,0.050000,GPU Compute
2678704.292818,9000,ccab57a6-d91e-4ce5-b062-d9fc9a27c1f3,worker_3,coordinator_0,NET_TRANSFER,0.000100,0.158000,Signal Finished
2679421.073719,9000,ccab57a6-d91e-4ce5-b062-d9fc9a27c1f3,coordinator_0,worker_4,NET_TRANSFER,8.957886,716.780901,Distribute Layer ID: f5d1846f
2679421.142099,9000,ccab57a6-d91e-4ce5-b062-d9fc9a27c1f3,worker_4,worker_4,MEM_MOVE,8.752640,0.068380,"Evict VRAM -> RAM [Model: ccab57a6, Layer: 743a81aa]"
2679421.212083,9000,ccab57a6-d91e-4ce5-b062-d9fc9a27c1f3,worker_4,worker_4,MEM_MOVE,8.957886,0.069983,"RAM -> VRAM [Model: ccab57a6, Layer: f5d1846f]"
2679421.262083,9000,ccab57a6-d91e-4ce5-b062-d9fc9a27c1f3,worker_4,worker_4,GPU_COMPUTE,0.050000,0.050000,GPU Compute
2679421.420083,9000,ccab57a6-d91e-4ce5-b062-d9fc9a27c1f3,worker_4,coordinator_0,NET_TRANSFER,0.000100,0.158000,Signal Finished
2679421.578083,9002,ccab57a6-d91e-4ce5-b062-d9fc9a27c1f3,coordinator_0,worker_2,NET_TRANSFER,0.000100,0.158000,Poll: Check Layer Cache
2679421.736083,9002,ccab57a6-d91e-4ce5-b062-d9fc9a27c1f3,worker_2,coordinator_0,NET_TRANSFER,0.000100,0.158000,Poll: Cache Status Reply
2679421.894083,9002,ccab57a6-d91e-4ce5-b062-d9fc9a27c1f3,coordinator_0,worker_3,NET_TRANSFER,0.000100,0.158000,Poll: Check Layer Cache
2679422.052083,9002,ccab57a6-d91e-4ce5-b062-d9fc9a27c1f3,worker_3,coordinator_0,NET_TRANSFER,0.000100,0.158000,Poll: Cache Status Reply
2679422.210083,9002,ccab57a6-d91e-4ce5-b062-d9fc9a27c1f3,coordinator_0,worker_1,NET_TRANSFER,0.000100,0.158000,Poll: Check Layer Cache
2679422.368083,9002,ccab57a6-d91e-4ce5-b062-d9fc9a27c1f3,worker_1,coordinator_0,NET_TRANSFER,0.000100,0.158000,Poll: Cache Status Reply
2679422.526083,9002,ccab57a6-d91e-4ce5-b062-d9fc9a27c1f3,coordinator_0,worker_3,NET_TRANSFER,0.000100,0.158000,Poll: Check Layer Cache
2679422.684083,9002,ccab57a6-d91e-4ce5-b062-d9fc9a27c1f3,worker_3,coordinator_0,NET_TRANSFER,0.000100,0.158000,Poll: Cache Status Reply
2679422.842083,9002,ccab57a6-d91e-4ce5-b062-d9fc9a27c1f3,coordinator_0,worker_1,NET_TRANSFER,0.000100,0.158000,Poll: Check Layer Cache
2679423.000083,9002,ccab57a6-d91e-4ce5-b062-d9fc9a27c1f3,worker_1,coordinator_0,NET_TRANSFER,0.000100,0.158000,Poll: Cache Status Reply
2679423.158083,9002,ccab57a6-d91e-4ce5-b062-d9fc9a27c1f3,coordinator_0,worker_3,NET_TRANSFER,0.000100,0.158000,Poll: Check Layer Cache
2679423.316083,9002,ccab57a6-d91e-4ce5-b062-d9fc9a27c1f3,worker_3,coordinator_0,NET_TRANSFER,0.000100,0.158000,Poll: Cache Status Reply
2679423.474083,9002,ccab57a6-d91e-4ce5-b062-d9fc9a27c1f3,coordinator_0,worker_1,NET_TRANSFER,0.000100,0.158000,Poll: Check Layer Cache
2679423.632083,9002,ccab57a6-d91e-4ce5-b062-d9fc9a27c1f3,worker_1,coordinator_0,NET_TRANSFER,0.000100,0.158000,Poll: Cache Status Reply
2679423.790083,9002,ccab57a6-d91e-4ce5-b062-d9fc9a27c1f3,coordinator_0,worker_1,NET_TRANSFER,0.000100,0.158000,Poll: Check Layer Cache
2679423.948083,9002,ccab57a6-d91e-4ce5-b062-d9fc9a27c1f3,worker_1,coordinator_0,NET_TRANSFER,0.000100,0.158000,Poll: Cache Status Reply
2679424.106083,9002,ccab57a6-d91e-4ce5-b062-d9fc9a27c1f3,coordinator_0,worker_1,NET_TRANSFER,0.000100,0.158000,Poll: Check Layer Cache
2679424.264083,9002,ccab57a6-d91e-4ce5-b062-d9fc9a27c1f3,worker_1,coordinator_0,NET_TRANSFER,0.000100,0.158000,Poll: Cache Status Reply
2679424.422083,9002,ccab57a6-d91e-4ce5-b062-d9fc9a27c1f3,coordinator_0,worker_3,NET_TRANSFER,0.000100,0.158000,Poll: Check Layer Cache
2679424.580083,9002,ccab57a6-d91e-4ce5-b062-d9fc9a27c1f3,worker_3,coordinator_0,NET_TRANSFER,0.000100,0.158000,Poll: Cache Status Reply
2679424.738083,9002,ccab57a6-d91e-4ce5-b062-d9fc9a27c1f3,coordinator_0,worker_4,NET_TRANSFER,0.000100,0.158000,Poll: Check Layer Cache
2679424.896083,9002,ccab57a6-d91e-4ce5-b062-d9fc9a27c1f3,worker_4,coordinator_0,NET_TRANSFER,0.000100,0.158000,Poll: Cache Status Reply
2679425.054083,9002,ccab57a6-d91e-4ce5-b062-d9fc9a27c1f3,coordinator_0,worker_3,NET_TRANSFER,0.000100,0.158000,Poll: Check Layer Cache
2679425.212083,9002,ccab57a6-d91e-4ce5-b062-d9fc9a27c1f3,worker_3,coordinator_0,NET_TRANSFER,0.000100,0.158000,Poll: Cache Status Reply
2679425.370083,9002,ccab57a6-d91e-4ce5-b062-d9fc9a27c1f3,coordinator_0,worker_4,NET_TRANSFER,0.000100,0.158000,Poll: Check Layer Cache
2679425.528083,9002,ccab57a6-d91e-4ce5-b062-d9fc9a27c1f3,worker_4,coordinator_0,NET_TRANSFER,0.000100,0.158000,Poll: Cache Status Reply
2679425.686083,9002,ccab57a6-d91e-4ce5-b062-d9fc9a27c1f3,coordinator_0,worker_1,NET_TRANSFER,0.000100,0.158000,Poll: Check Layer Cache
2679425.844083,9002,ccab57a6-d91e-4ce5-b062-d9fc9a27c1f3,worker_1,coordinator_0,NET_TRANSFER,0.000100,0.158000,Poll: Cache Status Reply
2679426.002083,9002,ccab57a6-d91e-4ce5-b062-d9fc9a27c1f3,coordinator_0,worker_4,NET_TRANSFER,0.000100,0.158000,Poll: Check Layer Cache
2679426.160083,9002,ccab57a6-d91e-4ce5-b062-d9fc9a27c1f3,worker_4,coordinator_0,NET_TRANSFER,0.000100,0.158000,Poll: Cache Status Reply
2679426.318083,9002,ccab57a6-d91e-4ce5-b062-d9fc9a27c1f3,coordinator_0,worker_1,NET_TRANSFER,0.000100,0.158000,Poll: Check Layer Cache
2679426.476083,9002,ccab57a6-d91e-4ce5-b062-d9fc9a27c1f3,worker_1,coordinator_0,NET_TRANSFER,0.000100,0.158000,Poll: Cache Status Reply
2679426.634083,9002,ccab57a6-d91e-4ce5-b062-d9fc9a27c1f3,coordinator_0,worker_2,NET_TRANSFER,0.000100,0.158000,Poll: Check Layer Cache
2679426.792083,9002,ccab57a6-d91e-4ce5-b062-d9fc9a27c1f3,worker_2,coordinator_0,NET_TRANSFER,0.000100,0.158000,Poll: Cache Status Reply
2679426.950083,9002,ccab57a6-d91e-4ce5-b062-d9fc9a27c1f3,coordinator_0,worker_4,NET_TRANSFER,0.000100,0.158000,Poll: Check Layer Cache
2679427.108083,9002,ccab57a6-d91e-4ce5-b062-d9fc9a27c1f3,worker_4,coordinator_0,NET_TRANSFER,0.000100,0.158000,Poll: Cache Status Reply
2679427.266083,9002,ccab57a6-d91e-4ce5-b062-d9fc9a27c1f3,coordinator_0,worker_2,NET_TRANSFER,0.000100,0.158000,Poll: Check Layer Cache
2679427.424083,9002,ccab57a6-d91e-4ce5-b062-d9fc9a27c1f3,worker_2,coordinator_0,NET_TRANSFER,0.000100,0.158000,Poll: Cache Status Reply
2679427.582083,9002,ccab57a6-d91e-4ce5-b062-d9fc9a27c1f3,coordinator_0,worker_4,NET_TRANSFER,0.000100,0.158000,Poll: Check Layer Cache
2679427.740083,9002,ccab57a6-d91e-4ce5-b062-d9fc9a27c1f3,worker_4,coordinator_0,NET_TRANSFER,0.000100,0.158000,Poll: Cache Status Reply
2679427.898083,9002,ccab57a6-d91e-4ce5-b062-d9fc9a27c1f3,coordinator_0,worker_2,NET_TRANSFER,0.000100,0.158000,Poll: Check Layer Cache
2679428.056083,9002,ccab57a6-d91e-4ce5-b062-d9fc9a27c1f3,worker_2,coordinator_0,NET_TRANSFER,0.000100,0.158000,Poll: Cache Status Reply
2679428.214083,9002,ccab57a6-d91e-4ce5-b062-d9fc9a27c1f3,coordinator_0,worker_3,NET_TRANSFER,0.000100,0.158000,Poll: Check Layer Cache
2679428.372083,9002,ccab57a6-d91e-4ce5-b062-d9fc9a27c1f3,worker_3,coordinator_0,NET_TRANSFER,0.000100,0.158000,Poll: Cache Status Reply
2679428.530083,9002,ccab57a6-d91e-4ce5-b062-d9fc9a27c1f3,coordinator_0,worker_3,NET_TRANSFER,0.000100,0.158000,Poll: Check Layer Cache
2679428.688083,9002,ccab57a6-d91e-4ce5-b062-d9fc9a27c1f3,worker_3,coordinator_0,NET_TRANSFER,0.000100,0.158000,Poll: Cache Status Reply
2679428.846083,9002,ccab57a6-d91e-4ce5-b062-d9fc9a27c1f3,coordinator_0,worker_3,NET_TRANSFER,0.000100,0.158000,Poll: Check Layer Cache
2679429.004083,9002,ccab57a6-d91e-4ce5-b062-d9fc9a27c1f3,worker_3,coordinator_0,NET_TRANSFER,0.000100,0.158000,Poll: Cache Status Reply
2679429.162083,9002,ccab57a6-d91e-4ce5-b062-d9fc9a27c1f3,coordinator_0,worker_4,NET_TRANSFER,0.000100,0.158000,Poll: Check Layer Cache
2679429.320083,9002,ccab57a6-d91e-4ce5-b062-d9fc9a27c1f3,worker_4,coordinator_0,NET_TRANSFER,0.000100,0.158000,Poll: Cache Status Reply
2679429.478083,9002,ccab57a6-d91e-4ce5-b062-d9fc9a27c1f3,coordinator_0,worker_2,NET_TRANSFER,0.000100,0.158000,Poll: Check Layer Cache
2679429.636083,9002,ccab57a6-d91e-4ce5-b062-d9fc9a27c1f3,worker_2,coordinator_0,NET_TRANSFER,0.000100,0.158000,Poll: Cache Status Reply
2679429.794083,9002,ccab57a6-d91e-4ce5-b062-d9fc9a27c1f3,coordinator_0,worker_1,NET_TRANSFER,0.000100,0.158000,Poll: Check Layer Cache
2679429.952083,9002,ccab57a6-d91e-4ce5-b062-d9fc9a27c1f3,worker_1,coordinator_0,NET_TRANSFER,0.000100,0.158000,Poll: Cache Status Reply
2679430.110083,9002,ccab57a6-d91e-4ce5-b062-d9fc9a27c1f3,coordinator_0,worker_2,NET_TRANSFER,0.000100,0.158000,Poll: Check Layer Cache
2679430.268083,9002,ccab57a6-d91e-4ce5-b062-d9fc9a27c1f3,worker_2,coordinator_0,NET_TRANSFER,0.000100,0.158000,Poll: Cache Status Reply
2679430.426083,9002,ccab57a6-d91e-4ce5-b062-d9fc9a27c1f3,coordinator_0,worker_4,NET_TRANSFER,0.000100,0.158000,Poll: Check Layer Cache
2679430.584083,9002,ccab57a6-d91e-4ce5-b062-d9fc9a27c1f3,worker_4,coordinator_0,NET_TRANSFER,0.000100,0.158000,Poll: Cache Status Reply
2679430.742083,9002,ccab57a6-d91e-4ce5-b062-d9fc9a27c1f3,coordinator_0,worker_2,NET_TRANSFER,0.000100,0.158000,Poll: Check Layer Cache
2679430.900083,9002,ccab57a6-d91e-4ce5-b062-d9fc9a27c1f3,worker_2,coordinator_0,NET_TRANSFER,0.000100,0.158000,Poll: Cache Status Reply
2679431.058083,9002,ccab57a6-d91e-4ce5-b062-d9fc9a27c1f3,coordinator_0,worker_4,NET_TRANSFER,0.000100,0.158000,Poll: Check Layer Cache
2679431.216083,9002,ccab57a6-d91e-4ce5-b062-d9fc9a27c1f3,worker_4,coordinator_0,NET_TRANSFER,0.000100,0.158000,Poll: Cache Status Reply
2679431.374083,9002,ccab57a6-d91e-4ce5-b062-d9fc9a27c1f3,coordinator_0,worker_2,NET_TRANSFER,0.000100,0.158000,Poll: Check Layer Cache
2679431.532083,9002,ccab57a6-d91e-4ce5-b062-d9fc9a27c1f3,worker_2,coordinator_0,NET_TRANSFER,0.000100,0.158000,Poll: Cache Status Reply
2680032.088799,5000,6719b99a-d5dd-40b4-a9ed-2c8af6965e4a,coordinator_0,worker_4,NET_TRANSFER,7.505084,600.556716,Distribute Layer ID: ca382e36
2680032.158783,5000,6719b99a-d5dd-40b4-a9ed-2c8af6965e4a,worker_4,worker_4,MEM_MOVE,8.957886,0.069983,"Evict VRAM -> RAM [Model: ccab57a6, Layer: f5d1846f]"
2680032.217416,5000,6719b99a-d5dd-40b4-a9ed-2c8af6965e4a,worker_4,worker_4,DISK_LOAD,7.505084,0.058633,"Disk -> RAM [Model: 6719b99a, Layer: ca382e36]"
2680032.276050,5000,6719b99a-d5dd-40b4-a9ed-2c8af6965e4a,worker_4,worker_4,MEM_MOVE,7.505084,0.058633,"RAM -> VRAM [Model: 6719b99a, Layer: ca382e36]"
2680032.326050,5000,6719b99a-d5dd-40b4-a9ed-2c8af6965e4a,worker_4,worker_4,GPU_COMPUTE,0.050000,0.050000,GPU Compute
2680032.484050,5000,6719b99a-d5dd-40b4-a9ed-2c8af6965e4a,worker_4,coordinator_0,NET_TRANSFER,0.000100,0.158000,Signal Finished
2680808.204726,5000,6719b99a-d5dd-40b4-a9ed-2c8af6965e4a,coordinator_0,worker_1,NET_TRANSFER,9.694633,775.720676,Distribute Layer ID: 5136b6c5
2680808.308119,5000,6719b99a-d5dd-40b4-a9ed-2c8af6965e4a,worker_1,worker_1,MEM_MOVE,13.234343,0.103393,"Evict VRAM -> RAM [Model: ccab57a6, Layer: c180057c]"
2680808.383858,5000,6719b99a-d5dd-40b4-a9ed-2c8af6965e4a,worker_1,worker_1,DISK_LOAD,9.694633,0.075739,"Disk -> RAM [Model: 6719b99a, Layer: 5136b6c5]"
2680808.459598,5000,6719b99a-d5dd-40b4-a9ed-2c8af6965e4a,worker_1,worker_1,MEM_MOVE,9.694633,0.075739,"RAM -> VRAM [Model: 6719b99a, Layer: 5136b6c5]"
2680808.509598,5000,6719b99a-d5dd-40b4-a9ed-2c8af6965e4a,worker_1,worker_1,GPU_COMPUTE,0.050000,0.050000,GPU Compute
2680808.667598,5000,6719b99a-d5dd-40b4-a9ed-2c8af6965e4a,worker_1,coordinator_0,NET_TRANSFER,0.000100,0.158000,Signal Finished
2681866.346300,5000,6719b99a-d5dd-40b4-a9ed-2c8af6965e4a,coordinator_0,worker_2,NET_TRANSFER,13.219109,1057.678703,Distribute Layer ID: 2ef5b09c
2681866.413977,5000,6719b99a-d5dd-40b4-a9ed-2c8af6965e4a,worker_2,worker_2,MEM_MOVE,8.662667,0.067677,"Evict VRAM -> RAM [Model: ccab57a6, Layer: 93755d2d]"
2681866.517252,5000,6719b99a-d5dd-40b4-a9ed-2c8af6965e4a,worker_2,worker_2,DISK_LOAD,13.219109,0.103274,"Disk -> RAM [Model: 6719b99a, Layer: 2ef5b09c]"
2681866.620526,5000,6719b99a-d5dd-40b4-a9ed-2c8af6965e4a,worker_2,worker_2,MEM_MOVE,13.219109,0.103274,"RAM -> VRAM [Model: 6719b99a, Layer: 2ef5b09c]"
2681866.670526,5000,6719b99a-d5dd-40b4-a9ed-2c8af6965e4a,worker_2,worker_2,GPU_COMPUTE,0.050000,0.050000,GPU Compute
2681866.828526,5000,6719b99a-d5dd-40b4-a9ed-2c8af6965e4a,worker_2,coordinator_0,NET_TRANSFER,0.000100,0.158000,Signal Finished
2682386.985606,5000,6719b99a-d5dd-40b4-a9ed-2c8af6965e4a,coordinator_0,worker_3,NET_TRANSFER,6.500088,520.157080,Distribute Layer ID: 6f9a0d9c
2682387.094852,5000,6719b99a-d5dd-40b4-a9ed-2c8af6965e4a,worker_3,worker_3,MEM_MOVE,13.983527,0.109246,"Evict VRAM -> RAM [Model: ccab57a6, Layer: a3cd6ef1]"
2682387.145634,5000,6719b99a-d5dd-40b4-a9ed-2c8af6965e4a,worker_3,worker_3,DISK_LOAD,6.500088,0.050782,"Disk -> RAM [Model: 6719b99a, Layer: 6f9a0d9c]"
2682387.196416,5000,6719b99a-d5dd-40b4-a9ed-2c8af6965e4a,worker_3,worker_3,MEM_MOVE,6.500088,0.050782,"RAM -> VRAM [Model: 6719b99a, Layer: 6f9a0d9c]"
2682387.246416,5000,6719b99a-d5dd-40b4-a9ed-2c8af6965e4a,worker_3,worker_3,GPU_COMPUTE,0.050000,0.050000,GPU Compute
2682387.404416,5000,6719b99a-d5dd-40b4-a9ed-2c8af6965e4a,worker_3,coordinator_0,NET_TRANSFER,0.000100,0.158000,Signal Finished
2682807.799683,5000,6719b99a-d5dd-40b4-a9ed-2c8af6965e4a,coordinator_0,worker_4,NET_TRANSFER,5.253066,420.395267,Distribute Layer ID: 3b1530e3
2682807.858317,5000,6719b99a-d5dd-40b4-a9ed-2c8af6965e4a,worker_4,worker_4,MEM_MOVE,7.505084,0.058633,"Evict VRAM -> RAM [Model: 6719b99a, Layer: ca382e36]"
2682807.899356,5000,6719b99a-d5dd-40b4-a9ed-2c8af6965e4a,worker_4,worker_4,DISK_LOAD,5.253066,0.041040,"Disk -> RAM [Model: 6719b99a, Layer: 3b1530e3]"
2682807.940396,5000,6719b99a-d5dd-40b4-a9ed-2c8af6965e4a,worker_4,worker_4,MEM_MOVE,5.253066,0.041040,"RAM -> VRAM [Model: 6719b99a, Layer: 3b1530e3]"
2682807.990396,5000,6719b99a-d5dd-40b4-a9ed-2c8af6965e4a,worker_4,worker_4,GPU_COMPUTE,0.050000,0.050000,GPU Compute
2682808.148396,5000,6719b99a-d5dd-40b4-a9ed-2c8af6965e4a,worker_4,coordinator_0,NET_TRANSFER,0.000100,0.158000,Signal Finished
2683428.355907,5000,6719b99a-d5dd-40b4-a9ed-2c8af6965e4a,coordinator_0,worker_1,NET_TRANSFER,7.750719,620.207511,Distribute Layer ID: f335f399
2683428.431646,5000,6719b99a-d5dd-40b4-a9ed-2c8af6965e4a,worker_1,worker_1,MEM_MOVE,9.694633,0.075739,"Evict VRAM -> RAM [Model: 6719b99a, Layer: 5136b6c5]"
2683428.492198,5000,6719b99a-d5dd-40b4-a9ed-2c8af6965e4a,worker_1,worker_1,DISK_LOAD,7.750719,0.060552,"Disk -> RAM [Model: 6719b99a, Layer: f335f399]"
2683428.552751,5000,6719b99a-d5dd-40b4-a9ed-2c8af6965e4a,worker_1,worker_1,MEM_MOVE,7.750719,0.060552,"RAM -> VRAM [Model: 6719b99a, Layer: f335f399]"
2683428.602751,5000,6719b99a-d5dd-40b4-a9ed-2c8af6965e4a,worker_1,worker_1,GPU_COMPUTE,0.050000,0.050000,GPU Compute
2683428.760751,5000,6719b99a-d5dd-40b4-a9ed-2c8af6965e4a,worker_1,coordinator_0,NET_TRANSFER,0.000100,0.158000,Signal Finished
2683906.123169,5000,6719b99a-d5dd-40b4-a9ed-2c8af6965e4a,coordinator_0,worker_2,NET_TRANSFER,5.965155,477.362418,Distribute Layer ID: 435723ef
2683906.169771,5000,6719b99a-d5dd-40b4-a9ed-2c8af6965e4a,worker_2,worker_2,DISK_LOAD,5.965155,0.046603,"Disk -> RAM [Model: 6719b99a, Layer: 435723ef]"
2683906.216374,5000,6719b99a-d5dd-40b4-a9ed-2c8af6965e4a,worker_2,worker_2,MEM_MOVE,5.965155,0.046603,"RAM -> VRAM [Model: 6719b99a, Layer: 435723ef]"
2683906.266374,5000,6719b99a-d5dd-40b4-a9ed-2c8af6965e4a,worker_2,worker_2,GPU_COMPUTE,0.050000,0.050000,GPU Compute
2683906.424374,5000,6719b99a-d5dd-40b4-a9ed-2c8af6965e4a,worker_2,coordinator_0,NET_TRANSFER,0.000100,0.158000,Signal Finished
2684784.844041,5000,6719b99a-d5dd-40b4-a9ed-2c8af6965e4a,coordinator_0,worker_3,NET_TRANSFER,10.978371,878.419667,Distribute Layer ID: c3f3167f
2684784.929810,5000,6719b99a-d5dd-40b4-a9ed-2c8af6965e4a,worker_3,worker_3,DISK_LOAD,10.978371,0.085769,"Disk -> RAM [Model: 6719b99a, Layer: c3f3167f]"
2684785.015578,5000,6719b99a-d5dd-40b4-a9ed-2c8af6965e4a,worker_3,worker_3,MEM_MOVE,10.978371,0.085769,"RAM -> VRAM [Model: 6719b99a, Layer: c3f3167f]"
2684785.065578,5000,6719b99a-d5dd-40b4-a9ed-2c8af6965e4a,worker_3,worker_3,GPU_COMPUTE,0.050000,0.050000,GPU Compute
2684785.223578,5000,6719b99a-d5dd-40b4-a9ed-2c8af6965e4a,worker_3,coordinator_0,NET_TRANSFER,0.000100,0.158000,Signal Finished
2685834.189641,5000,6719b99a-d5dd-40b4-a9ed-2c8af6965e4a,coordinator_0,worker_4,NET_TRANSFER,13.110201,1048.966062,Distribute Layer ID: 4d48ab47
2685834.230680,5000,6719b99a-d5dd-40b4-a9ed-2c8af6965e4a,worker_4,worker_4,MEM_MOVE,5.253066,0.041040,"Evict VRAM -> RAM [Model: 6719b99a, Layer: 3b1530e3]"
2685834.340710,5000,6719b99a-d5dd-40b4-a9ed-2c8af6965e4a,worker_4,worker_4,MEM_MOVE,14.083812,0.110030,"Evict VRAM -> RAM [Model: ccab57a6, Layer: bb15fca7]"
2685834.443133,5000,6719b99a-d5dd-40b4-a9ed-2c8af6965e4a,worker_4,worker_4,DISK_LOAD,13.110201,0.102423,"Disk -> RAM [Model: 6719b99a, Layer: 4d48ab47]"
2685834.545557,5000,6719b99a-d5dd-40b4-a9ed-2c8af6965e4a,worker_4,worker_4,MEM_MOVE,13.110201,0.102423,"RAM -> VRAM [Model: 6719b99a, Layer: 4d48ab47]"
2685834.595557,5000,6719b99a-d5dd-40b4-a9ed-2c8af6965e4a,worker_4,worker_4,GPU_COMPUTE,0.050000,0.050000,GPU Compute
2685834.753557,5000,6719b99a-d5dd-40b4-a9ed-2c8af6965e4a,worker_4,coordinator_0,NET_TRANSFER,0.000100,0.158000,Signal Finished
2686592.176647,5000,6719b99a-d5dd-40b4-a9ed-2c8af6965e4a,coordinator_0,worker_1,NET_TRANSFER,9.465914,757.423090,Distribute Layer ID: a867bd02
2686592.237200,5000,6719b99a-d5dd-40b4-a9ed-2c8af6965e4a,worker_1,worker_1,MEM_MOVE,7.750719,0.060552,"Evict VRAM -> RAM [Model: 6719b99a, Layer: f335f399]"
2686592.311152,5000,6719b99a-d5dd-40b4-a9ed-2c8af6965e4a,worker_1,worker_1,DISK_LOAD,9.465914,0.073952,"Disk -> RAM [Model: 6719b99a, Layer: a867bd02]"
2686592.385105,5000,6719b99a-d5dd-40b4-a9ed-2c8af6965e4a,worker_1,worker_1,MEM_MOVE,9.465914,0.073952,"RAM -> VRAM [Model: 6719b99a, Layer: a867bd02]"
2686592.435105,5000,6719b99a-d5dd-40b4-a9ed-2c8af6965e4a,worker_1,worker_1,GPU_COMPUTE,0.050000,0.050000,GPU Compute
2686592.593105,5000,6719b99a-d5dd-40b4-a9ed-2c8af6965e4a,worker_1,coordinator_0,NET_TRANSFER,0.000100,0.158000,Signal Finished
2687533.092722,5000,6719b99a-d5dd-40b4-a9ed-2c8af6965e4a,coordinator_0,worker_2,NET_TRANSFER,11.754370,940.499617,Distribute Layer ID: d3e256fd
2687533.139324,5000,6719b99a-d5dd-40b4-a9ed-2c8af6965e4a,worker_2,worker_2,MEM_MOVE,5.965155,0.046603,"Evict VRAM -> RAM [Model: 6719b99a, Layer: 435723ef]"
2687533.242599,5000,6719b99a-d5dd-40b4-a9ed-2c8af6965e4a,worker_2,worker_2,MEM_MOVE,13.219109,0.103274,"Evict VRAM -> RAM [Model: 6719b99a, Layer: 2ef5b09c]"
2687533.334430,5000,6719b99a-d5dd-40b4-a9ed-2c8af6965e4a,worker_2,worker_2,DISK_LOAD,11.754370,0.091831,"Disk -> RAM [Model: 6719b99a, Layer: d3e256fd]"
2687533.426261,5000,6719b99a-d5dd-40b4-a9ed-2c8af6965e4a,worker_2,worker_2,MEM_MOVE,11.754370,0.091831,"RAM -> VRAM [Model: 6719b99a, Layer: d3e256fd]"
2687533.476261,5000,6719b99a-d5dd-40b4-a9ed-2c8af6965e4a,worker_2,worker_2,GPU_COMPUTE,0.050000,0.050000,GPU Compute
2687533.634261,5000,6719b99a-d5dd-40b4-a9ed-2c8af6965e4a,worker_2,coordinator_0,NET_TRANSFER,0.000100,0.158000,Signal Finished
2688462.938251,5000,6719b99a-d5dd-40b4-a9ed-2c8af6965e4a,coordinator_0,worker_3,NET_TRANSFER,11.614425,929.303990,Distribute Layer ID: a08e8480
2688463.024019,5000,6719b99a-d5dd-40b4-a9ed-2c8af6965e4a,worker_3,worker_3,MEM_MOVE,10.978371,0.085769,"Evict VRAM -> RAM [Model: 6719b99a, Layer: c3f3167f]"
2688463.114757,5000,6719b99a-d5dd-40b4-a9ed-2c8af6965e4a,worker_3,worker_3,DISK_LOAD,11.614425,0.090738,"Disk -> RAM [Model: 6719b99a, Layer: a08e8480]"
2688463.205495,5000,6719b99a-d5dd-40b4-a9ed-2c8af6965e4a,worker_3,worker_3,MEM_MOVE,11.614425,0.090738,"RAM -> VRAM [Model: 6719b99a, Layer: a08e8480]"
2688463.255495,5000,6719b99a-d5dd-40b4-a9ed-2c8af6965e4a,worker_3,worker_3,GPU_COMPUTE,0.050000,0.050000,GPU Compute
2688463.413495,5000,6719b99a-d5dd-40b4-a9ed-2c8af6965e4a,worker_3,coordinator_0,NET_TRANSFER,0.000100,0.158000,Signal Finished
2689060.105541,5000,6719b99a-d5dd-40b4-a9ed-2c8af6965e4a,coordinator_0,worker_4,NET_TRANSFER,7.456776,596.692047,Distribute Layer ID: d10ccf26
2689060.163797,5000,6719b99a-d5dd-40b4-a9ed-2c8af6965e4a,worker_4,worker_4,DISK_LOAD,7.456776,0.058256,"Disk -> RAM [Model: 6719b99a, Layer: d10ccf26]"
2689060.222054,5000,6719b99a-d5dd-40b4-a9ed-2c8af6965e4a,worker_4,worker_4,MEM_MOVE,7.456776,0.058256,"RAM -> VRAM [Model: 6719b99a, Layer: d10ccf26]"
2689060.272054,5000,6719b99a-d5dd-40b4-a9ed-2c8af6965e4a,worker_4,worker_4,GPU_COMPUTE,0.050000,0.050000,GPU Compute
2689060.430054,5000,6719b99a-d5dd-40b4-a9ed-2c8af6965e4a,worker_4,coordinator_0,NET_TRANSFER,0.000100,0.158000,Signal Finished
2689060.588054,9016,158b3208-acec-446f-9023-04b8c47654a9,client_9,coordinator_0,NET_TRANSFER,0.000100,0.158000,Request Model ID
2689060.746054,7016,191057b3-0973-4b0f-a672-be9b4f920841,client_7,coordinator_0,NET_TRANSFER,0.000100,0.158000,Request Model ID
2689060.904054,9015,5db32043-be1a-4e02-ad7f-c6e5724beb16,client_9,coordinator_0,NET_TRANSFER,0.000100,0.158000,Request Model ID
2689061.062054,9015,d6b4f211-f137-4ba9-b4c4-7389abba19af,client_9,coordinator_0,NET_TRANSFER,0.000100,0.158000,Request Model ID
2689061.220054,1009,209734fe-da0f-4c49-8ae8-1285e31e9d43,client_1,coordinator_0,NET_TRANSFER,0.000100,0.158000,Request Model ID
2689061.378054,6004,857a7c42-2767-4bcd-b994-5f3357d596c5,client_6,coordinator_0,NET_TRANSFER,0.000100,0.158000,Request Model ID
2689061.536054,1005,6719b99a-d5dd-40b4-a9ed-2c8af6965e4a,client_1,coordinator_0,NET_TRANSFER,0.000100,0.158000,Request Model ID
2689061.694054,6004,191057b3-0973-4b0f-a672-be9b4f920841,client_6,coordinator_0,NET_TRANSFER,0.000100,0.158000,Request Model ID
2689061.852054,7003,ab20b578-3dd0-4fe3-97cb-3189d9bd9be5,client_7,coordinator_0,NET_TRANSFER,0.000100,0.158000,Request Model ID
2689062.010054,7006,edbb5a5f-96c7-4587-bae7-76b991139bc5,client_7,coordinator_0,NET_TRANSFER,0.000100,0.158000,Request Model ID
2689062.168054,6006,d6b4f211-f137-4ba9-b4c4-7389abba19af,client_6,coordinator_0,NET_TRANSFER,0.000100,0.158000,Request Model ID
2689062.326054,2008,98de1b49-8dd3-49e7-a8fd-1969749e5ee7,client_2,coordinator_0,NET_TRANSFER,0.000100,0.158000,Request Model ID
2689062.484054,5007,6719b99a-d5dd-40b4-a9ed-2c8af6965e4a,client_5,coordinator_0,NET_TRANSFER,0.000100,0.158000,Request Model ID
2689062.642054,5006,d30af60d-f79e-45ce-a754-bfdfcd8b236c,client_5,coordinator_0,NET_TRANSFER,0.000100,0.158000,Request Model ID
2689062.800054,9006,a1fef963-8994-4de3-9710-1226ed828913,client_9,coordinator_0,NET_TRANSFER,0.000100,0.158000,Request Model ID
2689062.958054,8006,5db32043-be1a-4e02-ad7f-c6e5724beb16,client_8,coordinator_0,NET_TRANSFER,0.000100,0.158000,Request Model ID
2689063.116054,7006,ab20b578-3dd0-4fe3-97cb-3189d9bd9be5,client_7,coordinator_0,NET_TRANSFER,0.000100,0.158000,Request Model ID
2689063.274054,7006,191057b3-0973-4b0f-a672-be9b4f920841,client_7,coordinator_0,NET_TRANSFER,0.000100,0.158000,Request Model ID
2689063.432054,10006,6719b99a-d5dd-40b4-a9ed-2c8af6965e4a,client_10,coordinator_0,NET_TRANSFER,0.000100,0.158000,Request Model ID
2689063.590054,6006,773a6b7b-bf00-48fc-ba23-a7d203f1988c,client_6,coordinator_0,NET_TRANSFER,0.000100,0.158000,Request Model ID
2689063.748054,9007,ccab57a6-d91e-4ce5-b062-d9fc9a27c1f3,client_9,coordinator_0,NET_TRANSFER,0.000100,0.158000,Request Model ID
2689063.906054,6006,ab20b578-3dd0-4fe3-97cb-3189d9bd9be5,client_6,coordinator_0,NET_TRANSFER,0.000100,0.158000,Request Model ID
2689064.064054,3007,773a6b7b-bf00-48fc-ba23-a7d203f1988c,client_3,coordinator_0,NET_TRANSFER,0.000100,0.158000,Request Model ID
2689064.222054,4007,b2d10fa1-5900-4f15-bdb2-906a116b9a89,client_4,coordinator_0,NET_TRANSFER,0.000100,0.158000,Request Model ID
2689064.380054,9007,4facc46c-ad7c-4d01-ba5e-74a30664ea70,client_9,coordinator_0,NET_TRANSFER,0.000100,0.158000,Request Model ID
2689064.538054,1010,6609f742-f82c-4319-a137-2138d96bee8c,client_1,coordinator_0,NET_TRANSFER,0.000100,0.158000,Request Model ID
2689064.696054,8007,12cbad90-9e6b-4897-a0d7-bd1a358488e3,client_8,coordinator_0,NET_TRANSFER,0.000100,0.158000,Request Model ID
2689064.854054,7007,b707a332-9d3a-49c4-93ec-98a4b05713c0,client_7,coordinator_0,NET_TRANSFER,0.000100,0.158000,Request Model ID
2689065.012054,2010,cc0dab58-f02c-469f-a696-153baf86d230,client_2,coordinator_0,NET_TRANSFER,0.000100,0.158000,Request Model ID
2689065.170054,10007,98de1b49-8dd3-49e7-a8fd-1969749e5ee7,client_10,coordinator_0,NET_TRANSFER,0.000100,0.158000,Request Model ID
2689065.328054,5007,cc0dab58-f02c-469f-a696-153baf86d230,client_5,coordinator_0,NET_TRANSFER,0.000100,0.158000,Request Model ID
2689065.486054,7008,b98aad0a-4dea-4008-ad8c-316214e42284,client_7,coordinator_0,NET_TRANSFER,0.000100,0.158000,Request Model ID
2689065.644054,7008,bf972bb9-7202-4e03-9bc7-ecaa953eb2b8,client_7,coordinator_0,NET_TRANSFER,0.000100,0.158000,Request Model ID
2689065.802054,7008,465b0809-1f2a-4765-9c07-c91155ff513f,client_7,coordinator_0,NET_TRANSFER,0.000100,0.158000,Request Model ID
2689065.960054,6007,6719b99a-d5dd-40b4-a9ed-2c8af6965e4a,client_6,coordinator_0,NET_TRANSFER,0.000100,0.158000,Request Model ID
2689066.118054,10007,773a6b7b-bf00-48fc-ba23-a7d203f1988c,client_10,coordinator_0,NET_TRANSFER,0.000100,0.158000,Request Model ID
2689066.276054,10007,5db32043-be1a-4e02-ad7f-c6e5724beb16,client_10,coordinator_0,NET_TRANSFER,0.000100,0.158000,Request Model ID
2689066.434054,2010,b98aad0a-4dea-4008-ad8c-316214e42284,client_2,coordinator_0,NET_TRANSFER,0.000100,0.158000,Request Model ID
2689066.592054,8007,ab9f6fc0-eb04-408e-bb43-f7fc434d8a00,client_8,coordinator_0,NET_TRANSFER,0.000100,0.158000,Request Model ID
2689066.750054,6008,0e495248-1ee5-4d87-a50c-46b74e15adae,client_6,coordinator_0,NET_TRANSFER,0.000100,0.158000,Request Model ID
2689066.908054,6008,5db32043-be1a-4e02-ad7f-c6e5724beb16,client_6,coordinator_0,NET_TRANSFER,0.000100,0.158000,Request Model ID
2689067.066054,6008,209734fe-da0f-4c49-8ae8-1285e31e9d43,client_6,coordinator_0,NET_TRANSFER,0.000100,0.158000,Request Model ID
2689067.224054,6008,edbb5a5f-96c7-4587-bae7-76b991139bc5,client_6,coordinator_0,NET_TRANSFER,0.000100,0.158000,Request Model ID
2689067.382054,1010,209734fe-da0f-4c49-8ae8-1285e31e9d43,client_1,coordinator_0,NET_TRANSFER,0.000100,0.158000,Request Model ID
2689067.540054,5006,b707a332-9d3a-49c4-93ec-98a4b05713c0,client_5,coordinator_0,NET_TRANSFER,0.000100,0.158000,Request Model ID
2689067.698054,3007,773a6b7b-bf00-48fc-ba23-a7d203f1988c,client_3,coordinator_0,NET_TRANSFER,0.000100,0.158000,Request Model ID
2689067.856054,4007,773a6b7b-bf00-48fc-ba23-a7d203f1988c,client_4,coordinator_0,NET_TRANSFER,0.000100,0.158000,Request Model ID
2689068.014054,4007,b98aad0a-4dea-4008-ad8c-316214e42284,client_4,coordinator_0,NET_TRANSFER,0.000100,0.158000,Request Model ID
2689068.172054,4007,764495bb-6a07-44df-890a-53f143dbe627,client_4,coordinator_0,NET_TRANSFER,0.000100,0.158000,Request Model ID
2689068.330054,9007,b2d10fa1-5900-4f15-bdb2-906a116b9a89,client_9,coordinator_0,NET_TRANSFER,0.000100,0.158000,Request Model ID
2689068.488054,9007,12cbad90-9e6b-4897-a0d7-bd1a358488e3,client_9,coordinator_0,NET_TRANSFER,0.000100,0.158000,Request Model ID
2689068.646054,5006,ccab57a6-d91e-4ce5-b062-d9fc9a27c1f3,client_5,coordinator_0,NET_TRANSFER,0.000100,0.158000,Request Model ID
2689068.804054,9006,209734fe-da0f-4c49-8ae8-1285e31e9d43,client_9,coordinator_0,NET_TRANSFER,0.000100,0.158000,Request Model ID
2689068.962054,9008,d30af60d-f79e-45ce-a754-bfdfcd8b236c,client_9,coordinator_0,NET_TRANSFER,0.000100,0.158000,Request Model ID
2689069.120054,10008,b98aad0a-4dea-4008-ad8c-316214e42284,client_10,coordinator_0,NET_TRANSFER,0.000100,0.158000,Request Model ID
2689069.278054,5008,b98aad0a-4dea-4008-ad8c-316214e42284,client_5,coordinator_0,NET_TRANSFER,0.000100,0.158000,Request Model ID
2689069.436054,5008,d7a92e9a-1ed2-42e0-b12c-84562a000f20,client_5,coordinator_0,NET_TRANSFER,0.000100,0.158000,Request Model ID
2689069.594054,3008,4facc46c-ad7c-4d01-ba5e-74a30664ea70,client_3,coordinator_0,NET_TRANSFER,0.000100,0.158000,Request Model ID
2689069.752054,3008,d4965426-a3d1-4387-b3b7-7043d09ef380,client_3,coordinator_0,NET_TRANSFER,0.000100,0.158000,Request Model ID
2689069.910054,4008,6609f742-f82c-4319-a137-2138d96bee8c,client_4,coordinator_0,NET_TRANSFER,0.000100,0.158000,Request Model ID
2689070.068054,8008,764495bb-6a07-44df-890a-53f143dbe627,client_8,coordinator_0,NET_TRANSFER,0.000100,0.158000,Request Model ID
2689070.226054,2011,b98aad0a-4dea-4008-ad8c-316214e42284,client_2,coordinator_0,NET_TRANSFER,0.000100,0.158000,Request Model ID
2689070.384054,4008,d30af60d-f79e-45ce-a754-bfdfcd8b236c,client_4,coordinator_0,NET_TRANSFER,0.000100,0.158000,Request Model ID
2689070.542054,10008,12cbad90-9e6b-4897-a0d7-bd1a358488e3,client_10,coordinator_0,NET_TRANSFER,0.000100,0.158000,Request Model ID
2689070.700054,5008,ab20b578-3dd0-4fe3-97cb-3189d9bd9be5,client_5,coordinator_0,NET_TRANSFER,0.000100,0.158000,Request Model ID
2689070.858054,3008,d7a92e9a-1ed2-42e0-b12c-84562a000f20,client_3,coordinator_0,NET_TRANSFER,0.000100,0.158000,Request Model ID
2689071.016054,8008,209734fe-da0f-4c49-8ae8-1285e31e9d43,client_8,coordinator_0,NET_TRANSFER,0.000100,0.158000,Request Model ID
2689071.174054,1011,b70fcdc0-fc91-45b9-929b-3db37d0b5f8f,client_1,coordinator_0,NET_TRANSFER,0.000100,0.158000,Request Model ID
2689071.332054,7009,b70fcdc0-fc91-45b9-929b-3db37d0b5f8f,client_7,coordinator_0,NET_TRANSFER,0.000100,0.158000,Request Model ID
2689071.490054,4008,d95ac209-70ac-4366-b455-f005e41230be,client_4,coordinator_0,NET_TRANSFER,0.000100,0.158000,Request Model ID
2689071.648054,9008,773a6b7b-bf00-48fc-ba23-a7d203f1988c,client_9,coordinator_0,NET_TRANSFER,0.000100,0.158000,Request Model ID
2689071.806054,8008,d7a92e9a-1ed2-42e0-b12c-84562a000f20,client_8,coordinator_0,NET_TRANSFER,0.000100,0.158000,Request Model ID
2689071.964054,9008,cfe1239e-a4ca-44f0-8513-58d88a57b4a9,client_9,coordinator_0,NET_TRANSFER,0.000100,0.158000,Request Model ID
2689072.122054,7009,ab20b578-3dd0-4fe3-97cb-3189d9bd9be5,client_7,coordinator_0,NET_TRANSFER,0.000100,0.158000,Request Model ID
2689072.280054,7009,d30af60d-f79e-45ce-a754-bfdfcd8b236c,client_7,coordinator_0,NET_TRANSFER,0.000100,0.158000,Request Model ID
2689072.438054,8008,bf972bb9-7202-4e03-9bc7-ecaa953eb2b8,client_8,coordinator_0,NET_TRANSFER,0.000100,0.158000,Request Model ID
2689072.596054,7009,465b0809-1f2a-4765-9c07-c91155ff513f,client_7,coordinator_0,NET_TRANSFER,0.000100,0.158000,Request Model ID
2689072.754054,2011,764495bb-6a07-44df-890a-53f143dbe627,client_2,coordinator_0,NET_TRANSFER,0.000100,0.158000,Request Model ID
2689072.912054,2011,773a6b7b-bf00-48fc-ba23-a7d203f1988c,client_2,coordinator_0,NET_TRANSFER,0.000100,0.158000,Request Model ID
2689073.070054,6009,209734fe-da0f-4c49-8ae8-1285e31e9d43,client_6,coordinator_0,NET_TRANSFER,0.000100,0.158000,Request Model ID
2689073.228054,6009,e79a3092-e870-46ea-bb81-d099d702b978,client_6,coordinator_0,NET_TRANSFER,0.000100,0.158000,Request Model ID
2689073.386054,6009,44d6099b-c80b-4423-b304-b17e70c9816c,client_6,coordinator_0,NET_TRANSFER,0.000100,0.158000,Request Model ID
2689073.544054,2011,cfe1239e-a4ca-44f0-8513-58d88a57b4a9,client_2,coordinator_0,NET_TRANSFER,0.000100,0.158000,Request Model ID
2689073.702054,1011,bf972bb9-7202-4e03-9bc7-ecaa953eb2b8,client_1,coordinator_0,NET_TRANSFER,0.000100,0.158000,Request Model ID
2689073.860054,6009,cfe1239e-a4ca-44f0-8513-58d88a57b4a9,client_6,coordinator_0,NET_TRANSFER,0.000100,0.158000,Request Model ID
2689074.018054,1011,d7a92e9a-1ed2-42e0-b12c-84562a000f20,client_1,coordinator_0,NET_TRANSFER,0.000100,0.158000,Request Model ID
2689074.176054,2012,764495bb-6a07-44df-890a-53f143dbe627,client_2,coordinator_0,NET_TRANSFER,0.000100,0.158000,Request Model ID
2689074.334054,2013,a2b2ef0d-c31e-424d-b040-3f53be25eca0,client_2,coordinator_0,NET_TRANSFER,0.000100,0.158000,Request Model ID
2689074.492054,2012,b98aad0a-4dea-4008-ad8c-316214e42284,client_2,coordinator_0,NET_TRANSFER,0.000100,0.158000,Request Model ID
2689074.650054,2012,d30af60d-f79e-45ce-a754-bfdfcd8b236c,client_2,coordinator_0,NET_TRANSFER,0.000100,0.158000,Request Model ID
2689074.808054,1012,5cc668a7-e96c-4967-9bda-791a9bb56c57,client_1,coordinator_0,NET_TRANSFER,0.000100,0.158000,Request Model ID
2689074.966054,1012,773a6b7b-bf00-48fc-ba23-a7d203f1988c,client_1,coordinator_0,NET_TRANSFER,0.000100,0.158000,Request Model ID
2689075.124054,1012,44d6099b-c80b-4423-b304-b17e70c9816c,client_1,coordinator_0,NET_TRANSFER,0.000100,0.158000,Request Model ID
2689075.282054,2013,44d6099b-c80b-4423-b304-b17e70c9816c,client_2,coordinator_0,NET_TRANSFER,0.000100,0.158000,Request Model ID
2689075.440054,2013,ccab57a6-d91e-4ce5-b062-d9fc9a27c1f3,client_2,coordinator_0,NET_TRANSFER,0.000100,0.158000,Request Model ID
2689075.598054,8009,b70fcdc0-fc91-45b9-929b-3db37d0b5f8f,client_8,coordinator_0,NET_TRANSFER,0.000100,0.158000,Request Model ID
2689075.756054,8009,ab9f6fc0-eb04-408e-bb43-f7fc434d8a00,client_8,coordinator_0,NET_TRANSFER,0.000100,0.158000,Request Model ID
2689075.914054,8009,d6b4f211-f137-4ba9-b4c4-7389abba19af,client_8,coordinator_0,NET_TRANSFER,0.000100,0.158000,Request Model ID
2689076.072054,8009,6609f742-f82c-4319-a137-2138d96bee8c,client_8,coordinator_0,NET_TRANSFER,0.000100,0.158000,Request Model ID
2689076.230054,6010,d4965426-a3d1-4387-b3b7-7043d09ef380,client_6,coordinator_0,NET_TRANSFER,0.000100,0.158000,Request Model ID
2689076.388054,9009,cfe1239e-a4ca-44f0-8513-58d88a57b4a9,client_9,coordinator_0,NET_TRANSFER,0.000100,0.158000,Request Model ID
2689076.546054,10009,a1fef963-8994-4de3-9710-1226ed828913,client_10,coordinator_0,NET_TRANSFER,0.000100,0.158000,Request Model ID
2689076.704054,5009,465b0809-1f2a-4765-9c07-c91155ff513f,client_5,coordinator_0,NET_TRANSFER,0.000100,0.158000,Request Model ID
2689076.862054,2014,d6b4f211-f137-4ba9-b4c4-7389abba19af,client_2,coordinator_0,NET_TRANSFER,0.000100,0.158000,Request Model ID
2689077.020054,6010,ebbbe628-24da-46bd-832f-2fdefdd74410,client_6,coordinator_0,NET_TRANSFER,0.000100,0.158000,Request Model ID
2689077.178054,7010,d7a92e9a-1ed2-42e0-b12c-84562a000f20,client_7,coordinator_0,NET_TRANSFER,0.000100,0.158000,Request Model ID
2689077.336054,5010,b707a332-9d3a-49c4-93ec-98a4b05713c0,client_5,coordinator_0,NET_TRANSFER,0.000100,0.158000,Request Model ID
2689077.494054,5009,0e495248-1ee5-4d87-a50c-46b74e15adae,client_5,coordinator_0,NET_TRANSFER,0.000100,0.158000,Request Model ID
2689077.652054,5009,a2b2ef0d-c31e-424d-b040-3f53be25eca0,client_5,coordinator_0,NET_TRANSFER,0.000100,0.158000,Request Model ID
2689077.810054,1013,edbb5a5f-96c7-4587-bae7-76b991139bc5,client_1,coordinator_0,NET_TRANSFER,0.000100,0.158000,Request Model ID
2689077.968054,6010,d30af60d-f79e-45ce-a754-bfdfcd8b236c,client_6,coordinator_0,NET_TRANSFER,0.000100,0.158000,Request Model ID
2689078.126054,4009,d30af60d-f79e-45ce-a754-bfdfcd8b236c,client_4,coordinator_0,NET_TRANSFER,0.000100,0.158000,Request Model ID
2689078.284054,8010,d792f008-7d7c-4afc-8f2d-0ad5aeeddc59,client_8,coordinator_0,NET_TRANSFER,0.000100,0.158000,Request Model ID
2689078.442054,6011,0e495248-1ee5-4d87-a50c-46b74e15adae,client_6,coordinator_0,NET_TRANSFER,0.000100,0.158000,Request Model ID
2689078.600054,9010,44d6099b-c80b-4423-b304-b17e70c9816c,client_9,coordinator_0,NET_TRANSFER,0.000100,0.158000,Request Model ID
2689078.758054,10010,b98aad0a-4dea-4008-ad8c-316214e42284,client_10,coordinator_0,NET_TRANSFER,0.000100,0.158000,Request Model ID
2689078.916054,2015,d4965426-a3d1-4387-b3b7-7043d09ef380,client_2,coordinator_0,NET_TRANSFER,0.000100,0.158000,Request Model ID
2689079.074054,2014,5db32043-be1a-4e02-ad7f-c6e5724beb16,client_2,coordinator_0,NET_TRANSFER,0.000100,0.158000,Request Model ID
2689079.232054,5010,b70fcdc0-fc91-45b9-929b-3db37d0b5f8f,client_5,coordinator_0,NET_TRANSFER,0.000100,0.158000,Request Model ID
2689079.390054,4009,bb212f85-1358-4ef9-8a3f-988f815c27cd,client_4,coordinator_0,NET_TRANSFER,0.000100,0.158000,Request Model ID
2689079.548054,3009,cc0dab58-f02c-469f-a696-153baf86d230,client_3,coordinator_0,NET_TRANSFER,0.000100,0.158000,Request Model ID
2689079.706054,9011,a2b2ef0d-c31e-424d-b040-3f53be25eca0,client_9,coordinator_0,NET_TRANSFER,0.000100,0.158000,Request Model ID
2689079.864054,10009,209734fe-da0f-4c49-8ae8-1285e31e9d43,client_10,coordinator_0,NET_TRANSFER,0.000100,0.158000,Request Model ID
2689080.022054,7011,6609f742-f82c-4319-a137-2138d96bee8c,client_7,coordinator_0,NET_TRANSFER,0.000100,0.158000,Request Model ID
2689080.180054,7011,ab9f6fc0-eb04-408e-bb43-f7fc434d8a00,client_7,coordinator_0,NET_TRANSFER,0.000100,0.158000,Request Model ID
2689080.338054,10011,ab9f6fc0-eb04-408e-bb43-f7fc434d8a00,client_10,coordinator_0,NET_TRANSFER,0.000100,0.158000,Request Model ID
2689080.496054,2016,d6b4f211-f137-4ba9-b4c4-7389abba19af,client_2,coordinator_0,NET_TRANSFER,0.000100,0.158000,Request Model ID
2689080.654054,1013,773a6b7b-bf00-48fc-ba23-a7d203f1988c,client_1,coordinator_0,NET_TRANSFER,0.000100,0.158000,Request Model ID
2689080.812054,4010,db5a343e-e48f-4883-9c15-00e0e69532e6,client_4,coordinator_0,NET_TRANSFER,0.000100,0.158000,Request Model ID
2689080.970054,4010,0e495248-1ee5-4d87-a50c-46b74e15adae,client_4,coordinator_0,NET_TRANSFER,0.000100,0.158000,Request Model ID
2689081.128054,2015,bf972bb9-7202-4e03-9bc7-ecaa953eb2b8,client_2,coordinator_0,NET_TRANSFER,0.000100,0.158000,Request Model ID
2689081.286054,8010,ccab57a6-d91e-4ce5-b062-d9fc9a27c1f3,client_8,coordinator_0,NET_TRANSFER,0.000100,0.158000,Request Model ID
2689081.444054,8010,a2b2ef0d-c31e-424d-b040-3f53be25eca0,client_8,coordinator_0,NET_TRANSFER,0.000100,0.158000,Request Model ID
2689081.602054,3009,6719b99a-d5dd-40b4-a9ed-2c8af6965e4a,client_3,coordinator_0,NET_TRANSFER,0.000100,0.158000,Request Model ID
2689081.760054,4010,a1fef963-8994-4de3-9710-1226ed828913,client_4,coordinator_0,NET_TRANSFER,0.000100,0.158000,Request Model ID
2689081.918054,2015,b70fcdc0-fc91-45b9-929b-3db37d0b5f8f,client_2,coordinator_0,NET_TRANSFER,0.000100,0.158000,Request Model ID
2689082.076054,2015,d30af60d-f79e-45ce-a754-bfdfcd8b236c,client_2,coordinator_0,NET_TRANSFER,0.000100,0.158000,Request Model ID
2689082.234054,5011,d4965426-a3d1-4387-b3b7-7043d09ef380,client_5,coordinator_0,NET_TRANSFER,0.000100,0.158000,Request Model ID
2689082.392054,6011,ab20b578-3dd0-4fe3-97cb-3189d9bd9be5,client_6,coordinator_0,NET_TRANSFER,0.000100,0.158000,Request Model ID
2689082.550054,6011,764495bb-6a07-44df-890a-53f143dbe627,client_6,coordinator_0,NET_TRANSFER,0.000100,0.158000,Request Model ID
2689082.708054,6011,b707a332-9d3a-49c4-93ec-98a4b05713c0,client_6,coordinator_0,NET_TRANSFER,0.000100,0.158000,Request Model ID
2689082.866054,9010,ebbbe628-24da-46bd-832f-2fdefdd74410,client_9,coordinator_0,NET_TRANSFER,0.000100,0.158000,Request Model ID
2689083.024054,10010,44d6099b-c80b-4423-b304-b17e70c9816c,client_10,coordinator_0,NET_TRANSFER,0.000100,0.158000,Request Model ID
2689083.182054,5011,44d6099b-c80b-4423-b304-b17e70c9816c,client_5,coordinator_0,NET_TRANSFER,0.000100,0.158000,Request Model ID
2689083.340054,3010,bb212f85-1358-4ef9-8a3f-988f815c27cd,client_3,coordinator_0,NET_TRANSFER,0.000100,0.158000,Request Model ID
2689083.498054,3010,b98aad0a-4dea-4008-ad8c-316214e42284,client_3,coordinator_0,NET_TRANSFER,0.000100,0.158000,Request Model ID
2689083.656054,3010,bb212f85-1358-4ef9-8a3f-988f815c27cd,client_3,coordinator_0,NET_TRANSFER,0.000100,0.158000,Request Model ID
2689083.814054,2016,d6b4f211-f137-4ba9-b4c4-7389abba19af,client_2,coordinator_0,NET_TRANSFER,0.000100,0.158000,Request Model ID
2689083.972054,9011,857a7c42-2767-4bcd-b994-5f3357d596c5,client_9,coordinator_0,NET_TRANSFER,0.000100,0.158000,Request Model ID
2689084.130054,1014,209734fe-da0f-4c49-8ae8-1285e31e9d43,client_1,coordinator_0,NET_TRANSFER,0.000100,0.158000,Request Model ID
2689084.288054,8011,d792f008-7d7c-4afc-8f2d-0ad5aeeddc59,client_8,coordinator_0,NET_TRANSFER,0.000100,0.158000,Request Model ID
2689084.446054,6012,764495bb-6a07-44df-890a-53f143dbe627,client_6,coordinator_0,NET_TRANSFER,0.000100,0.158000,Request Model ID
2689084.604054,9011,857a7c42-2767-4bcd-b994-5f3357d596c5,client_9,coordinator_0,NET_TRANSFER,0.000100,0.158000,Request Model ID
2689084.762054,8010,d792f008-7d7c-4afc-8f2d-0ad5aeeddc59,client_8,coordinator_0,NET_TRANSFER,0.000100,0.158000,Request Model ID
2689084.920054,9009,ebbbe628-24da-46bd-832f-2fdefdd74410,client_9,coordinator_0,NET_TRANSFER,0.000100,0.158000,Request Model ID
2689085.078054,7010,191057b3-0973-4b0f-a672-be9b4f920841,client_7,coordinator_0,NET_TRANSFER,0.000100,0.158000,Request Model ID
2689085.236054,6012,5db32043-be1a-4e02-ad7f-c6e5724beb16,client_6,coordinator_0,NET_TRANSFER,0.000100,0.158000,Request Model ID
2689085.394054,7012,0e495248-1ee5-4d87-a50c-46b74e15adae,client_7,coordinator_0,NET_TRANSFER,0.000100,0.158000,Request Model ID
2689085.552054,1014,6719b99a-d5dd-40b4-a9ed-2c8af6965e4a,client_1,coordinator_0,NET_TRANSFER,0.000100,0.158000,Request Model ID
2689085.710054,10011,857a7c42-2767-4bcd-b994-5f3357d596c5,client_10,coordinator_0,NET_TRANSFER,0.000100,0.158000,Request Model ID
2689085.868054,1014,ab9f6fc0-eb04-408e-bb43-f7fc434d8a00,client_1,coordinator_0,NET_TRANSFER,0.000100,0.158000,Request Model ID
2689086.026054,10011,5db32043-be1a-4e02-ad7f-c6e5724beb16,client_10,coordinator_0,NET_TRANSFER,0.000100,0.158000,Request Model ID
2689086.184054,10011,44d6099b-c80b-4423-b304-b17e70c9816c,client_10,coordinator_0,NET_TRANSFER,0.000100,0.158000,Request Model ID
2689086.342054,3010,209734fe-da0f-4c49-8ae8-1285e31e9d43,client_3,coordinator_0,NET_TRANSFER,0.000100,0.158000,Request Model ID
2689086.500054,8011,4facc46c-ad7c-4d01-ba5e-74a30664ea70,client_8,coordinator_0,NET_TRANSFER,0.000100,0.158000,Request Model ID
2689086.658054,8011,d792f008-7d7c-4afc-8f2d-0ad5aeeddc59,client_8,coordinator_0,NET_TRANSFER,0.000100,0.158000,Request Model ID
2689086.816054,10012,d30af60d-f79e-45ce-a754-bfdfcd8b236c,client_10,coordinator_0,NET_TRANSFER,0.000100,0.158000,Request Model ID
2689086.974054,2017,5cc668a7-e96c-4967-9bda-791a9bb56c57,client_2,coordinator_0,NET_TRANSFER,0.000100,0.158000,Request Model ID
2689087.132054,5012,cc0dab58-f02c-469f-a696-153baf86d230,client_5,coordinator_0,NET_TRANSFER,0.000100,0.158000,Request Model ID
2689087.290054,10009,12cbad90-9e6b-4897-a0d7-bd1a358488e3,client_10,coordinator_0,NET_TRANSFER,0.000100,0.158000,Request Model ID
2689087.448054,4011,0e495248-1ee5-4d87-a50c-46b74e15adae,client_4,coordinator_0,NET_TRANSFER,0.000100,0.158000,Request Model ID
2689087.606054,10012,ccab57a6-d91e-4ce5-b062-d9fc9a27c1f3,client_10,coordinator_0,NET_TRANSFER,0.000100,0.158000,Request Model ID
2689087.764054,10012,edbb5a5f-96c7-4587-bae7-76b991139bc5,client_10,coordinator_0,NET_TRANSFER,0.000100,0.158000,Request Model ID
2689087.922054,5012,a2b2ef0d-c31e-424d-b040-3f53be25eca0,client_5,coordinator_0,NET_TRANSFER,0.000100,0.158000,Request Model ID
2689088.080054,7012,4facc46c-ad7c-4d01-ba5e-74a30664ea70,client_7,coordinator_0,NET_TRANSFER,0.000100,0.158000,Request Model ID
2689088.238054,4011,cc0dab58-f02c-469f-a696-153baf86d230,client_4,coordinator_0,NET_TRANSFER,0.000100,0.158000,Request Model ID
2689088.396054,7011,bf972bb9-7202-4e03-9bc7-ecaa953eb2b8,client_7,coordinator_0,NET_TRANSFER,0.000100,0.158000,Request Model ID
2689088.554054,4011,6609f742-f82c-4319-a137-2138d96bee8c,client_4,coordinator_0,NET_TRANSFER,0.000100,0.158000,Request Model ID
2689088.712054,2017,44d6099b-c80b-4423-b304-b17e70c9816c,client_2,coordinator_0,NET_TRANSFER,0.000100,0.158000,Request Model ID
2689088.870054,4011,a1fef963-8994-4de3-9710-1226ed828913,client_4,coordinator_0,NET_TRANSFER,0.000100,0.158000,Request Model ID
2689089.028054,6012,b70fcdc0-fc91-45b9-929b-3db37d0b5f8f,client_6,coordinator_0,NET_TRANSFER,0.000100,0.158000,Request Model ID
2689089.186054,3011,cfe1239e-a4ca-44f0-8513-58d88a57b4a9,client_3,coordinator_0,NET_TRANSFER,0.000100,0.158000,Request Model ID
2689089.344054,3011,d7a92e9a-1ed2-42e0-b12c-84562a000f20,client_3,coordinator_0,NET_TRANSFER,0.000100,0.158000,Request Model ID
2689089.502054,7013,ab20b578-3dd0-4fe3-97cb-3189d9bd9be5,client_7,coordinator_0,NET_TRANSFER,0.000100,0.158000,Request Model ID
2689089.660054,9012,773a6b7b-bf00-48fc-ba23-a7d203f1988c,client_9,coordinator_0,NET_TRANSFER,0.000100,0.158000,Request Model ID
2689089.818054,1015,a1fef963-8994-4de3-9710-1226ed828913,client_1,coordinator_0,NET_TRANSFER,0.000100,0.158000,Request Model ID
2689089.976054,8012,b2d10fa1-5900-4f15-bdb2-906a116b9a89,client_8,coordinator_0,NET_TRANSFER,0.000100,0.158000,Request Model ID
2689090.134054,6013,764495bb-6a07-44df-890a-53f143dbe627,client_6,coordinator_0,NET_TRANSFER,0.000100,0.158000,Request Model ID
2689090.292054,7013,d6b4f211-f137-4ba9-b4c4-7389abba19af,client_7,coordinator_0,NET_TRANSFER,0.000100,0.158000,Request Model ID
2689090.450054,9012,209734fe-da0f-4c49-8ae8-1285e31e9d43,client_9,coordinator_0,NET_TRANSFER,0.000100,0.158000,Request Model ID
2689090.608054,9012,857a7c42-2767-4bcd-b994-5f3357d596c5,client_9,coordinator_0,NET_TRANSFER,0.000100,0.158000,Request Model ID
2689090.766054,1015,773a6b7b-bf00-48fc-ba23-a7d203f1988c,client_1,coordinator_0,NET_TRANSFER,0.000100,0.158000,Request Model ID
2689090.924054,1015,ebbbe628-24da-46bd-832f-2fdefdd74410,client_1,coordinator_0,NET_TRANSFER,0.000100,0.158000,Request Model ID
2689091.082054,1015,6609f742-f82c-4319-a137-2138d96bee8c,client_1,coordinator_0,NET_TRANSFER,0.000100,0.158000,Request Model ID
2689091.240054,8012,6609f742-f82c-4319-a137-2138d96bee8c,client_8,coordinator_0,NET_TRANSFER,0.000100,0.158000,Request Model ID
2689091.398054,8012,d30af60d-f79e-45ce-a754-bfdfcd8b236c,client_8,coordinator_0,NET_TRANSFER,0.000100,0.158000,Request Model ID
2689091.556054,8012,209734fe-da0f-4c49-8ae8-1285e31e9d43,client_8,coordinator_0,NET_TRANSFER,0.000100,0.158000,Request Model ID
2689091.714054,6013,191057b3-0973-4b0f-a672-be9b4f920841,client_6,coordinator_0,NET_TRANSFER,0.000100,0.158000,Request Model ID
2689091.872054,6013,5db32043-be1a-4e02-ad7f-c6e5724beb16,client_6,coordinator_0,NET_TRANSFER,0.000100,0.158000,Request Model ID
2689092.030054,6013,db5a343e-e48f-4883-9c15-00e0e69532e6,client_6,coordinator_0,NET_TRANSFER,0.000100,0.158000,Request Model ID
2689092.188054,2018,ab20b578-3dd0-4fe3-97cb-3189d9bd9be5,client_2,coordinator_0,NET_TRANSFER,0.000100,0.158000,Request Model ID
2689092.346054,2018,b98aad0a-4dea-4008-ad8c-316214e42284,client_2,coordinator_0,NET_TRANSFER,0.000100,0.158000,Request Model ID
2689092.504054,2018,158b3208-acec-446f-9023-04b8c47654a9,client_2,coordinator_0,NET_TRANSFER,0.000100,0.158000,Request Model ID
2689092.662054,3012,6719b99a-d5dd-40b4-a9ed-2c8af6965e4a,client_3,coordinator_0,NET_TRANSFER,0.000100,0.158000,Request Model ID
2689092.820054,3012,98de1b49-8dd3-49e7-a8fd-1969749e5ee7,client_3,coordinator_0,NET_TRANSFER,0.000100,0.158000,Request Model ID
2689092.978054,3012,d792f008-7d7c-4afc-8f2d-0ad5aeeddc59,client_3,coordinator_0,NET_TRANSFER,0.000100,0.158000,Request Model ID
2689093.136054,4012,b98aad0a-4dea-4008-ad8c-316214e42284,client_4,coordinator_0,NET_TRANSFER,0.000100,0.158000,Request Model ID
2689093.294054,4012,6719b99a-d5dd-40b4-a9ed-2c8af6965e4a,client_4,coordinator_0,NET_TRANSFER,0.000100,0.158000,Request Model ID
2689093.452054,4012,d4965426-a3d1-4387-b3b7-7043d09ef380,client_4,coordinator_0,NET_TRANSFER,0.000100,0.158000,Request Model ID
2689093.610054,5013,ebbbe628-24da-46bd-832f-2fdefdd74410,client_5,coordinator_0,NET_TRANSFER,0.000100,0.158000,Request Model ID
2689093.768054,10013,5cc668a7-e96c-4967-9bda-791a9bb56c57,client_10,coordinator_0,NET_TRANSFER,0.000100,0.158000,Request Model ID
2689093.926054,5013,209734fe-da0f-4c49-8ae8-1285e31e9d43,client_5,coordinator_0,NET_TRANSFER,0.000100,0.158000,Request Model ID
2689094.084054,5013,0e495248-1ee5-4d87-a50c-46b74e15adae,client_5,coordinator_0,NET_TRANSFER,0.000100,0.158000,Request Model ID
2689094.242054,10013,cc0dab58-f02c-469f-a696-153baf86d230,client_10,coordinator_0,NET_TRANSFER,0.000100,0.158000,Request Model ID
2689094.400054,10013,465b0809-1f2a-4765-9c07-c91155ff513f,client_10,coordinator_0,NET_TRANSFER,0.000100,0.158000,Request Model ID
2689094.558054,10014,ab20b578-3dd0-4fe3-97cb-3189d9bd9be5,client_10,coordinator_0,NET_TRANSFER,0.000100,0.158000,Request Model ID
2689094.716054,7014,ebbbe628-24da-46bd-832f-2fdefdd74410,client_7,coordinator_0,NET_TRANSFER,0.000100,0.158000,Request Model ID
2689094.874054,9013,e79a3092-e870-46ea-bb81-d099d702b978,client_9,coordinator_0,NET_TRANSFER,0.000100,0.158000,Request Model ID
2689095.032054,1016,d95ac209-70ac-4366-b455-f005e41230be,client_1,coordinator_0,NET_TRANSFER,0.000100,0.158000,Request Model ID
2689095.190054,9013,edbb5a5f-96c7-4587-bae7-76b991139bc5,client_9,coordinator_0,NET_TRANSFER,0.000100,0.158000,Request Model ID
2689095.348054,9013,191057b3-0973-4b0f-a672-be9b4f920841,client_9,coordinator_0,NET_TRANSFER,0.000100,0.158000,Request Model ID
2689095.506054,1016,d6b4f211-f137-4ba9-b4c4-7389abba19af,client_1,coordinator_0,NET_TRANSFER,0.000100,0.158000,Request Model ID
2689095.664054,1016,b2d10fa1-5900-4f15-bdb2-906a116b9a89,client_1,coordinator_0,NET_TRANSFER,0.000100,0.158000,Request Model ID
2689095.822054,10014,d4965426-a3d1-4387-b3b7-7043d09ef380,client_10,coordinator_0,NET_TRANSFER,0.000100,0.158000,Request Model ID
2689095.980054,8013,ebbbe628-24da-46bd-832f-2fdefdd74410,client_8,coordinator_0,NET_TRANSFER,0.000100,0.158000,Request Model ID
2689096.138054,6014,6719b99a-d5dd-40b4-a9ed-2c8af6965e4a,client_6,coordinator_0,NET_TRANSFER,0.000100,0.158000,Request Model ID
2689096.296054,9013,cfe1239e-a4ca-44f0-8513-58d88a57b4a9,client_9,coordinator_0,NET_TRANSFER,0.000100,0.158000,Request Model ID
2689096.454054,1017,e79a3092-e870-46ea-bb81-d099d702b978,client_1,coordinator_0,NET_TRANSFER,0.000100,0.158000,Request Model ID
2689096.612054,2019,3f88dbf8-aff9-4f29-b4b2-59d4c2e8e335,client_2,coordinator_0,NET_TRANSFER,0.000100,0.158000,Request Model ID
2689096.770054,10015,b98aad0a-4dea-4008-ad8c-316214e42284,client_10,coordinator_0,NET_TRANSFER,0.000100,0.158000,Request Model ID
2689096.928054,10014,b98aad0a-4dea-4008-ad8c-316214e42284,client_10,coordinator_0,NET_TRANSFER,0.000100,0.158000,Request Model ID
2689097.086054,10015,5db32043-be1a-4e02-ad7f-c6e5724beb16,client_10,coordinator_0,NET_TRANSFER,0.000100,0.158000,Request Model ID
2689097.244054,3013,191057b3-0973-4b0f-a672-be9b4f920841,client_3,coordinator_0,NET_TRANSFER,0.000100,0.158000,Request Model ID
2689097.402054,1017,6719b99a-d5dd-40b4-a9ed-2c8af6965e4a,client_1,coordinator_0,NET_TRANSFER,0.000100,0.158000,Request Model ID
2689097.560054,1017,b70fcdc0-fc91-45b9-929b-3db37d0b5f8f,client_1,coordinator_0,NET_TRANSFER,0.000100,0.158000,Request Model ID
2689097.718054,9014,b707a332-9d3a-49c4-93ec-98a4b05713c0,client_9,coordinator_0,NET_TRANSFER,0.000100,0.158000,Request Model ID
2689097.876053,9014,e79a3092-e870-46ea-bb81-d099d702b978,client_9,coordinator_0,NET_TRANSFER,0.000100,0.158000,Request Model ID
2689098.034053,5014,98de1b49-8dd3-49e7-a8fd-1969749e5ee7,client_5,coordinator_0,NET_TRANSFER,0.000100,0.158000,Request Model ID
2689098.192053,2019,ab9f6fc0-eb04-408e-bb43-f7fc434d8a00,client_2,coordinator_0,NET_TRANSFER,0.000100,0.158000,Request Model ID
2689098.350053,7015,209734fe-da0f-4c49-8ae8-1285e31e9d43,client_7,coordinator_0,NET_TRANSFER,0.000100,0.158000,Request Model ID
2689098.508053,4013,6609f742-f82c-4319-a137-2138d96bee8c,client_4,coordinator_0,NET_TRANSFER,0.000100,0.158000,Request Model ID
2689098.666053,10015,d6b4f211-f137-4ba9-b4c4-7389abba19af,client_10,coordinator_0,NET_TRANSFER,0.000100,0.158000,Request Model ID
2689098.824053,2019,d30af60d-f79e-45ce-a754-bfdfcd8b236c,client_2,coordinator_0,NET_TRANSFER,0.000100,0.158000,Request Model ID
2689098.982053,6014,d4965426-a3d1-4387-b3b7-7043d09ef380,client_6,coordinator_0,NET_TRANSFER,0.000100,0.158000,Request Model ID
2689099.140053,7014,ccab57a6-d91e-4ce5-b062-d9fc9a27c1f3,client_7,coordinator_0,NET_TRANSFER,0.000100,0.158000,Request Model ID
2689099.298053,4013,857a7c42-2767-4bcd-b994-5f3357d596c5,client_4,coordinator_0,NET_TRANSFER,0.000100,0.158000,Request Model ID
2689099.456053,10014,d30af60d-f79e-45ce-a754-bfdfcd8b236c,client_10,coordinator_0,NET_TRANSFER,0.000100,0.158000,Request Model ID
2689099.614053,3013,b98aad0a-4dea-4008-ad8c-316214e42284,client_3,coordinator_0,NET_TRANSFER,0.000100,0.158000,Request Model ID
2689099.772053,9014,209734fe-da0f-4c49-8ae8-1285e31e9d43,client_9,coordinator_0,NET_TRANSFER,0.000100,0.158000,Request Model ID
2689099.930053,9014,a2b2ef0d-c31e-424d-b040-3f53be25eca0,client_9,coordinator_0,NET_TRANSFER,0.000100,0.158000,Request Model ID
2689100.088053,5014,cfe1239e-a4ca-44f0-8513-58d88a57b4a9,client_5,coordinator_0,NET_TRANSFER,0.000100,0.158000,Request Model ID
2689100.246053,4013,bf972bb9-7202-4e03-9bc7-ecaa953eb2b8,client_4,coordinator_0,NET_TRANSFER,0.000100,0.158000,Request Model ID
2689100.404053,6014,ccab57a6-d91e-4ce5-b062-d9fc9a27c1f3,client_6,coordinator_0,NET_TRANSFER,0.000100,0.158000,Request Model ID
2689100.562053,1017,857a7c42-2767-4bcd-b994-5f3357d596c5,client_1,coordinator_0,NET_TRANSFER,0.000100,0.158000,Request Model ID
2689100.720053,8013,209734fe-da0f-4c49-8ae8-1285e31e9d43,client_8,coordinator_0,NET_TRANSFER,0.000100,0.158000,Request Model ID
2689100.878053,7015,bf972bb9-7202-4e03-9bc7-ecaa953eb2b8,client_7,coordinator_0,NET_TRANSFER,0.000100,0.158000,Request Model ID
2689101.036053,7014,b98aad0a-4dea-4008-ad8c-316214e42284,client_7,coordinator_0,NET_TRANSFER,0.000100,0.158000,Request Model ID
2689101.194053,6015,b70fcdc0-fc91-45b9-929b-3db37d0b5f8f,client_6,coordinator_0,NET_TRANSFER,0.000100,0.158000,Request Model ID
2689101.352053,6015,ccab57a6-d91e-4ce5-b062-d9fc9a27c1f3,client_6,coordinator_0,NET_TRANSFER,0.000100,0.158000,Request Model ID
2689101.510053,6015,764495bb-6a07-44df-890a-53f143dbe627,client_6,coordinator_0,NET_TRANSFER,0.000100,0.158000,Request Model ID
2689101.668053,8014,209734fe-da0f-4c49-8ae8-1285e31e9d43,client_8,coordinator_0,NET_TRANSFER,0.000100,0.158000,Request Model ID
2689101.826053,8014,5db32043-be1a-4e02-ad7f-c6e5724beb16,client_8,coordinator_0,NET_TRANSFER,0.000100,0.158000,Request Model ID
2689101.984053,8014,d95ac209-70ac-4366-b455-f005e41230be,client_8,coordinator_0,NET_TRANSFER,0.000100,0.158000,Request Model ID
2689102.142053,8014,773a6b7b-bf00-48fc-ba23-a7d203f1988c,client_8,coordinator_0,NET_TRANSFER,0.000100,0.158000,Request Model ID
2689102.300053,10016,d95ac209-70ac-4366-b455-f005e41230be,client_10,coordinator_0,NET_TRANSFER,0.000100,0.158000,Request Model ID
2689102.458053,10017,6719b99a-d5dd-40b4-a9ed-2c8af6965e4a,client_10,coordinator_0,NET_TRANSFER,0.000100,0.158000,Request Model ID
2689102.616053,9015,44d6099b-c80b-4423-b304-b17e70c9816c,client_9,coordinator_0,NET_TRANSFER,0.000100,0.158000,Request Model ID
2689102.774053,9002,ccab57a6-d91e-4ce5-b062-d9fc9a27c1f3,coordinator_0,client_9,NET_TRANSFER,0.000100,0.158000,Signal: Cache Hit / Starting
2690131.907602,5000,6719b99a-d5dd-40b4-a9ed-2c8af6965e4a,coordinator_0,worker_1,NET_TRANSFER,12.862294,1029.133548,Distribute Layer ID: 19209b87
2690131.981554,5000,6719b99a-d5dd-40b4-a9ed-2c8af6965e4a,worker_1,worker_1,MEM_MOVE,9.465914,0.073952,"Evict VRAM -> RAM [Model: 6719b99a, Layer: a867bd02]"
2690132.082041,5000,6719b99a-d5dd-40b4-a9ed-2c8af6965e4a,worker_1,worker_1,DISK_LOAD,12.862294,0.100487,"Disk -> RAM [Model: 6719b99a, Layer: 19209b87]"
2690132.182527,5000,6719b99a-d5dd-40b4-a9ed-2c8af6965e4a,worker_1,worker_1,MEM_MOVE,12.862294,0.100487,"RAM -> VRAM [Model: 6719b99a, Layer: 19209b87]"
2690132.232527,5000,6719b99a-d5dd-40b4-a9ed-2c8af6965e4a,worker_1,worker_1,GPU_COMPUTE,0.050000,0.050000,GPU Compute
2690132.390527,5000,6719b99a-d5dd-40b4-a9ed-2c8af6965e4a,worker_1,coordinator_0,NET_TRANSFER,0.000100,0.158000,Signal Finished
2690784.470466,5000,6719b99a-d5dd-40b4-a9ed-2c8af6965e4a,coordinator_0,worker_2,NET_TRANSFER,8.149124,652.079939,Distribute Layer ID: a5a3bcd7
2690784.534131,5000,6719b99a-d5dd-40b4-a9ed-2c8af6965e4a,worker_2,worker_2,DISK_LOAD,8.149124,0.063665,"Disk -> RAM [Model: 6719b99a, Layer: a5a3bcd7]"
2690784.597796,5000,6719b99a-d5dd-40b4-a9ed-2c8af6965e4a,worker_2,worker_2,MEM_MOVE,8.149124,0.063665,"RAM -> VRAM [Model: 6719b99a, Layer: a5a3bcd7]"
2690784.647796,5000,6719b99a-d5dd-40b4-a9ed-2c8af6965e4a,worker_2,worker_2,GPU_COMPUTE,0.050000,0.050000,GPU Compute
2690784.805796,5000,6719b99a-d5dd-40b4-a9ed-2c8af6965e4a,worker_2,coordinator_0,NET_TRANSFER,0.000100,0.158000,Signal Finished
2691693.091834,5000,6719b99a-d5dd-40b4-a9ed-2c8af6965e4a,coordinator_0,worker_3,NET_TRANSFER,11.351700,908.286037,Distribute Layer ID: 9f0c824c
2691693.182571,5000,6719b99a-d5dd-40b4-a9ed-2c8af6965e4a,worker_3,worker_3,MEM_MOVE,11.614425,0.090738,"Evict VRAM -> RAM [Model: 6719b99a, Layer: a08e8480]"
2691693.271257,5000,6719b99a-d5dd-40b4-a9ed-2c8af6965e4a,worker_3,worker_3,DISK_LOAD,11.351700,0.088685,"Disk -> RAM [Model: 6719b99a, Layer: 9f0c824c]"
2691693.359942,5000,6719b99a-d5dd-40b4-a9ed-2c8af6965e4a,worker_3,worker_3,MEM_MOVE,11.351700,0.088685,"RAM -> VRAM [Model: 6719b99a, Layer: 9f0c824c]"
2691693.409942,5000,6719b99a-d5dd-40b4-a9ed-2c8af6965e4a,worker_3,worker_3,GPU_COMPUTE,0.050000,0.050000,GPU Compute
2691693.567942,5000,6719b99a-d5dd-40b4-a9ed-2c8af6965e4a,worker_3,coordinator_0,NET_TRANSFER,0.000100,0.158000,Signal Finished
2692446.719359,5000,6719b99a-d5dd-40b4-a9ed-2c8af6965e4a,coordinator_0,worker_4,NET_TRANSFER,9.412518,753.151417,Distribute Layer ID: 0d6e3a96
2692446.777615,5000,6719b99a-d5dd-40b4-a9ed-2c8af6965e4a,worker_4,worker_4,MEM_MOVE,7.456776,0.058256,"Evict VRAM -> RAM [Model: 6719b99a, Layer: d10ccf26]"
2692446.851150,5000,6719b99a-d5dd-40b4-a9ed-2c8af6965e4a,worker_4,worker_4,DISK_LOAD,9.412518,0.073535,"Disk -> RAM [Model: 6719b99a, Layer: 0d6e3a96]"
2692446.924685,5000,6719b99a-d5dd-40b4-a9ed-2c8af6965e4a,worker_4,worker_4,MEM_MOVE,9.412518,0.073535,"RAM -> VRAM [Model: 6719b99a, Layer: 0d6e3a96]"
2692446.974685,5000,6719b99a-d5dd-40b4-a9ed-2c8af6965e4a,worker_4,worker_4,GPU_COMPUTE,0.050000,0.050000,GPU Compute
2692447.132685,5000,6719b99a-d5dd-40b4-a9ed-2c8af6965e4a,worker_4,coordinator_0,NET_TRANSFER,0.000100,0.158000,Signal Finished
2693541.702584,5000,6719b99a-d5dd-40b4-a9ed-2c8af6965e4a,coordinator_0,worker_1,NET_TRANSFER,13.680249,1094.569899,Distribute Layer ID: 67169fbe
2693541.803071,5000,6719b99a-d5dd-40b4-a9ed-2c8af6965e4a,worker_1,worker_1,MEM_MOVE,12.862294,0.100487,"Evict VRAM -> RAM [Model: 6719b99a, Layer: 19209b87]"
2693541.909948,5000,6719b99a-d5dd-40b4-a9ed-2c8af6965e4a,worker_1,worker_1,DISK_LOAD,13.680249,0.106877,"Disk -> RAM [Model: 6719b99a, Layer: 67169fbe]"
2693542.016825,5000,6719b99a-d5dd-40b4-a9ed-2c8af6965e4a,worker_1,worker_1,MEM_MOVE,13.680249,0.106877,"RAM -> VRAM [Model: 6719b99a, Layer: 67169fbe]"
2693542.066825,5000,6719b99a-d5dd-40b4-a9ed-2c8af6965e4a,worker_1,worker_1,GPU_COMPUTE,0.050000,0.050000,GPU Compute
2693542.224825,5000,6719b99a-d5dd-40b4-a9ed-2c8af6965e4a,worker_1,coordinator_0,NET_TRANSFER,0.000100,0.158000,Signal Finished
2694157.644795,5000,6719b99a-d5dd-40b4-a9ed-2c8af6965e4a,coordinator_0,worker_2,NET_TRANSFER,7.690875,615.419971,Distribute Layer ID: f5e5aed6
2694157.708461,5000,6719b99a-d5dd-40b4-a9ed-2c8af6965e4a,worker_2,worker_2,MEM_MOVE,8.149124,0.063665,"Evict VRAM -> RAM [Model: 6719b99a, Layer: a5a3bcd7]"
2694157.768545,5000,6719b99a-d5dd-40b4-a9ed-2c8af6965e4a,worker_2,worker_2,DISK_LOAD,7.690875,0.060085,"Disk -> RAM [Model: 6719b99a, Layer: f5e5aed6]"
2694157.828630,5000,6719b99a-d5dd-40b4-a9ed-2c8af6965e4a,worker_2,worker_2,MEM_MOVE,7.690875,0.060085,"RAM -> VRAM [Model: 6719b99a, Layer: f5e5aed6]"
2694157.878630,5000,6719b99a-d5dd-40b4-a9ed-2c8af6965e4a,worker_2,worker_2,GPU_COMPUTE,0.050000,0.050000,GPU Compute
2694158.036630,5000,6719b99a-d5dd-40b4-a9ed-2c8af6965e4a,worker_2,coordinator_0,NET_TRANSFER,0.000100,0.158000,Signal Finished
2694704.634926,5000,6719b99a-d5dd-40b4-a9ed-2c8af6965e4a,coordinator_0,worker_3,NET_TRANSFER,6.830604,546.598295,Distribute Layer ID: a669c7f8
2694704.723611,5000,6719b99a-d5dd-40b4-a9ed-2c8af6965e4a,worker_3,worker_3,MEM_MOVE,11.351700,0.088685,"Evict VRAM -> RAM [Model: 6719b99a, Layer: 9f0c824c]"
2694704.776975,5000,6719b99a-d5dd-40b4-a9ed-2c8af6965e4a,worker_3,worker_3,DISK_LOAD,6.830604,0.053364,"Disk -> RAM [Model: 6719b99a, Layer: a669c7f8]"
2694704.830339,5000,6719b99a-d5dd-40b4-a9ed-2c8af6965e4a,worker_3,worker_3,MEM_MOVE,6.830604,0.053364,"RAM -> VRAM [Model: 6719b99a, Layer: a669c7f8]"
2694704.880339,5000,6719b99a-d5dd-40b4-a9ed-2c8af6965e4a,worker_3,worker_3,GPU_COMPUTE,0.050000,0.050000,GPU Compute
2694705.038339,5000,6719b99a-d5dd-40b4-a9ed-2c8af6965e4a,worker_3,coordinator_0,NET_TRANSFER,0.000100,0.158000,Signal Finished
2695250.444754,5000,6719b99a-d5dd-40b4-a9ed-2c8af6965e4a,coordinator_0,worker_4,NET_TRANSFER,6.815705,545.406415,Distribute Layer ID: 70d0c511
2695250.518290,5000,6719b99a-d5dd-40b4-a9ed-2c8af6965e4a,worker_4,worker_4,MEM_MOVE,9.412518,0.073535,"Evict VRAM -> RAM [Model: 6719b99a, Layer: 0d6e3a96]"
2695250.571537,5000,6719b99a-d5dd-40b4-a9ed-2c8af6965e4a,worker_4,worker_4,DISK_LOAD,6.815705,0.053248,"Disk -> RAM [Model: 6719b99a, Layer: 70d0c511]"
2695250.624785,5000,6719b99a-d5dd-40b4-a9ed-2c8af6965e4a,worker_4,worker_4,MEM_MOVE,6.815705,0.053248,"RAM -> VRAM [Model: 6719b99a, Layer: 70d0c511]"
2695250.674785,5000,6719b99a-d5dd-40b4-a9ed-2c8af6965e4a,worker_4,worker_4,GPU_COMPUTE,0.050000,0.050000,GPU Compute
2695250.832785,5000,6719b99a-d5dd-40b4-a9ed-2c8af6965e4a,worker_4,coordinator_0,NET_TRANSFER,0.000100,0.158000,Signal Finished
2696037.855922,5000,6719b99a-d5dd-40b4-a9ed-2c8af6965e4a,coordinator_0,worker_1,NET_TRANSFER,9.835914,787.023137,Distribute Layer ID: dad1ddcd
2696037.962799,5000,6719b99a-d5dd-40b4-a9ed-2c8af6965e4a,worker_1,worker_1,MEM_MOVE,13.680249,0.106877,"Evict VRAM -> RAM [Model: 6719b99a, Layer: 67169fbe]"
2696038.039642,5000,6719b99a-d5dd-40b4-a9ed-2c8af6965e4a,worker_1,worker_1,DISK_LOAD,9.835914,0.076843,"Disk -> RAM [Model: 6719b99a, Layer: dad1ddcd]"
2696038.116486,5000,6719b99a-d5dd-40b4-a9ed-2c8af6965e4a,worker_1,worker_1,MEM_MOVE,9.835914,0.076843,"RAM -> VRAM [Model: 6719b99a, Layer: dad1ddcd]"
2696038.166486,5000,6719b99a-d5dd-40b4-a9ed-2c8af6965e4a,worker_1,worker_1,GPU_COMPUTE,0.050000,0.050000,GPU Compute
2696038.324486,5000,6719b99a-d5dd-40b4-a9ed-2c8af6965e4a,worker_1,coordinator_0,NET_TRANSFER,0.000100,0.158000,Signal Finished
2696725.105108,5000,6719b99a-d5dd-40b4-a9ed-2c8af6965e4a,coordinator_0,worker_2,NET_TRANSFER,8.582883,686.780623,Distribute Layer ID: c1919c9c
2696725.165193,5000,6719b99a-d5dd-40b4-a9ed-2c8af6965e4a,worker_2,worker_2,MEM_MOVE,7.690875,0.060085,"Evict VRAM -> RAM [Model: 6719b99a, Layer: f5e5aed6]"
2696725.232247,5000,6719b99a-d5dd-40b4-a9ed-2c8af6965e4a,worker_2,worker_2,DISK_LOAD,8.582883,0.067054,"Disk -> RAM [Model: 6719b99a, Layer: c1919c9c]"
2696725.299301,5000,6719b99a-d5dd-40b4-a9ed-2c8af6965e4a,worker_2,worker_2,MEM_MOVE,8.582883,0.067054,"RAM -> VRAM [Model: 6719b99a, Layer: c1919c9c]"
2696725.349301,5000,6719b99a-d5dd-40b4-a9ed-2c8af6965e4a,worker_2,worker_2,GPU_COMPUTE,0.050000,0.050000,GPU Compute
2696725.507301,5000,6719b99a-d5dd-40b4-a9ed-2c8af6965e4a,worker_2,coordinator_0,NET_TRANSFER,0.000100,0.158000,Signal Finished
2697675.362592,5000,6719b99a-d5dd-40b4-a9ed-2c8af6965e4a,coordinator_0,worker_3,NET_TRANSFER,11.871316,949.855291,Distribute Layer ID: 78a3ff8f
2697675.415956,5000,6719b99a-d5dd-40b4-a9ed-2c8af6965e4a,worker_3,worker_3,MEM_MOVE,6.830604,0.053364,"Evict VRAM -> RAM [Model: 6719b99a, Layer: a669c7f8]"
2697675.508701,5000,6719b99a-d5dd-40b4-a9ed-2c8af6965e4a,worker_3,worker_3,DISK_LOAD,11.871316,0.092745,"Disk -> RAM [Model: 6719b99a, Layer: 78a3ff8f]"
2697675.601445,5000,6719b99a-d5dd-40b4-a9ed-2c8af6965e4a,worker_3,worker_3,MEM_MOVE,11.871316,0.092745,"RAM -> VRAM [Model: 6719b99a, Layer: 78a3ff8f]"
2697675.651445,5000,6719b99a-d5dd-40b4-a9ed-2c8af6965e4a,worker_3,worker_3,GPU_COMPUTE,0.050000,0.050000,GPU Compute
2697675.809445,5000,6719b99a-d5dd-40b4-a9ed-2c8af6965e4a,worker_3,coordinator_0,NET_TRANSFER,0.000100,0.158000,Signal Finished
2698486.466923,5000,6719b99a-d5dd-40b4-a9ed-2c8af6965e4a,coordinator_0,worker_4,NET_TRANSFER,10.131343,810.657478,Distribute Layer ID: 4281d6af
2698486.520171,5000,6719b99a-d5dd-40b4-a9ed-2c8af6965e4a,worker_4,worker_4,MEM_MOVE,6.815705,0.053248,"Evict VRAM -> RAM [Model: 6719b99a, Layer: 70d0c511]"
2698486.599322,5000,6719b99a-d5dd-40b4-a9ed-2c8af6965e4a,worker_4,worker_4,DISK_LOAD,10.131343,0.079151,"Disk -> RAM [Model: 6719b99a, Layer: 4281d6af]"
2698486.678473,5000,6719b99a-d5dd-40b4-a9ed-2c8af6965e4a,worker_4,worker_4,MEM_MOVE,10.131343,0.079151,"RAM -> VRAM [Model: 6719b99a, Layer: 4281d6af]"
2698486.728473,5000,6719b99a-d5dd-40b4-a9ed-2c8af6965e4a,worker_4,worker_4,GPU_COMPUTE,0.050000,0.050000,GPU Compute
2698486.886473,5000,6719b99a-d5dd-40b4-a9ed-2c8af6965e4a,worker_4,coordinator_0,NET_TRANSFER,0.000100,0.158000,Signal Finished
2699013.323179,5000,6719b99a-d5dd-40b4-a9ed-2c8af6965e4a,coordinator_0,worker_1,NET_TRANSFER,6.578584,526.436706,Distribute Layer ID: 00c36e25
2699013.400022,5000,6719b99a-d5dd-40b4-a9ed-2c8af6965e4a,worker_1,worker_1,MEM_MOVE,9.835914,0.076843,"Evict VRAM -> RAM [Model: 6719b99a, Layer: dad1ddcd]"
2699013.451417,5000,6719b99a-d5dd-40b4-a9ed-2c8af6965e4a,worker_1,worker_1,DISK_LOAD,6.578584,0.051395,"Disk -> RAM [Model: 6719b99a, Layer: 00c36e25]"
2699013.502812,5000,6719b99a-d5dd-40b4-a9ed-2c8af6965e4a,worker_1,worker_1,MEM_MOVE,6.578584,0.051395,"RAM -> VRAM [Model: 6719b99a, Layer: 00c36e25]"
2699013.552812,5000,6719b99a-d5dd-40b4-a9ed-2c8af6965e4a,worker_1,worker_1,GPU_COMPUTE,0.050000,0.050000,GPU Compute
2699013.710812,5000,6719b99a-d5dd-40b4-a9ed-2c8af6965e4a,worker_1,coordinator_0,NET_TRANSFER,0.000100,0.158000,Signal Finished
2699913.738400,5000,6719b99a-d5dd-40b4-a9ed-2c8af6965e4a,coordinator_0,worker_2,NET_TRANSFER,11.248470,900.027588,Distribute Layer ID: 5ed0ecd2
2699913.805454,5000,6719b99a-d5dd-40b4-a9ed-2c8af6965e4a,worker_2,worker_2,MEM_MOVE,8.582883,0.067054,"Evict VRAM -> RAM [Model: 6719b99a, Layer: c1919c9c]"
2699913.897285,5000,6719b99a-d5dd-40b4-a9ed-2c8af6965e4a,worker_2,worker_2,MEM_MOVE,11.754370,0.091831,"Evict VRAM -> RAM [Model: 6719b99a, Layer: d3e256fd]"
2699913.985164,5000,6719b99a-d5dd-40b4-a9ed-2c8af6965e4a,worker_2,worker_2,DISK_LOAD,11.248470,0.087879,"Disk -> RAM [Model: 6719b99a, Layer: 5ed0ecd2]"
2699914.073042,5000,6719b99a-d5dd-40b4-a9ed-2c8af6965e4a,worker_2,worker_2,MEM_MOVE,11.248470,0.087879,"RAM -> VRAM [Model: 6719b99a, Layer: 5ed0ecd2]"
2699914.123042,5000,6719b99a-d5dd-40b4-a9ed-2c8af6965e4a,worker_2,worker_2,GPU_COMPUTE,0.050000,0.050000,GPU Compute
2699914.281042,5000,6719b99a-d5dd-40b4-a9ed-2c8af6965e4a,worker_2,coordinator_0,NET_TRANSFER,0.000100,0.158000,Signal Finished
2700893.576069,5000,6719b99a-d5dd-40b4-a9ed-2c8af6965e4a,coordinator_0,worker_3,NET_TRANSFER,12.239313,979.295027,Distribute Layer ID: 1e939886
2700893.668814,5000,6719b99a-d5dd-40b4-a9ed-2c8af6965e4a,worker_3,worker_3,MEM_MOVE,11.871316,0.092745,"Evict VRAM -> RAM [Model: 6719b99a, Layer: 78a3ff8f]"
2700893.764434,5000,6719b99a-d5dd-40b4-a9ed-2c8af6965e4a,worker_3,worker_3,DISK_LOAD,12.239313,0.095620,"Disk -> RAM [Model: 6719b99a, Layer: 1e939886]"
2700893.860053,5000,6719b99a-d5dd-40b4-a9ed-2c8af6965e4a,worker_3,worker_3,MEM_MOVE,12.239313,0.095620,"RAM -> VRAM [Model: 6719b99a, Layer: 1e939886]"
2700893.910053,5000,6719b99a-d5dd-40b4-a9ed-2c8af6965e4a,worker_3,worker_3,GPU_COMPUTE,0.050000,0.050000,GPU Compute
2700894.068053,5000,6719b99a-d5dd-40b4-a9ed-2c8af6965e4a,worker_3,coordinator_0,NET_TRANSFER,0.000100,0.158000,Signal Finished
2701268.260896,5000,6719b99a-d5dd-40b4-a9ed-2c8af6965e4a,coordinator_0,worker_4,NET_TRANSFER,4.675536,374.192843,Distribute Layer ID: f8547099
2701268.340047,5000,6719b99a-d5dd-40b4-a9ed-2c8af6965e4a,worker_4,worker_4,MEM_MOVE,10.131343,0.079151,"Evict VRAM -> RAM [Model: 6719b99a, Layer: 4281d6af]"
2701268.376575,5000,6719b99a-d5dd-40b4-a9ed-2c8af6965e4a,worker_4,worker_4,DISK_LOAD,4.675536,0.036528,"Disk -> RAM [Model: 6719b99a, Layer: f8547099]"
2701268.413102,5000,6719b99a-d5dd-40b4-a9ed-2c8af6965e4a,worker_4,worker_4,MEM_MOVE,4.675536,0.036528,"RAM -> VRAM [Model: 6719b99a, Layer: f8547099]"
2701268.463102,5000,6719b99a-d5dd-40b4-a9ed-2c8af6965e4a,worker_4,worker_4,GPU_COMPUTE,0.050000,0.050000,GPU Compute
2701268.621102,5000,6719b99a-d5dd-40b4-a9ed-2c8af6965e4a,worker_4,coordinator_0,NET_TRANSFER,0.000100,0.158000,Signal Finished
2701896.491579,5000,6719b99a-d5dd-40b4-a9ed-2c8af6965e4a,coordinator_0,worker_1,NET_TRANSFER,7.846506,627.870477,Distribute Layer ID: 78174fc6
2701896.552880,5000,6719b99a-d5dd-40b4-a9ed-2c8af6965e4a,worker_1,worker_1,DISK_LOAD,7.846506,0.061301,"Disk -> RAM [Model: 6719b99a, Layer: 78174fc6]"
2701896.614181,5000,6719b99a-d5dd-40b4-a9ed-2c8af6965e4a,worker_1,worker_1,MEM_MOVE,7.846506,0.061301,"RAM -> VRAM [Model: 6719b99a, Layer: 78174fc6]"
2701896.664181,5000,6719b99a-d5dd-40b4-a9ed-2c8af6965e4a,worker_1,worker_1,GPU_COMPUTE,0.050000,0.050000,GPU Compute
2701896.822181,5000,6719b99a-d5dd-40b4-a9ed-2c8af6965e4a,worker_1,coordinator_0,NET_TRANSFER,0.000100,0.158000,Signal Finished
2702831.004201,5000,6719b99a-d5dd-40b4-a9ed-2c8af6965e4a,coordinator_0,worker_2,NET_TRANSFER,11.675400,934.182019,Distribute Layer ID: e52633b7
2702831.092079,5000,6719b99a-d5dd-40b4-a9ed-2c8af6965e4a,worker_2,worker_2,MEM_MOVE,11.248470,0.087879,"Evict VRAM -> RAM [Model: 6719b99a, Layer: 5ed0ecd2]"
2702831.183293,5000,6719b99a-d5dd-40b4-a9ed-2c8af6965e4a,worker_2,worker_2,DISK_LOAD,11.675400,0.091214,"Disk -> RAM [Model: 6719b99a, Layer: e52633b7]"
2702831.274507,5000,6719b99a-d5dd-40b4-a9ed-2c8af6965e4a,worker_2,worker_2,MEM_MOVE,11.675400,0.091214,"RAM -> VRAM [Model: 6719b99a, Layer: e52633b7]"
2702831.324507,5000,6719b99a-d5dd-40b4-a9ed-2c8af6965e4a,worker_2,worker_2,GPU_COMPUTE,0.050000,0.050000,GPU Compute
2702831.482507,5000,6719b99a-d5dd-40b4-a9ed-2c8af6965e4a,worker_2,coordinator_0,NET_TRANSFER,0.000100,0.158000,Signal Finished
2703441.934904,5000,6719b99a-d5dd-40b4-a9ed-2c8af6965e4a,coordinator_0,worker_3,NET_TRANSFER,7.628780,610.452397,Distribute Layer ID: baa6ed99
2703442.030524,5000,6719b99a-d5dd-40b4-a9ed-2c8af6965e4a,worker_3,worker_3,MEM_MOVE,12.239313,0.095620,"Evict VRAM -> RAM [Model: 6719b99a, Layer: 1e939886]"
2703442.090124,5000,6719b99a-d5dd-40b4-a9ed-2c8af6965e4a,worker_3,worker_3,DISK_LOAD,7.628780,0.059600,"Disk -> RAM [Model: 6719b99a, Layer: baa6ed99]"
2703442.149723,5000,6719b99a-d5dd-40b4-a9ed-2c8af6965e4a,worker_3,worker_3,MEM_MOVE,7.628780,0.059600,"RAM -> VRAM [Model: 6719b99a, Layer: baa6ed99]"
2703442.199723,5000,6719b99a-d5dd-40b4-a9ed-2c8af6965e4a,worker_3,worker_3,GPU_COMPUTE,0.050000,0.050000,GPU Compute
2703442.357723,5000,6719b99a-d5dd-40b4-a9ed-2c8af6965e4a,worker_3,coordinator_0,NET_TRANSFER,0.000100,0.158000,Signal Finished
2703843.233098,5000,6719b99a-d5dd-40b4-a9ed-2c8af6965e4a,coordinator_0,worker_4,NET_TRANSFER,5.009067,400.875374,Distribute Layer ID: 7dcd1643
2703843.272231,5000,6719b99a-d5dd-40b4-a9ed-2c8af6965e4a,worker_4,worker_4,DISK_LOAD,5.009067,0.039133,"Disk -> RAM [Model: 6719b99a, Layer: 7dcd1643]"
2703843.311364,5000,6719b99a-d5dd-40b4-a9ed-2c8af6965e4a,worker_4,worker_4,MEM_MOVE,5.009067,0.039133,"RAM -> VRAM [Model: 6719b99a, Layer: 7dcd1643]"
2703843.361364,5000,6719b99a-d5dd-40b4-a9ed-2c8af6965e4a,worker_4,worker_4,GPU_COMPUTE,0.050000,0.050000,GPU Compute
2703843.519364,5000,6719b99a-d5dd-40b4-a9ed-2c8af6965e4a,worker_4,coordinator_0,NET_TRANSFER,0.000100,0.158000,Signal Finished
2704658.127929,5000,6719b99a-d5dd-40b4-a9ed-2c8af6965e4a,coordinator_0,worker_1,NET_TRANSFER,10.180732,814.608565,Distribute Layer ID: d0f0eb49
2704658.189230,5000,6719b99a-d5dd-40b4-a9ed-2c8af6965e4a,worker_1,worker_1,MEM_MOVE,7.846506,0.061301,"Evict VRAM -> RAM [Model: 6719b99a, Layer: 78174fc6]"
2704658.240625,5000,6719b99a-d5dd-40b4-a9ed-2c8af6965e4a,worker_1,worker_1,MEM_MOVE,6.578584,0.051395,"Evict VRAM -> RAM [Model: 6719b99a, Layer: 00c36e25]"
2704658.320162,5000,6719b99a-d5dd-40b4-a9ed-2c8af6965e4a,worker_1,worker_1,DISK_LOAD,10.180732,0.079537,"Disk -> RAM [Model: 6719b99a, Layer: d0f0eb49]"
2704658.399699,5000,6719b99a-d5dd-40b4-a9ed-2c8af6965e4a,worker_1,worker_1,MEM_MOVE,10.180732,0.079537,"RAM -> VRAM [Model: 6719b99a, Layer: d0f0eb49]"
2704658.449699,5000,6719b99a-d5dd-40b4-a9ed-2c8af6965e4a,worker_1,worker_1,GPU_COMPUTE,0.050000,0.050000,GPU Compute
2704658.607699,5000,6719b99a-d5dd-40b4-a9ed-2c8af6965e4a,worker_1,coordinator_0,NET_TRANSFER,0.000100,0.158000,Signal Finished
2705261.918212,5000,6719b99a-d5dd-40b4-a9ed-2c8af6965e4a,coordinator_0,worker_2,NET_TRANSFER,7.539506,603.310513,Distribute Layer ID: 105c1590
2705261.977114,5000,6719b99a-d5dd-40b4-a9ed-2c8af6965e4a,worker_2,worker_2,DISK_LOAD,7.539506,0.058902,"Disk -> RAM [Model: 6719b99a, Layer: 105c1590]"
2705262.036016,5000,6719b99a-d5dd-40b4-a9ed-2c8af6965e4a,worker_2,worker_2,MEM_MOVE,7.539506,0.058902,"RAM -> VRAM [Model: 6719b99a, Layer: 105c1590]"
2705262.086016,5000,6719b99a-d5dd-40b4-a9ed-2c8af6965e4a,worker_2,worker_2,GPU_COMPUTE,0.050000,0.050000,GPU Compute
2705262.244016,5000,6719b99a-d5dd-40b4-a9ed-2c8af6965e4a,worker_2,coordinator_0,NET_TRANSFER,0.000100,0.158000,Signal Finished
2706023.166065,5000,6719b99a-d5dd-40b4-a9ed-2c8af6965e4a,coordinator_0,worker_3,NET_TRANSFER,9.509651,760.922048,Distribute Layer ID: 99794d5e
2706023.225665,5000,6719b99a-d5dd-40b4-a9ed-2c8af6965e4a,worker_3,worker_3,MEM_MOVE,7.628780,0.059600,"Evict VRAM -> RAM [Model: 6719b99a, Layer: baa6ed99]"
2706023.299959,5000,6719b99a-d5dd-40b4-a9ed-2c8af6965e4a,worker_3,worker_3,DISK_LOAD,9.509651,0.074294,"Disk -> RAM [Model: 6719b99a, Layer: 99794d5e]"
2706023.374253,5000,6719b99a-d5dd-40b4-a9ed-2c8af6965e4a,worker_3,worker_3,MEM_MOVE,9.509651,0.074294,"RAM -> VRAM [Model: 6719b99a, Layer: 99794d5e]"
2706023.424253,5000,6719b99a-d5dd-40b4-a9ed-2c8af6965e4a,worker_3,worker_3,GPU_COMPUTE,0.050000,0.050000,GPU Compute
2706023.582253,5000,6719b99a-d5dd-40b4-a9ed-2c8af6965e4a,worker_3,coordinator_0,NET_TRANSFER,0.000100,0.158000,Signal Finished
2707087.154188,5000,6719b99a-d5dd-40b4-a9ed-2c8af6965e4a,coordinator_0,worker_4,NET_TRANSFER,13.292774,1063.571935,Distribute Layer ID: e255ed9c
2707087.193321,5000,6719b99a-d5dd-40b4-a9ed-2c8af6965e4a,worker_4,worker_4,MEM_MOVE,5.009067,0.039133,"Evict VRAM -> RAM [Model: 6719b99a, Layer: 7dcd1643]"
2707087.229849,5000,6719b99a-d5dd-40b4-a9ed-2c8af6965e4a,worker_4,worker_4,MEM_MOVE,4.675536,0.036528,"Evict VRAM -> RAM [Model: 6719b99a, Layer: f8547099]"
2707087.332272,5000,6719b99a-d5dd-40b4-a9ed-2c8af6965e4a,worker_4,worker_4,MEM_MOVE,13.110201,0.102423,"Evict VRAM -> RAM [Model: 6719b99a, Layer: 4d48ab47]"
2707087.436122,5000,6719b99a-d5dd-40b4-a9ed-2c8af6965e4a,worker_4,worker_4,DISK_LOAD,13.292774,0.103850,"Disk -> RAM [Model: 6719b99a, Layer: e255ed9c]"
2707087.539972,5000,6719b99a-d5dd-40b4-a9ed-2c8af6965e4a,worker_4,worker_4,MEM_MOVE,13.292774,0.103850,"RAM -> VRAM [Model: 6719b99a, Layer: e255ed9c]"
2707087.589972,5000,6719b99a-d5dd-40b4-a9ed-2c8af6965e4a,worker_4,worker_4,GPU_COMPUTE,0.050000,0.050000,GPU Compute
2707087.747972,5000,6719b99a-d5dd-40b4-a9ed-2c8af6965e4a,worker_4,coordinator_0,NET_TRANSFER,0.000100,0.158000,Signal Finished
2707729.518869,5000,6719b99a-d5dd-40b4-a9ed-2c8af6965e4a,coordinator_0,worker_1,NET_TRANSFER,8.020261,641.770898,Distribute Layer ID: 1a0b0a0c
2707729.598406,5000,6719b99a-d5dd-40b4-a9ed-2c8af6965e4a,worker_1,worker_1,MEM_MOVE,10.180732,0.079537,"Evict VRAM -> RAM [Model: 6719b99a, Layer: d0f0eb49]"
2707729.661065,5000,6719b99a-d5dd-40b4-a9ed-2c8af6965e4a,worker_1,worker_1,DISK_LOAD,8.020261,0.062658,"Disk -> RAM [Model: 6719b99a, Layer: 1a0b0a0c]"
2707729.723723,5000,6719b99a-d5dd-40b4-a9ed-2c8af6965e4a,worker_1,worker_1,MEM_MOVE,8.020261,0.062658,"RAM -> VRAM [Model: 6719b99a, Layer: 1a0b0a0c]"
2707729.773723,5000,6719b99a-d5dd-40b4-a9ed-2c8af6965e4a,worker_1,worker_1,GPU_COMPUTE,0.050000,0.050000,GPU Compute
2707729.931723,5000,6719b99a-d5dd-40b4-a9ed-2c8af6965e4a,worker_1,coordinator_0,NET_TRANSFER,0.000100,0.158000,Signal Finished
2708523.255013,5000,6719b99a-d5dd-40b4-a9ed-2c8af6965e4a,coordinator_0,worker_2,NET_TRANSFER,9.914666,793.323290,Distribute Layer ID: 74891b8a
2708523.313915,5000,6719b99a-d5dd-40b4-a9ed-2c8af6965e4a,worker_2,worker_2,MEM_MOVE,7.539506,0.058902,"Evict VRAM -> RAM [Model: 6719b99a, Layer: 105c1590]"
2708523.391374,5000,6719b99a-d5dd-40b4-a9ed-2c8af6965e4a,worker_2,worker_2,DISK_LOAD,9.914666,0.077458,"Disk -> RAM [Model: 6719b99a, Layer: 74891b8a]"
2708523.468832,5000,6719b99a-d5dd-40b4-a9ed-2c8af6965e4a,worker_2,worker_2,MEM_MOVE,9.914666,0.077458,"RAM -> VRAM [Model: 6719b99a, Layer: 74891b8a]"
2708523.518832,5000,6719b99a-d5dd-40b4-a9ed-2c8af6965e4a,worker_2,worker_2,GPU_COMPUTE,0.050000,0.050000,GPU Compute
2708523.676832,5000,6719b99a-d5dd-40b4-a9ed-2c8af6965e4a,worker_2,coordinator_0,NET_TRANSFER,0.000100,0.158000,Signal Finished
2709169.294936,5000,6719b99a-d5dd-40b4-a9ed-2c8af6965e4a,coordinator_0,worker_3,NET_TRANSFER,8.068351,645.618104,Distribute Layer ID: 740a3ed6
2709169.369230,5000,6719b99a-d5dd-40b4-a9ed-2c8af6965e4a,worker_3,worker_3,MEM_MOVE,9.509651,0.074294,"Evict VRAM -> RAM [Model: 6719b99a, Layer: 99794d5e]"
2709169.432264,5000,6719b99a-d5dd-40b4-a9ed-2c8af6965e4a,worker_3,worker_3,DISK_LOAD,8.068351,0.063034,"Disk -> RAM [Model: 6719b99a, Layer: 740a3ed6]"
2709169.495298,5000,6719b99a-d5dd-40b4-a9ed-2c8af6965e4a,worker_3,worker_3,MEM_MOVE,8.068351,0.063034,"RAM -> VRAM [Model: 6719b99a, Layer: 740a3ed6]"
2709169.545298,5000,6719b99a-d5dd-40b4-a9ed-2c8af6965e4a,worker_3,worker_3,GPU_COMPUTE,0.050000,0.050000,GPU Compute
2709169.703298,5000,6719b99a-d5dd-40b4-a9ed-2c8af6965e4a,worker_3,coordinator_0,NET_TRANSFER,0.000100,0.158000,Signal Finished
2710073.741433,5000,6719b99a-d5dd-40b4-a9ed-2c8af6965e4a,coordinator_0,worker_4,NET_TRANSFER,11.298602,904.038135,Distribute Layer ID: 083f5597
2710073.829703,5000,6719b99a-d5dd-40b4-a9ed-2c8af6965e4a,worker_4,worker_4,DISK_LOAD,11.298602,0.088270,"Disk -> RAM [Model: 6719b99a, Layer: 083f5597]"
2710073.917974,5000,6719b99a-d5dd-40b4-a9ed-2c8af6965e4a,worker_4,worker_4,MEM_MOVE,11.298602,0.088270,"RAM -> VRAM [Model: 6719b99a, Layer: 083f5597]"
2710073.967974,5000,6719b99a-d5dd-40b4-a9ed-2c8af6965e4a,worker_4,worker_4,GPU_COMPUTE,0.050000,0.050000,GPU Compute
2710074.125974,5000,6719b99a-d5dd-40b4-a9ed-2c8af6965e4a,worker_4,coordinator_0,NET_TRANSFER,0.000100,0.158000,Signal Finished
2710590.172388,5000,6719b99a-d5dd-40b4-a9ed-2c8af6965e4a,coordinator_0,worker_1,NET_TRANSFER,6.448705,516.046415,Distribute Layer ID: 087c2341
2710590.222769,5000,6719b99a-d5dd-40b4-a9ed-2c8af6965e4a,worker_1,worker_1,DISK_LOAD,6.448705,0.050381,"Disk -> RAM [Model: 6719b99a, Layer: 087c2341]"
2710590.273149,5000,6719b99a-d5dd-40b4-a9ed-2c8af6965e4a,worker_1,worker_1,MEM_MOVE,6.448705,0.050381,"RAM -> VRAM [Model: 6719b99a, Layer: 087c2341]"
2710590.323149,5000,6719b99a-d5dd-40b4-a9ed-2c8af6965e4a,worker_1,worker_1,GPU_COMPUTE,0.050000,0.050000,GPU Compute
2710590.481149,5000,6719b99a-d5dd-40b4-a9ed-2c8af6965e4a,worker_1,coordinator_0,NET_TRANSFER,0.000100,0.158000,Signal Finished
2711417.107423,5000,6719b99a-d5dd-40b4-a9ed-2c8af6965e4a,coordinator_0,worker_2,NET_TRANSFER,10.330953,826.626274,Distribute Layer ID: 46ed7f1f
2711417.184882,5000,6719b99a-d5dd-40b4-a9ed-2c8af6965e4a,worker_2,worker_2,MEM_MOVE,9.914666,0.077458,"Evict VRAM -> RAM [Model: 6719b99a, Layer: 74891b8a]"
2711417.276096,5000,6719b99a-d5dd-40b4-a9ed-2c8af6965e4a,worker_2,worker_2,MEM_MOVE,11.675400,0.091214,"Evict VRAM -> RAM [Model: 6719b99a, Layer: e52633b7]"
2711417.356806,5000,6719b99a-d5dd-40b4-a9ed-2c8af6965e4a,worker_2,worker_2,DISK_LOAD,10.330953,0.080711,"Disk -> RAM [Model: 6719b99a, Layer: 46ed7f1f]"
2711417.437517,5000,6719b99a-d5dd-40b4-a9ed-2c8af6965e4a,worker_2,worker_2,MEM_MOVE,10.330953,0.080711,"RAM -> VRAM [Model: 6719b99a, Layer: 46ed7f1f]"
2711417.487517,5000,6719b99a-d5dd-40b4-a9ed-2c8af6965e4a,worker_2,worker_2,GPU_COMPUTE,0.050000,0.050000,GPU Compute
2711417.645517,5000,6719b99a-d5dd-40b4-a9ed-2c8af6965e4a,worker_2,coordinator_0,NET_TRANSFER,0.000100,0.158000,Signal Finished
2712254.385505,5000,6719b99a-d5dd-40b4-a9ed-2c8af6965e4a,coordinator_0,worker_3,NET_TRANSFER,10.457375,836.739988,Distribute Layer ID: 182d4743
2712254.448539,5000,6719b99a-d5dd-40b4-a9ed-2c8af6965e4a,worker_3,worker_3,MEM_MOVE,8.068351,0.063034,"Evict VRAM -> RAM [Model: 6719b99a, Layer: 740a3ed6]"
2712254.530237,5000,6719b99a-d5dd-40b4-a9ed-2c8af6965e4a,worker_3,worker_3,DISK_LOAD,10.457375,0.081698,"Disk -> RAM [Model: 6719b99a, Layer: 182d4743]"
2712254.611936,5000,6719b99a-d5dd-40b4-a9ed-2c8af6965e4a,worker_3,worker_3,MEM_MOVE,10.457375,0.081698,"RAM -> VRAM [Model: 6719b99a, Layer: 182d4743]"
2712254.661936,5000,6719b99a-d5dd-40b4-a9ed-2c8af6965e4a,worker_3,worker_3,GPU_COMPUTE,0.050000,0.050000,GPU Compute
2712254.819936,5000,6719b99a-d5dd-40b4-a9ed-2c8af6965e4a,worker_3,coordinator_0,NET_TRANSFER,0.000100,0.158000,Signal Finished
2713357.489675,5000,6719b99a-d5dd-40b4-a9ed-2c8af6965e4a,coordinator_0,worker_4,NET_TRANSFER,13.781497,1102.669740,Distribute Layer ID: f747ec1d
2713357.647675,6016,edbb5a5f-96c7-4587-bae7-76b991139bc5,client_6,coordinator_0,NET_TRANSFER,0.000100,0.158000,Request Model ID
2713357.805675,3014,3f88dbf8-aff9-4f29-b4b2-59d4c2e8e335,client_3,coordinator_0,NET_TRANSFER,0.000100,0.158000,Request Model ID
2713357.963675,1019,773a6b7b-bf00-48fc-ba23-a7d203f1988c,client_1,coordinator_0,NET_TRANSFER,0.000100,0.158000,Request Model ID
2713358.121675,10017,d4965426-a3d1-4387-b3b7-7043d09ef380,client_10,coordinator_0,NET_TRANSFER,0.000100,0.158000,Request Model ID
2713358.279675,10017,4facc46c-ad7c-4d01-ba5e-74a30664ea70,client_10,coordinator_0,NET_TRANSFER,0.000100,0.158000,Request Model ID
2713358.437675,1018,ccab57a6-d91e-4ce5-b062-d9fc9a27c1f3,client_1,coordinator_0,NET_TRANSFER,0.000100,0.158000,Request Model ID
2713358.595675,1018,b98aad0a-4dea-4008-ad8c-316214e42284,client_1,coordinator_0,NET_TRANSFER,0.000100,0.158000,Request Model ID
2713358.753675,8015,0e495248-1ee5-4d87-a50c-46b74e15adae,client_8,coordinator_0,NET_TRANSFER,0.000100,0.158000,Request Model ID
2713358.911675,8015,d7a92e9a-1ed2-42e0-b12c-84562a000f20,client_8,coordinator_0,NET_TRANSFER,0.000100,0.158000,Request Model ID
2713359.069675,8015,764495bb-6a07-44df-890a-53f143dbe627,client_8,coordinator_0,NET_TRANSFER,0.000100,0.158000,Request Model ID
2713359.227675,8015,ccab57a6-d91e-4ce5-b062-d9fc9a27c1f3,client_8,coordinator_0,NET_TRANSFER,0.000100,0.158000,Request Model ID
2713359.385675,9016,ebbbe628-24da-46bd-832f-2fdefdd74410,client_9,coordinator_0,NET_TRANSFER,0.000100,0.158000,Request Model ID
2713359.473945,5000,6719b99a-d5dd-40b4-a9ed-2c8af6965e4a,worker_4,worker_4,MEM_MOVE,11.298602,0.088270,"Evict VRAM -> RAM [Model: 6719b99a, Layer: 083f5597]"
2713359.577795,5000,6719b99a-d5dd-40b4-a9ed-2c8af6965e4a,worker_4,worker_4,MEM_MOVE,13.292774,0.103850,"Evict VRAM -> RAM [Model: 6719b99a, Layer: e255ed9c]"
2713359.685463,5000,6719b99a-d5dd-40b4-a9ed-2c8af6965e4a,worker_4,worker_4,DISK_LOAD,13.781497,0.107668,"Disk -> RAM [Model: 6719b99a, Layer: f747ec1d]"
2713359.793131,5000,6719b99a-d5dd-40b4-a9ed-2c8af6965e4a,worker_4,worker_4,MEM_MOVE,13.781497,0.107668,"RAM -> VRAM [Model: 6719b99a, Layer: f747ec1d]"
2713359.843131,5000,6719b99a-d5dd-40b4-a9ed-2c8af6965e4a,worker_4,worker_4,GPU_COMPUTE,0.050000,0.050000,GPU Compute
2713360.001131,5000,6719b99a-d5dd-40b4-a9ed-2c8af6965e4a,worker_4,coordinator_0,NET_TRANSFER,0.000100,0.158000,Signal Finished
2713790.635576,5000,6719b99a-d5dd-40b4-a9ed-2c8af6965e4a,coordinator_0,worker_1,NET_TRANSFER,5.381056,430.634445,Distribute Layer ID: 939b137b
2713790.685957,5000,6719b99a-d5dd-40b4-a9ed-2c8af6965e4a,worker_1,worker_1,MEM_MOVE,6.448705,0.050381,"Evict VRAM -> RAM [Model: 6719b99a, Layer: 087c2341]"
2713790.727996,5000,6719b99a-d5dd-40b4-a9ed-2c8af6965e4a,worker_1,worker_1,DISK_LOAD,5.381056,0.042039,"Disk -> RAM [Model: 6719b99a, Layer: 939b137b]"
2713790.770036,5000,6719b99a-d5dd-40b4-a9ed-2c8af6965e4a,worker_1,worker_1,MEM_MOVE,5.381056,0.042039,"RAM -> VRAM [Model: 6719b99a, Layer: 939b137b]"
2713790.820036,5000,6719b99a-d5dd-40b4-a9ed-2c8af6965e4a,worker_1,worker_1,GPU_COMPUTE,0.050000,0.050000,GPU Compute
2713790.978036,5000,6719b99a-d5dd-40b4-a9ed-2c8af6965e4a,worker_1,coordinator_0,NET_TRANSFER,0.000100,0.158000,Signal Finished
2714484.786643,5000,6719b99a-d5dd-40b4-a9ed-2c8af6965e4a,coordinator_0,worker_2,NET_TRANSFER,8.670733,693.808608,Distribute Layer ID: e1b7bd99
2714484.854383,5000,6719b99a-d5dd-40b4-a9ed-2c8af6965e4a,worker_2,worker_2,DISK_LOAD,8.670733,0.067740,"Disk -> RAM [Model: 6719b99a, Layer: e1b7bd99]"
2714484.922123,5000,6719b99a-d5dd-40b4-a9ed-2c8af6965e4a,worker_2,worker_2,MEM_MOVE,8.670733,0.067740,"RAM -> VRAM [Model: 6719b99a, Layer: e1b7bd99]"
2714484.972123,5000,6719b99a-d5dd-40b4-a9ed-2c8af6965e4a,worker_2,worker_2,GPU_COMPUTE,0.050000,0.050000,GPU Compute
2714485.130123,5000,6719b99a-d5dd-40b4-a9ed-2c8af6965e4a,worker_2,coordinator_0,NET_TRANSFER,0.000100,0.158000,Signal Finished
2715367.805395,5000,6719b99a-d5dd-40b4-a9ed-2c8af6965e4a,coordinator_0,worker_3,NET_TRANSFER,11.031566,882.675272,Distribute Layer ID: f1292bd5
2715367.887094,5000,6719b99a-d5dd-40b4-a9ed-2c8af6965e4a,worker_3,worker_3,MEM_MOVE,10.457375,0.081698,"Evict VRAM -> RAM [Model: 6719b99a, Layer: 182d4743]"
2715367.973278,5000,6719b99a-d5dd-40b4-a9ed-2c8af6965e4a,worker_3,worker_3,DISK_LOAD,11.031566,0.086184,"Disk -> RAM [Model: 6719b99a, Layer: f1292bd5]"
2715368.059462,5000,6719b99a-d5dd-40b4-a9ed-2c8af6965e4a,worker_3,worker_3,MEM_MOVE,11.031566,0.086184,"RAM -> VRAM [Model: 6719b99a, Layer: f1292bd5]"
2715368.109462,5000,6719b99a-d5dd-40b4-a9ed-2c8af6965e4a,worker_3,worker_3,GPU_COMPUTE,0.050000,0.050000,GPU Compute
2715368.267462,5000,6719b99a-d5dd-40b4-a9ed-2c8af6965e4a,worker_3,coordinator_0,NET_TRANSFER,0.000100,0.158000,Signal Finished
2716210.517071,5000,6719b99a-d5dd-40b4-a9ed-2c8af6965e4a,coordinator_0,worker_4,NET_TRANSFER,10.526245,842.249609,Distribute Layer ID: 2b858cca
2716210.599308,5000,6719b99a-d5dd-40b4-a9ed-2c8af6965e4a,worker_4,worker_4,DISK_LOAD,10.526245,0.082236,"Disk -> RAM [Model: 6719b99a, Layer: 2b858cca]"
2716210.681544,5000,6719b99a-d5dd-40b4-a9ed-2c8af6965e4a,worker_4,worker_4,MEM_MOVE,10.526245,0.082236,"RAM -> VRAM [Model: 6719b99a, Layer: 2b858cca]"
2716210.731544,5000,6719b99a-d5dd-40b4-a9ed-2c8af6965e4a,worker_4,worker_4,GPU_COMPUTE,0.050000,0.050000,GPU Compute
2716210.889544,5000,6719b99a-d5dd-40b4-a9ed-2c8af6965e4a,worker_4,coordinator_0,NET_TRANSFER,0.000100,0.158000,Signal Finished
2716804.669531,5000,6719b99a-d5dd-40b4-a9ed-2c8af6965e4a,coordinator_0,worker_1,NET_TRANSFER,7.420375,593.779987,Distribute Layer ID: 734805e5
2716804.711570,5000,6719b99a-d5dd-40b4-a9ed-2c8af6965e4a,worker_1,worker_1,MEM_MOVE,5.381056,0.042039,"Evict VRAM -> RAM [Model: 6719b99a, Layer: 939b137b]"
2716804.769542,5000,6719b99a-d5dd-40b4-a9ed-2c8af6965e4a,worker_1,worker_1,DISK_LOAD,7.420375,0.057972,"Disk -> RAM [Model: 6719b99a, Layer: 734805e5]"
2716804.827513,5000,6719b99a-d5dd-40b4-a9ed-2c8af6965e4a,worker_1,worker_1,MEM_MOVE,7.420375,0.057972,"RAM -> VRAM [Model: 6719b99a, Layer: 734805e5]"
2716804.877513,5000,6719b99a-d5dd-40b4-a9ed-2c8af6965e4a,worker_1,worker_1,GPU_COMPUTE,0.050000,0.050000,GPU Compute
2716805.035513,5000,6719b99a-d5dd-40b4-a9ed-2c8af6965e4a,worker_1,coordinator_0,NET_TRANSFER,0.000100,0.158000,Signal Finished
2717643.219880,5000,6719b99a-d5dd-40b4-a9ed-2c8af6965e4a,coordinator_0,worker_2,NET_TRANSFER,10.475430,838.184366,Distribute Layer ID: 5e4f65ac
2717643.287620,5000,6719b99a-d5dd-40b4-a9ed-2c8af6965e4a,worker_2,worker_2,MEM_MOVE,8.670733,0.067740,"Evict VRAM -> RAM [Model: 6719b99a, Layer: e1b7bd99]"
2717643.369459,5000,6719b99a-d5dd-40b4-a9ed-2c8af6965e4a,worker_2,worker_2,DISK_LOAD,10.475430,0.081839,"Disk -> RAM [Model: 6719b99a, Layer: 5e4f65ac]"
2717643.451298,5000,6719b99a-d5dd-40b4-a9ed-2c8af6965e4a,worker_2,worker_2,MEM_MOVE,10.475430,0.081839,"RAM -> VRAM [Model: 6719b99a, Layer: 5e4f65ac]"
2717643.501298,5000,6719b99a-d5dd-40b4-a9ed-2c8af6965e4a,worker_2,worker_2,GPU_COMPUTE,0.050000,0.050000,GPU Compute
2717643.659298,5000,6719b99a-d5dd-40b4-a9ed-2c8af6965e4a,worker_2,coordinator_0,NET_TRANSFER,0.000100,0.158000,Signal Finished
2718286.355036,5000,6719b99a-d5dd-40b4-a9ed-2c8af6965e4a,coordinator_0,worker_3,NET_TRANSFER,8.031822,642.695737,Distribute Layer ID: 553f1e8c
2718286.441220,5000,6719b99a-d5dd-40b4-a9ed-2c8af6965e4a,worker_3,worker_3,MEM_MOVE,11.031566,0.086184,"Evict VRAM -> RAM [Model: 6719b99a, Layer: f1292bd5]"
2718286.503969,5000,6719b99a-d5dd-40b4-a9ed-2c8af6965e4a,worker_3,worker_3,DISK_LOAD,8.031822,0.062749,"Disk -> RAM [Model: 6719b99a, Layer: 553f1e8c]"
2718286.566717,5000,6719b99a-d5dd-40b4-a9ed-2c8af6965e4a,worker_3,worker_3,MEM_MOVE,8.031822,0.062749,"RAM -> VRAM [Model: 6719b99a, Layer: 553f1e8c]"
2718286.616717,5000,6719b99a-d5dd-40b4-a9ed-2c8af6965e4a,worker_3,worker_3,GPU_COMPUTE,0.050000,0.050000,GPU Compute
2718286.774717,5000,6719b99a-d5dd-40b4-a9ed-2c8af6965e4a,worker_3,coordinator_0,NET_TRANSFER,0.000100,0.158000,Signal Finished
2719069.885301,5000,6719b99a-d5dd-40b4-a9ed-2c8af6965e4a,coordinator_0,worker_4,NET_TRANSFER,9.787007,783.110583,Distribute Layer ID: f9d99fbe
2719069.967537,5000,6719b99a-d5dd-40b4-a9ed-2c8af6965e4a,worker_4,worker_4,MEM_MOVE,10.526245,0.082236,"Evict VRAM -> RAM [Model: 6719b99a, Layer: 2b858cca]"
2719070.043998,5000,6719b99a-d5dd-40b4-a9ed-2c8af6965e4a,worker_4,worker_4,DISK_LOAD,9.787007,0.076461,"Disk -> RAM [Model: 6719b99a, Layer: f9d99fbe]"
2719070.120459,5000,6719b99a-d5dd-40b4-a9ed-2c8af6965e4a,worker_4,worker_4,MEM_MOVE,9.787007,0.076461,"RAM -> VRAM [Model: 6719b99a, Layer: f9d99fbe]"
2719070.170459,5000,6719b99a-d5dd-40b4-a9ed-2c8af6965e4a,worker_4,worker_4,GPU_COMPUTE,0.050000,0.050000,GPU Compute
2719070.328459,5000,6719b99a-d5dd-40b4-a9ed-2c8af6965e4a,worker_4,coordinator_0,NET_TRANSFER,0.000100,0.158000,Signal Finished
2720140.602572,5000,6719b99a-d5dd-40b4-a9ed-2c8af6965e4a,coordinator_0,worker_1,NET_TRANSFER,13.376551,1070.274113,Distribute Layer ID: 92e7fab7
2720140.660544,5000,6719b99a-d5dd-40b4-a9ed-2c8af6965e4a,worker_1,worker_1,MEM_MOVE,7.420375,0.057972,"Evict VRAM -> RAM [Model: 6719b99a, Layer: 734805e5]"
2720140.723202,5000,6719b99a-d5dd-40b4-a9ed-2c8af6965e4a,worker_1,worker_1,MEM_MOVE,8.020261,0.062658,"Evict VRAM -> RAM [Model: 6719b99a, Layer: 1a0b0a0c]"
2720140.827706,5000,6719b99a-d5dd-40b4-a9ed-2c8af6965e4a,worker_1,worker_1,DISK_LOAD,13.376551,0.104504,"Disk -> RAM [Model: 6719b99a, Layer: 92e7fab7]"
2720140.932211,5000,6719b99a-d5dd-40b4-a9ed-2c8af6965e4a,worker_1,worker_1,MEM_MOVE,13.376551,0.104504,"RAM -> VRAM [Model: 6719b99a, Layer: 92e7fab7]"
2720140.982211,5000,6719b99a-d5dd-40b4-a9ed-2c8af6965e4a,worker_1,worker_1,GPU_COMPUTE,0.050000,0.050000,GPU Compute
2720141.140211,5000,6719b99a-d5dd-40b4-a9ed-2c8af6965e4a,worker_1,coordinator_0,NET_TRANSFER,0.000100,0.158000,Signal Finished
2720926.231726,5000,6719b99a-d5dd-40b4-a9ed-2c8af6965e4a,coordinator_0,worker_2,NET_TRANSFER,9.811769,785.091515,Distribute Layer ID: c8414620
2720926.313565,5000,6719b99a-d5dd-40b4-a9ed-2c8af6965e4a,worker_2,worker_2,MEM_MOVE,10.475430,0.081839,"Evict VRAM -> RAM [Model: 6719b99a, Layer: 5e4f65ac]"
2720926.390220,5000,6719b99a-d5dd-40b4-a9ed-2c8af6965e4a,worker_2,worker_2,DISK_LOAD,9.811769,0.076654,"Disk -> RAM [Model: 6719b99a, Layer: c8414620]"
2720926.466874,5000,6719b99a-d5dd-40b4-a9ed-2c8af6965e4a,worker_2,worker_2,MEM_MOVE,9.811769,0.076654,"RAM -> VRAM [Model: 6719b99a, Layer: c8414620]"
2720926.516874,5000,6719b99a-d5dd-40b4-a9ed-2c8af6965e4a,worker_2,worker_2,GPU_COMPUTE,0.050000,0.050000,GPU Compute
2720926.674874,5000,6719b99a-d5dd-40b4-a9ed-2c8af6965e4a,worker_2,coordinator_0,NET_TRANSFER,0.000100,0.158000,Signal Finished
2721571.972822,5000,6719b99a-d5dd-40b4-a9ed-2c8af6965e4a,coordinator_0,worker_3,NET_TRANSFER,8.064349,645.297948,Distribute Layer ID: 5c057cab
2721572.035571,5000,6719b99a-d5dd-40b4-a9ed-2c8af6965e4a,worker_3,worker_3,MEM_MOVE,8.031822,0.062749,"Evict VRAM -> RAM [Model: 6719b99a, Layer: 553f1e8c]"
2721572.098574,5000,6719b99a-d5dd-40b4-a9ed-2c8af6965e4a,worker_3,worker_3,DISK_LOAD,8.064349,0.063003,"Disk -> RAM [Model: 6719b99a, Layer: 5c057cab]"
2721572.161576,5000,6719b99a-d5dd-40b4-a9ed-2c8af6965e4a,worker_3,worker_3,MEM_MOVE,8.064349,0.063003,"RAM -> VRAM [Model: 6719b99a, Layer: 5c057cab]"
2721572.211576,5000,6719b99a-d5dd-40b4-a9ed-2c8af6965e4a,worker_3,worker_3,GPU_COMPUTE,0.050000,0.050000,GPU Compute
2721572.369576,5000,6719b99a-d5dd-40b4-a9ed-2c8af6965e4a,worker_3,coordinator_0,NET_TRANSFER,0.000100,0.158000,Signal Finished
2722690.533966,4000,465b0809-1f2a-4765-9c07-c91155ff513f,coordinator_0,worker_3,NET_TRANSFER,13.975180,1118.164390,Distribute Layer ID: 0c2fd4ba
2722690.583966,4000,465b0809-1f2a-4765-9c07-c91155ff513f,worker_3,worker_3,GPU_COMPUTE,0.050000,0.050000,GPU Compute
2722690.741966,4000,465b0809-1f2a-4765-9c07-c91155ff513f,worker_3,coordinator_0,NET_TRANSFER,0.000100,0.158000,Signal Finished
2723186.652491,4000,465b0809-1f2a-4765-9c07-c91155ff513f,coordinator_0,worker_4,NET_TRANSFER,6.197007,495.910525,Distribute Layer ID: 53f10638
2723186.728952,4000,465b0809-1f2a-4765-9c07-c91155ff513f,worker_4,worker_4,MEM_MOVE,9.787007,0.076461,"Evict VRAM -> RAM [Model: 6719b99a, Layer: f9d99fbe]"
2723186.777366,4000,465b0809-1f2a-4765-9c07-c91155ff513f,worker_4,worker_4,MEM_MOVE,6.197007,0.048414,"RAM -> VRAM [Model: 465b0809, Layer: 53f10638]"
2723186.827366,4000,465b0809-1f2a-4765-9c07-c91155ff513f,worker_4,worker_4,GPU_COMPUTE,0.050000,0.050000,GPU Compute
2723186.985366,4000,465b0809-1f2a-4765-9c07-c91155ff513f,worker_4,coordinator_0,NET_TRANSFER,0.000100,0.158000,Signal Finished
2724317.404218,4000,465b0809-1f2a-4765-9c07-c91155ff513f,coordinator_0,worker_1,NET_TRANSFER,14.128361,1130.418852,Distribute Layer ID: 680c3b98
2724317.508722,4000,465b0809-1f2a-4765-9c07-c91155ff513f,worker_1,worker_1,MEM_MOVE,13.376551,0.104504,"Evict VRAM -> RAM [Model: 6719b99a, Layer: 92e7fab7]"
2724317.619100,4000,465b0809-1f2a-4765-9c07-c91155ff513f,worker_1,worker_1,MEM_MOVE,14.128361,0.110378,"RAM -> VRAM [Model: 465b0809, Layer: 680c3b98]"
2724317.669100,4000,465b0809-1f2a-4765-9c07-c91155ff513f,worker_1,worker_1,GPU_COMPUTE,0.050000,0.050000,GPU Compute
2724317.827100,4000,465b0809-1f2a-4765-9c07-c91155ff513f,worker_1,coordinator_0,NET_TRANSFER,0.000100,0.158000,Signal Finished
2724785.365876,4000,465b0809-1f2a-4765-9c07-c91155ff513f,coordinator_0,worker_2,NET_TRANSFER,5.842360,467.538776,Distribute Layer ID: 71f3455d
2724785.442530,4000,465b0809-1f2a-4765-9c07-c91155ff513f,worker_2,worker_2,MEM_MOVE,9.811769,0.076654,"Evict VRAM -> RAM [Model: 6719b99a, Layer: c8414620]"
2724785.488173,4000,465b0809-1f2a-4765-9c07-c91155ff513f,worker_2,worker_2,MEM_MOVE,5.842360,0.045643,"RAM -> VRAM [Model: 465b0809, Layer: 71f3455d]"
2724785.538173,4000,465b0809-1f2a-4765-9c07-c91155ff513f,worker_2,worker_2,GPU_COMPUTE,0.050000,0.050000,GPU Compute
2724785.696173,4000,465b0809-1f2a-4765-9c07-c91155ff513f,worker_2,coordinator_0,NET_TRANSFER,0.000100,0.158000,Signal Finished
2725324.674342,4000,465b0809-1f2a-4765-9c07-c91155ff513f,coordinator_0,worker_3,NET_TRANSFER,6.735352,538.978169,Distribute Layer ID: 69b9fe20
2725324.724342,4000,465b0809-1f2a-4765-9c07-c91155ff513f,worker_3,worker_3,GPU_COMPUTE,0.050000,0.050000,GPU Compute
2725324.882342,4000,465b0809-1f2a-4765-9c07-c91155ff513f,worker_3,coordinator_0,NET_TRANSFER,0.000100,0.158000,Signal Finished
2725839.687001,4000,465b0809-1f2a-4765-9c07-c91155ff513f,coordinator_0,worker_4,NET_TRANSFER,6.433183,514.804659,Distribute Layer ID: ecafe22f
2725839.735415,4000,465b0809-1f2a-4765-9c07-c91155ff513f,worker_4,worker_4,MEM_MOVE,6.197007,0.048414,"Evict VRAM -> RAM [Model: 465b0809, Layer: 53f10638]"
2725839.785675,4000,465b0809-1f2a-4765-9c07-c91155ff513f,worker_4,worker_4,MEM_MOVE,6.433183,0.050259,"RAM -> VRAM [Model: 465b0809, Layer: ecafe22f]"
2725839.835675,4000,465b0809-1f2a-4765-9c07-c91155ff513f,worker_4,worker_4,GPU_COMPUTE,0.050000,0.050000,GPU Compute
2725839.993675,4000,465b0809-1f2a-4765-9c07-c91155ff513f,worker_4,coordinator_0,NET_TRANSFER,0.000100,0.158000,Signal Finished
2726544.530954,4000,465b0809-1f2a-4765-9c07-c91155ff513f,coordinator_0,worker_1,NET_TRANSFER,8.804841,704.537279,Distribute Layer ID: bc9896c4
2726544.641332,4000,465b0809-1f2a-4765-9c07-c91155ff513f,worker_1,worker_1,MEM_MOVE,14.128361,0.110378,"Evict VRAM -> RAM [Model: 465b0809, Layer: 680c3b98]"
2726544.710120,4000,465b0809-1f2a-4765-9c07-c91155ff513f,worker_1,worker_1,MEM_MOVE,8.804841,0.068788,"RAM -> VRAM [Model: 465b0809, Layer: bc9896c4]"
2726544.760120,4000,465b0809-1f2a-4765-9c07-c91155ff513f,worker_1,worker_1,GPU_COMPUTE,0.050000,0.050000,GPU Compute
2726544.918120,4000,465b0809-1f2a-4765-9c07-c91155ff513f,worker_1,coordinator_0,NET_TRANSFER,0.000100,0.158000,Signal Finished
2727497.472119,4000,465b0809-1f2a-4765-9c07-c91155ff513f,coordinator_0,worker_2,NET_TRANSFER,11.905050,952.553999,Distribute Layer ID: f76cb26f
2727497.517762,4000,465b0809-1f2a-4765-9c07-c91155ff513f,worker_2,worker_2,MEM_MOVE,5.842360,0.045643,"Evict VRAM -> RAM [Model: 465b0809, Layer: 71f3455d]"
2727497.598473,4000,465b0809-1f2a-4765-9c07-c91155ff513f,worker_2,worker_2,MEM_MOVE,10.330953,0.080711,"Evict VRAM -> RAM [Model: 6719b99a, Layer: 46ed7f1f]"
2727497.691481,4000,465b0809-1f2a-4765-9c07-c91155ff513f,worker_2,worker_2,MEM_MOVE,11.905050,0.093008,"RAM -> VRAM [Model: 465b0809, Layer: f76cb26f]"
2727497.741481,4000,465b0809-1f2a-4765-9c07-c91155ff513f,worker_2,worker_2,GPU_COMPUTE,0.050000,0.050000,GPU Compute
2727497.899481,4000,465b0809-1f2a-4765-9c07-c91155ff513f,worker_2,coordinator_0,NET_TRANSFER,0.000100,0.158000,Signal Finished
2728246.019837,4000,465b0809-1f2a-4765-9c07-c91155ff513f,coordinator_0,worker_3,NET_TRANSFER,9.349629,748.120356,Distribute Layer ID: 19a422cc
2728246.069837,4000,465b0809-1f2a-4765-9c07-c91155ff513f,worker_3,worker_3,GPU_COMPUTE,0.050000,0.050000,GPU Compute
2728246.227837,4000,465b0809-1f2a-4765-9c07-c91155ff513f,worker_3,coordinator_0,NET_TRANSFER,0.000100,0.158000,Signal Finished
2728779.153495,4000,465b0809-1f2a-4765-9c07-c91155ff513f,coordinator_0,worker_4,NET_TRANSFER,6.659696,532.925659,Distribute Layer ID: 9343817e
2728779.203755,4000,465b0809-1f2a-4765-9c07-c91155ff513f,worker_4,worker_4,MEM_MOVE,6.433183,0.050259,"Evict VRAM -> RAM [Model: 465b0809, Layer: ecafe22f]"
2728779.255783,4000,465b0809-1f2a-4765-9c07-c91155ff513f,worker_4,worker_4,MEM_MOVE,6.659696,0.052029,"RAM -> VRAM [Model: 465b0809, Layer: 9343817e]"
2728779.305783,4000,465b0809-1f2a-4765-9c07-c91155ff513f,worker_4,worker_4,GPU_COMPUTE,0.050000,0.050000,GPU Compute
2728779.463783,4000,465b0809-1f2a-4765-9c07-c91155ff513f,worker_4,coordinator_0,NET_TRANSFER,0.000100,0.158000,Signal Finished
2729533.070794,4000,465b0809-1f2a-4765-9c07-c91155ff513f,coordinator_0,worker_1,NET_TRANSFER,9.418213,753.607010,Distribute Layer ID: b00e6cee
2729533.139582,4000,465b0809-1f2a-4765-9c07-c91155ff513f,worker_1,worker_1,MEM_MOVE,8.804841,0.068788,"Evict VRAM -> RAM [Model: 465b0809, Layer: bc9896c4]"
2729533.213162,4000,465b0809-1f2a-4765-9c07-c91155ff513f,worker_1,worker_1,MEM_MOVE,9.418213,0.073580,"RAM -> VRAM [Model: 465b0809, Layer: b00e6cee]"
2729533.263162,4000,465b0809-1f2a-4765-9c07-c91155ff513f,worker_1,worker_1,GPU_COMPUTE,0.050000,0.050000,GPU Compute
2729533.421162,4000,465b0809-1f2a-4765-9c07-c91155ff513f,worker_1,coordinator_0,NET_TRANSFER,0.000100,0.158000,Signal Finished
2729958.601178,4000,465b0809-1f2a-4765-9c07-c91155ff513f,coordinator_0,worker_2,NET_TRANSFER,5.312875,425.180017,Distribute Layer ID: aa832108
2729958.642685,4000,465b0809-1f2a-4765-9c07-c91155ff513f,worker_2,worker_2,MEM_MOVE,5.312875,0.041507,"RAM -> VRAM [Model: 465b0809, Layer: aa832108]"
2729958.692685,4000,465b0809-1f2a-4765-9c07-c91155ff513f,worker_2,worker_2,GPU_COMPUTE,0.050000,0.050000,GPU Compute
2729958.850685,4000,465b0809-1f2a-4765-9c07-c91155ff513f,worker_2,coordinator_0,NET_TRANSFER,0.000100,0.158000,Signal Finished
2730495.065250,4000,465b0809-1f2a-4765-9c07-c91155ff513f,coordinator_0,worker_3,NET_TRANSFER,6.700807,536.214565,Distribute Layer ID: edd78969
2730495.115250,4000,465b0809-1f2a-4765-9c07-c91155ff513f,worker_3,worker_3,GPU_COMPUTE,0.050000,0.050000,GPU Compute
2730495.273250,4000,465b0809-1f2a-4765-9c07-c91155ff513f,worker_3,coordinator_0,NET_TRANSFER,0.000100,0.158000,Signal Finished
2731126.683914,4000,465b0809-1f2a-4765-9c07-c91155ff513f,coordinator_0,worker_4,NET_TRANSFER,7.890758,631.410664,Distribute Layer ID: 863568d2
2731126.735943,4000,465b0809-1f2a-4765-9c07-c91155ff513f,worker_4,worker_4,MEM_MOVE,6.659696,0.052029,"Evict VRAM -> RAM [Model: 465b0809, Layer: 9343817e]"
2731126.797590,4000,465b0809-1f2a-4765-9c07-c91155ff513f,worker_4,worker_4,MEM_MOVE,7.890758,0.061647,"RAM -> VRAM [Model: 465b0809, Layer: 863568d2]"
2731126.847590,4000,465b0809-1f2a-4765-9c07-c91155ff513f,worker_4,worker_4,GPU_COMPUTE,0.050000,0.050000,GPU Compute
2731127.005590,4000,465b0809-1f2a-4765-9c07-c91155ff513f,worker_4,coordinator_0,NET_TRANSFER,0.000100,0.158000,Signal Finished
2731789.921134,4000,465b0809-1f2a-4765-9c07-c91155ff513f,coordinator_0,worker_1,NET_TRANSFER,8.284569,662.915545,Distribute Layer ID: 5ab90550
2731789.994714,4000,465b0809-1f2a-4765-9c07-c91155ff513f,worker_1,worker_1,MEM_MOVE,9.418213,0.073580,"Evict VRAM -> RAM [Model: 465b0809, Layer: b00e6cee]"
2731790.059437,4000,465b0809-1f2a-4765-9c07-c91155ff513f,worker_1,worker_1,MEM_MOVE,8.284569,0.064723,"RAM -> VRAM [Model: 465b0809, Layer: 5ab90550]"
2731790.109437,4000,465b0809-1f2a-4765-9c07-c91155ff513f,worker_1,worker_1,GPU_COMPUTE,0.050000,0.050000,GPU Compute
2731790.267437,4000,465b0809-1f2a-4765-9c07-c91155ff513f,worker_1,coordinator_0,NET_TRANSFER,0.000100,0.158000,Signal Finished
2732572.586028,4000,465b0809-1f2a-4765-9c07-c91155ff513f,coordinator_0,worker_2,NET_TRANSFER,9.777107,782.318591,Distribute Layer ID: 77273836
2732572.627535,4000,465b0809-1f2a-4765-9c07-c91155ff513f,worker_2,worker_2,MEM_MOVE,5.312875,0.041507,"Evict VRAM -> RAM [Model: 465b0809, Layer: aa832108]"
2732572.703919,4000,465b0809-1f2a-4765-9c07-c91155ff513f,worker_2,worker_2,MEM_MOVE,9.777107,0.076384,"RAM -> VRAM [Model: 465b0809, Layer: 77273836]"
2732572.753919,4000,465b0809-1f2a-4765-9c07-c91155ff513f,worker_2,worker_2,GPU_COMPUTE,0.050000,0.050000,GPU Compute
2732572.911919,4000,465b0809-1f2a-4765-9c07-c91155ff513f,worker_2,coordinator_0,NET_TRANSFER,0.000100,0.158000,Signal Finished
2733717.649390,4000,465b0809-1f2a-4765-9c07-c91155ff513f,coordinator_0,worker_3,NET_TRANSFER,14.307343,1144.737471,Distribute Layer ID: 51f10c48
2733717.701740,4000,465b0809-1f2a-4765-9c07-c91155ff513f,worker_3,worker_3,MEM_MOVE,6.700807,0.052350,"Evict VRAM -> RAM [Model: 465b0809, Layer: edd78969]"
2733717.774784,4000,465b0809-1f2a-4765-9c07-c91155ff513f,worker_3,worker_3,MEM_MOVE,9.349629,0.073044,"Evict VRAM -> RAM [Model: 465b0809, Layer: 19a422cc]"
2733717.886560,4000,465b0809-1f2a-4765-9c07-c91155ff513f,worker_3,worker_3,MEM_MOVE,14.307343,0.111776,"RAM -> VRAM [Model: 465b0809, Layer: 51f10c48]"
2733717.936560,4000,465b0809-1f2a-4765-9c07-c91155ff513f,worker_3,worker_3,GPU_COMPUTE,0.050000,0.050000,GPU Compute
2733718.094560,4000,465b0809-1f2a-4765-9c07-c91155ff513f,worker_3,coordinator_0,NET_TRANSFER,0.000100,0.158000,Signal Finished
2734462.775764,4000,465b0809-1f2a-4765-9c07-c91155ff513f,coordinator_0,worker_4,NET_TRANSFER,9.306640,744.681204,Distribute Layer ID: 7aaa068c
2734462.837410,4000,465b0809-1f2a-4765-9c07-c91155ff513f,worker_4,worker_4,MEM_MOVE,7.890758,0.061647,"Evict VRAM -> RAM [Model: 465b0809, Layer: 863568d2]"
2734462.910118,4000,465b0809-1f2a-4765-9c07-c91155ff513f,worker_4,worker_4,MEM_MOVE,9.306640,0.072708,"RAM -> VRAM [Model: 465b0809, Layer: 7aaa068c]"
2734462.960118,4000,465b0809-1f2a-4765-9c07-c91155ff513f,worker_4,worker_4,GPU_COMPUTE,0.050000,0.050000,GPU Compute
2734463.118118,4000,465b0809-1f2a-4765-9c07-c91155ff513f,worker_4,coordinator_0,NET_TRANSFER,0.000100,0.158000,Signal Finished
2735263.526885,4000,465b0809-1f2a-4765-9c07-c91155ff513f,coordinator_0,worker_1,NET_TRANSFER,10.003235,800.408767,Distribute Layer ID: c9a4b9d1
2735263.591608,4000,465b0809-1f2a-4765-9c07-c91155ff513f,worker_1,worker_1,MEM_MOVE,8.284569,0.064723,"Evict VRAM -> RAM [Model: 465b0809, Layer: 5ab90550]"
2735263.669758,4000,465b0809-1f2a-4765-9c07-c91155ff513f,worker_1,worker_1,MEM_MOVE,10.003235,0.078150,"RAM -> VRAM [Model: 465b0809, Layer: c9a4b9d1]"
2735263.719758,4000,465b0809-1f2a-4765-9c07-c91155ff513f,worker_1,worker_1,GPU_COMPUTE,0.050000,0.050000,GPU Compute
2735263.877758,4000,465b0809-1f2a-4765-9c07-c91155ff513f,worker_1,coordinator_0,NET_TRANSFER,0.000100,0.158000,Signal Finished
2736064.944639,4000,465b0809-1f2a-4765-9c07-c91155ff513f,coordinator_0,worker_2,NET_TRANSFER,10.011461,801.066880,Distribute Layer ID: d5f1869c
2736065.021023,4000,465b0809-1f2a-4765-9c07-c91155ff513f,worker_2,worker_2,MEM_MOVE,9.777107,0.076384,"Evict VRAM -> RAM [Model: 465b0809, Layer: 77273836]"
2736065.114031,4000,465b0809-1f2a-4765-9c07-c91155ff513f,worker_2,worker_2,MEM_MOVE,11.905050,0.093008,"Evict VRAM -> RAM [Model: 465b0809, Layer: f76cb26f]"
2736065.192245,4000,465b0809-1f2a-4765-9c07-c91155ff513f,worker_2,worker_2,MEM_MOVE,10.011461,0.078215,"RAM -> VRAM [Model: 465b0809, Layer: d5f1869c]"
2736065.242245,4000,465b0809-1f2a-4765-9c07-c91155ff513f,worker_2,worker_2,GPU_COMPUTE,0.050000,0.050000,GPU Compute
2736065.400245,4000,465b0809-1f2a-4765-9c07-c91155ff513f,worker_2,coordinator_0,NET_TRANSFER,0.000100,0.158000,Signal Finished
2737191.331964,4000,465b0809-1f2a-4765-9c07-c91155ff513f,coordinator_0,worker_3,NET_TRANSFER,14.072271,1125.931719,Distribute Layer ID: 0e3aca35
2737191.443740,4000,465b0809-1f2a-4765-9c07-c91155ff513f,worker_3,worker_3,MEM_MOVE,14.307343,0.111776,"Evict VRAM -> RAM [Model: 465b0809, Layer: 51f10c48]"
2737191.553680,4000,465b0809-1f2a-4765-9c07-c91155ff513f,worker_3,worker_3,MEM_MOVE,14.072271,0.109940,"RAM -> VRAM [Model: 465b0809, Layer: 0e3aca35]"
2737191.603680,4000,465b0809-1f2a-4765-9c07-c91155ff513f,worker_3,worker_3,GPU_COMPUTE,0.050000,0.050000,GPU Compute
2737191.761680,4000,465b0809-1f2a-4765-9c07-c91155ff513f,worker_3,coordinator_0,NET_TRANSFER,0.000100,0.158000,Signal Finished
2737924.657645,4000,465b0809-1f2a-4765-9c07-c91155ff513f,coordinator_0,worker_4,NET_TRANSFER,9.159325,732.895965,Distribute Layer ID: b322f612
2737924.730353,4000,465b0809-1f2a-4765-9c07-c91155ff513f,worker_4,worker_4,MEM_MOVE,9.306640,0.072708,"Evict VRAM -> RAM [Model: 465b0809, Layer: 7aaa068c]"
2737924.801911,4000,465b0809-1f2a-4765-9c07-c91155ff513f,worker_4,worker_4,MEM_MOVE,9.159325,0.071557,"RAM -> VRAM [Model: 465b0809, Layer: b322f612]"
2737924.851911,4000,465b0809-1f2a-4765-9c07-c91155ff513f,worker_4,worker_4,GPU_COMPUTE,0.050000,0.050000,GPU Compute
2737925.009911,4000,465b0809-1f2a-4765-9c07-c91155ff513f,worker_4,coordinator_0,NET_TRANSFER,0.000100,0.158000,Signal Finished
2738538.780814,4000,465b0809-1f2a-4765-9c07-c91155ff513f,coordinator_0,worker_1,NET_TRANSFER,7.670261,613.770903,Distribute Layer ID: 1df51db6
2738538.858964,4000,465b0809-1f2a-4765-9c07-c91155ff513f,worker_1,worker_1,MEM_MOVE,10.003235,0.078150,"Evict VRAM -> RAM [Model: 465b0809, Layer: c9a4b9d1]"
2738538.918888,4000,465b0809-1f2a-4765-9c07-c91155ff513f,worker_1,worker_1,MEM_MOVE,7.670261,0.059924,"RAM -> VRAM [Model: 465b0809, Layer: 1df51db6]"
2738538.968888,4000,465b0809-1f2a-4765-9c07-c91155ff513f,worker_1,worker_1,GPU_COMPUTE,0.050000,0.050000,GPU Compute
2738539.126888,4000,465b0809-1f2a-4765-9c07-c91155ff513f,worker_1,coordinator_0,NET_TRANSFER,0.000100,0.158000,Signal Finished
2739655.692179,4000,465b0809-1f2a-4765-9c07-c91155ff513f,coordinator_0,worker_2,NET_TRANSFER,13.955191,1116.565291,Distribute Layer ID: 4dc4da16
2739655.770394,4000,465b0809-1f2a-4765-9c07-c91155ff513f,worker_2,worker_2,MEM_MOVE,10.011461,0.078215,"Evict VRAM -> RAM [Model: 465b0809, Layer: d5f1869c]"
2739655.879418,4000,465b0809-1f2a-4765-9c07-c91155ff513f,worker_2,worker_2,MEM_MOVE,13.955191,0.109025,"RAM -> VRAM [Model: 465b0809, Layer: 4dc4da16]"
2739655.929418,4000,465b0809-1f2a-4765-9c07-c91155ff513f,worker_2,worker_2,GPU_COMPUTE,0.050000,0.050000,GPU Compute
2739656.087418,4000,465b0809-1f2a-4765-9c07-c91155ff513f,worker_2,coordinator_0,NET_TRANSFER,0.000100,0.158000,Signal Finished
2740109.380300,4000,465b0809-1f2a-4765-9c07-c91155ff513f,coordinator_0,worker_3,NET_TRANSFER,5.664286,453.292882,Distribute Layer ID: 21c4023e
2740109.424552,4000,465b0809-1f2a-4765-9c07-c91155ff513f,worker_3,worker_3,MEM_MOVE,5.664286,0.044252,"RAM -> VRAM [Model: 465b0809, Layer: 21c4023e]"
2740109.474552,4000,465b0809-1f2a-4765-9c07-c91155ff513f,worker_3,worker_3,GPU_COMPUTE,0.050000,0.050000,GPU Compute
2740109.632552,4000,465b0809-1f2a-4765-9c07-c91155ff513f,worker_3,coordinator_0,NET_TRANSFER,0.000100,0.158000,Signal Finished
2741131.867670,4000,465b0809-1f2a-4765-9c07-c91155ff513f,coordinator_0,worker_4,NET_TRANSFER,12.776064,1022.235118,Distribute Layer ID: b41a2f4a
2741131.939227,4000,465b0809-1f2a-4765-9c07-c91155ff513f,worker_4,worker_4,MEM_MOVE,9.159325,0.071557,"Evict VRAM -> RAM [Model: 465b0809, Layer: b322f612]"
2741132.046895,4000,465b0809-1f2a-4765-9c07-c91155ff513f,worker_4,worker_4,MEM_MOVE,13.781497,0.107668,"Evict VRAM -> RAM [Model: 6719b99a, Layer: f747ec1d]"
2741132.146708,4000,465b0809-1f2a-4765-9c07-c91155ff513f,worker_4,worker_4,MEM_MOVE,12.776064,0.099813,"RAM -> VRAM [Model: 465b0809, Layer: b41a2f4a]"
2741132.196708,4000,465b0809-1f2a-4765-9c07-c91155ff513f,worker_4,worker_4,GPU_COMPUTE,0.050000,0.050000,GPU Compute
2741132.354708,4000,465b0809-1f2a-4765-9c07-c91155ff513f,worker_4,coordinator_0,NET_TRANSFER,0.000100,0.158000,Signal Finished
2741767.322142,4000,465b0809-1f2a-4765-9c07-c91155ff513f,coordinator_0,worker_1,NET_TRANSFER,7.935218,634.967434,Distribute Layer ID: 737c19d5
2741767.480142,3014,764495bb-6a07-44df-890a-53f143dbe627,client_3,coordinator_0,NET_TRANSFER,0.000100,0.158000,Request Model ID
2741767.638142,6016,5db32043-be1a-4e02-ad7f-c6e5724beb16,client_6,coordinator_0,NET_TRANSFER,0.000100,0.158000,Request Model ID
2741767.796142,3014,edbb5a5f-96c7-4587-bae7-76b991139bc5,client_3,coordinator_0,NET_TRANSFER,0.000100,0.158000,Request Model ID
2741767.954142,4014,4facc46c-ad7c-4d01-ba5e-74a30664ea70,client_4,coordinator_0,NET_TRANSFER,0.000100,0.158000,Request Model ID
2741768.112142,4014,6609f742-f82c-4319-a137-2138d96bee8c,client_4,coordinator_0,NET_TRANSFER,0.000100,0.158000,Request Model ID
2741768.270142,1019,5cc668a7-e96c-4967-9bda-791a9bb56c57,client_1,coordinator_0,NET_TRANSFER,0.000100,0.158000,Request Model ID
2741768.332136,4000,465b0809-1f2a-4765-9c07-c91155ff513f,worker_1,worker_1,MEM_MOVE,7.935218,0.061994,"RAM -> VRAM [Model: 465b0809, Layer: 737c19d5]"
2741768.382136,4000,465b0809-1f2a-4765-9c07-c91155ff513f,worker_1,worker_1,GPU_COMPUTE,0.050000,0.050000,GPU Compute
2741768.540136,4000,465b0809-1f2a-4765-9c07-c91155ff513f,worker_1,coordinator_0,NET_TRANSFER,0.000100,0.158000,Signal Finished
2742643.508679,4000,465b0809-1f2a-4765-9c07-c91155ff513f,coordinator_0,worker_2,NET_TRANSFER,10.935232,874.968544,Distribute Layer ID: 66972e75
2742643.617704,4000,465b0809-1f2a-4765-9c07-c91155ff513f,worker_2,worker_2,MEM_MOVE,13.955191,0.109025,"Evict VRAM -> RAM [Model: 465b0809, Layer: 4dc4da16]"
2742643.703136,4000,465b0809-1f2a-4765-9c07-c91155ff513f,worker_2,worker_2,MEM_MOVE,10.935232,0.085431,"RAM -> VRAM [Model: 465b0809, Layer: 66972e75]"
2742643.753136,4000,465b0809-1f2a-4765-9c07-c91155ff513f,worker_2,worker_2,GPU_COMPUTE,0.050000,0.050000,GPU Compute
2742643.911136,4000,465b0809-1f2a-4765-9c07-c91155ff513f,worker_2,coordinator_0,NET_TRANSFER,0.000100,0.158000,Signal Finished
2743689.460508,4000,465b0809-1f2a-4765-9c07-c91155ff513f,coordinator_0,worker_3,NET_TRANSFER,13.067492,1045.549372,Distribute Layer ID: 8e6a4917
2743689.504760,4000,465b0809-1f2a-4765-9c07-c91155ff513f,worker_3,worker_3,MEM_MOVE,5.664286,0.044252,"Evict VRAM -> RAM [Model: 465b0809, Layer: 21c4023e]"
2743689.614700,4000,465b0809-1f2a-4765-9c07-c91155ff513f,worker_3,worker_3,MEM_MOVE,14.072271,0.109940,"Evict VRAM -> RAM [Model: 465b0809, Layer: 0e3aca35]"
2743689.716789,4000,465b0809-1f2a-4765-9c07-c91155ff513f,worker_3,worker_3,MEM_MOVE,13.067492,0.102090,"RAM -> VRAM [Model: 465b0809, Layer: 8e6a4917]"
2743689.766789,4000,465b0809-1f2a-4765-9c07-c91155ff513f,worker_3,worker_3,GPU_COMPUTE,0.050000,0.050000,GPU Compute
2743689.924789,4000,465b0809-1f2a-4765-9c07-c91155ff513f,worker_3,coordinator_0,NET_TRANSFER,0.000100,0.158000,Signal Finished
2744429.077574,4000,465b0809-1f2a-4765-9c07-c91155ff513f,coordinator_0,worker_4,NET_TRANSFER,9.237535,739.152785,Distribute Layer ID: c6d60741
2744429.235574,10018,209734fe-da0f-4c49-8ae8-1285e31e9d43,client_10,coordinator_0,NET_TRANSFER,0.000100,0.158000,Request Model ID
2744429.307743,4000,465b0809-1f2a-4765-9c07-c91155ff513f,worker_4,worker_4,MEM_MOVE,9.237535,0.072168,"RAM -> VRAM [Model: 465b0809, Layer: c6d60741]"
2744429.357743,4000,465b0809-1f2a-4765-9c07-c91155ff513f,worker_4,worker_4,GPU_COMPUTE,0.050000,0.050000,GPU Compute
2744429.515743,4000,465b0809-1f2a-4765-9c07-c91155ff513f,worker_4,coordinator_0,NET_TRANSFER,0.000100,0.158000,Signal Finished
2745408.378044,4000,465b0809-1f2a-4765-9c07-c91155ff513f,coordinator_0,worker_1,NET_TRANSFER,12.233904,978.862302,Distribute Layer ID: 4be51b27
2745408.440038,4000,465b0809-1f2a-4765-9c07-c91155ff513f,worker_1,worker_1,MEM_MOVE,7.935218,0.061994,"Evict VRAM -> RAM [Model: 465b0809, Layer: 737c19d5]"
2745408.499962,4000,465b0809-1f2a-4765-9c07-c91155ff513f,worker_1,worker_1,MEM_MOVE,7.670261,0.059924,"Evict VRAM -> RAM [Model: 465b0809, Layer: 1df51db6]"
2745408.595540,4000,465b0809-1f2a-4765-9c07-c91155ff513f,worker_1,worker_1,MEM_MOVE,12.233904,0.095577,"RAM -> VRAM [Model: 465b0809, Layer: 4be51b27]"
2745408.645540,4000,465b0809-1f2a-4765-9c07-c91155ff513f,worker_1,worker_1,GPU_COMPUTE,0.050000,0.050000,GPU Compute
2745408.803540,4000,465b0809-1f2a-4765-9c07-c91155ff513f,worker_1,coordinator_0,NET_TRANSFER,0.000100,0.158000,Signal Finished
2746154.698879,4000,465b0809-1f2a-4765-9c07-c91155ff513f,coordinator_0,worker_2,NET_TRANSFER,9.321817,745.895339,Distribute Layer ID: acff2544
2746154.771706,4000,465b0809-1f2a-4765-9c07-c91155ff513f,worker_2,worker_2,MEM_MOVE,9.321817,0.072827,"RAM -> VRAM [Model: 465b0809, Layer: acff2544]"
2746154.821706,4000,465b0809-1f2a-4765-9c07-c91155ff513f,worker_2,worker_2,GPU_COMPUTE,0.050000,0.050000,GPU Compute
2746154.979706,4000,465b0809-1f2a-4765-9c07-c91155ff513f,worker_2,coordinator_0,NET_TRANSFER,0.000100,0.158000,Signal Finished
2747135.300697,4000,465b0809-1f2a-4765-9c07-c91155ff513f,coordinator_0,worker_3,NET_TRANSFER,12.252137,980.320991,Distribute Layer ID: 6e82ae23
2747135.402787,4000,465b0809-1f2a-4765-9c07-c91155ff513f,worker_3,worker_3,MEM_MOVE,13.067492,0.102090,"Evict VRAM -> RAM [Model: 465b0809, Layer: 8e6a4917]"
2747135.498507,4000,465b0809-1f2a-4765-9c07-c91155ff513f,worker_3,worker_3,MEM_MOVE,12.252137,0.095720,"RAM -> VRAM [Model: 465b0809, Layer: 6e82ae23]"
2747135.548507,4000,465b0809-1f2a-4765-9c07-c91155ff513f,worker_3,worker_3,GPU_COMPUTE,0.050000,0.050000,GPU Compute
2747135.706507,4000,465b0809-1f2a-4765-9c07-c91155ff513f,worker_3,coordinator_0,NET_TRANSFER,0.000100,0.158000,Signal Finished
2747135.864507,4014,4facc46c-ad7c-4d01-ba5e-74a30664ea70,client_4,coordinator_0,NET_TRANSFER,0.000100,0.158000,Request Model ID
2747136.022507,5015,b707a332-9d3a-49c4-93ec-98a4b05713c0,client_5,coordinator_0,NET_TRANSFER,0.000100,0.158000,Request Model ID
2747136.180507,5015,a1fef963-8994-4de3-9710-1226ed828913,client_5,coordinator_0,NET_TRANSFER,0.000100,0.158000,Request Model ID
2747136.338507,9016,cc0dab58-f02c-469f-a696-153baf86d230,client_9,coordinator_0,NET_TRANSFER,0.000100,0.158000,Request Model ID
2747136.496507,7016,5db32043-be1a-4e02-ad7f-c6e5724beb16,client_7,coordinator_0,NET_TRANSFER,0.000100,0.158000,Request Model ID
2748294.324190,8000,b707a332-9d3a-49c4-93ec-98a4b05713c0,coordinator_0,worker_4,NET_TRANSFER,14.470971,1157.827684,Distribute Layer ID: f961de24
2748294.396358,8000,b707a332-9d3a-49c4-93ec-98a4b05713c0,worker_4,worker_4,MEM_MOVE,9.237535,0.072168,"Evict VRAM -> RAM [Model: 465b0809, Layer: c6d60741]"
2748294.496171,8000,b707a332-9d3a-49c4-93ec-98a4b05713c0,worker_4,worker_4,MEM_MOVE,12.776064,0.099813,"Evict VRAM -> RAM [Model: 465b0809, Layer: b41a2f4a]"
2748294.609226,8000,b707a332-9d3a-49c4-93ec-98a4b05713c0,worker_4,worker_4,DISK_LOAD,14.470971,0.113054,"Disk -> RAM [Model: b707a332, Layer: f961de24]"
2748294.722280,8000,b707a332-9d3a-49c4-93ec-98a4b05713c0,worker_4,worker_4,MEM_MOVE,14.470971,0.113054,"RAM -> VRAM [Model: b707a332, Layer: f961de24]"
2748294.772280,8000,b707a332-9d3a-49c4-93ec-98a4b05713c0,worker_4,worker_4,GPU_COMPUTE,0.050000,0.050000,GPU Compute
2748294.930280,8000,b707a332-9d3a-49c4-93ec-98a4b05713c0,worker_4,coordinator_0,NET_TRANSFER,0.000100,0.158000,Signal Finished
2748770.909700,8000,b707a332-9d3a-49c4-93ec-98a4b05713c0,coordinator_0,worker_1,NET_TRANSFER,5.947868,475.979420,Distribute Layer ID: 0a1d6da3
2748771.067700,10018,44d6099b-c80b-4423-b304-b17e70c9816c,client_10,coordinator_0,NET_TRANSFER,0.000100,0.158000,Request Model ID
2748771.163278,8000,b707a332-9d3a-49c4-93ec-98a4b05713c0,worker_1,worker_1,MEM_MOVE,12.233904,0.095577,"Evict VRAM -> RAM [Model: 465b0809, Layer: 4be51b27]"
2748771.321278,9016,6609f742-f82c-4319-a137-2138d96bee8c,client_9,coordinator_0,NET_TRANSFER,0.000100,0.158000,Request Model ID
2748771.367745,8000,b707a332-9d3a-49c4-93ec-98a4b05713c0,worker_1,worker_1,DISK_LOAD,5.947868,0.046468,"Disk -> RAM [Model: b707a332, Layer: 0a1d6da3]"
2748771.414213,8000,b707a332-9d3a-49c4-93ec-98a4b05713c0,worker_1,worker_1,MEM_MOVE,5.947868,0.046468,"RAM -> VRAM [Model: b707a332, Layer: 0a1d6da3]"
2748771.464213,8000,b707a332-9d3a-49c4-93ec-98a4b05713c0,worker_1,worker_1,GPU_COMPUTE,0.050000,0.050000,GPU Compute
2748771.622213,8000,b707a332-9d3a-49c4-93ec-98a4b05713c0,worker_1,coordinator_0,NET_TRANSFER,0.000100,0.158000,Signal Finished
2749425.118606,8000,b707a332-9d3a-49c4-93ec-98a4b05713c0,coordinator_0,worker_2,NET_TRANSFER,8.166830,653.496393,Distribute Layer ID: 4d4f038d
2749425.276606,10018,e79a3092-e870-46ea-bb81-d099d702b978,client_10,coordinator_0,NET_TRANSFER,0.000100,0.158000,Request Model ID
2749425.349433,8000,b707a332-9d3a-49c4-93ec-98a4b05713c0,worker_2,worker_2,MEM_MOVE,9.321817,0.072827,"Evict VRAM -> RAM [Model: 465b0809, Layer: acff2544]"
2749425.413236,8000,b707a332-9d3a-49c4-93ec-98a4b05713c0,worker_2,worker_2,DISK_LOAD,8.166830,0.063803,"Disk -> RAM [Model: b707a332, Layer: 4d4f038d]"
2749425.477039,8000,b707a332-9d3a-49c4-93ec-98a4b05713c0,worker_2,worker_2,MEM_MOVE,8.166830,0.063803,"RAM -> VRAM [Model: b707a332, Layer: 4d4f038d]"
2749425.527039,8000,b707a332-9d3a-49c4-93ec-98a4b05713c0,worker_2,worker_2,GPU_COMPUTE,0.050000,0.050000,GPU Compute
2749425.685039,8000,b707a332-9d3a-49c4-93ec-98a4b05713c0,worker_2,coordinator_0,NET_TRANSFER,0.000100,0.158000,Signal Finished
2750267.523736,8000,b707a332-9d3a-49c4-93ec-98a4b05713c0,coordinator_0,worker_3,NET_TRANSFER,10.521109,841.838697,Distribute Layer ID: ed3ef062
2750267.619456,8000,b707a332-9d3a-49c4-93ec-98a4b05713c0,worker_3,worker_3,MEM_MOVE,12.252137,0.095720,"Evict VRAM -> RAM [Model: 465b0809, Layer: 6e82ae23]"
2750267.701652,8000,b707a332-9d3a-49c4-93ec-98a4b05713c0,worker_3,worker_3,DISK_LOAD,10.521109,0.082196,"Disk -> RAM [Model: b707a332, Layer: ed3ef062]"
2750267.783849,8000,b707a332-9d3a-49c4-93ec-98a4b05713c0,worker_3,worker_3,MEM_MOVE,10.521109,0.082196,"RAM -> VRAM [Model: b707a332, Layer: ed3ef062]"
2750267.833849,8000,b707a332-9d3a-49c4-93ec-98a4b05713c0,worker_3,worker_3,GPU_COMPUTE,0.050000,0.050000,GPU Compute
2750267.991849,8000,b707a332-9d3a-49c4-93ec-98a4b05713c0,worker_3,coordinator_0,NET_TRANSFER,0.000100,0.158000,Signal Finished
2751178.197349,8000,b707a332-9d3a-49c4-93ec-98a4b05713c0,coordinator_0,worker_4,NET_TRANSFER,11.375694,910.205500,Distribute Layer ID: 29f8254a
2751178.310403,8000,b707a332-9d3a-49c4-93ec-98a4b05713c0,worker_4,worker_4,MEM_MOVE,14.470971,0.113054,"Evict VRAM -> RAM [Model: b707a332, Layer: f961de24]"
2751178.399276,8000,b707a332-9d3a-49c4-93ec-98a4b05713c0,worker_4,worker_4,DISK_LOAD,11.375694,0.088873,"Disk -> RAM [Model: b707a332, Layer: 29f8254a]"
2751178.488148,8000,b707a332-9d3a-49c4-93ec-98a4b05713c0,worker_4,worker_4,MEM_MOVE,11.375694,0.088873,"RAM -> VRAM [Model: b707a332, Layer: 29f8254a]"
2751178.538148,8000,b707a332-9d3a-49c4-93ec-98a4b05713c0,worker_4,worker_4,GPU_COMPUTE,0.050000,0.050000,GPU Compute
2751178.696148,8000,b707a332-9d3a-49c4-93ec-98a4b05713c0,worker_4,coordinator_0,NET_TRANSFER,0.000100,0.158000,Signal Finished
2751913.088904,8000,b707a332-9d3a-49c4-93ec-98a4b05713c0,coordinator_0,worker_1,NET_TRANSFER,9.178034,734.392755,Distribute Layer ID: f810840f
2751913.160607,8000,b707a332-9d3a-49c4-93ec-98a4b05713c0,worker_1,worker_1,DISK_LOAD,9.178034,0.071703,"Disk -> RAM [Model: b707a332, Layer: f810840f]"
2751913.232311,8000,b707a332-9d3a-49c4-93ec-98a4b05713c0,worker_1,worker_1,MEM_MOVE,9.178034,0.071703,"RAM -> VRAM [Model: b707a332, Layer: f810840f]"
2751913.282311,8000,b707a332-9d3a-49c4-93ec-98a4b05713c0,worker_1,worker_1,GPU_COMPUTE,0.050000,0.050000,GPU Compute
2751913.440311,8000,b707a332-9d3a-49c4-93ec-98a4b05713c0,worker_1,coordinator_0,NET_TRANSFER,0.000100,0.158000,Signal Finished
2752964.529447,8000,b707a332-9d3a-49c4-93ec-98a4b05713c0,coordinator_0,worker_2,NET_TRANSFER,13.136739,1051.089137,Distribute Layer ID: 40233c56
2752964.593251,8000,b707a332-9d3a-49c4-93ec-98a4b05713c0,worker_2,worker_2,MEM_MOVE,8.166830,0.063803,"Evict VRAM -> RAM [Model: b707a332, Layer: 4d4f038d]"
2752964.678682,8000,b707a332-9d3a-49c4-93ec-98a4b05713c0,worker_2,worker_2,MEM_MOVE,10.935232,0.085431,"Evict VRAM -> RAM [Model: 465b0809, Layer: 66972e75]"
2752964.781313,8000,b707a332-9d3a-49c4-93ec-98a4b05713c0,worker_2,worker_2,DISK_LOAD,13.136739,0.102631,"Disk -> RAM [Model: b707a332, Layer: 40233c56]"
2752964.883944,8000,b707a332-9d3a-49c4-93ec-98a4b05713c0,worker_2,worker_2,MEM_MOVE,13.136739,0.102631,"RAM -> VRAM [Model: b707a332, Layer: 40233c56]"
2752964.933944,8000,b707a332-9d3a-49c4-93ec-98a4b05713c0,worker_2,worker_2,GPU_COMPUTE,0.050000,0.050000,GPU Compute
2752965.091944,8000,b707a332-9d3a-49c4-93ec-98a4b05713c0,worker_2,coordinator_0,NET_TRANSFER,0.000100,0.158000,Signal Finished
2753350.822115,8000,b707a332-9d3a-49c4-93ec-98a4b05713c0,coordinator_0,worker_3,NET_TRANSFER,4.819752,385.730171,Distribute Layer ID: 9c8ba9d0
2753350.859769,8000,b707a332-9d3a-49c4-93ec-98a4b05713c0,worker_3,worker_3,DISK_LOAD,4.819752,0.037654,"Disk -> RAM [Model: b707a332, Layer: 9c8ba9d0]"
2753350.897423,8000,b707a332-9d3a-49c4-93ec-98a4b05713c0,worker_3,worker_3,MEM_MOVE,4.819752,0.037654,"RAM -> VRAM [Model: b707a332, Layer: 9c8ba9d0]"
2753350.947423,8000,b707a332-9d3a-49c4-93ec-98a4b05713c0,worker_3,worker_3,GPU_COMPUTE,0.050000,0.050000,GPU Compute
2753351.105423,8000,b707a332-9d3a-49c4-93ec-98a4b05713c0,worker_3,coordinator_0,NET_TRANSFER,0.000100,0.158000,Signal Finished
2753995.331709,8000,b707a332-9d3a-49c4-93ec-98a4b05713c0,coordinator_0,worker_4,NET_TRANSFER,8.050954,644.226285,Distribute Layer ID: 9b5d7e21
2753995.394607,8000,b707a332-9d3a-49c4-93ec-98a4b05713c0,worker_4,worker_4,DISK_LOAD,8.050954,0.062898,"Disk -> RAM [Model: b707a332, Layer: 9b5d7e21]"
2753995.457505,8000,b707a332-9d3a-49c4-93ec-98a4b05713c0,worker_4,worker_4,MEM_MOVE,8.050954,0.062898,"RAM -> VRAM [Model: b707a332, Layer: 9b5d7e21]"
2753995.507505,8000,b707a332-9d3a-49c4-93ec-98a4b05713c0,worker_4,worker_4,GPU_COMPUTE,0.050000,0.050000,GPU Compute
2753995.665505,8000,b707a332-9d3a-49c4-93ec-98a4b05713c0,worker_4,coordinator_0,NET_TRANSFER,0.000100,0.158000,Signal Finished
2754714.865984,8000,b707a332-9d3a-49c4-93ec-98a4b05713c0,coordinator_0,worker_1,NET_TRANSFER,8.988131,719.200479,Distribute Layer ID: 8c7fef1d
2754714.937687,8000,b707a332-9d3a-49c4-93ec-98a4b05713c0,worker_1,worker_1,MEM_MOVE,9.178034,0.071703,"Evict VRAM -> RAM [Model: b707a332, Layer: f810840f]"
2754715.007907,8000,b707a332-9d3a-49c4-93ec-98a4b05713c0,worker_1,worker_1,DISK_LOAD,8.988131,0.070220,"Disk -> RAM [Model: b707a332, Layer: 8c7fef1d]"
2754715.078127,8000,b707a332-9d3a-49c4-93ec-98a4b05713c0,worker_1,worker_1,MEM_MOVE,8.988131,0.070220,"RAM -> VRAM [Model: b707a332, Layer: 8c7fef1d]"
2754715.128127,8000,b707a332-9d3a-49c4-93ec-98a4b05713c0,worker_1,worker_1,GPU_COMPUTE,0.050000,0.050000,GPU Compute
2754715.286127,8000,b707a332-9d3a-49c4-93ec-98a4b05713c0,worker_1,coordinator_0,NET_TRANSFER,0.000100,0.158000,Signal Finished
2755204.704194,8000,b707a332-9d3a-49c4-93ec-98a4b05713c0,coordinator_0,worker_2,NET_TRANSFER,6.115851,489.418068,Distribute Layer ID: 4231689b
2755204.751974,8000,b707a332-9d3a-49c4-93ec-98a4b05713c0,worker_2,worker_2,DISK_LOAD,6.115851,0.047780,"Disk -> RAM [Model: b707a332, Layer: 4231689b]"
2755204.799754,8000,b707a332-9d3a-49c4-93ec-98a4b05713c0,worker_2,worker_2,MEM_MOVE,6.115851,0.047780,"RAM -> VRAM [Model: b707a332, Layer: 4231689b]"
2755204.849754,8000,b707a332-9d3a-49c4-93ec-98a4b05713c0,worker_2,worker_2,GPU_COMPUTE,0.050000,0.050000,GPU Compute
2755205.007754,8000,b707a332-9d3a-49c4-93ec-98a4b05713c0,worker_2,coordinator_0,NET_TRANSFER,0.000100,0.158000,Signal Finished
2756108.278354,8000,b707a332-9d3a-49c4-93ec-98a4b05713c0,coordinator_0,worker_3,NET_TRANSFER,11.289008,903.270600,Distribute Layer ID: 23bf052c
2756108.316009,8000,b707a332-9d3a-49c4-93ec-98a4b05713c0,worker_3,worker_3,MEM_MOVE,4.819752,0.037654,"Evict VRAM -> RAM [Model: b707a332, Layer: 9c8ba9d0]"
2756108.398205,8000,b707a332-9d3a-49c4-93ec-98a4b05713c0,worker_3,worker_3,MEM_MOVE,10.521109,0.082196,"Evict VRAM -> RAM [Model: b707a332, Layer: ed3ef062]"
2756108.486400,8000,b707a332-9d3a-49c4-93ec-98a4b05713c0,worker_3,worker_3,DISK_LOAD,11.289008,0.088195,"Disk -> RAM [Model: b707a332, Layer: 23bf052c]"
2756108.574596,8000,b707a332-9d3a-49c4-93ec-98a4b05713c0,worker_3,worker_3,MEM_MOVE,11.289008,0.088195,"RAM -> VRAM [Model: b707a332, Layer: 23bf052c]"
2756108.624596,8000,b707a332-9d3a-49c4-93ec-98a4b05713c0,worker_3,worker_3,GPU_COMPUTE,0.050000,0.050000,GPU Compute
2756108.782596,8000,b707a332-9d3a-49c4-93ec-98a4b05713c0,worker_3,coordinator_0,NET_TRANSFER,0.000100,0.158000,Signal Finished
2756689.830912,8000,b707a332-9d3a-49c4-93ec-98a4b05713c0,coordinator_0,worker_4,NET_TRANSFER,7.261229,581.048316,Distribute Layer ID: 4b972d30
2756689.893810,8000,b707a332-9d3a-49c4-93ec-98a4b05713c0,worker_4,worker_4,MEM_MOVE,8.050954,0.062898,"Evict VRAM -> RAM [Model: b707a332, Layer: 9b5d7e21]"
2756689.950538,8000,b707a332-9d3a-49c4-93ec-98a4b05713c0,worker_4,worker_4,DISK_LOAD,7.261229,0.056728,"Disk -> RAM [Model: b707a332, Layer: 4b972d30]"
2756690.007266,8000,b707a332-9d3a-49c4-93ec-98a4b05713c0,worker_4,worker_4,MEM_MOVE,7.261229,0.056728,"RAM -> VRAM [Model: b707a332, Layer: 4b972d30]"
2756690.057266,8000,b707a332-9d3a-49c4-93ec-98a4b05713c0,worker_4,worker_4,GPU_COMPUTE,0.050000,0.050000,GPU Compute
2756690.215266,8000,b707a332-9d3a-49c4-93ec-98a4b05713c0,worker_4,coordinator_0,NET_TRANSFER,0.000100,0.158000,Signal Finished
2757707.840806,8000,b707a332-9d3a-49c4-93ec-98a4b05713c0,coordinator_0,worker_1,NET_TRANSFER,12.718444,1017.625540,Distribute Layer ID: d44f7472
2757707.998806,7017,ebbbe628-24da-46bd-832f-2fdefdd74410,client_7,coordinator_0,NET_TRANSFER,0.000100,0.158000,Request Model ID
2757708.156806,10019,e79a3092-e870-46ea-bb81-d099d702b978,client_10,coordinator_0,NET_TRANSFER,0.000100,0.158000,Request Model ID
2757708.314806,9017,a2b2ef0d-c31e-424d-b040-3f53be25eca0,client_9,coordinator_0,NET_TRANSFER,0.000100,0.158000,Request Model ID
2757708.472806,4015,b707a332-9d3a-49c4-93ec-98a4b05713c0,client_4,coordinator_0,NET_TRANSFER,0.000100,0.158000,Request Model ID
2757708.630806,5016,857a7c42-2767-4bcd-b994-5f3357d596c5,client_5,coordinator_0,NET_TRANSFER,0.000100,0.158000,Request Model ID
2757708.788806,8016,5cc668a7-e96c-4967-9bda-791a9bb56c57,client_8,coordinator_0,NET_TRANSFER,0.000100,0.158000,Request Model ID
2757708.946806,3015,ebbbe628-24da-46bd-832f-2fdefdd74410,client_3,coordinator_0,NET_TRANSFER,0.000100,0.158000,Request Model ID
2757709.104806,5016,209734fe-da0f-4c49-8ae8-1285e31e9d43,client_5,coordinator_0,NET_TRANSFER,0.000100,0.158000,Request Model ID
2757709.262806,6017,d6b4f211-f137-4ba9-b4c4-7389abba19af,client_6,coordinator_0,NET_TRANSFER,0.000100,0.158000,Request Model ID
2757709.420806,5016,a1fef963-8994-4de3-9710-1226ed828913,client_5,coordinator_0,NET_TRANSFER,0.000100,0.158000,Request Model ID
2757709.578806,4015,b98aad0a-4dea-4008-ad8c-316214e42284,client_4,coordinator_0,NET_TRANSFER,0.000100,0.158000,Request Model ID
2757709.736806,6017,ab9f6fc0-eb04-408e-bb43-f7fc434d8a00,client_6,coordinator_0,NET_TRANSFER,0.000100,0.158000,Request Model ID
2757709.894806,7017,ebbbe628-24da-46bd-832f-2fdefdd74410,client_7,coordinator_0,NET_TRANSFER,0.000100,0.158000,Request Model ID
2757710.052806,4015,6609f742-f82c-4319-a137-2138d96bee8c,client_4,coordinator_0,NET_TRANSFER,0.000100,0.158000,Request Model ID
2757710.210806,10019,5db32043-be1a-4e02-ad7f-c6e5724beb16,client_10,coordinator_0,NET_TRANSFER,0.000100,0.158000,Request Model ID
2757710.368806,3015,98de1b49-8dd3-49e7-a8fd-1969749e5ee7,client_3,coordinator_0,NET_TRANSFER,0.000100,0.158000,Request Model ID
2757710.526806,9017,5db32043-be1a-4e02-ad7f-c6e5724beb16,client_9,coordinator_0,NET_TRANSFER,0.000100,0.158000,Request Model ID
2757710.684806,5016,b707a332-9d3a-49c4-93ec-98a4b05713c0,client_5,coordinator_0,NET_TRANSFER,0.000100,0.158000,Request Model ID
2757710.842806,8016,5cc668a7-e96c-4967-9bda-791a9bb56c57,client_8,coordinator_0,NET_TRANSFER,0.000100,0.158000,Request Model ID
2757711.000806,3015,191057b3-0973-4b0f-a672-be9b4f920841,client_3,coordinator_0,NET_TRANSFER,0.000100,0.158000,Request Model ID
2757711.158806,3015,ab20b578-3dd0-4fe3-97cb-3189d9bd9be5,client_3,coordinator_0,NET_TRANSFER,0.000100,0.158000,Request Model ID
2757711.316806,9018,b70fcdc0-fc91-45b9-929b-3db37d0b5f8f,client_9,coordinator_0,NET_TRANSFER,0.000100,0.158000,Request Model ID
2757711.474806,3016,ebbbe628-24da-46bd-832f-2fdefdd74410,client_3,coordinator_0,NET_TRANSFER,0.000100,0.158000,Request Model ID
2757711.632806,9019,a2b2ef0d-c31e-424d-b040-3f53be25eca0,client_9,coordinator_0,NET_TRANSFER,0.000100,0.158000,Request Model ID
2757711.790806,7018,d95ac209-70ac-4366-b455-f005e41230be,client_7,coordinator_0,NET_TRANSFER,0.000100,0.158000,Request Model ID
2757711.948806,9018,773a6b7b-bf00-48fc-ba23-a7d203f1988c,client_9,coordinator_0,NET_TRANSFER,0.000100,0.158000,Request Model ID
2757712.106806,5017,158b3208-acec-446f-9023-04b8c47654a9,client_5,coordinator_0,NET_TRANSFER,0.000100,0.158000,Request Model ID
2757712.264806,8017,6719b99a-d5dd-40b4-a9ed-2c8af6965e4a,client_8,coordinator_0,NET_TRANSFER,0.000100,0.158000,Request Model ID
2757712.422806,5017,ab20b578-3dd0-4fe3-97cb-3189d9bd9be5,client_5,coordinator_0,NET_TRANSFER,0.000100,0.158000,Request Model ID
2757712.580806,5017,b70fcdc0-fc91-45b9-929b-3db37d0b5f8f,client_5,coordinator_0,NET_TRANSFER,0.000100,0.158000,Request Model ID
2757712.738806,8017,d4965426-a3d1-4387-b3b7-7043d09ef380,client_8,coordinator_0,NET_TRANSFER,0.000100,0.158000,Request Model ID
2757712.896806,8017,6719b99a-d5dd-40b4-a9ed-2c8af6965e4a,client_8,coordinator_0,NET_TRANSFER,0.000100,0.158000,Request Model ID
2757713.054806,8017,6719b99a-d5dd-40b4-a9ed-2c8af6965e4a,client_8,coordinator_0,NET_TRANSFER,0.000100,0.158000,Request Model ID
2757713.212806,4016,773a6b7b-bf00-48fc-ba23-a7d203f1988c,client_4,coordinator_0,NET_TRANSFER,0.000100,0.158000,Request Model ID
2757713.370806,6018,b98aad0a-4dea-4008-ad8c-316214e42284,client_6,coordinator_0,NET_TRANSFER,0.000100,0.158000,Request Model ID
2757713.528806,3017,e79a3092-e870-46ea-bb81-d099d702b978,client_3,coordinator_0,NET_TRANSFER,0.000100,0.158000,Request Model ID
2757713.686806,3016,465b0809-1f2a-4765-9c07-c91155ff513f,client_3,coordinator_0,NET_TRANSFER,0.000100,0.158000,Request Model ID
2757713.844806,3016,764495bb-6a07-44df-890a-53f143dbe627,client_3,coordinator_0,NET_TRANSFER,0.000100,0.158000,Request Model ID
2757714.002806,4016,a2b2ef0d-c31e-424d-b040-3f53be25eca0,client_4,coordinator_0,NET_TRANSFER,0.000100,0.158000,Request Model ID
2757714.160806,4016,5cc668a7-e96c-4967-9bda-791a9bb56c57,client_4,coordinator_0,NET_TRANSFER,0.000100,0.158000,Request Model ID
2757714.318806,7018,d95ac209-70ac-4366-b455-f005e41230be,client_7,coordinator_0,NET_TRANSFER,0.000100,0.158000,Request Model ID
2757714.476806,3017,0e495248-1ee5-4d87-a50c-46b74e15adae,client_3,coordinator_0,NET_TRANSFER,0.000100,0.158000,Request Model ID
2757714.634806,3017,d7a92e9a-1ed2-42e0-b12c-84562a000f20,client_3,coordinator_0,NET_TRANSFER,0.000100,0.158000,Request Model ID
2757714.792806,9019,b98aad0a-4dea-4008-ad8c-316214e42284,client_9,coordinator_0,NET_TRANSFER,0.000100,0.158000,Request Model ID
2757714.950806,6018,b98aad0a-4dea-4008-ad8c-316214e42284,client_6,coordinator_0,NET_TRANSFER,0.000100,0.158000,Request Model ID
2757715.108806,7018,764495bb-6a07-44df-890a-53f143dbe627,client_7,coordinator_0,NET_TRANSFER,0.000100,0.158000,Request Model ID
2757715.266806,7018,b70fcdc0-fc91-45b9-929b-3db37d0b5f8f,client_7,coordinator_0,NET_TRANSFER,0.000100,0.158000,Request Model ID
2757715.424806,6018,209734fe-da0f-4c49-8ae8-1285e31e9d43,client_6,coordinator_0,NET_TRANSFER,0.000100,0.158000,Request Model ID
2757715.582806,7019,bf972bb9-7202-4e03-9bc7-ecaa953eb2b8,client_7,coordinator_0,NET_TRANSFER,0.000100,0.158000,Request Model ID
2757715.740806,3018,764495bb-6a07-44df-890a-53f143dbe627,client_3,coordinator_0,NET_TRANSFER,0.000100,0.158000,Request Model ID
2757715.898806,6019,d95ac209-70ac-4366-b455-f005e41230be,client_6,coordinator_0,NET_TRANSFER,0.000100,0.158000,Request Model ID
2757716.056806,7019,cc0dab58-f02c-469f-a696-153baf86d230,client_7,coordinator_0,NET_TRANSFER,0.000100,0.158000,Request Model ID
2757716.214806,3019,b98aad0a-4dea-4008-ad8c-316214e42284,client_3,coordinator_0,NET_TRANSFER,0.000100,0.158000,Request Model ID
2757716.372806,3018,6719b99a-d5dd-40b4-a9ed-2c8af6965e4a,client_3,coordinator_0,NET_TRANSFER,0.000100,0.158000,Request Model ID
2757716.530806,3018,d95ac209-70ac-4366-b455-f005e41230be,client_3,coordinator_0,NET_TRANSFER,0.000100,0.158000,Request Model ID
2757716.688806,3018,44d6099b-c80b-4423-b304-b17e70c9816c,client_3,coordinator_0,NET_TRANSFER,0.000100,0.158000,Request Model ID
2757716.846806,3019,cc0dab58-f02c-469f-a696-153baf86d230,client_3,coordinator_0,NET_TRANSFER,0.000100,0.158000,Request Model ID
2757717.004806,6019,773a6b7b-bf00-48fc-ba23-a7d203f1988c,client_6,coordinator_0,NET_TRANSFER,0.000100,0.158000,Request Model ID
2757717.162806,5018,773a6b7b-bf00-48fc-ba23-a7d203f1988c,client_5,coordinator_0,NET_TRANSFER,0.000100,0.158000,Request Model ID
2757717.320806,8018,e79a3092-e870-46ea-bb81-d099d702b978,client_8,coordinator_0,NET_TRANSFER,0.000100,0.158000,Request Model ID
2757717.478806,4017,db5a343e-e48f-4883-9c15-00e0e69532e6,client_4,coordinator_0,NET_TRANSFER,0.000100,0.158000,Request Model ID
2757717.636806,5018,0e495248-1ee5-4d87-a50c-46b74e15adae,client_5,coordinator_0,NET_TRANSFER,0.000100,0.158000,Request Model ID
2757717.794806,5018,ebbbe628-24da-46bd-832f-2fdefdd74410,client_5,coordinator_0,NET_TRANSFER,0.000100,0.158000,Request Model ID
2757717.952806,8018,db5a343e-e48f-4883-9c15-00e0e69532e6,client_8,coordinator_0,NET_TRANSFER,0.000100,0.158000,Request Model ID
2757718.110806,4017,5db32043-be1a-4e02-ad7f-c6e5724beb16,client_4,coordinator_0,NET_TRANSFER,0.000100,0.158000,Request Model ID
2757718.268806,4017,ab9f6fc0-eb04-408e-bb43-f7fc434d8a00,client_4,coordinator_0,NET_TRANSFER,0.000100,0.158000,Request Model ID
2757718.426806,4017,ab9f6fc0-eb04-408e-bb43-f7fc434d8a00,client_4,coordinator_0,NET_TRANSFER,0.000100,0.158000,Request Model ID
2757718.584806,6019,e79a3092-e870-46ea-bb81-d099d702b978,client_6,coordinator_0,NET_TRANSFER,0.000100,0.158000,Request Model ID
2757718.742806,4018,6609f742-f82c-4319-a137-2138d96bee8c,client_4,coordinator_0,NET_TRANSFER,0.000100,0.158000,Request Model ID
2757718.900806,5019,773a6b7b-bf00-48fc-ba23-a7d203f1988c,client_5,coordinator_0,NET_TRANSFER,0.000100,0.158000,Request Model ID
2757719.058806,4018,db5a343e-e48f-4883-9c15-00e0e69532e6,client_4,coordinator_0,NET_TRANSFER,0.000100,0.158000,Request Model ID
2757719.216806,5019,cc0dab58-f02c-469f-a696-153baf86d230,client_5,coordinator_0,NET_TRANSFER,0.000100,0.158000,Request Model ID
2757719.374806,8019,158b3208-acec-446f-9023-04b8c47654a9,client_8,coordinator_0,NET_TRANSFER,0.000100,0.158000,Request Model ID
2757719.532806,8019,6719b99a-d5dd-40b4-a9ed-2c8af6965e4a,client_8,coordinator_0,NET_TRANSFER,0.000100,0.158000,Request Model ID
2757719.690806,4018,209734fe-da0f-4c49-8ae8-1285e31e9d43,client_4,coordinator_0,NET_TRANSFER,0.000100,0.158000,Request Model ID
2757719.848806,4019,b70fcdc0-fc91-45b9-929b-3db37d0b5f8f,client_4,coordinator_0,NET_TRANSFER,0.000100,0.158000,Request Model ID
2757720.006806,4019,5db32043-be1a-4e02-ad7f-c6e5724beb16,client_4,coordinator_0,NET_TRANSFER,0.000100,0.158000,Request Model ID
2757720.164806,4019,a1fef963-8994-4de3-9710-1226ed828913,client_4,coordinator_0,NET_TRANSFER,0.000100,0.158000,Request Model ID
2757720.322806,4019,b70fcdc0-fc91-45b9-929b-3db37d0b5f8f,client_4,coordinator_0,NET_TRANSFER,0.000100,0.158000,Request Model ID
