VirtualTime_Sec,RequestID,ModelID,OriginNode,EndNode,Operation,Size_GB,Duration_Sec,Description
0.158000,10000,2ede82b5-d8e1-4b47-8077-2dd9dca7a90f,client_10,coordinator_0,NET_TRANSFER,0.000100,0.158000,Request Model ID
0.316000,10000,2ede82b5-d8e1-4b47-8077-2dd9dca7a90f,coordinator_0,client_10,NET_TRANSFER,0.000100,0.158000,Signal: Cache Miss / Request Weights
44398.285813,10000,2ede82b5-d8e1-4b47-8077-2dd9dca7a90f,client_10,coordinator_0,NET_TRANSFER,554.972748,44397.969813,Upload Model Weights
45480.817960,10000,2ede82b5-d8e1-4b47-8077-2dd9dca7a90f,coordinator_0,worker_3,NET_TRANSFER,13.529777,1082.532147,Distribute Layer ID: 6bb0d43c
45480.923661,10000,2ede82b5-d8e1-4b47-8077-2dd9dca7a90f,worker_3,worker_3,DISK_LOAD,13.529777,0.105701,"Disk -> RAM [Model: 2ede82b5, Layer: 6bb0d43c]"
45481.029363,10000,2ede82b5-d8e1-4b47-8077-2dd9dca7a90f,worker_3,worker_3,MEM_MOVE,13.529777,0.105701,"RAM -> VRAM [Model: 2ede82b5, Layer: 6bb0d43c]"
45481.079363,10000,2ede82b5-d8e1-4b47-8077-2dd9dca7a90f,worker_3,worker_3,GPU_COMPUTE,0.050000,0.050000,GPU Compute
45481.237363,10000,2ede82b5-d8e1-4b47-8077-2dd9dca7a90f,worker_3,coordinator_0,NET_TRANSFER,0.000100,0.158000,Signal Finished
46511.309803,10000,2ede82b5-d8e1-4b47-8077-2dd9dca7a90f,coordinator_0,worker_4,NET_TRANSFER,12.874031,1030.072440,Distribute Layer ID: 2a90084c
46511.410381,10000,2ede82b5-d8e1-4b47-8077-2dd9dca7a90f,worker_4,worker_4,DISK_LOAD,12.874031,0.100578,"Disk -> RAM [Model: 2ede82b5, Layer: 2a90084c]"
46511.510960,10000,2ede82b5-d8e1-4b47-8077-2dd9dca7a90f,worker_4,worker_4,MEM_MOVE,12.874031,0.100578,"RAM -> VRAM [Model: 2ede82b5, Layer: 2a90084c]"
46511.560960,10000,2ede82b5-d8e1-4b47-8077-2dd9dca7a90f,worker_4,worker_4,GPU_COMPUTE,0.050000,0.050000,GPU Compute
46511.718960,10000,2ede82b5-d8e1-4b47-8077-2dd9dca7a90f,worker_4,coordinator_0,NET_TRANSFER,0.000100,0.158000,Signal Finished
46942.342932,10000,2ede82b5-d8e1-4b47-8077-2dd9dca7a90f,coordinator_0,worker_1,NET_TRANSFER,5.380925,430.623973,Distribute Layer ID: a8f447e5
46942.384971,10000,2ede82b5-d8e1-4b47-8077-2dd9dca7a90f,worker_1,worker_1,DISK_LOAD,5.380925,0.042038,"Disk -> RAM [Model: 2ede82b5, Layer: a8f447e5]"
46942.427009,10000,2ede82b5-d8e1-4b47-8077-2dd9dca7a90f,worker_1,worker_1,MEM_MOVE,5.380925,0.042038,"RAM -> VRAM [Model: 2ede82b5, Layer: a8f447e5]"
46942.477009,10000,2ede82b5-d8e1-4b47-8077-2dd9dca7a90f,worker_1,worker_1,GPU_COMPUTE,0.050000,0.050000,GPU Compute
46942.635009,10000,2ede82b5-d8e1-4b47-8077-2dd9dca7a90f,worker_1,coordinator_0,NET_TRANSFER,0.000100,0.158000,Signal Finished
47816.461754,10000,2ede82b5-d8e1-4b47-8077-2dd9dca7a90f,coordinator_0,worker_2,NET_TRANSFER,10.920959,873.826745,Distribute Layer ID: 697dee1a
47816.547074,10000,2ede82b5-d8e1-4b47-8077-2dd9dca7a90f,worker_2,worker_2,DISK_LOAD,10.920959,0.085320,"Disk -> RAM [Model: 2ede82b5, Layer: 697dee1a]"
47816.632394,10000,2ede82b5-d8e1-4b47-8077-2dd9dca7a90f,worker_2,worker_2,MEM_MOVE,10.920959,0.085320,"RAM -> VRAM [Model: 2ede82b5, Layer: 697dee1a]"
47816.682394,10000,2ede82b5-d8e1-4b47-8077-2dd9dca7a90f,worker_2,worker_2,GPU_COMPUTE,0.050000,0.050000,GPU Compute
47816.840394,10000,2ede82b5-d8e1-4b47-8077-2dd9dca7a90f,worker_2,coordinator_0,NET_TRANSFER,0.000100,0.158000,Signal Finished
48871.805444,10000,2ede82b5-d8e1-4b47-8077-2dd9dca7a90f,coordinator_0,worker_3,NET_TRANSFER,13.185188,1054.965049,Distribute Layer ID: ef8d9529
48871.908453,10000,2ede82b5-d8e1-4b47-8077-2dd9dca7a90f,worker_3,worker_3,DISK_LOAD,13.185188,0.103009,"Disk -> RAM [Model: 2ede82b5, Layer: ef8d9529]"
48872.011462,10000,2ede82b5-d8e1-4b47-8077-2dd9dca7a90f,worker_3,worker_3,MEM_MOVE,13.185188,0.103009,"RAM -> VRAM [Model: 2ede82b5, Layer: ef8d9529]"
48872.061462,10000,2ede82b5-d8e1-4b47-8077-2dd9dca7a90f,worker_3,worker_3,GPU_COMPUTE,0.050000,0.050000,GPU Compute
48872.219462,10000,2ede82b5-d8e1-4b47-8077-2dd9dca7a90f,worker_3,coordinator_0,NET_TRANSFER,0.000100,0.158000,Signal Finished
49499.191580,10000,2ede82b5-d8e1-4b47-8077-2dd9dca7a90f,coordinator_0,worker_4,NET_TRANSFER,7.835276,626.972118,Distribute Layer ID: 8c8785bd
49499.252794,10000,2ede82b5-d8e1-4b47-8077-2dd9dca7a90f,worker_4,worker_4,DISK_LOAD,7.835276,0.061213,"Disk -> RAM [Model: 2ede82b5, Layer: 8c8785bd]"
49499.314007,10000,2ede82b5-d8e1-4b47-8077-2dd9dca7a90f,worker_4,worker_4,MEM_MOVE,7.835276,0.061213,"RAM -> VRAM [Model: 2ede82b5, Layer: 8c8785bd]"
49499.364007,10000,2ede82b5-d8e1-4b47-8077-2dd9dca7a90f,worker_4,worker_4,GPU_COMPUTE,0.050000,0.050000,GPU Compute
49499.522007,10000,2ede82b5-d8e1-4b47-8077-2dd9dca7a90f,worker_4,coordinator_0,NET_TRANSFER,0.000100,0.158000,Signal Finished
49950.033914,10000,2ede82b5-d8e1-4b47-8077-2dd9dca7a90f,coordinator_0,worker_1,NET_TRANSFER,5.629524,450.511908,Distribute Layer ID: 752c85e2
49950.077895,10000,2ede82b5-d8e1-4b47-8077-2dd9dca7a90f,worker_1,worker_1,DISK_LOAD,5.629524,0.043981,"Disk -> RAM [Model: 2ede82b5, Layer: 752c85e2]"
49950.121876,10000,2ede82b5-d8e1-4b47-8077-2dd9dca7a90f,worker_1,worker_1,MEM_MOVE,5.629524,0.043981,"RAM -> VRAM [Model: 2ede82b5, Layer: 752c85e2]"
49950.171876,10000,2ede82b5-d8e1-4b47-8077-2dd9dca7a90f,worker_1,worker_1,GPU_COMPUTE,0.050000,0.050000,GPU Compute
49950.329876,10000,2ede82b5-d8e1-4b47-8077-2dd9dca7a90f,worker_1,coordinator_0,NET_TRANSFER,0.000100,0.158000,Signal Finished
51094.231877,10000,2ede82b5-d8e1-4b47-8077-2dd9dca7a90f,coordinator_0,worker_2,NET_TRANSFER,14.296900,1143.902002,Distribute Layer ID: f8f42664
51094.343572,10000,2ede82b5-d8e1-4b47-8077-2dd9dca7a90f,worker_2,worker_2,DISK_LOAD,14.296900,0.111695,"Disk -> RAM [Model: 2ede82b5, Layer: f8f42664]"
51094.455266,10000,2ede82b5-d8e1-4b47-8077-2dd9dca7a90f,worker_2,worker_2,MEM_MOVE,14.296900,0.111695,"RAM -> VRAM [Model: 2ede82b5, Layer: f8f42664]"
51094.505266,10000,2ede82b5-d8e1-4b47-8077-2dd9dca7a90f,worker_2,worker_2,GPU_COMPUTE,0.050000,0.050000,GPU Compute
51094.663266,10000,2ede82b5-d8e1-4b47-8077-2dd9dca7a90f,worker_2,coordinator_0,NET_TRANSFER,0.000100,0.158000,Signal Finished
52195.829081,10000,2ede82b5-d8e1-4b47-8077-2dd9dca7a90f,coordinator_0,worker_3,NET_TRANSFER,13.762698,1101.165815,Distribute Layer ID: d6b74e2e
52195.936602,10000,2ede82b5-d8e1-4b47-8077-2dd9dca7a90f,worker_3,worker_3,DISK_LOAD,13.762698,0.107521,"Disk -> RAM [Model: 2ede82b5, Layer: d6b74e2e]"
52196.044123,10000,2ede82b5-d8e1-4b47-8077-2dd9dca7a90f,worker_3,worker_3,MEM_MOVE,13.762698,0.107521,"RAM -> VRAM [Model: 2ede82b5, Layer: d6b74e2e]"
52196.094123,10000,2ede82b5-d8e1-4b47-8077-2dd9dca7a90f,worker_3,worker_3,GPU_COMPUTE,0.050000,0.050000,GPU Compute
52196.252123,10000,2ede82b5-d8e1-4b47-8077-2dd9dca7a90f,worker_3,coordinator_0,NET_TRANSFER,0.000100,0.158000,Signal Finished
53280.680124,10000,2ede82b5-d8e1-4b47-8077-2dd9dca7a90f,coordinator_0,worker_4,NET_TRANSFER,13.553475,1084.428001,Distribute Layer ID: 2fd8c61a
53280.786011,10000,2ede82b5-d8e1-4b47-8077-2dd9dca7a90f,worker_4,worker_4,DISK_LOAD,13.553475,0.105887,"Disk -> RAM [Model: 2ede82b5, Layer: 2fd8c61a]"
53280.891897,10000,2ede82b5-d8e1-4b47-8077-2dd9dca7a90f,worker_4,worker_4,MEM_MOVE,13.553475,0.105887,"RAM -> VRAM [Model: 2ede82b5, Layer: 2fd8c61a]"
53280.941897,10000,2ede82b5-d8e1-4b47-8077-2dd9dca7a90f,worker_4,worker_4,GPU_COMPUTE,0.050000,0.050000,GPU Compute
53281.099897,10000,2ede82b5-d8e1-4b47-8077-2dd9dca7a90f,worker_4,coordinator_0,NET_TRANSFER,0.000100,0.158000,Signal Finished
53281.257897,2000,53bf5446-f509-4861-874f-a531cf1e5148,client_2,coordinator_0,NET_TRANSFER,0.000100,0.158000,Request Model ID
54204.921615,10000,2ede82b5-d8e1-4b47-8077-2dd9dca7a90f,coordinator_0,worker_1,NET_TRANSFER,11.543921,923.663717,Distribute Layer ID: 74ccf0c8
54205.011801,10000,2ede82b5-d8e1-4b47-8077-2dd9dca7a90f,worker_1,worker_1,DISK_LOAD,11.543921,0.090187,"Disk -> RAM [Model: 2ede82b5, Layer: 74ccf0c8]"
54205.101988,10000,2ede82b5-d8e1-4b47-8077-2dd9dca7a90f,worker_1,worker_1,MEM_MOVE,11.543921,0.090187,"RAM -> VRAM [Model: 2ede82b5, Layer: 74ccf0c8]"
54205.151988,10000,2ede82b5-d8e1-4b47-8077-2dd9dca7a90f,worker_1,worker_1,GPU_COMPUTE,0.050000,0.050000,GPU Compute
54205.309988,10000,2ede82b5-d8e1-4b47-8077-2dd9dca7a90f,worker_1,coordinator_0,NET_TRANSFER,0.000100,0.158000,Signal Finished
55375.722081,10000,2ede82b5-d8e1-4b47-8077-2dd9dca7a90f,coordinator_0,worker_2,NET_TRANSFER,14.628276,1170.412092,Distribute Layer ID: ffb1421e
55375.836364,10000,2ede82b5-d8e1-4b47-8077-2dd9dca7a90f,worker_2,worker_2,DISK_LOAD,14.628276,0.114283,"Disk -> RAM [Model: 2ede82b5, Layer: ffb1421e]"
55375.950648,10000,2ede82b5-d8e1-4b47-8077-2dd9dca7a90f,worker_2,worker_2,MEM_MOVE,14.628276,0.114283,"RAM -> VRAM [Model: 2ede82b5, Layer: ffb1421e]"
55376.000648,10000,2ede82b5-d8e1-4b47-8077-2dd9dca7a90f,worker_2,worker_2,GPU_COMPUTE,0.050000,0.050000,GPU Compute
55376.158648,10000,2ede82b5-d8e1-4b47-8077-2dd9dca7a90f,worker_2,coordinator_0,NET_TRANSFER,0.000100,0.158000,Signal Finished
56133.352228,10000,2ede82b5-d8e1-4b47-8077-2dd9dca7a90f,coordinator_0,worker_3,NET_TRANSFER,9.463045,757.193580,Distribute Layer ID: 0a3818c3
56133.426158,10000,2ede82b5-d8e1-4b47-8077-2dd9dca7a90f,worker_3,worker_3,DISK_LOAD,9.463045,0.073930,"Disk -> RAM [Model: 2ede82b5, Layer: 0a3818c3]"
56133.500088,10000,2ede82b5-d8e1-4b47-8077-2dd9dca7a90f,worker_3,worker_3,MEM_MOVE,9.463045,0.073930,"RAM -> VRAM [Model: 2ede82b5, Layer: 0a3818c3]"
56133.550088,10000,2ede82b5-d8e1-4b47-8077-2dd9dca7a90f,worker_3,worker_3,GPU_COMPUTE,0.050000,0.050000,GPU Compute
56133.708088,10000,2ede82b5-d8e1-4b47-8077-2dd9dca7a90f,worker_3,coordinator_0,NET_TRANSFER,0.000100,0.158000,Signal Finished
56994.566917,10000,2ede82b5-d8e1-4b47-8077-2dd9dca7a90f,coordinator_0,worker_4,NET_TRANSFER,10.758860,860.858829,Distribute Layer ID: 6565caa9
56994.650970,10000,2ede82b5-d8e1-4b47-8077-2dd9dca7a90f,worker_4,worker_4,DISK_LOAD,10.758860,0.084054,"Disk -> RAM [Model: 2ede82b5, Layer: 6565caa9]"
56994.735024,10000,2ede82b5-d8e1-4b47-8077-2dd9dca7a90f,worker_4,worker_4,MEM_MOVE,10.758860,0.084054,"RAM -> VRAM [Model: 2ede82b5, Layer: 6565caa9]"
56994.785024,10000,2ede82b5-d8e1-4b47-8077-2dd9dca7a90f,worker_4,worker_4,GPU_COMPUTE,0.050000,0.050000,GPU Compute
56994.943024,10000,2ede82b5-d8e1-4b47-8077-2dd9dca7a90f,worker_4,coordinator_0,NET_TRANSFER,0.000100,0.158000,Signal Finished
57460.679068,10000,2ede82b5-d8e1-4b47-8077-2dd9dca7a90f,coordinator_0,worker_1,NET_TRANSFER,5.819826,465.736044,Distribute Layer ID: 303d2618
57460.724535,10000,2ede82b5-d8e1-4b47-8077-2dd9dca7a90f,worker_1,worker_1,DISK_LOAD,5.819826,0.045467,"Disk -> RAM [Model: 2ede82b5, Layer: 303d2618]"
57460.770003,10000,2ede82b5-d8e1-4b47-8077-2dd9dca7a90f,worker_1,worker_1,MEM_MOVE,5.819826,0.045467,"RAM -> VRAM [Model: 2ede82b5, Layer: 303d2618]"
57460.820003,10000,2ede82b5-d8e1-4b47-8077-2dd9dca7a90f,worker_1,worker_1,GPU_COMPUTE,0.050000,0.050000,GPU Compute
57460.978003,10000,2ede82b5-d8e1-4b47-8077-2dd9dca7a90f,worker_1,coordinator_0,NET_TRANSFER,0.000100,0.158000,Signal Finished
58378.140414,10000,2ede82b5-d8e1-4b47-8077-2dd9dca7a90f,coordinator_0,worker_2,NET_TRANSFER,11.462655,917.162411,Distribute Layer ID: c57fe20a
58378.229966,10000,2ede82b5-d8e1-4b47-8077-2dd9dca7a90f,worker_2,worker_2,DISK_LOAD,11.462655,0.089552,"Disk -> RAM [Model: 2ede82b5, Layer: c57fe20a]"
58378.319518,10000,2ede82b5-d8e1-4b47-8077-2dd9dca7a90f,worker_2,worker_2,MEM_MOVE,11.462655,0.089552,"RAM -> VRAM [Model: 2ede82b5, Layer: c57fe20a]"
58378.369518,10000,2ede82b5-d8e1-4b47-8077-2dd9dca7a90f,worker_2,worker_2,GPU_COMPUTE,0.050000,0.050000,GPU Compute
58378.527518,10000,2ede82b5-d8e1-4b47-8077-2dd9dca7a90f,worker_2,coordinator_0,NET_TRANSFER,0.000100,0.158000,Signal Finished
58771.310439,10000,2ede82b5-d8e1-4b47-8077-2dd9dca7a90f,coordinator_0,worker_3,NET_TRANSFER,4.907912,392.782921,Distribute Layer ID: d04a0926
58771.348782,10000,2ede82b5-d8e1-4b47-8077-2dd9dca7a90f,worker_3,worker_3,DISK_LOAD,4.907912,0.038343,"Disk -> RAM [Model: 2ede82b5, Layer: d04a0926]"
58771.387125,10000,2ede82b5-d8e1-4b47-8077-2dd9dca7a90f,worker_3,worker_3,MEM_MOVE,4.907912,0.038343,"RAM -> VRAM [Model: 2ede82b5, Layer: d04a0926]"
58771.437125,10000,2ede82b5-d8e1-4b47-8077-2dd9dca7a90f,worker_3,worker_3,GPU_COMPUTE,0.050000,0.050000,GPU Compute
58771.595125,10000,2ede82b5-d8e1-4b47-8077-2dd9dca7a90f,worker_3,coordinator_0,NET_TRANSFER,0.000100,0.158000,Signal Finished
59359.458622,10000,2ede82b5-d8e1-4b47-8077-2dd9dca7a90f,coordinator_0,worker_4,NET_TRANSFER,7.346419,587.863496,Distribute Layer ID: 116ecfbb
59359.516016,10000,2ede82b5-d8e1-4b47-8077-2dd9dca7a90f,worker_4,worker_4,DISK_LOAD,7.346419,0.057394,"Disk -> RAM [Model: 2ede82b5, Layer: 116ecfbb]"
59359.573410,10000,2ede82b5-d8e1-4b47-8077-2dd9dca7a90f,worker_4,worker_4,MEM_MOVE,7.346419,0.057394,"RAM -> VRAM [Model: 2ede82b5, Layer: 116ecfbb]"
59359.623410,10000,2ede82b5-d8e1-4b47-8077-2dd9dca7a90f,worker_4,worker_4,GPU_COMPUTE,0.050000,0.050000,GPU Compute
59359.781410,10000,2ede82b5-d8e1-4b47-8077-2dd9dca7a90f,worker_4,coordinator_0,NET_TRANSFER,0.000100,0.158000,Signal Finished
60271.337271,10000,2ede82b5-d8e1-4b47-8077-2dd9dca7a90f,coordinator_0,worker_1,NET_TRANSFER,11.392573,911.555861,Distribute Layer ID: 6bac9477
60271.426276,10000,2ede82b5-d8e1-4b47-8077-2dd9dca7a90f,worker_1,worker_1,DISK_LOAD,11.392573,0.089004,"Disk -> RAM [Model: 2ede82b5, Layer: 6bac9477]"
60271.515280,10000,2ede82b5-d8e1-4b47-8077-2dd9dca7a90f,worker_1,worker_1,MEM_MOVE,11.392573,0.089004,"RAM -> VRAM [Model: 2ede82b5, Layer: 6bac9477]"
60271.565280,10000,2ede82b5-d8e1-4b47-8077-2dd9dca7a90f,worker_1,worker_1,GPU_COMPUTE,0.050000,0.050000,GPU Compute
60271.723280,10000,2ede82b5-d8e1-4b47-8077-2dd9dca7a90f,worker_1,coordinator_0,NET_TRANSFER,0.000100,0.158000,Signal Finished
60271.881280,3000,f60f5dc5-dedb-4f03-80cd-63b5a10fb871,client_3,coordinator_0,NET_TRANSFER,0.000100,0.158000,Request Model ID
61339.307726,10000,2ede82b5-d8e1-4b47-8077-2dd9dca7a90f,coordinator_0,worker_2,NET_TRANSFER,13.340956,1067.426446,Distribute Layer ID: 6e26baf7
61339.411952,10000,2ede82b5-d8e1-4b47-8077-2dd9dca7a90f,worker_2,worker_2,DISK_LOAD,13.340956,0.104226,"Disk -> RAM [Model: 2ede82b5, Layer: 6e26baf7]"
61339.516178,10000,2ede82b5-d8e1-4b47-8077-2dd9dca7a90f,worker_2,worker_2,MEM_MOVE,13.340956,0.104226,"RAM -> VRAM [Model: 2ede82b5, Layer: 6e26baf7]"
61339.566178,10000,2ede82b5-d8e1-4b47-8077-2dd9dca7a90f,worker_2,worker_2,GPU_COMPUTE,0.050000,0.050000,GPU Compute
61339.724178,10000,2ede82b5-d8e1-4b47-8077-2dd9dca7a90f,worker_2,coordinator_0,NET_TRANSFER,0.000100,0.158000,Signal Finished
62471.917363,10000,2ede82b5-d8e1-4b47-8077-2dd9dca7a90f,coordinator_0,worker_3,NET_TRANSFER,14.150540,1132.193185,Distribute Layer ID: af540dfa
62472.027914,10000,2ede82b5-d8e1-4b47-8077-2dd9dca7a90f,worker_3,worker_3,DISK_LOAD,14.150540,0.110551,"Disk -> RAM [Model: 2ede82b5, Layer: af540dfa]"
62472.138466,10000,2ede82b5-d8e1-4b47-8077-2dd9dca7a90f,worker_3,worker_3,MEM_MOVE,14.150540,0.110551,"RAM -> VRAM [Model: 2ede82b5, Layer: af540dfa]"
62472.188466,10000,2ede82b5-d8e1-4b47-8077-2dd9dca7a90f,worker_3,worker_3,GPU_COMPUTE,0.050000,0.050000,GPU Compute
62472.346466,10000,2ede82b5-d8e1-4b47-8077-2dd9dca7a90f,worker_3,coordinator_0,NET_TRANSFER,0.000100,0.158000,Signal Finished
63230.450080,10000,2ede82b5-d8e1-4b47-8077-2dd9dca7a90f,coordinator_0,worker_4,NET_TRANSFER,9.474420,758.103614,Distribute Layer ID: c34e8a33
63230.524098,10000,2ede82b5-d8e1-4b47-8077-2dd9dca7a90f,worker_4,worker_4,DISK_LOAD,9.474420,0.074019,"Disk -> RAM [Model: 2ede82b5, Layer: c34e8a33]"
63230.598117,10000,2ede82b5-d8e1-4b47-8077-2dd9dca7a90f,worker_4,worker_4,MEM_MOVE,9.474420,0.074019,"RAM -> VRAM [Model: 2ede82b5, Layer: c34e8a33]"
63230.648117,10000,2ede82b5-d8e1-4b47-8077-2dd9dca7a90f,worker_4,worker_4,GPU_COMPUTE,0.050000,0.050000,GPU Compute
63230.806117,10000,2ede82b5-d8e1-4b47-8077-2dd9dca7a90f,worker_4,coordinator_0,NET_TRANSFER,0.000100,0.158000,Signal Finished
64316.955286,10000,2ede82b5-d8e1-4b47-8077-2dd9dca7a90f,coordinator_0,worker_1,NET_TRANSFER,13.574990,1086.149168,Distribute Layer ID: 831270a5
64317.061340,10000,2ede82b5-d8e1-4b47-8077-2dd9dca7a90f,worker_1,worker_1,DISK_LOAD,13.574990,0.106055,"Disk -> RAM [Model: 2ede82b5, Layer: 831270a5]"
64317.167395,10000,2ede82b5-d8e1-4b47-8077-2dd9dca7a90f,worker_1,worker_1,MEM_MOVE,13.574990,0.106055,"RAM -> VRAM [Model: 2ede82b5, Layer: 831270a5]"
64317.217395,10000,2ede82b5-d8e1-4b47-8077-2dd9dca7a90f,worker_1,worker_1,GPU_COMPUTE,0.050000,0.050000,GPU Compute
64317.375395,10000,2ede82b5-d8e1-4b47-8077-2dd9dca7a90f,worker_1,coordinator_0,NET_TRANSFER,0.000100,0.158000,Signal Finished
65164.595013,10000,2ede82b5-d8e1-4b47-8077-2dd9dca7a90f,coordinator_0,worker_2,NET_TRANSFER,10.588370,847.219618,Distribute Layer ID: 424ccf72
65164.677734,10000,2ede82b5-d8e1-4b47-8077-2dd9dca7a90f,worker_2,worker_2,DISK_LOAD,10.588370,0.082722,"Disk -> RAM [Model: 2ede82b5, Layer: 424ccf72]"
65164.760456,10000,2ede82b5-d8e1-4b47-8077-2dd9dca7a90f,worker_2,worker_2,MEM_MOVE,10.588370,0.082722,"RAM -> VRAM [Model: 2ede82b5, Layer: 424ccf72]"
65164.810456,10000,2ede82b5-d8e1-4b47-8077-2dd9dca7a90f,worker_2,worker_2,GPU_COMPUTE,0.050000,0.050000,GPU Compute
65164.968456,10000,2ede82b5-d8e1-4b47-8077-2dd9dca7a90f,worker_2,coordinator_0,NET_TRANSFER,0.000100,0.158000,Signal Finished
65617.733420,10000,2ede82b5-d8e1-4b47-8077-2dd9dca7a90f,coordinator_0,worker_3,NET_TRANSFER,5.657687,452.764963,Distribute Layer ID: 4adfecc1
65617.777620,10000,2ede82b5-d8e1-4b47-8077-2dd9dca7a90f,worker_3,worker_3,DISK_LOAD,5.657687,0.044201,"Disk -> RAM [Model: 2ede82b5, Layer: 4adfecc1]"
65617.821821,10000,2ede82b5-d8e1-4b47-8077-2dd9dca7a90f,worker_3,worker_3,MEM_MOVE,5.657687,0.044201,"RAM -> VRAM [Model: 2ede82b5, Layer: 4adfecc1]"
65617.871821,10000,2ede82b5-d8e1-4b47-8077-2dd9dca7a90f,worker_3,worker_3,GPU_COMPUTE,0.050000,0.050000,GPU Compute
65618.029821,10000,2ede82b5-d8e1-4b47-8077-2dd9dca7a90f,worker_3,coordinator_0,NET_TRANSFER,0.000100,0.158000,Signal Finished
66666.374962,10000,2ede82b5-d8e1-4b47-8077-2dd9dca7a90f,coordinator_0,worker_4,NET_TRANSFER,13.102439,1048.345141,Distribute Layer ID: 5fefaa9a
66666.477325,10000,2ede82b5-d8e1-4b47-8077-2dd9dca7a90f,worker_4,worker_4,DISK_LOAD,13.102439,0.102363,"Disk -> RAM [Model: 2ede82b5, Layer: 5fefaa9a]"
66666.579688,10000,2ede82b5-d8e1-4b47-8077-2dd9dca7a90f,worker_4,worker_4,MEM_MOVE,13.102439,0.102363,"RAM -> VRAM [Model: 2ede82b5, Layer: 5fefaa9a]"
66666.629688,10000,2ede82b5-d8e1-4b47-8077-2dd9dca7a90f,worker_4,worker_4,GPU_COMPUTE,0.050000,0.050000,GPU Compute
66666.787688,10000,2ede82b5-d8e1-4b47-8077-2dd9dca7a90f,worker_4,coordinator_0,NET_TRANSFER,0.000100,0.158000,Signal Finished
67425.174397,10000,2ede82b5-d8e1-4b47-8077-2dd9dca7a90f,coordinator_0,worker_1,NET_TRANSFER,9.477959,758.386709,Distribute Layer ID: f5d8c4d7
67425.248444,10000,2ede82b5-d8e1-4b47-8077-2dd9dca7a90f,worker_1,worker_1,DISK_LOAD,9.477959,0.074047,"Disk -> RAM [Model: 2ede82b5, Layer: f5d8c4d7]"
67425.322490,10000,2ede82b5-d8e1-4b47-8077-2dd9dca7a90f,worker_1,worker_1,MEM_MOVE,9.477959,0.074047,"RAM -> VRAM [Model: 2ede82b5, Layer: f5d8c4d7]"
67425.372490,10000,2ede82b5-d8e1-4b47-8077-2dd9dca7a90f,worker_1,worker_1,GPU_COMPUTE,0.050000,0.050000,GPU Compute
67425.530490,10000,2ede82b5-d8e1-4b47-8077-2dd9dca7a90f,worker_1,coordinator_0,NET_TRANSFER,0.000100,0.158000,Signal Finished
68330.375289,10000,2ede82b5-d8e1-4b47-8077-2dd9dca7a90f,coordinator_0,worker_2,NET_TRANSFER,11.308685,904.844799,Distribute Layer ID: e4e0aeb8
68330.463638,10000,2ede82b5-d8e1-4b47-8077-2dd9dca7a90f,worker_2,worker_2,DISK_LOAD,11.308685,0.088349,"Disk -> RAM [Model: 2ede82b5, Layer: e4e0aeb8]"
68330.551987,10000,2ede82b5-d8e1-4b47-8077-2dd9dca7a90f,worker_2,worker_2,MEM_MOVE,11.308685,0.088349,"RAM -> VRAM [Model: 2ede82b5, Layer: e4e0aeb8]"
68330.601987,10000,2ede82b5-d8e1-4b47-8077-2dd9dca7a90f,worker_2,worker_2,GPU_COMPUTE,0.050000,0.050000,GPU Compute
68330.759987,10000,2ede82b5-d8e1-4b47-8077-2dd9dca7a90f,worker_2,coordinator_0,NET_TRANSFER,0.000100,0.158000,Signal Finished
69430.527087,10000,2ede82b5-d8e1-4b47-8077-2dd9dca7a90f,coordinator_0,worker_3,NET_TRANSFER,13.745214,1099.767100,Distribute Layer ID: e1fedb7c
69430.634471,10000,2ede82b5-d8e1-4b47-8077-2dd9dca7a90f,worker_3,worker_3,DISK_LOAD,13.745214,0.107384,"Disk -> RAM [Model: 2ede82b5, Layer: e1fedb7c]"
69430.741856,10000,2ede82b5-d8e1-4b47-8077-2dd9dca7a90f,worker_3,worker_3,MEM_MOVE,13.745214,0.107384,"RAM -> VRAM [Model: 2ede82b5, Layer: e1fedb7c]"
69430.791856,10000,2ede82b5-d8e1-4b47-8077-2dd9dca7a90f,worker_3,worker_3,GPU_COMPUTE,0.050000,0.050000,GPU Compute
69430.949856,10000,2ede82b5-d8e1-4b47-8077-2dd9dca7a90f,worker_3,coordinator_0,NET_TRANSFER,0.000100,0.158000,Signal Finished
70175.745016,10000,2ede82b5-d8e1-4b47-8077-2dd9dca7a90f,coordinator_0,worker_4,NET_TRANSFER,9.308065,744.795160,Distribute Layer ID: 5a269c5b
70175.817735,10000,2ede82b5-d8e1-4b47-8077-2dd9dca7a90f,worker_4,worker_4,DISK_LOAD,9.308065,0.072719,"Disk -> RAM [Model: 2ede82b5, Layer: 5a269c5b]"
70175.890454,10000,2ede82b5-d8e1-4b47-8077-2dd9dca7a90f,worker_4,worker_4,MEM_MOVE,9.308065,0.072719,"RAM -> VRAM [Model: 2ede82b5, Layer: 5a269c5b]"
70175.940454,10000,2ede82b5-d8e1-4b47-8077-2dd9dca7a90f,worker_4,worker_4,GPU_COMPUTE,0.050000,0.050000,GPU Compute
70176.098454,10000,2ede82b5-d8e1-4b47-8077-2dd9dca7a90f,worker_4,coordinator_0,NET_TRANSFER,0.000100,0.158000,Signal Finished
71259.252312,10000,2ede82b5-d8e1-4b47-8077-2dd9dca7a90f,coordinator_0,worker_1,NET_TRANSFER,13.537548,1083.153858,Distribute Layer ID: fd08769e
71259.358074,10000,2ede82b5-d8e1-4b47-8077-2dd9dca7a90f,worker_1,worker_1,DISK_LOAD,13.537548,0.105762,"Disk -> RAM [Model: 2ede82b5, Layer: fd08769e]"
71259.463836,10000,2ede82b5-d8e1-4b47-8077-2dd9dca7a90f,worker_1,worker_1,MEM_MOVE,13.537548,0.105762,"RAM -> VRAM [Model: 2ede82b5, Layer: fd08769e]"
71259.513836,10000,2ede82b5-d8e1-4b47-8077-2dd9dca7a90f,worker_1,worker_1,GPU_COMPUTE,0.050000,0.050000,GPU Compute
71259.671836,10000,2ede82b5-d8e1-4b47-8077-2dd9dca7a90f,worker_1,coordinator_0,NET_TRANSFER,0.000100,0.158000,Signal Finished
71750.745916,10000,2ede82b5-d8e1-4b47-8077-2dd9dca7a90f,coordinator_0,worker_2,NET_TRANSFER,6.136551,491.074080,Distribute Layer ID: c6fb0788
71750.793857,10000,2ede82b5-d8e1-4b47-8077-2dd9dca7a90f,worker_2,worker_2,DISK_LOAD,6.136551,0.047942,"Disk -> RAM [Model: 2ede82b5, Layer: c6fb0788]"
71750.841799,10000,2ede82b5-d8e1-4b47-8077-2dd9dca7a90f,worker_2,worker_2,MEM_MOVE,6.136551,0.047942,"RAM -> VRAM [Model: 2ede82b5, Layer: c6fb0788]"
71750.891799,10000,2ede82b5-d8e1-4b47-8077-2dd9dca7a90f,worker_2,worker_2,GPU_COMPUTE,0.050000,0.050000,GPU Compute
71751.049799,10000,2ede82b5-d8e1-4b47-8077-2dd9dca7a90f,worker_2,coordinator_0,NET_TRANSFER,0.000100,0.158000,Signal Finished
72572.232616,10000,2ede82b5-d8e1-4b47-8077-2dd9dca7a90f,coordinator_0,worker_3,NET_TRANSFER,10.262910,821.182817,Distribute Layer ID: 803bf50f
72572.312795,10000,2ede82b5-d8e1-4b47-8077-2dd9dca7a90f,worker_3,worker_3,DISK_LOAD,10.262910,0.080179,"Disk -> RAM [Model: 2ede82b5, Layer: 803bf50f]"
72572.392974,10000,2ede82b5-d8e1-4b47-8077-2dd9dca7a90f,worker_3,worker_3,MEM_MOVE,10.262910,0.080179,"RAM -> VRAM [Model: 2ede82b5, Layer: 803bf50f]"
72572.442974,10000,2ede82b5-d8e1-4b47-8077-2dd9dca7a90f,worker_3,worker_3,GPU_COMPUTE,0.050000,0.050000,GPU Compute
72572.600974,10000,2ede82b5-d8e1-4b47-8077-2dd9dca7a90f,worker_3,coordinator_0,NET_TRANSFER,0.000100,0.158000,Signal Finished
73038.148608,10000,2ede82b5-d8e1-4b47-8077-2dd9dca7a90f,coordinator_0,worker_4,NET_TRANSFER,5.817470,465.547634,Distribute Layer ID: f21fe5a3
73038.194057,10000,2ede82b5-d8e1-4b47-8077-2dd9dca7a90f,worker_4,worker_4,DISK_LOAD,5.817470,0.045449,"Disk -> RAM [Model: 2ede82b5, Layer: f21fe5a3]"
73038.239506,10000,2ede82b5-d8e1-4b47-8077-2dd9dca7a90f,worker_4,worker_4,MEM_MOVE,5.817470,0.045449,"RAM -> VRAM [Model: 2ede82b5, Layer: f21fe5a3]"
73038.289506,10000,2ede82b5-d8e1-4b47-8077-2dd9dca7a90f,worker_4,worker_4,GPU_COMPUTE,0.050000,0.050000,GPU Compute
73038.447506,10000,2ede82b5-d8e1-4b47-8077-2dd9dca7a90f,worker_4,coordinator_0,NET_TRANSFER,0.000100,0.158000,Signal Finished
74024.734137,10000,2ede82b5-d8e1-4b47-8077-2dd9dca7a90f,coordinator_0,worker_1,NET_TRANSFER,12.326708,986.286630,Distribute Layer ID: 8dab759c
74024.830439,10000,2ede82b5-d8e1-4b47-8077-2dd9dca7a90f,worker_1,worker_1,DISK_LOAD,12.326708,0.096302,"Disk -> RAM [Model: 2ede82b5, Layer: 8dab759c]"
74024.926741,10000,2ede82b5-d8e1-4b47-8077-2dd9dca7a90f,worker_1,worker_1,MEM_MOVE,12.326708,0.096302,"RAM -> VRAM [Model: 2ede82b5, Layer: 8dab759c]"
74024.976741,10000,2ede82b5-d8e1-4b47-8077-2dd9dca7a90f,worker_1,worker_1,GPU_COMPUTE,0.050000,0.050000,GPU Compute
74025.134741,10000,2ede82b5-d8e1-4b47-8077-2dd9dca7a90f,worker_1,coordinator_0,NET_TRANSFER,0.000100,0.158000,Signal Finished
74951.272137,10000,2ede82b5-d8e1-4b47-8077-2dd9dca7a90f,coordinator_0,worker_2,NET_TRANSFER,11.574842,926.137396,Distribute Layer ID: 06490ad0
74951.362565,10000,2ede82b5-d8e1-4b47-8077-2dd9dca7a90f,worker_2,worker_2,DISK_LOAD,11.574842,0.090428,"Disk -> RAM [Model: 2ede82b5, Layer: 06490ad0]"
74951.452994,10000,2ede82b5-d8e1-4b47-8077-2dd9dca7a90f,worker_2,worker_2,MEM_MOVE,11.574842,0.090428,"RAM -> VRAM [Model: 2ede82b5, Layer: 06490ad0]"
74951.502994,10000,2ede82b5-d8e1-4b47-8077-2dd9dca7a90f,worker_2,worker_2,GPU_COMPUTE,0.050000,0.050000,GPU Compute
74951.660994,10000,2ede82b5-d8e1-4b47-8077-2dd9dca7a90f,worker_2,coordinator_0,NET_TRANSFER,0.000100,0.158000,Signal Finished
75996.506219,10000,2ede82b5-d8e1-4b47-8077-2dd9dca7a90f,coordinator_0,worker_3,NET_TRANSFER,13.058690,1044.845225,Distribute Layer ID: 0f528eab
75996.608240,10000,2ede82b5-d8e1-4b47-8077-2dd9dca7a90f,worker_3,worker_3,DISK_LOAD,13.058690,0.102021,"Disk -> RAM [Model: 2ede82b5, Layer: 0f528eab]"
75996.710261,10000,2ede82b5-d8e1-4b47-8077-2dd9dca7a90f,worker_3,worker_3,MEM_MOVE,13.058690,0.102021,"RAM -> VRAM [Model: 2ede82b5, Layer: 0f528eab]"
75996.760261,10000,2ede82b5-d8e1-4b47-8077-2dd9dca7a90f,worker_3,worker_3,GPU_COMPUTE,0.050000,0.050000,GPU Compute
75996.918261,10000,2ede82b5-d8e1-4b47-8077-2dd9dca7a90f,worker_3,coordinator_0,NET_TRANSFER,0.000100,0.158000,Signal Finished
76907.025054,10000,2ede82b5-d8e1-4b47-8077-2dd9dca7a90f,coordinator_0,worker_4,NET_TRANSFER,11.374460,910.106793,Distribute Layer ID: e03c84d5
76907.113917,10000,2ede82b5-d8e1-4b47-8077-2dd9dca7a90f,worker_4,worker_4,DISK_LOAD,11.374460,0.088863,"Disk -> RAM [Model: 2ede82b5, Layer: e03c84d5]"
76907.202780,10000,2ede82b5-d8e1-4b47-8077-2dd9dca7a90f,worker_4,worker_4,MEM_MOVE,11.374460,0.088863,"RAM -> VRAM [Model: 2ede82b5, Layer: e03c84d5]"
76907.252780,10000,2ede82b5-d8e1-4b47-8077-2dd9dca7a90f,worker_4,worker_4,GPU_COMPUTE,0.050000,0.050000,GPU Compute
76907.410780,10000,2ede82b5-d8e1-4b47-8077-2dd9dca7a90f,worker_4,coordinator_0,NET_TRANSFER,0.000100,0.158000,Signal Finished
77493.472228,10000,2ede82b5-d8e1-4b47-8077-2dd9dca7a90f,coordinator_0,worker_1,NET_TRANSFER,7.323893,586.061449,Distribute Layer ID: 00070a3a
77493.529446,10000,2ede82b5-d8e1-4b47-8077-2dd9dca7a90f,worker_1,worker_1,DISK_LOAD,7.323893,0.057218,"Disk -> RAM [Model: 2ede82b5, Layer: 00070a3a]"
77493.586664,10000,2ede82b5-d8e1-4b47-8077-2dd9dca7a90f,worker_1,worker_1,MEM_MOVE,7.323893,0.057218,"RAM -> VRAM [Model: 2ede82b5, Layer: 00070a3a]"
77493.636664,10000,2ede82b5-d8e1-4b47-8077-2dd9dca7a90f,worker_1,worker_1,GPU_COMPUTE,0.050000,0.050000,GPU Compute
77493.794664,10000,2ede82b5-d8e1-4b47-8077-2dd9dca7a90f,worker_1,coordinator_0,NET_TRANSFER,0.000100,0.158000,Signal Finished
78548.492205,10000,2ede82b5-d8e1-4b47-8077-2dd9dca7a90f,coordinator_0,worker_2,NET_TRANSFER,13.181844,1054.697541,Distribute Layer ID: c6d24ad6
78548.595188,10000,2ede82b5-d8e1-4b47-8077-2dd9dca7a90f,worker_2,worker_2,DISK_LOAD,13.181844,0.102983,"Disk -> RAM [Model: 2ede82b5, Layer: c6d24ad6]"
78548.698171,10000,2ede82b5-d8e1-4b47-8077-2dd9dca7a90f,worker_2,worker_2,MEM_MOVE,13.181844,0.102983,"RAM -> VRAM [Model: 2ede82b5, Layer: c6d24ad6]"
78548.748171,10000,2ede82b5-d8e1-4b47-8077-2dd9dca7a90f,worker_2,worker_2,GPU_COMPUTE,0.050000,0.050000,GPU Compute
78548.906171,10000,2ede82b5-d8e1-4b47-8077-2dd9dca7a90f,worker_2,coordinator_0,NET_TRANSFER,0.000100,0.158000,Signal Finished
79668.986399,10000,2ede82b5-d8e1-4b47-8077-2dd9dca7a90f,coordinator_0,worker_3,NET_TRANSFER,13.999128,1120.080228,Distribute Layer ID: a9ddfbac
79669.095767,10000,2ede82b5-d8e1-4b47-8077-2dd9dca7a90f,worker_3,worker_3,DISK_LOAD,13.999128,0.109368,"Disk -> RAM [Model: 2ede82b5, Layer: a9ddfbac]"
79669.205136,10000,2ede82b5-d8e1-4b47-8077-2dd9dca7a90f,worker_3,worker_3,MEM_MOVE,13.999128,0.109368,"RAM -> VRAM [Model: 2ede82b5, Layer: a9ddfbac]"
79669.255136,10000,2ede82b5-d8e1-4b47-8077-2dd9dca7a90f,worker_3,worker_3,GPU_COMPUTE,0.050000,0.050000,GPU Compute
79669.413136,10000,2ede82b5-d8e1-4b47-8077-2dd9dca7a90f,worker_3,coordinator_0,NET_TRANSFER,0.000100,0.158000,Signal Finished
80256.675490,10000,2ede82b5-d8e1-4b47-8077-2dd9dca7a90f,coordinator_0,worker_4,NET_TRANSFER,7.338904,587.262354,Distribute Layer ID: 76446599
80256.732825,10000,2ede82b5-d8e1-4b47-8077-2dd9dca7a90f,worker_4,worker_4,DISK_LOAD,7.338904,0.057335,"Disk -> RAM [Model: 2ede82b5, Layer: 76446599]"
80256.790160,10000,2ede82b5-d8e1-4b47-8077-2dd9dca7a90f,worker_4,worker_4,MEM_MOVE,7.338904,0.057335,"RAM -> VRAM [Model: 2ede82b5, Layer: 76446599]"
80256.840160,10000,2ede82b5-d8e1-4b47-8077-2dd9dca7a90f,worker_4,worker_4,GPU_COMPUTE,0.050000,0.050000,GPU Compute
80256.998160,10000,2ede82b5-d8e1-4b47-8077-2dd9dca7a90f,worker_4,coordinator_0,NET_TRANSFER,0.000100,0.158000,Signal Finished
80896.738187,10000,2ede82b5-d8e1-4b47-8077-2dd9dca7a90f,coordinator_0,worker_1,NET_TRANSFER,7.994875,639.740026,Distribute Layer ID: 8af21ad1
80896.800646,10000,2ede82b5-d8e1-4b47-8077-2dd9dca7a90f,worker_1,worker_1,DISK_LOAD,7.994875,0.062460,"Disk -> RAM [Model: 2ede82b5, Layer: 8af21ad1]"
80896.863106,10000,2ede82b5-d8e1-4b47-8077-2dd9dca7a90f,worker_1,worker_1,MEM_MOVE,7.994875,0.062460,"RAM -> VRAM [Model: 2ede82b5, Layer: 8af21ad1]"
80896.913106,10000,2ede82b5-d8e1-4b47-8077-2dd9dca7a90f,worker_1,worker_1,GPU_COMPUTE,0.050000,0.050000,GPU Compute
80897.071106,10000,2ede82b5-d8e1-4b47-8077-2dd9dca7a90f,worker_1,coordinator_0,NET_TRANSFER,0.000100,0.158000,Signal Finished
82060.787387,10000,2ede82b5-d8e1-4b47-8077-2dd9dca7a90f,coordinator_0,worker_2,NET_TRANSFER,14.544579,1163.716280,Distribute Layer ID: 1b1cf84b
82060.901016,10000,2ede82b5-d8e1-4b47-8077-2dd9dca7a90f,worker_2,worker_2,DISK_LOAD,14.544579,0.113630,"Disk -> RAM [Model: 2ede82b5, Layer: 1b1cf84b]"
82061.014646,10000,2ede82b5-d8e1-4b47-8077-2dd9dca7a90f,worker_2,worker_2,MEM_MOVE,14.544579,0.113630,"RAM -> VRAM [Model: 2ede82b5, Layer: 1b1cf84b]"
82061.064646,10000,2ede82b5-d8e1-4b47-8077-2dd9dca7a90f,worker_2,worker_2,GPU_COMPUTE,0.050000,0.050000,GPU Compute
82061.222646,10000,2ede82b5-d8e1-4b47-8077-2dd9dca7a90f,worker_2,coordinator_0,NET_TRANSFER,0.000100,0.158000,Signal Finished
82462.141022,10000,2ede82b5-d8e1-4b47-8077-2dd9dca7a90f,coordinator_0,worker_3,NET_TRANSFER,5.009605,400.918376,Distribute Layer ID: 9c0a114a
82462.180159,10000,2ede82b5-d8e1-4b47-8077-2dd9dca7a90f,worker_3,worker_3,DISK_LOAD,5.009605,0.039138,"Disk -> RAM [Model: 2ede82b5, Layer: 9c0a114a]"
82462.219297,10000,2ede82b5-d8e1-4b47-8077-2dd9dca7a90f,worker_3,worker_3,MEM_MOVE,5.009605,0.039138,"RAM -> VRAM [Model: 2ede82b5, Layer: 9c0a114a]"
82462.269297,10000,2ede82b5-d8e1-4b47-8077-2dd9dca7a90f,worker_3,worker_3,GPU_COMPUTE,0.050000,0.050000,GPU Compute
82462.427297,10000,2ede82b5-d8e1-4b47-8077-2dd9dca7a90f,worker_3,coordinator_0,NET_TRANSFER,0.000100,0.158000,Signal Finished
83094.887438,10000,2ede82b5-d8e1-4b47-8077-2dd9dca7a90f,coordinator_0,worker_4,NET_TRANSFER,7.903877,632.460141,Distribute Layer ID: cbb90d24
83094.949187,10000,2ede82b5-d8e1-4b47-8077-2dd9dca7a90f,worker_4,worker_4,DISK_LOAD,7.903877,0.061749,"Disk -> RAM [Model: 2ede82b5, Layer: cbb90d24]"
83095.010936,10000,2ede82b5-d8e1-4b47-8077-2dd9dca7a90f,worker_4,worker_4,MEM_MOVE,7.903877,0.061749,"RAM -> VRAM [Model: 2ede82b5, Layer: cbb90d24]"
83095.060936,10000,2ede82b5-d8e1-4b47-8077-2dd9dca7a90f,worker_4,worker_4,GPU_COMPUTE,0.050000,0.050000,GPU Compute
83095.218936,10000,2ede82b5-d8e1-4b47-8077-2dd9dca7a90f,worker_4,coordinator_0,NET_TRANSFER,0.000100,0.158000,Signal Finished
83486.074948,10000,2ede82b5-d8e1-4b47-8077-2dd9dca7a90f,coordinator_0,worker_1,NET_TRANSFER,4.883825,390.856012,Distribute Layer ID: d2e39fb6
83486.113103,10000,2ede82b5-d8e1-4b47-8077-2dd9dca7a90f,worker_1,worker_1,DISK_LOAD,4.883825,0.038155,"Disk -> RAM [Model: 2ede82b5, Layer: d2e39fb6]"
83486.151258,10000,2ede82b5-d8e1-4b47-8077-2dd9dca7a90f,worker_1,worker_1,MEM_MOVE,4.883825,0.038155,"RAM -> VRAM [Model: 2ede82b5, Layer: d2e39fb6]"
83486.201258,10000,2ede82b5-d8e1-4b47-8077-2dd9dca7a90f,worker_1,worker_1,GPU_COMPUTE,0.050000,0.050000,GPU Compute
83486.359258,10000,2ede82b5-d8e1-4b47-8077-2dd9dca7a90f,worker_1,coordinator_0,NET_TRANSFER,0.000100,0.158000,Signal Finished
84314.341514,10000,2ede82b5-d8e1-4b47-8077-2dd9dca7a90f,coordinator_0,worker_2,NET_TRANSFER,10.347903,827.982255,Distribute Layer ID: 3d37a099
84314.422357,10000,2ede82b5-d8e1-4b47-8077-2dd9dca7a90f,worker_2,worker_2,DISK_LOAD,10.347903,0.080843,"Disk -> RAM [Model: 2ede82b5, Layer: 3d37a099]"
84314.503200,10000,2ede82b5-d8e1-4b47-8077-2dd9dca7a90f,worker_2,worker_2,MEM_MOVE,10.347903,0.080843,"RAM -> VRAM [Model: 2ede82b5, Layer: 3d37a099]"
84314.553200,10000,2ede82b5-d8e1-4b47-8077-2dd9dca7a90f,worker_2,worker_2,GPU_COMPUTE,0.050000,0.050000,GPU Compute
84314.711200,10000,2ede82b5-d8e1-4b47-8077-2dd9dca7a90f,worker_2,coordinator_0,NET_TRANSFER,0.000100,0.158000,Signal Finished
85107.395544,10000,2ede82b5-d8e1-4b47-8077-2dd9dca7a90f,coordinator_0,worker_3,NET_TRANSFER,9.906679,792.684344,Distribute Layer ID: 190353ad
85107.472939,10000,2ede82b5-d8e1-4b47-8077-2dd9dca7a90f,worker_3,worker_3,DISK_LOAD,9.906679,0.077396,"Disk -> RAM [Model: 2ede82b5, Layer: 190353ad]"
85107.550335,10000,2ede82b5-d8e1-4b47-8077-2dd9dca7a90f,worker_3,worker_3,MEM_MOVE,9.906679,0.077396,"RAM -> VRAM [Model: 2ede82b5, Layer: 190353ad]"
85107.600335,10000,2ede82b5-d8e1-4b47-8077-2dd9dca7a90f,worker_3,worker_3,GPU_COMPUTE,0.050000,0.050000,GPU Compute
85107.758335,10000,2ede82b5-d8e1-4b47-8077-2dd9dca7a90f,worker_3,coordinator_0,NET_TRANSFER,0.000100,0.158000,Signal Finished
85924.619713,10000,2ede82b5-d8e1-4b47-8077-2dd9dca7a90f,coordinator_0,worker_4,NET_TRANSFER,10.208892,816.861378,Distribute Layer ID: 254ace41
85924.699470,10000,2ede82b5-d8e1-4b47-8077-2dd9dca7a90f,worker_4,worker_4,DISK_LOAD,10.208892,0.079757,"Disk -> RAM [Model: 2ede82b5, Layer: 254ace41]"
85924.779227,10000,2ede82b5-d8e1-4b47-8077-2dd9dca7a90f,worker_4,worker_4,MEM_MOVE,10.208892,0.079757,"RAM -> VRAM [Model: 2ede82b5, Layer: 254ace41]"
85924.829227,10000,2ede82b5-d8e1-4b47-8077-2dd9dca7a90f,worker_4,worker_4,GPU_COMPUTE,0.050000,0.050000,GPU Compute
85924.987227,10000,2ede82b5-d8e1-4b47-8077-2dd9dca7a90f,worker_4,coordinator_0,NET_TRANSFER,0.000100,0.158000,Signal Finished
86835.443996,10000,2ede82b5-d8e1-4b47-8077-2dd9dca7a90f,coordinator_0,worker_1,NET_TRANSFER,11.378835,910.456769,Distribute Layer ID: 62faa4cd
86835.532894,10000,2ede82b5-d8e1-4b47-8077-2dd9dca7a90f,worker_1,worker_1,DISK_LOAD,11.378835,0.088897,"Disk -> RAM [Model: 2ede82b5, Layer: 62faa4cd]"
86835.621791,10000,2ede82b5-d8e1-4b47-8077-2dd9dca7a90f,worker_1,worker_1,MEM_MOVE,11.378835,0.088897,"RAM -> VRAM [Model: 2ede82b5, Layer: 62faa4cd]"
86835.671791,10000,2ede82b5-d8e1-4b47-8077-2dd9dca7a90f,worker_1,worker_1,GPU_COMPUTE,0.050000,0.050000,GPU Compute
86835.829791,10000,2ede82b5-d8e1-4b47-8077-2dd9dca7a90f,worker_1,coordinator_0,NET_TRANSFER,0.000100,0.158000,Signal Finished
87668.720624,10000,2ede82b5-d8e1-4b47-8077-2dd9dca7a90f,coordinator_0,worker_2,NET_TRANSFER,10.409260,832.890834,Distribute Layer ID: c6cd7d5a
87668.801947,10000,2ede82b5-d8e1-4b47-8077-2dd9dca7a90f,worker_2,worker_2,DISK_LOAD,10.409260,0.081322,"Disk -> RAM [Model: 2ede82b5, Layer: c6cd7d5a]"
87668.883269,10000,2ede82b5-d8e1-4b47-8077-2dd9dca7a90f,worker_2,worker_2,MEM_MOVE,10.409260,0.081322,"RAM -> VRAM [Model: 2ede82b5, Layer: c6cd7d5a]"
87668.933269,10000,2ede82b5-d8e1-4b47-8077-2dd9dca7a90f,worker_2,worker_2,GPU_COMPUTE,0.050000,0.050000,GPU Compute
87669.091269,10000,2ede82b5-d8e1-4b47-8077-2dd9dca7a90f,worker_2,coordinator_0,NET_TRANSFER,0.000100,0.158000,Signal Finished
88823.633607,10000,2ede82b5-d8e1-4b47-8077-2dd9dca7a90f,coordinator_0,worker_3,NET_TRANSFER,14.429904,1154.542338,Distribute Layer ID: b10edaa3
88823.746341,10000,2ede82b5-d8e1-4b47-8077-2dd9dca7a90f,worker_3,worker_3,DISK_LOAD,14.429904,0.112734,"Disk -> RAM [Model: 2ede82b5, Layer: b10edaa3]"
88823.859074,10000,2ede82b5-d8e1-4b47-8077-2dd9dca7a90f,worker_3,worker_3,MEM_MOVE,14.429904,0.112734,"RAM -> VRAM [Model: 2ede82b5, Layer: b10edaa3]"
88823.909074,10000,2ede82b5-d8e1-4b47-8077-2dd9dca7a90f,worker_3,worker_3,GPU_COMPUTE,0.050000,0.050000,GPU Compute
88824.067074,10000,2ede82b5-d8e1-4b47-8077-2dd9dca7a90f,worker_3,coordinator_0,NET_TRANSFER,0.000100,0.158000,Signal Finished
88824.225074,6000,946dc1c0-f65c-473a-9f28-9712bae271a5,client_6,coordinator_0,NET_TRANSFER,0.000100,0.158000,Request Model ID
88824.383074,5000,9d4a632c-1da4-4855-8ee3-ca4ae32fb12e,client_5,coordinator_0,NET_TRANSFER,0.000100,0.158000,Request Model ID
88824.541074,6000,c1690bdb-a1e5-4e67-8c37-5dbe0393ec5a,client_6,coordinator_0,NET_TRANSFER,0.000100,0.158000,Request Model ID
88824.699074,4000,750b7e46-61b8-4000-a7ed-4a335dc14d8e,client_4,coordinator_0,NET_TRANSFER,0.000100,0.158000,Request Model ID
88824.857074,3000,efe1fad9-6017-4c8f-a55c-6bc7cb5cd028,client_3,coordinator_0,NET_TRANSFER,0.000100,0.158000,Request Model ID
88825.015074,3000,fbf90d55-a5a6-4d35-8c6a-6a67f586b4b7,client_3,coordinator_0,NET_TRANSFER,0.000100,0.158000,Request Model ID
88825.173074,6000,946dc1c0-f65c-473a-9f28-9712bae271a5,coordinator_0,client_6,NET_TRANSFER,0.000100,0.158000,Signal: Cache Miss / Request Weights
127624.645701,6000,946dc1c0-f65c-473a-9f28-9712bae271a5,client_6,coordinator_0,NET_TRANSFER,484.991533,38799.472627,Upload Model Weights
128597.227315,6000,946dc1c0-f65c-473a-9f28-9712bae271a5,coordinator_0,worker_1,NET_TRANSFER,12.155395,972.581614,Distribute Layer ID: d68aed93
128597.322279,6000,946dc1c0-f65c-473a-9f28-9712bae271a5,worker_1,worker_1,DISK_LOAD,12.155395,0.094964,"Disk -> RAM [Model: 946dc1c0, Layer: d68aed93]"
128597.417243,6000,946dc1c0-f65c-473a-9f28-9712bae271a5,worker_1,worker_1,MEM_MOVE,12.155395,0.094964,"RAM -> VRAM [Model: 946dc1c0, Layer: d68aed93]"
128597.467243,6000,946dc1c0-f65c-473a-9f28-9712bae271a5,worker_1,worker_1,GPU_COMPUTE,0.050000,0.050000,GPU Compute
128597.625243,6000,946dc1c0-f65c-473a-9f28-9712bae271a5,worker_1,coordinator_0,NET_TRANSFER,0.000100,0.158000,Signal Finished
129399.472857,6000,946dc1c0-f65c-473a-9f28-9712bae271a5,coordinator_0,worker_2,NET_TRANSFER,10.021220,801.847613,Distribute Layer ID: bd02e3ae
129399.551147,6000,946dc1c0-f65c-473a-9f28-9712bae271a5,worker_2,worker_2,DISK_LOAD,10.021220,0.078291,"Disk -> RAM [Model: 946dc1c0, Layer: bd02e3ae]"
129399.629438,6000,946dc1c0-f65c-473a-9f28-9712bae271a5,worker_2,worker_2,MEM_MOVE,10.021220,0.078291,"RAM -> VRAM [Model: 946dc1c0, Layer: bd02e3ae]"
129399.679438,6000,946dc1c0-f65c-473a-9f28-9712bae271a5,worker_2,worker_2,GPU_COMPUTE,0.050000,0.050000,GPU Compute
129399.837438,6000,946dc1c0-f65c-473a-9f28-9712bae271a5,worker_2,coordinator_0,NET_TRANSFER,0.000100,0.158000,Signal Finished
130207.721248,6000,946dc1c0-f65c-473a-9f28-9712bae271a5,coordinator_0,worker_3,NET_TRANSFER,10.096673,807.883810,Distribute Layer ID: b6fe8f26
130207.800129,6000,946dc1c0-f65c-473a-9f28-9712bae271a5,worker_3,worker_3,DISK_LOAD,10.096673,0.078880,"Disk -> RAM [Model: 946dc1c0, Layer: b6fe8f26]"
130207.879009,6000,946dc1c0-f65c-473a-9f28-9712bae271a5,worker_3,worker_3,MEM_MOVE,10.096673,0.078880,"RAM -> VRAM [Model: 946dc1c0, Layer: b6fe8f26]"
130207.929009,6000,946dc1c0-f65c-473a-9f28-9712bae271a5,worker_3,worker_3,GPU_COMPUTE,0.050000,0.050000,GPU Compute
130208.087009,6000,946dc1c0-f65c-473a-9f28-9712bae271a5,worker_3,coordinator_0,NET_TRANSFER,0.000100,0.158000,Signal Finished
130670.443245,6000,946dc1c0-f65c-473a-9f28-9712bae271a5,coordinator_0,worker_4,NET_TRANSFER,5.777578,462.356236,Distribute Layer ID: 01cf9f6f
130670.488382,6000,946dc1c0-f65c-473a-9f28-9712bae271a5,worker_4,worker_4,DISK_LOAD,5.777578,0.045137,"Disk -> RAM [Model: 946dc1c0, Layer: 01cf9f6f]"
130670.533520,6000,946dc1c0-f65c-473a-9f28-9712bae271a5,worker_4,worker_4,MEM_MOVE,5.777578,0.045137,"RAM -> VRAM [Model: 946dc1c0, Layer: 01cf9f6f]"
130670.583520,6000,946dc1c0-f65c-473a-9f28-9712bae271a5,worker_4,worker_4,GPU_COMPUTE,0.050000,0.050000,GPU Compute
130670.741520,6000,946dc1c0-f65c-473a-9f28-9712bae271a5,worker_4,coordinator_0,NET_TRANSFER,0.000100,0.158000,Signal Finished
131405.116303,6000,946dc1c0-f65c-473a-9f28-9712bae271a5,coordinator_0,worker_1,NET_TRANSFER,9.177810,734.374783,Distribute Layer ID: 1be789f6
131405.188005,6000,946dc1c0-f65c-473a-9f28-9712bae271a5,worker_1,worker_1,DISK_LOAD,9.177810,0.071702,"Disk -> RAM [Model: 946dc1c0, Layer: 1be789f6]"
131405.259706,6000,946dc1c0-f65c-473a-9f28-9712bae271a5,worker_1,worker_1,MEM_MOVE,9.177810,0.071702,"RAM -> VRAM [Model: 946dc1c0, Layer: 1be789f6]"
131405.309706,6000,946dc1c0-f65c-473a-9f28-9712bae271a5,worker_1,worker_1,GPU_COMPUTE,0.050000,0.050000,GPU Compute
131405.467706,6000,946dc1c0-f65c-473a-9f28-9712bae271a5,worker_1,coordinator_0,NET_TRANSFER,0.000100,0.158000,Signal Finished
132181.400600,6000,946dc1c0-f65c-473a-9f28-9712bae271a5,coordinator_0,worker_2,NET_TRANSFER,9.697286,775.932893,Distribute Layer ID: 463862b8
132181.476360,6000,946dc1c0-f65c-473a-9f28-9712bae271a5,worker_2,worker_2,DISK_LOAD,9.697286,0.075760,"Disk -> RAM [Model: 946dc1c0, Layer: 463862b8]"
132181.552120,6000,946dc1c0-f65c-473a-9f28-9712bae271a5,worker_2,worker_2,MEM_MOVE,9.697286,0.075760,"RAM -> VRAM [Model: 946dc1c0, Layer: 463862b8]"
132181.602120,6000,946dc1c0-f65c-473a-9f28-9712bae271a5,worker_2,worker_2,GPU_COMPUTE,0.050000,0.050000,GPU Compute
132181.760120,6000,946dc1c0-f65c-473a-9f28-9712bae271a5,worker_2,coordinator_0,NET_TRANSFER,0.000100,0.158000,Signal Finished
133379.384534,6000,946dc1c0-f65c-473a-9f28-9712bae271a5,coordinator_0,worker_3,NET_TRANSFER,14.968430,1197.624414,Distribute Layer ID: 907832bd
133379.501475,6000,946dc1c0-f65c-473a-9f28-9712bae271a5,worker_3,worker_3,DISK_LOAD,14.968430,0.116941,"Disk -> RAM [Model: 946dc1c0, Layer: 907832bd]"
133379.618416,6000,946dc1c0-f65c-473a-9f28-9712bae271a5,worker_3,worker_3,MEM_MOVE,14.968430,0.116941,"RAM -> VRAM [Model: 946dc1c0, Layer: 907832bd]"
133379.668416,6000,946dc1c0-f65c-473a-9f28-9712bae271a5,worker_3,worker_3,GPU_COMPUTE,0.050000,0.050000,GPU Compute
133379.826416,6000,946dc1c0-f65c-473a-9f28-9712bae271a5,worker_3,coordinator_0,NET_TRANSFER,0.000100,0.158000,Signal Finished
134350.649799,6000,946dc1c0-f65c-473a-9f28-9712bae271a5,coordinator_0,worker_4,NET_TRANSFER,12.133417,970.823383,Distribute Layer ID: 33c9a149
134350.744591,6000,946dc1c0-f65c-473a-9f28-9712bae271a5,worker_4,worker_4,DISK_LOAD,12.133417,0.094792,"Disk -> RAM [Model: 946dc1c0, Layer: 33c9a149]"
134350.839384,6000,946dc1c0-f65c-473a-9f28-9712bae271a5,worker_4,worker_4,MEM_MOVE,12.133417,0.094792,"RAM -> VRAM [Model: 946dc1c0, Layer: 33c9a149]"
134350.889384,6000,946dc1c0-f65c-473a-9f28-9712bae271a5,worker_4,worker_4,GPU_COMPUTE,0.050000,0.050000,GPU Compute
134351.047384,6000,946dc1c0-f65c-473a-9f28-9712bae271a5,worker_4,coordinator_0,NET_TRANSFER,0.000100,0.158000,Signal Finished
134811.797177,6000,946dc1c0-f65c-473a-9f28-9712bae271a5,coordinator_0,worker_1,NET_TRANSFER,5.757497,460.749794,Distribute Layer ID: ce617b36
134811.842158,6000,946dc1c0-f65c-473a-9f28-9712bae271a5,worker_1,worker_1,DISK_LOAD,5.757497,0.044980,"Disk -> RAM [Model: 946dc1c0, Layer: ce617b36]"
134811.887138,6000,946dc1c0-f65c-473a-9f28-9712bae271a5,worker_1,worker_1,MEM_MOVE,5.757497,0.044980,"RAM -> VRAM [Model: 946dc1c0, Layer: ce617b36]"
134811.937138,6000,946dc1c0-f65c-473a-9f28-9712bae271a5,worker_1,worker_1,GPU_COMPUTE,0.050000,0.050000,GPU Compute
134812.095138,6000,946dc1c0-f65c-473a-9f28-9712bae271a5,worker_1,coordinator_0,NET_TRANSFER,0.000100,0.158000,Signal Finished
135779.725947,6000,946dc1c0-f65c-473a-9f28-9712bae271a5,coordinator_0,worker_2,NET_TRANSFER,12.093510,967.630809,Distribute Layer ID: 3aa2ad3a
135779.820428,6000,946dc1c0-f65c-473a-9f28-9712bae271a5,worker_2,worker_2,DISK_LOAD,12.093510,0.094481,"Disk -> RAM [Model: 946dc1c0, Layer: 3aa2ad3a]"
135779.914908,6000,946dc1c0-f65c-473a-9f28-9712bae271a5,worker_2,worker_2,MEM_MOVE,12.093510,0.094481,"RAM -> VRAM [Model: 946dc1c0, Layer: 3aa2ad3a]"
135779.964908,6000,946dc1c0-f65c-473a-9f28-9712bae271a5,worker_2,worker_2,GPU_COMPUTE,0.050000,0.050000,GPU Compute
135780.122908,6000,946dc1c0-f65c-473a-9f28-9712bae271a5,worker_2,coordinator_0,NET_TRANSFER,0.000100,0.158000,Signal Finished
136723.204165,6000,946dc1c0-f65c-473a-9f28-9712bae271a5,coordinator_0,worker_3,NET_TRANSFER,11.786641,943.081256,Distribute Layer ID: 6d113bc6
136723.296248,6000,946dc1c0-f65c-473a-9f28-9712bae271a5,worker_3,worker_3,DISK_LOAD,11.786641,0.092083,"Disk -> RAM [Model: 946dc1c0, Layer: 6d113bc6]"
136723.388331,6000,946dc1c0-f65c-473a-9f28-9712bae271a5,worker_3,worker_3,MEM_MOVE,11.786641,0.092083,"RAM -> VRAM [Model: 946dc1c0, Layer: 6d113bc6]"
136723.438331,6000,946dc1c0-f65c-473a-9f28-9712bae271a5,worker_3,worker_3,GPU_COMPUTE,0.050000,0.050000,GPU Compute
136723.596331,6000,946dc1c0-f65c-473a-9f28-9712bae271a5,worker_3,coordinator_0,NET_TRANSFER,0.000100,0.158000,Signal Finished
137151.165831,6000,946dc1c0-f65c-473a-9f28-9712bae271a5,coordinator_0,worker_4,NET_TRANSFER,5.342744,427.569500,Distribute Layer ID: ae35fe68
137151.207571,6000,946dc1c0-f65c-473a-9f28-9712bae271a5,worker_4,worker_4,DISK_LOAD,5.342744,0.041740,"Disk -> RAM [Model: 946dc1c0, Layer: ae35fe68]"
137151.249311,6000,946dc1c0-f65c-473a-9f28-9712bae271a5,worker_4,worker_4,MEM_MOVE,5.342744,0.041740,"RAM -> VRAM [Model: 946dc1c0, Layer: ae35fe68]"
137151.299311,6000,946dc1c0-f65c-473a-9f28-9712bae271a5,worker_4,worker_4,GPU_COMPUTE,0.050000,0.050000,GPU Compute
137151.457311,6000,946dc1c0-f65c-473a-9f28-9712bae271a5,worker_4,coordinator_0,NET_TRANSFER,0.000100,0.158000,Signal Finished
137892.890594,6000,946dc1c0-f65c-473a-9f28-9712bae271a5,coordinator_0,worker_1,NET_TRANSFER,9.266041,741.433283,Distribute Layer ID: a9500c98
137892.962985,6000,946dc1c0-f65c-473a-9f28-9712bae271a5,worker_1,worker_1,DISK_LOAD,9.266041,0.072391,"Disk -> RAM [Model: 946dc1c0, Layer: a9500c98]"
137893.035376,6000,946dc1c0-f65c-473a-9f28-9712bae271a5,worker_1,worker_1,MEM_MOVE,9.266041,0.072391,"RAM -> VRAM [Model: 946dc1c0, Layer: a9500c98]"
137893.085376,6000,946dc1c0-f65c-473a-9f28-9712bae271a5,worker_1,worker_1,GPU_COMPUTE,0.050000,0.050000,GPU Compute
137893.243376,6000,946dc1c0-f65c-473a-9f28-9712bae271a5,worker_1,coordinator_0,NET_TRANSFER,0.000100,0.158000,Signal Finished
138632.954133,6000,946dc1c0-f65c-473a-9f28-9712bae271a5,coordinator_0,worker_2,NET_TRANSFER,9.244509,739.710757,Distribute Layer ID: 3232589a
138633.026356,6000,946dc1c0-f65c-473a-9f28-9712bae271a5,worker_2,worker_2,DISK_LOAD,9.244509,0.072223,"Disk -> RAM [Model: 946dc1c0, Layer: 3232589a]"
138633.098578,6000,946dc1c0-f65c-473a-9f28-9712bae271a5,worker_2,worker_2,MEM_MOVE,9.244509,0.072223,"RAM -> VRAM [Model: 946dc1c0, Layer: 3232589a]"
138633.148578,6000,946dc1c0-f65c-473a-9f28-9712bae271a5,worker_2,worker_2,GPU_COMPUTE,0.050000,0.050000,GPU Compute
138633.306578,6000,946dc1c0-f65c-473a-9f28-9712bae271a5,worker_2,coordinator_0,NET_TRANSFER,0.000100,0.158000,Signal Finished
139195.325308,6000,946dc1c0-f65c-473a-9f28-9712bae271a5,coordinator_0,worker_3,NET_TRANSFER,7.023359,562.018730,Distribute Layer ID: c3d14309
139195.380178,6000,946dc1c0-f65c-473a-9f28-9712bae271a5,worker_3,worker_3,DISK_LOAD,7.023359,0.054870,"Disk -> RAM [Model: 946dc1c0, Layer: c3d14309]"
139195.435048,6000,946dc1c0-f65c-473a-9f28-9712bae271a5,worker_3,worker_3,MEM_MOVE,7.023359,0.054870,"RAM -> VRAM [Model: 946dc1c0, Layer: c3d14309]"
139195.485048,6000,946dc1c0-f65c-473a-9f28-9712bae271a5,worker_3,worker_3,GPU_COMPUTE,0.050000,0.050000,GPU Compute
139195.643048,6000,946dc1c0-f65c-473a-9f28-9712bae271a5,worker_3,coordinator_0,NET_TRANSFER,0.000100,0.158000,Signal Finished
139778.887795,6000,946dc1c0-f65c-473a-9f28-9712bae271a5,coordinator_0,worker_4,NET_TRANSFER,7.288684,583.244747,Distribute Layer ID: 694e6dd5
139778.944738,6000,946dc1c0-f65c-473a-9f28-9712bae271a5,worker_4,worker_4,DISK_LOAD,7.288684,0.056943,"Disk -> RAM [Model: 946dc1c0, Layer: 694e6dd5]"
139779.001681,6000,946dc1c0-f65c-473a-9f28-9712bae271a5,worker_4,worker_4,MEM_MOVE,7.288684,0.056943,"RAM -> VRAM [Model: 946dc1c0, Layer: 694e6dd5]"
139779.051681,6000,946dc1c0-f65c-473a-9f28-9712bae271a5,worker_4,worker_4,GPU_COMPUTE,0.050000,0.050000,GPU Compute
139779.209681,6000,946dc1c0-f65c-473a-9f28-9712bae271a5,worker_4,coordinator_0,NET_TRANSFER,0.000100,0.158000,Signal Finished
140756.566256,6000,946dc1c0-f65c-473a-9f28-9712bae271a5,coordinator_0,worker_1,NET_TRANSFER,12.215082,977.356576,Distribute Layer ID: a82bec7f
140756.661687,6000,946dc1c0-f65c-473a-9f28-9712bae271a5,worker_1,worker_1,DISK_LOAD,12.215082,0.095430,"Disk -> RAM [Model: 946dc1c0, Layer: a82bec7f]"
140756.757117,6000,946dc1c0-f65c-473a-9f28-9712bae271a5,worker_1,worker_1,MEM_MOVE,12.215082,0.095430,"RAM -> VRAM [Model: 946dc1c0, Layer: a82bec7f]"
140756.807117,6000,946dc1c0-f65c-473a-9f28-9712bae271a5,worker_1,worker_1,GPU_COMPUTE,0.050000,0.050000,GPU Compute
140756.965117,6000,946dc1c0-f65c-473a-9f28-9712bae271a5,worker_1,coordinator_0,NET_TRANSFER,0.000100,0.158000,Signal Finished
141769.187511,6000,946dc1c0-f65c-473a-9f28-9712bae271a5,coordinator_0,worker_2,NET_TRANSFER,12.650905,1012.222394,Distribute Layer ID: 0c5a7647
141769.286346,6000,946dc1c0-f65c-473a-9f28-9712bae271a5,worker_2,worker_2,DISK_LOAD,12.650905,0.098835,"Disk -> RAM [Model: 946dc1c0, Layer: 0c5a7647]"
141769.385182,6000,946dc1c0-f65c-473a-9f28-9712bae271a5,worker_2,worker_2,MEM_MOVE,12.650905,0.098835,"RAM -> VRAM [Model: 946dc1c0, Layer: 0c5a7647]"
141769.435182,6000,946dc1c0-f65c-473a-9f28-9712bae271a5,worker_2,worker_2,GPU_COMPUTE,0.050000,0.050000,GPU Compute
141769.593182,6000,946dc1c0-f65c-473a-9f28-9712bae271a5,worker_2,coordinator_0,NET_TRANSFER,0.000100,0.158000,Signal Finished
142296.560692,6000,946dc1c0-f65c-473a-9f28-9712bae271a5,coordinator_0,worker_3,NET_TRANSFER,6.585219,526.967510,Distribute Layer ID: 26955f3e
142296.612139,6000,946dc1c0-f65c-473a-9f28-9712bae271a5,worker_3,worker_3,DISK_LOAD,6.585219,0.051447,"Disk -> RAM [Model: 946dc1c0, Layer: 26955f3e]"
142296.663586,6000,946dc1c0-f65c-473a-9f28-9712bae271a5,worker_3,worker_3,MEM_MOVE,6.585219,0.051447,"RAM -> VRAM [Model: 946dc1c0, Layer: 26955f3e]"
142296.713586,6000,946dc1c0-f65c-473a-9f28-9712bae271a5,worker_3,worker_3,GPU_COMPUTE,0.050000,0.050000,GPU Compute
142296.871586,6000,946dc1c0-f65c-473a-9f28-9712bae271a5,worker_3,coordinator_0,NET_TRANSFER,0.000100,0.158000,Signal Finished
142892.831466,6000,946dc1c0-f65c-473a-9f28-9712bae271a5,coordinator_0,worker_4,NET_TRANSFER,7.447623,595.959880,Distribute Layer ID: 383d4b53
142892.889650,6000,946dc1c0-f65c-473a-9f28-9712bae271a5,worker_4,worker_4,DISK_LOAD,7.447623,0.058185,"Disk -> RAM [Model: 946dc1c0, Layer: 383d4b53]"
142892.947835,6000,946dc1c0-f65c-473a-9f28-9712bae271a5,worker_4,worker_4,MEM_MOVE,7.447623,0.058185,"RAM -> VRAM [Model: 946dc1c0, Layer: 383d4b53]"
142892.997835,6000,946dc1c0-f65c-473a-9f28-9712bae271a5,worker_4,worker_4,GPU_COMPUTE,0.050000,0.050000,GPU Compute
142893.155835,6000,946dc1c0-f65c-473a-9f28-9712bae271a5,worker_4,coordinator_0,NET_TRANSFER,0.000100,0.158000,Signal Finished
143599.439273,6000,946dc1c0-f65c-473a-9f28-9712bae271a5,coordinator_0,worker_1,NET_TRANSFER,8.826668,706.283438,Distribute Layer ID: 3af11500
143599.508231,6000,946dc1c0-f65c-473a-9f28-9712bae271a5,worker_1,worker_1,DISK_LOAD,8.826668,0.068958,"Disk -> RAM [Model: 946dc1c0, Layer: 3af11500]"
143599.577190,6000,946dc1c0-f65c-473a-9f28-9712bae271a5,worker_1,worker_1,MEM_MOVE,8.826668,0.068958,"RAM -> VRAM [Model: 946dc1c0, Layer: 3af11500]"
143599.627190,6000,946dc1c0-f65c-473a-9f28-9712bae271a5,worker_1,worker_1,GPU_COMPUTE,0.050000,0.050000,GPU Compute
143599.785190,6000,946dc1c0-f65c-473a-9f28-9712bae271a5,worker_1,coordinator_0,NET_TRANSFER,0.000100,0.158000,Signal Finished
144441.888518,6000,946dc1c0-f65c-473a-9f28-9712bae271a5,coordinator_0,worker_2,NET_TRANSFER,10.524417,842.103329,Distribute Layer ID: 477da1ea
144441.970740,6000,946dc1c0-f65c-473a-9f28-9712bae271a5,worker_2,worker_2,DISK_LOAD,10.524417,0.082222,"Disk -> RAM [Model: 946dc1c0, Layer: 477da1ea]"
144442.052962,6000,946dc1c0-f65c-473a-9f28-9712bae271a5,worker_2,worker_2,MEM_MOVE,10.524417,0.082222,"RAM -> VRAM [Model: 946dc1c0, Layer: 477da1ea]"
144442.102962,6000,946dc1c0-f65c-473a-9f28-9712bae271a5,worker_2,worker_2,GPU_COMPUTE,0.050000,0.050000,GPU Compute
144442.260962,6000,946dc1c0-f65c-473a-9f28-9712bae271a5,worker_2,coordinator_0,NET_TRANSFER,0.000100,0.158000,Signal Finished
144973.171128,6000,946dc1c0-f65c-473a-9f28-9712bae271a5,coordinator_0,worker_3,NET_TRANSFER,6.634502,530.910165,Distribute Layer ID: 47f15c96
144973.222960,6000,946dc1c0-f65c-473a-9f28-9712bae271a5,worker_3,worker_3,DISK_LOAD,6.634502,0.051832,"Disk -> RAM [Model: 946dc1c0, Layer: 47f15c96]"
144973.274792,6000,946dc1c0-f65c-473a-9f28-9712bae271a5,worker_3,worker_3,MEM_MOVE,6.634502,0.051832,"RAM -> VRAM [Model: 946dc1c0, Layer: 47f15c96]"
144973.324792,6000,946dc1c0-f65c-473a-9f28-9712bae271a5,worker_3,worker_3,GPU_COMPUTE,0.050000,0.050000,GPU Compute
144973.482792,6000,946dc1c0-f65c-473a-9f28-9712bae271a5,worker_3,coordinator_0,NET_TRANSFER,0.000100,0.158000,Signal Finished
145935.777661,6000,946dc1c0-f65c-473a-9f28-9712bae271a5,coordinator_0,worker_4,NET_TRANSFER,12.026811,962.294869,Distribute Layer ID: 037c3f00
145935.871620,6000,946dc1c0-f65c-473a-9f28-9712bae271a5,worker_4,worker_4,DISK_LOAD,12.026811,0.093959,"Disk -> RAM [Model: 946dc1c0, Layer: 037c3f00]"
145935.965580,6000,946dc1c0-f65c-473a-9f28-9712bae271a5,worker_4,worker_4,MEM_MOVE,12.026811,0.093959,"RAM -> VRAM [Model: 946dc1c0, Layer: 037c3f00]"
145936.015580,6000,946dc1c0-f65c-473a-9f28-9712bae271a5,worker_4,worker_4,GPU_COMPUTE,0.050000,0.050000,GPU Compute
145936.173580,6000,946dc1c0-f65c-473a-9f28-9712bae271a5,worker_4,coordinator_0,NET_TRANSFER,0.000100,0.158000,Signal Finished
146950.396496,6000,946dc1c0-f65c-473a-9f28-9712bae271a5,coordinator_0,worker_1,NET_TRANSFER,12.675911,1014.222916,Distribute Layer ID: 45f96458
146950.495526,6000,946dc1c0-f65c-473a-9f28-9712bae271a5,worker_1,worker_1,DISK_LOAD,12.675911,0.099031,"Disk -> RAM [Model: 946dc1c0, Layer: 45f96458]"
146950.594557,6000,946dc1c0-f65c-473a-9f28-9712bae271a5,worker_1,worker_1,MEM_MOVE,12.675911,0.099031,"RAM -> VRAM [Model: 946dc1c0, Layer: 45f96458]"
146950.644557,6000,946dc1c0-f65c-473a-9f28-9712bae271a5,worker_1,worker_1,GPU_COMPUTE,0.050000,0.050000,GPU Compute
146950.802557,6000,946dc1c0-f65c-473a-9f28-9712bae271a5,worker_1,coordinator_0,NET_TRANSFER,0.000100,0.158000,Signal Finished
147872.316919,6000,946dc1c0-f65c-473a-9f28-9712bae271a5,coordinator_0,worker_2,NET_TRANSFER,11.517055,921.514362,Distribute Layer ID: 32b9f7f3
147872.406896,6000,946dc1c0-f65c-473a-9f28-9712bae271a5,worker_2,worker_2,DISK_LOAD,11.517055,0.089977,"Disk -> RAM [Model: 946dc1c0, Layer: 32b9f7f3]"
147872.496872,6000,946dc1c0-f65c-473a-9f28-9712bae271a5,worker_2,worker_2,MEM_MOVE,11.517055,0.089977,"RAM -> VRAM [Model: 946dc1c0, Layer: 32b9f7f3]"
147872.546872,6000,946dc1c0-f65c-473a-9f28-9712bae271a5,worker_2,worker_2,GPU_COMPUTE,0.050000,0.050000,GPU Compute
147872.704872,6000,946dc1c0-f65c-473a-9f28-9712bae271a5,worker_2,coordinator_0,NET_TRANSFER,0.000100,0.158000,Signal Finished
148567.622391,6000,946dc1c0-f65c-473a-9f28-9712bae271a5,coordinator_0,worker_3,NET_TRANSFER,8.684594,694.917519,Distribute Layer ID: f577216e
148567.690240,6000,946dc1c0-f65c-473a-9f28-9712bae271a5,worker_3,worker_3,DISK_LOAD,8.684594,0.067848,"Disk -> RAM [Model: 946dc1c0, Layer: f577216e]"
148567.758088,6000,946dc1c0-f65c-473a-9f28-9712bae271a5,worker_3,worker_3,MEM_MOVE,8.684594,0.067848,"RAM -> VRAM [Model: 946dc1c0, Layer: f577216e]"
148567.808088,6000,946dc1c0-f65c-473a-9f28-9712bae271a5,worker_3,worker_3,GPU_COMPUTE,0.050000,0.050000,GPU Compute
148567.966088,6000,946dc1c0-f65c-473a-9f28-9712bae271a5,worker_3,coordinator_0,NET_TRANSFER,0.000100,0.158000,Signal Finished
149711.540435,6000,946dc1c0-f65c-473a-9f28-9712bae271a5,coordinator_0,worker_4,NET_TRANSFER,14.292804,1143.574347,Distribute Layer ID: 8a9ba79e
149711.652097,6000,946dc1c0-f65c-473a-9f28-9712bae271a5,worker_4,worker_4,DISK_LOAD,14.292804,0.111663,"Disk -> RAM [Model: 946dc1c0, Layer: 8a9ba79e]"
149711.763760,6000,946dc1c0-f65c-473a-9f28-9712bae271a5,worker_4,worker_4,MEM_MOVE,14.292804,0.111663,"RAM -> VRAM [Model: 946dc1c0, Layer: 8a9ba79e]"
149711.813760,6000,946dc1c0-f65c-473a-9f28-9712bae271a5,worker_4,worker_4,GPU_COMPUTE,0.050000,0.050000,GPU Compute
149711.971760,6000,946dc1c0-f65c-473a-9f28-9712bae271a5,worker_4,coordinator_0,NET_TRANSFER,0.000100,0.158000,Signal Finished
150625.313083,6000,946dc1c0-f65c-473a-9f28-9712bae271a5,coordinator_0,worker_1,NET_TRANSFER,11.414892,913.341323,Distribute Layer ID: d4bada5c
150625.402262,6000,946dc1c0-f65c-473a-9f28-9712bae271a5,worker_1,worker_1,DISK_LOAD,11.414892,0.089179,"Disk -> RAM [Model: 946dc1c0, Layer: d4bada5c]"
150625.491440,6000,946dc1c0-f65c-473a-9f28-9712bae271a5,worker_1,worker_1,MEM_MOVE,11.414892,0.089179,"RAM -> VRAM [Model: 946dc1c0, Layer: d4bada5c]"
150625.541440,6000,946dc1c0-f65c-473a-9f28-9712bae271a5,worker_1,worker_1,GPU_COMPUTE,0.050000,0.050000,GPU Compute
150625.699440,6000,946dc1c0-f65c-473a-9f28-9712bae271a5,worker_1,coordinator_0,NET_TRANSFER,0.000100,0.158000,Signal Finished
151253.939446,6000,946dc1c0-f65c-473a-9f28-9712bae271a5,coordinator_0,worker_2,NET_TRANSFER,7.851125,628.240005,Distribute Layer ID: c2cf5c9e
151254.000783,6000,946dc1c0-f65c-473a-9f28-9712bae271a5,worker_2,worker_2,DISK_LOAD,7.851125,0.061337,"Disk -> RAM [Model: 946dc1c0, Layer: c2cf5c9e]"
151254.062120,6000,946dc1c0-f65c-473a-9f28-9712bae271a5,worker_2,worker_2,MEM_MOVE,7.851125,0.061337,"RAM -> VRAM [Model: 946dc1c0, Layer: c2cf5c9e]"
151254.112120,6000,946dc1c0-f65c-473a-9f28-9712bae271a5,worker_2,worker_2,GPU_COMPUTE,0.050000,0.050000,GPU Compute
151254.270120,6000,946dc1c0-f65c-473a-9f28-9712bae271a5,worker_2,coordinator_0,NET_TRANSFER,0.000100,0.158000,Signal Finished
151906.321483,6000,946dc1c0-f65c-473a-9f28-9712bae271a5,coordinator_0,worker_3,NET_TRANSFER,8.148767,652.051363,Distribute Layer ID: fd8f5f51
151906.385145,6000,946dc1c0-f65c-473a-9f28-9712bae271a5,worker_3,worker_3,DISK_LOAD,8.148767,0.063662,"Disk -> RAM [Model: 946dc1c0, Layer: fd8f5f51]"
151906.448808,6000,946dc1c0-f65c-473a-9f28-9712bae271a5,worker_3,worker_3,MEM_MOVE,8.148767,0.063662,"RAM -> VRAM [Model: 946dc1c0, Layer: fd8f5f51]"
151906.498808,6000,946dc1c0-f65c-473a-9f28-9712bae271a5,worker_3,worker_3,GPU_COMPUTE,0.050000,0.050000,GPU Compute
151906.656808,6000,946dc1c0-f65c-473a-9f28-9712bae271a5,worker_3,coordinator_0,NET_TRANSFER,0.000100,0.158000,Signal Finished
152809.818829,6000,946dc1c0-f65c-473a-9f28-9712bae271a5,coordinator_0,worker_4,NET_TRANSFER,11.287650,903.162022,Distribute Layer ID: 5a0c9a63
152809.907014,6000,946dc1c0-f65c-473a-9f28-9712bae271a5,worker_4,worker_4,DISK_LOAD,11.287650,0.088185,"Disk -> RAM [Model: 946dc1c0, Layer: 5a0c9a63]"
152809.995199,6000,946dc1c0-f65c-473a-9f28-9712bae271a5,worker_4,worker_4,MEM_MOVE,11.287650,0.088185,"RAM -> VRAM [Model: 946dc1c0, Layer: 5a0c9a63]"
152810.045199,6000,946dc1c0-f65c-473a-9f28-9712bae271a5,worker_4,worker_4,GPU_COMPUTE,0.050000,0.050000,GPU Compute
152810.203199,6000,946dc1c0-f65c-473a-9f28-9712bae271a5,worker_4,coordinator_0,NET_TRANSFER,0.000100,0.158000,Signal Finished
153525.438029,6000,946dc1c0-f65c-473a-9f28-9712bae271a5,coordinator_0,worker_1,NET_TRANSFER,8.938560,715.234830,Distribute Layer ID: 03a94b39
153525.507861,6000,946dc1c0-f65c-473a-9f28-9712bae271a5,worker_1,worker_1,DISK_LOAD,8.938560,0.069833,"Disk -> RAM [Model: 946dc1c0, Layer: 03a94b39]"
153525.577694,6000,946dc1c0-f65c-473a-9f28-9712bae271a5,worker_1,worker_1,MEM_MOVE,8.938560,0.069833,"RAM -> VRAM [Model: 946dc1c0, Layer: 03a94b39]"
153525.627694,6000,946dc1c0-f65c-473a-9f28-9712bae271a5,worker_1,worker_1,GPU_COMPUTE,0.050000,0.050000,GPU Compute
153525.785694,6000,946dc1c0-f65c-473a-9f28-9712bae271a5,worker_1,coordinator_0,NET_TRANSFER,0.000100,0.158000,Signal Finished
154698.839075,6000,946dc1c0-f65c-473a-9f28-9712bae271a5,coordinator_0,worker_2,NET_TRANSFER,14.661292,1173.053381,Distribute Layer ID: 799f60a1
154698.953616,6000,946dc1c0-f65c-473a-9f28-9712bae271a5,worker_2,worker_2,DISK_LOAD,14.661292,0.114541,"Disk -> RAM [Model: 946dc1c0, Layer: 799f60a1]"
154699.068157,6000,946dc1c0-f65c-473a-9f28-9712bae271a5,worker_2,worker_2,MEM_MOVE,14.661292,0.114541,"RAM -> VRAM [Model: 946dc1c0, Layer: 799f60a1]"
154699.118157,6000,946dc1c0-f65c-473a-9f28-9712bae271a5,worker_2,worker_2,GPU_COMPUTE,0.050000,0.050000,GPU Compute
154699.276157,6000,946dc1c0-f65c-473a-9f28-9712bae271a5,worker_2,coordinator_0,NET_TRANSFER,0.000100,0.158000,Signal Finished
155339.125753,6000,946dc1c0-f65c-473a-9f28-9712bae271a5,coordinator_0,worker_3,NET_TRANSFER,7.996245,639.849596,Distribute Layer ID: 6c5361bc
155339.188224,6000,946dc1c0-f65c-473a-9f28-9712bae271a5,worker_3,worker_3,DISK_LOAD,7.996245,0.062471,"Disk -> RAM [Model: 946dc1c0, Layer: 6c5361bc]"
155339.250695,6000,946dc1c0-f65c-473a-9f28-9712bae271a5,worker_3,worker_3,MEM_MOVE,7.996245,0.062471,"RAM -> VRAM [Model: 946dc1c0, Layer: 6c5361bc]"
155339.300695,6000,946dc1c0-f65c-473a-9f28-9712bae271a5,worker_3,worker_3,GPU_COMPUTE,0.050000,0.050000,GPU Compute
155339.458695,6000,946dc1c0-f65c-473a-9f28-9712bae271a5,worker_3,coordinator_0,NET_TRANSFER,0.000100,0.158000,Signal Finished
155976.922247,6000,946dc1c0-f65c-473a-9f28-9712bae271a5,coordinator_0,worker_4,NET_TRANSFER,7.966419,637.463552,Distribute Layer ID: 8569108c
155976.984484,6000,946dc1c0-f65c-473a-9f28-9712bae271a5,worker_4,worker_4,DISK_LOAD,7.966419,0.062238,"Disk -> RAM [Model: 946dc1c0, Layer: 8569108c]"
155977.046722,6000,946dc1c0-f65c-473a-9f28-9712bae271a5,worker_4,worker_4,MEM_MOVE,7.966419,0.062238,"RAM -> VRAM [Model: 946dc1c0, Layer: 8569108c]"
155977.096722,6000,946dc1c0-f65c-473a-9f28-9712bae271a5,worker_4,worker_4,GPU_COMPUTE,0.050000,0.050000,GPU Compute
155977.254722,6000,946dc1c0-f65c-473a-9f28-9712bae271a5,worker_4,coordinator_0,NET_TRANSFER,0.000100,0.158000,Signal Finished
157002.716421,6000,946dc1c0-f65c-473a-9f28-9712bae271a5,coordinator_0,worker_1,NET_TRANSFER,12.816396,1025.461699,Distribute Layer ID: 800531be
157002.816549,6000,946dc1c0-f65c-473a-9f28-9712bae271a5,worker_1,worker_1,DISK_LOAD,12.816396,0.100128,"Disk -> RAM [Model: 946dc1c0, Layer: 800531be]"
157002.916677,6000,946dc1c0-f65c-473a-9f28-9712bae271a5,worker_1,worker_1,MEM_MOVE,12.816396,0.100128,"RAM -> VRAM [Model: 946dc1c0, Layer: 800531be]"
157002.966677,6000,946dc1c0-f65c-473a-9f28-9712bae271a5,worker_1,worker_1,GPU_COMPUTE,0.050000,0.050000,GPU Compute
157003.124677,6000,946dc1c0-f65c-473a-9f28-9712bae271a5,worker_1,coordinator_0,NET_TRANSFER,0.000100,0.158000,Signal Finished
158128.126335,6000,946dc1c0-f65c-473a-9f28-9712bae271a5,coordinator_0,worker_2,NET_TRANSFER,14.060646,1125.001657,Distribute Layer ID: bfc2acc0
158128.236183,6000,946dc1c0-f65c-473a-9f28-9712bae271a5,worker_2,worker_2,DISK_LOAD,14.060646,0.109849,"Disk -> RAM [Model: 946dc1c0, Layer: bfc2acc0]"
158128.346032,6000,946dc1c0-f65c-473a-9f28-9712bae271a5,worker_2,worker_2,MEM_MOVE,14.060646,0.109849,"RAM -> VRAM [Model: 946dc1c0, Layer: bfc2acc0]"
158128.396032,6000,946dc1c0-f65c-473a-9f28-9712bae271a5,worker_2,worker_2,GPU_COMPUTE,0.050000,0.050000,GPU Compute
158128.554032,6000,946dc1c0-f65c-473a-9f28-9712bae271a5,worker_2,coordinator_0,NET_TRANSFER,0.000100,0.158000,Signal Finished
158607.679630,6000,946dc1c0-f65c-473a-9f28-9712bae271a5,coordinator_0,worker_3,NET_TRANSFER,5.987195,479.125598,Distribute Layer ID: 5feb9572
158607.726405,6000,946dc1c0-f65c-473a-9f28-9712bae271a5,worker_3,worker_3,DISK_LOAD,5.987195,0.046775,"Disk -> RAM [Model: 946dc1c0, Layer: 5feb9572]"
158607.773180,6000,946dc1c0-f65c-473a-9f28-9712bae271a5,worker_3,worker_3,MEM_MOVE,5.987195,0.046775,"RAM -> VRAM [Model: 946dc1c0, Layer: 5feb9572]"
158607.823180,6000,946dc1c0-f65c-473a-9f28-9712bae271a5,worker_3,worker_3,GPU_COMPUTE,0.050000,0.050000,GPU Compute
158607.981180,6000,946dc1c0-f65c-473a-9f28-9712bae271a5,worker_3,coordinator_0,NET_TRANSFER,0.000100,0.158000,Signal Finished
159583.647228,6000,946dc1c0-f65c-473a-9f28-9712bae271a5,coordinator_0,worker_4,NET_TRANSFER,12.193951,975.666048,Distribute Layer ID: 3ceee5b8
159583.742494,6000,946dc1c0-f65c-473a-9f28-9712bae271a5,worker_4,worker_4,DISK_LOAD,12.193951,0.095265,"Disk -> RAM [Model: 946dc1c0, Layer: 3ceee5b8]"
159583.837759,6000,946dc1c0-f65c-473a-9f28-9712bae271a5,worker_4,worker_4,MEM_MOVE,12.193951,0.095265,"RAM -> VRAM [Model: 946dc1c0, Layer: 3ceee5b8]"
159583.887759,6000,946dc1c0-f65c-473a-9f28-9712bae271a5,worker_4,worker_4,GPU_COMPUTE,0.050000,0.050000,GPU Compute
159584.045759,6000,946dc1c0-f65c-473a-9f28-9712bae271a5,worker_4,coordinator_0,NET_TRANSFER,0.000100,0.158000,Signal Finished
160236.249026,6000,946dc1c0-f65c-473a-9f28-9712bae271a5,coordinator_0,worker_1,NET_TRANSFER,8.150666,652.203268,Distribute Layer ID: 81f5f870
160236.312703,6000,946dc1c0-f65c-473a-9f28-9712bae271a5,worker_1,worker_1,DISK_LOAD,8.150666,0.063677,"Disk -> RAM [Model: 946dc1c0, Layer: 81f5f870]"
160236.376380,6000,946dc1c0-f65c-473a-9f28-9712bae271a5,worker_1,worker_1,MEM_MOVE,8.150666,0.063677,"RAM -> VRAM [Model: 946dc1c0, Layer: 81f5f870]"
160236.426380,6000,946dc1c0-f65c-473a-9f28-9712bae271a5,worker_1,worker_1,GPU_COMPUTE,0.050000,0.050000,GPU Compute
160236.584380,6000,946dc1c0-f65c-473a-9f28-9712bae271a5,worker_1,coordinator_0,NET_TRANSFER,0.000100,0.158000,Signal Finished
160928.937728,6000,946dc1c0-f65c-473a-9f28-9712bae271a5,coordinator_0,worker_2,NET_TRANSFER,8.652542,692.353347,Distribute Layer ID: b49ae98a
160929.005326,6000,946dc1c0-f65c-473a-9f28-9712bae271a5,worker_2,worker_2,DISK_LOAD,8.652542,0.067598,"Disk -> RAM [Model: 946dc1c0, Layer: b49ae98a]"
160929.072924,6000,946dc1c0-f65c-473a-9f28-9712bae271a5,worker_2,worker_2,MEM_MOVE,8.652542,0.067598,"RAM -> VRAM [Model: 946dc1c0, Layer: b49ae98a]"
160929.122924,6000,946dc1c0-f65c-473a-9f28-9712bae271a5,worker_2,worker_2,GPU_COMPUTE,0.050000,0.050000,GPU Compute
160929.280924,6000,946dc1c0-f65c-473a-9f28-9712bae271a5,worker_2,coordinator_0,NET_TRANSFER,0.000100,0.158000,Signal Finished
161522.094303,6000,946dc1c0-f65c-473a-9f28-9712bae271a5,coordinator_0,worker_3,NET_TRANSFER,7.408292,592.813379,Distribute Layer ID: 2439b9f8
161522.152180,6000,946dc1c0-f65c-473a-9f28-9712bae271a5,worker_3,worker_3,DISK_LOAD,7.408292,0.057877,"Disk -> RAM [Model: 946dc1c0, Layer: 2439b9f8]"
161522.210057,6000,946dc1c0-f65c-473a-9f28-9712bae271a5,worker_3,worker_3,MEM_MOVE,7.408292,0.057877,"RAM -> VRAM [Model: 946dc1c0, Layer: 2439b9f8]"
161522.260057,6000,946dc1c0-f65c-473a-9f28-9712bae271a5,worker_3,worker_3,GPU_COMPUTE,0.050000,0.050000,GPU Compute
161522.418057,6000,946dc1c0-f65c-473a-9f28-9712bae271a5,worker_3,coordinator_0,NET_TRANSFER,0.000100,0.158000,Signal Finished
162328.340802,6000,946dc1c0-f65c-473a-9f28-9712bae271a5,coordinator_0,worker_4,NET_TRANSFER,10.072159,805.922745,Distribute Layer ID: feee87de
162328.419491,6000,946dc1c0-f65c-473a-9f28-9712bae271a5,worker_4,worker_4,DISK_LOAD,10.072159,0.078689,"Disk -> RAM [Model: 946dc1c0, Layer: feee87de]"
162328.498180,6000,946dc1c0-f65c-473a-9f28-9712bae271a5,worker_4,worker_4,MEM_MOVE,10.072159,0.078689,"RAM -> VRAM [Model: 946dc1c0, Layer: feee87de]"
162328.548180,6000,946dc1c0-f65c-473a-9f28-9712bae271a5,worker_4,worker_4,GPU_COMPUTE,0.050000,0.050000,GPU Compute
162328.706180,6000,946dc1c0-f65c-473a-9f28-9712bae271a5,worker_4,coordinator_0,NET_TRANSFER,0.000100,0.158000,Signal Finished
163177.831192,6000,946dc1c0-f65c-473a-9f28-9712bae271a5,coordinator_0,worker_1,NET_TRANSFER,10.612188,849.125012,Distribute Layer ID: 39226934
163177.914100,6000,946dc1c0-f65c-473a-9f28-9712bae271a5,worker_1,worker_1,DISK_LOAD,10.612188,0.082908,"Disk -> RAM [Model: 946dc1c0, Layer: 39226934]"
163177.997007,6000,946dc1c0-f65c-473a-9f28-9712bae271a5,worker_1,worker_1,MEM_MOVE,10.612188,0.082908,"RAM -> VRAM [Model: 946dc1c0, Layer: 39226934]"
163178.047007,6000,946dc1c0-f65c-473a-9f28-9712bae271a5,worker_1,worker_1,GPU_COMPUTE,0.050000,0.050000,GPU Compute
163178.205007,6000,946dc1c0-f65c-473a-9f28-9712bae271a5,worker_1,coordinator_0,NET_TRANSFER,0.000100,0.158000,Signal Finished
163688.570464,6000,946dc1c0-f65c-473a-9f28-9712bae271a5,coordinator_0,worker_2,NET_TRANSFER,6.377693,510.365456,Distribute Layer ID: de47893b
163688.620289,6000,946dc1c0-f65c-473a-9f28-9712bae271a5,worker_2,worker_2,DISK_LOAD,6.377693,0.049826,"Disk -> RAM [Model: 946dc1c0, Layer: de47893b]"
163688.670115,6000,946dc1c0-f65c-473a-9f28-9712bae271a5,worker_2,worker_2,MEM_MOVE,6.377693,0.049826,"RAM -> VRAM [Model: 946dc1c0, Layer: de47893b]"
163688.720115,6000,946dc1c0-f65c-473a-9f28-9712bae271a5,worker_2,worker_2,GPU_COMPUTE,0.050000,0.050000,GPU Compute
163688.878115,6000,946dc1c0-f65c-473a-9f28-9712bae271a5,worker_2,coordinator_0,NET_TRANSFER,0.000100,0.158000,Signal Finished
164768.398358,6000,946dc1c0-f65c-473a-9f28-9712bae271a5,coordinator_0,worker_3,NET_TRANSFER,13.492128,1079.520243,Distribute Layer ID: 69ef9dff
164768.503765,6000,946dc1c0-f65c-473a-9f28-9712bae271a5,worker_3,worker_3,DISK_LOAD,13.492128,0.105407,"Disk -> RAM [Model: 946dc1c0, Layer: 69ef9dff]"
164768.609172,6000,946dc1c0-f65c-473a-9f28-9712bae271a5,worker_3,worker_3,MEM_MOVE,13.492128,0.105407,"RAM -> VRAM [Model: 946dc1c0, Layer: 69ef9dff]"
164768.659172,6000,946dc1c0-f65c-473a-9f28-9712bae271a5,worker_3,worker_3,GPU_COMPUTE,0.050000,0.050000,GPU Compute
164768.817172,6000,946dc1c0-f65c-473a-9f28-9712bae271a5,worker_3,coordinator_0,NET_TRANSFER,0.000100,0.158000,Signal Finished
165488.081809,6000,946dc1c0-f65c-473a-9f28-9712bae271a5,coordinator_0,worker_4,NET_TRANSFER,8.988933,719.264636,Distribute Layer ID: 28bae1b6
165488.152035,6000,946dc1c0-f65c-473a-9f28-9712bae271a5,worker_4,worker_4,DISK_LOAD,8.988933,0.070226,"Disk -> RAM [Model: 946dc1c0, Layer: 28bae1b6]"
165488.222261,6000,946dc1c0-f65c-473a-9f28-9712bae271a5,worker_4,worker_4,MEM_MOVE,8.988933,0.070226,"RAM -> VRAM [Model: 946dc1c0, Layer: 28bae1b6]"
165488.272261,6000,946dc1c0-f65c-473a-9f28-9712bae271a5,worker_4,worker_4,GPU_COMPUTE,0.050000,0.050000,GPU Compute
165488.430261,6000,946dc1c0-f65c-473a-9f28-9712bae271a5,worker_4,coordinator_0,NET_TRANSFER,0.000100,0.158000,Signal Finished
166448.692799,6000,946dc1c0-f65c-473a-9f28-9712bae271a5,coordinator_0,worker_1,NET_TRANSFER,12.001407,960.262538,Distribute Layer ID: 204f31e3
166448.786560,6000,946dc1c0-f65c-473a-9f28-9712bae271a5,worker_1,worker_1,DISK_LOAD,12.001407,0.093761,"Disk -> RAM [Model: 946dc1c0, Layer: 204f31e3]"
166448.880321,6000,946dc1c0-f65c-473a-9f28-9712bae271a5,worker_1,worker_1,MEM_MOVE,12.001407,0.093761,"RAM -> VRAM [Model: 946dc1c0, Layer: 204f31e3]"
166448.930321,6000,946dc1c0-f65c-473a-9f28-9712bae271a5,worker_1,worker_1,GPU_COMPUTE,0.050000,0.050000,GPU Compute
166449.088321,6000,946dc1c0-f65c-473a-9f28-9712bae271a5,worker_1,coordinator_0,NET_TRANSFER,0.000100,0.158000,Signal Finished
166449.246321,10002,bec081ed-3b58-4ef6-90fc-0349b019b548,client_10,coordinator_0,NET_TRANSFER,0.000100,0.158000,Request Model ID
166449.404321,1000,946dc1c0-f65c-473a-9f28-9712bae271a5,client_1,coordinator_0,NET_TRANSFER,0.000100,0.158000,Request Model ID
166449.562321,10002,9d4a632c-1da4-4855-8ee3-ca4ae32fb12e,client_10,coordinator_0,NET_TRANSFER,0.000100,0.158000,Request Model ID
166449.720321,7000,bec081ed-3b58-4ef6-90fc-0349b019b548,client_7,coordinator_0,NET_TRANSFER,0.000100,0.158000,Request Model ID
166449.878321,9000,1ff6ef17-4c17-49d8-9b9d-d4afa94e8068,client_9,coordinator_0,NET_TRANSFER,0.000100,0.158000,Request Model ID
166450.036321,9002,ca30bd4c-8b2b-44df-9b42-486cfb6b8ddf,client_9,coordinator_0,NET_TRANSFER,0.000100,0.158000,Request Model ID
166450.194321,9000,f697b31d-0844-4604-8be7-96706f9dbc0e,client_9,coordinator_0,NET_TRANSFER,0.000100,0.158000,Request Model ID
166450.352321,1000,946dc1c0-f65c-473a-9f28-9712bae271a5,coordinator_0,worker_1,NET_TRANSFER,0.000100,0.158000,Poll: Check Layer Cache
166450.510321,1000,946dc1c0-f65c-473a-9f28-9712bae271a5,worker_1,coordinator_0,NET_TRANSFER,0.000100,0.158000,Poll: Cache Status Reply
166450.668321,1000,946dc1c0-f65c-473a-9f28-9712bae271a5,coordinator_0,worker_4,NET_TRANSFER,0.000100,0.158000,Poll: Check Layer Cache
166450.826321,1000,946dc1c0-f65c-473a-9f28-9712bae271a5,worker_4,coordinator_0,NET_TRANSFER,0.000100,0.158000,Poll: Cache Status Reply
166450.984321,1000,946dc1c0-f65c-473a-9f28-9712bae271a5,coordinator_0,worker_3,NET_TRANSFER,0.000100,0.158000,Poll: Check Layer Cache
166451.142321,1000,946dc1c0-f65c-473a-9f28-9712bae271a5,worker_3,coordinator_0,NET_TRANSFER,0.000100,0.158000,Poll: Cache Status Reply
166451.300321,1000,946dc1c0-f65c-473a-9f28-9712bae271a5,coordinator_0,worker_3,NET_TRANSFER,0.000100,0.158000,Poll: Check Layer Cache
166451.458321,1000,946dc1c0-f65c-473a-9f28-9712bae271a5,worker_3,coordinator_0,NET_TRANSFER,0.000100,0.158000,Poll: Cache Status Reply
166451.616321,1000,946dc1c0-f65c-473a-9f28-9712bae271a5,coordinator_0,worker_3,NET_TRANSFER,0.000100,0.158000,Poll: Check Layer Cache
166451.774321,1000,946dc1c0-f65c-473a-9f28-9712bae271a5,worker_3,coordinator_0,NET_TRANSFER,0.000100,0.158000,Poll: Cache Status Reply
166451.932321,1000,946dc1c0-f65c-473a-9f28-9712bae271a5,coordinator_0,worker_4,NET_TRANSFER,0.000100,0.158000,Poll: Check Layer Cache
166452.090321,1000,946dc1c0-f65c-473a-9f28-9712bae271a5,worker_4,coordinator_0,NET_TRANSFER,0.000100,0.158000,Poll: Cache Status Reply
166452.248321,1000,946dc1c0-f65c-473a-9f28-9712bae271a5,coordinator_0,worker_1,NET_TRANSFER,0.000100,0.158000,Poll: Check Layer Cache
166452.406321,1000,946dc1c0-f65c-473a-9f28-9712bae271a5,worker_1,coordinator_0,NET_TRANSFER,0.000100,0.158000,Poll: Cache Status Reply
166452.564321,1000,946dc1c0-f65c-473a-9f28-9712bae271a5,coordinator_0,worker_1,NET_TRANSFER,0.000100,0.158000,Poll: Check Layer Cache
166452.722321,1000,946dc1c0-f65c-473a-9f28-9712bae271a5,worker_1,coordinator_0,NET_TRANSFER,0.000100,0.158000,Poll: Cache Status Reply
166452.880321,1000,946dc1c0-f65c-473a-9f28-9712bae271a5,coordinator_0,worker_2,NET_TRANSFER,0.000100,0.158000,Poll: Check Layer Cache
166453.038321,1000,946dc1c0-f65c-473a-9f28-9712bae271a5,worker_2,coordinator_0,NET_TRANSFER,0.000100,0.158000,Poll: Cache Status Reply
166453.196321,1000,946dc1c0-f65c-473a-9f28-9712bae271a5,coordinator_0,worker_4,NET_TRANSFER,0.000100,0.158000,Poll: Check Layer Cache
166453.354321,1000,946dc1c0-f65c-473a-9f28-9712bae271a5,worker_4,coordinator_0,NET_TRANSFER,0.000100,0.158000,Poll: Cache Status Reply
166453.512321,1000,946dc1c0-f65c-473a-9f28-9712bae271a5,coordinator_0,worker_1,NET_TRANSFER,0.000100,0.158000,Poll: Check Layer Cache
166453.670321,1000,946dc1c0-f65c-473a-9f28-9712bae271a5,worker_1,coordinator_0,NET_TRANSFER,0.000100,0.158000,Poll: Cache Status Reply
166453.828321,1000,946dc1c0-f65c-473a-9f28-9712bae271a5,coordinator_0,worker_2,NET_TRANSFER,0.000100,0.158000,Poll: Check Layer Cache
166453.986321,1000,946dc1c0-f65c-473a-9f28-9712bae271a5,worker_2,coordinator_0,NET_TRANSFER,0.000100,0.158000,Poll: Cache Status Reply
166454.144321,1000,946dc1c0-f65c-473a-9f28-9712bae271a5,coordinator_0,worker_3,NET_TRANSFER,0.000100,0.158000,Poll: Check Layer Cache
166454.302321,1000,946dc1c0-f65c-473a-9f28-9712bae271a5,worker_3,coordinator_0,NET_TRANSFER,0.000100,0.158000,Poll: Cache Status Reply
166454.460321,1000,946dc1c0-f65c-473a-9f28-9712bae271a5,coordinator_0,worker_3,NET_TRANSFER,0.000100,0.158000,Poll: Check Layer Cache
166454.618321,1000,946dc1c0-f65c-473a-9f28-9712bae271a5,worker_3,coordinator_0,NET_TRANSFER,0.000100,0.158000,Poll: Cache Status Reply
166454.776321,1000,946dc1c0-f65c-473a-9f28-9712bae271a5,coordinator_0,worker_1,NET_TRANSFER,0.000100,0.158000,Poll: Check Layer Cache
166454.934321,1000,946dc1c0-f65c-473a-9f28-9712bae271a5,worker_1,coordinator_0,NET_TRANSFER,0.000100,0.158000,Poll: Cache Status Reply
166455.092321,1000,946dc1c0-f65c-473a-9f28-9712bae271a5,coordinator_0,worker_2,NET_TRANSFER,0.000100,0.158000,Poll: Check Layer Cache
166455.250321,1000,946dc1c0-f65c-473a-9f28-9712bae271a5,worker_2,coordinator_0,NET_TRANSFER,0.000100,0.158000,Poll: Cache Status Reply
166455.408321,1000,946dc1c0-f65c-473a-9f28-9712bae271a5,coordinator_0,worker_4,NET_TRANSFER,0.000100,0.158000,Poll: Check Layer Cache
166455.566321,1000,946dc1c0-f65c-473a-9f28-9712bae271a5,worker_4,coordinator_0,NET_TRANSFER,0.000100,0.158000,Poll: Cache Status Reply
166455.724321,1000,946dc1c0-f65c-473a-9f28-9712bae271a5,coordinator_0,worker_4,NET_TRANSFER,0.000100,0.158000,Poll: Check Layer Cache
166455.882321,1000,946dc1c0-f65c-473a-9f28-9712bae271a5,worker_4,coordinator_0,NET_TRANSFER,0.000100,0.158000,Poll: Cache Status Reply
166456.040321,1000,946dc1c0-f65c-473a-9f28-9712bae271a5,coordinator_0,worker_2,NET_TRANSFER,0.000100,0.158000,Poll: Check Layer Cache
166456.198321,1000,946dc1c0-f65c-473a-9f28-9712bae271a5,worker_2,coordinator_0,NET_TRANSFER,0.000100,0.158000,Poll: Cache Status Reply
166456.356321,1000,946dc1c0-f65c-473a-9f28-9712bae271a5,coordinator_0,worker_1,NET_TRANSFER,0.000100,0.158000,Poll: Check Layer Cache
166456.514321,1000,946dc1c0-f65c-473a-9f28-9712bae271a5,worker_1,coordinator_0,NET_TRANSFER,0.000100,0.158000,Poll: Cache Status Reply
166456.672321,1000,946dc1c0-f65c-473a-9f28-9712bae271a5,coordinator_0,worker_4,NET_TRANSFER,0.000100,0.158000,Poll: Check Layer Cache
166456.830321,1000,946dc1c0-f65c-473a-9f28-9712bae271a5,worker_4,coordinator_0,NET_TRANSFER,0.000100,0.158000,Poll: Cache Status Reply
166456.988321,1000,946dc1c0-f65c-473a-9f28-9712bae271a5,coordinator_0,worker_3,NET_TRANSFER,0.000100,0.158000,Poll: Check Layer Cache
166457.146321,1000,946dc1c0-f65c-473a-9f28-9712bae271a5,worker_3,coordinator_0,NET_TRANSFER,0.000100,0.158000,Poll: Cache Status Reply
166457.304321,1000,946dc1c0-f65c-473a-9f28-9712bae271a5,coordinator_0,worker_2,NET_TRANSFER,0.000100,0.158000,Poll: Check Layer Cache
166457.462321,1000,946dc1c0-f65c-473a-9f28-9712bae271a5,worker_2,coordinator_0,NET_TRANSFER,0.000100,0.158000,Poll: Cache Status Reply
166457.620321,1000,946dc1c0-f65c-473a-9f28-9712bae271a5,coordinator_0,worker_3,NET_TRANSFER,0.000100,0.158000,Poll: Check Layer Cache
166457.778321,1000,946dc1c0-f65c-473a-9f28-9712bae271a5,worker_3,coordinator_0,NET_TRANSFER,0.000100,0.158000,Poll: Cache Status Reply
166457.936321,1000,946dc1c0-f65c-473a-9f28-9712bae271a5,coordinator_0,worker_1,NET_TRANSFER,0.000100,0.158000,Poll: Check Layer Cache
166458.094321,1000,946dc1c0-f65c-473a-9f28-9712bae271a5,worker_1,coordinator_0,NET_TRANSFER,0.000100,0.158000,Poll: Cache Status Reply
166458.252321,1000,946dc1c0-f65c-473a-9f28-9712bae271a5,coordinator_0,worker_4,NET_TRANSFER,0.000100,0.158000,Poll: Check Layer Cache
166458.410321,1000,946dc1c0-f65c-473a-9f28-9712bae271a5,worker_4,coordinator_0,NET_TRANSFER,0.000100,0.158000,Poll: Cache Status Reply
166458.568321,1000,946dc1c0-f65c-473a-9f28-9712bae271a5,coordinator_0,worker_3,NET_TRANSFER,0.000100,0.158000,Poll: Check Layer Cache
166458.726321,1000,946dc1c0-f65c-473a-9f28-9712bae271a5,worker_3,coordinator_0,NET_TRANSFER,0.000100,0.158000,Poll: Cache Status Reply
166458.884321,1000,946dc1c0-f65c-473a-9f28-9712bae271a5,coordinator_0,worker_1,NET_TRANSFER,0.000100,0.158000,Poll: Check Layer Cache
166459.042321,1000,946dc1c0-f65c-473a-9f28-9712bae271a5,worker_1,coordinator_0,NET_TRANSFER,0.000100,0.158000,Poll: Cache Status Reply
166459.200321,1000,946dc1c0-f65c-473a-9f28-9712bae271a5,coordinator_0,worker_2,NET_TRANSFER,0.000100,0.158000,Poll: Check Layer Cache
166459.358321,1000,946dc1c0-f65c-473a-9f28-9712bae271a5,worker_2,coordinator_0,NET_TRANSFER,0.000100,0.158000,Poll: Cache Status Reply
166459.516321,1000,946dc1c0-f65c-473a-9f28-9712bae271a5,coordinator_0,worker_4,NET_TRANSFER,0.000100,0.158000,Poll: Check Layer Cache
166459.674321,1000,946dc1c0-f65c-473a-9f28-9712bae271a5,worker_4,coordinator_0,NET_TRANSFER,0.000100,0.158000,Poll: Cache Status Reply
166459.832321,1000,946dc1c0-f65c-473a-9f28-9712bae271a5,coordinator_0,worker_1,NET_TRANSFER,0.000100,0.158000,Poll: Check Layer Cache
166459.990321,1000,946dc1c0-f65c-473a-9f28-9712bae271a5,worker_1,coordinator_0,NET_TRANSFER,0.000100,0.158000,Poll: Cache Status Reply
166460.148321,1000,946dc1c0-f65c-473a-9f28-9712bae271a5,coordinator_0,worker_1,NET_TRANSFER,0.000100,0.158000,Poll: Check Layer Cache
166460.306321,1000,946dc1c0-f65c-473a-9f28-9712bae271a5,worker_1,coordinator_0,NET_TRANSFER,0.000100,0.158000,Poll: Cache Status Reply
166460.464321,1000,946dc1c0-f65c-473a-9f28-9712bae271a5,coordinator_0,worker_3,NET_TRANSFER,0.000100,0.158000,Poll: Check Layer Cache
166460.622321,1000,946dc1c0-f65c-473a-9f28-9712bae271a5,worker_3,coordinator_0,NET_TRANSFER,0.000100,0.158000,Poll: Cache Status Reply
166460.780321,1000,946dc1c0-f65c-473a-9f28-9712bae271a5,coordinator_0,worker_2,NET_TRANSFER,0.000100,0.158000,Poll: Check Layer Cache
166460.938321,1000,946dc1c0-f65c-473a-9f28-9712bae271a5,worker_2,coordinator_0,NET_TRANSFER,0.000100,0.158000,Poll: Cache Status Reply
166461.096321,1000,946dc1c0-f65c-473a-9f28-9712bae271a5,coordinator_0,worker_2,NET_TRANSFER,0.000100,0.158000,Poll: Check Layer Cache
166461.254321,1000,946dc1c0-f65c-473a-9f28-9712bae271a5,worker_2,coordinator_0,NET_TRANSFER,0.000100,0.158000,Poll: Cache Status Reply
166461.412321,1000,946dc1c0-f65c-473a-9f28-9712bae271a5,coordinator_0,worker_3,NET_TRANSFER,0.000100,0.158000,Poll: Check Layer Cache
166461.570321,1000,946dc1c0-f65c-473a-9f28-9712bae271a5,worker_3,coordinator_0,NET_TRANSFER,0.000100,0.158000,Poll: Cache Status Reply
166461.728321,1000,946dc1c0-f65c-473a-9f28-9712bae271a5,coordinator_0,worker_4,NET_TRANSFER,0.000100,0.158000,Poll: Check Layer Cache
166461.886321,1000,946dc1c0-f65c-473a-9f28-9712bae271a5,worker_4,coordinator_0,NET_TRANSFER,0.000100,0.158000,Poll: Cache Status Reply
166462.044321,1000,946dc1c0-f65c-473a-9f28-9712bae271a5,coordinator_0,worker_2,NET_TRANSFER,0.000100,0.158000,Poll: Check Layer Cache
166462.202321,1000,946dc1c0-f65c-473a-9f28-9712bae271a5,worker_2,coordinator_0,NET_TRANSFER,0.000100,0.158000,Poll: Cache Status Reply
166462.360321,1000,946dc1c0-f65c-473a-9f28-9712bae271a5,coordinator_0,worker_4,NET_TRANSFER,0.000100,0.158000,Poll: Check Layer Cache
166462.518321,1000,946dc1c0-f65c-473a-9f28-9712bae271a5,worker_4,coordinator_0,NET_TRANSFER,0.000100,0.158000,Poll: Cache Status Reply
166462.676321,1000,946dc1c0-f65c-473a-9f28-9712bae271a5,coordinator_0,worker_2,NET_TRANSFER,0.000100,0.158000,Poll: Check Layer Cache
166462.834321,1000,946dc1c0-f65c-473a-9f28-9712bae271a5,worker_2,coordinator_0,NET_TRANSFER,0.000100,0.158000,Poll: Cache Status Reply
166462.992321,1000,946dc1c0-f65c-473a-9f28-9712bae271a5,coordinator_0,worker_3,NET_TRANSFER,0.000100,0.158000,Poll: Check Layer Cache
166463.150321,1000,946dc1c0-f65c-473a-9f28-9712bae271a5,worker_3,coordinator_0,NET_TRANSFER,0.000100,0.158000,Poll: Cache Status Reply
166463.308321,1000,946dc1c0-f65c-473a-9f28-9712bae271a5,coordinator_0,worker_1,NET_TRANSFER,0.000100,0.158000,Poll: Check Layer Cache
166463.466321,1000,946dc1c0-f65c-473a-9f28-9712bae271a5,worker_1,coordinator_0,NET_TRANSFER,0.000100,0.158000,Poll: Cache Status Reply
166463.624321,1000,946dc1c0-f65c-473a-9f28-9712bae271a5,coordinator_0,worker_4,NET_TRANSFER,0.000100,0.158000,Poll: Check Layer Cache
166463.782321,1000,946dc1c0-f65c-473a-9f28-9712bae271a5,worker_4,coordinator_0,NET_TRANSFER,0.000100,0.158000,Poll: Cache Status Reply
166463.940321,1000,946dc1c0-f65c-473a-9f28-9712bae271a5,coordinator_0,worker_2,NET_TRANSFER,0.000100,0.158000,Poll: Check Layer Cache
166464.098321,1000,946dc1c0-f65c-473a-9f28-9712bae271a5,worker_2,coordinator_0,NET_TRANSFER,0.000100,0.158000,Poll: Cache Status Reply
166464.256321,1000,946dc1c0-f65c-473a-9f28-9712bae271a5,coordinator_0,worker_2,NET_TRANSFER,0.000100,0.158000,Poll: Check Layer Cache
166464.414321,1000,946dc1c0-f65c-473a-9f28-9712bae271a5,worker_2,coordinator_0,NET_TRANSFER,0.000100,0.158000,Poll: Cache Status Reply
166464.572321,1000,946dc1c0-f65c-473a-9f28-9712bae271a5,coordinator_0,worker_3,NET_TRANSFER,0.000100,0.158000,Poll: Check Layer Cache
166464.730321,1000,946dc1c0-f65c-473a-9f28-9712bae271a5,worker_3,coordinator_0,NET_TRANSFER,0.000100,0.158000,Poll: Cache Status Reply
166464.888321,1000,946dc1c0-f65c-473a-9f28-9712bae271a5,coordinator_0,worker_4,NET_TRANSFER,0.000100,0.158000,Poll: Check Layer Cache
166465.046321,1000,946dc1c0-f65c-473a-9f28-9712bae271a5,worker_4,coordinator_0,NET_TRANSFER,0.000100,0.158000,Poll: Cache Status Reply
166465.204321,1000,946dc1c0-f65c-473a-9f28-9712bae271a5,coordinator_0,worker_1,NET_TRANSFER,0.000100,0.158000,Poll: Check Layer Cache
166465.362321,1000,946dc1c0-f65c-473a-9f28-9712bae271a5,worker_1,coordinator_0,NET_TRANSFER,0.000100,0.158000,Poll: Cache Status Reply
166465.520321,1000,946dc1c0-f65c-473a-9f28-9712bae271a5,coordinator_0,worker_1,NET_TRANSFER,0.000100,0.158000,Poll: Check Layer Cache
166465.678321,1000,946dc1c0-f65c-473a-9f28-9712bae271a5,worker_1,coordinator_0,NET_TRANSFER,0.000100,0.158000,Poll: Cache Status Reply
166465.836321,9002,ca30bd4c-8b2b-44df-9b42-486cfb6b8ddf,coordinator_0,client_9,NET_TRANSFER,0.000100,0.158000,Signal: Cache Miss / Request Weights
200184.089490,9002,ca30bd4c-8b2b-44df-9b42-486cfb6b8ddf,client_9,coordinator_0,NET_TRANSFER,421.476290,33718.253170,Upload Model Weights
201115.454439,9002,ca30bd4c-8b2b-44df-9b42-486cfb6b8ddf,coordinator_0,worker_3,NET_TRANSFER,11.640187,931.364949,Distribute Layer ID: 8b065981
201115.545378,9002,ca30bd4c-8b2b-44df-9b42-486cfb6b8ddf,worker_3,worker_3,DISK_LOAD,11.640187,0.090939,"Disk -> RAM [Model: ca30bd4c, Layer: 8b065981]"
201115.636317,9002,ca30bd4c-8b2b-44df-9b42-486cfb6b8ddf,worker_3,worker_3,MEM_MOVE,11.640187,0.090939,"RAM -> VRAM [Model: ca30bd4c, Layer: 8b065981]"
201115.686317,9002,ca30bd4c-8b2b-44df-9b42-486cfb6b8ddf,worker_3,worker_3,GPU_COMPUTE,0.050000,0.050000,GPU Compute
201115.844317,9002,ca30bd4c-8b2b-44df-9b42-486cfb6b8ddf,worker_3,coordinator_0,NET_TRANSFER,0.000100,0.158000,Signal Finished
202149.334614,9002,ca30bd4c-8b2b-44df-9b42-486cfb6b8ddf,coordinator_0,worker_4,NET_TRANSFER,12.916754,1033.490297,Distribute Layer ID: f72560f3
202149.435527,9002,ca30bd4c-8b2b-44df-9b42-486cfb6b8ddf,worker_4,worker_4,DISK_LOAD,12.916754,0.100912,"Disk -> RAM [Model: ca30bd4c, Layer: f72560f3]"
202149.536439,9002,ca30bd4c-8b2b-44df-9b42-486cfb6b8ddf,worker_4,worker_4,MEM_MOVE,12.916754,0.100912,"RAM -> VRAM [Model: ca30bd4c, Layer: f72560f3]"
202149.586439,9002,ca30bd4c-8b2b-44df-9b42-486cfb6b8ddf,worker_4,worker_4,GPU_COMPUTE,0.050000,0.050000,GPU Compute
202149.744439,9002,ca30bd4c-8b2b-44df-9b42-486cfb6b8ddf,worker_4,coordinator_0,NET_TRANSFER,0.000100,0.158000,Signal Finished
202882.447999,9002,ca30bd4c-8b2b-44df-9b42-486cfb6b8ddf,coordinator_0,worker_1,NET_TRANSFER,9.156920,732.703561,Distribute Layer ID: 66b56a43
202882.519538,9002,ca30bd4c-8b2b-44df-9b42-486cfb6b8ddf,worker_1,worker_1,DISK_LOAD,9.156920,0.071538,"Disk -> RAM [Model: ca30bd4c, Layer: 66b56a43]"
202882.591076,9002,ca30bd4c-8b2b-44df-9b42-486cfb6b8ddf,worker_1,worker_1,MEM_MOVE,9.156920,0.071538,"RAM -> VRAM [Model: ca30bd4c, Layer: 66b56a43]"
202882.641076,9002,ca30bd4c-8b2b-44df-9b42-486cfb6b8ddf,worker_1,worker_1,GPU_COMPUTE,0.050000,0.050000,GPU Compute
202882.799076,9002,ca30bd4c-8b2b-44df-9b42-486cfb6b8ddf,worker_1,coordinator_0,NET_TRANSFER,0.000100,0.158000,Signal Finished
203870.767288,9002,ca30bd4c-8b2b-44df-9b42-486cfb6b8ddf,coordinator_0,worker_2,NET_TRANSFER,12.347728,987.968212,Distribute Layer ID: 55338504
203870.863755,9002,ca30bd4c-8b2b-44df-9b42-486cfb6b8ddf,worker_2,worker_2,DISK_LOAD,12.347728,0.096467,"Disk -> RAM [Model: ca30bd4c, Layer: 55338504]"
203870.960221,9002,ca30bd4c-8b2b-44df-9b42-486cfb6b8ddf,worker_2,worker_2,MEM_MOVE,12.347728,0.096467,"RAM -> VRAM [Model: ca30bd4c, Layer: 55338504]"
203871.010221,9002,ca30bd4c-8b2b-44df-9b42-486cfb6b8ddf,worker_2,worker_2,GPU_COMPUTE,0.050000,0.050000,GPU Compute
203871.168221,9002,ca30bd4c-8b2b-44df-9b42-486cfb6b8ddf,worker_2,coordinator_0,NET_TRANSFER,0.000100,0.158000,Signal Finished
204602.517394,9002,ca30bd4c-8b2b-44df-9b42-486cfb6b8ddf,coordinator_0,worker_3,NET_TRANSFER,9.139990,731.349172,Distribute Layer ID: 25097102
204602.588800,9002,ca30bd4c-8b2b-44df-9b42-486cfb6b8ddf,worker_3,worker_3,DISK_LOAD,9.139990,0.071406,"Disk -> RAM [Model: ca30bd4c, Layer: 25097102]"
204602.660206,9002,ca30bd4c-8b2b-44df-9b42-486cfb6b8ddf,worker_3,worker_3,MEM_MOVE,9.139990,0.071406,"RAM -> VRAM [Model: ca30bd4c, Layer: 25097102]"
204602.710206,9002,ca30bd4c-8b2b-44df-9b42-486cfb6b8ddf,worker_3,worker_3,GPU_COMPUTE,0.050000,0.050000,GPU Compute
204602.868206,9002,ca30bd4c-8b2b-44df-9b42-486cfb6b8ddf,worker_3,coordinator_0,NET_TRANSFER,0.000100,0.158000,Signal Finished
205253.573563,9002,ca30bd4c-8b2b-44df-9b42-486cfb6b8ddf,coordinator_0,worker_4,NET_TRANSFER,8.131942,650.705357,Distribute Layer ID: 2dac352a
205253.637094,9002,ca30bd4c-8b2b-44df-9b42-486cfb6b8ddf,worker_4,worker_4,DISK_LOAD,8.131942,0.063531,"Disk -> RAM [Model: ca30bd4c, Layer: 2dac352a]"
205253.700624,9002,ca30bd4c-8b2b-44df-9b42-486cfb6b8ddf,worker_4,worker_4,MEM_MOVE,8.131942,0.063531,"RAM -> VRAM [Model: ca30bd4c, Layer: 2dac352a]"
205253.750624,9002,ca30bd4c-8b2b-44df-9b42-486cfb6b8ddf,worker_4,worker_4,GPU_COMPUTE,0.050000,0.050000,GPU Compute
205253.908624,9002,ca30bd4c-8b2b-44df-9b42-486cfb6b8ddf,worker_4,coordinator_0,NET_TRANSFER,0.000100,0.158000,Signal Finished
205977.394453,9002,ca30bd4c-8b2b-44df-9b42-486cfb6b8ddf,coordinator_0,worker_1,NET_TRANSFER,9.041698,723.485829,Distribute Layer ID: c9421bcb
205977.465091,9002,ca30bd4c-8b2b-44df-9b42-486cfb6b8ddf,worker_1,worker_1,DISK_LOAD,9.041698,0.070638,"Disk -> RAM [Model: ca30bd4c, Layer: c9421bcb]"
205977.535729,9002,ca30bd4c-8b2b-44df-9b42-486cfb6b8ddf,worker_1,worker_1,MEM_MOVE,9.041698,0.070638,"RAM -> VRAM [Model: ca30bd4c, Layer: c9421bcb]"
205977.585729,9002,ca30bd4c-8b2b-44df-9b42-486cfb6b8ddf,worker_1,worker_1,GPU_COMPUTE,0.050000,0.050000,GPU Compute
205977.743729,9002,ca30bd4c-8b2b-44df-9b42-486cfb6b8ddf,worker_1,coordinator_0,NET_TRANSFER,0.000100,0.158000,Signal Finished
207121.993765,9002,ca30bd4c-8b2b-44df-9b42-486cfb6b8ddf,coordinator_0,worker_2,NET_TRANSFER,14.301250,1144.250036,Distribute Layer ID: 754286f5
207122.105494,9002,ca30bd4c-8b2b-44df-9b42-486cfb6b8ddf,worker_2,worker_2,DISK_LOAD,14.301250,0.111729,"Disk -> RAM [Model: ca30bd4c, Layer: 754286f5]"
207122.217222,9002,ca30bd4c-8b2b-44df-9b42-486cfb6b8ddf,worker_2,worker_2,MEM_MOVE,14.301250,0.111729,"RAM -> VRAM [Model: ca30bd4c, Layer: 754286f5]"
207122.267222,9002,ca30bd4c-8b2b-44df-9b42-486cfb6b8ddf,worker_2,worker_2,GPU_COMPUTE,0.050000,0.050000,GPU Compute
207122.425222,9002,ca30bd4c-8b2b-44df-9b42-486cfb6b8ddf,worker_2,coordinator_0,NET_TRANSFER,0.000100,0.158000,Signal Finished
207690.264143,9002,ca30bd4c-8b2b-44df-9b42-486cfb6b8ddf,coordinator_0,worker_3,NET_TRANSFER,7.096112,567.838920,Distribute Layer ID: ae305109
207690.319581,9002,ca30bd4c-8b2b-44df-9b42-486cfb6b8ddf,worker_3,worker_3,DISK_LOAD,7.096112,0.055438,"Disk -> RAM [Model: ca30bd4c, Layer: ae305109]"
207690.375020,9002,ca30bd4c-8b2b-44df-9b42-486cfb6b8ddf,worker_3,worker_3,MEM_MOVE,7.096112,0.055438,"RAM -> VRAM [Model: ca30bd4c, Layer: ae305109]"
207690.425020,9002,ca30bd4c-8b2b-44df-9b42-486cfb6b8ddf,worker_3,worker_3,GPU_COMPUTE,0.050000,0.050000,GPU Compute
207690.583020,9002,ca30bd4c-8b2b-44df-9b42-486cfb6b8ddf,worker_3,coordinator_0,NET_TRANSFER,0.000100,0.158000,Signal Finished
208732.678059,9002,ca30bd4c-8b2b-44df-9b42-486cfb6b8ddf,coordinator_0,worker_4,NET_TRANSFER,13.024313,1042.095039,Distribute Layer ID: 2085dfc3
208732.779811,9002,ca30bd4c-8b2b-44df-9b42-486cfb6b8ddf,worker_4,worker_4,DISK_LOAD,13.024313,0.101752,"Disk -> RAM [Model: ca30bd4c, Layer: 2085dfc3]"
208732.881564,9002,ca30bd4c-8b2b-44df-9b42-486cfb6b8ddf,worker_4,worker_4,MEM_MOVE,13.024313,0.101752,"RAM -> VRAM [Model: ca30bd4c, Layer: 2085dfc3]"
208732.931564,9002,ca30bd4c-8b2b-44df-9b42-486cfb6b8ddf,worker_4,worker_4,GPU_COMPUTE,0.050000,0.050000,GPU Compute
208733.089564,9002,ca30bd4c-8b2b-44df-9b42-486cfb6b8ddf,worker_4,coordinator_0,NET_TRANSFER,0.000100,0.158000,Signal Finished
209714.349189,9002,ca30bd4c-8b2b-44df-9b42-486cfb6b8ddf,coordinator_0,worker_1,NET_TRANSFER,12.263870,981.259625,Distribute Layer ID: 0f2e1119
209714.445000,9002,ca30bd4c-8b2b-44df-9b42-486cfb6b8ddf,worker_1,worker_1,DISK_LOAD,12.263870,0.095811,"Disk -> RAM [Model: ca30bd4c, Layer: 0f2e1119]"
209714.540812,9002,ca30bd4c-8b2b-44df-9b42-486cfb6b8ddf,worker_1,worker_1,MEM_MOVE,12.263870,0.095811,"RAM -> VRAM [Model: ca30bd4c, Layer: 0f2e1119]"
209714.590812,9002,ca30bd4c-8b2b-44df-9b42-486cfb6b8ddf,worker_1,worker_1,GPU_COMPUTE,0.050000,0.050000,GPU Compute
209714.748812,9002,ca30bd4c-8b2b-44df-9b42-486cfb6b8ddf,worker_1,coordinator_0,NET_TRANSFER,0.000100,0.158000,Signal Finished
210670.809266,9002,ca30bd4c-8b2b-44df-9b42-486cfb6b8ddf,coordinator_0,worker_2,NET_TRANSFER,11.948881,956.060454,Distribute Layer ID: a39dd0cf
210670.902617,9002,ca30bd4c-8b2b-44df-9b42-486cfb6b8ddf,worker_2,worker_2,DISK_LOAD,11.948881,0.093351,"Disk -> RAM [Model: ca30bd4c, Layer: a39dd0cf]"
210670.995967,9002,ca30bd4c-8b2b-44df-9b42-486cfb6b8ddf,worker_2,worker_2,MEM_MOVE,11.948881,0.093351,"RAM -> VRAM [Model: ca30bd4c, Layer: a39dd0cf]"
210671.045967,9002,ca30bd4c-8b2b-44df-9b42-486cfb6b8ddf,worker_2,worker_2,GPU_COMPUTE,0.050000,0.050000,GPU Compute
210671.203967,9002,ca30bd4c-8b2b-44df-9b42-486cfb6b8ddf,worker_2,coordinator_0,NET_TRANSFER,0.000100,0.158000,Signal Finished
211784.061606,9002,ca30bd4c-8b2b-44df-9b42-486cfb6b8ddf,coordinator_0,worker_3,NET_TRANSFER,13.908845,1112.857639,Distribute Layer ID: 3b2f6eda
211784.170269,9002,ca30bd4c-8b2b-44df-9b42-486cfb6b8ddf,worker_3,worker_3,DISK_LOAD,13.908845,0.108663,"Disk -> RAM [Model: ca30bd4c, Layer: 3b2f6eda]"
211784.278932,9002,ca30bd4c-8b2b-44df-9b42-486cfb6b8ddf,worker_3,worker_3,MEM_MOVE,13.908845,0.108663,"RAM -> VRAM [Model: ca30bd4c, Layer: 3b2f6eda]"
211784.328932,9002,ca30bd4c-8b2b-44df-9b42-486cfb6b8ddf,worker_3,worker_3,GPU_COMPUTE,0.050000,0.050000,GPU Compute
211784.486932,9002,ca30bd4c-8b2b-44df-9b42-486cfb6b8ddf,worker_3,coordinator_0,NET_TRANSFER,0.000100,0.158000,Signal Finished
212305.319213,9002,ca30bd4c-8b2b-44df-9b42-486cfb6b8ddf,coordinator_0,worker_4,NET_TRANSFER,6.508529,520.832281,Distribute Layer ID: a1e62f17
212305.370061,9002,ca30bd4c-8b2b-44df-9b42-486cfb6b8ddf,worker_4,worker_4,DISK_LOAD,6.508529,0.050848,"Disk -> RAM [Model: ca30bd4c, Layer: a1e62f17]"
212305.420908,9002,ca30bd4c-8b2b-44df-9b42-486cfb6b8ddf,worker_4,worker_4,MEM_MOVE,6.508529,0.050848,"RAM -> VRAM [Model: ca30bd4c, Layer: a1e62f17]"
212305.470908,9002,ca30bd4c-8b2b-44df-9b42-486cfb6b8ddf,worker_4,worker_4,GPU_COMPUTE,0.050000,0.050000,GPU Compute
212305.628908,9002,ca30bd4c-8b2b-44df-9b42-486cfb6b8ddf,worker_4,coordinator_0,NET_TRANSFER,0.000100,0.158000,Signal Finished
213229.117813,9002,ca30bd4c-8b2b-44df-9b42-486cfb6b8ddf,coordinator_0,worker_1,NET_TRANSFER,11.541736,923.488904,Distribute Layer ID: 8a429ebe
213229.207983,9002,ca30bd4c-8b2b-44df-9b42-486cfb6b8ddf,worker_1,worker_1,DISK_LOAD,11.541736,0.090170,"Disk -> RAM [Model: ca30bd4c, Layer: 8a429ebe]"
213229.298153,9002,ca30bd4c-8b2b-44df-9b42-486cfb6b8ddf,worker_1,worker_1,MEM_MOVE,11.541736,0.090170,"RAM -> VRAM [Model: ca30bd4c, Layer: 8a429ebe]"
213229.348153,9002,ca30bd4c-8b2b-44df-9b42-486cfb6b8ddf,worker_1,worker_1,GPU_COMPUTE,0.050000,0.050000,GPU Compute
213229.506153,9002,ca30bd4c-8b2b-44df-9b42-486cfb6b8ddf,worker_1,coordinator_0,NET_TRANSFER,0.000100,0.158000,Signal Finished
213805.263034,9002,ca30bd4c-8b2b-44df-9b42-486cfb6b8ddf,coordinator_0,worker_2,NET_TRANSFER,7.195086,575.756881,Distribute Layer ID: 7a4ef2c9
213805.319246,9002,ca30bd4c-8b2b-44df-9b42-486cfb6b8ddf,worker_2,worker_2,DISK_LOAD,7.195086,0.056212,"Disk -> RAM [Model: ca30bd4c, Layer: 7a4ef2c9]"
213805.375457,9002,ca30bd4c-8b2b-44df-9b42-486cfb6b8ddf,worker_2,worker_2,MEM_MOVE,7.195086,0.056212,"RAM -> VRAM [Model: ca30bd4c, Layer: 7a4ef2c9]"
213805.425457,9002,ca30bd4c-8b2b-44df-9b42-486cfb6b8ddf,worker_2,worker_2,GPU_COMPUTE,0.050000,0.050000,GPU Compute
213805.583457,9002,ca30bd4c-8b2b-44df-9b42-486cfb6b8ddf,worker_2,coordinator_0,NET_TRANSFER,0.000100,0.158000,Signal Finished
214278.177823,9002,ca30bd4c-8b2b-44df-9b42-486cfb6b8ddf,coordinator_0,worker_3,NET_TRANSFER,5.905555,472.594365,Distribute Layer ID: 4cce6e65
214278.223960,9002,ca30bd4c-8b2b-44df-9b42-486cfb6b8ddf,worker_3,worker_3,DISK_LOAD,5.905555,0.046137,"Disk -> RAM [Model: ca30bd4c, Layer: 4cce6e65]"
214278.270097,9002,ca30bd4c-8b2b-44df-9b42-486cfb6b8ddf,worker_3,worker_3,MEM_MOVE,5.905555,0.046137,"RAM -> VRAM [Model: ca30bd4c, Layer: 4cce6e65]"
214278.320097,9002,ca30bd4c-8b2b-44df-9b42-486cfb6b8ddf,worker_3,worker_3,GPU_COMPUTE,0.050000,0.050000,GPU Compute
214278.478097,9002,ca30bd4c-8b2b-44df-9b42-486cfb6b8ddf,worker_3,coordinator_0,NET_TRANSFER,0.000100,0.158000,Signal Finished
214989.552491,9002,ca30bd4c-8b2b-44df-9b42-486cfb6b8ddf,coordinator_0,worker_4,NET_TRANSFER,8.886555,711.074394,Distribute Layer ID: 5ed596f1
214989.621917,9002,ca30bd4c-8b2b-44df-9b42-486cfb6b8ddf,worker_4,worker_4,DISK_LOAD,8.886555,0.069426,"Disk -> RAM [Model: ca30bd4c, Layer: 5ed596f1]"
214989.691343,9002,ca30bd4c-8b2b-44df-9b42-486cfb6b8ddf,worker_4,worker_4,MEM_MOVE,8.886555,0.069426,"RAM -> VRAM [Model: ca30bd4c, Layer: 5ed596f1]"
214989.741343,9002,ca30bd4c-8b2b-44df-9b42-486cfb6b8ddf,worker_4,worker_4,GPU_COMPUTE,0.050000,0.050000,GPU Compute
214989.899343,9002,ca30bd4c-8b2b-44df-9b42-486cfb6b8ddf,worker_4,coordinator_0,NET_TRANSFER,0.000100,0.158000,Signal Finished
215857.645446,9002,ca30bd4c-8b2b-44df-9b42-486cfb6b8ddf,coordinator_0,worker_1,NET_TRANSFER,10.844951,867.746102,Distribute Layer ID: 29d94a14
215857.730172,9002,ca30bd4c-8b2b-44df-9b42-486cfb6b8ddf,worker_1,worker_1,DISK_LOAD,10.844951,0.084726,"Disk -> RAM [Model: ca30bd4c, Layer: 29d94a14]"
215857.814898,9002,ca30bd4c-8b2b-44df-9b42-486cfb6b8ddf,worker_1,worker_1,MEM_MOVE,10.844951,0.084726,"RAM -> VRAM [Model: ca30bd4c, Layer: 29d94a14]"
215857.864898,9002,ca30bd4c-8b2b-44df-9b42-486cfb6b8ddf,worker_1,worker_1,GPU_COMPUTE,0.050000,0.050000,GPU Compute
215858.022898,9002,ca30bd4c-8b2b-44df-9b42-486cfb6b8ddf,worker_1,coordinator_0,NET_TRANSFER,0.000100,0.158000,Signal Finished
216601.124197,9002,ca30bd4c-8b2b-44df-9b42-486cfb6b8ddf,coordinator_0,worker_2,NET_TRANSFER,9.286891,743.101299,Distribute Layer ID: f33a71f7
216601.196751,9002,ca30bd4c-8b2b-44df-9b42-486cfb6b8ddf,worker_2,worker_2,DISK_LOAD,9.286891,0.072554,"Disk -> RAM [Model: ca30bd4c, Layer: f33a71f7]"
216601.269305,9002,ca30bd4c-8b2b-44df-9b42-486cfb6b8ddf,worker_2,worker_2,MEM_MOVE,9.286891,0.072554,"RAM -> VRAM [Model: ca30bd4c, Layer: f33a71f7]"
216601.319305,9002,ca30bd4c-8b2b-44df-9b42-486cfb6b8ddf,worker_2,worker_2,GPU_COMPUTE,0.050000,0.050000,GPU Compute
216601.477305,9002,ca30bd4c-8b2b-44df-9b42-486cfb6b8ddf,worker_2,coordinator_0,NET_TRANSFER,0.000100,0.158000,Signal Finished
217519.227131,9002,ca30bd4c-8b2b-44df-9b42-486cfb6b8ddf,coordinator_0,worker_3,NET_TRANSFER,11.469998,917.749826,Distribute Layer ID: 38554522
217519.316740,9002,ca30bd4c-8b2b-44df-9b42-486cfb6b8ddf,worker_3,worker_3,DISK_LOAD,11.469998,0.089609,"Disk -> RAM [Model: ca30bd4c, Layer: 38554522]"
217519.406349,9002,ca30bd4c-8b2b-44df-9b42-486cfb6b8ddf,worker_3,worker_3,MEM_MOVE,11.469998,0.089609,"RAM -> VRAM [Model: ca30bd4c, Layer: 38554522]"
217519.456349,9002,ca30bd4c-8b2b-44df-9b42-486cfb6b8ddf,worker_3,worker_3,GPU_COMPUTE,0.050000,0.050000,GPU Compute
217519.614349,9002,ca30bd4c-8b2b-44df-9b42-486cfb6b8ddf,worker_3,coordinator_0,NET_TRANSFER,0.000100,0.158000,Signal Finished
218299.270410,9002,ca30bd4c-8b2b-44df-9b42-486cfb6b8ddf,coordinator_0,worker_4,NET_TRANSFER,9.743826,779.656061,Distribute Layer ID: 9ed8e4f9
218299.346534,9002,ca30bd4c-8b2b-44df-9b42-486cfb6b8ddf,worker_4,worker_4,DISK_LOAD,9.743826,0.076124,"Disk -> RAM [Model: ca30bd4c, Layer: 9ed8e4f9]"
218299.422658,9002,ca30bd4c-8b2b-44df-9b42-486cfb6b8ddf,worker_4,worker_4,MEM_MOVE,9.743826,0.076124,"RAM -> VRAM [Model: ca30bd4c, Layer: 9ed8e4f9]"
218299.472658,9002,ca30bd4c-8b2b-44df-9b42-486cfb6b8ddf,worker_4,worker_4,GPU_COMPUTE,0.050000,0.050000,GPU Compute
218299.630658,9002,ca30bd4c-8b2b-44df-9b42-486cfb6b8ddf,worker_4,coordinator_0,NET_TRANSFER,0.000100,0.158000,Signal Finished
219164.489897,9002,ca30bd4c-8b2b-44df-9b42-486cfb6b8ddf,coordinator_0,worker_1,NET_TRANSFER,10.808865,864.859239,Distribute Layer ID: adf20593
219164.574341,9002,ca30bd4c-8b2b-44df-9b42-486cfb6b8ddf,worker_1,worker_1,DISK_LOAD,10.808865,0.084444,"Disk -> RAM [Model: ca30bd4c, Layer: adf20593]"
219164.658786,9002,ca30bd4c-8b2b-44df-9b42-486cfb6b8ddf,worker_1,worker_1,MEM_MOVE,10.808865,0.084444,"RAM -> VRAM [Model: ca30bd4c, Layer: adf20593]"
219164.708786,9002,ca30bd4c-8b2b-44df-9b42-486cfb6b8ddf,worker_1,worker_1,GPU_COMPUTE,0.050000,0.050000,GPU Compute
219164.866786,9002,ca30bd4c-8b2b-44df-9b42-486cfb6b8ddf,worker_1,coordinator_0,NET_TRANSFER,0.000100,0.158000,Signal Finished
219600.101391,9002,ca30bd4c-8b2b-44df-9b42-486cfb6b8ddf,coordinator_0,worker_2,NET_TRANSFER,5.438558,435.234605,Distribute Layer ID: 20ba02cd
219600.143880,9002,ca30bd4c-8b2b-44df-9b42-486cfb6b8ddf,worker_2,worker_2,DISK_LOAD,5.438558,0.042489,"Disk -> RAM [Model: ca30bd4c, Layer: 20ba02cd]"
219600.186368,9002,ca30bd4c-8b2b-44df-9b42-486cfb6b8ddf,worker_2,worker_2,MEM_MOVE,5.438558,0.042489,"RAM -> VRAM [Model: ca30bd4c, Layer: 20ba02cd]"
219600.236368,9002,ca30bd4c-8b2b-44df-9b42-486cfb6b8ddf,worker_2,worker_2,GPU_COMPUTE,0.050000,0.050000,GPU Compute
219600.394368,9002,ca30bd4c-8b2b-44df-9b42-486cfb6b8ddf,worker_2,coordinator_0,NET_TRANSFER,0.000100,0.158000,Signal Finished
220699.710195,9002,ca30bd4c-8b2b-44df-9b42-486cfb6b8ddf,coordinator_0,worker_3,NET_TRANSFER,13.739573,1099.315827,Distribute Layer ID: 0cdd6133
220699.817536,9002,ca30bd4c-8b2b-44df-9b42-486cfb6b8ddf,worker_3,worker_3,DISK_LOAD,13.739573,0.107340,"Disk -> RAM [Model: ca30bd4c, Layer: 0cdd6133]"
220699.924876,9002,ca30bd4c-8b2b-44df-9b42-486cfb6b8ddf,worker_3,worker_3,MEM_MOVE,13.739573,0.107340,"RAM -> VRAM [Model: ca30bd4c, Layer: 0cdd6133]"
220699.974876,9002,ca30bd4c-8b2b-44df-9b42-486cfb6b8ddf,worker_3,worker_3,GPU_COMPUTE,0.050000,0.050000,GPU Compute
220700.132876,9002,ca30bd4c-8b2b-44df-9b42-486cfb6b8ddf,worker_3,coordinator_0,NET_TRANSFER,0.000100,0.158000,Signal Finished
221403.857445,9002,ca30bd4c-8b2b-44df-9b42-486cfb6b8ddf,coordinator_0,worker_4,NET_TRANSFER,8.794682,703.724569,Distribute Layer ID: 9a8985ec
221403.926154,9002,ca30bd4c-8b2b-44df-9b42-486cfb6b8ddf,worker_4,worker_4,DISK_LOAD,8.794682,0.068708,"Disk -> RAM [Model: ca30bd4c, Layer: 9a8985ec]"
221403.994862,9002,ca30bd4c-8b2b-44df-9b42-486cfb6b8ddf,worker_4,worker_4,MEM_MOVE,8.794682,0.068708,"RAM -> VRAM [Model: ca30bd4c, Layer: 9a8985ec]"
221404.044862,9002,ca30bd4c-8b2b-44df-9b42-486cfb6b8ddf,worker_4,worker_4,GPU_COMPUTE,0.050000,0.050000,GPU Compute
221404.202862,9002,ca30bd4c-8b2b-44df-9b42-486cfb6b8ddf,worker_4,coordinator_0,NET_TRANSFER,0.000100,0.158000,Signal Finished
222226.793491,9002,ca30bd4c-8b2b-44df-9b42-486cfb6b8ddf,coordinator_0,worker_1,NET_TRANSFER,10.280508,822.590629,Distribute Layer ID: 9f3144f6
222226.873807,9002,ca30bd4c-8b2b-44df-9b42-486cfb6b8ddf,worker_1,worker_1,DISK_LOAD,10.280508,0.080316,"Disk -> RAM [Model: ca30bd4c, Layer: 9f3144f6]"
222226.954124,9002,ca30bd4c-8b2b-44df-9b42-486cfb6b8ddf,worker_1,worker_1,MEM_MOVE,10.280508,0.080316,"RAM -> VRAM [Model: ca30bd4c, Layer: 9f3144f6]"
222227.004124,9002,ca30bd4c-8b2b-44df-9b42-486cfb6b8ddf,worker_1,worker_1,GPU_COMPUTE,0.050000,0.050000,GPU Compute
222227.162124,9002,ca30bd4c-8b2b-44df-9b42-486cfb6b8ddf,worker_1,coordinator_0,NET_TRANSFER,0.000100,0.158000,Signal Finished
222759.763478,9002,ca30bd4c-8b2b-44df-9b42-486cfb6b8ddf,coordinator_0,worker_2,NET_TRANSFER,6.655642,532.601354,Distribute Layer ID: 18ed511b
222759.815475,9002,ca30bd4c-8b2b-44df-9b42-486cfb6b8ddf,worker_2,worker_2,DISK_LOAD,6.655642,0.051997,"Disk -> RAM [Model: ca30bd4c, Layer: 18ed511b]"
222759.867473,9002,ca30bd4c-8b2b-44df-9b42-486cfb6b8ddf,worker_2,worker_2,MEM_MOVE,6.655642,0.051997,"RAM -> VRAM [Model: ca30bd4c, Layer: 18ed511b]"
222759.917473,9002,ca30bd4c-8b2b-44df-9b42-486cfb6b8ddf,worker_2,worker_2,GPU_COMPUTE,0.050000,0.050000,GPU Compute
222760.075473,9002,ca30bd4c-8b2b-44df-9b42-486cfb6b8ddf,worker_2,coordinator_0,NET_TRANSFER,0.000100,0.158000,Signal Finished
223726.485598,9002,ca30bd4c-8b2b-44df-9b42-486cfb6b8ddf,coordinator_0,worker_3,NET_TRANSFER,12.078252,966.410125,Distribute Layer ID: 5f07be43
223726.579959,9002,ca30bd4c-8b2b-44df-9b42-486cfb6b8ddf,worker_3,worker_3,DISK_LOAD,12.078252,0.094361,"Disk -> RAM [Model: ca30bd4c, Layer: 5f07be43]"
223726.674321,9002,ca30bd4c-8b2b-44df-9b42-486cfb6b8ddf,worker_3,worker_3,MEM_MOVE,12.078252,0.094361,"RAM -> VRAM [Model: ca30bd4c, Layer: 5f07be43]"
223726.724321,9002,ca30bd4c-8b2b-44df-9b42-486cfb6b8ddf,worker_3,worker_3,GPU_COMPUTE,0.050000,0.050000,GPU Compute
223726.882321,9002,ca30bd4c-8b2b-44df-9b42-486cfb6b8ddf,worker_3,coordinator_0,NET_TRANSFER,0.000100,0.158000,Signal Finished
224649.597451,9002,ca30bd4c-8b2b-44df-9b42-486cfb6b8ddf,coordinator_0,worker_4,NET_TRANSFER,11.532064,922.715130,Distribute Layer ID: 19afa162
224649.687545,9002,ca30bd4c-8b2b-44df-9b42-486cfb6b8ddf,worker_4,worker_4,DISK_LOAD,11.532064,0.090094,"Disk -> RAM [Model: ca30bd4c, Layer: 19afa162]"
224649.777639,9002,ca30bd4c-8b2b-44df-9b42-486cfb6b8ddf,worker_4,worker_4,MEM_MOVE,11.532064,0.090094,"RAM -> VRAM [Model: ca30bd4c, Layer: 19afa162]"
224649.827639,9002,ca30bd4c-8b2b-44df-9b42-486cfb6b8ddf,worker_4,worker_4,GPU_COMPUTE,0.050000,0.050000,GPU Compute
224649.985639,9002,ca30bd4c-8b2b-44df-9b42-486cfb6b8ddf,worker_4,coordinator_0,NET_TRANSFER,0.000100,0.158000,Signal Finished
225647.516330,9002,ca30bd4c-8b2b-44df-9b42-486cfb6b8ddf,coordinator_0,worker_1,NET_TRANSFER,12.467259,997.530691,Distribute Layer ID: 103f1374
225647.613730,9002,ca30bd4c-8b2b-44df-9b42-486cfb6b8ddf,worker_1,worker_1,DISK_LOAD,12.467259,0.097400,"Disk -> RAM [Model: ca30bd4c, Layer: 103f1374]"
225647.711131,9002,ca30bd4c-8b2b-44df-9b42-486cfb6b8ddf,worker_1,worker_1,MEM_MOVE,12.467259,0.097400,"RAM -> VRAM [Model: ca30bd4c, Layer: 103f1374]"
225647.761131,9002,ca30bd4c-8b2b-44df-9b42-486cfb6b8ddf,worker_1,worker_1,GPU_COMPUTE,0.050000,0.050000,GPU Compute
225647.919131,9002,ca30bd4c-8b2b-44df-9b42-486cfb6b8ddf,worker_1,coordinator_0,NET_TRANSFER,0.000100,0.158000,Signal Finished
226561.258226,9002,ca30bd4c-8b2b-44df-9b42-486cfb6b8ddf,coordinator_0,worker_2,NET_TRANSFER,11.414864,913.339095,Distribute Layer ID: 0fd68b43
226561.347404,9002,ca30bd4c-8b2b-44df-9b42-486cfb6b8ddf,worker_2,worker_2,DISK_LOAD,11.414864,0.089179,"Disk -> RAM [Model: ca30bd4c, Layer: 0fd68b43]"
226561.436583,9002,ca30bd4c-8b2b-44df-9b42-486cfb6b8ddf,worker_2,worker_2,MEM_MOVE,11.414864,0.089179,"RAM -> VRAM [Model: ca30bd4c, Layer: 0fd68b43]"
226561.486583,9002,ca30bd4c-8b2b-44df-9b42-486cfb6b8ddf,worker_2,worker_2,GPU_COMPUTE,0.050000,0.050000,GPU Compute
226561.644583,9002,ca30bd4c-8b2b-44df-9b42-486cfb6b8ddf,worker_2,coordinator_0,NET_TRANSFER,0.000100,0.158000,Signal Finished
226968.823107,9002,ca30bd4c-8b2b-44df-9b42-486cfb6b8ddf,coordinator_0,worker_3,NET_TRANSFER,5.087857,407.178524,Distribute Layer ID: 364211b1
226968.862856,9002,ca30bd4c-8b2b-44df-9b42-486cfb6b8ddf,worker_3,worker_3,DISK_LOAD,5.087857,0.039749,"Disk -> RAM [Model: ca30bd4c, Layer: 364211b1]"
226968.902605,9002,ca30bd4c-8b2b-44df-9b42-486cfb6b8ddf,worker_3,worker_3,MEM_MOVE,5.087857,0.039749,"RAM -> VRAM [Model: ca30bd4c, Layer: 364211b1]"
226968.952605,9002,ca30bd4c-8b2b-44df-9b42-486cfb6b8ddf,worker_3,worker_3,GPU_COMPUTE,0.050000,0.050000,GPU Compute
226969.110605,9002,ca30bd4c-8b2b-44df-9b42-486cfb6b8ddf,worker_3,coordinator_0,NET_TRANSFER,0.000100,0.158000,Signal Finished
227751.058071,9002,ca30bd4c-8b2b-44df-9b42-486cfb6b8ddf,coordinator_0,worker_4,NET_TRANSFER,9.772468,781.947466,Distribute Layer ID: 831c9253
227751.134418,9002,ca30bd4c-8b2b-44df-9b42-486cfb6b8ddf,worker_4,worker_4,DISK_LOAD,9.772468,0.076347,"Disk -> RAM [Model: ca30bd4c, Layer: 831c9253]"
227751.210765,9002,ca30bd4c-8b2b-44df-9b42-486cfb6b8ddf,worker_4,worker_4,MEM_MOVE,9.772468,0.076347,"RAM -> VRAM [Model: ca30bd4c, Layer: 831c9253]"
227751.260765,9002,ca30bd4c-8b2b-44df-9b42-486cfb6b8ddf,worker_4,worker_4,GPU_COMPUTE,0.050000,0.050000,GPU Compute
227751.418765,9002,ca30bd4c-8b2b-44df-9b42-486cfb6b8ddf,worker_4,coordinator_0,NET_TRANSFER,0.000100,0.158000,Signal Finished
228640.053532,9002,ca30bd4c-8b2b-44df-9b42-486cfb6b8ddf,coordinator_0,worker_1,NET_TRANSFER,11.106060,888.634766,Distribute Layer ID: 64f6fc9d
228640.140298,9002,ca30bd4c-8b2b-44df-9b42-486cfb6b8ddf,worker_1,worker_1,DISK_LOAD,11.106060,0.086766,"Disk -> RAM [Model: ca30bd4c, Layer: 64f6fc9d]"
228640.227064,9002,ca30bd4c-8b2b-44df-9b42-486cfb6b8ddf,worker_1,worker_1,MEM_MOVE,11.106060,0.086766,"RAM -> VRAM [Model: ca30bd4c, Layer: 64f6fc9d]"
228640.277064,9002,ca30bd4c-8b2b-44df-9b42-486cfb6b8ddf,worker_1,worker_1,GPU_COMPUTE,0.050000,0.050000,GPU Compute
228640.435064,9002,ca30bd4c-8b2b-44df-9b42-486cfb6b8ddf,worker_1,coordinator_0,NET_TRANSFER,0.000100,0.158000,Signal Finished
229366.870373,9002,ca30bd4c-8b2b-44df-9b42-486cfb6b8ddf,coordinator_0,worker_2,NET_TRANSFER,9.078566,726.435310,Distribute Layer ID: 91f30810
229366.941300,9002,ca30bd4c-8b2b-44df-9b42-486cfb6b8ddf,worker_2,worker_2,DISK_LOAD,9.078566,0.070926,"Disk -> RAM [Model: ca30bd4c, Layer: 91f30810]"
229367.012226,9002,ca30bd4c-8b2b-44df-9b42-486cfb6b8ddf,worker_2,worker_2,MEM_MOVE,9.078566,0.070926,"RAM -> VRAM [Model: ca30bd4c, Layer: 91f30810]"
229367.062226,9002,ca30bd4c-8b2b-44df-9b42-486cfb6b8ddf,worker_2,worker_2,GPU_COMPUTE,0.050000,0.050000,GPU Compute
229367.220226,9002,ca30bd4c-8b2b-44df-9b42-486cfb6b8ddf,worker_2,coordinator_0,NET_TRANSFER,0.000100,0.158000,Signal Finished
230328.838006,9002,ca30bd4c-8b2b-44df-9b42-486cfb6b8ddf,coordinator_0,worker_3,NET_TRANSFER,12.018347,961.617780,Distribute Layer ID: 4163c437
230328.931900,9002,ca30bd4c-8b2b-44df-9b42-486cfb6b8ddf,worker_3,worker_3,DISK_LOAD,12.018347,0.093893,"Disk -> RAM [Model: ca30bd4c, Layer: 4163c437]"
230329.025793,9002,ca30bd4c-8b2b-44df-9b42-486cfb6b8ddf,worker_3,worker_3,MEM_MOVE,12.018347,0.093893,"RAM -> VRAM [Model: ca30bd4c, Layer: 4163c437]"
230329.075793,9002,ca30bd4c-8b2b-44df-9b42-486cfb6b8ddf,worker_3,worker_3,GPU_COMPUTE,0.050000,0.050000,GPU Compute
230329.233793,9002,ca30bd4c-8b2b-44df-9b42-486cfb6b8ddf,worker_3,coordinator_0,NET_TRANSFER,0.000100,0.158000,Signal Finished
230966.018220,9002,ca30bd4c-8b2b-44df-9b42-486cfb6b8ddf,coordinator_0,worker_4,NET_TRANSFER,7.957930,636.784427,Distribute Layer ID: b6e89f0a
230966.080392,9002,ca30bd4c-8b2b-44df-9b42-486cfb6b8ddf,worker_4,worker_4,DISK_LOAD,7.957930,0.062171,"Disk -> RAM [Model: ca30bd4c, Layer: b6e89f0a]"
230966.142563,9002,ca30bd4c-8b2b-44df-9b42-486cfb6b8ddf,worker_4,worker_4,MEM_MOVE,7.957930,0.062171,"RAM -> VRAM [Model: ca30bd4c, Layer: b6e89f0a]"
230966.192563,9002,ca30bd4c-8b2b-44df-9b42-486cfb6b8ddf,worker_4,worker_4,GPU_COMPUTE,0.050000,0.050000,GPU Compute
230966.350563,9002,ca30bd4c-8b2b-44df-9b42-486cfb6b8ddf,worker_4,coordinator_0,NET_TRANSFER,0.000100,0.158000,Signal Finished
231328.734455,9002,ca30bd4c-8b2b-44df-9b42-486cfb6b8ddf,coordinator_0,worker_1,NET_TRANSFER,4.527924,362.383892,Distribute Layer ID: c18b3b2e
231328.769829,9002,ca30bd4c-8b2b-44df-9b42-486cfb6b8ddf,worker_1,worker_1,DISK_LOAD,4.527924,0.035374,"Disk -> RAM [Model: ca30bd4c, Layer: c18b3b2e]"
231328.805204,9002,ca30bd4c-8b2b-44df-9b42-486cfb6b8ddf,worker_1,worker_1,MEM_MOVE,4.527924,0.035374,"RAM -> VRAM [Model: ca30bd4c, Layer: c18b3b2e]"
231328.855204,9002,ca30bd4c-8b2b-44df-9b42-486cfb6b8ddf,worker_1,worker_1,GPU_COMPUTE,0.050000,0.050000,GPU Compute
231329.013204,9002,ca30bd4c-8b2b-44df-9b42-486cfb6b8ddf,worker_1,coordinator_0,NET_TRANSFER,0.000100,0.158000,Signal Finished
232160.218123,9002,ca30bd4c-8b2b-44df-9b42-486cfb6b8ddf,coordinator_0,worker_2,NET_TRANSFER,10.388186,831.204919,Distribute Layer ID: 938b65b8
232160.299281,9002,ca30bd4c-8b2b-44df-9b42-486cfb6b8ddf,worker_2,worker_2,DISK_LOAD,10.388186,0.081158,"Disk -> RAM [Model: ca30bd4c, Layer: 938b65b8]"
232160.380438,9002,ca30bd4c-8b2b-44df-9b42-486cfb6b8ddf,worker_2,worker_2,MEM_MOVE,10.388186,0.081158,"RAM -> VRAM [Model: ca30bd4c, Layer: 938b65b8]"
232160.430438,9002,ca30bd4c-8b2b-44df-9b42-486cfb6b8ddf,worker_2,worker_2,GPU_COMPUTE,0.050000,0.050000,GPU Compute
232160.588438,9002,ca30bd4c-8b2b-44df-9b42-486cfb6b8ddf,worker_2,coordinator_0,NET_TRANSFER,0.000100,0.158000,Signal Finished
232881.390121,9002,ca30bd4c-8b2b-44df-9b42-486cfb6b8ddf,coordinator_0,worker_3,NET_TRANSFER,9.008146,720.801683,Distribute Layer ID: 1e7c4451
232881.460498,9002,ca30bd4c-8b2b-44df-9b42-486cfb6b8ddf,worker_3,worker_3,DISK_LOAD,9.008146,0.070376,"Disk -> RAM [Model: ca30bd4c, Layer: 1e7c4451]"
232881.530874,9002,ca30bd4c-8b2b-44df-9b42-486cfb6b8ddf,worker_3,worker_3,MEM_MOVE,9.008146,0.070376,"RAM -> VRAM [Model: ca30bd4c, Layer: 1e7c4451]"
232881.580874,9002,ca30bd4c-8b2b-44df-9b42-486cfb6b8ddf,worker_3,worker_3,GPU_COMPUTE,0.050000,0.050000,GPU Compute
232881.738874,9002,ca30bd4c-8b2b-44df-9b42-486cfb6b8ddf,worker_3,coordinator_0,NET_TRANSFER,0.000100,0.158000,Signal Finished
233923.402806,9002,ca30bd4c-8b2b-44df-9b42-486cfb6b8ddf,coordinator_0,worker_4,NET_TRANSFER,13.018924,1041.663932,Distribute Layer ID: ae05db88
233923.504516,9002,ca30bd4c-8b2b-44df-9b42-486cfb6b8ddf,worker_4,worker_4,DISK_LOAD,13.018924,0.101710,"Disk -> RAM [Model: ca30bd4c, Layer: ae05db88]"
233923.606227,9002,ca30bd4c-8b2b-44df-9b42-486cfb6b8ddf,worker_4,worker_4,MEM_MOVE,13.018924,0.101710,"RAM -> VRAM [Model: ca30bd4c, Layer: ae05db88]"
233923.656227,9002,ca30bd4c-8b2b-44df-9b42-486cfb6b8ddf,worker_4,worker_4,GPU_COMPUTE,0.050000,0.050000,GPU Compute
233923.814227,9002,ca30bd4c-8b2b-44df-9b42-486cfb6b8ddf,worker_4,coordinator_0,NET_TRANSFER,0.000100,0.158000,Signal Finished
233923.972227,6000,c1690bdb-a1e5-4e67-8c37-5dbe0393ec5a,coordinator_0,client_6,NET_TRANSFER,0.000100,0.158000,Signal: Cache Miss / Request Weights
233924.130227,3000,efe1fad9-6017-4c8f-a55c-6bc7cb5cd028,coordinator_0,client_3,NET_TRANSFER,0.000100,0.158000,Signal: Cache Miss / Request Weights
270315.099145,3000,efe1fad9-6017-4c8f-a55c-6bc7cb5cd028,client_3,coordinator_0,NET_TRANSFER,454.885236,36390.968919,Upload Model Weights
270315.257145,7000,bec081ed-3b58-4ef6-90fc-0349b019b548,coordinator_0,client_7,NET_TRANSFER,0.000100,0.158000,Signal: Cache Miss / Request Weights
270315.415145,4000,750b7e46-61b8-4000-a7ed-4a335dc14d8e,coordinator_0,client_4,NET_TRANSFER,0.000100,0.158000,Signal: Cache Miss / Request Weights
308266.884895,4000,750b7e46-61b8-4000-a7ed-4a335dc14d8e,client_4,coordinator_0,NET_TRANSFER,474.391497,37951.469750,Upload Model Weights
308995.734314,4000,750b7e46-61b8-4000-a7ed-4a335dc14d8e,coordinator_0,worker_2,NET_TRANSFER,9.108743,728.849418,Distribute Layer ID: b3c02e92
308995.805476,4000,750b7e46-61b8-4000-a7ed-4a335dc14d8e,worker_2,worker_2,DISK_LOAD,9.108743,0.071162,"Disk -> RAM [Model: 750b7e46, Layer: b3c02e92]"
308995.876638,4000,750b7e46-61b8-4000-a7ed-4a335dc14d8e,worker_2,worker_2,MEM_MOVE,9.108743,0.071162,"RAM -> VRAM [Model: 750b7e46, Layer: b3c02e92]"
308995.926638,4000,750b7e46-61b8-4000-a7ed-4a335dc14d8e,worker_2,worker_2,GPU_COMPUTE,0.050000,0.050000,GPU Compute
308996.084638,4000,750b7e46-61b8-4000-a7ed-4a335dc14d8e,worker_2,coordinator_0,NET_TRANSFER,0.000100,0.158000,Signal Finished
309789.475904,4000,750b7e46-61b8-4000-a7ed-4a335dc14d8e,coordinator_0,worker_3,NET_TRANSFER,9.915516,793.391266,Distribute Layer ID: 582b120b
309789.553369,4000,750b7e46-61b8-4000-a7ed-4a335dc14d8e,worker_3,worker_3,DISK_LOAD,9.915516,0.077465,"Disk -> RAM [Model: 750b7e46, Layer: 582b120b]"
309789.630834,4000,750b7e46-61b8-4000-a7ed-4a335dc14d8e,worker_3,worker_3,MEM_MOVE,9.915516,0.077465,"RAM -> VRAM [Model: 750b7e46, Layer: 582b120b]"
309789.680834,4000,750b7e46-61b8-4000-a7ed-4a335dc14d8e,worker_3,worker_3,GPU_COMPUTE,0.050000,0.050000,GPU Compute
309789.838834,4000,750b7e46-61b8-4000-a7ed-4a335dc14d8e,worker_3,coordinator_0,NET_TRANSFER,0.000100,0.158000,Signal Finished
310489.390966,4000,750b7e46-61b8-4000-a7ed-4a335dc14d8e,coordinator_0,worker_4,NET_TRANSFER,8.742527,699.552132,Distribute Layer ID: db89eae7
310489.459267,4000,750b7e46-61b8-4000-a7ed-4a335dc14d8e,worker_4,worker_4,DISK_LOAD,8.742527,0.068301,"Disk -> RAM [Model: 750b7e46, Layer: db89eae7]"
310489.527568,4000,750b7e46-61b8-4000-a7ed-4a335dc14d8e,worker_4,worker_4,MEM_MOVE,8.742527,0.068301,"RAM -> VRAM [Model: 750b7e46, Layer: db89eae7]"
310489.577568,4000,750b7e46-61b8-4000-a7ed-4a335dc14d8e,worker_4,worker_4,GPU_COMPUTE,0.050000,0.050000,GPU Compute
310489.735568,4000,750b7e46-61b8-4000-a7ed-4a335dc14d8e,worker_4,coordinator_0,NET_TRANSFER,0.000100,0.158000,Signal Finished
311093.531511,4000,750b7e46-61b8-4000-a7ed-4a335dc14d8e,coordinator_0,worker_1,NET_TRANSFER,7.545574,603.795943,Distribute Layer ID: a38448f6
311093.590461,4000,750b7e46-61b8-4000-a7ed-4a335dc14d8e,worker_1,worker_1,DISK_LOAD,7.545574,0.058950,"Disk -> RAM [Model: 750b7e46, Layer: a38448f6]"
311093.649411,4000,750b7e46-61b8-4000-a7ed-4a335dc14d8e,worker_1,worker_1,MEM_MOVE,7.545574,0.058950,"RAM -> VRAM [Model: 750b7e46, Layer: a38448f6]"
311093.699411,4000,750b7e46-61b8-4000-a7ed-4a335dc14d8e,worker_1,worker_1,GPU_COMPUTE,0.050000,0.050000,GPU Compute
311093.857411,4000,750b7e46-61b8-4000-a7ed-4a335dc14d8e,worker_1,coordinator_0,NET_TRANSFER,0.000100,0.158000,Signal Finished
311523.515089,4000,750b7e46-61b8-4000-a7ed-4a335dc14d8e,coordinator_0,worker_2,NET_TRANSFER,5.368846,429.657679,Distribute Layer ID: f388a094
311523.557034,4000,750b7e46-61b8-4000-a7ed-4a335dc14d8e,worker_2,worker_2,DISK_LOAD,5.368846,0.041944,"Disk -> RAM [Model: 750b7e46, Layer: f388a094]"
311523.598978,4000,750b7e46-61b8-4000-a7ed-4a335dc14d8e,worker_2,worker_2,MEM_MOVE,5.368846,0.041944,"RAM -> VRAM [Model: 750b7e46, Layer: f388a094]"
311523.648978,4000,750b7e46-61b8-4000-a7ed-4a335dc14d8e,worker_2,worker_2,GPU_COMPUTE,0.050000,0.050000,GPU Compute
311523.806978,4000,750b7e46-61b8-4000-a7ed-4a335dc14d8e,worker_2,coordinator_0,NET_TRANSFER,0.000100,0.158000,Signal Finished
311890.926209,4000,750b7e46-61b8-4000-a7ed-4a335dc14d8e,coordinator_0,worker_3,NET_TRANSFER,4.587115,367.119231,Distribute Layer ID: 4de0c84c
311890.962046,4000,750b7e46-61b8-4000-a7ed-4a335dc14d8e,worker_3,worker_3,DISK_LOAD,4.587115,0.035837,"Disk -> RAM [Model: 750b7e46, Layer: 4de0c84c]"
311890.997883,4000,750b7e46-61b8-4000-a7ed-4a335dc14d8e,worker_3,worker_3,MEM_MOVE,4.587115,0.035837,"RAM -> VRAM [Model: 750b7e46, Layer: 4de0c84c]"
311891.047883,4000,750b7e46-61b8-4000-a7ed-4a335dc14d8e,worker_3,worker_3,GPU_COMPUTE,0.050000,0.050000,GPU Compute
311891.205883,4000,750b7e46-61b8-4000-a7ed-4a335dc14d8e,worker_3,coordinator_0,NET_TRANSFER,0.000100,0.158000,Signal Finished
312707.469720,4000,750b7e46-61b8-4000-a7ed-4a335dc14d8e,coordinator_0,worker_4,NET_TRANSFER,10.201423,816.263837,Distribute Layer ID: 193f7a76
312707.549418,4000,750b7e46-61b8-4000-a7ed-4a335dc14d8e,worker_4,worker_4,DISK_LOAD,10.201423,0.079699,"Disk -> RAM [Model: 750b7e46, Layer: 193f7a76]"
312707.629117,4000,750b7e46-61b8-4000-a7ed-4a335dc14d8e,worker_4,worker_4,MEM_MOVE,10.201423,0.079699,"RAM -> VRAM [Model: 750b7e46, Layer: 193f7a76]"
312707.679117,4000,750b7e46-61b8-4000-a7ed-4a335dc14d8e,worker_4,worker_4,GPU_COMPUTE,0.050000,0.050000,GPU Compute
312707.837117,4000,750b7e46-61b8-4000-a7ed-4a335dc14d8e,worker_4,coordinator_0,NET_TRANSFER,0.000100,0.158000,Signal Finished
313597.984561,4000,750b7e46-61b8-4000-a7ed-4a335dc14d8e,coordinator_0,worker_1,NET_TRANSFER,11.124968,890.147444,Distribute Layer ID: 7864363b
313598.071475,4000,750b7e46-61b8-4000-a7ed-4a335dc14d8e,worker_1,worker_1,DISK_LOAD,11.124968,0.086914,"Disk -> RAM [Model: 750b7e46, Layer: 7864363b]"
313598.158389,4000,750b7e46-61b8-4000-a7ed-4a335dc14d8e,worker_1,worker_1,MEM_MOVE,11.124968,0.086914,"RAM -> VRAM [Model: 750b7e46, Layer: 7864363b]"
313598.208389,4000,750b7e46-61b8-4000-a7ed-4a335dc14d8e,worker_1,worker_1,GPU_COMPUTE,0.050000,0.050000,GPU Compute
313598.366389,4000,750b7e46-61b8-4000-a7ed-4a335dc14d8e,worker_1,coordinator_0,NET_TRANSFER,0.000100,0.158000,Signal Finished
314805.315361,4000,750b7e46-61b8-4000-a7ed-4a335dc14d8e,coordinator_0,worker_2,NET_TRANSFER,15.084987,1206.948973,Distribute Layer ID: 1b8cd7a1
314805.433213,4000,750b7e46-61b8-4000-a7ed-4a335dc14d8e,worker_2,worker_2,DISK_LOAD,15.084987,0.117851,"Disk -> RAM [Model: 750b7e46, Layer: 1b8cd7a1]"
314805.551064,4000,750b7e46-61b8-4000-a7ed-4a335dc14d8e,worker_2,worker_2,MEM_MOVE,15.084987,0.117851,"RAM -> VRAM [Model: 750b7e46, Layer: 1b8cd7a1]"
314805.601064,4000,750b7e46-61b8-4000-a7ed-4a335dc14d8e,worker_2,worker_2,GPU_COMPUTE,0.050000,0.050000,GPU Compute
314805.759064,4000,750b7e46-61b8-4000-a7ed-4a335dc14d8e,worker_2,coordinator_0,NET_TRANSFER,0.000100,0.158000,Signal Finished
315377.898276,4000,750b7e46-61b8-4000-a7ed-4a335dc14d8e,coordinator_0,worker_3,NET_TRANSFER,7.149865,572.139212,Distribute Layer ID: 271ee18b
315377.954134,4000,750b7e46-61b8-4000-a7ed-4a335dc14d8e,worker_3,worker_3,DISK_LOAD,7.149865,0.055858,"Disk -> RAM [Model: 750b7e46, Layer: 271ee18b]"
315378.009992,4000,750b7e46-61b8-4000-a7ed-4a335dc14d8e,worker_3,worker_3,MEM_MOVE,7.149865,0.055858,"RAM -> VRAM [Model: 750b7e46, Layer: 271ee18b]"
315378.059992,4000,750b7e46-61b8-4000-a7ed-4a335dc14d8e,worker_3,worker_3,GPU_COMPUTE,0.050000,0.050000,GPU Compute
315378.217992,4000,750b7e46-61b8-4000-a7ed-4a335dc14d8e,worker_3,coordinator_0,NET_TRANSFER,0.000100,0.158000,Signal Finished
316322.285967,4000,750b7e46-61b8-4000-a7ed-4a335dc14d8e,coordinator_0,worker_4,NET_TRANSFER,11.798975,944.067974,Distribute Layer ID: e70642aa
316322.378146,4000,750b7e46-61b8-4000-a7ed-4a335dc14d8e,worker_4,worker_4,DISK_LOAD,11.798975,0.092179,"Disk -> RAM [Model: 750b7e46, Layer: e70642aa]"
316322.470326,4000,750b7e46-61b8-4000-a7ed-4a335dc14d8e,worker_4,worker_4,MEM_MOVE,11.798975,0.092179,"RAM -> VRAM [Model: 750b7e46, Layer: e70642aa]"
316322.520326,4000,750b7e46-61b8-4000-a7ed-4a335dc14d8e,worker_4,worker_4,GPU_COMPUTE,0.050000,0.050000,GPU Compute
316322.678326,4000,750b7e46-61b8-4000-a7ed-4a335dc14d8e,worker_4,coordinator_0,NET_TRANSFER,0.000100,0.158000,Signal Finished
316859.846193,4000,750b7e46-61b8-4000-a7ed-4a335dc14d8e,coordinator_0,worker_1,NET_TRANSFER,6.712723,537.167867,Distribute Layer ID: 941246f4
316859.898636,4000,750b7e46-61b8-4000-a7ed-4a335dc14d8e,worker_1,worker_1,DISK_LOAD,6.712723,0.052443,"Disk -> RAM [Model: 750b7e46, Layer: 941246f4]"
316859.951079,4000,750b7e46-61b8-4000-a7ed-4a335dc14d8e,worker_1,worker_1,MEM_MOVE,6.712723,0.052443,"RAM -> VRAM [Model: 750b7e46, Layer: 941246f4]"
316860.001079,4000,750b7e46-61b8-4000-a7ed-4a335dc14d8e,worker_1,worker_1,GPU_COMPUTE,0.050000,0.050000,GPU Compute
316860.159079,4000,750b7e46-61b8-4000-a7ed-4a335dc14d8e,worker_1,coordinator_0,NET_TRANSFER,0.000100,0.158000,Signal Finished
317785.072638,4000,750b7e46-61b8-4000-a7ed-4a335dc14d8e,coordinator_0,worker_2,NET_TRANSFER,11.559544,924.913558,Distribute Layer ID: ba6d7dbe
317785.162947,4000,750b7e46-61b8-4000-a7ed-4a335dc14d8e,worker_2,worker_2,DISK_LOAD,11.559544,0.090309,"Disk -> RAM [Model: 750b7e46, Layer: ba6d7dbe]"
317785.253255,4000,750b7e46-61b8-4000-a7ed-4a335dc14d8e,worker_2,worker_2,MEM_MOVE,11.559544,0.090309,"RAM -> VRAM [Model: 750b7e46, Layer: ba6d7dbe]"
317785.303255,4000,750b7e46-61b8-4000-a7ed-4a335dc14d8e,worker_2,worker_2,GPU_COMPUTE,0.050000,0.050000,GPU Compute
317785.461255,4000,750b7e46-61b8-4000-a7ed-4a335dc14d8e,worker_2,coordinator_0,NET_TRANSFER,0.000100,0.158000,Signal Finished
318220.721844,4000,750b7e46-61b8-4000-a7ed-4a335dc14d8e,coordinator_0,worker_3,NET_TRANSFER,5.438882,435.260589,Distribute Layer ID: 4974a4c8
318220.764336,4000,750b7e46-61b8-4000-a7ed-4a335dc14d8e,worker_3,worker_3,DISK_LOAD,5.438882,0.042491,"Disk -> RAM [Model: 750b7e46, Layer: 4974a4c8]"
318220.806827,4000,750b7e46-61b8-4000-a7ed-4a335dc14d8e,worker_3,worker_3,MEM_MOVE,5.438882,0.042491,"RAM -> VRAM [Model: 750b7e46, Layer: 4974a4c8]"
318220.856827,4000,750b7e46-61b8-4000-a7ed-4a335dc14d8e,worker_3,worker_3,GPU_COMPUTE,0.050000,0.050000,GPU Compute
318221.014827,4000,750b7e46-61b8-4000-a7ed-4a335dc14d8e,worker_3,coordinator_0,NET_TRANSFER,0.000100,0.158000,Signal Finished
319193.007519,4000,750b7e46-61b8-4000-a7ed-4a335dc14d8e,coordinator_0,worker_4,NET_TRANSFER,12.148034,971.992692,Distribute Layer ID: 9893328f
319193.102425,4000,750b7e46-61b8-4000-a7ed-4a335dc14d8e,worker_4,worker_4,DISK_LOAD,12.148034,0.094907,"Disk -> RAM [Model: 750b7e46, Layer: 9893328f]"
319193.197332,4000,750b7e46-61b8-4000-a7ed-4a335dc14d8e,worker_4,worker_4,MEM_MOVE,12.148034,0.094907,"RAM -> VRAM [Model: 750b7e46, Layer: 9893328f]"
319193.247332,4000,750b7e46-61b8-4000-a7ed-4a335dc14d8e,worker_4,worker_4,GPU_COMPUTE,0.050000,0.050000,GPU Compute
319193.405332,4000,750b7e46-61b8-4000-a7ed-4a335dc14d8e,worker_4,coordinator_0,NET_TRANSFER,0.000100,0.158000,Signal Finished
320054.627408,4000,750b7e46-61b8-4000-a7ed-4a335dc14d8e,coordinator_0,worker_1,NET_TRANSFER,10.763401,861.222076,Distribute Layer ID: 7cd12353
320054.711497,4000,750b7e46-61b8-4000-a7ed-4a335dc14d8e,worker_1,worker_1,DISK_LOAD,10.763401,0.084089,"Disk -> RAM [Model: 750b7e46, Layer: 7cd12353]"
320054.795586,4000,750b7e46-61b8-4000-a7ed-4a335dc14d8e,worker_1,worker_1,MEM_MOVE,10.763401,0.084089,"RAM -> VRAM [Model: 750b7e46, Layer: 7cd12353]"
320054.845586,4000,750b7e46-61b8-4000-a7ed-4a335dc14d8e,worker_1,worker_1,GPU_COMPUTE,0.050000,0.050000,GPU Compute
320055.003586,4000,750b7e46-61b8-4000-a7ed-4a335dc14d8e,worker_1,coordinator_0,NET_TRANSFER,0.000100,0.158000,Signal Finished
320884.978210,4000,750b7e46-61b8-4000-a7ed-4a335dc14d8e,coordinator_0,worker_2,NET_TRANSFER,10.372808,829.974624,Distribute Layer ID: 8c2a800d
320885.059247,4000,750b7e46-61b8-4000-a7ed-4a335dc14d8e,worker_2,worker_2,DISK_LOAD,10.372808,0.081038,"Disk -> RAM [Model: 750b7e46, Layer: 8c2a800d]"
320885.140285,4000,750b7e46-61b8-4000-a7ed-4a335dc14d8e,worker_2,worker_2,MEM_MOVE,10.372808,0.081038,"RAM -> VRAM [Model: 750b7e46, Layer: 8c2a800d]"
320885.190285,4000,750b7e46-61b8-4000-a7ed-4a335dc14d8e,worker_2,worker_2,GPU_COMPUTE,0.050000,0.050000,GPU Compute
320885.348285,4000,750b7e46-61b8-4000-a7ed-4a335dc14d8e,worker_2,coordinator_0,NET_TRANSFER,0.000100,0.158000,Signal Finished
322028.969813,4000,750b7e46-61b8-4000-a7ed-4a335dc14d8e,coordinator_0,worker_3,NET_TRANSFER,14.293394,1143.621528,Distribute Layer ID: 6c7eb52d
322029.081480,4000,750b7e46-61b8-4000-a7ed-4a335dc14d8e,worker_3,worker_3,DISK_LOAD,14.293394,0.111667,"Disk -> RAM [Model: 750b7e46, Layer: 6c7eb52d]"
322029.193147,4000,750b7e46-61b8-4000-a7ed-4a335dc14d8e,worker_3,worker_3,MEM_MOVE,14.293394,0.111667,"RAM -> VRAM [Model: 750b7e46, Layer: 6c7eb52d]"
322029.243147,4000,750b7e46-61b8-4000-a7ed-4a335dc14d8e,worker_3,worker_3,GPU_COMPUTE,0.050000,0.050000,GPU Compute
322029.401147,4000,750b7e46-61b8-4000-a7ed-4a335dc14d8e,worker_3,coordinator_0,NET_TRANSFER,0.000100,0.158000,Signal Finished
322579.091477,4000,750b7e46-61b8-4000-a7ed-4a335dc14d8e,coordinator_0,worker_4,NET_TRANSFER,6.869254,549.690330,Distribute Layer ID: f4a4a061
322579.145143,4000,750b7e46-61b8-4000-a7ed-4a335dc14d8e,worker_4,worker_4,DISK_LOAD,6.869254,0.053666,"Disk -> RAM [Model: 750b7e46, Layer: f4a4a061]"
322579.198809,4000,750b7e46-61b8-4000-a7ed-4a335dc14d8e,worker_4,worker_4,MEM_MOVE,6.869254,0.053666,"RAM -> VRAM [Model: 750b7e46, Layer: f4a4a061]"
322579.248809,4000,750b7e46-61b8-4000-a7ed-4a335dc14d8e,worker_4,worker_4,GPU_COMPUTE,0.050000,0.050000,GPU Compute
322579.406809,4000,750b7e46-61b8-4000-a7ed-4a335dc14d8e,worker_4,coordinator_0,NET_TRANSFER,0.000100,0.158000,Signal Finished
323224.574991,4000,750b7e46-61b8-4000-a7ed-4a335dc14d8e,coordinator_0,worker_1,NET_TRANSFER,8.062727,645.168182,Distribute Layer ID: fdc0eb84
323224.637981,4000,750b7e46-61b8-4000-a7ed-4a335dc14d8e,worker_1,worker_1,DISK_LOAD,8.062727,0.062990,"Disk -> RAM [Model: 750b7e46, Layer: fdc0eb84]"
323224.700971,4000,750b7e46-61b8-4000-a7ed-4a335dc14d8e,worker_1,worker_1,MEM_MOVE,8.062727,0.062990,"RAM -> VRAM [Model: 750b7e46, Layer: fdc0eb84]"
323224.750971,4000,750b7e46-61b8-4000-a7ed-4a335dc14d8e,worker_1,worker_1,GPU_COMPUTE,0.050000,0.050000,GPU Compute
323224.908971,4000,750b7e46-61b8-4000-a7ed-4a335dc14d8e,worker_1,coordinator_0,NET_TRANSFER,0.000100,0.158000,Signal Finished
324356.798244,4000,750b7e46-61b8-4000-a7ed-4a335dc14d8e,coordinator_0,worker_2,NET_TRANSFER,14.146741,1131.889273,Distribute Layer ID: 503af51c
324356.908765,4000,750b7e46-61b8-4000-a7ed-4a335dc14d8e,worker_2,worker_2,DISK_LOAD,14.146741,0.110521,"Disk -> RAM [Model: 750b7e46, Layer: 503af51c]"
324357.019287,4000,750b7e46-61b8-4000-a7ed-4a335dc14d8e,worker_2,worker_2,MEM_MOVE,14.146741,0.110521,"RAM -> VRAM [Model: 750b7e46, Layer: 503af51c]"
324357.069287,4000,750b7e46-61b8-4000-a7ed-4a335dc14d8e,worker_2,worker_2,GPU_COMPUTE,0.050000,0.050000,GPU Compute
324357.227287,4000,750b7e46-61b8-4000-a7ed-4a335dc14d8e,worker_2,coordinator_0,NET_TRANSFER,0.000100,0.158000,Signal Finished
325119.999944,4000,750b7e46-61b8-4000-a7ed-4a335dc14d8e,coordinator_0,worker_3,NET_TRANSFER,9.532783,762.772657,Distribute Layer ID: fc26a2cc
325120.074418,4000,750b7e46-61b8-4000-a7ed-4a335dc14d8e,worker_3,worker_3,DISK_LOAD,9.532783,0.074475,"Disk -> RAM [Model: 750b7e46, Layer: fc26a2cc]"
325120.148893,4000,750b7e46-61b8-4000-a7ed-4a335dc14d8e,worker_3,worker_3,MEM_MOVE,9.532783,0.074475,"RAM -> VRAM [Model: 750b7e46, Layer: fc26a2cc]"
325120.198893,4000,750b7e46-61b8-4000-a7ed-4a335dc14d8e,worker_3,worker_3,GPU_COMPUTE,0.050000,0.050000,GPU Compute
325120.356893,4000,750b7e46-61b8-4000-a7ed-4a335dc14d8e,worker_3,coordinator_0,NET_TRANSFER,0.000100,0.158000,Signal Finished
325816.721703,4000,750b7e46-61b8-4000-a7ed-4a335dc14d8e,coordinator_0,worker_4,NET_TRANSFER,8.702685,696.364810,Distribute Layer ID: 48bf8684
325816.789693,4000,750b7e46-61b8-4000-a7ed-4a335dc14d8e,worker_4,worker_4,DISK_LOAD,8.702685,0.067990,"Disk -> RAM [Model: 750b7e46, Layer: 48bf8684]"
325816.857683,4000,750b7e46-61b8-4000-a7ed-4a335dc14d8e,worker_4,worker_4,MEM_MOVE,8.702685,0.067990,"RAM -> VRAM [Model: 750b7e46, Layer: 48bf8684]"
325816.907683,4000,750b7e46-61b8-4000-a7ed-4a335dc14d8e,worker_4,worker_4,GPU_COMPUTE,0.050000,0.050000,GPU Compute
325817.065683,4000,750b7e46-61b8-4000-a7ed-4a335dc14d8e,worker_4,coordinator_0,NET_TRANSFER,0.000100,0.158000,Signal Finished
326716.648225,4000,750b7e46-61b8-4000-a7ed-4a335dc14d8e,coordinator_0,worker_1,NET_TRANSFER,11.242907,899.582542,Distribute Layer ID: c7ef0c09
326716.736060,4000,750b7e46-61b8-4000-a7ed-4a335dc14d8e,worker_1,worker_1,DISK_LOAD,11.242907,0.087835,"Disk -> RAM [Model: 750b7e46, Layer: c7ef0c09]"
326716.823895,4000,750b7e46-61b8-4000-a7ed-4a335dc14d8e,worker_1,worker_1,MEM_MOVE,11.242907,0.087835,"RAM -> VRAM [Model: 750b7e46, Layer: c7ef0c09]"
326716.873895,4000,750b7e46-61b8-4000-a7ed-4a335dc14d8e,worker_1,worker_1,GPU_COMPUTE,0.050000,0.050000,GPU Compute
326717.031895,4000,750b7e46-61b8-4000-a7ed-4a335dc14d8e,worker_1,coordinator_0,NET_TRANSFER,0.000100,0.158000,Signal Finished
327182.805657,4000,750b7e46-61b8-4000-a7ed-4a335dc14d8e,coordinator_0,worker_2,NET_TRANSFER,5.820297,465.773762,Distribute Layer ID: 313fae86
327182.851128,4000,750b7e46-61b8-4000-a7ed-4a335dc14d8e,worker_2,worker_2,DISK_LOAD,5.820297,0.045471,"Disk -> RAM [Model: 750b7e46, Layer: 313fae86]"
327182.896599,4000,750b7e46-61b8-4000-a7ed-4a335dc14d8e,worker_2,worker_2,MEM_MOVE,5.820297,0.045471,"RAM -> VRAM [Model: 750b7e46, Layer: 313fae86]"
327182.946599,4000,750b7e46-61b8-4000-a7ed-4a335dc14d8e,worker_2,worker_2,GPU_COMPUTE,0.050000,0.050000,GPU Compute
327183.104599,4000,750b7e46-61b8-4000-a7ed-4a335dc14d8e,worker_2,coordinator_0,NET_TRANSFER,0.000100,0.158000,Signal Finished
327697.229774,4000,750b7e46-61b8-4000-a7ed-4a335dc14d8e,coordinator_0,worker_3,NET_TRANSFER,6.424690,514.125175,Distribute Layer ID: b217d66e
327697.279967,4000,750b7e46-61b8-4000-a7ed-4a335dc14d8e,worker_3,worker_3,DISK_LOAD,6.424690,0.050193,"Disk -> RAM [Model: 750b7e46, Layer: b217d66e]"
327697.330160,4000,750b7e46-61b8-4000-a7ed-4a335dc14d8e,worker_3,worker_3,MEM_MOVE,6.424690,0.050193,"RAM -> VRAM [Model: 750b7e46, Layer: b217d66e]"
327697.380160,4000,750b7e46-61b8-4000-a7ed-4a335dc14d8e,worker_3,worker_3,GPU_COMPUTE,0.050000,0.050000,GPU Compute
327697.538160,4000,750b7e46-61b8-4000-a7ed-4a335dc14d8e,worker_3,coordinator_0,NET_TRANSFER,0.000100,0.158000,Signal Finished
328233.867286,4000,750b7e46-61b8-4000-a7ed-4a335dc14d8e,coordinator_0,worker_4,NET_TRANSFER,6.702239,536.329127,Distribute Layer ID: 745d59ad
328233.919647,4000,750b7e46-61b8-4000-a7ed-4a335dc14d8e,worker_4,worker_4,DISK_LOAD,6.702239,0.052361,"Disk -> RAM [Model: 750b7e46, Layer: 745d59ad]"
328233.972009,4000,750b7e46-61b8-4000-a7ed-4a335dc14d8e,worker_4,worker_4,MEM_MOVE,6.702239,0.052361,"RAM -> VRAM [Model: 750b7e46, Layer: 745d59ad]"
328234.022009,4000,750b7e46-61b8-4000-a7ed-4a335dc14d8e,worker_4,worker_4,GPU_COMPUTE,0.050000,0.050000,GPU Compute
328234.180009,4000,750b7e46-61b8-4000-a7ed-4a335dc14d8e,worker_4,coordinator_0,NET_TRANSFER,0.000100,0.158000,Signal Finished
328838.476852,4000,750b7e46-61b8-4000-a7ed-4a335dc14d8e,coordinator_0,worker_1,NET_TRANSFER,7.551836,604.296843,Distribute Layer ID: 99af646f
328838.535851,4000,750b7e46-61b8-4000-a7ed-4a335dc14d8e,worker_1,worker_1,DISK_LOAD,7.551836,0.058999,"Disk -> RAM [Model: 750b7e46, Layer: 99af646f]"
328838.594849,4000,750b7e46-61b8-4000-a7ed-4a335dc14d8e,worker_1,worker_1,MEM_MOVE,7.551836,0.058999,"RAM -> VRAM [Model: 750b7e46, Layer: 99af646f]"
328838.644849,4000,750b7e46-61b8-4000-a7ed-4a335dc14d8e,worker_1,worker_1,GPU_COMPUTE,0.050000,0.050000,GPU Compute
328838.802849,4000,750b7e46-61b8-4000-a7ed-4a335dc14d8e,worker_1,coordinator_0,NET_TRANSFER,0.000100,0.158000,Signal Finished
329463.315111,4000,750b7e46-61b8-4000-a7ed-4a335dc14d8e,coordinator_0,worker_2,NET_TRANSFER,7.804528,624.512262,Distribute Layer ID: 8785976b
329463.376084,4000,750b7e46-61b8-4000-a7ed-4a335dc14d8e,worker_2,worker_2,DISK_LOAD,7.804528,0.060973,"Disk -> RAM [Model: 750b7e46, Layer: 8785976b]"
329463.437057,4000,750b7e46-61b8-4000-a7ed-4a335dc14d8e,worker_2,worker_2,MEM_MOVE,7.804528,0.060973,"RAM -> VRAM [Model: 750b7e46, Layer: 8785976b]"
329463.487057,4000,750b7e46-61b8-4000-a7ed-4a335dc14d8e,worker_2,worker_2,GPU_COMPUTE,0.050000,0.050000,GPU Compute
329463.645057,4000,750b7e46-61b8-4000-a7ed-4a335dc14d8e,worker_2,coordinator_0,NET_TRANSFER,0.000100,0.158000,Signal Finished
330231.563413,4000,750b7e46-61b8-4000-a7ed-4a335dc14d8e,coordinator_0,worker_3,NET_TRANSFER,9.597104,767.918356,Distribute Layer ID: 055f34f2
330231.638391,4000,750b7e46-61b8-4000-a7ed-4a335dc14d8e,worker_3,worker_3,DISK_LOAD,9.597104,0.074977,"Disk -> RAM [Model: 750b7e46, Layer: 055f34f2]"
330231.713368,4000,750b7e46-61b8-4000-a7ed-4a335dc14d8e,worker_3,worker_3,MEM_MOVE,9.597104,0.074977,"RAM -> VRAM [Model: 750b7e46, Layer: 055f34f2]"
330231.763368,4000,750b7e46-61b8-4000-a7ed-4a335dc14d8e,worker_3,worker_3,GPU_COMPUTE,0.050000,0.050000,GPU Compute
330231.921368,4000,750b7e46-61b8-4000-a7ed-4a335dc14d8e,worker_3,coordinator_0,NET_TRANSFER,0.000100,0.158000,Signal Finished
331251.266602,4000,750b7e46-61b8-4000-a7ed-4a335dc14d8e,coordinator_0,worker_4,NET_TRANSFER,12.739940,1019.345234,Distribute Layer ID: f86f7e3e
331251.366133,4000,750b7e46-61b8-4000-a7ed-4a335dc14d8e,worker_4,worker_4,DISK_LOAD,12.739940,0.099531,"Disk -> RAM [Model: 750b7e46, Layer: f86f7e3e]"
331251.465663,4000,750b7e46-61b8-4000-a7ed-4a335dc14d8e,worker_4,worker_4,MEM_MOVE,12.739940,0.099531,"RAM -> VRAM [Model: 750b7e46, Layer: f86f7e3e]"
331251.515663,4000,750b7e46-61b8-4000-a7ed-4a335dc14d8e,worker_4,worker_4,GPU_COMPUTE,0.050000,0.050000,GPU Compute
331251.673663,4000,750b7e46-61b8-4000-a7ed-4a335dc14d8e,worker_4,coordinator_0,NET_TRANSFER,0.000100,0.158000,Signal Finished
331953.957263,4000,750b7e46-61b8-4000-a7ed-4a335dc14d8e,coordinator_0,worker_1,NET_TRANSFER,8.776670,702.283600,Distribute Layer ID: 5d50764c
331954.025831,4000,750b7e46-61b8-4000-a7ed-4a335dc14d8e,worker_1,worker_1,DISK_LOAD,8.776670,0.068568,"Disk -> RAM [Model: 750b7e46, Layer: 5d50764c]"
331954.094399,4000,750b7e46-61b8-4000-a7ed-4a335dc14d8e,worker_1,worker_1,MEM_MOVE,8.776670,0.068568,"RAM -> VRAM [Model: 750b7e46, Layer: 5d50764c]"
331954.144399,4000,750b7e46-61b8-4000-a7ed-4a335dc14d8e,worker_1,worker_1,GPU_COMPUTE,0.050000,0.050000,GPU Compute
331954.302399,4000,750b7e46-61b8-4000-a7ed-4a335dc14d8e,worker_1,coordinator_0,NET_TRANSFER,0.000100,0.158000,Signal Finished
332617.464101,4000,750b7e46-61b8-4000-a7ed-4a335dc14d8e,coordinator_0,worker_2,NET_TRANSFER,8.287646,663.161702,Distribute Layer ID: b70db892
332617.528849,4000,750b7e46-61b8-4000-a7ed-4a335dc14d8e,worker_2,worker_2,DISK_LOAD,8.287646,0.064747,"Disk -> RAM [Model: 750b7e46, Layer: b70db892]"
332617.593596,4000,750b7e46-61b8-4000-a7ed-4a335dc14d8e,worker_2,worker_2,MEM_MOVE,8.287646,0.064747,"RAM -> VRAM [Model: 750b7e46, Layer: b70db892]"
332617.643596,4000,750b7e46-61b8-4000-a7ed-4a335dc14d8e,worker_2,worker_2,GPU_COMPUTE,0.050000,0.050000,GPU Compute
332617.801596,4000,750b7e46-61b8-4000-a7ed-4a335dc14d8e,worker_2,coordinator_0,NET_TRANSFER,0.000100,0.158000,Signal Finished
333320.137009,4000,750b7e46-61b8-4000-a7ed-4a335dc14d8e,coordinator_0,worker_3,NET_TRANSFER,8.777318,702.335413,Distribute Layer ID: b0bd3eb2
333320.205582,4000,750b7e46-61b8-4000-a7ed-4a335dc14d8e,worker_3,worker_3,DISK_LOAD,8.777318,0.068573,"Disk -> RAM [Model: 750b7e46, Layer: b0bd3eb2]"
333320.274155,4000,750b7e46-61b8-4000-a7ed-4a335dc14d8e,worker_3,worker_3,MEM_MOVE,8.777318,0.068573,"RAM -> VRAM [Model: 750b7e46, Layer: b0bd3eb2]"
333320.324155,4000,750b7e46-61b8-4000-a7ed-4a335dc14d8e,worker_3,worker_3,GPU_COMPUTE,0.050000,0.050000,GPU Compute
333320.482155,4000,750b7e46-61b8-4000-a7ed-4a335dc14d8e,worker_3,coordinator_0,NET_TRANSFER,0.000100,0.158000,Signal Finished
334413.888913,4000,750b7e46-61b8-4000-a7ed-4a335dc14d8e,coordinator_0,worker_4,NET_TRANSFER,13.665709,1093.406758,Distribute Layer ID: 12049d34
334413.995676,4000,750b7e46-61b8-4000-a7ed-4a335dc14d8e,worker_4,worker_4,DISK_LOAD,13.665709,0.106763,"Disk -> RAM [Model: 750b7e46, Layer: 12049d34]"
334414.102439,4000,750b7e46-61b8-4000-a7ed-4a335dc14d8e,worker_4,worker_4,MEM_MOVE,13.665709,0.106763,"RAM -> VRAM [Model: 750b7e46, Layer: 12049d34]"
334414.152439,4000,750b7e46-61b8-4000-a7ed-4a335dc14d8e,worker_4,worker_4,GPU_COMPUTE,0.050000,0.050000,GPU Compute
334414.310439,4000,750b7e46-61b8-4000-a7ed-4a335dc14d8e,worker_4,coordinator_0,NET_TRANSFER,0.000100,0.158000,Signal Finished
335487.329009,4000,750b7e46-61b8-4000-a7ed-4a335dc14d8e,coordinator_0,worker_1,NET_TRANSFER,13.410857,1073.018570,Distribute Layer ID: 4c3522a9
335487.433781,4000,750b7e46-61b8-4000-a7ed-4a335dc14d8e,worker_1,worker_1,DISK_LOAD,13.410857,0.104772,"Disk -> RAM [Model: 750b7e46, Layer: 4c3522a9]"
335487.538554,4000,750b7e46-61b8-4000-a7ed-4a335dc14d8e,worker_1,worker_1,MEM_MOVE,13.410857,0.104772,"RAM -> VRAM [Model: 750b7e46, Layer: 4c3522a9]"
335487.588554,4000,750b7e46-61b8-4000-a7ed-4a335dc14d8e,worker_1,worker_1,GPU_COMPUTE,0.050000,0.050000,GPU Compute
335487.746554,4000,750b7e46-61b8-4000-a7ed-4a335dc14d8e,worker_1,coordinator_0,NET_TRANSFER,0.000100,0.158000,Signal Finished
336376.775936,4000,750b7e46-61b8-4000-a7ed-4a335dc14d8e,coordinator_0,worker_2,NET_TRANSFER,11.110992,889.029383,Distribute Layer ID: 31a0fb61
336376.862741,4000,750b7e46-61b8-4000-a7ed-4a335dc14d8e,worker_2,worker_2,DISK_LOAD,11.110992,0.086805,"Disk -> RAM [Model: 750b7e46, Layer: 31a0fb61]"
336376.949546,4000,750b7e46-61b8-4000-a7ed-4a335dc14d8e,worker_2,worker_2,MEM_MOVE,11.110992,0.086805,"RAM -> VRAM [Model: 750b7e46, Layer: 31a0fb61]"
336376.999546,4000,750b7e46-61b8-4000-a7ed-4a335dc14d8e,worker_2,worker_2,GPU_COMPUTE,0.050000,0.050000,GPU Compute
336377.157546,4000,750b7e46-61b8-4000-a7ed-4a335dc14d8e,worker_2,coordinator_0,NET_TRANSFER,0.000100,0.158000,Signal Finished
337203.434181,4000,750b7e46-61b8-4000-a7ed-4a335dc14d8e,coordinator_0,worker_3,NET_TRANSFER,10.326583,826.276636,Distribute Layer ID: 3aed3849
337203.514858,4000,750b7e46-61b8-4000-a7ed-4a335dc14d8e,worker_3,worker_3,DISK_LOAD,10.326583,0.080676,"Disk -> RAM [Model: 750b7e46, Layer: 3aed3849]"
337203.595534,4000,750b7e46-61b8-4000-a7ed-4a335dc14d8e,worker_3,worker_3,MEM_MOVE,10.326583,0.080676,"RAM -> VRAM [Model: 750b7e46, Layer: 3aed3849]"
337203.645534,4000,750b7e46-61b8-4000-a7ed-4a335dc14d8e,worker_3,worker_3,GPU_COMPUTE,0.050000,0.050000,GPU Compute
337203.803534,4000,750b7e46-61b8-4000-a7ed-4a335dc14d8e,worker_3,coordinator_0,NET_TRANSFER,0.000100,0.158000,Signal Finished
337690.591252,4000,750b7e46-61b8-4000-a7ed-4a335dc14d8e,coordinator_0,worker_4,NET_TRANSFER,6.082971,486.787718,Distribute Layer ID: a2ae4d77
337690.638775,4000,750b7e46-61b8-4000-a7ed-4a335dc14d8e,worker_4,worker_4,DISK_LOAD,6.082971,0.047523,"Disk -> RAM [Model: 750b7e46, Layer: a2ae4d77]"
337690.686299,4000,750b7e46-61b8-4000-a7ed-4a335dc14d8e,worker_4,worker_4,MEM_MOVE,6.082971,0.047523,"RAM -> VRAM [Model: 750b7e46, Layer: a2ae4d77]"
337690.736299,4000,750b7e46-61b8-4000-a7ed-4a335dc14d8e,worker_4,worker_4,GPU_COMPUTE,0.050000,0.050000,GPU Compute
337690.894299,4000,750b7e46-61b8-4000-a7ed-4a335dc14d8e,worker_4,coordinator_0,NET_TRANSFER,0.000100,0.158000,Signal Finished
338766.496040,4000,750b7e46-61b8-4000-a7ed-4a335dc14d8e,coordinator_0,worker_1,NET_TRANSFER,13.443147,1075.601742,Distribute Layer ID: b48b371b
338766.601065,4000,750b7e46-61b8-4000-a7ed-4a335dc14d8e,worker_1,worker_1,DISK_LOAD,13.443147,0.105025,"Disk -> RAM [Model: 750b7e46, Layer: b48b371b]"
338766.706090,4000,750b7e46-61b8-4000-a7ed-4a335dc14d8e,worker_1,worker_1,MEM_MOVE,13.443147,0.105025,"RAM -> VRAM [Model: 750b7e46, Layer: b48b371b]"
338766.756090,4000,750b7e46-61b8-4000-a7ed-4a335dc14d8e,worker_1,worker_1,GPU_COMPUTE,0.050000,0.050000,GPU Compute
338766.914090,4000,750b7e46-61b8-4000-a7ed-4a335dc14d8e,worker_1,coordinator_0,NET_TRANSFER,0.000100,0.158000,Signal Finished
339562.537763,4000,750b7e46-61b8-4000-a7ed-4a335dc14d8e,coordinator_0,worker_2,NET_TRANSFER,9.943421,795.623673,Distribute Layer ID: 988de820
339562.615446,4000,750b7e46-61b8-4000-a7ed-4a335dc14d8e,worker_2,worker_2,DISK_LOAD,9.943421,0.077683,"Disk -> RAM [Model: 750b7e46, Layer: 988de820]"
339562.693129,4000,750b7e46-61b8-4000-a7ed-4a335dc14d8e,worker_2,worker_2,MEM_MOVE,9.943421,0.077683,"RAM -> VRAM [Model: 750b7e46, Layer: 988de820]"
339562.743129,4000,750b7e46-61b8-4000-a7ed-4a335dc14d8e,worker_2,worker_2,GPU_COMPUTE,0.050000,0.050000,GPU Compute
339562.901129,4000,750b7e46-61b8-4000-a7ed-4a335dc14d8e,worker_2,coordinator_0,NET_TRANSFER,0.000100,0.158000,Signal Finished
340250.331568,4000,750b7e46-61b8-4000-a7ed-4a335dc14d8e,coordinator_0,worker_3,NET_TRANSFER,8.591005,687.430439,Distribute Layer ID: c86e7034
340250.398685,4000,750b7e46-61b8-4000-a7ed-4a335dc14d8e,worker_3,worker_3,DISK_LOAD,8.591005,0.067117,"Disk -> RAM [Model: 750b7e46, Layer: c86e7034]"
340250.465802,4000,750b7e46-61b8-4000-a7ed-4a335dc14d8e,worker_3,worker_3,MEM_MOVE,8.591005,0.067117,"RAM -> VRAM [Model: 750b7e46, Layer: c86e7034]"
340250.515802,4000,750b7e46-61b8-4000-a7ed-4a335dc14d8e,worker_3,worker_3,GPU_COMPUTE,0.050000,0.050000,GPU Compute
340250.673802,4000,750b7e46-61b8-4000-a7ed-4a335dc14d8e,worker_3,coordinator_0,NET_TRANSFER,0.000100,0.158000,Signal Finished
340803.401016,4000,750b7e46-61b8-4000-a7ed-4a335dc14d8e,coordinator_0,worker_4,NET_TRANSFER,6.907215,552.727213,Distribute Layer ID: a7234f31
340803.454978,4000,750b7e46-61b8-4000-a7ed-4a335dc14d8e,worker_4,worker_4,DISK_LOAD,6.907215,0.053963,"Disk -> RAM [Model: 750b7e46, Layer: a7234f31]"
340803.508941,4000,750b7e46-61b8-4000-a7ed-4a335dc14d8e,worker_4,worker_4,MEM_MOVE,6.907215,0.053963,"RAM -> VRAM [Model: 750b7e46, Layer: a7234f31]"
340803.558941,4000,750b7e46-61b8-4000-a7ed-4a335dc14d8e,worker_4,worker_4,GPU_COMPUTE,0.050000,0.050000,GPU Compute
340803.716941,4000,750b7e46-61b8-4000-a7ed-4a335dc14d8e,worker_4,coordinator_0,NET_TRANSFER,0.000100,0.158000,Signal Finished
341713.038477,4000,750b7e46-61b8-4000-a7ed-4a335dc14d8e,coordinator_0,worker_1,NET_TRANSFER,11.364644,909.321536,Distribute Layer ID: 465b64fa
341713.127263,4000,750b7e46-61b8-4000-a7ed-4a335dc14d8e,worker_1,worker_1,DISK_LOAD,11.364644,0.088786,"Disk -> RAM [Model: 750b7e46, Layer: 465b64fa]"
341713.216049,4000,750b7e46-61b8-4000-a7ed-4a335dc14d8e,worker_1,worker_1,MEM_MOVE,11.364644,0.088786,"RAM -> VRAM [Model: 750b7e46, Layer: 465b64fa]"
341713.266049,4000,750b7e46-61b8-4000-a7ed-4a335dc14d8e,worker_1,worker_1,GPU_COMPUTE,0.050000,0.050000,GPU Compute
341713.424049,4000,750b7e46-61b8-4000-a7ed-4a335dc14d8e,worker_1,coordinator_0,NET_TRANSFER,0.000100,0.158000,Signal Finished
342881.696568,4000,750b7e46-61b8-4000-a7ed-4a335dc14d8e,coordinator_0,worker_2,NET_TRANSFER,14.601531,1168.272519,Distribute Layer ID: 7210f66f
342881.810642,4000,750b7e46-61b8-4000-a7ed-4a335dc14d8e,worker_2,worker_2,DISK_LOAD,14.601531,0.114074,"Disk -> RAM [Model: 750b7e46, Layer: 7210f66f]"
342881.924717,4000,750b7e46-61b8-4000-a7ed-4a335dc14d8e,worker_2,worker_2,MEM_MOVE,14.601531,0.114074,"RAM -> VRAM [Model: 750b7e46, Layer: 7210f66f]"
342881.974717,4000,750b7e46-61b8-4000-a7ed-4a335dc14d8e,worker_2,worker_2,GPU_COMPUTE,0.050000,0.050000,GPU Compute
342882.132717,4000,750b7e46-61b8-4000-a7ed-4a335dc14d8e,worker_2,coordinator_0,NET_TRANSFER,0.000100,0.158000,Signal Finished
343619.099670,4000,750b7e46-61b8-4000-a7ed-4a335dc14d8e,coordinator_0,worker_3,NET_TRANSFER,9.210212,736.966953,Distribute Layer ID: 76c2d5f1
343619.171625,4000,750b7e46-61b8-4000-a7ed-4a335dc14d8e,worker_3,worker_3,DISK_LOAD,9.210212,0.071955,"Disk -> RAM [Model: 750b7e46, Layer: 76c2d5f1]"
343619.243579,4000,750b7e46-61b8-4000-a7ed-4a335dc14d8e,worker_3,worker_3,MEM_MOVE,9.210212,0.071955,"RAM -> VRAM [Model: 750b7e46, Layer: 76c2d5f1]"
343619.293579,4000,750b7e46-61b8-4000-a7ed-4a335dc14d8e,worker_3,worker_3,GPU_COMPUTE,0.050000,0.050000,GPU Compute
343619.451579,4000,750b7e46-61b8-4000-a7ed-4a335dc14d8e,worker_3,coordinator_0,NET_TRANSFER,0.000100,0.158000,Signal Finished
344732.783570,4000,750b7e46-61b8-4000-a7ed-4a335dc14d8e,coordinator_0,worker_4,NET_TRANSFER,13.914775,1113.331991,Distribute Layer ID: 4d36b411
344732.892279,4000,750b7e46-61b8-4000-a7ed-4a335dc14d8e,worker_4,worker_4,DISK_LOAD,13.914775,0.108709,"Disk -> RAM [Model: 750b7e46, Layer: 4d36b411]"
344733.000989,4000,750b7e46-61b8-4000-a7ed-4a335dc14d8e,worker_4,worker_4,MEM_MOVE,13.914775,0.108709,"RAM -> VRAM [Model: 750b7e46, Layer: 4d36b411]"
344733.050989,4000,750b7e46-61b8-4000-a7ed-4a335dc14d8e,worker_4,worker_4,GPU_COMPUTE,0.050000,0.050000,GPU Compute
344733.208989,4000,750b7e46-61b8-4000-a7ed-4a335dc14d8e,worker_4,coordinator_0,NET_TRANSFER,0.000100,0.158000,Signal Finished
345592.847313,4000,750b7e46-61b8-4000-a7ed-4a335dc14d8e,coordinator_0,worker_1,NET_TRANSFER,10.743604,859.638324,Distribute Layer ID: eda21072
345592.931247,4000,750b7e46-61b8-4000-a7ed-4a335dc14d8e,worker_1,worker_1,DISK_LOAD,10.743604,0.083934,"Disk -> RAM [Model: 750b7e46, Layer: eda21072]"
345593.015182,4000,750b7e46-61b8-4000-a7ed-4a335dc14d8e,worker_1,worker_1,MEM_MOVE,10.743604,0.083934,"RAM -> VRAM [Model: 750b7e46, Layer: eda21072]"
345593.065182,4000,750b7e46-61b8-4000-a7ed-4a335dc14d8e,worker_1,worker_1,GPU_COMPUTE,0.050000,0.050000,GPU Compute
345593.223182,4000,750b7e46-61b8-4000-a7ed-4a335dc14d8e,worker_1,coordinator_0,NET_TRANSFER,0.000100,0.158000,Signal Finished
346242.824167,4000,750b7e46-61b8-4000-a7ed-4a335dc14d8e,coordinator_0,worker_2,NET_TRANSFER,8.118137,649.600985,Distribute Layer ID: c28abfe8
346242.887590,4000,750b7e46-61b8-4000-a7ed-4a335dc14d8e,worker_2,worker_2,DISK_LOAD,8.118137,0.063423,"Disk -> RAM [Model: 750b7e46, Layer: c28abfe8]"
346242.951013,4000,750b7e46-61b8-4000-a7ed-4a335dc14d8e,worker_2,worker_2,MEM_MOVE,8.118137,0.063423,"RAM -> VRAM [Model: 750b7e46, Layer: c28abfe8]"
346243.001013,4000,750b7e46-61b8-4000-a7ed-4a335dc14d8e,worker_2,worker_2,GPU_COMPUTE,0.050000,0.050000,GPU Compute
346243.159013,4000,750b7e46-61b8-4000-a7ed-4a335dc14d8e,worker_2,coordinator_0,NET_TRANSFER,0.000100,0.158000,Signal Finished
347418.399280,3000,efe1fad9-6017-4c8f-a55c-6bc7cb5cd028,coordinator_0,worker_4,NET_TRANSFER,14.688628,1175.240267,Distribute Layer ID: 0764959d
347418.514035,3000,efe1fad9-6017-4c8f-a55c-6bc7cb5cd028,worker_4,worker_4,DISK_LOAD,14.688628,0.114755,"Disk -> RAM [Model: efe1fad9, Layer: 0764959d]"
347418.628790,3000,efe1fad9-6017-4c8f-a55c-6bc7cb5cd028,worker_4,worker_4,MEM_MOVE,14.688628,0.114755,"RAM -> VRAM [Model: efe1fad9, Layer: 0764959d]"
347418.678790,3000,efe1fad9-6017-4c8f-a55c-6bc7cb5cd028,worker_4,worker_4,GPU_COMPUTE,0.050000,0.050000,GPU Compute
347418.836790,3000,efe1fad9-6017-4c8f-a55c-6bc7cb5cd028,worker_4,coordinator_0,NET_TRANSFER,0.000100,0.158000,Signal Finished
347928.170916,3000,efe1fad9-6017-4c8f-a55c-6bc7cb5cd028,coordinator_0,worker_1,NET_TRANSFER,6.364802,509.334126,Distribute Layer ID: 5eb0f4c9
347928.220641,3000,efe1fad9-6017-4c8f-a55c-6bc7cb5cd028,worker_1,worker_1,DISK_LOAD,6.364802,0.049725,"Disk -> RAM [Model: efe1fad9, Layer: 5eb0f4c9]"
347928.270366,3000,efe1fad9-6017-4c8f-a55c-6bc7cb5cd028,worker_1,worker_1,MEM_MOVE,6.364802,0.049725,"RAM -> VRAM [Model: efe1fad9, Layer: 5eb0f4c9]"
347928.320366,3000,efe1fad9-6017-4c8f-a55c-6bc7cb5cd028,worker_1,worker_1,GPU_COMPUTE,0.050000,0.050000,GPU Compute
347928.478366,3000,efe1fad9-6017-4c8f-a55c-6bc7cb5cd028,worker_1,coordinator_0,NET_TRANSFER,0.000100,0.158000,Signal Finished
349005.978633,3000,efe1fad9-6017-4c8f-a55c-6bc7cb5cd028,coordinator_0,worker_2,NET_TRANSFER,13.466878,1077.500267,Distribute Layer ID: dcc2f5de
349006.083843,3000,efe1fad9-6017-4c8f-a55c-6bc7cb5cd028,worker_2,worker_2,DISK_LOAD,13.466878,0.105210,"Disk -> RAM [Model: efe1fad9, Layer: dcc2f5de]"
349006.189053,3000,efe1fad9-6017-4c8f-a55c-6bc7cb5cd028,worker_2,worker_2,MEM_MOVE,13.466878,0.105210,"RAM -> VRAM [Model: efe1fad9, Layer: dcc2f5de]"
349006.239053,3000,efe1fad9-6017-4c8f-a55c-6bc7cb5cd028,worker_2,worker_2,GPU_COMPUTE,0.050000,0.050000,GPU Compute
349006.397053,3000,efe1fad9-6017-4c8f-a55c-6bc7cb5cd028,worker_2,coordinator_0,NET_TRANSFER,0.000100,0.158000,Signal Finished
349636.739531,3000,efe1fad9-6017-4c8f-a55c-6bc7cb5cd028,coordinator_0,worker_3,NET_TRANSFER,7.877406,630.342478,Distribute Layer ID: be52604e
349636.801073,3000,efe1fad9-6017-4c8f-a55c-6bc7cb5cd028,worker_3,worker_3,DISK_LOAD,7.877406,0.061542,"Disk -> RAM [Model: efe1fad9, Layer: be52604e]"
349636.862615,3000,efe1fad9-6017-4c8f-a55c-6bc7cb5cd028,worker_3,worker_3,MEM_MOVE,7.877406,0.061542,"RAM -> VRAM [Model: efe1fad9, Layer: be52604e]"
349636.912615,3000,efe1fad9-6017-4c8f-a55c-6bc7cb5cd028,worker_3,worker_3,GPU_COMPUTE,0.050000,0.050000,GPU Compute
349637.070615,3000,efe1fad9-6017-4c8f-a55c-6bc7cb5cd028,worker_3,coordinator_0,NET_TRANSFER,0.000100,0.158000,Signal Finished
350612.606135,3000,efe1fad9-6017-4c8f-a55c-6bc7cb5cd028,coordinator_0,worker_4,NET_TRANSFER,12.192319,975.535520,Distribute Layer ID: fa53c627
350612.701387,3000,efe1fad9-6017-4c8f-a55c-6bc7cb5cd028,worker_4,worker_4,DISK_LOAD,12.192319,0.095252,"Disk -> RAM [Model: efe1fad9, Layer: fa53c627]"
350612.796640,3000,efe1fad9-6017-4c8f-a55c-6bc7cb5cd028,worker_4,worker_4,MEM_MOVE,12.192319,0.095252,"RAM -> VRAM [Model: efe1fad9, Layer: fa53c627]"
350612.846640,3000,efe1fad9-6017-4c8f-a55c-6bc7cb5cd028,worker_4,worker_4,GPU_COMPUTE,0.050000,0.050000,GPU Compute
350613.004640,3000,efe1fad9-6017-4c8f-a55c-6bc7cb5cd028,worker_4,coordinator_0,NET_TRANSFER,0.000100,0.158000,Signal Finished
351494.803954,3000,efe1fad9-6017-4c8f-a55c-6bc7cb5cd028,coordinator_0,worker_1,NET_TRANSFER,11.020616,881.799314,Distribute Layer ID: a17c0127
351494.890053,3000,efe1fad9-6017-4c8f-a55c-6bc7cb5cd028,worker_1,worker_1,DISK_LOAD,11.020616,0.086099,"Disk -> RAM [Model: efe1fad9, Layer: a17c0127]"
351494.976151,3000,efe1fad9-6017-4c8f-a55c-6bc7cb5cd028,worker_1,worker_1,MEM_MOVE,11.020616,0.086099,"RAM -> VRAM [Model: efe1fad9, Layer: a17c0127]"
351495.026151,3000,efe1fad9-6017-4c8f-a55c-6bc7cb5cd028,worker_1,worker_1,GPU_COMPUTE,0.050000,0.050000,GPU Compute
351495.184151,3000,efe1fad9-6017-4c8f-a55c-6bc7cb5cd028,worker_1,coordinator_0,NET_TRANSFER,0.000100,0.158000,Signal Finished
352677.932597,3000,efe1fad9-6017-4c8f-a55c-6bc7cb5cd028,coordinator_0,worker_2,NET_TRANSFER,14.782481,1182.748446,Distribute Layer ID: f8da78c7
352678.048085,3000,efe1fad9-6017-4c8f-a55c-6bc7cb5cd028,worker_2,worker_2,DISK_LOAD,14.782481,0.115488,"Disk -> RAM [Model: efe1fad9, Layer: f8da78c7]"
352678.163574,3000,efe1fad9-6017-4c8f-a55c-6bc7cb5cd028,worker_2,worker_2,MEM_MOVE,14.782481,0.115488,"RAM -> VRAM [Model: efe1fad9, Layer: f8da78c7]"
352678.213574,3000,efe1fad9-6017-4c8f-a55c-6bc7cb5cd028,worker_2,worker_2,GPU_COMPUTE,0.050000,0.050000,GPU Compute
352678.371574,3000,efe1fad9-6017-4c8f-a55c-6bc7cb5cd028,worker_2,coordinator_0,NET_TRANSFER,0.000100,0.158000,Signal Finished
353425.899559,3000,efe1fad9-6017-4c8f-a55c-6bc7cb5cd028,coordinator_0,worker_3,NET_TRANSFER,9.342225,747.527985,Distribute Layer ID: 606a61e6
353425.972545,3000,efe1fad9-6017-4c8f-a55c-6bc7cb5cd028,worker_3,worker_3,DISK_LOAD,9.342225,0.072986,"Disk -> RAM [Model: efe1fad9, Layer: 606a61e6]"
353426.045531,3000,efe1fad9-6017-4c8f-a55c-6bc7cb5cd028,worker_3,worker_3,MEM_MOVE,9.342225,0.072986,"RAM -> VRAM [Model: efe1fad9, Layer: 606a61e6]"
353426.095531,3000,efe1fad9-6017-4c8f-a55c-6bc7cb5cd028,worker_3,worker_3,GPU_COMPUTE,0.050000,0.050000,GPU Compute
353426.253531,3000,efe1fad9-6017-4c8f-a55c-6bc7cb5cd028,worker_3,coordinator_0,NET_TRANSFER,0.000100,0.158000,Signal Finished
354168.049739,3000,efe1fad9-6017-4c8f-a55c-6bc7cb5cd028,coordinator_0,worker_4,NET_TRANSFER,9.270578,741.796208,Distribute Layer ID: 8c620a5c
354168.122166,3000,efe1fad9-6017-4c8f-a55c-6bc7cb5cd028,worker_4,worker_4,DISK_LOAD,9.270578,0.072426,"Disk -> RAM [Model: efe1fad9, Layer: 8c620a5c]"
354168.194592,3000,efe1fad9-6017-4c8f-a55c-6bc7cb5cd028,worker_4,worker_4,MEM_MOVE,9.270578,0.072426,"RAM -> VRAM [Model: efe1fad9, Layer: 8c620a5c]"
354168.244592,3000,efe1fad9-6017-4c8f-a55c-6bc7cb5cd028,worker_4,worker_4,GPU_COMPUTE,0.050000,0.050000,GPU Compute
354168.402592,3000,efe1fad9-6017-4c8f-a55c-6bc7cb5cd028,worker_4,coordinator_0,NET_TRANSFER,0.000100,0.158000,Signal Finished
354709.009696,3000,efe1fad9-6017-4c8f-a55c-6bc7cb5cd028,coordinator_0,worker_1,NET_TRANSFER,6.755714,540.607104,Distribute Layer ID: 33263d43
354709.062475,3000,efe1fad9-6017-4c8f-a55c-6bc7cb5cd028,worker_1,worker_1,DISK_LOAD,6.755714,0.052779,"Disk -> RAM [Model: efe1fad9, Layer: 33263d43]"
354709.115254,3000,efe1fad9-6017-4c8f-a55c-6bc7cb5cd028,worker_1,worker_1,MEM_MOVE,6.755714,0.052779,"RAM -> VRAM [Model: efe1fad9, Layer: 33263d43]"
354709.165254,3000,efe1fad9-6017-4c8f-a55c-6bc7cb5cd028,worker_1,worker_1,GPU_COMPUTE,0.050000,0.050000,GPU Compute
354709.323254,3000,efe1fad9-6017-4c8f-a55c-6bc7cb5cd028,worker_1,coordinator_0,NET_TRANSFER,0.000100,0.158000,Signal Finished
355167.268622,3000,efe1fad9-6017-4c8f-a55c-6bc7cb5cd028,coordinator_0,worker_2,NET_TRANSFER,5.722442,457.945367,Distribute Layer ID: 67aa6e2b
355167.313328,3000,efe1fad9-6017-4c8f-a55c-6bc7cb5cd028,worker_2,worker_2,DISK_LOAD,5.722442,0.044707,"Disk -> RAM [Model: efe1fad9, Layer: 67aa6e2b]"
355167.358035,3000,efe1fad9-6017-4c8f-a55c-6bc7cb5cd028,worker_2,worker_2,MEM_MOVE,5.722442,0.044707,"RAM -> VRAM [Model: efe1fad9, Layer: 67aa6e2b]"
355167.408035,3000,efe1fad9-6017-4c8f-a55c-6bc7cb5cd028,worker_2,worker_2,GPU_COMPUTE,0.050000,0.050000,GPU Compute
355167.566035,3000,efe1fad9-6017-4c8f-a55c-6bc7cb5cd028,worker_2,coordinator_0,NET_TRANSFER,0.000100,0.158000,Signal Finished
355989.063658,3000,efe1fad9-6017-4c8f-a55c-6bc7cb5cd028,coordinator_0,worker_3,NET_TRANSFER,10.266845,821.497623,Distribute Layer ID: 511ed25e
355989.143868,3000,efe1fad9-6017-4c8f-a55c-6bc7cb5cd028,worker_3,worker_3,DISK_LOAD,10.266845,0.080210,"Disk -> RAM [Model: efe1fad9, Layer: 511ed25e]"
355989.224078,3000,efe1fad9-6017-4c8f-a55c-6bc7cb5cd028,worker_3,worker_3,MEM_MOVE,10.266845,0.080210,"RAM -> VRAM [Model: efe1fad9, Layer: 511ed25e]"
355989.274078,3000,efe1fad9-6017-4c8f-a55c-6bc7cb5cd028,worker_3,worker_3,GPU_COMPUTE,0.050000,0.050000,GPU Compute
355989.432078,3000,efe1fad9-6017-4c8f-a55c-6bc7cb5cd028,worker_3,coordinator_0,NET_TRANSFER,0.000100,0.158000,Signal Finished
356698.714196,3000,efe1fad9-6017-4c8f-a55c-6bc7cb5cd028,coordinator_0,worker_4,NET_TRANSFER,8.864151,709.282118,Distribute Layer ID: 77b9f662
356698.783447,3000,efe1fad9-6017-4c8f-a55c-6bc7cb5cd028,worker_4,worker_4,DISK_LOAD,8.864151,0.069251,"Disk -> RAM [Model: efe1fad9, Layer: 77b9f662]"
356698.852698,3000,efe1fad9-6017-4c8f-a55c-6bc7cb5cd028,worker_4,worker_4,MEM_MOVE,8.864151,0.069251,"RAM -> VRAM [Model: efe1fad9, Layer: 77b9f662]"
356698.902698,3000,efe1fad9-6017-4c8f-a55c-6bc7cb5cd028,worker_4,worker_4,GPU_COMPUTE,0.050000,0.050000,GPU Compute
356699.060698,3000,efe1fad9-6017-4c8f-a55c-6bc7cb5cd028,worker_4,coordinator_0,NET_TRANSFER,0.000100,0.158000,Signal Finished
357296.990471,3000,efe1fad9-6017-4c8f-a55c-6bc7cb5cd028,coordinator_0,worker_1,NET_TRANSFER,7.472247,597.929773,Distribute Layer ID: 7788a330
357297.048848,3000,efe1fad9-6017-4c8f-a55c-6bc7cb5cd028,worker_1,worker_1,DISK_LOAD,7.472247,0.058377,"Disk -> RAM [Model: efe1fad9, Layer: 7788a330]"
357297.107225,3000,efe1fad9-6017-4c8f-a55c-6bc7cb5cd028,worker_1,worker_1,MEM_MOVE,7.472247,0.058377,"RAM -> VRAM [Model: efe1fad9, Layer: 7788a330]"
357297.157225,3000,efe1fad9-6017-4c8f-a55c-6bc7cb5cd028,worker_1,worker_1,GPU_COMPUTE,0.050000,0.050000,GPU Compute
357297.315225,3000,efe1fad9-6017-4c8f-a55c-6bc7cb5cd028,worker_1,coordinator_0,NET_TRANSFER,0.000100,0.158000,Signal Finished
357751.022281,3000,efe1fad9-6017-4c8f-a55c-6bc7cb5cd028,coordinator_0,worker_2,NET_TRANSFER,5.669463,453.707056,Distribute Layer ID: c6bdfa31
357751.066574,3000,efe1fad9-6017-4c8f-a55c-6bc7cb5cd028,worker_2,worker_2,DISK_LOAD,5.669463,0.044293,"Disk -> RAM [Model: efe1fad9, Layer: c6bdfa31]"
357751.110866,3000,efe1fad9-6017-4c8f-a55c-6bc7cb5cd028,worker_2,worker_2,MEM_MOVE,5.669463,0.044293,"RAM -> VRAM [Model: efe1fad9, Layer: c6bdfa31]"
357751.160866,3000,efe1fad9-6017-4c8f-a55c-6bc7cb5cd028,worker_2,worker_2,GPU_COMPUTE,0.050000,0.050000,GPU Compute
357751.318866,3000,efe1fad9-6017-4c8f-a55c-6bc7cb5cd028,worker_2,coordinator_0,NET_TRANSFER,0.000100,0.158000,Signal Finished
358346.463386,3000,efe1fad9-6017-4c8f-a55c-6bc7cb5cd028,coordinator_0,worker_3,NET_TRANSFER,7.437431,595.144520,Distribute Layer ID: d5886892
358346.521491,3000,efe1fad9-6017-4c8f-a55c-6bc7cb5cd028,worker_3,worker_3,DISK_LOAD,7.437431,0.058105,"Disk -> RAM [Model: efe1fad9, Layer: d5886892]"
358346.579596,3000,efe1fad9-6017-4c8f-a55c-6bc7cb5cd028,worker_3,worker_3,MEM_MOVE,7.437431,0.058105,"RAM -> VRAM [Model: efe1fad9, Layer: d5886892]"
358346.629596,3000,efe1fad9-6017-4c8f-a55c-6bc7cb5cd028,worker_3,worker_3,GPU_COMPUTE,0.050000,0.050000,GPU Compute
358346.787596,3000,efe1fad9-6017-4c8f-a55c-6bc7cb5cd028,worker_3,coordinator_0,NET_TRANSFER,0.000100,0.158000,Signal Finished
359364.738158,3000,efe1fad9-6017-4c8f-a55c-6bc7cb5cd028,coordinator_0,worker_4,NET_TRANSFER,12.722507,1017.950562,Distribute Layer ID: 6a5b50ad
359364.837552,3000,efe1fad9-6017-4c8f-a55c-6bc7cb5cd028,worker_4,worker_4,DISK_LOAD,12.722507,0.099395,"Disk -> RAM [Model: efe1fad9, Layer: 6a5b50ad]"
359364.936947,3000,efe1fad9-6017-4c8f-a55c-6bc7cb5cd028,worker_4,worker_4,MEM_MOVE,12.722507,0.099395,"RAM -> VRAM [Model: efe1fad9, Layer: 6a5b50ad]"
359364.986947,3000,efe1fad9-6017-4c8f-a55c-6bc7cb5cd028,worker_4,worker_4,GPU_COMPUTE,0.050000,0.050000,GPU Compute
359365.144947,3000,efe1fad9-6017-4c8f-a55c-6bc7cb5cd028,worker_4,coordinator_0,NET_TRANSFER,0.000100,0.158000,Signal Finished
360252.528078,3000,efe1fad9-6017-4c8f-a55c-6bc7cb5cd028,coordinator_0,worker_1,NET_TRANSFER,11.090414,887.383131,Distribute Layer ID: a03eab0a
360252.614722,3000,efe1fad9-6017-4c8f-a55c-6bc7cb5cd028,worker_1,worker_1,DISK_LOAD,11.090414,0.086644,"Disk -> RAM [Model: efe1fad9, Layer: a03eab0a]"
360252.701366,3000,efe1fad9-6017-4c8f-a55c-6bc7cb5cd028,worker_1,worker_1,MEM_MOVE,11.090414,0.086644,"RAM -> VRAM [Model: efe1fad9, Layer: a03eab0a]"
360252.751366,3000,efe1fad9-6017-4c8f-a55c-6bc7cb5cd028,worker_1,worker_1,GPU_COMPUTE,0.050000,0.050000,GPU Compute
360252.909366,3000,efe1fad9-6017-4c8f-a55c-6bc7cb5cd028,worker_1,coordinator_0,NET_TRANSFER,0.000100,0.158000,Signal Finished
361465.363414,3000,efe1fad9-6017-4c8f-a55c-6bc7cb5cd028,coordinator_0,worker_2,NET_TRANSFER,15.153801,1212.454048,Distribute Layer ID: 5f3b4c67
361465.481803,3000,efe1fad9-6017-4c8f-a55c-6bc7cb5cd028,worker_2,worker_2,DISK_LOAD,15.153801,0.118389,"Disk -> RAM [Model: efe1fad9, Layer: 5f3b4c67]"
361465.600192,3000,efe1fad9-6017-4c8f-a55c-6bc7cb5cd028,worker_2,worker_2,MEM_MOVE,15.153801,0.118389,"RAM -> VRAM [Model: efe1fad9, Layer: 5f3b4c67]"
361465.650192,3000,efe1fad9-6017-4c8f-a55c-6bc7cb5cd028,worker_2,worker_2,GPU_COMPUTE,0.050000,0.050000,GPU Compute
361465.808192,3000,efe1fad9-6017-4c8f-a55c-6bc7cb5cd028,worker_2,coordinator_0,NET_TRANSFER,0.000100,0.158000,Signal Finished
361953.300332,3000,efe1fad9-6017-4c8f-a55c-6bc7cb5cd028,coordinator_0,worker_3,NET_TRANSFER,6.091777,487.492140,Distribute Layer ID: 380c3aff
361953.347924,3000,efe1fad9-6017-4c8f-a55c-6bc7cb5cd028,worker_3,worker_3,DISK_LOAD,6.091777,0.047592,"Disk -> RAM [Model: efe1fad9, Layer: 380c3aff]"
361953.395516,3000,efe1fad9-6017-4c8f-a55c-6bc7cb5cd028,worker_3,worker_3,MEM_MOVE,6.091777,0.047592,"RAM -> VRAM [Model: efe1fad9, Layer: 380c3aff]"
361953.445516,3000,efe1fad9-6017-4c8f-a55c-6bc7cb5cd028,worker_3,worker_3,GPU_COMPUTE,0.050000,0.050000,GPU Compute
361953.603516,3000,efe1fad9-6017-4c8f-a55c-6bc7cb5cd028,worker_3,coordinator_0,NET_TRANSFER,0.000100,0.158000,Signal Finished
362592.233818,3000,efe1fad9-6017-4c8f-a55c-6bc7cb5cd028,coordinator_0,worker_4,NET_TRANSFER,7.981004,638.630302,Distribute Layer ID: 355e7a00
362592.296170,3000,efe1fad9-6017-4c8f-a55c-6bc7cb5cd028,worker_4,worker_4,DISK_LOAD,7.981004,0.062352,"Disk -> RAM [Model: efe1fad9, Layer: 355e7a00]"
362592.358522,3000,efe1fad9-6017-4c8f-a55c-6bc7cb5cd028,worker_4,worker_4,MEM_MOVE,7.981004,0.062352,"RAM -> VRAM [Model: efe1fad9, Layer: 355e7a00]"
362592.408522,3000,efe1fad9-6017-4c8f-a55c-6bc7cb5cd028,worker_4,worker_4,GPU_COMPUTE,0.050000,0.050000,GPU Compute
362592.566522,3000,efe1fad9-6017-4c8f-a55c-6bc7cb5cd028,worker_4,coordinator_0,NET_TRANSFER,0.000100,0.158000,Signal Finished
363177.567691,3000,efe1fad9-6017-4c8f-a55c-6bc7cb5cd028,coordinator_0,worker_1,NET_TRANSFER,7.310640,585.001170,Distribute Layer ID: a098ff65
363177.624806,3000,efe1fad9-6017-4c8f-a55c-6bc7cb5cd028,worker_1,worker_1,DISK_LOAD,7.310640,0.057114,"Disk -> RAM [Model: efe1fad9, Layer: a098ff65]"
363177.681920,3000,efe1fad9-6017-4c8f-a55c-6bc7cb5cd028,worker_1,worker_1,MEM_MOVE,7.310640,0.057114,"RAM -> VRAM [Model: efe1fad9, Layer: a098ff65]"
363177.731920,3000,efe1fad9-6017-4c8f-a55c-6bc7cb5cd028,worker_1,worker_1,GPU_COMPUTE,0.050000,0.050000,GPU Compute
363177.889920,3000,efe1fad9-6017-4c8f-a55c-6bc7cb5cd028,worker_1,coordinator_0,NET_TRANSFER,0.000100,0.158000,Signal Finished
364081.360458,3000,efe1fad9-6017-4c8f-a55c-6bc7cb5cd028,coordinator_0,worker_2,NET_TRANSFER,11.291507,903.470538,Distribute Layer ID: 3e23dc8d
364081.448673,3000,efe1fad9-6017-4c8f-a55c-6bc7cb5cd028,worker_2,worker_2,DISK_LOAD,11.291507,0.088215,"Disk -> RAM [Model: efe1fad9, Layer: 3e23dc8d]"
364081.536888,3000,efe1fad9-6017-4c8f-a55c-6bc7cb5cd028,worker_2,worker_2,MEM_MOVE,11.291507,0.088215,"RAM -> VRAM [Model: efe1fad9, Layer: 3e23dc8d]"
364081.586888,3000,efe1fad9-6017-4c8f-a55c-6bc7cb5cd028,worker_2,worker_2,GPU_COMPUTE,0.050000,0.050000,GPU Compute
364081.744888,3000,efe1fad9-6017-4c8f-a55c-6bc7cb5cd028,worker_2,coordinator_0,NET_TRANSFER,0.000100,0.158000,Signal Finished
364950.348810,3000,efe1fad9-6017-4c8f-a55c-6bc7cb5cd028,coordinator_0,worker_3,NET_TRANSFER,10.855674,868.603923,Distribute Layer ID: c059884b
364950.433620,3000,efe1fad9-6017-4c8f-a55c-6bc7cb5cd028,worker_3,worker_3,DISK_LOAD,10.855674,0.084810,"Disk -> RAM [Model: efe1fad9, Layer: c059884b]"
364950.518430,3000,efe1fad9-6017-4c8f-a55c-6bc7cb5cd028,worker_3,worker_3,MEM_MOVE,10.855674,0.084810,"RAM -> VRAM [Model: efe1fad9, Layer: c059884b]"
364950.568430,3000,efe1fad9-6017-4c8f-a55c-6bc7cb5cd028,worker_3,worker_3,GPU_COMPUTE,0.050000,0.050000,GPU Compute
364950.726430,3000,efe1fad9-6017-4c8f-a55c-6bc7cb5cd028,worker_3,coordinator_0,NET_TRANSFER,0.000100,0.158000,Signal Finished
365577.613541,3000,efe1fad9-6017-4c8f-a55c-6bc7cb5cd028,coordinator_0,worker_4,NET_TRANSFER,7.834214,626.887110,Distribute Layer ID: b6520e83
365577.674746,3000,efe1fad9-6017-4c8f-a55c-6bc7cb5cd028,worker_4,worker_4,DISK_LOAD,7.834214,0.061205,"Disk -> RAM [Model: efe1fad9, Layer: b6520e83]"
365577.735950,3000,efe1fad9-6017-4c8f-a55c-6bc7cb5cd028,worker_4,worker_4,MEM_MOVE,7.834214,0.061205,"RAM -> VRAM [Model: efe1fad9, Layer: b6520e83]"
365577.785950,3000,efe1fad9-6017-4c8f-a55c-6bc7cb5cd028,worker_4,worker_4,GPU_COMPUTE,0.050000,0.050000,GPU Compute
365577.943950,3000,efe1fad9-6017-4c8f-a55c-6bc7cb5cd028,worker_4,coordinator_0,NET_TRANSFER,0.000100,0.158000,Signal Finished
366093.554827,3000,efe1fad9-6017-4c8f-a55c-6bc7cb5cd028,coordinator_0,worker_1,NET_TRANSFER,6.443261,515.610877,Distribute Layer ID: a9fcad13
366093.605165,3000,efe1fad9-6017-4c8f-a55c-6bc7cb5cd028,worker_1,worker_1,DISK_LOAD,6.443261,0.050338,"Disk -> RAM [Model: efe1fad9, Layer: a9fcad13]"
366093.655503,3000,efe1fad9-6017-4c8f-a55c-6bc7cb5cd028,worker_1,worker_1,MEM_MOVE,6.443261,0.050338,"RAM -> VRAM [Model: efe1fad9, Layer: a9fcad13]"
366093.705503,3000,efe1fad9-6017-4c8f-a55c-6bc7cb5cd028,worker_1,worker_1,GPU_COMPUTE,0.050000,0.050000,GPU Compute
366093.863503,3000,efe1fad9-6017-4c8f-a55c-6bc7cb5cd028,worker_1,coordinator_0,NET_TRANSFER,0.000100,0.158000,Signal Finished
366953.552096,3000,efe1fad9-6017-4c8f-a55c-6bc7cb5cd028,coordinator_0,worker_2,NET_TRANSFER,10.744232,859.688592,Distribute Layer ID: 236fa9f7
366953.636035,3000,efe1fad9-6017-4c8f-a55c-6bc7cb5cd028,worker_2,worker_2,DISK_LOAD,10.744232,0.083939,"Disk -> RAM [Model: efe1fad9, Layer: 236fa9f7]"
366953.719974,3000,efe1fad9-6017-4c8f-a55c-6bc7cb5cd028,worker_2,worker_2,MEM_MOVE,10.744232,0.083939,"RAM -> VRAM [Model: efe1fad9, Layer: 236fa9f7]"
366953.769974,3000,efe1fad9-6017-4c8f-a55c-6bc7cb5cd028,worker_2,worker_2,GPU_COMPUTE,0.050000,0.050000,GPU Compute
366953.927974,3000,efe1fad9-6017-4c8f-a55c-6bc7cb5cd028,worker_2,coordinator_0,NET_TRANSFER,0.000100,0.158000,Signal Finished
367463.944471,3000,efe1fad9-6017-4c8f-a55c-6bc7cb5cd028,coordinator_0,worker_3,NET_TRANSFER,6.373331,510.016496,Distribute Layer ID: ae366e4f
367463.994262,3000,efe1fad9-6017-4c8f-a55c-6bc7cb5cd028,worker_3,worker_3,DISK_LOAD,6.373331,0.049792,"Disk -> RAM [Model: efe1fad9, Layer: ae366e4f]"
367464.044054,3000,efe1fad9-6017-4c8f-a55c-6bc7cb5cd028,worker_3,worker_3,MEM_MOVE,6.373331,0.049792,"RAM -> VRAM [Model: efe1fad9, Layer: ae366e4f]"
367464.094054,3000,efe1fad9-6017-4c8f-a55c-6bc7cb5cd028,worker_3,worker_3,GPU_COMPUTE,0.050000,0.050000,GPU Compute
367464.252054,3000,efe1fad9-6017-4c8f-a55c-6bc7cb5cd028,worker_3,coordinator_0,NET_TRANSFER,0.000100,0.158000,Signal Finished
368018.770628,3000,efe1fad9-6017-4c8f-a55c-6bc7cb5cd028,coordinator_0,worker_4,NET_TRANSFER,6.929607,554.518574,Distribute Layer ID: 98c3db57
368018.824765,3000,efe1fad9-6017-4c8f-a55c-6bc7cb5cd028,worker_4,worker_4,DISK_LOAD,6.929607,0.054138,"Disk -> RAM [Model: efe1fad9, Layer: 98c3db57]"
368018.878903,3000,efe1fad9-6017-4c8f-a55c-6bc7cb5cd028,worker_4,worker_4,MEM_MOVE,6.929607,0.054138,"RAM -> VRAM [Model: efe1fad9, Layer: 98c3db57]"
368018.928903,3000,efe1fad9-6017-4c8f-a55c-6bc7cb5cd028,worker_4,worker_4,GPU_COMPUTE,0.050000,0.050000,GPU Compute
368019.086903,3000,efe1fad9-6017-4c8f-a55c-6bc7cb5cd028,worker_4,coordinator_0,NET_TRANSFER,0.000100,0.158000,Signal Finished
369001.166175,3000,efe1fad9-6017-4c8f-a55c-6bc7cb5cd028,coordinator_0,worker_1,NET_TRANSFER,12.274116,982.079272,Distribute Layer ID: da51246c
369001.262067,3000,efe1fad9-6017-4c8f-a55c-6bc7cb5cd028,worker_1,worker_1,DISK_LOAD,12.274116,0.095892,"Disk -> RAM [Model: efe1fad9, Layer: da51246c]"
369001.357958,3000,efe1fad9-6017-4c8f-a55c-6bc7cb5cd028,worker_1,worker_1,MEM_MOVE,12.274116,0.095892,"RAM -> VRAM [Model: efe1fad9, Layer: da51246c]"
369001.407958,3000,efe1fad9-6017-4c8f-a55c-6bc7cb5cd028,worker_1,worker_1,GPU_COMPUTE,0.050000,0.050000,GPU Compute
369001.565958,3000,efe1fad9-6017-4c8f-a55c-6bc7cb5cd028,worker_1,coordinator_0,NET_TRANSFER,0.000100,0.158000,Signal Finished
369399.156620,3000,efe1fad9-6017-4c8f-a55c-6bc7cb5cd028,coordinator_0,worker_2,NET_TRANSFER,4.968008,397.590661,Distribute Layer ID: d6627dd5
369399.195432,3000,efe1fad9-6017-4c8f-a55c-6bc7cb5cd028,worker_2,worker_2,DISK_LOAD,4.968008,0.038813,"Disk -> RAM [Model: efe1fad9, Layer: d6627dd5]"
369399.234245,3000,efe1fad9-6017-4c8f-a55c-6bc7cb5cd028,worker_2,worker_2,MEM_MOVE,4.968008,0.038813,"RAM -> VRAM [Model: efe1fad9, Layer: d6627dd5]"
369399.284245,3000,efe1fad9-6017-4c8f-a55c-6bc7cb5cd028,worker_2,worker_2,GPU_COMPUTE,0.050000,0.050000,GPU Compute
369399.442245,3000,efe1fad9-6017-4c8f-a55c-6bc7cb5cd028,worker_2,coordinator_0,NET_TRANSFER,0.000100,0.158000,Signal Finished
370421.141364,3000,efe1fad9-6017-4c8f-a55c-6bc7cb5cd028,coordinator_0,worker_3,NET_TRANSFER,12.769364,1021.699119,Distribute Layer ID: e35443e5
370421.241124,3000,efe1fad9-6017-4c8f-a55c-6bc7cb5cd028,worker_3,worker_3,DISK_LOAD,12.769364,0.099761,"Disk -> RAM [Model: efe1fad9, Layer: e35443e5]"
370421.340885,3000,efe1fad9-6017-4c8f-a55c-6bc7cb5cd028,worker_3,worker_3,MEM_MOVE,12.769364,0.099761,"RAM -> VRAM [Model: efe1fad9, Layer: e35443e5]"
370421.390885,3000,efe1fad9-6017-4c8f-a55c-6bc7cb5cd028,worker_3,worker_3,GPU_COMPUTE,0.050000,0.050000,GPU Compute
370421.548885,3000,efe1fad9-6017-4c8f-a55c-6bc7cb5cd028,worker_3,coordinator_0,NET_TRANSFER,0.000100,0.158000,Signal Finished
371156.543714,3000,efe1fad9-6017-4c8f-a55c-6bc7cb5cd028,coordinator_0,worker_4,NET_TRANSFER,9.185560,734.994829,Distribute Layer ID: 6ef4e2af
371156.615476,3000,efe1fad9-6017-4c8f-a55c-6bc7cb5cd028,worker_4,worker_4,DISK_LOAD,9.185560,0.071762,"Disk -> RAM [Model: efe1fad9, Layer: 6ef4e2af]"
371156.687238,3000,efe1fad9-6017-4c8f-a55c-6bc7cb5cd028,worker_4,worker_4,MEM_MOVE,9.185560,0.071762,"RAM -> VRAM [Model: efe1fad9, Layer: 6ef4e2af]"
371156.737238,3000,efe1fad9-6017-4c8f-a55c-6bc7cb5cd028,worker_4,worker_4,GPU_COMPUTE,0.050000,0.050000,GPU Compute
371156.895238,3000,efe1fad9-6017-4c8f-a55c-6bc7cb5cd028,worker_4,coordinator_0,NET_TRANSFER,0.000100,0.158000,Signal Finished
372203.238517,3000,efe1fad9-6017-4c8f-a55c-6bc7cb5cd028,coordinator_0,worker_1,NET_TRANSFER,13.077416,1046.343279,Distribute Layer ID: 5b06a107
372203.340684,3000,efe1fad9-6017-4c8f-a55c-6bc7cb5cd028,worker_1,worker_1,DISK_LOAD,13.077416,0.102167,"Disk -> RAM [Model: efe1fad9, Layer: 5b06a107]"
372203.442851,3000,efe1fad9-6017-4c8f-a55c-6bc7cb5cd028,worker_1,worker_1,MEM_MOVE,13.077416,0.102167,"RAM -> VRAM [Model: efe1fad9, Layer: 5b06a107]"
372203.492851,3000,efe1fad9-6017-4c8f-a55c-6bc7cb5cd028,worker_1,worker_1,GPU_COMPUTE,0.050000,0.050000,GPU Compute
372203.650851,3000,efe1fad9-6017-4c8f-a55c-6bc7cb5cd028,worker_1,coordinator_0,NET_TRANSFER,0.000100,0.158000,Signal Finished
373126.542901,3000,efe1fad9-6017-4c8f-a55c-6bc7cb5cd028,coordinator_0,worker_2,NET_TRANSFER,11.534276,922.892049,Distribute Layer ID: 65f9b8b6
373126.633012,3000,efe1fad9-6017-4c8f-a55c-6bc7cb5cd028,worker_2,worker_2,DISK_LOAD,11.534276,0.090112,"Disk -> RAM [Model: efe1fad9, Layer: 65f9b8b6]"
373126.723124,3000,efe1fad9-6017-4c8f-a55c-6bc7cb5cd028,worker_2,worker_2,MEM_MOVE,11.534276,0.090112,"RAM -> VRAM [Model: efe1fad9, Layer: 65f9b8b6]"
373126.773124,3000,efe1fad9-6017-4c8f-a55c-6bc7cb5cd028,worker_2,worker_2,GPU_COMPUTE,0.050000,0.050000,GPU Compute
373126.931124,3000,efe1fad9-6017-4c8f-a55c-6bc7cb5cd028,worker_2,coordinator_0,NET_TRANSFER,0.000100,0.158000,Signal Finished
374204.964927,3000,efe1fad9-6017-4c8f-a55c-6bc7cb5cd028,coordinator_0,worker_3,NET_TRANSFER,13.473548,1078.033803,Distribute Layer ID: 1ab8f874
374205.070189,3000,efe1fad9-6017-4c8f-a55c-6bc7cb5cd028,worker_3,worker_3,DISK_LOAD,13.473548,0.105262,"Disk -> RAM [Model: efe1fad9, Layer: 1ab8f874]"
374205.175451,3000,efe1fad9-6017-4c8f-a55c-6bc7cb5cd028,worker_3,worker_3,MEM_MOVE,13.473548,0.105262,"RAM -> VRAM [Model: efe1fad9, Layer: 1ab8f874]"
374205.225451,3000,efe1fad9-6017-4c8f-a55c-6bc7cb5cd028,worker_3,worker_3,GPU_COMPUTE,0.050000,0.050000,GPU Compute
374205.383451,3000,efe1fad9-6017-4c8f-a55c-6bc7cb5cd028,worker_3,coordinator_0,NET_TRANSFER,0.000100,0.158000,Signal Finished
375160.435644,3000,efe1fad9-6017-4c8f-a55c-6bc7cb5cd028,coordinator_0,worker_4,NET_TRANSFER,11.936277,955.052193,Distribute Layer ID: 4378cbd2
375160.528896,3000,efe1fad9-6017-4c8f-a55c-6bc7cb5cd028,worker_4,worker_4,DISK_LOAD,11.936277,0.093252,"Disk -> RAM [Model: efe1fad9, Layer: 4378cbd2]"
375160.622149,3000,efe1fad9-6017-4c8f-a55c-6bc7cb5cd028,worker_4,worker_4,MEM_MOVE,11.936277,0.093252,"RAM -> VRAM [Model: efe1fad9, Layer: 4378cbd2]"
375160.672149,3000,efe1fad9-6017-4c8f-a55c-6bc7cb5cd028,worker_4,worker_4,GPU_COMPUTE,0.050000,0.050000,GPU Compute
375160.830149,3000,efe1fad9-6017-4c8f-a55c-6bc7cb5cd028,worker_4,coordinator_0,NET_TRANSFER,0.000100,0.158000,Signal Finished
375607.316041,3000,efe1fad9-6017-4c8f-a55c-6bc7cb5cd028,coordinator_0,worker_1,NET_TRANSFER,5.579199,446.485893,Distribute Layer ID: 0786802a
375607.359629,3000,efe1fad9-6017-4c8f-a55c-6bc7cb5cd028,worker_1,worker_1,DISK_LOAD,5.579199,0.043587,"Disk -> RAM [Model: efe1fad9, Layer: 0786802a]"
375607.403216,3000,efe1fad9-6017-4c8f-a55c-6bc7cb5cd028,worker_1,worker_1,MEM_MOVE,5.579199,0.043587,"RAM -> VRAM [Model: efe1fad9, Layer: 0786802a]"
375607.453216,3000,efe1fad9-6017-4c8f-a55c-6bc7cb5cd028,worker_1,worker_1,GPU_COMPUTE,0.050000,0.050000,GPU Compute
375607.611216,3000,efe1fad9-6017-4c8f-a55c-6bc7cb5cd028,worker_1,coordinator_0,NET_TRANSFER,0.000100,0.158000,Signal Finished
376432.443483,3000,efe1fad9-6017-4c8f-a55c-6bc7cb5cd028,coordinator_0,worker_2,NET_TRANSFER,10.308528,824.832267,Distribute Layer ID: 24984bbe
376432.524019,3000,efe1fad9-6017-4c8f-a55c-6bc7cb5cd028,worker_2,worker_2,DISK_LOAD,10.308528,0.080535,"Disk -> RAM [Model: efe1fad9, Layer: 24984bbe]"
376432.604554,3000,efe1fad9-6017-4c8f-a55c-6bc7cb5cd028,worker_2,worker_2,MEM_MOVE,10.308528,0.080535,"RAM -> VRAM [Model: efe1fad9, Layer: 24984bbe]"
376432.654554,3000,efe1fad9-6017-4c8f-a55c-6bc7cb5cd028,worker_2,worker_2,GPU_COMPUTE,0.050000,0.050000,GPU Compute
376432.812554,3000,efe1fad9-6017-4c8f-a55c-6bc7cb5cd028,worker_2,coordinator_0,NET_TRANSFER,0.000100,0.158000,Signal Finished
376995.403275,3000,efe1fad9-6017-4c8f-a55c-6bc7cb5cd028,coordinator_0,worker_3,NET_TRANSFER,7.030509,562.590720,Distribute Layer ID: 8c8ccf12
376995.458200,3000,efe1fad9-6017-4c8f-a55c-6bc7cb5cd028,worker_3,worker_3,DISK_LOAD,7.030509,0.054926,"Disk -> RAM [Model: efe1fad9, Layer: 8c8ccf12]"
376995.513126,3000,efe1fad9-6017-4c8f-a55c-6bc7cb5cd028,worker_3,worker_3,MEM_MOVE,7.030509,0.054926,"RAM -> VRAM [Model: efe1fad9, Layer: 8c8ccf12]"
376995.563126,3000,efe1fad9-6017-4c8f-a55c-6bc7cb5cd028,worker_3,worker_3,GPU_COMPUTE,0.050000,0.050000,GPU Compute
376995.721126,3000,efe1fad9-6017-4c8f-a55c-6bc7cb5cd028,worker_3,coordinator_0,NET_TRANSFER,0.000100,0.158000,Signal Finished
377671.332344,3000,efe1fad9-6017-4c8f-a55c-6bc7cb5cd028,coordinator_0,worker_4,NET_TRANSFER,8.443265,675.611218,Distribute Layer ID: 7de9e2e7
377671.398307,3000,efe1fad9-6017-4c8f-a55c-6bc7cb5cd028,worker_4,worker_4,DISK_LOAD,8.443265,0.065963,"Disk -> RAM [Model: efe1fad9, Layer: 7de9e2e7]"
377671.464270,3000,efe1fad9-6017-4c8f-a55c-6bc7cb5cd028,worker_4,worker_4,MEM_MOVE,8.443265,0.065963,"RAM -> VRAM [Model: efe1fad9, Layer: 7de9e2e7]"
377671.514270,3000,efe1fad9-6017-4c8f-a55c-6bc7cb5cd028,worker_4,worker_4,GPU_COMPUTE,0.050000,0.050000,GPU Compute
377671.672270,3000,efe1fad9-6017-4c8f-a55c-6bc7cb5cd028,worker_4,coordinator_0,NET_TRANSFER,0.000100,0.158000,Signal Finished
378110.721039,3000,efe1fad9-6017-4c8f-a55c-6bc7cb5cd028,coordinator_0,worker_1,NET_TRANSFER,5.486235,439.048769,Distribute Layer ID: eb84c4e0
378110.763900,3000,efe1fad9-6017-4c8f-a55c-6bc7cb5cd028,worker_1,worker_1,DISK_LOAD,5.486235,0.042861,"Disk -> RAM [Model: efe1fad9, Layer: eb84c4e0]"
378110.806761,3000,efe1fad9-6017-4c8f-a55c-6bc7cb5cd028,worker_1,worker_1,MEM_MOVE,5.486235,0.042861,"RAM -> VRAM [Model: efe1fad9, Layer: eb84c4e0]"
378110.856761,3000,efe1fad9-6017-4c8f-a55c-6bc7cb5cd028,worker_1,worker_1,GPU_COMPUTE,0.050000,0.050000,GPU Compute
378111.014761,3000,efe1fad9-6017-4c8f-a55c-6bc7cb5cd028,worker_1,coordinator_0,NET_TRANSFER,0.000100,0.158000,Signal Finished
378946.954117,3000,efe1fad9-6017-4c8f-a55c-6bc7cb5cd028,coordinator_0,worker_2,NET_TRANSFER,10.447367,835.939356,Distribute Layer ID: 37989c46
378947.035738,3000,efe1fad9-6017-4c8f-a55c-6bc7cb5cd028,worker_2,worker_2,DISK_LOAD,10.447367,0.081620,"Disk -> RAM [Model: efe1fad9, Layer: 37989c46]"
378947.117358,3000,efe1fad9-6017-4c8f-a55c-6bc7cb5cd028,worker_2,worker_2,MEM_MOVE,10.447367,0.081620,"RAM -> VRAM [Model: efe1fad9, Layer: 37989c46]"
378947.167358,3000,efe1fad9-6017-4c8f-a55c-6bc7cb5cd028,worker_2,worker_2,GPU_COMPUTE,0.050000,0.050000,GPU Compute
378947.325358,3000,efe1fad9-6017-4c8f-a55c-6bc7cb5cd028,worker_2,coordinator_0,NET_TRANSFER,0.000100,0.158000,Signal Finished
379541.025349,3000,efe1fad9-6017-4c8f-a55c-6bc7cb5cd028,coordinator_0,worker_3,NET_TRANSFER,7.419375,593.699991,Distribute Layer ID: 9e27bb3a
379541.083313,3000,efe1fad9-6017-4c8f-a55c-6bc7cb5cd028,worker_3,worker_3,DISK_LOAD,7.419375,0.057964,"Disk -> RAM [Model: efe1fad9, Layer: 9e27bb3a]"
379541.141276,3000,efe1fad9-6017-4c8f-a55c-6bc7cb5cd028,worker_3,worker_3,MEM_MOVE,7.419375,0.057964,"RAM -> VRAM [Model: efe1fad9, Layer: 9e27bb3a]"
379541.191276,3000,efe1fad9-6017-4c8f-a55c-6bc7cb5cd028,worker_3,worker_3,GPU_COMPUTE,0.050000,0.050000,GPU Compute
379541.349276,3000,efe1fad9-6017-4c8f-a55c-6bc7cb5cd028,worker_3,coordinator_0,NET_TRANSFER,0.000100,0.158000,Signal Finished
380406.397539,3000,efe1fad9-6017-4c8f-a55c-6bc7cb5cd028,coordinator_0,worker_4,NET_TRANSFER,10.811228,865.048262,Distribute Layer ID: d274a0f5
380406.482001,3000,efe1fad9-6017-4c8f-a55c-6bc7cb5cd028,worker_4,worker_4,DISK_LOAD,10.811228,0.084463,"Disk -> RAM [Model: efe1fad9, Layer: d274a0f5]"
380406.566464,3000,efe1fad9-6017-4c8f-a55c-6bc7cb5cd028,worker_4,worker_4,MEM_MOVE,10.811228,0.084463,"RAM -> VRAM [Model: efe1fad9, Layer: d274a0f5]"
380406.616464,3000,efe1fad9-6017-4c8f-a55c-6bc7cb5cd028,worker_4,worker_4,GPU_COMPUTE,0.050000,0.050000,GPU Compute
380406.774464,3000,efe1fad9-6017-4c8f-a55c-6bc7cb5cd028,worker_4,coordinator_0,NET_TRANSFER,0.000100,0.158000,Signal Finished
381231.825681,3000,efe1fad9-6017-4c8f-a55c-6bc7cb5cd028,coordinator_0,worker_1,NET_TRANSFER,10.311265,825.051217,Distribute Layer ID: bf59e2d5
381231.906238,3000,efe1fad9-6017-4c8f-a55c-6bc7cb5cd028,worker_1,worker_1,DISK_LOAD,10.311265,0.080557,"Disk -> RAM [Model: efe1fad9, Layer: bf59e2d5]"
381231.986794,3000,efe1fad9-6017-4c8f-a55c-6bc7cb5cd028,worker_1,worker_1,MEM_MOVE,10.311265,0.080557,"RAM -> VRAM [Model: efe1fad9, Layer: bf59e2d5]"
381232.036794,3000,efe1fad9-6017-4c8f-a55c-6bc7cb5cd028,worker_1,worker_1,GPU_COMPUTE,0.050000,0.050000,GPU Compute
381232.194794,3000,efe1fad9-6017-4c8f-a55c-6bc7cb5cd028,worker_1,coordinator_0,NET_TRANSFER,0.000100,0.158000,Signal Finished
382219.796051,3000,efe1fad9-6017-4c8f-a55c-6bc7cb5cd028,coordinator_0,worker_2,NET_TRANSFER,12.343141,987.601256,Distribute Layer ID: e7816334
382219.892482,3000,efe1fad9-6017-4c8f-a55c-6bc7cb5cd028,worker_2,worker_2,DISK_LOAD,12.343141,0.096431,"Disk -> RAM [Model: efe1fad9, Layer: e7816334]"
382219.988912,3000,efe1fad9-6017-4c8f-a55c-6bc7cb5cd028,worker_2,worker_2,MEM_MOVE,12.343141,0.096431,"RAM -> VRAM [Model: efe1fad9, Layer: e7816334]"
382220.038912,3000,efe1fad9-6017-4c8f-a55c-6bc7cb5cd028,worker_2,worker_2,GPU_COMPUTE,0.050000,0.050000,GPU Compute
382220.196912,3000,efe1fad9-6017-4c8f-a55c-6bc7cb5cd028,worker_2,coordinator_0,NET_TRANSFER,0.000100,0.158000,Signal Finished
382657.976039,3000,efe1fad9-6017-4c8f-a55c-6bc7cb5cd028,coordinator_0,worker_3,NET_TRANSFER,5.470364,437.779126,Distribute Layer ID: 1d0f78a3
382658.018776,3000,efe1fad9-6017-4c8f-a55c-6bc7cb5cd028,worker_3,worker_3,DISK_LOAD,5.470364,0.042737,"Disk -> RAM [Model: efe1fad9, Layer: 1d0f78a3]"
382658.061513,3000,efe1fad9-6017-4c8f-a55c-6bc7cb5cd028,worker_3,worker_3,MEM_MOVE,5.470364,0.042737,"RAM -> VRAM [Model: efe1fad9, Layer: 1d0f78a3]"
382658.111513,3000,efe1fad9-6017-4c8f-a55c-6bc7cb5cd028,worker_3,worker_3,GPU_COMPUTE,0.050000,0.050000,GPU Compute
382658.269513,3000,efe1fad9-6017-4c8f-a55c-6bc7cb5cd028,worker_3,coordinator_0,NET_TRANSFER,0.000100,0.158000,Signal Finished
382658.427513,3000,fbf90d55-a5a6-4d35-8c6a-6a67f586b4b7,coordinator_0,client_3,NET_TRANSFER,0.000100,0.158000,Signal: Cache Miss / Request Weights
416366.766481,3000,fbf90d55-a5a6-4d35-8c6a-6a67f586b4b7,client_3,coordinator_0,NET_TRANSFER,421.352362,33708.338968,Upload Model Weights
416366.924481,5000,9d4a632c-1da4-4855-8ee3-ca4ae32fb12e,coordinator_0,client_5,NET_TRANSFER,0.000100,0.158000,Signal: Cache Miss / Request Weights
463633.438274,5000,9d4a632c-1da4-4855-8ee3-ca4ae32fb12e,client_5,coordinator_0,NET_TRANSFER,590.829547,47266.513793,Upload Model Weights
464282.120880,3000,fbf90d55-a5a6-4d35-8c6a-6a67f586b4b7,coordinator_0,worker_4,NET_TRANSFER,8.106658,648.682606,Distribute Layer ID: 3881551b
464282.184213,3000,fbf90d55-a5a6-4d35-8c6a-6a67f586b4b7,worker_4,worker_4,DISK_LOAD,8.106658,0.063333,"Disk -> RAM [Model: fbf90d55, Layer: 3881551b]"
464282.247546,3000,fbf90d55-a5a6-4d35-8c6a-6a67f586b4b7,worker_4,worker_4,MEM_MOVE,8.106658,0.063333,"RAM -> VRAM [Model: fbf90d55, Layer: 3881551b]"
464282.297546,3000,fbf90d55-a5a6-4d35-8c6a-6a67f586b4b7,worker_4,worker_4,GPU_COMPUTE,0.050000,0.050000,GPU Compute
464282.455546,3000,fbf90d55-a5a6-4d35-8c6a-6a67f586b4b7,worker_4,coordinator_0,NET_TRANSFER,0.000100,0.158000,Signal Finished
465184.456261,3000,fbf90d55-a5a6-4d35-8c6a-6a67f586b4b7,coordinator_0,worker_1,NET_TRANSFER,11.273134,902.000715,Distribute Layer ID: b0099a5d
465184.544332,3000,fbf90d55-a5a6-4d35-8c6a-6a67f586b4b7,worker_1,worker_1,DISK_LOAD,11.273134,0.088071,"Disk -> RAM [Model: fbf90d55, Layer: b0099a5d]"
465184.632404,3000,fbf90d55-a5a6-4d35-8c6a-6a67f586b4b7,worker_1,worker_1,MEM_MOVE,11.273134,0.088071,"RAM -> VRAM [Model: fbf90d55, Layer: b0099a5d]"
465184.682404,3000,fbf90d55-a5a6-4d35-8c6a-6a67f586b4b7,worker_1,worker_1,GPU_COMPUTE,0.050000,0.050000,GPU Compute
465184.840404,3000,fbf90d55-a5a6-4d35-8c6a-6a67f586b4b7,worker_1,coordinator_0,NET_TRANSFER,0.000100,0.158000,Signal Finished
466102.920355,3000,fbf90d55-a5a6-4d35-8c6a-6a67f586b4b7,coordinator_0,worker_2,NET_TRANSFER,11.474124,918.079951,Distribute Layer ID: b01b413a
466103.001198,3000,fbf90d55-a5a6-4d35-8c6a-6a67f586b4b7,worker_2,worker_2,MEM_MOVE,10.347903,0.080843,"Evict VRAM -> RAM [Model: 2ede82b5, Layer: 3d37a099]"
466103.090839,3000,fbf90d55-a5a6-4d35-8c6a-6a67f586b4b7,worker_2,worker_2,DISK_LOAD,11.474124,0.089642,"Disk -> RAM [Model: fbf90d55, Layer: b01b413a]"
466103.180481,3000,fbf90d55-a5a6-4d35-8c6a-6a67f586b4b7,worker_2,worker_2,MEM_MOVE,11.474124,0.089642,"RAM -> VRAM [Model: fbf90d55, Layer: b01b413a]"
466103.230481,3000,fbf90d55-a5a6-4d35-8c6a-6a67f586b4b7,worker_2,worker_2,GPU_COMPUTE,0.050000,0.050000,GPU Compute
466103.388481,3000,fbf90d55-a5a6-4d35-8c6a-6a67f586b4b7,worker_2,coordinator_0,NET_TRANSFER,0.000100,0.158000,Signal Finished
466668.366821,3000,fbf90d55-a5a6-4d35-8c6a-6a67f586b4b7,coordinator_0,worker_3,NET_TRANSFER,7.060354,564.978340,Distribute Layer ID: 79fd34dd
466668.421980,3000,fbf90d55-a5a6-4d35-8c6a-6a67f586b4b7,worker_3,worker_3,DISK_LOAD,7.060354,0.055159,"Disk -> RAM [Model: fbf90d55, Layer: 79fd34dd]"
466668.477139,3000,fbf90d55-a5a6-4d35-8c6a-6a67f586b4b7,worker_3,worker_3,MEM_MOVE,7.060354,0.055159,"RAM -> VRAM [Model: fbf90d55, Layer: 79fd34dd]"
466668.527139,3000,fbf90d55-a5a6-4d35-8c6a-6a67f586b4b7,worker_3,worker_3,GPU_COMPUTE,0.050000,0.050000,GPU Compute
466668.685139,3000,fbf90d55-a5a6-4d35-8c6a-6a67f586b4b7,worker_3,coordinator_0,NET_TRANSFER,0.000100,0.158000,Signal Finished
467109.365345,3000,fbf90d55-a5a6-4d35-8c6a-6a67f586b4b7,coordinator_0,worker_4,NET_TRANSFER,5.506628,440.680206,Distribute Layer ID: 626583d2
467109.408365,3000,fbf90d55-a5a6-4d35-8c6a-6a67f586b4b7,worker_4,worker_4,DISK_LOAD,5.506628,0.043021,"Disk -> RAM [Model: fbf90d55, Layer: 626583d2]"
467109.451386,3000,fbf90d55-a5a6-4d35-8c6a-6a67f586b4b7,worker_4,worker_4,MEM_MOVE,5.506628,0.043021,"RAM -> VRAM [Model: fbf90d55, Layer: 626583d2]"
467109.501386,3000,fbf90d55-a5a6-4d35-8c6a-6a67f586b4b7,worker_4,worker_4,GPU_COMPUTE,0.050000,0.050000,GPU Compute
467109.659386,3000,fbf90d55-a5a6-4d35-8c6a-6a67f586b4b7,worker_4,coordinator_0,NET_TRANSFER,0.000100,0.158000,Signal Finished
467972.494597,3000,fbf90d55-a5a6-4d35-8c6a-6a67f586b4b7,coordinator_0,worker_1,NET_TRANSFER,10.783565,862.835212,Distribute Layer ID: 80e9b393
467972.578844,3000,fbf90d55-a5a6-4d35-8c6a-6a67f586b4b7,worker_1,worker_1,DISK_LOAD,10.783565,0.084247,"Disk -> RAM [Model: fbf90d55, Layer: 80e9b393]"
467972.663091,3000,fbf90d55-a5a6-4d35-8c6a-6a67f586b4b7,worker_1,worker_1,MEM_MOVE,10.783565,0.084247,"RAM -> VRAM [Model: fbf90d55, Layer: 80e9b393]"
467972.713091,3000,fbf90d55-a5a6-4d35-8c6a-6a67f586b4b7,worker_1,worker_1,GPU_COMPUTE,0.050000,0.050000,GPU Compute
467972.871091,3000,fbf90d55-a5a6-4d35-8c6a-6a67f586b4b7,worker_1,coordinator_0,NET_TRANSFER,0.000100,0.158000,Signal Finished
469110.238849,3000,fbf90d55-a5a6-4d35-8c6a-6a67f586b4b7,coordinator_0,worker_2,NET_TRANSFER,14.215222,1137.367758,Distribute Layer ID: 7cda2ef8
469110.319385,3000,fbf90d55-a5a6-4d35-8c6a-6a67f586b4b7,worker_2,worker_2,MEM_MOVE,10.308528,0.080535,"Evict VRAM -> RAM [Model: efe1fad9, Layer: 24984bbe]"
469110.408937,3000,fbf90d55-a5a6-4d35-8c6a-6a67f586b4b7,worker_2,worker_2,MEM_MOVE,11.462655,0.089552,"Evict VRAM -> RAM [Model: 2ede82b5, Layer: c57fe20a]"
469110.519993,3000,fbf90d55-a5a6-4d35-8c6a-6a67f586b4b7,worker_2,worker_2,DISK_LOAD,14.215222,0.111056,"Disk -> RAM [Model: fbf90d55, Layer: 7cda2ef8]"
469110.631049,3000,fbf90d55-a5a6-4d35-8c6a-6a67f586b4b7,worker_2,worker_2,MEM_MOVE,14.215222,0.111056,"RAM -> VRAM [Model: fbf90d55, Layer: 7cda2ef8]"
469110.681049,3000,fbf90d55-a5a6-4d35-8c6a-6a67f586b4b7,worker_2,worker_2,GPU_COMPUTE,0.050000,0.050000,GPU Compute
469110.839049,3000,fbf90d55-a5a6-4d35-8c6a-6a67f586b4b7,worker_2,coordinator_0,NET_TRANSFER,0.000100,0.158000,Signal Finished
470329.849723,3000,fbf90d55-a5a6-4d35-8c6a-6a67f586b4b7,coordinator_0,worker_3,NET_TRANSFER,15.235758,1219.010673,Distribute Layer ID: c0420635
470329.968752,3000,fbf90d55-a5a6-4d35-8c6a-6a67f586b4b7,worker_3,worker_3,DISK_LOAD,15.235758,0.119029,"Disk -> RAM [Model: fbf90d55, Layer: c0420635]"
470330.087782,3000,fbf90d55-a5a6-4d35-8c6a-6a67f586b4b7,worker_3,worker_3,MEM_MOVE,15.235758,0.119029,"RAM -> VRAM [Model: fbf90d55, Layer: c0420635]"
470330.137782,3000,fbf90d55-a5a6-4d35-8c6a-6a67f586b4b7,worker_3,worker_3,GPU_COMPUTE,0.050000,0.050000,GPU Compute
470330.295782,3000,fbf90d55-a5a6-4d35-8c6a-6a67f586b4b7,worker_3,coordinator_0,NET_TRANSFER,0.000100,0.158000,Signal Finished
471265.277624,3000,fbf90d55-a5a6-4d35-8c6a-6a67f586b4b7,coordinator_0,worker_4,NET_TRANSFER,11.685398,934.981842,Distribute Layer ID: 72fc36b2
471265.368916,3000,fbf90d55-a5a6-4d35-8c6a-6a67f586b4b7,worker_4,worker_4,DISK_LOAD,11.685398,0.091292,"Disk -> RAM [Model: fbf90d55, Layer: 72fc36b2]"
471265.460208,3000,fbf90d55-a5a6-4d35-8c6a-6a67f586b4b7,worker_4,worker_4,MEM_MOVE,11.685398,0.091292,"RAM -> VRAM [Model: fbf90d55, Layer: 72fc36b2]"
471265.510208,3000,fbf90d55-a5a6-4d35-8c6a-6a67f586b4b7,worker_4,worker_4,GPU_COMPUTE,0.050000,0.050000,GPU Compute
471265.668208,3000,fbf90d55-a5a6-4d35-8c6a-6a67f586b4b7,worker_4,coordinator_0,NET_TRANSFER,0.000100,0.158000,Signal Finished
472325.216703,3000,fbf90d55-a5a6-4d35-8c6a-6a67f586b4b7,coordinator_0,worker_1,NET_TRANSFER,13.242481,1059.548495,Distribute Layer ID: 3436ce96
472325.320160,3000,fbf90d55-a5a6-4d35-8c6a-6a67f586b4b7,worker_1,worker_1,DISK_LOAD,13.242481,0.103457,"Disk -> RAM [Model: fbf90d55, Layer: 3436ce96]"
472325.423617,3000,fbf90d55-a5a6-4d35-8c6a-6a67f586b4b7,worker_1,worker_1,MEM_MOVE,13.242481,0.103457,"RAM -> VRAM [Model: fbf90d55, Layer: 3436ce96]"
472325.473617,3000,fbf90d55-a5a6-4d35-8c6a-6a67f586b4b7,worker_1,worker_1,GPU_COMPUTE,0.050000,0.050000,GPU Compute
472325.631617,3000,fbf90d55-a5a6-4d35-8c6a-6a67f586b4b7,worker_1,coordinator_0,NET_TRANSFER,0.000100,0.158000,Signal Finished
472698.378425,3000,fbf90d55-a5a6-4d35-8c6a-6a67f586b4b7,coordinator_0,worker_2,NET_TRANSFER,4.657460,372.746808,Distribute Layer ID: 356f61ea
472698.414812,3000,fbf90d55-a5a6-4d35-8c6a-6a67f586b4b7,worker_2,worker_2,DISK_LOAD,4.657460,0.036386,"Disk -> RAM [Model: fbf90d55, Layer: 356f61ea]"
472698.451198,3000,fbf90d55-a5a6-4d35-8c6a-6a67f586b4b7,worker_2,worker_2,MEM_MOVE,4.657460,0.036386,"RAM -> VRAM [Model: fbf90d55, Layer: 356f61ea]"
472698.501198,3000,fbf90d55-a5a6-4d35-8c6a-6a67f586b4b7,worker_2,worker_2,GPU_COMPUTE,0.050000,0.050000,GPU Compute
472698.659198,3000,fbf90d55-a5a6-4d35-8c6a-6a67f586b4b7,worker_2,coordinator_0,NET_TRANSFER,0.000100,0.158000,Signal Finished
473272.537772,3000,fbf90d55-a5a6-4d35-8c6a-6a67f586b4b7,coordinator_0,worker_3,NET_TRANSFER,7.171607,573.878574,Distribute Layer ID: 38828b90
473272.593800,3000,fbf90d55-a5a6-4d35-8c6a-6a67f586b4b7,worker_3,worker_3,DISK_LOAD,7.171607,0.056028,"Disk -> RAM [Model: fbf90d55, Layer: 38828b90]"
473272.649829,3000,fbf90d55-a5a6-4d35-8c6a-6a67f586b4b7,worker_3,worker_3,MEM_MOVE,7.171607,0.056028,"RAM -> VRAM [Model: fbf90d55, Layer: 38828b90]"
473272.699829,3000,fbf90d55-a5a6-4d35-8c6a-6a67f586b4b7,worker_3,worker_3,GPU_COMPUTE,0.050000,0.050000,GPU Compute
473272.857829,3000,fbf90d55-a5a6-4d35-8c6a-6a67f586b4b7,worker_3,coordinator_0,NET_TRANSFER,0.000100,0.158000,Signal Finished
473972.375369,3000,fbf90d55-a5a6-4d35-8c6a-6a67f586b4b7,coordinator_0,worker_4,NET_TRANSFER,8.742094,699.517541,Distribute Layer ID: dd17bd44
473972.443667,3000,fbf90d55-a5a6-4d35-8c6a-6a67f586b4b7,worker_4,worker_4,DISK_LOAD,8.742094,0.068298,"Disk -> RAM [Model: fbf90d55, Layer: dd17bd44]"
473972.511964,3000,fbf90d55-a5a6-4d35-8c6a-6a67f586b4b7,worker_4,worker_4,MEM_MOVE,8.742094,0.068298,"RAM -> VRAM [Model: fbf90d55, Layer: dd17bd44]"
473972.561964,3000,fbf90d55-a5a6-4d35-8c6a-6a67f586b4b7,worker_4,worker_4,GPU_COMPUTE,0.050000,0.050000,GPU Compute
473972.719964,3000,fbf90d55-a5a6-4d35-8c6a-6a67f586b4b7,worker_4,coordinator_0,NET_TRANSFER,0.000100,0.158000,Signal Finished
474615.485857,3000,fbf90d55-a5a6-4d35-8c6a-6a67f586b4b7,coordinator_0,worker_1,NET_TRANSFER,8.032699,642.765893,Distribute Layer ID: 4eac0208
474615.548613,3000,fbf90d55-a5a6-4d35-8c6a-6a67f586b4b7,worker_1,worker_1,DISK_LOAD,8.032699,0.062755,"Disk -> RAM [Model: fbf90d55, Layer: 4eac0208]"
474615.611368,3000,fbf90d55-a5a6-4d35-8c6a-6a67f586b4b7,worker_1,worker_1,MEM_MOVE,8.032699,0.062755,"RAM -> VRAM [Model: fbf90d55, Layer: 4eac0208]"
474615.661368,3000,fbf90d55-a5a6-4d35-8c6a-6a67f586b4b7,worker_1,worker_1,GPU_COMPUTE,0.050000,0.050000,GPU Compute
474615.819368,3000,fbf90d55-a5a6-4d35-8c6a-6a67f586b4b7,worker_1,coordinator_0,NET_TRANSFER,0.000100,0.158000,Signal Finished
475541.644615,3000,fbf90d55-a5a6-4d35-8c6a-6a67f586b4b7,coordinator_0,worker_2,NET_TRANSFER,11.570941,925.825246,Distribute Layer ID: f9151d00
475541.731419,3000,fbf90d55-a5a6-4d35-8c6a-6a67f586b4b7,worker_2,worker_2,MEM_MOVE,11.110992,0.086805,"Evict VRAM -> RAM [Model: 750b7e46, Layer: 31a0fb61]"
475541.821817,3000,fbf90d55-a5a6-4d35-8c6a-6a67f586b4b7,worker_2,worker_2,DISK_LOAD,11.570941,0.090398,"Disk -> RAM [Model: fbf90d55, Layer: f9151d00]"
475541.912215,3000,fbf90d55-a5a6-4d35-8c6a-6a67f586b4b7,worker_2,worker_2,MEM_MOVE,11.570941,0.090398,"RAM -> VRAM [Model: fbf90d55, Layer: f9151d00]"
475541.962215,3000,fbf90d55-a5a6-4d35-8c6a-6a67f586b4b7,worker_2,worker_2,GPU_COMPUTE,0.050000,0.050000,GPU Compute
475542.120215,3000,fbf90d55-a5a6-4d35-8c6a-6a67f586b4b7,worker_2,coordinator_0,NET_TRANSFER,0.000100,0.158000,Signal Finished
476436.108251,3000,fbf90d55-a5a6-4d35-8c6a-6a67f586b4b7,coordinator_0,worker_3,NET_TRANSFER,11.172975,893.988036,Distribute Layer ID: 4994d120
476436.195540,3000,fbf90d55-a5a6-4d35-8c6a-6a67f586b4b7,worker_3,worker_3,DISK_LOAD,11.172975,0.087289,"Disk -> RAM [Model: fbf90d55, Layer: 4994d120]"
476436.282829,3000,fbf90d55-a5a6-4d35-8c6a-6a67f586b4b7,worker_3,worker_3,MEM_MOVE,11.172975,0.087289,"RAM -> VRAM [Model: fbf90d55, Layer: 4994d120]"
476436.332829,3000,fbf90d55-a5a6-4d35-8c6a-6a67f586b4b7,worker_3,worker_3,GPU_COMPUTE,0.050000,0.050000,GPU Compute
476436.490829,3000,fbf90d55-a5a6-4d35-8c6a-6a67f586b4b7,worker_3,coordinator_0,NET_TRANSFER,0.000100,0.158000,Signal Finished
477547.145367,3000,fbf90d55-a5a6-4d35-8c6a-6a67f586b4b7,coordinator_0,worker_4,NET_TRANSFER,13.881307,1110.654538,Distribute Layer ID: e897e924
477547.253815,3000,fbf90d55-a5a6-4d35-8c6a-6a67f586b4b7,worker_4,worker_4,DISK_LOAD,13.881307,0.108448,"Disk -> RAM [Model: fbf90d55, Layer: e897e924]"
477547.362263,3000,fbf90d55-a5a6-4d35-8c6a-6a67f586b4b7,worker_4,worker_4,MEM_MOVE,13.881307,0.108448,"RAM -> VRAM [Model: fbf90d55, Layer: e897e924]"
477547.412263,3000,fbf90d55-a5a6-4d35-8c6a-6a67f586b4b7,worker_4,worker_4,GPU_COMPUTE,0.050000,0.050000,GPU Compute
477547.570263,3000,fbf90d55-a5a6-4d35-8c6a-6a67f586b4b7,worker_4,coordinator_0,NET_TRANSFER,0.000100,0.158000,Signal Finished
478152.179451,3000,fbf90d55-a5a6-4d35-8c6a-6a67f586b4b7,coordinator_0,worker_1,NET_TRANSFER,7.555740,604.609189,Distribute Layer ID: da54fc2e
478152.238481,3000,fbf90d55-a5a6-4d35-8c6a-6a67f586b4b7,worker_1,worker_1,DISK_LOAD,7.555740,0.059029,"Disk -> RAM [Model: fbf90d55, Layer: da54fc2e]"
478152.297510,3000,fbf90d55-a5a6-4d35-8c6a-6a67f586b4b7,worker_1,worker_1,MEM_MOVE,7.555740,0.059029,"RAM -> VRAM [Model: fbf90d55, Layer: da54fc2e]"
478152.347510,3000,fbf90d55-a5a6-4d35-8c6a-6a67f586b4b7,worker_1,worker_1,GPU_COMPUTE,0.050000,0.050000,GPU Compute
478152.505510,3000,fbf90d55-a5a6-4d35-8c6a-6a67f586b4b7,worker_1,coordinator_0,NET_TRANSFER,0.000100,0.158000,Signal Finished
479243.444578,3000,fbf90d55-a5a6-4d35-8c6a-6a67f586b4b7,coordinator_0,worker_2,NET_TRANSFER,13.634863,1090.939068,Distribute Layer ID: a4c7d286
479243.533757,3000,fbf90d55-a5a6-4d35-8c6a-6a67f586b4b7,worker_2,worker_2,MEM_MOVE,11.414864,0.089179,"Evict VRAM -> RAM [Model: ca30bd4c, Layer: 0fd68b43]"
479243.640279,3000,fbf90d55-a5a6-4d35-8c6a-6a67f586b4b7,worker_2,worker_2,DISK_LOAD,13.634863,0.106522,"Disk -> RAM [Model: fbf90d55, Layer: a4c7d286]"
479243.746802,3000,fbf90d55-a5a6-4d35-8c6a-6a67f586b4b7,worker_2,worker_2,MEM_MOVE,13.634863,0.106522,"RAM -> VRAM [Model: fbf90d55, Layer: a4c7d286]"
479243.796802,3000,fbf90d55-a5a6-4d35-8c6a-6a67f586b4b7,worker_2,worker_2,GPU_COMPUTE,0.050000,0.050000,GPU Compute
479243.954802,3000,fbf90d55-a5a6-4d35-8c6a-6a67f586b4b7,worker_2,coordinator_0,NET_TRANSFER,0.000100,0.158000,Signal Finished
480107.802512,3000,fbf90d55-a5a6-4d35-8c6a-6a67f586b4b7,coordinator_0,worker_3,NET_TRANSFER,10.796221,863.847710,Distribute Layer ID: 71d7da04
480107.886857,3000,fbf90d55-a5a6-4d35-8c6a-6a67f586b4b7,worker_3,worker_3,DISK_LOAD,10.796221,0.084345,"Disk -> RAM [Model: fbf90d55, Layer: 71d7da04]"
480107.971203,3000,fbf90d55-a5a6-4d35-8c6a-6a67f586b4b7,worker_3,worker_3,MEM_MOVE,10.796221,0.084345,"RAM -> VRAM [Model: fbf90d55, Layer: 71d7da04]"
480108.021203,3000,fbf90d55-a5a6-4d35-8c6a-6a67f586b4b7,worker_3,worker_3,GPU_COMPUTE,0.050000,0.050000,GPU Compute
480108.179203,3000,fbf90d55-a5a6-4d35-8c6a-6a67f586b4b7,worker_3,coordinator_0,NET_TRANSFER,0.000100,0.158000,Signal Finished
480673.271664,3000,fbf90d55-a5a6-4d35-8c6a-6a67f586b4b7,coordinator_0,worker_4,NET_TRANSFER,7.061781,565.092462,Distribute Layer ID: 33d695c7
480673.332877,3000,fbf90d55-a5a6-4d35-8c6a-6a67f586b4b7,worker_4,worker_4,MEM_MOVE,7.835276,0.061213,"Evict VRAM -> RAM [Model: 2ede82b5, Layer: 8c8785bd]"
480673.388048,3000,fbf90d55-a5a6-4d35-8c6a-6a67f586b4b7,worker_4,worker_4,DISK_LOAD,7.061781,0.055170,"Disk -> RAM [Model: fbf90d55, Layer: 33d695c7]"
480673.443218,3000,fbf90d55-a5a6-4d35-8c6a-6a67f586b4b7,worker_4,worker_4,MEM_MOVE,7.061781,0.055170,"RAM -> VRAM [Model: fbf90d55, Layer: 33d695c7]"
480673.493218,3000,fbf90d55-a5a6-4d35-8c6a-6a67f586b4b7,worker_4,worker_4,GPU_COMPUTE,0.050000,0.050000,GPU Compute
480673.651218,3000,fbf90d55-a5a6-4d35-8c6a-6a67f586b4b7,worker_4,coordinator_0,NET_TRANSFER,0.000100,0.158000,Signal Finished
481796.997089,3000,fbf90d55-a5a6-4d35-8c6a-6a67f586b4b7,coordinator_0,worker_1,NET_TRANSFER,14.039948,1123.345871,Distribute Layer ID: 69d1558f
481797.099256,3000,fbf90d55-a5a6-4d35-8c6a-6a67f586b4b7,worker_1,worker_1,MEM_MOVE,13.077416,0.102167,"Evict VRAM -> RAM [Model: efe1fad9, Layer: 5b06a107]"
481797.208943,3000,fbf90d55-a5a6-4d35-8c6a-6a67f586b4b7,worker_1,worker_1,DISK_LOAD,14.039948,0.109687,"Disk -> RAM [Model: fbf90d55, Layer: 69d1558f]"
481797.318630,3000,fbf90d55-a5a6-4d35-8c6a-6a67f586b4b7,worker_1,worker_1,MEM_MOVE,14.039948,0.109687,"RAM -> VRAM [Model: fbf90d55, Layer: 69d1558f]"
481797.368630,3000,fbf90d55-a5a6-4d35-8c6a-6a67f586b4b7,worker_1,worker_1,GPU_COMPUTE,0.050000,0.050000,GPU Compute
481797.526630,3000,fbf90d55-a5a6-4d35-8c6a-6a67f586b4b7,worker_1,coordinator_0,NET_TRANSFER,0.000100,0.158000,Signal Finished
482547.906135,3000,fbf90d55-a5a6-4d35-8c6a-6a67f586b4b7,coordinator_0,worker_2,NET_TRANSFER,9.377869,750.379504,Distribute Layer ID: 01d4afb5
482547.990074,3000,fbf90d55-a5a6-4d35-8c6a-6a67f586b4b7,worker_2,worker_2,MEM_MOVE,10.744232,0.083939,"Evict VRAM -> RAM [Model: efe1fad9, Layer: 236fa9f7]"
482548.063338,3000,fbf90d55-a5a6-4d35-8c6a-6a67f586b4b7,worker_2,worker_2,DISK_LOAD,9.377869,0.073265,"Disk -> RAM [Model: fbf90d55, Layer: 01d4afb5]"
482548.136603,3000,fbf90d55-a5a6-4d35-8c6a-6a67f586b4b7,worker_2,worker_2,MEM_MOVE,9.377869,0.073265,"RAM -> VRAM [Model: fbf90d55, Layer: 01d4afb5]"
482548.186603,3000,fbf90d55-a5a6-4d35-8c6a-6a67f586b4b7,worker_2,worker_2,GPU_COMPUTE,0.050000,0.050000,GPU Compute
482548.344603,3000,fbf90d55-a5a6-4d35-8c6a-6a67f586b4b7,worker_2,coordinator_0,NET_TRANSFER,0.000100,0.158000,Signal Finished
483512.803456,3000,fbf90d55-a5a6-4d35-8c6a-6a67f586b4b7,coordinator_0,worker_3,NET_TRANSFER,12.053861,964.458853,Distribute Layer ID: bcda4a23
483512.880852,3000,fbf90d55-a5a6-4d35-8c6a-6a67f586b4b7,worker_3,worker_3,MEM_MOVE,9.906679,0.077396,"Evict VRAM -> RAM [Model: 2ede82b5, Layer: 190353ad]"
483512.975023,3000,fbf90d55-a5a6-4d35-8c6a-6a67f586b4b7,worker_3,worker_3,DISK_LOAD,12.053861,0.094171,"Disk -> RAM [Model: fbf90d55, Layer: bcda4a23]"
483513.069193,3000,fbf90d55-a5a6-4d35-8c6a-6a67f586b4b7,worker_3,worker_3,MEM_MOVE,12.053861,0.094171,"RAM -> VRAM [Model: fbf90d55, Layer: bcda4a23]"
483513.119193,3000,fbf90d55-a5a6-4d35-8c6a-6a67f586b4b7,worker_3,worker_3,GPU_COMPUTE,0.050000,0.050000,GPU Compute
483513.277193,3000,fbf90d55-a5a6-4d35-8c6a-6a67f586b4b7,worker_3,coordinator_0,NET_TRANSFER,0.000100,0.158000,Signal Finished
484562.949683,3000,fbf90d55-a5a6-4d35-8c6a-6a67f586b4b7,coordinator_0,worker_4,NET_TRANSFER,13.119031,1049.672490,Distribute Layer ID: 36362d73
484563.029382,3000,fbf90d55-a5a6-4d35-8c6a-6a67f586b4b7,worker_4,worker_4,MEM_MOVE,10.201423,0.079699,"Evict VRAM -> RAM [Model: 750b7e46, Layer: 193f7a76]"
484563.072402,3000,fbf90d55-a5a6-4d35-8c6a-6a67f586b4b7,worker_4,worker_4,MEM_MOVE,5.506628,0.043021,"Evict VRAM -> RAM [Model: fbf90d55, Layer: 626583d2]"
484563.174895,3000,fbf90d55-a5a6-4d35-8c6a-6a67f586b4b7,worker_4,worker_4,DISK_LOAD,13.119031,0.102492,"Disk -> RAM [Model: fbf90d55, Layer: 36362d73]"
484563.277387,3000,fbf90d55-a5a6-4d35-8c6a-6a67f586b4b7,worker_4,worker_4,MEM_MOVE,13.119031,0.102492,"RAM -> VRAM [Model: fbf90d55, Layer: 36362d73]"
484563.327387,3000,fbf90d55-a5a6-4d35-8c6a-6a67f586b4b7,worker_4,worker_4,GPU_COMPUTE,0.050000,0.050000,GPU Compute
484563.485387,3000,fbf90d55-a5a6-4d35-8c6a-6a67f586b4b7,worker_4,coordinator_0,NET_TRANSFER,0.000100,0.158000,Signal Finished
485008.858361,3000,fbf90d55-a5a6-4d35-8c6a-6a67f586b4b7,coordinator_0,worker_1,NET_TRANSFER,5.565287,445.372974,Distribute Layer ID: 44eacbe0
485008.901840,3000,fbf90d55-a5a6-4d35-8c6a-6a67f586b4b7,worker_1,worker_1,DISK_LOAD,5.565287,0.043479,"Disk -> RAM [Model: fbf90d55, Layer: 44eacbe0]"
485008.945319,3000,fbf90d55-a5a6-4d35-8c6a-6a67f586b4b7,worker_1,worker_1,MEM_MOVE,5.565287,0.043479,"RAM -> VRAM [Model: fbf90d55, Layer: 44eacbe0]"
485008.995319,3000,fbf90d55-a5a6-4d35-8c6a-6a67f586b4b7,worker_1,worker_1,GPU_COMPUTE,0.050000,0.050000,GPU Compute
485009.153319,3000,fbf90d55-a5a6-4d35-8c6a-6a67f586b4b7,worker_1,coordinator_0,NET_TRANSFER,0.000100,0.158000,Signal Finished
485879.938667,3000,fbf90d55-a5a6-4d35-8c6a-6a67f586b4b7,coordinator_0,worker_2,NET_TRANSFER,10.882942,870.785348,Distribute Layer ID: be897f1c
485880.048516,3000,fbf90d55-a5a6-4d35-8c6a-6a67f586b4b7,worker_2,worker_2,MEM_MOVE,14.060646,0.109849,"Evict VRAM -> RAM [Model: 946dc1c0, Layer: bfc2acc0]"
485880.133539,3000,fbf90d55-a5a6-4d35-8c6a-6a67f586b4b7,worker_2,worker_2,DISK_LOAD,10.882942,0.085023,"Disk -> RAM [Model: fbf90d55, Layer: be897f1c]"
485880.218562,3000,fbf90d55-a5a6-4d35-8c6a-6a67f586b4b7,worker_2,worker_2,MEM_MOVE,10.882942,0.085023,"RAM -> VRAM [Model: fbf90d55, Layer: be897f1c]"
485880.268562,3000,fbf90d55-a5a6-4d35-8c6a-6a67f586b4b7,worker_2,worker_2,GPU_COMPUTE,0.050000,0.050000,GPU Compute
485880.426562,3000,fbf90d55-a5a6-4d35-8c6a-6a67f586b4b7,worker_2,coordinator_0,NET_TRANSFER,0.000100,0.158000,Signal Finished
486456.809447,3000,fbf90d55-a5a6-4d35-8c6a-6a67f586b4b7,coordinator_0,worker_3,NET_TRANSFER,7.202911,576.382885,Distribute Layer ID: 49f7efea
486456.916788,3000,fbf90d55-a5a6-4d35-8c6a-6a67f586b4b7,worker_3,worker_3,MEM_MOVE,13.739573,0.107340,"Evict VRAM -> RAM [Model: ca30bd4c, Layer: 0cdd6133]"
486456.973060,3000,fbf90d55-a5a6-4d35-8c6a-6a67f586b4b7,worker_3,worker_3,DISK_LOAD,7.202911,0.056273,"Disk -> RAM [Model: fbf90d55, Layer: 49f7efea]"
486457.029333,3000,fbf90d55-a5a6-4d35-8c6a-6a67f586b4b7,worker_3,worker_3,MEM_MOVE,7.202911,0.056273,"RAM -> VRAM [Model: fbf90d55, Layer: 49f7efea]"
486457.079333,3000,fbf90d55-a5a6-4d35-8c6a-6a67f586b4b7,worker_3,worker_3,GPU_COMPUTE,0.050000,0.050000,GPU Compute
486457.237333,3000,fbf90d55-a5a6-4d35-8c6a-6a67f586b4b7,worker_3,coordinator_0,NET_TRANSFER,0.000100,0.158000,Signal Finished
487555.947901,3000,fbf90d55-a5a6-4d35-8c6a-6a67f586b4b7,coordinator_0,worker_4,NET_TRANSFER,13.732007,1098.710568,Distribute Layer ID: 70a53866
487556.016202,3000,fbf90d55-a5a6-4d35-8c6a-6a67f586b4b7,worker_4,worker_4,MEM_MOVE,8.742527,0.068301,"Evict VRAM -> RAM [Model: 750b7e46, Layer: db89eae7]"
487556.073145,3000,fbf90d55-a5a6-4d35-8c6a-6a67f586b4b7,worker_4,worker_4,MEM_MOVE,7.288684,0.056943,"Evict VRAM -> RAM [Model: 946dc1c0, Layer: 694e6dd5]"
487556.180426,3000,fbf90d55-a5a6-4d35-8c6a-6a67f586b4b7,worker_4,worker_4,DISK_LOAD,13.732007,0.107281,"Disk -> RAM [Model: fbf90d55, Layer: 70a53866]"
487556.287708,3000,fbf90d55-a5a6-4d35-8c6a-6a67f586b4b7,worker_4,worker_4,MEM_MOVE,13.732007,0.107281,"RAM -> VRAM [Model: fbf90d55, Layer: 70a53866]"
487556.337708,3000,fbf90d55-a5a6-4d35-8c6a-6a67f586b4b7,worker_4,worker_4,GPU_COMPUTE,0.050000,0.050000,GPU Compute
487556.495708,3000,fbf90d55-a5a6-4d35-8c6a-6a67f586b4b7,worker_4,coordinator_0,NET_TRANSFER,0.000100,0.158000,Signal Finished
487970.559927,3000,fbf90d55-a5a6-4d35-8c6a-6a67f586b4b7,coordinator_0,worker_1,NET_TRANSFER,5.173928,414.064219,Distribute Layer ID: 98559053
487970.604907,3000,fbf90d55-a5a6-4d35-8c6a-6a67f586b4b7,worker_1,worker_1,MEM_MOVE,5.757497,0.044980,"Evict VRAM -> RAM [Model: 946dc1c0, Layer: ce617b36]"
487970.645329,3000,fbf90d55-a5a6-4d35-8c6a-6a67f586b4b7,worker_1,worker_1,DISK_LOAD,5.173928,0.040421,"Disk -> RAM [Model: fbf90d55, Layer: 98559053]"
487970.685750,3000,fbf90d55-a5a6-4d35-8c6a-6a67f586b4b7,worker_1,worker_1,MEM_MOVE,5.173928,0.040421,"RAM -> VRAM [Model: fbf90d55, Layer: 98559053]"
487970.735750,3000,fbf90d55-a5a6-4d35-8c6a-6a67f586b4b7,worker_1,worker_1,GPU_COMPUTE,0.050000,0.050000,GPU Compute
487970.893750,3000,fbf90d55-a5a6-4d35-8c6a-6a67f586b4b7,worker_1,coordinator_0,NET_TRANSFER,0.000100,0.158000,Signal Finished
489131.049778,3000,fbf90d55-a5a6-4d35-8c6a-6a67f586b4b7,coordinator_0,worker_2,NET_TRANSFER,14.500075,1160.156028,Distribute Layer ID: 618030ad
489131.156300,3000,fbf90d55-a5a6-4d35-8c6a-6a67f586b4b7,worker_2,worker_2,MEM_MOVE,13.634863,0.106522,"Evict VRAM -> RAM [Model: fbf90d55, Layer: a4c7d286]"
489131.269582,3000,fbf90d55-a5a6-4d35-8c6a-6a67f586b4b7,worker_2,worker_2,DISK_LOAD,14.500075,0.113282,"Disk -> RAM [Model: fbf90d55, Layer: 618030ad]"
489131.382864,3000,fbf90d55-a5a6-4d35-8c6a-6a67f586b4b7,worker_2,worker_2,MEM_MOVE,14.500075,0.113282,"RAM -> VRAM [Model: fbf90d55, Layer: 618030ad]"
489131.432864,3000,fbf90d55-a5a6-4d35-8c6a-6a67f586b4b7,worker_2,worker_2,GPU_COMPUTE,0.050000,0.050000,GPU Compute
489131.590864,3000,fbf90d55-a5a6-4d35-8c6a-6a67f586b4b7,worker_2,coordinator_0,NET_TRANSFER,0.000100,0.158000,Signal Finished
490049.941529,3000,fbf90d55-a5a6-4d35-8c6a-6a67f586b4b7,coordinator_0,worker_3,NET_TRANSFER,11.477508,918.350665,Distribute Layer ID: 5a7cb27b
490050.010102,3000,fbf90d55-a5a6-4d35-8c6a-6a67f586b4b7,worker_3,worker_3,MEM_MOVE,8.777318,0.068573,"Evict VRAM -> RAM [Model: 750b7e46, Layer: b0bd3eb2]"
490050.099770,3000,fbf90d55-a5a6-4d35-8c6a-6a67f586b4b7,worker_3,worker_3,DISK_LOAD,11.477508,0.089668,"Disk -> RAM [Model: fbf90d55, Layer: 5a7cb27b]"
490050.189438,3000,fbf90d55-a5a6-4d35-8c6a-6a67f586b4b7,worker_3,worker_3,MEM_MOVE,11.477508,0.089668,"RAM -> VRAM [Model: fbf90d55, Layer: 5a7cb27b]"
490050.239438,3000,fbf90d55-a5a6-4d35-8c6a-6a67f586b4b7,worker_3,worker_3,GPU_COMPUTE,0.050000,0.050000,GPU Compute
490050.397438,3000,fbf90d55-a5a6-4d35-8c6a-6a67f586b4b7,worker_3,coordinator_0,NET_TRANSFER,0.000100,0.158000,Signal Finished
491201.492217,3000,fbf90d55-a5a6-4d35-8c6a-6a67f586b4b7,coordinator_0,worker_4,NET_TRANSFER,14.386810,1151.094779,Distribute Layer ID: 177ffbb0
491201.554388,3000,fbf90d55-a5a6-4d35-8c6a-6a67f586b4b7,worker_4,worker_4,MEM_MOVE,7.957930,0.062171,"Evict VRAM -> RAM [Model: ca30bd4c, Layer: b6e89f0a]"
491201.638442,3000,fbf90d55-a5a6-4d35-8c6a-6a67f586b4b7,worker_4,worker_4,MEM_MOVE,10.758860,0.084054,"Evict VRAM -> RAM [Model: 2ede82b5, Layer: 6565caa9]"
491201.750839,3000,fbf90d55-a5a6-4d35-8c6a-6a67f586b4b7,worker_4,worker_4,DISK_LOAD,14.386810,0.112397,"Disk -> RAM [Model: fbf90d55, Layer: 177ffbb0]"
491201.863236,3000,fbf90d55-a5a6-4d35-8c6a-6a67f586b4b7,worker_4,worker_4,MEM_MOVE,14.386810,0.112397,"RAM -> VRAM [Model: fbf90d55, Layer: 177ffbb0]"
491201.913236,3000,fbf90d55-a5a6-4d35-8c6a-6a67f586b4b7,worker_4,worker_4,GPU_COMPUTE,0.050000,0.050000,GPU Compute
491202.071236,3000,fbf90d55-a5a6-4d35-8c6a-6a67f586b4b7,worker_4,coordinator_0,NET_TRANSFER,0.000100,0.158000,Signal Finished
492153.337014,3000,fbf90d55-a5a6-4d35-8c6a-6a67f586b4b7,coordinator_0,worker_1,NET_TRANSFER,11.888947,951.265778,Distribute Layer ID: 2d0d8aa1
492153.430775,3000,fbf90d55-a5a6-4d35-8c6a-6a67f586b4b7,worker_1,worker_1,MEM_MOVE,12.001407,0.093761,"Evict VRAM -> RAM [Model: 946dc1c0, Layer: 204f31e3]"
492153.523657,3000,fbf90d55-a5a6-4d35-8c6a-6a67f586b4b7,worker_1,worker_1,DISK_LOAD,11.888947,0.092882,"Disk -> RAM [Model: fbf90d55, Layer: 2d0d8aa1]"
492153.616540,3000,fbf90d55-a5a6-4d35-8c6a-6a67f586b4b7,worker_1,worker_1,MEM_MOVE,11.888947,0.092882,"RAM -> VRAM [Model: fbf90d55, Layer: 2d0d8aa1]"
492153.666540,3000,fbf90d55-a5a6-4d35-8c6a-6a67f586b4b7,worker_1,worker_1,GPU_COMPUTE,0.050000,0.050000,GPU Compute
492153.824540,3000,fbf90d55-a5a6-4d35-8c6a-6a67f586b4b7,worker_1,coordinator_0,NET_TRANSFER,0.000100,0.158000,Signal Finished
492839.077685,3000,fbf90d55-a5a6-4d35-8c6a-6a67f586b4b7,coordinator_0,worker_2,NET_TRANSFER,8.563789,685.253145,Distribute Layer ID: 4e18003a
492839.119629,3000,fbf90d55-a5a6-4d35-8c6a-6a67f586b4b7,worker_2,worker_2,MEM_MOVE,5.368846,0.041944,"Evict VRAM -> RAM [Model: 750b7e46, Layer: f388a094]"
492839.186533,3000,fbf90d55-a5a6-4d35-8c6a-6a67f586b4b7,worker_2,worker_2,DISK_LOAD,8.563789,0.066905,"Disk -> RAM [Model: fbf90d55, Layer: 4e18003a]"
492839.253438,3000,fbf90d55-a5a6-4d35-8c6a-6a67f586b4b7,worker_2,worker_2,MEM_MOVE,8.563789,0.066905,"RAM -> VRAM [Model: fbf90d55, Layer: 4e18003a]"
492839.303438,3000,fbf90d55-a5a6-4d35-8c6a-6a67f586b4b7,worker_2,worker_2,GPU_COMPUTE,0.050000,0.050000,GPU Compute
492839.461438,3000,fbf90d55-a5a6-4d35-8c6a-6a67f586b4b7,worker_2,coordinator_0,NET_TRANSFER,0.000100,0.158000,Signal Finished
493309.278321,3000,fbf90d55-a5a6-4d35-8c6a-6a67f586b4b7,coordinator_0,worker_3,NET_TRANSFER,5.870836,469.816883,Distribute Layer ID: da71dbc5
493309.324187,3000,fbf90d55-a5a6-4d35-8c6a-6a67f586b4b7,worker_3,worker_3,DISK_LOAD,5.870836,0.045866,"Disk -> RAM [Model: fbf90d55, Layer: da71dbc5]"
493309.370053,3000,fbf90d55-a5a6-4d35-8c6a-6a67f586b4b7,worker_3,worker_3,MEM_MOVE,5.870836,0.045866,"RAM -> VRAM [Model: fbf90d55, Layer: da71dbc5]"
493309.420053,3000,fbf90d55-a5a6-4d35-8c6a-6a67f586b4b7,worker_3,worker_3,GPU_COMPUTE,0.050000,0.050000,GPU Compute
493309.578053,3000,fbf90d55-a5a6-4d35-8c6a-6a67f586b4b7,worker_3,coordinator_0,NET_TRANSFER,0.000100,0.158000,Signal Finished
494412.457372,3000,fbf90d55-a5a6-4d35-8c6a-6a67f586b4b7,coordinator_0,worker_4,NET_TRANSFER,13.784116,1102.879319,Distribute Layer ID: 91440a74
494412.508219,3000,fbf90d55-a5a6-4d35-8c6a-6a67f586b4b7,worker_4,worker_4,MEM_MOVE,6.508529,0.050848,"Evict VRAM -> RAM [Model: ca30bd4c, Layer: a1e62f17]"
494412.615908,3000,fbf90d55-a5a6-4d35-8c6a-6a67f586b4b7,worker_4,worker_4,DISK_LOAD,13.784116,0.107688,"Disk -> RAM [Model: fbf90d55, Layer: 91440a74]"
494412.723596,3000,fbf90d55-a5a6-4d35-8c6a-6a67f586b4b7,worker_4,worker_4,MEM_MOVE,13.784116,0.107688,"RAM -> VRAM [Model: fbf90d55, Layer: 91440a74]"
494412.773596,3000,fbf90d55-a5a6-4d35-8c6a-6a67f586b4b7,worker_4,worker_4,GPU_COMPUTE,0.050000,0.050000,GPU Compute
494412.931596,3000,fbf90d55-a5a6-4d35-8c6a-6a67f586b4b7,worker_4,coordinator_0,NET_TRANSFER,0.000100,0.158000,Signal Finished
494811.559273,3000,fbf90d55-a5a6-4d35-8c6a-6a67f586b4b7,coordinator_0,worker_1,NET_TRANSFER,4.980971,398.627677,Distribute Layer ID: 8a6efe56
494811.655085,3000,fbf90d55-a5a6-4d35-8c6a-6a67f586b4b7,worker_1,worker_1,MEM_MOVE,12.263870,0.095811,"Evict VRAM -> RAM [Model: ca30bd4c, Layer: 0f2e1119]"
494811.693999,3000,fbf90d55-a5a6-4d35-8c6a-6a67f586b4b7,worker_1,worker_1,DISK_LOAD,4.980971,0.038914,"Disk -> RAM [Model: fbf90d55, Layer: 8a6efe56]"
494811.732912,3000,fbf90d55-a5a6-4d35-8c6a-6a67f586b4b7,worker_1,worker_1,MEM_MOVE,4.980971,0.038914,"RAM -> VRAM [Model: fbf90d55, Layer: 8a6efe56]"
494811.782912,3000,fbf90d55-a5a6-4d35-8c6a-6a67f586b4b7,worker_1,worker_1,GPU_COMPUTE,0.050000,0.050000,GPU Compute
494811.940912,3000,fbf90d55-a5a6-4d35-8c6a-6a67f586b4b7,worker_1,coordinator_0,NET_TRANSFER,0.000100,0.158000,Signal Finished
495807.627414,3000,fbf90d55-a5a6-4d35-8c6a-6a67f586b4b7,coordinator_0,worker_2,NET_TRANSFER,12.444206,995.686502,Distribute Layer ID: 2f7b605e
495807.740696,3000,fbf90d55-a5a6-4d35-8c6a-6a67f586b4b7,worker_2,worker_2,MEM_MOVE,14.500075,0.113282,"Evict VRAM -> RAM [Model: fbf90d55, Layer: 618030ad]"
495807.837917,3000,fbf90d55-a5a6-4d35-8c6a-6a67f586b4b7,worker_2,worker_2,DISK_LOAD,12.444206,0.097220,"Disk -> RAM [Model: fbf90d55, Layer: 2f7b605e]"
495807.935137,3000,fbf90d55-a5a6-4d35-8c6a-6a67f586b4b7,worker_2,worker_2,MEM_MOVE,12.444206,0.097220,"RAM -> VRAM [Model: fbf90d55, Layer: 2f7b605e]"
495807.985137,3000,fbf90d55-a5a6-4d35-8c6a-6a67f586b4b7,worker_2,worker_2,GPU_COMPUTE,0.050000,0.050000,GPU Compute
495808.143137,3000,fbf90d55-a5a6-4d35-8c6a-6a67f586b4b7,worker_2,coordinator_0,NET_TRANSFER,0.000100,0.158000,Signal Finished
496789.476665,3000,fbf90d55-a5a6-4d35-8c6a-6a67f586b4b7,coordinator_0,worker_3,NET_TRANSFER,12.264794,981.333528,Distribute Layer ID: 616b24fe
496789.584186,3000,fbf90d55-a5a6-4d35-8c6a-6a67f586b4b7,worker_3,worker_3,MEM_MOVE,13.762698,0.107521,"Evict VRAM -> RAM [Model: 2ede82b5, Layer: d6b74e2e]"
496789.680005,3000,fbf90d55-a5a6-4d35-8c6a-6a67f586b4b7,worker_3,worker_3,DISK_LOAD,12.264794,0.095819,"Disk -> RAM [Model: fbf90d55, Layer: 616b24fe]"
496789.775824,3000,fbf90d55-a5a6-4d35-8c6a-6a67f586b4b7,worker_3,worker_3,MEM_MOVE,12.264794,0.095819,"RAM -> VRAM [Model: fbf90d55, Layer: 616b24fe]"
496789.825824,3000,fbf90d55-a5a6-4d35-8c6a-6a67f586b4b7,worker_3,worker_3,GPU_COMPUTE,0.050000,0.050000,GPU Compute
496789.983824,3000,fbf90d55-a5a6-4d35-8c6a-6a67f586b4b7,worker_3,coordinator_0,NET_TRANSFER,0.000100,0.158000,Signal Finished
497364.654911,3000,fbf90d55-a5a6-4d35-8c6a-6a67f586b4b7,coordinator_0,worker_4,NET_TRANSFER,7.181514,574.671087,Distribute Layer ID: 9b0e1b0f
497364.743774,3000,fbf90d55-a5a6-4d35-8c6a-6a67f586b4b7,worker_4,worker_4,MEM_MOVE,11.374460,0.088863,"Evict VRAM -> RAM [Model: 2ede82b5, Layer: e03c84d5]"
497364.799879,3000,fbf90d55-a5a6-4d35-8c6a-6a67f586b4b7,worker_4,worker_4,DISK_LOAD,7.181514,0.056106,"Disk -> RAM [Model: fbf90d55, Layer: 9b0e1b0f]"
497364.855985,3000,fbf90d55-a5a6-4d35-8c6a-6a67f586b4b7,worker_4,worker_4,MEM_MOVE,7.181514,0.056106,"RAM -> VRAM [Model: fbf90d55, Layer: 9b0e1b0f]"
497364.905985,3000,fbf90d55-a5a6-4d35-8c6a-6a67f586b4b7,worker_4,worker_4,GPU_COMPUTE,0.050000,0.050000,GPU Compute
497365.063985,3000,fbf90d55-a5a6-4d35-8c6a-6a67f586b4b7,worker_4,coordinator_0,NET_TRANSFER,0.000100,0.158000,Signal Finished
497799.050430,5000,9d4a632c-1da4-4855-8ee3-ca4ae32fb12e,coordinator_0,worker_2,NET_TRANSFER,5.422956,433.986445,Distribute Layer ID: 14ee5f23
497799.092797,5000,9d4a632c-1da4-4855-8ee3-ca4ae32fb12e,worker_2,worker_2,DISK_LOAD,5.422956,0.042367,"Disk -> RAM [Model: 9d4a632c, Layer: 14ee5f23]"
497799.135163,5000,9d4a632c-1da4-4855-8ee3-ca4ae32fb12e,worker_2,worker_2,MEM_MOVE,5.422956,0.042367,"RAM -> VRAM [Model: 9d4a632c, Layer: 14ee5f23]"
497799.185163,5000,9d4a632c-1da4-4855-8ee3-ca4ae32fb12e,worker_2,worker_2,GPU_COMPUTE,0.050000,0.050000,GPU Compute
497799.343163,5000,9d4a632c-1da4-4855-8ee3-ca4ae32fb12e,worker_2,coordinator_0,NET_TRANSFER,0.000100,0.158000,Signal Finished
498908.697447,5000,9d4a632c-1da4-4855-8ee3-ca4ae32fb12e,coordinator_0,worker_3,NET_TRANSFER,13.865054,1109.354284,Distribute Layer ID: de7794cb
498908.791341,5000,9d4a632c-1da4-4855-8ee3-ca4ae32fb12e,worker_3,worker_3,MEM_MOVE,12.018347,0.093893,"Evict VRAM -> RAM [Model: ca30bd4c, Layer: 4163c437]"
498908.899661,5000,9d4a632c-1da4-4855-8ee3-ca4ae32fb12e,worker_3,worker_3,DISK_LOAD,13.865054,0.108321,"Disk -> RAM [Model: 9d4a632c, Layer: de7794cb]"
498909.007982,5000,9d4a632c-1da4-4855-8ee3-ca4ae32fb12e,worker_3,worker_3,MEM_MOVE,13.865054,0.108321,"RAM -> VRAM [Model: 9d4a632c, Layer: de7794cb]"
498909.057982,5000,9d4a632c-1da4-4855-8ee3-ca4ae32fb12e,worker_3,worker_3,GPU_COMPUTE,0.050000,0.050000,GPU Compute
498909.215982,5000,9d4a632c-1da4-4855-8ee3-ca4ae32fb12e,worker_3,coordinator_0,NET_TRANSFER,0.000100,0.158000,Signal Finished
499888.761071,5000,9d4a632c-1da4-4855-8ee3-ca4ae32fb12e,coordinator_0,worker_4,NET_TRANSFER,12.242439,979.545089,Distribute Layer ID: 800b14af
499888.856336,5000,9d4a632c-1da4-4855-8ee3-ca4ae32fb12e,worker_4,worker_4,MEM_MOVE,12.193951,0.095265,"Evict VRAM -> RAM [Model: 946dc1c0, Layer: 3ceee5b8]"
499888.951980,5000,9d4a632c-1da4-4855-8ee3-ca4ae32fb12e,worker_4,worker_4,DISK_LOAD,12.242439,0.095644,"Disk -> RAM [Model: 9d4a632c, Layer: 800b14af]"
499889.047624,5000,9d4a632c-1da4-4855-8ee3-ca4ae32fb12e,worker_4,worker_4,MEM_MOVE,12.242439,0.095644,"RAM -> VRAM [Model: 9d4a632c, Layer: 800b14af]"
499889.097624,5000,9d4a632c-1da4-4855-8ee3-ca4ae32fb12e,worker_4,worker_4,GPU_COMPUTE,0.050000,0.050000,GPU Compute
499889.255624,5000,9d4a632c-1da4-4855-8ee3-ca4ae32fb12e,worker_4,coordinator_0,NET_TRANSFER,0.000100,0.158000,Signal Finished
500712.180306,5000,9d4a632c-1da4-4855-8ee3-ca4ae32fb12e,coordinator_0,worker_1,NET_TRANSFER,10.284684,822.924682,Distribute Layer ID: fbd6abf9
500712.260655,5000,9d4a632c-1da4-4855-8ee3-ca4ae32fb12e,worker_1,worker_1,DISK_LOAD,10.284684,0.080349,"Disk -> RAM [Model: 9d4a632c, Layer: fbd6abf9]"
500712.341005,5000,9d4a632c-1da4-4855-8ee3-ca4ae32fb12e,worker_1,worker_1,MEM_MOVE,10.284684,0.080349,"RAM -> VRAM [Model: 9d4a632c, Layer: fbd6abf9]"
500712.391005,5000,9d4a632c-1da4-4855-8ee3-ca4ae32fb12e,worker_1,worker_1,GPU_COMPUTE,0.050000,0.050000,GPU Compute
500712.549005,5000,9d4a632c-1da4-4855-8ee3-ca4ae32fb12e,worker_1,coordinator_0,NET_TRANSFER,0.000100,0.158000,Signal Finished
501873.105585,5000,9d4a632c-1da4-4855-8ee3-ca4ae32fb12e,coordinator_0,worker_2,NET_TRANSFER,14.505082,1160.556581,Distribute Layer ID: bbc82908
501873.144398,5000,9d4a632c-1da4-4855-8ee3-ca4ae32fb12e,worker_2,worker_2,MEM_MOVE,4.968008,0.038813,"Evict VRAM -> RAM [Model: efe1fad9, Layer: d6627dd5]"
501873.258681,5000,9d4a632c-1da4-4855-8ee3-ca4ae32fb12e,worker_2,worker_2,MEM_MOVE,14.628276,0.114283,"Evict VRAM -> RAM [Model: 2ede82b5, Layer: ffb1421e]"
501873.372002,5000,9d4a632c-1da4-4855-8ee3-ca4ae32fb12e,worker_2,worker_2,DISK_LOAD,14.505082,0.113321,"Disk -> RAM [Model: 9d4a632c, Layer: bbc82908]"
501873.485323,5000,9d4a632c-1da4-4855-8ee3-ca4ae32fb12e,worker_2,worker_2,MEM_MOVE,14.505082,0.113321,"RAM -> VRAM [Model: 9d4a632c, Layer: bbc82908]"
501873.535323,5000,9d4a632c-1da4-4855-8ee3-ca4ae32fb12e,worker_2,worker_2,GPU_COMPUTE,0.050000,0.050000,GPU Compute
501873.693323,5000,9d4a632c-1da4-4855-8ee3-ca4ae32fb12e,worker_2,coordinator_0,NET_TRANSFER,0.000100,0.158000,Signal Finished
502672.456090,5000,9d4a632c-1da4-4855-8ee3-ca4ae32fb12e,coordinator_0,worker_3,NET_TRANSFER,9.982660,798.762767,Distribute Layer ID: 9c04081a
502672.536766,5000,9d4a632c-1da4-4855-8ee3-ca4ae32fb12e,worker_3,worker_3,MEM_MOVE,10.326583,0.080676,"Evict VRAM -> RAM [Model: 750b7e46, Layer: 3aed3849]"
502672.614756,5000,9d4a632c-1da4-4855-8ee3-ca4ae32fb12e,worker_3,worker_3,DISK_LOAD,9.982660,0.077990,"Disk -> RAM [Model: 9d4a632c, Layer: 9c04081a]"
502672.692745,5000,9d4a632c-1da4-4855-8ee3-ca4ae32fb12e,worker_3,worker_3,MEM_MOVE,9.982660,0.077990,"RAM -> VRAM [Model: 9d4a632c, Layer: 9c04081a]"
502672.742745,5000,9d4a632c-1da4-4855-8ee3-ca4ae32fb12e,worker_3,worker_3,GPU_COMPUTE,0.050000,0.050000,GPU Compute
502672.900745,5000,9d4a632c-1da4-4855-8ee3-ca4ae32fb12e,worker_3,coordinator_0,NET_TRANSFER,0.000100,0.158000,Signal Finished
503522.487670,5000,9d4a632c-1da4-4855-8ee3-ca4ae32fb12e,coordinator_0,worker_4,NET_TRANSFER,10.617962,849.586925,Distribute Layer ID: 74f48170
503522.542840,5000,9d4a632c-1da4-4855-8ee3-ca4ae32fb12e,worker_4,worker_4,MEM_MOVE,7.061781,0.055170,"Evict VRAM -> RAM [Model: fbf90d55, Layer: 33d695c7]"
503522.625793,5000,9d4a632c-1da4-4855-8ee3-ca4ae32fb12e,worker_4,worker_4,DISK_LOAD,10.617962,0.082953,"Disk -> RAM [Model: 9d4a632c, Layer: 74f48170]"
503522.708746,5000,9d4a632c-1da4-4855-8ee3-ca4ae32fb12e,worker_4,worker_4,MEM_MOVE,10.617962,0.082953,"RAM -> VRAM [Model: 9d4a632c, Layer: 74f48170]"
503522.758746,5000,9d4a632c-1da4-4855-8ee3-ca4ae32fb12e,worker_4,worker_4,GPU_COMPUTE,0.050000,0.050000,GPU Compute
503522.916746,5000,9d4a632c-1da4-4855-8ee3-ca4ae32fb12e,worker_4,coordinator_0,NET_TRANSFER,0.000100,0.158000,Signal Finished
504374.799912,5000,9d4a632c-1da4-4855-8ee3-ca4ae32fb12e,coordinator_0,worker_1,NET_TRANSFER,10.646665,851.883166,Distribute Layer ID: ff6d1412
504374.886678,5000,9d4a632c-1da4-4855-8ee3-ca4ae32fb12e,worker_1,worker_1,MEM_MOVE,11.106060,0.086766,"Evict VRAM -> RAM [Model: ca30bd4c, Layer: 64f6fc9d]"
504374.969855,5000,9d4a632c-1da4-4855-8ee3-ca4ae32fb12e,worker_1,worker_1,DISK_LOAD,10.646665,0.083177,"Disk -> RAM [Model: 9d4a632c, Layer: ff6d1412]"
504375.053032,5000,9d4a632c-1da4-4855-8ee3-ca4ae32fb12e,worker_1,worker_1,MEM_MOVE,10.646665,0.083177,"RAM -> VRAM [Model: 9d4a632c, Layer: ff6d1412]"
504375.103032,5000,9d4a632c-1da4-4855-8ee3-ca4ae32fb12e,worker_1,worker_1,GPU_COMPUTE,0.050000,0.050000,GPU Compute
504375.261032,5000,9d4a632c-1da4-4855-8ee3-ca4ae32fb12e,worker_1,coordinator_0,NET_TRANSFER,0.000100,0.158000,Signal Finished
504893.435711,5000,9d4a632c-1da4-4855-8ee3-ca4ae32fb12e,coordinator_0,worker_2,NET_TRANSFER,6.475308,518.174679,Distribute Layer ID: 2c3f2ce8
504893.549032,5000,9d4a632c-1da4-4855-8ee3-ca4ae32fb12e,worker_2,worker_2,MEM_MOVE,14.505082,0.113321,"Evict VRAM -> RAM [Model: 9d4a632c, Layer: bbc82908]"
504893.599620,5000,9d4a632c-1da4-4855-8ee3-ca4ae32fb12e,worker_2,worker_2,DISK_LOAD,6.475308,0.050588,"Disk -> RAM [Model: 9d4a632c, Layer: 2c3f2ce8]"
504893.650209,5000,9d4a632c-1da4-4855-8ee3-ca4ae32fb12e,worker_2,worker_2,MEM_MOVE,6.475308,0.050588,"RAM -> VRAM [Model: 9d4a632c, Layer: 2c3f2ce8]"
504893.700209,5000,9d4a632c-1da4-4855-8ee3-ca4ae32fb12e,worker_2,worker_2,GPU_COMPUTE,0.050000,0.050000,GPU Compute
504893.858209,5000,9d4a632c-1da4-4855-8ee3-ca4ae32fb12e,worker_2,coordinator_0,NET_TRANSFER,0.000100,0.158000,Signal Finished
505503.026455,5000,9d4a632c-1da4-4855-8ee3-ca4ae32fb12e,coordinator_0,worker_3,NET_TRANSFER,7.612728,609.168247,Distribute Layer ID: beed3bdf
505503.103920,5000,9d4a632c-1da4-4855-8ee3-ca4ae32fb12e,worker_3,worker_3,MEM_MOVE,9.915516,0.077465,"Evict VRAM -> RAM [Model: 750b7e46, Layer: 582b120b]"
505503.163395,5000,9d4a632c-1da4-4855-8ee3-ca4ae32fb12e,worker_3,worker_3,DISK_LOAD,7.612728,0.059474,"Disk -> RAM [Model: 9d4a632c, Layer: beed3bdf]"
505503.222869,5000,9d4a632c-1da4-4855-8ee3-ca4ae32fb12e,worker_3,worker_3,MEM_MOVE,7.612728,0.059474,"RAM -> VRAM [Model: 9d4a632c, Layer: beed3bdf]"
505503.272869,5000,9d4a632c-1da4-4855-8ee3-ca4ae32fb12e,worker_3,worker_3,GPU_COMPUTE,0.050000,0.050000,GPU Compute
505503.430869,5000,9d4a632c-1da4-4855-8ee3-ca4ae32fb12e,worker_3,coordinator_0,NET_TRANSFER,0.000100,0.158000,Signal Finished
506676.339545,5000,9d4a632c-1da4-4855-8ee3-ca4ae32fb12e,coordinator_0,worker_4,NET_TRANSFER,14.659483,1172.908676,Distribute Layer ID: 3f6d60c1
506676.411308,5000,9d4a632c-1da4-4855-8ee3-ca4ae32fb12e,worker_4,worker_4,MEM_MOVE,9.185560,0.071762,"Evict VRAM -> RAM [Model: efe1fad9, Layer: 6ef4e2af]"
506676.499492,5000,9d4a632c-1da4-4855-8ee3-ca4ae32fb12e,worker_4,worker_4,MEM_MOVE,11.287650,0.088185,"Evict VRAM -> RAM [Model: 946dc1c0, Layer: 5a0c9a63]"
506676.614020,5000,9d4a632c-1da4-4855-8ee3-ca4ae32fb12e,worker_4,worker_4,DISK_LOAD,14.659483,0.114527,"Disk -> RAM [Model: 9d4a632c, Layer: 3f6d60c1]"
506676.728547,5000,9d4a632c-1da4-4855-8ee3-ca4ae32fb12e,worker_4,worker_4,MEM_MOVE,14.659483,0.114527,"RAM -> VRAM [Model: 9d4a632c, Layer: 3f6d60c1]"
506676.778547,5000,9d4a632c-1da4-4855-8ee3-ca4ae32fb12e,worker_4,worker_4,GPU_COMPUTE,0.050000,0.050000,GPU Compute
506676.936547,5000,9d4a632c-1da4-4855-8ee3-ca4ae32fb12e,worker_4,coordinator_0,NET_TRANSFER,0.000100,0.158000,Signal Finished
507360.417183,5000,9d4a632c-1da4-4855-8ee3-ca4ae32fb12e,coordinator_0,worker_1,NET_TRANSFER,8.541633,683.480636,Distribute Layer ID: 0730113f
507360.460044,5000,9d4a632c-1da4-4855-8ee3-ca4ae32fb12e,worker_1,worker_1,MEM_MOVE,5.486235,0.042861,"Evict VRAM -> RAM [Model: efe1fad9, Layer: eb84c4e0]"
507360.559075,5000,9d4a632c-1da4-4855-8ee3-ca4ae32fb12e,worker_1,worker_1,MEM_MOVE,12.675911,0.099031,"Evict VRAM -> RAM [Model: 946dc1c0, Layer: 45f96458]"
507360.625807,5000,9d4a632c-1da4-4855-8ee3-ca4ae32fb12e,worker_1,worker_1,DISK_LOAD,8.541633,0.066732,"Disk -> RAM [Model: 9d4a632c, Layer: 0730113f]"
507360.692538,5000,9d4a632c-1da4-4855-8ee3-ca4ae32fb12e,worker_1,worker_1,MEM_MOVE,8.541633,0.066732,"RAM -> VRAM [Model: 9d4a632c, Layer: 0730113f]"
507360.742538,5000,9d4a632c-1da4-4855-8ee3-ca4ae32fb12e,worker_1,worker_1,GPU_COMPUTE,0.050000,0.050000,GPU Compute
507360.900538,5000,9d4a632c-1da4-4855-8ee3-ca4ae32fb12e,worker_1,coordinator_0,NET_TRANSFER,0.000100,0.158000,Signal Finished
508039.058636,5000,9d4a632c-1da4-4855-8ee3-ca4ae32fb12e,coordinator_0,worker_2,NET_TRANSFER,8.475101,678.158098,Distribute Layer ID: a2f661c3
508039.124847,5000,9d4a632c-1da4-4855-8ee3-ca4ae32fb12e,worker_2,worker_2,DISK_LOAD,8.475101,0.066212,"Disk -> RAM [Model: 9d4a632c, Layer: a2f661c3]"
508039.191059,5000,9d4a632c-1da4-4855-8ee3-ca4ae32fb12e,worker_2,worker_2,MEM_MOVE,8.475101,0.066212,"RAM -> VRAM [Model: 9d4a632c, Layer: a2f661c3]"
508039.241059,5000,9d4a632c-1da4-4855-8ee3-ca4ae32fb12e,worker_2,worker_2,GPU_COMPUTE,0.050000,0.050000,GPU Compute
508039.399059,5000,9d4a632c-1da4-4855-8ee3-ca4ae32fb12e,worker_2,coordinator_0,NET_TRANSFER,0.000100,0.158000,Signal Finished
509216.098463,5000,9d4a632c-1da4-4855-8ee3-ca4ae32fb12e,coordinator_0,worker_3,NET_TRANSFER,14.706868,1176.699404,Distribute Layer ID: bcd50f9f
509216.154322,5000,9d4a632c-1da4-4855-8ee3-ca4ae32fb12e,worker_3,worker_3,MEM_MOVE,7.149865,0.055858,"Evict VRAM -> RAM [Model: 750b7e46, Layer: 271ee18b]"
509216.217984,5000,9d4a632c-1da4-4855-8ee3-ca4ae32fb12e,worker_3,worker_3,MEM_MOVE,8.148767,0.063662,"Evict VRAM -> RAM [Model: 946dc1c0, Layer: fd8f5f51]"
509216.332881,5000,9d4a632c-1da4-4855-8ee3-ca4ae32fb12e,worker_3,worker_3,DISK_LOAD,14.706868,0.114897,"Disk -> RAM [Model: 9d4a632c, Layer: bcd50f9f]"
509216.447779,5000,9d4a632c-1da4-4855-8ee3-ca4ae32fb12e,worker_3,worker_3,MEM_MOVE,14.706868,0.114897,"RAM -> VRAM [Model: 9d4a632c, Layer: bcd50f9f]"
509216.497779,5000,9d4a632c-1da4-4855-8ee3-ca4ae32fb12e,worker_3,worker_3,GPU_COMPUTE,0.050000,0.050000,GPU Compute
509216.655779,5000,9d4a632c-1da4-4855-8ee3-ca4ae32fb12e,worker_3,coordinator_0,NET_TRANSFER,0.000100,0.158000,Signal Finished
509946.732746,5000,9d4a632c-1da4-4855-8ee3-ca4ae32fb12e,coordinator_0,worker_4,NET_TRANSFER,9.124087,730.076967,Distribute Layer ID: 5b80f23e
509946.804028,5000,9d4a632c-1da4-4855-8ee3-ca4ae32fb12e,worker_4,worker_4,DISK_LOAD,9.124087,0.071282,"Disk -> RAM [Model: 9d4a632c, Layer: 5b80f23e]"
509946.875310,5000,9d4a632c-1da4-4855-8ee3-ca4ae32fb12e,worker_4,worker_4,MEM_MOVE,9.124087,0.071282,"RAM -> VRAM [Model: 9d4a632c, Layer: 5b80f23e]"
509946.925310,5000,9d4a632c-1da4-4855-8ee3-ca4ae32fb12e,worker_4,worker_4,GPU_COMPUTE,0.050000,0.050000,GPU Compute
509947.083310,5000,9d4a632c-1da4-4855-8ee3-ca4ae32fb12e,worker_4,coordinator_0,NET_TRANSFER,0.000100,0.158000,Signal Finished
510702.248013,5000,9d4a632c-1da4-4855-8ee3-ca4ae32fb12e,coordinator_0,worker_1,NET_TRANSFER,9.437684,755.164703,Distribute Layer ID: 6b277a5c
510702.321745,5000,9d4a632c-1da4-4855-8ee3-ca4ae32fb12e,worker_1,worker_1,DISK_LOAD,9.437684,0.073732,"Disk -> RAM [Model: 9d4a632c, Layer: 6b277a5c]"
510702.395477,5000,9d4a632c-1da4-4855-8ee3-ca4ae32fb12e,worker_1,worker_1,MEM_MOVE,9.437684,0.073732,"RAM -> VRAM [Model: 9d4a632c, Layer: 6b277a5c]"
510702.445477,5000,9d4a632c-1da4-4855-8ee3-ca4ae32fb12e,worker_1,worker_1,GPU_COMPUTE,0.050000,0.050000,GPU Compute
510702.603477,5000,9d4a632c-1da4-4855-8ee3-ca4ae32fb12e,worker_1,coordinator_0,NET_TRANSFER,0.000100,0.158000,Signal Finished
511669.787919,5000,9d4a632c-1da4-4855-8ee3-ca4ae32fb12e,coordinator_0,worker_2,NET_TRANSFER,12.087931,967.184441,Distribute Layer ID: d0bada66
511669.866209,5000,9d4a632c-1da4-4855-8ee3-ca4ae32fb12e,worker_2,worker_2,MEM_MOVE,10.021220,0.078291,"Evict VRAM -> RAM [Model: 946dc1c0, Layer: bd02e3ae]"
511669.960646,5000,9d4a632c-1da4-4855-8ee3-ca4ae32fb12e,worker_2,worker_2,DISK_LOAD,12.087931,0.094437,"Disk -> RAM [Model: 9d4a632c, Layer: d0bada66]"
511670.055083,5000,9d4a632c-1da4-4855-8ee3-ca4ae32fb12e,worker_2,worker_2,MEM_MOVE,12.087931,0.094437,"RAM -> VRAM [Model: 9d4a632c, Layer: d0bada66]"
511670.105083,5000,9d4a632c-1da4-4855-8ee3-ca4ae32fb12e,worker_2,worker_2,GPU_COMPUTE,0.050000,0.050000,GPU Compute
511670.263083,5000,9d4a632c-1da4-4855-8ee3-ca4ae32fb12e,worker_2,coordinator_0,NET_TRANSFER,0.000100,0.158000,Signal Finished
512687.100685,5000,9d4a632c-1da4-4855-8ee3-ca4ae32fb12e,coordinator_0,worker_3,NET_TRANSFER,12.708595,1016.837602,Distribute Layer ID: 833c2054
512687.158790,5000,9d4a632c-1da4-4855-8ee3-ca4ae32fb12e,worker_3,worker_3,MEM_MOVE,7.437431,0.058105,"Evict VRAM -> RAM [Model: efe1fad9, Layer: d5886892]"
512687.271524,5000,9d4a632c-1da4-4855-8ee3-ca4ae32fb12e,worker_3,worker_3,MEM_MOVE,14.429904,0.112734,"Evict VRAM -> RAM [Model: 2ede82b5, Layer: b10edaa3]"
512687.370810,5000,9d4a632c-1da4-4855-8ee3-ca4ae32fb12e,worker_3,worker_3,DISK_LOAD,12.708595,0.099286,"Disk -> RAM [Model: 9d4a632c, Layer: 833c2054]"
512687.470096,5000,9d4a632c-1da4-4855-8ee3-ca4ae32fb12e,worker_3,worker_3,MEM_MOVE,12.708595,0.099286,"RAM -> VRAM [Model: 9d4a632c, Layer: 833c2054]"
512687.520096,5000,9d4a632c-1da4-4855-8ee3-ca4ae32fb12e,worker_3,worker_3,GPU_COMPUTE,0.050000,0.050000,GPU Compute
512687.678096,5000,9d4a632c-1da4-4855-8ee3-ca4ae32fb12e,worker_3,coordinator_0,NET_TRANSFER,0.000100,0.158000,Signal Finished
513218.753281,5000,9d4a632c-1da4-4855-8ee3-ca4ae32fb12e,coordinator_0,worker_4,NET_TRANSFER,6.636565,531.075186,Distribute Layer ID: 313f14ee
513218.848074,5000,9d4a632c-1da4-4855-8ee3-ca4ae32fb12e,worker_4,worker_4,MEM_MOVE,12.133417,0.094792,"Evict VRAM -> RAM [Model: 946dc1c0, Layer: 33c9a149]"
513218.899922,5000,9d4a632c-1da4-4855-8ee3-ca4ae32fb12e,worker_4,worker_4,DISK_LOAD,6.636565,0.051848,"Disk -> RAM [Model: 9d4a632c, Layer: 313f14ee]"
513218.951770,5000,9d4a632c-1da4-4855-8ee3-ca4ae32fb12e,worker_4,worker_4,MEM_MOVE,6.636565,0.051848,"RAM -> VRAM [Model: 9d4a632c, Layer: 313f14ee]"
513219.001770,5000,9d4a632c-1da4-4855-8ee3-ca4ae32fb12e,worker_4,worker_4,GPU_COMPUTE,0.050000,0.050000,GPU Compute
513219.159770,5000,9d4a632c-1da4-4855-8ee3-ca4ae32fb12e,worker_4,coordinator_0,NET_TRANSFER,0.000100,0.158000,Signal Finished
514025.370332,5000,9d4a632c-1da4-4855-8ee3-ca4ae32fb12e,coordinator_0,worker_1,NET_TRANSFER,10.075757,806.210563,Distribute Layer ID: 3c96aace
514025.429282,5000,9d4a632c-1da4-4855-8ee3-ca4ae32fb12e,worker_1,worker_1,MEM_MOVE,7.545574,0.058950,"Evict VRAM -> RAM [Model: 750b7e46, Layer: a38448f6]"
514025.515926,5000,9d4a632c-1da4-4855-8ee3-ca4ae32fb12e,worker_1,worker_1,MEM_MOVE,11.090414,0.086644,"Evict VRAM -> RAM [Model: efe1fad9, Layer: a03eab0a]"
514025.594643,5000,9d4a632c-1da4-4855-8ee3-ca4ae32fb12e,worker_1,worker_1,DISK_LOAD,10.075757,0.078717,"Disk -> RAM [Model: 9d4a632c, Layer: 3c96aace]"
514025.673360,5000,9d4a632c-1da4-4855-8ee3-ca4ae32fb12e,worker_1,worker_1,MEM_MOVE,10.075757,0.078717,"RAM -> VRAM [Model: 9d4a632c, Layer: 3c96aace]"
514025.723360,5000,9d4a632c-1da4-4855-8ee3-ca4ae32fb12e,worker_1,worker_1,GPU_COMPUTE,0.050000,0.050000,GPU Compute
514025.881360,5000,9d4a632c-1da4-4855-8ee3-ca4ae32fb12e,worker_1,coordinator_0,NET_TRANSFER,0.000100,0.158000,Signal Finished
514844.966434,5000,9d4a632c-1da4-4855-8ee3-ca4ae32fb12e,coordinator_0,worker_2,NET_TRANSFER,10.236688,819.085074,Distribute Layer ID: 343d3cde
514845.037360,5000,9d4a632c-1da4-4855-8ee3-ca4ae32fb12e,worker_2,worker_2,MEM_MOVE,9.078566,0.070926,"Evict VRAM -> RAM [Model: ca30bd4c, Layer: 91f30810]"
514845.117335,5000,9d4a632c-1da4-4855-8ee3-ca4ae32fb12e,worker_2,worker_2,DISK_LOAD,10.236688,0.079974,"Disk -> RAM [Model: 9d4a632c, Layer: 343d3cde]"
514845.197309,5000,9d4a632c-1da4-4855-8ee3-ca4ae32fb12e,worker_2,worker_2,MEM_MOVE,10.236688,0.079974,"RAM -> VRAM [Model: 9d4a632c, Layer: 343d3cde]"
514845.247309,5000,9d4a632c-1da4-4855-8ee3-ca4ae32fb12e,worker_2,worker_2,GPU_COMPUTE,0.050000,0.050000,GPU Compute
514845.405309,5000,9d4a632c-1da4-4855-8ee3-ca4ae32fb12e,worker_2,coordinator_0,NET_TRANSFER,0.000100,0.158000,Signal Finished
515952.354325,5000,9d4a632c-1da4-4855-8ee3-ca4ae32fb12e,coordinator_0,worker_3,NET_TRANSFER,13.834988,1106.949016,Distribute Layer ID: b0aac3a5
515952.393462,5000,9d4a632c-1da4-4855-8ee3-ca4ae32fb12e,worker_3,worker_3,MEM_MOVE,5.009605,0.039138,"Evict VRAM -> RAM [Model: 2ede82b5, Layer: 9c0a114a]"
515952.501548,5000,9d4a632c-1da4-4855-8ee3-ca4ae32fb12e,worker_3,worker_3,DISK_LOAD,13.834988,0.108086,"Disk -> RAM [Model: 9d4a632c, Layer: b0aac3a5]"
515952.609634,5000,9d4a632c-1da4-4855-8ee3-ca4ae32fb12e,worker_3,worker_3,MEM_MOVE,13.834988,0.108086,"RAM -> VRAM [Model: 9d4a632c, Layer: b0aac3a5]"
515952.659634,5000,9d4a632c-1da4-4855-8ee3-ca4ae32fb12e,worker_3,worker_3,GPU_COMPUTE,0.050000,0.050000,GPU Compute
515952.817634,5000,9d4a632c-1da4-4855-8ee3-ca4ae32fb12e,worker_3,coordinator_0,NET_TRANSFER,0.000100,0.158000,Signal Finished
517040.968481,5000,9d4a632c-1da4-4855-8ee3-ca4ae32fb12e,coordinator_0,worker_4,NET_TRANSFER,13.600011,1088.150847,Distribute Layer ID: 1b7cf8a4
517041.020843,5000,9d4a632c-1da4-4855-8ee3-ca4ae32fb12e,worker_4,worker_4,MEM_MOVE,6.702239,0.052361,"Evict VRAM -> RAM [Model: 750b7e46, Layer: 745d59ad]"
517041.127606,5000,9d4a632c-1da4-4855-8ee3-ca4ae32fb12e,worker_4,worker_4,MEM_MOVE,13.665709,0.106763,"Evict VRAM -> RAM [Model: 750b7e46, Layer: 12049d34]"
517041.233856,5000,9d4a632c-1da4-4855-8ee3-ca4ae32fb12e,worker_4,worker_4,DISK_LOAD,13.600011,0.106250,"Disk -> RAM [Model: 9d4a632c, Layer: 1b7cf8a4]"
517041.340106,5000,9d4a632c-1da4-4855-8ee3-ca4ae32fb12e,worker_4,worker_4,MEM_MOVE,13.600011,0.106250,"RAM -> VRAM [Model: 9d4a632c, Layer: 1b7cf8a4]"
517041.390106,5000,9d4a632c-1da4-4855-8ee3-ca4ae32fb12e,worker_4,worker_4,GPU_COMPUTE,0.050000,0.050000,GPU Compute
517041.548106,5000,9d4a632c-1da4-4855-8ee3-ca4ae32fb12e,worker_4,coordinator_0,NET_TRANSFER,0.000100,0.158000,Signal Finished
517492.303898,5000,9d4a632c-1da4-4855-8ee3-ca4ae32fb12e,coordinator_0,worker_1,NET_TRANSFER,5.632572,450.755792,Distribute Layer ID: 2790df67
517492.347902,5000,9d4a632c-1da4-4855-8ee3-ca4ae32fb12e,worker_1,worker_1,DISK_LOAD,5.632572,0.044004,"Disk -> RAM [Model: 9d4a632c, Layer: 2790df67]"
517492.391907,5000,9d4a632c-1da4-4855-8ee3-ca4ae32fb12e,worker_1,worker_1,MEM_MOVE,5.632572,0.044004,"RAM -> VRAM [Model: 9d4a632c, Layer: 2790df67]"
517492.441907,5000,9d4a632c-1da4-4855-8ee3-ca4ae32fb12e,worker_1,worker_1,GPU_COMPUTE,0.050000,0.050000,GPU Compute
517492.599907,5000,9d4a632c-1da4-4855-8ee3-ca4ae32fb12e,worker_1,coordinator_0,NET_TRANSFER,0.000100,0.158000,Signal Finished
518441.429928,5000,9d4a632c-1da4-4855-8ee3-ca4ae32fb12e,coordinator_0,worker_2,NET_TRANSFER,11.858500,948.830021,Distribute Layer ID: 14c09a8c
518441.528763,5000,9d4a632c-1da4-4855-8ee3-ca4ae32fb12e,worker_2,worker_2,MEM_MOVE,12.650905,0.098835,"Evict VRAM -> RAM [Model: 946dc1c0, Layer: 0c5a7647]"
518441.621407,5000,9d4a632c-1da4-4855-8ee3-ca4ae32fb12e,worker_2,worker_2,DISK_LOAD,11.858500,0.092645,"Disk -> RAM [Model: 9d4a632c, Layer: 14c09a8c]"
518441.714052,5000,9d4a632c-1da4-4855-8ee3-ca4ae32fb12e,worker_2,worker_2,MEM_MOVE,11.858500,0.092645,"RAM -> VRAM [Model: 9d4a632c, Layer: 14c09a8c]"
518441.764052,5000,9d4a632c-1da4-4855-8ee3-ca4ae32fb12e,worker_2,worker_2,GPU_COMPUTE,0.050000,0.050000,GPU Compute
518441.922052,5000,9d4a632c-1da4-4855-8ee3-ca4ae32fb12e,worker_2,coordinator_0,NET_TRANSFER,0.000100,0.158000,Signal Finished
519047.555389,5000,9d4a632c-1da4-4855-8ee3-ca4ae32fb12e,coordinator_0,worker_3,NET_TRANSFER,7.568542,605.633337,Distribute Layer ID: 7b987103
519047.629319,5000,9d4a632c-1da4-4855-8ee3-ca4ae32fb12e,worker_3,worker_3,MEM_MOVE,9.463045,0.073930,"Evict VRAM -> RAM [Model: 2ede82b5, Layer: 0a3818c3]"
519047.688448,5000,9d4a632c-1da4-4855-8ee3-ca4ae32fb12e,worker_3,worker_3,DISK_LOAD,7.568542,0.059129,"Disk -> RAM [Model: 9d4a632c, Layer: 7b987103]"
519047.747577,5000,9d4a632c-1da4-4855-8ee3-ca4ae32fb12e,worker_3,worker_3,MEM_MOVE,7.568542,0.059129,"RAM -> VRAM [Model: 9d4a632c, Layer: 7b987103]"
519047.797577,5000,9d4a632c-1da4-4855-8ee3-ca4ae32fb12e,worker_3,worker_3,GPU_COMPUTE,0.050000,0.050000,GPU Compute
519047.955577,5000,9d4a632c-1da4-4855-8ee3-ca4ae32fb12e,worker_3,coordinator_0,NET_TRANSFER,0.000100,0.158000,Signal Finished
520241.978152,5000,9d4a632c-1da4-4855-8ee3-ca4ae32fb12e,coordinator_0,worker_4,NET_TRANSFER,14.923407,1194.022575,Distribute Layer ID: e51f91e3
520242.044116,5000,9d4a632c-1da4-4855-8ee3-ca4ae32fb12e,worker_4,worker_4,MEM_MOVE,8.443265,0.065963,"Evict VRAM -> RAM [Model: efe1fad9, Layer: 7de9e2e7]"
520242.160705,5000,9d4a632c-1da4-4855-8ee3-ca4ae32fb12e,worker_4,worker_4,DISK_LOAD,14.923407,0.116589,"Disk -> RAM [Model: 9d4a632c, Layer: e51f91e3]"
520242.277294,5000,9d4a632c-1da4-4855-8ee3-ca4ae32fb12e,worker_4,worker_4,MEM_MOVE,14.923407,0.116589,"RAM -> VRAM [Model: 9d4a632c, Layer: e51f91e3]"
520242.327294,5000,9d4a632c-1da4-4855-8ee3-ca4ae32fb12e,worker_4,worker_4,GPU_COMPUTE,0.050000,0.050000,GPU Compute
520242.485294,5000,9d4a632c-1da4-4855-8ee3-ca4ae32fb12e,worker_4,coordinator_0,NET_TRANSFER,0.000100,0.158000,Signal Finished
521303.660539,5000,9d4a632c-1da4-4855-8ee3-ca4ae32fb12e,coordinator_0,worker_1,NET_TRANSFER,13.262816,1061.175245,Distribute Layer ID: ba5672de
521303.744785,5000,9d4a632c-1da4-4855-8ee3-ca4ae32fb12e,worker_1,worker_1,MEM_MOVE,10.783565,0.084247,"Evict VRAM -> RAM [Model: fbf90d55, Layer: 80e9b393]"
521303.848401,5000,9d4a632c-1da4-4855-8ee3-ca4ae32fb12e,worker_1,worker_1,DISK_LOAD,13.262816,0.103616,"Disk -> RAM [Model: 9d4a632c, Layer: ba5672de]"
521303.952017,5000,9d4a632c-1da4-4855-8ee3-ca4ae32fb12e,worker_1,worker_1,MEM_MOVE,13.262816,0.103616,"RAM -> VRAM [Model: 9d4a632c, Layer: ba5672de]"
521304.002017,5000,9d4a632c-1da4-4855-8ee3-ca4ae32fb12e,worker_1,worker_1,GPU_COMPUTE,0.050000,0.050000,GPU Compute
521304.160017,5000,9d4a632c-1da4-4855-8ee3-ca4ae32fb12e,worker_1,coordinator_0,NET_TRANSFER,0.000100,0.158000,Signal Finished
521989.422076,5000,9d4a632c-1da4-4855-8ee3-ca4ae32fb12e,coordinator_0,worker_2,NET_TRANSFER,8.563901,685.262059,Distribute Layer ID: bb4bd569
521989.466782,5000,9d4a632c-1da4-4855-8ee3-ca4ae32fb12e,worker_2,worker_2,MEM_MOVE,5.722442,0.044707,"Evict VRAM -> RAM [Model: efe1fad9, Layer: 67aa6e2b]"
521989.531530,5000,9d4a632c-1da4-4855-8ee3-ca4ae32fb12e,worker_2,worker_2,MEM_MOVE,8.287646,0.064747,"Evict VRAM -> RAM [Model: 750b7e46, Layer: b70db892]"
521989.598435,5000,9d4a632c-1da4-4855-8ee3-ca4ae32fb12e,worker_2,worker_2,DISK_LOAD,8.563901,0.066905,"Disk -> RAM [Model: 9d4a632c, Layer: bb4bd569]"
521989.665341,5000,9d4a632c-1da4-4855-8ee3-ca4ae32fb12e,worker_2,worker_2,MEM_MOVE,8.563901,0.066905,"RAM -> VRAM [Model: 9d4a632c, Layer: bb4bd569]"
521989.715341,5000,9d4a632c-1da4-4855-8ee3-ca4ae32fb12e,worker_2,worker_2,GPU_COMPUTE,0.050000,0.050000,GPU Compute
521989.873341,5000,9d4a632c-1da4-4855-8ee3-ca4ae32fb12e,worker_2,coordinator_0,NET_TRANSFER,0.000100,0.158000,Signal Finished
522514.949158,5000,9d4a632c-1da4-4855-8ee3-ca4ae32fb12e,coordinator_0,worker_3,NET_TRANSFER,6.561573,525.075817,Distribute Layer ID: c9b0556c
522514.991649,5000,9d4a632c-1da4-4855-8ee3-ca4ae32fb12e,worker_3,worker_3,MEM_MOVE,5.438882,0.042491,"Evict VRAM -> RAM [Model: 750b7e46, Layer: 4974a4c8]"
522515.042911,5000,9d4a632c-1da4-4855-8ee3-ca4ae32fb12e,worker_3,worker_3,DISK_LOAD,6.561573,0.051262,"Disk -> RAM [Model: 9d4a632c, Layer: c9b0556c]"
522515.094174,5000,9d4a632c-1da4-4855-8ee3-ca4ae32fb12e,worker_3,worker_3,MEM_MOVE,6.561573,0.051262,"RAM -> VRAM [Model: 9d4a632c, Layer: c9b0556c]"
522515.144174,5000,9d4a632c-1da4-4855-8ee3-ca4ae32fb12e,worker_3,worker_3,GPU_COMPUTE,0.050000,0.050000,GPU Compute
522515.302174,5000,9d4a632c-1da4-4855-8ee3-ca4ae32fb12e,worker_3,coordinator_0,NET_TRANSFER,0.000100,0.158000,Signal Finished
523279.691853,5000,9d4a632c-1da4-4855-8ee3-ca4ae32fb12e,coordinator_0,worker_4,NET_TRANSFER,9.552996,764.389680,Distribute Layer ID: 26ebb7fe
523279.770542,5000,9d4a632c-1da4-4855-8ee3-ca4ae32fb12e,worker_4,worker_4,MEM_MOVE,10.072159,0.078689,"Evict VRAM -> RAM [Model: 946dc1c0, Layer: feee87de]"
523279.845175,5000,9d4a632c-1da4-4855-8ee3-ca4ae32fb12e,worker_4,worker_4,DISK_LOAD,9.552996,0.074633,"Disk -> RAM [Model: 9d4a632c, Layer: 26ebb7fe]"
523279.919807,5000,9d4a632c-1da4-4855-8ee3-ca4ae32fb12e,worker_4,worker_4,MEM_MOVE,9.552996,0.074633,"RAM -> VRAM [Model: 9d4a632c, Layer: 26ebb7fe]"
523279.969807,5000,9d4a632c-1da4-4855-8ee3-ca4ae32fb12e,worker_4,worker_4,GPU_COMPUTE,0.050000,0.050000,GPU Compute
523280.127807,5000,9d4a632c-1da4-4855-8ee3-ca4ae32fb12e,worker_4,coordinator_0,NET_TRANSFER,0.000100,0.158000,Signal Finished
523956.135927,5000,9d4a632c-1da4-4855-8ee3-ca4ae32fb12e,coordinator_0,worker_1,NET_TRANSFER,8.448226,676.008119,Distribute Layer ID: 65f79eb5
523956.216276,5000,9d4a632c-1da4-4855-8ee3-ca4ae32fb12e,worker_1,worker_1,MEM_MOVE,10.284684,0.080349,"Evict VRAM -> RAM [Model: 9d4a632c, Layer: fbd6abf9]"
523956.282277,5000,9d4a632c-1da4-4855-8ee3-ca4ae32fb12e,worker_1,worker_1,DISK_LOAD,8.448226,0.066002,"Disk -> RAM [Model: 9d4a632c, Layer: 65f79eb5]"
523956.348279,5000,9d4a632c-1da4-4855-8ee3-ca4ae32fb12e,worker_1,worker_1,MEM_MOVE,8.448226,0.066002,"RAM -> VRAM [Model: 9d4a632c, Layer: 65f79eb5]"
523956.398279,5000,9d4a632c-1da4-4855-8ee3-ca4ae32fb12e,worker_1,worker_1,GPU_COMPUTE,0.050000,0.050000,GPU Compute
523956.556279,5000,9d4a632c-1da4-4855-8ee3-ca4ae32fb12e,worker_1,coordinator_0,NET_TRANSFER,0.000100,0.158000,Signal Finished
524894.318883,5000,9d4a632c-1da4-4855-8ee3-ca4ae32fb12e,coordinator_0,worker_2,NET_TRANSFER,11.720158,937.762603,Distribute Layer ID: 97d83a5c
524894.394643,5000,9d4a632c-1da4-4855-8ee3-ca4ae32fb12e,worker_2,worker_2,MEM_MOVE,9.697286,0.075760,"Evict VRAM -> RAM [Model: 946dc1c0, Layer: 463862b8]"
524894.486206,5000,9d4a632c-1da4-4855-8ee3-ca4ae32fb12e,worker_2,worker_2,DISK_LOAD,11.720158,0.091564,"Disk -> RAM [Model: 9d4a632c, Layer: 97d83a5c]"
524894.577770,5000,9d4a632c-1da4-4855-8ee3-ca4ae32fb12e,worker_2,worker_2,MEM_MOVE,11.720158,0.091564,"RAM -> VRAM [Model: 9d4a632c, Layer: 97d83a5c]"
524894.627770,5000,9d4a632c-1da4-4855-8ee3-ca4ae32fb12e,worker_2,worker_2,GPU_COMPUTE,0.050000,0.050000,GPU Compute
524894.785770,5000,9d4a632c-1da4-4855-8ee3-ca4ae32fb12e,worker_2,coordinator_0,NET_TRANSFER,0.000100,0.158000,Signal Finished
525668.135051,5000,9d4a632c-1da4-4855-8ee3-ca4ae32fb12e,coordinator_0,worker_3,NET_TRANSFER,9.664991,773.349281,Distribute Layer ID: c5c7cef6
525668.197522,5000,9d4a632c-1da4-4855-8ee3-ca4ae32fb12e,worker_3,worker_3,MEM_MOVE,7.996245,0.062471,"Evict VRAM -> RAM [Model: 946dc1c0, Layer: 6c5361bc]"
525668.273030,5000,9d4a632c-1da4-4855-8ee3-ca4ae32fb12e,worker_3,worker_3,DISK_LOAD,9.664991,0.075508,"Disk -> RAM [Model: 9d4a632c, Layer: c5c7cef6]"
525668.348537,5000,9d4a632c-1da4-4855-8ee3-ca4ae32fb12e,worker_3,worker_3,MEM_MOVE,9.664991,0.075508,"RAM -> VRAM [Model: 9d4a632c, Layer: c5c7cef6]"
525668.398537,5000,9d4a632c-1da4-4855-8ee3-ca4ae32fb12e,worker_3,worker_3,GPU_COMPUTE,0.050000,0.050000,GPU Compute
525668.556537,5000,9d4a632c-1da4-4855-8ee3-ca4ae32fb12e,worker_3,coordinator_0,NET_TRANSFER,0.000100,0.158000,Signal Finished
526425.259417,5000,9d4a632c-1da4-4855-8ee3-ca4ae32fb12e,coordinator_0,worker_4,NET_TRANSFER,9.456911,756.702880,Distribute Layer ID: 31d3e36f
526425.329643,5000,9d4a632c-1da4-4855-8ee3-ca4ae32fb12e,worker_4,worker_4,MEM_MOVE,8.988933,0.070226,"Evict VRAM -> RAM [Model: 946dc1c0, Layer: 28bae1b6]"
526425.403525,5000,9d4a632c-1da4-4855-8ee3-ca4ae32fb12e,worker_4,worker_4,DISK_LOAD,9.456911,0.073882,"Disk -> RAM [Model: 9d4a632c, Layer: 31d3e36f]"
526425.477408,5000,9d4a632c-1da4-4855-8ee3-ca4ae32fb12e,worker_4,worker_4,MEM_MOVE,9.456911,0.073882,"RAM -> VRAM [Model: 9d4a632c, Layer: 31d3e36f]"
526425.527408,5000,9d4a632c-1da4-4855-8ee3-ca4ae32fb12e,worker_4,worker_4,GPU_COMPUTE,0.050000,0.050000,GPU Compute
526425.685408,5000,9d4a632c-1da4-4855-8ee3-ca4ae32fb12e,worker_4,coordinator_0,NET_TRANSFER,0.000100,0.158000,Signal Finished
527408.643735,5000,9d4a632c-1da4-4855-8ee3-ca4ae32fb12e,coordinator_0,worker_1,NET_TRANSFER,12.285104,982.958327,Distribute Layer ID: cea0a003
527408.727669,5000,9d4a632c-1da4-4855-8ee3-ca4ae32fb12e,worker_1,worker_1,MEM_MOVE,10.743604,0.083934,"Evict VRAM -> RAM [Model: 750b7e46, Layer: eda21072]"
527408.823647,5000,9d4a632c-1da4-4855-8ee3-ca4ae32fb12e,worker_1,worker_1,DISK_LOAD,12.285104,0.095977,"Disk -> RAM [Model: 9d4a632c, Layer: cea0a003]"
527408.919624,5000,9d4a632c-1da4-4855-8ee3-ca4ae32fb12e,worker_1,worker_1,MEM_MOVE,12.285104,0.095977,"RAM -> VRAM [Model: 9d4a632c, Layer: cea0a003]"
527408.969624,5000,9d4a632c-1da4-4855-8ee3-ca4ae32fb12e,worker_1,worker_1,GPU_COMPUTE,0.050000,0.050000,GPU Compute
527409.127624,5000,9d4a632c-1da4-4855-8ee3-ca4ae32fb12e,worker_1,coordinator_0,NET_TRANSFER,0.000100,0.158000,Signal Finished
528462.342376,5000,9d4a632c-1da4-4855-8ee3-ca4ae32fb12e,coordinator_0,worker_2,NET_TRANSFER,13.163309,1053.214752,Distribute Layer ID: 48197f83
528462.378762,5000,9d4a632c-1da4-4855-8ee3-ca4ae32fb12e,worker_2,worker_2,MEM_MOVE,4.657460,0.036386,"Evict VRAM -> RAM [Model: fbf90d55, Layer: 356f61ea]"
528462.445668,5000,9d4a632c-1da4-4855-8ee3-ca4ae32fb12e,worker_2,worker_2,MEM_MOVE,8.563901,0.066905,"Evict VRAM -> RAM [Model: 9d4a632c, Layer: bb4bd569]"
528462.548506,5000,9d4a632c-1da4-4855-8ee3-ca4ae32fb12e,worker_2,worker_2,DISK_LOAD,13.163309,0.102838,"Disk -> RAM [Model: 9d4a632c, Layer: 48197f83]"
528462.651344,5000,9d4a632c-1da4-4855-8ee3-ca4ae32fb12e,worker_2,worker_2,MEM_MOVE,13.163309,0.102838,"RAM -> VRAM [Model: 9d4a632c, Layer: 48197f83]"
528462.701344,5000,9d4a632c-1da4-4855-8ee3-ca4ae32fb12e,worker_2,worker_2,GPU_COMPUTE,0.050000,0.050000,GPU Compute
528462.859344,5000,9d4a632c-1da4-4855-8ee3-ca4ae32fb12e,worker_2,coordinator_0,NET_TRANSFER,0.000100,0.158000,Signal Finished
529269.933826,5000,9d4a632c-1da4-4855-8ee3-ca4ae32fb12e,coordinator_0,worker_3,NET_TRANSFER,10.086556,807.074482,Distribute Layer ID: cde081fa
529270.009334,5000,9d4a632c-1da4-4855-8ee3-ca4ae32fb12e,worker_3,worker_3,MEM_MOVE,9.664991,0.075508,"Evict VRAM -> RAM [Model: 9d4a632c, Layer: c5c7cef6]"
529270.088135,5000,9d4a632c-1da4-4855-8ee3-ca4ae32fb12e,worker_3,worker_3,DISK_LOAD,10.086556,0.078801,"Disk -> RAM [Model: 9d4a632c, Layer: cde081fa]"
529270.166936,5000,9d4a632c-1da4-4855-8ee3-ca4ae32fb12e,worker_3,worker_3,MEM_MOVE,10.086556,0.078801,"RAM -> VRAM [Model: 9d4a632c, Layer: cde081fa]"
529270.216936,5000,9d4a632c-1da4-4855-8ee3-ca4ae32fb12e,worker_3,worker_3,GPU_COMPUTE,0.050000,0.050000,GPU Compute
529270.374936,5000,9d4a632c-1da4-4855-8ee3-ca4ae32fb12e,worker_3,coordinator_0,NET_TRANSFER,0.000100,0.158000,Signal Finished
530145.972764,5000,9d4a632c-1da4-4855-8ee3-ca4ae32fb12e,coordinator_0,worker_4,NET_TRANSFER,10.943098,875.597828,Distribute Layer ID: 6245f0ba
530146.089353,5000,9d4a632c-1da4-4855-8ee3-ca4ae32fb12e,worker_4,worker_4,MEM_MOVE,14.923407,0.116589,"Evict VRAM -> RAM [Model: 9d4a632c, Layer: e51f91e3]"
530146.174846,5000,9d4a632c-1da4-4855-8ee3-ca4ae32fb12e,worker_4,worker_4,DISK_LOAD,10.943098,0.085493,"Disk -> RAM [Model: 9d4a632c, Layer: 6245f0ba]"
530146.260339,5000,9d4a632c-1da4-4855-8ee3-ca4ae32fb12e,worker_4,worker_4,MEM_MOVE,10.943098,0.085493,"RAM -> VRAM [Model: 9d4a632c, Layer: 6245f0ba]"
530146.310339,5000,9d4a632c-1da4-4855-8ee3-ca4ae32fb12e,worker_4,worker_4,GPU_COMPUTE,0.050000,0.050000,GPU Compute
530146.468339,5000,9d4a632c-1da4-4855-8ee3-ca4ae32fb12e,worker_4,coordinator_0,NET_TRANSFER,0.000100,0.158000,Signal Finished
531238.304672,5000,9d4a632c-1da4-4855-8ee3-ca4ae32fb12e,coordinator_0,worker_1,NET_TRANSFER,13.646079,1091.836333,Distribute Layer ID: 12eb9bb7
531238.340047,5000,9d4a632c-1da4-4855-8ee3-ca4ae32fb12e,worker_1,worker_1,MEM_MOVE,4.527924,0.035374,"Evict VRAM -> RAM [Model: ca30bd4c, Layer: c18b3b2e]"
531238.422954,5000,9d4a632c-1da4-4855-8ee3-ca4ae32fb12e,worker_1,worker_1,MEM_MOVE,10.612188,0.082908,"Evict VRAM -> RAM [Model: 946dc1c0, Layer: 39226934]"
531238.529564,5000,9d4a632c-1da4-4855-8ee3-ca4ae32fb12e,worker_1,worker_1,DISK_LOAD,13.646079,0.106610,"Disk -> RAM [Model: 9d4a632c, Layer: 12eb9bb7]"
531238.636174,5000,9d4a632c-1da4-4855-8ee3-ca4ae32fb12e,worker_1,worker_1,MEM_MOVE,13.646079,0.106610,"RAM -> VRAM [Model: 9d4a632c, Layer: 12eb9bb7]"
531238.686174,5000,9d4a632c-1da4-4855-8ee3-ca4ae32fb12e,worker_1,worker_1,GPU_COMPUTE,0.050000,0.050000,GPU Compute
531238.844174,5000,9d4a632c-1da4-4855-8ee3-ca4ae32fb12e,worker_1,coordinator_0,NET_TRANSFER,0.000100,0.158000,Signal Finished
531647.580971,5000,9d4a632c-1da4-4855-8ee3-ca4ae32fb12e,coordinator_0,worker_2,NET_TRANSFER,5.107335,408.736796,Distribute Layer ID: e45732aa
531647.620872,5000,9d4a632c-1da4-4855-8ee3-ca4ae32fb12e,worker_2,worker_2,DISK_LOAD,5.107335,0.039901,"Disk -> RAM [Model: 9d4a632c, Layer: e45732aa]"
531647.660773,5000,9d4a632c-1da4-4855-8ee3-ca4ae32fb12e,worker_2,worker_2,MEM_MOVE,5.107335,0.039901,"RAM -> VRAM [Model: 9d4a632c, Layer: e45732aa]"
531647.710773,5000,9d4a632c-1da4-4855-8ee3-ca4ae32fb12e,worker_2,worker_2,GPU_COMPUTE,0.050000,0.050000,GPU Compute
531647.868773,5000,9d4a632c-1da4-4855-8ee3-ca4ae32fb12e,worker_2,coordinator_0,NET_TRANSFER,0.000100,0.158000,Signal Finished
532099.568957,5000,9d4a632c-1da4-4855-8ee3-ca4ae32fb12e,coordinator_0,worker_3,NET_TRANSFER,5.644377,451.700185,Distribute Layer ID: e2bfd2ee
532099.683855,5000,9d4a632c-1da4-4855-8ee3-ca4ae32fb12e,worker_3,worker_3,MEM_MOVE,14.706868,0.114897,"Evict VRAM -> RAM [Model: 9d4a632c, Layer: bcd50f9f]"
532099.727952,5000,9d4a632c-1da4-4855-8ee3-ca4ae32fb12e,worker_3,worker_3,DISK_LOAD,5.644377,0.044097,"Disk -> RAM [Model: 9d4a632c, Layer: e2bfd2ee]"
532099.772048,5000,9d4a632c-1da4-4855-8ee3-ca4ae32fb12e,worker_3,worker_3,MEM_MOVE,5.644377,0.044097,"RAM -> VRAM [Model: 9d4a632c, Layer: e2bfd2ee]"
532099.822048,5000,9d4a632c-1da4-4855-8ee3-ca4ae32fb12e,worker_3,worker_3,GPU_COMPUTE,0.050000,0.050000,GPU Compute
532099.980048,5000,9d4a632c-1da4-4855-8ee3-ca4ae32fb12e,worker_3,coordinator_0,NET_TRANSFER,0.000100,0.158000,Signal Finished
532591.592016,5000,9d4a632c-1da4-4855-8ee3-ca4ae32fb12e,coordinator_0,worker_4,NET_TRANSFER,6.143275,491.611967,Distribute Layer ID: e01600cb
532591.640010,5000,9d4a632c-1da4-4855-8ee3-ca4ae32fb12e,worker_4,worker_4,DISK_LOAD,6.143275,0.047994,"Disk -> RAM [Model: 9d4a632c, Layer: e01600cb]"
532591.688004,5000,9d4a632c-1da4-4855-8ee3-ca4ae32fb12e,worker_4,worker_4,MEM_MOVE,6.143275,0.047994,"RAM -> VRAM [Model: 9d4a632c, Layer: e01600cb]"
532591.738004,5000,9d4a632c-1da4-4855-8ee3-ca4ae32fb12e,worker_4,worker_4,GPU_COMPUTE,0.050000,0.050000,GPU Compute
532591.896004,5000,9d4a632c-1da4-4855-8ee3-ca4ae32fb12e,worker_4,coordinator_0,NET_TRANSFER,0.000100,0.158000,Signal Finished
533068.674881,5000,9d4a632c-1da4-4855-8ee3-ca4ae32fb12e,coordinator_0,worker_1,NET_TRANSFER,5.957861,476.778877,Distribute Layer ID: 88f9a850
533068.737636,5000,9d4a632c-1da4-4855-8ee3-ca4ae32fb12e,worker_1,worker_1,MEM_MOVE,8.032699,0.062755,"Evict VRAM -> RAM [Model: fbf90d55, Layer: 4eac0208]"
533068.784182,5000,9d4a632c-1da4-4855-8ee3-ca4ae32fb12e,worker_1,worker_1,DISK_LOAD,5.957861,0.046546,"Disk -> RAM [Model: 9d4a632c, Layer: 88f9a850]"
533068.830728,5000,9d4a632c-1da4-4855-8ee3-ca4ae32fb12e,worker_1,worker_1,MEM_MOVE,5.957861,0.046546,"RAM -> VRAM [Model: 9d4a632c, Layer: 88f9a850]"
533068.880728,5000,9d4a632c-1da4-4855-8ee3-ca4ae32fb12e,worker_1,worker_1,GPU_COMPUTE,0.050000,0.050000,GPU Compute
533069.038728,5000,9d4a632c-1da4-4855-8ee3-ca4ae32fb12e,worker_1,coordinator_0,NET_TRANSFER,0.000100,0.158000,Signal Finished
533951.273976,5000,9d4a632c-1da4-4855-8ee3-ca4ae32fb12e,coordinator_0,worker_2,NET_TRANSFER,11.026066,882.235248,Distribute Layer ID: 360e7269
533951.334948,5000,9d4a632c-1da4-4855-8ee3-ca4ae32fb12e,worker_2,worker_2,MEM_MOVE,7.804528,0.060973,"Evict VRAM -> RAM [Model: 750b7e46, Layer: 8785976b]"
533951.446643,5000,9d4a632c-1da4-4855-8ee3-ca4ae32fb12e,worker_2,worker_2,MEM_MOVE,14.296900,0.111695,"Evict VRAM -> RAM [Model: 2ede82b5, Layer: f8f42664]"
533951.532784,5000,9d4a632c-1da4-4855-8ee3-ca4ae32fb12e,worker_2,worker_2,DISK_LOAD,11.026066,0.086141,"Disk -> RAM [Model: 9d4a632c, Layer: 360e7269]"
533951.618925,5000,9d4a632c-1da4-4855-8ee3-ca4ae32fb12e,worker_2,worker_2,MEM_MOVE,11.026066,0.086141,"RAM -> VRAM [Model: 9d4a632c, Layer: 360e7269]"
533951.668925,5000,9d4a632c-1da4-4855-8ee3-ca4ae32fb12e,worker_2,worker_2,GPU_COMPUTE,0.050000,0.050000,GPU Compute
533951.826925,5000,9d4a632c-1da4-4855-8ee3-ca4ae32fb12e,worker_2,coordinator_0,NET_TRANSFER,0.000100,0.158000,Signal Finished
535126.960992,5000,9d4a632c-1da4-4855-8ee3-ca4ae32fb12e,coordinator_0,worker_3,NET_TRANSFER,14.687301,1175.134066,Distribute Layer ID: a4505075
535127.066399,5000,9d4a632c-1da4-4855-8ee3-ca4ae32fb12e,worker_3,worker_3,MEM_MOVE,13.492128,0.105407,"Evict VRAM -> RAM [Model: 946dc1c0, Layer: 69ef9dff]"
535127.181143,5000,9d4a632c-1da4-4855-8ee3-ca4ae32fb12e,worker_3,worker_3,DISK_LOAD,14.687301,0.114745,"Disk -> RAM [Model: 9d4a632c, Layer: a4505075]"
535127.295888,5000,9d4a632c-1da4-4855-8ee3-ca4ae32fb12e,worker_3,worker_3,MEM_MOVE,14.687301,0.114745,"RAM -> VRAM [Model: 9d4a632c, Layer: a4505075]"
535127.345888,5000,9d4a632c-1da4-4855-8ee3-ca4ae32fb12e,worker_3,worker_3,GPU_COMPUTE,0.050000,0.050000,GPU Compute
535127.503888,5000,9d4a632c-1da4-4855-8ee3-ca4ae32fb12e,worker_3,coordinator_0,NET_TRANSFER,0.000100,0.158000,Signal Finished
535648.742592,5000,9d4a632c-1da4-4855-8ee3-ca4ae32fb12e,coordinator_0,worker_4,NET_TRANSFER,6.513609,521.238704,Distribute Layer ID: 66b7de0b
535648.833884,5000,9d4a632c-1da4-4855-8ee3-ca4ae32fb12e,worker_4,worker_4,MEM_MOVE,11.685398,0.091292,"Evict VRAM -> RAM [Model: fbf90d55, Layer: 72fc36b2]"
535648.884772,5000,9d4a632c-1da4-4855-8ee3-ca4ae32fb12e,worker_4,worker_4,DISK_LOAD,6.513609,0.050888,"Disk -> RAM [Model: 9d4a632c, Layer: 66b7de0b]"
535648.935659,5000,9d4a632c-1da4-4855-8ee3-ca4ae32fb12e,worker_4,worker_4,MEM_MOVE,6.513609,0.050888,"RAM -> VRAM [Model: 9d4a632c, Layer: 66b7de0b]"
535648.985659,5000,9d4a632c-1da4-4855-8ee3-ca4ae32fb12e,worker_4,worker_4,GPU_COMPUTE,0.050000,0.050000,GPU Compute
535649.143659,5000,9d4a632c-1da4-4855-8ee3-ca4ae32fb12e,worker_4,coordinator_0,NET_TRANSFER,0.000100,0.158000,Signal Finished
536062.561990,5000,9d4a632c-1da4-4855-8ee3-ca4ae32fb12e,coordinator_0,worker_1,NET_TRANSFER,5.165854,413.418331,Distribute Layer ID: 89ae90d5
536062.640707,5000,9d4a632c-1da4-4855-8ee3-ca4ae32fb12e,worker_1,worker_1,MEM_MOVE,10.075757,0.078717,"Evict VRAM -> RAM [Model: 9d4a632c, Layer: 3c96aace]"
536062.681065,5000,9d4a632c-1da4-4855-8ee3-ca4ae32fb12e,worker_1,worker_1,DISK_LOAD,5.165854,0.040358,"Disk -> RAM [Model: 9d4a632c, Layer: 89ae90d5]"
536062.721423,5000,9d4a632c-1da4-4855-8ee3-ca4ae32fb12e,worker_1,worker_1,MEM_MOVE,5.165854,0.040358,"RAM -> VRAM [Model: 9d4a632c, Layer: 89ae90d5]"
536062.771423,5000,9d4a632c-1da4-4855-8ee3-ca4ae32fb12e,worker_1,worker_1,GPU_COMPUTE,0.050000,0.050000,GPU Compute
536062.929423,5000,9d4a632c-1da4-4855-8ee3-ca4ae32fb12e,worker_1,coordinator_0,NET_TRANSFER,0.000100,0.158000,Signal Finished
537076.984180,5000,9d4a632c-1da4-4855-8ee3-ca4ae32fb12e,coordinator_0,worker_2,NET_TRANSFER,12.673809,1014.054757,Distribute Layer ID: 7f05d1f3
537077.072395,5000,9d4a632c-1da4-4855-8ee3-ca4ae32fb12e,worker_2,worker_2,MEM_MOVE,11.291507,0.088215,"Evict VRAM -> RAM [Model: efe1fad9, Layer: 3e23dc8d]"
537077.171409,5000,9d4a632c-1da4-4855-8ee3-ca4ae32fb12e,worker_2,worker_2,DISK_LOAD,12.673809,0.099014,"Disk -> RAM [Model: 9d4a632c, Layer: 7f05d1f3]"
537077.270423,5000,9d4a632c-1da4-4855-8ee3-ca4ae32fb12e,worker_2,worker_2,MEM_MOVE,12.673809,0.099014,"RAM -> VRAM [Model: 9d4a632c, Layer: 7f05d1f3]"
537077.320423,5000,9d4a632c-1da4-4855-8ee3-ca4ae32fb12e,worker_2,worker_2,GPU_COMPUTE,0.050000,0.050000,GPU Compute
537077.478423,5000,9d4a632c-1da4-4855-8ee3-ca4ae32fb12e,worker_2,coordinator_0,NET_TRANSFER,0.000100,0.158000,Signal Finished
537886.514418,5000,9d4a632c-1da4-4855-8ee3-ca4ae32fb12e,coordinator_0,worker_3,NET_TRANSFER,10.111075,809.035994,Distribute Layer ID: 2a34ccff
537886.593410,5000,9d4a632c-1da4-4855-8ee3-ca4ae32fb12e,worker_3,worker_3,DISK_LOAD,10.111075,0.078993,"Disk -> RAM [Model: 9d4a632c, Layer: 2a34ccff]"
537886.672403,5000,9d4a632c-1da4-4855-8ee3-ca4ae32fb12e,worker_3,worker_3,MEM_MOVE,10.111075,0.078993,"RAM -> VRAM [Model: 9d4a632c, Layer: 2a34ccff]"
537886.722403,5000,9d4a632c-1da4-4855-8ee3-ca4ae32fb12e,worker_3,worker_3,GPU_COMPUTE,0.050000,0.050000,GPU Compute
537886.880403,5000,9d4a632c-1da4-4855-8ee3-ca4ae32fb12e,worker_3,coordinator_0,NET_TRANSFER,0.000100,0.158000,Signal Finished
538780.276386,5000,9d4a632c-1da4-4855-8ee3-ca4ae32fb12e,coordinator_0,worker_4,NET_TRANSFER,11.165575,893.395983,Distribute Layer ID: 07d6c723
538780.330524,5000,9d4a632c-1da4-4855-8ee3-ca4ae32fb12e,worker_4,worker_4,MEM_MOVE,6.929607,0.054138,"Evict VRAM -> RAM [Model: efe1fad9, Layer: 98c3db57]"
538780.417755,5000,9d4a632c-1da4-4855-8ee3-ca4ae32fb12e,worker_4,worker_4,DISK_LOAD,11.165575,0.087231,"Disk -> RAM [Model: 9d4a632c, Layer: 07d6c723]"
538780.504986,5000,9d4a632c-1da4-4855-8ee3-ca4ae32fb12e,worker_4,worker_4,MEM_MOVE,11.165575,0.087231,"RAM -> VRAM [Model: 9d4a632c, Layer: 07d6c723]"
538780.554986,5000,9d4a632c-1da4-4855-8ee3-ca4ae32fb12e,worker_4,worker_4,GPU_COMPUTE,0.050000,0.050000,GPU Compute
538780.712986,5000,9d4a632c-1da4-4855-8ee3-ca4ae32fb12e,worker_4,coordinator_0,NET_TRANSFER,0.000100,0.158000,Signal Finished
539465.080983,5000,9d4a632c-1da4-4855-8ee3-ca4ae32fb12e,coordinator_0,worker_1,NET_TRANSFER,8.552725,684.367997,Distribute Layer ID: 708ffffd
539465.147801,5000,9d4a632c-1da4-4855-8ee3-ca4ae32fb12e,worker_1,worker_1,DISK_LOAD,8.552725,0.066818,"Disk -> RAM [Model: 9d4a632c, Layer: 708ffffd]"
539465.214619,5000,9d4a632c-1da4-4855-8ee3-ca4ae32fb12e,worker_1,worker_1,MEM_MOVE,8.552725,0.066818,"RAM -> VRAM [Model: 9d4a632c, Layer: 708ffffd]"
539465.264619,5000,9d4a632c-1da4-4855-8ee3-ca4ae32fb12e,worker_1,worker_1,GPU_COMPUTE,0.050000,0.050000,GPU Compute
539465.422619,5000,9d4a632c-1da4-4855-8ee3-ca4ae32fb12e,worker_1,coordinator_0,NET_TRANSFER,0.000100,0.158000,Signal Finished
539939.164188,5000,9d4a632c-1da4-4855-8ee3-ca4ae32fb12e,coordinator_0,worker_2,NET_TRANSFER,5.919895,473.741569,Distribute Layer ID: 52c8bf74
539939.210437,5000,9d4a632c-1da4-4855-8ee3-ca4ae32fb12e,worker_2,worker_2,DISK_LOAD,5.919895,0.046249,"Disk -> RAM [Model: 9d4a632c, Layer: 52c8bf74]"
539939.256687,5000,9d4a632c-1da4-4855-8ee3-ca4ae32fb12e,worker_2,worker_2,MEM_MOVE,5.919895,0.046249,"RAM -> VRAM [Model: 9d4a632c, Layer: 52c8bf74]"
539939.306687,5000,9d4a632c-1da4-4855-8ee3-ca4ae32fb12e,worker_2,worker_2,GPU_COMPUTE,0.050000,0.050000,GPU Compute
539939.464687,5000,9d4a632c-1da4-4855-8ee3-ca4ae32fb12e,worker_2,coordinator_0,NET_TRANSFER,0.000100,0.158000,Signal Finished
540772.035544,5000,9d4a632c-1da4-4855-8ee3-ca4ae32fb12e,coordinator_0,worker_3,NET_TRANSFER,10.405261,832.570857,Distribute Layer ID: 612c9333
540772.110019,5000,9d4a632c-1da4-4855-8ee3-ca4ae32fb12e,worker_3,worker_3,MEM_MOVE,9.532783,0.074475,"Evict VRAM -> RAM [Model: 750b7e46, Layer: fc26a2cc]"
540772.149768,5000,9d4a632c-1da4-4855-8ee3-ca4ae32fb12e,worker_3,worker_3,MEM_MOVE,5.087857,0.039749,"Evict VRAM -> RAM [Model: ca30bd4c, Layer: 364211b1]"
540772.231059,5000,9d4a632c-1da4-4855-8ee3-ca4ae32fb12e,worker_3,worker_3,DISK_LOAD,10.405261,0.081291,"Disk -> RAM [Model: 9d4a632c, Layer: 612c9333]"
540772.312350,5000,9d4a632c-1da4-4855-8ee3-ca4ae32fb12e,worker_3,worker_3,MEM_MOVE,10.405261,0.081291,"RAM -> VRAM [Model: 9d4a632c, Layer: 612c9333]"
540772.362350,5000,9d4a632c-1da4-4855-8ee3-ca4ae32fb12e,worker_3,worker_3,GPU_COMPUTE,0.050000,0.050000,GPU Compute
540772.520350,5000,9d4a632c-1da4-4855-8ee3-ca4ae32fb12e,worker_3,coordinator_0,NET_TRANSFER,0.000100,0.158000,Signal Finished
541297.966758,5000,9d4a632c-1da4-4855-8ee3-ca4ae32fb12e,coordinator_0,worker_4,NET_TRANSFER,6.566205,525.446408,Distribute Layer ID: d52347e2
541298.038040,5000,9d4a632c-1da4-4855-8ee3-ca4ae32fb12e,worker_4,worker_4,MEM_MOVE,9.124087,0.071282,"Evict VRAM -> RAM [Model: 9d4a632c, Layer: 5b80f23e]"
541298.089338,5000,9d4a632c-1da4-4855-8ee3-ca4ae32fb12e,worker_4,worker_4,DISK_LOAD,6.566205,0.051298,"Disk -> RAM [Model: 9d4a632c, Layer: d52347e2]"
541298.140637,5000,9d4a632c-1da4-4855-8ee3-ca4ae32fb12e,worker_4,worker_4,MEM_MOVE,6.566205,0.051298,"RAM -> VRAM [Model: 9d4a632c, Layer: d52347e2]"
541298.190637,5000,9d4a632c-1da4-4855-8ee3-ca4ae32fb12e,worker_4,worker_4,GPU_COMPUTE,0.050000,0.050000,GPU Compute
541298.348637,5000,9d4a632c-1da4-4855-8ee3-ca4ae32fb12e,worker_4,coordinator_0,NET_TRANSFER,0.000100,0.158000,Signal Finished
542459.901195,5000,9d4a632c-1da4-4855-8ee3-ca4ae32fb12e,coordinator_0,worker_1,NET_TRANSFER,14.517532,1161.552558,Distribute Layer ID: 7bfddc45
542459.963655,5000,9d4a632c-1da4-4855-8ee3-ca4ae32fb12e,worker_1,worker_1,MEM_MOVE,7.994875,0.062460,"Evict VRAM -> RAM [Model: 2ede82b5, Layer: 8af21ad1]"
542460.052834,5000,9d4a632c-1da4-4855-8ee3-ca4ae32fb12e,worker_1,worker_1,MEM_MOVE,11.414892,0.089179,"Evict VRAM -> RAM [Model: 946dc1c0, Layer: d4bada5c]"
542460.166252,5000,9d4a632c-1da4-4855-8ee3-ca4ae32fb12e,worker_1,worker_1,DISK_LOAD,14.517532,0.113418,"Disk -> RAM [Model: 9d4a632c, Layer: 7bfddc45]"
542460.279670,5000,9d4a632c-1da4-4855-8ee3-ca4ae32fb12e,worker_1,worker_1,MEM_MOVE,14.517532,0.113418,"RAM -> VRAM [Model: 9d4a632c, Layer: 7bfddc45]"
542460.329670,5000,9d4a632c-1da4-4855-8ee3-ca4ae32fb12e,worker_1,worker_1,GPU_COMPUTE,0.050000,0.050000,GPU Compute
542460.487670,5000,9d4a632c-1da4-4855-8ee3-ca4ae32fb12e,worker_1,coordinator_0,NET_TRANSFER,0.000100,0.158000,Signal Finished
543620.455249,5000,9d4a632c-1da4-4855-8ee3-ca4ae32fb12e,coordinator_0,worker_2,NET_TRANSFER,14.497720,1159.967579,Distribute Layer ID: b06eec36
543620.546813,5000,9d4a632c-1da4-4855-8ee3-ca4ae32fb12e,worker_2,worker_2,MEM_MOVE,11.720158,0.091564,"Evict VRAM -> RAM [Model: 9d4a632c, Layer: 97d83a5c]"
543620.660077,5000,9d4a632c-1da4-4855-8ee3-ca4ae32fb12e,worker_2,worker_2,DISK_LOAD,14.497720,0.113263,"Disk -> RAM [Model: 9d4a632c, Layer: b06eec36]"
543620.773340,5000,9d4a632c-1da4-4855-8ee3-ca4ae32fb12e,worker_2,worker_2,MEM_MOVE,14.497720,0.113263,"RAM -> VRAM [Model: 9d4a632c, Layer: b06eec36]"
543620.823340,5000,9d4a632c-1da4-4855-8ee3-ca4ae32fb12e,worker_2,worker_2,GPU_COMPUTE,0.050000,0.050000,GPU Compute
543620.981340,5000,9d4a632c-1da4-4855-8ee3-ca4ae32fb12e,worker_2,coordinator_0,NET_TRANSFER,0.000100,0.158000,Signal Finished
544204.303416,5000,9d4a632c-1da4-4855-8ee3-ca4ae32fb12e,coordinator_0,worker_3,NET_TRANSFER,7.289651,583.322076,Distribute Layer ID: 13386504
544204.422445,5000,9d4a632c-1da4-4855-8ee3-ca4ae32fb12e,worker_3,worker_3,MEM_MOVE,15.235758,0.119029,"Evict VRAM -> RAM [Model: fbf90d55, Layer: c0420635]"
544204.479396,5000,9d4a632c-1da4-4855-8ee3-ca4ae32fb12e,worker_3,worker_3,DISK_LOAD,7.289651,0.056950,"Disk -> RAM [Model: 9d4a632c, Layer: 13386504]"
544204.536346,5000,9d4a632c-1da4-4855-8ee3-ca4ae32fb12e,worker_3,worker_3,MEM_MOVE,7.289651,0.056950,"RAM -> VRAM [Model: 9d4a632c, Layer: 13386504]"
544204.586346,5000,9d4a632c-1da4-4855-8ee3-ca4ae32fb12e,worker_3,worker_3,GPU_COMPUTE,0.050000,0.050000,GPU Compute
544204.744346,5000,9d4a632c-1da4-4855-8ee3-ca4ae32fb12e,worker_3,coordinator_0,NET_TRANSFER,0.000100,0.158000,Signal Finished
544666.074978,5000,9d4a632c-1da4-4855-8ee3-ca4ae32fb12e,coordinator_0,worker_4,NET_TRANSFER,5.764758,461.330632,Distribute Layer ID: 1723cd5b
544666.120015,5000,9d4a632c-1da4-4855-8ee3-ca4ae32fb12e,worker_4,worker_4,DISK_LOAD,5.764758,0.045037,"Disk -> RAM [Model: 9d4a632c, Layer: 1723cd5b]"
544666.165052,5000,9d4a632c-1da4-4855-8ee3-ca4ae32fb12e,worker_4,worker_4,MEM_MOVE,5.764758,0.045037,"RAM -> VRAM [Model: 9d4a632c, Layer: 1723cd5b]"
544666.215052,5000,9d4a632c-1da4-4855-8ee3-ca4ae32fb12e,worker_4,worker_4,GPU_COMPUTE,0.050000,0.050000,GPU Compute
544666.373052,5000,9d4a632c-1da4-4855-8ee3-ca4ae32fb12e,worker_4,coordinator_0,NET_TRANSFER,0.000100,0.158000,Signal Finished
544666.531052,2000,53bf5446-f509-4861-874f-a531cf1e5148,coordinator_0,client_2,NET_TRANSFER,0.000100,0.158000,Signal: Cache Miss / Request Weights
592297.293996,2000,53bf5446-f509-4861-874f-a531cf1e5148,client_2,coordinator_0,NET_TRANSFER,595.382662,47630.762944,Upload Model Weights
592825.992048,2000,53bf5446-f509-4861-874f-a531cf1e5148,coordinator_0,worker_4,NET_TRANSFER,6.606851,528.698052,Distribute Layer ID: 0cba1a11
592826.094411,2000,53bf5446-f509-4861-874f-a531cf1e5148,worker_4,worker_4,MEM_MOVE,13.102439,0.102363,"Evict VRAM -> RAM [Model: 2ede82b5, Layer: 5fefaa9a]"
592826.146027,2000,53bf5446-f509-4861-874f-a531cf1e5148,worker_4,worker_4,DISK_LOAD,6.606851,0.051616,"Disk -> RAM [Model: 53bf5446, Layer: 0cba1a11]"
592826.197643,2000,53bf5446-f509-4861-874f-a531cf1e5148,worker_4,worker_4,MEM_MOVE,6.606851,0.051616,"RAM -> VRAM [Model: 53bf5446, Layer: 0cba1a11]"
592826.247643,2000,53bf5446-f509-4861-874f-a531cf1e5148,worker_4,worker_4,GPU_COMPUTE,0.050000,0.050000,GPU Compute
592826.405643,2000,53bf5446-f509-4861-874f-a531cf1e5148,worker_4,coordinator_0,NET_TRANSFER,0.000100,0.158000,Signal Finished
593375.699647,2000,53bf5446-f509-4861-874f-a531cf1e5148,coordinator_0,worker_1,NET_TRANSFER,6.864300,549.294004,Distribute Layer ID: 8e12b1fc
593375.806257,2000,53bf5446-f509-4861-874f-a531cf1e5148,worker_1,worker_1,MEM_MOVE,13.646079,0.106610,"Evict VRAM -> RAM [Model: 9d4a632c, Layer: 12eb9bb7]"
593375.859884,2000,53bf5446-f509-4861-874f-a531cf1e5148,worker_1,worker_1,DISK_LOAD,6.864300,0.053627,"Disk -> RAM [Model: 53bf5446, Layer: 8e12b1fc]"
593375.913512,2000,53bf5446-f509-4861-874f-a531cf1e5148,worker_1,worker_1,MEM_MOVE,6.864300,0.053627,"RAM -> VRAM [Model: 53bf5446, Layer: 8e12b1fc]"
593375.963512,2000,53bf5446-f509-4861-874f-a531cf1e5148,worker_1,worker_1,GPU_COMPUTE,0.050000,0.050000,GPU Compute
593376.121512,2000,53bf5446-f509-4861-874f-a531cf1e5148,worker_1,coordinator_0,NET_TRANSFER,0.000100,0.158000,Signal Finished
594317.888987,2000,53bf5446-f509-4861-874f-a531cf1e5148,coordinator_0,worker_2,NET_TRANSFER,11.770218,941.767475,Distribute Layer ID: 447e7000
594317.935236,2000,53bf5446-f509-4861-874f-a531cf1e5148,worker_2,worker_2,MEM_MOVE,5.919895,0.046249,"Evict VRAM -> RAM [Model: 9d4a632c, Layer: 52c8bf74]"
594318.031667,2000,53bf5446-f509-4861-874f-a531cf1e5148,worker_2,worker_2,MEM_MOVE,12.343141,0.096431,"Evict VRAM -> RAM [Model: efe1fad9, Layer: e7816334]"
594318.123622,2000,53bf5446-f509-4861-874f-a531cf1e5148,worker_2,worker_2,DISK_LOAD,11.770218,0.091955,"Disk -> RAM [Model: 53bf5446, Layer: 447e7000]"
594318.215576,2000,53bf5446-f509-4861-874f-a531cf1e5148,worker_2,worker_2,MEM_MOVE,11.770218,0.091955,"RAM -> VRAM [Model: 53bf5446, Layer: 447e7000]"
594318.265576,2000,53bf5446-f509-4861-874f-a531cf1e5148,worker_2,worker_2,GPU_COMPUTE,0.050000,0.050000,GPU Compute
594318.423576,2000,53bf5446-f509-4861-874f-a531cf1e5148,worker_2,coordinator_0,NET_TRANSFER,0.000100,0.158000,Signal Finished
595077.190815,2000,53bf5446-f509-4861-874f-a531cf1e5148,coordinator_0,worker_3,NET_TRANSFER,9.482715,758.767239,Distribute Layer ID: 68d2cbe0
595077.264899,2000,53bf5446-f509-4861-874f-a531cf1e5148,worker_3,worker_3,DISK_LOAD,9.482715,0.074084,"Disk -> RAM [Model: 53bf5446, Layer: 68d2cbe0]"
595077.338983,2000,53bf5446-f509-4861-874f-a531cf1e5148,worker_3,worker_3,MEM_MOVE,9.482715,0.074084,"RAM -> VRAM [Model: 53bf5446, Layer: 68d2cbe0]"
595077.388983,2000,53bf5446-f509-4861-874f-a531cf1e5148,worker_3,worker_3,GPU_COMPUTE,0.050000,0.050000,GPU Compute
595077.546983,2000,53bf5446-f509-4861-874f-a531cf1e5148,worker_3,coordinator_0,NET_TRANSFER,0.000100,0.158000,Signal Finished
596232.821376,2000,53bf5446-f509-4861-874f-a531cf1e5148,coordinator_0,worker_4,NET_TRANSFER,14.439055,1155.274393,Distribute Layer ID: d9e22370
596232.866825,2000,53bf5446-f509-4861-874f-a531cf1e5148,worker_4,worker_4,MEM_MOVE,5.817470,0.045449,"Evict VRAM -> RAM [Model: 2ede82b5, Layer: f21fe5a3]"
596232.979630,2000,53bf5446-f509-4861-874f-a531cf1e5148,worker_4,worker_4,DISK_LOAD,14.439055,0.112805,"Disk -> RAM [Model: 53bf5446, Layer: d9e22370]"
596233.092435,2000,53bf5446-f509-4861-874f-a531cf1e5148,worker_4,worker_4,MEM_MOVE,14.439055,0.112805,"RAM -> VRAM [Model: 53bf5446, Layer: d9e22370]"
596233.142435,2000,53bf5446-f509-4861-874f-a531cf1e5148,worker_4,worker_4,GPU_COMPUTE,0.050000,0.050000,GPU Compute
596233.300435,2000,53bf5446-f509-4861-874f-a531cf1e5148,worker_4,coordinator_0,NET_TRANSFER,0.000100,0.158000,Signal Finished
597358.168390,2000,53bf5446-f509-4861-874f-a531cf1e5148,coordinator_0,worker_1,NET_TRANSFER,14.058974,1124.867955,Distribute Layer ID: 584ae0da
597358.231380,2000,53bf5446-f509-4861-874f-a531cf1e5148,worker_1,worker_1,MEM_MOVE,8.062727,0.062990,"Evict VRAM -> RAM [Model: 750b7e46, Layer: fdc0eb84]"
597358.341216,2000,53bf5446-f509-4861-874f-a531cf1e5148,worker_1,worker_1,DISK_LOAD,14.058974,0.109836,"Disk -> RAM [Model: 53bf5446, Layer: 584ae0da]"
597358.451051,2000,53bf5446-f509-4861-874f-a531cf1e5148,worker_1,worker_1,MEM_MOVE,14.058974,0.109836,"RAM -> VRAM [Model: 53bf5446, Layer: 584ae0da]"
597358.501051,2000,53bf5446-f509-4861-874f-a531cf1e5148,worker_1,worker_1,GPU_COMPUTE,0.050000,0.050000,GPU Compute
597358.659051,2000,53bf5446-f509-4861-874f-a531cf1e5148,worker_1,coordinator_0,NET_TRANSFER,0.000100,0.158000,Signal Finished
597858.619042,2000,53bf5446-f509-4861-874f-a531cf1e5148,coordinator_0,worker_2,NET_TRANSFER,6.247625,499.959991,Distribute Layer ID: 3053d17f
597858.667852,2000,53bf5446-f509-4861-874f-a531cf1e5148,worker_2,worker_2,DISK_LOAD,6.247625,0.048810,"Disk -> RAM [Model: 53bf5446, Layer: 3053d17f]"
597858.716661,2000,53bf5446-f509-4861-874f-a531cf1e5148,worker_2,worker_2,MEM_MOVE,6.247625,0.048810,"RAM -> VRAM [Model: 53bf5446, Layer: 3053d17f]"
597858.766661,2000,53bf5446-f509-4861-874f-a531cf1e5148,worker_2,worker_2,GPU_COMPUTE,0.050000,0.050000,GPU Compute
597858.924661,2000,53bf5446-f509-4861-874f-a531cf1e5148,worker_2,coordinator_0,NET_TRANSFER,0.000100,0.158000,Signal Finished
598415.857256,2000,53bf5446-f509-4861-874f-a531cf1e5148,coordinator_0,worker_3,NET_TRANSFER,6.959782,556.932595,Distribute Layer ID: 8b11714b
598415.912182,2000,53bf5446-f509-4861-874f-a531cf1e5148,worker_3,worker_3,MEM_MOVE,7.030509,0.054926,"Evict VRAM -> RAM [Model: efe1fad9, Layer: 8c8ccf12]"
598415.966555,2000,53bf5446-f509-4861-874f-a531cf1e5148,worker_3,worker_3,DISK_LOAD,6.959782,0.054373,"Disk -> RAM [Model: 53bf5446, Layer: 8b11714b]"
598416.020929,2000,53bf5446-f509-4861-874f-a531cf1e5148,worker_3,worker_3,MEM_MOVE,6.959782,0.054373,"RAM -> VRAM [Model: 53bf5446, Layer: 8b11714b]"
598416.070929,2000,53bf5446-f509-4861-874f-a531cf1e5148,worker_3,worker_3,GPU_COMPUTE,0.050000,0.050000,GPU Compute
598416.228929,2000,53bf5446-f509-4861-874f-a531cf1e5148,worker_3,coordinator_0,NET_TRANSFER,0.000100,0.158000,Signal Finished
599028.917903,2000,53bf5446-f509-4861-874f-a531cf1e5148,coordinator_0,worker_4,NET_TRANSFER,7.656737,612.688974,Distribute Layer ID: 06b9e98f
599028.962940,2000,53bf5446-f509-4861-874f-a531cf1e5148,worker_4,worker_4,MEM_MOVE,5.764758,0.045037,"Evict VRAM -> RAM [Model: 9d4a632c, Layer: 1723cd5b]"
599029.075337,2000,53bf5446-f509-4861-874f-a531cf1e5148,worker_4,worker_4,MEM_MOVE,14.386810,0.112397,"Evict VRAM -> RAM [Model: fbf90d55, Layer: 177ffbb0]"
599029.135155,2000,53bf5446-f509-4861-874f-a531cf1e5148,worker_4,worker_4,DISK_LOAD,7.656737,0.059818,"Disk -> RAM [Model: 53bf5446, Layer: 06b9e98f]"
599029.194974,2000,53bf5446-f509-4861-874f-a531cf1e5148,worker_4,worker_4,MEM_MOVE,7.656737,0.059818,"RAM -> VRAM [Model: 53bf5446, Layer: 06b9e98f]"
599029.244974,2000,53bf5446-f509-4861-874f-a531cf1e5148,worker_4,worker_4,GPU_COMPUTE,0.050000,0.050000,GPU Compute
599029.402974,2000,53bf5446-f509-4861-874f-a531cf1e5148,worker_4,coordinator_0,NET_TRANSFER,0.000100,0.158000,Signal Finished
599525.684097,2000,53bf5446-f509-4861-874f-a531cf1e5148,coordinator_0,worker_1,NET_TRANSFER,6.201639,496.281123,Distribute Layer ID: 4a6b1840
599525.732547,2000,53bf5446-f509-4861-874f-a531cf1e5148,worker_1,worker_1,DISK_LOAD,6.201639,0.048450,"Disk -> RAM [Model: 53bf5446, Layer: 4a6b1840]"
599525.780998,2000,53bf5446-f509-4861-874f-a531cf1e5148,worker_1,worker_1,MEM_MOVE,6.201639,0.048450,"RAM -> VRAM [Model: 53bf5446, Layer: 4a6b1840]"
599525.830998,2000,53bf5446-f509-4861-874f-a531cf1e5148,worker_1,worker_1,GPU_COMPUTE,0.050000,0.050000,GPU Compute
599525.988998,2000,53bf5446-f509-4861-874f-a531cf1e5148,worker_1,coordinator_0,NET_TRANSFER,0.000100,0.158000,Signal Finished
600042.679034,2000,53bf5446-f509-4861-874f-a531cf1e5148,coordinator_0,worker_2,NET_TRANSFER,6.456750,516.690036,Distribute Layer ID: ecaabdb1
600042.767383,2000,53bf5446-f509-4861-874f-a531cf1e5148,worker_2,worker_2,MEM_MOVE,11.308685,0.088349,"Evict VRAM -> RAM [Model: 2ede82b5, Layer: e4e0aeb8]"
600042.817826,2000,53bf5446-f509-4861-874f-a531cf1e5148,worker_2,worker_2,DISK_LOAD,6.456750,0.050443,"Disk -> RAM [Model: 53bf5446, Layer: ecaabdb1]"
600042.868269,2000,53bf5446-f509-4861-874f-a531cf1e5148,worker_2,worker_2,MEM_MOVE,6.456750,0.050443,"RAM -> VRAM [Model: 53bf5446, Layer: ecaabdb1]"
600042.918269,2000,53bf5446-f509-4861-874f-a531cf1e5148,worker_2,worker_2,GPU_COMPUTE,0.050000,0.050000,GPU Compute
600043.076269,2000,53bf5446-f509-4861-874f-a531cf1e5148,worker_2,coordinator_0,NET_TRANSFER,0.000100,0.158000,Signal Finished
601085.255045,2000,53bf5446-f509-4861-874f-a531cf1e5148,coordinator_0,worker_3,NET_TRANSFER,13.025360,1042.178776,Distribute Layer ID: b86d0c58
601085.311995,2000,53bf5446-f509-4861-874f-a531cf1e5148,worker_3,worker_3,MEM_MOVE,7.289651,0.056950,"Evict VRAM -> RAM [Model: 9d4a632c, Layer: 13386504]"
601085.369873,2000,53bf5446-f509-4861-874f-a531cf1e5148,worker_3,worker_3,MEM_MOVE,7.408292,0.057877,"Evict VRAM -> RAM [Model: 946dc1c0, Layer: 2439b9f8]"
601085.471633,2000,53bf5446-f509-4861-874f-a531cf1e5148,worker_3,worker_3,DISK_LOAD,13.025360,0.101761,"Disk -> RAM [Model: 53bf5446, Layer: b86d0c58]"
601085.573394,2000,53bf5446-f509-4861-874f-a531cf1e5148,worker_3,worker_3,MEM_MOVE,13.025360,0.101761,"RAM -> VRAM [Model: 53bf5446, Layer: b86d0c58]"
601085.623394,2000,53bf5446-f509-4861-874f-a531cf1e5148,worker_3,worker_3,GPU_COMPUTE,0.050000,0.050000,GPU Compute
601085.781394,2000,53bf5446-f509-4861-874f-a531cf1e5148,worker_3,coordinator_0,NET_TRANSFER,0.000100,0.158000,Signal Finished
601906.943320,2000,53bf5446-f509-4861-874f-a531cf1e5148,coordinator_0,worker_4,NET_TRANSFER,10.262649,821.161926,Distribute Layer ID: 20b9c590
601907.023497,2000,53bf5446-f509-4861-874f-a531cf1e5148,worker_4,worker_4,DISK_LOAD,10.262649,0.080177,"Disk -> RAM [Model: 53bf5446, Layer: 20b9c590]"
601907.103674,2000,53bf5446-f509-4861-874f-a531cf1e5148,worker_4,worker_4,MEM_MOVE,10.262649,0.080177,"RAM -> VRAM [Model: 53bf5446, Layer: 20b9c590]"
601907.153674,2000,53bf5446-f509-4861-874f-a531cf1e5148,worker_4,worker_4,GPU_COMPUTE,0.050000,0.050000,GPU Compute
601907.311674,2000,53bf5446-f509-4861-874f-a531cf1e5148,worker_4,coordinator_0,NET_TRANSFER,0.000100,0.158000,Signal Finished
602641.347926,2000,53bf5446-f509-4861-874f-a531cf1e5148,coordinator_0,worker_1,NET_TRANSFER,9.173578,734.036252,Distribute Layer ID: cc6be6a1
602641.434024,2000,53bf5446-f509-4861-874f-a531cf1e5148,worker_1,worker_1,MEM_MOVE,11.020616,0.086099,"Evict VRAM -> RAM [Model: efe1fad9, Layer: a17c0127]"
602641.505693,2000,53bf5446-f509-4861-874f-a531cf1e5148,worker_1,worker_1,DISK_LOAD,9.173578,0.071669,"Disk -> RAM [Model: 53bf5446, Layer: cc6be6a1]"
602641.577362,2000,53bf5446-f509-4861-874f-a531cf1e5148,worker_1,worker_1,MEM_MOVE,9.173578,0.071669,"RAM -> VRAM [Model: 53bf5446, Layer: cc6be6a1]"
602641.627362,2000,53bf5446-f509-4861-874f-a531cf1e5148,worker_1,worker_1,GPU_COMPUTE,0.050000,0.050000,GPU Compute
602641.785362,2000,53bf5446-f509-4861-874f-a531cf1e5148,worker_1,coordinator_0,NET_TRANSFER,0.000100,0.158000,Signal Finished
603094.244122,2000,53bf5446-f509-4861-874f-a531cf1e5148,coordinator_0,worker_2,NET_TRANSFER,5.653860,452.458761,Distribute Layer ID: d04d0040
603094.288293,2000,53bf5446-f509-4861-874f-a531cf1e5148,worker_2,worker_2,DISK_LOAD,5.653860,0.044171,"Disk -> RAM [Model: 53bf5446, Layer: d04d0040]"
603094.332464,2000,53bf5446-f509-4861-874f-a531cf1e5148,worker_2,worker_2,MEM_MOVE,5.653860,0.044171,"RAM -> VRAM [Model: 53bf5446, Layer: d04d0040]"
603094.382464,2000,53bf5446-f509-4861-874f-a531cf1e5148,worker_2,worker_2,GPU_COMPUTE,0.050000,0.050000,GPU Compute
603094.540464,2000,53bf5446-f509-4861-874f-a531cf1e5148,worker_2,coordinator_0,NET_TRANSFER,0.000100,0.158000,Signal Finished
603862.617360,2000,53bf5446-f509-4861-874f-a531cf1e5148,coordinator_0,worker_3,NET_TRANSFER,9.599086,768.076897,Distribute Layer ID: 87bf89f4
603862.676835,2000,53bf5446-f509-4861-874f-a531cf1e5148,worker_3,worker_3,MEM_MOVE,7.612728,0.059474,"Evict VRAM -> RAM [Model: 9d4a632c, Layer: beed3bdf]"
603862.751828,2000,53bf5446-f509-4861-874f-a531cf1e5148,worker_3,worker_3,DISK_LOAD,9.599086,0.074993,"Disk -> RAM [Model: 53bf5446, Layer: 87bf89f4]"
603862.826820,2000,53bf5446-f509-4861-874f-a531cf1e5148,worker_3,worker_3,MEM_MOVE,9.599086,0.074993,"RAM -> VRAM [Model: 53bf5446, Layer: 87bf89f4]"
603862.876820,2000,53bf5446-f509-4861-874f-a531cf1e5148,worker_3,worker_3,GPU_COMPUTE,0.050000,0.050000,GPU Compute
603863.034820,2000,53bf5446-f509-4861-874f-a531cf1e5148,worker_3,coordinator_0,NET_TRANSFER,0.000100,0.158000,Signal Finished
604680.100262,2000,53bf5446-f509-4861-874f-a531cf1e5148,coordinator_0,worker_4,NET_TRANSFER,10.211443,817.065442,Distribute Layer ID: 0ec7cef7
604680.206149,2000,53bf5446-f509-4861-874f-a531cf1e5148,worker_4,worker_4,MEM_MOVE,13.553475,0.105887,"Evict VRAM -> RAM [Model: 2ede82b5, Layer: 2fd8c61a]"
604680.285925,2000,53bf5446-f509-4861-874f-a531cf1e5148,worker_4,worker_4,DISK_LOAD,10.211443,0.079777,"Disk -> RAM [Model: 53bf5446, Layer: 0ec7cef7]"
604680.365702,2000,53bf5446-f509-4861-874f-a531cf1e5148,worker_4,worker_4,MEM_MOVE,10.211443,0.079777,"RAM -> VRAM [Model: 53bf5446, Layer: 0ec7cef7]"
604680.415702,2000,53bf5446-f509-4861-874f-a531cf1e5148,worker_4,worker_4,GPU_COMPUTE,0.050000,0.050000,GPU Compute
604680.573702,2000,53bf5446-f509-4861-874f-a531cf1e5148,worker_4,coordinator_0,NET_TRANSFER,0.000100,0.158000,Signal Finished
605758.983857,2000,53bf5446-f509-4861-874f-a531cf1e5148,coordinator_0,worker_1,NET_TRANSFER,13.478252,1078.410155,Distribute Layer ID: e9435275
605759.072754,2000,53bf5446-f509-4861-874f-a531cf1e5148,worker_1,worker_1,MEM_MOVE,11.378835,0.088897,"Evict VRAM -> RAM [Model: 2ede82b5, Layer: 62faa4cd]"
605759.178053,2000,53bf5446-f509-4861-874f-a531cf1e5148,worker_1,worker_1,DISK_LOAD,13.478252,0.105299,"Disk -> RAM [Model: 53bf5446, Layer: e9435275]"
605759.283352,2000,53bf5446-f509-4861-874f-a531cf1e5148,worker_1,worker_1,MEM_MOVE,13.478252,0.105299,"RAM -> VRAM [Model: 53bf5446, Layer: e9435275]"
605759.333352,2000,53bf5446-f509-4861-874f-a531cf1e5148,worker_1,worker_1,GPU_COMPUTE,0.050000,0.050000,GPU Compute
605759.491352,2000,53bf5446-f509-4861-874f-a531cf1e5148,worker_1,coordinator_0,NET_TRANSFER,0.000100,0.158000,Signal Finished
606581.786428,2000,53bf5446-f509-4861-874f-a531cf1e5148,coordinator_0,worker_2,NET_TRANSFER,10.276813,822.295076,Distribute Layer ID: 0fc08033
606581.836871,2000,53bf5446-f509-4861-874f-a531cf1e5148,worker_2,worker_2,MEM_MOVE,6.456750,0.050443,"Evict VRAM -> RAM [Model: 53bf5446, Layer: ecaabdb1]"
606581.884813,2000,53bf5446-f509-4861-874f-a531cf1e5148,worker_2,worker_2,MEM_MOVE,6.136551,0.047942,"Evict VRAM -> RAM [Model: 2ede82b5, Layer: c6fb0788]"
606581.965101,2000,53bf5446-f509-4861-874f-a531cf1e5148,worker_2,worker_2,DISK_LOAD,10.276813,0.080288,"Disk -> RAM [Model: 53bf5446, Layer: 0fc08033]"
606582.045388,2000,53bf5446-f509-4861-874f-a531cf1e5148,worker_2,worker_2,MEM_MOVE,10.276813,0.080288,"RAM -> VRAM [Model: 53bf5446, Layer: 0fc08033]"
606582.095388,2000,53bf5446-f509-4861-874f-a531cf1e5148,worker_2,worker_2,GPU_COMPUTE,0.050000,0.050000,GPU Compute
606582.253388,2000,53bf5446-f509-4861-874f-a531cf1e5148,worker_2,coordinator_0,NET_TRANSFER,0.000100,0.158000,Signal Finished
606991.646338,2000,53bf5446-f509-4861-874f-a531cf1e5148,coordinator_0,worker_3,NET_TRANSFER,5.115537,409.392950,Distribute Layer ID: bcddeacf
606991.733627,2000,53bf5446-f509-4861-874f-a531cf1e5148,worker_3,worker_3,MEM_MOVE,11.172975,0.087289,"Evict VRAM -> RAM [Model: fbf90d55, Layer: 4994d120]"
606991.773592,2000,53bf5446-f509-4861-874f-a531cf1e5148,worker_3,worker_3,DISK_LOAD,5.115537,0.039965,"Disk -> RAM [Model: 53bf5446, Layer: bcddeacf]"
606991.813557,2000,53bf5446-f509-4861-874f-a531cf1e5148,worker_3,worker_3,MEM_MOVE,5.115537,0.039965,"RAM -> VRAM [Model: 53bf5446, Layer: bcddeacf]"
606991.863557,2000,53bf5446-f509-4861-874f-a531cf1e5148,worker_3,worker_3,GPU_COMPUTE,0.050000,0.050000,GPU Compute
606992.021557,2000,53bf5446-f509-4861-874f-a531cf1e5148,worker_3,coordinator_0,NET_TRANSFER,0.000100,0.158000,Signal Finished
607751.249229,2000,53bf5446-f509-4861-874f-a531cf1e5148,coordinator_0,worker_4,NET_TRANSFER,9.488471,759.227671,Distribute Layer ID: 9a582081
607751.312759,2000,53bf5446-f509-4861-874f-a531cf1e5148,worker_4,worker_4,MEM_MOVE,8.131942,0.063531,"Evict VRAM -> RAM [Model: ca30bd4c, Layer: 2dac352a]"
607751.386888,2000,53bf5446-f509-4861-874f-a531cf1e5148,worker_4,worker_4,DISK_LOAD,9.488471,0.074129,"Disk -> RAM [Model: 53bf5446, Layer: 9a582081]"
607751.461017,2000,53bf5446-f509-4861-874f-a531cf1e5148,worker_4,worker_4,MEM_MOVE,9.488471,0.074129,"RAM -> VRAM [Model: 53bf5446, Layer: 9a582081]"
607751.511017,2000,53bf5446-f509-4861-874f-a531cf1e5148,worker_4,worker_4,GPU_COMPUTE,0.050000,0.050000,GPU Compute
607751.669017,2000,53bf5446-f509-4861-874f-a531cf1e5148,worker_4,coordinator_0,NET_TRANSFER,0.000100,0.158000,Signal Finished
608700.990706,2000,53bf5446-f509-4861-874f-a531cf1e5148,coordinator_0,worker_1,NET_TRANSFER,11.864646,949.321689,Distribute Layer ID: c217f9ba
608701.078541,2000,53bf5446-f509-4861-874f-a531cf1e5148,worker_1,worker_1,MEM_MOVE,11.242907,0.087835,"Evict VRAM -> RAM [Model: 750b7e46, Layer: c7ef0c09]"
608701.183840,2000,53bf5446-f509-4861-874f-a531cf1e5148,worker_1,worker_1,MEM_MOVE,13.478252,0.105299,"Evict VRAM -> RAM [Model: 53bf5446, Layer: e9435275]"
608701.276532,2000,53bf5446-f509-4861-874f-a531cf1e5148,worker_1,worker_1,DISK_LOAD,11.864646,0.092693,"Disk -> RAM [Model: 53bf5446, Layer: c217f9ba]"
608701.369225,2000,53bf5446-f509-4861-874f-a531cf1e5148,worker_1,worker_1,MEM_MOVE,11.864646,0.092693,"RAM -> VRAM [Model: 53bf5446, Layer: c217f9ba]"
608701.419225,2000,53bf5446-f509-4861-874f-a531cf1e5148,worker_1,worker_1,GPU_COMPUTE,0.050000,0.050000,GPU Compute
608701.577225,2000,53bf5446-f509-4861-874f-a531cf1e5148,worker_1,coordinator_0,NET_TRANSFER,0.000100,0.158000,Signal Finished
609451.944477,2000,53bf5446-f509-4861-874f-a531cf1e5148,coordinator_0,worker_2,NET_TRANSFER,9.377716,750.367252,Distribute Layer ID: 3a5d80a3
609452.049687,2000,53bf5446-f509-4861-874f-a531cf1e5148,worker_2,worker_2,MEM_MOVE,13.466878,0.105210,"Evict VRAM -> RAM [Model: efe1fad9, Layer: dcc2f5de]"
609452.122950,2000,53bf5446-f509-4861-874f-a531cf1e5148,worker_2,worker_2,DISK_LOAD,9.377716,0.073263,"Disk -> RAM [Model: 53bf5446, Layer: 3a5d80a3]"
609452.196213,2000,53bf5446-f509-4861-874f-a531cf1e5148,worker_2,worker_2,MEM_MOVE,9.377716,0.073263,"RAM -> VRAM [Model: 53bf5446, Layer: 3a5d80a3]"
609452.246213,2000,53bf5446-f509-4861-874f-a531cf1e5148,worker_2,worker_2,GPU_COMPUTE,0.050000,0.050000,GPU Compute
609452.404213,2000,53bf5446-f509-4861-874f-a531cf1e5148,worker_2,coordinator_0,NET_TRANSFER,0.000100,0.158000,Signal Finished
609816.026069,2000,53bf5446-f509-4861-874f-a531cf1e5148,coordinator_0,worker_3,NET_TRANSFER,4.543398,363.621856,Distribute Layer ID: 4e4ada8d
609816.061565,2000,53bf5446-f509-4861-874f-a531cf1e5148,worker_3,worker_3,DISK_LOAD,4.543398,0.035495,"Disk -> RAM [Model: 53bf5446, Layer: 4e4ada8d]"
609816.097060,2000,53bf5446-f509-4861-874f-a531cf1e5148,worker_3,worker_3,MEM_MOVE,4.543398,0.035495,"RAM -> VRAM [Model: 53bf5446, Layer: 4e4ada8d]"
609816.147060,2000,53bf5446-f509-4861-874f-a531cf1e5148,worker_3,worker_3,GPU_COMPUTE,0.050000,0.050000,GPU Compute
609816.305060,2000,53bf5446-f509-4861-874f-a531cf1e5148,worker_3,coordinator_0,NET_TRANSFER,0.000100,0.158000,Signal Finished
610271.912329,2000,53bf5446-f509-4861-874f-a531cf1e5148,coordinator_0,worker_4,NET_TRANSFER,5.693216,455.607269,Distribute Layer ID: 1a17de2c
610271.965995,2000,53bf5446-f509-4861-874f-a531cf1e5148,worker_4,worker_4,MEM_MOVE,6.869254,0.053666,"Evict VRAM -> RAM [Model: 750b7e46, Layer: f4a4a061]"
610272.010473,2000,53bf5446-f509-4861-874f-a531cf1e5148,worker_4,worker_4,DISK_LOAD,5.693216,0.044478,"Disk -> RAM [Model: 53bf5446, Layer: 1a17de2c]"
610272.054951,2000,53bf5446-f509-4861-874f-a531cf1e5148,worker_4,worker_4,MEM_MOVE,5.693216,0.044478,"RAM -> VRAM [Model: 53bf5446, Layer: 1a17de2c]"
610272.104951,2000,53bf5446-f509-4861-874f-a531cf1e5148,worker_4,worker_4,GPU_COMPUTE,0.050000,0.050000,GPU Compute
610272.262951,2000,53bf5446-f509-4861-874f-a531cf1e5148,worker_4,coordinator_0,NET_TRANSFER,0.000100,0.158000,Signal Finished
611315.930202,2000,53bf5446-f509-4861-874f-a531cf1e5148,coordinator_0,worker_1,NET_TRANSFER,13.043966,1043.667250,Distribute Layer ID: 3c37fc41
611316.032107,2000,53bf5446-f509-4861-874f-a531cf1e5148,worker_1,worker_1,DISK_LOAD,13.043966,0.101906,"Disk -> RAM [Model: 53bf5446, Layer: 3c37fc41]"
611316.134013,2000,53bf5446-f509-4861-874f-a531cf1e5148,worker_1,worker_1,MEM_MOVE,13.043966,0.101906,"RAM -> VRAM [Model: 53bf5446, Layer: 3c37fc41]"
611316.184013,2000,53bf5446-f509-4861-874f-a531cf1e5148,worker_1,worker_1,GPU_COMPUTE,0.050000,0.050000,GPU Compute
611316.342013,2000,53bf5446-f509-4861-874f-a531cf1e5148,worker_1,coordinator_0,NET_TRANSFER,0.000100,0.158000,Signal Finished
611721.262616,2000,53bf5446-f509-4861-874f-a531cf1e5148,coordinator_0,worker_2,NET_TRANSFER,5.059633,404.920603,Distribute Layer ID: 60fac0cf
611721.302145,2000,53bf5446-f509-4861-874f-a531cf1e5148,worker_2,worker_2,DISK_LOAD,5.059633,0.039528,"Disk -> RAM [Model: 53bf5446, Layer: 60fac0cf]"
611721.341673,2000,53bf5446-f509-4861-874f-a531cf1e5148,worker_2,worker_2,MEM_MOVE,5.059633,0.039528,"RAM -> VRAM [Model: 53bf5446, Layer: 60fac0cf]"
611721.391673,2000,53bf5446-f509-4861-874f-a531cf1e5148,worker_2,worker_2,GPU_COMPUTE,0.050000,0.050000,GPU Compute
611721.549673,2000,53bf5446-f509-4861-874f-a531cf1e5148,worker_2,coordinator_0,NET_TRANSFER,0.000100,0.158000,Signal Finished
612471.171514,2000,53bf5446-f509-4861-874f-a531cf1e5148,coordinator_0,worker_3,NET_TRANSFER,9.368398,749.621841,Distribute Layer ID: c0544fd5
612471.280177,2000,53bf5446-f509-4861-874f-a531cf1e5148,worker_3,worker_3,MEM_MOVE,13.908845,0.108663,"Evict VRAM -> RAM [Model: ca30bd4c, Layer: 3b2f6eda]"
612471.353367,2000,53bf5446-f509-4861-874f-a531cf1e5148,worker_3,worker_3,DISK_LOAD,9.368398,0.073191,"Disk -> RAM [Model: 53bf5446, Layer: c0544fd5]"
612471.426558,2000,53bf5446-f509-4861-874f-a531cf1e5148,worker_3,worker_3,MEM_MOVE,9.368398,0.073191,"RAM -> VRAM [Model: 53bf5446, Layer: c0544fd5]"
612471.476558,2000,53bf5446-f509-4861-874f-a531cf1e5148,worker_3,worker_3,GPU_COMPUTE,0.050000,0.050000,GPU Compute
612471.634558,2000,53bf5446-f509-4861-874f-a531cf1e5148,worker_3,coordinator_0,NET_TRANSFER,0.000100,0.158000,Signal Finished
613654.630020,2000,53bf5446-f509-4861-874f-a531cf1e5148,coordinator_0,worker_4,NET_TRANSFER,14.785568,1182.995462,Distribute Layer ID: 90ac2c19
613654.683983,2000,53bf5446-f509-4861-874f-a531cf1e5148,worker_4,worker_4,MEM_MOVE,6.907215,0.053963,"Evict VRAM -> RAM [Model: 750b7e46, Layer: a7234f31]"
613654.758616,2000,53bf5446-f509-4861-874f-a531cf1e5148,worker_4,worker_4,MEM_MOVE,9.552996,0.074633,"Evict VRAM -> RAM [Model: 9d4a632c, Layer: 26ebb7fe]"
613654.874128,2000,53bf5446-f509-4861-874f-a531cf1e5148,worker_4,worker_4,DISK_LOAD,14.785568,0.115512,"Disk -> RAM [Model: 53bf5446, Layer: 90ac2c19]"
613654.989640,2000,53bf5446-f509-4861-874f-a531cf1e5148,worker_4,worker_4,MEM_MOVE,14.785568,0.115512,"RAM -> VRAM [Model: 53bf5446, Layer: 90ac2c19]"
613655.039640,2000,53bf5446-f509-4861-874f-a531cf1e5148,worker_4,worker_4,GPU_COMPUTE,0.050000,0.050000,GPU Compute
613655.197640,2000,53bf5446-f509-4861-874f-a531cf1e5148,worker_4,coordinator_0,NET_TRANSFER,0.000100,0.158000,Signal Finished
614188.017729,2000,53bf5446-f509-4861-874f-a531cf1e5148,coordinator_0,worker_1,NET_TRANSFER,6.658376,532.820089,Distribute Layer ID: de1c57fa
614188.098046,2000,53bf5446-f509-4861-874f-a531cf1e5148,worker_1,worker_1,MEM_MOVE,10.280508,0.080316,"Evict VRAM -> RAM [Model: ca30bd4c, Layer: 9f3144f6]"
614188.150064,2000,53bf5446-f509-4861-874f-a531cf1e5148,worker_1,worker_1,DISK_LOAD,6.658376,0.052019,"Disk -> RAM [Model: 53bf5446, Layer: de1c57fa]"
614188.202083,2000,53bf5446-f509-4861-874f-a531cf1e5148,worker_1,worker_1,MEM_MOVE,6.658376,0.052019,"RAM -> VRAM [Model: 53bf5446, Layer: de1c57fa]"
614188.252083,2000,53bf5446-f509-4861-874f-a531cf1e5148,worker_1,worker_1,GPU_COMPUTE,0.050000,0.050000,GPU Compute
614188.410083,2000,53bf5446-f509-4861-874f-a531cf1e5148,worker_1,coordinator_0,NET_TRANSFER,0.000100,0.158000,Signal Finished
615086.286817,2000,53bf5446-f509-4861-874f-a531cf1e5148,coordinator_0,worker_2,NET_TRANSFER,11.221584,897.876734,Distribute Layer ID: b683ebfd
615086.377215,2000,53bf5446-f509-4861-874f-a531cf1e5148,worker_2,worker_2,MEM_MOVE,11.570941,0.090398,"Evict VRAM -> RAM [Model: fbf90d55, Layer: f9151d00]"
615086.464884,2000,53bf5446-f509-4861-874f-a531cf1e5148,worker_2,worker_2,DISK_LOAD,11.221584,0.087669,"Disk -> RAM [Model: 53bf5446, Layer: b683ebfd]"
615086.552552,2000,53bf5446-f509-4861-874f-a531cf1e5148,worker_2,worker_2,MEM_MOVE,11.221584,0.087669,"RAM -> VRAM [Model: 53bf5446, Layer: b683ebfd]"
615086.602552,2000,53bf5446-f509-4861-874f-a531cf1e5148,worker_2,worker_2,GPU_COMPUTE,0.050000,0.050000,GPU Compute
615086.760552,2000,53bf5446-f509-4861-874f-a531cf1e5148,worker_2,coordinator_0,NET_TRANSFER,0.000100,0.158000,Signal Finished
615923.977869,2000,53bf5446-f509-4861-874f-a531cf1e5148,coordinator_0,worker_3,NET_TRANSFER,10.463341,837.217317,Distribute Layer ID: 32a651e6
615924.033897,2000,53bf5446-f509-4861-874f-a531cf1e5148,worker_3,worker_3,MEM_MOVE,7.171607,0.056028,"Evict VRAM -> RAM [Model: fbf90d55, Layer: 38828b90]"
615924.115642,2000,53bf5446-f509-4861-874f-a531cf1e5148,worker_3,worker_3,DISK_LOAD,10.463341,0.081745,"Disk -> RAM [Model: 53bf5446, Layer: 32a651e6]"
615924.197387,2000,53bf5446-f509-4861-874f-a531cf1e5148,worker_3,worker_3,MEM_MOVE,10.463341,0.081745,"RAM -> VRAM [Model: 53bf5446, Layer: 32a651e6]"
615924.247387,2000,53bf5446-f509-4861-874f-a531cf1e5148,worker_3,worker_3,GPU_COMPUTE,0.050000,0.050000,GPU Compute
615924.405387,2000,53bf5446-f509-4861-874f-a531cf1e5148,worker_3,coordinator_0,NET_TRANSFER,0.000100,0.158000,Signal Finished
617106.867689,2000,53bf5446-f509-4861-874f-a531cf1e5148,coordinator_0,worker_4,NET_TRANSFER,14.778904,1182.462302,Distribute Layer ID: fe1950f8
617106.980495,2000,53bf5446-f509-4861-874f-a531cf1e5148,worker_4,worker_4,MEM_MOVE,14.439055,0.112805,"Evict VRAM -> RAM [Model: 53bf5446, Layer: d9e22370]"
617107.095955,2000,53bf5446-f509-4861-874f-a531cf1e5148,worker_4,worker_4,DISK_LOAD,14.778904,0.115460,"Disk -> RAM [Model: 53bf5446, Layer: fe1950f8]"
617107.211415,2000,53bf5446-f509-4861-874f-a531cf1e5148,worker_4,worker_4,MEM_MOVE,14.778904,0.115460,"RAM -> VRAM [Model: 53bf5446, Layer: fe1950f8]"
617107.261415,2000,53bf5446-f509-4861-874f-a531cf1e5148,worker_4,worker_4,GPU_COMPUTE,0.050000,0.050000,GPU Compute
617107.419415,2000,53bf5446-f509-4861-874f-a531cf1e5148,worker_4,coordinator_0,NET_TRANSFER,0.000100,0.158000,Signal Finished
618063.810824,2000,53bf5446-f509-4861-874f-a531cf1e5148,coordinator_0,worker_1,NET_TRANSFER,11.953018,956.391409,Distribute Layer ID: 04797b1b
618063.899828,2000,53bf5446-f509-4861-874f-a531cf1e5148,worker_1,worker_1,MEM_MOVE,11.392573,0.089004,"Evict VRAM -> RAM [Model: 2ede82b5, Layer: 6bac9477]"
618063.993211,2000,53bf5446-f509-4861-874f-a531cf1e5148,worker_1,worker_1,DISK_LOAD,11.953018,0.093383,"Disk -> RAM [Model: 53bf5446, Layer: 04797b1b]"
618064.086594,2000,53bf5446-f509-4861-874f-a531cf1e5148,worker_1,worker_1,MEM_MOVE,11.953018,0.093383,"RAM -> VRAM [Model: 53bf5446, Layer: 04797b1b]"
618064.136594,2000,53bf5446-f509-4861-874f-a531cf1e5148,worker_1,worker_1,GPU_COMPUTE,0.050000,0.050000,GPU Compute
618064.294594,2000,53bf5446-f509-4861-874f-a531cf1e5148,worker_1,coordinator_0,NET_TRANSFER,0.000100,0.158000,Signal Finished
619266.200792,2000,53bf5446-f509-4861-874f-a531cf1e5148,coordinator_0,worker_2,NET_TRANSFER,15.021952,1201.906198,Distribute Layer ID: 80be9410
619266.274057,2000,53bf5446-f509-4861-874f-a531cf1e5148,worker_2,worker_2,MEM_MOVE,9.377869,0.073265,"Evict VRAM -> RAM [Model: fbf90d55, Layer: 01d4afb5]"
619266.388598,2000,53bf5446-f509-4861-874f-a531cf1e5148,worker_2,worker_2,MEM_MOVE,14.661292,0.114541,"Evict VRAM -> RAM [Model: 946dc1c0, Layer: 799f60a1]"
619266.505957,2000,53bf5446-f509-4861-874f-a531cf1e5148,worker_2,worker_2,DISK_LOAD,15.021952,0.117359,"Disk -> RAM [Model: 53bf5446, Layer: 80be9410]"
619266.623316,2000,53bf5446-f509-4861-874f-a531cf1e5148,worker_2,worker_2,MEM_MOVE,15.021952,0.117359,"RAM -> VRAM [Model: 53bf5446, Layer: 80be9410]"
619266.673316,2000,53bf5446-f509-4861-874f-a531cf1e5148,worker_2,worker_2,GPU_COMPUTE,0.050000,0.050000,GPU Compute
619266.831316,2000,53bf5446-f509-4861-874f-a531cf1e5148,worker_2,coordinator_0,NET_TRANSFER,0.000100,0.158000,Signal Finished
620312.909281,2000,53bf5446-f509-4861-874f-a531cf1e5148,coordinator_0,worker_3,NET_TRANSFER,13.074100,1046.077964,Distribute Layer ID: 42b89a72
620313.014543,2000,53bf5446-f509-4861-874f-a531cf1e5148,worker_3,worker_3,MEM_MOVE,13.473548,0.105262,"Evict VRAM -> RAM [Model: efe1fad9, Layer: 1ab8f874]"
620313.116684,2000,53bf5446-f509-4861-874f-a531cf1e5148,worker_3,worker_3,DISK_LOAD,13.074100,0.102141,"Disk -> RAM [Model: 53bf5446, Layer: 42b89a72]"
620313.218826,2000,53bf5446-f509-4861-874f-a531cf1e5148,worker_3,worker_3,MEM_MOVE,13.074100,0.102141,"RAM -> VRAM [Model: 53bf5446, Layer: 42b89a72]"
620313.268826,2000,53bf5446-f509-4861-874f-a531cf1e5148,worker_3,worker_3,GPU_COMPUTE,0.050000,0.050000,GPU Compute
620313.426826,2000,53bf5446-f509-4861-874f-a531cf1e5148,worker_3,coordinator_0,NET_TRANSFER,0.000100,0.158000,Signal Finished
621490.394630,2000,53bf5446-f509-4861-874f-a531cf1e5148,coordinator_0,worker_4,NET_TRANSFER,14.710223,1176.967805,Distribute Layer ID: 773a9b66
621490.442154,2000,53bf5446-f509-4861-874f-a531cf1e5148,worker_4,worker_4,MEM_MOVE,6.082971,0.047523,"Evict VRAM -> RAM [Model: 750b7e46, Layer: a2ae4d77]"
621490.503358,2000,53bf5446-f509-4861-874f-a531cf1e5148,worker_4,worker_4,MEM_MOVE,7.834214,0.061205,"Evict VRAM -> RAM [Model: efe1fad9, Layer: b6520e83]"
621490.618282,2000,53bf5446-f509-4861-874f-a531cf1e5148,worker_4,worker_4,DISK_LOAD,14.710223,0.114924,"Disk -> RAM [Model: 53bf5446, Layer: 773a9b66]"
621490.733206,2000,53bf5446-f509-4861-874f-a531cf1e5148,worker_4,worker_4,MEM_MOVE,14.710223,0.114924,"RAM -> VRAM [Model: 53bf5446, Layer: 773a9b66]"
621490.783206,2000,53bf5446-f509-4861-874f-a531cf1e5148,worker_4,worker_4,GPU_COMPUTE,0.050000,0.050000,GPU Compute
621490.941206,2000,53bf5446-f509-4861-874f-a531cf1e5148,worker_4,coordinator_0,NET_TRANSFER,0.000100,0.158000,Signal Finished
622103.286245,2000,53bf5446-f509-4861-874f-a531cf1e5148,coordinator_0,worker_1,NET_TRANSFER,7.652438,612.345040,Distribute Layer ID: 2cbacab9
622103.335971,2000,53bf5446-f509-4861-874f-a531cf1e5148,worker_1,worker_1,MEM_MOVE,6.364802,0.049725,"Evict VRAM -> RAM [Model: efe1fad9, Layer: 5eb0f4c9]"
622103.395755,2000,53bf5446-f509-4861-874f-a531cf1e5148,worker_1,worker_1,DISK_LOAD,7.652438,0.059785,"Disk -> RAM [Model: 53bf5446, Layer: 2cbacab9]"
622103.455540,2000,53bf5446-f509-4861-874f-a531cf1e5148,worker_1,worker_1,MEM_MOVE,7.652438,0.059785,"RAM -> VRAM [Model: 53bf5446, Layer: 2cbacab9]"
622103.505540,2000,53bf5446-f509-4861-874f-a531cf1e5148,worker_1,worker_1,GPU_COMPUTE,0.050000,0.050000,GPU Compute
622103.663540,2000,53bf5446-f509-4861-874f-a531cf1e5148,worker_1,coordinator_0,NET_TRANSFER,0.000100,0.158000,Signal Finished
623190.302666,2000,53bf5446-f509-4861-874f-a531cf1e5148,coordinator_0,worker_2,NET_TRANSFER,13.581114,1086.639126,Distribute Layer ID: ec27703b
623190.342194,2000,53bf5446-f509-4861-874f-a531cf1e5148,worker_2,worker_2,MEM_MOVE,5.059633,0.039528,"Evict VRAM -> RAM [Model: 53bf5446, Layer: 60fac0cf]"
623190.448297,2000,53bf5446-f509-4861-874f-a531cf1e5148,worker_2,worker_2,DISK_LOAD,13.581114,0.106102,"Disk -> RAM [Model: 53bf5446, Layer: ec27703b]"
623190.554399,2000,53bf5446-f509-4861-874f-a531cf1e5148,worker_2,worker_2,MEM_MOVE,13.581114,0.106102,"RAM -> VRAM [Model: 53bf5446, Layer: ec27703b]"
623190.604399,2000,53bf5446-f509-4861-874f-a531cf1e5148,worker_2,worker_2,GPU_COMPUTE,0.050000,0.050000,GPU Compute
623190.762399,2000,53bf5446-f509-4861-874f-a531cf1e5148,worker_2,coordinator_0,NET_TRANSFER,0.000100,0.158000,Signal Finished
624267.115861,2000,53bf5446-f509-4861-874f-a531cf1e5148,coordinator_0,worker_3,NET_TRANSFER,13.452543,1076.353462,Distribute Layer ID: fa29660b
624267.226413,2000,53bf5446-f509-4861-874f-a531cf1e5148,worker_3,worker_3,MEM_MOVE,14.150540,0.110551,"Evict VRAM -> RAM [Model: 2ede82b5, Layer: af540dfa]"
624267.331511,2000,53bf5446-f509-4861-874f-a531cf1e5148,worker_3,worker_3,DISK_LOAD,13.452543,0.105098,"Disk -> RAM [Model: 53bf5446, Layer: fa29660b]"
624267.436609,2000,53bf5446-f509-4861-874f-a531cf1e5148,worker_3,worker_3,MEM_MOVE,13.452543,0.105098,"RAM -> VRAM [Model: 53bf5446, Layer: fa29660b]"
624267.486609,2000,53bf5446-f509-4861-874f-a531cf1e5148,worker_3,worker_3,GPU_COMPUTE,0.050000,0.050000,GPU Compute
624267.644609,2000,53bf5446-f509-4861-874f-a531cf1e5148,worker_3,coordinator_0,NET_TRANSFER,0.000100,0.158000,Signal Finished
624772.975048,2000,53bf5446-f509-4861-874f-a531cf1e5148,coordinator_0,worker_4,NET_TRANSFER,6.314755,505.330440,Distribute Layer ID: ccfcccb8
624773.062279,2000,53bf5446-f509-4861-874f-a531cf1e5148,worker_4,worker_4,MEM_MOVE,11.165575,0.087231,"Evict VRAM -> RAM [Model: 9d4a632c, Layer: 07d6c723]"
624773.111613,2000,53bf5446-f509-4861-874f-a531cf1e5148,worker_4,worker_4,DISK_LOAD,6.314755,0.049334,"Disk -> RAM [Model: 53bf5446, Layer: ccfcccb8]"
624773.160947,2000,53bf5446-f509-4861-874f-a531cf1e5148,worker_4,worker_4,MEM_MOVE,6.314755,0.049334,"RAM -> VRAM [Model: 53bf5446, Layer: ccfcccb8]"
624773.210947,2000,53bf5446-f509-4861-874f-a531cf1e5148,worker_4,worker_4,GPU_COMPUTE,0.050000,0.050000,GPU Compute
624773.368947,2000,53bf5446-f509-4861-874f-a531cf1e5148,worker_4,coordinator_0,NET_TRANSFER,0.000100,0.158000,Signal Finished
625240.580945,2000,53bf5446-f509-4861-874f-a531cf1e5148,coordinator_0,worker_1,NET_TRANSFER,5.838275,467.211998,Distribute Layer ID: 5a064611
625240.673638,2000,53bf5446-f509-4861-874f-a531cf1e5148,worker_1,worker_1,MEM_MOVE,11.864646,0.092693,"Evict VRAM -> RAM [Model: 53bf5446, Layer: c217f9ba]"
625240.719249,2000,53bf5446-f509-4861-874f-a531cf1e5148,worker_1,worker_1,DISK_LOAD,5.838275,0.045612,"Disk -> RAM [Model: 53bf5446, Layer: 5a064611]"
625240.764861,2000,53bf5446-f509-4861-874f-a531cf1e5148,worker_1,worker_1,MEM_MOVE,5.838275,0.045612,"RAM -> VRAM [Model: 53bf5446, Layer: 5a064611]"
625240.814861,2000,53bf5446-f509-4861-874f-a531cf1e5148,worker_1,worker_1,GPU_COMPUTE,0.050000,0.050000,GPU Compute
625240.972861,2000,53bf5446-f509-4861-874f-a531cf1e5148,worker_1,coordinator_0,NET_TRANSFER,0.000100,0.158000,Signal Finished
625899.715928,2000,53bf5446-f509-4861-874f-a531cf1e5148,coordinator_0,worker_2,NET_TRANSFER,8.232413,658.743067,Distribute Layer ID: b86e8194
625899.767925,2000,53bf5446-f509-4861-874f-a531cf1e5148,worker_2,worker_2,MEM_MOVE,6.655642,0.051997,"Evict VRAM -> RAM [Model: ca30bd4c, Layer: 18ed511b]"
625899.832241,2000,53bf5446-f509-4861-874f-a531cf1e5148,worker_2,worker_2,DISK_LOAD,8.232413,0.064316,"Disk -> RAM [Model: 53bf5446, Layer: b86e8194]"
625899.896556,2000,53bf5446-f509-4861-874f-a531cf1e5148,worker_2,worker_2,MEM_MOVE,8.232413,0.064316,"RAM -> VRAM [Model: 53bf5446, Layer: b86e8194]"
625899.946556,2000,53bf5446-f509-4861-874f-a531cf1e5148,worker_2,worker_2,GPU_COMPUTE,0.050000,0.050000,GPU Compute
625900.104556,2000,53bf5446-f509-4861-874f-a531cf1e5148,worker_2,coordinator_0,NET_TRANSFER,0.000100,0.158000,Signal Finished
626365.401569,2000,53bf5446-f509-4861-874f-a531cf1e5148,coordinator_0,worker_3,NET_TRANSFER,5.814338,465.297013,Distribute Layer ID: 0d4acb06
626365.446994,2000,53bf5446-f509-4861-874f-a531cf1e5148,worker_3,worker_3,DISK_LOAD,5.814338,0.045425,"Disk -> RAM [Model: 53bf5446, Layer: 0d4acb06]"
626365.492418,2000,53bf5446-f509-4861-874f-a531cf1e5148,worker_3,worker_3,MEM_MOVE,5.814338,0.045425,"RAM -> VRAM [Model: 53bf5446, Layer: 0d4acb06]"
626365.542418,2000,53bf5446-f509-4861-874f-a531cf1e5148,worker_3,worker_3,GPU_COMPUTE,0.050000,0.050000,GPU Compute
626365.700418,2000,53bf5446-f509-4861-874f-a531cf1e5148,worker_3,coordinator_0,NET_TRANSFER,0.000100,0.158000,Signal Finished
627030.713900,2000,53bf5446-f509-4861-874f-a531cf1e5148,coordinator_0,worker_4,NET_TRANSFER,8.310794,665.013482,Distribute Layer ID: 4f866ffa
627030.778828,2000,53bf5446-f509-4861-874f-a531cf1e5148,worker_4,worker_4,DISK_LOAD,8.310794,0.064928,"Disk -> RAM [Model: 53bf5446, Layer: 4f866ffa]"
627030.843756,2000,53bf5446-f509-4861-874f-a531cf1e5148,worker_4,worker_4,MEM_MOVE,8.310794,0.064928,"RAM -> VRAM [Model: 53bf5446, Layer: 4f866ffa]"
627030.893756,2000,53bf5446-f509-4861-874f-a531cf1e5148,worker_4,worker_4,GPU_COMPUTE,0.050000,0.050000,GPU Compute
627031.051756,2000,53bf5446-f509-4861-874f-a531cf1e5148,worker_4,coordinator_0,NET_TRANSFER,0.000100,0.158000,Signal Finished
627586.766839,2000,53bf5446-f509-4861-874f-a531cf1e5148,coordinator_0,worker_1,NET_TRANSFER,6.944564,555.715083,Distribute Layer ID: c76f7f30
627586.821094,2000,53bf5446-f509-4861-874f-a531cf1e5148,worker_1,worker_1,DISK_LOAD,6.944564,0.054254,"Disk -> RAM [Model: 53bf5446, Layer: c76f7f30]"
627586.875348,2000,53bf5446-f509-4861-874f-a531cf1e5148,worker_1,worker_1,MEM_MOVE,6.944564,0.054254,"RAM -> VRAM [Model: 53bf5446, Layer: c76f7f30]"
627586.925348,2000,53bf5446-f509-4861-874f-a531cf1e5148,worker_1,worker_1,GPU_COMPUTE,0.050000,0.050000,GPU Compute
627587.083348,2000,53bf5446-f509-4861-874f-a531cf1e5148,worker_1,coordinator_0,NET_TRANSFER,0.000100,0.158000,Signal Finished
628009.096844,2000,53bf5446-f509-4861-874f-a531cf1e5148,coordinator_0,worker_2,NET_TRANSFER,5.273294,422.013496,Distribute Layer ID: a3633a3e
628009.210919,2000,53bf5446-f509-4861-874f-a531cf1e5148,worker_2,worker_2,MEM_MOVE,14.601531,0.114074,"Evict VRAM -> RAM [Model: 750b7e46, Layer: 7210f66f]"
628009.252116,2000,53bf5446-f509-4861-874f-a531cf1e5148,worker_2,worker_2,DISK_LOAD,5.273294,0.041198,"Disk -> RAM [Model: 53bf5446, Layer: a3633a3e]"
628009.293314,2000,53bf5446-f509-4861-874f-a531cf1e5148,worker_2,worker_2,MEM_MOVE,5.273294,0.041198,"RAM -> VRAM [Model: 53bf5446, Layer: a3633a3e]"
628009.343314,2000,53bf5446-f509-4861-874f-a531cf1e5148,worker_2,worker_2,GPU_COMPUTE,0.050000,0.050000,GPU Compute
628009.501314,2000,53bf5446-f509-4861-874f-a531cf1e5148,worker_2,coordinator_0,NET_TRANSFER,0.000100,0.158000,Signal Finished
628434.010415,2000,53bf5446-f509-4861-874f-a531cf1e5148,coordinator_0,worker_3,NET_TRANSFER,5.304489,424.509101,Distribute Layer ID: 32dc5204
628434.078263,2000,53bf5446-f509-4861-874f-a531cf1e5148,worker_3,worker_3,MEM_MOVE,8.684594,0.067848,"Evict VRAM -> RAM [Model: 946dc1c0, Layer: f577216e]"
628434.119705,2000,53bf5446-f509-4861-874f-a531cf1e5148,worker_3,worker_3,DISK_LOAD,5.304489,0.041441,"Disk -> RAM [Model: 53bf5446, Layer: 32dc5204]"
628434.161146,2000,53bf5446-f509-4861-874f-a531cf1e5148,worker_3,worker_3,MEM_MOVE,5.304489,0.041441,"RAM -> VRAM [Model: 53bf5446, Layer: 32dc5204]"
628434.211146,2000,53bf5446-f509-4861-874f-a531cf1e5148,worker_3,worker_3,GPU_COMPUTE,0.050000,0.050000,GPU Compute
628434.369146,2000,53bf5446-f509-4861-874f-a531cf1e5148,worker_3,coordinator_0,NET_TRANSFER,0.000100,0.158000,Signal Finished
629402.047115,2000,53bf5446-f509-4861-874f-a531cf1e5148,coordinator_0,worker_4,NET_TRANSFER,12.094100,967.677969,Distribute Layer ID: 9e8c47f4
629402.142368,2000,53bf5446-f509-4861-874f-a531cf1e5148,worker_4,worker_4,MEM_MOVE,12.192319,0.095252,"Evict VRAM -> RAM [Model: efe1fad9, Layer: fa53c627]"
629402.236853,2000,53bf5446-f509-4861-874f-a531cf1e5148,worker_4,worker_4,DISK_LOAD,12.094100,0.094485,"Disk -> RAM [Model: 53bf5446, Layer: 9e8c47f4]"
629402.331338,2000,53bf5446-f509-4861-874f-a531cf1e5148,worker_4,worker_4,MEM_MOVE,12.094100,0.094485,"RAM -> VRAM [Model: 53bf5446, Layer: 9e8c47f4]"
629402.381338,2000,53bf5446-f509-4861-874f-a531cf1e5148,worker_4,worker_4,GPU_COMPUTE,0.050000,0.050000,GPU Compute
629402.539338,2000,53bf5446-f509-4861-874f-a531cf1e5148,worker_4,coordinator_0,NET_TRANSFER,0.000100,0.158000,Signal Finished
630555.801994,2000,53bf5446-f509-4861-874f-a531cf1e5148,coordinator_0,worker_1,NET_TRANSFER,14.413908,1153.262656,Distribute Layer ID: 08efe2a1
630555.845975,2000,53bf5446-f509-4861-874f-a531cf1e5148,worker_1,worker_1,MEM_MOVE,5.629524,0.043981,"Evict VRAM -> RAM [Model: 2ede82b5, Layer: 752c85e2]"
630555.916613,2000,53bf5446-f509-4861-874f-a531cf1e5148,worker_1,worker_1,MEM_MOVE,9.041698,0.070638,"Evict VRAM -> RAM [Model: ca30bd4c, Layer: c9421bcb]"
630556.029222,2000,53bf5446-f509-4861-874f-a531cf1e5148,worker_1,worker_1,DISK_LOAD,14.413908,0.112609,"Disk -> RAM [Model: 53bf5446, Layer: 08efe2a1]"
630556.141831,2000,53bf5446-f509-4861-874f-a531cf1e5148,worker_1,worker_1,MEM_MOVE,14.413908,0.112609,"RAM -> VRAM [Model: 53bf5446, Layer: 08efe2a1]"
630556.191831,2000,53bf5446-f509-4861-874f-a531cf1e5148,worker_1,worker_1,GPU_COMPUTE,0.050000,0.050000,GPU Compute
630556.349831,2000,53bf5446-f509-4861-874f-a531cf1e5148,worker_1,coordinator_0,NET_TRANSFER,0.000100,0.158000,Signal Finished
631058.369707,2000,53bf5446-f509-4861-874f-a531cf1e5148,coordinator_0,worker_2,NET_TRANSFER,6.273373,502.019877,Distribute Layer ID: fc9f9bc2
631058.418718,2000,53bf5446-f509-4861-874f-a531cf1e5148,worker_2,worker_2,DISK_LOAD,6.273373,0.049011,"Disk -> RAM [Model: 53bf5446, Layer: fc9f9bc2]"
631058.467729,2000,53bf5446-f509-4861-874f-a531cf1e5148,worker_2,worker_2,MEM_MOVE,6.273373,0.049011,"RAM -> VRAM [Model: 53bf5446, Layer: fc9f9bc2]"
631058.517729,2000,53bf5446-f509-4861-874f-a531cf1e5148,worker_2,worker_2,GPU_COMPUTE,0.050000,0.050000,GPU Compute
631058.675729,2000,53bf5446-f509-4861-874f-a531cf1e5148,worker_2,coordinator_0,NET_TRANSFER,0.000100,0.158000,Signal Finished
631744.166734,2000,53bf5446-f509-4861-874f-a531cf1e5148,coordinator_0,worker_3,NET_TRANSFER,8.566763,685.491005,Distribute Layer ID: 66c8efa9
631744.212871,2000,53bf5446-f509-4861-874f-a531cf1e5148,worker_3,worker_3,MEM_MOVE,5.905555,0.046137,"Evict VRAM -> RAM [Model: ca30bd4c, Layer: 4cce6e65]"
631744.279799,2000,53bf5446-f509-4861-874f-a531cf1e5148,worker_3,worker_3,DISK_LOAD,8.566763,0.066928,"Disk -> RAM [Model: 53bf5446, Layer: 66c8efa9]"
631744.346727,2000,53bf5446-f509-4861-874f-a531cf1e5148,worker_3,worker_3,MEM_MOVE,8.566763,0.066928,"RAM -> VRAM [Model: 53bf5446, Layer: 66c8efa9]"
631744.396727,2000,53bf5446-f509-4861-874f-a531cf1e5148,worker_3,worker_3,GPU_COMPUTE,0.050000,0.050000,GPU Compute
631744.554727,2000,53bf5446-f509-4861-874f-a531cf1e5148,worker_3,coordinator_0,NET_TRANSFER,0.000100,0.158000,Signal Finished
632585.746812,2000,53bf5446-f509-4861-874f-a531cf1e5148,coordinator_0,worker_4,NET_TRANSFER,10.513026,841.192085,Distribute Layer ID: 4f2fbc50
632585.861735,2000,53bf5446-f509-4861-874f-a531cf1e5148,worker_4,worker_4,MEM_MOVE,14.710223,0.114924,"Evict VRAM -> RAM [Model: 53bf5446, Layer: 773a9b66]"
632585.943868,2000,53bf5446-f509-4861-874f-a531cf1e5148,worker_4,worker_4,DISK_LOAD,10.513026,0.082133,"Disk -> RAM [Model: 53bf5446, Layer: 4f2fbc50]"
632586.026001,2000,53bf5446-f509-4861-874f-a531cf1e5148,worker_4,worker_4,MEM_MOVE,10.513026,0.082133,"RAM -> VRAM [Model: 53bf5446, Layer: 4f2fbc50]"
632586.076001,2000,53bf5446-f509-4861-874f-a531cf1e5148,worker_4,worker_4,GPU_COMPUTE,0.050000,0.050000,GPU Compute
632586.234001,2000,53bf5446-f509-4861-874f-a531cf1e5148,worker_4,coordinator_0,NET_TRANSFER,0.000100,0.158000,Signal Finished
633127.553189,2000,53bf5446-f509-4861-874f-a531cf1e5148,coordinator_0,worker_1,NET_TRANSFER,6.764615,541.319187,Distribute Layer ID: 640ccd62
633127.656646,2000,53bf5446-f509-4861-874f-a531cf1e5148,worker_1,worker_1,MEM_MOVE,13.242481,0.103457,"Evict VRAM -> RAM [Model: fbf90d55, Layer: 3436ce96]"
633127.709494,2000,53bf5446-f509-4861-874f-a531cf1e5148,worker_1,worker_1,DISK_LOAD,6.764615,0.052849,"Disk -> RAM [Model: 53bf5446, Layer: 640ccd62]"
633127.762343,2000,53bf5446-f509-4861-874f-a531cf1e5148,worker_1,worker_1,MEM_MOVE,6.764615,0.052849,"RAM -> VRAM [Model: 53bf5446, Layer: 640ccd62]"
633127.812343,2000,53bf5446-f509-4861-874f-a531cf1e5148,worker_1,worker_1,GPU_COMPUTE,0.050000,0.050000,GPU Compute
633127.970343,2000,53bf5446-f509-4861-874f-a531cf1e5148,worker_1,coordinator_0,NET_TRANSFER,0.000100,0.158000,Signal Finished
634091.016457,2000,53bf5446-f509-4861-874f-a531cf1e5148,coordinator_0,worker_2,NET_TRANSFER,12.036201,963.046114,Distribute Layer ID: f489a650
634091.089011,2000,53bf5446-f509-4861-874f-a531cf1e5148,worker_2,worker_2,MEM_MOVE,9.286891,0.072554,"Evict VRAM -> RAM [Model: ca30bd4c, Layer: f33a71f7]"
634091.183043,2000,53bf5446-f509-4861-874f-a531cf1e5148,worker_2,worker_2,DISK_LOAD,12.036201,0.094033,"Disk -> RAM [Model: 53bf5446, Layer: f489a650]"
634091.277076,2000,53bf5446-f509-4861-874f-a531cf1e5148,worker_2,worker_2,MEM_MOVE,12.036201,0.094033,"RAM -> VRAM [Model: 53bf5446, Layer: f489a650]"
634091.327076,2000,53bf5446-f509-4861-874f-a531cf1e5148,worker_2,worker_2,GPU_COMPUTE,0.050000,0.050000,GPU Compute
634091.485076,2000,53bf5446-f509-4861-874f-a531cf1e5148,worker_2,coordinator_0,NET_TRANSFER,0.000100,0.158000,Signal Finished
635173.095879,2000,53bf5446-f509-4861-874f-a531cf1e5148,coordinator_0,worker_3,NET_TRANSFER,13.518260,1081.610803,Distribute Layer ID: 4a239aaa
635173.195165,2000,53bf5446-f509-4861-874f-a531cf1e5148,worker_3,worker_3,MEM_MOVE,12.708595,0.099286,"Evict VRAM -> RAM [Model: 9d4a632c, Layer: 833c2054]"
635173.300777,2000,53bf5446-f509-4861-874f-a531cf1e5148,worker_3,worker_3,DISK_LOAD,13.518260,0.105611,"Disk -> RAM [Model: 53bf5446, Layer: 4a239aaa]"
635173.406388,2000,53bf5446-f509-4861-874f-a531cf1e5148,worker_3,worker_3,MEM_MOVE,13.518260,0.105611,"RAM -> VRAM [Model: 53bf5446, Layer: 4a239aaa]"
635173.456388,2000,53bf5446-f509-4861-874f-a531cf1e5148,worker_3,worker_3,GPU_COMPUTE,0.050000,0.050000,GPU Compute
635173.614388,2000,53bf5446-f509-4861-874f-a531cf1e5148,worker_3,coordinator_0,NET_TRANSFER,0.000100,0.158000,Signal Finished
636035.639105,2000,53bf5446-f509-4861-874f-a531cf1e5148,coordinator_0,worker_4,NET_TRANSFER,10.773434,862.024717,Distribute Layer ID: c34ce753
636035.707095,2000,53bf5446-f509-4861-874f-a531cf1e5148,worker_4,worker_4,MEM_MOVE,8.702685,0.067990,"Evict VRAM -> RAM [Model: 750b7e46, Layer: 48bf8684]"
636035.791263,2000,53bf5446-f509-4861-874f-a531cf1e5148,worker_4,worker_4,DISK_LOAD,10.773434,0.084167,"Disk -> RAM [Model: 53bf5446, Layer: c34ce753]"
636035.875430,2000,53bf5446-f509-4861-874f-a531cf1e5148,worker_4,worker_4,MEM_MOVE,10.773434,0.084167,"RAM -> VRAM [Model: 53bf5446, Layer: c34ce753]"
636035.925430,2000,53bf5446-f509-4861-874f-a531cf1e5148,worker_4,worker_4,GPU_COMPUTE,0.050000,0.050000,GPU Compute
636036.083430,2000,53bf5446-f509-4861-874f-a531cf1e5148,worker_4,coordinator_0,NET_TRANSFER,0.000100,0.158000,Signal Finished
637155.983656,2000,53bf5446-f509-4861-874f-a531cf1e5148,coordinator_0,worker_1,NET_TRANSFER,13.996878,1119.900226,Distribute Layer ID: c36d36c3
637156.081056,2000,53bf5446-f509-4861-874f-a531cf1e5148,worker_1,worker_1,MEM_MOVE,12.467259,0.097400,"Evict VRAM -> RAM [Model: ca30bd4c, Layer: 103f1374]"
637156.190407,2000,53bf5446-f509-4861-874f-a531cf1e5148,worker_1,worker_1,DISK_LOAD,13.996878,0.109351,"Disk -> RAM [Model: 53bf5446, Layer: c36d36c3]"
637156.299757,2000,53bf5446-f509-4861-874f-a531cf1e5148,worker_1,worker_1,MEM_MOVE,13.996878,0.109351,"RAM -> VRAM [Model: 53bf5446, Layer: c36d36c3]"
637156.349757,2000,53bf5446-f509-4861-874f-a531cf1e5148,worker_1,worker_1,GPU_COMPUTE,0.050000,0.050000,GPU Compute
637156.507757,2000,53bf5446-f509-4861-874f-a531cf1e5148,worker_1,coordinator_0,NET_TRANSFER,0.000100,0.158000,Signal Finished
638180.502771,2000,53bf5446-f509-4861-874f-a531cf1e5148,coordinator_0,worker_2,NET_TRANSFER,12.798063,1023.995013,Distribute Layer ID: 6c469ca6
638180.597208,2000,53bf5446-f509-4861-874f-a531cf1e5148,worker_2,worker_2,MEM_MOVE,12.087931,0.094437,"Evict VRAM -> RAM [Model: 9d4a632c, Layer: d0bada66]"
638180.697192,2000,53bf5446-f509-4861-874f-a531cf1e5148,worker_2,worker_2,DISK_LOAD,12.798063,0.099985,"Disk -> RAM [Model: 53bf5446, Layer: 6c469ca6]"
638180.797177,2000,53bf5446-f509-4861-874f-a531cf1e5148,worker_2,worker_2,MEM_MOVE,12.798063,0.099985,"RAM -> VRAM [Model: 53bf5446, Layer: 6c469ca6]"
638180.847177,2000,53bf5446-f509-4861-874f-a531cf1e5148,worker_2,worker_2,GPU_COMPUTE,0.050000,0.050000,GPU Compute
638181.005177,2000,53bf5446-f509-4861-874f-a531cf1e5148,worker_2,coordinator_0,NET_TRANSFER,0.000100,0.158000,Signal Finished
639266.959988,2000,53bf5446-f509-4861-874f-a531cf1e5148,coordinator_0,worker_3,NET_TRANSFER,13.572560,1085.954811,Distribute Layer ID: 19e4c346
639267.031943,2000,53bf5446-f509-4861-874f-a531cf1e5148,worker_3,worker_3,MEM_MOVE,9.210212,0.071955,"Evict VRAM -> RAM [Model: 750b7e46, Layer: 76c2d5f1]"
639267.109933,2000,53bf5446-f509-4861-874f-a531cf1e5148,worker_3,worker_3,MEM_MOVE,9.982660,0.077990,"Evict VRAM -> RAM [Model: 9d4a632c, Layer: 9c04081a]"
639267.215968,2000,53bf5446-f509-4861-874f-a531cf1e5148,worker_3,worker_3,DISK_LOAD,13.572560,0.106036,"Disk -> RAM [Model: 53bf5446, Layer: 19e4c346]"
639267.322004,2000,53bf5446-f509-4861-874f-a531cf1e5148,worker_3,worker_3,MEM_MOVE,13.572560,0.106036,"RAM -> VRAM [Model: 53bf5446, Layer: 19e4c346]"
639267.372004,2000,53bf5446-f509-4861-874f-a531cf1e5148,worker_3,worker_3,GPU_COMPUTE,0.050000,0.050000,GPU Compute
639267.530004,2000,53bf5446-f509-4861-874f-a531cf1e5148,worker_3,coordinator_0,NET_TRANSFER,0.000100,0.158000,Signal Finished
639963.258393,2000,53bf5446-f509-4861-874f-a531cf1e5148,coordinator_0,worker_4,NET_TRANSFER,8.694730,695.728390,Distribute Layer ID: 2ee742dc
639963.373906,2000,53bf5446-f509-4861-874f-a531cf1e5148,worker_4,worker_4,MEM_MOVE,14.785568,0.115512,"Evict VRAM -> RAM [Model: 53bf5446, Layer: 90ac2c19]"
639963.441833,2000,53bf5446-f509-4861-874f-a531cf1e5148,worker_4,worker_4,DISK_LOAD,8.694730,0.067928,"Disk -> RAM [Model: 53bf5446, Layer: 2ee742dc]"
639963.509761,2000,53bf5446-f509-4861-874f-a531cf1e5148,worker_4,worker_4,MEM_MOVE,8.694730,0.067928,"RAM -> VRAM [Model: 53bf5446, Layer: 2ee742dc]"
639963.559761,2000,53bf5446-f509-4861-874f-a531cf1e5148,worker_4,worker_4,GPU_COMPUTE,0.050000,0.050000,GPU Compute
639963.717761,2000,53bf5446-f509-4861-874f-a531cf1e5148,worker_4,coordinator_0,NET_TRANSFER,0.000100,0.158000,Signal Finished
639963.875761,10002,9d4a632c-1da4-4855-8ee3-ca4ae32fb12e,coordinator_0,client_10,NET_TRANSFER,0.000100,0.158000,Signal: Cache Miss / Request Weights
687230.389554,10002,9d4a632c-1da4-4855-8ee3-ca4ae32fb12e,client_10,coordinator_0,NET_TRANSFER,590.829547,47266.513793,Upload Model Weights
687664.375999,10002,9d4a632c-1da4-4855-8ee3-ca4ae32fb12e,coordinator_0,worker_2,NET_TRANSFER,5.422956,433.986445,Distribute Layer ID: 14ee5f23
687664.425999,10002,9d4a632c-1da4-4855-8ee3-ca4ae32fb12e,worker_2,worker_2,GPU_COMPUTE,0.050000,0.050000,GPU Compute
687664.583999,10002,9d4a632c-1da4-4855-8ee3-ca4ae32fb12e,worker_2,coordinator_0,NET_TRANSFER,0.000100,0.158000,Signal Finished
688773.938283,10002,9d4a632c-1da4-4855-8ee3-ca4ae32fb12e,coordinator_0,worker_3,NET_TRANSFER,13.865054,1109.354284,Distribute Layer ID: de7794cb
688773.988283,10002,9d4a632c-1da4-4855-8ee3-ca4ae32fb12e,worker_3,worker_3,GPU_COMPUTE,0.050000,0.050000,GPU Compute
688774.146283,10002,9d4a632c-1da4-4855-8ee3-ca4ae32fb12e,worker_3,coordinator_0,NET_TRANSFER,0.000100,0.158000,Signal Finished
689753.691371,10002,9d4a632c-1da4-4855-8ee3-ca4ae32fb12e,coordinator_0,worker_4,NET_TRANSFER,12.242439,979.545089,Distribute Layer ID: 800b14af
689753.741371,10002,9d4a632c-1da4-4855-8ee3-ca4ae32fb12e,worker_4,worker_4,GPU_COMPUTE,0.050000,0.050000,GPU Compute
689753.899371,10002,9d4a632c-1da4-4855-8ee3-ca4ae32fb12e,worker_4,coordinator_0,NET_TRANSFER,0.000100,0.158000,Signal Finished
690576.824054,10002,9d4a632c-1da4-4855-8ee3-ca4ae32fb12e,coordinator_0,worker_1,NET_TRANSFER,10.284684,822.924682,Distribute Layer ID: fbd6abf9
690576.867533,10002,9d4a632c-1da4-4855-8ee3-ca4ae32fb12e,worker_1,worker_1,MEM_MOVE,5.565287,0.043479,"Evict VRAM -> RAM [Model: fbf90d55, Layer: 44eacbe0]"
690576.947882,10002,9d4a632c-1da4-4855-8ee3-ca4ae32fb12e,worker_1,worker_1,MEM_MOVE,10.284684,0.080349,"RAM -> VRAM [Model: 9d4a632c, Layer: fbd6abf9]"
690576.997882,10002,9d4a632c-1da4-4855-8ee3-ca4ae32fb12e,worker_1,worker_1,GPU_COMPUTE,0.050000,0.050000,GPU Compute
690577.155882,10002,9d4a632c-1da4-4855-8ee3-ca4ae32fb12e,worker_1,coordinator_0,NET_TRANSFER,0.000100,0.158000,Signal Finished
691737.712462,10002,9d4a632c-1da4-4855-8ee3-ca4ae32fb12e,coordinator_0,worker_2,NET_TRANSFER,14.505082,1160.556581,Distribute Layer ID: bbc82908
691737.802891,10002,9d4a632c-1da4-4855-8ee3-ca4ae32fb12e,worker_2,worker_2,MEM_MOVE,11.574842,0.090428,"Evict VRAM -> RAM [Model: 2ede82b5, Layer: 06490ad0]"
691737.869102,10002,9d4a632c-1da4-4855-8ee3-ca4ae32fb12e,worker_2,worker_2,MEM_MOVE,8.475101,0.066212,"Evict VRAM -> RAM [Model: 9d4a632c, Layer: a2f661c3]"
691737.982423,10002,9d4a632c-1da4-4855-8ee3-ca4ae32fb12e,worker_2,worker_2,MEM_MOVE,14.505082,0.113321,"RAM -> VRAM [Model: 9d4a632c, Layer: bbc82908]"
691738.032423,10002,9d4a632c-1da4-4855-8ee3-ca4ae32fb12e,worker_2,worker_2,GPU_COMPUTE,0.050000,0.050000,GPU Compute
691738.190423,10002,9d4a632c-1da4-4855-8ee3-ca4ae32fb12e,worker_2,coordinator_0,NET_TRANSFER,0.000100,0.158000,Signal Finished
692536.953190,10002,9d4a632c-1da4-4855-8ee3-ca4ae32fb12e,coordinator_0,worker_3,NET_TRANSFER,9.982660,798.762767,Distribute Layer ID: 9c04081a
692537.004637,10002,9d4a632c-1da4-4855-8ee3-ca4ae32fb12e,worker_3,worker_3,MEM_MOVE,6.585219,0.051447,"Evict VRAM -> RAM [Model: 946dc1c0, Layer: 26955f3e]"
692537.082627,10002,9d4a632c-1da4-4855-8ee3-ca4ae32fb12e,worker_3,worker_3,MEM_MOVE,9.982660,0.077990,"RAM -> VRAM [Model: 9d4a632c, Layer: 9c04081a]"
692537.132627,10002,9d4a632c-1da4-4855-8ee3-ca4ae32fb12e,worker_3,worker_3,GPU_COMPUTE,0.050000,0.050000,GPU Compute
692537.290627,10002,9d4a632c-1da4-4855-8ee3-ca4ae32fb12e,worker_3,coordinator_0,NET_TRANSFER,0.000100,0.158000,Signal Finished
693386.877551,10002,9d4a632c-1da4-4855-8ee3-ca4ae32fb12e,coordinator_0,worker_4,NET_TRANSFER,10.617962,849.586925,Distribute Layer ID: 74f48170
693386.927551,10002,9d4a632c-1da4-4855-8ee3-ca4ae32fb12e,worker_4,worker_4,GPU_COMPUTE,0.050000,0.050000,GPU Compute
693387.085551,10002,9d4a632c-1da4-4855-8ee3-ca4ae32fb12e,worker_4,coordinator_0,NET_TRANSFER,0.000100,0.158000,Signal Finished
694238.968718,10002,9d4a632c-1da4-4855-8ee3-ca4ae32fb12e,coordinator_0,worker_1,NET_TRANSFER,10.646665,851.883166,Distribute Layer ID: ff6d1412
694239.018718,10002,9d4a632c-1da4-4855-8ee3-ca4ae32fb12e,worker_1,worker_1,GPU_COMPUTE,0.050000,0.050000,GPU Compute
694239.176718,10002,9d4a632c-1da4-4855-8ee3-ca4ae32fb12e,worker_1,coordinator_0,NET_TRANSFER,0.000100,0.158000,Signal Finished
694757.351396,10002,9d4a632c-1da4-4855-8ee3-ca4ae32fb12e,coordinator_0,worker_2,NET_TRANSFER,6.475308,518.174679,Distribute Layer ID: 2c3f2ce8
694757.401396,10002,9d4a632c-1da4-4855-8ee3-ca4ae32fb12e,worker_2,worker_2,GPU_COMPUTE,0.050000,0.050000,GPU Compute
694757.559396,10002,9d4a632c-1da4-4855-8ee3-ca4ae32fb12e,worker_2,coordinator_0,NET_TRANSFER,0.000100,0.158000,Signal Finished
695366.727643,10002,9d4a632c-1da4-4855-8ee3-ca4ae32fb12e,coordinator_0,worker_3,NET_TRANSFER,7.612728,609.168247,Distribute Layer ID: beed3bdf
695366.769084,10002,9d4a632c-1da4-4855-8ee3-ca4ae32fb12e,worker_3,worker_3,MEM_MOVE,5.304489,0.041441,"Evict VRAM -> RAM [Model: 53bf5446, Layer: 32dc5204]"
695366.828559,10002,9d4a632c-1da4-4855-8ee3-ca4ae32fb12e,worker_3,worker_3,MEM_MOVE,7.612728,0.059474,"RAM -> VRAM [Model: 9d4a632c, Layer: beed3bdf]"
695366.878559,10002,9d4a632c-1da4-4855-8ee3-ca4ae32fb12e,worker_3,worker_3,GPU_COMPUTE,0.050000,0.050000,GPU Compute
695367.036559,10002,9d4a632c-1da4-4855-8ee3-ca4ae32fb12e,worker_3,coordinator_0,NET_TRANSFER,0.000100,0.158000,Signal Finished
696539.945235,10002,9d4a632c-1da4-4855-8ee3-ca4ae32fb12e,coordinator_0,worker_4,NET_TRANSFER,14.659483,1172.908676,Distribute Layer ID: 3f6d60c1
696539.995235,10002,9d4a632c-1da4-4855-8ee3-ca4ae32fb12e,worker_4,worker_4,GPU_COMPUTE,0.050000,0.050000,GPU Compute
696540.153235,10002,9d4a632c-1da4-4855-8ee3-ca4ae32fb12e,worker_4,coordinator_0,NET_TRANSFER,0.000100,0.158000,Signal Finished
697223.633871,10002,9d4a632c-1da4-4855-8ee3-ca4ae32fb12e,coordinator_0,worker_1,NET_TRANSFER,8.541633,683.480636,Distribute Layer ID: 0730113f
697223.683871,10002,9d4a632c-1da4-4855-8ee3-ca4ae32fb12e,worker_1,worker_1,GPU_COMPUTE,0.050000,0.050000,GPU Compute
697223.841871,10002,9d4a632c-1da4-4855-8ee3-ca4ae32fb12e,worker_1,coordinator_0,NET_TRANSFER,0.000100,0.158000,Signal Finished
697901.999969,10002,9d4a632c-1da4-4855-8ee3-ca4ae32fb12e,coordinator_0,worker_2,NET_TRANSFER,8.475101,678.158098,Distribute Layer ID: a2f661c3
697902.093320,10002,9d4a632c-1da4-4855-8ee3-ca4ae32fb12e,worker_2,worker_2,MEM_MOVE,11.948881,0.093351,"Evict VRAM -> RAM [Model: ca30bd4c, Layer: a39dd0cf]"
697902.159531,10002,9d4a632c-1da4-4855-8ee3-ca4ae32fb12e,worker_2,worker_2,MEM_MOVE,8.475101,0.066212,"RAM -> VRAM [Model: 9d4a632c, Layer: a2f661c3]"
697902.209531,10002,9d4a632c-1da4-4855-8ee3-ca4ae32fb12e,worker_2,worker_2,GPU_COMPUTE,0.050000,0.050000,GPU Compute
697902.367531,10002,9d4a632c-1da4-4855-8ee3-ca4ae32fb12e,worker_2,coordinator_0,NET_TRANSFER,0.000100,0.158000,Signal Finished
699079.066936,10002,9d4a632c-1da4-4855-8ee3-ca4ae32fb12e,coordinator_0,worker_3,NET_TRANSFER,14.706868,1176.699404,Distribute Layer ID: bcd50f9f
699079.145816,10002,9d4a632c-1da4-4855-8ee3-ca4ae32fb12e,worker_3,worker_3,MEM_MOVE,10.096673,0.078880,"Evict VRAM -> RAM [Model: 946dc1c0, Layer: b6fe8f26]"
699079.196009,10002,9d4a632c-1da4-4855-8ee3-ca4ae32fb12e,worker_3,worker_3,MEM_MOVE,6.424690,0.050193,"Evict VRAM -> RAM [Model: 750b7e46, Layer: b217d66e]"
699079.310906,10002,9d4a632c-1da4-4855-8ee3-ca4ae32fb12e,worker_3,worker_3,MEM_MOVE,14.706868,0.114897,"RAM -> VRAM [Model: 9d4a632c, Layer: bcd50f9f]"
699079.360906,10002,9d4a632c-1da4-4855-8ee3-ca4ae32fb12e,worker_3,worker_3,GPU_COMPUTE,0.050000,0.050000,GPU Compute
699079.518906,10002,9d4a632c-1da4-4855-8ee3-ca4ae32fb12e,worker_3,coordinator_0,NET_TRANSFER,0.000100,0.158000,Signal Finished
699809.595874,10002,9d4a632c-1da4-4855-8ee3-ca4ae32fb12e,coordinator_0,worker_4,NET_TRANSFER,9.124087,730.076967,Distribute Layer ID: 5b80f23e
699809.667156,10002,9d4a632c-1da4-4855-8ee3-ca4ae32fb12e,worker_4,worker_4,MEM_MOVE,9.124087,0.071282,"RAM -> VRAM [Model: 9d4a632c, Layer: 5b80f23e]"
699809.717156,10002,9d4a632c-1da4-4855-8ee3-ca4ae32fb12e,worker_4,worker_4,GPU_COMPUTE,0.050000,0.050000,GPU Compute
699809.875156,10002,9d4a632c-1da4-4855-8ee3-ca4ae32fb12e,worker_4,coordinator_0,NET_TRANSFER,0.000100,0.158000,Signal Finished
700565.039859,10002,9d4a632c-1da4-4855-8ee3-ca4ae32fb12e,coordinator_0,worker_1,NET_TRANSFER,9.437684,755.164703,Distribute Layer ID: 6b277a5c
700565.089859,10002,9d4a632c-1da4-4855-8ee3-ca4ae32fb12e,worker_1,worker_1,GPU_COMPUTE,0.050000,0.050000,GPU Compute
700565.247859,10002,9d4a632c-1da4-4855-8ee3-ca4ae32fb12e,worker_1,coordinator_0,NET_TRANSFER,0.000100,0.158000,Signal Finished
701532.432300,10002,9d4a632c-1da4-4855-8ee3-ca4ae32fb12e,coordinator_0,worker_2,NET_TRANSFER,12.087931,967.184441,Distribute Layer ID: d0bada66
701532.477772,10002,9d4a632c-1da4-4855-8ee3-ca4ae32fb12e,worker_2,worker_2,MEM_MOVE,5.820297,0.045471,"Evict VRAM -> RAM [Model: 750b7e46, Layer: 313fae86]"
701532.572208,10002,9d4a632c-1da4-4855-8ee3-ca4ae32fb12e,worker_2,worker_2,MEM_MOVE,12.087931,0.094437,"RAM -> VRAM [Model: 9d4a632c, Layer: d0bada66]"
701532.622208,10002,9d4a632c-1da4-4855-8ee3-ca4ae32fb12e,worker_2,worker_2,GPU_COMPUTE,0.050000,0.050000,GPU Compute
701532.780208,10002,9d4a632c-1da4-4855-8ee3-ca4ae32fb12e,worker_2,coordinator_0,NET_TRANSFER,0.000100,0.158000,Signal Finished
702549.617810,10002,9d4a632c-1da4-4855-8ee3-ca4ae32fb12e,coordinator_0,worker_3,NET_TRANSFER,12.708595,1016.837602,Distribute Layer ID: 833c2054
702549.656153,10002,9d4a632c-1da4-4855-8ee3-ca4ae32fb12e,worker_3,worker_3,MEM_MOVE,4.907912,0.038343,"Evict VRAM -> RAM [Model: 2ede82b5, Layer: d04a0926]"
702549.703745,10002,9d4a632c-1da4-4855-8ee3-ca4ae32fb12e,worker_3,worker_3,MEM_MOVE,6.091777,0.047592,"Evict VRAM -> RAM [Model: efe1fad9, Layer: 380c3aff]"
702549.803031,10002,9d4a632c-1da4-4855-8ee3-ca4ae32fb12e,worker_3,worker_3,MEM_MOVE,12.708595,0.099286,"RAM -> VRAM [Model: 9d4a632c, Layer: 833c2054]"
702549.853031,10002,9d4a632c-1da4-4855-8ee3-ca4ae32fb12e,worker_3,worker_3,GPU_COMPUTE,0.050000,0.050000,GPU Compute
702550.011031,10002,9d4a632c-1da4-4855-8ee3-ca4ae32fb12e,worker_3,coordinator_0,NET_TRANSFER,0.000100,0.158000,Signal Finished
703081.086217,10002,9d4a632c-1da4-4855-8ee3-ca4ae32fb12e,coordinator_0,worker_4,NET_TRANSFER,6.636565,531.075186,Distribute Layer ID: 313f14ee
703081.136217,10002,9d4a632c-1da4-4855-8ee3-ca4ae32fb12e,worker_4,worker_4,GPU_COMPUTE,0.050000,0.050000,GPU Compute
703081.294217,10002,9d4a632c-1da4-4855-8ee3-ca4ae32fb12e,worker_4,coordinator_0,NET_TRANSFER,0.000100,0.158000,Signal Finished
703887.504779,10002,9d4a632c-1da4-4855-8ee3-ca4ae32fb12e,coordinator_0,worker_1,NET_TRANSFER,10.075757,806.210563,Distribute Layer ID: 3c96aace
703887.573738,10002,9d4a632c-1da4-4855-8ee3-ca4ae32fb12e,worker_1,worker_1,MEM_MOVE,8.826668,0.068958,"Evict VRAM -> RAM [Model: 946dc1c0, Layer: 3af11500]"
703887.652455,10002,9d4a632c-1da4-4855-8ee3-ca4ae32fb12e,worker_1,worker_1,MEM_MOVE,10.075757,0.078717,"RAM -> VRAM [Model: 9d4a632c, Layer: 3c96aace]"
703887.702455,10002,9d4a632c-1da4-4855-8ee3-ca4ae32fb12e,worker_1,worker_1,GPU_COMPUTE,0.050000,0.050000,GPU Compute
703887.860455,10002,9d4a632c-1da4-4855-8ee3-ca4ae32fb12e,worker_1,coordinator_0,NET_TRANSFER,0.000100,0.158000,Signal Finished
704706.945529,10002,9d4a632c-1da4-4855-8ee3-ca4ae32fb12e,coordinator_0,worker_2,NET_TRANSFER,10.236688,819.085074,Distribute Layer ID: 343d3cde
704706.995529,10002,9d4a632c-1da4-4855-8ee3-ca4ae32fb12e,worker_2,worker_2,GPU_COMPUTE,0.050000,0.050000,GPU Compute
704707.153529,10002,9d4a632c-1da4-4855-8ee3-ca4ae32fb12e,worker_2,coordinator_0,NET_TRANSFER,0.000100,0.158000,Signal Finished
705814.102545,10002,9d4a632c-1da4-4855-8ee3-ca4ae32fb12e,coordinator_0,worker_3,NET_TRANSFER,13.834988,1106.949016,Distribute Layer ID: b0aac3a5
705814.152545,10002,9d4a632c-1da4-4855-8ee3-ca4ae32fb12e,worker_3,worker_3,GPU_COMPUTE,0.050000,0.050000,GPU Compute
705814.310545,10002,9d4a632c-1da4-4855-8ee3-ca4ae32fb12e,worker_3,coordinator_0,NET_TRANSFER,0.000100,0.158000,Signal Finished
706902.461392,10002,9d4a632c-1da4-4855-8ee3-ca4ae32fb12e,coordinator_0,worker_4,NET_TRANSFER,13.600011,1088.150847,Distribute Layer ID: 1b7cf8a4
706902.511392,10002,9d4a632c-1da4-4855-8ee3-ca4ae32fb12e,worker_4,worker_4,GPU_COMPUTE,0.050000,0.050000,GPU Compute
706902.669392,10002,9d4a632c-1da4-4855-8ee3-ca4ae32fb12e,worker_4,coordinator_0,NET_TRANSFER,0.000100,0.158000,Signal Finished
707353.425184,10002,9d4a632c-1da4-4855-8ee3-ca4ae32fb12e,coordinator_0,worker_1,NET_TRANSFER,5.632572,450.755792,Distribute Layer ID: 2790df67
707353.475184,10002,9d4a632c-1da4-4855-8ee3-ca4ae32fb12e,worker_1,worker_1,GPU_COMPUTE,0.050000,0.050000,GPU Compute
707353.633184,10002,9d4a632c-1da4-4855-8ee3-ca4ae32fb12e,worker_1,coordinator_0,NET_TRANSFER,0.000100,0.158000,Signal Finished
708302.463205,10002,9d4a632c-1da4-4855-8ee3-ca4ae32fb12e,coordinator_0,worker_2,NET_TRANSFER,11.858500,948.830021,Distribute Layer ID: 14c09a8c
708302.513205,10002,9d4a632c-1da4-4855-8ee3-ca4ae32fb12e,worker_2,worker_2,GPU_COMPUTE,0.050000,0.050000,GPU Compute
708302.671205,10002,9d4a632c-1da4-4855-8ee3-ca4ae32fb12e,worker_2,coordinator_0,NET_TRANSFER,0.000100,0.158000,Signal Finished
708908.304542,10002,9d4a632c-1da4-4855-8ee3-ca4ae32fb12e,coordinator_0,worker_3,NET_TRANSFER,7.568542,605.633337,Distribute Layer ID: 7b987103
708908.354542,10002,9d4a632c-1da4-4855-8ee3-ca4ae32fb12e,worker_3,worker_3,GPU_COMPUTE,0.050000,0.050000,GPU Compute
708908.512542,10002,9d4a632c-1da4-4855-8ee3-ca4ae32fb12e,worker_3,coordinator_0,NET_TRANSFER,0.000100,0.158000,Signal Finished
710102.535117,10002,9d4a632c-1da4-4855-8ee3-ca4ae32fb12e,coordinator_0,worker_4,NET_TRANSFER,14.923407,1194.022575,Distribute Layer ID: e51f91e3
710102.619285,10002,9d4a632c-1da4-4855-8ee3-ca4ae32fb12e,worker_4,worker_4,MEM_MOVE,10.773434,0.084167,"Evict VRAM -> RAM [Model: 53bf5446, Layer: c34ce753]"
710102.693303,10002,9d4a632c-1da4-4855-8ee3-ca4ae32fb12e,worker_4,worker_4,MEM_MOVE,9.474420,0.074019,"Evict VRAM -> RAM [Model: 2ede82b5, Layer: c34e8a33]"
710102.809893,10002,9d4a632c-1da4-4855-8ee3-ca4ae32fb12e,worker_4,worker_4,MEM_MOVE,14.923407,0.116589,"RAM -> VRAM [Model: 9d4a632c, Layer: e51f91e3]"
710102.859893,10002,9d4a632c-1da4-4855-8ee3-ca4ae32fb12e,worker_4,worker_4,GPU_COMPUTE,0.050000,0.050000,GPU Compute
710103.017893,10002,9d4a632c-1da4-4855-8ee3-ca4ae32fb12e,worker_4,coordinator_0,NET_TRANSFER,0.000100,0.158000,Signal Finished
711164.193138,10002,9d4a632c-1da4-4855-8ee3-ca4ae32fb12e,coordinator_0,worker_1,NET_TRANSFER,13.262816,1061.175245,Distribute Layer ID: ba5672de
711164.243138,10002,9d4a632c-1da4-4855-8ee3-ca4ae32fb12e,worker_1,worker_1,GPU_COMPUTE,0.050000,0.050000,GPU Compute
711164.401138,10002,9d4a632c-1da4-4855-8ee3-ca4ae32fb12e,worker_1,coordinator_0,NET_TRANSFER,0.000100,0.158000,Signal Finished
711849.663197,10002,9d4a632c-1da4-4855-8ee3-ca4ae32fb12e,coordinator_0,worker_2,NET_TRANSFER,8.563901,685.262059,Distribute Layer ID: bb4bd569
711849.705685,10002,9d4a632c-1da4-4855-8ee3-ca4ae32fb12e,worker_2,worker_2,MEM_MOVE,5.438558,0.042489,"Evict VRAM -> RAM [Model: ca30bd4c, Layer: 20ba02cd]"
711849.772591,10002,9d4a632c-1da4-4855-8ee3-ca4ae32fb12e,worker_2,worker_2,MEM_MOVE,8.563901,0.066905,"RAM -> VRAM [Model: 9d4a632c, Layer: bb4bd569]"
711849.822591,10002,9d4a632c-1da4-4855-8ee3-ca4ae32fb12e,worker_2,worker_2,GPU_COMPUTE,0.050000,0.050000,GPU Compute
711849.980591,10002,9d4a632c-1da4-4855-8ee3-ca4ae32fb12e,worker_2,coordinator_0,NET_TRANSFER,0.000100,0.158000,Signal Finished
712375.056408,10002,9d4a632c-1da4-4855-8ee3-ca4ae32fb12e,coordinator_0,worker_3,NET_TRANSFER,6.561573,525.075817,Distribute Layer ID: c9b0556c
712375.106408,10002,9d4a632c-1da4-4855-8ee3-ca4ae32fb12e,worker_3,worker_3,GPU_COMPUTE,0.050000,0.050000,GPU Compute
712375.264408,10002,9d4a632c-1da4-4855-8ee3-ca4ae32fb12e,worker_3,coordinator_0,NET_TRANSFER,0.000100,0.158000,Signal Finished
713139.654088,10002,9d4a632c-1da4-4855-8ee3-ca4ae32fb12e,coordinator_0,worker_4,NET_TRANSFER,9.552996,764.389680,Distribute Layer ID: 26ebb7fe
713139.711423,10002,9d4a632c-1da4-4855-8ee3-ca4ae32fb12e,worker_4,worker_4,MEM_MOVE,7.338904,0.057335,"Evict VRAM -> RAM [Model: 2ede82b5, Layer: 76446599]"
713139.786055,10002,9d4a632c-1da4-4855-8ee3-ca4ae32fb12e,worker_4,worker_4,MEM_MOVE,9.552996,0.074633,"RAM -> VRAM [Model: 9d4a632c, Layer: 26ebb7fe]"
713139.836055,10002,9d4a632c-1da4-4855-8ee3-ca4ae32fb12e,worker_4,worker_4,GPU_COMPUTE,0.050000,0.050000,GPU Compute
713139.994055,10002,9d4a632c-1da4-4855-8ee3-ca4ae32fb12e,worker_4,coordinator_0,NET_TRANSFER,0.000100,0.158000,Signal Finished
713816.002175,10002,9d4a632c-1da4-4855-8ee3-ca4ae32fb12e,coordinator_0,worker_1,NET_TRANSFER,8.448226,676.008119,Distribute Layer ID: 65f79eb5
713816.052175,10002,9d4a632c-1da4-4855-8ee3-ca4ae32fb12e,worker_1,worker_1,GPU_COMPUTE,0.050000,0.050000,GPU Compute
713816.210175,10002,9d4a632c-1da4-4855-8ee3-ca4ae32fb12e,worker_1,coordinator_0,NET_TRANSFER,0.000100,0.158000,Signal Finished
714753.972778,10002,9d4a632c-1da4-4855-8ee3-ca4ae32fb12e,coordinator_0,worker_2,NET_TRANSFER,11.720158,937.762603,Distribute Layer ID: 97d83a5c
714754.066811,10002,9d4a632c-1da4-4855-8ee3-ca4ae32fb12e,worker_2,worker_2,MEM_MOVE,12.036201,0.094033,"Evict VRAM -> RAM [Model: 53bf5446, Layer: f489a650]"
714754.158375,10002,9d4a632c-1da4-4855-8ee3-ca4ae32fb12e,worker_2,worker_2,MEM_MOVE,11.720158,0.091564,"RAM -> VRAM [Model: 9d4a632c, Layer: 97d83a5c]"
714754.208375,10002,9d4a632c-1da4-4855-8ee3-ca4ae32fb12e,worker_2,worker_2,GPU_COMPUTE,0.050000,0.050000,GPU Compute
714754.366375,10002,9d4a632c-1da4-4855-8ee3-ca4ae32fb12e,worker_2,coordinator_0,NET_TRANSFER,0.000100,0.158000,Signal Finished
715527.715656,10002,9d4a632c-1da4-4855-8ee3-ca4ae32fb12e,coordinator_0,worker_3,NET_TRANSFER,9.664991,773.349281,Distribute Layer ID: c5c7cef6
715527.765447,10002,9d4a632c-1da4-4855-8ee3-ca4ae32fb12e,worker_3,worker_3,MEM_MOVE,6.373331,0.049792,"Evict VRAM -> RAM [Model: efe1fad9, Layer: ae366e4f]"
715527.872832,10002,9d4a632c-1da4-4855-8ee3-ca4ae32fb12e,worker_3,worker_3,MEM_MOVE,13.745214,0.107384,"Evict VRAM -> RAM [Model: 2ede82b5, Layer: e1fedb7c]"
715527.948340,10002,9d4a632c-1da4-4855-8ee3-ca4ae32fb12e,worker_3,worker_3,MEM_MOVE,9.664991,0.075508,"RAM -> VRAM [Model: 9d4a632c, Layer: c5c7cef6]"
715527.998340,10002,9d4a632c-1da4-4855-8ee3-ca4ae32fb12e,worker_3,worker_3,GPU_COMPUTE,0.050000,0.050000,GPU Compute
715528.156340,10002,9d4a632c-1da4-4855-8ee3-ca4ae32fb12e,worker_3,coordinator_0,NET_TRANSFER,0.000100,0.158000,Signal Finished
716284.859219,10002,9d4a632c-1da4-4855-8ee3-ca4ae32fb12e,coordinator_0,worker_4,NET_TRANSFER,9.456911,756.702880,Distribute Layer ID: 31d3e36f
716284.909219,10002,9d4a632c-1da4-4855-8ee3-ca4ae32fb12e,worker_4,worker_4,GPU_COMPUTE,0.050000,0.050000,GPU Compute
716285.067219,10002,9d4a632c-1da4-4855-8ee3-ca4ae32fb12e,worker_4,coordinator_0,NET_TRANSFER,0.000100,0.158000,Signal Finished
717268.025547,10002,9d4a632c-1da4-4855-8ee3-ca4ae32fb12e,coordinator_0,worker_1,NET_TRANSFER,12.285104,982.958327,Distribute Layer ID: cea0a003
717268.075547,10002,9d4a632c-1da4-4855-8ee3-ca4ae32fb12e,worker_1,worker_1,GPU_COMPUTE,0.050000,0.050000,GPU Compute
717268.233547,10002,9d4a632c-1da4-4855-8ee3-ca4ae32fb12e,worker_1,coordinator_0,NET_TRANSFER,0.000100,0.158000,Signal Finished
718321.448298,10002,9d4a632c-1da4-4855-8ee3-ca4ae32fb12e,coordinator_0,worker_2,NET_TRANSFER,13.163309,1053.214752,Distribute Layer ID: 48197f83
718321.498298,10002,9d4a632c-1da4-4855-8ee3-ca4ae32fb12e,worker_2,worker_2,GPU_COMPUTE,0.050000,0.050000,GPU Compute
718321.656298,10002,9d4a632c-1da4-4855-8ee3-ca4ae32fb12e,worker_2,coordinator_0,NET_TRANSFER,0.000100,0.158000,Signal Finished
719128.730780,10002,9d4a632c-1da4-4855-8ee3-ca4ae32fb12e,coordinator_0,worker_3,NET_TRANSFER,10.086556,807.074482,Distribute Layer ID: cde081fa
719128.780780,10002,9d4a632c-1da4-4855-8ee3-ca4ae32fb12e,worker_3,worker_3,GPU_COMPUTE,0.050000,0.050000,GPU Compute
719128.938780,10002,9d4a632c-1da4-4855-8ee3-ca4ae32fb12e,worker_3,coordinator_0,NET_TRANSFER,0.000100,0.158000,Signal Finished
720004.536608,10002,9d4a632c-1da4-4855-8ee3-ca4ae32fb12e,coordinator_0,worker_4,NET_TRANSFER,10.943098,875.597828,Distribute Layer ID: 6245f0ba
720004.586608,10002,9d4a632c-1da4-4855-8ee3-ca4ae32fb12e,worker_4,worker_4,GPU_COMPUTE,0.050000,0.050000,GPU Compute
720004.744608,10002,9d4a632c-1da4-4855-8ee3-ca4ae32fb12e,worker_4,coordinator_0,NET_TRANSFER,0.000100,0.158000,Signal Finished
721096.580941,10002,9d4a632c-1da4-4855-8ee3-ca4ae32fb12e,coordinator_0,worker_1,NET_TRANSFER,13.646079,1091.836333,Distribute Layer ID: 12eb9bb7
721096.639318,10002,9d4a632c-1da4-4855-8ee3-ca4ae32fb12e,worker_1,worker_1,MEM_MOVE,7.472247,0.058377,"Evict VRAM -> RAM [Model: efe1fad9, Layer: 7788a330]"
721096.687768,10002,9d4a632c-1da4-4855-8ee3-ca4ae32fb12e,worker_1,worker_1,MEM_MOVE,6.201639,0.048450,"Evict VRAM -> RAM [Model: 53bf5446, Layer: 4a6b1840]"
721096.794378,10002,9d4a632c-1da4-4855-8ee3-ca4ae32fb12e,worker_1,worker_1,MEM_MOVE,13.646079,0.106610,"RAM -> VRAM [Model: 9d4a632c, Layer: 12eb9bb7]"
721096.844378,10002,9d4a632c-1da4-4855-8ee3-ca4ae32fb12e,worker_1,worker_1,GPU_COMPUTE,0.050000,0.050000,GPU Compute
721097.002378,10002,9d4a632c-1da4-4855-8ee3-ca4ae32fb12e,worker_1,coordinator_0,NET_TRANSFER,0.000100,0.158000,Signal Finished
721505.739175,10002,9d4a632c-1da4-4855-8ee3-ca4ae32fb12e,coordinator_0,worker_2,NET_TRANSFER,5.107335,408.736796,Distribute Layer ID: e45732aa
721505.789175,10002,9d4a632c-1da4-4855-8ee3-ca4ae32fb12e,worker_2,worker_2,GPU_COMPUTE,0.050000,0.050000,GPU Compute
721505.947175,10002,9d4a632c-1da4-4855-8ee3-ca4ae32fb12e,worker_2,coordinator_0,NET_TRANSFER,0.000100,0.158000,Signal Finished
721957.647359,10002,9d4a632c-1da4-4855-8ee3-ca4ae32fb12e,coordinator_0,worker_3,NET_TRANSFER,5.644377,451.700185,Distribute Layer ID: e2bfd2ee
721957.697359,10002,9d4a632c-1da4-4855-8ee3-ca4ae32fb12e,worker_3,worker_3,GPU_COMPUTE,0.050000,0.050000,GPU Compute
721957.855359,10002,9d4a632c-1da4-4855-8ee3-ca4ae32fb12e,worker_3,coordinator_0,NET_TRANSFER,0.000100,0.158000,Signal Finished
722449.467327,10002,9d4a632c-1da4-4855-8ee3-ca4ae32fb12e,coordinator_0,worker_4,NET_TRANSFER,6.143275,491.611967,Distribute Layer ID: e01600cb
722449.517327,10002,9d4a632c-1da4-4855-8ee3-ca4ae32fb12e,worker_4,worker_4,GPU_COMPUTE,0.050000,0.050000,GPU Compute
722449.675327,10002,9d4a632c-1da4-4855-8ee3-ca4ae32fb12e,worker_4,coordinator_0,NET_TRANSFER,0.000100,0.158000,Signal Finished
722926.454203,10002,9d4a632c-1da4-4855-8ee3-ca4ae32fb12e,coordinator_0,worker_1,NET_TRANSFER,5.957861,476.778877,Distribute Layer ID: 88f9a850
722926.504203,10002,9d4a632c-1da4-4855-8ee3-ca4ae32fb12e,worker_1,worker_1,GPU_COMPUTE,0.050000,0.050000,GPU Compute
722926.662203,10002,9d4a632c-1da4-4855-8ee3-ca4ae32fb12e,worker_1,coordinator_0,NET_TRANSFER,0.000100,0.158000,Signal Finished
723808.897451,10002,9d4a632c-1da4-4855-8ee3-ca4ae32fb12e,coordinator_0,worker_2,NET_TRANSFER,11.026066,882.235248,Distribute Layer ID: 360e7269
723808.947451,10002,9d4a632c-1da4-4855-8ee3-ca4ae32fb12e,worker_2,worker_2,GPU_COMPUTE,0.050000,0.050000,GPU Compute
723809.105451,10002,9d4a632c-1da4-4855-8ee3-ca4ae32fb12e,worker_2,coordinator_0,NET_TRANSFER,0.000100,0.158000,Signal Finished
724984.239517,10002,9d4a632c-1da4-4855-8ee3-ca4ae32fb12e,coordinator_0,worker_3,NET_TRANSFER,14.687301,1175.134066,Distribute Layer ID: a4505075
724984.289517,10002,9d4a632c-1da4-4855-8ee3-ca4ae32fb12e,worker_3,worker_3,GPU_COMPUTE,0.050000,0.050000,GPU Compute
724984.447517,10002,9d4a632c-1da4-4855-8ee3-ca4ae32fb12e,worker_3,coordinator_0,NET_TRANSFER,0.000100,0.158000,Signal Finished
725505.686222,10002,9d4a632c-1da4-4855-8ee3-ca4ae32fb12e,coordinator_0,worker_4,NET_TRANSFER,6.513609,521.238704,Distribute Layer ID: 66b7de0b
725505.736222,10002,9d4a632c-1da4-4855-8ee3-ca4ae32fb12e,worker_4,worker_4,GPU_COMPUTE,0.050000,0.050000,GPU Compute
725505.894222,10002,9d4a632c-1da4-4855-8ee3-ca4ae32fb12e,worker_4,coordinator_0,NET_TRANSFER,0.000100,0.158000,Signal Finished
725919.312552,10002,9d4a632c-1da4-4855-8ee3-ca4ae32fb12e,coordinator_0,worker_1,NET_TRANSFER,5.165854,413.418331,Distribute Layer ID: 89ae90d5
725919.362552,10002,9d4a632c-1da4-4855-8ee3-ca4ae32fb12e,worker_1,worker_1,GPU_COMPUTE,0.050000,0.050000,GPU Compute
725919.520552,10002,9d4a632c-1da4-4855-8ee3-ca4ae32fb12e,worker_1,coordinator_0,NET_TRANSFER,0.000100,0.158000,Signal Finished
726933.575309,10002,9d4a632c-1da4-4855-8ee3-ca4ae32fb12e,coordinator_0,worker_2,NET_TRANSFER,12.673809,1014.054757,Distribute Layer ID: 7f05d1f3
726933.625309,10002,9d4a632c-1da4-4855-8ee3-ca4ae32fb12e,worker_2,worker_2,GPU_COMPUTE,0.050000,0.050000,GPU Compute
726933.783309,10002,9d4a632c-1da4-4855-8ee3-ca4ae32fb12e,worker_2,coordinator_0,NET_TRANSFER,0.000100,0.158000,Signal Finished
727742.819303,10002,9d4a632c-1da4-4855-8ee3-ca4ae32fb12e,coordinator_0,worker_3,NET_TRANSFER,10.111075,809.035994,Distribute Layer ID: 2a34ccff
727742.869303,10002,9d4a632c-1da4-4855-8ee3-ca4ae32fb12e,worker_3,worker_3,GPU_COMPUTE,0.050000,0.050000,GPU Compute
727743.027303,10002,9d4a632c-1da4-4855-8ee3-ca4ae32fb12e,worker_3,coordinator_0,NET_TRANSFER,0.000100,0.158000,Signal Finished
728636.423287,10002,9d4a632c-1da4-4855-8ee3-ca4ae32fb12e,coordinator_0,worker_4,NET_TRANSFER,11.165575,893.395983,Distribute Layer ID: 07d6c723
728636.538041,10002,9d4a632c-1da4-4855-8ee3-ca4ae32fb12e,worker_4,worker_4,MEM_MOVE,14.688628,0.114755,"Evict VRAM -> RAM [Model: efe1fad9, Layer: 0764959d]"
728636.625273,10002,9d4a632c-1da4-4855-8ee3-ca4ae32fb12e,worker_4,worker_4,MEM_MOVE,11.165575,0.087231,"RAM -> VRAM [Model: 9d4a632c, Layer: 07d6c723]"
728636.675273,10002,9d4a632c-1da4-4855-8ee3-ca4ae32fb12e,worker_4,worker_4,GPU_COMPUTE,0.050000,0.050000,GPU Compute
728636.833273,10002,9d4a632c-1da4-4855-8ee3-ca4ae32fb12e,worker_4,coordinator_0,NET_TRANSFER,0.000100,0.158000,Signal Finished
729321.201269,10002,9d4a632c-1da4-4855-8ee3-ca4ae32fb12e,coordinator_0,worker_1,NET_TRANSFER,8.552725,684.367997,Distribute Layer ID: 708ffffd
729321.251269,10002,9d4a632c-1da4-4855-8ee3-ca4ae32fb12e,worker_1,worker_1,GPU_COMPUTE,0.050000,0.050000,GPU Compute
729321.409269,10002,9d4a632c-1da4-4855-8ee3-ca4ae32fb12e,worker_1,coordinator_0,NET_TRANSFER,0.000100,0.158000,Signal Finished
729795.150838,10002,9d4a632c-1da4-4855-8ee3-ca4ae32fb12e,coordinator_0,worker_2,NET_TRANSFER,5.919895,473.741569,Distribute Layer ID: 52c8bf74
729795.261895,10002,9d4a632c-1da4-4855-8ee3-ca4ae32fb12e,worker_2,worker_2,MEM_MOVE,14.215222,0.111056,"Evict VRAM -> RAM [Model: fbf90d55, Layer: 7cda2ef8]"
729795.308144,10002,9d4a632c-1da4-4855-8ee3-ca4ae32fb12e,worker_2,worker_2,MEM_MOVE,5.919895,0.046249,"RAM -> VRAM [Model: 9d4a632c, Layer: 52c8bf74]"
729795.358144,10002,9d4a632c-1da4-4855-8ee3-ca4ae32fb12e,worker_2,worker_2,GPU_COMPUTE,0.050000,0.050000,GPU Compute
729795.516144,10002,9d4a632c-1da4-4855-8ee3-ca4ae32fb12e,worker_2,coordinator_0,NET_TRANSFER,0.000100,0.158000,Signal Finished
730628.087001,10002,9d4a632c-1da4-4855-8ee3-ca4ae32fb12e,coordinator_0,worker_3,NET_TRANSFER,10.405261,832.570857,Distribute Layer ID: 612c9333
730628.137001,10002,9d4a632c-1da4-4855-8ee3-ca4ae32fb12e,worker_3,worker_3,GPU_COMPUTE,0.050000,0.050000,GPU Compute
730628.295001,10002,9d4a632c-1da4-4855-8ee3-ca4ae32fb12e,worker_3,coordinator_0,NET_TRANSFER,0.000100,0.158000,Signal Finished
731153.741409,10002,9d4a632c-1da4-4855-8ee3-ca4ae32fb12e,coordinator_0,worker_4,NET_TRANSFER,6.566205,525.446408,Distribute Layer ID: d52347e2
731153.791409,10002,9d4a632c-1da4-4855-8ee3-ca4ae32fb12e,worker_4,worker_4,GPU_COMPUTE,0.050000,0.050000,GPU Compute
731153.949409,10002,9d4a632c-1da4-4855-8ee3-ca4ae32fb12e,worker_4,coordinator_0,NET_TRANSFER,0.000100,0.158000,Signal Finished
732315.501968,10002,9d4a632c-1da4-4855-8ee3-ca4ae32fb12e,coordinator_0,worker_1,NET_TRANSFER,14.517532,1161.552558,Distribute Layer ID: 7bfddc45
732315.551968,10002,9d4a632c-1da4-4855-8ee3-ca4ae32fb12e,worker_1,worker_1,GPU_COMPUTE,0.050000,0.050000,GPU Compute
732315.709968,10002,9d4a632c-1da4-4855-8ee3-ca4ae32fb12e,worker_1,coordinator_0,NET_TRANSFER,0.000100,0.158000,Signal Finished
733475.677547,10002,9d4a632c-1da4-4855-8ee3-ca4ae32fb12e,coordinator_0,worker_2,NET_TRANSFER,14.497720,1159.967579,Distribute Layer ID: b06eec36
733475.727547,10002,9d4a632c-1da4-4855-8ee3-ca4ae32fb12e,worker_2,worker_2,GPU_COMPUTE,0.050000,0.050000,GPU Compute
733475.885547,10002,9d4a632c-1da4-4855-8ee3-ca4ae32fb12e,worker_2,coordinator_0,NET_TRANSFER,0.000100,0.158000,Signal Finished
734059.207623,10002,9d4a632c-1da4-4855-8ee3-ca4ae32fb12e,coordinator_0,worker_3,NET_TRANSFER,7.289651,583.322076,Distribute Layer ID: 13386504
734059.264573,10002,9d4a632c-1da4-4855-8ee3-ca4ae32fb12e,worker_3,worker_3,MEM_MOVE,7.289651,0.056950,"RAM -> VRAM [Model: 9d4a632c, Layer: 13386504]"
734059.314573,10002,9d4a632c-1da4-4855-8ee3-ca4ae32fb12e,worker_3,worker_3,GPU_COMPUTE,0.050000,0.050000,GPU Compute
734059.472573,10002,9d4a632c-1da4-4855-8ee3-ca4ae32fb12e,worker_3,coordinator_0,NET_TRANSFER,0.000100,0.158000,Signal Finished
734520.803205,10002,9d4a632c-1da4-4855-8ee3-ca4ae32fb12e,coordinator_0,worker_4,NET_TRANSFER,5.764758,461.330632,Distribute Layer ID: 1723cd5b
734520.848242,10002,9d4a632c-1da4-4855-8ee3-ca4ae32fb12e,worker_4,worker_4,MEM_MOVE,5.764758,0.045037,"RAM -> VRAM [Model: 9d4a632c, Layer: 1723cd5b]"
734520.898242,10002,9d4a632c-1da4-4855-8ee3-ca4ae32fb12e,worker_4,worker_4,GPU_COMPUTE,0.050000,0.050000,GPU Compute
734521.056242,10002,9d4a632c-1da4-4855-8ee3-ca4ae32fb12e,worker_4,coordinator_0,NET_TRANSFER,0.000100,0.158000,Signal Finished
734521.214242,1000,946dc1c0-f65c-473a-9f28-9712bae271a5,coordinator_0,client_1,NET_TRANSFER,0.000100,0.158000,Signal: Cache Hit / Starting
734521.372242,1000,946dc1c0-f65c-473a-9f28-9712bae271a5,coordinator_0,worker_1,NET_TRANSFER,0.000100,0.158000,Trigger Inference for Layer ID: d68aed93
734521.422242,1000,946dc1c0-f65c-473a-9f28-9712bae271a5,worker_1,worker_1,GPU_COMPUTE,0.050000,0.050000,GPU Compute
734521.580242,1000,946dc1c0-f65c-473a-9f28-9712bae271a5,worker_1,coordinator_0,NET_TRANSFER,0.000100,0.158000,Signal Finished
734521.738242,1000,946dc1c0-f65c-473a-9f28-9712bae271a5,coordinator_0,worker_2,NET_TRANSFER,0.000100,0.158000,Trigger Inference for Layer ID: bd02e3ae
734521.778143,1000,946dc1c0-f65c-473a-9f28-9712bae271a5,worker_2,worker_2,MEM_MOVE,5.107335,0.039901,"Evict VRAM -> RAM [Model: 9d4a632c, Layer: e45732aa]"
734521.856434,1000,946dc1c0-f65c-473a-9f28-9712bae271a5,worker_2,worker_2,MEM_MOVE,10.021220,0.078291,"RAM -> VRAM [Model: 946dc1c0, Layer: bd02e3ae]"
734521.906434,1000,946dc1c0-f65c-473a-9f28-9712bae271a5,worker_2,worker_2,GPU_COMPUTE,0.050000,0.050000,GPU Compute
734522.064434,1000,946dc1c0-f65c-473a-9f28-9712bae271a5,worker_2,coordinator_0,NET_TRANSFER,0.000100,0.158000,Signal Finished
734522.222434,1000,946dc1c0-f65c-473a-9f28-9712bae271a5,coordinator_0,worker_3,NET_TRANSFER,0.000100,0.158000,Trigger Inference for Layer ID: b6fe8f26
734522.302644,1000,946dc1c0-f65c-473a-9f28-9712bae271a5,worker_3,worker_3,MEM_MOVE,10.266845,0.080210,"Evict VRAM -> RAM [Model: efe1fad9, Layer: 511ed25e]"
734522.381524,1000,946dc1c0-f65c-473a-9f28-9712bae271a5,worker_3,worker_3,MEM_MOVE,10.096673,0.078880,"RAM -> VRAM [Model: 946dc1c0, Layer: b6fe8f26]"
734522.431524,1000,946dc1c0-f65c-473a-9f28-9712bae271a5,worker_3,worker_3,GPU_COMPUTE,0.050000,0.050000,GPU Compute
734522.589524,1000,946dc1c0-f65c-473a-9f28-9712bae271a5,worker_3,coordinator_0,NET_TRANSFER,0.000100,0.158000,Signal Finished
734522.747524,1000,946dc1c0-f65c-473a-9f28-9712bae271a5,coordinator_0,worker_4,NET_TRANSFER,0.000100,0.158000,Trigger Inference for Layer ID: 01cf9f6f
734522.797524,1000,946dc1c0-f65c-473a-9f28-9712bae271a5,worker_4,worker_4,GPU_COMPUTE,0.050000,0.050000,GPU Compute
734522.955524,1000,946dc1c0-f65c-473a-9f28-9712bae271a5,worker_4,coordinator_0,NET_TRANSFER,0.000100,0.158000,Signal Finished
734523.113524,1000,946dc1c0-f65c-473a-9f28-9712bae271a5,coordinator_0,worker_1,NET_TRANSFER,0.000100,0.158000,Trigger Inference for Layer ID: 1be789f6
734523.163524,1000,946dc1c0-f65c-473a-9f28-9712bae271a5,worker_1,worker_1,GPU_COMPUTE,0.050000,0.050000,GPU Compute
734523.321524,1000,946dc1c0-f65c-473a-9f28-9712bae271a5,worker_1,coordinator_0,NET_TRANSFER,0.000100,0.158000,Signal Finished
734523.479524,1000,946dc1c0-f65c-473a-9f28-9712bae271a5,coordinator_0,worker_2,NET_TRANSFER,0.000100,0.158000,Trigger Inference for Layer ID: 463862b8
734523.571088,1000,946dc1c0-f65c-473a-9f28-9712bae271a5,worker_2,worker_2,MEM_MOVE,11.720158,0.091564,"Evict VRAM -> RAM [Model: 9d4a632c, Layer: 97d83a5c]"
734523.646848,1000,946dc1c0-f65c-473a-9f28-9712bae271a5,worker_2,worker_2,MEM_MOVE,9.697286,0.075760,"RAM -> VRAM [Model: 946dc1c0, Layer: 463862b8]"
734523.696848,1000,946dc1c0-f65c-473a-9f28-9712bae271a5,worker_2,worker_2,GPU_COMPUTE,0.050000,0.050000,GPU Compute
734523.854848,1000,946dc1c0-f65c-473a-9f28-9712bae271a5,worker_2,coordinator_0,NET_TRANSFER,0.000100,0.158000,Signal Finished
734524.012848,1000,946dc1c0-f65c-473a-9f28-9712bae271a5,coordinator_0,worker_3,NET_TRANSFER,0.000100,0.158000,Trigger Inference for Layer ID: 907832bd
734524.062848,1000,946dc1c0-f65c-473a-9f28-9712bae271a5,worker_3,worker_3,GPU_COMPUTE,0.050000,0.050000,GPU Compute
734524.220848,1000,946dc1c0-f65c-473a-9f28-9712bae271a5,worker_3,coordinator_0,NET_TRANSFER,0.000100,0.158000,Signal Finished
734524.378848,1000,946dc1c0-f65c-473a-9f28-9712bae271a5,coordinator_0,worker_4,NET_TRANSFER,0.000100,0.158000,Trigger Inference for Layer ID: 33c9a149
734524.441085,1000,946dc1c0-f65c-473a-9f28-9712bae271a5,worker_4,worker_4,MEM_MOVE,7.966419,0.062238,"Evict VRAM -> RAM [Model: 946dc1c0, Layer: 8569108c]"
734524.556546,1000,946dc1c0-f65c-473a-9f28-9712bae271a5,worker_4,worker_4,MEM_MOVE,14.778904,0.115460,"Evict VRAM -> RAM [Model: 53bf5446, Layer: fe1950f8]"
734524.651338,1000,946dc1c0-f65c-473a-9f28-9712bae271a5,worker_4,worker_4,MEM_MOVE,12.133417,0.094792,"RAM -> VRAM [Model: 946dc1c0, Layer: 33c9a149]"
734524.701338,1000,946dc1c0-f65c-473a-9f28-9712bae271a5,worker_4,worker_4,GPU_COMPUTE,0.050000,0.050000,GPU Compute
734524.859338,1000,946dc1c0-f65c-473a-9f28-9712bae271a5,worker_4,coordinator_0,NET_TRANSFER,0.000100,0.158000,Signal Finished
734525.017338,1000,946dc1c0-f65c-473a-9f28-9712bae271a5,coordinator_0,worker_1,NET_TRANSFER,0.000100,0.158000,Trigger Inference for Layer ID: ce617b36
734525.101427,1000,946dc1c0-f65c-473a-9f28-9712bae271a5,worker_1,worker_1,MEM_MOVE,10.763401,0.084089,"Evict VRAM -> RAM [Model: 750b7e46, Layer: 7cd12353]"
734525.146407,1000,946dc1c0-f65c-473a-9f28-9712bae271a5,worker_1,worker_1,MEM_MOVE,5.757497,0.044980,"RAM -> VRAM [Model: 946dc1c0, Layer: ce617b36]"
734525.196407,1000,946dc1c0-f65c-473a-9f28-9712bae271a5,worker_1,worker_1,GPU_COMPUTE,0.050000,0.050000,GPU Compute
734525.354407,1000,946dc1c0-f65c-473a-9f28-9712bae271a5,worker_1,coordinator_0,NET_TRANSFER,0.000100,0.158000,Signal Finished
734525.512407,1000,946dc1c0-f65c-473a-9f28-9712bae271a5,coordinator_0,worker_2,NET_TRANSFER,0.000100,0.158000,Trigger Inference for Layer ID: 3aa2ad3a
734525.562407,1000,946dc1c0-f65c-473a-9f28-9712bae271a5,worker_2,worker_2,GPU_COMPUTE,0.050000,0.050000,GPU Compute
734525.720407,1000,946dc1c0-f65c-473a-9f28-9712bae271a5,worker_2,coordinator_0,NET_TRANSFER,0.000100,0.158000,Signal Finished
734525.878407,1000,946dc1c0-f65c-473a-9f28-9712bae271a5,coordinator_0,worker_3,NET_TRANSFER,0.000100,0.158000,Trigger Inference for Layer ID: 6d113bc6
734525.928407,1000,946dc1c0-f65c-473a-9f28-9712bae271a5,worker_3,worker_3,GPU_COMPUTE,0.050000,0.050000,GPU Compute
734526.086407,1000,946dc1c0-f65c-473a-9f28-9712bae271a5,worker_3,coordinator_0,NET_TRANSFER,0.000100,0.158000,Signal Finished
734526.244407,1000,946dc1c0-f65c-473a-9f28-9712bae271a5,coordinator_0,worker_4,NET_TRANSFER,0.000100,0.158000,Trigger Inference for Layer ID: ae35fe68
734526.294407,1000,946dc1c0-f65c-473a-9f28-9712bae271a5,worker_4,worker_4,GPU_COMPUTE,0.050000,0.050000,GPU Compute
734526.452407,1000,946dc1c0-f65c-473a-9f28-9712bae271a5,worker_4,coordinator_0,NET_TRANSFER,0.000100,0.158000,Signal Finished
734526.610407,1000,946dc1c0-f65c-473a-9f28-9712bae271a5,coordinator_0,worker_1,NET_TRANSFER,0.000100,0.158000,Trigger Inference for Layer ID: a9500c98
734526.660407,1000,946dc1c0-f65c-473a-9f28-9712bae271a5,worker_1,worker_1,GPU_COMPUTE,0.050000,0.050000,GPU Compute
734526.818407,1000,946dc1c0-f65c-473a-9f28-9712bae271a5,worker_1,coordinator_0,NET_TRANSFER,0.000100,0.158000,Signal Finished
734526.976407,1000,946dc1c0-f65c-473a-9f28-9712bae271a5,coordinator_0,worker_2,NET_TRANSFER,0.000100,0.158000,Trigger Inference for Layer ID: 3232589a
734527.026407,1000,946dc1c0-f65c-473a-9f28-9712bae271a5,worker_2,worker_2,GPU_COMPUTE,0.050000,0.050000,GPU Compute
734527.184407,1000,946dc1c0-f65c-473a-9f28-9712bae271a5,worker_2,coordinator_0,NET_TRANSFER,0.000100,0.158000,Signal Finished
734527.342407,1000,946dc1c0-f65c-473a-9f28-9712bae271a5,coordinator_0,worker_3,NET_TRANSFER,0.000100,0.158000,Trigger Inference for Layer ID: c3d14309
734527.392407,1000,946dc1c0-f65c-473a-9f28-9712bae271a5,worker_3,worker_3,GPU_COMPUTE,0.050000,0.050000,GPU Compute
734527.550407,1000,946dc1c0-f65c-473a-9f28-9712bae271a5,worker_3,coordinator_0,NET_TRANSFER,0.000100,0.158000,Signal Finished
734527.708407,1000,946dc1c0-f65c-473a-9f28-9712bae271a5,coordinator_0,worker_4,NET_TRANSFER,0.000100,0.158000,Trigger Inference for Layer ID: 694e6dd5
734527.765350,1000,946dc1c0-f65c-473a-9f28-9712bae271a5,worker_4,worker_4,MEM_MOVE,7.288684,0.056943,"RAM -> VRAM [Model: 946dc1c0, Layer: 694e6dd5]"
734527.815350,1000,946dc1c0-f65c-473a-9f28-9712bae271a5,worker_4,worker_4,GPU_COMPUTE,0.050000,0.050000,GPU Compute
734527.973350,1000,946dc1c0-f65c-473a-9f28-9712bae271a5,worker_4,coordinator_0,NET_TRANSFER,0.000100,0.158000,Signal Finished
734528.131350,1000,946dc1c0-f65c-473a-9f28-9712bae271a5,coordinator_0,worker_1,NET_TRANSFER,0.000100,0.158000,Trigger Inference for Layer ID: a82bec7f
734528.181350,1000,946dc1c0-f65c-473a-9f28-9712bae271a5,worker_1,worker_1,GPU_COMPUTE,0.050000,0.050000,GPU Compute
734528.339350,1000,946dc1c0-f65c-473a-9f28-9712bae271a5,worker_1,coordinator_0,NET_TRANSFER,0.000100,0.158000,Signal Finished
734528.497350,1000,946dc1c0-f65c-473a-9f28-9712bae271a5,coordinator_0,worker_2,NET_TRANSFER,0.000100,0.158000,Trigger Inference for Layer ID: 0c5a7647
734528.593817,1000,946dc1c0-f65c-473a-9f28-9712bae271a5,worker_2,worker_2,MEM_MOVE,12.347728,0.096467,"Evict VRAM -> RAM [Model: ca30bd4c, Layer: 55338504]"
734528.692652,1000,946dc1c0-f65c-473a-9f28-9712bae271a5,worker_2,worker_2,MEM_MOVE,12.650905,0.098835,"RAM -> VRAM [Model: 946dc1c0, Layer: 0c5a7647]"
734528.742652,1000,946dc1c0-f65c-473a-9f28-9712bae271a5,worker_2,worker_2,GPU_COMPUTE,0.050000,0.050000,GPU Compute
734528.900652,1000,946dc1c0-f65c-473a-9f28-9712bae271a5,worker_2,coordinator_0,NET_TRANSFER,0.000100,0.158000,Signal Finished
734529.058652,1000,946dc1c0-f65c-473a-9f28-9712bae271a5,coordinator_0,worker_3,NET_TRANSFER,0.000100,0.158000,Trigger Inference for Layer ID: 26955f3e
734529.102853,1000,946dc1c0-f65c-473a-9f28-9712bae271a5,worker_3,worker_3,MEM_MOVE,5.657687,0.044201,"Evict VRAM -> RAM [Model: 2ede82b5, Layer: 4adfecc1]"
734529.154300,1000,946dc1c0-f65c-473a-9f28-9712bae271a5,worker_3,worker_3,MEM_MOVE,6.585219,0.051447,"RAM -> VRAM [Model: 946dc1c0, Layer: 26955f3e]"
734529.204300,1000,946dc1c0-f65c-473a-9f28-9712bae271a5,worker_3,worker_3,GPU_COMPUTE,0.050000,0.050000,GPU Compute
734529.362300,1000,946dc1c0-f65c-473a-9f28-9712bae271a5,worker_3,coordinator_0,NET_TRANSFER,0.000100,0.158000,Signal Finished
734529.520300,1000,946dc1c0-f65c-473a-9f28-9712bae271a5,coordinator_0,worker_4,NET_TRANSFER,0.000100,0.158000,Trigger Inference for Layer ID: 383d4b53
734529.570300,1000,946dc1c0-f65c-473a-9f28-9712bae271a5,worker_4,worker_4,GPU_COMPUTE,0.050000,0.050000,GPU Compute
734529.728300,1000,946dc1c0-f65c-473a-9f28-9712bae271a5,worker_4,coordinator_0,NET_TRANSFER,0.000100,0.158000,Signal Finished
734529.886300,1000,946dc1c0-f65c-473a-9f28-9712bae271a5,coordinator_0,worker_1,NET_TRANSFER,0.000100,0.158000,Trigger Inference for Layer ID: 3af11500
734529.991324,1000,946dc1c0-f65c-473a-9f28-9712bae271a5,worker_1,worker_1,MEM_MOVE,13.443147,0.105025,"Evict VRAM -> RAM [Model: 750b7e46, Layer: b48b371b]"
734530.060283,1000,946dc1c0-f65c-473a-9f28-9712bae271a5,worker_1,worker_1,MEM_MOVE,8.826668,0.068958,"RAM -> VRAM [Model: 946dc1c0, Layer: 3af11500]"
734530.110283,1000,946dc1c0-f65c-473a-9f28-9712bae271a5,worker_1,worker_1,GPU_COMPUTE,0.050000,0.050000,GPU Compute
734530.268283,1000,946dc1c0-f65c-473a-9f28-9712bae271a5,worker_1,coordinator_0,NET_TRANSFER,0.000100,0.158000,Signal Finished
734530.426283,1000,946dc1c0-f65c-473a-9f28-9712bae271a5,coordinator_0,worker_2,NET_TRANSFER,0.000100,0.158000,Trigger Inference for Layer ID: 477da1ea
734530.476283,1000,946dc1c0-f65c-473a-9f28-9712bae271a5,worker_2,worker_2,GPU_COMPUTE,0.050000,0.050000,GPU Compute
734530.634283,1000,946dc1c0-f65c-473a-9f28-9712bae271a5,worker_2,coordinator_0,NET_TRANSFER,0.000100,0.158000,Signal Finished
734530.792283,1000,946dc1c0-f65c-473a-9f28-9712bae271a5,coordinator_0,worker_3,NET_TRANSFER,0.000100,0.158000,Trigger Inference for Layer ID: 47f15c96
734530.842283,1000,946dc1c0-f65c-473a-9f28-9712bae271a5,worker_3,worker_3,GPU_COMPUTE,0.050000,0.050000,GPU Compute
734531.000283,1000,946dc1c0-f65c-473a-9f28-9712bae271a5,worker_3,coordinator_0,NET_TRANSFER,0.000100,0.158000,Signal Finished
734531.158283,1000,946dc1c0-f65c-473a-9f28-9712bae271a5,coordinator_0,worker_4,NET_TRANSFER,0.000100,0.158000,Trigger Inference for Layer ID: 037c3f00
734531.208283,1000,946dc1c0-f65c-473a-9f28-9712bae271a5,worker_4,worker_4,GPU_COMPUTE,0.050000,0.050000,GPU Compute
734531.366283,1000,946dc1c0-f65c-473a-9f28-9712bae271a5,worker_4,coordinator_0,NET_TRANSFER,0.000100,0.158000,Signal Finished
734531.524283,1000,946dc1c0-f65c-473a-9f28-9712bae271a5,coordinator_0,worker_1,NET_TRANSFER,0.000100,0.158000,Trigger Inference for Layer ID: 45f96458
734531.578537,1000,946dc1c0-f65c-473a-9f28-9712bae271a5,worker_1,worker_1,MEM_MOVE,6.944564,0.054254,"Evict VRAM -> RAM [Model: 53bf5446, Layer: c76f7f30]"
734531.677568,1000,946dc1c0-f65c-473a-9f28-9712bae271a5,worker_1,worker_1,MEM_MOVE,12.675911,0.099031,"RAM -> VRAM [Model: 946dc1c0, Layer: 45f96458]"
734531.727568,1000,946dc1c0-f65c-473a-9f28-9712bae271a5,worker_1,worker_1,GPU_COMPUTE,0.050000,0.050000,GPU Compute
734531.885568,1000,946dc1c0-f65c-473a-9f28-9712bae271a5,worker_1,coordinator_0,NET_TRANSFER,0.000100,0.158000,Signal Finished
734532.043568,1000,946dc1c0-f65c-473a-9f28-9712bae271a5,coordinator_0,worker_2,NET_TRANSFER,0.000100,0.158000,Trigger Inference for Layer ID: 32b9f7f3
734532.093568,1000,946dc1c0-f65c-473a-9f28-9712bae271a5,worker_2,worker_2,GPU_COMPUTE,0.050000,0.050000,GPU Compute
734532.251568,1000,946dc1c0-f65c-473a-9f28-9712bae271a5,worker_2,coordinator_0,NET_TRANSFER,0.000100,0.158000,Signal Finished
734532.409568,1000,946dc1c0-f65c-473a-9f28-9712bae271a5,coordinator_0,worker_3,NET_TRANSFER,0.000100,0.158000,Trigger Inference for Layer ID: f577216e
734532.517888,1000,946dc1c0-f65c-473a-9f28-9712bae271a5,worker_3,worker_3,MEM_MOVE,13.865054,0.108321,"Evict VRAM -> RAM [Model: 9d4a632c, Layer: de7794cb]"
734532.585737,1000,946dc1c0-f65c-473a-9f28-9712bae271a5,worker_3,worker_3,MEM_MOVE,8.684594,0.067848,"RAM -> VRAM [Model: 946dc1c0, Layer: f577216e]"
734532.635737,1000,946dc1c0-f65c-473a-9f28-9712bae271a5,worker_3,worker_3,GPU_COMPUTE,0.050000,0.050000,GPU Compute
734532.793737,1000,946dc1c0-f65c-473a-9f28-9712bae271a5,worker_3,coordinator_0,NET_TRANSFER,0.000100,0.158000,Signal Finished
734532.951737,1000,946dc1c0-f65c-473a-9f28-9712bae271a5,coordinator_0,worker_4,NET_TRANSFER,0.000100,0.158000,Trigger Inference for Layer ID: 8a9ba79e
734533.001737,1000,946dc1c0-f65c-473a-9f28-9712bae271a5,worker_4,worker_4,GPU_COMPUTE,0.050000,0.050000,GPU Compute
734533.159737,1000,946dc1c0-f65c-473a-9f28-9712bae271a5,worker_4,coordinator_0,NET_TRANSFER,0.000100,0.158000,Signal Finished
734533.317737,1000,946dc1c0-f65c-473a-9f28-9712bae271a5,coordinator_0,worker_1,NET_TRANSFER,0.000100,0.158000,Trigger Inference for Layer ID: d4bada5c
734533.358158,1000,946dc1c0-f65c-473a-9f28-9712bae271a5,worker_1,worker_1,MEM_MOVE,5.173928,0.040421,"Evict VRAM -> RAM [Model: fbf90d55, Layer: 98559053]"
734533.427116,1000,946dc1c0-f65c-473a-9f28-9712bae271a5,worker_1,worker_1,MEM_MOVE,8.826668,0.068958,"Evict VRAM -> RAM [Model: 946dc1c0, Layer: 3af11500]"
734533.516295,1000,946dc1c0-f65c-473a-9f28-9712bae271a5,worker_1,worker_1,MEM_MOVE,11.414892,0.089179,"RAM -> VRAM [Model: 946dc1c0, Layer: d4bada5c]"
734533.566295,1000,946dc1c0-f65c-473a-9f28-9712bae271a5,worker_1,worker_1,GPU_COMPUTE,0.050000,0.050000,GPU Compute
734533.724295,1000,946dc1c0-f65c-473a-9f28-9712bae271a5,worker_1,coordinator_0,NET_TRANSFER,0.000100,0.158000,Signal Finished
734533.882295,1000,946dc1c0-f65c-473a-9f28-9712bae271a5,coordinator_0,worker_2,NET_TRANSFER,0.000100,0.158000,Trigger Inference for Layer ID: c2cf5c9e
734533.932295,1000,946dc1c0-f65c-473a-9f28-9712bae271a5,worker_2,worker_2,GPU_COMPUTE,0.050000,0.050000,GPU Compute
734534.090295,1000,946dc1c0-f65c-473a-9f28-9712bae271a5,worker_2,coordinator_0,NET_TRANSFER,0.000100,0.158000,Signal Finished
734534.248295,1000,946dc1c0-f65c-473a-9f28-9712bae271a5,coordinator_0,worker_3,NET_TRANSFER,0.000100,0.158000,Trigger Inference for Layer ID: fd8f5f51
734534.311957,1000,946dc1c0-f65c-473a-9f28-9712bae271a5,worker_3,worker_3,MEM_MOVE,8.148767,0.063662,"RAM -> VRAM [Model: 946dc1c0, Layer: fd8f5f51]"
734534.361957,1000,946dc1c0-f65c-473a-9f28-9712bae271a5,worker_3,worker_3,GPU_COMPUTE,0.050000,0.050000,GPU Compute
734534.519957,1000,946dc1c0-f65c-473a-9f28-9712bae271a5,worker_3,coordinator_0,NET_TRANSFER,0.000100,0.158000,Signal Finished
734534.677957,1000,946dc1c0-f65c-473a-9f28-9712bae271a5,coordinator_0,worker_4,NET_TRANSFER,0.000100,0.158000,Trigger Inference for Layer ID: 5a0c9a63
734534.727291,1000,946dc1c0-f65c-473a-9f28-9712bae271a5,worker_4,worker_4,MEM_MOVE,6.314755,0.049334,"Evict VRAM -> RAM [Model: 53bf5446, Layer: ccfcccb8]"
734534.815476,1000,946dc1c0-f65c-473a-9f28-9712bae271a5,worker_4,worker_4,MEM_MOVE,11.287650,0.088185,"RAM -> VRAM [Model: 946dc1c0, Layer: 5a0c9a63]"
734534.865476,1000,946dc1c0-f65c-473a-9f28-9712bae271a5,worker_4,worker_4,GPU_COMPUTE,0.050000,0.050000,GPU Compute
734535.023476,1000,946dc1c0-f65c-473a-9f28-9712bae271a5,worker_4,coordinator_0,NET_TRANSFER,0.000100,0.158000,Signal Finished
734535.181476,1000,946dc1c0-f65c-473a-9f28-9712bae271a5,coordinator_0,worker_1,NET_TRANSFER,0.000100,0.158000,Trigger Inference for Layer ID: 03a94b39
734535.231476,1000,946dc1c0-f65c-473a-9f28-9712bae271a5,worker_1,worker_1,GPU_COMPUTE,0.050000,0.050000,GPU Compute
734535.389476,1000,946dc1c0-f65c-473a-9f28-9712bae271a5,worker_1,coordinator_0,NET_TRANSFER,0.000100,0.158000,Signal Finished
734535.547476,1000,946dc1c0-f65c-473a-9f28-9712bae271a5,coordinator_0,worker_2,NET_TRANSFER,0.000100,0.158000,Trigger Inference for Layer ID: 799f60a1
734535.665328,1000,946dc1c0-f65c-473a-9f28-9712bae271a5,worker_2,worker_2,MEM_MOVE,15.084987,0.117851,"Evict VRAM -> RAM [Model: 750b7e46, Layer: 1b8cd7a1]"
734535.779869,1000,946dc1c0-f65c-473a-9f28-9712bae271a5,worker_2,worker_2,MEM_MOVE,14.661292,0.114541,"RAM -> VRAM [Model: 946dc1c0, Layer: 799f60a1]"
734535.829869,1000,946dc1c0-f65c-473a-9f28-9712bae271a5,worker_2,worker_2,GPU_COMPUTE,0.050000,0.050000,GPU Compute
734535.987869,1000,946dc1c0-f65c-473a-9f28-9712bae271a5,worker_2,coordinator_0,NET_TRANSFER,0.000100,0.158000,Signal Finished
734536.145869,1000,946dc1c0-f65c-473a-9f28-9712bae271a5,coordinator_0,worker_3,NET_TRANSFER,0.000100,0.158000,Trigger Inference for Layer ID: 6c5361bc
734536.185834,1000,946dc1c0-f65c-473a-9f28-9712bae271a5,worker_3,worker_3,MEM_MOVE,5.115537,0.039965,"Evict VRAM -> RAM [Model: 53bf5446, Layer: bcddeacf]"
734536.249496,1000,946dc1c0-f65c-473a-9f28-9712bae271a5,worker_3,worker_3,MEM_MOVE,8.148767,0.063662,"Evict VRAM -> RAM [Model: 946dc1c0, Layer: fd8f5f51]"
734536.311967,1000,946dc1c0-f65c-473a-9f28-9712bae271a5,worker_3,worker_3,MEM_MOVE,7.996245,0.062471,"RAM -> VRAM [Model: 946dc1c0, Layer: 6c5361bc]"
734536.361967,1000,946dc1c0-f65c-473a-9f28-9712bae271a5,worker_3,worker_3,GPU_COMPUTE,0.050000,0.050000,GPU Compute
734536.519967,1000,946dc1c0-f65c-473a-9f28-9712bae271a5,worker_3,coordinator_0,NET_TRANSFER,0.000100,0.158000,Signal Finished
734536.677967,1000,946dc1c0-f65c-473a-9f28-9712bae271a5,coordinator_0,worker_4,NET_TRANSFER,0.000100,0.158000,Trigger Inference for Layer ID: 8569108c
734536.779720,1000,946dc1c0-f65c-473a-9f28-9712bae271a5,worker_4,worker_4,MEM_MOVE,13.024313,0.101752,"Evict VRAM -> RAM [Model: ca30bd4c, Layer: 2085dfc3]"
734536.841957,1000,946dc1c0-f65c-473a-9f28-9712bae271a5,worker_4,worker_4,MEM_MOVE,7.966419,0.062238,"RAM -> VRAM [Model: 946dc1c0, Layer: 8569108c]"
734536.891957,1000,946dc1c0-f65c-473a-9f28-9712bae271a5,worker_4,worker_4,GPU_COMPUTE,0.050000,0.050000,GPU Compute
734537.049957,1000,946dc1c0-f65c-473a-9f28-9712bae271a5,worker_4,coordinator_0,NET_TRANSFER,0.000100,0.158000,Signal Finished
734537.207957,1000,946dc1c0-f65c-473a-9f28-9712bae271a5,coordinator_0,worker_1,NET_TRANSFER,0.000100,0.158000,Trigger Inference for Layer ID: 800531be
734537.257957,1000,946dc1c0-f65c-473a-9f28-9712bae271a5,worker_1,worker_1,GPU_COMPUTE,0.050000,0.050000,GPU Compute
734537.415957,1000,946dc1c0-f65c-473a-9f28-9712bae271a5,worker_1,coordinator_0,NET_TRANSFER,0.000100,0.158000,Signal Finished
734537.573957,1000,946dc1c0-f65c-473a-9f28-9712bae271a5,coordinator_0,worker_2,NET_TRANSFER,0.000100,0.158000,Trigger Inference for Layer ID: bfc2acc0
734537.635294,1000,946dc1c0-f65c-473a-9f28-9712bae271a5,worker_2,worker_2,MEM_MOVE,7.851125,0.061337,"Evict VRAM -> RAM [Model: 946dc1c0, Layer: c2cf5c9e]"
734537.745143,1000,946dc1c0-f65c-473a-9f28-9712bae271a5,worker_2,worker_2,MEM_MOVE,14.060646,0.109849,"RAM -> VRAM [Model: 946dc1c0, Layer: bfc2acc0]"
734537.795143,1000,946dc1c0-f65c-473a-9f28-9712bae271a5,worker_2,worker_2,GPU_COMPUTE,0.050000,0.050000,GPU Compute
734537.953143,1000,946dc1c0-f65c-473a-9f28-9712bae271a5,worker_2,coordinator_0,NET_TRANSFER,0.000100,0.158000,Signal Finished
734538.111143,1000,946dc1c0-f65c-473a-9f28-9712bae271a5,coordinator_0,worker_3,NET_TRANSFER,0.000100,0.158000,Trigger Inference for Layer ID: 5feb9572
734538.161143,1000,946dc1c0-f65c-473a-9f28-9712bae271a5,worker_3,worker_3,GPU_COMPUTE,0.050000,0.050000,GPU Compute
734538.319143,1000,946dc1c0-f65c-473a-9f28-9712bae271a5,worker_3,coordinator_0,NET_TRANSFER,0.000100,0.158000,Signal Finished
734538.477143,1000,946dc1c0-f65c-473a-9f28-9712bae271a5,coordinator_0,worker_4,NET_TRANSFER,0.000100,0.158000,Trigger Inference for Layer ID: 3ceee5b8
734538.539381,1000,946dc1c0-f65c-473a-9f28-9712bae271a5,worker_4,worker_4,MEM_MOVE,7.966419,0.062238,"Evict VRAM -> RAM [Model: 946dc1c0, Layer: 8569108c]"
734538.634646,1000,946dc1c0-f65c-473a-9f28-9712bae271a5,worker_4,worker_4,MEM_MOVE,12.193951,0.095265,"RAM -> VRAM [Model: 946dc1c0, Layer: 3ceee5b8]"
734538.684646,1000,946dc1c0-f65c-473a-9f28-9712bae271a5,worker_4,worker_4,GPU_COMPUTE,0.050000,0.050000,GPU Compute
734538.842646,1000,946dc1c0-f65c-473a-9f28-9712bae271a5,worker_4,coordinator_0,NET_TRANSFER,0.000100,0.158000,Signal Finished
734539.000646,1000,946dc1c0-f65c-473a-9f28-9712bae271a5,coordinator_0,worker_1,NET_TRANSFER,0.000100,0.158000,Trigger Inference for Layer ID: 81f5f870
734539.050646,1000,946dc1c0-f65c-473a-9f28-9712bae271a5,worker_1,worker_1,GPU_COMPUTE,0.050000,0.050000,GPU Compute
734539.208646,1000,946dc1c0-f65c-473a-9f28-9712bae271a5,worker_1,coordinator_0,NET_TRANSFER,0.000100,0.158000,Signal Finished
734539.366646,1000,946dc1c0-f65c-473a-9f28-9712bae271a5,coordinator_0,worker_2,NET_TRANSFER,0.000100,0.158000,Trigger Inference for Layer ID: b49ae98a
734539.416646,1000,946dc1c0-f65c-473a-9f28-9712bae271a5,worker_2,worker_2,GPU_COMPUTE,0.050000,0.050000,GPU Compute
734539.574646,1000,946dc1c0-f65c-473a-9f28-9712bae271a5,worker_2,coordinator_0,NET_TRANSFER,0.000100,0.158000,Signal Finished
734539.732646,1000,946dc1c0-f65c-473a-9f28-9712bae271a5,coordinator_0,worker_3,NET_TRANSFER,0.000100,0.158000,Trigger Inference for Layer ID: 2439b9f8
734539.792120,1000,946dc1c0-f65c-473a-9f28-9712bae271a5,worker_3,worker_3,MEM_MOVE,7.612728,0.059474,"Evict VRAM -> RAM [Model: 9d4a632c, Layer: beed3bdf]"
734539.849998,1000,946dc1c0-f65c-473a-9f28-9712bae271a5,worker_3,worker_3,MEM_MOVE,7.408292,0.057877,"RAM -> VRAM [Model: 946dc1c0, Layer: 2439b9f8]"
734539.899998,1000,946dc1c0-f65c-473a-9f28-9712bae271a5,worker_3,worker_3,GPU_COMPUTE,0.050000,0.050000,GPU Compute
734540.057998,1000,946dc1c0-f65c-473a-9f28-9712bae271a5,worker_3,coordinator_0,NET_TRANSFER,0.000100,0.158000,Signal Finished
734540.215998,1000,946dc1c0-f65c-473a-9f28-9712bae271a5,coordinator_0,worker_4,NET_TRANSFER,0.000100,0.158000,Trigger Inference for Layer ID: feee87de
734540.332587,1000,946dc1c0-f65c-473a-9f28-9712bae271a5,worker_4,worker_4,MEM_MOVE,14.923407,0.116589,"Evict VRAM -> RAM [Model: 9d4a632c, Layer: e51f91e3]"
734540.411275,1000,946dc1c0-f65c-473a-9f28-9712bae271a5,worker_4,worker_4,MEM_MOVE,10.072159,0.078689,"RAM -> VRAM [Model: 946dc1c0, Layer: feee87de]"
734540.461275,1000,946dc1c0-f65c-473a-9f28-9712bae271a5,worker_4,worker_4,GPU_COMPUTE,0.050000,0.050000,GPU Compute
734540.619275,1000,946dc1c0-f65c-473a-9f28-9712bae271a5,worker_4,coordinator_0,NET_TRANSFER,0.000100,0.158000,Signal Finished
734540.777275,1000,946dc1c0-f65c-473a-9f28-9712bae271a5,coordinator_0,worker_1,NET_TRANSFER,0.000100,0.158000,Trigger Inference for Layer ID: 39226934
734540.827613,1000,946dc1c0-f65c-473a-9f28-9712bae271a5,worker_1,worker_1,MEM_MOVE,6.443261,0.050338,"Evict VRAM -> RAM [Model: efe1fad9, Layer: a9fcad13]"
734540.910521,1000,946dc1c0-f65c-473a-9f28-9712bae271a5,worker_1,worker_1,MEM_MOVE,10.612188,0.082908,"RAM -> VRAM [Model: 946dc1c0, Layer: 39226934]"
734540.960521,1000,946dc1c0-f65c-473a-9f28-9712bae271a5,worker_1,worker_1,GPU_COMPUTE,0.050000,0.050000,GPU Compute
734541.118521,1000,946dc1c0-f65c-473a-9f28-9712bae271a5,worker_1,coordinator_0,NET_TRANSFER,0.000100,0.158000,Signal Finished
734541.276521,1000,946dc1c0-f65c-473a-9f28-9712bae271a5,coordinator_0,worker_2,NET_TRANSFER,0.000100,0.158000,Trigger Inference for Layer ID: de47893b
734541.326521,1000,946dc1c0-f65c-473a-9f28-9712bae271a5,worker_2,worker_2,GPU_COMPUTE,0.050000,0.050000,GPU Compute
734541.484521,1000,946dc1c0-f65c-473a-9f28-9712bae271a5,worker_2,coordinator_0,NET_TRANSFER,0.000100,0.158000,Signal Finished
734541.642521,1000,946dc1c0-f65c-473a-9f28-9712bae271a5,coordinator_0,worker_3,NET_TRANSFER,0.000100,0.158000,Trigger Inference for Layer ID: 69ef9dff
734541.712897,1000,946dc1c0-f65c-473a-9f28-9712bae271a5,worker_3,worker_3,MEM_MOVE,9.008146,0.070376,"Evict VRAM -> RAM [Model: ca30bd4c, Layer: 1e7c4451]"
734541.818304,1000,946dc1c0-f65c-473a-9f28-9712bae271a5,worker_3,worker_3,MEM_MOVE,13.492128,0.105407,"RAM -> VRAM [Model: 946dc1c0, Layer: 69ef9dff]"
734541.868304,1000,946dc1c0-f65c-473a-9f28-9712bae271a5,worker_3,worker_3,GPU_COMPUTE,0.050000,0.050000,GPU Compute
734542.026304,1000,946dc1c0-f65c-473a-9f28-9712bae271a5,worker_3,coordinator_0,NET_TRANSFER,0.000100,0.158000,Signal Finished
734542.184304,1000,946dc1c0-f65c-473a-9f28-9712bae271a5,coordinator_0,worker_4,NET_TRANSFER,0.000100,0.158000,Trigger Inference for Layer ID: 28bae1b6
734542.236153,1000,946dc1c0-f65c-473a-9f28-9712bae271a5,worker_4,worker_4,MEM_MOVE,6.636565,0.051848,"Evict VRAM -> RAM [Model: 9d4a632c, Layer: 313f14ee]"
734542.306379,1000,946dc1c0-f65c-473a-9f28-9712bae271a5,worker_4,worker_4,MEM_MOVE,8.988933,0.070226,"RAM -> VRAM [Model: 946dc1c0, Layer: 28bae1b6]"
734542.356379,1000,946dc1c0-f65c-473a-9f28-9712bae271a5,worker_4,worker_4,GPU_COMPUTE,0.050000,0.050000,GPU Compute
734542.514379,1000,946dc1c0-f65c-473a-9f28-9712bae271a5,worker_4,coordinator_0,NET_TRANSFER,0.000100,0.158000,Signal Finished
734542.672379,1000,946dc1c0-f65c-473a-9f28-9712bae271a5,coordinator_0,worker_1,NET_TRANSFER,0.000100,0.158000,Trigger Inference for Layer ID: 204f31e3
734542.743917,1000,946dc1c0-f65c-473a-9f28-9712bae271a5,worker_1,worker_1,MEM_MOVE,9.156920,0.071538,"Evict VRAM -> RAM [Model: ca30bd4c, Layer: 66b56a43]"
734542.796766,1000,946dc1c0-f65c-473a-9f28-9712bae271a5,worker_1,worker_1,MEM_MOVE,6.764615,0.052849,"Evict VRAM -> RAM [Model: 53bf5446, Layer: 640ccd62]"
734542.890527,1000,946dc1c0-f65c-473a-9f28-9712bae271a5,worker_1,worker_1,MEM_MOVE,12.001407,0.093761,"RAM -> VRAM [Model: 946dc1c0, Layer: 204f31e3]"
734542.940527,1000,946dc1c0-f65c-473a-9f28-9712bae271a5,worker_1,worker_1,GPU_COMPUTE,0.050000,0.050000,GPU Compute
734543.098527,1000,946dc1c0-f65c-473a-9f28-9712bae271a5,worker_1,coordinator_0,NET_TRANSFER,0.000100,0.158000,Signal Finished
734543.256527,9000,1ff6ef17-4c17-49d8-9b9d-d4afa94e8068,coordinator_0,client_9,NET_TRANSFER,0.000100,0.158000,Signal: Cache Miss / Request Weights
761336.350718,9000,1ff6ef17-4c17-49d8-9b9d-d4afa94e8068,client_9,coordinator_0,NET_TRANSFER,334.911802,26793.094191,Upload Model Weights
762302.856995,9000,1ff6ef17-4c17-49d8-9b9d-d4afa94e8068,coordinator_0,worker_4,NET_TRANSFER,12.079453,966.506278,Distribute Layer ID: 6cef8e73
762302.908611,9000,1ff6ef17-4c17-49d8-9b9d-d4afa94e8068,worker_4,worker_4,MEM_MOVE,6.606851,0.051616,"Evict VRAM -> RAM [Model: 53bf5446, Layer: 0cba1a11]"
762302.998706,9000,1ff6ef17-4c17-49d8-9b9d-d4afa94e8068,worker_4,worker_4,MEM_MOVE,11.532064,0.090094,"Evict VRAM -> RAM [Model: ca30bd4c, Layer: 19afa162]"
762303.093076,9000,1ff6ef17-4c17-49d8-9b9d-d4afa94e8068,worker_4,worker_4,DISK_LOAD,12.079453,0.094371,"Disk -> RAM [Model: 1ff6ef17, Layer: 6cef8e73]"
762303.187447,9000,1ff6ef17-4c17-49d8-9b9d-d4afa94e8068,worker_4,worker_4,MEM_MOVE,12.079453,0.094371,"RAM -> VRAM [Model: 1ff6ef17, Layer: 6cef8e73]"
762303.237447,9000,1ff6ef17-4c17-49d8-9b9d-d4afa94e8068,worker_4,worker_4,GPU_COMPUTE,0.050000,0.050000,GPU Compute
762303.395447,9000,1ff6ef17-4c17-49d8-9b9d-d4afa94e8068,worker_4,coordinator_0,NET_TRANSFER,0.000100,0.158000,Signal Finished
763381.018892,9000,1ff6ef17-4c17-49d8-9b9d-d4afa94e8068,coordinator_0,worker_1,NET_TRANSFER,13.468418,1077.623444,Distribute Layer ID: 92aa0db7
763381.102069,9000,1ff6ef17-4c17-49d8-9b9d-d4afa94e8068,worker_1,worker_1,MEM_MOVE,10.646665,0.083177,"Evict VRAM -> RAM [Model: 9d4a632c, Layer: ff6d1412]"
763381.207291,9000,1ff6ef17-4c17-49d8-9b9d-d4afa94e8068,worker_1,worker_1,DISK_LOAD,13.468418,0.105222,"Disk -> RAM [Model: 1ff6ef17, Layer: 92aa0db7]"
763381.312513,9000,1ff6ef17-4c17-49d8-9b9d-d4afa94e8068,worker_1,worker_1,MEM_MOVE,13.468418,0.105222,"RAM -> VRAM [Model: 1ff6ef17, Layer: 92aa0db7]"
763381.362513,9000,1ff6ef17-4c17-49d8-9b9d-d4afa94e8068,worker_1,worker_1,GPU_COMPUTE,0.050000,0.050000,GPU Compute
763381.520513,9000,1ff6ef17-4c17-49d8-9b9d-d4afa94e8068,worker_1,coordinator_0,NET_TRANSFER,0.000100,0.158000,Signal Finished
764470.539102,9000,1ff6ef17-4c17-49d8-9b9d-d4afa94e8068,coordinator_0,worker_2,NET_TRANSFER,13.610857,1089.018589,Distribute Layer ID: 2e0c8584
764470.612366,9000,1ff6ef17-4c17-49d8-9b9d-d4afa94e8068,worker_2,worker_2,MEM_MOVE,9.377716,0.073263,"Evict VRAM -> RAM [Model: 53bf5446, Layer: 3a5d80a3]"
764470.653563,9000,1ff6ef17-4c17-49d8-9b9d-d4afa94e8068,worker_2,worker_2,MEM_MOVE,5.273294,0.041198,"Evict VRAM -> RAM [Model: 53bf5446, Layer: a3633a3e]"
764470.759898,9000,1ff6ef17-4c17-49d8-9b9d-d4afa94e8068,worker_2,worker_2,DISK_LOAD,13.610857,0.106335,"Disk -> RAM [Model: 1ff6ef17, Layer: 2e0c8584]"
764470.866233,9000,1ff6ef17-4c17-49d8-9b9d-d4afa94e8068,worker_2,worker_2,MEM_MOVE,13.610857,0.106335,"RAM -> VRAM [Model: 1ff6ef17, Layer: 2e0c8584]"
764470.916233,9000,1ff6ef17-4c17-49d8-9b9d-d4afa94e8068,worker_2,worker_2,GPU_COMPUTE,0.050000,0.050000,GPU Compute
764471.074233,9000,1ff6ef17-4c17-49d8-9b9d-d4afa94e8068,worker_2,coordinator_0,NET_TRANSFER,0.000100,0.158000,Signal Finished
764882.728916,9000,1ff6ef17-4c17-49d8-9b9d-d4afa94e8068,coordinator_0,worker_3,NET_TRANSFER,5.143809,411.654684,Distribute Layer ID: d0eada23
764882.834952,9000,1ff6ef17-4c17-49d8-9b9d-d4afa94e8068,worker_3,worker_3,MEM_MOVE,13.572560,0.106036,"Evict VRAM -> RAM [Model: 53bf5446, Layer: 19e4c346]"
764882.875138,9000,1ff6ef17-4c17-49d8-9b9d-d4afa94e8068,worker_3,worker_3,DISK_LOAD,5.143809,0.040186,"Disk -> RAM [Model: 1ff6ef17, Layer: d0eada23]"
764882.915324,9000,1ff6ef17-4c17-49d8-9b9d-d4afa94e8068,worker_3,worker_3,MEM_MOVE,5.143809,0.040186,"RAM -> VRAM [Model: 1ff6ef17, Layer: d0eada23]"
764882.965324,9000,1ff6ef17-4c17-49d8-9b9d-d4afa94e8068,worker_3,worker_3,GPU_COMPUTE,0.050000,0.050000,GPU Compute
764883.123324,9000,1ff6ef17-4c17-49d8-9b9d-d4afa94e8068,worker_3,coordinator_0,NET_TRANSFER,0.000100,0.158000,Signal Finished
765570.912693,9000,1ff6ef17-4c17-49d8-9b9d-d4afa94e8068,coordinator_0,worker_4,NET_TRANSFER,8.595492,687.789369,Distribute Layer ID: c6daa42c
765570.979845,9000,1ff6ef17-4c17-49d8-9b9d-d4afa94e8068,worker_4,worker_4,DISK_LOAD,8.595492,0.067152,"Disk -> RAM [Model: 1ff6ef17, Layer: c6daa42c]"
765571.046997,9000,1ff6ef17-4c17-49d8-9b9d-d4afa94e8068,worker_4,worker_4,MEM_MOVE,8.595492,0.067152,"RAM -> VRAM [Model: 1ff6ef17, Layer: c6daa42c]"
765571.096997,9000,1ff6ef17-4c17-49d8-9b9d-d4afa94e8068,worker_4,worker_4,GPU_COMPUTE,0.050000,0.050000,GPU Compute
765571.254997,9000,1ff6ef17-4c17-49d8-9b9d-d4afa94e8068,worker_4,coordinator_0,NET_TRANSFER,0.000100,0.158000,Signal Finished
766689.859386,9000,1ff6ef17-4c17-49d8-9b9d-d4afa94e8068,coordinator_0,worker_1,NET_TRANSFER,13.980680,1118.604389,Distribute Layer ID: 9342481a
766689.965148,9000,1ff6ef17-4c17-49d8-9b9d-d4afa94e8068,worker_1,worker_1,MEM_MOVE,13.537548,0.105762,"Evict VRAM -> RAM [Model: 2ede82b5, Layer: fd08769e]"
766690.074372,9000,1ff6ef17-4c17-49d8-9b9d-d4afa94e8068,worker_1,worker_1,DISK_LOAD,13.980680,0.109224,"Disk -> RAM [Model: 1ff6ef17, Layer: 9342481a]"
766690.183596,9000,1ff6ef17-4c17-49d8-9b9d-d4afa94e8068,worker_1,worker_1,MEM_MOVE,13.980680,0.109224,"RAM -> VRAM [Model: 1ff6ef17, Layer: 9342481a]"
766690.233596,9000,1ff6ef17-4c17-49d8-9b9d-d4afa94e8068,worker_1,worker_1,GPU_COMPUTE,0.050000,0.050000,GPU Compute
766690.391596,9000,1ff6ef17-4c17-49d8-9b9d-d4afa94e8068,worker_1,coordinator_0,NET_TRANSFER,0.000100,0.158000,Signal Finished
767303.104739,9000,1ff6ef17-4c17-49d8-9b9d-d4afa94e8068,coordinator_0,worker_2,NET_TRANSFER,7.657039,612.713143,Distribute Layer ID: fd2b5da9
767303.185776,9000,1ff6ef17-4c17-49d8-9b9d-d4afa94e8068,worker_2,worker_2,MEM_MOVE,10.372808,0.081038,"Evict VRAM -> RAM [Model: 750b7e46, Layer: 8c2a800d]"
767303.245597,9000,1ff6ef17-4c17-49d8-9b9d-d4afa94e8068,worker_2,worker_2,DISK_LOAD,7.657039,0.059821,"Disk -> RAM [Model: 1ff6ef17, Layer: fd2b5da9]"
767303.305418,9000,1ff6ef17-4c17-49d8-9b9d-d4afa94e8068,worker_2,worker_2,MEM_MOVE,7.657039,0.059821,"RAM -> VRAM [Model: 1ff6ef17, Layer: fd2b5da9]"
767303.355418,9000,1ff6ef17-4c17-49d8-9b9d-d4afa94e8068,worker_2,worker_2,GPU_COMPUTE,0.050000,0.050000,GPU Compute
767303.513418,9000,1ff6ef17-4c17-49d8-9b9d-d4afa94e8068,worker_2,coordinator_0,NET_TRANSFER,0.000100,0.158000,Signal Finished
768103.715352,9000,1ff6ef17-4c17-49d8-9b9d-d4afa94e8068,coordinator_0,worker_3,NET_TRANSFER,10.000649,800.201934,Distribute Layer ID: 8bbd483d
768103.793482,9000,1ff6ef17-4c17-49d8-9b9d-d4afa94e8068,worker_3,worker_3,DISK_LOAD,10.000649,0.078130,"Disk -> RAM [Model: 1ff6ef17, Layer: 8bbd483d]"
768103.871612,9000,1ff6ef17-4c17-49d8-9b9d-d4afa94e8068,worker_3,worker_3,MEM_MOVE,10.000649,0.078130,"RAM -> VRAM [Model: 1ff6ef17, Layer: 8bbd483d]"
768103.921612,9000,1ff6ef17-4c17-49d8-9b9d-d4afa94e8068,worker_3,worker_3,GPU_COMPUTE,0.050000,0.050000,GPU Compute
768104.079612,9000,1ff6ef17-4c17-49d8-9b9d-d4afa94e8068,worker_3,coordinator_0,NET_TRANSFER,0.000100,0.158000,Signal Finished
768841.426605,9000,1ff6ef17-4c17-49d8-9b9d-d4afa94e8068,coordinator_0,worker_4,NET_TRANSFER,9.214962,737.346993,Distribute Layer ID: 61f43231
768841.506362,9000,1ff6ef17-4c17-49d8-9b9d-d4afa94e8068,worker_4,worker_4,MEM_MOVE,10.208892,0.079757,"Evict VRAM -> RAM [Model: 2ede82b5, Layer: 254ace41]"
768841.578354,9000,1ff6ef17-4c17-49d8-9b9d-d4afa94e8068,worker_4,worker_4,DISK_LOAD,9.214962,0.071992,"Disk -> RAM [Model: 1ff6ef17, Layer: 61f43231]"
768841.650345,9000,1ff6ef17-4c17-49d8-9b9d-d4afa94e8068,worker_4,worker_4,MEM_MOVE,9.214962,0.071992,"RAM -> VRAM [Model: 1ff6ef17, Layer: 61f43231]"
768841.700345,9000,1ff6ef17-4c17-49d8-9b9d-d4afa94e8068,worker_4,worker_4,GPU_COMPUTE,0.050000,0.050000,GPU Compute
768841.858345,9000,1ff6ef17-4c17-49d8-9b9d-d4afa94e8068,worker_4,coordinator_0,NET_TRANSFER,0.000100,0.158000,Signal Finished
769929.079445,9000,1ff6ef17-4c17-49d8-9b9d-d4afa94e8068,coordinator_0,worker_1,NET_TRANSFER,13.588389,1087.221100,Distribute Layer ID: 5d4ce815
769929.179573,9000,1ff6ef17-4c17-49d8-9b9d-d4afa94e8068,worker_1,worker_1,MEM_MOVE,12.816396,0.100128,"Evict VRAM -> RAM [Model: 946dc1c0, Layer: 800531be]"
769929.285732,9000,1ff6ef17-4c17-49d8-9b9d-d4afa94e8068,worker_1,worker_1,DISK_LOAD,13.588389,0.106159,"Disk -> RAM [Model: 1ff6ef17, Layer: 5d4ce815]"
769929.391892,9000,1ff6ef17-4c17-49d8-9b9d-d4afa94e8068,worker_1,worker_1,MEM_MOVE,13.588389,0.106159,"RAM -> VRAM [Model: 1ff6ef17, Layer: 5d4ce815]"
769929.441892,9000,1ff6ef17-4c17-49d8-9b9d-d4afa94e8068,worker_1,worker_1,GPU_COMPUTE,0.050000,0.050000,GPU Compute
769929.599892,9000,1ff6ef17-4c17-49d8-9b9d-d4afa94e8068,worker_1,coordinator_0,NET_TRANSFER,0.000100,0.158000,Signal Finished
771045.113261,9000,1ff6ef17-4c17-49d8-9b9d-d4afa94e8068,coordinator_0,worker_2,NET_TRANSFER,13.942042,1115.513369,Distribute Layer ID: 9cbd3333
771045.210481,9000,1ff6ef17-4c17-49d8-9b9d-d4afa94e8068,worker_2,worker_2,MEM_MOVE,12.444206,0.097220,"Evict VRAM -> RAM [Model: fbf90d55, Layer: 2f7b605e]"
771045.319403,9000,1ff6ef17-4c17-49d8-9b9d-d4afa94e8068,worker_2,worker_2,DISK_LOAD,13.942042,0.108922,"Disk -> RAM [Model: 1ff6ef17, Layer: 9cbd3333]"
771045.428325,9000,1ff6ef17-4c17-49d8-9b9d-d4afa94e8068,worker_2,worker_2,MEM_MOVE,13.942042,0.108922,"RAM -> VRAM [Model: 1ff6ef17, Layer: 9cbd3333]"
771045.478325,9000,1ff6ef17-4c17-49d8-9b9d-d4afa94e8068,worker_2,worker_2,GPU_COMPUTE,0.050000,0.050000,GPU Compute
771045.636325,9000,1ff6ef17-4c17-49d8-9b9d-d4afa94e8068,worker_2,coordinator_0,NET_TRANSFER,0.000100,0.158000,Signal Finished
771867.526181,9000,1ff6ef17-4c17-49d8-9b9d-d4afa94e8068,coordinator_0,worker_3,NET_TRANSFER,10.271748,821.889855,Distribute Layer ID: 8c510b29
771867.606360,9000,1ff6ef17-4c17-49d8-9b9d-d4afa94e8068,worker_3,worker_3,MEM_MOVE,10.262910,0.080179,"Evict VRAM -> RAM [Model: 2ede82b5, Layer: 803bf50f]"
771867.686608,9000,1ff6ef17-4c17-49d8-9b9d-d4afa94e8068,worker_3,worker_3,DISK_LOAD,10.271748,0.080248,"Disk -> RAM [Model: 1ff6ef17, Layer: 8c510b29]"
771867.766856,9000,1ff6ef17-4c17-49d8-9b9d-d4afa94e8068,worker_3,worker_3,MEM_MOVE,10.271748,0.080248,"RAM -> VRAM [Model: 1ff6ef17, Layer: 8c510b29]"
771867.816856,9000,1ff6ef17-4c17-49d8-9b9d-d4afa94e8068,worker_3,worker_3,GPU_COMPUTE,0.050000,0.050000,GPU Compute
771867.974856,9000,1ff6ef17-4c17-49d8-9b9d-d4afa94e8068,worker_3,coordinator_0,NET_TRANSFER,0.000100,0.158000,Signal Finished
772620.031281,9000,1ff6ef17-4c17-49d8-9b9d-d4afa94e8068,coordinator_0,worker_4,NET_TRANSFER,9.398830,752.056425,Distribute Layer ID: 028cf0e2
772620.125766,9000,1ff6ef17-4c17-49d8-9b9d-d4afa94e8068,worker_4,worker_4,MEM_MOVE,12.094100,0.094485,"Evict VRAM -> RAM [Model: 53bf5446, Layer: 9e8c47f4]"
772620.199194,9000,1ff6ef17-4c17-49d8-9b9d-d4afa94e8068,worker_4,worker_4,DISK_LOAD,9.398830,0.073428,"Disk -> RAM [Model: 1ff6ef17, Layer: 028cf0e2]"
772620.272622,9000,1ff6ef17-4c17-49d8-9b9d-d4afa94e8068,worker_4,worker_4,MEM_MOVE,9.398830,0.073428,"RAM -> VRAM [Model: 1ff6ef17, Layer: 028cf0e2]"
772620.322622,9000,1ff6ef17-4c17-49d8-9b9d-d4afa94e8068,worker_4,worker_4,GPU_COMPUTE,0.050000,0.050000,GPU Compute
772620.480622,9000,1ff6ef17-4c17-49d8-9b9d-d4afa94e8068,worker_4,coordinator_0,NET_TRANSFER,0.000100,0.158000,Signal Finished
773389.561675,9000,1ff6ef17-4c17-49d8-9b9d-d4afa94e8068,coordinator_0,worker_1,NET_TRANSFER,9.611638,769.081053,Distribute Layer ID: ac82470d
773389.654558,9000,1ff6ef17-4c17-49d8-9b9d-d4afa94e8068,worker_1,worker_1,MEM_MOVE,11.888947,0.092882,"Evict VRAM -> RAM [Model: fbf90d55, Layer: 2d0d8aa1]"
773389.729649,9000,1ff6ef17-4c17-49d8-9b9d-d4afa94e8068,worker_1,worker_1,DISK_LOAD,9.611638,0.075091,"Disk -> RAM [Model: 1ff6ef17, Layer: ac82470d]"
773389.804740,9000,1ff6ef17-4c17-49d8-9b9d-d4afa94e8068,worker_1,worker_1,MEM_MOVE,9.611638,0.075091,"RAM -> VRAM [Model: 1ff6ef17, Layer: ac82470d]"
773389.854740,9000,1ff6ef17-4c17-49d8-9b9d-d4afa94e8068,worker_1,worker_1,GPU_COMPUTE,0.050000,0.050000,GPU Compute
773390.012740,9000,1ff6ef17-4c17-49d8-9b9d-d4afa94e8068,worker_1,coordinator_0,NET_TRANSFER,0.000100,0.158000,Signal Finished
774446.352359,9000,1ff6ef17-4c17-49d8-9b9d-d4afa94e8068,coordinator_0,worker_2,NET_TRANSFER,13.202370,1056.339619,Distribute Layer ID: c27f7471
774446.402184,9000,1ff6ef17-4c17-49d8-9b9d-d4afa94e8068,worker_2,worker_2,MEM_MOVE,6.377693,0.049826,"Evict VRAM -> RAM [Model: 946dc1c0, Layer: de47893b]"
774446.496621,9000,1ff6ef17-4c17-49d8-9b9d-d4afa94e8068,worker_2,worker_2,MEM_MOVE,12.087931,0.094437,"Evict VRAM -> RAM [Model: 9d4a632c, Layer: d0bada66]"
774446.599765,9000,1ff6ef17-4c17-49d8-9b9d-d4afa94e8068,worker_2,worker_2,DISK_LOAD,13.202370,0.103144,"Disk -> RAM [Model: 1ff6ef17, Layer: c27f7471]"
774446.702908,9000,1ff6ef17-4c17-49d8-9b9d-d4afa94e8068,worker_2,worker_2,MEM_MOVE,13.202370,0.103144,"RAM -> VRAM [Model: 1ff6ef17, Layer: c27f7471]"
774446.752908,9000,1ff6ef17-4c17-49d8-9b9d-d4afa94e8068,worker_2,worker_2,GPU_COMPUTE,0.050000,0.050000,GPU Compute
774446.910908,9000,1ff6ef17-4c17-49d8-9b9d-d4afa94e8068,worker_2,coordinator_0,NET_TRANSFER,0.000100,0.158000,Signal Finished
774908.668987,9000,1ff6ef17-4c17-49d8-9b9d-d4afa94e8068,coordinator_0,worker_3,NET_TRANSFER,5.770101,461.758078,Distribute Layer ID: faef9425
774908.753332,9000,1ff6ef17-4c17-49d8-9b9d-d4afa94e8068,worker_3,worker_3,MEM_MOVE,10.796221,0.084345,"Evict VRAM -> RAM [Model: fbf90d55, Layer: 71d7da04]"
774908.798411,9000,1ff6ef17-4c17-49d8-9b9d-d4afa94e8068,worker_3,worker_3,DISK_LOAD,5.770101,0.045079,"Disk -> RAM [Model: 1ff6ef17, Layer: faef9425]"
774908.843490,9000,1ff6ef17-4c17-49d8-9b9d-d4afa94e8068,worker_3,worker_3,MEM_MOVE,5.770101,0.045079,"RAM -> VRAM [Model: 1ff6ef17, Layer: faef9425]"
774908.893490,9000,1ff6ef17-4c17-49d8-9b9d-d4afa94e8068,worker_3,worker_3,GPU_COMPUTE,0.050000,0.050000,GPU Compute
774909.051490,9000,1ff6ef17-4c17-49d8-9b9d-d4afa94e8068,worker_3,coordinator_0,NET_TRANSFER,0.000100,0.158000,Signal Finished
775850.006106,9000,1ff6ef17-4c17-49d8-9b9d-d4afa94e8068,coordinator_0,worker_4,NET_TRANSFER,11.760058,940.954616,Distribute Layer ID: eb6a3d95
775850.082454,9000,1ff6ef17-4c17-49d8-9b9d-d4afa94e8068,worker_4,worker_4,MEM_MOVE,9.772468,0.076347,"Evict VRAM -> RAM [Model: ca30bd4c, Layer: 831c9253]"
775850.174329,9000,1ff6ef17-4c17-49d8-9b9d-d4afa94e8068,worker_4,worker_4,DISK_LOAD,11.760058,0.091875,"Disk -> RAM [Model: 1ff6ef17, Layer: eb6a3d95]"
775850.266205,9000,1ff6ef17-4c17-49d8-9b9d-d4afa94e8068,worker_4,worker_4,MEM_MOVE,11.760058,0.091875,"RAM -> VRAM [Model: 1ff6ef17, Layer: eb6a3d95]"
775850.316205,9000,1ff6ef17-4c17-49d8-9b9d-d4afa94e8068,worker_4,worker_4,GPU_COMPUTE,0.050000,0.050000,GPU Compute
775850.474205,9000,1ff6ef17-4c17-49d8-9b9d-d4afa94e8068,worker_4,coordinator_0,NET_TRANSFER,0.000100,0.158000,Signal Finished
776630.751117,9000,1ff6ef17-4c17-49d8-9b9d-d4afa94e8068,coordinator_0,worker_1,NET_TRANSFER,9.751586,780.276912,Distribute Layer ID: 0061c940
776630.829834,9000,1ff6ef17-4c17-49d8-9b9d-d4afa94e8068,worker_1,worker_1,MEM_MOVE,10.075757,0.078717,"Evict VRAM -> RAM [Model: 9d4a632c, Layer: 3c96aace]"
776630.906018,9000,1ff6ef17-4c17-49d8-9b9d-d4afa94e8068,worker_1,worker_1,DISK_LOAD,9.751586,0.076184,"Disk -> RAM [Model: 1ff6ef17, Layer: 0061c940]"
776630.982202,9000,1ff6ef17-4c17-49d8-9b9d-d4afa94e8068,worker_1,worker_1,MEM_MOVE,9.751586,0.076184,"RAM -> VRAM [Model: 1ff6ef17, Layer: 0061c940]"
776631.032202,9000,1ff6ef17-4c17-49d8-9b9d-d4afa94e8068,worker_1,worker_1,GPU_COMPUTE,0.050000,0.050000,GPU Compute
776631.190202,9000,1ff6ef17-4c17-49d8-9b9d-d4afa94e8068,worker_1,coordinator_0,NET_TRANSFER,0.000100,0.158000,Signal Finished
777099.109630,9000,1ff6ef17-4c17-49d8-9b9d-d4afa94e8068,coordinator_0,worker_2,NET_TRANSFER,5.847118,467.919428,Distribute Layer ID: c767d8df
777099.155310,9000,1ff6ef17-4c17-49d8-9b9d-d4afa94e8068,worker_2,worker_2,DISK_LOAD,5.847118,0.045681,"Disk -> RAM [Model: 1ff6ef17, Layer: c767d8df]"
777099.200991,9000,1ff6ef17-4c17-49d8-9b9d-d4afa94e8068,worker_2,worker_2,MEM_MOVE,5.847118,0.045681,"RAM -> VRAM [Model: 1ff6ef17, Layer: c767d8df]"
777099.250991,9000,1ff6ef17-4c17-49d8-9b9d-d4afa94e8068,worker_2,worker_2,GPU_COMPUTE,0.050000,0.050000,GPU Compute
777099.408991,9000,1ff6ef17-4c17-49d8-9b9d-d4afa94e8068,worker_2,coordinator_0,NET_TRANSFER,0.000100,0.158000,Signal Finished
777527.098527,9000,1ff6ef17-4c17-49d8-9b9d-d4afa94e8068,coordinator_0,worker_3,NET_TRANSFER,5.344244,427.689536,Distribute Layer ID: 15bd22e9
777527.172611,9000,1ff6ef17-4c17-49d8-9b9d-d4afa94e8068,worker_3,worker_3,MEM_MOVE,9.482715,0.074084,"Evict VRAM -> RAM [Model: 53bf5446, Layer: 68d2cbe0]"
777527.214363,9000,1ff6ef17-4c17-49d8-9b9d-d4afa94e8068,worker_3,worker_3,DISK_LOAD,5.344244,0.041752,"Disk -> RAM [Model: 1ff6ef17, Layer: 15bd22e9]"
777527.256115,9000,1ff6ef17-4c17-49d8-9b9d-d4afa94e8068,worker_3,worker_3,MEM_MOVE,5.344244,0.041752,"RAM -> VRAM [Model: 1ff6ef17, Layer: 15bd22e9]"
777527.306115,9000,1ff6ef17-4c17-49d8-9b9d-d4afa94e8068,worker_3,worker_3,GPU_COMPUTE,0.050000,0.050000,GPU Compute
777527.464115,9000,1ff6ef17-4c17-49d8-9b9d-d4afa94e8068,worker_3,coordinator_0,NET_TRANSFER,0.000100,0.158000,Signal Finished
778015.640402,9000,1ff6ef17-4c17-49d8-9b9d-d4afa94e8068,coordinator_0,worker_4,NET_TRANSFER,6.100329,488.176287,Distribute Layer ID: 9e043798
778015.712828,9000,1ff6ef17-4c17-49d8-9b9d-d4afa94e8068,worker_4,worker_4,MEM_MOVE,9.270578,0.072426,"Evict VRAM -> RAM [Model: efe1fad9, Layer: 8c620a5c]"
778015.760487,9000,1ff6ef17-4c17-49d8-9b9d-d4afa94e8068,worker_4,worker_4,DISK_LOAD,6.100329,0.047659,"Disk -> RAM [Model: 1ff6ef17, Layer: 9e043798]"
778015.808146,9000,1ff6ef17-4c17-49d8-9b9d-d4afa94e8068,worker_4,worker_4,MEM_MOVE,6.100329,0.047659,"RAM -> VRAM [Model: 1ff6ef17, Layer: 9e043798]"
778015.858146,9000,1ff6ef17-4c17-49d8-9b9d-d4afa94e8068,worker_4,worker_4,GPU_COMPUTE,0.050000,0.050000,GPU Compute
778016.016146,9000,1ff6ef17-4c17-49d8-9b9d-d4afa94e8068,worker_4,coordinator_0,NET_TRANSFER,0.000100,0.158000,Signal Finished
779196.477571,9000,1ff6ef17-4c17-49d8-9b9d-d4afa94e8068,coordinator_0,worker_1,NET_TRANSFER,14.753893,1180.461425,Distribute Layer ID: b951a917
779196.544302,9000,1ff6ef17-4c17-49d8-9b9d-d4afa94e8068,worker_1,worker_1,MEM_MOVE,8.541633,0.066732,"Evict VRAM -> RAM [Model: 9d4a632c, Layer: 0730113f]"
779196.583216,9000,1ff6ef17-4c17-49d8-9b9d-d4afa94e8068,worker_1,worker_1,MEM_MOVE,4.980971,0.038914,"Evict VRAM -> RAM [Model: fbf90d55, Layer: 8a6efe56]"
779196.698481,9000,1ff6ef17-4c17-49d8-9b9d-d4afa94e8068,worker_1,worker_1,DISK_LOAD,14.753893,0.115265,"Disk -> RAM [Model: 1ff6ef17, Layer: b951a917]"
779196.813746,9000,1ff6ef17-4c17-49d8-9b9d-d4afa94e8068,worker_1,worker_1,MEM_MOVE,14.753893,0.115265,"RAM -> VRAM [Model: 1ff6ef17, Layer: b951a917]"
779196.863746,9000,1ff6ef17-4c17-49d8-9b9d-d4afa94e8068,worker_1,worker_1,GPU_COMPUTE,0.050000,0.050000,GPU Compute
779197.021746,9000,1ff6ef17-4c17-49d8-9b9d-d4afa94e8068,worker_1,coordinator_0,NET_TRANSFER,0.000100,0.158000,Signal Finished
779645.107655,9000,1ff6ef17-4c17-49d8-9b9d-d4afa94e8068,coordinator_0,worker_2,NET_TRANSFER,5.599199,448.085909,Distribute Layer ID: b9a25255
779645.200300,9000,1ff6ef17-4c17-49d8-9b9d-d4afa94e8068,worker_2,worker_2,MEM_MOVE,11.858500,0.092645,"Evict VRAM -> RAM [Model: 9d4a632c, Layer: 14c09a8c]"
779645.244043,9000,1ff6ef17-4c17-49d8-9b9d-d4afa94e8068,worker_2,worker_2,DISK_LOAD,5.599199,0.043744,"Disk -> RAM [Model: 1ff6ef17, Layer: b9a25255]"
779645.287787,9000,1ff6ef17-4c17-49d8-9b9d-d4afa94e8068,worker_2,worker_2,MEM_MOVE,5.599199,0.043744,"RAM -> VRAM [Model: 1ff6ef17, Layer: b9a25255]"
779645.337787,9000,1ff6ef17-4c17-49d8-9b9d-d4afa94e8068,worker_2,worker_2,GPU_COMPUTE,0.050000,0.050000,GPU Compute
779645.495787,9000,1ff6ef17-4c17-49d8-9b9d-d4afa94e8068,worker_2,coordinator_0,NET_TRANSFER,0.000100,0.158000,Signal Finished
780337.226028,9000,1ff6ef17-4c17-49d8-9b9d-d4afa94e8068,coordinator_0,worker_3,NET_TRANSFER,8.644753,691.730240,Distribute Layer ID: 6ce20344
780337.293565,9000,1ff6ef17-4c17-49d8-9b9d-d4afa94e8068,worker_3,worker_3,DISK_LOAD,8.644753,0.067537,"Disk -> RAM [Model: 1ff6ef17, Layer: 6ce20344]"
780337.361102,9000,1ff6ef17-4c17-49d8-9b9d-d4afa94e8068,worker_3,worker_3,MEM_MOVE,8.644753,0.067537,"RAM -> VRAM [Model: 1ff6ef17, Layer: 6ce20344]"
780337.411102,9000,1ff6ef17-4c17-49d8-9b9d-d4afa94e8068,worker_3,worker_3,GPU_COMPUTE,0.050000,0.050000,GPU Compute
780337.569102,9000,1ff6ef17-4c17-49d8-9b9d-d4afa94e8068,worker_3,coordinator_0,NET_TRANSFER,0.000100,0.158000,Signal Finished
781321.521581,9000,1ff6ef17-4c17-49d8-9b9d-d4afa94e8068,coordinator_0,worker_4,NET_TRANSFER,12.297531,983.952480,Distribute Layer ID: a720c362
781321.597705,9000,1ff6ef17-4c17-49d8-9b9d-d4afa94e8068,worker_4,worker_4,MEM_MOVE,9.743826,0.076124,"Evict VRAM -> RAM [Model: ca30bd4c, Layer: 9ed8e4f9]"
781321.693780,9000,1ff6ef17-4c17-49d8-9b9d-d4afa94e8068,worker_4,worker_4,DISK_LOAD,12.297531,0.096074,"Disk -> RAM [Model: 1ff6ef17, Layer: a720c362]"
781321.789854,9000,1ff6ef17-4c17-49d8-9b9d-d4afa94e8068,worker_4,worker_4,MEM_MOVE,12.297531,0.096074,"RAM -> VRAM [Model: 1ff6ef17, Layer: a720c362]"
781321.839854,9000,1ff6ef17-4c17-49d8-9b9d-d4afa94e8068,worker_4,worker_4,GPU_COMPUTE,0.050000,0.050000,GPU Compute
781321.997854,9000,1ff6ef17-4c17-49d8-9b9d-d4afa94e8068,worker_4,coordinator_0,NET_TRANSFER,0.000100,0.158000,Signal Finished
782453.011662,9000,1ff6ef17-4c17-49d8-9b9d-d4afa94e8068,coordinator_0,worker_1,NET_TRANSFER,14.135798,1131.013808,Distribute Layer ID: 629c9bca
782453.101848,9000,1ff6ef17-4c17-49d8-9b9d-d4afa94e8068,worker_1,worker_1,MEM_MOVE,11.543921,0.090187,"Evict VRAM -> RAM [Model: 2ede82b5, Layer: 74ccf0c8]"
782453.212284,9000,1ff6ef17-4c17-49d8-9b9d-d4afa94e8068,worker_1,worker_1,DISK_LOAD,14.135798,0.110436,"Disk -> RAM [Model: 1ff6ef17, Layer: 629c9bca]"
782453.322720,9000,1ff6ef17-4c17-49d8-9b9d-d4afa94e8068,worker_1,worker_1,MEM_MOVE,14.135798,0.110436,"RAM -> VRAM [Model: 1ff6ef17, Layer: 629c9bca]"
782453.372720,9000,1ff6ef17-4c17-49d8-9b9d-d4afa94e8068,worker_1,worker_1,GPU_COMPUTE,0.050000,0.050000,GPU Compute
782453.530720,9000,1ff6ef17-4c17-49d8-9b9d-d4afa94e8068,worker_1,coordinator_0,NET_TRANSFER,0.000100,0.158000,Signal Finished
782909.201457,9000,1ff6ef17-4c17-49d8-9b9d-d4afa94e8068,coordinator_0,worker_2,NET_TRANSFER,5.694009,455.670737,Distribute Layer ID: e4a696fd
782909.245941,9000,1ff6ef17-4c17-49d8-9b9d-d4afa94e8068,worker_2,worker_2,DISK_LOAD,5.694009,0.044484,"Disk -> RAM [Model: 1ff6ef17, Layer: e4a696fd]"
782909.290426,9000,1ff6ef17-4c17-49d8-9b9d-d4afa94e8068,worker_2,worker_2,MEM_MOVE,5.694009,0.044484,"RAM -> VRAM [Model: 1ff6ef17, Layer: e4a696fd]"
782909.340426,9000,1ff6ef17-4c17-49d8-9b9d-d4afa94e8068,worker_2,worker_2,GPU_COMPUTE,0.050000,0.050000,GPU Compute
782909.498426,9000,1ff6ef17-4c17-49d8-9b9d-d4afa94e8068,worker_2,coordinator_0,NET_TRANSFER,0.000100,0.158000,Signal Finished
783573.620193,9000,1ff6ef17-4c17-49d8-9b9d-d4afa94e8068,coordinator_0,worker_3,NET_TRANSFER,8.299647,664.121767,Distribute Layer ID: 16bb448e
783573.722334,9000,1ff6ef17-4c17-49d8-9b9d-d4afa94e8068,worker_3,worker_3,MEM_MOVE,13.074100,0.102141,"Evict VRAM -> RAM [Model: 53bf5446, Layer: 42b89a72]"
783573.787175,9000,1ff6ef17-4c17-49d8-9b9d-d4afa94e8068,worker_3,worker_3,DISK_LOAD,8.299647,0.064841,"Disk -> RAM [Model: 1ff6ef17, Layer: 16bb448e]"
783573.852016,9000,1ff6ef17-4c17-49d8-9b9d-d4afa94e8068,worker_3,worker_3,MEM_MOVE,8.299647,0.064841,"RAM -> VRAM [Model: 1ff6ef17, Layer: 16bb448e]"
783573.902016,9000,1ff6ef17-4c17-49d8-9b9d-d4afa94e8068,worker_3,worker_3,GPU_COMPUTE,0.050000,0.050000,GPU Compute
783574.060016,9000,1ff6ef17-4c17-49d8-9b9d-d4afa94e8068,worker_3,coordinator_0,NET_TRANSFER,0.000100,0.158000,Signal Finished
784151.659357,9000,1ff6ef17-4c17-49d8-9b9d-d4afa94e8068,coordinator_0,worker_4,NET_TRANSFER,7.218117,577.599340,Distribute Layer ID: 1fe14c07
784151.715462,9000,1ff6ef17-4c17-49d8-9b9d-d4afa94e8068,worker_4,worker_4,MEM_MOVE,7.181514,0.056106,"Evict VRAM -> RAM [Model: fbf90d55, Layer: 9b0e1b0f]"
784151.771854,9000,1ff6ef17-4c17-49d8-9b9d-d4afa94e8068,worker_4,worker_4,DISK_LOAD,7.218117,0.056392,"Disk -> RAM [Model: 1ff6ef17, Layer: 1fe14c07]"
784151.828245,9000,1ff6ef17-4c17-49d8-9b9d-d4afa94e8068,worker_4,worker_4,MEM_MOVE,7.218117,0.056392,"RAM -> VRAM [Model: 1ff6ef17, Layer: 1fe14c07]"
784151.878245,9000,1ff6ef17-4c17-49d8-9b9d-d4afa94e8068,worker_4,worker_4,GPU_COMPUTE,0.050000,0.050000,GPU Compute
784152.036245,9000,1ff6ef17-4c17-49d8-9b9d-d4afa94e8068,worker_4,coordinator_0,NET_TRANSFER,0.000100,0.158000,Signal Finished
784867.362928,9000,1ff6ef17-4c17-49d8-9b9d-d4afa94e8068,coordinator_0,worker_1,NET_TRANSFER,8.939709,715.326683,Distribute Layer ID: 5140a8ee
784867.421927,9000,1ff6ef17-4c17-49d8-9b9d-d4afa94e8068,worker_1,worker_1,MEM_MOVE,7.551836,0.058999,"Evict VRAM -> RAM [Model: 750b7e46, Layer: 99af646f]"
784867.491769,9000,1ff6ef17-4c17-49d8-9b9d-d4afa94e8068,worker_1,worker_1,DISK_LOAD,8.939709,0.069841,"Disk -> RAM [Model: 1ff6ef17, Layer: 5140a8ee]"
784867.561610,9000,1ff6ef17-4c17-49d8-9b9d-d4afa94e8068,worker_1,worker_1,MEM_MOVE,8.939709,0.069841,"RAM -> VRAM [Model: 1ff6ef17, Layer: 5140a8ee]"
784867.611610,9000,1ff6ef17-4c17-49d8-9b9d-d4afa94e8068,worker_1,worker_1,GPU_COMPUTE,0.050000,0.050000,GPU Compute
784867.769610,9000,1ff6ef17-4c17-49d8-9b9d-d4afa94e8068,worker_1,coordinator_0,NET_TRANSFER,0.000100,0.158000,Signal Finished
785390.543191,9000,1ff6ef17-4c17-49d8-9b9d-d4afa94e8068,coordinator_0,worker_2,NET_TRANSFER,6.532795,522.773581,Distribute Layer ID: 25d82c28
785390.587675,9000,1ff6ef17-4c17-49d8-9b9d-d4afa94e8068,worker_2,worker_2,MEM_MOVE,5.694009,0.044484,"Evict VRAM -> RAM [Model: 1ff6ef17, Layer: e4a696fd]"
785390.638713,9000,1ff6ef17-4c17-49d8-9b9d-d4afa94e8068,worker_2,worker_2,DISK_LOAD,6.532795,0.051037,"Disk -> RAM [Model: 1ff6ef17, Layer: 25d82c28]"
785390.689750,9000,1ff6ef17-4c17-49d8-9b9d-d4afa94e8068,worker_2,worker_2,MEM_MOVE,6.532795,0.051037,"RAM -> VRAM [Model: 1ff6ef17, Layer: 25d82c28]"
785390.739750,9000,1ff6ef17-4c17-49d8-9b9d-d4afa94e8068,worker_2,worker_2,GPU_COMPUTE,0.050000,0.050000,GPU Compute
785390.897750,9000,1ff6ef17-4c17-49d8-9b9d-d4afa94e8068,worker_2,coordinator_0,NET_TRANSFER,0.000100,0.158000,Signal Finished
785826.611416,9000,1ff6ef17-4c17-49d8-9b9d-d4afa94e8068,coordinator_0,worker_3,NET_TRANSFER,5.444546,435.713665,Distribute Layer ID: 8d51b81d
785826.678533,9000,1ff6ef17-4c17-49d8-9b9d-d4afa94e8068,worker_3,worker_3,MEM_MOVE,8.591005,0.067117,"Evict VRAM -> RAM [Model: 750b7e46, Layer: c86e7034]"
785826.721068,9000,1ff6ef17-4c17-49d8-9b9d-d4afa94e8068,worker_3,worker_3,DISK_LOAD,5.444546,0.042536,"Disk -> RAM [Model: 1ff6ef17, Layer: 8d51b81d]"
785826.763604,9000,1ff6ef17-4c17-49d8-9b9d-d4afa94e8068,worker_3,worker_3,MEM_MOVE,5.444546,0.042536,"RAM -> VRAM [Model: 1ff6ef17, Layer: 8d51b81d]"
785826.813604,9000,1ff6ef17-4c17-49d8-9b9d-d4afa94e8068,worker_3,worker_3,GPU_COMPUTE,0.050000,0.050000,GPU Compute
785826.971604,9000,1ff6ef17-4c17-49d8-9b9d-d4afa94e8068,worker_3,coordinator_0,NET_TRANSFER,0.000100,0.158000,Signal Finished
786243.593898,9000,1ff6ef17-4c17-49d8-9b9d-d4afa94e8068,coordinator_0,worker_4,NET_TRANSFER,5.205904,416.622294,Distribute Layer ID: 31515f1a
786243.700148,9000,1ff6ef17-4c17-49d8-9b9d-d4afa94e8068,worker_4,worker_4,MEM_MOVE,13.600011,0.106250,"Evict VRAM -> RAM [Model: 9d4a632c, Layer: 1b7cf8a4]"
786243.740819,9000,1ff6ef17-4c17-49d8-9b9d-d4afa94e8068,worker_4,worker_4,DISK_LOAD,5.205904,0.040671,"Disk -> RAM [Model: 1ff6ef17, Layer: 31515f1a]"
786243.781490,9000,1ff6ef17-4c17-49d8-9b9d-d4afa94e8068,worker_4,worker_4,MEM_MOVE,5.205904,0.040671,"RAM -> VRAM [Model: 1ff6ef17, Layer: 31515f1a]"
786243.831490,9000,1ff6ef17-4c17-49d8-9b9d-d4afa94e8068,worker_4,worker_4,GPU_COMPUTE,0.050000,0.050000,GPU Compute
786243.989490,9000,1ff6ef17-4c17-49d8-9b9d-d4afa94e8068,worker_4,coordinator_0,NET_TRANSFER,0.000100,0.158000,Signal Finished
787038.309847,9000,1ff6ef17-4c17-49d8-9b9d-d4afa94e8068,coordinator_0,worker_1,NET_TRANSFER,9.927129,794.320357,Distribute Layer ID: ac18f658
787038.373524,9000,1ff6ef17-4c17-49d8-9b9d-d4afa94e8068,worker_1,worker_1,MEM_MOVE,8.150666,0.063677,"Evict VRAM -> RAM [Model: 946dc1c0, Layer: 81f5f870]"
787038.445226,9000,1ff6ef17-4c17-49d8-9b9d-d4afa94e8068,worker_1,worker_1,MEM_MOVE,9.177810,0.071702,"Evict VRAM -> RAM [Model: 946dc1c0, Layer: 1be789f6]"
787038.522782,9000,1ff6ef17-4c17-49d8-9b9d-d4afa94e8068,worker_1,worker_1,DISK_LOAD,9.927129,0.077556,"Disk -> RAM [Model: 1ff6ef17, Layer: ac18f658]"
787038.600337,9000,1ff6ef17-4c17-49d8-9b9d-d4afa94e8068,worker_1,worker_1,MEM_MOVE,9.927129,0.077556,"RAM -> VRAM [Model: 1ff6ef17, Layer: ac18f658]"
787038.650337,9000,1ff6ef17-4c17-49d8-9b9d-d4afa94e8068,worker_1,worker_1,GPU_COMPUTE,0.050000,0.050000,GPU Compute
787038.808337,9000,1ff6ef17-4c17-49d8-9b9d-d4afa94e8068,worker_1,coordinator_0,NET_TRANSFER,0.000100,0.158000,Signal Finished
788149.275142,9000,1ff6ef17-4c17-49d8-9b9d-d4afa94e8068,coordinator_0,worker_2,NET_TRANSFER,13.878960,1110.466804,Distribute Layer ID: 3dfc7902
788149.384064,9000,1ff6ef17-4c17-49d8-9b9d-d4afa94e8068,worker_2,worker_2,MEM_MOVE,13.942042,0.108922,"Evict VRAM -> RAM [Model: 1ff6ef17, Layer: 9cbd3333]"
788149.492493,9000,1ff6ef17-4c17-49d8-9b9d-d4afa94e8068,worker_2,worker_2,DISK_LOAD,13.878960,0.108429,"Disk -> RAM [Model: 1ff6ef17, Layer: 3dfc7902]"
788149.600923,9000,1ff6ef17-4c17-49d8-9b9d-d4afa94e8068,worker_2,worker_2,MEM_MOVE,13.878960,0.108429,"RAM -> VRAM [Model: 1ff6ef17, Layer: 3dfc7902]"
788149.650923,9000,1ff6ef17-4c17-49d8-9b9d-d4afa94e8068,worker_2,worker_2,GPU_COMPUTE,0.050000,0.050000,GPU Compute
788149.808923,9000,1ff6ef17-4c17-49d8-9b9d-d4afa94e8068,worker_2,coordinator_0,NET_TRANSFER,0.000100,0.158000,Signal Finished
828026.007594,7000,bec081ed-3b58-4ef6-90fc-0349b019b548,client_7,coordinator_0,NET_TRANSFER,498.450608,39876.198671,Upload Model Weights
876074.230945,6000,c1690bdb-a1e5-4e67-8c37-5dbe0393ec5a,client_6,coordinator_0,NET_TRANSFER,600.600917,48048.223351,Upload Model Weights
876074.388945,7000,ac7b4e0c-433f-46d0-93f2-1fda6dddc3e7,client_7,coordinator_0,NET_TRANSFER,0.000100,0.158000,Request Model ID
876074.546945,6001,deeb30fb-46de-4c39-abb4-1031e1e8b1f0,client_6,coordinator_0,NET_TRANSFER,0.000100,0.158000,Request Model ID
876074.704945,6001,ca30bd4c-8b2b-44df-9b42-486cfb6b8ddf,client_6,coordinator_0,NET_TRANSFER,0.000100,0.158000,Request Model ID
876074.862945,10001,619d5262-3b88-4037-8a19-a6750e2b6ede,client_10,coordinator_0,NET_TRANSFER,0.000100,0.158000,Request Model ID
876075.020945,10001,c1690bdb-a1e5-4e67-8c37-5dbe0393ec5a,client_10,coordinator_0,NET_TRANSFER,0.000100,0.158000,Request Model ID
876075.178945,5001,fbf90d55-a5a6-4d35-8c6a-6a67f586b4b7,client_5,coordinator_0,NET_TRANSFER,0.000100,0.158000,Request Model ID
876075.336945,2001,619d5262-3b88-4037-8a19-a6750e2b6ede,client_2,coordinator_0,NET_TRANSFER,0.000100,0.158000,Request Model ID
876075.494945,3001,c09c36e4-db5d-403c-85e7-76ac042d9029,client_3,coordinator_0,NET_TRANSFER,0.000100,0.158000,Request Model ID
876075.652945,1001,e34d34e9-8890-49fc-9559-25d6fe549e12,client_1,coordinator_0,NET_TRANSFER,0.000100,0.158000,Request Model ID
876075.810945,5001,619d5262-3b88-4037-8a19-a6750e2b6ede,client_5,coordinator_0,NET_TRANSFER,0.000100,0.158000,Request Model ID
876075.968945,2001,bec081ed-3b58-4ef6-90fc-0349b019b548,client_2,coordinator_0,NET_TRANSFER,0.000100,0.158000,Request Model ID
876076.126945,2001,14ef8bd4-d9aa-416e-af14-7d5ae96a38ce,client_2,coordinator_0,NET_TRANSFER,0.000100,0.158000,Request Model ID
876076.284945,4001,83dcd5d7-c5f6-4a11-ac7e-2b5ec287b742,client_4,coordinator_0,NET_TRANSFER,0.000100,0.158000,Request Model ID
876076.442945,2001,b478c90e-37b4-4493-a9a2-9498e14724bc,client_2,coordinator_0,NET_TRANSFER,0.000100,0.158000,Request Model ID
876076.600945,3001,efe1fad9-6017-4c8f-a55c-6bc7cb5cd028,client_3,coordinator_0,NET_TRANSFER,0.000100,0.158000,Request Model ID
876076.758945,3001,946dc1c0-f65c-473a-9f28-9712bae271a5,client_3,coordinator_0,NET_TRANSFER,0.000100,0.158000,Request Model ID
876076.916945,4001,08fd801c-3c96-4773-a634-eed8ca28fb28,client_4,coordinator_0,NET_TRANSFER,0.000100,0.158000,Request Model ID
876077.074945,4001,83a283b1-f638-4c85-88ea-faf06d0d34be,client_4,coordinator_0,NET_TRANSFER,0.000100,0.158000,Request Model ID
876077.232945,4001,ac7b4e0c-433f-46d0-93f2-1fda6dddc3e7,client_4,coordinator_0,NET_TRANSFER,0.000100,0.158000,Request Model ID
876077.390945,1001,619d5262-3b88-4037-8a19-a6750e2b6ede,client_1,coordinator_0,NET_TRANSFER,0.000100,0.158000,Request Model ID
876077.548945,9001,bec081ed-3b58-4ef6-90fc-0349b019b548,client_9,coordinator_0,NET_TRANSFER,0.000100,0.158000,Request Model ID
876077.706945,1001,f60f5dc5-dedb-4f03-80cd-63b5a10fb871,client_1,coordinator_0,NET_TRANSFER,0.000100,0.158000,Request Model ID
876077.864945,1001,619d5262-3b88-4037-8a19-a6750e2b6ede,client_1,coordinator_0,NET_TRANSFER,0.000100,0.158000,Request Model ID
876078.022945,8001,95c6362e-951b-4b20-8656-dfd65dcce4cc,client_8,coordinator_0,NET_TRANSFER,0.000100,0.158000,Request Model ID
876078.180945,9001,ac7b4e0c-433f-46d0-93f2-1fda6dddc3e7,client_9,coordinator_0,NET_TRANSFER,0.000100,0.158000,Request Model ID
876078.338945,8001,619d5262-3b88-4037-8a19-a6750e2b6ede,client_8,coordinator_0,NET_TRANSFER,0.000100,0.158000,Request Model ID
876078.496945,9001,c1690bdb-a1e5-4e67-8c37-5dbe0393ec5a,client_9,coordinator_0,NET_TRANSFER,0.000100,0.158000,Request Model ID
876078.654945,7001,95c6362e-951b-4b20-8656-dfd65dcce4cc,client_7,coordinator_0,NET_TRANSFER,0.000100,0.158000,Request Model ID
876078.812945,2000,efe1fad9-6017-4c8f-a55c-6bc7cb5cd028,client_2,coordinator_0,NET_TRANSFER,0.000100,0.158000,Request Model ID
876078.970945,2002,f697b31d-0844-4604-8be7-96706f9dbc0e,client_2,coordinator_0,NET_TRANSFER,0.000100,0.158000,Request Model ID
876079.128945,8000,08fd801c-3c96-4773-a634-eed8ca28fb28,client_8,coordinator_0,NET_TRANSFER,0.000100,0.158000,Request Model ID
876079.286945,7001,f697b31d-0844-4604-8be7-96706f9dbc0e,client_7,coordinator_0,NET_TRANSFER,0.000100,0.158000,Request Model ID
876079.444945,10000,74dc03f5-5085-4678-aeae-04900069fa46,client_10,coordinator_0,NET_TRANSFER,0.000100,0.158000,Request Model ID
876079.602945,5002,08202aab-5186-4d30-9aca-73848a267057,client_5,coordinator_0,NET_TRANSFER,0.000100,0.158000,Request Model ID
876079.760945,5002,14ef8bd4-d9aa-416e-af14-7d5ae96a38ce,client_5,coordinator_0,NET_TRANSFER,0.000100,0.158000,Request Model ID
876079.918945,4002,9d4a632c-1da4-4855-8ee3-ca4ae32fb12e,client_4,coordinator_0,NET_TRANSFER,0.000100,0.158000,Request Model ID
876080.076945,9002,83a283b1-f638-4c85-88ea-faf06d0d34be,client_9,coordinator_0,NET_TRANSFER,0.000100,0.158000,Request Model ID
876080.234945,4002,619d5262-3b88-4037-8a19-a6750e2b6ede,client_4,coordinator_0,NET_TRANSFER,0.000100,0.158000,Request Model ID
876080.392945,1002,c1690bdb-a1e5-4e67-8c37-5dbe0393ec5a,client_1,coordinator_0,NET_TRANSFER,0.000100,0.158000,Request Model ID
876080.550945,2002,83a283b1-f638-4c85-88ea-faf06d0d34be,client_2,coordinator_0,NET_TRANSFER,0.000100,0.158000,Request Model ID
876080.708945,1000,8fb65e18-dd2d-46b6-9eef-c67c20296b91,client_1,coordinator_0,NET_TRANSFER,0.000100,0.158000,Request Model ID
876080.866945,1002,b478c90e-37b4-4493-a9a2-9498e14724bc,client_1,coordinator_0,NET_TRANSFER,0.000100,0.158000,Request Model ID
876081.024945,10002,f60f5dc5-dedb-4f03-80cd-63b5a10fb871,client_10,coordinator_0,NET_TRANSFER,0.000100,0.158000,Request Model ID
876081.182945,3002,bec081ed-3b58-4ef6-90fc-0349b019b548,client_3,coordinator_0,NET_TRANSFER,0.000100,0.158000,Request Model ID
876081.340945,10002,bec081ed-3b58-4ef6-90fc-0349b019b548,coordinator_0,client_10,NET_TRANSFER,0.000100,0.158000,Signal: Cache Miss / Request Weights
915957.539616,10002,bec081ed-3b58-4ef6-90fc-0349b019b548,client_10,coordinator_0,NET_TRANSFER,498.450608,39876.198671,Upload Model Weights
915957.697616,9002,efe1fad9-6017-4c8f-a55c-6bc7cb5cd028,client_9,coordinator_0,NET_TRANSFER,0.000100,0.158000,Request Model ID
915957.855616,1002,750b7e46-61b8-4000-a7ed-4a335dc14d8e,client_1,coordinator_0,NET_TRANSFER,0.000100,0.158000,Request Model ID
915958.013616,7002,f5d98111-bf88-4f6b-b06c-91dbfa569562,client_7,coordinator_0,NET_TRANSFER,0.000100,0.158000,Request Model ID
915958.171616,10000,8fb65e18-dd2d-46b6-9eef-c67c20296b91,client_10,coordinator_0,NET_TRANSFER,0.000100,0.158000,Request Model ID
915958.329616,3003,c09c36e4-db5d-403c-85e7-76ac042d9029,client_3,coordinator_0,NET_TRANSFER,0.000100,0.158000,Request Model ID
915958.487616,2000,deeb30fb-46de-4c39-abb4-1031e1e8b1f0,client_2,coordinator_0,NET_TRANSFER,0.000100,0.158000,Request Model ID
915958.645616,7003,74dc03f5-5085-4678-aeae-04900069fa46,client_7,coordinator_0,NET_TRANSFER,0.000100,0.158000,Request Model ID
915958.803616,8003,deeb30fb-46de-4c39-abb4-1031e1e8b1f0,client_8,coordinator_0,NET_TRANSFER,0.000100,0.158000,Request Model ID
915958.961616,6001,0bf4eb40-90e4-4ced-8150-48035f921978,client_6,coordinator_0,NET_TRANSFER,0.000100,0.158000,Request Model ID
915959.119616,1000,619d5262-3b88-4037-8a19-a6750e2b6ede,client_1,coordinator_0,NET_TRANSFER,0.000100,0.158000,Request Model ID
915959.277616,5003,c09c36e4-db5d-403c-85e7-76ac042d9029,client_5,coordinator_0,NET_TRANSFER,0.000100,0.158000,Request Model ID
915959.435616,2003,deeb30fb-46de-4c39-abb4-1031e1e8b1f0,client_2,coordinator_0,NET_TRANSFER,0.000100,0.158000,Request Model ID
915959.593616,3003,c1690bdb-a1e5-4e67-8c37-5dbe0393ec5a,client_3,coordinator_0,NET_TRANSFER,0.000100,0.158000,Request Model ID
915959.751616,4003,c1690bdb-a1e5-4e67-8c37-5dbe0393ec5a,client_4,coordinator_0,NET_TRANSFER,0.000100,0.158000,Request Model ID
915959.909616,4003,14ef8bd4-d9aa-416e-af14-7d5ae96a38ce,client_4,coordinator_0,NET_TRANSFER,0.000100,0.158000,Request Model ID
915960.067616,8003,bec081ed-3b58-4ef6-90fc-0349b019b548,client_8,coordinator_0,NET_TRANSFER,0.000100,0.158000,Request Model ID
915960.225616,8003,83a283b1-f638-4c85-88ea-faf06d0d34be,client_8,coordinator_0,NET_TRANSFER,0.000100,0.158000,Request Model ID
915960.383616,2002,619d5262-3b88-4037-8a19-a6750e2b6ede,client_2,coordinator_0,NET_TRANSFER,0.000100,0.158000,Request Model ID
915960.541616,5002,83dcd5d7-c5f6-4a11-ac7e-2b5ec287b742,client_5,coordinator_0,NET_TRANSFER,0.000100,0.158000,Request Model ID
915960.699616,10002,53bf5446-f509-4861-874f-a531cf1e5148,client_10,coordinator_0,NET_TRANSFER,0.000100,0.158000,Request Model ID
915960.857616,6002,12386703-57d6-43c6-906d-e902486453d3,client_6,coordinator_0,NET_TRANSFER,0.000100,0.158000,Request Model ID
915961.015616,1000,619d5262-3b88-4037-8a19-a6750e2b6ede,client_1,coordinator_0,NET_TRANSFER,0.000100,0.158000,Request Model ID
915961.173616,5002,d86fe66c-b7c0-44eb-bdb8-b1c52ad81384,client_5,coordinator_0,NET_TRANSFER,0.000100,0.158000,Request Model ID
915961.331616,9004,ac7b4e0c-433f-46d0-93f2-1fda6dddc3e7,client_9,coordinator_0,NET_TRANSFER,0.000100,0.158000,Request Model ID
915961.489616,7002,bec081ed-3b58-4ef6-90fc-0349b019b548,client_7,coordinator_0,NET_TRANSFER,0.000100,0.158000,Request Model ID
915961.647616,10003,53bf5446-f509-4861-874f-a531cf1e5148,client_10,coordinator_0,NET_TRANSFER,0.000100,0.158000,Request Model ID
915961.805616,2004,14ef8bd4-d9aa-416e-af14-7d5ae96a38ce,client_2,coordinator_0,NET_TRANSFER,0.000100,0.158000,Request Model ID
915961.963616,8000,65161c26-c9cb-44da-84fc-c4d123278295,client_8,coordinator_0,NET_TRANSFER,0.000100,0.158000,Request Model ID
915962.121616,1003,08fd801c-3c96-4773-a634-eed8ca28fb28,client_1,coordinator_0,NET_TRANSFER,0.000100,0.158000,Request Model ID
915962.279616,7004,bec081ed-3b58-4ef6-90fc-0349b019b548,client_7,coordinator_0,NET_TRANSFER,0.000100,0.158000,Request Model ID
915962.437616,7004,9d4a632c-1da4-4855-8ee3-ca4ae32fb12e,client_7,coordinator_0,NET_TRANSFER,0.000100,0.158000,Request Model ID
915962.595616,7001,750b7e46-61b8-4000-a7ed-4a335dc14d8e,client_7,coordinator_0,NET_TRANSFER,0.000100,0.158000,Request Model ID
915962.753616,5000,83dcd5d7-c5f6-4a11-ac7e-2b5ec287b742,client_5,coordinator_0,NET_TRANSFER,0.000100,0.158000,Request Model ID
915962.911616,6004,f5d98111-bf88-4f6b-b06c-91dbfa569562,client_6,coordinator_0,NET_TRANSFER,0.000100,0.158000,Request Model ID
915963.069616,10004,e34d34e9-8890-49fc-9559-25d6fe549e12,client_10,coordinator_0,NET_TRANSFER,0.000100,0.158000,Request Model ID
915963.227616,10004,0bf4eb40-90e4-4ced-8150-48035f921978,client_10,coordinator_0,NET_TRANSFER,0.000100,0.158000,Request Model ID
915963.385616,2004,c1690bdb-a1e5-4e67-8c37-5dbe0393ec5a,client_2,coordinator_0,NET_TRANSFER,0.000100,0.158000,Request Model ID
915963.543616,10004,619d5262-3b88-4037-8a19-a6750e2b6ede,client_10,coordinator_0,NET_TRANSFER,0.000100,0.158000,Request Model ID
915963.701616,2004,6800e1de-6fb1-4522-9ecb-580ccb4a22c1,client_2,coordinator_0,NET_TRANSFER,0.000100,0.158000,Request Model ID
915963.859616,1004,efe1fad9-6017-4c8f-a55c-6bc7cb5cd028,client_1,coordinator_0,NET_TRANSFER,0.000100,0.158000,Request Model ID
915964.017616,8004,750b7e46-61b8-4000-a7ed-4a335dc14d8e,client_8,coordinator_0,NET_TRANSFER,0.000100,0.158000,Request Model ID
915964.175616,4006,8fb65e18-dd2d-46b6-9eef-c67c20296b91,client_4,coordinator_0,NET_TRANSFER,0.000100,0.158000,Request Model ID
915964.333616,2006,08202aab-5186-4d30-9aca-73848a267057,client_2,coordinator_0,NET_TRANSFER,0.000100,0.158000,Request Model ID
915964.491616,10004,99347e08-860c-4a1f-9ecd-63f942e958df,client_10,coordinator_0,NET_TRANSFER,0.000100,0.158000,Request Model ID
915964.649616,8004,0bf4eb40-90e4-4ced-8150-48035f921978,client_8,coordinator_0,NET_TRANSFER,0.000100,0.158000,Request Model ID
915964.807616,6003,619d5262-3b88-4037-8a19-a6750e2b6ede,client_6,coordinator_0,NET_TRANSFER,0.000100,0.158000,Request Model ID
915964.965616,6005,619d5262-3b88-4037-8a19-a6750e2b6ede,client_6,coordinator_0,NET_TRANSFER,0.000100,0.158000,Request Model ID
915965.123616,6005,946dc1c0-f65c-473a-9f28-9712bae271a5,client_6,coordinator_0,NET_TRANSFER,0.000100,0.158000,Request Model ID
915965.281616,8004,12386703-57d6-43c6-906d-e902486453d3,client_8,coordinator_0,NET_TRANSFER,0.000100,0.158000,Request Model ID
915965.439616,9000,619d5262-3b88-4037-8a19-a6750e2b6ede,client_9,coordinator_0,NET_TRANSFER,0.000100,0.158000,Request Model ID
915965.597616,4004,deeb30fb-46de-4c39-abb4-1031e1e8b1f0,client_4,coordinator_0,NET_TRANSFER,0.000100,0.158000,Request Model ID
915965.755616,5004,97de8e05-fbe6-4b0c-bfe1-28207d04987f,client_5,coordinator_0,NET_TRANSFER,0.000100,0.158000,Request Model ID
915965.913616,9006,e34d34e9-8890-49fc-9559-25d6fe549e12,client_9,coordinator_0,NET_TRANSFER,0.000100,0.158000,Request Model ID
915966.071616,9006,65161c26-c9cb-44da-84fc-c4d123278295,client_9,coordinator_0,NET_TRANSFER,0.000100,0.158000,Request Model ID
915966.229616,4004,8fb65e18-dd2d-46b6-9eef-c67c20296b91,client_4,coordinator_0,NET_TRANSFER,0.000100,0.158000,Request Model ID
915966.387616,7006,bec081ed-3b58-4ef6-90fc-0349b019b548,client_7,coordinator_0,NET_TRANSFER,0.000100,0.158000,Request Model ID
915966.545616,9006,619d5262-3b88-4037-8a19-a6750e2b6ede,client_9,coordinator_0,NET_TRANSFER,0.000100,0.158000,Request Model ID
915966.703616,2004,1ff6ef17-4c17-49d8-9b9d-d4afa94e8068,client_2,coordinator_0,NET_TRANSFER,0.000100,0.158000,Request Model ID
915966.861616,3004,0123bd7d-df6e-4dc8-b77d-43973b633f44,client_3,coordinator_0,NET_TRANSFER,0.000100,0.158000,Request Model ID
915967.019616,7005,83dcd5d7-c5f6-4a11-ac7e-2b5ec287b742,client_7,coordinator_0,NET_TRANSFER,0.000100,0.158000,Request Model ID
915967.177616,8006,0123bd7d-df6e-4dc8-b77d-43973b633f44,client_8,coordinator_0,NET_TRANSFER,0.000100,0.158000,Request Model ID
915967.335616,5006,619d5262-3b88-4037-8a19-a6750e2b6ede,client_5,coordinator_0,NET_TRANSFER,0.000100,0.158000,Request Model ID
915967.493616,5006,8fb65e18-dd2d-46b6-9eef-c67c20296b91,client_5,coordinator_0,NET_TRANSFER,0.000100,0.158000,Request Model ID
915967.651616,1004,deeb30fb-46de-4c39-abb4-1031e1e8b1f0,client_1,coordinator_0,NET_TRANSFER,0.000100,0.158000,Request Model ID
915967.809616,7005,4715e70f-9757-4845-928c-2e16f6d9afe3,client_7,coordinator_0,NET_TRANSFER,0.000100,0.158000,Request Model ID
916484.324972,7000,bec081ed-3b58-4ef6-90fc-0349b019b548,coordinator_0,worker_3,NET_TRANSFER,6.454567,516.515356,Distribute Layer ID: b7791d12
916484.375398,7000,bec081ed-3b58-4ef6-90fc-0349b019b548,worker_3,worker_3,DISK_LOAD,6.454567,0.050426,"Disk -> RAM [Model: bec081ed, Layer: b7791d12]"
916484.425825,7000,bec081ed-3b58-4ef6-90fc-0349b019b548,worker_3,worker_3,MEM_MOVE,6.454567,0.050426,"RAM -> VRAM [Model: bec081ed, Layer: b7791d12]"
916484.475825,7000,bec081ed-3b58-4ef6-90fc-0349b019b548,worker_3,worker_3,GPU_COMPUTE,0.050000,0.050000,GPU Compute
916484.633825,7000,bec081ed-3b58-4ef6-90fc-0349b019b548,worker_3,coordinator_0,NET_TRANSFER,0.000100,0.158000,Signal Finished
917056.424415,7000,bec081ed-3b58-4ef6-90fc-0349b019b548,coordinator_0,worker_4,NET_TRANSFER,7.145507,571.790591,Distribute Layer ID: 2e397eee
917056.480240,7000,bec081ed-3b58-4ef6-90fc-0349b019b548,worker_4,worker_4,DISK_LOAD,7.145507,0.055824,"Disk -> RAM [Model: bec081ed, Layer: 2e397eee]"
917056.536064,7000,bec081ed-3b58-4ef6-90fc-0349b019b548,worker_4,worker_4,MEM_MOVE,7.145507,0.055824,"RAM -> VRAM [Model: bec081ed, Layer: 2e397eee]"
917056.586064,7000,bec081ed-3b58-4ef6-90fc-0349b019b548,worker_4,worker_4,GPU_COMPUTE,0.050000,0.050000,GPU Compute
917056.744064,7000,bec081ed-3b58-4ef6-90fc-0349b019b548,worker_4,coordinator_0,NET_TRANSFER,0.000100,0.158000,Signal Finished
918045.516994,7000,bec081ed-3b58-4ef6-90fc-0349b019b548,coordinator_0,worker_1,NET_TRANSFER,12.357787,988.772930,Distribute Layer ID: f4548f7d
918045.597343,7000,bec081ed-3b58-4ef6-90fc-0349b019b548,worker_1,worker_1,MEM_MOVE,10.284684,0.080349,"Evict VRAM -> RAM [Model: 9d4a632c, Layer: fbd6abf9]"
918045.693889,7000,bec081ed-3b58-4ef6-90fc-0349b019b548,worker_1,worker_1,DISK_LOAD,12.357787,0.096545,"Disk -> RAM [Model: bec081ed, Layer: f4548f7d]"
918045.790434,7000,bec081ed-3b58-4ef6-90fc-0349b019b548,worker_1,worker_1,MEM_MOVE,12.357787,0.096545,"RAM -> VRAM [Model: bec081ed, Layer: f4548f7d]"
918045.840434,7000,bec081ed-3b58-4ef6-90fc-0349b019b548,worker_1,worker_1,GPU_COMPUTE,0.050000,0.050000,GPU Compute
918045.998434,7000,bec081ed-3b58-4ef6-90fc-0349b019b548,worker_1,coordinator_0,NET_TRANSFER,0.000100,0.158000,Signal Finished
918949.697828,7000,bec081ed-3b58-4ef6-90fc-0349b019b548,coordinator_0,worker_2,NET_TRANSFER,11.294367,903.699394,Distribute Layer ID: b4563bc0
918949.812369,7000,bec081ed-3b58-4ef6-90fc-0349b019b548,worker_2,worker_2,MEM_MOVE,14.661292,0.114541,"Evict VRAM -> RAM [Model: 946dc1c0, Layer: 799f60a1]"
918949.900607,7000,bec081ed-3b58-4ef6-90fc-0349b019b548,worker_2,worker_2,DISK_LOAD,11.294367,0.088237,"Disk -> RAM [Model: bec081ed, Layer: b4563bc0]"
918949.988844,7000,bec081ed-3b58-4ef6-90fc-0349b019b548,worker_2,worker_2,MEM_MOVE,11.294367,0.088237,"RAM -> VRAM [Model: bec081ed, Layer: b4563bc0]"
918950.038844,7000,bec081ed-3b58-4ef6-90fc-0349b019b548,worker_2,worker_2,GPU_COMPUTE,0.050000,0.050000,GPU Compute
918950.196844,7000,bec081ed-3b58-4ef6-90fc-0349b019b548,worker_2,coordinator_0,NET_TRANSFER,0.000100,0.158000,Signal Finished
920023.630425,7000,bec081ed-3b58-4ef6-90fc-0349b019b548,coordinator_0,worker_3,NET_TRANSFER,13.416045,1073.433582,Distribute Layer ID: 911b5621
920023.738511,7000,bec081ed-3b58-4ef6-90fc-0349b019b548,worker_3,worker_3,MEM_MOVE,13.834988,0.108086,"Evict VRAM -> RAM [Model: 9d4a632c, Layer: b0aac3a5]"
920023.843324,7000,bec081ed-3b58-4ef6-90fc-0349b019b548,worker_3,worker_3,DISK_LOAD,13.416045,0.104813,"Disk -> RAM [Model: bec081ed, Layer: 911b5621]"
920023.948137,7000,bec081ed-3b58-4ef6-90fc-0349b019b548,worker_3,worker_3,MEM_MOVE,13.416045,0.104813,"RAM -> VRAM [Model: bec081ed, Layer: 911b5621]"
920023.998137,7000,bec081ed-3b58-4ef6-90fc-0349b019b548,worker_3,worker_3,GPU_COMPUTE,0.050000,0.050000,GPU Compute
920024.156137,7000,bec081ed-3b58-4ef6-90fc-0349b019b548,worker_3,coordinator_0,NET_TRANSFER,0.000100,0.158000,Signal Finished
920451.614410,7000,bec081ed-3b58-4ef6-90fc-0349b019b548,coordinator_0,worker_4,NET_TRANSFER,5.341353,427.458273,Distribute Layer ID: 2071b8d6
920451.698873,7000,bec081ed-3b58-4ef6-90fc-0349b019b548,worker_4,worker_4,MEM_MOVE,10.811228,0.084463,"Evict VRAM -> RAM [Model: efe1fad9, Layer: d274a0f5]"
920451.740602,7000,bec081ed-3b58-4ef6-90fc-0349b019b548,worker_4,worker_4,DISK_LOAD,5.341353,0.041729,"Disk -> RAM [Model: bec081ed, Layer: 2071b8d6]"
920451.782331,7000,bec081ed-3b58-4ef6-90fc-0349b019b548,worker_4,worker_4,MEM_MOVE,5.341353,0.041729,"RAM -> VRAM [Model: bec081ed, Layer: 2071b8d6]"
920451.832331,7000,bec081ed-3b58-4ef6-90fc-0349b019b548,worker_4,worker_4,GPU_COMPUTE,0.050000,0.050000,GPU Compute
920451.990331,7000,bec081ed-3b58-4ef6-90fc-0349b019b548,worker_4,coordinator_0,NET_TRANSFER,0.000100,0.158000,Signal Finished
921285.935712,7000,bec081ed-3b58-4ef6-90fc-0349b019b548,coordinator_0,worker_1,NET_TRANSFER,10.422442,833.945381,Distribute Layer ID: 6d96d7ff
921285.987731,7000,bec081ed-3b58-4ef6-90fc-0349b019b548,worker_1,worker_1,MEM_MOVE,6.658376,0.052019,"Evict VRAM -> RAM [Model: 53bf5446, Layer: de1c57fa]"
921286.069156,7000,bec081ed-3b58-4ef6-90fc-0349b019b548,worker_1,worker_1,DISK_LOAD,10.422442,0.081425,"Disk -> RAM [Model: bec081ed, Layer: 6d96d7ff]"
921286.150582,7000,bec081ed-3b58-4ef6-90fc-0349b019b548,worker_1,worker_1,MEM_MOVE,10.422442,0.081425,"RAM -> VRAM [Model: bec081ed, Layer: 6d96d7ff]"
921286.200582,7000,bec081ed-3b58-4ef6-90fc-0349b019b548,worker_1,worker_1,GPU_COMPUTE,0.050000,0.050000,GPU Compute
921286.358582,7000,bec081ed-3b58-4ef6-90fc-0349b019b548,worker_1,coordinator_0,NET_TRANSFER,0.000100,0.158000,Signal Finished
921796.661265,7000,bec081ed-3b58-4ef6-90fc-0349b019b548,coordinator_0,worker_2,NET_TRANSFER,6.376909,510.302683,Distribute Layer ID: eed697f1
921796.764103,7000,bec081ed-3b58-4ef6-90fc-0349b019b548,worker_2,worker_2,MEM_MOVE,13.163309,0.102838,"Evict VRAM -> RAM [Model: 9d4a632c, Layer: 48197f83]"
921796.813923,7000,bec081ed-3b58-4ef6-90fc-0349b019b548,worker_2,worker_2,DISK_LOAD,6.376909,0.049820,"Disk -> RAM [Model: bec081ed, Layer: eed697f1]"
921796.863742,7000,bec081ed-3b58-4ef6-90fc-0349b019b548,worker_2,worker_2,MEM_MOVE,6.376909,0.049820,"RAM -> VRAM [Model: bec081ed, Layer: eed697f1]"
921796.913742,7000,bec081ed-3b58-4ef6-90fc-0349b019b548,worker_2,worker_2,GPU_COMPUTE,0.050000,0.050000,GPU Compute
921797.071742,7000,bec081ed-3b58-4ef6-90fc-0349b019b548,worker_2,coordinator_0,NET_TRANSFER,0.000100,0.158000,Signal Finished
922541.416721,7000,bec081ed-3b58-4ef6-90fc-0349b019b548,coordinator_0,worker_3,NET_TRANSFER,9.302437,744.344978,Distribute Layer ID: 2c5b41c0
922541.489707,7000,bec081ed-3b58-4ef6-90fc-0349b019b548,worker_3,worker_3,MEM_MOVE,9.342225,0.072986,"Evict VRAM -> RAM [Model: efe1fad9, Layer: 606a61e6]"
922541.562382,7000,bec081ed-3b58-4ef6-90fc-0349b019b548,worker_3,worker_3,DISK_LOAD,9.302437,0.072675,"Disk -> RAM [Model: bec081ed, Layer: 2c5b41c0]"
922541.635057,7000,bec081ed-3b58-4ef6-90fc-0349b019b548,worker_3,worker_3,MEM_MOVE,9.302437,0.072675,"RAM -> VRAM [Model: bec081ed, Layer: 2c5b41c0]"
922541.685057,7000,bec081ed-3b58-4ef6-90fc-0349b019b548,worker_3,worker_3,GPU_COMPUTE,0.050000,0.050000,GPU Compute
922541.843057,7000,bec081ed-3b58-4ef6-90fc-0349b019b548,worker_3,coordinator_0,NET_TRANSFER,0.000100,0.158000,Signal Finished
923148.821204,7000,bec081ed-3b58-4ef6-90fc-0349b019b548,coordinator_0,worker_4,NET_TRANSFER,7.585352,606.978146,Distribute Layer ID: 2a5bf0a5
923148.880464,7000,bec081ed-3b58-4ef6-90fc-0349b019b548,worker_4,worker_4,DISK_LOAD,7.585352,0.059261,"Disk -> RAM [Model: bec081ed, Layer: 2a5bf0a5]"
923148.939725,7000,bec081ed-3b58-4ef6-90fc-0349b019b548,worker_4,worker_4,MEM_MOVE,7.585352,0.059261,"RAM -> VRAM [Model: bec081ed, Layer: 2a5bf0a5]"
923148.989725,7000,bec081ed-3b58-4ef6-90fc-0349b019b548,worker_4,worker_4,GPU_COMPUTE,0.050000,0.050000,GPU Compute
923149.147725,7000,bec081ed-3b58-4ef6-90fc-0349b019b548,worker_4,coordinator_0,NET_TRANSFER,0.000100,0.158000,Signal Finished
924101.257182,7000,bec081ed-3b58-4ef6-90fc-0349b019b548,coordinator_0,worker_1,NET_TRANSFER,11.899493,952.109457,Distribute Layer ID: e13dfea2
924101.340090,7000,bec081ed-3b58-4ef6-90fc-0349b019b548,worker_1,worker_1,MEM_MOVE,10.612188,0.082908,"Evict VRAM -> RAM [Model: 946dc1c0, Layer: 39226934]"
924101.433055,7000,bec081ed-3b58-4ef6-90fc-0349b019b548,worker_1,worker_1,DISK_LOAD,11.899493,0.092965,"Disk -> RAM [Model: bec081ed, Layer: e13dfea2]"
924101.526019,7000,bec081ed-3b58-4ef6-90fc-0349b019b548,worker_1,worker_1,MEM_MOVE,11.899493,0.092965,"RAM -> VRAM [Model: bec081ed, Layer: e13dfea2]"
924101.576019,7000,bec081ed-3b58-4ef6-90fc-0349b019b548,worker_1,worker_1,GPU_COMPUTE,0.050000,0.050000,GPU Compute
924101.734019,7000,bec081ed-3b58-4ef6-90fc-0349b019b548,worker_1,coordinator_0,NET_TRANSFER,0.000100,0.158000,Signal Finished
924535.890730,7000,bec081ed-3b58-4ef6-90fc-0349b019b548,coordinator_0,worker_2,NET_TRANSFER,5.425084,434.156710,Distribute Layer ID: 74256ba1
924535.933113,7000,bec081ed-3b58-4ef6-90fc-0349b019b548,worker_2,worker_2,DISK_LOAD,5.425084,0.042383,"Disk -> RAM [Model: bec081ed, Layer: 74256ba1]"
924535.975497,7000,bec081ed-3b58-4ef6-90fc-0349b019b548,worker_2,worker_2,MEM_MOVE,5.425084,0.042383,"RAM -> VRAM [Model: bec081ed, Layer: 74256ba1]"
924536.025497,7000,bec081ed-3b58-4ef6-90fc-0349b019b548,worker_2,worker_2,GPU_COMPUTE,0.050000,0.050000,GPU Compute
924536.183497,7000,bec081ed-3b58-4ef6-90fc-0349b019b548,worker_2,coordinator_0,NET_TRANSFER,0.000100,0.158000,Signal Finished
925087.964599,7000,bec081ed-3b58-4ef6-90fc-0349b019b548,coordinator_0,worker_3,NET_TRANSFER,6.895389,551.781103,Distribute Layer ID: fb9b44ee
925088.016432,7000,bec081ed-3b58-4ef6-90fc-0349b019b548,worker_3,worker_3,MEM_MOVE,6.634502,0.051832,"Evict VRAM -> RAM [Model: 946dc1c0, Layer: 47f15c96]"
925088.070302,7000,bec081ed-3b58-4ef6-90fc-0349b019b548,worker_3,worker_3,DISK_LOAD,6.895389,0.053870,"Disk -> RAM [Model: bec081ed, Layer: fb9b44ee]"
925088.124172,7000,bec081ed-3b58-4ef6-90fc-0349b019b548,worker_3,worker_3,MEM_MOVE,6.895389,0.053870,"RAM -> VRAM [Model: bec081ed, Layer: fb9b44ee]"
925088.174172,7000,bec081ed-3b58-4ef6-90fc-0349b019b548,worker_3,worker_3,GPU_COMPUTE,0.050000,0.050000,GPU Compute
925088.332172,7000,bec081ed-3b58-4ef6-90fc-0349b019b548,worker_3,coordinator_0,NET_TRANSFER,0.000100,0.158000,Signal Finished
925890.151837,7000,bec081ed-3b58-4ef6-90fc-0349b019b548,coordinator_0,worker_4,NET_TRANSFER,10.020871,801.819665,Distribute Layer ID: d59a2995
925890.225265,7000,bec081ed-3b58-4ef6-90fc-0349b019b548,worker_4,worker_4,MEM_MOVE,9.398830,0.073428,"Evict VRAM -> RAM [Model: 1ff6ef17, Layer: 028cf0e2]"
925890.303553,7000,bec081ed-3b58-4ef6-90fc-0349b019b548,worker_4,worker_4,DISK_LOAD,10.020871,0.078288,"Disk -> RAM [Model: bec081ed, Layer: d59a2995]"
925890.381841,7000,bec081ed-3b58-4ef6-90fc-0349b019b548,worker_4,worker_4,MEM_MOVE,10.020871,0.078288,"RAM -> VRAM [Model: bec081ed, Layer: d59a2995]"
925890.431841,7000,bec081ed-3b58-4ef6-90fc-0349b019b548,worker_4,worker_4,GPU_COMPUTE,0.050000,0.050000,GPU Compute
925890.589841,7000,bec081ed-3b58-4ef6-90fc-0349b019b548,worker_4,coordinator_0,NET_TRANSFER,0.000100,0.158000,Signal Finished
926501.497118,7000,bec081ed-3b58-4ef6-90fc-0349b019b548,coordinator_0,worker_1,NET_TRANSFER,7.634466,610.907276,Distribute Layer ID: 1b7999d9
926501.563936,7000,bec081ed-3b58-4ef6-90fc-0349b019b548,worker_1,worker_1,MEM_MOVE,8.552725,0.066818,"Evict VRAM -> RAM [Model: 9d4a632c, Layer: 708ffffd]"
926501.623580,7000,bec081ed-3b58-4ef6-90fc-0349b019b548,worker_1,worker_1,DISK_LOAD,7.634466,0.059644,"Disk -> RAM [Model: bec081ed, Layer: 1b7999d9]"
926501.683224,7000,bec081ed-3b58-4ef6-90fc-0349b019b548,worker_1,worker_1,MEM_MOVE,7.634466,0.059644,"RAM -> VRAM [Model: bec081ed, Layer: 1b7999d9]"
926501.733224,7000,bec081ed-3b58-4ef6-90fc-0349b019b548,worker_1,worker_1,GPU_COMPUTE,0.050000,0.050000,GPU Compute
926501.891224,7000,bec081ed-3b58-4ef6-90fc-0349b019b548,worker_1,coordinator_0,NET_TRANSFER,0.000100,0.158000,Signal Finished
927450.092457,7000,bec081ed-3b58-4ef6-90fc-0349b019b548,coordinator_0,worker_2,NET_TRANSFER,11.850640,948.201233,Distribute Layer ID: 7c2e5d9c
927450.168217,7000,bec081ed-3b58-4ef6-90fc-0349b019b548,worker_2,worker_2,MEM_MOVE,9.697286,0.075760,"Evict VRAM -> RAM [Model: 946dc1c0, Layer: 463862b8]"
927450.260800,7000,bec081ed-3b58-4ef6-90fc-0349b019b548,worker_2,worker_2,DISK_LOAD,11.850640,0.092583,"Disk -> RAM [Model: bec081ed, Layer: 7c2e5d9c]"
927450.353384,7000,bec081ed-3b58-4ef6-90fc-0349b019b548,worker_2,worker_2,MEM_MOVE,11.850640,0.092583,"RAM -> VRAM [Model: bec081ed, Layer: 7c2e5d9c]"
927450.403384,7000,bec081ed-3b58-4ef6-90fc-0349b019b548,worker_2,worker_2,GPU_COMPUTE,0.050000,0.050000,GPU Compute
927450.561384,7000,bec081ed-3b58-4ef6-90fc-0349b019b548,worker_2,coordinator_0,NET_TRANSFER,0.000100,0.158000,Signal Finished
928041.754965,7000,bec081ed-3b58-4ef6-90fc-0349b019b548,coordinator_0,worker_3,NET_TRANSFER,7.388045,591.193581,Distribute Layer ID: 9144525c
928041.866632,7000,bec081ed-3b58-4ef6-90fc-0349b019b548,worker_3,worker_3,MEM_MOVE,14.293394,0.111667,"Evict VRAM -> RAM [Model: 750b7e46, Layer: 6c7eb52d]"
928041.924351,7000,bec081ed-3b58-4ef6-90fc-0349b019b548,worker_3,worker_3,DISK_LOAD,7.388045,0.057719,"Disk -> RAM [Model: bec081ed, Layer: 9144525c]"
928041.982070,7000,bec081ed-3b58-4ef6-90fc-0349b019b548,worker_3,worker_3,MEM_MOVE,7.388045,0.057719,"RAM -> VRAM [Model: bec081ed, Layer: 9144525c]"
928042.032070,7000,bec081ed-3b58-4ef6-90fc-0349b019b548,worker_3,worker_3,GPU_COMPUTE,0.050000,0.050000,GPU Compute
928042.190070,7000,bec081ed-3b58-4ef6-90fc-0349b019b548,worker_3,coordinator_0,NET_TRANSFER,0.000100,0.158000,Signal Finished
929064.600559,7000,bec081ed-3b58-4ef6-90fc-0349b019b548,coordinator_0,worker_4,NET_TRANSFER,12.778256,1022.410489,Distribute Layer ID: f5876750
929064.651857,7000,bec081ed-3b58-4ef6-90fc-0349b019b548,worker_4,worker_4,MEM_MOVE,6.566205,0.051298,"Evict VRAM -> RAM [Model: 9d4a632c, Layer: d52347e2]"
929064.707681,7000,bec081ed-3b58-4ef6-90fc-0349b019b548,worker_4,worker_4,MEM_MOVE,7.145507,0.055824,"Evict VRAM -> RAM [Model: bec081ed, Layer: 2e397eee]"
929064.807512,7000,bec081ed-3b58-4ef6-90fc-0349b019b548,worker_4,worker_4,DISK_LOAD,12.778256,0.099830,"Disk -> RAM [Model: bec081ed, Layer: f5876750]"
929064.907342,7000,bec081ed-3b58-4ef6-90fc-0349b019b548,worker_4,worker_4,MEM_MOVE,12.778256,0.099830,"RAM -> VRAM [Model: bec081ed, Layer: f5876750]"
929064.957342,7000,bec081ed-3b58-4ef6-90fc-0349b019b548,worker_4,worker_4,GPU_COMPUTE,0.050000,0.050000,GPU Compute
929065.115342,7000,bec081ed-3b58-4ef6-90fc-0349b019b548,worker_4,coordinator_0,NET_TRANSFER,0.000100,0.158000,Signal Finished
929644.656461,7000,bec081ed-3b58-4ef6-90fc-0349b019b548,coordinator_0,worker_1,NET_TRANSFER,7.242389,579.541120,Distribute Layer ID: 6b828040
929644.763071,7000,bec081ed-3b58-4ef6-90fc-0349b019b548,worker_1,worker_1,MEM_MOVE,13.646079,0.106610,"Evict VRAM -> RAM [Model: 9d4a632c, Layer: 12eb9bb7]"
929644.819653,7000,bec081ed-3b58-4ef6-90fc-0349b019b548,worker_1,worker_1,DISK_LOAD,7.242389,0.056581,"Disk -> RAM [Model: bec081ed, Layer: 6b828040]"
929644.876234,7000,bec081ed-3b58-4ef6-90fc-0349b019b548,worker_1,worker_1,MEM_MOVE,7.242389,0.056581,"RAM -> VRAM [Model: bec081ed, Layer: 6b828040]"
929644.926234,7000,bec081ed-3b58-4ef6-90fc-0349b019b548,worker_1,worker_1,GPU_COMPUTE,0.050000,0.050000,GPU Compute
929645.084234,7000,bec081ed-3b58-4ef6-90fc-0349b019b548,worker_1,coordinator_0,NET_TRANSFER,0.000100,0.158000,Signal Finished
930297.978245,7000,bec081ed-3b58-4ef6-90fc-0349b019b548,coordinator_0,worker_2,NET_TRANSFER,8.159300,652.894011,Distribute Layer ID: f141fe72
930298.059567,7000,bec081ed-3b58-4ef6-90fc-0349b019b548,worker_2,worker_2,MEM_MOVE,10.409260,0.081322,"Evict VRAM -> RAM [Model: 2ede82b5, Layer: c6cd7d5a]"
930298.123311,7000,bec081ed-3b58-4ef6-90fc-0349b019b548,worker_2,worker_2,DISK_LOAD,8.159300,0.063745,"Disk -> RAM [Model: bec081ed, Layer: f141fe72]"
930298.187056,7000,bec081ed-3b58-4ef6-90fc-0349b019b548,worker_2,worker_2,MEM_MOVE,8.159300,0.063745,"RAM -> VRAM [Model: bec081ed, Layer: f141fe72]"
930298.237056,7000,bec081ed-3b58-4ef6-90fc-0349b019b548,worker_2,worker_2,GPU_COMPUTE,0.050000,0.050000,GPU Compute
930298.395056,7000,bec081ed-3b58-4ef6-90fc-0349b019b548,worker_2,coordinator_0,NET_TRANSFER,0.000100,0.158000,Signal Finished
931215.657474,7000,bec081ed-3b58-4ef6-90fc-0349b019b548,coordinator_0,worker_3,NET_TRANSFER,11.463905,917.262418,Distribute Layer ID: d805ea88
931215.742284,7000,bec081ed-3b58-4ef6-90fc-0349b019b548,worker_3,worker_3,MEM_MOVE,10.855674,0.084810,"Evict VRAM -> RAM [Model: efe1fad9, Layer: c059884b]"
931215.831845,7000,bec081ed-3b58-4ef6-90fc-0349b019b548,worker_3,worker_3,DISK_LOAD,11.463905,0.089562,"Disk -> RAM [Model: bec081ed, Layer: d805ea88]"
931215.921407,7000,bec081ed-3b58-4ef6-90fc-0349b019b548,worker_3,worker_3,MEM_MOVE,11.463905,0.089562,"RAM -> VRAM [Model: bec081ed, Layer: d805ea88]"
931215.971407,7000,bec081ed-3b58-4ef6-90fc-0349b019b548,worker_3,worker_3,GPU_COMPUTE,0.050000,0.050000,GPU Compute
931216.129407,7000,bec081ed-3b58-4ef6-90fc-0349b019b548,worker_3,coordinator_0,NET_TRANSFER,0.000100,0.158000,Signal Finished
931819.871120,7000,bec081ed-3b58-4ef6-90fc-0349b019b548,coordinator_0,worker_4,NET_TRANSFER,7.544896,603.741713,Distribute Layer ID: 6a76acad
931819.919114,7000,bec081ed-3b58-4ef6-90fc-0349b019b548,worker_4,worker_4,MEM_MOVE,6.143275,0.047994,"Evict VRAM -> RAM [Model: 9d4a632c, Layer: e01600cb]"
931819.978059,7000,bec081ed-3b58-4ef6-90fc-0349b019b548,worker_4,worker_4,DISK_LOAD,7.544896,0.058945,"Disk -> RAM [Model: bec081ed, Layer: 6a76acad]"
931820.037003,7000,bec081ed-3b58-4ef6-90fc-0349b019b548,worker_4,worker_4,MEM_MOVE,7.544896,0.058945,"RAM -> VRAM [Model: bec081ed, Layer: 6a76acad]"
931820.087003,7000,bec081ed-3b58-4ef6-90fc-0349b019b548,worker_4,worker_4,GPU_COMPUTE,0.050000,0.050000,GPU Compute
931820.245003,7000,bec081ed-3b58-4ef6-90fc-0349b019b548,worker_4,coordinator_0,NET_TRANSFER,0.000100,0.158000,Signal Finished
932685.842459,7000,bec081ed-3b58-4ef6-90fc-0349b019b548,coordinator_0,worker_1,NET_TRANSFER,10.818093,865.597456,Distribute Layer ID: b913e6b6
932685.882817,7000,bec081ed-3b58-4ef6-90fc-0349b019b548,worker_1,worker_1,MEM_MOVE,5.165854,0.040358,"Evict VRAM -> RAM [Model: 9d4a632c, Layer: 89ae90d5]"
932685.967333,7000,bec081ed-3b58-4ef6-90fc-0349b019b548,worker_1,worker_1,DISK_LOAD,10.818093,0.084516,"Disk -> RAM [Model: bec081ed, Layer: b913e6b6]"
932686.051850,7000,bec081ed-3b58-4ef6-90fc-0349b019b548,worker_1,worker_1,MEM_MOVE,10.818093,0.084516,"RAM -> VRAM [Model: bec081ed, Layer: b913e6b6]"
932686.101850,7000,bec081ed-3b58-4ef6-90fc-0349b019b548,worker_1,worker_1,GPU_COMPUTE,0.050000,0.050000,GPU Compute
932686.259850,7000,bec081ed-3b58-4ef6-90fc-0349b019b548,worker_1,coordinator_0,NET_TRANSFER,0.000100,0.158000,Signal Finished
933199.052305,7000,bec081ed-3b58-4ef6-90fc-0349b019b548,coordinator_0,worker_2,NET_TRANSFER,6.408031,512.792455,Distribute Layer ID: 4f4b22b4
933199.102367,7000,bec081ed-3b58-4ef6-90fc-0349b019b548,worker_2,worker_2,DISK_LOAD,6.408031,0.050063,"Disk -> RAM [Model: bec081ed, Layer: 4f4b22b4]"
933199.152430,7000,bec081ed-3b58-4ef6-90fc-0349b019b548,worker_2,worker_2,MEM_MOVE,6.408031,0.050063,"RAM -> VRAM [Model: bec081ed, Layer: 4f4b22b4]"
933199.202430,7000,bec081ed-3b58-4ef6-90fc-0349b019b548,worker_2,worker_2,GPU_COMPUTE,0.050000,0.050000,GPU Compute
933199.360430,7000,bec081ed-3b58-4ef6-90fc-0349b019b548,worker_2,coordinator_0,NET_TRANSFER,0.000100,0.158000,Signal Finished
933940.976921,7000,bec081ed-3b58-4ef6-90fc-0349b019b548,coordinator_0,worker_3,NET_TRANSFER,9.268331,741.616491,Distribute Layer ID: 41a1e361
933941.022000,7000,bec081ed-3b58-4ef6-90fc-0349b019b548,worker_3,worker_3,MEM_MOVE,5.770101,0.045079,"Evict VRAM -> RAM [Model: 1ff6ef17, Layer: faef9425]"
933941.094409,7000,bec081ed-3b58-4ef6-90fc-0349b019b548,worker_3,worker_3,DISK_LOAD,9.268331,0.072409,"Disk -> RAM [Model: bec081ed, Layer: 41a1e361]"
933941.166817,7000,bec081ed-3b58-4ef6-90fc-0349b019b548,worker_3,worker_3,MEM_MOVE,9.268331,0.072409,"RAM -> VRAM [Model: bec081ed, Layer: 41a1e361]"
933941.216817,7000,bec081ed-3b58-4ef6-90fc-0349b019b548,worker_3,worker_3,GPU_COMPUTE,0.050000,0.050000,GPU Compute
933941.374817,7000,bec081ed-3b58-4ef6-90fc-0349b019b548,worker_3,coordinator_0,NET_TRANSFER,0.000100,0.158000,Signal Finished
934962.335520,7000,bec081ed-3b58-4ef6-90fc-0349b019b548,coordinator_0,worker_4,NET_TRANSFER,12.760134,1020.960703,Distribute Layer ID: 144016b5
934962.404946,7000,bec081ed-3b58-4ef6-90fc-0349b019b548,worker_4,worker_4,MEM_MOVE,8.886555,0.069426,"Evict VRAM -> RAM [Model: ca30bd4c, Layer: 5ed596f1]"
934962.505525,7000,bec081ed-3b58-4ef6-90fc-0349b019b548,worker_4,worker_4,MEM_MOVE,12.874031,0.100578,"Evict VRAM -> RAM [Model: 2ede82b5, Layer: 2a90084c]"
934962.605213,7000,bec081ed-3b58-4ef6-90fc-0349b019b548,worker_4,worker_4,DISK_LOAD,12.760134,0.099689,"Disk -> RAM [Model: bec081ed, Layer: 144016b5]"
934962.704902,7000,bec081ed-3b58-4ef6-90fc-0349b019b548,worker_4,worker_4,MEM_MOVE,12.760134,0.099689,"RAM -> VRAM [Model: bec081ed, Layer: 144016b5]"
934962.754902,7000,bec081ed-3b58-4ef6-90fc-0349b019b548,worker_4,worker_4,GPU_COMPUTE,0.050000,0.050000,GPU Compute
934962.912902,7000,bec081ed-3b58-4ef6-90fc-0349b019b548,worker_4,coordinator_0,NET_TRANSFER,0.000100,0.158000,Signal Finished
935348.821150,7000,bec081ed-3b58-4ef6-90fc-0349b019b548,coordinator_0,worker_1,NET_TRANSFER,4.821978,385.908248,Distribute Layer ID: bd9adfce
935348.926372,7000,bec081ed-3b58-4ef6-90fc-0349b019b548,worker_1,worker_1,MEM_MOVE,13.468418,0.105222,"Evict VRAM -> RAM [Model: 1ff6ef17, Layer: 92aa0db7]"
935348.964043,7000,bec081ed-3b58-4ef6-90fc-0349b019b548,worker_1,worker_1,DISK_LOAD,4.821978,0.037672,"Disk -> RAM [Model: bec081ed, Layer: bd9adfce]"
935349.001715,7000,bec081ed-3b58-4ef6-90fc-0349b019b548,worker_1,worker_1,MEM_MOVE,4.821978,0.037672,"RAM -> VRAM [Model: bec081ed, Layer: bd9adfce]"
935349.051715,7000,bec081ed-3b58-4ef6-90fc-0349b019b548,worker_1,worker_1,GPU_COMPUTE,0.050000,0.050000,GPU Compute
935349.209715,7000,bec081ed-3b58-4ef6-90fc-0349b019b548,worker_1,coordinator_0,NET_TRANSFER,0.000100,0.158000,Signal Finished
935896.169847,7000,bec081ed-3b58-4ef6-90fc-0349b019b548,coordinator_0,worker_2,NET_TRANSFER,6.835127,546.960132,Distribute Layer ID: ddae565f
935896.220884,7000,bec081ed-3b58-4ef6-90fc-0349b019b548,worker_2,worker_2,MEM_MOVE,6.532795,0.051037,"Evict VRAM -> RAM [Model: 1ff6ef17, Layer: 25d82c28]"
935896.274284,7000,bec081ed-3b58-4ef6-90fc-0349b019b548,worker_2,worker_2,DISK_LOAD,6.835127,0.053399,"Disk -> RAM [Model: bec081ed, Layer: ddae565f]"
935896.327683,7000,bec081ed-3b58-4ef6-90fc-0349b019b548,worker_2,worker_2,MEM_MOVE,6.835127,0.053399,"RAM -> VRAM [Model: bec081ed, Layer: ddae565f]"
935896.377683,7000,bec081ed-3b58-4ef6-90fc-0349b019b548,worker_2,worker_2,GPU_COMPUTE,0.050000,0.050000,GPU Compute
935896.535683,7000,bec081ed-3b58-4ef6-90fc-0349b019b548,worker_2,coordinator_0,NET_TRANSFER,0.000100,0.158000,Signal Finished
936761.813597,7000,bec081ed-3b58-4ef6-90fc-0349b019b548,coordinator_0,worker_3,NET_TRANSFER,10.814099,865.277914,Distribute Layer ID: 3d2eed22
936761.912883,7000,bec081ed-3b58-4ef6-90fc-0349b019b548,worker_3,worker_3,MEM_MOVE,12.708595,0.099286,"Evict VRAM -> RAM [Model: 9d4a632c, Layer: 833c2054]"
936761.997368,7000,bec081ed-3b58-4ef6-90fc-0349b019b548,worker_3,worker_3,DISK_LOAD,10.814099,0.084485,"Disk -> RAM [Model: bec081ed, Layer: 3d2eed22]"
936762.081854,7000,bec081ed-3b58-4ef6-90fc-0349b019b548,worker_3,worker_3,MEM_MOVE,10.814099,0.084485,"RAM -> VRAM [Model: bec081ed, Layer: 3d2eed22]"
936762.131854,7000,bec081ed-3b58-4ef6-90fc-0349b019b548,worker_3,worker_3,GPU_COMPUTE,0.050000,0.050000,GPU Compute
936762.289854,7000,bec081ed-3b58-4ef6-90fc-0349b019b548,worker_3,coordinator_0,NET_TRANSFER,0.000100,0.158000,Signal Finished
937214.555194,7000,bec081ed-3b58-4ef6-90fc-0349b019b548,coordinator_0,worker_4,NET_TRANSFER,5.651442,452.265340,Distribute Layer ID: 20719b30
937214.599346,7000,bec081ed-3b58-4ef6-90fc-0349b019b548,worker_4,worker_4,DISK_LOAD,5.651442,0.044152,"Disk -> RAM [Model: bec081ed, Layer: 20719b30]"
937214.643498,7000,bec081ed-3b58-4ef6-90fc-0349b019b548,worker_4,worker_4,MEM_MOVE,5.651442,0.044152,"RAM -> VRAM [Model: bec081ed, Layer: 20719b30]"
937214.693498,7000,bec081ed-3b58-4ef6-90fc-0349b019b548,worker_4,worker_4,GPU_COMPUTE,0.050000,0.050000,GPU Compute
937214.851498,7000,bec081ed-3b58-4ef6-90fc-0349b019b548,worker_4,coordinator_0,NET_TRANSFER,0.000100,0.158000,Signal Finished
937676.132410,7000,bec081ed-3b58-4ef6-90fc-0349b019b548,coordinator_0,worker_1,NET_TRANSFER,5.764136,461.280912,Distribute Layer ID: 3d3785c5
937676.177443,7000,bec081ed-3b58-4ef6-90fc-0349b019b548,worker_1,worker_1,DISK_LOAD,5.764136,0.045032,"Disk -> RAM [Model: bec081ed, Layer: 3d3785c5]"
937676.222475,7000,bec081ed-3b58-4ef6-90fc-0349b019b548,worker_1,worker_1,MEM_MOVE,5.764136,0.045032,"RAM -> VRAM [Model: bec081ed, Layer: 3d3785c5]"
937676.272475,7000,bec081ed-3b58-4ef6-90fc-0349b019b548,worker_1,worker_1,GPU_COMPUTE,0.050000,0.050000,GPU Compute
937676.430475,7000,bec081ed-3b58-4ef6-90fc-0349b019b548,worker_1,coordinator_0,NET_TRANSFER,0.000100,0.158000,Signal Finished
938882.595342,7000,bec081ed-3b58-4ef6-90fc-0349b019b548,coordinator_0,worker_2,NET_TRANSFER,15.075186,1206.164868,Distribute Layer ID: 46577f83
938882.683011,7000,bec081ed-3b58-4ef6-90fc-0349b019b548,worker_2,worker_2,MEM_MOVE,11.221584,0.087669,"Evict VRAM -> RAM [Model: 53bf5446, Layer: b683ebfd]"
938882.775594,7000,bec081ed-3b58-4ef6-90fc-0349b019b548,worker_2,worker_2,MEM_MOVE,11.850640,0.092583,"Evict VRAM -> RAM [Model: bec081ed, Layer: 7c2e5d9c]"
938882.893369,7000,bec081ed-3b58-4ef6-90fc-0349b019b548,worker_2,worker_2,DISK_LOAD,15.075186,0.117775,"Disk -> RAM [Model: bec081ed, Layer: 46577f83]"
938883.011144,7000,bec081ed-3b58-4ef6-90fc-0349b019b548,worker_2,worker_2,MEM_MOVE,15.075186,0.117775,"RAM -> VRAM [Model: bec081ed, Layer: 46577f83]"
938883.061144,7000,bec081ed-3b58-4ef6-90fc-0349b019b548,worker_2,worker_2,GPU_COMPUTE,0.050000,0.050000,GPU Compute
938883.219144,7000,bec081ed-3b58-4ef6-90fc-0349b019b548,worker_2,coordinator_0,NET_TRANSFER,0.000100,0.158000,Signal Finished
939883.706722,7000,bec081ed-3b58-4ef6-90fc-0349b019b548,coordinator_0,worker_3,NET_TRANSFER,12.504220,1000.487578,Distribute Layer ID: 62e053be
939883.791207,7000,bec081ed-3b58-4ef6-90fc-0349b019b548,worker_3,worker_3,MEM_MOVE,10.814099,0.084485,"Evict VRAM -> RAM [Model: bec081ed, Layer: 3d2eed22]"
939883.888897,7000,bec081ed-3b58-4ef6-90fc-0349b019b548,worker_3,worker_3,DISK_LOAD,12.504220,0.097689,"Disk -> RAM [Model: bec081ed, Layer: 62e053be]"
939883.986586,7000,bec081ed-3b58-4ef6-90fc-0349b019b548,worker_3,worker_3,MEM_MOVE,12.504220,0.097689,"RAM -> VRAM [Model: bec081ed, Layer: 62e053be]"
939884.036586,7000,bec081ed-3b58-4ef6-90fc-0349b019b548,worker_3,worker_3,GPU_COMPUTE,0.050000,0.050000,GPU Compute
939884.194586,7000,bec081ed-3b58-4ef6-90fc-0349b019b548,worker_3,coordinator_0,NET_TRANSFER,0.000100,0.158000,Signal Finished
940733.000822,7000,bec081ed-3b58-4ef6-90fc-0349b019b548,coordinator_0,worker_4,NET_TRANSFER,10.608203,848.806236,Distribute Layer ID: 3a144860
940733.062571,7000,bec081ed-3b58-4ef6-90fc-0349b019b548,worker_4,worker_4,MEM_MOVE,7.903877,0.061749,"Evict VRAM -> RAM [Model: 2ede82b5, Layer: cbb90d24]"
940733.145447,7000,bec081ed-3b58-4ef6-90fc-0349b019b548,worker_4,worker_4,DISK_LOAD,10.608203,0.082877,"Disk -> RAM [Model: bec081ed, Layer: 3a144860]"
940733.228324,7000,bec081ed-3b58-4ef6-90fc-0349b019b548,worker_4,worker_4,MEM_MOVE,10.608203,0.082877,"RAM -> VRAM [Model: bec081ed, Layer: 3a144860]"
940733.278324,7000,bec081ed-3b58-4ef6-90fc-0349b019b548,worker_4,worker_4,GPU_COMPUTE,0.050000,0.050000,GPU Compute
940733.436324,7000,bec081ed-3b58-4ef6-90fc-0349b019b548,worker_4,coordinator_0,NET_TRANSFER,0.000100,0.158000,Signal Finished
941153.833235,7000,bec081ed-3b58-4ef6-90fc-0349b019b548,coordinator_0,worker_1,NET_TRANSFER,5.253086,420.396911,Distribute Layer ID: 6b4b2a6d
941153.878702,7000,bec081ed-3b58-4ef6-90fc-0349b019b548,worker_1,worker_1,MEM_MOVE,5.819826,0.045467,"Evict VRAM -> RAM [Model: 2ede82b5, Layer: 303d2618]"
941153.919742,7000,bec081ed-3b58-4ef6-90fc-0349b019b548,worker_1,worker_1,DISK_LOAD,5.253086,0.041040,"Disk -> RAM [Model: bec081ed, Layer: 6b4b2a6d]"
941153.960782,7000,bec081ed-3b58-4ef6-90fc-0349b019b548,worker_1,worker_1,MEM_MOVE,5.253086,0.041040,"RAM -> VRAM [Model: bec081ed, Layer: 6b4b2a6d]"
941154.010782,7000,bec081ed-3b58-4ef6-90fc-0349b019b548,worker_1,worker_1,GPU_COMPUTE,0.050000,0.050000,GPU Compute
941154.168782,7000,bec081ed-3b58-4ef6-90fc-0349b019b548,worker_1,coordinator_0,NET_TRANSFER,0.000100,0.158000,Signal Finished
941563.784430,7000,bec081ed-3b58-4ef6-90fc-0349b019b548,coordinator_0,worker_2,NET_TRANSFER,5.118321,409.615648,Distribute Layer ID: d9d08f13
941563.824417,7000,bec081ed-3b58-4ef6-90fc-0349b019b548,worker_2,worker_2,DISK_LOAD,5.118321,0.039987,"Disk -> RAM [Model: bec081ed, Layer: d9d08f13]"
941563.864404,7000,bec081ed-3b58-4ef6-90fc-0349b019b548,worker_2,worker_2,MEM_MOVE,5.118321,0.039987,"RAM -> VRAM [Model: bec081ed, Layer: d9d08f13]"
941563.914404,7000,bec081ed-3b58-4ef6-90fc-0349b019b548,worker_2,worker_2,GPU_COMPUTE,0.050000,0.050000,GPU Compute
941564.072404,7000,bec081ed-3b58-4ef6-90fc-0349b019b548,worker_2,coordinator_0,NET_TRANSFER,0.000100,0.158000,Signal Finished
942449.721155,7000,bec081ed-3b58-4ef6-90fc-0349b019b548,coordinator_0,worker_3,NET_TRANSFER,11.068734,885.648751,Distribute Layer ID: a2785370
942449.810717,7000,bec081ed-3b58-4ef6-90fc-0349b019b548,worker_3,worker_3,MEM_MOVE,11.463905,0.089562,"Evict VRAM -> RAM [Model: bec081ed, Layer: d805ea88]"
942449.897191,7000,bec081ed-3b58-4ef6-90fc-0349b019b548,worker_3,worker_3,DISK_LOAD,11.068734,0.086474,"Disk -> RAM [Model: bec081ed, Layer: a2785370]"
942449.983666,7000,bec081ed-3b58-4ef6-90fc-0349b019b548,worker_3,worker_3,MEM_MOVE,11.068734,0.086474,"RAM -> VRAM [Model: bec081ed, Layer: a2785370]"
942450.033666,7000,bec081ed-3b58-4ef6-90fc-0349b019b548,worker_3,worker_3,GPU_COMPUTE,0.050000,0.050000,GPU Compute
942450.191666,7000,bec081ed-3b58-4ef6-90fc-0349b019b548,worker_3,coordinator_0,NET_TRANSFER,0.000100,0.158000,Signal Finished
943464.772464,7000,bec081ed-3b58-4ef6-90fc-0349b019b548,coordinator_0,worker_4,NET_TRANSFER,12.680385,1014.580799,Distribute Layer ID: 2833166c
943464.864340,7000,bec081ed-3b58-4ef6-90fc-0349b019b548,worker_4,worker_4,MEM_MOVE,11.760058,0.091875,"Evict VRAM -> RAM [Model: 1ff6ef17, Layer: eb6a3d95]"
943464.963405,7000,bec081ed-3b58-4ef6-90fc-0349b019b548,worker_4,worker_4,DISK_LOAD,12.680385,0.099066,"Disk -> RAM [Model: bec081ed, Layer: 2833166c]"
943465.062471,7000,bec081ed-3b58-4ef6-90fc-0349b019b548,worker_4,worker_4,MEM_MOVE,12.680385,0.099066,"RAM -> VRAM [Model: bec081ed, Layer: 2833166c]"
943465.112471,7000,bec081ed-3b58-4ef6-90fc-0349b019b548,worker_4,worker_4,GPU_COMPUTE,0.050000,0.050000,GPU Compute
943465.270471,7000,bec081ed-3b58-4ef6-90fc-0349b019b548,worker_4,coordinator_0,NET_TRANSFER,0.000100,0.158000,Signal Finished
944176.168077,7000,bec081ed-3b58-4ef6-90fc-0349b019b548,coordinator_0,worker_1,NET_TRANSFER,8.884345,710.897607,Distribute Layer ID: bd9724d8
944176.283342,7000,bec081ed-3b58-4ef6-90fc-0349b019b548,worker_1,worker_1,MEM_MOVE,14.753893,0.115265,"Evict VRAM -> RAM [Model: 1ff6ef17, Layer: b951a917]"
944176.352751,7000,bec081ed-3b58-4ef6-90fc-0349b019b548,worker_1,worker_1,DISK_LOAD,8.884345,0.069409,"Disk -> RAM [Model: bec081ed, Layer: bd9724d8]"
944176.422160,7000,bec081ed-3b58-4ef6-90fc-0349b019b548,worker_1,worker_1,MEM_MOVE,8.884345,0.069409,"RAM -> VRAM [Model: bec081ed, Layer: bd9724d8]"
944176.472160,7000,bec081ed-3b58-4ef6-90fc-0349b019b548,worker_1,worker_1,GPU_COMPUTE,0.050000,0.050000,GPU Compute
944176.630160,7000,bec081ed-3b58-4ef6-90fc-0349b019b548,worker_1,coordinator_0,NET_TRANSFER,0.000100,0.158000,Signal Finished
944560.634711,7000,bec081ed-3b58-4ef6-90fc-0349b019b548,coordinator_0,worker_2,NET_TRANSFER,4.798182,384.004551,Distribute Layer ID: dbccbc39
944560.698134,7000,bec081ed-3b58-4ef6-90fc-0349b019b548,worker_2,worker_2,MEM_MOVE,8.118137,0.063423,"Evict VRAM -> RAM [Model: 750b7e46, Layer: c28abfe8]"
944560.735620,7000,bec081ed-3b58-4ef6-90fc-0349b019b548,worker_2,worker_2,DISK_LOAD,4.798182,0.037486,"Disk -> RAM [Model: bec081ed, Layer: dbccbc39]"
944560.773106,7000,bec081ed-3b58-4ef6-90fc-0349b019b548,worker_2,worker_2,MEM_MOVE,4.798182,0.037486,"RAM -> VRAM [Model: bec081ed, Layer: dbccbc39]"
944560.823106,7000,bec081ed-3b58-4ef6-90fc-0349b019b548,worker_2,worker_2,GPU_COMPUTE,0.050000,0.050000,GPU Compute
944560.981106,7000,bec081ed-3b58-4ef6-90fc-0349b019b548,worker_2,coordinator_0,NET_TRANSFER,0.000100,0.158000,Signal Finished
945259.723526,7000,bec081ed-3b58-4ef6-90fc-0349b019b548,coordinator_0,worker_3,NET_TRANSFER,8.732405,698.742420,Distribute Layer ID: 8dc4b2c7
945259.778964,7000,bec081ed-3b58-4ef6-90fc-0349b019b548,worker_3,worker_3,MEM_MOVE,7.096112,0.055438,"Evict VRAM -> RAM [Model: ca30bd4c, Layer: ae305109]"
945259.847186,7000,bec081ed-3b58-4ef6-90fc-0349b019b548,worker_3,worker_3,DISK_LOAD,8.732405,0.068222,"Disk -> RAM [Model: bec081ed, Layer: 8dc4b2c7]"
945259.915408,7000,bec081ed-3b58-4ef6-90fc-0349b019b548,worker_3,worker_3,MEM_MOVE,8.732405,0.068222,"RAM -> VRAM [Model: bec081ed, Layer: 8dc4b2c7]"
945259.965408,7000,bec081ed-3b58-4ef6-90fc-0349b019b548,worker_3,worker_3,GPU_COMPUTE,0.050000,0.050000,GPU Compute
945260.123408,7000,bec081ed-3b58-4ef6-90fc-0349b019b548,worker_3,coordinator_0,NET_TRANSFER,0.000100,0.158000,Signal Finished
946350.561252,7000,bec081ed-3b58-4ef6-90fc-0349b019b548,coordinator_0,worker_4,NET_TRANSFER,13.628598,1090.437844,Distribute Layer ID: c7279e2b
946350.606389,7000,bec081ed-3b58-4ef6-90fc-0349b019b548,worker_4,worker_4,MEM_MOVE,5.777578,0.045137,"Evict VRAM -> RAM [Model: 946dc1c0, Layer: 01cf9f6f]"
946350.705455,7000,bec081ed-3b58-4ef6-90fc-0349b019b548,worker_4,worker_4,MEM_MOVE,12.680385,0.099066,"Evict VRAM -> RAM [Model: bec081ed, Layer: 2833166c]"
946350.811928,7000,bec081ed-3b58-4ef6-90fc-0349b019b548,worker_4,worker_4,DISK_LOAD,13.628598,0.106473,"Disk -> RAM [Model: bec081ed, Layer: c7279e2b]"
946350.918402,7000,bec081ed-3b58-4ef6-90fc-0349b019b548,worker_4,worker_4,MEM_MOVE,13.628598,0.106473,"RAM -> VRAM [Model: bec081ed, Layer: c7279e2b]"
946350.968402,7000,bec081ed-3b58-4ef6-90fc-0349b019b548,worker_4,worker_4,GPU_COMPUTE,0.050000,0.050000,GPU Compute
946351.126402,7000,bec081ed-3b58-4ef6-90fc-0349b019b548,worker_4,coordinator_0,NET_TRANSFER,0.000100,0.158000,Signal Finished
947331.970039,7000,bec081ed-3b58-4ef6-90fc-0349b019b548,coordinator_0,worker_1,NET_TRANSFER,12.258670,980.843637,Distribute Layer ID: d51984e6
947332.079389,7000,bec081ed-3b58-4ef6-90fc-0349b019b548,worker_1,worker_1,MEM_MOVE,13.996878,0.109351,"Evict VRAM -> RAM [Model: 53bf5446, Layer: c36d36c3]"
947332.175160,7000,bec081ed-3b58-4ef6-90fc-0349b019b548,worker_1,worker_1,DISK_LOAD,12.258670,0.095771,"Disk -> RAM [Model: bec081ed, Layer: d51984e6]"
947332.270931,7000,bec081ed-3b58-4ef6-90fc-0349b019b548,worker_1,worker_1,MEM_MOVE,12.258670,0.095771,"RAM -> VRAM [Model: bec081ed, Layer: d51984e6]"
947332.320931,7000,bec081ed-3b58-4ef6-90fc-0349b019b548,worker_1,worker_1,GPU_COMPUTE,0.050000,0.050000,GPU Compute
947332.478931,7000,bec081ed-3b58-4ef6-90fc-0349b019b548,worker_1,coordinator_0,NET_TRANSFER,0.000100,0.158000,Signal Finished
948001.028459,7000,bec081ed-3b58-4ef6-90fc-0349b019b548,coordinator_0,worker_2,NET_TRANSFER,8.354994,668.549528,Distribute Layer ID: b39d4102
948001.118101,7000,bec081ed-3b58-4ef6-90fc-0349b019b548,worker_2,worker_2,MEM_MOVE,11.474124,0.089642,"Evict VRAM -> RAM [Model: fbf90d55, Layer: b01b413a]"
948001.183374,7000,bec081ed-3b58-4ef6-90fc-0349b019b548,worker_2,worker_2,DISK_LOAD,8.354994,0.065273,"Disk -> RAM [Model: bec081ed, Layer: b39d4102]"
948001.248648,7000,bec081ed-3b58-4ef6-90fc-0349b019b548,worker_2,worker_2,MEM_MOVE,8.354994,0.065273,"RAM -> VRAM [Model: bec081ed, Layer: b39d4102]"
948001.298648,7000,bec081ed-3b58-4ef6-90fc-0349b019b548,worker_2,worker_2,GPU_COMPUTE,0.050000,0.050000,GPU Compute
948001.456648,7000,bec081ed-3b58-4ef6-90fc-0349b019b548,worker_2,coordinator_0,NET_TRANSFER,0.000100,0.158000,Signal Finished
949086.091541,7000,bec081ed-3b58-4ef6-90fc-0349b019b548,coordinator_0,worker_3,NET_TRANSFER,13.556061,1084.634893,Distribute Layer ID: 7995ce06
949086.163950,7000,bec081ed-3b58-4ef6-90fc-0349b019b548,worker_3,worker_3,MEM_MOVE,9.268331,0.072409,"Evict VRAM -> RAM [Model: bec081ed, Layer: 41a1e361]"
949086.218323,7000,bec081ed-3b58-4ef6-90fc-0349b019b548,worker_3,worker_3,MEM_MOVE,6.959782,0.054373,"Evict VRAM -> RAM [Model: 53bf5446, Layer: 8b11714b]"
949086.324230,7000,bec081ed-3b58-4ef6-90fc-0349b019b548,worker_3,worker_3,DISK_LOAD,13.556061,0.105907,"Disk -> RAM [Model: bec081ed, Layer: 7995ce06]"
949086.430136,7000,bec081ed-3b58-4ef6-90fc-0349b019b548,worker_3,worker_3,MEM_MOVE,13.556061,0.105907,"RAM -> VRAM [Model: bec081ed, Layer: 7995ce06]"
949086.480136,7000,bec081ed-3b58-4ef6-90fc-0349b019b548,worker_3,worker_3,GPU_COMPUTE,0.050000,0.050000,GPU Compute
949086.638136,7000,bec081ed-3b58-4ef6-90fc-0349b019b548,worker_3,coordinator_0,NET_TRANSFER,0.000100,0.158000,Signal Finished
950113.900941,7000,bec081ed-3b58-4ef6-90fc-0349b019b548,coordinator_0,worker_4,NET_TRANSFER,12.838910,1027.262804,Distribute Layer ID: f72fe2c0
950113.979229,7000,bec081ed-3b58-4ef6-90fc-0349b019b548,worker_4,worker_4,MEM_MOVE,10.020871,0.078288,"Evict VRAM -> RAM [Model: bec081ed, Layer: d59a2995]"
950114.079533,7000,bec081ed-3b58-4ef6-90fc-0349b019b548,worker_4,worker_4,DISK_LOAD,12.838910,0.100304,"Disk -> RAM [Model: bec081ed, Layer: f72fe2c0]"
950114.179837,7000,bec081ed-3b58-4ef6-90fc-0349b019b548,worker_4,worker_4,MEM_MOVE,12.838910,0.100304,"RAM -> VRAM [Model: bec081ed, Layer: f72fe2c0]"
950114.229837,7000,bec081ed-3b58-4ef6-90fc-0349b019b548,worker_4,worker_4,GPU_COMPUTE,0.050000,0.050000,GPU Compute
950114.387837,7000,bec081ed-3b58-4ef6-90fc-0349b019b548,worker_4,coordinator_0,NET_TRANSFER,0.000100,0.158000,Signal Finished
950737.381721,7000,bec081ed-3b58-4ef6-90fc-0349b019b548,coordinator_0,worker_1,NET_TRANSFER,7.785549,622.993885,Distribute Layer ID: a97c3fce
950737.442546,7000,bec081ed-3b58-4ef6-90fc-0349b019b548,worker_1,worker_1,DISK_LOAD,7.785549,0.060825,"Disk -> RAM [Model: bec081ed, Layer: a97c3fce]"
950737.503370,7000,bec081ed-3b58-4ef6-90fc-0349b019b548,worker_1,worker_1,MEM_MOVE,7.785549,0.060825,"RAM -> VRAM [Model: bec081ed, Layer: a97c3fce]"
950737.553370,7000,bec081ed-3b58-4ef6-90fc-0349b019b548,worker_1,worker_1,GPU_COMPUTE,0.050000,0.050000,GPU Compute
950737.711370,7000,bec081ed-3b58-4ef6-90fc-0349b019b548,worker_1,coordinator_0,NET_TRANSFER,0.000100,0.158000,Signal Finished
951121.852410,7000,bec081ed-3b58-4ef6-90fc-0349b019b548,coordinator_0,worker_2,NET_TRANSFER,4.799888,384.141039,Distribute Layer ID: 13248efa
951121.889909,7000,bec081ed-3b58-4ef6-90fc-0349b019b548,worker_2,worker_2,DISK_LOAD,4.799888,0.037499,"Disk -> RAM [Model: bec081ed, Layer: 13248efa]"
951121.927408,7000,bec081ed-3b58-4ef6-90fc-0349b019b548,worker_2,worker_2,MEM_MOVE,4.799888,0.037499,"RAM -> VRAM [Model: bec081ed, Layer: 13248efa]"
951121.977408,7000,bec081ed-3b58-4ef6-90fc-0349b019b548,worker_2,worker_2,GPU_COMPUTE,0.050000,0.050000,GPU Compute
951122.135408,7000,bec081ed-3b58-4ef6-90fc-0349b019b548,worker_2,coordinator_0,NET_TRANSFER,0.000100,0.158000,Signal Finished
952198.147474,7000,bec081ed-3b58-4ef6-90fc-0349b019b548,coordinator_0,worker_3,NET_TRANSFER,13.448276,1076.012066,Distribute Layer ID: 12f7604b
952198.262219,7000,bec081ed-3b58-4ef6-90fc-0349b019b548,worker_3,worker_3,MEM_MOVE,14.687301,0.114745,"Evict VRAM -> RAM [Model: 9d4a632c, Layer: a4505075]"
952198.367283,7000,bec081ed-3b58-4ef6-90fc-0349b019b548,worker_3,worker_3,DISK_LOAD,13.448276,0.105065,"Disk -> RAM [Model: bec081ed, Layer: 12f7604b]"
952198.472348,7000,bec081ed-3b58-4ef6-90fc-0349b019b548,worker_3,worker_3,MEM_MOVE,13.448276,0.105065,"RAM -> VRAM [Model: bec081ed, Layer: 12f7604b]"
952198.522348,7000,bec081ed-3b58-4ef6-90fc-0349b019b548,worker_3,worker_3,GPU_COMPUTE,0.050000,0.050000,GPU Compute
952198.680348,7000,bec081ed-3b58-4ef6-90fc-0349b019b548,worker_3,coordinator_0,NET_TRANSFER,0.000100,0.158000,Signal Finished
952831.452716,7000,bec081ed-3b58-4ef6-90fc-0349b019b548,coordinator_0,worker_4,NET_TRANSFER,7.907780,632.772368,Distribute Layer ID: 28566a97
952831.517644,7000,bec081ed-3b58-4ef6-90fc-0349b019b548,worker_4,worker_4,MEM_MOVE,8.310794,0.064928,"Evict VRAM -> RAM [Model: 53bf5446, Layer: 4f866ffa]"
952831.579424,7000,bec081ed-3b58-4ef6-90fc-0349b019b548,worker_4,worker_4,DISK_LOAD,7.907780,0.061780,"Disk -> RAM [Model: bec081ed, Layer: 28566a97]"
952831.641203,7000,bec081ed-3b58-4ef6-90fc-0349b019b548,worker_4,worker_4,MEM_MOVE,7.907780,0.061780,"RAM -> VRAM [Model: bec081ed, Layer: 28566a97]"
952831.691203,7000,bec081ed-3b58-4ef6-90fc-0349b019b548,worker_4,worker_4,GPU_COMPUTE,0.050000,0.050000,GPU Compute
952831.849203,7000,bec081ed-3b58-4ef6-90fc-0349b019b548,worker_4,coordinator_0,NET_TRANSFER,0.000100,0.158000,Signal Finished
954000.439250,7000,bec081ed-3b58-4ef6-90fc-0349b019b548,coordinator_0,worker_1,NET_TRANSFER,14.605501,1168.590046,Distribute Layer ID: 7db3c70d
954000.483254,7000,bec081ed-3b58-4ef6-90fc-0349b019b548,worker_1,worker_1,MEM_MOVE,5.632572,0.044004,"Evict VRAM -> RAM [Model: 9d4a632c, Layer: 2790df67]"
954000.528286,7000,bec081ed-3b58-4ef6-90fc-0349b019b548,worker_1,worker_1,MEM_MOVE,5.764136,0.045032,"Evict VRAM -> RAM [Model: bec081ed, Layer: 3d3785c5]"
954000.642392,7000,bec081ed-3b58-4ef6-90fc-0349b019b548,worker_1,worker_1,DISK_LOAD,14.605501,0.114105,"Disk -> RAM [Model: bec081ed, Layer: 7db3c70d]"
954000.756497,7000,bec081ed-3b58-4ef6-90fc-0349b019b548,worker_1,worker_1,MEM_MOVE,14.605501,0.114105,"RAM -> VRAM [Model: bec081ed, Layer: 7db3c70d]"
954000.806497,7000,bec081ed-3b58-4ef6-90fc-0349b019b548,worker_1,worker_1,GPU_COMPUTE,0.050000,0.050000,GPU Compute
954000.964497,7000,bec081ed-3b58-4ef6-90fc-0349b019b548,worker_1,coordinator_0,NET_TRANSFER,0.000100,0.158000,Signal Finished
954858.958611,7000,bec081ed-3b58-4ef6-90fc-0349b019b548,coordinator_0,worker_2,NET_TRANSFER,10.723051,857.994114,Distribute Layer ID: 2881a826
954859.041333,7000,bec081ed-3b58-4ef6-90fc-0349b019b548,worker_2,worker_2,MEM_MOVE,10.588370,0.082722,"Evict VRAM -> RAM [Model: 2ede82b5, Layer: 424ccf72]"
954859.125106,7000,bec081ed-3b58-4ef6-90fc-0349b019b548,worker_2,worker_2,DISK_LOAD,10.723051,0.083774,"Disk -> RAM [Model: bec081ed, Layer: 2881a826]"
954859.208880,7000,bec081ed-3b58-4ef6-90fc-0349b019b548,worker_2,worker_2,MEM_MOVE,10.723051,0.083774,"RAM -> VRAM [Model: bec081ed, Layer: 2881a826]"
954859.258880,7000,bec081ed-3b58-4ef6-90fc-0349b019b548,worker_2,worker_2,GPU_COMPUTE,0.050000,0.050000,GPU Compute
954859.416880,7000,bec081ed-3b58-4ef6-90fc-0349b019b548,worker_2,coordinator_0,NET_TRANSFER,0.000100,0.158000,Signal Finished
955873.918218,7000,bec081ed-3b58-4ef6-90fc-0349b019b548,coordinator_0,worker_3,NET_TRANSFER,12.679392,1014.501337,Distribute Layer ID: 41396f35
955873.993725,7000,bec081ed-3b58-4ef6-90fc-0349b019b548,worker_3,worker_3,MEM_MOVE,9.664991,0.075508,"Evict VRAM -> RAM [Model: 9d4a632c, Layer: c5c7cef6]"
955874.092783,7000,bec081ed-3b58-4ef6-90fc-0349b019b548,worker_3,worker_3,DISK_LOAD,12.679392,0.099058,"Disk -> RAM [Model: bec081ed, Layer: 41396f35]"
955874.191841,7000,bec081ed-3b58-4ef6-90fc-0349b019b548,worker_3,worker_3,MEM_MOVE,12.679392,0.099058,"RAM -> VRAM [Model: bec081ed, Layer: 41396f35]"
955874.241841,7000,bec081ed-3b58-4ef6-90fc-0349b019b548,worker_3,worker_3,GPU_COMPUTE,0.050000,0.050000,GPU Compute
955874.399841,7000,bec081ed-3b58-4ef6-90fc-0349b019b548,worker_3,coordinator_0,NET_TRANSFER,0.000100,0.158000,Signal Finished
957017.261560,6000,c1690bdb-a1e5-4e67-8c37-5dbe0393ec5a,coordinator_0,worker_2,NET_TRANSFER,14.283896,1142.861719,Distribute Layer ID: 693d966a
957017.360574,6000,c1690bdb-a1e5-4e67-8c37-5dbe0393ec5a,worker_2,worker_2,MEM_MOVE,12.673809,0.099014,"Evict VRAM -> RAM [Model: 9d4a632c, Layer: 7f05d1f3]"
957017.472167,6000,c1690bdb-a1e5-4e67-8c37-5dbe0393ec5a,worker_2,worker_2,DISK_LOAD,14.283896,0.111593,"Disk -> RAM [Model: c1690bdb, Layer: 693d966a]"
957017.583760,6000,c1690bdb-a1e5-4e67-8c37-5dbe0393ec5a,worker_2,worker_2,MEM_MOVE,14.283896,0.111593,"RAM -> VRAM [Model: c1690bdb, Layer: 693d966a]"
957017.633760,6000,c1690bdb-a1e5-4e67-8c37-5dbe0393ec5a,worker_2,worker_2,GPU_COMPUTE,0.050000,0.050000,GPU Compute
957017.791760,6000,c1690bdb-a1e5-4e67-8c37-5dbe0393ec5a,worker_2,coordinator_0,NET_TRANSFER,0.000100,0.158000,Signal Finished
958035.553019,6000,c1690bdb-a1e5-4e67-8c37-5dbe0393ec5a,coordinator_0,worker_3,NET_TRANSFER,12.720141,1017.761259,Distribute Layer ID: 34bcda53
958035.588514,6000,c1690bdb-a1e5-4e67-8c37-5dbe0393ec5a,worker_3,worker_3,MEM_MOVE,4.543398,0.035495,"Evict VRAM -> RAM [Model: 53bf5446, Layer: 4e4ada8d]"
958035.667395,6000,c1690bdb-a1e5-4e67-8c37-5dbe0393ec5a,worker_3,worker_3,MEM_MOVE,10.096673,0.078880,"Evict VRAM -> RAM [Model: 946dc1c0, Layer: b6fe8f26]"
958035.766771,6000,c1690bdb-a1e5-4e67-8c37-5dbe0393ec5a,worker_3,worker_3,DISK_LOAD,12.720141,0.099376,"Disk -> RAM [Model: c1690bdb, Layer: 34bcda53]"
958035.866147,6000,c1690bdb-a1e5-4e67-8c37-5dbe0393ec5a,worker_3,worker_3,MEM_MOVE,12.720141,0.099376,"RAM -> VRAM [Model: c1690bdb, Layer: 34bcda53]"
958035.916147,6000,c1690bdb-a1e5-4e67-8c37-5dbe0393ec5a,worker_3,worker_3,GPU_COMPUTE,0.050000,0.050000,GPU Compute
958036.074147,6000,c1690bdb-a1e5-4e67-8c37-5dbe0393ec5a,worker_3,coordinator_0,NET_TRANSFER,0.000100,0.158000,Signal Finished
958990.859238,6000,c1690bdb-a1e5-4e67-8c37-5dbe0393ec5a,coordinator_0,worker_4,NET_TRANSFER,11.932939,954.785091,Distribute Layer ID: 7950635a
958990.958633,6000,c1690bdb-a1e5-4e67-8c37-5dbe0393ec5a,worker_4,worker_4,MEM_MOVE,12.722507,0.099395,"Evict VRAM -> RAM [Model: efe1fad9, Layer: 6a5b50ad]"
958991.051859,6000,c1690bdb-a1e5-4e67-8c37-5dbe0393ec5a,worker_4,worker_4,DISK_LOAD,11.932939,0.093226,"Disk -> RAM [Model: c1690bdb, Layer: 7950635a]"
958991.145085,6000,c1690bdb-a1e5-4e67-8c37-5dbe0393ec5a,worker_4,worker_4,MEM_MOVE,11.932939,0.093226,"RAM -> VRAM [Model: c1690bdb, Layer: 7950635a]"
958991.195085,6000,c1690bdb-a1e5-4e67-8c37-5dbe0393ec5a,worker_4,worker_4,GPU_COMPUTE,0.050000,0.050000,GPU Compute
958991.353085,6000,c1690bdb-a1e5-4e67-8c37-5dbe0393ec5a,worker_4,coordinator_0,NET_TRANSFER,0.000100,0.158000,Signal Finished
959916.582247,6000,c1690bdb-a1e5-4e67-8c37-5dbe0393ec5a,coordinator_0,worker_1,NET_TRANSFER,11.563490,925.229162,Distribute Layer ID: f25d55d9
959916.651655,6000,c1690bdb-a1e5-4e67-8c37-5dbe0393ec5a,worker_1,worker_1,MEM_MOVE,8.884345,0.069409,"Evict VRAM -> RAM [Model: bec081ed, Layer: bd9724d8]"
959916.736100,6000,c1690bdb-a1e5-4e67-8c37-5dbe0393ec5a,worker_1,worker_1,MEM_MOVE,10.808865,0.084444,"Evict VRAM -> RAM [Model: ca30bd4c, Layer: adf20593]"
959916.826439,6000,c1690bdb-a1e5-4e67-8c37-5dbe0393ec5a,worker_1,worker_1,DISK_LOAD,11.563490,0.090340,"Disk -> RAM [Model: c1690bdb, Layer: f25d55d9]"
959916.916779,6000,c1690bdb-a1e5-4e67-8c37-5dbe0393ec5a,worker_1,worker_1,MEM_MOVE,11.563490,0.090340,"RAM -> VRAM [Model: c1690bdb, Layer: f25d55d9]"
959916.966779,6000,c1690bdb-a1e5-4e67-8c37-5dbe0393ec5a,worker_1,worker_1,GPU_COMPUTE,0.050000,0.050000,GPU Compute
959917.124779,6000,c1690bdb-a1e5-4e67-8c37-5dbe0393ec5a,worker_1,coordinator_0,NET_TRANSFER,0.000100,0.158000,Signal Finished
960761.851368,6000,c1690bdb-a1e5-4e67-8c37-5dbe0393ec5a,coordinator_0,worker_2,NET_TRANSFER,10.557207,844.726589,Distribute Layer ID: d606045c
960761.897618,6000,c1690bdb-a1e5-4e67-8c37-5dbe0393ec5a,worker_2,worker_2,MEM_MOVE,5.919895,0.046249,"Evict VRAM -> RAM [Model: 9d4a632c, Layer: 52c8bf74]"
960761.981391,6000,c1690bdb-a1e5-4e67-8c37-5dbe0393ec5a,worker_2,worker_2,MEM_MOVE,10.723051,0.083774,"Evict VRAM -> RAM [Model: bec081ed, Layer: 2881a826]"
960762.063870,6000,c1690bdb-a1e5-4e67-8c37-5dbe0393ec5a,worker_2,worker_2,DISK_LOAD,10.557207,0.082478,"Disk -> RAM [Model: c1690bdb, Layer: d606045c]"
960762.146348,6000,c1690bdb-a1e5-4e67-8c37-5dbe0393ec5a,worker_2,worker_2,MEM_MOVE,10.557207,0.082478,"RAM -> VRAM [Model: c1690bdb, Layer: d606045c]"
960762.196348,6000,c1690bdb-a1e5-4e67-8c37-5dbe0393ec5a,worker_2,worker_2,GPU_COMPUTE,0.050000,0.050000,GPU Compute
960762.354348,6000,c1690bdb-a1e5-4e67-8c37-5dbe0393ec5a,worker_2,coordinator_0,NET_TRANSFER,0.000100,0.158000,Signal Finished
961545.169669,6000,c1690bdb-a1e5-4e67-8c37-5dbe0393ec5a,coordinator_0,worker_3,NET_TRANSFER,9.783317,782.815322,Distribute Layer ID: 63e04ccb
961545.251414,6000,c1690bdb-a1e5-4e67-8c37-5dbe0393ec5a,worker_3,worker_3,MEM_MOVE,10.463341,0.081745,"Evict VRAM -> RAM [Model: 53bf5446, Layer: 32a651e6]"
961545.327846,6000,c1690bdb-a1e5-4e67-8c37-5dbe0393ec5a,worker_3,worker_3,DISK_LOAD,9.783317,0.076432,"Disk -> RAM [Model: c1690bdb, Layer: 63e04ccb]"
961545.404279,6000,c1690bdb-a1e5-4e67-8c37-5dbe0393ec5a,worker_3,worker_3,MEM_MOVE,9.783317,0.076432,"RAM -> VRAM [Model: c1690bdb, Layer: 63e04ccb]"
961545.454279,6000,c1690bdb-a1e5-4e67-8c37-5dbe0393ec5a,worker_3,worker_3,GPU_COMPUTE,0.050000,0.050000,GPU Compute
961545.612279,6000,c1690bdb-a1e5-4e67-8c37-5dbe0393ec5a,worker_3,coordinator_0,NET_TRANSFER,0.000100,0.158000,Signal Finished
962321.401326,6000,c1690bdb-a1e5-4e67-8c37-5dbe0393ec5a,coordinator_0,worker_4,NET_TRANSFER,9.695488,775.789047,Distribute Layer ID: d137f961
962321.441997,6000,c1690bdb-a1e5-4e67-8c37-5dbe0393ec5a,worker_4,worker_4,MEM_MOVE,5.205904,0.040671,"Evict VRAM -> RAM [Model: 1ff6ef17, Layer: 31515f1a]"
962321.517743,6000,c1690bdb-a1e5-4e67-8c37-5dbe0393ec5a,worker_4,worker_4,DISK_LOAD,9.695488,0.075746,"Disk -> RAM [Model: c1690bdb, Layer: d137f961]"
962321.593489,6000,c1690bdb-a1e5-4e67-8c37-5dbe0393ec5a,worker_4,worker_4,MEM_MOVE,9.695488,0.075746,"RAM -> VRAM [Model: c1690bdb, Layer: d137f961]"
962321.643489,6000,c1690bdb-a1e5-4e67-8c37-5dbe0393ec5a,worker_4,worker_4,GPU_COMPUTE,0.050000,0.050000,GPU Compute
962321.801489,6000,c1690bdb-a1e5-4e67-8c37-5dbe0393ec5a,worker_4,coordinator_0,NET_TRANSFER,0.000100,0.158000,Signal Finished
962774.244699,6000,c1690bdb-a1e5-4e67-8c37-5dbe0393ec5a,coordinator_0,worker_1,NET_TRANSFER,5.653665,452.443210,Distribute Layer ID: fbd84f8d
962774.288868,6000,c1690bdb-a1e5-4e67-8c37-5dbe0393ec5a,worker_1,worker_1,DISK_LOAD,5.653665,0.044169,"Disk -> RAM [Model: c1690bdb, Layer: fbd84f8d]"
962774.333037,6000,c1690bdb-a1e5-4e67-8c37-5dbe0393ec5a,worker_1,worker_1,MEM_MOVE,5.653665,0.044169,"RAM -> VRAM [Model: c1690bdb, Layer: fbd84f8d]"
962774.383037,6000,c1690bdb-a1e5-4e67-8c37-5dbe0393ec5a,worker_1,worker_1,GPU_COMPUTE,0.050000,0.050000,GPU Compute
962774.541037,6000,c1690bdb-a1e5-4e67-8c37-5dbe0393ec5a,worker_1,coordinator_0,NET_TRANSFER,0.000100,0.158000,Signal Finished
963802.290482,6000,c1690bdb-a1e5-4e67-8c37-5dbe0393ec5a,coordinator_0,worker_2,NET_TRANSFER,12.844993,1027.749445,Distribute Layer ID: 836c69ba
963802.355755,6000,c1690bdb-a1e5-4e67-8c37-5dbe0393ec5a,worker_2,worker_2,MEM_MOVE,8.354994,0.065273,"Evict VRAM -> RAM [Model: bec081ed, Layer: b39d4102]"
963802.456107,6000,c1690bdb-a1e5-4e67-8c37-5dbe0393ec5a,worker_2,worker_2,DISK_LOAD,12.844993,0.100352,"Disk -> RAM [Model: c1690bdb, Layer: 836c69ba]"
963802.556459,6000,c1690bdb-a1e5-4e67-8c37-5dbe0393ec5a,worker_2,worker_2,MEM_MOVE,12.844993,0.100352,"RAM -> VRAM [Model: c1690bdb, Layer: 836c69ba]"
963802.606459,6000,c1690bdb-a1e5-4e67-8c37-5dbe0393ec5a,worker_2,worker_2,GPU_COMPUTE,0.050000,0.050000,GPU Compute
963802.764459,6000,c1690bdb-a1e5-4e67-8c37-5dbe0393ec5a,worker_2,coordinator_0,NET_TRANSFER,0.000100,0.158000,Signal Finished
964759.165203,6000,c1690bdb-a1e5-4e67-8c37-5dbe0393ec5a,coordinator_0,worker_3,NET_TRANSFER,11.953134,956.400745,Distribute Layer ID: 6884c43f
964759.261022,6000,c1690bdb-a1e5-4e67-8c37-5dbe0393ec5a,worker_3,worker_3,MEM_MOVE,12.264794,0.095819,"Evict VRAM -> RAM [Model: fbf90d55, Layer: 616b24fe]"
964759.354406,6000,c1690bdb-a1e5-4e67-8c37-5dbe0393ec5a,worker_3,worker_3,DISK_LOAD,11.953134,0.093384,"Disk -> RAM [Model: c1690bdb, Layer: 6884c43f]"
964759.447790,6000,c1690bdb-a1e5-4e67-8c37-5dbe0393ec5a,worker_3,worker_3,MEM_MOVE,11.953134,0.093384,"RAM -> VRAM [Model: c1690bdb, Layer: 6884c43f]"
964759.497790,6000,c1690bdb-a1e5-4e67-8c37-5dbe0393ec5a,worker_3,worker_3,GPU_COMPUTE,0.050000,0.050000,GPU Compute
964759.655790,6000,c1690bdb-a1e5-4e67-8c37-5dbe0393ec5a,worker_3,coordinator_0,NET_TRANSFER,0.000100,0.158000,Signal Finished
965541.374051,6000,c1690bdb-a1e5-4e67-8c37-5dbe0393ec5a,coordinator_0,worker_4,NET_TRANSFER,9.769603,781.718261,Distribute Layer ID: 05610aaf
965541.473740,6000,c1690bdb-a1e5-4e67-8c37-5dbe0393ec5a,worker_4,worker_4,MEM_MOVE,12.760134,0.099689,"Evict VRAM -> RAM [Model: bec081ed, Layer: 144016b5]"
965541.550065,6000,c1690bdb-a1e5-4e67-8c37-5dbe0393ec5a,worker_4,worker_4,DISK_LOAD,9.769603,0.076325,"Disk -> RAM [Model: c1690bdb, Layer: 05610aaf]"
965541.626390,6000,c1690bdb-a1e5-4e67-8c37-5dbe0393ec5a,worker_4,worker_4,MEM_MOVE,9.769603,0.076325,"RAM -> VRAM [Model: c1690bdb, Layer: 05610aaf]"
965541.676390,6000,c1690bdb-a1e5-4e67-8c37-5dbe0393ec5a,worker_4,worker_4,GPU_COMPUTE,0.050000,0.050000,GPU Compute
965541.834390,6000,c1690bdb-a1e5-4e67-8c37-5dbe0393ec5a,worker_4,coordinator_0,NET_TRANSFER,0.000100,0.158000,Signal Finished
966202.610648,6000,c1690bdb-a1e5-4e67-8c37-5dbe0393ec5a,coordinator_0,worker_1,NET_TRANSFER,8.257828,660.776258,Distribute Layer ID: ba33e50b
966202.697562,6000,c1690bdb-a1e5-4e67-8c37-5dbe0393ec5a,worker_1,worker_1,MEM_MOVE,11.124968,0.086914,"Evict VRAM -> RAM [Model: 750b7e46, Layer: 7864363b]"
966202.762076,6000,c1690bdb-a1e5-4e67-8c37-5dbe0393ec5a,worker_1,worker_1,DISK_LOAD,8.257828,0.064514,"Disk -> RAM [Model: c1690bdb, Layer: ba33e50b]"
966202.826590,6000,c1690bdb-a1e5-4e67-8c37-5dbe0393ec5a,worker_1,worker_1,MEM_MOVE,8.257828,0.064514,"RAM -> VRAM [Model: c1690bdb, Layer: ba33e50b]"
966202.876590,6000,c1690bdb-a1e5-4e67-8c37-5dbe0393ec5a,worker_1,worker_1,GPU_COMPUTE,0.050000,0.050000,GPU Compute
966203.034590,6000,c1690bdb-a1e5-4e67-8c37-5dbe0393ec5a,worker_1,coordinator_0,NET_TRANSFER,0.000100,0.158000,Signal Finished
967022.494774,6000,c1690bdb-a1e5-4e67-8c37-5dbe0393ec5a,coordinator_0,worker_2,NET_TRANSFER,10.241377,819.460184,Distribute Layer ID: 09e78a41
967022.537158,6000,c1690bdb-a1e5-4e67-8c37-5dbe0393ec5a,worker_2,worker_2,MEM_MOVE,5.425084,0.042383,"Evict VRAM -> RAM [Model: bec081ed, Layer: 74256ba1]"
967022.631638,6000,c1690bdb-a1e5-4e67-8c37-5dbe0393ec5a,worker_2,worker_2,MEM_MOVE,12.093510,0.094481,"Evict VRAM -> RAM [Model: 946dc1c0, Layer: 3aa2ad3a]"
967022.711649,6000,c1690bdb-a1e5-4e67-8c37-5dbe0393ec5a,worker_2,worker_2,DISK_LOAD,10.241377,0.080011,"Disk -> RAM [Model: c1690bdb, Layer: 09e78a41]"
967022.791660,6000,c1690bdb-a1e5-4e67-8c37-5dbe0393ec5a,worker_2,worker_2,MEM_MOVE,10.241377,0.080011,"RAM -> VRAM [Model: c1690bdb, Layer: 09e78a41]"
967022.841660,6000,c1690bdb-a1e5-4e67-8c37-5dbe0393ec5a,worker_2,worker_2,GPU_COMPUTE,0.050000,0.050000,GPU Compute
967022.999660,6000,c1690bdb-a1e5-4e67-8c37-5dbe0393ec5a,worker_2,coordinator_0,NET_TRANSFER,0.000100,0.158000,Signal Finished
968105.429729,6000,c1690bdb-a1e5-4e67-8c37-5dbe0393ec5a,coordinator_0,worker_3,NET_TRANSFER,13.528501,1082.430069,Distribute Layer ID: b744ceec
968105.484888,6000,c1690bdb-a1e5-4e67-8c37-5dbe0393ec5a,worker_3,worker_3,MEM_MOVE,7.060354,0.055159,"Evict VRAM -> RAM [Model: fbf90d55, Layer: 79fd34dd]"
968105.590579,6000,c1690bdb-a1e5-4e67-8c37-5dbe0393ec5a,worker_3,worker_3,DISK_LOAD,13.528501,0.105691,"Disk -> RAM [Model: c1690bdb, Layer: b744ceec]"
968105.696271,6000,c1690bdb-a1e5-4e67-8c37-5dbe0393ec5a,worker_3,worker_3,MEM_MOVE,13.528501,0.105691,"RAM -> VRAM [Model: c1690bdb, Layer: b744ceec]"
968105.746271,6000,c1690bdb-a1e5-4e67-8c37-5dbe0393ec5a,worker_3,worker_3,GPU_COMPUTE,0.050000,0.050000,GPU Compute
968105.904271,6000,c1690bdb-a1e5-4e67-8c37-5dbe0393ec5a,worker_3,coordinator_0,NET_TRANSFER,0.000100,0.158000,Signal Finished
969125.452851,6000,c1690bdb-a1e5-4e67-8c37-5dbe0393ec5a,coordinator_0,worker_4,NET_TRANSFER,12.742482,1019.548580,Distribute Layer ID: a8d41770
969125.559324,6000,c1690bdb-a1e5-4e67-8c37-5dbe0393ec5a,worker_4,worker_4,MEM_MOVE,13.628598,0.106473,"Evict VRAM -> RAM [Model: bec081ed, Layer: c7279e2b]"
969125.658875,6000,c1690bdb-a1e5-4e67-8c37-5dbe0393ec5a,worker_4,worker_4,DISK_LOAD,12.742482,0.099551,"Disk -> RAM [Model: c1690bdb, Layer: a8d41770]"
969125.758426,6000,c1690bdb-a1e5-4e67-8c37-5dbe0393ec5a,worker_4,worker_4,MEM_MOVE,12.742482,0.099551,"RAM -> VRAM [Model: c1690bdb, Layer: a8d41770]"
969125.808426,6000,c1690bdb-a1e5-4e67-8c37-5dbe0393ec5a,worker_4,worker_4,GPU_COMPUTE,0.050000,0.050000,GPU Compute
969125.966426,6000,c1690bdb-a1e5-4e67-8c37-5dbe0393ec5a,worker_4,coordinator_0,NET_TRANSFER,0.000100,0.158000,Signal Finished
969860.210565,6000,c1690bdb-a1e5-4e67-8c37-5dbe0393ec5a,coordinator_0,worker_1,NET_TRANSFER,9.176177,734.244139,Distribute Layer ID: af61756f
969860.264192,6000,c1690bdb-a1e5-4e67-8c37-5dbe0393ec5a,worker_1,worker_1,MEM_MOVE,6.864300,0.053627,"Evict VRAM -> RAM [Model: 53bf5446, Layer: 8e12b1fc]"
969860.335881,6000,c1690bdb-a1e5-4e67-8c37-5dbe0393ec5a,worker_1,worker_1,DISK_LOAD,9.176177,0.071689,"Disk -> RAM [Model: c1690bdb, Layer: af61756f]"
969860.407570,6000,c1690bdb-a1e5-4e67-8c37-5dbe0393ec5a,worker_1,worker_1,MEM_MOVE,9.176177,0.071689,"RAM -> VRAM [Model: c1690bdb, Layer: af61756f]"
969860.457570,6000,c1690bdb-a1e5-4e67-8c37-5dbe0393ec5a,worker_1,worker_1,GPU_COMPUTE,0.050000,0.050000,GPU Compute
969860.615570,6000,c1690bdb-a1e5-4e67-8c37-5dbe0393ec5a,worker_1,coordinator_0,NET_TRANSFER,0.000100,0.158000,Signal Finished
970680.820220,6000,c1690bdb-a1e5-4e67-8c37-5dbe0393ec5a,coordinator_0,worker_2,NET_TRANSFER,10.250683,820.204650,Distribute Layer ID: db530892
970680.900303,6000,c1690bdb-a1e5-4e67-8c37-5dbe0393ec5a,worker_2,worker_2,DISK_LOAD,10.250683,0.080083,"Disk -> RAM [Model: c1690bdb, Layer: db530892]"
970680.980387,6000,c1690bdb-a1e5-4e67-8c37-5dbe0393ec5a,worker_2,worker_2,MEM_MOVE,10.250683,0.080083,"RAM -> VRAM [Model: c1690bdb, Layer: db530892]"
970681.030387,6000,c1690bdb-a1e5-4e67-8c37-5dbe0393ec5a,worker_2,worker_2,GPU_COMPUTE,0.050000,0.050000,GPU Compute
970681.188387,6000,c1690bdb-a1e5-4e67-8c37-5dbe0393ec5a,worker_2,coordinator_0,NET_TRANSFER,0.000100,0.158000,Signal Finished
971096.004461,6000,c1690bdb-a1e5-4e67-8c37-5dbe0393ec5a,coordinator_0,worker_3,NET_TRANSFER,5.183326,414.816074,Distribute Layer ID: f4f68cd0
971096.110072,6000,c1690bdb-a1e5-4e67-8c37-5dbe0393ec5a,worker_3,worker_3,MEM_MOVE,13.518260,0.105611,"Evict VRAM -> RAM [Model: 53bf5446, Layer: 4a239aaa]"
971096.150567,6000,c1690bdb-a1e5-4e67-8c37-5dbe0393ec5a,worker_3,worker_3,DISK_LOAD,5.183326,0.040495,"Disk -> RAM [Model: c1690bdb, Layer: f4f68cd0]"
971096.191062,6000,c1690bdb-a1e5-4e67-8c37-5dbe0393ec5a,worker_3,worker_3,MEM_MOVE,5.183326,0.040495,"RAM -> VRAM [Model: c1690bdb, Layer: f4f68cd0]"
971096.241062,6000,c1690bdb-a1e5-4e67-8c37-5dbe0393ec5a,worker_3,worker_3,GPU_COMPUTE,0.050000,0.050000,GPU Compute
971096.399062,6000,c1690bdb-a1e5-4e67-8c37-5dbe0393ec5a,worker_3,coordinator_0,NET_TRANSFER,0.000100,0.158000,Signal Finished
971775.938979,6000,c1690bdb-a1e5-4e67-8c37-5dbe0393ec5a,coordinator_0,worker_4,NET_TRANSFER,8.492374,679.539917,Distribute Layer ID: 0608a2b7
971776.039891,6000,c1690bdb-a1e5-4e67-8c37-5dbe0393ec5a,worker_4,worker_4,MEM_MOVE,12.916754,0.100912,"Evict VRAM -> RAM [Model: ca30bd4c, Layer: f72560f3]"
971776.106237,6000,c1690bdb-a1e5-4e67-8c37-5dbe0393ec5a,worker_4,worker_4,DISK_LOAD,8.492374,0.066347,"Disk -> RAM [Model: c1690bdb, Layer: 0608a2b7]"
971776.172584,6000,c1690bdb-a1e5-4e67-8c37-5dbe0393ec5a,worker_4,worker_4,MEM_MOVE,8.492374,0.066347,"RAM -> VRAM [Model: c1690bdb, Layer: 0608a2b7]"
971776.222584,6000,c1690bdb-a1e5-4e67-8c37-5dbe0393ec5a,worker_4,worker_4,GPU_COMPUTE,0.050000,0.050000,GPU Compute
971776.380584,6000,c1690bdb-a1e5-4e67-8c37-5dbe0393ec5a,worker_4,coordinator_0,NET_TRANSFER,0.000100,0.158000,Signal Finished
972550.628090,6000,c1690bdb-a1e5-4e67-8c37-5dbe0393ec5a,coordinator_0,worker_1,NET_TRANSFER,9.676219,774.247506,Distribute Layer ID: 5c9ecffa
972550.708647,6000,c1690bdb-a1e5-4e67-8c37-5dbe0393ec5a,worker_1,worker_1,MEM_MOVE,10.311265,0.080557,"Evict VRAM -> RAM [Model: efe1fad9, Layer: bf59e2d5]"
972550.784242,6000,c1690bdb-a1e5-4e67-8c37-5dbe0393ec5a,worker_1,worker_1,DISK_LOAD,9.676219,0.075595,"Disk -> RAM [Model: c1690bdb, Layer: 5c9ecffa]"
972550.859838,6000,c1690bdb-a1e5-4e67-8c37-5dbe0393ec5a,worker_1,worker_1,MEM_MOVE,9.676219,0.075595,"RAM -> VRAM [Model: c1690bdb, Layer: 5c9ecffa]"
972550.909838,6000,c1690bdb-a1e5-4e67-8c37-5dbe0393ec5a,worker_1,worker_1,GPU_COMPUTE,0.050000,0.050000,GPU Compute
972551.067838,6000,c1690bdb-a1e5-4e67-8c37-5dbe0393ec5a,worker_1,coordinator_0,NET_TRANSFER,0.000100,0.158000,Signal Finished
973264.707383,6000,c1690bdb-a1e5-4e67-8c37-5dbe0393ec5a,coordinator_0,worker_2,NET_TRANSFER,8.918619,713.639545,Distribute Layer ID: 3f5832d2
973264.767204,6000,c1690bdb-a1e5-4e67-8c37-5dbe0393ec5a,worker_2,worker_2,MEM_MOVE,7.657039,0.059821,"Evict VRAM -> RAM [Model: 1ff6ef17, Layer: fd2b5da9]"
973264.836880,6000,c1690bdb-a1e5-4e67-8c37-5dbe0393ec5a,worker_2,worker_2,DISK_LOAD,8.918619,0.069677,"Disk -> RAM [Model: c1690bdb, Layer: 3f5832d2]"
973264.906557,6000,c1690bdb-a1e5-4e67-8c37-5dbe0393ec5a,worker_2,worker_2,MEM_MOVE,8.918619,0.069677,"RAM -> VRAM [Model: c1690bdb, Layer: 3f5832d2]"
973264.956557,6000,c1690bdb-a1e5-4e67-8c37-5dbe0393ec5a,worker_2,worker_2,GPU_COMPUTE,0.050000,0.050000,GPU Compute
973265.114557,6000,c1690bdb-a1e5-4e67-8c37-5dbe0393ec5a,worker_2,coordinator_0,NET_TRANSFER,0.000100,0.158000,Signal Finished
974351.789573,6000,c1690bdb-a1e5-4e67-8c37-5dbe0393ec5a,coordinator_0,worker_3,NET_TRANSFER,13.581563,1086.675016,Distribute Layer ID: 58a785a0
974351.857795,6000,c1690bdb-a1e5-4e67-8c37-5dbe0393ec5a,worker_3,worker_3,MEM_MOVE,8.732405,0.068222,"Evict VRAM -> RAM [Model: bec081ed, Layer: 8dc4b2c7]"
974351.963901,6000,c1690bdb-a1e5-4e67-8c37-5dbe0393ec5a,worker_3,worker_3,DISK_LOAD,13.581563,0.106106,"Disk -> RAM [Model: c1690bdb, Layer: 58a785a0]"
974352.070007,6000,c1690bdb-a1e5-4e67-8c37-5dbe0393ec5a,worker_3,worker_3,MEM_MOVE,13.581563,0.106106,"RAM -> VRAM [Model: c1690bdb, Layer: 58a785a0]"
974352.120007,6000,c1690bdb-a1e5-4e67-8c37-5dbe0393ec5a,worker_3,worker_3,GPU_COMPUTE,0.050000,0.050000,GPU Compute
974352.278007,6000,c1690bdb-a1e5-4e67-8c37-5dbe0393ec5a,worker_3,coordinator_0,NET_TRANSFER,0.000100,0.158000,Signal Finished
974941.782051,6000,c1690bdb-a1e5-4e67-8c37-5dbe0393ec5a,coordinator_0,worker_4,NET_TRANSFER,7.366926,589.504045,Distribute Layer ID: 8ce247b1
974941.839606,6000,c1690bdb-a1e5-4e67-8c37-5dbe0393ec5a,worker_4,worker_4,DISK_LOAD,7.366926,0.057554,"Disk -> RAM [Model: c1690bdb, Layer: 8ce247b1]"
974941.897160,6000,c1690bdb-a1e5-4e67-8c37-5dbe0393ec5a,worker_4,worker_4,MEM_MOVE,7.366926,0.057554,"RAM -> VRAM [Model: c1690bdb, Layer: 8ce247b1]"
974941.947160,6000,c1690bdb-a1e5-4e67-8c37-5dbe0393ec5a,worker_4,worker_4,GPU_COMPUTE,0.050000,0.050000,GPU Compute
974942.105160,6000,c1690bdb-a1e5-4e67-8c37-5dbe0393ec5a,worker_4,coordinator_0,NET_TRANSFER,0.000100,0.158000,Signal Finished
975707.649757,6000,c1690bdb-a1e5-4e67-8c37-5dbe0393ec5a,coordinator_0,worker_1,NET_TRANSFER,9.567432,765.544598,Distribute Layer ID: fb2d6549
975707.723804,6000,c1690bdb-a1e5-4e67-8c37-5dbe0393ec5a,worker_1,worker_1,MEM_MOVE,9.477959,0.074047,"Evict VRAM -> RAM [Model: 2ede82b5, Layer: f5d8c4d7]"
975707.798549,6000,c1690bdb-a1e5-4e67-8c37-5dbe0393ec5a,worker_1,worker_1,DISK_LOAD,9.567432,0.074746,"Disk -> RAM [Model: c1690bdb, Layer: fb2d6549]"
975707.873295,6000,c1690bdb-a1e5-4e67-8c37-5dbe0393ec5a,worker_1,worker_1,MEM_MOVE,9.567432,0.074746,"RAM -> VRAM [Model: c1690bdb, Layer: fb2d6549]"
975707.923295,6000,c1690bdb-a1e5-4e67-8c37-5dbe0393ec5a,worker_1,worker_1,GPU_COMPUTE,0.050000,0.050000,GPU Compute
975708.081295,6000,c1690bdb-a1e5-4e67-8c37-5dbe0393ec5a,worker_1,coordinator_0,NET_TRANSFER,0.000100,0.158000,Signal Finished
976681.829272,6000,c1690bdb-a1e5-4e67-8c37-5dbe0393ec5a,coordinator_0,worker_2,NET_TRANSFER,12.169975,973.747977,Distribute Layer ID: c148771f
976681.939121,6000,c1690bdb-a1e5-4e67-8c37-5dbe0393ec5a,worker_2,worker_2,MEM_MOVE,14.060646,0.109849,"Evict VRAM -> RAM [Model: 946dc1c0, Layer: bfc2acc0]"
976682.034199,6000,c1690bdb-a1e5-4e67-8c37-5dbe0393ec5a,worker_2,worker_2,DISK_LOAD,12.169975,0.095078,"Disk -> RAM [Model: c1690bdb, Layer: c148771f]"
976682.129277,6000,c1690bdb-a1e5-4e67-8c37-5dbe0393ec5a,worker_2,worker_2,MEM_MOVE,12.169975,0.095078,"RAM -> VRAM [Model: c1690bdb, Layer: c148771f]"
976682.179277,6000,c1690bdb-a1e5-4e67-8c37-5dbe0393ec5a,worker_2,worker_2,GPU_COMPUTE,0.050000,0.050000,GPU Compute
976682.337277,6000,c1690bdb-a1e5-4e67-8c37-5dbe0393ec5a,worker_2,coordinator_0,NET_TRANSFER,0.000100,0.158000,Signal Finished
977112.228220,6000,c1690bdb-a1e5-4e67-8c37-5dbe0393ec5a,coordinator_0,worker_3,NET_TRANSFER,5.371762,429.890944,Distribute Layer ID: 21ca5e0a
977112.301411,6000,c1690bdb-a1e5-4e67-8c37-5dbe0393ec5a,worker_3,worker_3,MEM_MOVE,9.368398,0.073191,"Evict VRAM -> RAM [Model: 53bf5446, Layer: c0544fd5]"
977112.343378,6000,c1690bdb-a1e5-4e67-8c37-5dbe0393ec5a,worker_3,worker_3,DISK_LOAD,5.371762,0.041967,"Disk -> RAM [Model: c1690bdb, Layer: 21ca5e0a]"
977112.385345,6000,c1690bdb-a1e5-4e67-8c37-5dbe0393ec5a,worker_3,worker_3,MEM_MOVE,5.371762,0.041967,"RAM -> VRAM [Model: c1690bdb, Layer: 21ca5e0a]"
977112.435345,6000,c1690bdb-a1e5-4e67-8c37-5dbe0393ec5a,worker_3,worker_3,GPU_COMPUTE,0.050000,0.050000,GPU Compute
977112.593345,6000,c1690bdb-a1e5-4e67-8c37-5dbe0393ec5a,worker_3,coordinator_0,NET_TRANSFER,0.000100,0.158000,Signal Finished
978015.398905,6000,c1690bdb-a1e5-4e67-8c37-5dbe0393ec5a,coordinator_0,worker_4,NET_TRANSFER,11.283195,902.805560,Distribute Layer ID: 91f62a0a
978015.461257,6000,c1690bdb-a1e5-4e67-8c37-5dbe0393ec5a,worker_4,worker_4,MEM_MOVE,7.981004,0.062352,"Evict VRAM -> RAM [Model: efe1fad9, Layer: 355e7a00]"
978015.563749,6000,c1690bdb-a1e5-4e67-8c37-5dbe0393ec5a,worker_4,worker_4,MEM_MOVE,13.119031,0.102492,"Evict VRAM -> RAM [Model: fbf90d55, Layer: 36362d73]"
978015.651899,6000,c1690bdb-a1e5-4e67-8c37-5dbe0393ec5a,worker_4,worker_4,DISK_LOAD,11.283195,0.088150,"Disk -> RAM [Model: c1690bdb, Layer: 91f62a0a]"
978015.740049,6000,c1690bdb-a1e5-4e67-8c37-5dbe0393ec5a,worker_4,worker_4,MEM_MOVE,11.283195,0.088150,"RAM -> VRAM [Model: c1690bdb, Layer: 91f62a0a]"
978015.790049,6000,c1690bdb-a1e5-4e67-8c37-5dbe0393ec5a,worker_4,worker_4,GPU_COMPUTE,0.050000,0.050000,GPU Compute
978015.948049,6000,c1690bdb-a1e5-4e67-8c37-5dbe0393ec5a,worker_4,coordinator_0,NET_TRANSFER,0.000100,0.158000,Signal Finished
978639.139857,6000,c1690bdb-a1e5-4e67-8c37-5dbe0393ec5a,coordinator_0,worker_1,NET_TRANSFER,7.788023,623.191808,Distribute Layer ID: 9f1e0737
978639.198886,6000,c1690bdb-a1e5-4e67-8c37-5dbe0393ec5a,worker_1,worker_1,MEM_MOVE,7.555740,0.059029,"Evict VRAM -> RAM [Model: fbf90d55, Layer: da54fc2e]"
978639.259730,6000,c1690bdb-a1e5-4e67-8c37-5dbe0393ec5a,worker_1,worker_1,DISK_LOAD,7.788023,0.060844,"Disk -> RAM [Model: c1690bdb, Layer: 9f1e0737]"
978639.320574,6000,c1690bdb-a1e5-4e67-8c37-5dbe0393ec5a,worker_1,worker_1,MEM_MOVE,7.788023,0.060844,"RAM -> VRAM [Model: c1690bdb, Layer: 9f1e0737]"
978639.370574,6000,c1690bdb-a1e5-4e67-8c37-5dbe0393ec5a,worker_1,worker_1,GPU_COMPUTE,0.050000,0.050000,GPU Compute
978639.528574,6000,c1690bdb-a1e5-4e67-8c37-5dbe0393ec5a,worker_1,coordinator_0,NET_TRANSFER,0.000100,0.158000,Signal Finished
979427.229800,6000,c1690bdb-a1e5-4e67-8c37-5dbe0393ec5a,coordinator_0,worker_2,NET_TRANSFER,9.844390,787.701226,Distribute Layer ID: 8c76e4c8
979427.343121,6000,c1690bdb-a1e5-4e67-8c37-5dbe0393ec5a,worker_2,worker_2,MEM_MOVE,14.505082,0.113321,"Evict VRAM -> RAM [Model: 9d4a632c, Layer: bbc82908]"
979427.420030,6000,c1690bdb-a1e5-4e67-8c37-5dbe0393ec5a,worker_2,worker_2,DISK_LOAD,9.844390,0.076909,"Disk -> RAM [Model: c1690bdb, Layer: 8c76e4c8]"
979427.496940,6000,c1690bdb-a1e5-4e67-8c37-5dbe0393ec5a,worker_2,worker_2,MEM_MOVE,9.844390,0.076909,"RAM -> VRAM [Model: c1690bdb, Layer: 8c76e4c8]"
979427.546940,6000,c1690bdb-a1e5-4e67-8c37-5dbe0393ec5a,worker_2,worker_2,GPU_COMPUTE,0.050000,0.050000,GPU Compute
979427.704940,6000,c1690bdb-a1e5-4e67-8c37-5dbe0393ec5a,worker_2,coordinator_0,NET_TRANSFER,0.000100,0.158000,Signal Finished
979859.973537,6000,c1690bdb-a1e5-4e67-8c37-5dbe0393ec5a,coordinator_0,worker_3,NET_TRANSFER,5.401482,432.268598,Distribute Layer ID: 3787195f
979860.015736,6000,c1690bdb-a1e5-4e67-8c37-5dbe0393ec5a,worker_3,worker_3,DISK_LOAD,5.401482,0.042199,"Disk -> RAM [Model: c1690bdb, Layer: 3787195f]"
979860.057935,6000,c1690bdb-a1e5-4e67-8c37-5dbe0393ec5a,worker_3,worker_3,MEM_MOVE,5.401482,0.042199,"RAM -> VRAM [Model: c1690bdb, Layer: 3787195f]"
979860.107935,6000,c1690bdb-a1e5-4e67-8c37-5dbe0393ec5a,worker_3,worker_3,GPU_COMPUTE,0.050000,0.050000,GPU Compute
979860.265935,6000,c1690bdb-a1e5-4e67-8c37-5dbe0393ec5a,worker_3,coordinator_0,NET_TRANSFER,0.000100,0.158000,Signal Finished
980735.183362,6000,c1690bdb-a1e5-4e67-8c37-5dbe0393ec5a,coordinator_0,worker_4,NET_TRANSFER,10.934593,874.917427,Distribute Layer ID: 978e1d93
980735.268789,6000,c1690bdb-a1e5-4e67-8c37-5dbe0393ec5a,worker_4,worker_4,DISK_LOAD,10.934593,0.085427,"Disk -> RAM [Model: c1690bdb, Layer: 978e1d93]"
980735.354215,6000,c1690bdb-a1e5-4e67-8c37-5dbe0393ec5a,worker_4,worker_4,MEM_MOVE,10.934593,0.085427,"RAM -> VRAM [Model: c1690bdb, Layer: 978e1d93]"
980735.404215,6000,c1690bdb-a1e5-4e67-8c37-5dbe0393ec5a,worker_4,worker_4,GPU_COMPUTE,0.050000,0.050000,GPU Compute
980735.562215,6000,c1690bdb-a1e5-4e67-8c37-5dbe0393ec5a,worker_4,coordinator_0,NET_TRANSFER,0.000100,0.158000,Signal Finished
981319.750393,6000,c1690bdb-a1e5-4e67-8c37-5dbe0393ec5a,coordinator_0,worker_1,NET_TRANSFER,7.300477,584.188177,Distribute Layer ID: a61d9b94
981319.863811,6000,c1690bdb-a1e5-4e67-8c37-5dbe0393ec5a,worker_1,worker_1,MEM_MOVE,14.517532,0.113418,"Evict VRAM -> RAM [Model: 9d4a632c, Layer: 7bfddc45]"
981319.920846,6000,c1690bdb-a1e5-4e67-8c37-5dbe0393ec5a,worker_1,worker_1,DISK_LOAD,7.300477,0.057035,"Disk -> RAM [Model: c1690bdb, Layer: a61d9b94]"
981319.977881,6000,c1690bdb-a1e5-4e67-8c37-5dbe0393ec5a,worker_1,worker_1,MEM_MOVE,7.300477,0.057035,"RAM -> VRAM [Model: c1690bdb, Layer: a61d9b94]"
981320.027881,6000,c1690bdb-a1e5-4e67-8c37-5dbe0393ec5a,worker_1,worker_1,GPU_COMPUTE,0.050000,0.050000,GPU Compute
981320.185881,6000,c1690bdb-a1e5-4e67-8c37-5dbe0393ec5a,worker_1,coordinator_0,NET_TRANSFER,0.000100,0.158000,Signal Finished
982275.571551,6000,c1690bdb-a1e5-4e67-8c37-5dbe0393ec5a,coordinator_0,worker_2,NET_TRANSFER,11.940446,955.385670,Distribute Layer ID: dfbf0e28
982275.671536,6000,c1690bdb-a1e5-4e67-8c37-5dbe0393ec5a,worker_2,worker_2,MEM_MOVE,12.798063,0.099985,"Evict VRAM -> RAM [Model: 53bf5446, Layer: 6c469ca6]"
982275.764821,6000,c1690bdb-a1e5-4e67-8c37-5dbe0393ec5a,worker_2,worker_2,DISK_LOAD,11.940446,0.093285,"Disk -> RAM [Model: c1690bdb, Layer: dfbf0e28]"
982275.858105,6000,c1690bdb-a1e5-4e67-8c37-5dbe0393ec5a,worker_2,worker_2,MEM_MOVE,11.940446,0.093285,"RAM -> VRAM [Model: c1690bdb, Layer: dfbf0e28]"
982275.908105,6000,c1690bdb-a1e5-4e67-8c37-5dbe0393ec5a,worker_2,worker_2,GPU_COMPUTE,0.050000,0.050000,GPU Compute
982276.066105,6000,c1690bdb-a1e5-4e67-8c37-5dbe0393ec5a,worker_2,coordinator_0,NET_TRANSFER,0.000100,0.158000,Signal Finished
983399.389461,6000,c1690bdb-a1e5-4e67-8c37-5dbe0393ec5a,coordinator_0,worker_3,NET_TRANSFER,14.039667,1123.323355,Distribute Layer ID: 0b7acfe4
983399.464454,6000,c1690bdb-a1e5-4e67-8c37-5dbe0393ec5a,worker_3,worker_3,MEM_MOVE,9.599086,0.074993,"Evict VRAM -> RAM [Model: 53bf5446, Layer: 87bf89f4]"
983399.579351,6000,c1690bdb-a1e5-4e67-8c37-5dbe0393ec5a,worker_3,worker_3,MEM_MOVE,14.706868,0.114897,"Evict VRAM -> RAM [Model: 9d4a632c, Layer: bcd50f9f]"
983399.689036,6000,c1690bdb-a1e5-4e67-8c37-5dbe0393ec5a,worker_3,worker_3,DISK_LOAD,14.039667,0.109685,"Disk -> RAM [Model: c1690bdb, Layer: 0b7acfe4]"
983399.798721,6000,c1690bdb-a1e5-4e67-8c37-5dbe0393ec5a,worker_3,worker_3,MEM_MOVE,14.039667,0.109685,"RAM -> VRAM [Model: c1690bdb, Layer: 0b7acfe4]"
983399.848721,6000,c1690bdb-a1e5-4e67-8c37-5dbe0393ec5a,worker_3,worker_3,GPU_COMPUTE,0.050000,0.050000,GPU Compute
983400.006721,6000,c1690bdb-a1e5-4e67-8c37-5dbe0393ec5a,worker_3,coordinator_0,NET_TRANSFER,0.000100,0.158000,Signal Finished
984503.693915,6000,c1690bdb-a1e5-4e67-8c37-5dbe0393ec5a,coordinator_0,worker_4,NET_TRANSFER,13.794215,1103.687194,Distribute Layer ID: a3b99eb2
984503.753175,6000,c1690bdb-a1e5-4e67-8c37-5dbe0393ec5a,worker_4,worker_4,MEM_MOVE,7.585352,0.059261,"Evict VRAM -> RAM [Model: bec081ed, Layer: 2a5bf0a5]"
984503.852706,6000,c1690bdb-a1e5-4e67-8c37-5dbe0393ec5a,worker_4,worker_4,MEM_MOVE,12.739940,0.099531,"Evict VRAM -> RAM [Model: 750b7e46, Layer: f86f7e3e]"
984503.960473,6000,c1690bdb-a1e5-4e67-8c37-5dbe0393ec5a,worker_4,worker_4,DISK_LOAD,13.794215,0.107767,"Disk -> RAM [Model: c1690bdb, Layer: a3b99eb2]"
984504.068241,6000,c1690bdb-a1e5-4e67-8c37-5dbe0393ec5a,worker_4,worker_4,MEM_MOVE,13.794215,0.107767,"RAM -> VRAM [Model: c1690bdb, Layer: a3b99eb2]"
984504.118241,6000,c1690bdb-a1e5-4e67-8c37-5dbe0393ec5a,worker_4,worker_4,GPU_COMPUTE,0.050000,0.050000,GPU Compute
984504.276241,6000,c1690bdb-a1e5-4e67-8c37-5dbe0393ec5a,worker_4,coordinator_0,NET_TRANSFER,0.000100,0.158000,Signal Finished
985072.066180,6000,c1690bdb-a1e5-4e67-8c37-5dbe0393ec5a,coordinator_0,worker_1,NET_TRANSFER,7.095499,567.789939,Distribute Layer ID: c67cc64c
985072.121614,6000,c1690bdb-a1e5-4e67-8c37-5dbe0393ec5a,worker_1,worker_1,DISK_LOAD,7.095499,0.055434,"Disk -> RAM [Model: c1690bdb, Layer: c67cc64c]"
985072.177047,6000,c1690bdb-a1e5-4e67-8c37-5dbe0393ec5a,worker_1,worker_1,MEM_MOVE,7.095499,0.055434,"RAM -> VRAM [Model: c1690bdb, Layer: c67cc64c]"
985072.227047,6000,c1690bdb-a1e5-4e67-8c37-5dbe0393ec5a,worker_1,worker_1,GPU_COMPUTE,0.050000,0.050000,GPU Compute
985072.385047,6000,c1690bdb-a1e5-4e67-8c37-5dbe0393ec5a,worker_1,coordinator_0,NET_TRANSFER,0.000100,0.158000,Signal Finished
986110.737140,6000,c1690bdb-a1e5-4e67-8c37-5dbe0393ec5a,coordinator_0,worker_2,NET_TRANSFER,12.977526,1038.352092,Distribute Layer ID: dfe116b4
986110.817427,6000,c1690bdb-a1e5-4e67-8c37-5dbe0393ec5a,worker_2,worker_2,MEM_MOVE,10.276813,0.080288,"Evict VRAM -> RAM [Model: 53bf5446, Layer: 0fc08033]"
986110.918814,6000,c1690bdb-a1e5-4e67-8c37-5dbe0393ec5a,worker_2,worker_2,DISK_LOAD,12.977526,0.101387,"Disk -> RAM [Model: c1690bdb, Layer: dfe116b4]"
986111.020201,6000,c1690bdb-a1e5-4e67-8c37-5dbe0393ec5a,worker_2,worker_2,MEM_MOVE,12.977526,0.101387,"RAM -> VRAM [Model: c1690bdb, Layer: dfe116b4]"
986111.070201,6000,c1690bdb-a1e5-4e67-8c37-5dbe0393ec5a,worker_2,worker_2,GPU_COMPUTE,0.050000,0.050000,GPU Compute
986111.228201,6000,c1690bdb-a1e5-4e67-8c37-5dbe0393ec5a,worker_2,coordinator_0,NET_TRANSFER,0.000100,0.158000,Signal Finished
986619.557542,6000,c1690bdb-a1e5-4e67-8c37-5dbe0393ec5a,coordinator_0,worker_3,NET_TRANSFER,6.352242,508.329341,Distribute Layer ID: 2e56ddd5
986619.607169,6000,c1690bdb-a1e5-4e67-8c37-5dbe0393ec5a,worker_3,worker_3,DISK_LOAD,6.352242,0.049627,"Disk -> RAM [Model: c1690bdb, Layer: 2e56ddd5]"
986619.656796,6000,c1690bdb-a1e5-4e67-8c37-5dbe0393ec5a,worker_3,worker_3,MEM_MOVE,6.352242,0.049627,"RAM -> VRAM [Model: c1690bdb, Layer: 2e56ddd5]"
986619.706796,6000,c1690bdb-a1e5-4e67-8c37-5dbe0393ec5a,worker_3,worker_3,GPU_COMPUTE,0.050000,0.050000,GPU Compute
986619.864796,6000,c1690bdb-a1e5-4e67-8c37-5dbe0393ec5a,worker_3,coordinator_0,NET_TRANSFER,0.000100,0.158000,Signal Finished
987575.578400,6000,c1690bdb-a1e5-4e67-8c37-5dbe0393ec5a,coordinator_0,worker_4,NET_TRANSFER,11.944545,955.713604,Distribute Layer ID: a787896f
987575.678230,6000,c1690bdb-a1e5-4e67-8c37-5dbe0393ec5a,worker_4,worker_4,MEM_MOVE,12.778256,0.099830,"Evict VRAM -> RAM [Model: bec081ed, Layer: f5876750]"
987575.771547,6000,c1690bdb-a1e5-4e67-8c37-5dbe0393ec5a,worker_4,worker_4,DISK_LOAD,11.944545,0.093317,"Disk -> RAM [Model: c1690bdb, Layer: a787896f]"
987575.864864,6000,c1690bdb-a1e5-4e67-8c37-5dbe0393ec5a,worker_4,worker_4,MEM_MOVE,11.944545,0.093317,"RAM -> VRAM [Model: c1690bdb, Layer: a787896f]"
987575.914864,6000,c1690bdb-a1e5-4e67-8c37-5dbe0393ec5a,worker_4,worker_4,GPU_COMPUTE,0.050000,0.050000,GPU Compute
987576.072864,6000,c1690bdb-a1e5-4e67-8c37-5dbe0393ec5a,worker_4,coordinator_0,NET_TRANSFER,0.000100,0.158000,Signal Finished
988659.476074,6000,c1690bdb-a1e5-4e67-8c37-5dbe0393ec5a,coordinator_0,worker_1,NET_TRANSFER,13.540665,1083.403210,Distribute Layer ID: 708bbe3b
988659.548465,6000,c1690bdb-a1e5-4e67-8c37-5dbe0393ec5a,worker_1,worker_1,MEM_MOVE,9.266041,0.072391,"Evict VRAM -> RAM [Model: 946dc1c0, Layer: a9500c98]"
988659.654251,6000,c1690bdb-a1e5-4e67-8c37-5dbe0393ec5a,worker_1,worker_1,DISK_LOAD,13.540665,0.105786,"Disk -> RAM [Model: c1690bdb, Layer: 708bbe3b]"
988659.760038,6000,c1690bdb-a1e5-4e67-8c37-5dbe0393ec5a,worker_1,worker_1,MEM_MOVE,13.540665,0.105786,"RAM -> VRAM [Model: c1690bdb, Layer: 708bbe3b]"
988659.810038,6000,c1690bdb-a1e5-4e67-8c37-5dbe0393ec5a,worker_1,worker_1,GPU_COMPUTE,0.050000,0.050000,GPU Compute
988659.968038,6000,c1690bdb-a1e5-4e67-8c37-5dbe0393ec5a,worker_1,coordinator_0,NET_TRANSFER,0.000100,0.158000,Signal Finished
989705.601290,6000,c1690bdb-a1e5-4e67-8c37-5dbe0393ec5a,coordinator_0,worker_2,NET_TRANSFER,13.068541,1045.633252,Distribute Layer ID: 11c578e3
989705.719679,6000,c1690bdb-a1e5-4e67-8c37-5dbe0393ec5a,worker_2,worker_2,MEM_MOVE,15.153801,0.118389,"Evict VRAM -> RAM [Model: efe1fad9, Layer: 5f3b4c67]"
989705.821777,6000,c1690bdb-a1e5-4e67-8c37-5dbe0393ec5a,worker_2,worker_2,DISK_LOAD,13.068541,0.102098,"Disk -> RAM [Model: c1690bdb, Layer: 11c578e3]"
989705.923875,6000,c1690bdb-a1e5-4e67-8c37-5dbe0393ec5a,worker_2,worker_2,MEM_MOVE,13.068541,0.102098,"RAM -> VRAM [Model: c1690bdb, Layer: 11c578e3]"
989705.973875,6000,c1690bdb-a1e5-4e67-8c37-5dbe0393ec5a,worker_2,worker_2,GPU_COMPUTE,0.050000,0.050000,GPU Compute
989706.131875,6000,c1690bdb-a1e5-4e67-8c37-5dbe0393ec5a,worker_2,coordinator_0,NET_TRANSFER,0.000100,0.158000,Signal Finished
990291.761043,6000,c1690bdb-a1e5-4e67-8c37-5dbe0393ec5a,coordinator_0,worker_3,NET_TRANSFER,7.318490,585.629169,Distribute Layer ID: 9f76146e
990291.818219,6000,c1690bdb-a1e5-4e67-8c37-5dbe0393ec5a,worker_3,worker_3,DISK_LOAD,7.318490,0.057176,"Disk -> RAM [Model: c1690bdb, Layer: 9f76146e]"
990291.875395,6000,c1690bdb-a1e5-4e67-8c37-5dbe0393ec5a,worker_3,worker_3,MEM_MOVE,7.318490,0.057176,"RAM -> VRAM [Model: c1690bdb, Layer: 9f76146e]"
990291.925395,6000,c1690bdb-a1e5-4e67-8c37-5dbe0393ec5a,worker_3,worker_3,GPU_COMPUTE,0.050000,0.050000,GPU Compute
990292.083395,6000,c1690bdb-a1e5-4e67-8c37-5dbe0393ec5a,worker_3,coordinator_0,NET_TRANSFER,0.000100,0.158000,Signal Finished
990926.026030,6000,c1690bdb-a1e5-4e67-8c37-5dbe0393ec5a,coordinator_0,worker_4,NET_TRANSFER,7.922408,633.942635,Distribute Layer ID: a2ffa231
990926.114180,6000,c1690bdb-a1e5-4e67-8c37-5dbe0393ec5a,worker_4,worker_4,MEM_MOVE,11.283195,0.088150,"Evict VRAM -> RAM [Model: c1690bdb, Layer: 91f62a0a]"
990926.176074,6000,c1690bdb-a1e5-4e67-8c37-5dbe0393ec5a,worker_4,worker_4,DISK_LOAD,7.922408,0.061894,"Disk -> RAM [Model: c1690bdb, Layer: a2ffa231]"
990926.237968,6000,c1690bdb-a1e5-4e67-8c37-5dbe0393ec5a,worker_4,worker_4,MEM_MOVE,7.922408,0.061894,"RAM -> VRAM [Model: c1690bdb, Layer: a2ffa231]"
990926.287968,6000,c1690bdb-a1e5-4e67-8c37-5dbe0393ec5a,worker_4,worker_4,GPU_COMPUTE,0.050000,0.050000,GPU Compute
990926.445968,6000,c1690bdb-a1e5-4e67-8c37-5dbe0393ec5a,worker_4,coordinator_0,NET_TRANSFER,0.000100,0.158000,Signal Finished
991985.910180,6000,c1690bdb-a1e5-4e67-8c37-5dbe0393ec5a,coordinator_0,worker_1,NET_TRANSFER,13.241428,1059.464212,Distribute Layer ID: a766ec4c
991986.006157,6000,c1690bdb-a1e5-4e67-8c37-5dbe0393ec5a,worker_1,worker_1,MEM_MOVE,12.285104,0.095977,"Evict VRAM -> RAM [Model: 9d4a632c, Layer: cea0a003]"
991986.109606,6000,c1690bdb-a1e5-4e67-8c37-5dbe0393ec5a,worker_1,worker_1,DISK_LOAD,13.241428,0.103449,"Disk -> RAM [Model: c1690bdb, Layer: a766ec4c]"
991986.213055,6000,c1690bdb-a1e5-4e67-8c37-5dbe0393ec5a,worker_1,worker_1,MEM_MOVE,13.241428,0.103449,"RAM -> VRAM [Model: c1690bdb, Layer: a766ec4c]"
991986.263055,6000,c1690bdb-a1e5-4e67-8c37-5dbe0393ec5a,worker_1,worker_1,GPU_COMPUTE,0.050000,0.050000,GPU Compute
991986.421055,6000,c1690bdb-a1e5-4e67-8c37-5dbe0393ec5a,worker_1,coordinator_0,NET_TRANSFER,0.000100,0.158000,Signal Finished
992803.786252,6000,c1690bdb-a1e5-4e67-8c37-5dbe0393ec5a,coordinator_0,worker_2,NET_TRANSFER,10.215190,817.365197,Distribute Layer ID: 81e917b3
992803.849996,6000,c1690bdb-a1e5-4e67-8c37-5dbe0393ec5a,worker_2,worker_2,MEM_MOVE,8.159300,0.063745,"Evict VRAM -> RAM [Model: bec081ed, Layer: f141fe72]"
992803.929802,6000,c1690bdb-a1e5-4e67-8c37-5dbe0393ec5a,worker_2,worker_2,DISK_LOAD,10.215190,0.079806,"Disk -> RAM [Model: c1690bdb, Layer: 81e917b3]"
992804.009608,6000,c1690bdb-a1e5-4e67-8c37-5dbe0393ec5a,worker_2,worker_2,MEM_MOVE,10.215190,0.079806,"RAM -> VRAM [Model: c1690bdb, Layer: 81e917b3]"
992804.059608,6000,c1690bdb-a1e5-4e67-8c37-5dbe0393ec5a,worker_2,worker_2,GPU_COMPUTE,0.050000,0.050000,GPU Compute
992804.217608,6000,c1690bdb-a1e5-4e67-8c37-5dbe0393ec5a,worker_2,coordinator_0,NET_TRANSFER,0.000100,0.158000,Signal Finished
993839.700549,6000,c1690bdb-a1e5-4e67-8c37-5dbe0393ec5a,coordinator_0,worker_3,NET_TRANSFER,12.941662,1035.482940,Distribute Layer ID: 40a9485b
993839.762091,6000,c1690bdb-a1e5-4e67-8c37-5dbe0393ec5a,worker_3,worker_3,MEM_MOVE,7.877406,0.061542,"Evict VRAM -> RAM [Model: efe1fad9, Layer: be52604e]"
993839.871776,6000,c1690bdb-a1e5-4e67-8c37-5dbe0393ec5a,worker_3,worker_3,MEM_MOVE,14.039667,0.109685,"Evict VRAM -> RAM [Model: c1690bdb, Layer: 0b7acfe4]"
993839.972883,6000,c1690bdb-a1e5-4e67-8c37-5dbe0393ec5a,worker_3,worker_3,DISK_LOAD,12.941662,0.101107,"Disk -> RAM [Model: c1690bdb, Layer: 40a9485b]"
993840.073990,6000,c1690bdb-a1e5-4e67-8c37-5dbe0393ec5a,worker_3,worker_3,MEM_MOVE,12.941662,0.101107,"RAM -> VRAM [Model: c1690bdb, Layer: 40a9485b]"
993840.123990,6000,c1690bdb-a1e5-4e67-8c37-5dbe0393ec5a,worker_3,worker_3,GPU_COMPUTE,0.050000,0.050000,GPU Compute
993840.281990,6000,c1690bdb-a1e5-4e67-8c37-5dbe0393ec5a,worker_3,coordinator_0,NET_TRANSFER,0.000100,0.158000,Signal Finished
994926.933979,6000,c1690bdb-a1e5-4e67-8c37-5dbe0393ec5a,coordinator_0,worker_4,NET_TRANSFER,13.581275,1086.651990,Distribute Layer ID: 2221106e
994927.045642,6000,c1690bdb-a1e5-4e67-8c37-5dbe0393ec5a,worker_4,worker_4,MEM_MOVE,14.292804,0.111663,"Evict VRAM -> RAM [Model: 946dc1c0, Layer: 8a9ba79e]"
994927.151746,6000,c1690bdb-a1e5-4e67-8c37-5dbe0393ec5a,worker_4,worker_4,DISK_LOAD,13.581275,0.106104,"Disk -> RAM [Model: c1690bdb, Layer: 2221106e]"
994927.257849,6000,c1690bdb-a1e5-4e67-8c37-5dbe0393ec5a,worker_4,worker_4,MEM_MOVE,13.581275,0.106104,"RAM -> VRAM [Model: c1690bdb, Layer: 2221106e]"
994927.307849,6000,c1690bdb-a1e5-4e67-8c37-5dbe0393ec5a,worker_4,worker_4,GPU_COMPUTE,0.050000,0.050000,GPU Compute
994927.465849,6000,c1690bdb-a1e5-4e67-8c37-5dbe0393ec5a,worker_4,coordinator_0,NET_TRANSFER,0.000100,0.158000,Signal Finished
995509.592729,6000,c1690bdb-a1e5-4e67-8c37-5dbe0393ec5a,coordinator_0,worker_1,NET_TRANSFER,7.274711,582.126880,Distribute Layer ID: f7aaa6b7
995509.698516,6000,c1690bdb-a1e5-4e67-8c37-5dbe0393ec5a,worker_1,worker_1,MEM_MOVE,13.540665,0.105786,"Evict VRAM -> RAM [Model: c1690bdb, Layer: 708bbe3b]"
995509.755349,6000,c1690bdb-a1e5-4e67-8c37-5dbe0393ec5a,worker_1,worker_1,DISK_LOAD,7.274711,0.056834,"Disk -> RAM [Model: c1690bdb, Layer: f7aaa6b7]"
995509.812183,6000,c1690bdb-a1e5-4e67-8c37-5dbe0393ec5a,worker_1,worker_1,MEM_MOVE,7.274711,0.056834,"RAM -> VRAM [Model: c1690bdb, Layer: f7aaa6b7]"
995509.862183,6000,c1690bdb-a1e5-4e67-8c37-5dbe0393ec5a,worker_1,worker_1,GPU_COMPUTE,0.050000,0.050000,GPU Compute
995510.020183,6000,c1690bdb-a1e5-4e67-8c37-5dbe0393ec5a,worker_1,coordinator_0,NET_TRANSFER,0.000100,0.158000,Signal Finished
996068.559806,6000,c1690bdb-a1e5-4e67-8c37-5dbe0393ec5a,coordinator_0,worker_2,NET_TRANSFER,6.979870,558.539623,Distribute Layer ID: c18064d8
996068.645126,6000,c1690bdb-a1e5-4e67-8c37-5dbe0393ec5a,worker_2,worker_2,MEM_MOVE,10.920959,0.085320,"Evict VRAM -> RAM [Model: 2ede82b5, Layer: 697dee1a]"
996068.699656,6000,c1690bdb-a1e5-4e67-8c37-5dbe0393ec5a,worker_2,worker_2,DISK_LOAD,6.979870,0.054530,"Disk -> RAM [Model: c1690bdb, Layer: c18064d8]"
996068.754186,6000,c1690bdb-a1e5-4e67-8c37-5dbe0393ec5a,worker_2,worker_2,MEM_MOVE,6.979870,0.054530,"RAM -> VRAM [Model: c1690bdb, Layer: c18064d8]"
996068.804186,6000,c1690bdb-a1e5-4e67-8c37-5dbe0393ec5a,worker_2,worker_2,GPU_COMPUTE,0.050000,0.050000,GPU Compute
996068.962186,6000,c1690bdb-a1e5-4e67-8c37-5dbe0393ec5a,worker_2,coordinator_0,NET_TRANSFER,0.000100,0.158000,Signal Finished
996480.113244,6000,c1690bdb-a1e5-4e67-8c37-5dbe0393ec5a,coordinator_0,worker_3,NET_TRANSFER,5.137513,411.151058,Distribute Layer ID: c2314985
996480.153381,6000,c1690bdb-a1e5-4e67-8c37-5dbe0393ec5a,worker_3,worker_3,DISK_LOAD,5.137513,0.040137,"Disk -> RAM [Model: c1690bdb, Layer: c2314985]"
996480.193517,6000,c1690bdb-a1e5-4e67-8c37-5dbe0393ec5a,worker_3,worker_3,MEM_MOVE,5.137513,0.040137,"RAM -> VRAM [Model: c1690bdb, Layer: c2314985]"
996480.243517,6000,c1690bdb-a1e5-4e67-8c37-5dbe0393ec5a,worker_3,worker_3,GPU_COMPUTE,0.050000,0.050000,GPU Compute
996480.401517,6000,c1690bdb-a1e5-4e67-8c37-5dbe0393ec5a,worker_3,coordinator_0,NET_TRANSFER,0.000100,0.158000,Signal Finished
997129.831839,6000,c1690bdb-a1e5-4e67-8c37-5dbe0393ec5a,coordinator_0,worker_4,NET_TRANSFER,8.116004,649.430321,Distribute Layer ID: 31d4fb8e
997129.895245,6000,c1690bdb-a1e5-4e67-8c37-5dbe0393ec5a,worker_4,worker_4,DISK_LOAD,8.116004,0.063406,"Disk -> RAM [Model: c1690bdb, Layer: 31d4fb8e]"
997129.958651,6000,c1690bdb-a1e5-4e67-8c37-5dbe0393ec5a,worker_4,worker_4,MEM_MOVE,8.116004,0.063406,"RAM -> VRAM [Model: c1690bdb, Layer: 31d4fb8e]"
997130.008651,6000,c1690bdb-a1e5-4e67-8c37-5dbe0393ec5a,worker_4,worker_4,GPU_COMPUTE,0.050000,0.050000,GPU Compute
997130.166651,6000,c1690bdb-a1e5-4e67-8c37-5dbe0393ec5a,worker_4,coordinator_0,NET_TRANSFER,0.000100,0.158000,Signal Finished
998238.673822,6000,c1690bdb-a1e5-4e67-8c37-5dbe0393ec5a,coordinator_0,worker_1,NET_TRANSFER,13.854465,1108.507171,Distribute Layer ID: b0691420
998238.784258,6000,c1690bdb-a1e5-4e67-8c37-5dbe0393ec5a,worker_1,worker_1,MEM_MOVE,14.135798,0.110436,"Evict VRAM -> RAM [Model: 1ff6ef17, Layer: 629c9bca]"
998238.892496,6000,c1690bdb-a1e5-4e67-8c37-5dbe0393ec5a,worker_1,worker_1,DISK_LOAD,13.854465,0.108238,"Disk -> RAM [Model: c1690bdb, Layer: b0691420]"
998239.000734,6000,c1690bdb-a1e5-4e67-8c37-5dbe0393ec5a,worker_1,worker_1,MEM_MOVE,13.854465,0.108238,"RAM -> VRAM [Model: c1690bdb, Layer: b0691420]"
998239.050734,6000,c1690bdb-a1e5-4e67-8c37-5dbe0393ec5a,worker_1,worker_1,GPU_COMPUTE,0.050000,0.050000,GPU Compute
998239.208734,6000,c1690bdb-a1e5-4e67-8c37-5dbe0393ec5a,worker_1,coordinator_0,NET_TRANSFER,0.000100,0.158000,Signal Finished
998615.693549,6000,c1690bdb-a1e5-4e67-8c37-5dbe0393ec5a,coordinator_0,worker_2,NET_TRANSFER,4.704185,376.484815,Distribute Layer ID: 80c011c3
998615.730301,6000,c1690bdb-a1e5-4e67-8c37-5dbe0393ec5a,worker_2,worker_2,DISK_LOAD,4.704185,0.036751,"Disk -> RAM [Model: c1690bdb, Layer: 80c011c3]"
998615.767052,6000,c1690bdb-a1e5-4e67-8c37-5dbe0393ec5a,worker_2,worker_2,MEM_MOVE,4.704185,0.036751,"RAM -> VRAM [Model: c1690bdb, Layer: 80c011c3]"
998615.817052,6000,c1690bdb-a1e5-4e67-8c37-5dbe0393ec5a,worker_2,worker_2,GPU_COMPUTE,0.050000,0.050000,GPU Compute
998615.975052,6000,c1690bdb-a1e5-4e67-8c37-5dbe0393ec5a,worker_2,coordinator_0,NET_TRANSFER,0.000100,0.158000,Signal Finished
999365.419499,6000,c1690bdb-a1e5-4e67-8c37-5dbe0393ec5a,coordinator_0,worker_3,NET_TRANSFER,9.366181,749.444447,Distribute Layer ID: ab501d15
999365.487347,6000,c1690bdb-a1e5-4e67-8c37-5dbe0393ec5a,worker_3,worker_3,MEM_MOVE,8.684594,0.067848,"Evict VRAM -> RAM [Model: 946dc1c0, Layer: f577216e]"
999365.560521,6000,c1690bdb-a1e5-4e67-8c37-5dbe0393ec5a,worker_3,worker_3,DISK_LOAD,9.366181,0.073173,"Disk -> RAM [Model: c1690bdb, Layer: ab501d15]"
999365.633694,6000,c1690bdb-a1e5-4e67-8c37-5dbe0393ec5a,worker_3,worker_3,MEM_MOVE,9.366181,0.073173,"RAM -> VRAM [Model: c1690bdb, Layer: ab501d15]"
999365.683694,6000,c1690bdb-a1e5-4e67-8c37-5dbe0393ec5a,worker_3,worker_3,GPU_COMPUTE,0.050000,0.050000,GPU Compute
999365.841694,6000,c1690bdb-a1e5-4e67-8c37-5dbe0393ec5a,worker_3,coordinator_0,NET_TRANSFER,0.000100,0.158000,Signal Finished
999878.280545,6000,c1690bdb-a1e5-4e67-8c37-5dbe0393ec5a,coordinator_0,worker_4,NET_TRANSFER,6.403611,512.438851,Distribute Layer ID: 7a45dd1c
999878.367776,6000,c1690bdb-a1e5-4e67-8c37-5dbe0393ec5a,worker_4,worker_4,MEM_MOVE,11.165575,0.087231,"Evict VRAM -> RAM [Model: 9d4a632c, Layer: 07d6c723]"
999878.417805,6000,c1690bdb-a1e5-4e67-8c37-5dbe0393ec5a,worker_4,worker_4,DISK_LOAD,6.403611,0.050028,"Disk -> RAM [Model: c1690bdb, Layer: 7a45dd1c]"
999878.467833,6000,c1690bdb-a1e5-4e67-8c37-5dbe0393ec5a,worker_4,worker_4,MEM_MOVE,6.403611,0.050028,"RAM -> VRAM [Model: c1690bdb, Layer: 7a45dd1c]"
999878.517833,6000,c1690bdb-a1e5-4e67-8c37-5dbe0393ec5a,worker_4,worker_4,GPU_COMPUTE,0.050000,0.050000,GPU Compute
999878.675833,6000,c1690bdb-a1e5-4e67-8c37-5dbe0393ec5a,worker_4,coordinator_0,NET_TRANSFER,0.000100,0.158000,Signal Finished
1000321.973133,6000,c1690bdb-a1e5-4e67-8c37-5dbe0393ec5a,coordinator_0,worker_1,NET_TRANSFER,5.539341,443.297301,Distribute Layer ID: 49d0b297
1000322.016410,6000,c1690bdb-a1e5-4e67-8c37-5dbe0393ec5a,worker_1,worker_1,DISK_LOAD,5.539341,0.043276,"Disk -> RAM [Model: c1690bdb, Layer: 49d0b297]"
1000322.059686,6000,c1690bdb-a1e5-4e67-8c37-5dbe0393ec5a,worker_1,worker_1,MEM_MOVE,5.539341,0.043276,"RAM -> VRAM [Model: c1690bdb, Layer: 49d0b297]"
1000322.109686,6000,c1690bdb-a1e5-4e67-8c37-5dbe0393ec5a,worker_1,worker_1,GPU_COMPUTE,0.050000,0.050000,GPU Compute
1000322.267686,6000,c1690bdb-a1e5-4e67-8c37-5dbe0393ec5a,worker_1,coordinator_0,NET_TRANSFER,0.000100,0.158000,Signal Finished
1001255.801211,6000,c1690bdb-a1e5-4e67-8c37-5dbe0393ec5a,coordinator_0,worker_2,NET_TRANSFER,11.667294,933.533525,Distribute Layer ID: 040cbbee
1001255.845503,6000,c1690bdb-a1e5-4e67-8c37-5dbe0393ec5a,worker_2,worker_2,MEM_MOVE,5.669463,0.044293,"Evict VRAM -> RAM [Model: efe1fad9, Layer: c6bdfa31]"
1001255.947601,6000,c1690bdb-a1e5-4e67-8c37-5dbe0393ec5a,worker_2,worker_2,MEM_MOVE,13.068541,0.102098,"Evict VRAM -> RAM [Model: c1690bdb, Layer: 11c578e3]"
1001256.038752,6000,c1690bdb-a1e5-4e67-8c37-5dbe0393ec5a,worker_2,worker_2,DISK_LOAD,11.667294,0.091151,"Disk -> RAM [Model: c1690bdb, Layer: 040cbbee]"
1001256.129903,6000,c1690bdb-a1e5-4e67-8c37-5dbe0393ec5a,worker_2,worker_2,MEM_MOVE,11.667294,0.091151,"RAM -> VRAM [Model: c1690bdb, Layer: 040cbbee]"
1001256.179903,6000,c1690bdb-a1e5-4e67-8c37-5dbe0393ec5a,worker_2,worker_2,GPU_COMPUTE,0.050000,0.050000,GPU Compute
1001256.337903,6000,c1690bdb-a1e5-4e67-8c37-5dbe0393ec5a,worker_2,coordinator_0,NET_TRANSFER,0.000100,0.158000,Signal Finished
1002053.323412,6000,c1690bdb-a1e5-4e67-8c37-5dbe0393ec5a,coordinator_0,worker_3,NET_TRANSFER,9.960444,796.985509,Distribute Layer ID: 1babfde3
1002053.428510,6000,c1690bdb-a1e5-4e67-8c37-5dbe0393ec5a,worker_3,worker_3,MEM_MOVE,13.452543,0.105098,"Evict VRAM -> RAM [Model: 53bf5446, Layer: fa29660b]"
1002053.506326,6000,c1690bdb-a1e5-4e67-8c37-5dbe0393ec5a,worker_3,worker_3,DISK_LOAD,9.960444,0.077816,"Disk -> RAM [Model: c1690bdb, Layer: 1babfde3]"
1002053.584142,6000,c1690bdb-a1e5-4e67-8c37-5dbe0393ec5a,worker_3,worker_3,MEM_MOVE,9.960444,0.077816,"RAM -> VRAM [Model: c1690bdb, Layer: 1babfde3]"
1002053.634142,6000,c1690bdb-a1e5-4e67-8c37-5dbe0393ec5a,worker_3,worker_3,GPU_COMPUTE,0.050000,0.050000,GPU Compute
1002053.792142,6000,c1690bdb-a1e5-4e67-8c37-5dbe0393ec5a,worker_3,coordinator_0,NET_TRANSFER,0.000100,0.158000,Signal Finished
1002995.840089,6000,c1690bdb-a1e5-4e67-8c37-5dbe0393ec5a,coordinator_0,worker_4,NET_TRANSFER,11.773724,942.047947,Distribute Layer ID: 4d1b64f3
1002995.935354,6000,c1690bdb-a1e5-4e67-8c37-5dbe0393ec5a,worker_4,worker_4,MEM_MOVE,12.193951,0.095265,"Evict VRAM -> RAM [Model: 946dc1c0, Layer: 3ceee5b8]"
1002996.027336,6000,c1690bdb-a1e5-4e67-8c37-5dbe0393ec5a,worker_4,worker_4,DISK_LOAD,11.773724,0.091982,"Disk -> RAM [Model: c1690bdb, Layer: 4d1b64f3]"
1002996.119319,6000,c1690bdb-a1e5-4e67-8c37-5dbe0393ec5a,worker_4,worker_4,MEM_MOVE,11.773724,0.091982,"RAM -> VRAM [Model: c1690bdb, Layer: 4d1b64f3]"
1002996.169319,6000,c1690bdb-a1e5-4e67-8c37-5dbe0393ec5a,worker_4,worker_4,GPU_COMPUTE,0.050000,0.050000,GPU Compute
1002996.327319,6000,c1690bdb-a1e5-4e67-8c37-5dbe0393ec5a,worker_4,coordinator_0,NET_TRANSFER,0.000100,0.158000,Signal Finished
1003957.637272,6000,c1690bdb-a1e5-4e67-8c37-5dbe0393ec5a,coordinator_0,worker_1,NET_TRANSFER,12.014499,961.309953,Distribute Layer ID: 10178d61
1003957.721998,6000,c1690bdb-a1e5-4e67-8c37-5dbe0393ec5a,worker_1,worker_1,MEM_MOVE,10.844951,0.084726,"Evict VRAM -> RAM [Model: ca30bd4c, Layer: 29d94a14]"
1003957.815861,6000,c1690bdb-a1e5-4e67-8c37-5dbe0393ec5a,worker_1,worker_1,DISK_LOAD,12.014499,0.093863,"Disk -> RAM [Model: c1690bdb, Layer: 10178d61]"
1003957.909724,6000,c1690bdb-a1e5-4e67-8c37-5dbe0393ec5a,worker_1,worker_1,MEM_MOVE,12.014499,0.093863,"RAM -> VRAM [Model: c1690bdb, Layer: 10178d61]"
1003957.959724,6000,c1690bdb-a1e5-4e67-8c37-5dbe0393ec5a,worker_1,worker_1,GPU_COMPUTE,0.050000,0.050000,GPU Compute
1003958.117724,6000,c1690bdb-a1e5-4e67-8c37-5dbe0393ec5a,worker_1,coordinator_0,NET_TRANSFER,0.000100,0.158000,Signal Finished
1003958.275724,9000,f697b31d-0844-4604-8be7-96706f9dbc0e,coordinator_0,client_9,NET_TRANSFER,0.000100,0.158000,Signal: Cache Miss / Request Weights
1044226.713191,9000,f697b31d-0844-4604-8be7-96706f9dbc0e,client_9,coordinator_0,NET_TRANSFER,503.353593,40268.437467,Upload Model Weights
1045401.854512,9000,f697b31d-0844-4604-8be7-96706f9dbc0e,coordinator_0,worker_3,NET_TRANSFER,14.687392,1175.141321,Distribute Layer ID: 96620935
1045401.960213,9000,f697b31d-0844-4604-8be7-96706f9dbc0e,worker_3,worker_3,MEM_MOVE,13.529777,0.105701,"Evict VRAM -> RAM [Model: 2ede82b5, Layer: 6bb0d43c]"
1045402.074959,9000,f697b31d-0844-4604-8be7-96706f9dbc0e,worker_3,worker_3,DISK_LOAD,14.687392,0.114745,"Disk -> RAM [Model: f697b31d, Layer: 96620935]"
1045402.189704,9000,f697b31d-0844-4604-8be7-96706f9dbc0e,worker_3,worker_3,MEM_MOVE,14.687392,0.114745,"RAM -> VRAM [Model: f697b31d, Layer: 96620935]"
1045402.239704,9000,f697b31d-0844-4604-8be7-96706f9dbc0e,worker_3,worker_3,GPU_COMPUTE,0.050000,0.050000,GPU Compute
1045402.397704,9000,f697b31d-0844-4604-8be7-96706f9dbc0e,worker_3,coordinator_0,NET_TRANSFER,0.000100,0.158000,Signal Finished
1045990.368485,9000,f697b31d-0844-4604-8be7-96706f9dbc0e,coordinator_0,worker_4,NET_TRANSFER,7.347760,587.970781,Distribute Layer ID: 6ec36ef9
1045990.425889,9000,f697b31d-0844-4604-8be7-96706f9dbc0e,worker_4,worker_4,DISK_LOAD,7.347760,0.057404,"Disk -> RAM [Model: f697b31d, Layer: 6ec36ef9]"
1045990.483294,9000,f697b31d-0844-4604-8be7-96706f9dbc0e,worker_4,worker_4,MEM_MOVE,7.347760,0.057404,"RAM -> VRAM [Model: f697b31d, Layer: 6ec36ef9]"
1045990.533294,9000,f697b31d-0844-4604-8be7-96706f9dbc0e,worker_4,worker_4,GPU_COMPUTE,0.050000,0.050000,GPU Compute
1045990.691294,9000,f697b31d-0844-4604-8be7-96706f9dbc0e,worker_4,coordinator_0,NET_TRANSFER,0.000100,0.158000,Signal Finished
1047102.956436,9000,f697b31d-0844-4604-8be7-96706f9dbc0e,coordinator_0,worker_1,NET_TRANSFER,13.901439,1112.265143,Distribute Layer ID: df661bdf
1047103.049819,9000,f697b31d-0844-4604-8be7-96706f9dbc0e,worker_1,worker_1,MEM_MOVE,11.953018,0.093383,"Evict VRAM -> RAM [Model: 53bf5446, Layer: 04797b1b]"
1047103.091858,9000,f697b31d-0844-4604-8be7-96706f9dbc0e,worker_1,worker_1,MEM_MOVE,5.380925,0.042038,"Evict VRAM -> RAM [Model: 2ede82b5, Layer: a8f447e5]"
1047103.200463,9000,f697b31d-0844-4604-8be7-96706f9dbc0e,worker_1,worker_1,DISK_LOAD,13.901439,0.108605,"Disk -> RAM [Model: f697b31d, Layer: df661bdf]"
1047103.309068,9000,f697b31d-0844-4604-8be7-96706f9dbc0e,worker_1,worker_1,MEM_MOVE,13.901439,0.108605,"RAM -> VRAM [Model: f697b31d, Layer: df661bdf]"
1047103.359068,9000,f697b31d-0844-4604-8be7-96706f9dbc0e,worker_1,worker_1,GPU_COMPUTE,0.050000,0.050000,GPU Compute
1047103.517068,9000,f697b31d-0844-4604-8be7-96706f9dbc0e,worker_1,coordinator_0,NET_TRANSFER,0.000100,0.158000,Signal Finished
1047809.993562,9000,f697b31d-0844-4604-8be7-96706f9dbc0e,coordinator_0,worker_2,NET_TRANSFER,8.829081,706.476495,Distribute Layer ID: 8920cabc
1047810.062540,9000,f697b31d-0844-4604-8be7-96706f9dbc0e,worker_2,worker_2,DISK_LOAD,8.829081,0.068977,"Disk -> RAM [Model: f697b31d, Layer: 8920cabc]"
1047810.131517,9000,f697b31d-0844-4604-8be7-96706f9dbc0e,worker_2,worker_2,MEM_MOVE,8.829081,0.068977,"RAM -> VRAM [Model: f697b31d, Layer: 8920cabc]"
1047810.181517,9000,f697b31d-0844-4604-8be7-96706f9dbc0e,worker_2,worker_2,GPU_COMPUTE,0.050000,0.050000,GPU Compute
1047810.339517,9000,f697b31d-0844-4604-8be7-96706f9dbc0e,worker_2,coordinator_0,NET_TRANSFER,0.000100,0.158000,Signal Finished
1048327.939709,9000,f697b31d-0844-4604-8be7-96706f9dbc0e,coordinator_0,worker_3,NET_TRANSFER,6.468127,517.600192,Distribute Layer ID: 9e2578b6
1048328.004550,9000,f697b31d-0844-4604-8be7-96706f9dbc0e,worker_3,worker_3,MEM_MOVE,8.299647,0.064841,"Evict VRAM -> RAM [Model: 1ff6ef17, Layer: 16bb448e]"
1048328.055082,9000,f697b31d-0844-4604-8be7-96706f9dbc0e,worker_3,worker_3,DISK_LOAD,6.468127,0.050532,"Disk -> RAM [Model: f697b31d, Layer: 9e2578b6]"
1048328.105615,9000,f697b31d-0844-4604-8be7-96706f9dbc0e,worker_3,worker_3,MEM_MOVE,6.468127,0.050532,"RAM -> VRAM [Model: f697b31d, Layer: 9e2578b6]"
1048328.155615,9000,f697b31d-0844-4604-8be7-96706f9dbc0e,worker_3,worker_3,GPU_COMPUTE,0.050000,0.050000,GPU Compute
1048328.313615,9000,f697b31d-0844-4604-8be7-96706f9dbc0e,worker_3,coordinator_0,NET_TRANSFER,0.000100,0.158000,Signal Finished
1048808.642454,9000,f697b31d-0844-4604-8be7-96706f9dbc0e,coordinator_0,worker_4,NET_TRANSFER,6.002235,480.328840,Distribute Layer ID: 89992c0d
1048808.749736,9000,f697b31d-0844-4604-8be7-96706f9dbc0e,worker_4,worker_4,MEM_MOVE,13.732007,0.107281,"Evict VRAM -> RAM [Model: fbf90d55, Layer: 70a53866]"
1048808.796628,9000,f697b31d-0844-4604-8be7-96706f9dbc0e,worker_4,worker_4,DISK_LOAD,6.002235,0.046892,"Disk -> RAM [Model: f697b31d, Layer: 89992c0d]"
1048808.843520,9000,f697b31d-0844-4604-8be7-96706f9dbc0e,worker_4,worker_4,MEM_MOVE,6.002235,0.046892,"RAM -> VRAM [Model: f697b31d, Layer: 89992c0d]"
1048808.893520,9000,f697b31d-0844-4604-8be7-96706f9dbc0e,worker_4,worker_4,GPU_COMPUTE,0.050000,0.050000,GPU Compute
1048809.051520,9000,f697b31d-0844-4604-8be7-96706f9dbc0e,worker_4,coordinator_0,NET_TRANSFER,0.000100,0.158000,Signal Finished
1049867.644431,9000,f697b31d-0844-4604-8be7-96706f9dbc0e,coordinator_0,worker_1,NET_TRANSFER,13.230536,1058.592911,Distribute Layer ID: f7bdccc2
1049867.749204,9000,f697b31d-0844-4604-8be7-96706f9dbc0e,worker_1,worker_1,MEM_MOVE,13.410857,0.104772,"Evict VRAM -> RAM [Model: 750b7e46, Layer: 4c3522a9]"
1049867.852567,9000,f697b31d-0844-4604-8be7-96706f9dbc0e,worker_1,worker_1,DISK_LOAD,13.230536,0.103364,"Disk -> RAM [Model: f697b31d, Layer: f7bdccc2]"
1049867.955931,9000,f697b31d-0844-4604-8be7-96706f9dbc0e,worker_1,worker_1,MEM_MOVE,13.230536,0.103364,"RAM -> VRAM [Model: f697b31d, Layer: f7bdccc2]"
1049868.005931,9000,f697b31d-0844-4604-8be7-96706f9dbc0e,worker_1,worker_1,GPU_COMPUTE,0.050000,0.050000,GPU Compute
1049868.163931,9000,f697b31d-0844-4604-8be7-96706f9dbc0e,worker_1,coordinator_0,NET_TRANSFER,0.000100,0.158000,Signal Finished
1050809.411810,9000,f697b31d-0844-4604-8be7-96706f9dbc0e,coordinator_0,worker_2,NET_TRANSFER,11.763723,941.247879,Distribute Layer ID: 73fe83bb
1050809.449296,9000,f697b31d-0844-4604-8be7-96706f9dbc0e,worker_2,worker_2,MEM_MOVE,4.798182,0.037486,"Evict VRAM -> RAM [Model: bec081ed, Layer: dbccbc39]"
1050809.518973,9000,f697b31d-0844-4604-8be7-96706f9dbc0e,worker_2,worker_2,MEM_MOVE,8.918619,0.069677,"Evict VRAM -> RAM [Model: c1690bdb, Layer: 3f5832d2]"
1050809.610877,9000,f697b31d-0844-4604-8be7-96706f9dbc0e,worker_2,worker_2,DISK_LOAD,11.763723,0.091904,"Disk -> RAM [Model: f697b31d, Layer: 73fe83bb]"
1050809.702781,9000,f697b31d-0844-4604-8be7-96706f9dbc0e,worker_2,worker_2,MEM_MOVE,11.763723,0.091904,"RAM -> VRAM [Model: f697b31d, Layer: 73fe83bb]"
1050809.752781,9000,f697b31d-0844-4604-8be7-96706f9dbc0e,worker_2,worker_2,GPU_COMPUTE,0.050000,0.050000,GPU Compute
1050809.910781,9000,f697b31d-0844-4604-8be7-96706f9dbc0e,worker_2,coordinator_0,NET_TRANSFER,0.000100,0.158000,Signal Finished
1051809.810968,9000,f697b31d-0844-4604-8be7-96706f9dbc0e,coordinator_0,worker_3,NET_TRANSFER,12.496877,999.900187,Distribute Layer ID: c31345f0
1051809.910025,9000,f697b31d-0844-4604-8be7-96706f9dbc0e,worker_3,worker_3,MEM_MOVE,12.679392,0.099058,"Evict VRAM -> RAM [Model: bec081ed, Layer: 41396f35]"
1051810.007657,9000,f697b31d-0844-4604-8be7-96706f9dbc0e,worker_3,worker_3,DISK_LOAD,12.496877,0.097632,"Disk -> RAM [Model: f697b31d, Layer: c31345f0]"
1051810.105289,9000,f697b31d-0844-4604-8be7-96706f9dbc0e,worker_3,worker_3,MEM_MOVE,12.496877,0.097632,"RAM -> VRAM [Model: f697b31d, Layer: c31345f0]"
1051810.155289,9000,f697b31d-0844-4604-8be7-96706f9dbc0e,worker_3,worker_3,GPU_COMPUTE,0.050000,0.050000,GPU Compute
1051810.313289,9000,f697b31d-0844-4604-8be7-96706f9dbc0e,worker_3,coordinator_0,NET_TRANSFER,0.000100,0.158000,Signal Finished
1052883.498308,9000,f697b31d-0844-4604-8be7-96706f9dbc0e,coordinator_0,worker_4,NET_TRANSFER,13.412938,1073.185019,Distribute Layer ID: 4cc68ae3
1052883.560201,9000,f697b31d-0844-4604-8be7-96706f9dbc0e,worker_4,worker_4,MEM_MOVE,7.922408,0.061894,"Evict VRAM -> RAM [Model: c1690bdb, Layer: a2ffa231]"
1052883.664990,9000,f697b31d-0844-4604-8be7-96706f9dbc0e,worker_4,worker_4,DISK_LOAD,13.412938,0.104789,"Disk -> RAM [Model: f697b31d, Layer: 4cc68ae3]"
1052883.769779,9000,f697b31d-0844-4604-8be7-96706f9dbc0e,worker_4,worker_4,MEM_MOVE,13.412938,0.104789,"RAM -> VRAM [Model: f697b31d, Layer: 4cc68ae3]"
1052883.819779,9000,f697b31d-0844-4604-8be7-96706f9dbc0e,worker_4,worker_4,GPU_COMPUTE,0.050000,0.050000,GPU Compute
1052883.977779,9000,f697b31d-0844-4604-8be7-96706f9dbc0e,worker_4,coordinator_0,NET_TRANSFER,0.000100,0.158000,Signal Finished
1053381.637022,9000,f697b31d-0844-4604-8be7-96706f9dbc0e,coordinator_0,worker_1,NET_TRANSFER,6.218866,497.659243,Distribute Layer ID: c256e0d8
1053381.703024,9000,f697b31d-0844-4604-8be7-96706f9dbc0e,worker_1,worker_1,MEM_MOVE,8.448226,0.066002,"Evict VRAM -> RAM [Model: 9d4a632c, Layer: 65f79eb5]"
1053381.751609,9000,f697b31d-0844-4604-8be7-96706f9dbc0e,worker_1,worker_1,DISK_LOAD,6.218866,0.048585,"Disk -> RAM [Model: f697b31d, Layer: c256e0d8]"
1053381.800193,9000,f697b31d-0844-4604-8be7-96706f9dbc0e,worker_1,worker_1,MEM_MOVE,6.218866,0.048585,"RAM -> VRAM [Model: f697b31d, Layer: c256e0d8]"
1053381.850193,9000,f697b31d-0844-4604-8be7-96706f9dbc0e,worker_1,worker_1,GPU_COMPUTE,0.050000,0.050000,GPU Compute
1053382.008193,9000,f697b31d-0844-4604-8be7-96706f9dbc0e,worker_1,coordinator_0,NET_TRANSFER,0.000100,0.158000,Signal Finished
1053802.120383,9000,f697b31d-0844-4604-8be7-96706f9dbc0e,coordinator_0,worker_2,NET_TRANSFER,5.249527,420.112190,Distribute Layer ID: c4551adc
1053802.210495,9000,f697b31d-0844-4604-8be7-96706f9dbc0e,worker_2,worker_2,MEM_MOVE,11.534276,0.090112,"Evict VRAM -> RAM [Model: efe1fad9, Layer: 65f9b8b6]"
1053802.251507,9000,f697b31d-0844-4604-8be7-96706f9dbc0e,worker_2,worker_2,DISK_LOAD,5.249527,0.041012,"Disk -> RAM [Model: f697b31d, Layer: c4551adc]"
1053802.292519,9000,f697b31d-0844-4604-8be7-96706f9dbc0e,worker_2,worker_2,MEM_MOVE,5.249527,0.041012,"RAM -> VRAM [Model: f697b31d, Layer: c4551adc]"
1053802.342519,9000,f697b31d-0844-4604-8be7-96706f9dbc0e,worker_2,worker_2,GPU_COMPUTE,0.050000,0.050000,GPU Compute
1053802.500519,9000,f697b31d-0844-4604-8be7-96706f9dbc0e,worker_2,coordinator_0,NET_TRANSFER,0.000100,0.158000,Signal Finished
1054514.147932,9000,f697b31d-0844-4604-8be7-96706f9dbc0e,coordinator_0,worker_3,NET_TRANSFER,8.893718,711.647414,Distribute Layer ID: 868d234e
1054514.190669,9000,f697b31d-0844-4604-8be7-96706f9dbc0e,worker_3,worker_3,MEM_MOVE,5.470364,0.042737,"Evict VRAM -> RAM [Model: efe1fad9, Layer: 1d0f78a3]"
1054514.260152,9000,f697b31d-0844-4604-8be7-96706f9dbc0e,worker_3,worker_3,DISK_LOAD,8.893718,0.069482,"Disk -> RAM [Model: f697b31d, Layer: 868d234e]"
1054514.329634,9000,f697b31d-0844-4604-8be7-96706f9dbc0e,worker_3,worker_3,MEM_MOVE,8.893718,0.069482,"RAM -> VRAM [Model: f697b31d, Layer: 868d234e]"
1054514.379634,9000,f697b31d-0844-4604-8be7-96706f9dbc0e,worker_3,worker_3,GPU_COMPUTE,0.050000,0.050000,GPU Compute
1054514.537634,9000,f697b31d-0844-4604-8be7-96706f9dbc0e,worker_3,coordinator_0,NET_TRANSFER,0.000100,0.158000,Signal Finished
1054930.534945,9000,f697b31d-0844-4604-8be7-96706f9dbc0e,coordinator_0,worker_4,NET_TRANSFER,5.198091,415.997312,Distribute Layer ID: 8060b338
1054930.579424,9000,f697b31d-0844-4604-8be7-96706f9dbc0e,worker_4,worker_4,MEM_MOVE,5.693216,0.044478,"Evict VRAM -> RAM [Model: 53bf5446, Layer: 1a17de2c]"
1054930.620034,9000,f697b31d-0844-4604-8be7-96706f9dbc0e,worker_4,worker_4,DISK_LOAD,5.198091,0.040610,"Disk -> RAM [Model: f697b31d, Layer: 8060b338]"
1054930.660644,9000,f697b31d-0844-4604-8be7-96706f9dbc0e,worker_4,worker_4,MEM_MOVE,5.198091,0.040610,"RAM -> VRAM [Model: f697b31d, Layer: 8060b338]"
1054930.710644,9000,f697b31d-0844-4604-8be7-96706f9dbc0e,worker_4,worker_4,GPU_COMPUTE,0.050000,0.050000,GPU Compute
1054930.868644,9000,f697b31d-0844-4604-8be7-96706f9dbc0e,worker_4,coordinator_0,NET_TRANSFER,0.000100,0.158000,Signal Finished
1055904.757290,9000,f697b31d-0844-4604-8be7-96706f9dbc0e,coordinator_0,worker_1,NET_TRANSFER,12.171733,973.888647,Distribute Layer ID: a4ef1b13
1055904.812724,9000,f697b31d-0844-4604-8be7-96706f9dbc0e,worker_1,worker_1,MEM_MOVE,7.095499,0.055434,"Evict VRAM -> RAM [Model: c1690bdb, Layer: c67cc64c]"
1055904.907816,9000,f697b31d-0844-4604-8be7-96706f9dbc0e,worker_1,worker_1,DISK_LOAD,12.171733,0.095092,"Disk -> RAM [Model: f697b31d, Layer: a4ef1b13]"
1055905.002907,9000,f697b31d-0844-4604-8be7-96706f9dbc0e,worker_1,worker_1,MEM_MOVE,12.171733,0.095092,"RAM -> VRAM [Model: f697b31d, Layer: a4ef1b13]"
1055905.052907,9000,f697b31d-0844-4604-8be7-96706f9dbc0e,worker_1,worker_1,GPU_COMPUTE,0.050000,0.050000,GPU Compute
1055905.210907,9000,f697b31d-0844-4604-8be7-96706f9dbc0e,worker_1,coordinator_0,NET_TRANSFER,0.000100,0.158000,Signal Finished
1056476.097973,9000,f697b31d-0844-4604-8be7-96706f9dbc0e,coordinator_0,worker_2,NET_TRANSFER,7.134213,570.887065,Distribute Layer ID: b51d0d8a
1056476.153709,9000,f697b31d-0844-4604-8be7-96706f9dbc0e,worker_2,worker_2,DISK_LOAD,7.134213,0.055736,"Disk -> RAM [Model: f697b31d, Layer: b51d0d8a]"
1056476.209445,9000,f697b31d-0844-4604-8be7-96706f9dbc0e,worker_2,worker_2,MEM_MOVE,7.134213,0.055736,"RAM -> VRAM [Model: f697b31d, Layer: b51d0d8a]"
1056476.259445,9000,f697b31d-0844-4604-8be7-96706f9dbc0e,worker_2,worker_2,GPU_COMPUTE,0.050000,0.050000,GPU Compute
1056476.417445,9000,f697b31d-0844-4604-8be7-96706f9dbc0e,worker_2,coordinator_0,NET_TRANSFER,0.000100,0.158000,Signal Finished
1057385.189801,9000,f697b31d-0844-4604-8be7-96706f9dbc0e,coordinator_0,worker_3,NET_TRANSFER,11.357779,908.772356,Distribute Layer ID: 8829f215
1057385.262476,9000,f697b31d-0844-4604-8be7-96706f9dbc0e,worker_3,worker_3,MEM_MOVE,9.302437,0.072675,"Evict VRAM -> RAM [Model: bec081ed, Layer: 2c5b41c0]"
1057385.351209,9000,f697b31d-0844-4604-8be7-96706f9dbc0e,worker_3,worker_3,DISK_LOAD,11.357779,0.088733,"Disk -> RAM [Model: f697b31d, Layer: 8829f215]"
1057385.439941,9000,f697b31d-0844-4604-8be7-96706f9dbc0e,worker_3,worker_3,MEM_MOVE,11.357779,0.088733,"RAM -> VRAM [Model: f697b31d, Layer: 8829f215]"
1057385.489941,9000,f697b31d-0844-4604-8be7-96706f9dbc0e,worker_3,worker_3,GPU_COMPUTE,0.050000,0.050000,GPU Compute
1057385.647941,9000,f697b31d-0844-4604-8be7-96706f9dbc0e,worker_3,coordinator_0,NET_TRANSFER,0.000100,0.158000,Signal Finished
1058155.882605,9000,f697b31d-0844-4604-8be7-96706f9dbc0e,coordinator_0,worker_4,NET_TRANSFER,9.626058,770.234663,Distribute Layer ID: db8ed0ae
1058155.932633,9000,f697b31d-0844-4604-8be7-96706f9dbc0e,worker_4,worker_4,MEM_MOVE,6.403611,0.050028,"Evict VRAM -> RAM [Model: c1690bdb, Layer: 7a45dd1c]"
1058156.007836,9000,f697b31d-0844-4604-8be7-96706f9dbc0e,worker_4,worker_4,DISK_LOAD,9.626058,0.075204,"Disk -> RAM [Model: f697b31d, Layer: db8ed0ae]"
1058156.083040,9000,f697b31d-0844-4604-8be7-96706f9dbc0e,worker_4,worker_4,MEM_MOVE,9.626058,0.075204,"RAM -> VRAM [Model: f697b31d, Layer: db8ed0ae]"
1058156.133040,9000,f697b31d-0844-4604-8be7-96706f9dbc0e,worker_4,worker_4,GPU_COMPUTE,0.050000,0.050000,GPU Compute
1058156.291040,9000,f697b31d-0844-4604-8be7-96706f9dbc0e,worker_4,coordinator_0,NET_TRANSFER,0.000100,0.158000,Signal Finished
1059064.112443,9000,f697b31d-0844-4604-8be7-96706f9dbc0e,coordinator_0,worker_1,NET_TRANSFER,11.345893,907.821403,Distribute Layer ID: 6370ed34
1059064.201622,9000,f697b31d-0844-4604-8be7-96706f9dbc0e,worker_1,worker_1,MEM_MOVE,11.414892,0.089179,"Evict VRAM -> RAM [Model: 946dc1c0, Layer: d4bada5c]"
1059064.290262,9000,f697b31d-0844-4604-8be7-96706f9dbc0e,worker_1,worker_1,DISK_LOAD,11.345893,0.088640,"Disk -> RAM [Model: f697b31d, Layer: 6370ed34]"
1059064.378902,9000,f697b31d-0844-4604-8be7-96706f9dbc0e,worker_1,worker_1,MEM_MOVE,11.345893,0.088640,"RAM -> VRAM [Model: f697b31d, Layer: 6370ed34]"
1059064.428902,9000,f697b31d-0844-4604-8be7-96706f9dbc0e,worker_1,worker_1,GPU_COMPUTE,0.050000,0.050000,GPU Compute
1059064.586902,9000,f697b31d-0844-4604-8be7-96706f9dbc0e,worker_1,coordinator_0,NET_TRANSFER,0.000100,0.158000,Signal Finished
1059680.695350,9000,f697b31d-0844-4604-8be7-96706f9dbc0e,coordinator_0,worker_2,NET_TRANSFER,7.699481,616.108449,Distribute Layer ID: b360f8f0
1059680.744361,9000,f697b31d-0844-4604-8be7-96706f9dbc0e,worker_2,worker_2,MEM_MOVE,6.273373,0.049011,"Evict VRAM -> RAM [Model: 53bf5446, Layer: fc9f9bc2]"
1059680.804513,9000,f697b31d-0844-4604-8be7-96706f9dbc0e,worker_2,worker_2,DISK_LOAD,7.699481,0.060152,"Disk -> RAM [Model: f697b31d, Layer: b360f8f0]"
1059680.864665,9000,f697b31d-0844-4604-8be7-96706f9dbc0e,worker_2,worker_2,MEM_MOVE,7.699481,0.060152,"RAM -> VRAM [Model: f697b31d, Layer: b360f8f0]"
1059680.914665,9000,f697b31d-0844-4604-8be7-96706f9dbc0e,worker_2,worker_2,GPU_COMPUTE,0.050000,0.050000,GPU Compute
1059681.072665,9000,f697b31d-0844-4604-8be7-96706f9dbc0e,worker_2,coordinator_0,NET_TRANSFER,0.000100,0.158000,Signal Finished
1060690.826273,9000,f697b31d-0844-4604-8be7-96706f9dbc0e,coordinator_0,worker_3,NET_TRANSFER,12.620045,1009.753608,Distribute Layer ID: 86fce077
1060690.868472,9000,f697b31d-0844-4604-8be7-96706f9dbc0e,worker_3,worker_3,MEM_MOVE,5.401482,0.042199,"Evict VRAM -> RAM [Model: c1690bdb, Layer: 3787195f]"
1060690.946461,9000,f697b31d-0844-4604-8be7-96706f9dbc0e,worker_3,worker_3,MEM_MOVE,9.982660,0.077990,"Evict VRAM -> RAM [Model: 9d4a632c, Layer: 9c04081a]"
1060691.045056,9000,f697b31d-0844-4604-8be7-96706f9dbc0e,worker_3,worker_3,DISK_LOAD,12.620045,0.098594,"Disk -> RAM [Model: f697b31d, Layer: 86fce077]"
1060691.143650,9000,f697b31d-0844-4604-8be7-96706f9dbc0e,worker_3,worker_3,MEM_MOVE,12.620045,0.098594,"RAM -> VRAM [Model: f697b31d, Layer: 86fce077]"
1060691.193650,9000,f697b31d-0844-4604-8be7-96706f9dbc0e,worker_3,worker_3,GPU_COMPUTE,0.050000,0.050000,GPU Compute
1060691.351650,9000,f697b31d-0844-4604-8be7-96706f9dbc0e,worker_3,coordinator_0,NET_TRANSFER,0.000100,0.158000,Signal Finished
1061804.049744,9000,f697b31d-0844-4604-8be7-96706f9dbc0e,coordinator_0,worker_4,NET_TRANSFER,13.906851,1112.698094,Distribute Layer ID: 4c16d157
1061804.121025,9000,f697b31d-0844-4604-8be7-96706f9dbc0e,worker_4,worker_4,MEM_MOVE,9.124087,0.071282,"Evict VRAM -> RAM [Model: 9d4a632c, Layer: 5b80f23e]"
1061804.199714,9000,f697b31d-0844-4604-8be7-96706f9dbc0e,worker_4,worker_4,MEM_MOVE,10.072159,0.078689,"Evict VRAM -> RAM [Model: 946dc1c0, Layer: feee87de]"
1061804.308361,9000,f697b31d-0844-4604-8be7-96706f9dbc0e,worker_4,worker_4,DISK_LOAD,13.906851,0.108647,"Disk -> RAM [Model: f697b31d, Layer: 4c16d157]"
1061804.417009,9000,f697b31d-0844-4604-8be7-96706f9dbc0e,worker_4,worker_4,MEM_MOVE,13.906851,0.108647,"RAM -> VRAM [Model: f697b31d, Layer: 4c16d157]"
1061804.467009,9000,f697b31d-0844-4604-8be7-96706f9dbc0e,worker_4,worker_4,GPU_COMPUTE,0.050000,0.050000,GPU Compute
1061804.625009,9000,f697b31d-0844-4604-8be7-96706f9dbc0e,worker_4,coordinator_0,NET_TRANSFER,0.000100,0.158000,Signal Finished
1062228.628286,9000,f697b31d-0844-4604-8be7-96706f9dbc0e,coordinator_0,worker_1,NET_TRANSFER,5.298166,424.003278,Distribute Layer ID: 35cf49b9
1062228.699975,9000,f697b31d-0844-4604-8be7-96706f9dbc0e,worker_1,worker_1,MEM_MOVE,9.176177,0.071689,"Evict VRAM -> RAM [Model: c1690bdb, Layer: af61756f]"
1062228.741367,9000,f697b31d-0844-4604-8be7-96706f9dbc0e,worker_1,worker_1,DISK_LOAD,5.298166,0.041392,"Disk -> RAM [Model: f697b31d, Layer: 35cf49b9]"
1062228.782759,9000,f697b31d-0844-4604-8be7-96706f9dbc0e,worker_1,worker_1,MEM_MOVE,5.298166,0.041392,"RAM -> VRAM [Model: f697b31d, Layer: 35cf49b9]"
1062228.832759,9000,f697b31d-0844-4604-8be7-96706f9dbc0e,worker_1,worker_1,GPU_COMPUTE,0.050000,0.050000,GPU Compute
1062228.990759,9000,f697b31d-0844-4604-8be7-96706f9dbc0e,worker_1,coordinator_0,NET_TRANSFER,0.000100,0.158000,Signal Finished
1063314.355761,9000,f697b31d-0844-4604-8be7-96706f9dbc0e,coordinator_0,worker_2,NET_TRANSFER,13.565188,1085.365002,Distribute Layer ID: 4706d307
1063314.433444,9000,f697b31d-0844-4604-8be7-96706f9dbc0e,worker_2,worker_2,MEM_MOVE,9.943421,0.077683,"Evict VRAM -> RAM [Model: 750b7e46, Layer: 988de820]"
1063314.534831,9000,f697b31d-0844-4604-8be7-96706f9dbc0e,worker_2,worker_2,MEM_MOVE,12.977526,0.101387,"Evict VRAM -> RAM [Model: c1690bdb, Layer: dfe116b4]"
1063314.640809,9000,f697b31d-0844-4604-8be7-96706f9dbc0e,worker_2,worker_2,DISK_LOAD,13.565188,0.105978,"Disk -> RAM [Model: f697b31d, Layer: 4706d307]"
1063314.746787,9000,f697b31d-0844-4604-8be7-96706f9dbc0e,worker_2,worker_2,MEM_MOVE,13.565188,0.105978,"RAM -> VRAM [Model: f697b31d, Layer: 4706d307]"
1063314.796787,9000,f697b31d-0844-4604-8be7-96706f9dbc0e,worker_2,worker_2,GPU_COMPUTE,0.050000,0.050000,GPU Compute
1063314.954787,9000,f697b31d-0844-4604-8be7-96706f9dbc0e,worker_2,coordinator_0,NET_TRANSFER,0.000100,0.158000,Signal Finished
1064118.596569,9000,f697b31d-0844-4604-8be7-96706f9dbc0e,coordinator_0,worker_3,NET_TRANSFER,10.043647,803.641783,Distribute Layer ID: 869136e4
1064118.701634,9000,f697b31d-0844-4604-8be7-96706f9dbc0e,worker_3,worker_3,MEM_MOVE,13.448276,0.105065,"Evict VRAM -> RAM [Model: bec081ed, Layer: 12f7604b]"
1064118.780100,9000,f697b31d-0844-4604-8be7-96706f9dbc0e,worker_3,worker_3,DISK_LOAD,10.043647,0.078466,"Disk -> RAM [Model: f697b31d, Layer: 869136e4]"
1064118.858566,9000,f697b31d-0844-4604-8be7-96706f9dbc0e,worker_3,worker_3,MEM_MOVE,10.043647,0.078466,"RAM -> VRAM [Model: f697b31d, Layer: 869136e4]"
1064118.908566,9000,f697b31d-0844-4604-8be7-96706f9dbc0e,worker_3,worker_3,GPU_COMPUTE,0.050000,0.050000,GPU Compute
1064119.066566,9000,f697b31d-0844-4604-8be7-96706f9dbc0e,worker_3,coordinator_0,NET_TRANSFER,0.000100,0.158000,Signal Finished
1064600.404243,9000,f697b31d-0844-4604-8be7-96706f9dbc0e,coordinator_0,worker_4,NET_TRANSFER,6.014846,481.337677,Distribute Layer ID: d9a2e682
1064600.451234,9000,f697b31d-0844-4604-8be7-96706f9dbc0e,worker_4,worker_4,DISK_LOAD,6.014846,0.046991,"Disk -> RAM [Model: f697b31d, Layer: d9a2e682]"
1064600.498225,9000,f697b31d-0844-4604-8be7-96706f9dbc0e,worker_4,worker_4,MEM_MOVE,6.014846,0.046991,"RAM -> VRAM [Model: f697b31d, Layer: d9a2e682]"
1064600.548225,9000,f697b31d-0844-4604-8be7-96706f9dbc0e,worker_4,worker_4,GPU_COMPUTE,0.050000,0.050000,GPU Compute
1064600.706225,9000,f697b31d-0844-4604-8be7-96706f9dbc0e,worker_4,coordinator_0,NET_TRANSFER,0.000100,0.158000,Signal Finished
1065156.233749,9000,f697b31d-0844-4604-8be7-96706f9dbc0e,coordinator_0,worker_1,NET_TRANSFER,6.942219,555.527524,Distribute Layer ID: 045929e5
1065156.309934,9000,f697b31d-0844-4604-8be7-96706f9dbc0e,worker_1,worker_1,MEM_MOVE,9.751586,0.076184,"Evict VRAM -> RAM [Model: 1ff6ef17, Layer: 0061c940]"
1065156.364170,9000,f697b31d-0844-4604-8be7-96706f9dbc0e,worker_1,worker_1,DISK_LOAD,6.942219,0.054236,"Disk -> RAM [Model: f697b31d, Layer: 045929e5]"
1065156.418406,9000,f697b31d-0844-4604-8be7-96706f9dbc0e,worker_1,worker_1,MEM_MOVE,6.942219,0.054236,"RAM -> VRAM [Model: f697b31d, Layer: 045929e5]"
1065156.468406,9000,f697b31d-0844-4604-8be7-96706f9dbc0e,worker_1,worker_1,GPU_COMPUTE,0.050000,0.050000,GPU Compute
1065156.626406,9000,f697b31d-0844-4604-8be7-96706f9dbc0e,worker_1,coordinator_0,NET_TRANSFER,0.000100,0.158000,Signal Finished
1066062.128239,9000,f697b31d-0844-4604-8be7-96706f9dbc0e,coordinator_0,worker_2,NET_TRANSFER,11.316898,905.501833,Distribute Layer ID: 410265ab
1066062.216652,9000,f697b31d-0844-4604-8be7-96706f9dbc0e,worker_2,worker_2,DISK_LOAD,11.316898,0.088413,"Disk -> RAM [Model: f697b31d, Layer: 410265ab]"
1066062.305065,9000,f697b31d-0844-4604-8be7-96706f9dbc0e,worker_2,worker_2,MEM_MOVE,11.316898,0.088413,"RAM -> VRAM [Model: f697b31d, Layer: 410265ab]"
1066062.355065,9000,f697b31d-0844-4604-8be7-96706f9dbc0e,worker_2,worker_2,GPU_COMPUTE,0.050000,0.050000,GPU Compute
1066062.513065,9000,f697b31d-0844-4604-8be7-96706f9dbc0e,worker_2,coordinator_0,NET_TRANSFER,0.000100,0.158000,Signal Finished
1066510.361243,9000,f697b31d-0844-4604-8be7-96706f9dbc0e,coordinator_0,worker_3,NET_TRANSFER,5.596227,447.848178,Distribute Layer ID: bca4480a
1066510.404964,9000,f697b31d-0844-4604-8be7-96706f9dbc0e,worker_3,worker_3,DISK_LOAD,5.596227,0.043721,"Disk -> RAM [Model: f697b31d, Layer: bca4480a]"
1066510.448684,9000,f697b31d-0844-4604-8be7-96706f9dbc0e,worker_3,worker_3,MEM_MOVE,5.596227,0.043721,"RAM -> VRAM [Model: f697b31d, Layer: bca4480a]"
1066510.498684,9000,f697b31d-0844-4604-8be7-96706f9dbc0e,worker_3,worker_3,GPU_COMPUTE,0.050000,0.050000,GPU Compute
1066510.656684,9000,f697b31d-0844-4604-8be7-96706f9dbc0e,worker_3,coordinator_0,NET_TRANSFER,0.000100,0.158000,Signal Finished
1067280.417947,9000,f697b31d-0844-4604-8be7-96706f9dbc0e,coordinator_0,worker_4,NET_TRANSFER,9.620141,769.761263,Distribute Layer ID: 14c6bdba
1067280.464938,9000,f697b31d-0844-4604-8be7-96706f9dbc0e,worker_4,worker_4,MEM_MOVE,6.014846,0.046991,"Evict VRAM -> RAM [Model: f697b31d, Layer: d9a2e682]"
1067280.533647,9000,f697b31d-0844-4604-8be7-96706f9dbc0e,worker_4,worker_4,MEM_MOVE,8.794682,0.068708,"Evict VRAM -> RAM [Model: ca30bd4c, Layer: 9a8985ec]"
1067280.608804,9000,f697b31d-0844-4604-8be7-96706f9dbc0e,worker_4,worker_4,DISK_LOAD,9.620141,0.075157,"Disk -> RAM [Model: f697b31d, Layer: 14c6bdba]"
1067280.683962,9000,f697b31d-0844-4604-8be7-96706f9dbc0e,worker_4,worker_4,MEM_MOVE,9.620141,0.075157,"RAM -> VRAM [Model: f697b31d, Layer: 14c6bdba]"
1067280.733962,9000,f697b31d-0844-4604-8be7-96706f9dbc0e,worker_4,worker_4,GPU_COMPUTE,0.050000,0.050000,GPU Compute
1067280.891962,9000,f697b31d-0844-4604-8be7-96706f9dbc0e,worker_4,coordinator_0,NET_TRANSFER,0.000100,0.158000,Signal Finished
1067838.986128,9000,f697b31d-0844-4604-8be7-96706f9dbc0e,coordinator_0,worker_1,NET_TRANSFER,6.974302,558.094167,Distribute Layer ID: 41e412d9
1067839.040615,9000,f697b31d-0844-4604-8be7-96706f9dbc0e,worker_1,worker_1,DISK_LOAD,6.974302,0.054487,"Disk -> RAM [Model: f697b31d, Layer: 41e412d9]"
1067839.095102,9000,f697b31d-0844-4604-8be7-96706f9dbc0e,worker_1,worker_1,MEM_MOVE,6.974302,0.054487,"RAM -> VRAM [Model: f697b31d, Layer: 41e412d9]"
1067839.145102,9000,f697b31d-0844-4604-8be7-96706f9dbc0e,worker_1,worker_1,GPU_COMPUTE,0.050000,0.050000,GPU Compute
1067839.303102,9000,f697b31d-0844-4604-8be7-96706f9dbc0e,worker_1,coordinator_0,NET_TRANSFER,0.000100,0.158000,Signal Finished
1068550.482672,9000,f697b31d-0844-4604-8be7-96706f9dbc0e,coordinator_0,worker_2,NET_TRANSFER,8.887870,711.179571,Distribute Layer ID: 7ffa4c1a
1068550.568814,9000,f697b31d-0844-4604-8be7-96706f9dbc0e,worker_2,worker_2,MEM_MOVE,11.026066,0.086141,"Evict VRAM -> RAM [Model: 9d4a632c, Layer: 360e7269]"
1068550.638250,9000,f697b31d-0844-4604-8be7-96706f9dbc0e,worker_2,worker_2,DISK_LOAD,8.887870,0.069436,"Disk -> RAM [Model: f697b31d, Layer: 7ffa4c1a]"
1068550.707687,9000,f697b31d-0844-4604-8be7-96706f9dbc0e,worker_2,worker_2,MEM_MOVE,8.887870,0.069436,"RAM -> VRAM [Model: f697b31d, Layer: 7ffa4c1a]"
1068550.757687,9000,f697b31d-0844-4604-8be7-96706f9dbc0e,worker_2,worker_2,GPU_COMPUTE,0.050000,0.050000,GPU Compute
1068550.915687,9000,f697b31d-0844-4604-8be7-96706f9dbc0e,worker_2,coordinator_0,NET_TRANSFER,0.000100,0.158000,Signal Finished
1069204.974806,9000,f697b31d-0844-4604-8be7-96706f9dbc0e,coordinator_0,worker_3,NET_TRANSFER,8.173864,654.059120,Distribute Layer ID: 8208a7ee
1069205.053608,9000,f697b31d-0844-4604-8be7-96706f9dbc0e,worker_3,worker_3,MEM_MOVE,10.086556,0.078801,"Evict VRAM -> RAM [Model: 9d4a632c, Layer: cde081fa]"
1069205.117466,9000,f697b31d-0844-4604-8be7-96706f9dbc0e,worker_3,worker_3,DISK_LOAD,8.173864,0.063858,"Disk -> RAM [Model: f697b31d, Layer: 8208a7ee]"
1069205.181324,9000,f697b31d-0844-4604-8be7-96706f9dbc0e,worker_3,worker_3,MEM_MOVE,8.173864,0.063858,"RAM -> VRAM [Model: f697b31d, Layer: 8208a7ee]"
1069205.231324,9000,f697b31d-0844-4604-8be7-96706f9dbc0e,worker_3,worker_3,GPU_COMPUTE,0.050000,0.050000,GPU Compute
1069205.389324,9000,f697b31d-0844-4604-8be7-96706f9dbc0e,worker_3,coordinator_0,NET_TRANSFER,0.000100,0.158000,Signal Finished
1070158.506446,9000,f697b31d-0844-4604-8be7-96706f9dbc0e,coordinator_0,worker_4,NET_TRANSFER,11.912089,953.117122,Distribute Layer ID: f4d9e528
1070158.572793,9000,f697b31d-0844-4604-8be7-96706f9dbc0e,worker_4,worker_4,MEM_MOVE,8.492374,0.066347,"Evict VRAM -> RAM [Model: c1690bdb, Layer: 0608a2b7]"
1070158.665856,9000,f697b31d-0844-4604-8be7-96706f9dbc0e,worker_4,worker_4,DISK_LOAD,11.912089,0.093063,"Disk -> RAM [Model: f697b31d, Layer: f4d9e528]"
1070158.758919,9000,f697b31d-0844-4604-8be7-96706f9dbc0e,worker_4,worker_4,MEM_MOVE,11.912089,0.093063,"RAM -> VRAM [Model: f697b31d, Layer: f4d9e528]"
1070158.808919,9000,f697b31d-0844-4604-8be7-96706f9dbc0e,worker_4,worker_4,GPU_COMPUTE,0.050000,0.050000,GPU Compute
1070158.966919,9000,f697b31d-0844-4604-8be7-96706f9dbc0e,worker_4,coordinator_0,NET_TRANSFER,0.000100,0.158000,Signal Finished
1070576.359778,9000,f697b31d-0844-4604-8be7-96706f9dbc0e,coordinator_0,worker_1,NET_TRANSFER,5.215536,417.392859,Distribute Layer ID: ba5c9210
1070576.448564,9000,f697b31d-0844-4604-8be7-96706f9dbc0e,worker_1,worker_1,MEM_MOVE,11.364644,0.088786,"Evict VRAM -> RAM [Model: 750b7e46, Layer: 465b64fa]"
1070576.489310,9000,f697b31d-0844-4604-8be7-96706f9dbc0e,worker_1,worker_1,DISK_LOAD,5.215536,0.040746,"Disk -> RAM [Model: f697b31d, Layer: ba5c9210]"
1070576.530057,9000,f697b31d-0844-4604-8be7-96706f9dbc0e,worker_1,worker_1,MEM_MOVE,5.215536,0.040746,"RAM -> VRAM [Model: f697b31d, Layer: ba5c9210]"
1070576.580057,9000,f697b31d-0844-4604-8be7-96706f9dbc0e,worker_1,worker_1,GPU_COMPUTE,0.050000,0.050000,GPU Compute
1070576.738057,9000,f697b31d-0844-4604-8be7-96706f9dbc0e,worker_1,coordinator_0,NET_TRANSFER,0.000100,0.158000,Signal Finished
1071754.341869,9000,f697b31d-0844-4604-8be7-96706f9dbc0e,coordinator_0,worker_2,NET_TRANSFER,14.718173,1177.603813,Distribute Layer ID: 9bbaf6f7
1071754.432178,9000,f697b31d-0844-4604-8be7-96706f9dbc0e,worker_2,worker_2,MEM_MOVE,11.559544,0.090309,"Evict VRAM -> RAM [Model: 750b7e46, Layer: ba6d7dbe]"
1071754.513798,9000,f697b31d-0844-4604-8be7-96706f9dbc0e,worker_2,worker_2,MEM_MOVE,10.447367,0.081620,"Evict VRAM -> RAM [Model: efe1fad9, Layer: 37989c46]"
1071754.628784,9000,f697b31d-0844-4604-8be7-96706f9dbc0e,worker_2,worker_2,DISK_LOAD,14.718173,0.114986,"Disk -> RAM [Model: f697b31d, Layer: 9bbaf6f7]"
1071754.743770,9000,f697b31d-0844-4604-8be7-96706f9dbc0e,worker_2,worker_2,MEM_MOVE,14.718173,0.114986,"RAM -> VRAM [Model: f697b31d, Layer: 9bbaf6f7]"
1071754.793770,9000,f697b31d-0844-4604-8be7-96706f9dbc0e,worker_2,worker_2,GPU_COMPUTE,0.050000,0.050000,GPU Compute
1071754.951770,9000,f697b31d-0844-4604-8be7-96706f9dbc0e,worker_2,coordinator_0,NET_TRANSFER,0.000100,0.158000,Signal Finished
1072594.317219,9000,f697b31d-0844-4604-8be7-96706f9dbc0e,coordinator_0,worker_3,NET_TRANSFER,10.490193,839.365449,Distribute Layer ID: 15475d9f
1072594.420228,9000,f697b31d-0844-4604-8be7-96706f9dbc0e,worker_3,worker_3,MEM_MOVE,13.185188,0.103009,"Evict VRAM -> RAM [Model: 2ede82b5, Layer: ef8d9529]"
1072594.502182,9000,f697b31d-0844-4604-8be7-96706f9dbc0e,worker_3,worker_3,DISK_LOAD,10.490193,0.081955,"Disk -> RAM [Model: f697b31d, Layer: 15475d9f]"
1072594.584137,9000,f697b31d-0844-4604-8be7-96706f9dbc0e,worker_3,worker_3,MEM_MOVE,10.490193,0.081955,"RAM -> VRAM [Model: f697b31d, Layer: 15475d9f]"
1072594.634137,9000,f697b31d-0844-4604-8be7-96706f9dbc0e,worker_3,worker_3,GPU_COMPUTE,0.050000,0.050000,GPU Compute
1072594.792137,9000,f697b31d-0844-4604-8be7-96706f9dbc0e,worker_3,coordinator_0,NET_TRANSFER,0.000100,0.158000,Signal Finished
1073661.938596,9000,f697b31d-0844-4604-8be7-96706f9dbc0e,coordinator_0,worker_4,NET_TRANSFER,13.337456,1067.146459,Distribute Layer ID: 88ea8781
1073661.986255,9000,f697b31d-0844-4604-8be7-96706f9dbc0e,worker_4,worker_4,MEM_MOVE,6.100329,0.047659,"Evict VRAM -> RAM [Model: 1ff6ef17, Layer: 9e043798]"
1073662.074440,9000,f697b31d-0844-4604-8be7-96706f9dbc0e,worker_4,worker_4,MEM_MOVE,11.287650,0.088185,"Evict VRAM -> RAM [Model: 946dc1c0, Layer: 5a0c9a63]"
1073662.178639,9000,f697b31d-0844-4604-8be7-96706f9dbc0e,worker_4,worker_4,DISK_LOAD,13.337456,0.104199,"Disk -> RAM [Model: f697b31d, Layer: 88ea8781]"
1073662.282838,9000,f697b31d-0844-4604-8be7-96706f9dbc0e,worker_4,worker_4,MEM_MOVE,13.337456,0.104199,"RAM -> VRAM [Model: f697b31d, Layer: 88ea8781]"
1073662.332838,9000,f697b31d-0844-4604-8be7-96706f9dbc0e,worker_4,worker_4,GPU_COMPUTE,0.050000,0.050000,GPU Compute
1073662.490838,9000,f697b31d-0844-4604-8be7-96706f9dbc0e,worker_4,coordinator_0,NET_TRANSFER,0.000100,0.158000,Signal Finished
1074685.856455,9000,f697b31d-0844-4604-8be7-96706f9dbc0e,coordinator_0,worker_1,NET_TRANSFER,12.790195,1023.365618,Distribute Layer ID: 9549c550
1074685.903001,9000,f697b31d-0844-4604-8be7-96706f9dbc0e,worker_1,worker_1,MEM_MOVE,5.957861,0.046546,"Evict VRAM -> RAM [Model: 9d4a632c, Layer: 88f9a850]"
1074686.002925,9000,f697b31d-0844-4604-8be7-96706f9dbc0e,worker_1,worker_1,DISK_LOAD,12.790195,0.099923,"Disk -> RAM [Model: f697b31d, Layer: 9549c550]"
1074686.102848,9000,f697b31d-0844-4604-8be7-96706f9dbc0e,worker_1,worker_1,MEM_MOVE,12.790195,0.099923,"RAM -> VRAM [Model: f697b31d, Layer: 9549c550]"
1074686.152848,9000,f697b31d-0844-4604-8be7-96706f9dbc0e,worker_1,worker_1,GPU_COMPUTE,0.050000,0.050000,GPU Compute
1074686.310848,9000,f697b31d-0844-4604-8be7-96706f9dbc0e,worker_1,coordinator_0,NET_TRANSFER,0.000100,0.158000,Signal Finished
1075298.954700,9000,f697b31d-0844-4604-8be7-96706f9dbc0e,coordinator_0,worker_2,NET_TRANSFER,7.656173,612.643853,Distribute Layer ID: ccf64577
1075299.014514,9000,f697b31d-0844-4604-8be7-96706f9dbc0e,worker_2,worker_2,DISK_LOAD,7.656173,0.059814,"Disk -> RAM [Model: f697b31d, Layer: ccf64577]"
1075299.074328,9000,f697b31d-0844-4604-8be7-96706f9dbc0e,worker_2,worker_2,MEM_MOVE,7.656173,0.059814,"RAM -> VRAM [Model: f697b31d, Layer: ccf64577]"
1075299.124328,9000,f697b31d-0844-4604-8be7-96706f9dbc0e,worker_2,worker_2,GPU_COMPUTE,0.050000,0.050000,GPU Compute
1075299.282328,9000,f697b31d-0844-4604-8be7-96706f9dbc0e,worker_2,coordinator_0,NET_TRANSFER,0.000100,0.158000,Signal Finished
1076143.600771,9000,f697b31d-0844-4604-8be7-96706f9dbc0e,coordinator_0,worker_3,NET_TRANSFER,10.552106,844.318443,Distribute Layer ID: ad3081f0
1076143.710139,9000,f697b31d-0844-4604-8be7-96706f9dbc0e,worker_3,worker_3,MEM_MOVE,13.999128,0.109368,"Evict VRAM -> RAM [Model: 2ede82b5, Layer: a9ddfbac]"
1076143.792578,9000,f697b31d-0844-4604-8be7-96706f9dbc0e,worker_3,worker_3,DISK_LOAD,10.552106,0.082438,"Disk -> RAM [Model: f697b31d, Layer: ad3081f0]"
1076143.875016,9000,f697b31d-0844-4604-8be7-96706f9dbc0e,worker_3,worker_3,MEM_MOVE,10.552106,0.082438,"RAM -> VRAM [Model: f697b31d, Layer: ad3081f0]"
1076143.925016,9000,f697b31d-0844-4604-8be7-96706f9dbc0e,worker_3,worker_3,GPU_COMPUTE,0.050000,0.050000,GPU Compute
1076144.083016,9000,f697b31d-0844-4604-8be7-96706f9dbc0e,worker_3,coordinator_0,NET_TRANSFER,0.000100,0.158000,Signal Finished
1076607.337858,9000,f697b31d-0844-4604-8be7-96706f9dbc0e,coordinator_0,worker_4,NET_TRANSFER,5.788811,463.254843,Distribute Layer ID: 11a57b71
1076607.383084,9000,f697b31d-0844-4604-8be7-96706f9dbc0e,worker_4,worker_4,DISK_LOAD,5.788811,0.045225,"Disk -> RAM [Model: f697b31d, Layer: 11a57b71]"
1076607.428309,9000,f697b31d-0844-4604-8be7-96706f9dbc0e,worker_4,worker_4,MEM_MOVE,5.788811,0.045225,"RAM -> VRAM [Model: f697b31d, Layer: 11a57b71]"
1076607.478309,9000,f697b31d-0844-4604-8be7-96706f9dbc0e,worker_4,worker_4,GPU_COMPUTE,0.050000,0.050000,GPU Compute
1076607.636309,9000,f697b31d-0844-4604-8be7-96706f9dbc0e,worker_4,coordinator_0,NET_TRANSFER,0.000100,0.158000,Signal Finished
1077117.140296,9000,f697b31d-0844-4604-8be7-96706f9dbc0e,coordinator_0,worker_1,NET_TRANSFER,6.366925,509.503987,Distribute Layer ID: 3917c42f
1077117.193075,9000,f697b31d-0844-4604-8be7-96706f9dbc0e,worker_1,worker_1,MEM_MOVE,6.755714,0.052779,"Evict VRAM -> RAM [Model: efe1fad9, Layer: 33263d43]"
1077117.242817,9000,f697b31d-0844-4604-8be7-96706f9dbc0e,worker_1,worker_1,DISK_LOAD,6.366925,0.049742,"Disk -> RAM [Model: f697b31d, Layer: 3917c42f]"
1077117.292558,9000,f697b31d-0844-4604-8be7-96706f9dbc0e,worker_1,worker_1,MEM_MOVE,6.366925,0.049742,"RAM -> VRAM [Model: f697b31d, Layer: 3917c42f]"
1077117.342558,9000,f697b31d-0844-4604-8be7-96706f9dbc0e,worker_1,worker_1,GPU_COMPUTE,0.050000,0.050000,GPU Compute
1077117.500558,9000,f697b31d-0844-4604-8be7-96706f9dbc0e,worker_1,coordinator_0,NET_TRANSFER,0.000100,0.158000,Signal Finished
1077574.698021,9000,f697b31d-0844-4604-8be7-96706f9dbc0e,coordinator_0,worker_2,NET_TRANSFER,5.713093,457.197463,Distribute Layer ID: c3e39f10
1077574.778104,9000,f697b31d-0844-4604-8be7-96706f9dbc0e,worker_2,worker_2,MEM_MOVE,10.250683,0.080083,"Evict VRAM -> RAM [Model: c1690bdb, Layer: db530892]"
1077574.822738,9000,f697b31d-0844-4604-8be7-96706f9dbc0e,worker_2,worker_2,DISK_LOAD,5.713093,0.044634,"Disk -> RAM [Model: f697b31d, Layer: c3e39f10]"
1077574.867371,9000,f697b31d-0844-4604-8be7-96706f9dbc0e,worker_2,worker_2,MEM_MOVE,5.713093,0.044634,"RAM -> VRAM [Model: f697b31d, Layer: c3e39f10]"
1077574.917371,9000,f697b31d-0844-4604-8be7-96706f9dbc0e,worker_2,worker_2,GPU_COMPUTE,0.050000,0.050000,GPU Compute
1077575.075371,9000,f697b31d-0844-4604-8be7-96706f9dbc0e,worker_2,coordinator_0,NET_TRANSFER,0.000100,0.158000,Signal Finished
1078586.344948,9000,f697b31d-0844-4604-8be7-96706f9dbc0e,coordinator_0,worker_3,NET_TRANSFER,12.638995,1011.269577,Distribute Layer ID: 09c6931d
1078586.446055,9000,f697b31d-0844-4604-8be7-96706f9dbc0e,worker_3,worker_3,MEM_MOVE,12.941662,0.101107,"Evict VRAM -> RAM [Model: c1690bdb, Layer: 40a9485b]"
1078586.544797,9000,f697b31d-0844-4604-8be7-96706f9dbc0e,worker_3,worker_3,DISK_LOAD,12.638995,0.098742,"Disk -> RAM [Model: f697b31d, Layer: 09c6931d]"
1078586.643539,9000,f697b31d-0844-4604-8be7-96706f9dbc0e,worker_3,worker_3,MEM_MOVE,12.638995,0.098742,"RAM -> VRAM [Model: f697b31d, Layer: 09c6931d]"
1078586.693539,9000,f697b31d-0844-4604-8be7-96706f9dbc0e,worker_3,worker_3,GPU_COMPUTE,0.050000,0.050000,GPU Compute
1078586.851539,9000,f697b31d-0844-4604-8be7-96706f9dbc0e,worker_3,coordinator_0,NET_TRANSFER,0.000100,0.158000,Signal Finished
1079682.316408,9000,f697b31d-0844-4604-8be7-96706f9dbc0e,coordinator_0,worker_4,NET_TRANSFER,13.691436,1095.464869,Distribute Layer ID: f03222b7
1079682.383560,9000,f697b31d-0844-4604-8be7-96706f9dbc0e,worker_4,worker_4,MEM_MOVE,8.595492,0.067152,"Evict VRAM -> RAM [Model: 1ff6ef17, Layer: c6daa42c]"
1079682.451488,9000,f697b31d-0844-4604-8be7-96706f9dbc0e,worker_4,worker_4,MEM_MOVE,8.694730,0.067928,"Evict VRAM -> RAM [Model: 53bf5446, Layer: 2ee742dc]"
1079682.558452,9000,f697b31d-0844-4604-8be7-96706f9dbc0e,worker_4,worker_4,DISK_LOAD,13.691436,0.106964,"Disk -> RAM [Model: f697b31d, Layer: f03222b7]"
1079682.665417,9000,f697b31d-0844-4604-8be7-96706f9dbc0e,worker_4,worker_4,MEM_MOVE,13.691436,0.106964,"RAM -> VRAM [Model: f697b31d, Layer: f03222b7]"
1079682.715417,9000,f697b31d-0844-4604-8be7-96706f9dbc0e,worker_4,worker_4,GPU_COMPUTE,0.050000,0.050000,GPU Compute
1079682.873417,9000,f697b31d-0844-4604-8be7-96706f9dbc0e,worker_4,coordinator_0,NET_TRANSFER,0.000100,0.158000,Signal Finished
1080151.221201,9000,f697b31d-0844-4604-8be7-96706f9dbc0e,coordinator_0,worker_1,NET_TRANSFER,5.852472,468.347784,Distribute Layer ID: be7da82b
1080151.273644,9000,f697b31d-0844-4604-8be7-96706f9dbc0e,worker_1,worker_1,MEM_MOVE,6.712723,0.052443,"Evict VRAM -> RAM [Model: 750b7e46, Layer: 941246f4]"
1080151.319366,9000,f697b31d-0844-4604-8be7-96706f9dbc0e,worker_1,worker_1,DISK_LOAD,5.852472,0.045722,"Disk -> RAM [Model: f697b31d, Layer: be7da82b]"
1080151.365089,9000,f697b31d-0844-4604-8be7-96706f9dbc0e,worker_1,worker_1,MEM_MOVE,5.852472,0.045722,"RAM -> VRAM [Model: f697b31d, Layer: be7da82b]"
1080151.415089,9000,f697b31d-0844-4604-8be7-96706f9dbc0e,worker_1,worker_1,GPU_COMPUTE,0.050000,0.050000,GPU Compute
1080151.573089,9000,f697b31d-0844-4604-8be7-96706f9dbc0e,worker_1,coordinator_0,NET_TRANSFER,0.000100,0.158000,Signal Finished
1081247.572197,9000,f697b31d-0844-4604-8be7-96706f9dbc0e,coordinator_0,worker_2,NET_TRANSFER,13.698114,1095.999108,Distribute Layer ID: 470fe58e
1081247.609696,9000,f697b31d-0844-4604-8be7-96706f9dbc0e,worker_2,worker_2,MEM_MOVE,4.799888,0.037499,"Evict VRAM -> RAM [Model: bec081ed, Layer: 13248efa]"
1081247.649683,9000,f697b31d-0844-4604-8be7-96706f9dbc0e,worker_2,worker_2,MEM_MOVE,5.118321,0.039987,"Evict VRAM -> RAM [Model: bec081ed, Layer: d9d08f13]"
1081247.756699,9000,f697b31d-0844-4604-8be7-96706f9dbc0e,worker_2,worker_2,DISK_LOAD,13.698114,0.107017,"Disk -> RAM [Model: f697b31d, Layer: 470fe58e]"
1081247.863716,9000,f697b31d-0844-4604-8be7-96706f9dbc0e,worker_2,worker_2,MEM_MOVE,13.698114,0.107017,"RAM -> VRAM [Model: f697b31d, Layer: 470fe58e]"
1081247.913716,9000,f697b31d-0844-4604-8be7-96706f9dbc0e,worker_2,worker_2,GPU_COMPUTE,0.050000,0.050000,GPU Compute
1081248.071716,9000,f697b31d-0844-4604-8be7-96706f9dbc0e,worker_2,coordinator_0,NET_TRANSFER,0.000100,0.158000,Signal Finished
1082221.568617,9000,f697b31d-0844-4604-8be7-96706f9dbc0e,coordinator_0,worker_3,NET_TRANSFER,12.166836,973.496901,Distribute Layer ID: 2709c1db
1082221.667211,9000,f697b31d-0844-4604-8be7-96706f9dbc0e,worker_3,worker_3,MEM_MOVE,12.620045,0.098594,"Evict VRAM -> RAM [Model: f697b31d, Layer: 86fce077]"
1082221.762264,9000,f697b31d-0844-4604-8be7-96706f9dbc0e,worker_3,worker_3,DISK_LOAD,12.166836,0.095053,"Disk -> RAM [Model: f697b31d, Layer: 2709c1db]"
1082221.857318,9000,f697b31d-0844-4604-8be7-96706f9dbc0e,worker_3,worker_3,MEM_MOVE,12.166836,0.095053,"RAM -> VRAM [Model: f697b31d, Layer: 2709c1db]"
1082221.907318,9000,f697b31d-0844-4604-8be7-96706f9dbc0e,worker_3,worker_3,GPU_COMPUTE,0.050000,0.050000,GPU Compute
1082222.065318,9000,f697b31d-0844-4604-8be7-96706f9dbc0e,worker_3,coordinator_0,NET_TRANSFER,0.000100,0.158000,Signal Finished
1083333.970710,9000,f697b31d-0844-4604-8be7-96706f9dbc0e,coordinator_0,worker_4,NET_TRANSFER,13.896942,1111.905392,Distribute Layer ID: d826de69
1083334.021598,9000,f697b31d-0844-4604-8be7-96706f9dbc0e,worker_4,worker_4,MEM_MOVE,6.513609,0.050888,"Evict VRAM -> RAM [Model: 9d4a632c, Layer: 66b7de0b]"
1083334.065749,9000,f697b31d-0844-4604-8be7-96706f9dbc0e,worker_4,worker_4,MEM_MOVE,5.651442,0.044152,"Evict VRAM -> RAM [Model: bec081ed, Layer: 20719b30]"
1083334.174319,9000,f697b31d-0844-4604-8be7-96706f9dbc0e,worker_4,worker_4,DISK_LOAD,13.896942,0.108570,"Disk -> RAM [Model: f697b31d, Layer: d826de69]"
1083334.282889,9000,f697b31d-0844-4604-8be7-96706f9dbc0e,worker_4,worker_4,MEM_MOVE,13.896942,0.108570,"RAM -> VRAM [Model: f697b31d, Layer: d826de69]"
1083334.332889,9000,f697b31d-0844-4604-8be7-96706f9dbc0e,worker_4,worker_4,GPU_COMPUTE,0.050000,0.050000,GPU Compute
1083334.490889,9000,f697b31d-0844-4604-8be7-96706f9dbc0e,worker_4,coordinator_0,NET_TRANSFER,0.000100,0.158000,Signal Finished
1084524.426214,9000,f697b31d-0844-4604-8be7-96706f9dbc0e,coordinator_0,worker_1,NET_TRANSFER,14.872317,1189.935324,Distribute Layer ID: 056794bb
1084524.480700,9000,f697b31d-0844-4604-8be7-96706f9dbc0e,worker_1,worker_1,MEM_MOVE,6.974302,0.054487,"Evict VRAM -> RAM [Model: f697b31d, Layer: 41e412d9]"
1084524.552369,9000,f697b31d-0844-4604-8be7-96706f9dbc0e,worker_1,worker_1,MEM_MOVE,9.173578,0.071669,"Evict VRAM -> RAM [Model: 53bf5446, Layer: cc6be6a1]"
1084524.668559,9000,f697b31d-0844-4604-8be7-96706f9dbc0e,worker_1,worker_1,DISK_LOAD,14.872317,0.116190,"Disk -> RAM [Model: f697b31d, Layer: 056794bb]"
1084524.784749,9000,f697b31d-0844-4604-8be7-96706f9dbc0e,worker_1,worker_1,MEM_MOVE,14.872317,0.116190,"RAM -> VRAM [Model: f697b31d, Layer: 056794bb]"
1084524.834749,9000,f697b31d-0844-4604-8be7-96706f9dbc0e,worker_1,worker_1,GPU_COMPUTE,0.050000,0.050000,GPU Compute
1084524.992749,9000,f697b31d-0844-4604-8be7-96706f9dbc0e,worker_1,coordinator_0,NET_TRANSFER,0.000100,0.158000,Signal Finished
