VirtualTime_Sec,RequestID,ModelID,OriginNode,EndNode,Operation,Size_GB,Duration_Sec,Description
0.158000,10000,c70dc14b-62de-4f8f-807e-01990637cfee,client_10,coordinator_0,NET_TRANSFER,0.000100,0.158000,Request Model ID
0.316000,1000,c8b627aa-c753-4597-9919-37d80da8271e,client_1,coordinator_0,NET_TRANSFER,0.000100,0.158000,Request Model ID
0.474000,1000,c8b627aa-c753-4597-9919-37d80da8271e,coordinator_0,client_1,NET_TRANSFER,0.000100,0.158000,Signal: Cache Miss / Request Weights
0.632000,4000,c70dc14b-62de-4f8f-807e-01990637cfee,client_4,coordinator_0,NET_TRANSFER,0.000100,0.158000,Request Model ID
0.790000,4000,c70dc14b-62de-4f8f-807e-01990637cfee,coordinator_0,client_4,NET_TRANSFER,0.000100,0.158000,Signal: Cache Miss / Request Weights
47139.307179,4000,c70dc14b-62de-4f8f-807e-01990637cfee,client_4,coordinator_0,NET_TRANSFER,589.229590,47138.517179,Upload Model Weights
47139.465179,5000,cfc45a4e-2fdb-48da-a83d-d1b0979b56cb,client_5,coordinator_0,NET_TRANSFER,0.000100,0.158000,Request Model ID
47139.623179,10000,c70dc14b-62de-4f8f-807e-01990637cfee,coordinator_0,client_10,NET_TRANSFER,0.000100,0.158000,Signal: Cache Miss / Request Weights
94278.140358,10000,c70dc14b-62de-4f8f-807e-01990637cfee,client_10,coordinator_0,NET_TRANSFER,589.229590,47138.517179,Upload Model Weights
95332.955053,10000,c70dc14b-62de-4f8f-807e-01990637cfee,coordinator_0,worker_4,NET_TRANSFER,13.183309,1054.814694,Distribute Layer ID: f591fdbc
95333.058047,10000,c70dc14b-62de-4f8f-807e-01990637cfee,worker_4,worker_4,DISK_LOAD,13.183309,0.102995,"Disk -> RAM [Model: c70dc14b, Layer: f591fdbc]"
95333.161042,10000,c70dc14b-62de-4f8f-807e-01990637cfee,worker_4,worker_4,MEM_MOVE,13.183309,0.102995,"RAM -> VRAM [Model: c70dc14b, Layer: f591fdbc]"
95333.211042,10000,c70dc14b-62de-4f8f-807e-01990637cfee,worker_4,worker_4,GPU_COMPUTE,0.050000,0.050000,GPU Compute
95333.211042,10000,c70dc14b-62de-4f8f-807e-01990637cfee,worker_4,worker_4,MEM_MOVE,0.000000,0.000000,"Wipe/Deallocate Layer from Memory [Model: c70dc14b, Layer: f591fdbc]"
95333.369042,10000,c70dc14b-62de-4f8f-807e-01990637cfee,worker_4,coordinator_0,NET_TRANSFER,0.000100,0.158000,Signal Finished
95819.596419,10000,c70dc14b-62de-4f8f-807e-01990637cfee,coordinator_0,worker_1,NET_TRANSFER,6.075967,486.227377,Distribute Layer ID: bd50fe8a
95819.643888,10000,c70dc14b-62de-4f8f-807e-01990637cfee,worker_1,worker_1,DISK_LOAD,6.075967,0.047468,"Disk -> RAM [Model: c70dc14b, Layer: bd50fe8a]"
95819.691356,10000,c70dc14b-62de-4f8f-807e-01990637cfee,worker_1,worker_1,MEM_MOVE,6.075967,0.047468,"RAM -> VRAM [Model: c70dc14b, Layer: bd50fe8a]"
95819.741356,10000,c70dc14b-62de-4f8f-807e-01990637cfee,worker_1,worker_1,GPU_COMPUTE,0.050000,0.050000,GPU Compute
95819.741356,10000,c70dc14b-62de-4f8f-807e-01990637cfee,worker_1,worker_1,MEM_MOVE,0.000000,0.000000,"Wipe/Deallocate Layer from Memory [Model: c70dc14b, Layer: bd50fe8a]"
95819.899356,10000,c70dc14b-62de-4f8f-807e-01990637cfee,worker_1,coordinator_0,NET_TRANSFER,0.000100,0.158000,Signal Finished
96365.308359,10000,c70dc14b-62de-4f8f-807e-01990637cfee,coordinator_0,worker_2,NET_TRANSFER,6.815738,545.409003,Distribute Layer ID: fece12ae
96365.361607,10000,c70dc14b-62de-4f8f-807e-01990637cfee,worker_2,worker_2,DISK_LOAD,6.815738,0.053248,"Disk -> RAM [Model: c70dc14b, Layer: fece12ae]"
96365.414855,10000,c70dc14b-62de-4f8f-807e-01990637cfee,worker_2,worker_2,MEM_MOVE,6.815738,0.053248,"RAM -> VRAM [Model: c70dc14b, Layer: fece12ae]"
96365.464855,10000,c70dc14b-62de-4f8f-807e-01990637cfee,worker_2,worker_2,GPU_COMPUTE,0.050000,0.050000,GPU Compute
96365.464855,10000,c70dc14b-62de-4f8f-807e-01990637cfee,worker_2,worker_2,MEM_MOVE,0.000000,0.000000,"Wipe/Deallocate Layer from Memory [Model: c70dc14b, Layer: fece12ae]"
96365.622855,10000,c70dc14b-62de-4f8f-807e-01990637cfee,worker_2,coordinator_0,NET_TRANSFER,0.000100,0.158000,Signal Finished
97444.393959,10000,c70dc14b-62de-4f8f-807e-01990637cfee,coordinator_0,worker_3,NET_TRANSFER,13.482764,1078.771104,Distribute Layer ID: 2a29dad7
97444.499293,10000,c70dc14b-62de-4f8f-807e-01990637cfee,worker_3,worker_3,DISK_LOAD,13.482764,0.105334,"Disk -> RAM [Model: c70dc14b, Layer: 2a29dad7]"
97444.604627,10000,c70dc14b-62de-4f8f-807e-01990637cfee,worker_3,worker_3,MEM_MOVE,13.482764,0.105334,"RAM -> VRAM [Model: c70dc14b, Layer: 2a29dad7]"
97444.654627,10000,c70dc14b-62de-4f8f-807e-01990637cfee,worker_3,worker_3,GPU_COMPUTE,0.050000,0.050000,GPU Compute
97444.654627,10000,c70dc14b-62de-4f8f-807e-01990637cfee,worker_3,worker_3,MEM_MOVE,0.000000,0.000000,"Wipe/Deallocate Layer from Memory [Model: c70dc14b, Layer: 2a29dad7]"
97444.812627,10000,c70dc14b-62de-4f8f-807e-01990637cfee,worker_3,coordinator_0,NET_TRANSFER,0.000100,0.158000,Signal Finished
98497.327198,10000,c70dc14b-62de-4f8f-807e-01990637cfee,coordinator_0,worker_4,NET_TRANSFER,13.154557,1052.514571,Distribute Layer ID: 60578c59
98497.429968,10000,c70dc14b-62de-4f8f-807e-01990637cfee,worker_4,worker_4,DISK_LOAD,13.154557,0.102770,"Disk -> RAM [Model: c70dc14b, Layer: 60578c59]"
98497.532738,10000,c70dc14b-62de-4f8f-807e-01990637cfee,worker_4,worker_4,MEM_MOVE,13.154557,0.102770,"RAM -> VRAM [Model: c70dc14b, Layer: 60578c59]"
98497.582738,10000,c70dc14b-62de-4f8f-807e-01990637cfee,worker_4,worker_4,GPU_COMPUTE,0.050000,0.050000,GPU Compute
98497.582738,10000,c70dc14b-62de-4f8f-807e-01990637cfee,worker_4,worker_4,MEM_MOVE,0.000000,0.000000,"Wipe/Deallocate Layer from Memory [Model: c70dc14b, Layer: 60578c59]"
98497.740738,10000,c70dc14b-62de-4f8f-807e-01990637cfee,worker_4,coordinator_0,NET_TRANSFER,0.000100,0.158000,Signal Finished
99273.965614,10000,c70dc14b-62de-4f8f-807e-01990637cfee,coordinator_0,worker_1,NET_TRANSFER,9.700936,776.224876,Distribute Layer ID: 48146fdb
99274.041402,10000,c70dc14b-62de-4f8f-807e-01990637cfee,worker_1,worker_1,DISK_LOAD,9.700936,0.075789,"Disk -> RAM [Model: c70dc14b, Layer: 48146fdb]"
99274.117191,10000,c70dc14b-62de-4f8f-807e-01990637cfee,worker_1,worker_1,MEM_MOVE,9.700936,0.075789,"RAM -> VRAM [Model: c70dc14b, Layer: 48146fdb]"
99274.167191,10000,c70dc14b-62de-4f8f-807e-01990637cfee,worker_1,worker_1,GPU_COMPUTE,0.050000,0.050000,GPU Compute
99274.167191,10000,c70dc14b-62de-4f8f-807e-01990637cfee,worker_1,worker_1,MEM_MOVE,0.000000,0.000000,"Wipe/Deallocate Layer from Memory [Model: c70dc14b, Layer: 48146fdb]"
99274.325191,10000,c70dc14b-62de-4f8f-807e-01990637cfee,worker_1,coordinator_0,NET_TRANSFER,0.000100,0.158000,Signal Finished
99922.862294,10000,c70dc14b-62de-4f8f-807e-01990637cfee,coordinator_0,worker_2,NET_TRANSFER,8.104839,648.537104,Distribute Layer ID: 81b1a9b4
99922.925613,10000,c70dc14b-62de-4f8f-807e-01990637cfee,worker_2,worker_2,DISK_LOAD,8.104839,0.063319,"Disk -> RAM [Model: c70dc14b, Layer: 81b1a9b4]"
99922.988933,10000,c70dc14b-62de-4f8f-807e-01990637cfee,worker_2,worker_2,MEM_MOVE,8.104839,0.063319,"RAM -> VRAM [Model: c70dc14b, Layer: 81b1a9b4]"
99923.038933,10000,c70dc14b-62de-4f8f-807e-01990637cfee,worker_2,worker_2,GPU_COMPUTE,0.050000,0.050000,GPU Compute
99923.038933,10000,c70dc14b-62de-4f8f-807e-01990637cfee,worker_2,worker_2,MEM_MOVE,0.000000,0.000000,"Wipe/Deallocate Layer from Memory [Model: c70dc14b, Layer: 81b1a9b4]"
99923.196933,10000,c70dc14b-62de-4f8f-807e-01990637cfee,worker_2,coordinator_0,NET_TRANSFER,0.000100,0.158000,Signal Finished
100623.571444,10000,c70dc14b-62de-4f8f-807e-01990637cfee,coordinator_0,worker_3,NET_TRANSFER,8.752806,700.374512,Distribute Layer ID: a80bfc7f
100623.639825,10000,c70dc14b-62de-4f8f-807e-01990637cfee,worker_3,worker_3,DISK_LOAD,8.752806,0.068381,"Disk -> RAM [Model: c70dc14b, Layer: a80bfc7f]"
100623.708207,10000,c70dc14b-62de-4f8f-807e-01990637cfee,worker_3,worker_3,MEM_MOVE,8.752806,0.068381,"RAM -> VRAM [Model: c70dc14b, Layer: a80bfc7f]"
100623.758207,10000,c70dc14b-62de-4f8f-807e-01990637cfee,worker_3,worker_3,GPU_COMPUTE,0.050000,0.050000,GPU Compute
100623.758207,10000,c70dc14b-62de-4f8f-807e-01990637cfee,worker_3,worker_3,MEM_MOVE,0.000000,0.000000,"Wipe/Deallocate Layer from Memory [Model: c70dc14b, Layer: a80bfc7f]"
141051.622467,1000,c8b627aa-c753-4597-9919-37d80da8271e,client_1,coordinator_0,NET_TRANSFER,505.346428,40427.864261,Upload Model Weights
141051.780467,10000,c70dc14b-62de-4f8f-807e-01990637cfee,worker_3,coordinator_0,NET_TRANSFER,0.000100,0.158000,Signal Finished
142118.669313,10000,c70dc14b-62de-4f8f-807e-01990637cfee,coordinator_0,worker_4,NET_TRANSFER,13.334236,1066.888845,Distribute Layer ID: d2e94c22
142118.773487,10000,c70dc14b-62de-4f8f-807e-01990637cfee,worker_4,worker_4,DISK_LOAD,13.334236,0.104174,"Disk -> RAM [Model: c70dc14b, Layer: d2e94c22]"
142118.877660,10000,c70dc14b-62de-4f8f-807e-01990637cfee,worker_4,worker_4,MEM_MOVE,13.334236,0.104174,"RAM -> VRAM [Model: c70dc14b, Layer: d2e94c22]"
142118.927660,10000,c70dc14b-62de-4f8f-807e-01990637cfee,worker_4,worker_4,GPU_COMPUTE,0.050000,0.050000,GPU Compute
142118.927660,10000,c70dc14b-62de-4f8f-807e-01990637cfee,worker_4,worker_4,MEM_MOVE,0.000000,0.000000,"Wipe/Deallocate Layer from Memory [Model: c70dc14b, Layer: d2e94c22]"
142119.085660,10000,c70dc14b-62de-4f8f-807e-01990637cfee,worker_4,coordinator_0,NET_TRANSFER,0.000100,0.158000,Signal Finished
143172.440521,10000,c70dc14b-62de-4f8f-807e-01990637cfee,coordinator_0,worker_1,NET_TRANSFER,13.165061,1053.354861,Distribute Layer ID: 3306055d
143172.543373,10000,c70dc14b-62de-4f8f-807e-01990637cfee,worker_1,worker_1,DISK_LOAD,13.165061,0.102852,"Disk -> RAM [Model: c70dc14b, Layer: 3306055d]"
143172.646225,10000,c70dc14b-62de-4f8f-807e-01990637cfee,worker_1,worker_1,MEM_MOVE,13.165061,0.102852,"RAM -> VRAM [Model: c70dc14b, Layer: 3306055d]"
143172.696225,10000,c70dc14b-62de-4f8f-807e-01990637cfee,worker_1,worker_1,GPU_COMPUTE,0.050000,0.050000,GPU Compute
143172.696225,10000,c70dc14b-62de-4f8f-807e-01990637cfee,worker_1,worker_1,MEM_MOVE,0.000000,0.000000,"Wipe/Deallocate Layer from Memory [Model: c70dc14b, Layer: 3306055d]"
143172.854225,10000,c70dc14b-62de-4f8f-807e-01990637cfee,worker_1,coordinator_0,NET_TRANSFER,0.000100,0.158000,Signal Finished
143820.982340,10000,c70dc14b-62de-4f8f-807e-01990637cfee,coordinator_0,worker_2,NET_TRANSFER,8.099726,648.128115,Distribute Layer ID: ed732991
143821.045619,10000,c70dc14b-62de-4f8f-807e-01990637cfee,worker_2,worker_2,DISK_LOAD,8.099726,0.063279,"Disk -> RAM [Model: c70dc14b, Layer: ed732991]"
143821.108898,10000,c70dc14b-62de-4f8f-807e-01990637cfee,worker_2,worker_2,MEM_MOVE,8.099726,0.063279,"RAM -> VRAM [Model: c70dc14b, Layer: ed732991]"
143821.158898,10000,c70dc14b-62de-4f8f-807e-01990637cfee,worker_2,worker_2,GPU_COMPUTE,0.050000,0.050000,GPU Compute
143821.158898,10000,c70dc14b-62de-4f8f-807e-01990637cfee,worker_2,worker_2,MEM_MOVE,0.000000,0.000000,"Wipe/Deallocate Layer from Memory [Model: c70dc14b, Layer: ed732991]"
143821.316898,10000,c70dc14b-62de-4f8f-807e-01990637cfee,worker_2,coordinator_0,NET_TRANSFER,0.000100,0.158000,Signal Finished
144265.656739,10000,c70dc14b-62de-4f8f-807e-01990637cfee,coordinator_0,worker_3,NET_TRANSFER,5.552373,444.339841,Distribute Layer ID: 0a29e61f
144265.700117,10000,c70dc14b-62de-4f8f-807e-01990637cfee,worker_3,worker_3,DISK_LOAD,5.552373,0.043378,"Disk -> RAM [Model: c70dc14b, Layer: 0a29e61f]"
144265.743495,10000,c70dc14b-62de-4f8f-807e-01990637cfee,worker_3,worker_3,MEM_MOVE,5.552373,0.043378,"RAM -> VRAM [Model: c70dc14b, Layer: 0a29e61f]"
144265.793495,10000,c70dc14b-62de-4f8f-807e-01990637cfee,worker_3,worker_3,GPU_COMPUTE,0.050000,0.050000,GPU Compute
144265.793495,10000,c70dc14b-62de-4f8f-807e-01990637cfee,worker_3,worker_3,MEM_MOVE,0.000000,0.000000,"Wipe/Deallocate Layer from Memory [Model: c70dc14b, Layer: 0a29e61f]"
144265.951495,10000,c70dc14b-62de-4f8f-807e-01990637cfee,worker_3,coordinator_0,NET_TRANSFER,0.000100,0.158000,Signal Finished
144721.579157,10000,c70dc14b-62de-4f8f-807e-01990637cfee,coordinator_0,worker_4,NET_TRANSFER,5.693471,455.627662,Distribute Layer ID: 539d1e54
144721.623637,10000,c70dc14b-62de-4f8f-807e-01990637cfee,worker_4,worker_4,DISK_LOAD,5.693471,0.044480,"Disk -> RAM [Model: c70dc14b, Layer: 539d1e54]"
144721.668118,10000,c70dc14b-62de-4f8f-807e-01990637cfee,worker_4,worker_4,MEM_MOVE,5.693471,0.044480,"RAM -> VRAM [Model: c70dc14b, Layer: 539d1e54]"
144721.718118,10000,c70dc14b-62de-4f8f-807e-01990637cfee,worker_4,worker_4,GPU_COMPUTE,0.050000,0.050000,GPU Compute
144721.718118,10000,c70dc14b-62de-4f8f-807e-01990637cfee,worker_4,worker_4,MEM_MOVE,0.000000,0.000000,"Wipe/Deallocate Layer from Memory [Model: c70dc14b, Layer: 539d1e54]"
144721.876118,10000,c70dc14b-62de-4f8f-807e-01990637cfee,worker_4,coordinator_0,NET_TRANSFER,0.000100,0.158000,Signal Finished
145816.411605,10000,c70dc14b-62de-4f8f-807e-01990637cfee,coordinator_0,worker_1,NET_TRANSFER,13.679819,1094.535487,Distribute Layer ID: 027e2036
145816.518478,10000,c70dc14b-62de-4f8f-807e-01990637cfee,worker_1,worker_1,DISK_LOAD,13.679819,0.106874,"Disk -> RAM [Model: c70dc14b, Layer: 027e2036]"
145816.625352,10000,c70dc14b-62de-4f8f-807e-01990637cfee,worker_1,worker_1,MEM_MOVE,13.679819,0.106874,"RAM -> VRAM [Model: c70dc14b, Layer: 027e2036]"
145816.675352,10000,c70dc14b-62de-4f8f-807e-01990637cfee,worker_1,worker_1,GPU_COMPUTE,0.050000,0.050000,GPU Compute
145816.675352,10000,c70dc14b-62de-4f8f-807e-01990637cfee,worker_1,worker_1,MEM_MOVE,0.000000,0.000000,"Wipe/Deallocate Layer from Memory [Model: c70dc14b, Layer: 027e2036]"
145816.833352,10000,c70dc14b-62de-4f8f-807e-01990637cfee,worker_1,coordinator_0,NET_TRANSFER,0.000100,0.158000,Signal Finished
146786.184808,10000,c70dc14b-62de-4f8f-807e-01990637cfee,coordinator_0,worker_2,NET_TRANSFER,12.115018,969.351457,Distribute Layer ID: b9a53580
146786.279457,10000,c70dc14b-62de-4f8f-807e-01990637cfee,worker_2,worker_2,DISK_LOAD,12.115018,0.094649,"Disk -> RAM [Model: c70dc14b, Layer: b9a53580]"
146786.374106,10000,c70dc14b-62de-4f8f-807e-01990637cfee,worker_2,worker_2,MEM_MOVE,12.115018,0.094649,"RAM -> VRAM [Model: c70dc14b, Layer: b9a53580]"
146786.424106,10000,c70dc14b-62de-4f8f-807e-01990637cfee,worker_2,worker_2,GPU_COMPUTE,0.050000,0.050000,GPU Compute
146786.424106,10000,c70dc14b-62de-4f8f-807e-01990637cfee,worker_2,worker_2,MEM_MOVE,0.000000,0.000000,"Wipe/Deallocate Layer from Memory [Model: c70dc14b, Layer: b9a53580]"
146786.582106,10000,c70dc14b-62de-4f8f-807e-01990637cfee,worker_2,coordinator_0,NET_TRANSFER,0.000100,0.158000,Signal Finished
147846.415572,10000,c70dc14b-62de-4f8f-807e-01990637cfee,coordinator_0,worker_3,NET_TRANSFER,13.246043,1059.833466,Distribute Layer ID: a63a697b
147846.519057,10000,c70dc14b-62de-4f8f-807e-01990637cfee,worker_3,worker_3,DISK_LOAD,13.246043,0.103485,"Disk -> RAM [Model: c70dc14b, Layer: a63a697b]"
147846.622541,10000,c70dc14b-62de-4f8f-807e-01990637cfee,worker_3,worker_3,MEM_MOVE,13.246043,0.103485,"RAM -> VRAM [Model: c70dc14b, Layer: a63a697b]"
147846.672541,10000,c70dc14b-62de-4f8f-807e-01990637cfee,worker_3,worker_3,GPU_COMPUTE,0.050000,0.050000,GPU Compute
147846.672541,10000,c70dc14b-62de-4f8f-807e-01990637cfee,worker_3,worker_3,MEM_MOVE,0.000000,0.000000,"Wipe/Deallocate Layer from Memory [Model: c70dc14b, Layer: a63a697b]"
147846.830541,10000,c70dc14b-62de-4f8f-807e-01990637cfee,worker_3,coordinator_0,NET_TRANSFER,0.000100,0.158000,Signal Finished
148282.219560,10000,c70dc14b-62de-4f8f-807e-01990637cfee,coordinator_0,worker_4,NET_TRANSFER,5.440488,435.389018,Distribute Layer ID: 0deaf4e5
148282.262064,10000,c70dc14b-62de-4f8f-807e-01990637cfee,worker_4,worker_4,DISK_LOAD,5.440488,0.042504,"Disk -> RAM [Model: c70dc14b, Layer: 0deaf4e5]"
148282.304568,10000,c70dc14b-62de-4f8f-807e-01990637cfee,worker_4,worker_4,MEM_MOVE,5.440488,0.042504,"RAM -> VRAM [Model: c70dc14b, Layer: 0deaf4e5]"
148282.354568,10000,c70dc14b-62de-4f8f-807e-01990637cfee,worker_4,worker_4,GPU_COMPUTE,0.050000,0.050000,GPU Compute
148282.354568,10000,c70dc14b-62de-4f8f-807e-01990637cfee,worker_4,worker_4,MEM_MOVE,0.000000,0.000000,"Wipe/Deallocate Layer from Memory [Model: c70dc14b, Layer: 0deaf4e5]"
148282.512568,10000,c70dc14b-62de-4f8f-807e-01990637cfee,worker_4,coordinator_0,NET_TRANSFER,0.000100,0.158000,Signal Finished
149024.143985,10000,c70dc14b-62de-4f8f-807e-01990637cfee,coordinator_0,worker_1,NET_TRANSFER,9.268518,741.631418,Distribute Layer ID: 6c61c2e0
149024.216396,10000,c70dc14b-62de-4f8f-807e-01990637cfee,worker_1,worker_1,DISK_LOAD,9.268518,0.072410,"Disk -> RAM [Model: c70dc14b, Layer: 6c61c2e0]"
149024.288806,10000,c70dc14b-62de-4f8f-807e-01990637cfee,worker_1,worker_1,MEM_MOVE,9.268518,0.072410,"RAM -> VRAM [Model: c70dc14b, Layer: 6c61c2e0]"
149024.338806,10000,c70dc14b-62de-4f8f-807e-01990637cfee,worker_1,worker_1,GPU_COMPUTE,0.050000,0.050000,GPU Compute
149024.338806,10000,c70dc14b-62de-4f8f-807e-01990637cfee,worker_1,worker_1,MEM_MOVE,0.000000,0.000000,"Wipe/Deallocate Layer from Memory [Model: c70dc14b, Layer: 6c61c2e0]"
149024.496806,10000,c70dc14b-62de-4f8f-807e-01990637cfee,worker_1,coordinator_0,NET_TRANSFER,0.000100,0.158000,Signal Finished
150036.324754,10000,c70dc14b-62de-4f8f-807e-01990637cfee,coordinator_0,worker_2,NET_TRANSFER,12.645974,1011.827948,Distribute Layer ID: 8cca61af
150036.423551,10000,c70dc14b-62de-4f8f-807e-01990637cfee,worker_2,worker_2,DISK_LOAD,12.645974,0.098797,"Disk -> RAM [Model: c70dc14b, Layer: 8cca61af]"
150036.522348,10000,c70dc14b-62de-4f8f-807e-01990637cfee,worker_2,worker_2,MEM_MOVE,12.645974,0.098797,"RAM -> VRAM [Model: c70dc14b, Layer: 8cca61af]"
150036.572348,10000,c70dc14b-62de-4f8f-807e-01990637cfee,worker_2,worker_2,GPU_COMPUTE,0.050000,0.050000,GPU Compute
150036.572348,10000,c70dc14b-62de-4f8f-807e-01990637cfee,worker_2,worker_2,MEM_MOVE,0.000000,0.000000,"Wipe/Deallocate Layer from Memory [Model: c70dc14b, Layer: 8cca61af]"
150036.730348,10000,c70dc14b-62de-4f8f-807e-01990637cfee,worker_2,coordinator_0,NET_TRANSFER,0.000100,0.158000,Signal Finished
151055.221507,10000,c70dc14b-62de-4f8f-807e-01990637cfee,coordinator_0,worker_3,NET_TRANSFER,12.729264,1018.491159,Distribute Layer ID: 62b544a3
151055.320954,10000,c70dc14b-62de-4f8f-807e-01990637cfee,worker_3,worker_3,DISK_LOAD,12.729264,0.099447,"Disk -> RAM [Model: c70dc14b, Layer: 62b544a3]"
151055.420401,10000,c70dc14b-62de-4f8f-807e-01990637cfee,worker_3,worker_3,MEM_MOVE,12.729264,0.099447,"RAM -> VRAM [Model: c70dc14b, Layer: 62b544a3]"
151055.470401,10000,c70dc14b-62de-4f8f-807e-01990637cfee,worker_3,worker_3,GPU_COMPUTE,0.050000,0.050000,GPU Compute
151055.470401,10000,c70dc14b-62de-4f8f-807e-01990637cfee,worker_3,worker_3,MEM_MOVE,0.000000,0.000000,"Wipe/Deallocate Layer from Memory [Model: c70dc14b, Layer: 62b544a3]"
151055.628401,10000,c70dc14b-62de-4f8f-807e-01990637cfee,worker_3,coordinator_0,NET_TRANSFER,0.000100,0.158000,Signal Finished
151598.294574,10000,c70dc14b-62de-4f8f-807e-01990637cfee,coordinator_0,worker_4,NET_TRANSFER,6.781452,542.666173,Distribute Layer ID: 6a6eec1e
151598.347554,10000,c70dc14b-62de-4f8f-807e-01990637cfee,worker_4,worker_4,DISK_LOAD,6.781452,0.052980,"Disk -> RAM [Model: c70dc14b, Layer: 6a6eec1e]"
151598.400534,10000,c70dc14b-62de-4f8f-807e-01990637cfee,worker_4,worker_4,MEM_MOVE,6.781452,0.052980,"RAM -> VRAM [Model: c70dc14b, Layer: 6a6eec1e]"
151598.450534,10000,c70dc14b-62de-4f8f-807e-01990637cfee,worker_4,worker_4,GPU_COMPUTE,0.050000,0.050000,GPU Compute
151598.450534,10000,c70dc14b-62de-4f8f-807e-01990637cfee,worker_4,worker_4,MEM_MOVE,0.000000,0.000000,"Wipe/Deallocate Layer from Memory [Model: c70dc14b, Layer: 6a6eec1e]"
151598.608534,10000,c70dc14b-62de-4f8f-807e-01990637cfee,worker_4,coordinator_0,NET_TRANSFER,0.000100,0.158000,Signal Finished
152223.560628,10000,c70dc14b-62de-4f8f-807e-01990637cfee,coordinator_0,worker_1,NET_TRANSFER,7.810026,624.952094,Distribute Layer ID: 29de317b
152223.621644,10000,c70dc14b-62de-4f8f-807e-01990637cfee,worker_1,worker_1,DISK_LOAD,7.810026,0.061016,"Disk -> RAM [Model: c70dc14b, Layer: 29de317b]"
152223.682660,10000,c70dc14b-62de-4f8f-807e-01990637cfee,worker_1,worker_1,MEM_MOVE,7.810026,0.061016,"RAM -> VRAM [Model: c70dc14b, Layer: 29de317b]"
152223.732660,10000,c70dc14b-62de-4f8f-807e-01990637cfee,worker_1,worker_1,GPU_COMPUTE,0.050000,0.050000,GPU Compute
152223.732660,10000,c70dc14b-62de-4f8f-807e-01990637cfee,worker_1,worker_1,MEM_MOVE,0.000000,0.000000,"Wipe/Deallocate Layer from Memory [Model: c70dc14b, Layer: 29de317b]"
152223.890660,10000,c70dc14b-62de-4f8f-807e-01990637cfee,worker_1,coordinator_0,NET_TRANSFER,0.000100,0.158000,Signal Finished
153226.980013,10000,c70dc14b-62de-4f8f-807e-01990637cfee,coordinator_0,worker_2,NET_TRANSFER,12.536742,1003.089354,Distribute Layer ID: 7b7021ca
153227.077956,10000,c70dc14b-62de-4f8f-807e-01990637cfee,worker_2,worker_2,DISK_LOAD,12.536742,0.097943,"Disk -> RAM [Model: c70dc14b, Layer: 7b7021ca]"
153227.175900,10000,c70dc14b-62de-4f8f-807e-01990637cfee,worker_2,worker_2,MEM_MOVE,12.536742,0.097943,"RAM -> VRAM [Model: c70dc14b, Layer: 7b7021ca]"
153227.225900,10000,c70dc14b-62de-4f8f-807e-01990637cfee,worker_2,worker_2,GPU_COMPUTE,0.050000,0.050000,GPU Compute
153227.225900,10000,c70dc14b-62de-4f8f-807e-01990637cfee,worker_2,worker_2,MEM_MOVE,0.000000,0.000000,"Wipe/Deallocate Layer from Memory [Model: c70dc14b, Layer: 7b7021ca]"
153227.383900,10000,c70dc14b-62de-4f8f-807e-01990637cfee,worker_2,coordinator_0,NET_TRANSFER,0.000100,0.158000,Signal Finished
153669.703642,10000,c70dc14b-62de-4f8f-807e-01990637cfee,coordinator_0,worker_3,NET_TRANSFER,5.527122,442.319743,Distribute Layer ID: 075d74c8
153669.746823,10000,c70dc14b-62de-4f8f-807e-01990637cfee,worker_3,worker_3,DISK_LOAD,5.527122,0.043181,"Disk -> RAM [Model: c70dc14b, Layer: 075d74c8]"
153669.790004,10000,c70dc14b-62de-4f8f-807e-01990637cfee,worker_3,worker_3,MEM_MOVE,5.527122,0.043181,"RAM -> VRAM [Model: c70dc14b, Layer: 075d74c8]"
153669.840004,10000,c70dc14b-62de-4f8f-807e-01990637cfee,worker_3,worker_3,GPU_COMPUTE,0.050000,0.050000,GPU Compute
153669.840004,10000,c70dc14b-62de-4f8f-807e-01990637cfee,worker_3,worker_3,MEM_MOVE,0.000000,0.000000,"Wipe/Deallocate Layer from Memory [Model: c70dc14b, Layer: 075d74c8]"
153669.998004,10000,c70dc14b-62de-4f8f-807e-01990637cfee,worker_3,coordinator_0,NET_TRANSFER,0.000100,0.158000,Signal Finished
154406.307747,10000,c70dc14b-62de-4f8f-807e-01990637cfee,coordinator_0,worker_4,NET_TRANSFER,9.201997,736.309744,Distribute Layer ID: b058a891
154406.379638,10000,c70dc14b-62de-4f8f-807e-01990637cfee,worker_4,worker_4,DISK_LOAD,9.201997,0.071891,"Disk -> RAM [Model: c70dc14b, Layer: b058a891]"
154406.451528,10000,c70dc14b-62de-4f8f-807e-01990637cfee,worker_4,worker_4,MEM_MOVE,9.201997,0.071891,"RAM -> VRAM [Model: c70dc14b, Layer: b058a891]"
154406.501528,10000,c70dc14b-62de-4f8f-807e-01990637cfee,worker_4,worker_4,GPU_COMPUTE,0.050000,0.050000,GPU Compute
154406.501528,10000,c70dc14b-62de-4f8f-807e-01990637cfee,worker_4,worker_4,MEM_MOVE,0.000000,0.000000,"Wipe/Deallocate Layer from Memory [Model: c70dc14b, Layer: b058a891]"
154406.659528,10000,c70dc14b-62de-4f8f-807e-01990637cfee,worker_4,coordinator_0,NET_TRANSFER,0.000100,0.158000,Signal Finished
155038.891619,10000,c70dc14b-62de-4f8f-807e-01990637cfee,coordinator_0,worker_1,NET_TRANSFER,7.901026,632.232091,Distribute Layer ID: 255d8e08
155038.953346,10000,c70dc14b-62de-4f8f-807e-01990637cfee,worker_1,worker_1,DISK_LOAD,7.901026,0.061727,"Disk -> RAM [Model: c70dc14b, Layer: 255d8e08]"
155039.015073,10000,c70dc14b-62de-4f8f-807e-01990637cfee,worker_1,worker_1,MEM_MOVE,7.901026,0.061727,"RAM -> VRAM [Model: c70dc14b, Layer: 255d8e08]"
155039.065073,10000,c70dc14b-62de-4f8f-807e-01990637cfee,worker_1,worker_1,GPU_COMPUTE,0.050000,0.050000,GPU Compute
155039.065073,10000,c70dc14b-62de-4f8f-807e-01990637cfee,worker_1,worker_1,MEM_MOVE,0.000000,0.000000,"Wipe/Deallocate Layer from Memory [Model: c70dc14b, Layer: 255d8e08]"
155039.223073,10000,c70dc14b-62de-4f8f-807e-01990637cfee,worker_1,coordinator_0,NET_TRANSFER,0.000100,0.158000,Signal Finished
156141.513521,10000,c70dc14b-62de-4f8f-807e-01990637cfee,coordinator_0,worker_2,NET_TRANSFER,13.776756,1102.290449,Distribute Layer ID: ea5713f7
156141.621152,10000,c70dc14b-62de-4f8f-807e-01990637cfee,worker_2,worker_2,DISK_LOAD,13.776756,0.107631,"Disk -> RAM [Model: c70dc14b, Layer: ea5713f7]"
156141.728783,10000,c70dc14b-62de-4f8f-807e-01990637cfee,worker_2,worker_2,MEM_MOVE,13.776756,0.107631,"RAM -> VRAM [Model: c70dc14b, Layer: ea5713f7]"
156141.778783,10000,c70dc14b-62de-4f8f-807e-01990637cfee,worker_2,worker_2,GPU_COMPUTE,0.050000,0.050000,GPU Compute
156141.778783,10000,c70dc14b-62de-4f8f-807e-01990637cfee,worker_2,worker_2,MEM_MOVE,0.000000,0.000000,"Wipe/Deallocate Layer from Memory [Model: c70dc14b, Layer: ea5713f7]"
156141.936783,10000,c70dc14b-62de-4f8f-807e-01990637cfee,worker_2,coordinator_0,NET_TRANSFER,0.000100,0.158000,Signal Finished
156663.044064,10000,c70dc14b-62de-4f8f-807e-01990637cfee,coordinator_0,worker_3,NET_TRANSFER,6.511966,521.107281,Distribute Layer ID: 3a6d589b
156663.094939,10000,c70dc14b-62de-4f8f-807e-01990637cfee,worker_3,worker_3,DISK_LOAD,6.511966,0.050875,"Disk -> RAM [Model: c70dc14b, Layer: 3a6d589b]"
156663.145814,10000,c70dc14b-62de-4f8f-807e-01990637cfee,worker_3,worker_3,MEM_MOVE,6.511966,0.050875,"RAM -> VRAM [Model: c70dc14b, Layer: 3a6d589b]"
156663.195814,10000,c70dc14b-62de-4f8f-807e-01990637cfee,worker_3,worker_3,GPU_COMPUTE,0.050000,0.050000,GPU Compute
156663.195814,10000,c70dc14b-62de-4f8f-807e-01990637cfee,worker_3,worker_3,MEM_MOVE,0.000000,0.000000,"Wipe/Deallocate Layer from Memory [Model: c70dc14b, Layer: 3a6d589b]"
156663.353814,10000,c70dc14b-62de-4f8f-807e-01990637cfee,worker_3,coordinator_0,NET_TRANSFER,0.000100,0.158000,Signal Finished
157445.357186,10000,c70dc14b-62de-4f8f-807e-01990637cfee,coordinator_0,worker_4,NET_TRANSFER,9.773167,782.003372,Distribute Layer ID: 6693966f
157445.433539,10000,c70dc14b-62de-4f8f-807e-01990637cfee,worker_4,worker_4,DISK_LOAD,9.773167,0.076353,"Disk -> RAM [Model: c70dc14b, Layer: 6693966f]"
157445.509892,10000,c70dc14b-62de-4f8f-807e-01990637cfee,worker_4,worker_4,MEM_MOVE,9.773167,0.076353,"RAM -> VRAM [Model: c70dc14b, Layer: 6693966f]"
157445.559892,10000,c70dc14b-62de-4f8f-807e-01990637cfee,worker_4,worker_4,GPU_COMPUTE,0.050000,0.050000,GPU Compute
157445.559892,10000,c70dc14b-62de-4f8f-807e-01990637cfee,worker_4,worker_4,MEM_MOVE,0.000000,0.000000,"Wipe/Deallocate Layer from Memory [Model: c70dc14b, Layer: 6693966f]"
157445.717892,10000,c70dc14b-62de-4f8f-807e-01990637cfee,worker_4,coordinator_0,NET_TRANSFER,0.000100,0.158000,Signal Finished
158210.509076,10000,c70dc14b-62de-4f8f-807e-01990637cfee,coordinator_0,worker_1,NET_TRANSFER,9.558015,764.791185,Distribute Layer ID: e47448f4
158210.583748,10000,c70dc14b-62de-4f8f-807e-01990637cfee,worker_1,worker_1,DISK_LOAD,9.558015,0.074672,"Disk -> RAM [Model: c70dc14b, Layer: e47448f4]"
158210.658420,10000,c70dc14b-62de-4f8f-807e-01990637cfee,worker_1,worker_1,MEM_MOVE,9.558015,0.074672,"RAM -> VRAM [Model: c70dc14b, Layer: e47448f4]"
158210.708420,10000,c70dc14b-62de-4f8f-807e-01990637cfee,worker_1,worker_1,GPU_COMPUTE,0.050000,0.050000,GPU Compute
158210.708420,10000,c70dc14b-62de-4f8f-807e-01990637cfee,worker_1,worker_1,MEM_MOVE,0.000000,0.000000,"Wipe/Deallocate Layer from Memory [Model: c70dc14b, Layer: e47448f4]"
158210.866420,10000,c70dc14b-62de-4f8f-807e-01990637cfee,worker_1,coordinator_0,NET_TRANSFER,0.000100,0.158000,Signal Finished
158937.411766,10000,c70dc14b-62de-4f8f-807e-01990637cfee,coordinator_0,worker_2,NET_TRANSFER,9.079942,726.545346,Distribute Layer ID: 33c63a6e
158937.482703,10000,c70dc14b-62de-4f8f-807e-01990637cfee,worker_2,worker_2,DISK_LOAD,9.079942,0.070937,"Disk -> RAM [Model: c70dc14b, Layer: 33c63a6e]"
158937.553640,10000,c70dc14b-62de-4f8f-807e-01990637cfee,worker_2,worker_2,MEM_MOVE,9.079942,0.070937,"RAM -> VRAM [Model: c70dc14b, Layer: 33c63a6e]"
158937.603640,10000,c70dc14b-62de-4f8f-807e-01990637cfee,worker_2,worker_2,GPU_COMPUTE,0.050000,0.050000,GPU Compute
158937.603640,10000,c70dc14b-62de-4f8f-807e-01990637cfee,worker_2,worker_2,MEM_MOVE,0.000000,0.000000,"Wipe/Deallocate Layer from Memory [Model: c70dc14b, Layer: 33c63a6e]"
158937.761640,10000,c70dc14b-62de-4f8f-807e-01990637cfee,worker_2,coordinator_0,NET_TRANSFER,0.000100,0.158000,Signal Finished
160090.397670,10000,c70dc14b-62de-4f8f-807e-01990637cfee,coordinator_0,worker_3,NET_TRANSFER,14.406075,1152.636030,Distribute Layer ID: 4b9192df
160090.510218,10000,c70dc14b-62de-4f8f-807e-01990637cfee,worker_3,worker_3,DISK_LOAD,14.406075,0.112547,"Disk -> RAM [Model: c70dc14b, Layer: 4b9192df]"
160090.622765,10000,c70dc14b-62de-4f8f-807e-01990637cfee,worker_3,worker_3,MEM_MOVE,14.406075,0.112547,"RAM -> VRAM [Model: c70dc14b, Layer: 4b9192df]"
160090.672765,10000,c70dc14b-62de-4f8f-807e-01990637cfee,worker_3,worker_3,GPU_COMPUTE,0.050000,0.050000,GPU Compute
160090.672765,10000,c70dc14b-62de-4f8f-807e-01990637cfee,worker_3,worker_3,MEM_MOVE,0.000000,0.000000,"Wipe/Deallocate Layer from Memory [Model: c70dc14b, Layer: 4b9192df]"
160090.830765,10000,c70dc14b-62de-4f8f-807e-01990637cfee,worker_3,coordinator_0,NET_TRANSFER,0.000100,0.158000,Signal Finished
160606.150481,10000,c70dc14b-62de-4f8f-807e-01990637cfee,coordinator_0,worker_4,NET_TRANSFER,6.439621,515.319715,Distribute Layer ID: e35aa014
160606.200790,10000,c70dc14b-62de-4f8f-807e-01990637cfee,worker_4,worker_4,DISK_LOAD,6.439621,0.050310,"Disk -> RAM [Model: c70dc14b, Layer: e35aa014]"
160606.251100,10000,c70dc14b-62de-4f8f-807e-01990637cfee,worker_4,worker_4,MEM_MOVE,6.439621,0.050310,"RAM -> VRAM [Model: c70dc14b, Layer: e35aa014]"
160606.301100,10000,c70dc14b-62de-4f8f-807e-01990637cfee,worker_4,worker_4,GPU_COMPUTE,0.050000,0.050000,GPU Compute
160606.301100,10000,c70dc14b-62de-4f8f-807e-01990637cfee,worker_4,worker_4,MEM_MOVE,0.000000,0.000000,"Wipe/Deallocate Layer from Memory [Model: c70dc14b, Layer: e35aa014]"
160606.459100,10000,c70dc14b-62de-4f8f-807e-01990637cfee,worker_4,coordinator_0,NET_TRANSFER,0.000100,0.158000,Signal Finished
161492.123839,10000,c70dc14b-62de-4f8f-807e-01990637cfee,coordinator_0,worker_1,NET_TRANSFER,11.068934,885.664740,Distribute Layer ID: 6b007c49
161492.210315,10000,c70dc14b-62de-4f8f-807e-01990637cfee,worker_1,worker_1,DISK_LOAD,11.068934,0.086476,"Disk -> RAM [Model: c70dc14b, Layer: 6b007c49]"
161492.296792,10000,c70dc14b-62de-4f8f-807e-01990637cfee,worker_1,worker_1,MEM_MOVE,11.068934,0.086476,"RAM -> VRAM [Model: c70dc14b, Layer: 6b007c49]"
161492.346792,10000,c70dc14b-62de-4f8f-807e-01990637cfee,worker_1,worker_1,GPU_COMPUTE,0.050000,0.050000,GPU Compute
161492.346792,10000,c70dc14b-62de-4f8f-807e-01990637cfee,worker_1,worker_1,MEM_MOVE,0.000000,0.000000,"Wipe/Deallocate Layer from Memory [Model: c70dc14b, Layer: 6b007c49]"
161492.504792,10000,c70dc14b-62de-4f8f-807e-01990637cfee,worker_1,coordinator_0,NET_TRANSFER,0.000100,0.158000,Signal Finished
162543.139281,10000,c70dc14b-62de-4f8f-807e-01990637cfee,coordinator_0,worker_2,NET_TRANSFER,13.131056,1050.634490,Distribute Layer ID: e9fa3900
162543.241868,10000,c70dc14b-62de-4f8f-807e-01990637cfee,worker_2,worker_2,DISK_LOAD,13.131056,0.102586,"Disk -> RAM [Model: c70dc14b, Layer: e9fa3900]"
162543.344454,10000,c70dc14b-62de-4f8f-807e-01990637cfee,worker_2,worker_2,MEM_MOVE,13.131056,0.102586,"RAM -> VRAM [Model: c70dc14b, Layer: e9fa3900]"
162543.394454,10000,c70dc14b-62de-4f8f-807e-01990637cfee,worker_2,worker_2,GPU_COMPUTE,0.050000,0.050000,GPU Compute
162543.394454,10000,c70dc14b-62de-4f8f-807e-01990637cfee,worker_2,worker_2,MEM_MOVE,0.000000,0.000000,"Wipe/Deallocate Layer from Memory [Model: c70dc14b, Layer: e9fa3900]"
162543.552454,10000,c70dc14b-62de-4f8f-807e-01990637cfee,worker_2,coordinator_0,NET_TRANSFER,0.000100,0.158000,Signal Finished
163657.758112,10000,c70dc14b-62de-4f8f-807e-01990637cfee,coordinator_0,worker_3,NET_TRANSFER,13.925696,1114.205657,Distribute Layer ID: f765a308
163657.866906,10000,c70dc14b-62de-4f8f-807e-01990637cfee,worker_3,worker_3,DISK_LOAD,13.925696,0.108794,"Disk -> RAM [Model: c70dc14b, Layer: f765a308]"
163657.975701,10000,c70dc14b-62de-4f8f-807e-01990637cfee,worker_3,worker_3,MEM_MOVE,13.925696,0.108794,"RAM -> VRAM [Model: c70dc14b, Layer: f765a308]"
163658.025701,10000,c70dc14b-62de-4f8f-807e-01990637cfee,worker_3,worker_3,GPU_COMPUTE,0.050000,0.050000,GPU Compute
163658.025701,10000,c70dc14b-62de-4f8f-807e-01990637cfee,worker_3,worker_3,MEM_MOVE,0.000000,0.000000,"Wipe/Deallocate Layer from Memory [Model: c70dc14b, Layer: f765a308]"
163658.183701,10000,c70dc14b-62de-4f8f-807e-01990637cfee,worker_3,coordinator_0,NET_TRANSFER,0.000100,0.158000,Signal Finished
164228.571732,10000,c70dc14b-62de-4f8f-807e-01990637cfee,coordinator_0,worker_4,NET_TRANSFER,7.127975,570.388031,Distribute Layer ID: ad059c7e
164228.627419,10000,c70dc14b-62de-4f8f-807e-01990637cfee,worker_4,worker_4,DISK_LOAD,7.127975,0.055687,"Disk -> RAM [Model: c70dc14b, Layer: ad059c7e]"
164228.683107,10000,c70dc14b-62de-4f8f-807e-01990637cfee,worker_4,worker_4,MEM_MOVE,7.127975,0.055687,"RAM -> VRAM [Model: c70dc14b, Layer: ad059c7e]"
164228.733107,10000,c70dc14b-62de-4f8f-807e-01990637cfee,worker_4,worker_4,GPU_COMPUTE,0.050000,0.050000,GPU Compute
164228.733107,10000,c70dc14b-62de-4f8f-807e-01990637cfee,worker_4,worker_4,MEM_MOVE,0.000000,0.000000,"Wipe/Deallocate Layer from Memory [Model: c70dc14b, Layer: ad059c7e]"
164228.891107,10000,c70dc14b-62de-4f8f-807e-01990637cfee,worker_4,coordinator_0,NET_TRANSFER,0.000100,0.158000,Signal Finished
164999.933142,10000,c70dc14b-62de-4f8f-807e-01990637cfee,coordinator_0,worker_1,NET_TRANSFER,9.636150,771.042035,Distribute Layer ID: dd30f20d
165000.008424,10000,c70dc14b-62de-4f8f-807e-01990637cfee,worker_1,worker_1,DISK_LOAD,9.636150,0.075282,"Disk -> RAM [Model: c70dc14b, Layer: dd30f20d]"
165000.083707,10000,c70dc14b-62de-4f8f-807e-01990637cfee,worker_1,worker_1,MEM_MOVE,9.636150,0.075282,"RAM -> VRAM [Model: c70dc14b, Layer: dd30f20d]"
165000.133707,10000,c70dc14b-62de-4f8f-807e-01990637cfee,worker_1,worker_1,GPU_COMPUTE,0.050000,0.050000,GPU Compute
165000.133707,10000,c70dc14b-62de-4f8f-807e-01990637cfee,worker_1,worker_1,MEM_MOVE,0.000000,0.000000,"Wipe/Deallocate Layer from Memory [Model: c70dc14b, Layer: dd30f20d]"
165000.291707,10000,c70dc14b-62de-4f8f-807e-01990637cfee,worker_1,coordinator_0,NET_TRANSFER,0.000100,0.158000,Signal Finished
165988.760828,10000,c70dc14b-62de-4f8f-807e-01990637cfee,coordinator_0,worker_2,NET_TRANSFER,12.353989,988.469121,Distribute Layer ID: 4ed1e633
165988.857343,10000,c70dc14b-62de-4f8f-807e-01990637cfee,worker_2,worker_2,DISK_LOAD,12.353989,0.096516,"Disk -> RAM [Model: c70dc14b, Layer: 4ed1e633]"
165988.953859,10000,c70dc14b-62de-4f8f-807e-01990637cfee,worker_2,worker_2,MEM_MOVE,12.353989,0.096516,"RAM -> VRAM [Model: c70dc14b, Layer: 4ed1e633]"
165989.003859,10000,c70dc14b-62de-4f8f-807e-01990637cfee,worker_2,worker_2,GPU_COMPUTE,0.050000,0.050000,GPU Compute
165989.003859,10000,c70dc14b-62de-4f8f-807e-01990637cfee,worker_2,worker_2,MEM_MOVE,0.000000,0.000000,"Wipe/Deallocate Layer from Memory [Model: c70dc14b, Layer: 4ed1e633]"
165989.161859,10000,c70dc14b-62de-4f8f-807e-01990637cfee,worker_2,coordinator_0,NET_TRANSFER,0.000100,0.158000,Signal Finished
166805.941094,10000,c70dc14b-62de-4f8f-807e-01990637cfee,coordinator_0,worker_3,NET_TRANSFER,10.207865,816.779235,Distribute Layer ID: faa7ba50
166806.020843,10000,c70dc14b-62de-4f8f-807e-01990637cfee,worker_3,worker_3,DISK_LOAD,10.207865,0.079749,"Disk -> RAM [Model: c70dc14b, Layer: faa7ba50]"
166806.100592,10000,c70dc14b-62de-4f8f-807e-01990637cfee,worker_3,worker_3,MEM_MOVE,10.207865,0.079749,"RAM -> VRAM [Model: c70dc14b, Layer: faa7ba50]"
166806.150592,10000,c70dc14b-62de-4f8f-807e-01990637cfee,worker_3,worker_3,GPU_COMPUTE,0.050000,0.050000,GPU Compute
166806.150592,10000,c70dc14b-62de-4f8f-807e-01990637cfee,worker_3,worker_3,MEM_MOVE,0.000000,0.000000,"Wipe/Deallocate Layer from Memory [Model: c70dc14b, Layer: faa7ba50]"
166806.308592,10000,c70dc14b-62de-4f8f-807e-01990637cfee,worker_3,coordinator_0,NET_TRANSFER,0.000100,0.158000,Signal Finished
167907.503041,10000,c70dc14b-62de-4f8f-807e-01990637cfee,coordinator_0,worker_4,NET_TRANSFER,13.763056,1101.194450,Distribute Layer ID: 19605faf
167907.610565,10000,c70dc14b-62de-4f8f-807e-01990637cfee,worker_4,worker_4,DISK_LOAD,13.763056,0.107524,"Disk -> RAM [Model: c70dc14b, Layer: 19605faf]"
167907.718089,10000,c70dc14b-62de-4f8f-807e-01990637cfee,worker_4,worker_4,MEM_MOVE,13.763056,0.107524,"RAM -> VRAM [Model: c70dc14b, Layer: 19605faf]"
167907.768089,10000,c70dc14b-62de-4f8f-807e-01990637cfee,worker_4,worker_4,GPU_COMPUTE,0.050000,0.050000,GPU Compute
167907.768089,10000,c70dc14b-62de-4f8f-807e-01990637cfee,worker_4,worker_4,MEM_MOVE,0.000000,0.000000,"Wipe/Deallocate Layer from Memory [Model: c70dc14b, Layer: 19605faf]"
167907.926089,10000,c70dc14b-62de-4f8f-807e-01990637cfee,worker_4,coordinator_0,NET_TRANSFER,0.000100,0.158000,Signal Finished
169089.999258,10000,c70dc14b-62de-4f8f-807e-01990637cfee,coordinator_0,worker_1,NET_TRANSFER,14.774040,1182.073169,Distribute Layer ID: eaee6b92
169090.114680,10000,c70dc14b-62de-4f8f-807e-01990637cfee,worker_1,worker_1,DISK_LOAD,14.774040,0.115422,"Disk -> RAM [Model: c70dc14b, Layer: eaee6b92]"
169090.230102,10000,c70dc14b-62de-4f8f-807e-01990637cfee,worker_1,worker_1,MEM_MOVE,14.774040,0.115422,"RAM -> VRAM [Model: c70dc14b, Layer: eaee6b92]"
169090.280102,10000,c70dc14b-62de-4f8f-807e-01990637cfee,worker_1,worker_1,GPU_COMPUTE,0.050000,0.050000,GPU Compute
169090.280102,10000,c70dc14b-62de-4f8f-807e-01990637cfee,worker_1,worker_1,MEM_MOVE,0.000000,0.000000,"Wipe/Deallocate Layer from Memory [Model: c70dc14b, Layer: eaee6b92]"
169090.438102,10000,c70dc14b-62de-4f8f-807e-01990637cfee,worker_1,coordinator_0,NET_TRANSFER,0.000100,0.158000,Signal Finished
170299.991839,10000,c70dc14b-62de-4f8f-807e-01990637cfee,coordinator_0,worker_2,NET_TRANSFER,15.117547,1209.553737,Distribute Layer ID: 33ea35ec
170300.109945,10000,c70dc14b-62de-4f8f-807e-01990637cfee,worker_2,worker_2,DISK_LOAD,15.117547,0.118106,"Disk -> RAM [Model: c70dc14b, Layer: 33ea35ec]"
170300.228051,10000,c70dc14b-62de-4f8f-807e-01990637cfee,worker_2,worker_2,MEM_MOVE,15.117547,0.118106,"RAM -> VRAM [Model: c70dc14b, Layer: 33ea35ec]"
170300.278051,10000,c70dc14b-62de-4f8f-807e-01990637cfee,worker_2,worker_2,GPU_COMPUTE,0.050000,0.050000,GPU Compute
170300.278051,10000,c70dc14b-62de-4f8f-807e-01990637cfee,worker_2,worker_2,MEM_MOVE,0.000000,0.000000,"Wipe/Deallocate Layer from Memory [Model: c70dc14b, Layer: 33ea35ec]"
170300.436051,10000,c70dc14b-62de-4f8f-807e-01990637cfee,worker_2,coordinator_0,NET_TRANSFER,0.000100,0.158000,Signal Finished
170708.316298,10000,c70dc14b-62de-4f8f-807e-01990637cfee,coordinator_0,worker_3,NET_TRANSFER,5.096628,407.880247,Distribute Layer ID: 84873343
170708.356115,10000,c70dc14b-62de-4f8f-807e-01990637cfee,worker_3,worker_3,DISK_LOAD,5.096628,0.039817,"Disk -> RAM [Model: c70dc14b, Layer: 84873343]"
170708.395933,10000,c70dc14b-62de-4f8f-807e-01990637cfee,worker_3,worker_3,MEM_MOVE,5.096628,0.039817,"RAM -> VRAM [Model: c70dc14b, Layer: 84873343]"
170708.445933,10000,c70dc14b-62de-4f8f-807e-01990637cfee,worker_3,worker_3,GPU_COMPUTE,0.050000,0.050000,GPU Compute
170708.445933,10000,c70dc14b-62de-4f8f-807e-01990637cfee,worker_3,worker_3,MEM_MOVE,0.000000,0.000000,"Wipe/Deallocate Layer from Memory [Model: c70dc14b, Layer: 84873343]"
170708.603933,10000,c70dc14b-62de-4f8f-807e-01990637cfee,worker_3,coordinator_0,NET_TRANSFER,0.000100,0.158000,Signal Finished
171586.555378,10000,c70dc14b-62de-4f8f-807e-01990637cfee,coordinator_0,worker_4,NET_TRANSFER,10.972518,877.951445,Distribute Layer ID: 178a063f
171586.641101,10000,c70dc14b-62de-4f8f-807e-01990637cfee,worker_4,worker_4,DISK_LOAD,10.972518,0.085723,"Disk -> RAM [Model: c70dc14b, Layer: 178a063f]"
171586.726824,10000,c70dc14b-62de-4f8f-807e-01990637cfee,worker_4,worker_4,MEM_MOVE,10.972518,0.085723,"RAM -> VRAM [Model: c70dc14b, Layer: 178a063f]"
171586.776824,10000,c70dc14b-62de-4f8f-807e-01990637cfee,worker_4,worker_4,GPU_COMPUTE,0.050000,0.050000,GPU Compute
171586.776824,10000,c70dc14b-62de-4f8f-807e-01990637cfee,worker_4,worker_4,MEM_MOVE,0.000000,0.000000,"Wipe/Deallocate Layer from Memory [Model: c70dc14b, Layer: 178a063f]"
171586.934824,10000,c70dc14b-62de-4f8f-807e-01990637cfee,worker_4,coordinator_0,NET_TRANSFER,0.000100,0.158000,Signal Finished
172106.760415,10000,c70dc14b-62de-4f8f-807e-01990637cfee,coordinator_0,worker_1,NET_TRANSFER,6.495945,519.825592,Distribute Layer ID: 9d672df5
172106.811165,10000,c70dc14b-62de-4f8f-807e-01990637cfee,worker_1,worker_1,DISK_LOAD,6.495945,0.050750,"Disk -> RAM [Model: c70dc14b, Layer: 9d672df5]"
172106.861914,10000,c70dc14b-62de-4f8f-807e-01990637cfee,worker_1,worker_1,MEM_MOVE,6.495945,0.050750,"RAM -> VRAM [Model: c70dc14b, Layer: 9d672df5]"
172106.911914,10000,c70dc14b-62de-4f8f-807e-01990637cfee,worker_1,worker_1,GPU_COMPUTE,0.050000,0.050000,GPU Compute
172106.911914,10000,c70dc14b-62de-4f8f-807e-01990637cfee,worker_1,worker_1,MEM_MOVE,0.000000,0.000000,"Wipe/Deallocate Layer from Memory [Model: c70dc14b, Layer: 9d672df5]"
172107.069914,10000,c70dc14b-62de-4f8f-807e-01990637cfee,worker_1,coordinator_0,NET_TRANSFER,0.000100,0.158000,Signal Finished
172538.417103,10000,c70dc14b-62de-4f8f-807e-01990637cfee,coordinator_0,worker_2,NET_TRANSFER,5.389965,431.347189,Distribute Layer ID: 68683dde
172538.459212,10000,c70dc14b-62de-4f8f-807e-01990637cfee,worker_2,worker_2,DISK_LOAD,5.389965,0.042109,"Disk -> RAM [Model: c70dc14b, Layer: 68683dde]"
172538.501322,10000,c70dc14b-62de-4f8f-807e-01990637cfee,worker_2,worker_2,MEM_MOVE,5.389965,0.042109,"RAM -> VRAM [Model: c70dc14b, Layer: 68683dde]"
172538.551322,10000,c70dc14b-62de-4f8f-807e-01990637cfee,worker_2,worker_2,GPU_COMPUTE,0.050000,0.050000,GPU Compute
172538.551322,10000,c70dc14b-62de-4f8f-807e-01990637cfee,worker_2,worker_2,MEM_MOVE,0.000000,0.000000,"Wipe/Deallocate Layer from Memory [Model: c70dc14b, Layer: 68683dde]"
172538.709322,10000,c70dc14b-62de-4f8f-807e-01990637cfee,worker_2,coordinator_0,NET_TRANSFER,0.000100,0.158000,Signal Finished
173215.846739,10000,c70dc14b-62de-4f8f-807e-01990637cfee,coordinator_0,worker_3,NET_TRANSFER,8.462343,677.137417,Distribute Layer ID: 839fb294
173215.912851,10000,c70dc14b-62de-4f8f-807e-01990637cfee,worker_3,worker_3,DISK_LOAD,8.462343,0.066112,"Disk -> RAM [Model: c70dc14b, Layer: 839fb294]"
173215.978963,10000,c70dc14b-62de-4f8f-807e-01990637cfee,worker_3,worker_3,MEM_MOVE,8.462343,0.066112,"RAM -> VRAM [Model: c70dc14b, Layer: 839fb294]"
173216.028963,10000,c70dc14b-62de-4f8f-807e-01990637cfee,worker_3,worker_3,GPU_COMPUTE,0.050000,0.050000,GPU Compute
173216.028963,10000,c70dc14b-62de-4f8f-807e-01990637cfee,worker_3,worker_3,MEM_MOVE,0.000000,0.000000,"Wipe/Deallocate Layer from Memory [Model: c70dc14b, Layer: 839fb294]"
173216.186963,10000,c70dc14b-62de-4f8f-807e-01990637cfee,worker_3,coordinator_0,NET_TRANSFER,0.000100,0.158000,Signal Finished
173677.152283,10000,c70dc14b-62de-4f8f-807e-01990637cfee,coordinator_0,worker_4,NET_TRANSFER,5.760191,460.965320,Distribute Layer ID: ea312eba
173677.197284,10000,c70dc14b-62de-4f8f-807e-01990637cfee,worker_4,worker_4,DISK_LOAD,5.760191,0.045001,"Disk -> RAM [Model: c70dc14b, Layer: ea312eba]"
173677.242286,10000,c70dc14b-62de-4f8f-807e-01990637cfee,worker_4,worker_4,MEM_MOVE,5.760191,0.045001,"RAM -> VRAM [Model: c70dc14b, Layer: ea312eba]"
173677.292286,10000,c70dc14b-62de-4f8f-807e-01990637cfee,worker_4,worker_4,GPU_COMPUTE,0.050000,0.050000,GPU Compute
173677.292286,10000,c70dc14b-62de-4f8f-807e-01990637cfee,worker_4,worker_4,MEM_MOVE,0.000000,0.000000,"Wipe/Deallocate Layer from Memory [Model: c70dc14b, Layer: ea312eba]"
173677.450286,10000,c70dc14b-62de-4f8f-807e-01990637cfee,worker_4,coordinator_0,NET_TRANSFER,0.000100,0.158000,Signal Finished
174346.767542,10000,c70dc14b-62de-4f8f-807e-01990637cfee,coordinator_0,worker_1,NET_TRANSFER,8.364591,669.317257,Distribute Layer ID: c4e0c7f2
174346.832891,10000,c70dc14b-62de-4f8f-807e-01990637cfee,worker_1,worker_1,DISK_LOAD,8.364591,0.065348,"Disk -> RAM [Model: c70dc14b, Layer: c4e0c7f2]"
174346.898239,10000,c70dc14b-62de-4f8f-807e-01990637cfee,worker_1,worker_1,MEM_MOVE,8.364591,0.065348,"RAM -> VRAM [Model: c70dc14b, Layer: c4e0c7f2]"
174346.948239,10000,c70dc14b-62de-4f8f-807e-01990637cfee,worker_1,worker_1,GPU_COMPUTE,0.050000,0.050000,GPU Compute
174346.948239,10000,c70dc14b-62de-4f8f-807e-01990637cfee,worker_1,worker_1,MEM_MOVE,0.000000,0.000000,"Wipe/Deallocate Layer from Memory [Model: c70dc14b, Layer: c4e0c7f2]"
174347.106239,10000,c70dc14b-62de-4f8f-807e-01990637cfee,worker_1,coordinator_0,NET_TRANSFER,0.000100,0.158000,Signal Finished
175535.330970,10000,c70dc14b-62de-4f8f-807e-01990637cfee,coordinator_0,worker_2,NET_TRANSFER,14.850934,1188.224731,Distribute Layer ID: 7495f789
175535.446993,10000,c70dc14b-62de-4f8f-807e-01990637cfee,worker_2,worker_2,DISK_LOAD,14.850934,0.116023,"Disk -> RAM [Model: c70dc14b, Layer: 7495f789]"
175535.563016,10000,c70dc14b-62de-4f8f-807e-01990637cfee,worker_2,worker_2,MEM_MOVE,14.850934,0.116023,"RAM -> VRAM [Model: c70dc14b, Layer: 7495f789]"
175535.613016,10000,c70dc14b-62de-4f8f-807e-01990637cfee,worker_2,worker_2,GPU_COMPUTE,0.050000,0.050000,GPU Compute
175535.613016,10000,c70dc14b-62de-4f8f-807e-01990637cfee,worker_2,worker_2,MEM_MOVE,0.000000,0.000000,"Wipe/Deallocate Layer from Memory [Model: c70dc14b, Layer: 7495f789]"
175535.771016,10000,c70dc14b-62de-4f8f-807e-01990637cfee,worker_2,coordinator_0,NET_TRANSFER,0.000100,0.158000,Signal Finished
176436.934616,10000,c70dc14b-62de-4f8f-807e-01990637cfee,coordinator_0,worker_3,NET_TRANSFER,11.262670,901.163600,Distribute Layer ID: 9a7dae90
176437.022606,10000,c70dc14b-62de-4f8f-807e-01990637cfee,worker_3,worker_3,DISK_LOAD,11.262670,0.087990,"Disk -> RAM [Model: c70dc14b, Layer: 9a7dae90]"
176437.110595,10000,c70dc14b-62de-4f8f-807e-01990637cfee,worker_3,worker_3,MEM_MOVE,11.262670,0.087990,"RAM -> VRAM [Model: c70dc14b, Layer: 9a7dae90]"
176437.160595,10000,c70dc14b-62de-4f8f-807e-01990637cfee,worker_3,worker_3,GPU_COMPUTE,0.050000,0.050000,GPU Compute
176437.160595,10000,c70dc14b-62de-4f8f-807e-01990637cfee,worker_3,worker_3,MEM_MOVE,0.000000,0.000000,"Wipe/Deallocate Layer from Memory [Model: c70dc14b, Layer: 9a7dae90]"
176437.318595,10000,c70dc14b-62de-4f8f-807e-01990637cfee,worker_3,coordinator_0,NET_TRANSFER,0.000100,0.158000,Signal Finished
177440.464163,10000,c70dc14b-62de-4f8f-807e-01990637cfee,coordinator_0,worker_4,NET_TRANSFER,12.537445,1003.145567,Distribute Layer ID: 8c5486be
177440.562111,10000,c70dc14b-62de-4f8f-807e-01990637cfee,worker_4,worker_4,DISK_LOAD,12.537445,0.097949,"Disk -> RAM [Model: c70dc14b, Layer: 8c5486be]"
177440.660060,10000,c70dc14b-62de-4f8f-807e-01990637cfee,worker_4,worker_4,MEM_MOVE,12.537445,0.097949,"RAM -> VRAM [Model: c70dc14b, Layer: 8c5486be]"
177440.710060,10000,c70dc14b-62de-4f8f-807e-01990637cfee,worker_4,worker_4,GPU_COMPUTE,0.050000,0.050000,GPU Compute
177440.710060,10000,c70dc14b-62de-4f8f-807e-01990637cfee,worker_4,worker_4,MEM_MOVE,0.000000,0.000000,"Wipe/Deallocate Layer from Memory [Model: c70dc14b, Layer: 8c5486be]"
177440.868060,10000,c70dc14b-62de-4f8f-807e-01990637cfee,worker_4,coordinator_0,NET_TRANSFER,0.000100,0.158000,Signal Finished
178413.871591,10000,c70dc14b-62de-4f8f-807e-01990637cfee,coordinator_0,worker_1,NET_TRANSFER,12.160669,973.003530,Distribute Layer ID: 01aed7f7
178413.966596,10000,c70dc14b-62de-4f8f-807e-01990637cfee,worker_1,worker_1,DISK_LOAD,12.160669,0.095005,"Disk -> RAM [Model: c70dc14b, Layer: 01aed7f7]"
178414.061601,10000,c70dc14b-62de-4f8f-807e-01990637cfee,worker_1,worker_1,MEM_MOVE,12.160669,0.095005,"RAM -> VRAM [Model: c70dc14b, Layer: 01aed7f7]"
178414.111601,10000,c70dc14b-62de-4f8f-807e-01990637cfee,worker_1,worker_1,GPU_COMPUTE,0.050000,0.050000,GPU Compute
178414.111601,10000,c70dc14b-62de-4f8f-807e-01990637cfee,worker_1,worker_1,MEM_MOVE,0.000000,0.000000,"Wipe/Deallocate Layer from Memory [Model: c70dc14b, Layer: 01aed7f7]"
178414.269601,10000,c70dc14b-62de-4f8f-807e-01990637cfee,worker_1,coordinator_0,NET_TRANSFER,0.000100,0.158000,Signal Finished
179414.181081,10000,c70dc14b-62de-4f8f-807e-01990637cfee,coordinator_0,worker_2,NET_TRANSFER,12.497018,999.911479,Distribute Layer ID: fb8e97fa
179414.278714,10000,c70dc14b-62de-4f8f-807e-01990637cfee,worker_2,worker_2,DISK_LOAD,12.497018,0.097633,"Disk -> RAM [Model: c70dc14b, Layer: fb8e97fa]"
179414.376346,10000,c70dc14b-62de-4f8f-807e-01990637cfee,worker_2,worker_2,MEM_MOVE,12.497018,0.097633,"RAM -> VRAM [Model: c70dc14b, Layer: fb8e97fa]"
179414.426346,10000,c70dc14b-62de-4f8f-807e-01990637cfee,worker_2,worker_2,GPU_COMPUTE,0.050000,0.050000,GPU Compute
179414.426346,10000,c70dc14b-62de-4f8f-807e-01990637cfee,worker_2,worker_2,MEM_MOVE,0.000000,0.000000,"Wipe/Deallocate Layer from Memory [Model: c70dc14b, Layer: fb8e97fa]"
179414.584346,10000,c70dc14b-62de-4f8f-807e-01990637cfee,worker_2,coordinator_0,NET_TRANSFER,0.000100,0.158000,Signal Finished
180119.165319,10000,c70dc14b-62de-4f8f-807e-01990637cfee,coordinator_0,worker_3,NET_TRANSFER,8.805387,704.580973,Distribute Layer ID: 06e19e52
180119.234111,10000,c70dc14b-62de-4f8f-807e-01990637cfee,worker_3,worker_3,DISK_LOAD,8.805387,0.068792,"Disk -> RAM [Model: c70dc14b, Layer: 06e19e52]"
180119.302903,10000,c70dc14b-62de-4f8f-807e-01990637cfee,worker_3,worker_3,MEM_MOVE,8.805387,0.068792,"RAM -> VRAM [Model: c70dc14b, Layer: 06e19e52]"
180119.352903,10000,c70dc14b-62de-4f8f-807e-01990637cfee,worker_3,worker_3,GPU_COMPUTE,0.050000,0.050000,GPU Compute
180119.352903,10000,c70dc14b-62de-4f8f-807e-01990637cfee,worker_3,worker_3,MEM_MOVE,0.000000,0.000000,"Wipe/Deallocate Layer from Memory [Model: c70dc14b, Layer: 06e19e52]"
180119.510903,10000,c70dc14b-62de-4f8f-807e-01990637cfee,worker_3,coordinator_0,NET_TRANSFER,0.000100,0.158000,Signal Finished
180675.071610,10000,c70dc14b-62de-4f8f-807e-01990637cfee,coordinator_0,worker_4,NET_TRANSFER,6.942634,555.560707,Distribute Layer ID: d456a150
180675.125849,10000,c70dc14b-62de-4f8f-807e-01990637cfee,worker_4,worker_4,DISK_LOAD,6.942634,0.054239,"Disk -> RAM [Model: c70dc14b, Layer: d456a150]"
180675.180089,10000,c70dc14b-62de-4f8f-807e-01990637cfee,worker_4,worker_4,MEM_MOVE,6.942634,0.054239,"RAM -> VRAM [Model: c70dc14b, Layer: d456a150]"
180675.230089,10000,c70dc14b-62de-4f8f-807e-01990637cfee,worker_4,worker_4,GPU_COMPUTE,0.050000,0.050000,GPU Compute
180675.230089,10000,c70dc14b-62de-4f8f-807e-01990637cfee,worker_4,worker_4,MEM_MOVE,0.000000,0.000000,"Wipe/Deallocate Layer from Memory [Model: c70dc14b, Layer: d456a150]"
180675.388089,10000,c70dc14b-62de-4f8f-807e-01990637cfee,worker_4,coordinator_0,NET_TRANSFER,0.000100,0.158000,Signal Finished
181164.254267,10000,c70dc14b-62de-4f8f-807e-01990637cfee,coordinator_0,worker_1,NET_TRANSFER,6.108952,488.866178,Distribute Layer ID: d3f40b46
181164.301993,10000,c70dc14b-62de-4f8f-807e-01990637cfee,worker_1,worker_1,DISK_LOAD,6.108952,0.047726,"Disk -> RAM [Model: c70dc14b, Layer: d3f40b46]"
181164.349719,10000,c70dc14b-62de-4f8f-807e-01990637cfee,worker_1,worker_1,MEM_MOVE,6.108952,0.047726,"RAM -> VRAM [Model: c70dc14b, Layer: d3f40b46]"
181164.399719,10000,c70dc14b-62de-4f8f-807e-01990637cfee,worker_1,worker_1,GPU_COMPUTE,0.050000,0.050000,GPU Compute
181164.399719,10000,c70dc14b-62de-4f8f-807e-01990637cfee,worker_1,worker_1,MEM_MOVE,0.000000,0.000000,"Wipe/Deallocate Layer from Memory [Model: c70dc14b, Layer: d3f40b46]"
181164.557719,10000,c70dc14b-62de-4f8f-807e-01990637cfee,worker_1,coordinator_0,NET_TRANSFER,0.000100,0.158000,Signal Finished
181874.353908,10000,c70dc14b-62de-4f8f-807e-01990637cfee,coordinator_0,worker_2,NET_TRANSFER,8.870577,709.796189,Distribute Layer ID: 2ee54ec4
181874.423209,10000,c70dc14b-62de-4f8f-807e-01990637cfee,worker_2,worker_2,DISK_LOAD,8.870577,0.069301,"Disk -> RAM [Model: c70dc14b, Layer: 2ee54ec4]"
181874.492510,10000,c70dc14b-62de-4f8f-807e-01990637cfee,worker_2,worker_2,MEM_MOVE,8.870577,0.069301,"RAM -> VRAM [Model: c70dc14b, Layer: 2ee54ec4]"
181874.542510,10000,c70dc14b-62de-4f8f-807e-01990637cfee,worker_2,worker_2,GPU_COMPUTE,0.050000,0.050000,GPU Compute
181874.542510,10000,c70dc14b-62de-4f8f-807e-01990637cfee,worker_2,worker_2,MEM_MOVE,0.000000,0.000000,"Wipe/Deallocate Layer from Memory [Model: c70dc14b, Layer: 2ee54ec4]"
181874.700510,10000,c70dc14b-62de-4f8f-807e-01990637cfee,worker_2,coordinator_0,NET_TRANSFER,0.000100,0.158000,Signal Finished
181874.858510,9000,4e7d39e3-213c-4023-adde-abcecb3601df,client_9,coordinator_0,NET_TRANSFER,0.000100,0.158000,Request Model ID
181875.016510,5000,cfc45a4e-2fdb-48da-a83d-d1b0979b56cb,coordinator_0,client_5,NET_TRANSFER,0.000100,0.158000,Signal: Cache Miss / Request Weights
232040.163428,5000,cfc45a4e-2fdb-48da-a83d-d1b0979b56cb,client_5,coordinator_0,NET_TRANSFER,627.062461,50165.146917,Upload Model Weights
232891.082013,5000,cfc45a4e-2fdb-48da-a83d-d1b0979b56cb,coordinator_0,worker_4,NET_TRANSFER,10.634607,850.918585,Distribute Layer ID: 3626b3af
232891.165095,5000,cfc45a4e-2fdb-48da-a83d-d1b0979b56cb,worker_4,worker_4,DISK_LOAD,10.634607,0.083083,"Disk -> RAM [Model: cfc45a4e, Layer: 3626b3af]"
232891.248178,5000,cfc45a4e-2fdb-48da-a83d-d1b0979b56cb,worker_4,worker_4,MEM_MOVE,10.634607,0.083083,"RAM -> VRAM [Model: cfc45a4e, Layer: 3626b3af]"
232891.298178,5000,cfc45a4e-2fdb-48da-a83d-d1b0979b56cb,worker_4,worker_4,GPU_COMPUTE,0.050000,0.050000,GPU Compute
232891.298178,5000,cfc45a4e-2fdb-48da-a83d-d1b0979b56cb,worker_4,worker_4,MEM_MOVE,0.000000,0.000000,"Wipe/Deallocate Layer from Memory [Model: cfc45a4e, Layer: 3626b3af]"
232891.456178,6000,6866045f-7c20-413e-969a-49cc562754e6,client_6,coordinator_0,NET_TRANSFER,0.000100,0.158000,Request Model ID
232891.614178,7000,e29625e7-302b-454c-89b9-d52cfcd03863,client_7,coordinator_0,NET_TRANSFER,0.000100,0.158000,Request Model ID
232891.772178,8000,4f4ec27a-26d2-47e6-ad9b-bb575c60b698,client_8,coordinator_0,NET_TRANSFER,0.000100,0.158000,Request Model ID
232891.930178,2000,87805db1-7116-4cbf-abf5-3bf14bbef0be,client_2,coordinator_0,NET_TRANSFER,0.000100,0.158000,Request Model ID
232892.088178,1000,bd0c7555-7508-4f24-995f-8f7876638404,client_1,coordinator_0,NET_TRANSFER,0.000100,0.158000,Request Model ID
232892.246178,3000,198397c2-b9d8-4c4d-81d6-2b0152787c94,client_3,coordinator_0,NET_TRANSFER,0.000100,0.158000,Request Model ID
232892.404178,3000,a28e3970-da86-45fa-affc-65dcd0558159,client_3,coordinator_0,NET_TRANSFER,0.000100,0.158000,Request Model ID
232892.562178,6000,356e9b46-2a29-4c8e-bcc3-416d0c1cd704,client_6,coordinator_0,NET_TRANSFER,0.000100,0.158000,Request Model ID
232892.720178,5000,6724fe5b-01f4-4d88-8014-0377674aee20,client_5,coordinator_0,NET_TRANSFER,0.000100,0.158000,Request Model ID
232892.878178,5000,65477b2b-84c3-4061-b41d-a090a83da64f,client_5,coordinator_0,NET_TRANSFER,0.000100,0.158000,Request Model ID
232893.036178,8000,4e7d39e3-213c-4023-adde-abcecb3601df,client_8,coordinator_0,NET_TRANSFER,0.000100,0.158000,Request Model ID
232893.194178,1000,c63195df-94aa-4094-99e3-c6a0cd83a683,client_1,coordinator_0,NET_TRANSFER,0.000100,0.158000,Request Model ID
232893.352178,5000,718ac69c-3b4b-44dd-a315-e303a3a2c9d9,client_5,coordinator_0,NET_TRANSFER,0.000100,0.158000,Request Model ID
232893.510178,7000,a28e3970-da86-45fa-affc-65dcd0558159,client_7,coordinator_0,NET_TRANSFER,0.000100,0.158000,Request Model ID
232893.668178,9000,90d2b33a-8379-4cfb-92e7-33e022e636c7,client_9,coordinator_0,NET_TRANSFER,0.000100,0.158000,Request Model ID
232893.826178,6000,0c814a93-6f1a-40bc-a0d1-6b9e15a8bc47,client_6,coordinator_0,NET_TRANSFER,0.000100,0.158000,Request Model ID
232893.984178,3000,8f8d56cf-a64d-4894-ad63-cc75da090995,client_3,coordinator_0,NET_TRANSFER,0.000100,0.158000,Request Model ID
232894.142178,8000,6724fe5b-01f4-4d88-8014-0377674aee20,client_8,coordinator_0,NET_TRANSFER,0.000100,0.158000,Request Model ID
232894.300178,6000,6866045f-7c20-413e-969a-49cc562754e6,client_6,coordinator_0,NET_TRANSFER,0.000100,0.158000,Request Model ID
232894.458178,2000,90d2b33a-8379-4cfb-92e7-33e022e636c7,client_2,coordinator_0,NET_TRANSFER,0.000100,0.158000,Request Model ID
232894.616178,4000,d681adae-a2b4-44cd-8616-f8e1e8da12ad,client_4,coordinator_0,NET_TRANSFER,0.000100,0.158000,Request Model ID
232894.774178,10000,839eec0a-12fb-43ce-9546-c6fcdd350ddf,client_10,coordinator_0,NET_TRANSFER,0.000100,0.158000,Request Model ID
232894.932178,5000,cfc45a4e-2fdb-48da-a83d-d1b0979b56cb,worker_4,coordinator_0,NET_TRANSFER,0.000100,0.158000,Signal Finished
233953.828045,5000,cfc45a4e-2fdb-48da-a83d-d1b0979b56cb,coordinator_0,worker_1,NET_TRANSFER,13.234323,1058.895867,Distribute Layer ID: 84a2ca36
233953.931438,5000,cfc45a4e-2fdb-48da-a83d-d1b0979b56cb,worker_1,worker_1,DISK_LOAD,13.234323,0.103393,"Disk -> RAM [Model: cfc45a4e, Layer: 84a2ca36]"
233954.034831,5000,cfc45a4e-2fdb-48da-a83d-d1b0979b56cb,worker_1,worker_1,MEM_MOVE,13.234323,0.103393,"RAM -> VRAM [Model: cfc45a4e, Layer: 84a2ca36]"
233954.084831,5000,cfc45a4e-2fdb-48da-a83d-d1b0979b56cb,worker_1,worker_1,GPU_COMPUTE,0.050000,0.050000,GPU Compute
233954.084831,5000,cfc45a4e-2fdb-48da-a83d-d1b0979b56cb,worker_1,worker_1,MEM_MOVE,0.000000,0.000000,"Wipe/Deallocate Layer from Memory [Model: cfc45a4e, Layer: 84a2ca36]"
233954.242831,5000,cfc45a4e-2fdb-48da-a83d-d1b0979b56cb,worker_1,coordinator_0,NET_TRANSFER,0.000100,0.158000,Signal Finished
234659.195530,5000,cfc45a4e-2fdb-48da-a83d-d1b0979b56cb,coordinator_0,worker_2,NET_TRANSFER,8.810034,704.952699,Distribute Layer ID: 165d2be5
234659.264358,5000,cfc45a4e-2fdb-48da-a83d-d1b0979b56cb,worker_2,worker_2,DISK_LOAD,8.810034,0.068828,"Disk -> RAM [Model: cfc45a4e, Layer: 165d2be5]"
234659.333187,5000,cfc45a4e-2fdb-48da-a83d-d1b0979b56cb,worker_2,worker_2,MEM_MOVE,8.810034,0.068828,"RAM -> VRAM [Model: cfc45a4e, Layer: 165d2be5]"
234659.383187,5000,cfc45a4e-2fdb-48da-a83d-d1b0979b56cb,worker_2,worker_2,GPU_COMPUTE,0.050000,0.050000,GPU Compute
234659.383187,5000,cfc45a4e-2fdb-48da-a83d-d1b0979b56cb,worker_2,worker_2,MEM_MOVE,0.000000,0.000000,"Wipe/Deallocate Layer from Memory [Model: cfc45a4e, Layer: 165d2be5]"
234659.541187,5000,cfc45a4e-2fdb-48da-a83d-d1b0979b56cb,worker_2,coordinator_0,NET_TRANSFER,0.000100,0.158000,Signal Finished
235531.367209,5000,cfc45a4e-2fdb-48da-a83d-d1b0979b56cb,coordinator_0,worker_3,NET_TRANSFER,10.895950,871.826022,Distribute Layer ID: e4ecc480
235531.452333,5000,cfc45a4e-2fdb-48da-a83d-d1b0979b56cb,worker_3,worker_3,DISK_LOAD,10.895950,0.085125,"Disk -> RAM [Model: cfc45a4e, Layer: e4ecc480]"
235531.537458,5000,cfc45a4e-2fdb-48da-a83d-d1b0979b56cb,worker_3,worker_3,MEM_MOVE,10.895950,0.085125,"RAM -> VRAM [Model: cfc45a4e, Layer: e4ecc480]"
235531.587458,5000,cfc45a4e-2fdb-48da-a83d-d1b0979b56cb,worker_3,worker_3,GPU_COMPUTE,0.050000,0.050000,GPU Compute
235531.587458,5000,cfc45a4e-2fdb-48da-a83d-d1b0979b56cb,worker_3,worker_3,MEM_MOVE,0.000000,0.000000,"Wipe/Deallocate Layer from Memory [Model: cfc45a4e, Layer: e4ecc480]"
235531.745458,5000,cfc45a4e-2fdb-48da-a83d-d1b0979b56cb,worker_3,coordinator_0,NET_TRANSFER,0.000100,0.158000,Signal Finished
236296.984115,5000,cfc45a4e-2fdb-48da-a83d-d1b0979b56cb,coordinator_0,worker_4,NET_TRANSFER,9.563608,765.238657,Distribute Layer ID: 73dc840e
236297.058830,5000,cfc45a4e-2fdb-48da-a83d-d1b0979b56cb,worker_4,worker_4,DISK_LOAD,9.563608,0.074716,"Disk -> RAM [Model: cfc45a4e, Layer: 73dc840e]"
236297.133546,5000,cfc45a4e-2fdb-48da-a83d-d1b0979b56cb,worker_4,worker_4,MEM_MOVE,9.563608,0.074716,"RAM -> VRAM [Model: cfc45a4e, Layer: 73dc840e]"
236297.183546,5000,cfc45a4e-2fdb-48da-a83d-d1b0979b56cb,worker_4,worker_4,GPU_COMPUTE,0.050000,0.050000,GPU Compute
236297.183546,5000,cfc45a4e-2fdb-48da-a83d-d1b0979b56cb,worker_4,worker_4,MEM_MOVE,0.000000,0.000000,"Wipe/Deallocate Layer from Memory [Model: cfc45a4e, Layer: 73dc840e]"
236297.341546,5000,cfc45a4e-2fdb-48da-a83d-d1b0979b56cb,worker_4,coordinator_0,NET_TRANSFER,0.000100,0.158000,Signal Finished
236920.714011,5000,cfc45a4e-2fdb-48da-a83d-d1b0979b56cb,coordinator_0,worker_1,NET_TRANSFER,7.790281,623.372465,Distribute Layer ID: cafd4c20
236920.774873,5000,cfc45a4e-2fdb-48da-a83d-d1b0979b56cb,worker_1,worker_1,DISK_LOAD,7.790281,0.060862,"Disk -> RAM [Model: cfc45a4e, Layer: cafd4c20]"
236920.835734,5000,cfc45a4e-2fdb-48da-a83d-d1b0979b56cb,worker_1,worker_1,MEM_MOVE,7.790281,0.060862,"RAM -> VRAM [Model: cfc45a4e, Layer: cafd4c20]"
236920.885734,5000,cfc45a4e-2fdb-48da-a83d-d1b0979b56cb,worker_1,worker_1,GPU_COMPUTE,0.050000,0.050000,GPU Compute
236920.885734,5000,cfc45a4e-2fdb-48da-a83d-d1b0979b56cb,worker_1,worker_1,MEM_MOVE,0.000000,0.000000,"Wipe/Deallocate Layer from Memory [Model: cfc45a4e, Layer: cafd4c20]"
236921.043734,5000,cfc45a4e-2fdb-48da-a83d-d1b0979b56cb,worker_1,coordinator_0,NET_TRANSFER,0.000100,0.158000,Signal Finished
237489.157228,5000,cfc45a4e-2fdb-48da-a83d-d1b0979b56cb,coordinator_0,worker_2,NET_TRANSFER,7.099544,568.113494,Distribute Layer ID: 862ab7ea
237489.212693,5000,cfc45a4e-2fdb-48da-a83d-d1b0979b56cb,worker_2,worker_2,DISK_LOAD,7.099544,0.055465,"Disk -> RAM [Model: cfc45a4e, Layer: 862ab7ea]"
237489.268158,5000,cfc45a4e-2fdb-48da-a83d-d1b0979b56cb,worker_2,worker_2,MEM_MOVE,7.099544,0.055465,"RAM -> VRAM [Model: cfc45a4e, Layer: 862ab7ea]"
237489.318158,5000,cfc45a4e-2fdb-48da-a83d-d1b0979b56cb,worker_2,worker_2,GPU_COMPUTE,0.050000,0.050000,GPU Compute
237489.318158,5000,cfc45a4e-2fdb-48da-a83d-d1b0979b56cb,worker_2,worker_2,MEM_MOVE,0.000000,0.000000,"Wipe/Deallocate Layer from Memory [Model: cfc45a4e, Layer: 862ab7ea]"
237489.476158,5000,cfc45a4e-2fdb-48da-a83d-d1b0979b56cb,worker_2,coordinator_0,NET_TRANSFER,0.000100,0.158000,Signal Finished
238487.024243,5000,cfc45a4e-2fdb-48da-a83d-d1b0979b56cb,coordinator_0,worker_3,NET_TRANSFER,12.467476,997.548084,Distribute Layer ID: bac8522b
238487.121645,5000,cfc45a4e-2fdb-48da-a83d-d1b0979b56cb,worker_3,worker_3,DISK_LOAD,12.467476,0.097402,"Disk -> RAM [Model: cfc45a4e, Layer: bac8522b]"
238487.219047,5000,cfc45a4e-2fdb-48da-a83d-d1b0979b56cb,worker_3,worker_3,MEM_MOVE,12.467476,0.097402,"RAM -> VRAM [Model: cfc45a4e, Layer: bac8522b]"
238487.269047,5000,cfc45a4e-2fdb-48da-a83d-d1b0979b56cb,worker_3,worker_3,GPU_COMPUTE,0.050000,0.050000,GPU Compute
238487.269047,5000,cfc45a4e-2fdb-48da-a83d-d1b0979b56cb,worker_3,worker_3,MEM_MOVE,0.000000,0.000000,"Wipe/Deallocate Layer from Memory [Model: cfc45a4e, Layer: bac8522b]"
238487.427047,5000,cfc45a4e-2fdb-48da-a83d-d1b0979b56cb,worker_3,coordinator_0,NET_TRANSFER,0.000100,0.158000,Signal Finished
239562.443614,5000,cfc45a4e-2fdb-48da-a83d-d1b0979b56cb,coordinator_0,worker_4,NET_TRANSFER,13.435832,1075.016567,Distribute Layer ID: 63c30528
239562.548582,5000,cfc45a4e-2fdb-48da-a83d-d1b0979b56cb,worker_4,worker_4,DISK_LOAD,13.435832,0.104967,"Disk -> RAM [Model: cfc45a4e, Layer: 63c30528]"
239562.653549,5000,cfc45a4e-2fdb-48da-a83d-d1b0979b56cb,worker_4,worker_4,MEM_MOVE,13.435832,0.104967,"RAM -> VRAM [Model: cfc45a4e, Layer: 63c30528]"
239562.703549,5000,cfc45a4e-2fdb-48da-a83d-d1b0979b56cb,worker_4,worker_4,GPU_COMPUTE,0.050000,0.050000,GPU Compute
239562.703549,5000,cfc45a4e-2fdb-48da-a83d-d1b0979b56cb,worker_4,worker_4,MEM_MOVE,0.000000,0.000000,"Wipe/Deallocate Layer from Memory [Model: cfc45a4e, Layer: 63c30528]"
239562.861549,5000,cfc45a4e-2fdb-48da-a83d-d1b0979b56cb,worker_4,coordinator_0,NET_TRANSFER,0.000100,0.158000,Signal Finished
240747.595407,5000,cfc45a4e-2fdb-48da-a83d-d1b0979b56cb,coordinator_0,worker_1,NET_TRANSFER,14.807298,1184.733858,Distribute Layer ID: d120e7f6
240747.711089,5000,cfc45a4e-2fdb-48da-a83d-d1b0979b56cb,worker_1,worker_1,DISK_LOAD,14.807298,0.115682,"Disk -> RAM [Model: cfc45a4e, Layer: d120e7f6]"
240747.826771,5000,cfc45a4e-2fdb-48da-a83d-d1b0979b56cb,worker_1,worker_1,MEM_MOVE,14.807298,0.115682,"RAM -> VRAM [Model: cfc45a4e, Layer: d120e7f6]"
240747.876771,5000,cfc45a4e-2fdb-48da-a83d-d1b0979b56cb,worker_1,worker_1,GPU_COMPUTE,0.050000,0.050000,GPU Compute
240747.876771,5000,cfc45a4e-2fdb-48da-a83d-d1b0979b56cb,worker_1,worker_1,MEM_MOVE,0.000000,0.000000,"Wipe/Deallocate Layer from Memory [Model: cfc45a4e, Layer: d120e7f6]"
240748.034771,5000,cfc45a4e-2fdb-48da-a83d-d1b0979b56cb,worker_1,coordinator_0,NET_TRANSFER,0.000100,0.158000,Signal Finished
241476.070700,5000,cfc45a4e-2fdb-48da-a83d-d1b0979b56cb,coordinator_0,worker_2,NET_TRANSFER,9.098574,728.035929,Distribute Layer ID: b2dea5c8
241476.141782,5000,cfc45a4e-2fdb-48da-a83d-d1b0979b56cb,worker_2,worker_2,DISK_LOAD,9.098574,0.071083,"Disk -> RAM [Model: cfc45a4e, Layer: b2dea5c8]"
241476.212865,5000,cfc45a4e-2fdb-48da-a83d-d1b0979b56cb,worker_2,worker_2,MEM_MOVE,9.098574,0.071083,"RAM -> VRAM [Model: cfc45a4e, Layer: b2dea5c8]"
241476.262865,5000,cfc45a4e-2fdb-48da-a83d-d1b0979b56cb,worker_2,worker_2,GPU_COMPUTE,0.050000,0.050000,GPU Compute
241476.262865,5000,cfc45a4e-2fdb-48da-a83d-d1b0979b56cb,worker_2,worker_2,MEM_MOVE,0.000000,0.000000,"Wipe/Deallocate Layer from Memory [Model: cfc45a4e, Layer: b2dea5c8]"
241476.420865,5000,cfc45a4e-2fdb-48da-a83d-d1b0979b56cb,worker_2,coordinator_0,NET_TRANSFER,0.000100,0.158000,Signal Finished
242598.217532,5000,cfc45a4e-2fdb-48da-a83d-d1b0979b56cb,coordinator_0,worker_3,NET_TRANSFER,14.020583,1121.796667,Distribute Layer ID: 8aa9f54d
242598.327068,5000,cfc45a4e-2fdb-48da-a83d-d1b0979b56cb,worker_3,worker_3,DISK_LOAD,14.020583,0.109536,"Disk -> RAM [Model: cfc45a4e, Layer: 8aa9f54d]"
242598.436604,5000,cfc45a4e-2fdb-48da-a83d-d1b0979b56cb,worker_3,worker_3,MEM_MOVE,14.020583,0.109536,"RAM -> VRAM [Model: cfc45a4e, Layer: 8aa9f54d]"
242598.486604,5000,cfc45a4e-2fdb-48da-a83d-d1b0979b56cb,worker_3,worker_3,GPU_COMPUTE,0.050000,0.050000,GPU Compute
242598.486604,5000,cfc45a4e-2fdb-48da-a83d-d1b0979b56cb,worker_3,worker_3,MEM_MOVE,0.000000,0.000000,"Wipe/Deallocate Layer from Memory [Model: cfc45a4e, Layer: 8aa9f54d]"
242598.644604,5000,cfc45a4e-2fdb-48da-a83d-d1b0979b56cb,worker_3,coordinator_0,NET_TRANSFER,0.000100,0.158000,Signal Finished
243650.567768,5000,cfc45a4e-2fdb-48da-a83d-d1b0979b56cb,coordinator_0,worker_4,NET_TRANSFER,13.147165,1051.923165,Distribute Layer ID: 53a73f31
243650.670481,5000,cfc45a4e-2fdb-48da-a83d-d1b0979b56cb,worker_4,worker_4,DISK_LOAD,13.147165,0.102712,"Disk -> RAM [Model: cfc45a4e, Layer: 53a73f31]"
243650.773193,5000,cfc45a4e-2fdb-48da-a83d-d1b0979b56cb,worker_4,worker_4,MEM_MOVE,13.147165,0.102712,"RAM -> VRAM [Model: cfc45a4e, Layer: 53a73f31]"
243650.823193,5000,cfc45a4e-2fdb-48da-a83d-d1b0979b56cb,worker_4,worker_4,GPU_COMPUTE,0.050000,0.050000,GPU Compute
243650.823193,5000,cfc45a4e-2fdb-48da-a83d-d1b0979b56cb,worker_4,worker_4,MEM_MOVE,0.000000,0.000000,"Wipe/Deallocate Layer from Memory [Model: cfc45a4e, Layer: 53a73f31]"
243650.981193,5000,cfc45a4e-2fdb-48da-a83d-d1b0979b56cb,worker_4,coordinator_0,NET_TRANSFER,0.000100,0.158000,Signal Finished
244500.573951,5000,cfc45a4e-2fdb-48da-a83d-d1b0979b56cb,coordinator_0,worker_1,NET_TRANSFER,10.618034,849.592758,Distribute Layer ID: d4827310
244500.656904,5000,cfc45a4e-2fdb-48da-a83d-d1b0979b56cb,worker_1,worker_1,DISK_LOAD,10.618034,0.082953,"Disk -> RAM [Model: cfc45a4e, Layer: d4827310]"
244500.739858,5000,cfc45a4e-2fdb-48da-a83d-d1b0979b56cb,worker_1,worker_1,MEM_MOVE,10.618034,0.082953,"RAM -> VRAM [Model: cfc45a4e, Layer: d4827310]"
244500.789858,5000,cfc45a4e-2fdb-48da-a83d-d1b0979b56cb,worker_1,worker_1,GPU_COMPUTE,0.050000,0.050000,GPU Compute
244500.789858,5000,cfc45a4e-2fdb-48da-a83d-d1b0979b56cb,worker_1,worker_1,MEM_MOVE,0.000000,0.000000,"Wipe/Deallocate Layer from Memory [Model: cfc45a4e, Layer: d4827310]"
244500.947858,5000,cfc45a4e-2fdb-48da-a83d-d1b0979b56cb,worker_1,coordinator_0,NET_TRANSFER,0.000100,0.158000,Signal Finished
245540.719748,5000,cfc45a4e-2fdb-48da-a83d-d1b0979b56cb,coordinator_0,worker_2,NET_TRANSFER,12.995274,1039.771891,Distribute Layer ID: 4ca4246d
245540.821274,5000,cfc45a4e-2fdb-48da-a83d-d1b0979b56cb,worker_2,worker_2,DISK_LOAD,12.995274,0.101526,"Disk -> RAM [Model: cfc45a4e, Layer: 4ca4246d]"
245540.922800,5000,cfc45a4e-2fdb-48da-a83d-d1b0979b56cb,worker_2,worker_2,MEM_MOVE,12.995274,0.101526,"RAM -> VRAM [Model: cfc45a4e, Layer: 4ca4246d]"
245540.972800,5000,cfc45a4e-2fdb-48da-a83d-d1b0979b56cb,worker_2,worker_2,GPU_COMPUTE,0.050000,0.050000,GPU Compute
245540.972800,5000,cfc45a4e-2fdb-48da-a83d-d1b0979b56cb,worker_2,worker_2,MEM_MOVE,0.000000,0.000000,"Wipe/Deallocate Layer from Memory [Model: cfc45a4e, Layer: 4ca4246d]"
245541.130800,5000,cfc45a4e-2fdb-48da-a83d-d1b0979b56cb,worker_2,coordinator_0,NET_TRANSFER,0.000100,0.158000,Signal Finished
245978.339056,5000,cfc45a4e-2fdb-48da-a83d-d1b0979b56cb,coordinator_0,worker_3,NET_TRANSFER,5.463228,437.208256,Distribute Layer ID: 8b3c789d
245978.381737,5000,cfc45a4e-2fdb-48da-a83d-d1b0979b56cb,worker_3,worker_3,DISK_LOAD,5.463228,0.042681,"Disk -> RAM [Model: cfc45a4e, Layer: 8b3c789d]"
245978.424419,5000,cfc45a4e-2fdb-48da-a83d-d1b0979b56cb,worker_3,worker_3,MEM_MOVE,5.463228,0.042681,"RAM -> VRAM [Model: cfc45a4e, Layer: 8b3c789d]"
245978.474419,5000,cfc45a4e-2fdb-48da-a83d-d1b0979b56cb,worker_3,worker_3,GPU_COMPUTE,0.050000,0.050000,GPU Compute
245978.474419,5000,cfc45a4e-2fdb-48da-a83d-d1b0979b56cb,worker_3,worker_3,MEM_MOVE,0.000000,0.000000,"Wipe/Deallocate Layer from Memory [Model: cfc45a4e, Layer: 8b3c789d]"
245978.632419,5000,cfc45a4e-2fdb-48da-a83d-d1b0979b56cb,worker_3,coordinator_0,NET_TRANSFER,0.000100,0.158000,Signal Finished
246942.296614,5000,cfc45a4e-2fdb-48da-a83d-d1b0979b56cb,coordinator_0,worker_4,NET_TRANSFER,12.043927,963.664195,Distribute Layer ID: c5aca5f1
246942.390707,5000,cfc45a4e-2fdb-48da-a83d-d1b0979b56cb,worker_4,worker_4,DISK_LOAD,12.043927,0.094093,"Disk -> RAM [Model: cfc45a4e, Layer: c5aca5f1]"
246942.484800,5000,cfc45a4e-2fdb-48da-a83d-d1b0979b56cb,worker_4,worker_4,MEM_MOVE,12.043927,0.094093,"RAM -> VRAM [Model: cfc45a4e, Layer: c5aca5f1]"
246942.534800,5000,cfc45a4e-2fdb-48da-a83d-d1b0979b56cb,worker_4,worker_4,GPU_COMPUTE,0.050000,0.050000,GPU Compute
246942.534800,5000,cfc45a4e-2fdb-48da-a83d-d1b0979b56cb,worker_4,worker_4,MEM_MOVE,0.000000,0.000000,"Wipe/Deallocate Layer from Memory [Model: cfc45a4e, Layer: c5aca5f1]"
246942.692800,5000,cfc45a4e-2fdb-48da-a83d-d1b0979b56cb,worker_4,coordinator_0,NET_TRANSFER,0.000100,0.158000,Signal Finished
247721.877506,5000,cfc45a4e-2fdb-48da-a83d-d1b0979b56cb,coordinator_0,worker_1,NET_TRANSFER,9.737934,779.184706,Distribute Layer ID: c8dbc1c0
247721.953584,5000,cfc45a4e-2fdb-48da-a83d-d1b0979b56cb,worker_1,worker_1,DISK_LOAD,9.737934,0.076078,"Disk -> RAM [Model: cfc45a4e, Layer: c8dbc1c0]"
247722.029661,5000,cfc45a4e-2fdb-48da-a83d-d1b0979b56cb,worker_1,worker_1,MEM_MOVE,9.737934,0.076078,"RAM -> VRAM [Model: cfc45a4e, Layer: c8dbc1c0]"
247722.079661,5000,cfc45a4e-2fdb-48da-a83d-d1b0979b56cb,worker_1,worker_1,GPU_COMPUTE,0.050000,0.050000,GPU Compute
247722.079661,5000,cfc45a4e-2fdb-48da-a83d-d1b0979b56cb,worker_1,worker_1,MEM_MOVE,0.000000,0.000000,"Wipe/Deallocate Layer from Memory [Model: cfc45a4e, Layer: c8dbc1c0]"
247722.237661,5000,cfc45a4e-2fdb-48da-a83d-d1b0979b56cb,worker_1,coordinator_0,NET_TRANSFER,0.000100,0.158000,Signal Finished
248550.699772,5000,cfc45a4e-2fdb-48da-a83d-d1b0979b56cb,coordinator_0,worker_2,NET_TRANSFER,10.353901,828.462111,Distribute Layer ID: c755be8f
248550.780662,5000,cfc45a4e-2fdb-48da-a83d-d1b0979b56cb,worker_2,worker_2,DISK_LOAD,10.353901,0.080890,"Disk -> RAM [Model: cfc45a4e, Layer: c755be8f]"
248550.861552,5000,cfc45a4e-2fdb-48da-a83d-d1b0979b56cb,worker_2,worker_2,MEM_MOVE,10.353901,0.080890,"RAM -> VRAM [Model: cfc45a4e, Layer: c755be8f]"
248550.911552,5000,cfc45a4e-2fdb-48da-a83d-d1b0979b56cb,worker_2,worker_2,GPU_COMPUTE,0.050000,0.050000,GPU Compute
248550.911552,5000,cfc45a4e-2fdb-48da-a83d-d1b0979b56cb,worker_2,worker_2,MEM_MOVE,0.000000,0.000000,"Wipe/Deallocate Layer from Memory [Model: cfc45a4e, Layer: c755be8f]"
248551.069552,5000,cfc45a4e-2fdb-48da-a83d-d1b0979b56cb,worker_2,coordinator_0,NET_TRANSFER,0.000100,0.158000,Signal Finished
249217.997306,5000,cfc45a4e-2fdb-48da-a83d-d1b0979b56cb,coordinator_0,worker_3,NET_TRANSFER,8.334722,666.927754,Distribute Layer ID: 3562416c
249218.062421,5000,cfc45a4e-2fdb-48da-a83d-d1b0979b56cb,worker_3,worker_3,DISK_LOAD,8.334722,0.065115,"Disk -> RAM [Model: cfc45a4e, Layer: 3562416c]"
249218.127536,5000,cfc45a4e-2fdb-48da-a83d-d1b0979b56cb,worker_3,worker_3,MEM_MOVE,8.334722,0.065115,"RAM -> VRAM [Model: cfc45a4e, Layer: 3562416c]"
249218.177536,5000,cfc45a4e-2fdb-48da-a83d-d1b0979b56cb,worker_3,worker_3,GPU_COMPUTE,0.050000,0.050000,GPU Compute
249218.177536,5000,cfc45a4e-2fdb-48da-a83d-d1b0979b56cb,worker_3,worker_3,MEM_MOVE,0.000000,0.000000,"Wipe/Deallocate Layer from Memory [Model: cfc45a4e, Layer: 3562416c]"
249218.335536,5000,cfc45a4e-2fdb-48da-a83d-d1b0979b56cb,worker_3,coordinator_0,NET_TRANSFER,0.000100,0.158000,Signal Finished
250147.239374,5000,cfc45a4e-2fdb-48da-a83d-d1b0979b56cb,coordinator_0,worker_4,NET_TRANSFER,11.609423,928.903838,Distribute Layer ID: 005866b8
250147.330072,5000,cfc45a4e-2fdb-48da-a83d-d1b0979b56cb,worker_4,worker_4,DISK_LOAD,11.609423,0.090699,"Disk -> RAM [Model: cfc45a4e, Layer: 005866b8]"
250147.420771,5000,cfc45a4e-2fdb-48da-a83d-d1b0979b56cb,worker_4,worker_4,MEM_MOVE,11.609423,0.090699,"RAM -> VRAM [Model: cfc45a4e, Layer: 005866b8]"
250147.470771,5000,cfc45a4e-2fdb-48da-a83d-d1b0979b56cb,worker_4,worker_4,GPU_COMPUTE,0.050000,0.050000,GPU Compute
250147.470771,5000,cfc45a4e-2fdb-48da-a83d-d1b0979b56cb,worker_4,worker_4,MEM_MOVE,0.000000,0.000000,"Wipe/Deallocate Layer from Memory [Model: cfc45a4e, Layer: 005866b8]"
250147.628771,5000,cfc45a4e-2fdb-48da-a83d-d1b0979b56cb,worker_4,coordinator_0,NET_TRANSFER,0.000100,0.158000,Signal Finished
250516.400558,5000,cfc45a4e-2fdb-48da-a83d-d1b0979b56cb,coordinator_0,worker_1,NET_TRANSFER,4.607772,368.771787,Distribute Layer ID: 33a87f4e
250516.436556,5000,cfc45a4e-2fdb-48da-a83d-d1b0979b56cb,worker_1,worker_1,DISK_LOAD,4.607772,0.035998,"Disk -> RAM [Model: cfc45a4e, Layer: 33a87f4e]"
250516.472554,5000,cfc45a4e-2fdb-48da-a83d-d1b0979b56cb,worker_1,worker_1,MEM_MOVE,4.607772,0.035998,"RAM -> VRAM [Model: cfc45a4e, Layer: 33a87f4e]"
250516.522554,5000,cfc45a4e-2fdb-48da-a83d-d1b0979b56cb,worker_1,worker_1,GPU_COMPUTE,0.050000,0.050000,GPU Compute
250516.522554,5000,cfc45a4e-2fdb-48da-a83d-d1b0979b56cb,worker_1,worker_1,MEM_MOVE,0.000000,0.000000,"Wipe/Deallocate Layer from Memory [Model: cfc45a4e, Layer: 33a87f4e]"
250516.680554,5000,cfc45a4e-2fdb-48da-a83d-d1b0979b56cb,worker_1,coordinator_0,NET_TRANSFER,0.000100,0.158000,Signal Finished
251169.829772,5000,cfc45a4e-2fdb-48da-a83d-d1b0979b56cb,coordinator_0,worker_2,NET_TRANSFER,8.162490,653.149217,Distribute Layer ID: 00783b45
251169.893541,5000,cfc45a4e-2fdb-48da-a83d-d1b0979b56cb,worker_2,worker_2,DISK_LOAD,8.162490,0.063769,"Disk -> RAM [Model: cfc45a4e, Layer: 00783b45]"
251169.957311,5000,cfc45a4e-2fdb-48da-a83d-d1b0979b56cb,worker_2,worker_2,MEM_MOVE,8.162490,0.063769,"RAM -> VRAM [Model: cfc45a4e, Layer: 00783b45]"
251170.007311,5000,cfc45a4e-2fdb-48da-a83d-d1b0979b56cb,worker_2,worker_2,GPU_COMPUTE,0.050000,0.050000,GPU Compute
251170.007311,5000,cfc45a4e-2fdb-48da-a83d-d1b0979b56cb,worker_2,worker_2,MEM_MOVE,0.000000,0.000000,"Wipe/Deallocate Layer from Memory [Model: cfc45a4e, Layer: 00783b45]"
251170.165311,5000,cfc45a4e-2fdb-48da-a83d-d1b0979b56cb,worker_2,coordinator_0,NET_TRANSFER,0.000100,0.158000,Signal Finished
251966.409283,5000,cfc45a4e-2fdb-48da-a83d-d1b0979b56cb,coordinator_0,worker_3,NET_TRANSFER,9.951175,796.243973,Distribute Layer ID: ca4b14e0
251966.487027,5000,cfc45a4e-2fdb-48da-a83d-d1b0979b56cb,worker_3,worker_3,DISK_LOAD,9.951175,0.077744,"Disk -> RAM [Model: cfc45a4e, Layer: ca4b14e0]"
251966.564770,5000,cfc45a4e-2fdb-48da-a83d-d1b0979b56cb,worker_3,worker_3,MEM_MOVE,9.951175,0.077744,"RAM -> VRAM [Model: cfc45a4e, Layer: ca4b14e0]"
251966.614770,5000,cfc45a4e-2fdb-48da-a83d-d1b0979b56cb,worker_3,worker_3,GPU_COMPUTE,0.050000,0.050000,GPU Compute
251966.614770,5000,cfc45a4e-2fdb-48da-a83d-d1b0979b56cb,worker_3,worker_3,MEM_MOVE,0.000000,0.000000,"Wipe/Deallocate Layer from Memory [Model: cfc45a4e, Layer: ca4b14e0]"
251966.772770,5000,cfc45a4e-2fdb-48da-a83d-d1b0979b56cb,worker_3,coordinator_0,NET_TRANSFER,0.000100,0.158000,Signal Finished
252448.755175,5000,cfc45a4e-2fdb-48da-a83d-d1b0979b56cb,coordinator_0,worker_4,NET_TRANSFER,6.022905,481.982405,Distribute Layer ID: 2fa433f8
252448.802229,5000,cfc45a4e-2fdb-48da-a83d-d1b0979b56cb,worker_4,worker_4,DISK_LOAD,6.022905,0.047054,"Disk -> RAM [Model: cfc45a4e, Layer: 2fa433f8]"
252448.849283,5000,cfc45a4e-2fdb-48da-a83d-d1b0979b56cb,worker_4,worker_4,MEM_MOVE,6.022905,0.047054,"RAM -> VRAM [Model: cfc45a4e, Layer: 2fa433f8]"
252448.899283,5000,cfc45a4e-2fdb-48da-a83d-d1b0979b56cb,worker_4,worker_4,GPU_COMPUTE,0.050000,0.050000,GPU Compute
252448.899283,5000,cfc45a4e-2fdb-48da-a83d-d1b0979b56cb,worker_4,worker_4,MEM_MOVE,0.000000,0.000000,"Wipe/Deallocate Layer from Memory [Model: cfc45a4e, Layer: 2fa433f8]"
252449.057283,5000,cfc45a4e-2fdb-48da-a83d-d1b0979b56cb,worker_4,coordinator_0,NET_TRANSFER,0.000100,0.158000,Signal Finished
252934.855815,5000,cfc45a4e-2fdb-48da-a83d-d1b0979b56cb,coordinator_0,worker_1,NET_TRANSFER,6.070607,485.798532,Distribute Layer ID: 62b5f304
252934.903242,5000,cfc45a4e-2fdb-48da-a83d-d1b0979b56cb,worker_1,worker_1,DISK_LOAD,6.070607,0.047427,"Disk -> RAM [Model: cfc45a4e, Layer: 62b5f304]"
252934.950668,5000,cfc45a4e-2fdb-48da-a83d-d1b0979b56cb,worker_1,worker_1,MEM_MOVE,6.070607,0.047427,"RAM -> VRAM [Model: cfc45a4e, Layer: 62b5f304]"
252935.000668,5000,cfc45a4e-2fdb-48da-a83d-d1b0979b56cb,worker_1,worker_1,GPU_COMPUTE,0.050000,0.050000,GPU Compute
252935.000668,5000,cfc45a4e-2fdb-48da-a83d-d1b0979b56cb,worker_1,worker_1,MEM_MOVE,0.000000,0.000000,"Wipe/Deallocate Layer from Memory [Model: cfc45a4e, Layer: 62b5f304]"
252935.158668,5000,cfc45a4e-2fdb-48da-a83d-d1b0979b56cb,worker_1,coordinator_0,NET_TRANSFER,0.000100,0.158000,Signal Finished
253367.134687,5000,cfc45a4e-2fdb-48da-a83d-d1b0979b56cb,coordinator_0,worker_2,NET_TRANSFER,5.397825,431.976019,Distribute Layer ID: 4ce1630c
253367.176858,5000,cfc45a4e-2fdb-48da-a83d-d1b0979b56cb,worker_2,worker_2,DISK_LOAD,5.397825,0.042171,"Disk -> RAM [Model: cfc45a4e, Layer: 4ce1630c]"
253367.219028,5000,cfc45a4e-2fdb-48da-a83d-d1b0979b56cb,worker_2,worker_2,MEM_MOVE,5.397825,0.042171,"RAM -> VRAM [Model: cfc45a4e, Layer: 4ce1630c]"
253367.269028,5000,cfc45a4e-2fdb-48da-a83d-d1b0979b56cb,worker_2,worker_2,GPU_COMPUTE,0.050000,0.050000,GPU Compute
253367.269028,5000,cfc45a4e-2fdb-48da-a83d-d1b0979b56cb,worker_2,worker_2,MEM_MOVE,0.000000,0.000000,"Wipe/Deallocate Layer from Memory [Model: cfc45a4e, Layer: 4ce1630c]"
253367.427028,5000,cfc45a4e-2fdb-48da-a83d-d1b0979b56cb,worker_2,coordinator_0,NET_TRANSFER,0.000100,0.158000,Signal Finished
253763.608227,5000,cfc45a4e-2fdb-48da-a83d-d1b0979b56cb,coordinator_0,worker_3,NET_TRANSFER,4.950390,396.181199,Distribute Layer ID: 4e4e909f
253763.646902,5000,cfc45a4e-2fdb-48da-a83d-d1b0979b56cb,worker_3,worker_3,DISK_LOAD,4.950390,0.038675,"Disk -> RAM [Model: cfc45a4e, Layer: 4e4e909f]"
253763.685577,5000,cfc45a4e-2fdb-48da-a83d-d1b0979b56cb,worker_3,worker_3,MEM_MOVE,4.950390,0.038675,"RAM -> VRAM [Model: cfc45a4e, Layer: 4e4e909f]"
253763.735577,5000,cfc45a4e-2fdb-48da-a83d-d1b0979b56cb,worker_3,worker_3,GPU_COMPUTE,0.050000,0.050000,GPU Compute
253763.735577,5000,cfc45a4e-2fdb-48da-a83d-d1b0979b56cb,worker_3,worker_3,MEM_MOVE,0.000000,0.000000,"Wipe/Deallocate Layer from Memory [Model: cfc45a4e, Layer: 4e4e909f]"
253763.893577,5000,cfc45a4e-2fdb-48da-a83d-d1b0979b56cb,worker_3,coordinator_0,NET_TRANSFER,0.000100,0.158000,Signal Finished
254595.373414,5000,cfc45a4e-2fdb-48da-a83d-d1b0979b56cb,coordinator_0,worker_4,NET_TRANSFER,10.391623,831.479838,Distribute Layer ID: 0474616f
254595.454599,5000,cfc45a4e-2fdb-48da-a83d-d1b0979b56cb,worker_4,worker_4,DISK_LOAD,10.391623,0.081185,"Disk -> RAM [Model: cfc45a4e, Layer: 0474616f]"
254595.535784,5000,cfc45a4e-2fdb-48da-a83d-d1b0979b56cb,worker_4,worker_4,MEM_MOVE,10.391623,0.081185,"RAM -> VRAM [Model: cfc45a4e, Layer: 0474616f]"
254595.585784,5000,cfc45a4e-2fdb-48da-a83d-d1b0979b56cb,worker_4,worker_4,GPU_COMPUTE,0.050000,0.050000,GPU Compute
254595.585784,5000,cfc45a4e-2fdb-48da-a83d-d1b0979b56cb,worker_4,worker_4,MEM_MOVE,0.000000,0.000000,"Wipe/Deallocate Layer from Memory [Model: cfc45a4e, Layer: 0474616f]"
254595.743784,5000,cfc45a4e-2fdb-48da-a83d-d1b0979b56cb,worker_4,coordinator_0,NET_TRANSFER,0.000100,0.158000,Signal Finished
255456.716640,5000,cfc45a4e-2fdb-48da-a83d-d1b0979b56cb,coordinator_0,worker_1,NET_TRANSFER,10.760286,860.972857,Distribute Layer ID: b6db17f2
255456.800705,5000,cfc45a4e-2fdb-48da-a83d-d1b0979b56cb,worker_1,worker_1,DISK_LOAD,10.760286,0.084065,"Disk -> RAM [Model: cfc45a4e, Layer: b6db17f2]"
255456.884770,5000,cfc45a4e-2fdb-48da-a83d-d1b0979b56cb,worker_1,worker_1,MEM_MOVE,10.760286,0.084065,"RAM -> VRAM [Model: cfc45a4e, Layer: b6db17f2]"
255456.934770,5000,cfc45a4e-2fdb-48da-a83d-d1b0979b56cb,worker_1,worker_1,GPU_COMPUTE,0.050000,0.050000,GPU Compute
255456.934770,5000,cfc45a4e-2fdb-48da-a83d-d1b0979b56cb,worker_1,worker_1,MEM_MOVE,0.000000,0.000000,"Wipe/Deallocate Layer from Memory [Model: cfc45a4e, Layer: b6db17f2]"
255457.092770,5000,cfc45a4e-2fdb-48da-a83d-d1b0979b56cb,worker_1,coordinator_0,NET_TRANSFER,0.000100,0.158000,Signal Finished
255981.026230,5000,cfc45a4e-2fdb-48da-a83d-d1b0979b56cb,coordinator_0,worker_2,NET_TRANSFER,6.547293,523.933460,Distribute Layer ID: b98f24ec
255981.077380,5000,cfc45a4e-2fdb-48da-a83d-d1b0979b56cb,worker_2,worker_2,DISK_LOAD,6.547293,0.051151,"Disk -> RAM [Model: cfc45a4e, Layer: b98f24ec]"
255981.128531,5000,cfc45a4e-2fdb-48da-a83d-d1b0979b56cb,worker_2,worker_2,MEM_MOVE,6.547293,0.051151,"RAM -> VRAM [Model: cfc45a4e, Layer: b98f24ec]"
255981.178531,5000,cfc45a4e-2fdb-48da-a83d-d1b0979b56cb,worker_2,worker_2,GPU_COMPUTE,0.050000,0.050000,GPU Compute
255981.178531,5000,cfc45a4e-2fdb-48da-a83d-d1b0979b56cb,worker_2,worker_2,MEM_MOVE,0.000000,0.000000,"Wipe/Deallocate Layer from Memory [Model: cfc45a4e, Layer: b98f24ec]"
255981.336531,5000,cfc45a4e-2fdb-48da-a83d-d1b0979b56cb,worker_2,coordinator_0,NET_TRANSFER,0.000100,0.158000,Signal Finished
256589.808993,5000,cfc45a4e-2fdb-48da-a83d-d1b0979b56cb,coordinator_0,worker_3,NET_TRANSFER,7.604031,608.472462,Distribute Layer ID: a8f2d1ce
256589.868399,5000,cfc45a4e-2fdb-48da-a83d-d1b0979b56cb,worker_3,worker_3,DISK_LOAD,7.604031,0.059406,"Disk -> RAM [Model: cfc45a4e, Layer: a8f2d1ce]"
256589.927806,5000,cfc45a4e-2fdb-48da-a83d-d1b0979b56cb,worker_3,worker_3,MEM_MOVE,7.604031,0.059406,"RAM -> VRAM [Model: cfc45a4e, Layer: a8f2d1ce]"
256589.977806,5000,cfc45a4e-2fdb-48da-a83d-d1b0979b56cb,worker_3,worker_3,GPU_COMPUTE,0.050000,0.050000,GPU Compute
256589.977806,5000,cfc45a4e-2fdb-48da-a83d-d1b0979b56cb,worker_3,worker_3,MEM_MOVE,0.000000,0.000000,"Wipe/Deallocate Layer from Memory [Model: cfc45a4e, Layer: a8f2d1ce]"
256590.135806,5000,cfc45a4e-2fdb-48da-a83d-d1b0979b56cb,worker_3,coordinator_0,NET_TRANSFER,0.000100,0.158000,Signal Finished
257737.082662,5000,cfc45a4e-2fdb-48da-a83d-d1b0979b56cb,coordinator_0,worker_4,NET_TRANSFER,14.334961,1146.946856,Distribute Layer ID: 9aeb27e5
257737.194653,5000,cfc45a4e-2fdb-48da-a83d-d1b0979b56cb,worker_4,worker_4,DISK_LOAD,14.334961,0.111992,"Disk -> RAM [Model: cfc45a4e, Layer: 9aeb27e5]"
257737.306645,5000,cfc45a4e-2fdb-48da-a83d-d1b0979b56cb,worker_4,worker_4,MEM_MOVE,14.334961,0.111992,"RAM -> VRAM [Model: cfc45a4e, Layer: 9aeb27e5]"
257737.356645,5000,cfc45a4e-2fdb-48da-a83d-d1b0979b56cb,worker_4,worker_4,GPU_COMPUTE,0.050000,0.050000,GPU Compute
257737.356645,5000,cfc45a4e-2fdb-48da-a83d-d1b0979b56cb,worker_4,worker_4,MEM_MOVE,0.000000,0.000000,"Wipe/Deallocate Layer from Memory [Model: cfc45a4e, Layer: 9aeb27e5]"
257737.514645,5000,cfc45a4e-2fdb-48da-a83d-d1b0979b56cb,worker_4,coordinator_0,NET_TRANSFER,0.000100,0.158000,Signal Finished
258766.334488,5000,cfc45a4e-2fdb-48da-a83d-d1b0979b56cb,coordinator_0,worker_1,NET_TRANSFER,12.858373,1028.819843,Distribute Layer ID: 6efabd4f
258766.434944,5000,cfc45a4e-2fdb-48da-a83d-d1b0979b56cb,worker_1,worker_1,DISK_LOAD,12.858373,0.100456,"Disk -> RAM [Model: cfc45a4e, Layer: 6efabd4f]"
258766.535400,5000,cfc45a4e-2fdb-48da-a83d-d1b0979b56cb,worker_1,worker_1,MEM_MOVE,12.858373,0.100456,"RAM -> VRAM [Model: cfc45a4e, Layer: 6efabd4f]"
258766.585400,5000,cfc45a4e-2fdb-48da-a83d-d1b0979b56cb,worker_1,worker_1,GPU_COMPUTE,0.050000,0.050000,GPU Compute
258766.585400,5000,cfc45a4e-2fdb-48da-a83d-d1b0979b56cb,worker_1,worker_1,MEM_MOVE,0.000000,0.000000,"Wipe/Deallocate Layer from Memory [Model: cfc45a4e, Layer: 6efabd4f]"
258766.743400,5000,cfc45a4e-2fdb-48da-a83d-d1b0979b56cb,worker_1,coordinator_0,NET_TRANSFER,0.000100,0.158000,Signal Finished
259699.709711,5000,cfc45a4e-2fdb-48da-a83d-d1b0979b56cb,coordinator_0,worker_2,NET_TRANSFER,11.660204,932.966311,Distribute Layer ID: e3e9f0a2
259699.800806,5000,cfc45a4e-2fdb-48da-a83d-d1b0979b56cb,worker_2,worker_2,DISK_LOAD,11.660204,0.091095,"Disk -> RAM [Model: cfc45a4e, Layer: e3e9f0a2]"
259699.891901,5000,cfc45a4e-2fdb-48da-a83d-d1b0979b56cb,worker_2,worker_2,MEM_MOVE,11.660204,0.091095,"RAM -> VRAM [Model: cfc45a4e, Layer: e3e9f0a2]"
259699.941901,5000,cfc45a4e-2fdb-48da-a83d-d1b0979b56cb,worker_2,worker_2,GPU_COMPUTE,0.050000,0.050000,GPU Compute
259699.941901,5000,cfc45a4e-2fdb-48da-a83d-d1b0979b56cb,worker_2,worker_2,MEM_MOVE,0.000000,0.000000,"Wipe/Deallocate Layer from Memory [Model: cfc45a4e, Layer: e3e9f0a2]"
259700.099901,5000,cfc45a4e-2fdb-48da-a83d-d1b0979b56cb,worker_2,coordinator_0,NET_TRANSFER,0.000100,0.158000,Signal Finished
260176.040660,5000,cfc45a4e-2fdb-48da-a83d-d1b0979b56cb,coordinator_0,worker_3,NET_TRANSFER,5.947384,475.940758,Distribute Layer ID: 2bafebf6
260176.087124,5000,cfc45a4e-2fdb-48da-a83d-d1b0979b56cb,worker_3,worker_3,DISK_LOAD,5.947384,0.046464,"Disk -> RAM [Model: cfc45a4e, Layer: 2bafebf6]"
260176.133588,5000,cfc45a4e-2fdb-48da-a83d-d1b0979b56cb,worker_3,worker_3,MEM_MOVE,5.947384,0.046464,"RAM -> VRAM [Model: cfc45a4e, Layer: 2bafebf6]"
260176.183588,5000,cfc45a4e-2fdb-48da-a83d-d1b0979b56cb,worker_3,worker_3,GPU_COMPUTE,0.050000,0.050000,GPU Compute
260176.183588,5000,cfc45a4e-2fdb-48da-a83d-d1b0979b56cb,worker_3,worker_3,MEM_MOVE,0.000000,0.000000,"Wipe/Deallocate Layer from Memory [Model: cfc45a4e, Layer: 2bafebf6]"
260176.341588,5000,cfc45a4e-2fdb-48da-a83d-d1b0979b56cb,worker_3,coordinator_0,NET_TRANSFER,0.000100,0.158000,Signal Finished
260664.985160,5000,cfc45a4e-2fdb-48da-a83d-d1b0979b56cb,coordinator_0,worker_4,NET_TRANSFER,6.106170,488.643572,Distribute Layer ID: 5c43f523
260665.032864,5000,cfc45a4e-2fdb-48da-a83d-d1b0979b56cb,worker_4,worker_4,DISK_LOAD,6.106170,0.047704,"Disk -> RAM [Model: cfc45a4e, Layer: 5c43f523]"
260665.080569,5000,cfc45a4e-2fdb-48da-a83d-d1b0979b56cb,worker_4,worker_4,MEM_MOVE,6.106170,0.047704,"RAM -> VRAM [Model: cfc45a4e, Layer: 5c43f523]"
260665.130569,5000,cfc45a4e-2fdb-48da-a83d-d1b0979b56cb,worker_4,worker_4,GPU_COMPUTE,0.050000,0.050000,GPU Compute
260665.130569,5000,cfc45a4e-2fdb-48da-a83d-d1b0979b56cb,worker_4,worker_4,MEM_MOVE,0.000000,0.000000,"Wipe/Deallocate Layer from Memory [Model: cfc45a4e, Layer: 5c43f523]"
260665.288569,5000,cfc45a4e-2fdb-48da-a83d-d1b0979b56cb,worker_4,coordinator_0,NET_TRANSFER,0.000100,0.158000,Signal Finished
261131.076089,5000,cfc45a4e-2fdb-48da-a83d-d1b0979b56cb,coordinator_0,worker_1,NET_TRANSFER,5.820469,465.787520,Distribute Layer ID: 630802c8
261131.121561,5000,cfc45a4e-2fdb-48da-a83d-d1b0979b56cb,worker_1,worker_1,DISK_LOAD,5.820469,0.045472,"Disk -> RAM [Model: cfc45a4e, Layer: 630802c8]"
261131.167034,5000,cfc45a4e-2fdb-48da-a83d-d1b0979b56cb,worker_1,worker_1,MEM_MOVE,5.820469,0.045472,"RAM -> VRAM [Model: cfc45a4e, Layer: 630802c8]"
261131.217034,5000,cfc45a4e-2fdb-48da-a83d-d1b0979b56cb,worker_1,worker_1,GPU_COMPUTE,0.050000,0.050000,GPU Compute
261131.217034,5000,cfc45a4e-2fdb-48da-a83d-d1b0979b56cb,worker_1,worker_1,MEM_MOVE,0.000000,0.000000,"Wipe/Deallocate Layer from Memory [Model: cfc45a4e, Layer: 630802c8]"
261131.375034,5000,cfc45a4e-2fdb-48da-a83d-d1b0979b56cb,worker_1,coordinator_0,NET_TRANSFER,0.000100,0.158000,Signal Finished
262020.827786,5000,cfc45a4e-2fdb-48da-a83d-d1b0979b56cb,coordinator_0,worker_2,NET_TRANSFER,11.116284,889.452752,Distribute Layer ID: 488883e6
262020.914632,5000,cfc45a4e-2fdb-48da-a83d-d1b0979b56cb,worker_2,worker_2,DISK_LOAD,11.116284,0.086846,"Disk -> RAM [Model: cfc45a4e, Layer: 488883e6]"
262021.001478,5000,cfc45a4e-2fdb-48da-a83d-d1b0979b56cb,worker_2,worker_2,MEM_MOVE,11.116284,0.086846,"RAM -> VRAM [Model: cfc45a4e, Layer: 488883e6]"
262021.051478,5000,cfc45a4e-2fdb-48da-a83d-d1b0979b56cb,worker_2,worker_2,GPU_COMPUTE,0.050000,0.050000,GPU Compute
262021.051478,5000,cfc45a4e-2fdb-48da-a83d-d1b0979b56cb,worker_2,worker_2,MEM_MOVE,0.000000,0.000000,"Wipe/Deallocate Layer from Memory [Model: cfc45a4e, Layer: 488883e6]"
262021.209478,5000,cfc45a4e-2fdb-48da-a83d-d1b0979b56cb,worker_2,coordinator_0,NET_TRANSFER,0.000100,0.158000,Signal Finished
263033.353620,5000,cfc45a4e-2fdb-48da-a83d-d1b0979b56cb,coordinator_0,worker_3,NET_TRANSFER,12.649927,1012.144142,Distribute Layer ID: 50d54a40
263033.452448,5000,cfc45a4e-2fdb-48da-a83d-d1b0979b56cb,worker_3,worker_3,DISK_LOAD,12.649927,0.098828,"Disk -> RAM [Model: cfc45a4e, Layer: 50d54a40]"
263033.551276,5000,cfc45a4e-2fdb-48da-a83d-d1b0979b56cb,worker_3,worker_3,MEM_MOVE,12.649927,0.098828,"RAM -> VRAM [Model: cfc45a4e, Layer: 50d54a40]"
263033.601276,5000,cfc45a4e-2fdb-48da-a83d-d1b0979b56cb,worker_3,worker_3,GPU_COMPUTE,0.050000,0.050000,GPU Compute
263033.601276,5000,cfc45a4e-2fdb-48da-a83d-d1b0979b56cb,worker_3,worker_3,MEM_MOVE,0.000000,0.000000,"Wipe/Deallocate Layer from Memory [Model: cfc45a4e, Layer: 50d54a40]"
263033.759276,5000,cfc45a4e-2fdb-48da-a83d-d1b0979b56cb,worker_3,coordinator_0,NET_TRANSFER,0.000100,0.158000,Signal Finished
263456.053953,5000,cfc45a4e-2fdb-48da-a83d-d1b0979b56cb,coordinator_0,worker_4,NET_TRANSFER,5.276808,422.294677,Distribute Layer ID: 9cf20887
263456.095178,5000,cfc45a4e-2fdb-48da-a83d-d1b0979b56cb,worker_4,worker_4,DISK_LOAD,5.276808,0.041225,"Disk -> RAM [Model: cfc45a4e, Layer: 9cf20887]"
263456.136403,5000,cfc45a4e-2fdb-48da-a83d-d1b0979b56cb,worker_4,worker_4,MEM_MOVE,5.276808,0.041225,"RAM -> VRAM [Model: cfc45a4e, Layer: 9cf20887]"
263456.186403,5000,cfc45a4e-2fdb-48da-a83d-d1b0979b56cb,worker_4,worker_4,GPU_COMPUTE,0.050000,0.050000,GPU Compute
263456.186403,5000,cfc45a4e-2fdb-48da-a83d-d1b0979b56cb,worker_4,worker_4,MEM_MOVE,0.000000,0.000000,"Wipe/Deallocate Layer from Memory [Model: cfc45a4e, Layer: 9cf20887]"
263456.344403,5000,cfc45a4e-2fdb-48da-a83d-d1b0979b56cb,worker_4,coordinator_0,NET_TRANSFER,0.000100,0.158000,Signal Finished
264480.844227,5000,cfc45a4e-2fdb-48da-a83d-d1b0979b56cb,coordinator_0,worker_1,NET_TRANSFER,12.804373,1024.499824,Distribute Layer ID: 519d9578
264480.944261,5000,cfc45a4e-2fdb-48da-a83d-d1b0979b56cb,worker_1,worker_1,DISK_LOAD,12.804373,0.100034,"Disk -> RAM [Model: cfc45a4e, Layer: 519d9578]"
264481.044295,5000,cfc45a4e-2fdb-48da-a83d-d1b0979b56cb,worker_1,worker_1,MEM_MOVE,12.804373,0.100034,"RAM -> VRAM [Model: cfc45a4e, Layer: 519d9578]"
264481.094295,5000,cfc45a4e-2fdb-48da-a83d-d1b0979b56cb,worker_1,worker_1,GPU_COMPUTE,0.050000,0.050000,GPU Compute
264481.094295,5000,cfc45a4e-2fdb-48da-a83d-d1b0979b56cb,worker_1,worker_1,MEM_MOVE,0.000000,0.000000,"Wipe/Deallocate Layer from Memory [Model: cfc45a4e, Layer: 519d9578]"
264481.252295,5000,cfc45a4e-2fdb-48da-a83d-d1b0979b56cb,worker_1,coordinator_0,NET_TRANSFER,0.000100,0.158000,Signal Finished
265020.020643,5000,cfc45a4e-2fdb-48da-a83d-d1b0979b56cb,coordinator_0,worker_2,NET_TRANSFER,6.732729,538.768348,Distribute Layer ID: 757cdc92
265020.073243,5000,cfc45a4e-2fdb-48da-a83d-d1b0979b56cb,worker_2,worker_2,DISK_LOAD,6.732729,0.052599,"Disk -> RAM [Model: cfc45a4e, Layer: 757cdc92]"
265020.125842,5000,cfc45a4e-2fdb-48da-a83d-d1b0979b56cb,worker_2,worker_2,MEM_MOVE,6.732729,0.052599,"RAM -> VRAM [Model: cfc45a4e, Layer: 757cdc92]"
265020.175842,5000,cfc45a4e-2fdb-48da-a83d-d1b0979b56cb,worker_2,worker_2,GPU_COMPUTE,0.050000,0.050000,GPU Compute
265020.175842,5000,cfc45a4e-2fdb-48da-a83d-d1b0979b56cb,worker_2,worker_2,MEM_MOVE,0.000000,0.000000,"Wipe/Deallocate Layer from Memory [Model: cfc45a4e, Layer: 757cdc92]"
265020.333842,5000,cfc45a4e-2fdb-48da-a83d-d1b0979b56cb,worker_2,coordinator_0,NET_TRANSFER,0.000100,0.158000,Signal Finished
265790.307970,5000,cfc45a4e-2fdb-48da-a83d-d1b0979b56cb,coordinator_0,worker_3,NET_TRANSFER,9.622802,769.974128,Distribute Layer ID: e0812a8b
265790.383148,5000,cfc45a4e-2fdb-48da-a83d-d1b0979b56cb,worker_3,worker_3,DISK_LOAD,9.622802,0.075178,"Disk -> RAM [Model: cfc45a4e, Layer: e0812a8b]"
265790.458327,5000,cfc45a4e-2fdb-48da-a83d-d1b0979b56cb,worker_3,worker_3,MEM_MOVE,9.622802,0.075178,"RAM -> VRAM [Model: cfc45a4e, Layer: e0812a8b]"
265790.508327,5000,cfc45a4e-2fdb-48da-a83d-d1b0979b56cb,worker_3,worker_3,GPU_COMPUTE,0.050000,0.050000,GPU Compute
265790.508327,5000,cfc45a4e-2fdb-48da-a83d-d1b0979b56cb,worker_3,worker_3,MEM_MOVE,0.000000,0.000000,"Wipe/Deallocate Layer from Memory [Model: cfc45a4e, Layer: e0812a8b]"
265790.666327,5000,cfc45a4e-2fdb-48da-a83d-d1b0979b56cb,worker_3,coordinator_0,NET_TRANSFER,0.000100,0.158000,Signal Finished
266467.083808,5000,cfc45a4e-2fdb-48da-a83d-d1b0979b56cb,coordinator_0,worker_4,NET_TRANSFER,8.453344,676.417482,Distribute Layer ID: a12ea357
266467.149850,5000,cfc45a4e-2fdb-48da-a83d-d1b0979b56cb,worker_4,worker_4,DISK_LOAD,8.453344,0.066042,"Disk -> RAM [Model: cfc45a4e, Layer: a12ea357]"
266467.215892,5000,cfc45a4e-2fdb-48da-a83d-d1b0979b56cb,worker_4,worker_4,MEM_MOVE,8.453344,0.066042,"RAM -> VRAM [Model: cfc45a4e, Layer: a12ea357]"
266467.265892,5000,cfc45a4e-2fdb-48da-a83d-d1b0979b56cb,worker_4,worker_4,GPU_COMPUTE,0.050000,0.050000,GPU Compute
266467.265892,5000,cfc45a4e-2fdb-48da-a83d-d1b0979b56cb,worker_4,worker_4,MEM_MOVE,0.000000,0.000000,"Wipe/Deallocate Layer from Memory [Model: cfc45a4e, Layer: a12ea357]"
266467.423892,5000,cfc45a4e-2fdb-48da-a83d-d1b0979b56cb,worker_4,coordinator_0,NET_TRANSFER,0.000100,0.158000,Signal Finished
267593.137813,5000,cfc45a4e-2fdb-48da-a83d-d1b0979b56cb,coordinator_0,worker_1,NET_TRANSFER,14.069549,1125.713921,Distribute Layer ID: 9a5547bc
267593.247731,5000,cfc45a4e-2fdb-48da-a83d-d1b0979b56cb,worker_1,worker_1,DISK_LOAD,14.069549,0.109918,"Disk -> RAM [Model: cfc45a4e, Layer: 9a5547bc]"
267593.357649,5000,cfc45a4e-2fdb-48da-a83d-d1b0979b56cb,worker_1,worker_1,MEM_MOVE,14.069549,0.109918,"RAM -> VRAM [Model: cfc45a4e, Layer: 9a5547bc]"
267593.407649,5000,cfc45a4e-2fdb-48da-a83d-d1b0979b56cb,worker_1,worker_1,GPU_COMPUTE,0.050000,0.050000,GPU Compute
267593.407649,5000,cfc45a4e-2fdb-48da-a83d-d1b0979b56cb,worker_1,worker_1,MEM_MOVE,0.000000,0.000000,"Wipe/Deallocate Layer from Memory [Model: cfc45a4e, Layer: 9a5547bc]"
267593.565649,5000,cfc45a4e-2fdb-48da-a83d-d1b0979b56cb,worker_1,coordinator_0,NET_TRANSFER,0.000100,0.158000,Signal Finished
268463.516555,5000,cfc45a4e-2fdb-48da-a83d-d1b0979b56cb,coordinator_0,worker_2,NET_TRANSFER,10.872511,869.950906,Distribute Layer ID: ee235452
268463.601496,5000,cfc45a4e-2fdb-48da-a83d-d1b0979b56cb,worker_2,worker_2,DISK_LOAD,10.872511,0.084941,"Disk -> RAM [Model: cfc45a4e, Layer: ee235452]"
268463.686438,5000,cfc45a4e-2fdb-48da-a83d-d1b0979b56cb,worker_2,worker_2,MEM_MOVE,10.872511,0.084941,"RAM -> VRAM [Model: cfc45a4e, Layer: ee235452]"
268463.736438,5000,cfc45a4e-2fdb-48da-a83d-d1b0979b56cb,worker_2,worker_2,GPU_COMPUTE,0.050000,0.050000,GPU Compute
268463.736438,5000,cfc45a4e-2fdb-48da-a83d-d1b0979b56cb,worker_2,worker_2,MEM_MOVE,0.000000,0.000000,"Wipe/Deallocate Layer from Memory [Model: cfc45a4e, Layer: ee235452]"
268463.894438,5000,cfc45a4e-2fdb-48da-a83d-d1b0979b56cb,worker_2,coordinator_0,NET_TRANSFER,0.000100,0.158000,Signal Finished
269579.154132,5000,cfc45a4e-2fdb-48da-a83d-d1b0979b56cb,coordinator_0,worker_3,NET_TRANSFER,13.938871,1115.259694,Distribute Layer ID: 28dc1c90
269579.263029,5000,cfc45a4e-2fdb-48da-a83d-d1b0979b56cb,worker_3,worker_3,DISK_LOAD,13.938871,0.108897,"Disk -> RAM [Model: cfc45a4e, Layer: 28dc1c90]"
269579.371927,5000,cfc45a4e-2fdb-48da-a83d-d1b0979b56cb,worker_3,worker_3,MEM_MOVE,13.938871,0.108897,"RAM -> VRAM [Model: cfc45a4e, Layer: 28dc1c90]"
269579.421927,5000,cfc45a4e-2fdb-48da-a83d-d1b0979b56cb,worker_3,worker_3,GPU_COMPUTE,0.050000,0.050000,GPU Compute
269579.421927,5000,cfc45a4e-2fdb-48da-a83d-d1b0979b56cb,worker_3,worker_3,MEM_MOVE,0.000000,0.000000,"Wipe/Deallocate Layer from Memory [Model: cfc45a4e, Layer: 28dc1c90]"
269579.579927,5000,cfc45a4e-2fdb-48da-a83d-d1b0979b56cb,worker_3,coordinator_0,NET_TRANSFER,0.000100,0.158000,Signal Finished
270729.939698,5000,cfc45a4e-2fdb-48da-a83d-d1b0979b56cb,coordinator_0,worker_4,NET_TRANSFER,14.377622,1150.359771,Distribute Layer ID: e686b31e
270730.052023,5000,cfc45a4e-2fdb-48da-a83d-d1b0979b56cb,worker_4,worker_4,DISK_LOAD,14.377622,0.112325,"Disk -> RAM [Model: cfc45a4e, Layer: e686b31e]"
270730.164348,5000,cfc45a4e-2fdb-48da-a83d-d1b0979b56cb,worker_4,worker_4,MEM_MOVE,14.377622,0.112325,"RAM -> VRAM [Model: cfc45a4e, Layer: e686b31e]"
270730.214348,5000,cfc45a4e-2fdb-48da-a83d-d1b0979b56cb,worker_4,worker_4,GPU_COMPUTE,0.050000,0.050000,GPU Compute
270730.214348,5000,cfc45a4e-2fdb-48da-a83d-d1b0979b56cb,worker_4,worker_4,MEM_MOVE,0.000000,0.000000,"Wipe/Deallocate Layer from Memory [Model: cfc45a4e, Layer: e686b31e]"
270730.372348,5000,cfc45a4e-2fdb-48da-a83d-d1b0979b56cb,worker_4,coordinator_0,NET_TRANSFER,0.000100,0.158000,Signal Finished
271591.467857,5000,cfc45a4e-2fdb-48da-a83d-d1b0979b56cb,coordinator_0,worker_1,NET_TRANSFER,10.761819,861.095509,Distribute Layer ID: e064cac3
271591.551934,5000,cfc45a4e-2fdb-48da-a83d-d1b0979b56cb,worker_1,worker_1,DISK_LOAD,10.761819,0.084077,"Disk -> RAM [Model: cfc45a4e, Layer: e064cac3]"
271591.636011,5000,cfc45a4e-2fdb-48da-a83d-d1b0979b56cb,worker_1,worker_1,MEM_MOVE,10.761819,0.084077,"RAM -> VRAM [Model: cfc45a4e, Layer: e064cac3]"
271591.686011,5000,cfc45a4e-2fdb-48da-a83d-d1b0979b56cb,worker_1,worker_1,GPU_COMPUTE,0.050000,0.050000,GPU Compute
271591.686011,5000,cfc45a4e-2fdb-48da-a83d-d1b0979b56cb,worker_1,worker_1,MEM_MOVE,0.000000,0.000000,"Wipe/Deallocate Layer from Memory [Model: cfc45a4e, Layer: e064cac3]"
271591.844011,5000,cfc45a4e-2fdb-48da-a83d-d1b0979b56cb,worker_1,coordinator_0,NET_TRANSFER,0.000100,0.158000,Signal Finished
272544.661769,5000,cfc45a4e-2fdb-48da-a83d-d1b0979b56cb,coordinator_0,worker_2,NET_TRANSFER,11.908347,952.817758,Distribute Layer ID: 068902c5
272544.754803,5000,cfc45a4e-2fdb-48da-a83d-d1b0979b56cb,worker_2,worker_2,DISK_LOAD,11.908347,0.093034,"Disk -> RAM [Model: cfc45a4e, Layer: 068902c5]"
272544.847837,5000,cfc45a4e-2fdb-48da-a83d-d1b0979b56cb,worker_2,worker_2,MEM_MOVE,11.908347,0.093034,"RAM -> VRAM [Model: cfc45a4e, Layer: 068902c5]"
272544.897837,5000,cfc45a4e-2fdb-48da-a83d-d1b0979b56cb,worker_2,worker_2,GPU_COMPUTE,0.050000,0.050000,GPU Compute
272544.897837,5000,cfc45a4e-2fdb-48da-a83d-d1b0979b56cb,worker_2,worker_2,MEM_MOVE,0.000000,0.000000,"Wipe/Deallocate Layer from Memory [Model: cfc45a4e, Layer: 068902c5]"
272545.055837,5000,cfc45a4e-2fdb-48da-a83d-d1b0979b56cb,worker_2,coordinator_0,NET_TRANSFER,0.000100,0.158000,Signal Finished
273743.272818,5000,cfc45a4e-2fdb-48da-a83d-d1b0979b56cb,coordinator_0,worker_3,NET_TRANSFER,14.975837,1198.216981,Distribute Layer ID: f69bcf6f
273743.389817,5000,cfc45a4e-2fdb-48da-a83d-d1b0979b56cb,worker_3,worker_3,DISK_LOAD,14.975837,0.116999,"Disk -> RAM [Model: cfc45a4e, Layer: f69bcf6f]"
273743.506816,5000,cfc45a4e-2fdb-48da-a83d-d1b0979b56cb,worker_3,worker_3,MEM_MOVE,14.975837,0.116999,"RAM -> VRAM [Model: cfc45a4e, Layer: f69bcf6f]"
273743.556816,5000,cfc45a4e-2fdb-48da-a83d-d1b0979b56cb,worker_3,worker_3,GPU_COMPUTE,0.050000,0.050000,GPU Compute
273743.556816,5000,cfc45a4e-2fdb-48da-a83d-d1b0979b56cb,worker_3,worker_3,MEM_MOVE,0.000000,0.000000,"Wipe/Deallocate Layer from Memory [Model: cfc45a4e, Layer: f69bcf6f]"
273743.714816,5000,cfc45a4e-2fdb-48da-a83d-d1b0979b56cb,worker_3,coordinator_0,NET_TRANSFER,0.000100,0.158000,Signal Finished
274706.730173,5000,cfc45a4e-2fdb-48da-a83d-d1b0979b56cb,coordinator_0,worker_4,NET_TRANSFER,12.035817,963.015357,Distribute Layer ID: 77818f02
274706.824202,5000,cfc45a4e-2fdb-48da-a83d-d1b0979b56cb,worker_4,worker_4,DISK_LOAD,12.035817,0.094030,"Disk -> RAM [Model: cfc45a4e, Layer: 77818f02]"
274706.918232,5000,cfc45a4e-2fdb-48da-a83d-d1b0979b56cb,worker_4,worker_4,MEM_MOVE,12.035817,0.094030,"RAM -> VRAM [Model: cfc45a4e, Layer: 77818f02]"
274706.968232,5000,cfc45a4e-2fdb-48da-a83d-d1b0979b56cb,worker_4,worker_4,GPU_COMPUTE,0.050000,0.050000,GPU Compute
274706.968232,5000,cfc45a4e-2fdb-48da-a83d-d1b0979b56cb,worker_4,worker_4,MEM_MOVE,0.000000,0.000000,"Wipe/Deallocate Layer from Memory [Model: cfc45a4e, Layer: 77818f02]"
274707.126232,5000,cfc45a4e-2fdb-48da-a83d-d1b0979b56cb,worker_4,coordinator_0,NET_TRANSFER,0.000100,0.158000,Signal Finished
275324.186170,5000,cfc45a4e-2fdb-48da-a83d-d1b0979b56cb,coordinator_0,worker_1,NET_TRANSFER,7.711374,617.059938,Distribute Layer ID: 0fe4d240
275324.246415,5000,cfc45a4e-2fdb-48da-a83d-d1b0979b56cb,worker_1,worker_1,DISK_LOAD,7.711374,0.060245,"Disk -> RAM [Model: cfc45a4e, Layer: 0fe4d240]"
275324.306660,5000,cfc45a4e-2fdb-48da-a83d-d1b0979b56cb,worker_1,worker_1,MEM_MOVE,7.711374,0.060245,"RAM -> VRAM [Model: cfc45a4e, Layer: 0fe4d240]"
275324.356660,5000,cfc45a4e-2fdb-48da-a83d-d1b0979b56cb,worker_1,worker_1,GPU_COMPUTE,0.050000,0.050000,GPU Compute
275324.356660,5000,cfc45a4e-2fdb-48da-a83d-d1b0979b56cb,worker_1,worker_1,MEM_MOVE,0.000000,0.000000,"Wipe/Deallocate Layer from Memory [Model: cfc45a4e, Layer: 0fe4d240]"
275324.514660,5000,cfc45a4e-2fdb-48da-a83d-d1b0979b56cb,worker_1,coordinator_0,NET_TRANSFER,0.000100,0.158000,Signal Finished
276527.212807,5000,cfc45a4e-2fdb-48da-a83d-d1b0979b56cb,coordinator_0,worker_2,NET_TRANSFER,15.031852,1202.698147,Distribute Layer ID: f9c6e2a7
276527.330243,5000,cfc45a4e-2fdb-48da-a83d-d1b0979b56cb,worker_2,worker_2,DISK_LOAD,15.031852,0.117436,"Disk -> RAM [Model: cfc45a4e, Layer: f9c6e2a7]"
276527.447680,5000,cfc45a4e-2fdb-48da-a83d-d1b0979b56cb,worker_2,worker_2,MEM_MOVE,15.031852,0.117436,"RAM -> VRAM [Model: cfc45a4e, Layer: f9c6e2a7]"
276527.497680,5000,cfc45a4e-2fdb-48da-a83d-d1b0979b56cb,worker_2,worker_2,GPU_COMPUTE,0.050000,0.050000,GPU Compute
276527.497680,5000,cfc45a4e-2fdb-48da-a83d-d1b0979b56cb,worker_2,worker_2,MEM_MOVE,0.000000,0.000000,"Wipe/Deallocate Layer from Memory [Model: cfc45a4e, Layer: f9c6e2a7]"
276527.655680,5000,cfc45a4e-2fdb-48da-a83d-d1b0979b56cb,worker_2,coordinator_0,NET_TRANSFER,0.000100,0.158000,Signal Finished
277344.559815,5000,cfc45a4e-2fdb-48da-a83d-d1b0979b56cb,coordinator_0,worker_3,NET_TRANSFER,10.209427,816.904135,Distribute Layer ID: fc9bde0a
277344.639576,5000,cfc45a4e-2fdb-48da-a83d-d1b0979b56cb,worker_3,worker_3,DISK_LOAD,10.209427,0.079761,"Disk -> RAM [Model: cfc45a4e, Layer: fc9bde0a]"
277344.719337,5000,cfc45a4e-2fdb-48da-a83d-d1b0979b56cb,worker_3,worker_3,MEM_MOVE,10.209427,0.079761,"RAM -> VRAM [Model: cfc45a4e, Layer: fc9bde0a]"
277344.769337,5000,cfc45a4e-2fdb-48da-a83d-d1b0979b56cb,worker_3,worker_3,GPU_COMPUTE,0.050000,0.050000,GPU Compute
277344.769337,5000,cfc45a4e-2fdb-48da-a83d-d1b0979b56cb,worker_3,worker_3,MEM_MOVE,0.000000,0.000000,"Wipe/Deallocate Layer from Memory [Model: cfc45a4e, Layer: fc9bde0a]"
277344.927337,5000,cfc45a4e-2fdb-48da-a83d-d1b0979b56cb,worker_3,coordinator_0,NET_TRANSFER,0.000100,0.158000,Signal Finished
278436.320609,5000,cfc45a4e-2fdb-48da-a83d-d1b0979b56cb,coordinator_0,worker_4,NET_TRANSFER,13.640541,1091.393272,Distribute Layer ID: 330c98a6
278436.427176,5000,cfc45a4e-2fdb-48da-a83d-d1b0979b56cb,worker_4,worker_4,DISK_LOAD,13.640541,0.106567,"Disk -> RAM [Model: cfc45a4e, Layer: 330c98a6]"
278436.533743,5000,cfc45a4e-2fdb-48da-a83d-d1b0979b56cb,worker_4,worker_4,MEM_MOVE,13.640541,0.106567,"RAM -> VRAM [Model: cfc45a4e, Layer: 330c98a6]"
278436.583743,5000,cfc45a4e-2fdb-48da-a83d-d1b0979b56cb,worker_4,worker_4,GPU_COMPUTE,0.050000,0.050000,GPU Compute
278436.583743,5000,cfc45a4e-2fdb-48da-a83d-d1b0979b56cb,worker_4,worker_4,MEM_MOVE,0.000000,0.000000,"Wipe/Deallocate Layer from Memory [Model: cfc45a4e, Layer: 330c98a6]"
278436.741743,5000,cfc45a4e-2fdb-48da-a83d-d1b0979b56cb,worker_4,coordinator_0,NET_TRANSFER,0.000100,0.158000,Signal Finished
279310.560655,5000,cfc45a4e-2fdb-48da-a83d-d1b0979b56cb,coordinator_0,worker_1,NET_TRANSFER,10.920861,873.818913,Distribute Layer ID: 23b5d967
279310.645975,5000,cfc45a4e-2fdb-48da-a83d-d1b0979b56cb,worker_1,worker_1,DISK_LOAD,10.920861,0.085319,"Disk -> RAM [Model: cfc45a4e, Layer: 23b5d967]"
279310.731294,5000,cfc45a4e-2fdb-48da-a83d-d1b0979b56cb,worker_1,worker_1,MEM_MOVE,10.920861,0.085319,"RAM -> VRAM [Model: cfc45a4e, Layer: 23b5d967]"
279310.781294,5000,cfc45a4e-2fdb-48da-a83d-d1b0979b56cb,worker_1,worker_1,GPU_COMPUTE,0.050000,0.050000,GPU Compute
279310.781294,5000,cfc45a4e-2fdb-48da-a83d-d1b0979b56cb,worker_1,worker_1,MEM_MOVE,0.000000,0.000000,"Wipe/Deallocate Layer from Memory [Model: cfc45a4e, Layer: 23b5d967]"
279310.939294,5000,cfc45a4e-2fdb-48da-a83d-d1b0979b56cb,worker_1,coordinator_0,NET_TRANSFER,0.000100,0.158000,Signal Finished
280440.718108,5000,cfc45a4e-2fdb-48da-a83d-d1b0979b56cb,coordinator_0,worker_2,NET_TRANSFER,14.120360,1129.778815,Distribute Layer ID: 17bdbfda
280440.828424,5000,cfc45a4e-2fdb-48da-a83d-d1b0979b56cb,worker_2,worker_2,DISK_LOAD,14.120360,0.110315,"Disk -> RAM [Model: cfc45a4e, Layer: 17bdbfda]"
280440.938739,5000,cfc45a4e-2fdb-48da-a83d-d1b0979b56cb,worker_2,worker_2,MEM_MOVE,14.120360,0.110315,"RAM -> VRAM [Model: cfc45a4e, Layer: 17bdbfda]"
280440.988739,5000,cfc45a4e-2fdb-48da-a83d-d1b0979b56cb,worker_2,worker_2,GPU_COMPUTE,0.050000,0.050000,GPU Compute
280440.988739,5000,cfc45a4e-2fdb-48da-a83d-d1b0979b56cb,worker_2,worker_2,MEM_MOVE,0.000000,0.000000,"Wipe/Deallocate Layer from Memory [Model: cfc45a4e, Layer: 17bdbfda]"
280441.146739,5000,cfc45a4e-2fdb-48da-a83d-d1b0979b56cb,worker_2,coordinator_0,NET_TRANSFER,0.000100,0.158000,Signal Finished
281458.963124,5000,cfc45a4e-2fdb-48da-a83d-d1b0979b56cb,coordinator_0,worker_3,NET_TRANSFER,12.720830,1017.816385,Distribute Layer ID: 4006b45b
281459.062505,5000,cfc45a4e-2fdb-48da-a83d-d1b0979b56cb,worker_3,worker_3,DISK_LOAD,12.720830,0.099381,"Disk -> RAM [Model: cfc45a4e, Layer: 4006b45b]"
281459.161887,5000,cfc45a4e-2fdb-48da-a83d-d1b0979b56cb,worker_3,worker_3,MEM_MOVE,12.720830,0.099381,"RAM -> VRAM [Model: cfc45a4e, Layer: 4006b45b]"
281459.211887,5000,cfc45a4e-2fdb-48da-a83d-d1b0979b56cb,worker_3,worker_3,GPU_COMPUTE,0.050000,0.050000,GPU Compute
281459.211887,5000,cfc45a4e-2fdb-48da-a83d-d1b0979b56cb,worker_3,worker_3,MEM_MOVE,0.000000,0.000000,"Wipe/Deallocate Layer from Memory [Model: cfc45a4e, Layer: 4006b45b]"
281459.369887,5000,cfc45a4e-2fdb-48da-a83d-d1b0979b56cb,worker_3,coordinator_0,NET_TRANSFER,0.000100,0.158000,Signal Finished
282239.911775,5000,cfc45a4e-2fdb-48da-a83d-d1b0979b56cb,coordinator_0,worker_4,NET_TRANSFER,9.754899,780.541889,Distribute Layer ID: 873297f5
282239.987986,5000,cfc45a4e-2fdb-48da-a83d-d1b0979b56cb,worker_4,worker_4,DISK_LOAD,9.754899,0.076210,"Disk -> RAM [Model: cfc45a4e, Layer: 873297f5]"
282240.064196,5000,cfc45a4e-2fdb-48da-a83d-d1b0979b56cb,worker_4,worker_4,MEM_MOVE,9.754899,0.076210,"RAM -> VRAM [Model: cfc45a4e, Layer: 873297f5]"
282240.114196,5000,cfc45a4e-2fdb-48da-a83d-d1b0979b56cb,worker_4,worker_4,GPU_COMPUTE,0.050000,0.050000,GPU Compute
282240.114196,5000,cfc45a4e-2fdb-48da-a83d-d1b0979b56cb,worker_4,worker_4,MEM_MOVE,0.000000,0.000000,"Wipe/Deallocate Layer from Memory [Model: cfc45a4e, Layer: 873297f5]"
282240.272196,5000,cfc45a4e-2fdb-48da-a83d-d1b0979b56cb,worker_4,coordinator_0,NET_TRANSFER,0.000100,0.158000,Signal Finished
283237.974183,1000,c8b627aa-c753-4597-9919-37d80da8271e,coordinator_0,worker_1,NET_TRANSFER,12.469400,997.701987,Distribute Layer ID: 232985c4
283238.071600,1000,c8b627aa-c753-4597-9919-37d80da8271e,worker_1,worker_1,DISK_LOAD,12.469400,0.097417,"Disk -> RAM [Model: c8b627aa, Layer: 232985c4]"
283238.169017,1000,c8b627aa-c753-4597-9919-37d80da8271e,worker_1,worker_1,MEM_MOVE,12.469400,0.097417,"RAM -> VRAM [Model: c8b627aa, Layer: 232985c4]"
283238.219017,1000,c8b627aa-c753-4597-9919-37d80da8271e,worker_1,worker_1,GPU_COMPUTE,0.050000,0.050000,GPU Compute
283238.219017,1000,c8b627aa-c753-4597-9919-37d80da8271e,worker_1,worker_1,MEM_MOVE,0.000000,0.000000,"Wipe/Deallocate Layer from Memory [Model: c8b627aa, Layer: 232985c4]"
283238.377017,1000,bd0c7555-7508-4f24-995f-8f7876638404,coordinator_0,client_1,NET_TRANSFER,0.000100,0.158000,Signal: Cache Miss / Request Weights
283238.535017,5000,65477b2b-84c3-4061-b41d-a090a83da64f,coordinator_0,client_5,NET_TRANSFER,0.000100,0.158000,Signal: Cache Miss / Request Weights
329677.314402,1000,bd0c7555-7508-4f24-995f-8f7876638404,client_1,coordinator_0,NET_TRANSFER,580.482867,46438.779386,Upload Model Weights
329677.472402,3000,a28e3970-da86-45fa-affc-65dcd0558159,coordinator_0,client_3,NET_TRANSFER,0.000100,0.158000,Signal: Cache Miss / Request Weights
329677.630402,8000,4e7d39e3-213c-4023-adde-abcecb3601df,coordinator_0,client_8,NET_TRANSFER,0.000100,0.158000,Signal: Cache Miss / Request Weights
362791.323322,8000,4e7d39e3-213c-4023-adde-abcecb3601df,client_8,coordinator_0,NET_TRANSFER,413.919286,33113.692919,Upload Model Weights
362791.481322,9000,90d2b33a-8379-4cfb-92e7-33e022e636c7,coordinator_0,client_9,NET_TRANSFER,0.000100,0.158000,Signal: Cache Miss / Request Weights
391110.682980,9000,90d2b33a-8379-4cfb-92e7-33e022e636c7,client_9,coordinator_0,NET_TRANSFER,353.988146,28319.201658,Upload Model Weights
391110.840980,6000,6866045f-7c20-413e-969a-49cc562754e6,coordinator_0,client_6,NET_TRANSFER,0.000100,0.158000,Signal: Cache Miss / Request Weights
391110.998980,1000,c8b627aa-c753-4597-9919-37d80da8271e,worker_1,coordinator_0,NET_TRANSFER,0.000100,0.158000,Signal Finished
392317.918505,1000,c8b627aa-c753-4597-9919-37d80da8271e,coordinator_0,worker_2,NET_TRANSFER,15.084619,1206.919525,Distribute Layer ID: db9dc650
392318.036353,1000,c8b627aa-c753-4597-9919-37d80da8271e,worker_2,worker_2,DISK_LOAD,15.084619,0.117849,"Disk -> RAM [Model: c8b627aa, Layer: db9dc650]"
392318.154202,1000,c8b627aa-c753-4597-9919-37d80da8271e,worker_2,worker_2,MEM_MOVE,15.084619,0.117849,"RAM -> VRAM [Model: c8b627aa, Layer: db9dc650]"
392318.204202,1000,c8b627aa-c753-4597-9919-37d80da8271e,worker_2,worker_2,GPU_COMPUTE,0.050000,0.050000,GPU Compute
392318.204202,1000,c8b627aa-c753-4597-9919-37d80da8271e,worker_2,worker_2,MEM_MOVE,0.000000,0.000000,"Wipe/Deallocate Layer from Memory [Model: c8b627aa, Layer: db9dc650]"
431634.359155,3000,a28e3970-da86-45fa-affc-65dcd0558159,client_3,coordinator_0,NET_TRANSFER,491.450062,39316.154953,Upload Model Weights
431634.517155,4000,d681adae-a2b4-44cd-8616-f8e1e8da12ad,coordinator_0,client_4,NET_TRANSFER,0.000100,0.158000,Signal: Cache Miss / Request Weights
475386.516275,4000,d681adae-a2b4-44cd-8616-f8e1e8da12ad,client_4,coordinator_0,NET_TRANSFER,546.898114,43751.999120,Upload Model Weights
475386.674275,4001,67082293-a0a0-42d4-8cf9-d0ef7b49af34,client_4,coordinator_0,NET_TRANSFER,0.000100,0.158000,Request Model ID
475386.832275,5001,8f8d56cf-a64d-4894-ad63-cc75da090995,client_5,coordinator_0,NET_TRANSFER,0.000100,0.158000,Request Model ID
475386.990275,6001,3c75fe70-4ef7-47df-ba06-905342d3e385,client_6,coordinator_0,NET_TRANSFER,0.000100,0.158000,Request Model ID
475387.148275,6001,c63195df-94aa-4094-99e3-c6a0cd83a683,client_6,coordinator_0,NET_TRANSFER,0.000100,0.158000,Request Model ID
475387.306275,7001,67082293-a0a0-42d4-8cf9-d0ef7b49af34,client_7,coordinator_0,NET_TRANSFER,0.000100,0.158000,Request Model ID
475387.464275,7001,6724fe5b-01f4-4d88-8014-0377674aee20,client_7,coordinator_0,NET_TRANSFER,0.000100,0.158000,Request Model ID
475387.622275,8001,d681adae-a2b4-44cd-8616-f8e1e8da12ad,client_8,coordinator_0,NET_TRANSFER,0.000100,0.158000,Request Model ID
475387.780275,8001,a28e3970-da86-45fa-affc-65dcd0558159,client_8,coordinator_0,NET_TRANSFER,0.000100,0.158000,Request Model ID
475387.938275,6000,6866045f-7c20-413e-969a-49cc562754e6,coordinator_0,client_6,NET_TRANSFER,0.000100,0.158000,Signal: Cache Miss / Request Weights
512763.836101,6000,6866045f-7c20-413e-969a-49cc562754e6,client_6,coordinator_0,NET_TRANSFER,467.196848,37375.897826,Upload Model Weights
512763.994101,2000,87805db1-7116-4cbf-abf5-3bf14bbef0be,coordinator_0,client_2,NET_TRANSFER,0.000100,0.158000,Signal: Cache Miss / Request Weights
543396.895383,2000,87805db1-7116-4cbf-abf5-3bf14bbef0be,client_2,coordinator_0,NET_TRANSFER,382.909391,30632.901282,Upload Model Weights
581024.723750,5000,65477b2b-84c3-4061-b41d-a090a83da64f,client_5,coordinator_0,NET_TRANSFER,470.345980,37627.828367,Upload Model Weights
581024.881750,2001,5c9ce36a-2b74-4ea7-8e23-d9b1ed951ad5,client_2,coordinator_0,NET_TRANSFER,0.000100,0.158000,Request Model ID
581025.039750,9000,4e7d39e3-213c-4023-adde-abcecb3601df,coordinator_0,client_9,NET_TRANSFER,0.000100,0.158000,Signal: Cache Miss / Request Weights
614138.732670,9000,4e7d39e3-213c-4023-adde-abcecb3601df,client_9,coordinator_0,NET_TRANSFER,413.919286,33113.692919,Upload Model Weights
614138.890670,2000,90d2b33a-8379-4cfb-92e7-33e022e636c7,coordinator_0,client_2,NET_TRANSFER,0.000100,0.158000,Signal: Cache Miss / Request Weights
642458.092327,2000,90d2b33a-8379-4cfb-92e7-33e022e636c7,client_2,coordinator_0,NET_TRANSFER,353.988146,28319.201658,Upload Model Weights
642458.250327,6000,356e9b46-2a29-4c8e-bcc3-416d0c1cd704,coordinator_0,client_6,NET_TRANSFER,0.000100,0.158000,Signal: Cache Miss / Request Weights
668470.551219,6000,356e9b46-2a29-4c8e-bcc3-416d0c1cd704,client_6,coordinator_0,NET_TRANSFER,325.151886,26012.300891,Upload Model Weights
668470.709219,9001,a79d6eab-63d5-456d-acd6-efea895af322,client_9,coordinator_0,NET_TRANSFER,0.000100,0.158000,Request Model ID
668470.867219,8000,4f4ec27a-26d2-47e6-ad9b-bb575c60b698,coordinator_0,client_8,NET_TRANSFER,0.000100,0.158000,Signal: Cache Miss / Request Weights
698124.311098,8000,4f4ec27a-26d2-47e6-ad9b-bb575c60b698,client_8,coordinator_0,NET_TRANSFER,370.666173,29653.443880,Upload Model Weights
698124.469098,4001,bd0c7555-7508-4f24-995f-8f7876638404,client_4,coordinator_0,NET_TRANSFER,0.000100,0.158000,Request Model ID
698124.627098,9001,a79d6eab-63d5-456d-acd6-efea895af322,client_9,coordinator_0,NET_TRANSFER,0.000100,0.158000,Request Model ID
698124.785098,7000,a28e3970-da86-45fa-affc-65dcd0558159,coordinator_0,client_7,NET_TRANSFER,0.000100,0.158000,Signal: Cache Miss / Request Weights
737440.940051,7000,a28e3970-da86-45fa-affc-65dcd0558159,client_7,coordinator_0,NET_TRANSFER,491.450062,39316.154953,Upload Model Weights
737441.098051,6000,0c814a93-6f1a-40bc-a0d1-6b9e15a8bc47,coordinator_0,client_6,NET_TRANSFER,0.000100,0.158000,Signal: Cache Miss / Request Weights
769905.331150,6000,0c814a93-6f1a-40bc-a0d1-6b9e15a8bc47,client_6,coordinator_0,NET_TRANSFER,405.801039,32464.233098,Upload Model Weights
807281.228976,6000,6866045f-7c20-413e-969a-49cc562754e6,client_6,coordinator_0,NET_TRANSFER,467.196848,37375.897826,Upload Model Weights
807281.386976,5000,718ac69c-3b4b-44dd-a315-e303a3a2c9d9,coordinator_0,client_5,NET_TRANSFER,0.000100,0.158000,Signal: Cache Miss / Request Weights
839331.789314,5000,718ac69c-3b4b-44dd-a315-e303a3a2c9d9,client_5,coordinator_0,NET_TRANSFER,400.628154,32050.402338,Upload Model Weights
839331.947314,2001,c63195df-94aa-4094-99e3-c6a0cd83a683,client_2,coordinator_0,NET_TRANSFER,0.000100,0.158000,Request Model ID
839332.105314,1001,ad0d9656-07af-4c9c-9ff2-7b7ad5f3b3f2,client_1,coordinator_0,NET_TRANSFER,0.000100,0.158000,Request Model ID
839332.263314,4001,ad0d9656-07af-4c9c-9ff2-7b7ad5f3b3f2,client_4,coordinator_0,NET_TRANSFER,0.000100,0.158000,Request Model ID
839332.421314,6001,0dddaaa0-da24-40da-8039-caf51123b642,client_6,coordinator_0,NET_TRANSFER,0.000100,0.158000,Request Model ID
839332.579314,10001,c63195df-94aa-4094-99e3-c6a0cd83a683,client_10,coordinator_0,NET_TRANSFER,0.000100,0.158000,Request Model ID
839332.737314,3001,5c9ce36a-2b74-4ea7-8e23-d9b1ed951ad5,client_3,coordinator_0,NET_TRANSFER,0.000100,0.158000,Request Model ID
839332.895314,7000,e29625e7-302b-454c-89b9-d52cfcd03863,coordinator_0,client_7,NET_TRANSFER,0.000100,0.158000,Signal: Cache Miss / Request Weights
886027.721285,7000,e29625e7-302b-454c-89b9-d52cfcd03863,client_7,coordinator_0,NET_TRANSFER,583.683450,46694.825971,Upload Model Weights
886027.879285,5001,2689c22d-d78c-4127-a74c-3cc88d4cc4da,client_5,coordinator_0,NET_TRANSFER,0.000100,0.158000,Request Model ID
886028.037285,1000,c63195df-94aa-4094-99e3-c6a0cd83a683,coordinator_0,client_1,NET_TRANSFER,0.000100,0.158000,Signal: Cache Miss / Request Weights
930347.724723,1000,c63195df-94aa-4094-99e3-c6a0cd83a683,client_1,coordinator_0,NET_TRANSFER,553.994218,44319.687438,Upload Model Weights
930347.882723,1001,a28e3970-da86-45fa-affc-65dcd0558159,client_1,coordinator_0,NET_TRANSFER,0.000100,0.158000,Request Model ID
930348.040723,8000,6724fe5b-01f4-4d88-8014-0377674aee20,coordinator_0,client_8,NET_TRANSFER,0.000100,0.158000,Signal: Cache Miss / Request Weights
967225.084137,8000,6724fe5b-01f4-4d88-8014-0377674aee20,client_8,coordinator_0,NET_TRANSFER,460.961168,36877.043414,Upload Model Weights
967225.242137,3000,198397c2-b9d8-4c4d-81d6-2b0152787c94,coordinator_0,client_3,NET_TRANSFER,0.000100,0.158000,Signal: Cache Miss / Request Weights
967225.400137,3001,0dddaaa0-da24-40da-8039-caf51123b642,client_3,coordinator_0,NET_TRANSFER,0.000100,0.158000,Request Model ID
967225.558137,1000,c8b627aa-c753-4597-9919-37d80da8271e,worker_2,coordinator_0,NET_TRANSFER,0.000100,0.158000,Signal Finished
967818.303729,1000,c8b627aa-c753-4597-9919-37d80da8271e,coordinator_0,worker_3,NET_TRANSFER,7.407445,592.745592,Distribute Layer ID: d75f8bdc
967818.361599,1000,c8b627aa-c753-4597-9919-37d80da8271e,worker_3,worker_3,DISK_LOAD,7.407445,0.057871,"Disk -> RAM [Model: c8b627aa, Layer: d75f8bdc]"
967818.419470,1000,c8b627aa-c753-4597-9919-37d80da8271e,worker_3,worker_3,MEM_MOVE,7.407445,0.057871,"RAM -> VRAM [Model: c8b627aa, Layer: d75f8bdc]"
967818.469470,1000,c8b627aa-c753-4597-9919-37d80da8271e,worker_3,worker_3,GPU_COMPUTE,0.050000,0.050000,GPU Compute
967818.469470,1000,c8b627aa-c753-4597-9919-37d80da8271e,worker_3,worker_3,MEM_MOVE,0.000000,0.000000,"Wipe/Deallocate Layer from Memory [Model: c8b627aa, Layer: d75f8bdc]"
967818.627470,1000,c8b627aa-c753-4597-9919-37d80da8271e,worker_3,coordinator_0,NET_TRANSFER,0.000100,0.158000,Signal Finished
968833.008482,1000,c8b627aa-c753-4597-9919-37d80da8271e,coordinator_0,worker_4,NET_TRANSFER,12.677888,1014.381011,Distribute Layer ID: 7be58dc6
968833.107528,1000,c8b627aa-c753-4597-9919-37d80da8271e,worker_4,worker_4,DISK_LOAD,12.677888,0.099046,"Disk -> RAM [Model: c8b627aa, Layer: 7be58dc6]"
968833.206574,1000,c8b627aa-c753-4597-9919-37d80da8271e,worker_4,worker_4,MEM_MOVE,12.677888,0.099046,"RAM -> VRAM [Model: c8b627aa, Layer: 7be58dc6]"
968833.256574,1000,c8b627aa-c753-4597-9919-37d80da8271e,worker_4,worker_4,GPU_COMPUTE,0.050000,0.050000,GPU Compute
968833.256574,1000,c8b627aa-c753-4597-9919-37d80da8271e,worker_4,worker_4,MEM_MOVE,0.000000,0.000000,"Wipe/Deallocate Layer from Memory [Model: c8b627aa, Layer: 7be58dc6]"
968833.414574,1000,c8b627aa-c753-4597-9919-37d80da8271e,worker_4,coordinator_0,NET_TRANSFER,0.000100,0.158000,Signal Finished
969508.519430,1000,c8b627aa-c753-4597-9919-37d80da8271e,coordinator_0,worker_1,NET_TRANSFER,8.436936,675.104856,Distribute Layer ID: 6b9223af
969508.585343,1000,c8b627aa-c753-4597-9919-37d80da8271e,worker_1,worker_1,DISK_LOAD,8.436936,0.065914,"Disk -> RAM [Model: c8b627aa, Layer: 6b9223af]"
969508.651257,1000,c8b627aa-c753-4597-9919-37d80da8271e,worker_1,worker_1,MEM_MOVE,8.436936,0.065914,"RAM -> VRAM [Model: c8b627aa, Layer: 6b9223af]"
969508.701257,1000,c8b627aa-c753-4597-9919-37d80da8271e,worker_1,worker_1,GPU_COMPUTE,0.050000,0.050000,GPU Compute
1008161.924147,3000,198397c2-b9d8-4c4d-81d6-2b0152787c94,client_3,coordinator_0,NET_TRANSFER,483.163411,38653.222891,Upload Model Weights
1008162.082147,5000,6724fe5b-01f4-4d88-8014-0377674aee20,coordinator_0,client_5,NET_TRANSFER,0.000100,0.158000,Signal: Cache Miss / Request Weights
1045039.125562,5000,6724fe5b-01f4-4d88-8014-0377674aee20,client_5,coordinator_0,NET_TRANSFER,460.961168,36877.043414,Upload Model Weights
1045039.125562,1000,c8b627aa-c753-4597-9919-37d80da8271e,worker_1,worker_1,MEM_MOVE,0.000000,0.000000,"Wipe/Deallocate Layer from Memory [Model: c8b627aa, Layer: 6b9223af]"
1045039.283562,7001,54f520b0-39a9-4b3f-8c68-ef80c338608e,client_7,coordinator_0,NET_TRANSFER,0.000100,0.158000,Request Model ID
1045039.441562,8001,4f4ec27a-26d2-47e6-ad9b-bb575c60b698,client_8,coordinator_0,NET_TRANSFER,0.000100,0.158000,Request Model ID
1045039.599562,1000,c8b627aa-c753-4597-9919-37d80da8271e,worker_1,coordinator_0,NET_TRANSFER,0.000100,0.158000,Signal Finished
1045688.685994,1000,c8b627aa-c753-4597-9919-37d80da8271e,coordinator_0,worker_2,NET_TRANSFER,8.111705,649.086433,Distribute Layer ID: 49f66409
1045688.749367,1000,c8b627aa-c753-4597-9919-37d80da8271e,worker_2,worker_2,DISK_LOAD,8.111705,0.063373,"Disk -> RAM [Model: c8b627aa, Layer: 49f66409]"
1045688.812740,1000,c8b627aa-c753-4597-9919-37d80da8271e,worker_2,worker_2,MEM_MOVE,8.111705,0.063373,"RAM -> VRAM [Model: c8b627aa, Layer: 49f66409]"
1045688.862740,1000,c8b627aa-c753-4597-9919-37d80da8271e,worker_2,worker_2,GPU_COMPUTE,0.050000,0.050000,GPU Compute
1045688.862740,1000,c8b627aa-c753-4597-9919-37d80da8271e,worker_2,worker_2,MEM_MOVE,0.000000,0.000000,"Wipe/Deallocate Layer from Memory [Model: c8b627aa, Layer: 49f66409]"
1045689.020740,10000,839eec0a-12fb-43ce-9546-c6fcdd350ddf,coordinator_0,client_10,NET_TRANSFER,0.000100,0.158000,Signal: Cache Miss / Request Weights
1045689.178740,1000,c8b627aa-c753-4597-9919-37d80da8271e,worker_2,coordinator_0,NET_TRANSFER,0.000100,0.158000,Signal Finished
1045689.336740,4001,a28e3970-da86-45fa-affc-65dcd0558159,client_4,coordinator_0,NET_TRANSFER,0.000100,0.158000,Request Model ID
1046575.377334,1000,c8b627aa-c753-4597-9919-37d80da8271e,coordinator_0,worker_3,NET_TRANSFER,11.073632,886.040594,Distribute Layer ID: c6d38501
1046575.463847,1000,c8b627aa-c753-4597-9919-37d80da8271e,worker_3,worker_3,DISK_LOAD,11.073632,0.086513,"Disk -> RAM [Model: c8b627aa, Layer: c6d38501]"
1046575.550360,1000,c8b627aa-c753-4597-9919-37d80da8271e,worker_3,worker_3,MEM_MOVE,11.073632,0.086513,"RAM -> VRAM [Model: c8b627aa, Layer: c6d38501]"
1046575.600360,1000,c8b627aa-c753-4597-9919-37d80da8271e,worker_3,worker_3,GPU_COMPUTE,0.050000,0.050000,GPU Compute
1046575.600360,1000,c8b627aa-c753-4597-9919-37d80da8271e,worker_3,worker_3,MEM_MOVE,0.000000,0.000000,"Wipe/Deallocate Layer from Memory [Model: c8b627aa, Layer: c6d38501]"
1046575.758360,3000,8f8d56cf-a64d-4894-ad63-cc75da090995,coordinator_0,client_3,NET_TRANSFER,0.000100,0.158000,Signal: Cache Miss / Request Weights
1085492.319103,3000,8f8d56cf-a64d-4894-ad63-cc75da090995,client_3,coordinator_0,NET_TRANSFER,486.455134,38916.560743,Upload Model Weights
1111683.475488,10000,839eec0a-12fb-43ce-9546-c6fcdd350ddf,client_10,coordinator_0,NET_TRANSFER,327.387580,26191.156385,Upload Model Weights
1111683.633488,1001,6724fe5b-01f4-4d88-8014-0377674aee20,client_1,coordinator_0,NET_TRANSFER,0.000100,0.158000,Request Model ID
1111683.791488,10001,8f8d56cf-a64d-4894-ad63-cc75da090995,client_10,coordinator_0,NET_TRANSFER,0.000100,0.158000,Request Model ID
1111683.949488,2001,44e412ff-afaa-496f-ab7e-5bab5d820734,client_2,coordinator_0,NET_TRANSFER,0.000100,0.158000,Request Model ID
1111684.107488,2001,3c75fe70-4ef7-47df-ba06-905342d3e385,client_2,coordinator_0,NET_TRANSFER,0.000100,0.158000,Request Model ID
1111684.265488,3001,54f520b0-39a9-4b3f-8c68-ef80c338608e,client_3,coordinator_0,NET_TRANSFER,0.000100,0.158000,Request Model ID
1111684.423488,1000,c8b627aa-c753-4597-9919-37d80da8271e,worker_3,coordinator_0,NET_TRANSFER,0.000100,0.158000,Signal Finished
1112614.257081,1000,c8b627aa-c753-4597-9919-37d80da8271e,coordinator_0,worker_4,NET_TRANSFER,11.621045,929.833593,Distribute Layer ID: 407b3dc6
1112614.347871,1000,c8b627aa-c753-4597-9919-37d80da8271e,worker_4,worker_4,DISK_LOAD,11.621045,0.090789,"Disk -> RAM [Model: c8b627aa, Layer: 407b3dc6]"
1112614.438660,1000,c8b627aa-c753-4597-9919-37d80da8271e,worker_4,worker_4,MEM_MOVE,11.621045,0.090789,"RAM -> VRAM [Model: c8b627aa, Layer: 407b3dc6]"
1112614.488660,1000,c8b627aa-c753-4597-9919-37d80da8271e,worker_4,worker_4,GPU_COMPUTE,0.050000,0.050000,GPU Compute
1112614.488660,1000,c8b627aa-c753-4597-9919-37d80da8271e,worker_4,worker_4,MEM_MOVE,0.000000,0.000000,"Wipe/Deallocate Layer from Memory [Model: c8b627aa, Layer: 407b3dc6]"
1112614.646660,1000,c8b627aa-c753-4597-9919-37d80da8271e,worker_4,coordinator_0,NET_TRANSFER,0.000100,0.158000,Signal Finished
1113265.544991,1000,c8b627aa-c753-4597-9919-37d80da8271e,coordinator_0,worker_1,NET_TRANSFER,8.134354,650.898331,Distribute Layer ID: 377b5a52
1113265.608541,1000,c8b627aa-c753-4597-9919-37d80da8271e,worker_1,worker_1,DISK_LOAD,8.134354,0.063550,"Disk -> RAM [Model: c8b627aa, Layer: 377b5a52]"
1113265.672090,1000,c8b627aa-c753-4597-9919-37d80da8271e,worker_1,worker_1,MEM_MOVE,8.134354,0.063550,"RAM -> VRAM [Model: c8b627aa, Layer: 377b5a52]"
1113265.722090,1000,c8b627aa-c753-4597-9919-37d80da8271e,worker_1,worker_1,GPU_COMPUTE,0.050000,0.050000,GPU Compute
1113265.722090,1000,c8b627aa-c753-4597-9919-37d80da8271e,worker_1,worker_1,MEM_MOVE,0.000000,0.000000,"Wipe/Deallocate Layer from Memory [Model: c8b627aa, Layer: 377b5a52]"
1113265.880090,1000,c8b627aa-c753-4597-9919-37d80da8271e,worker_1,coordinator_0,NET_TRANSFER,0.000100,0.158000,Signal Finished
1114337.453161,1000,c8b627aa-c753-4597-9919-37d80da8271e,coordinator_0,worker_2,NET_TRANSFER,13.392788,1071.573071,Distribute Layer ID: 706ee135
1114337.557792,1000,c8b627aa-c753-4597-9919-37d80da8271e,worker_2,worker_2,DISK_LOAD,13.392788,0.104631,"Disk -> RAM [Model: c8b627aa, Layer: 706ee135]"
1114337.662424,1000,c8b627aa-c753-4597-9919-37d80da8271e,worker_2,worker_2,MEM_MOVE,13.392788,0.104631,"RAM -> VRAM [Model: c8b627aa, Layer: 706ee135]"
1114337.712424,1000,c8b627aa-c753-4597-9919-37d80da8271e,worker_2,worker_2,GPU_COMPUTE,0.050000,0.050000,GPU Compute
1114337.712424,1000,c8b627aa-c753-4597-9919-37d80da8271e,worker_2,worker_2,MEM_MOVE,0.000000,0.000000,"Wipe/Deallocate Layer from Memory [Model: c8b627aa, Layer: 706ee135]"
1114337.870424,1000,c8b627aa-c753-4597-9919-37d80da8271e,worker_2,coordinator_0,NET_TRANSFER,0.000100,0.158000,Signal Finished
1115187.921137,1000,c8b627aa-c753-4597-9919-37d80da8271e,coordinator_0,worker_3,NET_TRANSFER,10.623759,850.050713,Distribute Layer ID: ede8b553
1115188.004135,1000,c8b627aa-c753-4597-9919-37d80da8271e,worker_3,worker_3,DISK_LOAD,10.623759,0.082998,"Disk -> RAM [Model: c8b627aa, Layer: ede8b553]"
1115188.087133,1000,c8b627aa-c753-4597-9919-37d80da8271e,worker_3,worker_3,MEM_MOVE,10.623759,0.082998,"RAM -> VRAM [Model: c8b627aa, Layer: ede8b553]"
1115188.137133,1000,c8b627aa-c753-4597-9919-37d80da8271e,worker_3,worker_3,GPU_COMPUTE,0.050000,0.050000,GPU Compute
1115188.137133,1000,c8b627aa-c753-4597-9919-37d80da8271e,worker_3,worker_3,MEM_MOVE,0.000000,0.000000,"Wipe/Deallocate Layer from Memory [Model: c8b627aa, Layer: ede8b553]"
1115188.295133,1000,c8b627aa-c753-4597-9919-37d80da8271e,worker_3,coordinator_0,NET_TRANSFER,0.000100,0.158000,Signal Finished
1115855.450703,1000,c8b627aa-c753-4597-9919-37d80da8271e,coordinator_0,worker_4,NET_TRANSFER,8.337570,667.155570,Distribute Layer ID: fb281b6c
1115855.515840,1000,c8b627aa-c753-4597-9919-37d80da8271e,worker_4,worker_4,DISK_LOAD,8.337570,0.065137,"Disk -> RAM [Model: c8b627aa, Layer: fb281b6c]"
1115855.580977,1000,c8b627aa-c753-4597-9919-37d80da8271e,worker_4,worker_4,MEM_MOVE,8.337570,0.065137,"RAM -> VRAM [Model: c8b627aa, Layer: fb281b6c]"
1115855.630977,1000,c8b627aa-c753-4597-9919-37d80da8271e,worker_4,worker_4,GPU_COMPUTE,0.050000,0.050000,GPU Compute
1115855.630977,1000,c8b627aa-c753-4597-9919-37d80da8271e,worker_4,worker_4,MEM_MOVE,0.000000,0.000000,"Wipe/Deallocate Layer from Memory [Model: c8b627aa, Layer: fb281b6c]"
1115855.788977,1000,c8b627aa-c753-4597-9919-37d80da8271e,worker_4,coordinator_0,NET_TRANSFER,0.000100,0.158000,Signal Finished
1116457.855201,1000,c8b627aa-c753-4597-9919-37d80da8271e,coordinator_0,worker_1,NET_TRANSFER,7.523953,602.066224,Distribute Layer ID: 92952b47
1116457.913982,1000,c8b627aa-c753-4597-9919-37d80da8271e,worker_1,worker_1,DISK_LOAD,7.523953,0.058781,"Disk -> RAM [Model: c8b627aa, Layer: 92952b47]"
1116457.972763,1000,c8b627aa-c753-4597-9919-37d80da8271e,worker_1,worker_1,MEM_MOVE,7.523953,0.058781,"RAM -> VRAM [Model: c8b627aa, Layer: 92952b47]"
1116458.022763,1000,c8b627aa-c753-4597-9919-37d80da8271e,worker_1,worker_1,GPU_COMPUTE,0.050000,0.050000,GPU Compute
1116458.022763,1000,c8b627aa-c753-4597-9919-37d80da8271e,worker_1,worker_1,MEM_MOVE,0.000000,0.000000,"Wipe/Deallocate Layer from Memory [Model: c8b627aa, Layer: 92952b47]"
1116458.180763,1000,c8b627aa-c753-4597-9919-37d80da8271e,worker_1,coordinator_0,NET_TRANSFER,0.000100,0.158000,Signal Finished
1117056.905786,1000,c8b627aa-c753-4597-9919-37d80da8271e,coordinator_0,worker_2,NET_TRANSFER,7.482188,598.725023,Distribute Layer ID: 09cff387
1117056.964241,1000,c8b627aa-c753-4597-9919-37d80da8271e,worker_2,worker_2,DISK_LOAD,7.482188,0.058455,"Disk -> RAM [Model: c8b627aa, Layer: 09cff387]"
1117057.022695,1000,c8b627aa-c753-4597-9919-37d80da8271e,worker_2,worker_2,MEM_MOVE,7.482188,0.058455,"RAM -> VRAM [Model: c8b627aa, Layer: 09cff387]"
1117057.072695,1000,c8b627aa-c753-4597-9919-37d80da8271e,worker_2,worker_2,GPU_COMPUTE,0.050000,0.050000,GPU Compute
1117057.072695,1000,c8b627aa-c753-4597-9919-37d80da8271e,worker_2,worker_2,MEM_MOVE,0.000000,0.000000,"Wipe/Deallocate Layer from Memory [Model: c8b627aa, Layer: 09cff387]"
1117057.230695,1000,c8b627aa-c753-4597-9919-37d80da8271e,worker_2,coordinator_0,NET_TRANSFER,0.000100,0.158000,Signal Finished
1117573.457551,1000,c8b627aa-c753-4597-9919-37d80da8271e,coordinator_0,worker_3,NET_TRANSFER,6.450961,516.226856,Distribute Layer ID: e8723480
1117573.615551,8002,44e412ff-afaa-496f-ab7e-5bab5d820734,client_8,coordinator_0,NET_TRANSFER,0.000100,0.158000,Request Model ID
1117573.665949,1000,c8b627aa-c753-4597-9919-37d80da8271e,worker_3,worker_3,DISK_LOAD,6.450961,0.050398,"Disk -> RAM [Model: c8b627aa, Layer: e8723480]"
1117573.716347,1000,c8b627aa-c753-4597-9919-37d80da8271e,worker_3,worker_3,MEM_MOVE,6.450961,0.050398,"RAM -> VRAM [Model: c8b627aa, Layer: e8723480]"
1117573.766347,1000,c8b627aa-c753-4597-9919-37d80da8271e,worker_3,worker_3,GPU_COMPUTE,0.050000,0.050000,GPU Compute
1117573.766347,1000,c8b627aa-c753-4597-9919-37d80da8271e,worker_3,worker_3,MEM_MOVE,0.000000,0.000000,"Wipe/Deallocate Layer from Memory [Model: c8b627aa, Layer: e8723480]"
1117573.924347,10002,0c814a93-6f1a-40bc-a0d1-6b9e15a8bc47,client_10,coordinator_0,NET_TRANSFER,0.000100,0.158000,Request Model ID
1117574.082347,2002,356e9b46-2a29-4c8e-bcc3-416d0c1cd704,client_2,coordinator_0,NET_TRANSFER,0.000100,0.158000,Request Model ID
1117574.240347,1000,c8b627aa-c753-4597-9919-37d80da8271e,worker_3,coordinator_0,NET_TRANSFER,0.000100,0.158000,Signal Finished
1117574.398347,3002,6866045f-7c20-413e-969a-49cc562754e6,client_3,coordinator_0,NET_TRANSFER,0.000100,0.158000,Request Model ID
1118449.236555,1000,c8b627aa-c753-4597-9919-37d80da8271e,coordinator_0,worker_4,NET_TRANSFER,10.933603,874.838207,Distribute Layer ID: c7fe04f2
1118449.394555,6002,54f520b0-39a9-4b3f-8c68-ef80c338608e,client_6,coordinator_0,NET_TRANSFER,0.000100,0.158000,Request Model ID
1118449.552555,7002,c63195df-94aa-4094-99e3-c6a0cd83a683,client_7,coordinator_0,NET_TRANSFER,0.000100,0.158000,Request Model ID
1118449.710555,8002,839eec0a-12fb-43ce-9546-c6fcdd350ddf,client_8,coordinator_0,NET_TRANSFER,0.000100,0.158000,Request Model ID
1118449.868555,8002,5c9ce36a-2b74-4ea7-8e23-d9b1ed951ad5,client_8,coordinator_0,NET_TRANSFER,0.000100,0.158000,Request Model ID
1118450.026555,8002,44e412ff-afaa-496f-ab7e-5bab5d820734,client_8,coordinator_0,NET_TRANSFER,0.000100,0.158000,Request Model ID
1118450.184555,9002,2689c22d-d78c-4127-a74c-3cc88d4cc4da,client_9,coordinator_0,NET_TRANSFER,0.000100,0.158000,Request Model ID
1118450.269974,1000,c8b627aa-c753-4597-9919-37d80da8271e,worker_4,worker_4,DISK_LOAD,10.933603,0.085419,"Disk -> RAM [Model: c8b627aa, Layer: c7fe04f2]"
1118450.355392,1000,c8b627aa-c753-4597-9919-37d80da8271e,worker_4,worker_4,MEM_MOVE,10.933603,0.085419,"RAM -> VRAM [Model: c8b627aa, Layer: c7fe04f2]"
1118450.405392,1000,c8b627aa-c753-4597-9919-37d80da8271e,worker_4,worker_4,GPU_COMPUTE,0.050000,0.050000,GPU Compute
1118450.405392,1000,c8b627aa-c753-4597-9919-37d80da8271e,worker_4,worker_4,MEM_MOVE,0.000000,0.000000,"Wipe/Deallocate Layer from Memory [Model: c8b627aa, Layer: c7fe04f2]"
1118450.563392,1000,c8b627aa-c753-4597-9919-37d80da8271e,worker_4,coordinator_0,NET_TRANSFER,0.000100,0.158000,Signal Finished
1119465.048370,1000,c8b627aa-c753-4597-9919-37d80da8271e,coordinator_0,worker_1,NET_TRANSFER,12.679187,1014.484978,Distribute Layer ID: e610084b
1119465.147427,1000,c8b627aa-c753-4597-9919-37d80da8271e,worker_1,worker_1,DISK_LOAD,12.679187,0.099056,"Disk -> RAM [Model: c8b627aa, Layer: e610084b]"
1119465.246483,1000,c8b627aa-c753-4597-9919-37d80da8271e,worker_1,worker_1,MEM_MOVE,12.679187,0.099056,"RAM -> VRAM [Model: c8b627aa, Layer: e610084b]"
1119465.296483,1000,c8b627aa-c753-4597-9919-37d80da8271e,worker_1,worker_1,GPU_COMPUTE,0.050000,0.050000,GPU Compute
1119465.296483,1000,c8b627aa-c753-4597-9919-37d80da8271e,worker_1,worker_1,MEM_MOVE,0.000000,0.000000,"Wipe/Deallocate Layer from Memory [Model: c8b627aa, Layer: e610084b]"
1119465.454483,1000,c8b627aa-c753-4597-9919-37d80da8271e,worker_1,coordinator_0,NET_TRANSFER,0.000100,0.158000,Signal Finished
1120515.064748,1000,c8b627aa-c753-4597-9919-37d80da8271e,coordinator_0,worker_2,NET_TRANSFER,13.118253,1049.610266,Distribute Layer ID: 1a956837
1120515.167235,1000,c8b627aa-c753-4597-9919-37d80da8271e,worker_2,worker_2,DISK_LOAD,13.118253,0.102486,"Disk -> RAM [Model: c8b627aa, Layer: 1a956837]"
1120515.269721,1000,c8b627aa-c753-4597-9919-37d80da8271e,worker_2,worker_2,MEM_MOVE,13.118253,0.102486,"RAM -> VRAM [Model: c8b627aa, Layer: 1a956837]"
1120515.319721,1000,c8b627aa-c753-4597-9919-37d80da8271e,worker_2,worker_2,GPU_COMPUTE,0.050000,0.050000,GPU Compute
1120515.319721,1000,c8b627aa-c753-4597-9919-37d80da8271e,worker_2,worker_2,MEM_MOVE,0.000000,0.000000,"Wipe/Deallocate Layer from Memory [Model: c8b627aa, Layer: 1a956837]"
1120515.477721,1000,c8b627aa-c753-4597-9919-37d80da8271e,worker_2,coordinator_0,NET_TRANSFER,0.000100,0.158000,Signal Finished
1120906.725237,1000,c8b627aa-c753-4597-9919-37d80da8271e,coordinator_0,worker_3,NET_TRANSFER,4.888719,391.247516,Distribute Layer ID: dd2f7e6f
1120906.763430,1000,c8b627aa-c753-4597-9919-37d80da8271e,worker_3,worker_3,DISK_LOAD,4.888719,0.038193,"Disk -> RAM [Model: c8b627aa, Layer: dd2f7e6f]"
1120906.801623,1000,c8b627aa-c753-4597-9919-37d80da8271e,worker_3,worker_3,MEM_MOVE,4.888719,0.038193,"RAM -> VRAM [Model: c8b627aa, Layer: dd2f7e6f]"
1120906.851623,1000,c8b627aa-c753-4597-9919-37d80da8271e,worker_3,worker_3,GPU_COMPUTE,0.050000,0.050000,GPU Compute
1120906.851623,1000,c8b627aa-c753-4597-9919-37d80da8271e,worker_3,worker_3,MEM_MOVE,0.000000,0.000000,"Wipe/Deallocate Layer from Memory [Model: c8b627aa, Layer: dd2f7e6f]"
1120907.009623,1000,c8b627aa-c753-4597-9919-37d80da8271e,worker_3,coordinator_0,NET_TRANSFER,0.000100,0.158000,Signal Finished
1122016.756032,1000,c8b627aa-c753-4597-9919-37d80da8271e,coordinator_0,worker_4,NET_TRANSFER,13.869955,1109.746409,Distribute Layer ID: 58ec183d
1122016.864391,1000,c8b627aa-c753-4597-9919-37d80da8271e,worker_4,worker_4,DISK_LOAD,13.869955,0.108359,"Disk -> RAM [Model: c8b627aa, Layer: 58ec183d]"
1122016.972750,1000,c8b627aa-c753-4597-9919-37d80da8271e,worker_4,worker_4,MEM_MOVE,13.869955,0.108359,"RAM -> VRAM [Model: c8b627aa, Layer: 58ec183d]"
1122017.022750,1000,c8b627aa-c753-4597-9919-37d80da8271e,worker_4,worker_4,GPU_COMPUTE,0.050000,0.050000,GPU Compute
1122017.022750,1000,c8b627aa-c753-4597-9919-37d80da8271e,worker_4,worker_4,MEM_MOVE,0.000000,0.000000,"Wipe/Deallocate Layer from Memory [Model: c8b627aa, Layer: 58ec183d]"
1122017.180750,1000,c8b627aa-c753-4597-9919-37d80da8271e,worker_4,coordinator_0,NET_TRANSFER,0.000100,0.158000,Signal Finished
1122891.302039,1000,c8b627aa-c753-4597-9919-37d80da8271e,coordinator_0,worker_1,NET_TRANSFER,10.924641,874.121289,Distribute Layer ID: 38a414db
1122891.387388,1000,c8b627aa-c753-4597-9919-37d80da8271e,worker_1,worker_1,DISK_LOAD,10.924641,0.085349,"Disk -> RAM [Model: c8b627aa, Layer: 38a414db]"
1122891.472737,1000,c8b627aa-c753-4597-9919-37d80da8271e,worker_1,worker_1,MEM_MOVE,10.924641,0.085349,"RAM -> VRAM [Model: c8b627aa, Layer: 38a414db]"
1122891.522737,1000,c8b627aa-c753-4597-9919-37d80da8271e,worker_1,worker_1,GPU_COMPUTE,0.050000,0.050000,GPU Compute
1122891.522737,1000,c8b627aa-c753-4597-9919-37d80da8271e,worker_1,worker_1,MEM_MOVE,0.000000,0.000000,"Wipe/Deallocate Layer from Memory [Model: c8b627aa, Layer: 38a414db]"
1122891.680737,1000,c8b627aa-c753-4597-9919-37d80da8271e,worker_1,coordinator_0,NET_TRANSFER,0.000100,0.158000,Signal Finished
1122891.838737,10002,c70dc14b-62de-4f8f-807e-01990637cfee,client_10,coordinator_0,NET_TRANSFER,0.000100,0.158000,Request Model ID
1123897.226413,1000,c8b627aa-c753-4597-9919-37d80da8271e,coordinator_0,worker_2,NET_TRANSFER,12.565471,1005.387677,Distribute Layer ID: 413606fb
1123897.324581,1000,c8b627aa-c753-4597-9919-37d80da8271e,worker_2,worker_2,DISK_LOAD,12.565471,0.098168,"Disk -> RAM [Model: c8b627aa, Layer: 413606fb]"
1123897.422749,1000,c8b627aa-c753-4597-9919-37d80da8271e,worker_2,worker_2,MEM_MOVE,12.565471,0.098168,"RAM -> VRAM [Model: c8b627aa, Layer: 413606fb]"
1123897.472749,1000,c8b627aa-c753-4597-9919-37d80da8271e,worker_2,worker_2,GPU_COMPUTE,0.050000,0.050000,GPU Compute
1123897.472749,1000,c8b627aa-c753-4597-9919-37d80da8271e,worker_2,worker_2,MEM_MOVE,0.000000,0.000000,"Wipe/Deallocate Layer from Memory [Model: c8b627aa, Layer: 413606fb]"
1123897.630749,1000,c8b627aa-c753-4597-9919-37d80da8271e,worker_2,coordinator_0,NET_TRANSFER,0.000100,0.158000,Signal Finished
1124701.586415,1000,c8b627aa-c753-4597-9919-37d80da8271e,coordinator_0,worker_3,NET_TRANSFER,10.047571,803.955667,Distribute Layer ID: 3031119b
1124701.664912,1000,c8b627aa-c753-4597-9919-37d80da8271e,worker_3,worker_3,DISK_LOAD,10.047571,0.078497,"Disk -> RAM [Model: c8b627aa, Layer: 3031119b]"
1124701.743409,1000,c8b627aa-c753-4597-9919-37d80da8271e,worker_3,worker_3,MEM_MOVE,10.047571,0.078497,"RAM -> VRAM [Model: c8b627aa, Layer: 3031119b]"
1124701.793409,1000,c8b627aa-c753-4597-9919-37d80da8271e,worker_3,worker_3,GPU_COMPUTE,0.050000,0.050000,GPU Compute
1124701.793409,1000,c8b627aa-c753-4597-9919-37d80da8271e,worker_3,worker_3,MEM_MOVE,0.000000,0.000000,"Wipe/Deallocate Layer from Memory [Model: c8b627aa, Layer: 3031119b]"
1124701.951409,1000,c8b627aa-c753-4597-9919-37d80da8271e,worker_3,coordinator_0,NET_TRANSFER,0.000100,0.158000,Signal Finished
1125529.130843,1000,c8b627aa-c753-4597-9919-37d80da8271e,coordinator_0,worker_4,NET_TRANSFER,10.337868,827.179434,Distribute Layer ID: 7396f1bf
1125529.211608,1000,c8b627aa-c753-4597-9919-37d80da8271e,worker_4,worker_4,DISK_LOAD,10.337868,0.080765,"Disk -> RAM [Model: c8b627aa, Layer: 7396f1bf]"
1125529.292372,1000,c8b627aa-c753-4597-9919-37d80da8271e,worker_4,worker_4,MEM_MOVE,10.337868,0.080765,"RAM -> VRAM [Model: c8b627aa, Layer: 7396f1bf]"
1125529.342372,1000,c8b627aa-c753-4597-9919-37d80da8271e,worker_4,worker_4,GPU_COMPUTE,0.050000,0.050000,GPU Compute
1125529.342372,1000,c8b627aa-c753-4597-9919-37d80da8271e,worker_4,worker_4,MEM_MOVE,0.000000,0.000000,"Wipe/Deallocate Layer from Memory [Model: c8b627aa, Layer: 7396f1bf]"
1125529.500372,1000,c8b627aa-c753-4597-9919-37d80da8271e,worker_4,coordinator_0,NET_TRANSFER,0.000100,0.158000,Signal Finished
1126455.677807,1000,c8b627aa-c753-4597-9919-37d80da8271e,coordinator_0,worker_1,NET_TRANSFER,11.575343,926.177435,Distribute Layer ID: 88544298
1126455.768239,1000,c8b627aa-c753-4597-9919-37d80da8271e,worker_1,worker_1,DISK_LOAD,11.575343,0.090432,"Disk -> RAM [Model: c8b627aa, Layer: 88544298]"
1126455.858672,1000,c8b627aa-c753-4597-9919-37d80da8271e,worker_1,worker_1,MEM_MOVE,11.575343,0.090432,"RAM -> VRAM [Model: c8b627aa, Layer: 88544298]"
1126455.908672,1000,c8b627aa-c753-4597-9919-37d80da8271e,worker_1,worker_1,GPU_COMPUTE,0.050000,0.050000,GPU Compute
1126455.908672,1000,c8b627aa-c753-4597-9919-37d80da8271e,worker_1,worker_1,MEM_MOVE,0.000000,0.000000,"Wipe/Deallocate Layer from Memory [Model: c8b627aa, Layer: 88544298]"
1126456.066672,1000,c8b627aa-c753-4597-9919-37d80da8271e,worker_1,coordinator_0,NET_TRANSFER,0.000100,0.158000,Signal Finished
1126908.785758,1000,c8b627aa-c753-4597-9919-37d80da8271e,coordinator_0,worker_2,NET_TRANSFER,5.657114,452.719086,Distribute Layer ID: 4979359d
1126908.829954,1000,c8b627aa-c753-4597-9919-37d80da8271e,worker_2,worker_2,DISK_LOAD,5.657114,0.044196,"Disk -> RAM [Model: c8b627aa, Layer: 4979359d]"
1126908.874150,1000,c8b627aa-c753-4597-9919-37d80da8271e,worker_2,worker_2,MEM_MOVE,5.657114,0.044196,"RAM -> VRAM [Model: c8b627aa, Layer: 4979359d]"
1126908.924150,1000,c8b627aa-c753-4597-9919-37d80da8271e,worker_2,worker_2,GPU_COMPUTE,0.050000,0.050000,GPU Compute
1126908.924150,1000,c8b627aa-c753-4597-9919-37d80da8271e,worker_2,worker_2,MEM_MOVE,0.000000,0.000000,"Wipe/Deallocate Layer from Memory [Model: c8b627aa, Layer: 4979359d]"
1126909.082150,1000,c8b627aa-c753-4597-9919-37d80da8271e,worker_2,coordinator_0,NET_TRANSFER,0.000100,0.158000,Signal Finished
1127831.258887,1000,c8b627aa-c753-4597-9919-37d80da8271e,coordinator_0,worker_3,NET_TRANSFER,11.525334,922.176737,Distribute Layer ID: 956a96c6
1127831.348929,1000,c8b627aa-c753-4597-9919-37d80da8271e,worker_3,worker_3,DISK_LOAD,11.525334,0.090042,"Disk -> RAM [Model: c8b627aa, Layer: 956a96c6]"
1127831.438971,1000,c8b627aa-c753-4597-9919-37d80da8271e,worker_3,worker_3,MEM_MOVE,11.525334,0.090042,"RAM -> VRAM [Model: c8b627aa, Layer: 956a96c6]"
1127831.488971,1000,c8b627aa-c753-4597-9919-37d80da8271e,worker_3,worker_3,GPU_COMPUTE,0.050000,0.050000,GPU Compute
1127831.488971,1000,c8b627aa-c753-4597-9919-37d80da8271e,worker_3,worker_3,MEM_MOVE,0.000000,0.000000,"Wipe/Deallocate Layer from Memory [Model: c8b627aa, Layer: 956a96c6]"
1127831.646971,1000,c8b627aa-c753-4597-9919-37d80da8271e,worker_3,coordinator_0,NET_TRANSFER,0.000100,0.158000,Signal Finished
1128855.955294,1000,c8b627aa-c753-4597-9919-37d80da8271e,coordinator_0,worker_4,NET_TRANSFER,12.801979,1024.308324,Distribute Layer ID: ff10270a
1128856.055310,1000,c8b627aa-c753-4597-9919-37d80da8271e,worker_4,worker_4,DISK_LOAD,12.801979,0.100015,"Disk -> RAM [Model: c8b627aa, Layer: ff10270a]"
1128856.155325,1000,c8b627aa-c753-4597-9919-37d80da8271e,worker_4,worker_4,MEM_MOVE,12.801979,0.100015,"RAM -> VRAM [Model: c8b627aa, Layer: ff10270a]"
1128856.205325,1000,c8b627aa-c753-4597-9919-37d80da8271e,worker_4,worker_4,GPU_COMPUTE,0.050000,0.050000,GPU Compute
1128856.205325,1000,c8b627aa-c753-4597-9919-37d80da8271e,worker_4,worker_4,MEM_MOVE,0.000000,0.000000,"Wipe/Deallocate Layer from Memory [Model: c8b627aa, Layer: ff10270a]"
1128856.363325,1000,c8b627aa-c753-4597-9919-37d80da8271e,worker_4,coordinator_0,NET_TRANSFER,0.000100,0.158000,Signal Finished
1129361.272648,1000,c8b627aa-c753-4597-9919-37d80da8271e,coordinator_0,worker_1,NET_TRANSFER,6.309492,504.909323,Distribute Layer ID: 31301c84
1129361.321941,1000,c8b627aa-c753-4597-9919-37d80da8271e,worker_1,worker_1,DISK_LOAD,6.309492,0.049293,"Disk -> RAM [Model: c8b627aa, Layer: 31301c84]"
1129361.371234,1000,c8b627aa-c753-4597-9919-37d80da8271e,worker_1,worker_1,MEM_MOVE,6.309492,0.049293,"RAM -> VRAM [Model: c8b627aa, Layer: 31301c84]"
1129361.421234,1000,c8b627aa-c753-4597-9919-37d80da8271e,worker_1,worker_1,GPU_COMPUTE,0.050000,0.050000,GPU Compute
1129361.421234,1000,c8b627aa-c753-4597-9919-37d80da8271e,worker_1,worker_1,MEM_MOVE,0.000000,0.000000,"Wipe/Deallocate Layer from Memory [Model: c8b627aa, Layer: 31301c84]"
1129361.579234,1000,c8b627aa-c753-4597-9919-37d80da8271e,worker_1,coordinator_0,NET_TRANSFER,0.000100,0.158000,Signal Finished
1130366.344335,1000,c8b627aa-c753-4597-9919-37d80da8271e,coordinator_0,worker_2,NET_TRANSFER,12.557689,1004.765101,Distribute Layer ID: 644c6286
1130366.442442,1000,c8b627aa-c753-4597-9919-37d80da8271e,worker_2,worker_2,DISK_LOAD,12.557689,0.098107,"Disk -> RAM [Model: c8b627aa, Layer: 644c6286]"
1130366.540549,1000,c8b627aa-c753-4597-9919-37d80da8271e,worker_2,worker_2,MEM_MOVE,12.557689,0.098107,"RAM -> VRAM [Model: c8b627aa, Layer: 644c6286]"
1130366.590549,1000,c8b627aa-c753-4597-9919-37d80da8271e,worker_2,worker_2,GPU_COMPUTE,0.050000,0.050000,GPU Compute
1130366.590549,1000,c8b627aa-c753-4597-9919-37d80da8271e,worker_2,worker_2,MEM_MOVE,0.000000,0.000000,"Wipe/Deallocate Layer from Memory [Model: c8b627aa, Layer: 644c6286]"
1130366.748549,1000,c8b627aa-c753-4597-9919-37d80da8271e,worker_2,coordinator_0,NET_TRANSFER,0.000100,0.158000,Signal Finished
1131481.465730,1000,c8b627aa-c753-4597-9919-37d80da8271e,coordinator_0,worker_3,NET_TRANSFER,13.932090,1114.717181,Distribute Layer ID: f54c7b0a
1131481.574575,1000,c8b627aa-c753-4597-9919-37d80da8271e,worker_3,worker_3,DISK_LOAD,13.932090,0.108844,"Disk -> RAM [Model: c8b627aa, Layer: f54c7b0a]"
1131481.683419,1000,c8b627aa-c753-4597-9919-37d80da8271e,worker_3,worker_3,MEM_MOVE,13.932090,0.108844,"RAM -> VRAM [Model: c8b627aa, Layer: f54c7b0a]"
1131481.733419,1000,c8b627aa-c753-4597-9919-37d80da8271e,worker_3,worker_3,GPU_COMPUTE,0.050000,0.050000,GPU Compute
1131481.733419,1000,c8b627aa-c753-4597-9919-37d80da8271e,worker_3,worker_3,MEM_MOVE,0.000000,0.000000,"Wipe/Deallocate Layer from Memory [Model: c8b627aa, Layer: f54c7b0a]"
1131481.891419,1000,c8b627aa-c753-4597-9919-37d80da8271e,worker_3,coordinator_0,NET_TRANSFER,0.000100,0.158000,Signal Finished
1132120.346518,1000,c8b627aa-c753-4597-9919-37d80da8271e,coordinator_0,worker_4,NET_TRANSFER,7.978814,638.455099,Distribute Layer ID: 603fe0be
1132120.408852,1000,c8b627aa-c753-4597-9919-37d80da8271e,worker_4,worker_4,DISK_LOAD,7.978814,0.062334,"Disk -> RAM [Model: c8b627aa, Layer: 603fe0be]"
1132120.471187,1000,c8b627aa-c753-4597-9919-37d80da8271e,worker_4,worker_4,MEM_MOVE,7.978814,0.062334,"RAM -> VRAM [Model: c8b627aa, Layer: 603fe0be]"
1132120.521187,1000,c8b627aa-c753-4597-9919-37d80da8271e,worker_4,worker_4,GPU_COMPUTE,0.050000,0.050000,GPU Compute
1132120.521187,1000,c8b627aa-c753-4597-9919-37d80da8271e,worker_4,worker_4,MEM_MOVE,0.000000,0.000000,"Wipe/Deallocate Layer from Memory [Model: c8b627aa, Layer: 603fe0be]"
1132120.679187,1000,c8b627aa-c753-4597-9919-37d80da8271e,worker_4,coordinator_0,NET_TRANSFER,0.000100,0.158000,Signal Finished
1133163.125871,1000,c8b627aa-c753-4597-9919-37d80da8271e,coordinator_0,worker_1,NET_TRANSFER,13.028709,1042.446684,Distribute Layer ID: f91562c1
1133163.227658,1000,c8b627aa-c753-4597-9919-37d80da8271e,worker_1,worker_1,DISK_LOAD,13.028709,0.101787,"Disk -> RAM [Model: c8b627aa, Layer: f91562c1]"
1133163.329445,1000,c8b627aa-c753-4597-9919-37d80da8271e,worker_1,worker_1,MEM_MOVE,13.028709,0.101787,"RAM -> VRAM [Model: c8b627aa, Layer: f91562c1]"
1133163.379445,1000,c8b627aa-c753-4597-9919-37d80da8271e,worker_1,worker_1,GPU_COMPUTE,0.050000,0.050000,GPU Compute
1133163.379445,1000,c8b627aa-c753-4597-9919-37d80da8271e,worker_1,worker_1,MEM_MOVE,0.000000,0.000000,"Wipe/Deallocate Layer from Memory [Model: c8b627aa, Layer: f91562c1]"
1133163.537445,1000,c8b627aa-c753-4597-9919-37d80da8271e,worker_1,coordinator_0,NET_TRANSFER,0.000100,0.158000,Signal Finished
1134158.134338,1000,c8b627aa-c753-4597-9919-37d80da8271e,coordinator_0,worker_2,NET_TRANSFER,12.430586,994.596893,Distribute Layer ID: 4825a4b9
1134158.231452,1000,c8b627aa-c753-4597-9919-37d80da8271e,worker_2,worker_2,DISK_LOAD,12.430586,0.097114,"Disk -> RAM [Model: c8b627aa, Layer: 4825a4b9]"
1134158.328566,1000,c8b627aa-c753-4597-9919-37d80da8271e,worker_2,worker_2,MEM_MOVE,12.430586,0.097114,"RAM -> VRAM [Model: c8b627aa, Layer: 4825a4b9]"
1134158.378566,1000,c8b627aa-c753-4597-9919-37d80da8271e,worker_2,worker_2,GPU_COMPUTE,0.050000,0.050000,GPU Compute
1134158.378566,1000,c8b627aa-c753-4597-9919-37d80da8271e,worker_2,worker_2,MEM_MOVE,0.000000,0.000000,"Wipe/Deallocate Layer from Memory [Model: c8b627aa, Layer: 4825a4b9]"
1134158.536566,1000,c8b627aa-c753-4597-9919-37d80da8271e,worker_2,coordinator_0,NET_TRANSFER,0.000100,0.158000,Signal Finished
1134570.831548,1000,c8b627aa-c753-4597-9919-37d80da8271e,coordinator_0,worker_3,NET_TRANSFER,5.151812,412.294983,Distribute Layer ID: 72f79aa7
1134570.871797,1000,c8b627aa-c753-4597-9919-37d80da8271e,worker_3,worker_3,DISK_LOAD,5.151812,0.040249,"Disk -> RAM [Model: c8b627aa, Layer: 72f79aa7]"
1134570.912045,1000,c8b627aa-c753-4597-9919-37d80da8271e,worker_3,worker_3,MEM_MOVE,5.151812,0.040249,"RAM -> VRAM [Model: c8b627aa, Layer: 72f79aa7]"
1134570.962045,1000,c8b627aa-c753-4597-9919-37d80da8271e,worker_3,worker_3,GPU_COMPUTE,0.050000,0.050000,GPU Compute
1134570.962045,1000,c8b627aa-c753-4597-9919-37d80da8271e,worker_3,worker_3,MEM_MOVE,0.000000,0.000000,"Wipe/Deallocate Layer from Memory [Model: c8b627aa, Layer: 72f79aa7]"
1134571.120045,1000,c8b627aa-c753-4597-9919-37d80da8271e,worker_3,coordinator_0,NET_TRANSFER,0.000100,0.158000,Signal Finished
1135103.751370,1000,c8b627aa-c753-4597-9919-37d80da8271e,coordinator_0,worker_4,NET_TRANSFER,6.656017,532.631325,Distribute Layer ID: 167596ae
1135103.803371,1000,c8b627aa-c753-4597-9919-37d80da8271e,worker_4,worker_4,DISK_LOAD,6.656017,0.052000,"Disk -> RAM [Model: c8b627aa, Layer: 167596ae]"
1135103.855371,1000,c8b627aa-c753-4597-9919-37d80da8271e,worker_4,worker_4,MEM_MOVE,6.656017,0.052000,"RAM -> VRAM [Model: c8b627aa, Layer: 167596ae]"
1135103.905371,1000,c8b627aa-c753-4597-9919-37d80da8271e,worker_4,worker_4,GPU_COMPUTE,0.050000,0.050000,GPU Compute
1135103.905371,1000,c8b627aa-c753-4597-9919-37d80da8271e,worker_4,worker_4,MEM_MOVE,0.000000,0.000000,"Wipe/Deallocate Layer from Memory [Model: c8b627aa, Layer: 167596ae]"
1135104.063371,1000,c8b627aa-c753-4597-9919-37d80da8271e,worker_4,coordinator_0,NET_TRANSFER,0.000100,0.158000,Signal Finished
1136138.873771,1000,c8b627aa-c753-4597-9919-37d80da8271e,coordinator_0,worker_1,NET_TRANSFER,12.933255,1034.810401,Distribute Layer ID: 2cf78d85
1136138.974813,1000,c8b627aa-c753-4597-9919-37d80da8271e,worker_1,worker_1,DISK_LOAD,12.933255,0.101041,"Disk -> RAM [Model: c8b627aa, Layer: 2cf78d85]"
1136139.075854,1000,c8b627aa-c753-4597-9919-37d80da8271e,worker_1,worker_1,MEM_MOVE,12.933255,0.101041,"RAM -> VRAM [Model: c8b627aa, Layer: 2cf78d85]"
1136139.125854,1000,c8b627aa-c753-4597-9919-37d80da8271e,worker_1,worker_1,GPU_COMPUTE,0.050000,0.050000,GPU Compute
1136139.125854,1000,c8b627aa-c753-4597-9919-37d80da8271e,worker_1,worker_1,MEM_MOVE,0.000000,0.000000,"Wipe/Deallocate Layer from Memory [Model: c8b627aa, Layer: 2cf78d85]"
1136139.283854,1000,c8b627aa-c753-4597-9919-37d80da8271e,worker_1,coordinator_0,NET_TRANSFER,0.000100,0.158000,Signal Finished
1137179.071778,1000,c8b627aa-c753-4597-9919-37d80da8271e,coordinator_0,worker_2,NET_TRANSFER,12.995474,1039.787925,Distribute Layer ID: 06d81db1
1137179.173305,1000,c8b627aa-c753-4597-9919-37d80da8271e,worker_2,worker_2,DISK_LOAD,12.995474,0.101527,"Disk -> RAM [Model: c8b627aa, Layer: 06d81db1]"
1137179.274832,1000,c8b627aa-c753-4597-9919-37d80da8271e,worker_2,worker_2,MEM_MOVE,12.995474,0.101527,"RAM -> VRAM [Model: c8b627aa, Layer: 06d81db1]"
1137179.324832,1000,c8b627aa-c753-4597-9919-37d80da8271e,worker_2,worker_2,GPU_COMPUTE,0.050000,0.050000,GPU Compute
1137179.324832,1000,c8b627aa-c753-4597-9919-37d80da8271e,worker_2,worker_2,MEM_MOVE,0.000000,0.000000,"Wipe/Deallocate Layer from Memory [Model: c8b627aa, Layer: 06d81db1]"
1137179.482832,1000,c8b627aa-c753-4597-9919-37d80da8271e,worker_2,coordinator_0,NET_TRANSFER,0.000100,0.158000,Signal Finished
1137717.656081,1000,c8b627aa-c753-4597-9919-37d80da8271e,coordinator_0,worker_3,NET_TRANSFER,6.725291,538.173249,Distribute Layer ID: 60b23397
1137717.708623,1000,c8b627aa-c753-4597-9919-37d80da8271e,worker_3,worker_3,DISK_LOAD,6.725291,0.052541,"Disk -> RAM [Model: c8b627aa, Layer: 60b23397]"
1137717.761164,1000,c8b627aa-c753-4597-9919-37d80da8271e,worker_3,worker_3,MEM_MOVE,6.725291,0.052541,"RAM -> VRAM [Model: c8b627aa, Layer: 60b23397]"
1137717.811164,1000,c8b627aa-c753-4597-9919-37d80da8271e,worker_3,worker_3,GPU_COMPUTE,0.050000,0.050000,GPU Compute
1137717.811164,1000,c8b627aa-c753-4597-9919-37d80da8271e,worker_3,worker_3,MEM_MOVE,0.000000,0.000000,"Wipe/Deallocate Layer from Memory [Model: c8b627aa, Layer: 60b23397]"
1137717.969164,1000,c8b627aa-c753-4597-9919-37d80da8271e,worker_3,coordinator_0,NET_TRANSFER,0.000100,0.158000,Signal Finished
1138749.427655,1000,c8b627aa-c753-4597-9919-37d80da8271e,coordinator_0,worker_4,NET_TRANSFER,12.891356,1031.458491,Distribute Layer ID: cd843b49
1138749.528369,1000,c8b627aa-c753-4597-9919-37d80da8271e,worker_4,worker_4,DISK_LOAD,12.891356,0.100714,"Disk -> RAM [Model: c8b627aa, Layer: cd843b49]"
1138749.629083,1000,c8b627aa-c753-4597-9919-37d80da8271e,worker_4,worker_4,MEM_MOVE,12.891356,0.100714,"RAM -> VRAM [Model: c8b627aa, Layer: cd843b49]"
1138749.679083,1000,c8b627aa-c753-4597-9919-37d80da8271e,worker_4,worker_4,GPU_COMPUTE,0.050000,0.050000,GPU Compute
1138749.679083,1000,c8b627aa-c753-4597-9919-37d80da8271e,worker_4,worker_4,MEM_MOVE,0.000000,0.000000,"Wipe/Deallocate Layer from Memory [Model: c8b627aa, Layer: cd843b49]"
1138749.837083,1002,9756b9a8-e47e-41d3-a26d-bfa827451023,client_1,coordinator_0,NET_TRANSFER,0.000100,0.158000,Request Model ID
1138749.995083,3002,c70dc14b-62de-4f8f-807e-01990637cfee,client_3,coordinator_0,NET_TRANSFER,0.000100,0.158000,Request Model ID
1138750.153083,3002,83f6b24d-e2c0-4816-aadf-23dfab68d109,client_3,coordinator_0,NET_TRANSFER,0.000100,0.158000,Request Model ID
1138750.311083,7002,6866045f-7c20-413e-969a-49cc562754e6,client_7,coordinator_0,NET_TRANSFER,0.000100,0.158000,Request Model ID
1138750.469083,7002,54f520b0-39a9-4b3f-8c68-ef80c338608e,client_7,coordinator_0,NET_TRANSFER,0.000100,0.158000,Request Model ID
1138750.627083,3002,0dddaaa0-da24-40da-8039-caf51123b642,client_3,coordinator_0,NET_TRANSFER,0.000100,0.158000,Request Model ID
1138750.785083,9002,c63195df-94aa-4094-99e3-c6a0cd83a683,client_9,coordinator_0,NET_TRANSFER,0.000100,0.158000,Request Model ID
1138750.943083,7002,e29625e7-302b-454c-89b9-d52cfcd03863,client_7,coordinator_0,NET_TRANSFER,0.000100,0.158000,Request Model ID
1138751.101083,1002,ad0d9656-07af-4c9c-9ff2-7b7ad5f3b3f2,client_1,coordinator_0,NET_TRANSFER,0.000100,0.158000,Request Model ID
1138751.259083,4002,a79d6eab-63d5-456d-acd6-efea895af322,client_4,coordinator_0,NET_TRANSFER,0.000100,0.158000,Request Model ID
1138751.417083,1002,6724fe5b-01f4-4d88-8014-0377674aee20,client_1,coordinator_0,NET_TRANSFER,0.000100,0.158000,Request Model ID
1138751.575083,5002,2689c22d-d78c-4127-a74c-3cc88d4cc4da,client_5,coordinator_0,NET_TRANSFER,0.000100,0.158000,Request Model ID
1138751.733083,5002,bd0c7555-7508-4f24-995f-8f7876638404,client_5,coordinator_0,NET_TRANSFER,0.000100,0.158000,Request Model ID
1138751.891083,6002,c63195df-94aa-4094-99e3-c6a0cd83a683,client_6,coordinator_0,NET_TRANSFER,0.000100,0.158000,Request Model ID
1138752.049083,2002,90d2b33a-8379-4cfb-92e7-33e022e636c7,client_2,coordinator_0,NET_TRANSFER,0.000100,0.158000,Request Model ID
1138752.207083,2002,4f4ec27a-26d2-47e6-ad9b-bb575c60b698,client_2,coordinator_0,NET_TRANSFER,0.000100,0.158000,Request Model ID
1138752.365083,1000,c8b627aa-c753-4597-9919-37d80da8271e,worker_4,coordinator_0,NET_TRANSFER,0.000100,0.158000,Signal Finished
1139266.900458,1000,c8b627aa-c753-4597-9919-37d80da8271e,coordinator_0,worker_1,NET_TRANSFER,6.429817,514.535376,Distribute Layer ID: aa31b399
1139266.950691,1000,c8b627aa-c753-4597-9919-37d80da8271e,worker_1,worker_1,DISK_LOAD,6.429817,0.050233,"Disk -> RAM [Model: c8b627aa, Layer: aa31b399]"
1139267.000924,1000,c8b627aa-c753-4597-9919-37d80da8271e,worker_1,worker_1,MEM_MOVE,6.429817,0.050233,"RAM -> VRAM [Model: c8b627aa, Layer: aa31b399]"
1139267.050924,1000,c8b627aa-c753-4597-9919-37d80da8271e,worker_1,worker_1,GPU_COMPUTE,0.050000,0.050000,GPU Compute
1139267.050924,1000,c8b627aa-c753-4597-9919-37d80da8271e,worker_1,worker_1,MEM_MOVE,0.000000,0.000000,"Wipe/Deallocate Layer from Memory [Model: c8b627aa, Layer: aa31b399]"
1139267.208924,1000,c8b627aa-c753-4597-9919-37d80da8271e,worker_1,coordinator_0,NET_TRANSFER,0.000100,0.158000,Signal Finished
1139797.116243,1000,c8b627aa-c753-4597-9919-37d80da8271e,coordinator_0,worker_2,NET_TRANSFER,6.621966,529.907318,Distribute Layer ID: b5d5303f
1139797.167977,1000,c8b627aa-c753-4597-9919-37d80da8271e,worker_2,worker_2,DISK_LOAD,6.621966,0.051734,"Disk -> RAM [Model: c8b627aa, Layer: b5d5303f]"
1139797.219711,1000,c8b627aa-c753-4597-9919-37d80da8271e,worker_2,worker_2,MEM_MOVE,6.621966,0.051734,"RAM -> VRAM [Model: c8b627aa, Layer: b5d5303f]"
1139797.269711,1000,c8b627aa-c753-4597-9919-37d80da8271e,worker_2,worker_2,GPU_COMPUTE,0.050000,0.050000,GPU Compute
1139797.269711,1000,c8b627aa-c753-4597-9919-37d80da8271e,worker_2,worker_2,MEM_MOVE,0.000000,0.000000,"Wipe/Deallocate Layer from Memory [Model: c8b627aa, Layer: b5d5303f]"
1139797.427711,10002,839eec0a-12fb-43ce-9546-c6fcdd350ddf,client_10,coordinator_0,NET_TRANSFER,0.000100,0.158000,Request Model ID
1139797.585711,5002,356e9b46-2a29-4c8e-bcc3-416d0c1cd704,client_5,coordinator_0,NET_TRANSFER,0.000100,0.158000,Request Model ID
1139797.743711,4002,65477b2b-84c3-4061-b41d-a090a83da64f,client_4,coordinator_0,NET_TRANSFER,0.000100,0.158000,Request Model ID
1139797.901711,1000,c8b627aa-c753-4597-9919-37d80da8271e,worker_2,coordinator_0,NET_TRANSFER,0.000100,0.158000,Signal Finished
1140813.920785,1000,c8b627aa-c753-4597-9919-37d80da8271e,coordinator_0,worker_3,NET_TRANSFER,12.698363,1016.019074,Distribute Layer ID: 77c35694
1140814.019991,1000,c8b627aa-c753-4597-9919-37d80da8271e,worker_3,worker_3,DISK_LOAD,12.698363,0.099206,"Disk -> RAM [Model: c8b627aa, Layer: 77c35694]"
1140814.119197,1000,c8b627aa-c753-4597-9919-37d80da8271e,worker_3,worker_3,MEM_MOVE,12.698363,0.099206,"RAM -> VRAM [Model: c8b627aa, Layer: 77c35694]"
1140814.169197,1000,c8b627aa-c753-4597-9919-37d80da8271e,worker_3,worker_3,GPU_COMPUTE,0.050000,0.050000,GPU Compute
1140814.169197,1000,c8b627aa-c753-4597-9919-37d80da8271e,worker_3,worker_3,MEM_MOVE,0.000000,0.000000,"Wipe/Deallocate Layer from Memory [Model: c8b627aa, Layer: 77c35694]"
1140814.327197,1000,c8b627aa-c753-4597-9919-37d80da8271e,worker_3,coordinator_0,NET_TRANSFER,0.000100,0.158000,Signal Finished
1141725.645572,1000,c8b627aa-c753-4597-9919-37d80da8271e,coordinator_0,worker_4,NET_TRANSFER,11.389605,911.318375,Distribute Layer ID: 50f22d11
1141725.734554,1000,c8b627aa-c753-4597-9919-37d80da8271e,worker_4,worker_4,DISK_LOAD,11.389605,0.088981,"Disk -> RAM [Model: c8b627aa, Layer: 50f22d11]"
1141725.823535,1000,c8b627aa-c753-4597-9919-37d80da8271e,worker_4,worker_4,MEM_MOVE,11.389605,0.088981,"RAM -> VRAM [Model: c8b627aa, Layer: 50f22d11]"
1141725.873535,1000,c8b627aa-c753-4597-9919-37d80da8271e,worker_4,worker_4,GPU_COMPUTE,0.050000,0.050000,GPU Compute
1141725.873535,1000,c8b627aa-c753-4597-9919-37d80da8271e,worker_4,worker_4,MEM_MOVE,0.000000,0.000000,"Wipe/Deallocate Layer from Memory [Model: c8b627aa, Layer: 50f22d11]"
1141726.031535,1000,c8b627aa-c753-4597-9919-37d80da8271e,worker_4,coordinator_0,NET_TRANSFER,0.000100,0.158000,Signal Finished
1142499.606757,1000,c8b627aa-c753-4597-9919-37d80da8271e,coordinator_0,worker_1,NET_TRANSFER,9.667815,773.575222,Distribute Layer ID: 8dd5ccff
1142499.682287,1000,c8b627aa-c753-4597-9919-37d80da8271e,worker_1,worker_1,DISK_LOAD,9.667815,0.075530,"Disk -> RAM [Model: c8b627aa, Layer: 8dd5ccff]"
1142499.757817,1000,c8b627aa-c753-4597-9919-37d80da8271e,worker_1,worker_1,MEM_MOVE,9.667815,0.075530,"RAM -> VRAM [Model: c8b627aa, Layer: 8dd5ccff]"
1142499.807817,1000,c8b627aa-c753-4597-9919-37d80da8271e,worker_1,worker_1,GPU_COMPUTE,0.050000,0.050000,GPU Compute
1142499.807817,1000,c8b627aa-c753-4597-9919-37d80da8271e,worker_1,worker_1,MEM_MOVE,0.000000,0.000000,"Wipe/Deallocate Layer from Memory [Model: c8b627aa, Layer: 8dd5ccff]"
1142499.965817,1000,c8b627aa-c753-4597-9919-37d80da8271e,worker_1,coordinator_0,NET_TRANSFER,0.000100,0.158000,Signal Finished
1143544.027770,1000,c8b627aa-c753-4597-9919-37d80da8271e,coordinator_0,worker_2,NET_TRANSFER,13.048899,1044.061953,Distribute Layer ID: 41b1c234
1143544.129714,1000,c8b627aa-c753-4597-9919-37d80da8271e,worker_2,worker_2,DISK_LOAD,13.048899,0.101945,"Disk -> RAM [Model: c8b627aa, Layer: 41b1c234]"
1143544.231659,1000,c8b627aa-c753-4597-9919-37d80da8271e,worker_2,worker_2,MEM_MOVE,13.048899,0.101945,"RAM -> VRAM [Model: c8b627aa, Layer: 41b1c234]"
1143544.281659,1000,c8b627aa-c753-4597-9919-37d80da8271e,worker_2,worker_2,GPU_COMPUTE,0.050000,0.050000,GPU Compute
1143544.281659,1000,c8b627aa-c753-4597-9919-37d80da8271e,worker_2,worker_2,MEM_MOVE,0.000000,0.000000,"Wipe/Deallocate Layer from Memory [Model: c8b627aa, Layer: 41b1c234]"
1143544.439659,10003,90d2b33a-8379-4cfb-92e7-33e022e636c7,client_10,coordinator_0,NET_TRANSFER,0.000100,0.158000,Request Model ID
1143544.597659,9003,c70dc14b-62de-4f8f-807e-01990637cfee,client_9,coordinator_0,NET_TRANSFER,0.000100,0.158000,Request Model ID
1143544.755659,1000,c8b627aa-c753-4597-9919-37d80da8271e,worker_2,coordinator_0,NET_TRANSFER,0.000100,0.158000,Signal Finished
1144132.205546,1000,c8b627aa-c753-4597-9919-37d80da8271e,coordinator_0,worker_3,NET_TRANSFER,7.341249,587.449888,Distribute Layer ID: 06978eba
1144132.262900,1000,c8b627aa-c753-4597-9919-37d80da8271e,worker_3,worker_3,DISK_LOAD,7.341249,0.057354,"Disk -> RAM [Model: c8b627aa, Layer: 06978eba]"
1144132.320253,1000,c8b627aa-c753-4597-9919-37d80da8271e,worker_3,worker_3,MEM_MOVE,7.341249,0.057354,"RAM -> VRAM [Model: c8b627aa, Layer: 06978eba]"
1144132.370253,1000,c8b627aa-c753-4597-9919-37d80da8271e,worker_3,worker_3,GPU_COMPUTE,0.050000,0.050000,GPU Compute
1144132.370253,1000,c8b627aa-c753-4597-9919-37d80da8271e,worker_3,worker_3,MEM_MOVE,0.000000,0.000000,"Wipe/Deallocate Layer from Memory [Model: c8b627aa, Layer: 06978eba]"
1144132.528253,1003,c70dc14b-62de-4f8f-807e-01990637cfee,client_1,coordinator_0,NET_TRANSFER,0.000100,0.158000,Request Model ID
1144132.686253,2003,4e7d39e3-213c-4023-adde-abcecb3601df,client_2,coordinator_0,NET_TRANSFER,0.000100,0.158000,Request Model ID
1144132.844253,3003,e29625e7-302b-454c-89b9-d52cfcd03863,client_3,coordinator_0,NET_TRANSFER,0.000100,0.158000,Request Model ID
1144133.002253,1003,4e7d39e3-213c-4023-adde-abcecb3601df,client_1,coordinator_0,NET_TRANSFER,0.000100,0.158000,Request Model ID
1144133.160253,8003,e29625e7-302b-454c-89b9-d52cfcd03863,client_8,coordinator_0,NET_TRANSFER,0.000100,0.158000,Request Model ID
1144133.318253,8003,d681adae-a2b4-44cd-8616-f8e1e8da12ad,client_8,coordinator_0,NET_TRANSFER,0.000100,0.158000,Request Model ID
1144133.476253,9003,d681adae-a2b4-44cd-8616-f8e1e8da12ad,client_9,coordinator_0,NET_TRANSFER,0.000100,0.158000,Request Model ID
1144133.634253,5003,8f8d56cf-a64d-4894-ad63-cc75da090995,client_5,coordinator_0,NET_TRANSFER,0.000100,0.158000,Request Model ID
1144133.792253,4003,0dddaaa0-da24-40da-8039-caf51123b642,client_4,coordinator_0,NET_TRANSFER,0.000100,0.158000,Request Model ID
1144133.950253,10003,67082293-a0a0-42d4-8cf9-d0ef7b49af34,client_10,coordinator_0,NET_TRANSFER,0.000100,0.158000,Request Model ID
1144134.108253,2003,bd0c7555-7508-4f24-995f-8f7876638404,client_2,coordinator_0,NET_TRANSFER,0.000100,0.158000,Request Model ID
1144134.266253,5003,87805db1-7116-4cbf-abf5-3bf14bbef0be,client_5,coordinator_0,NET_TRANSFER,0.000100,0.158000,Request Model ID
1144134.424253,6003,9756b9a8-e47e-41d3-a26d-bfa827451023,client_6,coordinator_0,NET_TRANSFER,0.000100,0.158000,Request Model ID
1144134.582253,4003,9ff4653d-0230-4ab2-8730-509275ebe6b9,client_4,coordinator_0,NET_TRANSFER,0.000100,0.158000,Request Model ID
1144134.740253,9003,4f4ec27a-26d2-47e6-ad9b-bb575c60b698,client_9,coordinator_0,NET_TRANSFER,0.000100,0.158000,Request Model ID
1144134.898253,6003,d681adae-a2b4-44cd-8616-f8e1e8da12ad,client_6,coordinator_0,NET_TRANSFER,0.000100,0.158000,Request Model ID
1144135.056253,2003,67082293-a0a0-42d4-8cf9-d0ef7b49af34,client_2,coordinator_0,NET_TRANSFER,0.000100,0.158000,Request Model ID
1144135.214253,4003,90d2b33a-8379-4cfb-92e7-33e022e636c7,client_4,coordinator_0,NET_TRANSFER,0.000100,0.158000,Request Model ID
1144135.372253,6003,d681adae-a2b4-44cd-8616-f8e1e8da12ad,client_6,coordinator_0,NET_TRANSFER,0.000100,0.158000,Request Model ID
1144135.530253,8003,bd0c7555-7508-4f24-995f-8f7876638404,client_8,coordinator_0,NET_TRANSFER,0.000100,0.158000,Request Model ID
1144135.688253,7003,c63195df-94aa-4094-99e3-c6a0cd83a683,client_7,coordinator_0,NET_TRANSFER,0.000100,0.158000,Request Model ID
1144135.846253,2003,5c9ce36a-2b74-4ea7-8e23-d9b1ed951ad5,client_2,coordinator_0,NET_TRANSFER,0.000100,0.158000,Request Model ID
1144136.004253,1000,c8b627aa-c753-4597-9919-37d80da8271e,worker_3,coordinator_0,NET_TRANSFER,0.000100,0.158000,Signal Finished
1144668.390031,1000,c8b627aa-c753-4597-9919-37d80da8271e,coordinator_0,worker_4,NET_TRANSFER,6.652947,532.385777,Distribute Layer ID: 68c69119
1144668.442007,1000,c8b627aa-c753-4597-9919-37d80da8271e,worker_4,worker_4,DISK_LOAD,6.652947,0.051976,"Disk -> RAM [Model: c8b627aa, Layer: 68c69119]"
1144668.493983,1000,c8b627aa-c753-4597-9919-37d80da8271e,worker_4,worker_4,MEM_MOVE,6.652947,0.051976,"RAM -> VRAM [Model: c8b627aa, Layer: 68c69119]"
1144668.543983,1000,c8b627aa-c753-4597-9919-37d80da8271e,worker_4,worker_4,GPU_COMPUTE,0.050000,0.050000,GPU Compute
1144668.543983,1000,c8b627aa-c753-4597-9919-37d80da8271e,worker_4,worker_4,MEM_MOVE,0.000000,0.000000,"Wipe/Deallocate Layer from Memory [Model: c8b627aa, Layer: 68c69119]"
1144668.701983,3003,d681adae-a2b4-44cd-8616-f8e1e8da12ad,client_3,coordinator_0,NET_TRANSFER,0.000100,0.158000,Request Model ID
1144668.859983,3003,718ac69c-3b4b-44dd-a315-e303a3a2c9d9,client_3,coordinator_0,NET_TRANSFER,0.000100,0.158000,Request Model ID
1144669.017983,9003,839eec0a-12fb-43ce-9546-c6fcdd350ddf,client_9,coordinator_0,NET_TRANSFER,0.000100,0.158000,Request Model ID
1144669.175983,10003,a28e3970-da86-45fa-affc-65dcd0558159,client_10,coordinator_0,NET_TRANSFER,0.000100,0.158000,Request Model ID
1144669.333983,1000,c8b627aa-c753-4597-9919-37d80da8271e,worker_4,coordinator_0,NET_TRANSFER,0.000100,0.158000,Signal Finished
1145676.301692,1000,c8b627aa-c753-4597-9919-37d80da8271e,coordinator_0,worker_1,NET_TRANSFER,12.585221,1006.967709,Distribute Layer ID: 6b8373a8
1145676.400014,1000,c8b627aa-c753-4597-9919-37d80da8271e,worker_1,worker_1,DISK_LOAD,12.585221,0.098322,"Disk -> RAM [Model: c8b627aa, Layer: 6b8373a8]"
1145676.498336,1000,c8b627aa-c753-4597-9919-37d80da8271e,worker_1,worker_1,MEM_MOVE,12.585221,0.098322,"RAM -> VRAM [Model: c8b627aa, Layer: 6b8373a8]"
1145676.548336,1000,c8b627aa-c753-4597-9919-37d80da8271e,worker_1,worker_1,GPU_COMPUTE,0.050000,0.050000,GPU Compute
1145676.548336,1000,c8b627aa-c753-4597-9919-37d80da8271e,worker_1,worker_1,MEM_MOVE,0.000000,0.000000,"Wipe/Deallocate Layer from Memory [Model: c8b627aa, Layer: 6b8373a8]"
1145676.706336,1000,c8b627aa-c753-4597-9919-37d80da8271e,worker_1,coordinator_0,NET_TRANSFER,0.000100,0.158000,Signal Finished
1146122.190846,1000,c8b627aa-c753-4597-9919-37d80da8271e,coordinator_0,worker_2,NET_TRANSFER,5.566681,445.484510,Distribute Layer ID: f10eb6fc
1146122.234336,1000,c8b627aa-c753-4597-9919-37d80da8271e,worker_2,worker_2,DISK_LOAD,5.566681,0.043490,"Disk -> RAM [Model: c8b627aa, Layer: f10eb6fc]"
1146122.277825,1000,c8b627aa-c753-4597-9919-37d80da8271e,worker_2,worker_2,MEM_MOVE,5.566681,0.043490,"RAM -> VRAM [Model: c8b627aa, Layer: f10eb6fc]"
1146122.327825,1000,c8b627aa-c753-4597-9919-37d80da8271e,worker_2,worker_2,GPU_COMPUTE,0.050000,0.050000,GPU Compute
1146122.327825,1000,c8b627aa-c753-4597-9919-37d80da8271e,worker_2,worker_2,MEM_MOVE,0.000000,0.000000,"Wipe/Deallocate Layer from Memory [Model: c8b627aa, Layer: f10eb6fc]"
1146122.485825,1000,c8b627aa-c753-4597-9919-37d80da8271e,worker_2,coordinator_0,NET_TRANSFER,0.000100,0.158000,Signal Finished
1147177.300520,4000,c70dc14b-62de-4f8f-807e-01990637cfee,coordinator_0,worker_4,NET_TRANSFER,13.183309,1054.814694,Distribute Layer ID: f591fdbc
1147177.403515,4000,c70dc14b-62de-4f8f-807e-01990637cfee,worker_4,worker_4,DISK_LOAD,13.183309,0.102995,"Disk -> RAM [Model: c70dc14b, Layer: f591fdbc]"
1147177.506509,4000,c70dc14b-62de-4f8f-807e-01990637cfee,worker_4,worker_4,MEM_MOVE,13.183309,0.102995,"RAM -> VRAM [Model: c70dc14b, Layer: f591fdbc]"
1147177.556509,4000,c70dc14b-62de-4f8f-807e-01990637cfee,worker_4,worker_4,GPU_COMPUTE,0.050000,0.050000,GPU Compute
1147177.556509,4000,c70dc14b-62de-4f8f-807e-01990637cfee,worker_4,worker_4,MEM_MOVE,0.000000,0.000000,"Wipe/Deallocate Layer from Memory [Model: c70dc14b, Layer: f591fdbc]"
1147177.714509,7003,4e7d39e3-213c-4023-adde-abcecb3601df,client_7,coordinator_0,NET_TRANSFER,0.000100,0.158000,Request Model ID
1147177.872509,8003,ad0d9656-07af-4c9c-9ff2-7b7ad5f3b3f2,client_8,coordinator_0,NET_TRANSFER,0.000100,0.158000,Request Model ID
1147178.030509,4000,c70dc14b-62de-4f8f-807e-01990637cfee,worker_4,coordinator_0,NET_TRANSFER,0.000100,0.158000,Signal Finished
1147664.257886,4000,c70dc14b-62de-4f8f-807e-01990637cfee,coordinator_0,worker_1,NET_TRANSFER,6.075967,486.227377,Distribute Layer ID: bd50fe8a
1147664.305355,4000,c70dc14b-62de-4f8f-807e-01990637cfee,worker_1,worker_1,DISK_LOAD,6.075967,0.047468,"Disk -> RAM [Model: c70dc14b, Layer: bd50fe8a]"
1147664.352823,4000,c70dc14b-62de-4f8f-807e-01990637cfee,worker_1,worker_1,MEM_MOVE,6.075967,0.047468,"RAM -> VRAM [Model: c70dc14b, Layer: bd50fe8a]"
1147664.402823,4000,c70dc14b-62de-4f8f-807e-01990637cfee,worker_1,worker_1,GPU_COMPUTE,0.050000,0.050000,GPU Compute
1147664.402823,4000,c70dc14b-62de-4f8f-807e-01990637cfee,worker_1,worker_1,MEM_MOVE,0.000000,0.000000,"Wipe/Deallocate Layer from Memory [Model: c70dc14b, Layer: bd50fe8a]"
1147664.560823,4000,c70dc14b-62de-4f8f-807e-01990637cfee,worker_1,coordinator_0,NET_TRANSFER,0.000100,0.158000,Signal Finished
1148209.969826,4000,c70dc14b-62de-4f8f-807e-01990637cfee,coordinator_0,worker_2,NET_TRANSFER,6.815738,545.409003,Distribute Layer ID: fece12ae
1148210.023074,4000,c70dc14b-62de-4f8f-807e-01990637cfee,worker_2,worker_2,DISK_LOAD,6.815738,0.053248,"Disk -> RAM [Model: c70dc14b, Layer: fece12ae]"
1148210.076322,4000,c70dc14b-62de-4f8f-807e-01990637cfee,worker_2,worker_2,MEM_MOVE,6.815738,0.053248,"RAM -> VRAM [Model: c70dc14b, Layer: fece12ae]"
1148210.126322,4000,c70dc14b-62de-4f8f-807e-01990637cfee,worker_2,worker_2,GPU_COMPUTE,0.050000,0.050000,GPU Compute
1148210.126322,4000,c70dc14b-62de-4f8f-807e-01990637cfee,worker_2,worker_2,MEM_MOVE,0.000000,0.000000,"Wipe/Deallocate Layer from Memory [Model: c70dc14b, Layer: fece12ae]"
1148210.284322,4000,c70dc14b-62de-4f8f-807e-01990637cfee,worker_2,coordinator_0,NET_TRANSFER,0.000100,0.158000,Signal Finished
1149289.055426,4000,c70dc14b-62de-4f8f-807e-01990637cfee,coordinator_0,worker_3,NET_TRANSFER,13.482764,1078.771104,Distribute Layer ID: 2a29dad7
1149289.160760,4000,c70dc14b-62de-4f8f-807e-01990637cfee,worker_3,worker_3,DISK_LOAD,13.482764,0.105334,"Disk -> RAM [Model: c70dc14b, Layer: 2a29dad7]"
1149289.266094,4000,c70dc14b-62de-4f8f-807e-01990637cfee,worker_3,worker_3,MEM_MOVE,13.482764,0.105334,"RAM -> VRAM [Model: c70dc14b, Layer: 2a29dad7]"
1149289.316094,4000,c70dc14b-62de-4f8f-807e-01990637cfee,worker_3,worker_3,GPU_COMPUTE,0.050000,0.050000,GPU Compute
1149289.316094,4000,c70dc14b-62de-4f8f-807e-01990637cfee,worker_3,worker_3,MEM_MOVE,0.000000,0.000000,"Wipe/Deallocate Layer from Memory [Model: c70dc14b, Layer: 2a29dad7]"
1149289.474094,4000,c70dc14b-62de-4f8f-807e-01990637cfee,worker_3,coordinator_0,NET_TRANSFER,0.000100,0.158000,Signal Finished
1150341.988665,4000,c70dc14b-62de-4f8f-807e-01990637cfee,coordinator_0,worker_4,NET_TRANSFER,13.154557,1052.514571,Distribute Layer ID: 60578c59
1150342.091435,4000,c70dc14b-62de-4f8f-807e-01990637cfee,worker_4,worker_4,DISK_LOAD,13.154557,0.102770,"Disk -> RAM [Model: c70dc14b, Layer: 60578c59]"
1150342.194205,4000,c70dc14b-62de-4f8f-807e-01990637cfee,worker_4,worker_4,MEM_MOVE,13.154557,0.102770,"RAM -> VRAM [Model: c70dc14b, Layer: 60578c59]"
1150342.244205,4000,c70dc14b-62de-4f8f-807e-01990637cfee,worker_4,worker_4,GPU_COMPUTE,0.050000,0.050000,GPU Compute
1150342.244205,4000,c70dc14b-62de-4f8f-807e-01990637cfee,worker_4,worker_4,MEM_MOVE,0.000000,0.000000,"Wipe/Deallocate Layer from Memory [Model: c70dc14b, Layer: 60578c59]"
1150342.402205,3004,c63195df-94aa-4094-99e3-c6a0cd83a683,client_3,coordinator_0,NET_TRANSFER,0.000100,0.158000,Request Model ID
1150342.560205,2004,198397c2-b9d8-4c4d-81d6-2b0152787c94,client_2,coordinator_0,NET_TRANSFER,0.000100,0.158000,Request Model ID
1150342.718205,4004,2689c22d-d78c-4127-a74c-3cc88d4cc4da,client_4,coordinator_0,NET_TRANSFER,0.000100,0.158000,Request Model ID
1150342.876205,9004,4e7d39e3-213c-4023-adde-abcecb3601df,client_9,coordinator_0,NET_TRANSFER,0.000100,0.158000,Request Model ID
1150343.034205,7004,a28e3970-da86-45fa-affc-65dcd0558159,client_7,coordinator_0,NET_TRANSFER,0.000100,0.158000,Request Model ID
1150343.192205,10004,90d2b33a-8379-4cfb-92e7-33e022e636c7,client_10,coordinator_0,NET_TRANSFER,0.000100,0.158000,Request Model ID
1150343.350205,6004,67082293-a0a0-42d4-8cf9-d0ef7b49af34,client_6,coordinator_0,NET_TRANSFER,0.000100,0.158000,Request Model ID
1150343.508205,8004,67082293-a0a0-42d4-8cf9-d0ef7b49af34,client_8,coordinator_0,NET_TRANSFER,0.000100,0.158000,Request Model ID
1150343.666205,8004,3c75fe70-4ef7-47df-ba06-905342d3e385,client_8,coordinator_0,NET_TRANSFER,0.000100,0.158000,Request Model ID
1150343.824205,1004,a28e3970-da86-45fa-affc-65dcd0558159,client_1,coordinator_0,NET_TRANSFER,0.000100,0.158000,Request Model ID
1150343.982205,9004,d545a4bc-3a0f-4514-bf26-1cbfffac1f98,client_9,coordinator_0,NET_TRANSFER,0.000100,0.158000,Request Model ID
1150344.140205,8004,198397c2-b9d8-4c4d-81d6-2b0152787c94,client_8,coordinator_0,NET_TRANSFER,0.000100,0.158000,Request Model ID
1150344.298205,4005,e29625e7-302b-454c-89b9-d52cfcd03863,client_4,coordinator_0,NET_TRANSFER,0.000100,0.158000,Request Model ID
1150344.456205,4000,c70dc14b-62de-4f8f-807e-01990637cfee,worker_4,coordinator_0,NET_TRANSFER,0.000100,0.158000,Signal Finished
1151120.681081,4000,c70dc14b-62de-4f8f-807e-01990637cfee,coordinator_0,worker_1,NET_TRANSFER,9.700936,776.224876,Distribute Layer ID: 48146fdb
1151120.756869,4000,c70dc14b-62de-4f8f-807e-01990637cfee,worker_1,worker_1,DISK_LOAD,9.700936,0.075789,"Disk -> RAM [Model: c70dc14b, Layer: 48146fdb]"
1151120.832658,4000,c70dc14b-62de-4f8f-807e-01990637cfee,worker_1,worker_1,MEM_MOVE,9.700936,0.075789,"RAM -> VRAM [Model: c70dc14b, Layer: 48146fdb]"
1151120.882658,4000,c70dc14b-62de-4f8f-807e-01990637cfee,worker_1,worker_1,GPU_COMPUTE,0.050000,0.050000,GPU Compute
1151120.882658,4000,c70dc14b-62de-4f8f-807e-01990637cfee,worker_1,worker_1,MEM_MOVE,0.000000,0.000000,"Wipe/Deallocate Layer from Memory [Model: c70dc14b, Layer: 48146fdb]"
1151121.040658,6004,f4e8236d-3bac-4a5a-bc2a-52927bacb8bb,client_6,coordinator_0,NET_TRANSFER,0.000100,0.158000,Request Model ID
1151121.198658,4005,6724fe5b-01f4-4d88-8014-0377674aee20,client_4,coordinator_0,NET_TRANSFER,0.000100,0.158000,Request Model ID
1151121.356658,10004,8cf3f410-dcc3-4315-9786-8032924a0e46,client_10,coordinator_0,NET_TRANSFER,0.000100,0.158000,Request Model ID
1151121.514658,4004,718ac69c-3b4b-44dd-a315-e303a3a2c9d9,client_4,coordinator_0,NET_TRANSFER,0.000100,0.158000,Request Model ID
1151121.672658,5004,839eec0a-12fb-43ce-9546-c6fcdd350ddf,client_5,coordinator_0,NET_TRANSFER,0.000100,0.158000,Request Model ID
1151121.830658,4000,c70dc14b-62de-4f8f-807e-01990637cfee,worker_1,coordinator_0,NET_TRANSFER,0.000100,0.158000,Signal Finished
1151770.367762,4000,c70dc14b-62de-4f8f-807e-01990637cfee,coordinator_0,worker_2,NET_TRANSFER,8.104839,648.537104,Distribute Layer ID: 81b1a9b4
1151770.431081,4000,c70dc14b-62de-4f8f-807e-01990637cfee,worker_2,worker_2,DISK_LOAD,8.104839,0.063319,"Disk -> RAM [Model: c70dc14b, Layer: 81b1a9b4]"
1151770.494400,4000,c70dc14b-62de-4f8f-807e-01990637cfee,worker_2,worker_2,MEM_MOVE,8.104839,0.063319,"RAM -> VRAM [Model: c70dc14b, Layer: 81b1a9b4]"
1151770.544400,4000,c70dc14b-62de-4f8f-807e-01990637cfee,worker_2,worker_2,GPU_COMPUTE,0.050000,0.050000,GPU Compute
1151770.544400,4000,c70dc14b-62de-4f8f-807e-01990637cfee,worker_2,worker_2,MEM_MOVE,0.000000,0.000000,"Wipe/Deallocate Layer from Memory [Model: c70dc14b, Layer: 81b1a9b4]"
1151770.702400,7004,a28e3970-da86-45fa-affc-65dcd0558159,client_7,coordinator_0,NET_TRANSFER,0.000100,0.158000,Request Model ID
1151770.860400,4000,c70dc14b-62de-4f8f-807e-01990637cfee,worker_2,coordinator_0,NET_TRANSFER,0.000100,0.158000,Signal Finished
1152471.234911,4000,c70dc14b-62de-4f8f-807e-01990637cfee,coordinator_0,worker_3,NET_TRANSFER,8.752806,700.374512,Distribute Layer ID: a80bfc7f
1152471.303293,4000,c70dc14b-62de-4f8f-807e-01990637cfee,worker_3,worker_3,DISK_LOAD,8.752806,0.068381,"Disk -> RAM [Model: c70dc14b, Layer: a80bfc7f]"
1152471.371674,4000,c70dc14b-62de-4f8f-807e-01990637cfee,worker_3,worker_3,MEM_MOVE,8.752806,0.068381,"RAM -> VRAM [Model: c70dc14b, Layer: a80bfc7f]"
1152471.421674,4000,c70dc14b-62de-4f8f-807e-01990637cfee,worker_3,worker_3,GPU_COMPUTE,0.050000,0.050000,GPU Compute
1152471.421674,4000,c70dc14b-62de-4f8f-807e-01990637cfee,worker_3,worker_3,MEM_MOVE,0.000000,0.000000,"Wipe/Deallocate Layer from Memory [Model: c70dc14b, Layer: a80bfc7f]"
1152471.579674,4000,c70dc14b-62de-4f8f-807e-01990637cfee,worker_3,coordinator_0,NET_TRANSFER,0.000100,0.158000,Signal Finished
1153538.468519,4000,c70dc14b-62de-4f8f-807e-01990637cfee,coordinator_0,worker_4,NET_TRANSFER,13.334236,1066.888845,Distribute Layer ID: d2e94c22
1153538.572693,4000,c70dc14b-62de-4f8f-807e-01990637cfee,worker_4,worker_4,DISK_LOAD,13.334236,0.104174,"Disk -> RAM [Model: c70dc14b, Layer: d2e94c22]"
1153538.676867,4000,c70dc14b-62de-4f8f-807e-01990637cfee,worker_4,worker_4,MEM_MOVE,13.334236,0.104174,"RAM -> VRAM [Model: c70dc14b, Layer: d2e94c22]"
1153538.726867,4000,c70dc14b-62de-4f8f-807e-01990637cfee,worker_4,worker_4,GPU_COMPUTE,0.050000,0.050000,GPU Compute
1153538.726867,4000,c70dc14b-62de-4f8f-807e-01990637cfee,worker_4,worker_4,MEM_MOVE,0.000000,0.000000,"Wipe/Deallocate Layer from Memory [Model: c70dc14b, Layer: d2e94c22]"
1153538.884867,4000,c70dc14b-62de-4f8f-807e-01990637cfee,worker_4,coordinator_0,NET_TRANSFER,0.000100,0.158000,Signal Finished
1154592.239728,4000,c70dc14b-62de-4f8f-807e-01990637cfee,coordinator_0,worker_1,NET_TRANSFER,13.165061,1053.354861,Distribute Layer ID: 3306055d
1154592.342580,4000,c70dc14b-62de-4f8f-807e-01990637cfee,worker_1,worker_1,DISK_LOAD,13.165061,0.102852,"Disk -> RAM [Model: c70dc14b, Layer: 3306055d]"
1154592.445432,4000,c70dc14b-62de-4f8f-807e-01990637cfee,worker_1,worker_1,MEM_MOVE,13.165061,0.102852,"RAM -> VRAM [Model: c70dc14b, Layer: 3306055d]"
1154592.495432,4000,c70dc14b-62de-4f8f-807e-01990637cfee,worker_1,worker_1,GPU_COMPUTE,0.050000,0.050000,GPU Compute
1154592.495432,4000,c70dc14b-62de-4f8f-807e-01990637cfee,worker_1,worker_1,MEM_MOVE,0.000000,0.000000,"Wipe/Deallocate Layer from Memory [Model: c70dc14b, Layer: 3306055d]"
1154592.653432,4000,c70dc14b-62de-4f8f-807e-01990637cfee,worker_1,coordinator_0,NET_TRANSFER,0.000100,0.158000,Signal Finished
1155240.781547,4000,c70dc14b-62de-4f8f-807e-01990637cfee,coordinator_0,worker_2,NET_TRANSFER,8.099726,648.128115,Distribute Layer ID: ed732991
1155240.844826,4000,c70dc14b-62de-4f8f-807e-01990637cfee,worker_2,worker_2,DISK_LOAD,8.099726,0.063279,"Disk -> RAM [Model: c70dc14b, Layer: ed732991]"
1155240.908105,4000,c70dc14b-62de-4f8f-807e-01990637cfee,worker_2,worker_2,MEM_MOVE,8.099726,0.063279,"RAM -> VRAM [Model: c70dc14b, Layer: ed732991]"
1155240.958105,4000,c70dc14b-62de-4f8f-807e-01990637cfee,worker_2,worker_2,GPU_COMPUTE,0.050000,0.050000,GPU Compute
1155240.958105,4000,c70dc14b-62de-4f8f-807e-01990637cfee,worker_2,worker_2,MEM_MOVE,0.000000,0.000000,"Wipe/Deallocate Layer from Memory [Model: c70dc14b, Layer: ed732991]"
1155241.116105,4000,c70dc14b-62de-4f8f-807e-01990637cfee,worker_2,coordinator_0,NET_TRANSFER,0.000100,0.158000,Signal Finished
1155685.455945,4000,c70dc14b-62de-4f8f-807e-01990637cfee,coordinator_0,worker_3,NET_TRANSFER,5.552373,444.339841,Distribute Layer ID: 0a29e61f
1155685.499323,4000,c70dc14b-62de-4f8f-807e-01990637cfee,worker_3,worker_3,DISK_LOAD,5.552373,0.043378,"Disk -> RAM [Model: c70dc14b, Layer: 0a29e61f]"
1155685.542701,4000,c70dc14b-62de-4f8f-807e-01990637cfee,worker_3,worker_3,MEM_MOVE,5.552373,0.043378,"RAM -> VRAM [Model: c70dc14b, Layer: 0a29e61f]"
1155685.592701,4000,c70dc14b-62de-4f8f-807e-01990637cfee,worker_3,worker_3,GPU_COMPUTE,0.050000,0.050000,GPU Compute
1155685.592701,4000,c70dc14b-62de-4f8f-807e-01990637cfee,worker_3,worker_3,MEM_MOVE,0.000000,0.000000,"Wipe/Deallocate Layer from Memory [Model: c70dc14b, Layer: 0a29e61f]"
1155685.750701,4000,c70dc14b-62de-4f8f-807e-01990637cfee,worker_3,coordinator_0,NET_TRANSFER,0.000100,0.158000,Signal Finished
1156141.378364,4000,c70dc14b-62de-4f8f-807e-01990637cfee,coordinator_0,worker_4,NET_TRANSFER,5.693471,455.627662,Distribute Layer ID: 539d1e54
1156141.422844,4000,c70dc14b-62de-4f8f-807e-01990637cfee,worker_4,worker_4,DISK_LOAD,5.693471,0.044480,"Disk -> RAM [Model: c70dc14b, Layer: 539d1e54]"
1156141.467324,4000,c70dc14b-62de-4f8f-807e-01990637cfee,worker_4,worker_4,MEM_MOVE,5.693471,0.044480,"RAM -> VRAM [Model: c70dc14b, Layer: 539d1e54]"
1156141.517324,4000,c70dc14b-62de-4f8f-807e-01990637cfee,worker_4,worker_4,GPU_COMPUTE,0.050000,0.050000,GPU Compute
1156141.517324,4000,c70dc14b-62de-4f8f-807e-01990637cfee,worker_4,worker_4,MEM_MOVE,0.000000,0.000000,"Wipe/Deallocate Layer from Memory [Model: c70dc14b, Layer: 539d1e54]"
1156141.675324,4000,c70dc14b-62de-4f8f-807e-01990637cfee,worker_4,coordinator_0,NET_TRANSFER,0.000100,0.158000,Signal Finished
1157236.210811,4000,c70dc14b-62de-4f8f-807e-01990637cfee,coordinator_0,worker_1,NET_TRANSFER,13.679819,1094.535487,Distribute Layer ID: 027e2036
1157236.317685,4000,c70dc14b-62de-4f8f-807e-01990637cfee,worker_1,worker_1,DISK_LOAD,13.679819,0.106874,"Disk -> RAM [Model: c70dc14b, Layer: 027e2036]"
1157236.424558,4000,c70dc14b-62de-4f8f-807e-01990637cfee,worker_1,worker_1,MEM_MOVE,13.679819,0.106874,"RAM -> VRAM [Model: c70dc14b, Layer: 027e2036]"
1157236.474558,4000,c70dc14b-62de-4f8f-807e-01990637cfee,worker_1,worker_1,GPU_COMPUTE,0.050000,0.050000,GPU Compute
1157236.474558,4000,c70dc14b-62de-4f8f-807e-01990637cfee,worker_1,worker_1,MEM_MOVE,0.000000,0.000000,"Wipe/Deallocate Layer from Memory [Model: c70dc14b, Layer: 027e2036]"
1157236.632558,4000,c70dc14b-62de-4f8f-807e-01990637cfee,worker_1,coordinator_0,NET_TRANSFER,0.000100,0.158000,Signal Finished
1158205.984015,4000,c70dc14b-62de-4f8f-807e-01990637cfee,coordinator_0,worker_2,NET_TRANSFER,12.115018,969.351457,Distribute Layer ID: b9a53580
1158206.078664,4000,c70dc14b-62de-4f8f-807e-01990637cfee,worker_2,worker_2,DISK_LOAD,12.115018,0.094649,"Disk -> RAM [Model: c70dc14b, Layer: b9a53580]"
1158206.173312,4000,c70dc14b-62de-4f8f-807e-01990637cfee,worker_2,worker_2,MEM_MOVE,12.115018,0.094649,"RAM -> VRAM [Model: c70dc14b, Layer: b9a53580]"
1158206.223312,4000,c70dc14b-62de-4f8f-807e-01990637cfee,worker_2,worker_2,GPU_COMPUTE,0.050000,0.050000,GPU Compute
1158206.223312,4000,c70dc14b-62de-4f8f-807e-01990637cfee,worker_2,worker_2,MEM_MOVE,0.000000,0.000000,"Wipe/Deallocate Layer from Memory [Model: c70dc14b, Layer: b9a53580]"
1158206.381312,4000,c70dc14b-62de-4f8f-807e-01990637cfee,worker_2,coordinator_0,NET_TRANSFER,0.000100,0.158000,Signal Finished
1159266.214779,4000,c70dc14b-62de-4f8f-807e-01990637cfee,coordinator_0,worker_3,NET_TRANSFER,13.246043,1059.833466,Distribute Layer ID: a63a697b
1159266.318263,4000,c70dc14b-62de-4f8f-807e-01990637cfee,worker_3,worker_3,DISK_LOAD,13.246043,0.103485,"Disk -> RAM [Model: c70dc14b, Layer: a63a697b]"
1159266.421748,4000,c70dc14b-62de-4f8f-807e-01990637cfee,worker_3,worker_3,MEM_MOVE,13.246043,0.103485,"RAM -> VRAM [Model: c70dc14b, Layer: a63a697b]"
1159266.471748,4000,c70dc14b-62de-4f8f-807e-01990637cfee,worker_3,worker_3,GPU_COMPUTE,0.050000,0.050000,GPU Compute
1159266.471748,4000,c70dc14b-62de-4f8f-807e-01990637cfee,worker_3,worker_3,MEM_MOVE,0.000000,0.000000,"Wipe/Deallocate Layer from Memory [Model: c70dc14b, Layer: a63a697b]"
1159266.629748,9004,0c814a93-6f1a-40bc-a0d1-6b9e15a8bc47,client_9,coordinator_0,NET_TRANSFER,0.000100,0.158000,Request Model ID
1159266.787748,7004,6724fe5b-01f4-4d88-8014-0377674aee20,client_7,coordinator_0,NET_TRANSFER,0.000100,0.158000,Request Model ID
1159266.945748,9004,cfc45a4e-2fdb-48da-a83d-d1b0979b56cb,client_9,coordinator_0,NET_TRANSFER,0.000100,0.158000,Request Model ID
1159267.103748,1004,f3103222-8d0b-4c7c-bf92-28ec44d6bad6,client_1,coordinator_0,NET_TRANSFER,0.000100,0.158000,Request Model ID
1159267.261748,2004,87805db1-7116-4cbf-abf5-3bf14bbef0be,client_2,coordinator_0,NET_TRANSFER,0.000100,0.158000,Request Model ID
1159267.419748,2005,bd0c7555-7508-4f24-995f-8f7876638404,client_2,coordinator_0,NET_TRANSFER,0.000100,0.158000,Request Model ID
1159267.577748,6005,839eec0a-12fb-43ce-9546-c6fcdd350ddf,client_6,coordinator_0,NET_TRANSFER,0.000100,0.158000,Request Model ID
1159267.735748,5005,9756b9a8-e47e-41d3-a26d-bfa827451023,client_5,coordinator_0,NET_TRANSFER,0.000100,0.158000,Request Model ID
1159267.893748,8005,65477b2b-84c3-4061-b41d-a090a83da64f,client_8,coordinator_0,NET_TRANSFER,0.000100,0.158000,Request Model ID
1159268.051748,6004,67082293-a0a0-42d4-8cf9-d0ef7b49af34,client_6,coordinator_0,NET_TRANSFER,0.000100,0.158000,Request Model ID
1159268.209748,4000,c70dc14b-62de-4f8f-807e-01990637cfee,worker_3,coordinator_0,NET_TRANSFER,0.000100,0.158000,Signal Finished
1159703.598767,4000,c70dc14b-62de-4f8f-807e-01990637cfee,coordinator_0,worker_4,NET_TRANSFER,5.440488,435.389018,Distribute Layer ID: 0deaf4e5
1159703.641270,4000,c70dc14b-62de-4f8f-807e-01990637cfee,worker_4,worker_4,DISK_LOAD,5.440488,0.042504,"Disk -> RAM [Model: c70dc14b, Layer: 0deaf4e5]"
1159703.683774,4000,c70dc14b-62de-4f8f-807e-01990637cfee,worker_4,worker_4,MEM_MOVE,5.440488,0.042504,"RAM -> VRAM [Model: c70dc14b, Layer: 0deaf4e5]"
1159703.733774,4000,c70dc14b-62de-4f8f-807e-01990637cfee,worker_4,worker_4,GPU_COMPUTE,0.050000,0.050000,GPU Compute
1159703.733774,4000,c70dc14b-62de-4f8f-807e-01990637cfee,worker_4,worker_4,MEM_MOVE,0.000000,0.000000,"Wipe/Deallocate Layer from Memory [Model: c70dc14b, Layer: 0deaf4e5]"
1159703.891774,8005,d681adae-a2b4-44cd-8616-f8e1e8da12ad,client_8,coordinator_0,NET_TRANSFER,0.000100,0.158000,Request Model ID
1159704.049774,4000,c70dc14b-62de-4f8f-807e-01990637cfee,worker_4,coordinator_0,NET_TRANSFER,0.000100,0.158000,Signal Finished
1159704.207774,10005,83f6b24d-e2c0-4816-aadf-23dfab68d109,client_10,coordinator_0,NET_TRANSFER,0.000100,0.158000,Request Model ID
1160445.839192,4000,c70dc14b-62de-4f8f-807e-01990637cfee,coordinator_0,worker_1,NET_TRANSFER,9.268518,741.631418,Distribute Layer ID: 6c61c2e0
1160445.911602,4000,c70dc14b-62de-4f8f-807e-01990637cfee,worker_1,worker_1,DISK_LOAD,9.268518,0.072410,"Disk -> RAM [Model: c70dc14b, Layer: 6c61c2e0]"
1160445.984012,4000,c70dc14b-62de-4f8f-807e-01990637cfee,worker_1,worker_1,MEM_MOVE,9.268518,0.072410,"RAM -> VRAM [Model: c70dc14b, Layer: 6c61c2e0]"
1160446.034012,4000,c70dc14b-62de-4f8f-807e-01990637cfee,worker_1,worker_1,GPU_COMPUTE,0.050000,0.050000,GPU Compute
1160446.034012,4000,c70dc14b-62de-4f8f-807e-01990637cfee,worker_1,worker_1,MEM_MOVE,0.000000,0.000000,"Wipe/Deallocate Layer from Memory [Model: c70dc14b, Layer: 6c61c2e0]"
1160446.192012,2005,6724fe5b-01f4-4d88-8014-0377674aee20,client_2,coordinator_0,NET_TRANSFER,0.000100,0.158000,Request Model ID
1160446.350012,4000,c70dc14b-62de-4f8f-807e-01990637cfee,worker_1,coordinator_0,NET_TRANSFER,0.000100,0.158000,Signal Finished
1161458.177961,4000,c70dc14b-62de-4f8f-807e-01990637cfee,coordinator_0,worker_2,NET_TRANSFER,12.645974,1011.827948,Distribute Layer ID: 8cca61af
1161458.276758,4000,c70dc14b-62de-4f8f-807e-01990637cfee,worker_2,worker_2,DISK_LOAD,12.645974,0.098797,"Disk -> RAM [Model: c70dc14b, Layer: 8cca61af]"
1161458.375554,4000,c70dc14b-62de-4f8f-807e-01990637cfee,worker_2,worker_2,MEM_MOVE,12.645974,0.098797,"RAM -> VRAM [Model: c70dc14b, Layer: 8cca61af]"
1161458.425554,4000,c70dc14b-62de-4f8f-807e-01990637cfee,worker_2,worker_2,GPU_COMPUTE,0.050000,0.050000,GPU Compute
1161458.425554,4000,c70dc14b-62de-4f8f-807e-01990637cfee,worker_2,worker_2,MEM_MOVE,0.000000,0.000000,"Wipe/Deallocate Layer from Memory [Model: c70dc14b, Layer: 8cca61af]"
1161458.583554,4000,c70dc14b-62de-4f8f-807e-01990637cfee,worker_2,coordinator_0,NET_TRANSFER,0.000100,0.158000,Signal Finished
1162477.074713,4000,c70dc14b-62de-4f8f-807e-01990637cfee,coordinator_0,worker_3,NET_TRANSFER,12.729264,1018.491159,Distribute Layer ID: 62b544a3
1162477.174160,4000,c70dc14b-62de-4f8f-807e-01990637cfee,worker_3,worker_3,DISK_LOAD,12.729264,0.099447,"Disk -> RAM [Model: c70dc14b, Layer: 62b544a3]"
1162477.273608,4000,c70dc14b-62de-4f8f-807e-01990637cfee,worker_3,worker_3,MEM_MOVE,12.729264,0.099447,"RAM -> VRAM [Model: c70dc14b, Layer: 62b544a3]"
1162477.323608,4000,c70dc14b-62de-4f8f-807e-01990637cfee,worker_3,worker_3,GPU_COMPUTE,0.050000,0.050000,GPU Compute
1162477.323608,4000,c70dc14b-62de-4f8f-807e-01990637cfee,worker_3,worker_3,MEM_MOVE,0.000000,0.000000,"Wipe/Deallocate Layer from Memory [Model: c70dc14b, Layer: 62b544a3]"
1162477.481608,4000,c70dc14b-62de-4f8f-807e-01990637cfee,worker_3,coordinator_0,NET_TRANSFER,0.000100,0.158000,Signal Finished
1163020.147780,4000,c70dc14b-62de-4f8f-807e-01990637cfee,coordinator_0,worker_4,NET_TRANSFER,6.781452,542.666173,Distribute Layer ID: 6a6eec1e
1163020.200761,4000,c70dc14b-62de-4f8f-807e-01990637cfee,worker_4,worker_4,DISK_LOAD,6.781452,0.052980,"Disk -> RAM [Model: c70dc14b, Layer: 6a6eec1e]"
1163020.253741,4000,c70dc14b-62de-4f8f-807e-01990637cfee,worker_4,worker_4,MEM_MOVE,6.781452,0.052980,"RAM -> VRAM [Model: c70dc14b, Layer: 6a6eec1e]"
1163020.303741,4000,c70dc14b-62de-4f8f-807e-01990637cfee,worker_4,worker_4,GPU_COMPUTE,0.050000,0.050000,GPU Compute
1163020.303741,4000,c70dc14b-62de-4f8f-807e-01990637cfee,worker_4,worker_4,MEM_MOVE,0.000000,0.000000,"Wipe/Deallocate Layer from Memory [Model: c70dc14b, Layer: 6a6eec1e]"
1163020.461741,4000,c70dc14b-62de-4f8f-807e-01990637cfee,worker_4,coordinator_0,NET_TRANSFER,0.000100,0.158000,Signal Finished
1163645.413834,4000,c70dc14b-62de-4f8f-807e-01990637cfee,coordinator_0,worker_1,NET_TRANSFER,7.810026,624.952094,Distribute Layer ID: 29de317b
1163645.474850,4000,c70dc14b-62de-4f8f-807e-01990637cfee,worker_1,worker_1,DISK_LOAD,7.810026,0.061016,"Disk -> RAM [Model: c70dc14b, Layer: 29de317b]"
1163645.535866,4000,c70dc14b-62de-4f8f-807e-01990637cfee,worker_1,worker_1,MEM_MOVE,7.810026,0.061016,"RAM -> VRAM [Model: c70dc14b, Layer: 29de317b]"
1163645.585866,4000,c70dc14b-62de-4f8f-807e-01990637cfee,worker_1,worker_1,GPU_COMPUTE,0.050000,0.050000,GPU Compute
1163645.585866,4000,c70dc14b-62de-4f8f-807e-01990637cfee,worker_1,worker_1,MEM_MOVE,0.000000,0.000000,"Wipe/Deallocate Layer from Memory [Model: c70dc14b, Layer: 29de317b]"
1163645.743866,4000,c70dc14b-62de-4f8f-807e-01990637cfee,worker_1,coordinator_0,NET_TRANSFER,0.000100,0.158000,Signal Finished
1164648.833220,4000,c70dc14b-62de-4f8f-807e-01990637cfee,coordinator_0,worker_2,NET_TRANSFER,12.536742,1003.089354,Distribute Layer ID: 7b7021ca
1164648.931163,4000,c70dc14b-62de-4f8f-807e-01990637cfee,worker_2,worker_2,DISK_LOAD,12.536742,0.097943,"Disk -> RAM [Model: c70dc14b, Layer: 7b7021ca]"
1164649.029106,4000,c70dc14b-62de-4f8f-807e-01990637cfee,worker_2,worker_2,MEM_MOVE,12.536742,0.097943,"RAM -> VRAM [Model: c70dc14b, Layer: 7b7021ca]"
1164649.079106,4000,c70dc14b-62de-4f8f-807e-01990637cfee,worker_2,worker_2,GPU_COMPUTE,0.050000,0.050000,GPU Compute
1164649.079106,4000,c70dc14b-62de-4f8f-807e-01990637cfee,worker_2,worker_2,MEM_MOVE,0.000000,0.000000,"Wipe/Deallocate Layer from Memory [Model: c70dc14b, Layer: 7b7021ca]"
1164649.237106,4000,c70dc14b-62de-4f8f-807e-01990637cfee,worker_2,coordinator_0,NET_TRANSFER,0.000100,0.158000,Signal Finished
1165091.556849,4000,c70dc14b-62de-4f8f-807e-01990637cfee,coordinator_0,worker_3,NET_TRANSFER,5.527122,442.319743,Distribute Layer ID: 075d74c8
1165091.600030,4000,c70dc14b-62de-4f8f-807e-01990637cfee,worker_3,worker_3,DISK_LOAD,5.527122,0.043181,"Disk -> RAM [Model: c70dc14b, Layer: 075d74c8]"
1165091.643210,4000,c70dc14b-62de-4f8f-807e-01990637cfee,worker_3,worker_3,MEM_MOVE,5.527122,0.043181,"RAM -> VRAM [Model: c70dc14b, Layer: 075d74c8]"
1165091.693210,4000,c70dc14b-62de-4f8f-807e-01990637cfee,worker_3,worker_3,GPU_COMPUTE,0.050000,0.050000,GPU Compute
1165091.693210,4000,c70dc14b-62de-4f8f-807e-01990637cfee,worker_3,worker_3,MEM_MOVE,0.000000,0.000000,"Wipe/Deallocate Layer from Memory [Model: c70dc14b, Layer: 075d74c8]"
1165091.851210,4000,c70dc14b-62de-4f8f-807e-01990637cfee,worker_3,coordinator_0,NET_TRANSFER,0.000100,0.158000,Signal Finished
1165828.160954,4000,c70dc14b-62de-4f8f-807e-01990637cfee,coordinator_0,worker_4,NET_TRANSFER,9.201997,736.309744,Distribute Layer ID: b058a891
1165828.232844,4000,c70dc14b-62de-4f8f-807e-01990637cfee,worker_4,worker_4,DISK_LOAD,9.201997,0.071891,"Disk -> RAM [Model: c70dc14b, Layer: b058a891]"
1165828.304735,4000,c70dc14b-62de-4f8f-807e-01990637cfee,worker_4,worker_4,MEM_MOVE,9.201997,0.071891,"RAM -> VRAM [Model: c70dc14b, Layer: b058a891]"
1165828.354735,4000,c70dc14b-62de-4f8f-807e-01990637cfee,worker_4,worker_4,GPU_COMPUTE,0.050000,0.050000,GPU Compute
1165828.354735,4000,c70dc14b-62de-4f8f-807e-01990637cfee,worker_4,worker_4,MEM_MOVE,0.000000,0.000000,"Wipe/Deallocate Layer from Memory [Model: c70dc14b, Layer: b058a891]"
1165828.512735,4000,c70dc14b-62de-4f8f-807e-01990637cfee,worker_4,coordinator_0,NET_TRANSFER,0.000100,0.158000,Signal Finished
1166460.744826,4000,c70dc14b-62de-4f8f-807e-01990637cfee,coordinator_0,worker_1,NET_TRANSFER,7.901026,632.232091,Distribute Layer ID: 255d8e08
1166460.806552,4000,c70dc14b-62de-4f8f-807e-01990637cfee,worker_1,worker_1,DISK_LOAD,7.901026,0.061727,"Disk -> RAM [Model: c70dc14b, Layer: 255d8e08]"
1166460.868279,4000,c70dc14b-62de-4f8f-807e-01990637cfee,worker_1,worker_1,MEM_MOVE,7.901026,0.061727,"RAM -> VRAM [Model: c70dc14b, Layer: 255d8e08]"
1166460.918279,4000,c70dc14b-62de-4f8f-807e-01990637cfee,worker_1,worker_1,GPU_COMPUTE,0.050000,0.050000,GPU Compute
1166460.918279,4000,c70dc14b-62de-4f8f-807e-01990637cfee,worker_1,worker_1,MEM_MOVE,0.000000,0.000000,"Wipe/Deallocate Layer from Memory [Model: c70dc14b, Layer: 255d8e08]"
1166461.076279,4000,c70dc14b-62de-4f8f-807e-01990637cfee,worker_1,coordinator_0,NET_TRANSFER,0.000100,0.158000,Signal Finished
1167563.366728,4000,c70dc14b-62de-4f8f-807e-01990637cfee,coordinator_0,worker_2,NET_TRANSFER,13.776756,1102.290449,Distribute Layer ID: ea5713f7
1167563.474359,4000,c70dc14b-62de-4f8f-807e-01990637cfee,worker_2,worker_2,DISK_LOAD,13.776756,0.107631,"Disk -> RAM [Model: c70dc14b, Layer: ea5713f7]"
1167563.581990,4000,c70dc14b-62de-4f8f-807e-01990637cfee,worker_2,worker_2,MEM_MOVE,13.776756,0.107631,"RAM -> VRAM [Model: c70dc14b, Layer: ea5713f7]"
1167563.631990,4000,c70dc14b-62de-4f8f-807e-01990637cfee,worker_2,worker_2,GPU_COMPUTE,0.050000,0.050000,GPU Compute
1167563.631990,4000,c70dc14b-62de-4f8f-807e-01990637cfee,worker_2,worker_2,MEM_MOVE,0.000000,0.000000,"Wipe/Deallocate Layer from Memory [Model: c70dc14b, Layer: ea5713f7]"
1167563.789990,4000,c70dc14b-62de-4f8f-807e-01990637cfee,worker_2,coordinator_0,NET_TRANSFER,0.000100,0.158000,Signal Finished
1168084.897271,4000,c70dc14b-62de-4f8f-807e-01990637cfee,coordinator_0,worker_3,NET_TRANSFER,6.511966,521.107281,Distribute Layer ID: 3a6d589b
1168084.948146,4000,c70dc14b-62de-4f8f-807e-01990637cfee,worker_3,worker_3,DISK_LOAD,6.511966,0.050875,"Disk -> RAM [Model: c70dc14b, Layer: 3a6d589b]"
1168084.999020,4000,c70dc14b-62de-4f8f-807e-01990637cfee,worker_3,worker_3,MEM_MOVE,6.511966,0.050875,"RAM -> VRAM [Model: c70dc14b, Layer: 3a6d589b]"
1168085.049020,4000,c70dc14b-62de-4f8f-807e-01990637cfee,worker_3,worker_3,GPU_COMPUTE,0.050000,0.050000,GPU Compute
1168085.049020,4000,c70dc14b-62de-4f8f-807e-01990637cfee,worker_3,worker_3,MEM_MOVE,0.000000,0.000000,"Wipe/Deallocate Layer from Memory [Model: c70dc14b, Layer: 3a6d589b]"
1168085.207020,4000,c70dc14b-62de-4f8f-807e-01990637cfee,worker_3,coordinator_0,NET_TRANSFER,0.000100,0.158000,Signal Finished
1168867.210393,4000,c70dc14b-62de-4f8f-807e-01990637cfee,coordinator_0,worker_4,NET_TRANSFER,9.773167,782.003372,Distribute Layer ID: 6693966f
1168867.286745,4000,c70dc14b-62de-4f8f-807e-01990637cfee,worker_4,worker_4,DISK_LOAD,9.773167,0.076353,"Disk -> RAM [Model: c70dc14b, Layer: 6693966f]"
1168867.363098,4000,c70dc14b-62de-4f8f-807e-01990637cfee,worker_4,worker_4,MEM_MOVE,9.773167,0.076353,"RAM -> VRAM [Model: c70dc14b, Layer: 6693966f]"
1168867.413098,4000,c70dc14b-62de-4f8f-807e-01990637cfee,worker_4,worker_4,GPU_COMPUTE,0.050000,0.050000,GPU Compute
1168867.413098,4000,c70dc14b-62de-4f8f-807e-01990637cfee,worker_4,worker_4,MEM_MOVE,0.000000,0.000000,"Wipe/Deallocate Layer from Memory [Model: c70dc14b, Layer: 6693966f]"
1168867.571098,4000,c70dc14b-62de-4f8f-807e-01990637cfee,worker_4,coordinator_0,NET_TRANSFER,0.000100,0.158000,Signal Finished
1169632.362283,4000,c70dc14b-62de-4f8f-807e-01990637cfee,coordinator_0,worker_1,NET_TRANSFER,9.558015,764.791185,Distribute Layer ID: e47448f4
1169632.436955,4000,c70dc14b-62de-4f8f-807e-01990637cfee,worker_1,worker_1,DISK_LOAD,9.558015,0.074672,"Disk -> RAM [Model: c70dc14b, Layer: e47448f4]"
1169632.511627,4000,c70dc14b-62de-4f8f-807e-01990637cfee,worker_1,worker_1,MEM_MOVE,9.558015,0.074672,"RAM -> VRAM [Model: c70dc14b, Layer: e47448f4]"
1169632.561627,4000,c70dc14b-62de-4f8f-807e-01990637cfee,worker_1,worker_1,GPU_COMPUTE,0.050000,0.050000,GPU Compute
1169632.561627,4000,c70dc14b-62de-4f8f-807e-01990637cfee,worker_1,worker_1,MEM_MOVE,0.000000,0.000000,"Wipe/Deallocate Layer from Memory [Model: c70dc14b, Layer: e47448f4]"
1169632.719627,4000,c70dc14b-62de-4f8f-807e-01990637cfee,worker_1,coordinator_0,NET_TRANSFER,0.000100,0.158000,Signal Finished
1170359.264973,4000,c70dc14b-62de-4f8f-807e-01990637cfee,coordinator_0,worker_2,NET_TRANSFER,9.079942,726.545346,Distribute Layer ID: 33c63a6e
1170359.335910,4000,c70dc14b-62de-4f8f-807e-01990637cfee,worker_2,worker_2,DISK_LOAD,9.079942,0.070937,"Disk -> RAM [Model: c70dc14b, Layer: 33c63a6e]"
1170359.406847,4000,c70dc14b-62de-4f8f-807e-01990637cfee,worker_2,worker_2,MEM_MOVE,9.079942,0.070937,"RAM -> VRAM [Model: c70dc14b, Layer: 33c63a6e]"
1170359.456847,4000,c70dc14b-62de-4f8f-807e-01990637cfee,worker_2,worker_2,GPU_COMPUTE,0.050000,0.050000,GPU Compute
1170359.456847,4000,c70dc14b-62de-4f8f-807e-01990637cfee,worker_2,worker_2,MEM_MOVE,0.000000,0.000000,"Wipe/Deallocate Layer from Memory [Model: c70dc14b, Layer: 33c63a6e]"
1170359.614847,4000,c70dc14b-62de-4f8f-807e-01990637cfee,worker_2,coordinator_0,NET_TRANSFER,0.000100,0.158000,Signal Finished
1171512.250877,4000,c70dc14b-62de-4f8f-807e-01990637cfee,coordinator_0,worker_3,NET_TRANSFER,14.406075,1152.636030,Distribute Layer ID: 4b9192df
1171512.363424,4000,c70dc14b-62de-4f8f-807e-01990637cfee,worker_3,worker_3,DISK_LOAD,14.406075,0.112547,"Disk -> RAM [Model: c70dc14b, Layer: 4b9192df]"
1171512.475972,4000,c70dc14b-62de-4f8f-807e-01990637cfee,worker_3,worker_3,MEM_MOVE,14.406075,0.112547,"RAM -> VRAM [Model: c70dc14b, Layer: 4b9192df]"
1171512.525972,4000,c70dc14b-62de-4f8f-807e-01990637cfee,worker_3,worker_3,GPU_COMPUTE,0.050000,0.050000,GPU Compute
1171512.525972,4000,c70dc14b-62de-4f8f-807e-01990637cfee,worker_3,worker_3,MEM_MOVE,0.000000,0.000000,"Wipe/Deallocate Layer from Memory [Model: c70dc14b, Layer: 4b9192df]"
1171512.683972,4000,c70dc14b-62de-4f8f-807e-01990637cfee,worker_3,coordinator_0,NET_TRANSFER,0.000100,0.158000,Signal Finished
1172028.003687,4000,c70dc14b-62de-4f8f-807e-01990637cfee,coordinator_0,worker_4,NET_TRANSFER,6.439621,515.319715,Distribute Layer ID: e35aa014
1172028.053997,4000,c70dc14b-62de-4f8f-807e-01990637cfee,worker_4,worker_4,DISK_LOAD,6.439621,0.050310,"Disk -> RAM [Model: c70dc14b, Layer: e35aa014]"
1172028.104306,4000,c70dc14b-62de-4f8f-807e-01990637cfee,worker_4,worker_4,MEM_MOVE,6.439621,0.050310,"RAM -> VRAM [Model: c70dc14b, Layer: e35aa014]"
1172028.154306,4000,c70dc14b-62de-4f8f-807e-01990637cfee,worker_4,worker_4,GPU_COMPUTE,0.050000,0.050000,GPU Compute
1172028.154306,4000,c70dc14b-62de-4f8f-807e-01990637cfee,worker_4,worker_4,MEM_MOVE,0.000000,0.000000,"Wipe/Deallocate Layer from Memory [Model: c70dc14b, Layer: e35aa014]"
1172028.312306,6005,9ff4653d-0230-4ab2-8730-509275ebe6b9,client_6,coordinator_0,NET_TRANSFER,0.000100,0.158000,Request Model ID
1172028.470306,4000,c70dc14b-62de-4f8f-807e-01990637cfee,worker_4,coordinator_0,NET_TRANSFER,0.000100,0.158000,Signal Finished
1172914.135046,4000,c70dc14b-62de-4f8f-807e-01990637cfee,coordinator_0,worker_1,NET_TRANSFER,11.068934,885.664740,Distribute Layer ID: 6b007c49
1172914.221522,4000,c70dc14b-62de-4f8f-807e-01990637cfee,worker_1,worker_1,DISK_LOAD,11.068934,0.086476,"Disk -> RAM [Model: c70dc14b, Layer: 6b007c49]"
1172914.307998,4000,c70dc14b-62de-4f8f-807e-01990637cfee,worker_1,worker_1,MEM_MOVE,11.068934,0.086476,"RAM -> VRAM [Model: c70dc14b, Layer: 6b007c49]"
1172914.357998,4000,c70dc14b-62de-4f8f-807e-01990637cfee,worker_1,worker_1,GPU_COMPUTE,0.050000,0.050000,GPU Compute
1172914.357998,4000,c70dc14b-62de-4f8f-807e-01990637cfee,worker_1,worker_1,MEM_MOVE,0.000000,0.000000,"Wipe/Deallocate Layer from Memory [Model: c70dc14b, Layer: 6b007c49]"
1172914.515998,4000,c70dc14b-62de-4f8f-807e-01990637cfee,worker_1,coordinator_0,NET_TRANSFER,0.000100,0.158000,Signal Finished
1173965.150488,4000,c70dc14b-62de-4f8f-807e-01990637cfee,coordinator_0,worker_2,NET_TRANSFER,13.131056,1050.634490,Distribute Layer ID: e9fa3900
1173965.253074,4000,c70dc14b-62de-4f8f-807e-01990637cfee,worker_2,worker_2,DISK_LOAD,13.131056,0.102586,"Disk -> RAM [Model: c70dc14b, Layer: e9fa3900]"
1173965.355661,4000,c70dc14b-62de-4f8f-807e-01990637cfee,worker_2,worker_2,MEM_MOVE,13.131056,0.102586,"RAM -> VRAM [Model: c70dc14b, Layer: e9fa3900]"
1173965.405661,4000,c70dc14b-62de-4f8f-807e-01990637cfee,worker_2,worker_2,GPU_COMPUTE,0.050000,0.050000,GPU Compute
1173965.405661,4000,c70dc14b-62de-4f8f-807e-01990637cfee,worker_2,worker_2,MEM_MOVE,0.000000,0.000000,"Wipe/Deallocate Layer from Memory [Model: c70dc14b, Layer: e9fa3900]"
1173965.563661,4000,c70dc14b-62de-4f8f-807e-01990637cfee,worker_2,coordinator_0,NET_TRANSFER,0.000100,0.158000,Signal Finished
1175079.769318,4000,c70dc14b-62de-4f8f-807e-01990637cfee,coordinator_0,worker_3,NET_TRANSFER,13.925696,1114.205657,Distribute Layer ID: f765a308
1175079.878113,4000,c70dc14b-62de-4f8f-807e-01990637cfee,worker_3,worker_3,DISK_LOAD,13.925696,0.108794,"Disk -> RAM [Model: c70dc14b, Layer: f765a308]"
1175079.986907,4000,c70dc14b-62de-4f8f-807e-01990637cfee,worker_3,worker_3,MEM_MOVE,13.925696,0.108794,"RAM -> VRAM [Model: c70dc14b, Layer: f765a308]"
1175080.036907,4000,c70dc14b-62de-4f8f-807e-01990637cfee,worker_3,worker_3,GPU_COMPUTE,0.050000,0.050000,GPU Compute
1175080.036907,4000,c70dc14b-62de-4f8f-807e-01990637cfee,worker_3,worker_3,MEM_MOVE,0.000000,0.000000,"Wipe/Deallocate Layer from Memory [Model: c70dc14b, Layer: f765a308]"
1175080.194907,4000,c70dc14b-62de-4f8f-807e-01990637cfee,worker_3,coordinator_0,NET_TRANSFER,0.000100,0.158000,Signal Finished
1175650.582938,4000,c70dc14b-62de-4f8f-807e-01990637cfee,coordinator_0,worker_4,NET_TRANSFER,7.127975,570.388031,Distribute Layer ID: ad059c7e
1175650.638626,4000,c70dc14b-62de-4f8f-807e-01990637cfee,worker_4,worker_4,DISK_LOAD,7.127975,0.055687,"Disk -> RAM [Model: c70dc14b, Layer: ad059c7e]"
1175650.694313,4000,c70dc14b-62de-4f8f-807e-01990637cfee,worker_4,worker_4,MEM_MOVE,7.127975,0.055687,"RAM -> VRAM [Model: c70dc14b, Layer: ad059c7e]"
1175650.744313,4000,c70dc14b-62de-4f8f-807e-01990637cfee,worker_4,worker_4,GPU_COMPUTE,0.050000,0.050000,GPU Compute
1175650.744313,4000,c70dc14b-62de-4f8f-807e-01990637cfee,worker_4,worker_4,MEM_MOVE,0.000000,0.000000,"Wipe/Deallocate Layer from Memory [Model: c70dc14b, Layer: ad059c7e]"
1175650.902313,4000,c70dc14b-62de-4f8f-807e-01990637cfee,worker_4,coordinator_0,NET_TRANSFER,0.000100,0.158000,Signal Finished
1176421.944348,4000,c70dc14b-62de-4f8f-807e-01990637cfee,coordinator_0,worker_1,NET_TRANSFER,9.636150,771.042035,Distribute Layer ID: dd30f20d
1176422.019631,4000,c70dc14b-62de-4f8f-807e-01990637cfee,worker_1,worker_1,DISK_LOAD,9.636150,0.075282,"Disk -> RAM [Model: c70dc14b, Layer: dd30f20d]"
1176422.094913,4000,c70dc14b-62de-4f8f-807e-01990637cfee,worker_1,worker_1,MEM_MOVE,9.636150,0.075282,"RAM -> VRAM [Model: c70dc14b, Layer: dd30f20d]"
1176422.144913,4000,c70dc14b-62de-4f8f-807e-01990637cfee,worker_1,worker_1,GPU_COMPUTE,0.050000,0.050000,GPU Compute
1176422.144913,4000,c70dc14b-62de-4f8f-807e-01990637cfee,worker_1,worker_1,MEM_MOVE,0.000000,0.000000,"Wipe/Deallocate Layer from Memory [Model: c70dc14b, Layer: dd30f20d]"
1176422.302913,4000,c70dc14b-62de-4f8f-807e-01990637cfee,worker_1,coordinator_0,NET_TRANSFER,0.000100,0.158000,Signal Finished
1177410.772034,4000,c70dc14b-62de-4f8f-807e-01990637cfee,coordinator_0,worker_2,NET_TRANSFER,12.353989,988.469121,Distribute Layer ID: 4ed1e633
1177410.868550,4000,c70dc14b-62de-4f8f-807e-01990637cfee,worker_2,worker_2,DISK_LOAD,12.353989,0.096516,"Disk -> RAM [Model: c70dc14b, Layer: 4ed1e633]"
1177410.965065,4000,c70dc14b-62de-4f8f-807e-01990637cfee,worker_2,worker_2,MEM_MOVE,12.353989,0.096516,"RAM -> VRAM [Model: c70dc14b, Layer: 4ed1e633]"
1177411.015065,4000,c70dc14b-62de-4f8f-807e-01990637cfee,worker_2,worker_2,GPU_COMPUTE,0.050000,0.050000,GPU Compute
1177411.015065,4000,c70dc14b-62de-4f8f-807e-01990637cfee,worker_2,worker_2,MEM_MOVE,0.000000,0.000000,"Wipe/Deallocate Layer from Memory [Model: c70dc14b, Layer: 4ed1e633]"
1177411.173065,4000,c70dc14b-62de-4f8f-807e-01990637cfee,worker_2,coordinator_0,NET_TRANSFER,0.000100,0.158000,Signal Finished
1178227.952301,4000,c70dc14b-62de-4f8f-807e-01990637cfee,coordinator_0,worker_3,NET_TRANSFER,10.207865,816.779235,Distribute Layer ID: faa7ba50
1178228.032049,4000,c70dc14b-62de-4f8f-807e-01990637cfee,worker_3,worker_3,DISK_LOAD,10.207865,0.079749,"Disk -> RAM [Model: c70dc14b, Layer: faa7ba50]"
1178228.111798,4000,c70dc14b-62de-4f8f-807e-01990637cfee,worker_3,worker_3,MEM_MOVE,10.207865,0.079749,"RAM -> VRAM [Model: c70dc14b, Layer: faa7ba50]"
1178228.161798,4000,c70dc14b-62de-4f8f-807e-01990637cfee,worker_3,worker_3,GPU_COMPUTE,0.050000,0.050000,GPU Compute
1178228.161798,4000,c70dc14b-62de-4f8f-807e-01990637cfee,worker_3,worker_3,MEM_MOVE,0.000000,0.000000,"Wipe/Deallocate Layer from Memory [Model: c70dc14b, Layer: faa7ba50]"
1178228.319798,4000,c70dc14b-62de-4f8f-807e-01990637cfee,worker_3,coordinator_0,NET_TRANSFER,0.000100,0.158000,Signal Finished
1179329.514248,4000,c70dc14b-62de-4f8f-807e-01990637cfee,coordinator_0,worker_4,NET_TRANSFER,13.763056,1101.194450,Distribute Layer ID: 19605faf
1179329.621772,4000,c70dc14b-62de-4f8f-807e-01990637cfee,worker_4,worker_4,DISK_LOAD,13.763056,0.107524,"Disk -> RAM [Model: c70dc14b, Layer: 19605faf]"
1179329.729296,4000,c70dc14b-62de-4f8f-807e-01990637cfee,worker_4,worker_4,MEM_MOVE,13.763056,0.107524,"RAM -> VRAM [Model: c70dc14b, Layer: 19605faf]"
1179329.779296,4000,c70dc14b-62de-4f8f-807e-01990637cfee,worker_4,worker_4,GPU_COMPUTE,0.050000,0.050000,GPU Compute
1179329.779296,4000,c70dc14b-62de-4f8f-807e-01990637cfee,worker_4,worker_4,MEM_MOVE,0.000000,0.000000,"Wipe/Deallocate Layer from Memory [Model: c70dc14b, Layer: 19605faf]"
1179329.937296,4000,c70dc14b-62de-4f8f-807e-01990637cfee,worker_4,coordinator_0,NET_TRANSFER,0.000100,0.158000,Signal Finished
1180512.010464,4000,c70dc14b-62de-4f8f-807e-01990637cfee,coordinator_0,worker_1,NET_TRANSFER,14.774040,1182.073169,Distribute Layer ID: eaee6b92
1180512.125887,4000,c70dc14b-62de-4f8f-807e-01990637cfee,worker_1,worker_1,DISK_LOAD,14.774040,0.115422,"Disk -> RAM [Model: c70dc14b, Layer: eaee6b92]"
1180512.241309,4000,c70dc14b-62de-4f8f-807e-01990637cfee,worker_1,worker_1,MEM_MOVE,14.774040,0.115422,"RAM -> VRAM [Model: c70dc14b, Layer: eaee6b92]"
1180512.291309,4000,c70dc14b-62de-4f8f-807e-01990637cfee,worker_1,worker_1,GPU_COMPUTE,0.050000,0.050000,GPU Compute
1180512.291309,4000,c70dc14b-62de-4f8f-807e-01990637cfee,worker_1,worker_1,MEM_MOVE,0.000000,0.000000,"Wipe/Deallocate Layer from Memory [Model: c70dc14b, Layer: eaee6b92]"
1180512.449309,4000,c70dc14b-62de-4f8f-807e-01990637cfee,worker_1,coordinator_0,NET_TRANSFER,0.000100,0.158000,Signal Finished
1181722.003046,4000,c70dc14b-62de-4f8f-807e-01990637cfee,coordinator_0,worker_2,NET_TRANSFER,15.117547,1209.553737,Distribute Layer ID: 33ea35ec
1181722.121152,4000,c70dc14b-62de-4f8f-807e-01990637cfee,worker_2,worker_2,DISK_LOAD,15.117547,0.118106,"Disk -> RAM [Model: c70dc14b, Layer: 33ea35ec]"
1181722.239258,4000,c70dc14b-62de-4f8f-807e-01990637cfee,worker_2,worker_2,MEM_MOVE,15.117547,0.118106,"RAM -> VRAM [Model: c70dc14b, Layer: 33ea35ec]"
1181722.289258,4000,c70dc14b-62de-4f8f-807e-01990637cfee,worker_2,worker_2,GPU_COMPUTE,0.050000,0.050000,GPU Compute
1181722.289258,4000,c70dc14b-62de-4f8f-807e-01990637cfee,worker_2,worker_2,MEM_MOVE,0.000000,0.000000,"Wipe/Deallocate Layer from Memory [Model: c70dc14b, Layer: 33ea35ec]"
1181722.447258,4000,c70dc14b-62de-4f8f-807e-01990637cfee,worker_2,coordinator_0,NET_TRANSFER,0.000100,0.158000,Signal Finished
1182130.327505,4000,c70dc14b-62de-4f8f-807e-01990637cfee,coordinator_0,worker_3,NET_TRANSFER,5.096628,407.880247,Distribute Layer ID: 84873343
1182130.367322,4000,c70dc14b-62de-4f8f-807e-01990637cfee,worker_3,worker_3,DISK_LOAD,5.096628,0.039817,"Disk -> RAM [Model: c70dc14b, Layer: 84873343]"
1182130.407139,4000,c70dc14b-62de-4f8f-807e-01990637cfee,worker_3,worker_3,MEM_MOVE,5.096628,0.039817,"RAM -> VRAM [Model: c70dc14b, Layer: 84873343]"
1182130.457139,4000,c70dc14b-62de-4f8f-807e-01990637cfee,worker_3,worker_3,GPU_COMPUTE,0.050000,0.050000,GPU Compute
1182130.457139,4000,c70dc14b-62de-4f8f-807e-01990637cfee,worker_3,worker_3,MEM_MOVE,0.000000,0.000000,"Wipe/Deallocate Layer from Memory [Model: c70dc14b, Layer: 84873343]"
1182130.615139,4000,c70dc14b-62de-4f8f-807e-01990637cfee,worker_3,coordinator_0,NET_TRANSFER,0.000100,0.158000,Signal Finished
1183008.566585,4000,c70dc14b-62de-4f8f-807e-01990637cfee,coordinator_0,worker_4,NET_TRANSFER,10.972518,877.951445,Distribute Layer ID: 178a063f
1183008.652307,4000,c70dc14b-62de-4f8f-807e-01990637cfee,worker_4,worker_4,DISK_LOAD,10.972518,0.085723,"Disk -> RAM [Model: c70dc14b, Layer: 178a063f]"
1183008.738030,4000,c70dc14b-62de-4f8f-807e-01990637cfee,worker_4,worker_4,MEM_MOVE,10.972518,0.085723,"RAM -> VRAM [Model: c70dc14b, Layer: 178a063f]"
1183008.788030,4000,c70dc14b-62de-4f8f-807e-01990637cfee,worker_4,worker_4,GPU_COMPUTE,0.050000,0.050000,GPU Compute
1183008.788030,4000,c70dc14b-62de-4f8f-807e-01990637cfee,worker_4,worker_4,MEM_MOVE,0.000000,0.000000,"Wipe/Deallocate Layer from Memory [Model: c70dc14b, Layer: 178a063f]"
1183008.946030,4000,c70dc14b-62de-4f8f-807e-01990637cfee,worker_4,coordinator_0,NET_TRANSFER,0.000100,0.158000,Signal Finished
1183528.771622,4000,c70dc14b-62de-4f8f-807e-01990637cfee,coordinator_0,worker_1,NET_TRANSFER,6.495945,519.825592,Distribute Layer ID: 9d672df5
1183528.822371,4000,c70dc14b-62de-4f8f-807e-01990637cfee,worker_1,worker_1,DISK_LOAD,6.495945,0.050750,"Disk -> RAM [Model: c70dc14b, Layer: 9d672df5]"
1183528.873121,4000,c70dc14b-62de-4f8f-807e-01990637cfee,worker_1,worker_1,MEM_MOVE,6.495945,0.050750,"RAM -> VRAM [Model: c70dc14b, Layer: 9d672df5]"
1183528.923121,4000,c70dc14b-62de-4f8f-807e-01990637cfee,worker_1,worker_1,GPU_COMPUTE,0.050000,0.050000,GPU Compute
1183528.923121,4000,c70dc14b-62de-4f8f-807e-01990637cfee,worker_1,worker_1,MEM_MOVE,0.000000,0.000000,"Wipe/Deallocate Layer from Memory [Model: c70dc14b, Layer: 9d672df5]"
1183529.081121,4000,c70dc14b-62de-4f8f-807e-01990637cfee,worker_1,coordinator_0,NET_TRANSFER,0.000100,0.158000,Signal Finished
1183960.428310,4000,c70dc14b-62de-4f8f-807e-01990637cfee,coordinator_0,worker_2,NET_TRANSFER,5.389965,431.347189,Distribute Layer ID: 68683dde
1183960.470419,4000,c70dc14b-62de-4f8f-807e-01990637cfee,worker_2,worker_2,DISK_LOAD,5.389965,0.042109,"Disk -> RAM [Model: c70dc14b, Layer: 68683dde]"
1183960.512528,4000,c70dc14b-62de-4f8f-807e-01990637cfee,worker_2,worker_2,MEM_MOVE,5.389965,0.042109,"RAM -> VRAM [Model: c70dc14b, Layer: 68683dde]"
1183960.562528,4000,c70dc14b-62de-4f8f-807e-01990637cfee,worker_2,worker_2,GPU_COMPUTE,0.050000,0.050000,GPU Compute
1183960.562528,4000,c70dc14b-62de-4f8f-807e-01990637cfee,worker_2,worker_2,MEM_MOVE,0.000000,0.000000,"Wipe/Deallocate Layer from Memory [Model: c70dc14b, Layer: 68683dde]"
1183960.720528,4000,c70dc14b-62de-4f8f-807e-01990637cfee,worker_2,coordinator_0,NET_TRANSFER,0.000100,0.158000,Signal Finished
1184637.857945,4000,c70dc14b-62de-4f8f-807e-01990637cfee,coordinator_0,worker_3,NET_TRANSFER,8.462343,677.137417,Distribute Layer ID: 839fb294
1184637.924057,4000,c70dc14b-62de-4f8f-807e-01990637cfee,worker_3,worker_3,DISK_LOAD,8.462343,0.066112,"Disk -> RAM [Model: c70dc14b, Layer: 839fb294]"
1184637.990170,4000,c70dc14b-62de-4f8f-807e-01990637cfee,worker_3,worker_3,MEM_MOVE,8.462343,0.066112,"RAM -> VRAM [Model: c70dc14b, Layer: 839fb294]"
1184638.040170,4000,c70dc14b-62de-4f8f-807e-01990637cfee,worker_3,worker_3,GPU_COMPUTE,0.050000,0.050000,GPU Compute
1184638.040170,4000,c70dc14b-62de-4f8f-807e-01990637cfee,worker_3,worker_3,MEM_MOVE,0.000000,0.000000,"Wipe/Deallocate Layer from Memory [Model: c70dc14b, Layer: 839fb294]"
1184638.198170,4000,c70dc14b-62de-4f8f-807e-01990637cfee,worker_3,coordinator_0,NET_TRANSFER,0.000100,0.158000,Signal Finished
1185099.163489,4000,c70dc14b-62de-4f8f-807e-01990637cfee,coordinator_0,worker_4,NET_TRANSFER,5.760191,460.965320,Distribute Layer ID: ea312eba
1185099.208491,4000,c70dc14b-62de-4f8f-807e-01990637cfee,worker_4,worker_4,DISK_LOAD,5.760191,0.045001,"Disk -> RAM [Model: c70dc14b, Layer: ea312eba]"
1185099.253492,4000,c70dc14b-62de-4f8f-807e-01990637cfee,worker_4,worker_4,MEM_MOVE,5.760191,0.045001,"RAM -> VRAM [Model: c70dc14b, Layer: ea312eba]"
1185099.303492,4000,c70dc14b-62de-4f8f-807e-01990637cfee,worker_4,worker_4,GPU_COMPUTE,0.050000,0.050000,GPU Compute
1185099.303492,4000,c70dc14b-62de-4f8f-807e-01990637cfee,worker_4,worker_4,MEM_MOVE,0.000000,0.000000,"Wipe/Deallocate Layer from Memory [Model: c70dc14b, Layer: ea312eba]"
1185099.461492,4000,c70dc14b-62de-4f8f-807e-01990637cfee,worker_4,coordinator_0,NET_TRANSFER,0.000100,0.158000,Signal Finished
1185768.778749,4000,c70dc14b-62de-4f8f-807e-01990637cfee,coordinator_0,worker_1,NET_TRANSFER,8.364591,669.317257,Distribute Layer ID: c4e0c7f2
1185768.844097,4000,c70dc14b-62de-4f8f-807e-01990637cfee,worker_1,worker_1,DISK_LOAD,8.364591,0.065348,"Disk -> RAM [Model: c70dc14b, Layer: c4e0c7f2]"
1185768.909446,4000,c70dc14b-62de-4f8f-807e-01990637cfee,worker_1,worker_1,MEM_MOVE,8.364591,0.065348,"RAM -> VRAM [Model: c70dc14b, Layer: c4e0c7f2]"
1185768.959446,4000,c70dc14b-62de-4f8f-807e-01990637cfee,worker_1,worker_1,GPU_COMPUTE,0.050000,0.050000,GPU Compute
1185768.959446,4000,c70dc14b-62de-4f8f-807e-01990637cfee,worker_1,worker_1,MEM_MOVE,0.000000,0.000000,"Wipe/Deallocate Layer from Memory [Model: c70dc14b, Layer: c4e0c7f2]"
1185769.117446,4000,c70dc14b-62de-4f8f-807e-01990637cfee,worker_1,coordinator_0,NET_TRANSFER,0.000100,0.158000,Signal Finished
1186957.342176,4000,c70dc14b-62de-4f8f-807e-01990637cfee,coordinator_0,worker_2,NET_TRANSFER,14.850934,1188.224731,Distribute Layer ID: 7495f789
1186957.458199,4000,c70dc14b-62de-4f8f-807e-01990637cfee,worker_2,worker_2,DISK_LOAD,14.850934,0.116023,"Disk -> RAM [Model: c70dc14b, Layer: 7495f789]"
1186957.574222,4000,c70dc14b-62de-4f8f-807e-01990637cfee,worker_2,worker_2,MEM_MOVE,14.850934,0.116023,"RAM -> VRAM [Model: c70dc14b, Layer: 7495f789]"
1186957.624222,4000,c70dc14b-62de-4f8f-807e-01990637cfee,worker_2,worker_2,GPU_COMPUTE,0.050000,0.050000,GPU Compute
1186957.624222,4000,c70dc14b-62de-4f8f-807e-01990637cfee,worker_2,worker_2,MEM_MOVE,0.000000,0.000000,"Wipe/Deallocate Layer from Memory [Model: c70dc14b, Layer: 7495f789]"
1186957.782222,4000,c70dc14b-62de-4f8f-807e-01990637cfee,worker_2,coordinator_0,NET_TRANSFER,0.000100,0.158000,Signal Finished
1187858.945823,4000,c70dc14b-62de-4f8f-807e-01990637cfee,coordinator_0,worker_3,NET_TRANSFER,11.262670,901.163600,Distribute Layer ID: 9a7dae90
1187859.033812,4000,c70dc14b-62de-4f8f-807e-01990637cfee,worker_3,worker_3,DISK_LOAD,11.262670,0.087990,"Disk -> RAM [Model: c70dc14b, Layer: 9a7dae90]"
1187859.121802,4000,c70dc14b-62de-4f8f-807e-01990637cfee,worker_3,worker_3,MEM_MOVE,11.262670,0.087990,"RAM -> VRAM [Model: c70dc14b, Layer: 9a7dae90]"
1187859.171802,4000,c70dc14b-62de-4f8f-807e-01990637cfee,worker_3,worker_3,GPU_COMPUTE,0.050000,0.050000,GPU Compute
1187859.171802,4000,c70dc14b-62de-4f8f-807e-01990637cfee,worker_3,worker_3,MEM_MOVE,0.000000,0.000000,"Wipe/Deallocate Layer from Memory [Model: c70dc14b, Layer: 9a7dae90]"
1187859.329802,4000,c70dc14b-62de-4f8f-807e-01990637cfee,worker_3,coordinator_0,NET_TRANSFER,0.000100,0.158000,Signal Finished
1188862.475369,4000,c70dc14b-62de-4f8f-807e-01990637cfee,coordinator_0,worker_4,NET_TRANSFER,12.537445,1003.145567,Distribute Layer ID: 8c5486be
1188862.573318,4000,c70dc14b-62de-4f8f-807e-01990637cfee,worker_4,worker_4,DISK_LOAD,12.537445,0.097949,"Disk -> RAM [Model: c70dc14b, Layer: 8c5486be]"
1188862.671267,4000,c70dc14b-62de-4f8f-807e-01990637cfee,worker_4,worker_4,MEM_MOVE,12.537445,0.097949,"RAM -> VRAM [Model: c70dc14b, Layer: 8c5486be]"
1188862.721267,4000,c70dc14b-62de-4f8f-807e-01990637cfee,worker_4,worker_4,GPU_COMPUTE,0.050000,0.050000,GPU Compute
1188862.721267,4000,c70dc14b-62de-4f8f-807e-01990637cfee,worker_4,worker_4,MEM_MOVE,0.000000,0.000000,"Wipe/Deallocate Layer from Memory [Model: c70dc14b, Layer: 8c5486be]"
1188862.879267,4000,c70dc14b-62de-4f8f-807e-01990637cfee,worker_4,coordinator_0,NET_TRANSFER,0.000100,0.158000,Signal Finished
1189835.882797,4000,c70dc14b-62de-4f8f-807e-01990637cfee,coordinator_0,worker_1,NET_TRANSFER,12.160669,973.003530,Distribute Layer ID: 01aed7f7
1189835.977802,4000,c70dc14b-62de-4f8f-807e-01990637cfee,worker_1,worker_1,DISK_LOAD,12.160669,0.095005,"Disk -> RAM [Model: c70dc14b, Layer: 01aed7f7]"
1189836.072808,4000,c70dc14b-62de-4f8f-807e-01990637cfee,worker_1,worker_1,MEM_MOVE,12.160669,0.095005,"RAM -> VRAM [Model: c70dc14b, Layer: 01aed7f7]"
1189836.122808,4000,c70dc14b-62de-4f8f-807e-01990637cfee,worker_1,worker_1,GPU_COMPUTE,0.050000,0.050000,GPU Compute
1189836.122808,4000,c70dc14b-62de-4f8f-807e-01990637cfee,worker_1,worker_1,MEM_MOVE,0.000000,0.000000,"Wipe/Deallocate Layer from Memory [Model: c70dc14b, Layer: 01aed7f7]"
1189836.280808,4000,c70dc14b-62de-4f8f-807e-01990637cfee,worker_1,coordinator_0,NET_TRANSFER,0.000100,0.158000,Signal Finished
1190836.192287,4000,c70dc14b-62de-4f8f-807e-01990637cfee,coordinator_0,worker_2,NET_TRANSFER,12.497018,999.911479,Distribute Layer ID: fb8e97fa
1190836.289920,4000,c70dc14b-62de-4f8f-807e-01990637cfee,worker_2,worker_2,DISK_LOAD,12.497018,0.097633,"Disk -> RAM [Model: c70dc14b, Layer: fb8e97fa]"
1190836.387553,4000,c70dc14b-62de-4f8f-807e-01990637cfee,worker_2,worker_2,MEM_MOVE,12.497018,0.097633,"RAM -> VRAM [Model: c70dc14b, Layer: fb8e97fa]"
1190836.437553,4000,c70dc14b-62de-4f8f-807e-01990637cfee,worker_2,worker_2,GPU_COMPUTE,0.050000,0.050000,GPU Compute
1190836.437553,4000,c70dc14b-62de-4f8f-807e-01990637cfee,worker_2,worker_2,MEM_MOVE,0.000000,0.000000,"Wipe/Deallocate Layer from Memory [Model: c70dc14b, Layer: fb8e97fa]"
1190836.595553,4000,c70dc14b-62de-4f8f-807e-01990637cfee,worker_2,coordinator_0,NET_TRANSFER,0.000100,0.158000,Signal Finished
1191541.176526,4000,c70dc14b-62de-4f8f-807e-01990637cfee,coordinator_0,worker_3,NET_TRANSFER,8.805387,704.580973,Distribute Layer ID: 06e19e52
1191541.245318,4000,c70dc14b-62de-4f8f-807e-01990637cfee,worker_3,worker_3,DISK_LOAD,8.805387,0.068792,"Disk -> RAM [Model: c70dc14b, Layer: 06e19e52]"
1191541.314110,4000,c70dc14b-62de-4f8f-807e-01990637cfee,worker_3,worker_3,MEM_MOVE,8.805387,0.068792,"RAM -> VRAM [Model: c70dc14b, Layer: 06e19e52]"
1191541.364110,4000,c70dc14b-62de-4f8f-807e-01990637cfee,worker_3,worker_3,GPU_COMPUTE,0.050000,0.050000,GPU Compute
1191541.364110,4000,c70dc14b-62de-4f8f-807e-01990637cfee,worker_3,worker_3,MEM_MOVE,0.000000,0.000000,"Wipe/Deallocate Layer from Memory [Model: c70dc14b, Layer: 06e19e52]"
1191541.522110,4000,c70dc14b-62de-4f8f-807e-01990637cfee,worker_3,coordinator_0,NET_TRANSFER,0.000100,0.158000,Signal Finished
1192097.082817,4000,c70dc14b-62de-4f8f-807e-01990637cfee,coordinator_0,worker_4,NET_TRANSFER,6.942634,555.560707,Distribute Layer ID: d456a150
1192097.137056,4000,c70dc14b-62de-4f8f-807e-01990637cfee,worker_4,worker_4,DISK_LOAD,6.942634,0.054239,"Disk -> RAM [Model: c70dc14b, Layer: d456a150]"
1192097.191295,4000,c70dc14b-62de-4f8f-807e-01990637cfee,worker_4,worker_4,MEM_MOVE,6.942634,0.054239,"RAM -> VRAM [Model: c70dc14b, Layer: d456a150]"
1192097.241295,4000,c70dc14b-62de-4f8f-807e-01990637cfee,worker_4,worker_4,GPU_COMPUTE,0.050000,0.050000,GPU Compute
1192097.241295,4000,c70dc14b-62de-4f8f-807e-01990637cfee,worker_4,worker_4,MEM_MOVE,0.000000,0.000000,"Wipe/Deallocate Layer from Memory [Model: c70dc14b, Layer: d456a150]"
1192097.399295,4000,c70dc14b-62de-4f8f-807e-01990637cfee,worker_4,coordinator_0,NET_TRANSFER,0.000100,0.158000,Signal Finished
1192586.265473,4000,c70dc14b-62de-4f8f-807e-01990637cfee,coordinator_0,worker_1,NET_TRANSFER,6.108952,488.866178,Distribute Layer ID: d3f40b46
1192586.313199,4000,c70dc14b-62de-4f8f-807e-01990637cfee,worker_1,worker_1,DISK_LOAD,6.108952,0.047726,"Disk -> RAM [Model: c70dc14b, Layer: d3f40b46]"
1192586.360926,4000,c70dc14b-62de-4f8f-807e-01990637cfee,worker_1,worker_1,MEM_MOVE,6.108952,0.047726,"RAM -> VRAM [Model: c70dc14b, Layer: d3f40b46]"
1192586.410926,4000,c70dc14b-62de-4f8f-807e-01990637cfee,worker_1,worker_1,GPU_COMPUTE,0.050000,0.050000,GPU Compute
1192586.410926,4000,c70dc14b-62de-4f8f-807e-01990637cfee,worker_1,worker_1,MEM_MOVE,0.000000,0.000000,"Wipe/Deallocate Layer from Memory [Model: c70dc14b, Layer: d3f40b46]"
1192586.568926,4000,c70dc14b-62de-4f8f-807e-01990637cfee,worker_1,coordinator_0,NET_TRANSFER,0.000100,0.158000,Signal Finished
1193296.365114,4000,c70dc14b-62de-4f8f-807e-01990637cfee,coordinator_0,worker_2,NET_TRANSFER,8.870577,709.796189,Distribute Layer ID: 2ee54ec4
1193296.434416,4000,c70dc14b-62de-4f8f-807e-01990637cfee,worker_2,worker_2,DISK_LOAD,8.870577,0.069301,"Disk -> RAM [Model: c70dc14b, Layer: 2ee54ec4]"
1193296.503717,4000,c70dc14b-62de-4f8f-807e-01990637cfee,worker_2,worker_2,MEM_MOVE,8.870577,0.069301,"RAM -> VRAM [Model: c70dc14b, Layer: 2ee54ec4]"
1193296.553717,4000,c70dc14b-62de-4f8f-807e-01990637cfee,worker_2,worker_2,GPU_COMPUTE,0.050000,0.050000,GPU Compute
1193296.553717,4000,c70dc14b-62de-4f8f-807e-01990637cfee,worker_2,worker_2,MEM_MOVE,0.000000,0.000000,"Wipe/Deallocate Layer from Memory [Model: c70dc14b, Layer: 2ee54ec4]"
1193296.711717,4000,c70dc14b-62de-4f8f-807e-01990637cfee,worker_2,coordinator_0,NET_TRANSFER,0.000100,0.158000,Signal Finished
1193679.881582,1000,bd0c7555-7508-4f24-995f-8f7876638404,coordinator_0,worker_2,NET_TRANSFER,4.787748,383.169865,Distribute Layer ID: eb84297d
1193679.918986,1000,bd0c7555-7508-4f24-995f-8f7876638404,worker_2,worker_2,DISK_LOAD,4.787748,0.037404,"Disk -> RAM [Model: bd0c7555, Layer: eb84297d]"
1193679.956391,1000,bd0c7555-7508-4f24-995f-8f7876638404,worker_2,worker_2,MEM_MOVE,4.787748,0.037404,"RAM -> VRAM [Model: bd0c7555, Layer: eb84297d]"
1193680.006391,1000,bd0c7555-7508-4f24-995f-8f7876638404,worker_2,worker_2,GPU_COMPUTE,0.050000,0.050000,GPU Compute
1193680.006391,1000,bd0c7555-7508-4f24-995f-8f7876638404,worker_2,worker_2,MEM_MOVE,0.000000,0.000000,"Wipe/Deallocate Layer from Memory [Model: bd0c7555, Layer: eb84297d]"
1193680.164391,5005,c63195df-94aa-4094-99e3-c6a0cd83a683,client_5,coordinator_0,NET_TRANSFER,0.000100,0.158000,Request Model ID
1193680.322391,4005,0dddaaa0-da24-40da-8039-caf51123b642,client_4,coordinator_0,NET_TRANSFER,0.000100,0.158000,Request Model ID
1193680.480391,9005,c8b627aa-c753-4597-9919-37d80da8271e,client_9,coordinator_0,NET_TRANSFER,0.000100,0.158000,Request Model ID
1193680.638391,6004,65477b2b-84c3-4061-b41d-a090a83da64f,client_6,coordinator_0,NET_TRANSFER,0.000100,0.158000,Request Model ID
1193680.796391,4005,356e9b46-2a29-4c8e-bcc3-416d0c1cd704,client_4,coordinator_0,NET_TRANSFER,0.000100,0.158000,Request Model ID
1193680.954391,3004,65477b2b-84c3-4061-b41d-a090a83da64f,client_3,coordinator_0,NET_TRANSFER,0.000100,0.158000,Request Model ID
1193681.112391,3005,839eec0a-12fb-43ce-9546-c6fcdd350ddf,client_3,coordinator_0,NET_TRANSFER,0.000100,0.158000,Request Model ID
1193681.270391,5004,e29625e7-302b-454c-89b9-d52cfcd03863,client_5,coordinator_0,NET_TRANSFER,0.000100,0.158000,Request Model ID
1193681.428391,7004,4ba0b602-87a9-4d22-b101-77b6b40d86a4,client_7,coordinator_0,NET_TRANSFER,0.000100,0.158000,Request Model ID
1193681.586391,8005,cfc45a4e-2fdb-48da-a83d-d1b0979b56cb,client_8,coordinator_0,NET_TRANSFER,0.000100,0.158000,Request Model ID
1193681.744391,3005,c70dc14b-62de-4f8f-807e-01990637cfee,client_3,coordinator_0,NET_TRANSFER,0.000100,0.158000,Request Model ID
1193681.902391,10005,d545a4bc-3a0f-4514-bf26-1cbfffac1f98,client_10,coordinator_0,NET_TRANSFER,0.000100,0.158000,Request Model ID
1193682.060391,7005,0dddaaa0-da24-40da-8039-caf51123b642,client_7,coordinator_0,NET_TRANSFER,0.000100,0.158000,Request Model ID
1193682.218391,7005,198397c2-b9d8-4c4d-81d6-2b0152787c94,client_7,coordinator_0,NET_TRANSFER,0.000100,0.158000,Request Model ID
1193682.376391,7005,f4e8236d-3bac-4a5a-bc2a-52927bacb8bb,client_7,coordinator_0,NET_TRANSFER,0.000100,0.158000,Request Model ID
1193682.534391,1005,a28e3970-da86-45fa-affc-65dcd0558159,client_1,coordinator_0,NET_TRANSFER,0.000100,0.158000,Request Model ID
1193682.692391,5005,6724fe5b-01f4-4d88-8014-0377674aee20,client_5,coordinator_0,NET_TRANSFER,0.000100,0.158000,Request Model ID
1193682.850391,9005,356e9b46-2a29-4c8e-bcc3-416d0c1cd704,client_9,coordinator_0,NET_TRANSFER,0.000100,0.158000,Request Model ID
1193683.008391,10004,e29625e7-302b-454c-89b9-d52cfcd03863,client_10,coordinator_0,NET_TRANSFER,0.000100,0.158000,Request Model ID
1193683.166391,1005,54f520b0-39a9-4b3f-8c68-ef80c338608e,client_1,coordinator_0,NET_TRANSFER,0.000100,0.158000,Request Model ID
1193683.324391,7005,f4e8236d-3bac-4a5a-bc2a-52927bacb8bb,client_7,coordinator_0,NET_TRANSFER,0.000100,0.158000,Request Model ID
1193683.482391,9006,ad0d9656-07af-4c9c-9ff2-7b7ad5f3b3f2,client_9,coordinator_0,NET_TRANSFER,0.000100,0.158000,Request Model ID
1193683.640391,6006,c8b627aa-c753-4597-9919-37d80da8271e,client_6,coordinator_0,NET_TRANSFER,0.000100,0.158000,Request Model ID
1193683.798391,8006,87805db1-7116-4cbf-abf5-3bf14bbef0be,client_8,coordinator_0,NET_TRANSFER,0.000100,0.158000,Request Model ID
1193683.956391,5006,4e7d39e3-213c-4023-adde-abcecb3601df,client_5,coordinator_0,NET_TRANSFER,0.000100,0.158000,Request Model ID
1193684.114391,10006,54f520b0-39a9-4b3f-8c68-ef80c338608e,client_10,coordinator_0,NET_TRANSFER,0.000100,0.158000,Request Model ID
1193684.272391,2006,87805db1-7116-4cbf-abf5-3bf14bbef0be,client_2,coordinator_0,NET_TRANSFER,0.000100,0.158000,Request Model ID
1193684.430391,10006,6866045f-7c20-413e-969a-49cc562754e6,client_10,coordinator_0,NET_TRANSFER,0.000100,0.158000,Request Model ID
1193684.588391,10006,87805db1-7116-4cbf-abf5-3bf14bbef0be,client_10,coordinator_0,NET_TRANSFER,0.000100,0.158000,Request Model ID
1193684.746391,4006,65477b2b-84c3-4061-b41d-a090a83da64f,client_4,coordinator_0,NET_TRANSFER,0.000100,0.158000,Request Model ID
1193684.904391,9006,4e7d39e3-213c-4023-adde-abcecb3601df,client_9,coordinator_0,NET_TRANSFER,0.000100,0.158000,Request Model ID
1193685.062391,8006,bd0c7555-7508-4f24-995f-8f7876638404,client_8,coordinator_0,NET_TRANSFER,0.000100,0.158000,Request Model ID
1193685.220391,4006,c70dc14b-62de-4f8f-807e-01990637cfee,client_4,coordinator_0,NET_TRANSFER,0.000100,0.158000,Request Model ID
1193685.378391,8006,4ba0b602-87a9-4d22-b101-77b6b40d86a4,client_8,coordinator_0,NET_TRANSFER,0.000100,0.158000,Request Model ID
1193685.536391,9006,a79d6eab-63d5-456d-acd6-efea895af322,client_9,coordinator_0,NET_TRANSFER,0.000100,0.158000,Request Model ID
1193685.694391,4006,0dddaaa0-da24-40da-8039-caf51123b642,client_4,coordinator_0,NET_TRANSFER,0.000100,0.158000,Request Model ID
1193685.852391,1006,6724fe5b-01f4-4d88-8014-0377674aee20,client_1,coordinator_0,NET_TRANSFER,0.000100,0.158000,Request Model ID
1193686.010391,7006,f3103222-8d0b-4c7c-bf92-28ec44d6bad6,client_7,coordinator_0,NET_TRANSFER,0.000100,0.158000,Request Model ID
1193686.168391,1006,2689c22d-d78c-4127-a74c-3cc88d4cc4da,client_1,coordinator_0,NET_TRANSFER,0.000100,0.158000,Request Model ID
1193686.326391,1006,c70dc14b-62de-4f8f-807e-01990637cfee,client_1,coordinator_0,NET_TRANSFER,0.000100,0.158000,Request Model ID
1193686.484391,3006,0dddaaa0-da24-40da-8039-caf51123b642,client_3,coordinator_0,NET_TRANSFER,0.000100,0.158000,Request Model ID
1193686.642391,10006,9756b9a8-e47e-41d3-a26d-bfa827451023,client_10,coordinator_0,NET_TRANSFER,0.000100,0.158000,Request Model ID
1193686.800391,5006,0c814a93-6f1a-40bc-a0d1-6b9e15a8bc47,client_5,coordinator_0,NET_TRANSFER,0.000100,0.158000,Request Model ID
1193686.958391,2006,a28e3970-da86-45fa-affc-65dcd0558159,client_2,coordinator_0,NET_TRANSFER,0.000100,0.158000,Request Model ID
1193687.116391,4006,90d2b33a-8379-4cfb-92e7-33e022e636c7,client_4,coordinator_0,NET_TRANSFER,0.000100,0.158000,Request Model ID
1193687.274391,7006,718ac69c-3b4b-44dd-a315-e303a3a2c9d9,client_7,coordinator_0,NET_TRANSFER,0.000100,0.158000,Request Model ID
1193687.432391,5006,8f8d56cf-a64d-4894-ad63-cc75da090995,client_5,coordinator_0,NET_TRANSFER,0.000100,0.158000,Request Model ID
1193687.590391,9006,a79d6eab-63d5-456d-acd6-efea895af322,client_9,coordinator_0,NET_TRANSFER,0.000100,0.158000,Request Model ID
1193687.748391,3006,c63195df-94aa-4094-99e3-c6a0cd83a683,client_3,coordinator_0,NET_TRANSFER,0.000100,0.158000,Request Model ID
1193687.906391,1000,bd0c7555-7508-4f24-995f-8f7876638404,worker_2,coordinator_0,NET_TRANSFER,0.000100,0.158000,Signal Finished
1194777.108659,1000,bd0c7555-7508-4f24-995f-8f7876638404,coordinator_0,worker_3,NET_TRANSFER,13.613153,1089.202268,Distribute Layer ID: bf2f8d6b
1194777.215012,1000,bd0c7555-7508-4f24-995f-8f7876638404,worker_3,worker_3,DISK_LOAD,13.613153,0.106353,"Disk -> RAM [Model: bd0c7555, Layer: bf2f8d6b]"
1194777.321364,1000,bd0c7555-7508-4f24-995f-8f7876638404,worker_3,worker_3,MEM_MOVE,13.613153,0.106353,"RAM -> VRAM [Model: bd0c7555, Layer: bf2f8d6b]"
1194777.371364,1000,bd0c7555-7508-4f24-995f-8f7876638404,worker_3,worker_3,GPU_COMPUTE,0.050000,0.050000,GPU Compute
1194777.371364,1000,bd0c7555-7508-4f24-995f-8f7876638404,worker_3,worker_3,MEM_MOVE,0.000000,0.000000,"Wipe/Deallocate Layer from Memory [Model: bd0c7555, Layer: bf2f8d6b]"
1194777.529364,5006,4f4ec27a-26d2-47e6-ad9b-bb575c60b698,client_5,coordinator_0,NET_TRANSFER,0.000100,0.158000,Request Model ID
1194777.687364,6007,87805db1-7116-4cbf-abf5-3bf14bbef0be,client_6,coordinator_0,NET_TRANSFER,0.000100,0.158000,Request Model ID
1194777.845364,2006,d545a4bc-3a0f-4514-bf26-1cbfffac1f98,client_2,coordinator_0,NET_TRANSFER,0.000100,0.158000,Request Model ID
1194778.003364,6006,d681adae-a2b4-44cd-8616-f8e1e8da12ad,client_6,coordinator_0,NET_TRANSFER,0.000100,0.158000,Request Model ID
1194778.161364,6006,44e412ff-afaa-496f-ab7e-5bab5d820734,client_6,coordinator_0,NET_TRANSFER,0.000100,0.158000,Request Model ID
1194778.319364,4007,f3103222-8d0b-4c7c-bf92-28ec44d6bad6,client_4,coordinator_0,NET_TRANSFER,0.000100,0.158000,Request Model ID
1194778.477364,4007,0c814a93-6f1a-40bc-a0d1-6b9e15a8bc47,client_4,coordinator_0,NET_TRANSFER,0.000100,0.158000,Request Model ID
1194778.635364,5007,5c9ce36a-2b74-4ea7-8e23-d9b1ed951ad5,client_5,coordinator_0,NET_TRANSFER,0.000100,0.158000,Request Model ID
1194778.793364,2007,54f520b0-39a9-4b3f-8c68-ef80c338608e,client_2,coordinator_0,NET_TRANSFER,0.000100,0.158000,Request Model ID
1194778.951364,2007,9ff4653d-0230-4ab2-8730-509275ebe6b9,client_2,coordinator_0,NET_TRANSFER,0.000100,0.158000,Request Model ID
1194779.109364,2007,d681adae-a2b4-44cd-8616-f8e1e8da12ad,client_2,coordinator_0,NET_TRANSFER,0.000100,0.158000,Request Model ID
1194779.267364,10007,44e412ff-afaa-496f-ab7e-5bab5d820734,client_10,coordinator_0,NET_TRANSFER,0.000100,0.158000,Request Model ID
1194779.425364,8007,f3103222-8d0b-4c7c-bf92-28ec44d6bad6,client_8,coordinator_0,NET_TRANSFER,0.000100,0.158000,Request Model ID
1194779.583364,6007,1574891c-9c5f-4da5-bd91-8f23bf73d1d1,client_6,coordinator_0,NET_TRANSFER,0.000100,0.158000,Request Model ID
1194779.741364,9007,0dddaaa0-da24-40da-8039-caf51123b642,client_9,coordinator_0,NET_TRANSFER,0.000100,0.158000,Request Model ID
1194779.899364,9007,0c814a93-6f1a-40bc-a0d1-6b9e15a8bc47,client_9,coordinator_0,NET_TRANSFER,0.000100,0.158000,Request Model ID
1194780.057364,3007,4f4ec27a-26d2-47e6-ad9b-bb575c60b698,client_3,coordinator_0,NET_TRANSFER,0.000100,0.158000,Request Model ID
1194780.215364,1007,87805db1-7116-4cbf-abf5-3bf14bbef0be,client_1,coordinator_0,NET_TRANSFER,0.000100,0.158000,Request Model ID
1194780.373364,10007,5c9ce36a-2b74-4ea7-8e23-d9b1ed951ad5,client_10,coordinator_0,NET_TRANSFER,0.000100,0.158000,Request Model ID
1194780.531364,1007,65477b2b-84c3-4061-b41d-a090a83da64f,client_1,coordinator_0,NET_TRANSFER,0.000100,0.158000,Request Model ID
1194780.689364,7007,0dddaaa0-da24-40da-8039-caf51123b642,client_7,coordinator_0,NET_TRANSFER,0.000100,0.158000,Request Model ID
1194780.847364,7007,198397c2-b9d8-4c4d-81d6-2b0152787c94,client_7,coordinator_0,NET_TRANSFER,0.000100,0.158000,Request Model ID
1194781.005364,8007,d545a4bc-3a0f-4514-bf26-1cbfffac1f98,client_8,coordinator_0,NET_TRANSFER,0.000100,0.158000,Request Model ID
1194781.163364,1007,6724fe5b-01f4-4d88-8014-0377674aee20,client_1,coordinator_0,NET_TRANSFER,0.000100,0.158000,Request Model ID
1194781.321364,6009,198397c2-b9d8-4c4d-81d6-2b0152787c94,client_6,coordinator_0,NET_TRANSFER,0.000100,0.158000,Request Model ID
1194781.479364,1000,bd0c7555-7508-4f24-995f-8f7876638404,worker_3,coordinator_0,NET_TRANSFER,0.000100,0.158000,Signal Finished
1195512.010840,1000,bd0c7555-7508-4f24-995f-8f7876638404,coordinator_0,worker_4,NET_TRANSFER,9.129768,730.531476,Distribute Layer ID: d35ad758
1195512.082167,1000,bd0c7555-7508-4f24-995f-8f7876638404,worker_4,worker_4,DISK_LOAD,9.129768,0.071326,"Disk -> RAM [Model: bd0c7555, Layer: d35ad758]"
1195512.153493,1000,bd0c7555-7508-4f24-995f-8f7876638404,worker_4,worker_4,MEM_MOVE,9.129768,0.071326,"RAM -> VRAM [Model: bd0c7555, Layer: d35ad758]"
1195512.203493,1000,bd0c7555-7508-4f24-995f-8f7876638404,worker_4,worker_4,GPU_COMPUTE,0.050000,0.050000,GPU Compute
1195512.203493,1000,bd0c7555-7508-4f24-995f-8f7876638404,worker_4,worker_4,MEM_MOVE,0.000000,0.000000,"Wipe/Deallocate Layer from Memory [Model: bd0c7555, Layer: d35ad758]"
1195512.361493,1000,bd0c7555-7508-4f24-995f-8f7876638404,worker_4,coordinator_0,NET_TRANSFER,0.000100,0.158000,Signal Finished
1195969.984314,1000,bd0c7555-7508-4f24-995f-8f7876638404,coordinator_0,worker_1,NET_TRANSFER,5.718410,457.622820,Distribute Layer ID: 982d07d4
1195970.028989,1000,bd0c7555-7508-4f24-995f-8f7876638404,worker_1,worker_1,DISK_LOAD,5.718410,0.044675,"Disk -> RAM [Model: bd0c7555, Layer: 982d07d4]"
1195970.073664,1000,bd0c7555-7508-4f24-995f-8f7876638404,worker_1,worker_1,MEM_MOVE,5.718410,0.044675,"RAM -> VRAM [Model: bd0c7555, Layer: 982d07d4]"
1195970.123664,1000,bd0c7555-7508-4f24-995f-8f7876638404,worker_1,worker_1,GPU_COMPUTE,0.050000,0.050000,GPU Compute
1195970.123664,1000,bd0c7555-7508-4f24-995f-8f7876638404,worker_1,worker_1,MEM_MOVE,0.000000,0.000000,"Wipe/Deallocate Layer from Memory [Model: bd0c7555, Layer: 982d07d4]"
1195970.281664,1000,bd0c7555-7508-4f24-995f-8f7876638404,worker_1,coordinator_0,NET_TRANSFER,0.000100,0.158000,Signal Finished
1197117.350916,1000,bd0c7555-7508-4f24-995f-8f7876638404,coordinator_0,worker_2,NET_TRANSFER,14.336491,1147.069253,Distribute Layer ID: a8fb9f9a
1197117.462920,1000,bd0c7555-7508-4f24-995f-8f7876638404,worker_2,worker_2,DISK_LOAD,14.336491,0.112004,"Disk -> RAM [Model: bd0c7555, Layer: a8fb9f9a]"
1197117.574924,1000,bd0c7555-7508-4f24-995f-8f7876638404,worker_2,worker_2,MEM_MOVE,14.336491,0.112004,"RAM -> VRAM [Model: bd0c7555, Layer: a8fb9f9a]"
1197117.624924,1000,bd0c7555-7508-4f24-995f-8f7876638404,worker_2,worker_2,GPU_COMPUTE,0.050000,0.050000,GPU Compute
1197117.624924,1000,bd0c7555-7508-4f24-995f-8f7876638404,worker_2,worker_2,MEM_MOVE,0.000000,0.000000,"Wipe/Deallocate Layer from Memory [Model: bd0c7555, Layer: a8fb9f9a]"
1197117.782924,5009,198397c2-b9d8-4c4d-81d6-2b0152787c94,client_5,coordinator_0,NET_TRANSFER,0.000100,0.158000,Request Model ID
1197117.940924,8009,cfc45a4e-2fdb-48da-a83d-d1b0979b56cb,client_8,coordinator_0,NET_TRANSFER,0.000100,0.158000,Request Model ID
1197118.098924,8009,5c9ce36a-2b74-4ea7-8e23-d9b1ed951ad5,client_8,coordinator_0,NET_TRANSFER,0.000100,0.158000,Request Model ID
1197118.256924,4009,9756b9a8-e47e-41d3-a26d-bfa827451023,client_4,coordinator_0,NET_TRANSFER,0.000100,0.158000,Request Model ID
1197118.414924,2009,356e9b46-2a29-4c8e-bcc3-416d0c1cd704,client_2,coordinator_0,NET_TRANSFER,0.000100,0.158000,Request Model ID
1197118.572924,5009,54f520b0-39a9-4b3f-8c68-ef80c338608e,client_5,coordinator_0,NET_TRANSFER,0.000100,0.158000,Request Model ID
1197118.730924,10009,2689c22d-d78c-4127-a74c-3cc88d4cc4da,client_10,coordinator_0,NET_TRANSFER,0.000100,0.158000,Request Model ID
1197118.888924,3009,0dddaaa0-da24-40da-8039-caf51123b642,client_3,coordinator_0,NET_TRANSFER,0.000100,0.158000,Request Model ID
1197119.046924,2009,4ba0b602-87a9-4d22-b101-77b6b40d86a4,client_2,coordinator_0,NET_TRANSFER,0.000100,0.158000,Request Model ID
1197119.204924,9009,f3103222-8d0b-4c7c-bf92-28ec44d6bad6,client_9,coordinator_0,NET_TRANSFER,0.000100,0.158000,Request Model ID
1197119.362924,9009,83f6b24d-e2c0-4816-aadf-23dfab68d109,client_9,coordinator_0,NET_TRANSFER,0.000100,0.158000,Request Model ID
1197119.520924,2008,2689c22d-d78c-4127-a74c-3cc88d4cc4da,client_2,coordinator_0,NET_TRANSFER,0.000100,0.158000,Request Model ID
1197119.678924,5007,839eec0a-12fb-43ce-9546-c6fcdd350ddf,client_5,coordinator_0,NET_TRANSFER,0.000100,0.158000,Request Model ID
1197119.836924,5008,cfc45a4e-2fdb-48da-a83d-d1b0979b56cb,client_5,coordinator_0,NET_TRANSFER,0.000100,0.158000,Request Model ID
1197119.994924,5007,65477b2b-84c3-4061-b41d-a090a83da64f,client_5,coordinator_0,NET_TRANSFER,0.000100,0.158000,Request Model ID
1197120.152924,10007,87805db1-7116-4cbf-abf5-3bf14bbef0be,client_10,coordinator_0,NET_TRANSFER,0.000100,0.158000,Request Model ID
1197120.310924,3006,44e412ff-afaa-496f-ab7e-5bab5d820734,client_3,coordinator_0,NET_TRANSFER,0.000100,0.158000,Request Model ID
1197120.468924,5008,6724fe5b-01f4-4d88-8014-0377674aee20,client_5,coordinator_0,NET_TRANSFER,0.000100,0.158000,Request Model ID
1197120.626924,5008,3c75fe70-4ef7-47df-ba06-905342d3e385,client_5,coordinator_0,NET_TRANSFER,0.000100,0.158000,Request Model ID
1197120.784924,4008,0ed06f6b-ee3d-48a5-8100-722558ac6b3f,client_4,coordinator_0,NET_TRANSFER,0.000100,0.158000,Request Model ID
1197120.942924,3008,0dddaaa0-da24-40da-8039-caf51123b642,client_3,coordinator_0,NET_TRANSFER,0.000100,0.158000,Request Model ID
1197121.100924,10008,54f520b0-39a9-4b3f-8c68-ef80c338608e,client_10,coordinator_0,NET_TRANSFER,0.000100,0.158000,Request Model ID
1197121.258924,9008,356e9b46-2a29-4c8e-bcc3-416d0c1cd704,client_9,coordinator_0,NET_TRANSFER,0.000100,0.158000,Request Model ID
1197121.416924,3008,6724fe5b-01f4-4d88-8014-0377674aee20,client_3,coordinator_0,NET_TRANSFER,0.000100,0.158000,Request Model ID
1197121.574924,9008,8cf3f410-dcc3-4315-9786-8032924a0e46,client_9,coordinator_0,NET_TRANSFER,0.000100,0.158000,Request Model ID
1197121.732924,10008,4ba0b602-87a9-4d22-b101-77b6b40d86a4,client_10,coordinator_0,NET_TRANSFER,0.000100,0.158000,Request Model ID
1197121.890924,6008,a28e3970-da86-45fa-affc-65dcd0558159,client_6,coordinator_0,NET_TRANSFER,0.000100,0.158000,Request Model ID
1197122.048924,8008,8f8d56cf-a64d-4894-ad63-cc75da090995,client_8,coordinator_0,NET_TRANSFER,0.000100,0.158000,Request Model ID
1197122.206924,8009,ad0d9656-07af-4c9c-9ff2-7b7ad5f3b3f2,client_8,coordinator_0,NET_TRANSFER,0.000100,0.158000,Request Model ID
1197122.364924,8009,67082293-a0a0-42d4-8cf9-d0ef7b49af34,client_8,coordinator_0,NET_TRANSFER,0.000100,0.158000,Request Model ID
1197122.522924,3009,83f6b24d-e2c0-4816-aadf-23dfab68d109,client_3,coordinator_0,NET_TRANSFER,0.000100,0.158000,Request Model ID
1197122.680924,6009,2689c22d-d78c-4127-a74c-3cc88d4cc4da,client_6,coordinator_0,NET_TRANSFER,0.000100,0.158000,Request Model ID
1197122.838924,5009,90d2b33a-8379-4cfb-92e7-33e022e636c7,client_5,coordinator_0,NET_TRANSFER,0.000100,0.158000,Request Model ID
1197122.996924,5009,54f520b0-39a9-4b3f-8c68-ef80c338608e,client_5,coordinator_0,NET_TRANSFER,0.000100,0.158000,Request Model ID
1197123.154924,4009,4e7d39e3-213c-4023-adde-abcecb3601df,client_4,coordinator_0,NET_TRANSFER,0.000100,0.158000,Request Model ID
1197123.312924,4008,8f8d56cf-a64d-4894-ad63-cc75da090995,client_4,coordinator_0,NET_TRANSFER,0.000100,0.158000,Request Model ID
1197123.470924,5008,9ff4653d-0230-4ab2-8730-509275ebe6b9,client_5,coordinator_0,NET_TRANSFER,0.000100,0.158000,Request Model ID
1197123.628924,10007,4ba0b602-87a9-4d22-b101-77b6b40d86a4,client_10,coordinator_0,NET_TRANSFER,0.000100,0.158000,Request Model ID
1197123.786924,7008,c70dc14b-62de-4f8f-807e-01990637cfee,client_7,coordinator_0,NET_TRANSFER,0.000100,0.158000,Request Model ID
1197123.944924,1008,839eec0a-12fb-43ce-9546-c6fcdd350ddf,client_1,coordinator_0,NET_TRANSFER,0.000100,0.158000,Request Model ID
1197124.102924,7008,c63195df-94aa-4094-99e3-c6a0cd83a683,client_7,coordinator_0,NET_TRANSFER,0.000100,0.158000,Request Model ID
1197124.260924,7008,0c814a93-6f1a-40bc-a0d1-6b9e15a8bc47,client_7,coordinator_0,NET_TRANSFER,0.000100,0.158000,Request Model ID
1197124.418924,7007,718ac69c-3b4b-44dd-a315-e303a3a2c9d9,client_7,coordinator_0,NET_TRANSFER,0.000100,0.158000,Request Model ID
1197124.576924,8007,4f4ec27a-26d2-47e6-ad9b-bb575c60b698,client_8,coordinator_0,NET_TRANSFER,0.000100,0.158000,Request Model ID
1197124.734924,4008,4e7d39e3-213c-4023-adde-abcecb3601df,client_4,coordinator_0,NET_TRANSFER,0.000100,0.158000,Request Model ID
1197124.892924,1008,a28e3970-da86-45fa-affc-65dcd0558159,client_1,coordinator_0,NET_TRANSFER,0.000100,0.158000,Request Model ID
1197125.050924,1009,8f8d56cf-a64d-4894-ad63-cc75da090995,client_1,coordinator_0,NET_TRANSFER,0.000100,0.158000,Request Model ID
1197125.208924,7008,d681adae-a2b4-44cd-8616-f8e1e8da12ad,client_7,coordinator_0,NET_TRANSFER,0.000100,0.158000,Request Model ID
1197125.366924,8007,67082293-a0a0-42d4-8cf9-d0ef7b49af34,client_8,coordinator_0,NET_TRANSFER,0.000100,0.158000,Request Model ID
1197125.524924,2008,f3103222-8d0b-4c7c-bf92-28ec44d6bad6,client_2,coordinator_0,NET_TRANSFER,0.000100,0.158000,Request Model ID
1197125.682924,3007,67082293-a0a0-42d4-8cf9-d0ef7b49af34,client_3,coordinator_0,NET_TRANSFER,0.000100,0.158000,Request Model ID
1197125.840924,2009,6724fe5b-01f4-4d88-8014-0377674aee20,client_2,coordinator_0,NET_TRANSFER,0.000100,0.158000,Request Model ID
1197125.998924,8008,e29625e7-302b-454c-89b9-d52cfcd03863,client_8,coordinator_0,NET_TRANSFER,0.000100,0.158000,Request Model ID
1197126.156924,5007,4ba0b602-87a9-4d22-b101-77b6b40d86a4,client_5,coordinator_0,NET_TRANSFER,0.000100,0.158000,Request Model ID
1197126.314924,9010,4ba0b602-87a9-4d22-b101-77b6b40d86a4,client_9,coordinator_0,NET_TRANSFER,0.000100,0.158000,Request Model ID
1197126.472924,10009,1574891c-9c5f-4da5-bd91-8f23bf73d1d1,client_10,coordinator_0,NET_TRANSFER,0.000100,0.158000,Request Model ID
1197126.630924,2008,d545a4bc-3a0f-4514-bf26-1cbfffac1f98,client_2,coordinator_0,NET_TRANSFER,0.000100,0.158000,Request Model ID
1197126.788924,9009,cfc45a4e-2fdb-48da-a83d-d1b0979b56cb,client_9,coordinator_0,NET_TRANSFER,0.000100,0.158000,Request Model ID
1197126.946924,6010,1574891c-9c5f-4da5-bd91-8f23bf73d1d1,client_6,coordinator_0,NET_TRANSFER,0.000100,0.158000,Request Model ID
1197127.104924,6010,8f8d56cf-a64d-4894-ad63-cc75da090995,client_6,coordinator_0,NET_TRANSFER,0.000100,0.158000,Request Model ID
1197127.262924,6010,3c75fe70-4ef7-47df-ba06-905342d3e385,client_6,coordinator_0,NET_TRANSFER,0.000100,0.158000,Request Model ID
1197127.420924,7009,2689c22d-d78c-4127-a74c-3cc88d4cc4da,client_7,coordinator_0,NET_TRANSFER,0.000100,0.158000,Request Model ID
1197127.578924,3009,c63195df-94aa-4094-99e3-c6a0cd83a683,client_3,coordinator_0,NET_TRANSFER,0.000100,0.158000,Request Model ID
1197127.736924,2009,cfc45a4e-2fdb-48da-a83d-d1b0979b56cb,client_2,coordinator_0,NET_TRANSFER,0.000100,0.158000,Request Model ID
1197127.894924,1009,9ff4653d-0230-4ab2-8730-509275ebe6b9,client_1,coordinator_0,NET_TRANSFER,0.000100,0.158000,Request Model ID
1197128.052924,5010,87805db1-7116-4cbf-abf5-3bf14bbef0be,client_5,coordinator_0,NET_TRANSFER,0.000100,0.158000,Request Model ID
1197128.210924,7009,90d2b33a-8379-4cfb-92e7-33e022e636c7,client_7,coordinator_0,NET_TRANSFER,0.000100,0.158000,Request Model ID
1197128.368924,4010,0ed06f6b-ee3d-48a5-8100-722558ac6b3f,client_4,coordinator_0,NET_TRANSFER,0.000100,0.158000,Request Model ID
1197128.526924,10010,c70dc14b-62de-4f8f-807e-01990637cfee,client_10,coordinator_0,NET_TRANSFER,0.000100,0.158000,Request Model ID
1197128.684924,2010,4f4ec27a-26d2-47e6-ad9b-bb575c60b698,client_2,coordinator_0,NET_TRANSFER,0.000100,0.158000,Request Model ID
1197128.842924,10010,d681adae-a2b4-44cd-8616-f8e1e8da12ad,client_10,coordinator_0,NET_TRANSFER,0.000100,0.158000,Request Model ID
1197129.000924,1000,bd0c7555-7508-4f24-995f-8f7876638404,worker_2,coordinator_0,NET_TRANSFER,0.000100,0.158000,Signal Finished
1197616.304792,1000,bd0c7555-7508-4f24-995f-8f7876638404,coordinator_0,worker_3,NET_TRANSFER,6.089423,487.303868,Distribute Layer ID: 9fcddc29
1197616.352366,1000,bd0c7555-7508-4f24-995f-8f7876638404,worker_3,worker_3,DISK_LOAD,6.089423,0.047574,"Disk -> RAM [Model: bd0c7555, Layer: 9fcddc29]"
1197616.399939,1000,bd0c7555-7508-4f24-995f-8f7876638404,worker_3,worker_3,MEM_MOVE,6.089423,0.047574,"RAM -> VRAM [Model: bd0c7555, Layer: 9fcddc29]"
1197616.449939,1000,bd0c7555-7508-4f24-995f-8f7876638404,worker_3,worker_3,GPU_COMPUTE,0.050000,0.050000,GPU Compute
1197616.449939,1000,bd0c7555-7508-4f24-995f-8f7876638404,worker_3,worker_3,MEM_MOVE,0.000000,0.000000,"Wipe/Deallocate Layer from Memory [Model: bd0c7555, Layer: 9fcddc29]"
1197616.607939,1000,bd0c7555-7508-4f24-995f-8f7876638404,worker_3,coordinator_0,NET_TRANSFER,0.000100,0.158000,Signal Finished
1198424.103868,1000,bd0c7555-7508-4f24-995f-8f7876638404,coordinator_0,worker_4,NET_TRANSFER,10.091824,807.495928,Distribute Layer ID: d081d727
1198424.182710,1000,bd0c7555-7508-4f24-995f-8f7876638404,worker_4,worker_4,DISK_LOAD,10.091824,0.078842,"Disk -> RAM [Model: bd0c7555, Layer: d081d727]"
1198424.261553,1000,bd0c7555-7508-4f24-995f-8f7876638404,worker_4,worker_4,MEM_MOVE,10.091824,0.078842,"RAM -> VRAM [Model: bd0c7555, Layer: d081d727]"
1198424.311553,1000,bd0c7555-7508-4f24-995f-8f7876638404,worker_4,worker_4,GPU_COMPUTE,0.050000,0.050000,GPU Compute
1198424.311553,1000,bd0c7555-7508-4f24-995f-8f7876638404,worker_4,worker_4,MEM_MOVE,0.000000,0.000000,"Wipe/Deallocate Layer from Memory [Model: bd0c7555, Layer: d081d727]"
1198424.469553,1000,bd0c7555-7508-4f24-995f-8f7876638404,worker_4,coordinator_0,NET_TRANSFER,0.000100,0.158000,Signal Finished
1199338.849275,1000,bd0c7555-7508-4f24-995f-8f7876638404,coordinator_0,worker_1,NET_TRANSFER,11.427872,914.379723,Distribute Layer ID: 02a23972
1199338.938556,1000,bd0c7555-7508-4f24-995f-8f7876638404,worker_1,worker_1,DISK_LOAD,11.427872,0.089280,"Disk -> RAM [Model: bd0c7555, Layer: 02a23972]"
1199339.027836,1000,bd0c7555-7508-4f24-995f-8f7876638404,worker_1,worker_1,MEM_MOVE,11.427872,0.089280,"RAM -> VRAM [Model: bd0c7555, Layer: 02a23972]"
1199339.077836,1000,bd0c7555-7508-4f24-995f-8f7876638404,worker_1,worker_1,GPU_COMPUTE,0.050000,0.050000,GPU Compute
1199339.077836,1000,bd0c7555-7508-4f24-995f-8f7876638404,worker_1,worker_1,MEM_MOVE,0.000000,0.000000,"Wipe/Deallocate Layer from Memory [Model: bd0c7555, Layer: 02a23972]"
1199339.235836,1000,bd0c7555-7508-4f24-995f-8f7876638404,worker_1,coordinator_0,NET_TRANSFER,0.000100,0.158000,Signal Finished
1200002.280091,1000,bd0c7555-7508-4f24-995f-8f7876638404,coordinator_0,worker_2,NET_TRANSFER,8.286178,663.044255,Distribute Layer ID: ef196f28
1200002.344826,1000,bd0c7555-7508-4f24-995f-8f7876638404,worker_2,worker_2,DISK_LOAD,8.286178,0.064736,"Disk -> RAM [Model: bd0c7555, Layer: ef196f28]"
1200002.409562,1000,bd0c7555-7508-4f24-995f-8f7876638404,worker_2,worker_2,MEM_MOVE,8.286178,0.064736,"RAM -> VRAM [Model: bd0c7555, Layer: ef196f28]"
1200002.459562,1000,bd0c7555-7508-4f24-995f-8f7876638404,worker_2,worker_2,GPU_COMPUTE,0.050000,0.050000,GPU Compute
1200002.459562,1000,bd0c7555-7508-4f24-995f-8f7876638404,worker_2,worker_2,MEM_MOVE,0.000000,0.000000,"Wipe/Deallocate Layer from Memory [Model: bd0c7555, Layer: ef196f28]"
1200002.617562,10010,356e9b46-2a29-4c8e-bcc3-416d0c1cd704,client_10,coordinator_0,NET_TRANSFER,0.000100,0.158000,Request Model ID
1200002.775562,1000,bd0c7555-7508-4f24-995f-8f7876638404,worker_2,coordinator_0,NET_TRANSFER,0.000100,0.158000,Signal Finished
1200624.921957,1000,bd0c7555-7508-4f24-995f-8f7876638404,coordinator_0,worker_3,NET_TRANSFER,7.774955,622.146395,Distribute Layer ID: 5191ef85
1200624.982699,1000,bd0c7555-7508-4f24-995f-8f7876638404,worker_3,worker_3,DISK_LOAD,7.774955,0.060742,"Disk -> RAM [Model: bd0c7555, Layer: 5191ef85]"
1200625.043441,1000,bd0c7555-7508-4f24-995f-8f7876638404,worker_3,worker_3,MEM_MOVE,7.774955,0.060742,"RAM -> VRAM [Model: bd0c7555, Layer: 5191ef85]"
1200625.093441,1000,bd0c7555-7508-4f24-995f-8f7876638404,worker_3,worker_3,GPU_COMPUTE,0.050000,0.050000,GPU Compute
1200625.093441,1000,bd0c7555-7508-4f24-995f-8f7876638404,worker_3,worker_3,MEM_MOVE,0.000000,0.000000,"Wipe/Deallocate Layer from Memory [Model: bd0c7555, Layer: 5191ef85]"
1200625.251441,1000,bd0c7555-7508-4f24-995f-8f7876638404,worker_3,coordinator_0,NET_TRANSFER,0.000100,0.158000,Signal Finished
1201503.853185,1000,bd0c7555-7508-4f24-995f-8f7876638404,coordinator_0,worker_4,NET_TRANSFER,10.980647,878.601744,Distribute Layer ID: 6e246a33
1201503.938971,1000,bd0c7555-7508-4f24-995f-8f7876638404,worker_4,worker_4,DISK_LOAD,10.980647,0.085786,"Disk -> RAM [Model: bd0c7555, Layer: 6e246a33]"
1201504.024757,1000,bd0c7555-7508-4f24-995f-8f7876638404,worker_4,worker_4,MEM_MOVE,10.980647,0.085786,"RAM -> VRAM [Model: bd0c7555, Layer: 6e246a33]"
1201504.074757,1000,bd0c7555-7508-4f24-995f-8f7876638404,worker_4,worker_4,GPU_COMPUTE,0.050000,0.050000,GPU Compute
1201504.074757,1000,bd0c7555-7508-4f24-995f-8f7876638404,worker_4,worker_4,MEM_MOVE,0.000000,0.000000,"Wipe/Deallocate Layer from Memory [Model: bd0c7555, Layer: 6e246a33]"
1201504.232757,1000,bd0c7555-7508-4f24-995f-8f7876638404,worker_4,coordinator_0,NET_TRANSFER,0.000100,0.158000,Signal Finished
1202697.564758,1000,bd0c7555-7508-4f24-995f-8f7876638404,coordinator_0,worker_1,NET_TRANSFER,14.914775,1193.332000,Distribute Layer ID: 595ffa51
1202697.681279,1000,bd0c7555-7508-4f24-995f-8f7876638404,worker_1,worker_1,DISK_LOAD,14.914775,0.116522,"Disk -> RAM [Model: bd0c7555, Layer: 595ffa51]"
1202697.797801,1000,bd0c7555-7508-4f24-995f-8f7876638404,worker_1,worker_1,MEM_MOVE,14.914775,0.116522,"RAM -> VRAM [Model: bd0c7555, Layer: 595ffa51]"
1202697.847801,1000,bd0c7555-7508-4f24-995f-8f7876638404,worker_1,worker_1,GPU_COMPUTE,0.050000,0.050000,GPU Compute
1202697.847801,1000,bd0c7555-7508-4f24-995f-8f7876638404,worker_1,worker_1,MEM_MOVE,0.000000,0.000000,"Wipe/Deallocate Layer from Memory [Model: bd0c7555, Layer: 595ffa51]"
1202698.005801,1000,bd0c7555-7508-4f24-995f-8f7876638404,worker_1,coordinator_0,NET_TRANSFER,0.000100,0.158000,Signal Finished
1203297.165692,1000,bd0c7555-7508-4f24-995f-8f7876638404,coordinator_0,worker_2,NET_TRANSFER,7.487624,599.159891,Distribute Layer ID: d1d41e2c
1203297.224189,1000,bd0c7555-7508-4f24-995f-8f7876638404,worker_2,worker_2,DISK_LOAD,7.487624,0.058497,"Disk -> RAM [Model: bd0c7555, Layer: d1d41e2c]"
1203297.282686,1000,bd0c7555-7508-4f24-995f-8f7876638404,worker_2,worker_2,MEM_MOVE,7.487624,0.058497,"RAM -> VRAM [Model: bd0c7555, Layer: d1d41e2c]"
1203297.332686,1000,bd0c7555-7508-4f24-995f-8f7876638404,worker_2,worker_2,GPU_COMPUTE,0.050000,0.050000,GPU Compute
1203297.332686,1000,bd0c7555-7508-4f24-995f-8f7876638404,worker_2,worker_2,MEM_MOVE,0.000000,0.000000,"Wipe/Deallocate Layer from Memory [Model: bd0c7555, Layer: d1d41e2c]"
1203297.490686,1000,bd0c7555-7508-4f24-995f-8f7876638404,worker_2,coordinator_0,NET_TRANSFER,0.000100,0.158000,Signal Finished
1203876.191033,1000,bd0c7555-7508-4f24-995f-8f7876638404,coordinator_0,worker_3,NET_TRANSFER,7.231879,578.700347,Distribute Layer ID: f432f467
1203876.247532,1000,bd0c7555-7508-4f24-995f-8f7876638404,worker_3,worker_3,DISK_LOAD,7.231879,0.056499,"Disk -> RAM [Model: bd0c7555, Layer: f432f467]"
1203876.304031,1000,bd0c7555-7508-4f24-995f-8f7876638404,worker_3,worker_3,MEM_MOVE,7.231879,0.056499,"RAM -> VRAM [Model: bd0c7555, Layer: f432f467]"
1203876.354031,1000,bd0c7555-7508-4f24-995f-8f7876638404,worker_3,worker_3,GPU_COMPUTE,0.050000,0.050000,GPU Compute
1203876.512031,2010,d545a4bc-3a0f-4514-bf26-1cbfffac1f98,client_2,coordinator_0,NET_TRANSFER,0.000100,0.158000,Request Model ID
1203876.512031,1000,bd0c7555-7508-4f24-995f-8f7876638404,worker_3,worker_3,MEM_MOVE,0.000000,0.000000,"Wipe/Deallocate Layer from Memory [Model: bd0c7555, Layer: f432f467]"
1203876.670031,4010,a28e3970-da86-45fa-affc-65dcd0558159,client_4,coordinator_0,NET_TRANSFER,0.000100,0.158000,Request Model ID
1203876.828031,5010,198397c2-b9d8-4c4d-81d6-2b0152787c94,client_5,coordinator_0,NET_TRANSFER,0.000100,0.158000,Request Model ID
1203876.986031,5010,356e9b46-2a29-4c8e-bcc3-416d0c1cd704,client_5,coordinator_0,NET_TRANSFER,0.000100,0.158000,Request Model ID
1203877.144031,4010,90d2b33a-8379-4cfb-92e7-33e022e636c7,client_4,coordinator_0,NET_TRANSFER,0.000100,0.158000,Request Model ID
1203877.302031,5010,839eec0a-12fb-43ce-9546-c6fcdd350ddf,client_5,coordinator_0,NET_TRANSFER,0.000100,0.158000,Request Model ID
1203877.460031,1000,bd0c7555-7508-4f24-995f-8f7876638404,worker_3,coordinator_0,NET_TRANSFER,0.000100,0.158000,Signal Finished
1204545.271994,1000,bd0c7555-7508-4f24-995f-8f7876638404,coordinator_0,worker_4,NET_TRANSFER,8.345775,667.811963,Distribute Layer ID: a0912851
1204545.337195,1000,bd0c7555-7508-4f24-995f-8f7876638404,worker_4,worker_4,DISK_LOAD,8.345775,0.065201,"Disk -> RAM [Model: bd0c7555, Layer: a0912851]"
1204545.402397,1000,bd0c7555-7508-4f24-995f-8f7876638404,worker_4,worker_4,MEM_MOVE,8.345775,0.065201,"RAM -> VRAM [Model: bd0c7555, Layer: a0912851]"
1204545.452397,1000,bd0c7555-7508-4f24-995f-8f7876638404,worker_4,worker_4,GPU_COMPUTE,0.050000,0.050000,GPU Compute
1204545.452397,1000,bd0c7555-7508-4f24-995f-8f7876638404,worker_4,worker_4,MEM_MOVE,0.000000,0.000000,"Wipe/Deallocate Layer from Memory [Model: bd0c7555, Layer: a0912851]"
1204545.610397,1000,bd0c7555-7508-4f24-995f-8f7876638404,worker_4,coordinator_0,NET_TRANSFER,0.000100,0.158000,Signal Finished
1204965.832822,1000,bd0c7555-7508-4f24-995f-8f7876638404,coordinator_0,worker_1,NET_TRANSFER,5.250905,420.222425,Distribute Layer ID: 531d310e
1204965.873845,1000,bd0c7555-7508-4f24-995f-8f7876638404,worker_1,worker_1,DISK_LOAD,5.250905,0.041023,"Disk -> RAM [Model: bd0c7555, Layer: 531d310e]"
1204965.914868,1000,bd0c7555-7508-4f24-995f-8f7876638404,worker_1,worker_1,MEM_MOVE,5.250905,0.041023,"RAM -> VRAM [Model: bd0c7555, Layer: 531d310e]"
1204965.964868,1000,bd0c7555-7508-4f24-995f-8f7876638404,worker_1,worker_1,GPU_COMPUTE,0.050000,0.050000,GPU Compute
1204965.964868,1000,bd0c7555-7508-4f24-995f-8f7876638404,worker_1,worker_1,MEM_MOVE,0.000000,0.000000,"Wipe/Deallocate Layer from Memory [Model: bd0c7555, Layer: 531d310e]"
1204966.122868,2010,8f8d56cf-a64d-4894-ad63-cc75da090995,client_2,coordinator_0,NET_TRANSFER,0.000100,0.158000,Request Model ID
1204966.280868,1000,bd0c7555-7508-4f24-995f-8f7876638404,worker_1,coordinator_0,NET_TRANSFER,0.000100,0.158000,Signal Finished
1205659.146387,1000,bd0c7555-7508-4f24-995f-8f7876638404,coordinator_0,worker_2,NET_TRANSFER,8.658944,692.865520,Distribute Layer ID: 8e5d09d9
1205659.214035,1000,bd0c7555-7508-4f24-995f-8f7876638404,worker_2,worker_2,DISK_LOAD,8.658944,0.067648,"Disk -> RAM [Model: bd0c7555, Layer: 8e5d09d9]"
1205659.281683,1000,bd0c7555-7508-4f24-995f-8f7876638404,worker_2,worker_2,MEM_MOVE,8.658944,0.067648,"RAM -> VRAM [Model: bd0c7555, Layer: 8e5d09d9]"
1205659.331683,1000,bd0c7555-7508-4f24-995f-8f7876638404,worker_2,worker_2,GPU_COMPUTE,0.050000,0.050000,GPU Compute
1205659.331683,1000,bd0c7555-7508-4f24-995f-8f7876638404,worker_2,worker_2,MEM_MOVE,0.000000,0.000000,"Wipe/Deallocate Layer from Memory [Model: bd0c7555, Layer: 8e5d09d9]"
1205659.489683,1000,bd0c7555-7508-4f24-995f-8f7876638404,worker_2,coordinator_0,NET_TRANSFER,0.000100,0.158000,Signal Finished
1206813.005460,1000,bd0c7555-7508-4f24-995f-8f7876638404,coordinator_0,worker_3,NET_TRANSFER,14.417072,1153.515777,Distribute Layer ID: 4d11dc4a
1206813.118094,1000,bd0c7555-7508-4f24-995f-8f7876638404,worker_3,worker_3,DISK_LOAD,14.417072,0.112633,"Disk -> RAM [Model: bd0c7555, Layer: 4d11dc4a]"
1206813.230727,1000,bd0c7555-7508-4f24-995f-8f7876638404,worker_3,worker_3,MEM_MOVE,14.417072,0.112633,"RAM -> VRAM [Model: bd0c7555, Layer: 4d11dc4a]"
1206813.280727,1000,bd0c7555-7508-4f24-995f-8f7876638404,worker_3,worker_3,GPU_COMPUTE,0.050000,0.050000,GPU Compute
1206813.280727,1000,bd0c7555-7508-4f24-995f-8f7876638404,worker_3,worker_3,MEM_MOVE,0.000000,0.000000,"Wipe/Deallocate Layer from Memory [Model: bd0c7555, Layer: 4d11dc4a]"
1206813.438727,1000,bd0c7555-7508-4f24-995f-8f7876638404,worker_3,coordinator_0,NET_TRANSFER,0.000100,0.158000,Signal Finished
1207440.452973,1000,bd0c7555-7508-4f24-995f-8f7876638404,coordinator_0,worker_4,NET_TRANSFER,7.835803,627.014246,Distribute Layer ID: 916ac754
1207440.514190,1000,bd0c7555-7508-4f24-995f-8f7876638404,worker_4,worker_4,DISK_LOAD,7.835803,0.061217,"Disk -> RAM [Model: bd0c7555, Layer: 916ac754]"
1207440.575407,1000,bd0c7555-7508-4f24-995f-8f7876638404,worker_4,worker_4,MEM_MOVE,7.835803,0.061217,"RAM -> VRAM [Model: bd0c7555, Layer: 916ac754]"
1207440.625407,1000,bd0c7555-7508-4f24-995f-8f7876638404,worker_4,worker_4,GPU_COMPUTE,0.050000,0.050000,GPU Compute
1207440.625407,1000,bd0c7555-7508-4f24-995f-8f7876638404,worker_4,worker_4,MEM_MOVE,0.000000,0.000000,"Wipe/Deallocate Layer from Memory [Model: bd0c7555, Layer: 916ac754]"
1207440.783407,1000,bd0c7555-7508-4f24-995f-8f7876638404,worker_4,coordinator_0,NET_TRANSFER,0.000100,0.158000,Signal Finished
1208171.427302,1000,bd0c7555-7508-4f24-995f-8f7876638404,coordinator_0,worker_1,NET_TRANSFER,9.131174,730.643895,Distribute Layer ID: 82aa770f
1208171.498639,1000,bd0c7555-7508-4f24-995f-8f7876638404,worker_1,worker_1,DISK_LOAD,9.131174,0.071337,"Disk -> RAM [Model: bd0c7555, Layer: 82aa770f]"
1208171.569977,1000,bd0c7555-7508-4f24-995f-8f7876638404,worker_1,worker_1,MEM_MOVE,9.131174,0.071337,"RAM -> VRAM [Model: bd0c7555, Layer: 82aa770f]"
1208171.619977,1000,bd0c7555-7508-4f24-995f-8f7876638404,worker_1,worker_1,GPU_COMPUTE,0.050000,0.050000,GPU Compute
1208171.619977,1000,bd0c7555-7508-4f24-995f-8f7876638404,worker_1,worker_1,MEM_MOVE,0.000000,0.000000,"Wipe/Deallocate Layer from Memory [Model: bd0c7555, Layer: 82aa770f]"
1208171.777977,1000,bd0c7555-7508-4f24-995f-8f7876638404,worker_1,coordinator_0,NET_TRANSFER,0.000100,0.158000,Signal Finished
1208666.579593,1000,bd0c7555-7508-4f24-995f-8f7876638404,coordinator_0,worker_2,NET_TRANSFER,6.183145,494.801617,Distribute Layer ID: 97163d5a
1208666.627899,1000,bd0c7555-7508-4f24-995f-8f7876638404,worker_2,worker_2,DISK_LOAD,6.183145,0.048306,"Disk -> RAM [Model: bd0c7555, Layer: 97163d5a]"
1208666.676205,1000,bd0c7555-7508-4f24-995f-8f7876638404,worker_2,worker_2,MEM_MOVE,6.183145,0.048306,"RAM -> VRAM [Model: bd0c7555, Layer: 97163d5a]"
1208666.726205,1000,bd0c7555-7508-4f24-995f-8f7876638404,worker_2,worker_2,GPU_COMPUTE,0.050000,0.050000,GPU Compute
1208666.726205,1000,bd0c7555-7508-4f24-995f-8f7876638404,worker_2,worker_2,MEM_MOVE,0.000000,0.000000,"Wipe/Deallocate Layer from Memory [Model: bd0c7555, Layer: 97163d5a]"
1208666.884205,1000,bd0c7555-7508-4f24-995f-8f7876638404,worker_2,coordinator_0,NET_TRANSFER,0.000100,0.158000,Signal Finished
1209769.442938,1000,bd0c7555-7508-4f24-995f-8f7876638404,coordinator_0,worker_3,NET_TRANSFER,13.780109,1102.558733,Distribute Layer ID: 50585bab
1209769.550595,1000,bd0c7555-7508-4f24-995f-8f7876638404,worker_3,worker_3,DISK_LOAD,13.780109,0.107657,"Disk -> RAM [Model: bd0c7555, Layer: 50585bab]"
1209769.658252,1000,bd0c7555-7508-4f24-995f-8f7876638404,worker_3,worker_3,MEM_MOVE,13.780109,0.107657,"RAM -> VRAM [Model: bd0c7555, Layer: 50585bab]"
1209769.708252,1000,bd0c7555-7508-4f24-995f-8f7876638404,worker_3,worker_3,GPU_COMPUTE,0.050000,0.050000,GPU Compute
1209769.708252,1000,bd0c7555-7508-4f24-995f-8f7876638404,worker_3,worker_3,MEM_MOVE,0.000000,0.000000,"Wipe/Deallocate Layer from Memory [Model: bd0c7555, Layer: 50585bab]"
1209769.866252,1000,bd0c7555-7508-4f24-995f-8f7876638404,worker_3,coordinator_0,NET_TRANSFER,0.000100,0.158000,Signal Finished
1210796.733867,1000,bd0c7555-7508-4f24-995f-8f7876638404,coordinator_0,worker_4,NET_TRANSFER,12.833970,1026.867615,Distribute Layer ID: 65cca2b5
1210796.834133,1000,bd0c7555-7508-4f24-995f-8f7876638404,worker_4,worker_4,DISK_LOAD,12.833970,0.100265,"Disk -> RAM [Model: bd0c7555, Layer: 65cca2b5]"
1210796.934398,1000,bd0c7555-7508-4f24-995f-8f7876638404,worker_4,worker_4,MEM_MOVE,12.833970,0.100265,"RAM -> VRAM [Model: bd0c7555, Layer: 65cca2b5]"
1210796.984398,1000,bd0c7555-7508-4f24-995f-8f7876638404,worker_4,worker_4,GPU_COMPUTE,0.050000,0.050000,GPU Compute
1210796.984398,1000,bd0c7555-7508-4f24-995f-8f7876638404,worker_4,worker_4,MEM_MOVE,0.000000,0.000000,"Wipe/Deallocate Layer from Memory [Model: bd0c7555, Layer: 65cca2b5]"
1210797.142398,1000,bd0c7555-7508-4f24-995f-8f7876638404,worker_4,coordinator_0,NET_TRANSFER,0.000100,0.158000,Signal Finished
1211570.475253,1000,bd0c7555-7508-4f24-995f-8f7876638404,coordinator_0,worker_1,NET_TRANSFER,9.664786,773.332855,Distribute Layer ID: be843e59
1211570.550759,1000,bd0c7555-7508-4f24-995f-8f7876638404,worker_1,worker_1,DISK_LOAD,9.664786,0.075506,"Disk -> RAM [Model: bd0c7555, Layer: be843e59]"
1211570.626266,1000,bd0c7555-7508-4f24-995f-8f7876638404,worker_1,worker_1,MEM_MOVE,9.664786,0.075506,"RAM -> VRAM [Model: bd0c7555, Layer: be843e59]"
1211570.676266,1000,bd0c7555-7508-4f24-995f-8f7876638404,worker_1,worker_1,GPU_COMPUTE,0.050000,0.050000,GPU Compute
1211570.676266,1000,bd0c7555-7508-4f24-995f-8f7876638404,worker_1,worker_1,MEM_MOVE,0.000000,0.000000,"Wipe/Deallocate Layer from Memory [Model: bd0c7555, Layer: be843e59]"
1211570.834266,1000,bd0c7555-7508-4f24-995f-8f7876638404,worker_1,coordinator_0,NET_TRANSFER,0.000100,0.158000,Signal Finished
1212126.492998,1000,bd0c7555-7508-4f24-995f-8f7876638404,coordinator_0,worker_2,NET_TRANSFER,6.943859,555.658733,Distribute Layer ID: 9ddb6cf5
1212126.547247,1000,bd0c7555-7508-4f24-995f-8f7876638404,worker_2,worker_2,DISK_LOAD,6.943859,0.054249,"Disk -> RAM [Model: bd0c7555, Layer: 9ddb6cf5]"
1212126.601496,1000,bd0c7555-7508-4f24-995f-8f7876638404,worker_2,worker_2,MEM_MOVE,6.943859,0.054249,"RAM -> VRAM [Model: bd0c7555, Layer: 9ddb6cf5]"
1212126.651496,1000,bd0c7555-7508-4f24-995f-8f7876638404,worker_2,worker_2,GPU_COMPUTE,0.050000,0.050000,GPU Compute
1212126.651496,1000,bd0c7555-7508-4f24-995f-8f7876638404,worker_2,worker_2,MEM_MOVE,0.000000,0.000000,"Wipe/Deallocate Layer from Memory [Model: bd0c7555, Layer: 9ddb6cf5]"
1212126.809496,1000,bd0c7555-7508-4f24-995f-8f7876638404,worker_2,coordinator_0,NET_TRANSFER,0.000100,0.158000,Signal Finished
1212611.204294,1000,bd0c7555-7508-4f24-995f-8f7876638404,coordinator_0,worker_3,NET_TRANSFER,6.053060,484.394798,Distribute Layer ID: 3f1201f9
1212611.251583,1000,bd0c7555-7508-4f24-995f-8f7876638404,worker_3,worker_3,DISK_LOAD,6.053060,0.047290,"Disk -> RAM [Model: bd0c7555, Layer: 3f1201f9]"
1212611.298873,1000,bd0c7555-7508-4f24-995f-8f7876638404,worker_3,worker_3,MEM_MOVE,6.053060,0.047290,"RAM -> VRAM [Model: bd0c7555, Layer: 3f1201f9]"
1212611.348873,1000,bd0c7555-7508-4f24-995f-8f7876638404,worker_3,worker_3,GPU_COMPUTE,0.050000,0.050000,GPU Compute
1212611.348873,1000,bd0c7555-7508-4f24-995f-8f7876638404,worker_3,worker_3,MEM_MOVE,0.000000,0.000000,"Wipe/Deallocate Layer from Memory [Model: bd0c7555, Layer: 3f1201f9]"
1212611.506873,1000,bd0c7555-7508-4f24-995f-8f7876638404,worker_3,coordinator_0,NET_TRANSFER,0.000100,0.158000,Signal Finished
1213804.189318,1000,bd0c7555-7508-4f24-995f-8f7876638404,coordinator_0,worker_4,NET_TRANSFER,14.906656,1192.682445,Distribute Layer ID: b0632fea
1213804.305776,1000,bd0c7555-7508-4f24-995f-8f7876638404,worker_4,worker_4,DISK_LOAD,14.906656,0.116458,"Disk -> RAM [Model: bd0c7555, Layer: b0632fea]"
1213804.422235,1000,bd0c7555-7508-4f24-995f-8f7876638404,worker_4,worker_4,MEM_MOVE,14.906656,0.116458,"RAM -> VRAM [Model: bd0c7555, Layer: b0632fea]"
1213804.472235,1000,bd0c7555-7508-4f24-995f-8f7876638404,worker_4,worker_4,GPU_COMPUTE,0.050000,0.050000,GPU Compute
1213804.472235,1000,bd0c7555-7508-4f24-995f-8f7876638404,worker_4,worker_4,MEM_MOVE,0.000000,0.000000,"Wipe/Deallocate Layer from Memory [Model: bd0c7555, Layer: b0632fea]"
1213804.630235,1000,bd0c7555-7508-4f24-995f-8f7876638404,worker_4,coordinator_0,NET_TRANSFER,0.000100,0.158000,Signal Finished
1214653.813685,1000,bd0c7555-7508-4f24-995f-8f7876638404,coordinator_0,worker_1,NET_TRANSFER,10.612918,849.183450,Distribute Layer ID: c563731f
1214653.896598,1000,bd0c7555-7508-4f24-995f-8f7876638404,worker_1,worker_1,DISK_LOAD,10.612918,0.082913,"Disk -> RAM [Model: bd0c7555, Layer: c563731f]"
1214653.979512,1000,bd0c7555-7508-4f24-995f-8f7876638404,worker_1,worker_1,MEM_MOVE,10.612918,0.082913,"RAM -> VRAM [Model: bd0c7555, Layer: c563731f]"
1214654.029512,1000,bd0c7555-7508-4f24-995f-8f7876638404,worker_1,worker_1,GPU_COMPUTE,0.050000,0.050000,GPU Compute
1214654.029512,1000,bd0c7555-7508-4f24-995f-8f7876638404,worker_1,worker_1,MEM_MOVE,0.000000,0.000000,"Wipe/Deallocate Layer from Memory [Model: bd0c7555, Layer: c563731f]"
1214654.187512,1000,bd0c7555-7508-4f24-995f-8f7876638404,worker_1,coordinator_0,NET_TRANSFER,0.000100,0.158000,Signal Finished
1215693.104538,1000,bd0c7555-7508-4f24-995f-8f7876638404,coordinator_0,worker_2,NET_TRANSFER,12.984588,1038.917026,Distribute Layer ID: cbf8cb50
1215693.205980,1000,bd0c7555-7508-4f24-995f-8f7876638404,worker_2,worker_2,DISK_LOAD,12.984588,0.101442,"Disk -> RAM [Model: bd0c7555, Layer: cbf8cb50]"
1215693.307422,1000,bd0c7555-7508-4f24-995f-8f7876638404,worker_2,worker_2,MEM_MOVE,12.984588,0.101442,"RAM -> VRAM [Model: bd0c7555, Layer: cbf8cb50]"
1215693.357422,1000,bd0c7555-7508-4f24-995f-8f7876638404,worker_2,worker_2,GPU_COMPUTE,0.050000,0.050000,GPU Compute
1215693.357422,1000,bd0c7555-7508-4f24-995f-8f7876638404,worker_2,worker_2,MEM_MOVE,0.000000,0.000000,"Wipe/Deallocate Layer from Memory [Model: bd0c7555, Layer: cbf8cb50]"
1215693.515422,1000,bd0c7555-7508-4f24-995f-8f7876638404,worker_2,coordinator_0,NET_TRANSFER,0.000100,0.158000,Signal Finished
1216109.199834,1000,bd0c7555-7508-4f24-995f-8f7876638404,coordinator_0,worker_3,NET_TRANSFER,5.194180,415.684412,Distribute Layer ID: 439870ef
1216109.240413,1000,bd0c7555-7508-4f24-995f-8f7876638404,worker_3,worker_3,DISK_LOAD,5.194180,0.040580,"Disk -> RAM [Model: bd0c7555, Layer: 439870ef]"
1216109.280993,1000,bd0c7555-7508-4f24-995f-8f7876638404,worker_3,worker_3,MEM_MOVE,5.194180,0.040580,"RAM -> VRAM [Model: bd0c7555, Layer: 439870ef]"
1216109.330993,1000,bd0c7555-7508-4f24-995f-8f7876638404,worker_3,worker_3,GPU_COMPUTE,0.050000,0.050000,GPU Compute
1216109.330993,1000,bd0c7555-7508-4f24-995f-8f7876638404,worker_3,worker_3,MEM_MOVE,0.000000,0.000000,"Wipe/Deallocate Layer from Memory [Model: bd0c7555, Layer: 439870ef]"
1216109.488993,1000,bd0c7555-7508-4f24-995f-8f7876638404,worker_3,coordinator_0,NET_TRANSFER,0.000100,0.158000,Signal Finished
1216828.165593,1000,bd0c7555-7508-4f24-995f-8f7876638404,coordinator_0,worker_4,NET_TRANSFER,8.981583,718.676600,Distribute Layer ID: 66bf4c01
1216828.235762,1000,bd0c7555-7508-4f24-995f-8f7876638404,worker_4,worker_4,DISK_LOAD,8.981583,0.070169,"Disk -> RAM [Model: bd0c7555, Layer: 66bf4c01]"
1216828.305930,1000,bd0c7555-7508-4f24-995f-8f7876638404,worker_4,worker_4,MEM_MOVE,8.981583,0.070169,"RAM -> VRAM [Model: bd0c7555, Layer: 66bf4c01]"
1216828.355930,1000,bd0c7555-7508-4f24-995f-8f7876638404,worker_4,worker_4,GPU_COMPUTE,0.050000,0.050000,GPU Compute
1216828.355930,1000,bd0c7555-7508-4f24-995f-8f7876638404,worker_4,worker_4,MEM_MOVE,0.000000,0.000000,"Wipe/Deallocate Layer from Memory [Model: bd0c7555, Layer: 66bf4c01]"
1216828.513930,1000,bd0c7555-7508-4f24-995f-8f7876638404,worker_4,coordinator_0,NET_TRANSFER,0.000100,0.158000,Signal Finished
1217611.860710,1000,bd0c7555-7508-4f24-995f-8f7876638404,coordinator_0,worker_1,NET_TRANSFER,9.789960,783.346779,Distribute Layer ID: 61ba3f05
1217611.937194,1000,bd0c7555-7508-4f24-995f-8f7876638404,worker_1,worker_1,DISK_LOAD,9.789960,0.076484,"Disk -> RAM [Model: bd0c7555, Layer: 61ba3f05]"
1217612.013678,1000,bd0c7555-7508-4f24-995f-8f7876638404,worker_1,worker_1,MEM_MOVE,9.789960,0.076484,"RAM -> VRAM [Model: bd0c7555, Layer: 61ba3f05]"
1217612.063678,1000,bd0c7555-7508-4f24-995f-8f7876638404,worker_1,worker_1,GPU_COMPUTE,0.050000,0.050000,GPU Compute
1217612.063678,1000,bd0c7555-7508-4f24-995f-8f7876638404,worker_1,worker_1,MEM_MOVE,0.000000,0.000000,"Wipe/Deallocate Layer from Memory [Model: bd0c7555, Layer: 61ba3f05]"
1217612.221678,1000,bd0c7555-7508-4f24-995f-8f7876638404,worker_1,coordinator_0,NET_TRANSFER,0.000100,0.158000,Signal Finished
1218758.401167,1000,bd0c7555-7508-4f24-995f-8f7876638404,coordinator_0,worker_2,NET_TRANSFER,14.325369,1146.179489,Distribute Layer ID: 4ab991e8
1218758.513084,1000,bd0c7555-7508-4f24-995f-8f7876638404,worker_2,worker_2,DISK_LOAD,14.325369,0.111917,"Disk -> RAM [Model: bd0c7555, Layer: 4ab991e8]"
1218758.625001,1000,bd0c7555-7508-4f24-995f-8f7876638404,worker_2,worker_2,MEM_MOVE,14.325369,0.111917,"RAM -> VRAM [Model: bd0c7555, Layer: 4ab991e8]"
1218758.675001,1000,bd0c7555-7508-4f24-995f-8f7876638404,worker_2,worker_2,GPU_COMPUTE,0.050000,0.050000,GPU Compute
1218758.675001,1000,bd0c7555-7508-4f24-995f-8f7876638404,worker_2,worker_2,MEM_MOVE,0.000000,0.000000,"Wipe/Deallocate Layer from Memory [Model: bd0c7555, Layer: 4ab991e8]"
1218758.833001,1000,bd0c7555-7508-4f24-995f-8f7876638404,worker_2,coordinator_0,NET_TRANSFER,0.000100,0.158000,Signal Finished
1219698.454491,1000,bd0c7555-7508-4f24-995f-8f7876638404,coordinator_0,worker_3,NET_TRANSFER,11.743394,939.621490,Distribute Layer ID: 917eb056
1219698.546237,1000,bd0c7555-7508-4f24-995f-8f7876638404,worker_3,worker_3,DISK_LOAD,11.743394,0.091745,"Disk -> RAM [Model: bd0c7555, Layer: 917eb056]"
1219698.637982,1000,bd0c7555-7508-4f24-995f-8f7876638404,worker_3,worker_3,MEM_MOVE,11.743394,0.091745,"RAM -> VRAM [Model: bd0c7555, Layer: 917eb056]"
1219698.687982,1000,bd0c7555-7508-4f24-995f-8f7876638404,worker_3,worker_3,GPU_COMPUTE,0.050000,0.050000,GPU Compute
1219698.687982,1000,bd0c7555-7508-4f24-995f-8f7876638404,worker_3,worker_3,MEM_MOVE,0.000000,0.000000,"Wipe/Deallocate Layer from Memory [Model: bd0c7555, Layer: 917eb056]"
1219698.845982,1000,bd0c7555-7508-4f24-995f-8f7876638404,worker_3,coordinator_0,NET_TRANSFER,0.000100,0.158000,Signal Finished
1220854.233171,1000,bd0c7555-7508-4f24-995f-8f7876638404,coordinator_0,worker_4,NET_TRANSFER,14.440465,1155.387189,Distribute Layer ID: e1a93bc8
1220854.345987,1000,bd0c7555-7508-4f24-995f-8f7876638404,worker_4,worker_4,DISK_LOAD,14.440465,0.112816,"Disk -> RAM [Model: bd0c7555, Layer: e1a93bc8]"
1220854.458803,1000,bd0c7555-7508-4f24-995f-8f7876638404,worker_4,worker_4,MEM_MOVE,14.440465,0.112816,"RAM -> VRAM [Model: bd0c7555, Layer: e1a93bc8]"
1220854.508803,1000,bd0c7555-7508-4f24-995f-8f7876638404,worker_4,worker_4,GPU_COMPUTE,0.050000,0.050000,GPU Compute
1220854.508803,1000,bd0c7555-7508-4f24-995f-8f7876638404,worker_4,worker_4,MEM_MOVE,0.000000,0.000000,"Wipe/Deallocate Layer from Memory [Model: bd0c7555, Layer: e1a93bc8]"
1220854.666803,1000,bd0c7555-7508-4f24-995f-8f7876638404,worker_4,coordinator_0,NET_TRANSFER,0.000100,0.158000,Signal Finished
1221596.360750,1000,bd0c7555-7508-4f24-995f-8f7876638404,coordinator_0,worker_1,NET_TRANSFER,9.269299,741.693947,Distribute Layer ID: 6bfd9c67
1221596.433166,1000,bd0c7555-7508-4f24-995f-8f7876638404,worker_1,worker_1,DISK_LOAD,9.269299,0.072416,"Disk -> RAM [Model: bd0c7555, Layer: 6bfd9c67]"
1221596.505583,1000,bd0c7555-7508-4f24-995f-8f7876638404,worker_1,worker_1,MEM_MOVE,9.269299,0.072416,"RAM -> VRAM [Model: bd0c7555, Layer: 6bfd9c67]"
1221596.555583,1000,bd0c7555-7508-4f24-995f-8f7876638404,worker_1,worker_1,GPU_COMPUTE,0.050000,0.050000,GPU Compute
1221596.555583,1000,bd0c7555-7508-4f24-995f-8f7876638404,worker_1,worker_1,MEM_MOVE,0.000000,0.000000,"Wipe/Deallocate Layer from Memory [Model: bd0c7555, Layer: 6bfd9c67]"
1221596.713583,1000,bd0c7555-7508-4f24-995f-8f7876638404,worker_1,coordinator_0,NET_TRANSFER,0.000100,0.158000,Signal Finished
1222316.107771,1000,bd0c7555-7508-4f24-995f-8f7876638404,coordinator_0,worker_2,NET_TRANSFER,8.990552,719.394188,Distribute Layer ID: a27ea104
1222316.178009,1000,bd0c7555-7508-4f24-995f-8f7876638404,worker_2,worker_2,DISK_LOAD,8.990552,0.070239,"Disk -> RAM [Model: bd0c7555, Layer: a27ea104]"
1222316.248248,1000,bd0c7555-7508-4f24-995f-8f7876638404,worker_2,worker_2,MEM_MOVE,8.990552,0.070239,"RAM -> VRAM [Model: bd0c7555, Layer: a27ea104]"
1222316.298248,1000,bd0c7555-7508-4f24-995f-8f7876638404,worker_2,worker_2,GPU_COMPUTE,0.050000,0.050000,GPU Compute
1222316.298248,1000,bd0c7555-7508-4f24-995f-8f7876638404,worker_2,worker_2,MEM_MOVE,0.000000,0.000000,"Wipe/Deallocate Layer from Memory [Model: bd0c7555, Layer: a27ea104]"
1222316.456248,1000,bd0c7555-7508-4f24-995f-8f7876638404,worker_2,coordinator_0,NET_TRANSFER,0.000100,0.158000,Signal Finished
1223236.253772,1000,bd0c7555-7508-4f24-995f-8f7876638404,coordinator_0,worker_3,NET_TRANSFER,11.495594,919.797524,Distribute Layer ID: 634b6ac9
1223236.343581,1000,bd0c7555-7508-4f24-995f-8f7876638404,worker_3,worker_3,DISK_LOAD,11.495594,0.089809,"Disk -> RAM [Model: bd0c7555, Layer: 634b6ac9]"
1223236.433390,1000,bd0c7555-7508-4f24-995f-8f7876638404,worker_3,worker_3,MEM_MOVE,11.495594,0.089809,"RAM -> VRAM [Model: bd0c7555, Layer: 634b6ac9]"
1223236.483390,1000,bd0c7555-7508-4f24-995f-8f7876638404,worker_3,worker_3,GPU_COMPUTE,0.050000,0.050000,GPU Compute
1223236.483390,1000,bd0c7555-7508-4f24-995f-8f7876638404,worker_3,worker_3,MEM_MOVE,0.000000,0.000000,"Wipe/Deallocate Layer from Memory [Model: bd0c7555, Layer: 634b6ac9]"
1223236.641390,1000,bd0c7555-7508-4f24-995f-8f7876638404,worker_3,coordinator_0,NET_TRANSFER,0.000100,0.158000,Signal Finished
1224278.231680,1000,bd0c7555-7508-4f24-995f-8f7876638404,coordinator_0,worker_4,NET_TRANSFER,13.018004,1041.590289,Distribute Layer ID: 33b77ea4
1224278.333383,1000,bd0c7555-7508-4f24-995f-8f7876638404,worker_4,worker_4,DISK_LOAD,13.018004,0.101703,"Disk -> RAM [Model: bd0c7555, Layer: 33b77ea4]"
1224278.435086,1000,bd0c7555-7508-4f24-995f-8f7876638404,worker_4,worker_4,MEM_MOVE,13.018004,0.101703,"RAM -> VRAM [Model: bd0c7555, Layer: 33b77ea4]"
1224278.485086,1000,bd0c7555-7508-4f24-995f-8f7876638404,worker_4,worker_4,GPU_COMPUTE,0.050000,0.050000,GPU Compute
1224278.485086,1000,bd0c7555-7508-4f24-995f-8f7876638404,worker_4,worker_4,MEM_MOVE,0.000000,0.000000,"Wipe/Deallocate Layer from Memory [Model: bd0c7555, Layer: 33b77ea4]"
1224278.643086,1000,bd0c7555-7508-4f24-995f-8f7876638404,worker_4,coordinator_0,NET_TRANSFER,0.000100,0.158000,Signal Finished
1225272.826122,1000,bd0c7555-7508-4f24-995f-8f7876638404,coordinator_0,worker_1,NET_TRANSFER,12.425413,994.183036,Distribute Layer ID: 954333e2
1225272.923195,1000,bd0c7555-7508-4f24-995f-8f7876638404,worker_1,worker_1,DISK_LOAD,12.425413,0.097074,"Disk -> RAM [Model: bd0c7555, Layer: 954333e2]"
1225273.020269,1000,bd0c7555-7508-4f24-995f-8f7876638404,worker_1,worker_1,MEM_MOVE,12.425413,0.097074,"RAM -> VRAM [Model: bd0c7555, Layer: 954333e2]"
1225273.070269,1000,bd0c7555-7508-4f24-995f-8f7876638404,worker_1,worker_1,GPU_COMPUTE,0.050000,0.050000,GPU Compute
1225273.070269,1000,bd0c7555-7508-4f24-995f-8f7876638404,worker_1,worker_1,MEM_MOVE,0.000000,0.000000,"Wipe/Deallocate Layer from Memory [Model: bd0c7555, Layer: 954333e2]"
1225273.228269,1000,bd0c7555-7508-4f24-995f-8f7876638404,worker_1,coordinator_0,NET_TRANSFER,0.000100,0.158000,Signal Finished
1226106.565078,1000,bd0c7555-7508-4f24-995f-8f7876638404,coordinator_0,worker_2,NET_TRANSFER,10.414835,833.336809,Distribute Layer ID: 0bffb674
1226106.646444,1000,bd0c7555-7508-4f24-995f-8f7876638404,worker_2,worker_2,DISK_LOAD,10.414835,0.081366,"Disk -> RAM [Model: bd0c7555, Layer: 0bffb674]"
1226106.727810,1000,bd0c7555-7508-4f24-995f-8f7876638404,worker_2,worker_2,MEM_MOVE,10.414835,0.081366,"RAM -> VRAM [Model: bd0c7555, Layer: 0bffb674]"
1226106.777810,1000,bd0c7555-7508-4f24-995f-8f7876638404,worker_2,worker_2,GPU_COMPUTE,0.050000,0.050000,GPU Compute
1226106.777810,1000,bd0c7555-7508-4f24-995f-8f7876638404,worker_2,worker_2,MEM_MOVE,0.000000,0.000000,"Wipe/Deallocate Layer from Memory [Model: bd0c7555, Layer: 0bffb674]"
1226106.935810,2010,5c9ce36a-2b74-4ea7-8e23-d9b1ed951ad5,client_2,coordinator_0,NET_TRANSFER,0.000100,0.158000,Request Model ID
1226107.093810,1000,bd0c7555-7508-4f24-995f-8f7876638404,worker_2,coordinator_0,NET_TRANSFER,0.000100,0.158000,Signal Finished
1226959.997383,1000,bd0c7555-7508-4f24-995f-8f7876638404,coordinator_0,worker_3,NET_TRANSFER,10.659420,852.903574,Distribute Layer ID: 8ff7ab62
1226960.080660,1000,bd0c7555-7508-4f24-995f-8f7876638404,worker_3,worker_3,DISK_LOAD,10.659420,0.083277,"Disk -> RAM [Model: bd0c7555, Layer: 8ff7ab62]"
1226960.163937,1000,bd0c7555-7508-4f24-995f-8f7876638404,worker_3,worker_3,MEM_MOVE,10.659420,0.083277,"RAM -> VRAM [Model: bd0c7555, Layer: 8ff7ab62]"
1226960.213937,1000,bd0c7555-7508-4f24-995f-8f7876638404,worker_3,worker_3,GPU_COMPUTE,0.050000,0.050000,GPU Compute
1226960.213937,1000,bd0c7555-7508-4f24-995f-8f7876638404,worker_3,worker_3,MEM_MOVE,0.000000,0.000000,"Wipe/Deallocate Layer from Memory [Model: bd0c7555, Layer: 8ff7ab62]"
1226960.371937,3010,c70dc14b-62de-4f8f-807e-01990637cfee,client_3,coordinator_0,NET_TRANSFER,0.000100,0.158000,Request Model ID
1226960.529937,7009,83f6b24d-e2c0-4816-aadf-23dfab68d109,client_7,coordinator_0,NET_TRANSFER,0.000100,0.158000,Request Model ID
1226960.687937,9010,839eec0a-12fb-43ce-9546-c6fcdd350ddf,client_9,coordinator_0,NET_TRANSFER,0.000100,0.158000,Request Model ID
1226960.845937,3010,bd0c7555-7508-4f24-995f-8f7876638404,client_3,coordinator_0,NET_TRANSFER,0.000100,0.158000,Request Model ID
1226961.003937,6008,839eec0a-12fb-43ce-9546-c6fcdd350ddf,client_6,coordinator_0,NET_TRANSFER,0.000100,0.158000,Request Model ID
1226961.161937,3010,c8b627aa-c753-4597-9919-37d80da8271e,client_3,coordinator_0,NET_TRANSFER,0.000100,0.158000,Request Model ID
1226961.319937,3010,9ff4653d-0230-4ab2-8730-509275ebe6b9,client_3,coordinator_0,NET_TRANSFER,0.000100,0.158000,Request Model ID
1226961.477937,9010,d681adae-a2b4-44cd-8616-f8e1e8da12ad,client_9,coordinator_0,NET_TRANSFER,0.000100,0.158000,Request Model ID
1226961.635937,8010,d681adae-a2b4-44cd-8616-f8e1e8da12ad,client_8,coordinator_0,NET_TRANSFER,0.000100,0.158000,Request Model ID
1226961.793937,1010,c63195df-94aa-4094-99e3-c6a0cd83a683,client_1,coordinator_0,NET_TRANSFER,0.000100,0.158000,Request Model ID
1226961.951937,7010,f4e8236d-3bac-4a5a-bc2a-52927bacb8bb,client_7,coordinator_0,NET_TRANSFER,0.000100,0.158000,Request Model ID
1226962.109937,8010,54f520b0-39a9-4b3f-8c68-ef80c338608e,client_8,coordinator_0,NET_TRANSFER,0.000100,0.158000,Request Model ID
1226962.267937,8010,0dddaaa0-da24-40da-8039-caf51123b642,client_8,coordinator_0,NET_TRANSFER,0.000100,0.158000,Request Model ID
1226962.425937,9008,f3103222-8d0b-4c7c-bf92-28ec44d6bad6,client_9,coordinator_0,NET_TRANSFER,0.000100,0.158000,Request Model ID
1226962.583937,1010,87805db1-7116-4cbf-abf5-3bf14bbef0be,client_1,coordinator_0,NET_TRANSFER,0.000100,0.158000,Request Model ID
1226962.741937,10010,c70dc14b-62de-4f8f-807e-01990637cfee,client_10,coordinator_0,NET_TRANSFER,0.000100,0.158000,Request Model ID
1226962.899937,3007,bd0c7555-7508-4f24-995f-8f7876638404,client_3,coordinator_0,NET_TRANSFER,0.000100,0.158000,Request Model ID
1226963.057937,3006,356e9b46-2a29-4c8e-bcc3-416d0c1cd704,client_3,coordinator_0,NET_TRANSFER,0.000100,0.158000,Request Model ID
1226963.215937,1010,c8b627aa-c753-4597-9919-37d80da8271e,client_1,coordinator_0,NET_TRANSFER,0.000100,0.158000,Request Model ID
1226963.373937,3008,d681adae-a2b4-44cd-8616-f8e1e8da12ad,client_3,coordinator_0,NET_TRANSFER,0.000100,0.158000,Request Model ID
1226963.531937,10011,44e412ff-afaa-496f-ab7e-5bab5d820734,client_10,coordinator_0,NET_TRANSFER,0.000100,0.158000,Request Model ID
1226963.689937,7010,d681adae-a2b4-44cd-8616-f8e1e8da12ad,client_7,coordinator_0,NET_TRANSFER,0.000100,0.158000,Request Model ID
1226963.847937,1000,bd0c7555-7508-4f24-995f-8f7876638404,worker_3,coordinator_0,NET_TRANSFER,0.000100,0.158000,Signal Finished
1227916.316793,1000,bd0c7555-7508-4f24-995f-8f7876638404,coordinator_0,worker_4,NET_TRANSFER,11.903986,952.468856,Distribute Layer ID: 878b177a
1227916.409793,1000,bd0c7555-7508-4f24-995f-8f7876638404,worker_4,worker_4,DISK_LOAD,11.903986,0.093000,"Disk -> RAM [Model: bd0c7555, Layer: 878b177a]"
1227916.502793,1000,bd0c7555-7508-4f24-995f-8f7876638404,worker_4,worker_4,MEM_MOVE,11.903986,0.093000,"RAM -> VRAM [Model: bd0c7555, Layer: 878b177a]"
1227916.552793,1000,bd0c7555-7508-4f24-995f-8f7876638404,worker_4,worker_4,GPU_COMPUTE,0.050000,0.050000,GPU Compute
1227916.552793,1000,bd0c7555-7508-4f24-995f-8f7876638404,worker_4,worker_4,MEM_MOVE,0.000000,0.000000,"Wipe/Deallocate Layer from Memory [Model: bd0c7555, Layer: 878b177a]"
1227916.710793,1000,bd0c7555-7508-4f24-995f-8f7876638404,worker_4,coordinator_0,NET_TRANSFER,0.000100,0.158000,Signal Finished
1228708.177153,1000,bd0c7555-7508-4f24-995f-8f7876638404,coordinator_0,worker_1,NET_TRANSFER,9.891454,791.466360,Distribute Layer ID: 4aabb2b9
1228708.254430,1000,bd0c7555-7508-4f24-995f-8f7876638404,worker_1,worker_1,DISK_LOAD,9.891454,0.077277,"Disk -> RAM [Model: bd0c7555, Layer: 4aabb2b9]"
1228708.331707,1000,bd0c7555-7508-4f24-995f-8f7876638404,worker_1,worker_1,MEM_MOVE,9.891454,0.077277,"RAM -> VRAM [Model: bd0c7555, Layer: 4aabb2b9]"
1228708.381707,1000,bd0c7555-7508-4f24-995f-8f7876638404,worker_1,worker_1,GPU_COMPUTE,0.050000,0.050000,GPU Compute
1228708.381707,1000,bd0c7555-7508-4f24-995f-8f7876638404,worker_1,worker_1,MEM_MOVE,0.000000,0.000000,"Wipe/Deallocate Layer from Memory [Model: bd0c7555, Layer: 4aabb2b9]"
1228708.539707,1000,bd0c7555-7508-4f24-995f-8f7876638404,worker_1,coordinator_0,NET_TRANSFER,0.000100,0.158000,Signal Finished
1228708.697707,7010,6866045f-7c20-413e-969a-49cc562754e6,client_7,coordinator_0,NET_TRANSFER,0.000100,0.158000,Request Model ID
1229719.779671,1000,bd0c7555-7508-4f24-995f-8f7876638404,coordinator_0,worker_2,NET_TRANSFER,12.636650,1011.081964,Distribute Layer ID: a4897fba
1229719.937671,7010,6724fe5b-01f4-4d88-8014-0377674aee20,client_7,coordinator_0,NET_TRANSFER,0.000100,0.158000,Request Model ID
1229720.095671,1010,a79d6eab-63d5-456d-acd6-efea895af322,client_1,coordinator_0,NET_TRANSFER,0.000100,0.158000,Request Model ID
1229720.253671,6011,839eec0a-12fb-43ce-9546-c6fcdd350ddf,client_6,coordinator_0,NET_TRANSFER,0.000100,0.158000,Request Model ID
1229720.411671,4011,d681adae-a2b4-44cd-8616-f8e1e8da12ad,client_4,coordinator_0,NET_TRANSFER,0.000100,0.158000,Request Model ID
1229720.569671,2011,44e412ff-afaa-496f-ab7e-5bab5d820734,client_2,coordinator_0,NET_TRANSFER,0.000100,0.158000,Request Model ID
1229720.668394,1000,bd0c7555-7508-4f24-995f-8f7876638404,worker_2,worker_2,DISK_LOAD,12.636650,0.098724,"Disk -> RAM [Model: bd0c7555, Layer: a4897fba]"
1229720.767118,1000,bd0c7555-7508-4f24-995f-8f7876638404,worker_2,worker_2,MEM_MOVE,12.636650,0.098724,"RAM -> VRAM [Model: bd0c7555, Layer: a4897fba]"
1229720.817118,1000,bd0c7555-7508-4f24-995f-8f7876638404,worker_2,worker_2,GPU_COMPUTE,0.050000,0.050000,GPU Compute
1229720.817118,1000,bd0c7555-7508-4f24-995f-8f7876638404,worker_2,worker_2,MEM_MOVE,0.000000,0.000000,"Wipe/Deallocate Layer from Memory [Model: bd0c7555, Layer: a4897fba]"
1229720.975118,1000,bd0c7555-7508-4f24-995f-8f7876638404,worker_2,coordinator_0,NET_TRANSFER,0.000100,0.158000,Signal Finished
1230391.058377,1000,bd0c7555-7508-4f24-995f-8f7876638404,coordinator_0,worker_3,NET_TRANSFER,8.374166,670.083258,Distribute Layer ID: 6f67b951
1230391.123800,1000,bd0c7555-7508-4f24-995f-8f7876638404,worker_3,worker_3,DISK_LOAD,8.374166,0.065423,"Disk -> RAM [Model: bd0c7555, Layer: 6f67b951]"
1230391.189223,1000,bd0c7555-7508-4f24-995f-8f7876638404,worker_3,worker_3,MEM_MOVE,8.374166,0.065423,"RAM -> VRAM [Model: bd0c7555, Layer: 6f67b951]"
1230391.239223,1000,bd0c7555-7508-4f24-995f-8f7876638404,worker_3,worker_3,GPU_COMPUTE,0.050000,0.050000,GPU Compute
1230391.239223,1000,bd0c7555-7508-4f24-995f-8f7876638404,worker_3,worker_3,MEM_MOVE,0.000000,0.000000,"Wipe/Deallocate Layer from Memory [Model: bd0c7555, Layer: 6f67b951]"
1230391.397223,1000,bd0c7555-7508-4f24-995f-8f7876638404,worker_3,coordinator_0,NET_TRANSFER,0.000100,0.158000,Signal Finished
1230873.727824,1000,bd0c7555-7508-4f24-995f-8f7876638404,coordinator_0,worker_4,NET_TRANSFER,6.027258,482.330601,Distribute Layer ID: ec2f76f0
1230873.774912,1000,bd0c7555-7508-4f24-995f-8f7876638404,worker_4,worker_4,DISK_LOAD,6.027258,0.047088,"Disk -> RAM [Model: bd0c7555, Layer: ec2f76f0]"
1230873.822000,1000,bd0c7555-7508-4f24-995f-8f7876638404,worker_4,worker_4,MEM_MOVE,6.027258,0.047088,"RAM -> VRAM [Model: bd0c7555, Layer: ec2f76f0]"
1230873.872000,1000,bd0c7555-7508-4f24-995f-8f7876638404,worker_4,worker_4,GPU_COMPUTE,0.050000,0.050000,GPU Compute
1230873.872000,1000,bd0c7555-7508-4f24-995f-8f7876638404,worker_4,worker_4,MEM_MOVE,0.000000,0.000000,"Wipe/Deallocate Layer from Memory [Model: bd0c7555, Layer: ec2f76f0]"
1230874.030000,1000,bd0c7555-7508-4f24-995f-8f7876638404,worker_4,coordinator_0,NET_TRANSFER,0.000100,0.158000,Signal Finished
1231508.436807,1000,bd0c7555-7508-4f24-995f-8f7876638404,coordinator_0,worker_1,NET_TRANSFER,7.928210,634.406807,Distribute Layer ID: c60c8db3
1231508.498746,1000,bd0c7555-7508-4f24-995f-8f7876638404,worker_1,worker_1,DISK_LOAD,7.928210,0.061939,"Disk -> RAM [Model: bd0c7555, Layer: c60c8db3]"
1231508.560685,1000,bd0c7555-7508-4f24-995f-8f7876638404,worker_1,worker_1,MEM_MOVE,7.928210,0.061939,"RAM -> VRAM [Model: bd0c7555, Layer: c60c8db3]"
1231508.610685,1000,bd0c7555-7508-4f24-995f-8f7876638404,worker_1,worker_1,GPU_COMPUTE,0.050000,0.050000,GPU Compute
1231508.610685,1000,bd0c7555-7508-4f24-995f-8f7876638404,worker_1,worker_1,MEM_MOVE,0.000000,0.000000,"Wipe/Deallocate Layer from Memory [Model: bd0c7555, Layer: c60c8db3]"
1231508.768685,1000,bd0c7555-7508-4f24-995f-8f7876638404,worker_1,coordinator_0,NET_TRANSFER,0.000100,0.158000,Signal Finished
1232590.106068,1000,bd0c7555-7508-4f24-995f-8f7876638404,coordinator_0,worker_2,NET_TRANSFER,13.514842,1081.337383,Distribute Layer ID: 1d6d7647
1232590.211653,1000,bd0c7555-7508-4f24-995f-8f7876638404,worker_2,worker_2,DISK_LOAD,13.514842,0.105585,"Disk -> RAM [Model: bd0c7555, Layer: 1d6d7647]"
1232590.317238,1000,bd0c7555-7508-4f24-995f-8f7876638404,worker_2,worker_2,MEM_MOVE,13.514842,0.105585,"RAM -> VRAM [Model: bd0c7555, Layer: 1d6d7647]"
1232590.367238,1000,bd0c7555-7508-4f24-995f-8f7876638404,worker_2,worker_2,GPU_COMPUTE,0.050000,0.050000,GPU Compute
1232590.367238,1000,bd0c7555-7508-4f24-995f-8f7876638404,worker_2,worker_2,MEM_MOVE,0.000000,0.000000,"Wipe/Deallocate Layer from Memory [Model: bd0c7555, Layer: 1d6d7647]"
1232590.525238,1000,bd0c7555-7508-4f24-995f-8f7876638404,worker_2,coordinator_0,NET_TRANSFER,0.000100,0.158000,Signal Finished
1233684.251695,1000,bd0c7555-7508-4f24-995f-8f7876638404,coordinator_0,worker_3,NET_TRANSFER,13.669706,1093.726457,Distribute Layer ID: 33435cc9
1233684.358490,1000,bd0c7555-7508-4f24-995f-8f7876638404,worker_3,worker_3,DISK_LOAD,13.669706,0.106795,"Disk -> RAM [Model: bd0c7555, Layer: 33435cc9]"
1233684.465284,1000,bd0c7555-7508-4f24-995f-8f7876638404,worker_3,worker_3,MEM_MOVE,13.669706,0.106795,"RAM -> VRAM [Model: bd0c7555, Layer: 33435cc9]"
1233684.515284,1000,bd0c7555-7508-4f24-995f-8f7876638404,worker_3,worker_3,GPU_COMPUTE,0.050000,0.050000,GPU Compute
1233684.515284,1000,bd0c7555-7508-4f24-995f-8f7876638404,worker_3,worker_3,MEM_MOVE,0.000000,0.000000,"Wipe/Deallocate Layer from Memory [Model: bd0c7555, Layer: 33435cc9]"
1233684.673284,1000,bd0c7555-7508-4f24-995f-8f7876638404,worker_3,coordinator_0,NET_TRANSFER,0.000100,0.158000,Signal Finished
1234826.683405,1000,bd0c7555-7508-4f24-995f-8f7876638404,coordinator_0,worker_4,NET_TRANSFER,14.273252,1142.010120,Distribute Layer ID: 89d67dad
1234826.794914,1000,bd0c7555-7508-4f24-995f-8f7876638404,worker_4,worker_4,DISK_LOAD,14.273252,0.111510,"Disk -> RAM [Model: bd0c7555, Layer: 89d67dad]"
1234826.906424,1000,bd0c7555-7508-4f24-995f-8f7876638404,worker_4,worker_4,MEM_MOVE,14.273252,0.111510,"RAM -> VRAM [Model: bd0c7555, Layer: 89d67dad]"
1234826.956424,1000,bd0c7555-7508-4f24-995f-8f7876638404,worker_4,worker_4,GPU_COMPUTE,0.050000,0.050000,GPU Compute
1234826.956424,1000,bd0c7555-7508-4f24-995f-8f7876638404,worker_4,worker_4,MEM_MOVE,0.000000,0.000000,"Wipe/Deallocate Layer from Memory [Model: bd0c7555, Layer: 89d67dad]"
1234827.114424,3011,8f8d56cf-a64d-4894-ad63-cc75da090995,client_3,coordinator_0,NET_TRANSFER,0.000100,0.158000,Request Model ID
1234827.272424,1000,bd0c7555-7508-4f24-995f-8f7876638404,worker_4,coordinator_0,NET_TRANSFER,0.000100,0.158000,Signal Finished
1235746.380107,1000,bd0c7555-7508-4f24-995f-8f7876638404,coordinator_0,worker_1,NET_TRANSFER,11.486971,919.107683,Distribute Layer ID: 23c73956
1235746.469849,1000,bd0c7555-7508-4f24-995f-8f7876638404,worker_1,worker_1,DISK_LOAD,11.486971,0.089742,"Disk -> RAM [Model: bd0c7555, Layer: 23c73956]"
1235746.559591,1000,bd0c7555-7508-4f24-995f-8f7876638404,worker_1,worker_1,MEM_MOVE,11.486971,0.089742,"RAM -> VRAM [Model: bd0c7555, Layer: 23c73956]"
1235746.609591,1000,bd0c7555-7508-4f24-995f-8f7876638404,worker_1,worker_1,GPU_COMPUTE,0.050000,0.050000,GPU Compute
1235746.609591,1000,bd0c7555-7508-4f24-995f-8f7876638404,worker_1,worker_1,MEM_MOVE,0.000000,0.000000,"Wipe/Deallocate Layer from Memory [Model: bd0c7555, Layer: 23c73956]"
1235746.767591,1000,bd0c7555-7508-4f24-995f-8f7876638404,worker_1,coordinator_0,NET_TRANSFER,0.000100,0.158000,Signal Finished
1236886.468932,1000,bd0c7555-7508-4f24-995f-8f7876638404,coordinator_0,worker_2,NET_TRANSFER,14.244392,1139.701341,Distribute Layer ID: 65547ed4
1236886.580216,1000,bd0c7555-7508-4f24-995f-8f7876638404,worker_2,worker_2,DISK_LOAD,14.244392,0.111284,"Disk -> RAM [Model: bd0c7555, Layer: 65547ed4]"
1236886.691500,1000,bd0c7555-7508-4f24-995f-8f7876638404,worker_2,worker_2,MEM_MOVE,14.244392,0.111284,"RAM -> VRAM [Model: bd0c7555, Layer: 65547ed4]"
1236886.741500,1000,bd0c7555-7508-4f24-995f-8f7876638404,worker_2,worker_2,GPU_COMPUTE,0.050000,0.050000,GPU Compute
1236886.741500,1000,bd0c7555-7508-4f24-995f-8f7876638404,worker_2,worker_2,MEM_MOVE,0.000000,0.000000,"Wipe/Deallocate Layer from Memory [Model: bd0c7555, Layer: 65547ed4]"
1236886.899500,2011,54f520b0-39a9-4b3f-8c68-ef80c338608e,client_2,coordinator_0,NET_TRANSFER,0.000100,0.158000,Request Model ID
1236887.057500,9011,718ac69c-3b4b-44dd-a315-e303a3a2c9d9,client_9,coordinator_0,NET_TRANSFER,0.000100,0.158000,Request Model ID
1236887.215500,2011,9756b9a8-e47e-41d3-a26d-bfa827451023,client_2,coordinator_0,NET_TRANSFER,0.000100,0.158000,Request Model ID
1236887.373500,5011,d681adae-a2b4-44cd-8616-f8e1e8da12ad,client_5,coordinator_0,NET_TRANSFER,0.000100,0.158000,Request Model ID
1236887.531500,1000,bd0c7555-7508-4f24-995f-8f7876638404,worker_2,coordinator_0,NET_TRANSFER,0.000100,0.158000,Signal Finished
1237685.974000,1000,bd0c7555-7508-4f24-995f-8f7876638404,coordinator_0,worker_3,NET_TRANSFER,9.978656,798.442500,Distribute Layer ID: 66b3a60f
1237686.051958,1000,bd0c7555-7508-4f24-995f-8f7876638404,worker_3,worker_3,DISK_LOAD,9.978656,0.077958,"Disk -> RAM [Model: bd0c7555, Layer: 66b3a60f]"
1237686.129916,1000,bd0c7555-7508-4f24-995f-8f7876638404,worker_3,worker_3,MEM_MOVE,9.978656,0.077958,"RAM -> VRAM [Model: bd0c7555, Layer: 66b3a60f]"
1237686.179916,1000,bd0c7555-7508-4f24-995f-8f7876638404,worker_3,worker_3,GPU_COMPUTE,0.050000,0.050000,GPU Compute
1237686.179916,1000,bd0c7555-7508-4f24-995f-8f7876638404,worker_3,worker_3,MEM_MOVE,0.000000,0.000000,"Wipe/Deallocate Layer from Memory [Model: bd0c7555, Layer: 66b3a60f]"
1237686.337916,6011,83f6b24d-e2c0-4816-aadf-23dfab68d109,client_6,coordinator_0,NET_TRANSFER,0.000100,0.158000,Request Model ID
1237686.495916,10011,d545a4bc-3a0f-4514-bf26-1cbfffac1f98,client_10,coordinator_0,NET_TRANSFER,0.000100,0.158000,Request Model ID
1237686.653916,1000,bd0c7555-7508-4f24-995f-8f7876638404,worker_3,coordinator_0,NET_TRANSFER,0.000100,0.158000,Signal Finished
1238422.893424,1000,bd0c7555-7508-4f24-995f-8f7876638404,coordinator_0,worker_4,NET_TRANSFER,9.201119,736.239508,Distribute Layer ID: ed60f83e
1238422.965308,1000,bd0c7555-7508-4f24-995f-8f7876638404,worker_4,worker_4,DISK_LOAD,9.201119,0.071884,"Disk -> RAM [Model: bd0c7555, Layer: ed60f83e]"
1238423.037192,1000,bd0c7555-7508-4f24-995f-8f7876638404,worker_4,worker_4,MEM_MOVE,9.201119,0.071884,"RAM -> VRAM [Model: bd0c7555, Layer: ed60f83e]"
1238423.087192,1000,bd0c7555-7508-4f24-995f-8f7876638404,worker_4,worker_4,GPU_COMPUTE,0.050000,0.050000,GPU Compute
1238423.087192,1000,bd0c7555-7508-4f24-995f-8f7876638404,worker_4,worker_4,MEM_MOVE,0.000000,0.000000,"Wipe/Deallocate Layer from Memory [Model: bd0c7555, Layer: ed60f83e]"
1238423.245192,1000,bd0c7555-7508-4f24-995f-8f7876638404,worker_4,coordinator_0,NET_TRANSFER,0.000100,0.158000,Signal Finished
1238911.048034,1000,bd0c7555-7508-4f24-995f-8f7876638404,coordinator_0,worker_1,NET_TRANSFER,6.095661,487.802843,Distribute Layer ID: ec326da3
1238911.095657,1000,bd0c7555-7508-4f24-995f-8f7876638404,worker_1,worker_1,DISK_LOAD,6.095661,0.047622,"Disk -> RAM [Model: bd0c7555, Layer: ec326da3]"
1238911.143279,1000,bd0c7555-7508-4f24-995f-8f7876638404,worker_1,worker_1,MEM_MOVE,6.095661,0.047622,"RAM -> VRAM [Model: bd0c7555, Layer: ec326da3]"
1238911.193279,1000,bd0c7555-7508-4f24-995f-8f7876638404,worker_1,worker_1,GPU_COMPUTE,0.050000,0.050000,GPU Compute
1238911.193279,1000,bd0c7555-7508-4f24-995f-8f7876638404,worker_1,worker_1,MEM_MOVE,0.000000,0.000000,"Wipe/Deallocate Layer from Memory [Model: bd0c7555, Layer: ec326da3]"
1238911.351279,1000,bd0c7555-7508-4f24-995f-8f7876638404,worker_1,coordinator_0,NET_TRANSFER,0.000100,0.158000,Signal Finished
1238911.509279,5011,356e9b46-2a29-4c8e-bcc3-416d0c1cd704,client_5,coordinator_0,NET_TRANSFER,0.000100,0.158000,Request Model ID
1239794.456726,1000,bd0c7555-7508-4f24-995f-8f7876638404,coordinator_0,worker_2,NET_TRANSFER,11.034968,882.947447,Distribute Layer ID: 57251fd9
1239794.542937,1000,bd0c7555-7508-4f24-995f-8f7876638404,worker_2,worker_2,DISK_LOAD,11.034968,0.086211,"Disk -> RAM [Model: bd0c7555, Layer: 57251fd9]"
1239794.629147,1000,bd0c7555-7508-4f24-995f-8f7876638404,worker_2,worker_2,MEM_MOVE,11.034968,0.086211,"RAM -> VRAM [Model: bd0c7555, Layer: 57251fd9]"
1239794.679147,1000,bd0c7555-7508-4f24-995f-8f7876638404,worker_2,worker_2,GPU_COMPUTE,0.050000,0.050000,GPU Compute
1239794.679147,1000,bd0c7555-7508-4f24-995f-8f7876638404,worker_2,worker_2,MEM_MOVE,0.000000,0.000000,"Wipe/Deallocate Layer from Memory [Model: bd0c7555, Layer: 57251fd9]"
1239794.837147,4011,c63195df-94aa-4094-99e3-c6a0cd83a683,client_4,coordinator_0,NET_TRANSFER,0.000100,0.158000,Request Model ID
1239794.995147,1000,bd0c7555-7508-4f24-995f-8f7876638404,worker_2,coordinator_0,NET_TRANSFER,0.000100,0.158000,Signal Finished
1239795.153147,8011,54f520b0-39a9-4b3f-8c68-ef80c338608e,client_8,coordinator_0,NET_TRANSFER,0.000100,0.158000,Request Model ID
1240825.652565,9000,90d2b33a-8379-4cfb-92e7-33e022e636c7,coordinator_0,worker_1,NET_TRANSFER,12.879368,1030.499417,Distribute Layer ID: ed926248
1240825.753185,9000,90d2b33a-8379-4cfb-92e7-33e022e636c7,worker_1,worker_1,DISK_LOAD,12.879368,0.100620,"Disk -> RAM [Model: 90d2b33a, Layer: ed926248]"
1240825.853805,9000,90d2b33a-8379-4cfb-92e7-33e022e636c7,worker_1,worker_1,MEM_MOVE,12.879368,0.100620,"RAM -> VRAM [Model: 90d2b33a, Layer: ed926248]"
1240825.903805,9000,90d2b33a-8379-4cfb-92e7-33e022e636c7,worker_1,worker_1,GPU_COMPUTE,0.050000,0.050000,GPU Compute
1240825.903805,9000,90d2b33a-8379-4cfb-92e7-33e022e636c7,worker_1,worker_1,MEM_MOVE,0.000000,0.000000,"Wipe/Deallocate Layer from Memory [Model: 90d2b33a, Layer: ed926248]"
1240826.061805,9011,54f520b0-39a9-4b3f-8c68-ef80c338608e,client_9,coordinator_0,NET_TRANSFER,0.000100,0.158000,Request Model ID
1240826.219805,3011,0dddaaa0-da24-40da-8039-caf51123b642,client_3,coordinator_0,NET_TRANSFER,0.000100,0.158000,Request Model ID
1240826.377805,8011,0c814a93-6f1a-40bc-a0d1-6b9e15a8bc47,client_8,coordinator_0,NET_TRANSFER,0.000100,0.158000,Request Model ID
1240826.535805,3011,2689c22d-d78c-4127-a74c-3cc88d4cc4da,client_3,coordinator_0,NET_TRANSFER,0.000100,0.158000,Request Model ID
1240826.693805,8011,83f6b24d-e2c0-4816-aadf-23dfab68d109,client_8,coordinator_0,NET_TRANSFER,0.000100,0.158000,Request Model ID
1240826.851805,2011,9ff4653d-0230-4ab2-8730-509275ebe6b9,client_2,coordinator_0,NET_TRANSFER,0.000100,0.158000,Request Model ID
1240827.009805,9000,90d2b33a-8379-4cfb-92e7-33e022e636c7,worker_1,coordinator_0,NET_TRANSFER,0.000100,0.158000,Signal Finished
1241675.445573,9000,90d2b33a-8379-4cfb-92e7-33e022e636c7,coordinator_0,worker_2,NET_TRANSFER,10.603572,848.435769,Distribute Layer ID: 1412349e
1241675.528414,9000,90d2b33a-8379-4cfb-92e7-33e022e636c7,worker_2,worker_2,DISK_LOAD,10.603572,0.082840,"Disk -> RAM [Model: 90d2b33a, Layer: 1412349e]"
1241675.611254,9000,90d2b33a-8379-4cfb-92e7-33e022e636c7,worker_2,worker_2,MEM_MOVE,10.603572,0.082840,"RAM -> VRAM [Model: 90d2b33a, Layer: 1412349e]"
1241675.661254,9000,90d2b33a-8379-4cfb-92e7-33e022e636c7,worker_2,worker_2,GPU_COMPUTE,0.050000,0.050000,GPU Compute
1241675.661254,9000,90d2b33a-8379-4cfb-92e7-33e022e636c7,worker_2,worker_2,MEM_MOVE,0.000000,0.000000,"Wipe/Deallocate Layer from Memory [Model: 90d2b33a, Layer: 1412349e]"
1241675.819254,9000,90d2b33a-8379-4cfb-92e7-33e022e636c7,worker_2,coordinator_0,NET_TRANSFER,0.000100,0.158000,Signal Finished
1242461.329314,9000,90d2b33a-8379-4cfb-92e7-33e022e636c7,coordinator_0,worker_3,NET_TRANSFER,9.817001,785.510060,Distribute Layer ID: 45220d5c
1242461.406010,9000,90d2b33a-8379-4cfb-92e7-33e022e636c7,worker_3,worker_3,DISK_LOAD,9.817001,0.076695,"Disk -> RAM [Model: 90d2b33a, Layer: 45220d5c]"
1242461.482705,9000,90d2b33a-8379-4cfb-92e7-33e022e636c7,worker_3,worker_3,MEM_MOVE,9.817001,0.076695,"RAM -> VRAM [Model: 90d2b33a, Layer: 45220d5c]"
1242461.532705,9000,90d2b33a-8379-4cfb-92e7-33e022e636c7,worker_3,worker_3,GPU_COMPUTE,0.050000,0.050000,GPU Compute
1242461.532705,9000,90d2b33a-8379-4cfb-92e7-33e022e636c7,worker_3,worker_3,MEM_MOVE,0.000000,0.000000,"Wipe/Deallocate Layer from Memory [Model: 90d2b33a, Layer: 45220d5c]"
1242461.690705,9000,90d2b33a-8379-4cfb-92e7-33e022e636c7,worker_3,coordinator_0,NET_TRANSFER,0.000100,0.158000,Signal Finished
1243196.589459,9000,90d2b33a-8379-4cfb-92e7-33e022e636c7,coordinator_0,worker_4,NET_TRANSFER,9.184359,734.898754,Distribute Layer ID: 2416751b
1243196.661211,9000,90d2b33a-8379-4cfb-92e7-33e022e636c7,worker_4,worker_4,DISK_LOAD,9.184359,0.071753,"Disk -> RAM [Model: 90d2b33a, Layer: 2416751b]"
1243196.732964,9000,90d2b33a-8379-4cfb-92e7-33e022e636c7,worker_4,worker_4,MEM_MOVE,9.184359,0.071753,"RAM -> VRAM [Model: 90d2b33a, Layer: 2416751b]"
1243196.782964,9000,90d2b33a-8379-4cfb-92e7-33e022e636c7,worker_4,worker_4,GPU_COMPUTE,0.050000,0.050000,GPU Compute
1243196.782964,9000,90d2b33a-8379-4cfb-92e7-33e022e636c7,worker_4,worker_4,MEM_MOVE,0.000000,0.000000,"Wipe/Deallocate Layer from Memory [Model: 90d2b33a, Layer: 2416751b]"
1243196.940964,9000,90d2b33a-8379-4cfb-92e7-33e022e636c7,worker_4,coordinator_0,NET_TRANSFER,0.000100,0.158000,Signal Finished
1243757.133278,9000,90d2b33a-8379-4cfb-92e7-33e022e636c7,coordinator_0,worker_1,NET_TRANSFER,7.000529,560.192314,Distribute Layer ID: de61a5b6
1243757.187970,9000,90d2b33a-8379-4cfb-92e7-33e022e636c7,worker_1,worker_1,DISK_LOAD,7.000529,0.054692,"Disk -> RAM [Model: 90d2b33a, Layer: de61a5b6]"
1243757.242661,9000,90d2b33a-8379-4cfb-92e7-33e022e636c7,worker_1,worker_1,MEM_MOVE,7.000529,0.054692,"RAM -> VRAM [Model: 90d2b33a, Layer: de61a5b6]"
1243757.292661,9000,90d2b33a-8379-4cfb-92e7-33e022e636c7,worker_1,worker_1,GPU_COMPUTE,0.050000,0.050000,GPU Compute
1243757.292661,9000,90d2b33a-8379-4cfb-92e7-33e022e636c7,worker_1,worker_1,MEM_MOVE,0.000000,0.000000,"Wipe/Deallocate Layer from Memory [Model: 90d2b33a, Layer: de61a5b6]"
1243757.450661,9000,90d2b33a-8379-4cfb-92e7-33e022e636c7,worker_1,coordinator_0,NET_TRANSFER,0.000100,0.158000,Signal Finished
1244902.803871,9000,90d2b33a-8379-4cfb-92e7-33e022e636c7,coordinator_0,worker_2,NET_TRANSFER,14.315040,1145.353210,Distribute Layer ID: fd017a4f
1244902.915707,9000,90d2b33a-8379-4cfb-92e7-33e022e636c7,worker_2,worker_2,DISK_LOAD,14.315040,0.111836,"Disk -> RAM [Model: 90d2b33a, Layer: fd017a4f]"
1244903.027544,9000,90d2b33a-8379-4cfb-92e7-33e022e636c7,worker_2,worker_2,MEM_MOVE,14.315040,0.111836,"RAM -> VRAM [Model: 90d2b33a, Layer: fd017a4f]"
1244903.077544,9000,90d2b33a-8379-4cfb-92e7-33e022e636c7,worker_2,worker_2,GPU_COMPUTE,0.050000,0.050000,GPU Compute
1244903.077544,9000,90d2b33a-8379-4cfb-92e7-33e022e636c7,worker_2,worker_2,MEM_MOVE,0.000000,0.000000,"Wipe/Deallocate Layer from Memory [Model: 90d2b33a, Layer: fd017a4f]"
1244903.235544,9000,90d2b33a-8379-4cfb-92e7-33e022e636c7,worker_2,coordinator_0,NET_TRANSFER,0.000100,0.158000,Signal Finished
1245885.360444,9000,90d2b33a-8379-4cfb-92e7-33e022e636c7,coordinator_0,worker_3,NET_TRANSFER,12.274686,982.124900,Distribute Layer ID: fe4c37e6
1245885.456340,9000,90d2b33a-8379-4cfb-92e7-33e022e636c7,worker_3,worker_3,DISK_LOAD,12.274686,0.095896,"Disk -> RAM [Model: 90d2b33a, Layer: fe4c37e6]"
1245885.552236,9000,90d2b33a-8379-4cfb-92e7-33e022e636c7,worker_3,worker_3,MEM_MOVE,12.274686,0.095896,"RAM -> VRAM [Model: 90d2b33a, Layer: fe4c37e6]"
1245885.602236,9000,90d2b33a-8379-4cfb-92e7-33e022e636c7,worker_3,worker_3,GPU_COMPUTE,0.050000,0.050000,GPU Compute
1245885.602236,9000,90d2b33a-8379-4cfb-92e7-33e022e636c7,worker_3,worker_3,MEM_MOVE,0.000000,0.000000,"Wipe/Deallocate Layer from Memory [Model: 90d2b33a, Layer: fe4c37e6]"
1245885.760236,3011,6724fe5b-01f4-4d88-8014-0377674aee20,client_3,coordinator_0,NET_TRANSFER,0.000100,0.158000,Request Model ID
1245885.918236,1011,c63195df-94aa-4094-99e3-c6a0cd83a683,client_1,coordinator_0,NET_TRANSFER,0.000100,0.158000,Request Model ID
1245886.076236,7011,356e9b46-2a29-4c8e-bcc3-416d0c1cd704,client_7,coordinator_0,NET_TRANSFER,0.000100,0.158000,Request Model ID
1245886.234236,10011,54f520b0-39a9-4b3f-8c68-ef80c338608e,client_10,coordinator_0,NET_TRANSFER,0.000100,0.158000,Request Model ID
1245886.392236,1011,8cf3f410-dcc3-4315-9786-8032924a0e46,client_1,coordinator_0,NET_TRANSFER,0.000100,0.158000,Request Model ID
1245886.550236,1011,54f520b0-39a9-4b3f-8c68-ef80c338608e,client_1,coordinator_0,NET_TRANSFER,0.000100,0.158000,Request Model ID
1245886.708236,6011,a28e3970-da86-45fa-affc-65dcd0558159,client_6,coordinator_0,NET_TRANSFER,0.000100,0.158000,Request Model ID
1245886.866236,9011,3c75fe70-4ef7-47df-ba06-905342d3e385,client_9,coordinator_0,NET_TRANSFER,0.000100,0.158000,Request Model ID
1245887.024236,7011,2689c22d-d78c-4127-a74c-3cc88d4cc4da,client_7,coordinator_0,NET_TRANSFER,0.000100,0.158000,Request Model ID
1245887.182236,7011,4f4ec27a-26d2-47e6-ad9b-bb575c60b698,client_7,coordinator_0,NET_TRANSFER,0.000100,0.158000,Request Model ID
1245887.340236,9000,90d2b33a-8379-4cfb-92e7-33e022e636c7,worker_3,coordinator_0,NET_TRANSFER,0.000100,0.158000,Signal Finished
1247001.571687,9000,90d2b33a-8379-4cfb-92e7-33e022e636c7,coordinator_0,worker_4,NET_TRANSFER,13.926018,1114.231451,Distribute Layer ID: dda43ed8
1247001.680484,9000,90d2b33a-8379-4cfb-92e7-33e022e636c7,worker_4,worker_4,DISK_LOAD,13.926018,0.108797,"Disk -> RAM [Model: 90d2b33a, Layer: dda43ed8]"
1247001.789281,9000,90d2b33a-8379-4cfb-92e7-33e022e636c7,worker_4,worker_4,MEM_MOVE,13.926018,0.108797,"RAM -> VRAM [Model: 90d2b33a, Layer: dda43ed8]"
1247001.839281,9000,90d2b33a-8379-4cfb-92e7-33e022e636c7,worker_4,worker_4,GPU_COMPUTE,0.050000,0.050000,GPU Compute
1247001.839281,9000,90d2b33a-8379-4cfb-92e7-33e022e636c7,worker_4,worker_4,MEM_MOVE,0.000000,0.000000,"Wipe/Deallocate Layer from Memory [Model: 90d2b33a, Layer: dda43ed8]"
1247001.997281,9000,90d2b33a-8379-4cfb-92e7-33e022e636c7,worker_4,coordinator_0,NET_TRANSFER,0.000100,0.158000,Signal Finished
1247627.863041,9000,90d2b33a-8379-4cfb-92e7-33e022e636c7,coordinator_0,worker_1,NET_TRANSFER,7.821447,625.865760,Distribute Layer ID: c7c8a3ad
1247627.924146,9000,90d2b33a-8379-4cfb-92e7-33e022e636c7,worker_1,worker_1,DISK_LOAD,7.821447,0.061105,"Disk -> RAM [Model: 90d2b33a, Layer: c7c8a3ad]"
1247627.985251,9000,90d2b33a-8379-4cfb-92e7-33e022e636c7,worker_1,worker_1,MEM_MOVE,7.821447,0.061105,"RAM -> VRAM [Model: 90d2b33a, Layer: c7c8a3ad]"
1247628.035251,9000,90d2b33a-8379-4cfb-92e7-33e022e636c7,worker_1,worker_1,GPU_COMPUTE,0.050000,0.050000,GPU Compute
1247628.035251,9000,90d2b33a-8379-4cfb-92e7-33e022e636c7,worker_1,worker_1,MEM_MOVE,0.000000,0.000000,"Wipe/Deallocate Layer from Memory [Model: 90d2b33a, Layer: c7c8a3ad]"
1247628.193251,9000,90d2b33a-8379-4cfb-92e7-33e022e636c7,worker_1,coordinator_0,NET_TRANSFER,0.000100,0.158000,Signal Finished
1248056.274074,9000,90d2b33a-8379-4cfb-92e7-33e022e636c7,coordinator_0,worker_2,NET_TRANSFER,5.349135,428.080823,Distribute Layer ID: d98b1b41
1248056.315864,9000,90d2b33a-8379-4cfb-92e7-33e022e636c7,worker_2,worker_2,DISK_LOAD,5.349135,0.041790,"Disk -> RAM [Model: 90d2b33a, Layer: d98b1b41]"
1248056.357654,9000,90d2b33a-8379-4cfb-92e7-33e022e636c7,worker_2,worker_2,MEM_MOVE,5.349135,0.041790,"RAM -> VRAM [Model: 90d2b33a, Layer: d98b1b41]"
1248056.407654,9000,90d2b33a-8379-4cfb-92e7-33e022e636c7,worker_2,worker_2,GPU_COMPUTE,0.050000,0.050000,GPU Compute
1248056.407654,9000,90d2b33a-8379-4cfb-92e7-33e022e636c7,worker_2,worker_2,MEM_MOVE,0.000000,0.000000,"Wipe/Deallocate Layer from Memory [Model: 90d2b33a, Layer: d98b1b41]"
1248056.565654,9000,90d2b33a-8379-4cfb-92e7-33e022e636c7,worker_2,coordinator_0,NET_TRANSFER,0.000100,0.158000,Signal Finished
1249186.899879,9000,90d2b33a-8379-4cfb-92e7-33e022e636c7,coordinator_0,worker_3,NET_TRANSFER,14.127303,1130.334225,Distribute Layer ID: 891376f7
1249187.010249,9000,90d2b33a-8379-4cfb-92e7-33e022e636c7,worker_3,worker_3,DISK_LOAD,14.127303,0.110370,"Disk -> RAM [Model: 90d2b33a, Layer: 891376f7]"
1249187.120618,9000,90d2b33a-8379-4cfb-92e7-33e022e636c7,worker_3,worker_3,MEM_MOVE,14.127303,0.110370,"RAM -> VRAM [Model: 90d2b33a, Layer: 891376f7]"
1249187.170618,9000,90d2b33a-8379-4cfb-92e7-33e022e636c7,worker_3,worker_3,GPU_COMPUTE,0.050000,0.050000,GPU Compute
1249187.170618,9000,90d2b33a-8379-4cfb-92e7-33e022e636c7,worker_3,worker_3,MEM_MOVE,0.000000,0.000000,"Wipe/Deallocate Layer from Memory [Model: 90d2b33a, Layer: 891376f7]"
1249187.328618,9000,90d2b33a-8379-4cfb-92e7-33e022e636c7,worker_3,coordinator_0,NET_TRANSFER,0.000100,0.158000,Signal Finished
1250161.475664,9000,90d2b33a-8379-4cfb-92e7-33e022e636c7,coordinator_0,worker_4,NET_TRANSFER,12.174963,974.147046,Distribute Layer ID: a2e1f9fb
1250161.570781,9000,90d2b33a-8379-4cfb-92e7-33e022e636c7,worker_4,worker_4,DISK_LOAD,12.174963,0.095117,"Disk -> RAM [Model: 90d2b33a, Layer: a2e1f9fb]"
1250161.665898,9000,90d2b33a-8379-4cfb-92e7-33e022e636c7,worker_4,worker_4,MEM_MOVE,12.174963,0.095117,"RAM -> VRAM [Model: 90d2b33a, Layer: a2e1f9fb]"
1250161.715898,9000,90d2b33a-8379-4cfb-92e7-33e022e636c7,worker_4,worker_4,GPU_COMPUTE,0.050000,0.050000,GPU Compute
1250161.715898,9000,90d2b33a-8379-4cfb-92e7-33e022e636c7,worker_4,worker_4,MEM_MOVE,0.000000,0.000000,"Wipe/Deallocate Layer from Memory [Model: 90d2b33a, Layer: a2e1f9fb]"
1250161.873898,9000,90d2b33a-8379-4cfb-92e7-33e022e636c7,worker_4,coordinator_0,NET_TRANSFER,0.000100,0.158000,Signal Finished
1250704.894177,9000,90d2b33a-8379-4cfb-92e7-33e022e636c7,coordinator_0,worker_1,NET_TRANSFER,6.785878,543.020279,Distribute Layer ID: 17714390
1250704.947191,9000,90d2b33a-8379-4cfb-92e7-33e022e636c7,worker_1,worker_1,DISK_LOAD,6.785878,0.053015,"Disk -> RAM [Model: 90d2b33a, Layer: 17714390]"
1250705.000206,9000,90d2b33a-8379-4cfb-92e7-33e022e636c7,worker_1,worker_1,MEM_MOVE,6.785878,0.053015,"RAM -> VRAM [Model: 90d2b33a, Layer: 17714390]"
1250705.050206,9000,90d2b33a-8379-4cfb-92e7-33e022e636c7,worker_1,worker_1,GPU_COMPUTE,0.050000,0.050000,GPU Compute
1250705.050206,9000,90d2b33a-8379-4cfb-92e7-33e022e636c7,worker_1,worker_1,MEM_MOVE,0.000000,0.000000,"Wipe/Deallocate Layer from Memory [Model: 90d2b33a, Layer: 17714390]"
1250705.208206,9000,90d2b33a-8379-4cfb-92e7-33e022e636c7,worker_1,coordinator_0,NET_TRANSFER,0.000100,0.158000,Signal Finished
1251329.406225,9000,90d2b33a-8379-4cfb-92e7-33e022e636c7,coordinator_0,worker_2,NET_TRANSFER,7.800600,624.198019,Distribute Layer ID: 9a5fb81f
1251329.467167,9000,90d2b33a-8379-4cfb-92e7-33e022e636c7,worker_2,worker_2,DISK_LOAD,7.800600,0.060942,"Disk -> RAM [Model: 90d2b33a, Layer: 9a5fb81f]"
1251329.528109,9000,90d2b33a-8379-4cfb-92e7-33e022e636c7,worker_2,worker_2,MEM_MOVE,7.800600,0.060942,"RAM -> VRAM [Model: 90d2b33a, Layer: 9a5fb81f]"
1251329.578109,9000,90d2b33a-8379-4cfb-92e7-33e022e636c7,worker_2,worker_2,GPU_COMPUTE,0.050000,0.050000,GPU Compute
1251329.578109,9000,90d2b33a-8379-4cfb-92e7-33e022e636c7,worker_2,worker_2,MEM_MOVE,0.000000,0.000000,"Wipe/Deallocate Layer from Memory [Model: 90d2b33a, Layer: 9a5fb81f]"
1251329.736109,9000,90d2b33a-8379-4cfb-92e7-33e022e636c7,worker_2,coordinator_0,NET_TRANSFER,0.000100,0.158000,Signal Finished
1251774.893596,9000,90d2b33a-8379-4cfb-92e7-33e022e636c7,coordinator_0,worker_3,NET_TRANSFER,5.562594,445.157487,Distribute Layer ID: 8587ac09
1251774.937054,9000,90d2b33a-8379-4cfb-92e7-33e022e636c7,worker_3,worker_3,DISK_LOAD,5.562594,0.043458,"Disk -> RAM [Model: 90d2b33a, Layer: 8587ac09]"
1251774.980512,9000,90d2b33a-8379-4cfb-92e7-33e022e636c7,worker_3,worker_3,MEM_MOVE,5.562594,0.043458,"RAM -> VRAM [Model: 90d2b33a, Layer: 8587ac09]"
1251775.030512,9000,90d2b33a-8379-4cfb-92e7-33e022e636c7,worker_3,worker_3,GPU_COMPUTE,0.050000,0.050000,GPU Compute
1251775.030512,9000,90d2b33a-8379-4cfb-92e7-33e022e636c7,worker_3,worker_3,MEM_MOVE,0.000000,0.000000,"Wipe/Deallocate Layer from Memory [Model: 90d2b33a, Layer: 8587ac09]"
1251775.188512,9000,90d2b33a-8379-4cfb-92e7-33e022e636c7,worker_3,coordinator_0,NET_TRANSFER,0.000100,0.158000,Signal Finished
1252602.538020,9000,90d2b33a-8379-4cfb-92e7-33e022e636c7,coordinator_0,worker_4,NET_TRANSFER,10.339994,827.349508,Distribute Layer ID: c0a90950
1252602.618801,9000,90d2b33a-8379-4cfb-92e7-33e022e636c7,worker_4,worker_4,DISK_LOAD,10.339994,0.080781,"Disk -> RAM [Model: 90d2b33a, Layer: c0a90950]"
1252602.699583,9000,90d2b33a-8379-4cfb-92e7-33e022e636c7,worker_4,worker_4,MEM_MOVE,10.339994,0.080781,"RAM -> VRAM [Model: 90d2b33a, Layer: c0a90950]"
1252602.749583,9000,90d2b33a-8379-4cfb-92e7-33e022e636c7,worker_4,worker_4,GPU_COMPUTE,0.050000,0.050000,GPU Compute
1252602.749583,9000,90d2b33a-8379-4cfb-92e7-33e022e636c7,worker_4,worker_4,MEM_MOVE,0.000000,0.000000,"Wipe/Deallocate Layer from Memory [Model: 90d2b33a, Layer: c0a90950]"
1252602.907583,9000,90d2b33a-8379-4cfb-92e7-33e022e636c7,worker_4,coordinator_0,NET_TRANSFER,0.000100,0.158000,Signal Finished
1253562.146326,9000,90d2b33a-8379-4cfb-92e7-33e022e636c7,coordinator_0,worker_1,NET_TRANSFER,11.988609,959.238744,Distribute Layer ID: 3d73e0f2
1253562.239987,9000,90d2b33a-8379-4cfb-92e7-33e022e636c7,worker_1,worker_1,DISK_LOAD,11.988609,0.093661,"Disk -> RAM [Model: 90d2b33a, Layer: 3d73e0f2]"
1253562.333648,9000,90d2b33a-8379-4cfb-92e7-33e022e636c7,worker_1,worker_1,MEM_MOVE,11.988609,0.093661,"RAM -> VRAM [Model: 90d2b33a, Layer: 3d73e0f2]"
1253562.383648,9000,90d2b33a-8379-4cfb-92e7-33e022e636c7,worker_1,worker_1,GPU_COMPUTE,0.050000,0.050000,GPU Compute
1253562.383648,9000,90d2b33a-8379-4cfb-92e7-33e022e636c7,worker_1,worker_1,MEM_MOVE,0.000000,0.000000,"Wipe/Deallocate Layer from Memory [Model: 90d2b33a, Layer: 3d73e0f2]"
1253562.541648,9000,90d2b33a-8379-4cfb-92e7-33e022e636c7,worker_1,coordinator_0,NET_TRANSFER,0.000100,0.158000,Signal Finished
1254254.032311,9000,90d2b33a-8379-4cfb-92e7-33e022e636c7,coordinator_0,worker_2,NET_TRANSFER,8.641758,691.490663,Distribute Layer ID: aeef232f
1254254.099825,9000,90d2b33a-8379-4cfb-92e7-33e022e636c7,worker_2,worker_2,DISK_LOAD,8.641758,0.067514,"Disk -> RAM [Model: 90d2b33a, Layer: aeef232f]"
1254254.167339,9000,90d2b33a-8379-4cfb-92e7-33e022e636c7,worker_2,worker_2,MEM_MOVE,8.641758,0.067514,"RAM -> VRAM [Model: 90d2b33a, Layer: aeef232f]"
1254254.217339,9000,90d2b33a-8379-4cfb-92e7-33e022e636c7,worker_2,worker_2,GPU_COMPUTE,0.050000,0.050000,GPU Compute
1254254.217339,9000,90d2b33a-8379-4cfb-92e7-33e022e636c7,worker_2,worker_2,MEM_MOVE,0.000000,0.000000,"Wipe/Deallocate Layer from Memory [Model: 90d2b33a, Layer: aeef232f]"
1254254.375339,9000,90d2b33a-8379-4cfb-92e7-33e022e636c7,worker_2,coordinator_0,NET_TRANSFER,0.000100,0.158000,Signal Finished
1255427.691565,9000,90d2b33a-8379-4cfb-92e7-33e022e636c7,coordinator_0,worker_3,NET_TRANSFER,14.664578,1173.316226,Distribute Layer ID: 3803de0a
1255427.806132,9000,90d2b33a-8379-4cfb-92e7-33e022e636c7,worker_3,worker_3,DISK_LOAD,14.664578,0.114567,"Disk -> RAM [Model: 90d2b33a, Layer: 3803de0a]"
1255427.920699,9000,90d2b33a-8379-4cfb-92e7-33e022e636c7,worker_3,worker_3,MEM_MOVE,14.664578,0.114567,"RAM -> VRAM [Model: 90d2b33a, Layer: 3803de0a]"
1255427.970699,9000,90d2b33a-8379-4cfb-92e7-33e022e636c7,worker_3,worker_3,GPU_COMPUTE,0.050000,0.050000,GPU Compute
1255427.970699,9000,90d2b33a-8379-4cfb-92e7-33e022e636c7,worker_3,worker_3,MEM_MOVE,0.000000,0.000000,"Wipe/Deallocate Layer from Memory [Model: 90d2b33a, Layer: 3803de0a]"
1255428.128699,9000,90d2b33a-8379-4cfb-92e7-33e022e636c7,worker_3,coordinator_0,NET_TRANSFER,0.000100,0.158000,Signal Finished
1255938.010736,9000,90d2b33a-8379-4cfb-92e7-33e022e636c7,coordinator_0,worker_4,NET_TRANSFER,6.371650,509.882036,Distribute Layer ID: caa33db6
1255938.060514,9000,90d2b33a-8379-4cfb-92e7-33e022e636c7,worker_4,worker_4,DISK_LOAD,6.371650,0.049779,"Disk -> RAM [Model: 90d2b33a, Layer: caa33db6]"
1255938.110293,9000,90d2b33a-8379-4cfb-92e7-33e022e636c7,worker_4,worker_4,MEM_MOVE,6.371650,0.049779,"RAM -> VRAM [Model: 90d2b33a, Layer: caa33db6]"
1255938.160293,9000,90d2b33a-8379-4cfb-92e7-33e022e636c7,worker_4,worker_4,GPU_COMPUTE,0.050000,0.050000,GPU Compute
1255938.160293,9000,90d2b33a-8379-4cfb-92e7-33e022e636c7,worker_4,worker_4,MEM_MOVE,0.000000,0.000000,"Wipe/Deallocate Layer from Memory [Model: 90d2b33a, Layer: caa33db6]"
1255938.318293,9000,90d2b33a-8379-4cfb-92e7-33e022e636c7,worker_4,coordinator_0,NET_TRANSFER,0.000100,0.158000,Signal Finished
1256824.111841,9000,90d2b33a-8379-4cfb-92e7-33e022e636c7,coordinator_0,worker_1,NET_TRANSFER,11.070544,885.793548,Distribute Layer ID: 47f2b46d
1256824.198329,9000,90d2b33a-8379-4cfb-92e7-33e022e636c7,worker_1,worker_1,DISK_LOAD,11.070544,0.086489,"Disk -> RAM [Model: 90d2b33a, Layer: 47f2b46d]"
1256824.284818,9000,90d2b33a-8379-4cfb-92e7-33e022e636c7,worker_1,worker_1,MEM_MOVE,11.070544,0.086489,"RAM -> VRAM [Model: 90d2b33a, Layer: 47f2b46d]"
1256824.334818,9000,90d2b33a-8379-4cfb-92e7-33e022e636c7,worker_1,worker_1,GPU_COMPUTE,0.050000,0.050000,GPU Compute
1256824.334818,9000,90d2b33a-8379-4cfb-92e7-33e022e636c7,worker_1,worker_1,MEM_MOVE,0.000000,0.000000,"Wipe/Deallocate Layer from Memory [Model: 90d2b33a, Layer: 47f2b46d]"
1256824.492818,9000,90d2b33a-8379-4cfb-92e7-33e022e636c7,worker_1,coordinator_0,NET_TRANSFER,0.000100,0.158000,Signal Finished
1257641.882196,9000,90d2b33a-8379-4cfb-92e7-33e022e636c7,coordinator_0,worker_2,NET_TRANSFER,10.215492,817.389378,Distribute Layer ID: 821c8068
1257641.962004,9000,90d2b33a-8379-4cfb-92e7-33e022e636c7,worker_2,worker_2,DISK_LOAD,10.215492,0.079809,"Disk -> RAM [Model: 90d2b33a, Layer: 821c8068]"
1257642.041813,9000,90d2b33a-8379-4cfb-92e7-33e022e636c7,worker_2,worker_2,MEM_MOVE,10.215492,0.079809,"RAM -> VRAM [Model: 90d2b33a, Layer: 821c8068]"
1257642.091813,9000,90d2b33a-8379-4cfb-92e7-33e022e636c7,worker_2,worker_2,GPU_COMPUTE,0.050000,0.050000,GPU Compute
1257642.091813,9000,90d2b33a-8379-4cfb-92e7-33e022e636c7,worker_2,worker_2,MEM_MOVE,0.000000,0.000000,"Wipe/Deallocate Layer from Memory [Model: 90d2b33a, Layer: 821c8068]"
1257642.249813,9000,90d2b33a-8379-4cfb-92e7-33e022e636c7,worker_2,coordinator_0,NET_TRANSFER,0.000100,0.158000,Signal Finished
1258070.150692,9000,90d2b33a-8379-4cfb-92e7-33e022e636c7,coordinator_0,worker_3,NET_TRANSFER,5.346886,427.900879,Distribute Layer ID: e8716793
1258070.192465,9000,90d2b33a-8379-4cfb-92e7-33e022e636c7,worker_3,worker_3,DISK_LOAD,5.346886,0.041773,"Disk -> RAM [Model: 90d2b33a, Layer: e8716793]"
1258070.234237,9000,90d2b33a-8379-4cfb-92e7-33e022e636c7,worker_3,worker_3,MEM_MOVE,5.346886,0.041773,"RAM -> VRAM [Model: 90d2b33a, Layer: e8716793]"
1258070.284237,9000,90d2b33a-8379-4cfb-92e7-33e022e636c7,worker_3,worker_3,GPU_COMPUTE,0.050000,0.050000,GPU Compute
1258070.284237,9000,90d2b33a-8379-4cfb-92e7-33e022e636c7,worker_3,worker_3,MEM_MOVE,0.000000,0.000000,"Wipe/Deallocate Layer from Memory [Model: 90d2b33a, Layer: e8716793]"
1258070.442237,9000,90d2b33a-8379-4cfb-92e7-33e022e636c7,worker_3,coordinator_0,NET_TRANSFER,0.000100,0.158000,Signal Finished
1258620.545877,9000,90d2b33a-8379-4cfb-92e7-33e022e636c7,coordinator_0,worker_4,NET_TRANSFER,6.874420,550.103640,Distribute Layer ID: 5aedeba9
1258620.599584,9000,90d2b33a-8379-4cfb-92e7-33e022e636c7,worker_4,worker_4,DISK_LOAD,6.874420,0.053706,"Disk -> RAM [Model: 90d2b33a, Layer: 5aedeba9]"
1258620.653290,9000,90d2b33a-8379-4cfb-92e7-33e022e636c7,worker_4,worker_4,MEM_MOVE,6.874420,0.053706,"RAM -> VRAM [Model: 90d2b33a, Layer: 5aedeba9]"
1258620.703290,9000,90d2b33a-8379-4cfb-92e7-33e022e636c7,worker_4,worker_4,GPU_COMPUTE,0.050000,0.050000,GPU Compute
1258620.703290,9000,90d2b33a-8379-4cfb-92e7-33e022e636c7,worker_4,worker_4,MEM_MOVE,0.000000,0.000000,"Wipe/Deallocate Layer from Memory [Model: 90d2b33a, Layer: 5aedeba9]"
1258620.861290,9000,90d2b33a-8379-4cfb-92e7-33e022e636c7,worker_4,coordinator_0,NET_TRANSFER,0.000100,0.158000,Signal Finished
1259389.602626,9000,90d2b33a-8379-4cfb-92e7-33e022e636c7,coordinator_0,worker_1,NET_TRANSFER,9.607392,768.741336,Distribute Layer ID: 09a042f4
1259389.677684,9000,90d2b33a-8379-4cfb-92e7-33e022e636c7,worker_1,worker_1,DISK_LOAD,9.607392,0.075058,"Disk -> RAM [Model: 90d2b33a, Layer: 09a042f4]"
1259389.752742,9000,90d2b33a-8379-4cfb-92e7-33e022e636c7,worker_1,worker_1,MEM_MOVE,9.607392,0.075058,"RAM -> VRAM [Model: 90d2b33a, Layer: 09a042f4]"
1259389.802742,9000,90d2b33a-8379-4cfb-92e7-33e022e636c7,worker_1,worker_1,GPU_COMPUTE,0.050000,0.050000,GPU Compute
1259389.802742,9000,90d2b33a-8379-4cfb-92e7-33e022e636c7,worker_1,worker_1,MEM_MOVE,0.000000,0.000000,"Wipe/Deallocate Layer from Memory [Model: 90d2b33a, Layer: 09a042f4]"
1259389.960742,9000,90d2b33a-8379-4cfb-92e7-33e022e636c7,worker_1,coordinator_0,NET_TRANSFER,0.000100,0.158000,Signal Finished
1260360.731671,9000,90d2b33a-8379-4cfb-92e7-33e022e636c7,coordinator_0,worker_2,NET_TRANSFER,12.132762,970.770930,Distribute Layer ID: 42449212
1260360.826458,9000,90d2b33a-8379-4cfb-92e7-33e022e636c7,worker_2,worker_2,DISK_LOAD,12.132762,0.094787,"Disk -> RAM [Model: 90d2b33a, Layer: 42449212]"
1260360.921246,9000,90d2b33a-8379-4cfb-92e7-33e022e636c7,worker_2,worker_2,MEM_MOVE,12.132762,0.094787,"RAM -> VRAM [Model: 90d2b33a, Layer: 42449212]"
1260360.971246,9000,90d2b33a-8379-4cfb-92e7-33e022e636c7,worker_2,worker_2,GPU_COMPUTE,0.050000,0.050000,GPU Compute
1260360.971246,9000,90d2b33a-8379-4cfb-92e7-33e022e636c7,worker_2,worker_2,MEM_MOVE,0.000000,0.000000,"Wipe/Deallocate Layer from Memory [Model: 90d2b33a, Layer: 42449212]"
1260361.129246,9000,90d2b33a-8379-4cfb-92e7-33e022e636c7,worker_2,coordinator_0,NET_TRANSFER,0.000100,0.158000,Signal Finished
1261407.805588,9000,90d2b33a-8379-4cfb-92e7-33e022e636c7,coordinator_0,worker_3,NET_TRANSFER,13.081579,1046.676342,Distribute Layer ID: 25d11adc
1261407.907788,9000,90d2b33a-8379-4cfb-92e7-33e022e636c7,worker_3,worker_3,DISK_LOAD,13.081579,0.102200,"Disk -> RAM [Model: 90d2b33a, Layer: 25d11adc]"
1261408.009987,9000,90d2b33a-8379-4cfb-92e7-33e022e636c7,worker_3,worker_3,MEM_MOVE,13.081579,0.102200,"RAM -> VRAM [Model: 90d2b33a, Layer: 25d11adc]"
1261408.059987,9000,90d2b33a-8379-4cfb-92e7-33e022e636c7,worker_3,worker_3,GPU_COMPUTE,0.050000,0.050000,GPU Compute
1261408.059987,9000,90d2b33a-8379-4cfb-92e7-33e022e636c7,worker_3,worker_3,MEM_MOVE,0.000000,0.000000,"Wipe/Deallocate Layer from Memory [Model: 90d2b33a, Layer: 25d11adc]"
1261408.217987,9000,90d2b33a-8379-4cfb-92e7-33e022e636c7,worker_3,coordinator_0,NET_TRANSFER,0.000100,0.158000,Signal Finished
1262409.780567,9000,90d2b33a-8379-4cfb-92e7-33e022e636c7,coordinator_0,worker_4,NET_TRANSFER,12.517657,1001.562580,Distribute Layer ID: 8a3b84cc
1262409.878362,9000,90d2b33a-8379-4cfb-92e7-33e022e636c7,worker_4,worker_4,DISK_LOAD,12.517657,0.097794,"Disk -> RAM [Model: 90d2b33a, Layer: 8a3b84cc]"
1262409.976156,9000,90d2b33a-8379-4cfb-92e7-33e022e636c7,worker_4,worker_4,MEM_MOVE,12.517657,0.097794,"RAM -> VRAM [Model: 90d2b33a, Layer: 8a3b84cc]"
1262410.026156,9000,90d2b33a-8379-4cfb-92e7-33e022e636c7,worker_4,worker_4,GPU_COMPUTE,0.050000,0.050000,GPU Compute
1262410.026156,9000,90d2b33a-8379-4cfb-92e7-33e022e636c7,worker_4,worker_4,MEM_MOVE,0.000000,0.000000,"Wipe/Deallocate Layer from Memory [Model: 90d2b33a, Layer: 8a3b84cc]"
1262410.184156,9000,90d2b33a-8379-4cfb-92e7-33e022e636c7,worker_4,coordinator_0,NET_TRANSFER,0.000100,0.158000,Signal Finished
1263252.190782,9000,90d2b33a-8379-4cfb-92e7-33e022e636c7,coordinator_0,worker_1,NET_TRANSFER,10.523208,842.006626,Distribute Layer ID: 083adcdc
1263252.272994,9000,90d2b33a-8379-4cfb-92e7-33e022e636c7,worker_1,worker_1,DISK_LOAD,10.523208,0.082213,"Disk -> RAM [Model: 90d2b33a, Layer: 083adcdc]"
1263252.355207,9000,90d2b33a-8379-4cfb-92e7-33e022e636c7,worker_1,worker_1,MEM_MOVE,10.523208,0.082213,"RAM -> VRAM [Model: 90d2b33a, Layer: 083adcdc]"
1263252.405207,9000,90d2b33a-8379-4cfb-92e7-33e022e636c7,worker_1,worker_1,GPU_COMPUTE,0.050000,0.050000,GPU Compute
1263252.405207,9000,90d2b33a-8379-4cfb-92e7-33e022e636c7,worker_1,worker_1,MEM_MOVE,0.000000,0.000000,"Wipe/Deallocate Layer from Memory [Model: 90d2b33a, Layer: 083adcdc]"
1263252.563207,9000,90d2b33a-8379-4cfb-92e7-33e022e636c7,worker_1,coordinator_0,NET_TRANSFER,0.000100,0.158000,Signal Finished
1264325.391390,9000,90d2b33a-8379-4cfb-92e7-33e022e636c7,coordinator_0,worker_2,NET_TRANSFER,13.408477,1072.828184,Distribute Layer ID: c09651df
1264325.496144,9000,90d2b33a-8379-4cfb-92e7-33e022e636c7,worker_2,worker_2,DISK_LOAD,13.408477,0.104754,"Disk -> RAM [Model: 90d2b33a, Layer: c09651df]"
1264325.600898,9000,90d2b33a-8379-4cfb-92e7-33e022e636c7,worker_2,worker_2,MEM_MOVE,13.408477,0.104754,"RAM -> VRAM [Model: 90d2b33a, Layer: c09651df]"
1264325.650898,9000,90d2b33a-8379-4cfb-92e7-33e022e636c7,worker_2,worker_2,GPU_COMPUTE,0.050000,0.050000,GPU Compute
1264325.650898,9000,90d2b33a-8379-4cfb-92e7-33e022e636c7,worker_2,worker_2,MEM_MOVE,0.000000,0.000000,"Wipe/Deallocate Layer from Memory [Model: 90d2b33a, Layer: c09651df]"
1264325.808898,9000,90d2b33a-8379-4cfb-92e7-33e022e636c7,worker_2,coordinator_0,NET_TRANSFER,0.000100,0.158000,Signal Finished
1265500.757112,9000,90d2b33a-8379-4cfb-92e7-33e022e636c7,coordinator_0,worker_3,NET_TRANSFER,14.684978,1174.948214,Distribute Layer ID: c1944171
1265500.871838,9000,90d2b33a-8379-4cfb-92e7-33e022e636c7,worker_3,worker_3,DISK_LOAD,14.684978,0.114726,"Disk -> RAM [Model: 90d2b33a, Layer: c1944171]"
1265500.986565,9000,90d2b33a-8379-4cfb-92e7-33e022e636c7,worker_3,worker_3,MEM_MOVE,14.684978,0.114726,"RAM -> VRAM [Model: 90d2b33a, Layer: c1944171]"
1265501.036565,9000,90d2b33a-8379-4cfb-92e7-33e022e636c7,worker_3,worker_3,GPU_COMPUTE,0.050000,0.050000,GPU Compute
1265501.036565,9000,90d2b33a-8379-4cfb-92e7-33e022e636c7,worker_3,worker_3,MEM_MOVE,0.000000,0.000000,"Wipe/Deallocate Layer from Memory [Model: 90d2b33a, Layer: c1944171]"
1265501.194565,9000,90d2b33a-8379-4cfb-92e7-33e022e636c7,worker_3,coordinator_0,NET_TRANSFER,0.000100,0.158000,Signal Finished
1266415.072346,9000,90d2b33a-8379-4cfb-92e7-33e022e636c7,coordinator_0,worker_4,NET_TRANSFER,11.421597,913.877781,Distribute Layer ID: 378c043a
1266415.161577,9000,90d2b33a-8379-4cfb-92e7-33e022e636c7,worker_4,worker_4,DISK_LOAD,11.421597,0.089231,"Disk -> RAM [Model: 90d2b33a, Layer: 378c043a]"
1266415.250808,9000,90d2b33a-8379-4cfb-92e7-33e022e636c7,worker_4,worker_4,MEM_MOVE,11.421597,0.089231,"RAM -> VRAM [Model: 90d2b33a, Layer: 378c043a]"
1266415.300808,9000,90d2b33a-8379-4cfb-92e7-33e022e636c7,worker_4,worker_4,GPU_COMPUTE,0.050000,0.050000,GPU Compute
1266415.300808,9000,90d2b33a-8379-4cfb-92e7-33e022e636c7,worker_4,worker_4,MEM_MOVE,0.000000,0.000000,"Wipe/Deallocate Layer from Memory [Model: 90d2b33a, Layer: 378c043a]"
1266415.458808,9000,90d2b33a-8379-4cfb-92e7-33e022e636c7,worker_4,coordinator_0,NET_TRANSFER,0.000100,0.158000,Signal Finished
1266831.044456,9000,90d2b33a-8379-4cfb-92e7-33e022e636c7,coordinator_0,worker_1,NET_TRANSFER,5.192946,415.585647,Distribute Layer ID: fa40099a
1266831.202456,6012,6724fe5b-01f4-4d88-8014-0377674aee20,client_6,coordinator_0,NET_TRANSFER,0.000100,0.158000,Request Model ID
1266831.243026,9000,90d2b33a-8379-4cfb-92e7-33e022e636c7,worker_1,worker_1,DISK_LOAD,5.192946,0.040570,"Disk -> RAM [Model: 90d2b33a, Layer: fa40099a]"
1266831.283595,9000,90d2b33a-8379-4cfb-92e7-33e022e636c7,worker_1,worker_1,MEM_MOVE,5.192946,0.040570,"RAM -> VRAM [Model: 90d2b33a, Layer: fa40099a]"
1266831.333595,9000,90d2b33a-8379-4cfb-92e7-33e022e636c7,worker_1,worker_1,GPU_COMPUTE,0.050000,0.050000,GPU Compute
1266831.333595,9000,90d2b33a-8379-4cfb-92e7-33e022e636c7,worker_1,worker_1,MEM_MOVE,0.000000,0.000000,"Wipe/Deallocate Layer from Memory [Model: 90d2b33a, Layer: fa40099a]"
1266831.491595,9000,90d2b33a-8379-4cfb-92e7-33e022e636c7,worker_1,coordinator_0,NET_TRANSFER,0.000100,0.158000,Signal Finished
1266831.649595,6012,3c75fe70-4ef7-47df-ba06-905342d3e385,client_6,coordinator_0,NET_TRANSFER,0.000100,0.158000,Request Model ID
1267417.348771,9000,90d2b33a-8379-4cfb-92e7-33e022e636c7,coordinator_0,worker_2,NET_TRANSFER,7.319365,585.699176,Distribute Layer ID: 1ebc545a
1267417.405954,9000,90d2b33a-8379-4cfb-92e7-33e022e636c7,worker_2,worker_2,DISK_LOAD,7.319365,0.057183,"Disk -> RAM [Model: 90d2b33a, Layer: 1ebc545a]"
1267417.463136,9000,90d2b33a-8379-4cfb-92e7-33e022e636c7,worker_2,worker_2,MEM_MOVE,7.319365,0.057183,"RAM -> VRAM [Model: 90d2b33a, Layer: 1ebc545a]"
1267417.513136,9000,90d2b33a-8379-4cfb-92e7-33e022e636c7,worker_2,worker_2,GPU_COMPUTE,0.050000,0.050000,GPU Compute
1267417.513136,9000,90d2b33a-8379-4cfb-92e7-33e022e636c7,worker_2,worker_2,MEM_MOVE,0.000000,0.000000,"Wipe/Deallocate Layer from Memory [Model: 90d2b33a, Layer: 1ebc545a]"
1267417.671136,6012,6866045f-7c20-413e-969a-49cc562754e6,client_6,coordinator_0,NET_TRANSFER,0.000100,0.158000,Request Model ID
1267417.829136,9012,a28e3970-da86-45fa-affc-65dcd0558159,client_9,coordinator_0,NET_TRANSFER,0.000100,0.158000,Request Model ID
1267417.987136,9012,83f6b24d-e2c0-4816-aadf-23dfab68d109,client_9,coordinator_0,NET_TRANSFER,0.000100,0.158000,Request Model ID
1267418.145136,9000,90d2b33a-8379-4cfb-92e7-33e022e636c7,worker_2,coordinator_0,NET_TRANSFER,0.000100,0.158000,Signal Finished
1268135.235843,9000,90d2b33a-8379-4cfb-92e7-33e022e636c7,coordinator_0,worker_3,NET_TRANSFER,8.961759,717.090706,Distribute Layer ID: 0738672b
1268135.305856,9000,90d2b33a-8379-4cfb-92e7-33e022e636c7,worker_3,worker_3,DISK_LOAD,8.961759,0.070014,"Disk -> RAM [Model: 90d2b33a, Layer: 0738672b]"
1268135.375870,9000,90d2b33a-8379-4cfb-92e7-33e022e636c7,worker_3,worker_3,MEM_MOVE,8.961759,0.070014,"RAM -> VRAM [Model: 90d2b33a, Layer: 0738672b]"
1268135.425870,9000,90d2b33a-8379-4cfb-92e7-33e022e636c7,worker_3,worker_3,GPU_COMPUTE,0.050000,0.050000,GPU Compute
1268135.425870,9000,90d2b33a-8379-4cfb-92e7-33e022e636c7,worker_3,worker_3,MEM_MOVE,0.000000,0.000000,"Wipe/Deallocate Layer from Memory [Model: 90d2b33a, Layer: 0738672b]"
1268135.583870,9000,90d2b33a-8379-4cfb-92e7-33e022e636c7,worker_3,coordinator_0,NET_TRANSFER,0.000100,0.158000,Signal Finished
1268135.741870,6012,67082293-a0a0-42d4-8cf9-d0ef7b49af34,client_6,coordinator_0,NET_TRANSFER,0.000100,0.158000,Request Model ID
1268135.899870,10012,0dddaaa0-da24-40da-8039-caf51123b642,client_10,coordinator_0,NET_TRANSFER,0.000100,0.158000,Request Model ID
1268136.057870,3012,f3103222-8d0b-4c7c-bf92-28ec44d6bad6,client_3,coordinator_0,NET_TRANSFER,0.000100,0.158000,Request Model ID
1268136.215870,10012,198397c2-b9d8-4c4d-81d6-2b0152787c94,client_10,coordinator_0,NET_TRANSFER,0.000100,0.158000,Request Model ID
1268136.373870,7012,f4e8236d-3bac-4a5a-bc2a-52927bacb8bb,client_7,coordinator_0,NET_TRANSFER,0.000100,0.158000,Request Model ID
1268136.531870,7012,bd0c7555-7508-4f24-995f-8f7876638404,client_7,coordinator_0,NET_TRANSFER,0.000100,0.158000,Request Model ID
1268136.689870,5012,5c9ce36a-2b74-4ea7-8e23-d9b1ed951ad5,client_5,coordinator_0,NET_TRANSFER,0.000100,0.158000,Request Model ID
1268136.847870,1012,ad0d9656-07af-4c9c-9ff2-7b7ad5f3b3f2,client_1,coordinator_0,NET_TRANSFER,0.000100,0.158000,Request Model ID
1268137.005870,8012,d681adae-a2b4-44cd-8616-f8e1e8da12ad,client_8,coordinator_0,NET_TRANSFER,0.000100,0.158000,Request Model ID
1268137.163870,4012,4f4ec27a-26d2-47e6-ad9b-bb575c60b698,client_4,coordinator_0,NET_TRANSFER,0.000100,0.158000,Request Model ID
1268137.321870,2012,4e7d39e3-213c-4023-adde-abcecb3601df,client_2,coordinator_0,NET_TRANSFER,0.000100,0.158000,Request Model ID
1268931.969707,4000,d681adae-a2b4-44cd-8616-f8e1e8da12ad,coordinator_0,worker_3,NET_TRANSFER,9.931223,794.647837,Distribute Layer ID: 910504b6
1268932.047295,4000,d681adae-a2b4-44cd-8616-f8e1e8da12ad,worker_3,worker_3,DISK_LOAD,9.931223,0.077588,"Disk -> RAM [Model: d681adae, Layer: 910504b6]"
1268932.124883,4000,d681adae-a2b4-44cd-8616-f8e1e8da12ad,worker_3,worker_3,MEM_MOVE,9.931223,0.077588,"RAM -> VRAM [Model: d681adae, Layer: 910504b6]"
1268932.174883,4000,d681adae-a2b4-44cd-8616-f8e1e8da12ad,worker_3,worker_3,GPU_COMPUTE,0.050000,0.050000,GPU Compute
1268932.174883,4000,d681adae-a2b4-44cd-8616-f8e1e8da12ad,worker_3,worker_3,MEM_MOVE,0.000000,0.000000,"Wipe/Deallocate Layer from Memory [Model: d681adae, Layer: 910504b6]"
1268932.332883,5012,6724fe5b-01f4-4d88-8014-0377674aee20,client_5,coordinator_0,NET_TRANSFER,0.000100,0.158000,Request Model ID
1268932.490883,4000,d681adae-a2b4-44cd-8616-f8e1e8da12ad,worker_3,coordinator_0,NET_TRANSFER,0.000100,0.158000,Signal Finished
1270049.171515,4000,d681adae-a2b4-44cd-8616-f8e1e8da12ad,coordinator_0,worker_4,NET_TRANSFER,13.956633,1116.680633,Distribute Layer ID: 30f3393e
1270049.280552,4000,d681adae-a2b4-44cd-8616-f8e1e8da12ad,worker_4,worker_4,DISK_LOAD,13.956633,0.109036,"Disk -> RAM [Model: d681adae, Layer: 30f3393e]"
1270049.389588,4000,d681adae-a2b4-44cd-8616-f8e1e8da12ad,worker_4,worker_4,MEM_MOVE,13.956633,0.109036,"RAM -> VRAM [Model: d681adae, Layer: 30f3393e]"
1270049.439588,4000,d681adae-a2b4-44cd-8616-f8e1e8da12ad,worker_4,worker_4,GPU_COMPUTE,0.050000,0.050000,GPU Compute
1270049.439588,4000,d681adae-a2b4-44cd-8616-f8e1e8da12ad,worker_4,worker_4,MEM_MOVE,0.000000,0.000000,"Wipe/Deallocate Layer from Memory [Model: d681adae, Layer: 30f3393e]"
1270049.597588,10012,d681adae-a2b4-44cd-8616-f8e1e8da12ad,client_10,coordinator_0,NET_TRANSFER,0.000100,0.158000,Request Model ID
1270049.755588,4012,c63195df-94aa-4094-99e3-c6a0cd83a683,client_4,coordinator_0,NET_TRANSFER,0.000100,0.158000,Request Model ID
1270049.913588,4000,d681adae-a2b4-44cd-8616-f8e1e8da12ad,worker_4,coordinator_0,NET_TRANSFER,0.000100,0.158000,Signal Finished
1270050.071588,3012,4e7d39e3-213c-4023-adde-abcecb3601df,client_3,coordinator_0,NET_TRANSFER,0.000100,0.158000,Request Model ID
1270770.164004,4000,d681adae-a2b4-44cd-8616-f8e1e8da12ad,coordinator_0,worker_1,NET_TRANSFER,8.999280,720.092416,Distribute Layer ID: fd41396b
1270770.234311,4000,d681adae-a2b4-44cd-8616-f8e1e8da12ad,worker_1,worker_1,DISK_LOAD,8.999280,0.070307,"Disk -> RAM [Model: d681adae, Layer: fd41396b]"
1270770.304618,4000,d681adae-a2b4-44cd-8616-f8e1e8da12ad,worker_1,worker_1,MEM_MOVE,8.999280,0.070307,"RAM -> VRAM [Model: d681adae, Layer: fd41396b]"
1270770.354618,4000,d681adae-a2b4-44cd-8616-f8e1e8da12ad,worker_1,worker_1,GPU_COMPUTE,0.050000,0.050000,GPU Compute
1270770.354618,4000,d681adae-a2b4-44cd-8616-f8e1e8da12ad,worker_1,worker_1,MEM_MOVE,0.000000,0.000000,"Wipe/Deallocate Layer from Memory [Model: d681adae, Layer: fd41396b]"
1270770.512618,5012,67082293-a0a0-42d4-8cf9-d0ef7b49af34,client_5,coordinator_0,NET_TRANSFER,0.000100,0.158000,Request Model ID
1270770.670618,4012,90d2b33a-8379-4cfb-92e7-33e022e636c7,client_4,coordinator_0,NET_TRANSFER,0.000100,0.158000,Request Model ID
1270770.828618,8012,4e7d39e3-213c-4023-adde-abcecb3601df,client_8,coordinator_0,NET_TRANSFER,0.000100,0.158000,Request Model ID
1270770.986618,2012,0dddaaa0-da24-40da-8039-caf51123b642,client_2,coordinator_0,NET_TRANSFER,0.000100,0.158000,Request Model ID
1270771.144618,1012,3c75fe70-4ef7-47df-ba06-905342d3e385,client_1,coordinator_0,NET_TRANSFER,0.000100,0.158000,Request Model ID
1270771.302618,4000,d681adae-a2b4-44cd-8616-f8e1e8da12ad,worker_1,coordinator_0,NET_TRANSFER,0.000100,0.158000,Signal Finished
1271262.806024,4000,d681adae-a2b4-44cd-8616-f8e1e8da12ad,coordinator_0,worker_2,NET_TRANSFER,6.141918,491.503407,Distribute Layer ID: b1d23b6e
1271262.854008,4000,d681adae-a2b4-44cd-8616-f8e1e8da12ad,worker_2,worker_2,DISK_LOAD,6.141918,0.047984,"Disk -> RAM [Model: d681adae, Layer: b1d23b6e]"
1271262.901992,4000,d681adae-a2b4-44cd-8616-f8e1e8da12ad,worker_2,worker_2,MEM_MOVE,6.141918,0.047984,"RAM -> VRAM [Model: d681adae, Layer: b1d23b6e]"
1271262.951992,4000,d681adae-a2b4-44cd-8616-f8e1e8da12ad,worker_2,worker_2,GPU_COMPUTE,0.050000,0.050000,GPU Compute
1271262.951992,4000,d681adae-a2b4-44cd-8616-f8e1e8da12ad,worker_2,worker_2,MEM_MOVE,0.000000,0.000000,"Wipe/Deallocate Layer from Memory [Model: d681adae, Layer: b1d23b6e]"
1271263.109992,4012,83f6b24d-e2c0-4816-aadf-23dfab68d109,client_4,coordinator_0,NET_TRANSFER,0.000100,0.158000,Request Model ID
1271263.267992,4000,d681adae-a2b4-44cd-8616-f8e1e8da12ad,worker_2,coordinator_0,NET_TRANSFER,0.000100,0.158000,Signal Finished
1272065.109622,4000,d681adae-a2b4-44cd-8616-f8e1e8da12ad,coordinator_0,worker_3,NET_TRANSFER,10.021145,801.841630,Distribute Layer ID: 8d027ec2
1272065.187913,4000,d681adae-a2b4-44cd-8616-f8e1e8da12ad,worker_3,worker_3,DISK_LOAD,10.021145,0.078290,"Disk -> RAM [Model: d681adae, Layer: 8d027ec2]"
1272065.266203,4000,d681adae-a2b4-44cd-8616-f8e1e8da12ad,worker_3,worker_3,MEM_MOVE,10.021145,0.078290,"RAM -> VRAM [Model: d681adae, Layer: 8d027ec2]"
1272065.316203,4000,d681adae-a2b4-44cd-8616-f8e1e8da12ad,worker_3,worker_3,GPU_COMPUTE,0.050000,0.050000,GPU Compute
1272065.316203,4000,d681adae-a2b4-44cd-8616-f8e1e8da12ad,worker_3,worker_3,MEM_MOVE,0.000000,0.000000,"Wipe/Deallocate Layer from Memory [Model: d681adae, Layer: 8d027ec2]"
1272065.474203,4000,d681adae-a2b4-44cd-8616-f8e1e8da12ad,worker_3,coordinator_0,NET_TRANSFER,0.000100,0.158000,Signal Finished
1272563.248728,4000,d681adae-a2b4-44cd-8616-f8e1e8da12ad,coordinator_0,worker_4,NET_TRANSFER,6.220307,497.774525,Distribute Layer ID: 51605d12
1272563.297324,4000,d681adae-a2b4-44cd-8616-f8e1e8da12ad,worker_4,worker_4,DISK_LOAD,6.220307,0.048596,"Disk -> RAM [Model: d681adae, Layer: 51605d12]"
1272563.345920,4000,d681adae-a2b4-44cd-8616-f8e1e8da12ad,worker_4,worker_4,MEM_MOVE,6.220307,0.048596,"RAM -> VRAM [Model: d681adae, Layer: 51605d12]"
1272563.395920,4000,d681adae-a2b4-44cd-8616-f8e1e8da12ad,worker_4,worker_4,GPU_COMPUTE,0.050000,0.050000,GPU Compute
1272563.395920,4000,d681adae-a2b4-44cd-8616-f8e1e8da12ad,worker_4,worker_4,MEM_MOVE,0.000000,0.000000,"Wipe/Deallocate Layer from Memory [Model: d681adae, Layer: 51605d12]"
1272563.553920,4000,d681adae-a2b4-44cd-8616-f8e1e8da12ad,worker_4,coordinator_0,NET_TRANSFER,0.000100,0.158000,Signal Finished
1273760.946734,4000,d681adae-a2b4-44cd-8616-f8e1e8da12ad,coordinator_0,worker_1,NET_TRANSFER,14.965535,1197.392814,Distribute Layer ID: 6ae68f78
1273761.063652,4000,d681adae-a2b4-44cd-8616-f8e1e8da12ad,worker_1,worker_1,DISK_LOAD,14.965535,0.116918,"Disk -> RAM [Model: d681adae, Layer: 6ae68f78]"
1273761.180570,4000,d681adae-a2b4-44cd-8616-f8e1e8da12ad,worker_1,worker_1,MEM_MOVE,14.965535,0.116918,"RAM -> VRAM [Model: d681adae, Layer: 6ae68f78]"
1273761.230570,4000,d681adae-a2b4-44cd-8616-f8e1e8da12ad,worker_1,worker_1,GPU_COMPUTE,0.050000,0.050000,GPU Compute
1273761.230570,4000,d681adae-a2b4-44cd-8616-f8e1e8da12ad,worker_1,worker_1,MEM_MOVE,0.000000,0.000000,"Wipe/Deallocate Layer from Memory [Model: d681adae, Layer: 6ae68f78]"
1273761.388570,4000,d681adae-a2b4-44cd-8616-f8e1e8da12ad,worker_1,coordinator_0,NET_TRANSFER,0.000100,0.158000,Signal Finished
1274708.488530,4000,d681adae-a2b4-44cd-8616-f8e1e8da12ad,coordinator_0,worker_2,NET_TRANSFER,11.836874,947.099959,Distribute Layer ID: db96c64d
1274708.581006,4000,d681adae-a2b4-44cd-8616-f8e1e8da12ad,worker_2,worker_2,DISK_LOAD,11.836874,0.092476,"Disk -> RAM [Model: d681adae, Layer: db96c64d]"
1274708.673481,4000,d681adae-a2b4-44cd-8616-f8e1e8da12ad,worker_2,worker_2,MEM_MOVE,11.836874,0.092476,"RAM -> VRAM [Model: d681adae, Layer: db96c64d]"
1274708.723481,4000,d681adae-a2b4-44cd-8616-f8e1e8da12ad,worker_2,worker_2,GPU_COMPUTE,0.050000,0.050000,GPU Compute
1274708.723481,4000,d681adae-a2b4-44cd-8616-f8e1e8da12ad,worker_2,worker_2,MEM_MOVE,0.000000,0.000000,"Wipe/Deallocate Layer from Memory [Model: d681adae, Layer: db96c64d]"
1274708.881481,4000,d681adae-a2b4-44cd-8616-f8e1e8da12ad,worker_2,coordinator_0,NET_TRANSFER,0.000100,0.158000,Signal Finished
1275397.513158,4000,d681adae-a2b4-44cd-8616-f8e1e8da12ad,coordinator_0,worker_3,NET_TRANSFER,8.606021,688.631677,Distribute Layer ID: 4b3e3db1
1275397.580392,4000,d681adae-a2b4-44cd-8616-f8e1e8da12ad,worker_3,worker_3,DISK_LOAD,8.606021,0.067235,"Disk -> RAM [Model: d681adae, Layer: 4b3e3db1]"
1275397.647627,4000,d681adae-a2b4-44cd-8616-f8e1e8da12ad,worker_3,worker_3,MEM_MOVE,8.606021,0.067235,"RAM -> VRAM [Model: d681adae, Layer: 4b3e3db1]"
1275397.697627,4000,d681adae-a2b4-44cd-8616-f8e1e8da12ad,worker_3,worker_3,GPU_COMPUTE,0.050000,0.050000,GPU Compute
1275397.697627,4000,d681adae-a2b4-44cd-8616-f8e1e8da12ad,worker_3,worker_3,MEM_MOVE,0.000000,0.000000,"Wipe/Deallocate Layer from Memory [Model: d681adae, Layer: 4b3e3db1]"
1275397.855627,4000,d681adae-a2b4-44cd-8616-f8e1e8da12ad,worker_3,coordinator_0,NET_TRANSFER,0.000100,0.158000,Signal Finished
1275811.884851,4000,d681adae-a2b4-44cd-8616-f8e1e8da12ad,coordinator_0,worker_4,NET_TRANSFER,5.173490,414.029224,Distribute Layer ID: 126022a5
1275811.925268,4000,d681adae-a2b4-44cd-8616-f8e1e8da12ad,worker_4,worker_4,DISK_LOAD,5.173490,0.040418,"Disk -> RAM [Model: d681adae, Layer: 126022a5]"
1275811.965686,4000,d681adae-a2b4-44cd-8616-f8e1e8da12ad,worker_4,worker_4,MEM_MOVE,5.173490,0.040418,"RAM -> VRAM [Model: d681adae, Layer: 126022a5]"
1275812.015686,4000,d681adae-a2b4-44cd-8616-f8e1e8da12ad,worker_4,worker_4,GPU_COMPUTE,0.050000,0.050000,GPU Compute
1275812.015686,4000,d681adae-a2b4-44cd-8616-f8e1e8da12ad,worker_4,worker_4,MEM_MOVE,0.000000,0.000000,"Wipe/Deallocate Layer from Memory [Model: d681adae, Layer: 126022a5]"
1275812.173686,4000,d681adae-a2b4-44cd-8616-f8e1e8da12ad,worker_4,coordinator_0,NET_TRANSFER,0.000100,0.158000,Signal Finished
1276544.111653,4000,d681adae-a2b4-44cd-8616-f8e1e8da12ad,coordinator_0,worker_1,NET_TRANSFER,9.147350,731.937967,Distribute Layer ID: 3bd9a424
1276544.183117,4000,d681adae-a2b4-44cd-8616-f8e1e8da12ad,worker_1,worker_1,DISK_LOAD,9.147350,0.071464,"Disk -> RAM [Model: d681adae, Layer: 3bd9a424]"
1276544.254580,4000,d681adae-a2b4-44cd-8616-f8e1e8da12ad,worker_1,worker_1,MEM_MOVE,9.147350,0.071464,"RAM -> VRAM [Model: d681adae, Layer: 3bd9a424]"
1276544.304580,4000,d681adae-a2b4-44cd-8616-f8e1e8da12ad,worker_1,worker_1,GPU_COMPUTE,0.050000,0.050000,GPU Compute
1276544.304580,4000,d681adae-a2b4-44cd-8616-f8e1e8da12ad,worker_1,worker_1,MEM_MOVE,0.000000,0.000000,"Wipe/Deallocate Layer from Memory [Model: d681adae, Layer: 3bd9a424]"
1276544.462580,4000,d681adae-a2b4-44cd-8616-f8e1e8da12ad,worker_1,coordinator_0,NET_TRANSFER,0.000100,0.158000,Signal Finished
1277270.682602,4000,d681adae-a2b4-44cd-8616-f8e1e8da12ad,coordinator_0,worker_2,NET_TRANSFER,9.075875,726.220021,Distribute Layer ID: 83667d4d
1277270.753507,4000,d681adae-a2b4-44cd-8616-f8e1e8da12ad,worker_2,worker_2,DISK_LOAD,9.075875,0.070905,"Disk -> RAM [Model: d681adae, Layer: 83667d4d]"
1277270.824412,4000,d681adae-a2b4-44cd-8616-f8e1e8da12ad,worker_2,worker_2,MEM_MOVE,9.075875,0.070905,"RAM -> VRAM [Model: d681adae, Layer: 83667d4d]"
1277270.874412,4000,d681adae-a2b4-44cd-8616-f8e1e8da12ad,worker_2,worker_2,GPU_COMPUTE,0.050000,0.050000,GPU Compute
1277270.874412,4000,d681adae-a2b4-44cd-8616-f8e1e8da12ad,worker_2,worker_2,MEM_MOVE,0.000000,0.000000,"Wipe/Deallocate Layer from Memory [Model: d681adae, Layer: 83667d4d]"
1277271.032412,2012,a28e3970-da86-45fa-affc-65dcd0558159,client_2,coordinator_0,NET_TRANSFER,0.000100,0.158000,Request Model ID
1277271.190412,10012,e29625e7-302b-454c-89b9-d52cfcd03863,client_10,coordinator_0,NET_TRANSFER,0.000100,0.158000,Request Model ID
1277271.348412,2012,0dddaaa0-da24-40da-8039-caf51123b642,client_2,coordinator_0,NET_TRANSFER,0.000100,0.158000,Request Model ID
1277271.506412,6013,e29625e7-302b-454c-89b9-d52cfcd03863,client_6,coordinator_0,NET_TRANSFER,0.000100,0.158000,Request Model ID
1277271.664412,6013,8f8d56cf-a64d-4894-ad63-cc75da090995,client_6,coordinator_0,NET_TRANSFER,0.000100,0.158000,Request Model ID
1277271.822412,6013,5c9ce36a-2b74-4ea7-8e23-d9b1ed951ad5,client_6,coordinator_0,NET_TRANSFER,0.000100,0.158000,Request Model ID
1277271.980412,6013,67082293-a0a0-42d4-8cf9-d0ef7b49af34,client_6,coordinator_0,NET_TRANSFER,0.000100,0.158000,Request Model ID
1277272.138412,4000,d681adae-a2b4-44cd-8616-f8e1e8da12ad,worker_2,coordinator_0,NET_TRANSFER,0.000100,0.158000,Signal Finished
1278491.348261,4000,d681adae-a2b4-44cd-8616-f8e1e8da12ad,coordinator_0,worker_3,NET_TRANSFER,15.238248,1219.209849,Distribute Layer ID: 0e6d8334
1278491.467310,4000,d681adae-a2b4-44cd-8616-f8e1e8da12ad,worker_3,worker_3,DISK_LOAD,15.238248,0.119049,"Disk -> RAM [Model: d681adae, Layer: 0e6d8334]"
1278491.586359,4000,d681adae-a2b4-44cd-8616-f8e1e8da12ad,worker_3,worker_3,MEM_MOVE,15.238248,0.119049,"RAM -> VRAM [Model: d681adae, Layer: 0e6d8334]"
1278491.636359,4000,d681adae-a2b4-44cd-8616-f8e1e8da12ad,worker_3,worker_3,GPU_COMPUTE,0.050000,0.050000,GPU Compute
1278491.636359,4000,d681adae-a2b4-44cd-8616-f8e1e8da12ad,worker_3,worker_3,MEM_MOVE,0.000000,0.000000,"Wipe/Deallocate Layer from Memory [Model: d681adae, Layer: 0e6d8334]"
1278491.794359,4000,d681adae-a2b4-44cd-8616-f8e1e8da12ad,worker_3,coordinator_0,NET_TRANSFER,0.000100,0.158000,Signal Finished
1279175.641650,4000,d681adae-a2b4-44cd-8616-f8e1e8da12ad,coordinator_0,worker_4,NET_TRANSFER,8.546216,683.847291,Distribute Layer ID: ee7d890a
1279175.708417,4000,d681adae-a2b4-44cd-8616-f8e1e8da12ad,worker_4,worker_4,DISK_LOAD,8.546216,0.066767,"Disk -> RAM [Model: d681adae, Layer: ee7d890a]"
1279175.775184,4000,d681adae-a2b4-44cd-8616-f8e1e8da12ad,worker_4,worker_4,MEM_MOVE,8.546216,0.066767,"RAM -> VRAM [Model: d681adae, Layer: ee7d890a]"
1279175.825184,4000,d681adae-a2b4-44cd-8616-f8e1e8da12ad,worker_4,worker_4,GPU_COMPUTE,0.050000,0.050000,GPU Compute
1279175.825184,4000,d681adae-a2b4-44cd-8616-f8e1e8da12ad,worker_4,worker_4,MEM_MOVE,0.000000,0.000000,"Wipe/Deallocate Layer from Memory [Model: d681adae, Layer: ee7d890a]"
1279175.983184,4000,d681adae-a2b4-44cd-8616-f8e1e8da12ad,worker_4,coordinator_0,NET_TRANSFER,0.000100,0.158000,Signal Finished
1279820.107634,4000,d681adae-a2b4-44cd-8616-f8e1e8da12ad,coordinator_0,worker_1,NET_TRANSFER,8.049681,644.124449,Distribute Layer ID: d888a846
1279820.170522,4000,d681adae-a2b4-44cd-8616-f8e1e8da12ad,worker_1,worker_1,DISK_LOAD,8.049681,0.062888,"Disk -> RAM [Model: d681adae, Layer: d888a846]"
1279820.233410,4000,d681adae-a2b4-44cd-8616-f8e1e8da12ad,worker_1,worker_1,MEM_MOVE,8.049681,0.062888,"RAM -> VRAM [Model: d681adae, Layer: d888a846]"
1279820.283410,4000,d681adae-a2b4-44cd-8616-f8e1e8da12ad,worker_1,worker_1,GPU_COMPUTE,0.050000,0.050000,GPU Compute
1279820.283410,4000,d681adae-a2b4-44cd-8616-f8e1e8da12ad,worker_1,worker_1,MEM_MOVE,0.000000,0.000000,"Wipe/Deallocate Layer from Memory [Model: d681adae, Layer: d888a846]"
1279820.441410,4000,d681adae-a2b4-44cd-8616-f8e1e8da12ad,worker_1,coordinator_0,NET_TRANSFER,0.000100,0.158000,Signal Finished
1280470.608344,4000,d681adae-a2b4-44cd-8616-f8e1e8da12ad,coordinator_0,worker_2,NET_TRANSFER,8.125212,650.166934,Distribute Layer ID: 2cfd6565
1280470.671822,4000,d681adae-a2b4-44cd-8616-f8e1e8da12ad,worker_2,worker_2,DISK_LOAD,8.125212,0.063478,"Disk -> RAM [Model: d681adae, Layer: 2cfd6565]"
1280470.735301,4000,d681adae-a2b4-44cd-8616-f8e1e8da12ad,worker_2,worker_2,MEM_MOVE,8.125212,0.063478,"RAM -> VRAM [Model: d681adae, Layer: 2cfd6565]"
1280470.785301,4000,d681adae-a2b4-44cd-8616-f8e1e8da12ad,worker_2,worker_2,GPU_COMPUTE,0.050000,0.050000,GPU Compute
1280470.785301,4000,d681adae-a2b4-44cd-8616-f8e1e8da12ad,worker_2,worker_2,MEM_MOVE,0.000000,0.000000,"Wipe/Deallocate Layer from Memory [Model: d681adae, Layer: 2cfd6565]"
1280470.943301,4000,d681adae-a2b4-44cd-8616-f8e1e8da12ad,worker_2,coordinator_0,NET_TRANSFER,0.000100,0.158000,Signal Finished
1281038.356973,4000,d681adae-a2b4-44cd-8616-f8e1e8da12ad,coordinator_0,worker_3,NET_TRANSFER,7.090796,567.413672,Distribute Layer ID: ed34b253
1281038.412370,4000,d681adae-a2b4-44cd-8616-f8e1e8da12ad,worker_3,worker_3,DISK_LOAD,7.090796,0.055397,"Disk -> RAM [Model: d681adae, Layer: ed34b253]"
1281038.467766,4000,d681adae-a2b4-44cd-8616-f8e1e8da12ad,worker_3,worker_3,MEM_MOVE,7.090796,0.055397,"RAM -> VRAM [Model: d681adae, Layer: ed34b253]"
1281038.517766,4000,d681adae-a2b4-44cd-8616-f8e1e8da12ad,worker_3,worker_3,GPU_COMPUTE,0.050000,0.050000,GPU Compute
1281038.517766,4000,d681adae-a2b4-44cd-8616-f8e1e8da12ad,worker_3,worker_3,MEM_MOVE,0.000000,0.000000,"Wipe/Deallocate Layer from Memory [Model: d681adae, Layer: ed34b253]"
1281038.675766,4000,d681adae-a2b4-44cd-8616-f8e1e8da12ad,worker_3,coordinator_0,NET_TRANSFER,0.000100,0.158000,Signal Finished
1281913.584443,4000,d681adae-a2b4-44cd-8616-f8e1e8da12ad,coordinator_0,worker_4,NET_TRANSFER,10.934483,874.908677,Distribute Layer ID: d9aa1a2c
1281913.669869,4000,d681adae-a2b4-44cd-8616-f8e1e8da12ad,worker_4,worker_4,DISK_LOAD,10.934483,0.085426,"Disk -> RAM [Model: d681adae, Layer: d9aa1a2c]"
1281913.755295,4000,d681adae-a2b4-44cd-8616-f8e1e8da12ad,worker_4,worker_4,MEM_MOVE,10.934483,0.085426,"RAM -> VRAM [Model: d681adae, Layer: d9aa1a2c]"
1281913.805295,4000,d681adae-a2b4-44cd-8616-f8e1e8da12ad,worker_4,worker_4,GPU_COMPUTE,0.050000,0.050000,GPU Compute
1281913.805295,4000,d681adae-a2b4-44cd-8616-f8e1e8da12ad,worker_4,worker_4,MEM_MOVE,0.000000,0.000000,"Wipe/Deallocate Layer from Memory [Model: d681adae, Layer: d9aa1a2c]"
1281913.963295,4000,d681adae-a2b4-44cd-8616-f8e1e8da12ad,worker_4,coordinator_0,NET_TRANSFER,0.000100,0.158000,Signal Finished
1282988.162159,4000,d681adae-a2b4-44cd-8616-f8e1e8da12ad,coordinator_0,worker_1,NET_TRANSFER,13.425611,1074.198864,Distribute Layer ID: 988a1b5f
1282988.267046,4000,d681adae-a2b4-44cd-8616-f8e1e8da12ad,worker_1,worker_1,DISK_LOAD,13.425611,0.104888,"Disk -> RAM [Model: d681adae, Layer: 988a1b5f]"
1282988.371934,4000,d681adae-a2b4-44cd-8616-f8e1e8da12ad,worker_1,worker_1,MEM_MOVE,13.425611,0.104888,"RAM -> VRAM [Model: d681adae, Layer: 988a1b5f]"
1282988.421934,4000,d681adae-a2b4-44cd-8616-f8e1e8da12ad,worker_1,worker_1,GPU_COMPUTE,0.050000,0.050000,GPU Compute
1282988.421934,4000,d681adae-a2b4-44cd-8616-f8e1e8da12ad,worker_1,worker_1,MEM_MOVE,0.000000,0.000000,"Wipe/Deallocate Layer from Memory [Model: d681adae, Layer: 988a1b5f]"
1282988.579934,4000,d681adae-a2b4-44cd-8616-f8e1e8da12ad,worker_1,coordinator_0,NET_TRANSFER,0.000100,0.158000,Signal Finished
1284160.635228,4000,d681adae-a2b4-44cd-8616-f8e1e8da12ad,coordinator_0,worker_2,NET_TRANSFER,14.648816,1172.055294,Distribute Layer ID: 6055fc6d
1284160.749672,4000,d681adae-a2b4-44cd-8616-f8e1e8da12ad,worker_2,worker_2,DISK_LOAD,14.648816,0.114444,"Disk -> RAM [Model: d681adae, Layer: 6055fc6d]"
1284160.864115,4000,d681adae-a2b4-44cd-8616-f8e1e8da12ad,worker_2,worker_2,MEM_MOVE,14.648816,0.114444,"RAM -> VRAM [Model: d681adae, Layer: 6055fc6d]"
1284160.914115,4000,d681adae-a2b4-44cd-8616-f8e1e8da12ad,worker_2,worker_2,GPU_COMPUTE,0.050000,0.050000,GPU Compute
1284160.914115,4000,d681adae-a2b4-44cd-8616-f8e1e8da12ad,worker_2,worker_2,MEM_MOVE,0.000000,0.000000,"Wipe/Deallocate Layer from Memory [Model: d681adae, Layer: 6055fc6d]"
1284161.072115,4000,d681adae-a2b4-44cd-8616-f8e1e8da12ad,worker_2,coordinator_0,NET_TRANSFER,0.000100,0.158000,Signal Finished
1284691.241049,4000,d681adae-a2b4-44cd-8616-f8e1e8da12ad,coordinator_0,worker_3,NET_TRANSFER,6.625237,530.168934,Distribute Layer ID: 0a8296b9
1284691.292809,4000,d681adae-a2b4-44cd-8616-f8e1e8da12ad,worker_3,worker_3,DISK_LOAD,6.625237,0.051760,"Disk -> RAM [Model: d681adae, Layer: 0a8296b9]"
1284691.344569,4000,d681adae-a2b4-44cd-8616-f8e1e8da12ad,worker_3,worker_3,MEM_MOVE,6.625237,0.051760,"RAM -> VRAM [Model: d681adae, Layer: 0a8296b9]"
1284691.394569,4000,d681adae-a2b4-44cd-8616-f8e1e8da12ad,worker_3,worker_3,GPU_COMPUTE,0.050000,0.050000,GPU Compute
1284691.394569,4000,d681adae-a2b4-44cd-8616-f8e1e8da12ad,worker_3,worker_3,MEM_MOVE,0.000000,0.000000,"Wipe/Deallocate Layer from Memory [Model: d681adae, Layer: 0a8296b9]"
1284691.552569,4000,d681adae-a2b4-44cd-8616-f8e1e8da12ad,worker_3,coordinator_0,NET_TRANSFER,0.000100,0.158000,Signal Finished
1285133.583173,4000,d681adae-a2b4-44cd-8616-f8e1e8da12ad,coordinator_0,worker_4,NET_TRANSFER,5.523508,442.030605,Distribute Layer ID: ffe49594
1285133.626326,4000,d681adae-a2b4-44cd-8616-f8e1e8da12ad,worker_4,worker_4,DISK_LOAD,5.523508,0.043152,"Disk -> RAM [Model: d681adae, Layer: ffe49594]"
1285133.669478,4000,d681adae-a2b4-44cd-8616-f8e1e8da12ad,worker_4,worker_4,MEM_MOVE,5.523508,0.043152,"RAM -> VRAM [Model: d681adae, Layer: ffe49594]"
1285133.719478,4000,d681adae-a2b4-44cd-8616-f8e1e8da12ad,worker_4,worker_4,GPU_COMPUTE,0.050000,0.050000,GPU Compute
1285133.719478,4000,d681adae-a2b4-44cd-8616-f8e1e8da12ad,worker_4,worker_4,MEM_MOVE,0.000000,0.000000,"Wipe/Deallocate Layer from Memory [Model: d681adae, Layer: ffe49594]"
1285133.877478,4000,d681adae-a2b4-44cd-8616-f8e1e8da12ad,worker_4,coordinator_0,NET_TRANSFER,0.000100,0.158000,Signal Finished
1286207.773469,4000,d681adae-a2b4-44cd-8616-f8e1e8da12ad,coordinator_0,worker_1,NET_TRANSFER,13.421825,1073.895990,Distribute Layer ID: be0cd41e
1286207.878327,4000,d681adae-a2b4-44cd-8616-f8e1e8da12ad,worker_1,worker_1,DISK_LOAD,13.421825,0.104858,"Disk -> RAM [Model: d681adae, Layer: be0cd41e]"
1286207.983185,4000,d681adae-a2b4-44cd-8616-f8e1e8da12ad,worker_1,worker_1,MEM_MOVE,13.421825,0.104858,"RAM -> VRAM [Model: d681adae, Layer: be0cd41e]"
1286208.033185,4000,d681adae-a2b4-44cd-8616-f8e1e8da12ad,worker_1,worker_1,GPU_COMPUTE,0.050000,0.050000,GPU Compute
1286208.033185,4000,d681adae-a2b4-44cd-8616-f8e1e8da12ad,worker_1,worker_1,MEM_MOVE,0.000000,0.000000,"Wipe/Deallocate Layer from Memory [Model: d681adae, Layer: be0cd41e]"
1286208.191185,5013,87805db1-7116-4cbf-abf5-3bf14bbef0be,client_5,coordinator_0,NET_TRANSFER,0.000100,0.158000,Request Model ID
1286208.349185,3013,839eec0a-12fb-43ce-9546-c6fcdd350ddf,client_3,coordinator_0,NET_TRANSFER,0.000100,0.158000,Request Model ID
1286208.507185,4000,d681adae-a2b4-44cd-8616-f8e1e8da12ad,worker_1,coordinator_0,NET_TRANSFER,0.000100,0.158000,Signal Finished
1287360.297971,4000,d681adae-a2b4-44cd-8616-f8e1e8da12ad,coordinator_0,worker_2,NET_TRANSFER,14.395510,1151.790786,Distribute Layer ID: 03e1130b
1287360.410436,4000,d681adae-a2b4-44cd-8616-f8e1e8da12ad,worker_2,worker_2,DISK_LOAD,14.395510,0.112465,"Disk -> RAM [Model: d681adae, Layer: 03e1130b]"
1287360.522901,4000,d681adae-a2b4-44cd-8616-f8e1e8da12ad,worker_2,worker_2,MEM_MOVE,14.395510,0.112465,"RAM -> VRAM [Model: d681adae, Layer: 03e1130b]"
1287360.572901,4000,d681adae-a2b4-44cd-8616-f8e1e8da12ad,worker_2,worker_2,GPU_COMPUTE,0.050000,0.050000,GPU Compute
1287360.572901,4000,d681adae-a2b4-44cd-8616-f8e1e8da12ad,worker_2,worker_2,MEM_MOVE,0.000000,0.000000,"Wipe/Deallocate Layer from Memory [Model: d681adae, Layer: 03e1130b]"
1287360.730901,4000,d681adae-a2b4-44cd-8616-f8e1e8da12ad,worker_2,coordinator_0,NET_TRANSFER,0.000100,0.158000,Signal Finished
1288467.613507,4000,d681adae-a2b4-44cd-8616-f8e1e8da12ad,coordinator_0,worker_3,NET_TRANSFER,13.834158,1106.882607,Distribute Layer ID: 85c19311
1288467.721587,4000,d681adae-a2b4-44cd-8616-f8e1e8da12ad,worker_3,worker_3,DISK_LOAD,13.834158,0.108079,"Disk -> RAM [Model: d681adae, Layer: 85c19311]"
1288467.829666,4000,d681adae-a2b4-44cd-8616-f8e1e8da12ad,worker_3,worker_3,MEM_MOVE,13.834158,0.108079,"RAM -> VRAM [Model: d681adae, Layer: 85c19311]"
1288467.879666,4000,d681adae-a2b4-44cd-8616-f8e1e8da12ad,worker_3,worker_3,GPU_COMPUTE,0.050000,0.050000,GPU Compute
1288467.879666,4000,d681adae-a2b4-44cd-8616-f8e1e8da12ad,worker_3,worker_3,MEM_MOVE,0.000000,0.000000,"Wipe/Deallocate Layer from Memory [Model: d681adae, Layer: 85c19311]"
1288468.037666,4000,d681adae-a2b4-44cd-8616-f8e1e8da12ad,worker_3,coordinator_0,NET_TRANSFER,0.000100,0.158000,Signal Finished
1288877.569479,4000,d681adae-a2b4-44cd-8616-f8e1e8da12ad,coordinator_0,worker_4,NET_TRANSFER,5.117273,409.531814,Distribute Layer ID: 529d4ae1
1288877.609458,4000,d681adae-a2b4-44cd-8616-f8e1e8da12ad,worker_4,worker_4,DISK_LOAD,5.117273,0.039979,"Disk -> RAM [Model: d681adae, Layer: 529d4ae1]"
1288877.649437,4000,d681adae-a2b4-44cd-8616-f8e1e8da12ad,worker_4,worker_4,MEM_MOVE,5.117273,0.039979,"RAM -> VRAM [Model: d681adae, Layer: 529d4ae1]"
1288877.699437,4000,d681adae-a2b4-44cd-8616-f8e1e8da12ad,worker_4,worker_4,GPU_COMPUTE,0.050000,0.050000,GPU Compute
1288877.699437,4000,d681adae-a2b4-44cd-8616-f8e1e8da12ad,worker_4,worker_4,MEM_MOVE,0.000000,0.000000,"Wipe/Deallocate Layer from Memory [Model: d681adae, Layer: 529d4ae1]"
1288877.857437,4000,d681adae-a2b4-44cd-8616-f8e1e8da12ad,worker_4,coordinator_0,NET_TRANSFER,0.000100,0.158000,Signal Finished
1289560.642426,4000,d681adae-a2b4-44cd-8616-f8e1e8da12ad,coordinator_0,worker_1,NET_TRANSFER,8.532937,682.784990,Distribute Layer ID: aeac29ca
1289560.709090,4000,d681adae-a2b4-44cd-8616-f8e1e8da12ad,worker_1,worker_1,DISK_LOAD,8.532937,0.066664,"Disk -> RAM [Model: d681adae, Layer: aeac29ca]"
1289560.775754,4000,d681adae-a2b4-44cd-8616-f8e1e8da12ad,worker_1,worker_1,MEM_MOVE,8.532937,0.066664,"RAM -> VRAM [Model: d681adae, Layer: aeac29ca]"
1289560.825754,4000,d681adae-a2b4-44cd-8616-f8e1e8da12ad,worker_1,worker_1,GPU_COMPUTE,0.050000,0.050000,GPU Compute
1289560.825754,4000,d681adae-a2b4-44cd-8616-f8e1e8da12ad,worker_1,worker_1,MEM_MOVE,0.000000,0.000000,"Wipe/Deallocate Layer from Memory [Model: d681adae, Layer: aeac29ca]"
1289560.983754,4000,d681adae-a2b4-44cd-8616-f8e1e8da12ad,worker_1,coordinator_0,NET_TRANSFER,0.000100,0.158000,Signal Finished
1290111.398822,4000,d681adae-a2b4-44cd-8616-f8e1e8da12ad,coordinator_0,worker_2,NET_TRANSFER,6.878313,550.415069,Distribute Layer ID: f317a542
1290111.452559,4000,d681adae-a2b4-44cd-8616-f8e1e8da12ad,worker_2,worker_2,DISK_LOAD,6.878313,0.053737,"Disk -> RAM [Model: d681adae, Layer: f317a542]"
1290111.506296,4000,d681adae-a2b4-44cd-8616-f8e1e8da12ad,worker_2,worker_2,MEM_MOVE,6.878313,0.053737,"RAM -> VRAM [Model: d681adae, Layer: f317a542]"
1290111.556296,4000,d681adae-a2b4-44cd-8616-f8e1e8da12ad,worker_2,worker_2,GPU_COMPUTE,0.050000,0.050000,GPU Compute
1290111.556296,4000,d681adae-a2b4-44cd-8616-f8e1e8da12ad,worker_2,worker_2,MEM_MOVE,0.000000,0.000000,"Wipe/Deallocate Layer from Memory [Model: d681adae, Layer: f317a542]"
1290111.714296,4000,d681adae-a2b4-44cd-8616-f8e1e8da12ad,worker_2,coordinator_0,NET_TRANSFER,0.000100,0.158000,Signal Finished
1290533.780822,4000,d681adae-a2b4-44cd-8616-f8e1e8da12ad,coordinator_0,worker_3,NET_TRANSFER,5.273957,422.066527,Distribute Layer ID: aa777fac
1290533.822025,4000,d681adae-a2b4-44cd-8616-f8e1e8da12ad,worker_3,worker_3,DISK_LOAD,5.273957,0.041203,"Disk -> RAM [Model: d681adae, Layer: aa777fac]"
1290533.863228,4000,d681adae-a2b4-44cd-8616-f8e1e8da12ad,worker_3,worker_3,MEM_MOVE,5.273957,0.041203,"RAM -> VRAM [Model: d681adae, Layer: aa777fac]"
1290533.913228,4000,d681adae-a2b4-44cd-8616-f8e1e8da12ad,worker_3,worker_3,GPU_COMPUTE,0.050000,0.050000,GPU Compute
1290533.913228,4000,d681adae-a2b4-44cd-8616-f8e1e8da12ad,worker_3,worker_3,MEM_MOVE,0.000000,0.000000,"Wipe/Deallocate Layer from Memory [Model: d681adae, Layer: aa777fac]"
1290534.071228,1013,6724fe5b-01f4-4d88-8014-0377674aee20,client_1,coordinator_0,NET_TRANSFER,0.000100,0.158000,Request Model ID
1290534.229228,3013,ad0d9656-07af-4c9c-9ff2-7b7ad5f3b3f2,client_3,coordinator_0,NET_TRANSFER,0.000100,0.158000,Request Model ID
1290534.387228,4013,54f520b0-39a9-4b3f-8c68-ef80c338608e,client_4,coordinator_0,NET_TRANSFER,0.000100,0.158000,Request Model ID
1290534.545228,9013,67082293-a0a0-42d4-8cf9-d0ef7b49af34,client_9,coordinator_0,NET_TRANSFER,0.000100,0.158000,Request Model ID
1290534.703228,10013,90d2b33a-8379-4cfb-92e7-33e022e636c7,client_10,coordinator_0,NET_TRANSFER,0.000100,0.158000,Request Model ID
1290534.861228,5013,8f8d56cf-a64d-4894-ad63-cc75da090995,client_5,coordinator_0,NET_TRANSFER,0.000100,0.158000,Request Model ID
1290535.019228,3013,87805db1-7116-4cbf-abf5-3bf14bbef0be,client_3,coordinator_0,NET_TRANSFER,0.000100,0.158000,Request Model ID
1290535.177228,4000,d681adae-a2b4-44cd-8616-f8e1e8da12ad,worker_3,coordinator_0,NET_TRANSFER,0.000100,0.158000,Signal Finished
1291598.725537,4000,d681adae-a2b4-44cd-8616-f8e1e8da12ad,coordinator_0,worker_4,NET_TRANSFER,13.292479,1063.548309,Distribute Layer ID: bb8168f5
1291598.829385,4000,d681adae-a2b4-44cd-8616-f8e1e8da12ad,worker_4,worker_4,DISK_LOAD,13.292479,0.103847,"Disk -> RAM [Model: d681adae, Layer: bb8168f5]"
1291598.933232,4000,d681adae-a2b4-44cd-8616-f8e1e8da12ad,worker_4,worker_4,MEM_MOVE,13.292479,0.103847,"RAM -> VRAM [Model: d681adae, Layer: bb8168f5]"
1291598.983232,4000,d681adae-a2b4-44cd-8616-f8e1e8da12ad,worker_4,worker_4,GPU_COMPUTE,0.050000,0.050000,GPU Compute
1291598.983232,4000,d681adae-a2b4-44cd-8616-f8e1e8da12ad,worker_4,worker_4,MEM_MOVE,0.000000,0.000000,"Wipe/Deallocate Layer from Memory [Model: d681adae, Layer: bb8168f5]"
1291599.141232,4000,d681adae-a2b4-44cd-8616-f8e1e8da12ad,worker_4,coordinator_0,NET_TRANSFER,0.000100,0.158000,Signal Finished
1292526.082092,4000,d681adae-a2b4-44cd-8616-f8e1e8da12ad,coordinator_0,worker_1,NET_TRANSFER,11.584886,926.940860,Distribute Layer ID: ea3cd208
1292526.172599,4000,d681adae-a2b4-44cd-8616-f8e1e8da12ad,worker_1,worker_1,DISK_LOAD,11.584886,0.090507,"Disk -> RAM [Model: d681adae, Layer: ea3cd208]"
1292526.263106,4000,d681adae-a2b4-44cd-8616-f8e1e8da12ad,worker_1,worker_1,MEM_MOVE,11.584886,0.090507,"RAM -> VRAM [Model: d681adae, Layer: ea3cd208]"
1292526.313106,4000,d681adae-a2b4-44cd-8616-f8e1e8da12ad,worker_1,worker_1,GPU_COMPUTE,0.050000,0.050000,GPU Compute
1292526.313106,4000,d681adae-a2b4-44cd-8616-f8e1e8da12ad,worker_1,worker_1,MEM_MOVE,0.000000,0.000000,"Wipe/Deallocate Layer from Memory [Model: d681adae, Layer: ea3cd208]"
1292526.471106,4000,d681adae-a2b4-44cd-8616-f8e1e8da12ad,worker_1,coordinator_0,NET_TRANSFER,0.000100,0.158000,Signal Finished
1292962.413904,4000,d681adae-a2b4-44cd-8616-f8e1e8da12ad,coordinator_0,worker_2,NET_TRANSFER,5.447410,435.942798,Distribute Layer ID: d73a0294
1292962.456462,4000,d681adae-a2b4-44cd-8616-f8e1e8da12ad,worker_2,worker_2,DISK_LOAD,5.447410,0.042558,"Disk -> RAM [Model: d681adae, Layer: d73a0294]"
1292962.499019,4000,d681adae-a2b4-44cd-8616-f8e1e8da12ad,worker_2,worker_2,MEM_MOVE,5.447410,0.042558,"RAM -> VRAM [Model: d681adae, Layer: d73a0294]"
1292962.549019,4000,d681adae-a2b4-44cd-8616-f8e1e8da12ad,worker_2,worker_2,GPU_COMPUTE,0.050000,0.050000,GPU Compute
1292962.549019,4000,d681adae-a2b4-44cd-8616-f8e1e8da12ad,worker_2,worker_2,MEM_MOVE,0.000000,0.000000,"Wipe/Deallocate Layer from Memory [Model: d681adae, Layer: d73a0294]"
1292962.707019,4000,d681adae-a2b4-44cd-8616-f8e1e8da12ad,worker_2,coordinator_0,NET_TRANSFER,0.000100,0.158000,Signal Finished
1293999.769298,4000,d681adae-a2b4-44cd-8616-f8e1e8da12ad,coordinator_0,worker_3,NET_TRANSFER,12.961403,1037.062279,Distribute Layer ID: ac72a89d
1293999.870559,4000,d681adae-a2b4-44cd-8616-f8e1e8da12ad,worker_3,worker_3,DISK_LOAD,12.961403,0.101261,"Disk -> RAM [Model: d681adae, Layer: ac72a89d]"
1293999.971820,4000,d681adae-a2b4-44cd-8616-f8e1e8da12ad,worker_3,worker_3,MEM_MOVE,12.961403,0.101261,"RAM -> VRAM [Model: d681adae, Layer: ac72a89d]"
1294000.021820,4000,d681adae-a2b4-44cd-8616-f8e1e8da12ad,worker_3,worker_3,GPU_COMPUTE,0.050000,0.050000,GPU Compute
1294000.021820,4000,d681adae-a2b4-44cd-8616-f8e1e8da12ad,worker_3,worker_3,MEM_MOVE,0.000000,0.000000,"Wipe/Deallocate Layer from Memory [Model: d681adae, Layer: ac72a89d]"
1294000.179820,4000,d681adae-a2b4-44cd-8616-f8e1e8da12ad,worker_3,coordinator_0,NET_TRANSFER,0.000100,0.158000,Signal Finished
1294525.957585,4000,d681adae-a2b4-44cd-8616-f8e1e8da12ad,coordinator_0,worker_4,NET_TRANSFER,6.570347,525.777765,Distribute Layer ID: 27894579
1294526.008916,4000,d681adae-a2b4-44cd-8616-f8e1e8da12ad,worker_4,worker_4,DISK_LOAD,6.570347,0.051331,"Disk -> RAM [Model: d681adae, Layer: 27894579]"
1294526.060247,4000,d681adae-a2b4-44cd-8616-f8e1e8da12ad,worker_4,worker_4,MEM_MOVE,6.570347,0.051331,"RAM -> VRAM [Model: d681adae, Layer: 27894579]"
1294526.110247,4000,d681adae-a2b4-44cd-8616-f8e1e8da12ad,worker_4,worker_4,GPU_COMPUTE,0.050000,0.050000,GPU Compute
1294526.110247,4000,d681adae-a2b4-44cd-8616-f8e1e8da12ad,worker_4,worker_4,MEM_MOVE,0.000000,0.000000,"Wipe/Deallocate Layer from Memory [Model: d681adae, Layer: 27894579]"
1294526.268247,4000,d681adae-a2b4-44cd-8616-f8e1e8da12ad,worker_4,coordinator_0,NET_TRANSFER,0.000100,0.158000,Signal Finished
1295581.785770,4000,d681adae-a2b4-44cd-8616-f8e1e8da12ad,coordinator_0,worker_1,NET_TRANSFER,13.192094,1055.517524,Distribute Layer ID: c7a996f4
1295581.888834,4000,d681adae-a2b4-44cd-8616-f8e1e8da12ad,worker_1,worker_1,DISK_LOAD,13.192094,0.103063,"Disk -> RAM [Model: d681adae, Layer: c7a996f4]"
1295581.991897,4000,d681adae-a2b4-44cd-8616-f8e1e8da12ad,worker_1,worker_1,MEM_MOVE,13.192094,0.103063,"RAM -> VRAM [Model: d681adae, Layer: c7a996f4]"
1295582.041897,4000,d681adae-a2b4-44cd-8616-f8e1e8da12ad,worker_1,worker_1,GPU_COMPUTE,0.050000,0.050000,GPU Compute
1295582.041897,4000,d681adae-a2b4-44cd-8616-f8e1e8da12ad,worker_1,worker_1,MEM_MOVE,0.000000,0.000000,"Wipe/Deallocate Layer from Memory [Model: d681adae, Layer: c7a996f4]"
1295582.199897,10013,2689c22d-d78c-4127-a74c-3cc88d4cc4da,client_10,coordinator_0,NET_TRANSFER,0.000100,0.158000,Request Model ID
1295582.357897,4013,0dddaaa0-da24-40da-8039-caf51123b642,client_4,coordinator_0,NET_TRANSFER,0.000100,0.158000,Request Model ID
1295582.515897,9013,4f4ec27a-26d2-47e6-ad9b-bb575c60b698,client_9,coordinator_0,NET_TRANSFER,0.000100,0.158000,Request Model ID
1295582.673897,9013,9ff4653d-0230-4ab2-8730-509275ebe6b9,client_9,coordinator_0,NET_TRANSFER,0.000100,0.158000,Request Model ID
1295582.831897,8013,9ff4653d-0230-4ab2-8730-509275ebe6b9,client_8,coordinator_0,NET_TRANSFER,0.000100,0.158000,Request Model ID
1295582.989897,2013,f4e8236d-3bac-4a5a-bc2a-52927bacb8bb,client_2,coordinator_0,NET_TRANSFER,0.000100,0.158000,Request Model ID
1295583.147897,7013,718ac69c-3b4b-44dd-a315-e303a3a2c9d9,client_7,coordinator_0,NET_TRANSFER,0.000100,0.158000,Request Model ID
1295583.305897,2013,cfc45a4e-2fdb-48da-a83d-d1b0979b56cb,client_2,coordinator_0,NET_TRANSFER,0.000100,0.158000,Request Model ID
1295583.463897,7013,356e9b46-2a29-4c8e-bcc3-416d0c1cd704,client_7,coordinator_0,NET_TRANSFER,0.000100,0.158000,Request Model ID
1295583.621897,2013,d681adae-a2b4-44cd-8616-f8e1e8da12ad,client_2,coordinator_0,NET_TRANSFER,0.000100,0.158000,Request Model ID
1295583.779897,7013,e29625e7-302b-454c-89b9-d52cfcd03863,client_7,coordinator_0,NET_TRANSFER,0.000100,0.158000,Request Model ID
1295583.937897,3013,44e412ff-afaa-496f-ab7e-5bab5d820734,client_3,coordinator_0,NET_TRANSFER,0.000100,0.158000,Request Model ID
1295584.095897,9013,1574891c-9c5f-4da5-bd91-8f23bf73d1d1,client_9,coordinator_0,NET_TRANSFER,0.000100,0.158000,Request Model ID
1295584.253897,1013,67082293-a0a0-42d4-8cf9-d0ef7b49af34,client_1,coordinator_0,NET_TRANSFER,0.000100,0.158000,Request Model ID
1295584.411897,8013,83f6b24d-e2c0-4816-aadf-23dfab68d109,client_8,coordinator_0,NET_TRANSFER,0.000100,0.158000,Request Model ID
1295584.569897,1013,4e7d39e3-213c-4023-adde-abcecb3601df,client_1,coordinator_0,NET_TRANSFER,0.000100,0.158000,Request Model ID
1295584.727897,4000,d681adae-a2b4-44cd-8616-f8e1e8da12ad,worker_1,coordinator_0,NET_TRANSFER,0.000100,0.158000,Signal Finished
1296611.345778,4000,d681adae-a2b4-44cd-8616-f8e1e8da12ad,coordinator_0,worker_2,NET_TRANSFER,12.830849,1026.617881,Distribute Layer ID: 21380734
1296611.446019,4000,d681adae-a2b4-44cd-8616-f8e1e8da12ad,worker_2,worker_2,DISK_LOAD,12.830849,0.100241,"Disk -> RAM [Model: d681adae, Layer: 21380734]"
1296611.546260,4000,d681adae-a2b4-44cd-8616-f8e1e8da12ad,worker_2,worker_2,MEM_MOVE,12.830849,0.100241,"RAM -> VRAM [Model: d681adae, Layer: 21380734]"
1296611.596260,4000,d681adae-a2b4-44cd-8616-f8e1e8da12ad,worker_2,worker_2,GPU_COMPUTE,0.050000,0.050000,GPU Compute
1296611.596260,4000,d681adae-a2b4-44cd-8616-f8e1e8da12ad,worker_2,worker_2,MEM_MOVE,0.000000,0.000000,"Wipe/Deallocate Layer from Memory [Model: d681adae, Layer: 21380734]"
1296611.754260,4000,d681adae-a2b4-44cd-8616-f8e1e8da12ad,worker_2,coordinator_0,NET_TRANSFER,0.000100,0.158000,Signal Finished
1297430.650944,4000,d681adae-a2b4-44cd-8616-f8e1e8da12ad,coordinator_0,worker_3,NET_TRANSFER,10.234334,818.896684,Distribute Layer ID: bd2ce34a
1297430.730900,4000,d681adae-a2b4-44cd-8616-f8e1e8da12ad,worker_3,worker_3,DISK_LOAD,10.234334,0.079956,"Disk -> RAM [Model: d681adae, Layer: bd2ce34a]"
1297430.810856,4000,d681adae-a2b4-44cd-8616-f8e1e8da12ad,worker_3,worker_3,MEM_MOVE,10.234334,0.079956,"RAM -> VRAM [Model: d681adae, Layer: bd2ce34a]"
1297430.860856,4000,d681adae-a2b4-44cd-8616-f8e1e8da12ad,worker_3,worker_3,GPU_COMPUTE,0.050000,0.050000,GPU Compute
1297430.860856,4000,d681adae-a2b4-44cd-8616-f8e1e8da12ad,worker_3,worker_3,MEM_MOVE,0.000000,0.000000,"Wipe/Deallocate Layer from Memory [Model: d681adae, Layer: bd2ce34a]"
1297431.018856,4000,d681adae-a2b4-44cd-8616-f8e1e8da12ad,worker_3,coordinator_0,NET_TRANSFER,0.000100,0.158000,Signal Finished
1298497.144196,4000,d681adae-a2b4-44cd-8616-f8e1e8da12ad,coordinator_0,worker_4,NET_TRANSFER,13.324692,1066.125340,Distribute Layer ID: ba34915e
1298497.248295,4000,d681adae-a2b4-44cd-8616-f8e1e8da12ad,worker_4,worker_4,DISK_LOAD,13.324692,0.104099,"Disk -> RAM [Model: d681adae, Layer: ba34915e]"
1298497.352394,4000,d681adae-a2b4-44cd-8616-f8e1e8da12ad,worker_4,worker_4,MEM_MOVE,13.324692,0.104099,"RAM -> VRAM [Model: d681adae, Layer: ba34915e]"
1298497.402394,4000,d681adae-a2b4-44cd-8616-f8e1e8da12ad,worker_4,worker_4,GPU_COMPUTE,0.050000,0.050000,GPU Compute
1298497.402394,4000,d681adae-a2b4-44cd-8616-f8e1e8da12ad,worker_4,worker_4,MEM_MOVE,0.000000,0.000000,"Wipe/Deallocate Layer from Memory [Model: d681adae, Layer: ba34915e]"
1298497.560394,4000,d681adae-a2b4-44cd-8616-f8e1e8da12ad,worker_4,coordinator_0,NET_TRANSFER,0.000100,0.158000,Signal Finished
1299590.286410,4000,d681adae-a2b4-44cd-8616-f8e1e8da12ad,coordinator_0,worker_1,NET_TRANSFER,13.657200,1092.726016,Distribute Layer ID: 5d9e6125
1299590.393107,4000,d681adae-a2b4-44cd-8616-f8e1e8da12ad,worker_1,worker_1,DISK_LOAD,13.657200,0.106697,"Disk -> RAM [Model: d681adae, Layer: 5d9e6125]"
1299590.499804,4000,d681adae-a2b4-44cd-8616-f8e1e8da12ad,worker_1,worker_1,MEM_MOVE,13.657200,0.106697,"RAM -> VRAM [Model: d681adae, Layer: 5d9e6125]"
1299590.549804,4000,d681adae-a2b4-44cd-8616-f8e1e8da12ad,worker_1,worker_1,GPU_COMPUTE,0.050000,0.050000,GPU Compute
1299590.549804,4000,d681adae-a2b4-44cd-8616-f8e1e8da12ad,worker_1,worker_1,MEM_MOVE,0.000000,0.000000,"Wipe/Deallocate Layer from Memory [Model: d681adae, Layer: 5d9e6125]"
1299590.707804,4000,d681adae-a2b4-44cd-8616-f8e1e8da12ad,worker_1,coordinator_0,NET_TRANSFER,0.000100,0.158000,Signal Finished
1300205.886961,4000,d681adae-a2b4-44cd-8616-f8e1e8da12ad,coordinator_0,worker_2,NET_TRANSFER,7.687864,615.179157,Distribute Layer ID: 9fe44db0
1300205.947022,4000,d681adae-a2b4-44cd-8616-f8e1e8da12ad,worker_2,worker_2,DISK_LOAD,7.687864,0.060061,"Disk -> RAM [Model: d681adae, Layer: 9fe44db0]"
1300206.007084,4000,d681adae-a2b4-44cd-8616-f8e1e8da12ad,worker_2,worker_2,MEM_MOVE,7.687864,0.060061,"RAM -> VRAM [Model: d681adae, Layer: 9fe44db0]"
1300206.057084,4000,d681adae-a2b4-44cd-8616-f8e1e8da12ad,worker_2,worker_2,GPU_COMPUTE,0.050000,0.050000,GPU Compute
1300206.057084,4000,d681adae-a2b4-44cd-8616-f8e1e8da12ad,worker_2,worker_2,MEM_MOVE,0.000000,0.000000,"Wipe/Deallocate Layer from Memory [Model: d681adae, Layer: 9fe44db0]"
1300206.215084,4000,d681adae-a2b4-44cd-8616-f8e1e8da12ad,worker_2,coordinator_0,NET_TRANSFER,0.000100,0.158000,Signal Finished
1300646.877601,4000,d681adae-a2b4-44cd-8616-f8e1e8da12ad,coordinator_0,worker_3,NET_TRANSFER,5.506406,440.662517,Distribute Layer ID: e995a1d2
1300646.920620,4000,d681adae-a2b4-44cd-8616-f8e1e8da12ad,worker_3,worker_3,DISK_LOAD,5.506406,0.043019,"Disk -> RAM [Model: d681adae, Layer: e995a1d2]"
1300646.963639,4000,d681adae-a2b4-44cd-8616-f8e1e8da12ad,worker_3,worker_3,MEM_MOVE,5.506406,0.043019,"RAM -> VRAM [Model: d681adae, Layer: e995a1d2]"
1300647.013639,4000,d681adae-a2b4-44cd-8616-f8e1e8da12ad,worker_3,worker_3,GPU_COMPUTE,0.050000,0.050000,GPU Compute
1300647.013639,4000,d681adae-a2b4-44cd-8616-f8e1e8da12ad,worker_3,worker_3,MEM_MOVE,0.000000,0.000000,"Wipe/Deallocate Layer from Memory [Model: d681adae, Layer: e995a1d2]"
1300647.171639,4000,d681adae-a2b4-44cd-8616-f8e1e8da12ad,worker_3,coordinator_0,NET_TRANSFER,0.000100,0.158000,Signal Finished
1301840.314773,4000,d681adae-a2b4-44cd-8616-f8e1e8da12ad,coordinator_0,worker_4,NET_TRANSFER,14.912414,1193.143134,Distribute Layer ID: b5d4a044
1301840.431276,4000,d681adae-a2b4-44cd-8616-f8e1e8da12ad,worker_4,worker_4,DISK_LOAD,14.912414,0.116503,"Disk -> RAM [Model: d681adae, Layer: b5d4a044]"
1301840.547779,4000,d681adae-a2b4-44cd-8616-f8e1e8da12ad,worker_4,worker_4,MEM_MOVE,14.912414,0.116503,"RAM -> VRAM [Model: d681adae, Layer: b5d4a044]"
1301840.597779,4000,d681adae-a2b4-44cd-8616-f8e1e8da12ad,worker_4,worker_4,GPU_COMPUTE,0.050000,0.050000,GPU Compute
1301840.597779,4000,d681adae-a2b4-44cd-8616-f8e1e8da12ad,worker_4,worker_4,MEM_MOVE,0.000000,0.000000,"Wipe/Deallocate Layer from Memory [Model: d681adae, Layer: b5d4a044]"
1301840.755779,4000,d681adae-a2b4-44cd-8616-f8e1e8da12ad,worker_4,coordinator_0,NET_TRANSFER,0.000100,0.158000,Signal Finished
1302494.717788,4000,d681adae-a2b4-44cd-8616-f8e1e8da12ad,coordinator_0,worker_1,NET_TRANSFER,8.172650,653.962009,Distribute Layer ID: dd5d3a21
1302494.781637,4000,d681adae-a2b4-44cd-8616-f8e1e8da12ad,worker_1,worker_1,DISK_LOAD,8.172650,0.063849,"Disk -> RAM [Model: d681adae, Layer: dd5d3a21]"
1302494.845485,4000,d681adae-a2b4-44cd-8616-f8e1e8da12ad,worker_1,worker_1,MEM_MOVE,8.172650,0.063849,"RAM -> VRAM [Model: d681adae, Layer: dd5d3a21]"
1302494.895485,4000,d681adae-a2b4-44cd-8616-f8e1e8da12ad,worker_1,worker_1,GPU_COMPUTE,0.050000,0.050000,GPU Compute
1302494.895485,4000,d681adae-a2b4-44cd-8616-f8e1e8da12ad,worker_1,worker_1,MEM_MOVE,0.000000,0.000000,"Wipe/Deallocate Layer from Memory [Model: d681adae, Layer: dd5d3a21]"
1302495.053485,4000,d681adae-a2b4-44cd-8616-f8e1e8da12ad,worker_1,coordinator_0,NET_TRANSFER,0.000100,0.158000,Signal Finished
1303204.391373,4000,d681adae-a2b4-44cd-8616-f8e1e8da12ad,coordinator_0,worker_2,NET_TRANSFER,8.864849,709.337887,Distribute Layer ID: e78d02ae
1303204.460629,4000,d681adae-a2b4-44cd-8616-f8e1e8da12ad,worker_2,worker_2,DISK_LOAD,8.864849,0.069257,"Disk -> RAM [Model: d681adae, Layer: e78d02ae]"
1303204.529886,4000,d681adae-a2b4-44cd-8616-f8e1e8da12ad,worker_2,worker_2,MEM_MOVE,8.864849,0.069257,"RAM -> VRAM [Model: d681adae, Layer: e78d02ae]"
1303204.579886,4000,d681adae-a2b4-44cd-8616-f8e1e8da12ad,worker_2,worker_2,GPU_COMPUTE,0.050000,0.050000,GPU Compute
1303204.579886,4000,d681adae-a2b4-44cd-8616-f8e1e8da12ad,worker_2,worker_2,MEM_MOVE,0.000000,0.000000,"Wipe/Deallocate Layer from Memory [Model: d681adae, Layer: e78d02ae]"
1303204.737886,4000,d681adae-a2b4-44cd-8616-f8e1e8da12ad,worker_2,coordinator_0,NET_TRANSFER,0.000100,0.158000,Signal Finished
1304062.570162,4000,d681adae-a2b4-44cd-8616-f8e1e8da12ad,coordinator_0,worker_3,NET_TRANSFER,10.721028,857.832276,Distribute Layer ID: ebb9ad7d
1304062.653920,4000,d681adae-a2b4-44cd-8616-f8e1e8da12ad,worker_3,worker_3,DISK_LOAD,10.721028,0.083758,"Disk -> RAM [Model: d681adae, Layer: ebb9ad7d]"
1304062.737678,4000,d681adae-a2b4-44cd-8616-f8e1e8da12ad,worker_3,worker_3,MEM_MOVE,10.721028,0.083758,"RAM -> VRAM [Model: d681adae, Layer: ebb9ad7d]"
1304062.787678,4000,d681adae-a2b4-44cd-8616-f8e1e8da12ad,worker_3,worker_3,GPU_COMPUTE,0.050000,0.050000,GPU Compute
1304062.787678,4000,d681adae-a2b4-44cd-8616-f8e1e8da12ad,worker_3,worker_3,MEM_MOVE,0.000000,0.000000,"Wipe/Deallocate Layer from Memory [Model: d681adae, Layer: ebb9ad7d]"
1304062.945678,4000,d681adae-a2b4-44cd-8616-f8e1e8da12ad,worker_3,coordinator_0,NET_TRANSFER,0.000100,0.158000,Signal Finished
1304526.720922,4000,d681adae-a2b4-44cd-8616-f8e1e8da12ad,coordinator_0,worker_4,NET_TRANSFER,5.795316,463.775244,Distribute Layer ID: 7e14edc0
1304526.766198,4000,d681adae-a2b4-44cd-8616-f8e1e8da12ad,worker_4,worker_4,DISK_LOAD,5.795316,0.045276,"Disk -> RAM [Model: d681adae, Layer: 7e14edc0]"
1304526.811474,4000,d681adae-a2b4-44cd-8616-f8e1e8da12ad,worker_4,worker_4,MEM_MOVE,5.795316,0.045276,"RAM -> VRAM [Model: d681adae, Layer: 7e14edc0]"
1304526.861474,4000,d681adae-a2b4-44cd-8616-f8e1e8da12ad,worker_4,worker_4,GPU_COMPUTE,0.050000,0.050000,GPU Compute
1304526.861474,4000,d681adae-a2b4-44cd-8616-f8e1e8da12ad,worker_4,worker_4,MEM_MOVE,0.000000,0.000000,"Wipe/Deallocate Layer from Memory [Model: d681adae, Layer: 7e14edc0]"
1304527.019474,4000,d681adae-a2b4-44cd-8616-f8e1e8da12ad,worker_4,coordinator_0,NET_TRANSFER,0.000100,0.158000,Signal Finished
1305285.255813,4000,d681adae-a2b4-44cd-8616-f8e1e8da12ad,coordinator_0,worker_1,NET_TRANSFER,9.476079,758.236339,Distribute Layer ID: e799fa5f
1305285.329845,4000,d681adae-a2b4-44cd-8616-f8e1e8da12ad,worker_1,worker_1,DISK_LOAD,9.476079,0.074032,"Disk -> RAM [Model: d681adae, Layer: e799fa5f]"
1305285.403876,4000,d681adae-a2b4-44cd-8616-f8e1e8da12ad,worker_1,worker_1,MEM_MOVE,9.476079,0.074032,"RAM -> VRAM [Model: d681adae, Layer: e799fa5f]"
1305285.453876,4000,d681adae-a2b4-44cd-8616-f8e1e8da12ad,worker_1,worker_1,GPU_COMPUTE,0.050000,0.050000,GPU Compute
1305285.453876,4000,d681adae-a2b4-44cd-8616-f8e1e8da12ad,worker_1,worker_1,MEM_MOVE,0.000000,0.000000,"Wipe/Deallocate Layer from Memory [Model: d681adae, Layer: e799fa5f]"
1305285.611876,4000,d681adae-a2b4-44cd-8616-f8e1e8da12ad,worker_1,coordinator_0,NET_TRANSFER,0.000100,0.158000,Signal Finished
1306270.542974,4000,d681adae-a2b4-44cd-8616-f8e1e8da12ad,coordinator_0,worker_2,NET_TRANSFER,12.309764,984.931098,Distribute Layer ID: ae04d775
1306270.639144,4000,d681adae-a2b4-44cd-8616-f8e1e8da12ad,worker_2,worker_2,DISK_LOAD,12.309764,0.096170,"Disk -> RAM [Model: d681adae, Layer: ae04d775]"
1306270.735314,4000,d681adae-a2b4-44cd-8616-f8e1e8da12ad,worker_2,worker_2,MEM_MOVE,12.309764,0.096170,"RAM -> VRAM [Model: d681adae, Layer: ae04d775]"
1306270.785314,4000,d681adae-a2b4-44cd-8616-f8e1e8da12ad,worker_2,worker_2,GPU_COMPUTE,0.050000,0.050000,GPU Compute
1306270.785314,4000,d681adae-a2b4-44cd-8616-f8e1e8da12ad,worker_2,worker_2,MEM_MOVE,0.000000,0.000000,"Wipe/Deallocate Layer from Memory [Model: d681adae, Layer: ae04d775]"
1306270.943314,4000,d681adae-a2b4-44cd-8616-f8e1e8da12ad,worker_2,coordinator_0,NET_TRANSFER,0.000100,0.158000,Signal Finished
1306737.845780,4000,d681adae-a2b4-44cd-8616-f8e1e8da12ad,coordinator_0,worker_3,NET_TRANSFER,5.834406,466.902466,Distribute Layer ID: 1e5d390a
1306737.891362,4000,d681adae-a2b4-44cd-8616-f8e1e8da12ad,worker_3,worker_3,DISK_LOAD,5.834406,0.045581,"Disk -> RAM [Model: d681adae, Layer: 1e5d390a]"
1306737.936943,4000,d681adae-a2b4-44cd-8616-f8e1e8da12ad,worker_3,worker_3,MEM_MOVE,5.834406,0.045581,"RAM -> VRAM [Model: d681adae, Layer: 1e5d390a]"
1306737.986943,4000,d681adae-a2b4-44cd-8616-f8e1e8da12ad,worker_3,worker_3,GPU_COMPUTE,0.050000,0.050000,GPU Compute
1306737.986943,4000,d681adae-a2b4-44cd-8616-f8e1e8da12ad,worker_3,worker_3,MEM_MOVE,0.000000,0.000000,"Wipe/Deallocate Layer from Memory [Model: d681adae, Layer: 1e5d390a]"
1306738.144943,4000,d681adae-a2b4-44cd-8616-f8e1e8da12ad,worker_3,coordinator_0,NET_TRANSFER,0.000100,0.158000,Signal Finished
1307937.727185,4000,d681adae-a2b4-44cd-8616-f8e1e8da12ad,coordinator_0,worker_4,NET_TRANSFER,14.992903,1199.582242,Distribute Layer ID: d4975d75
1307937.844317,4000,d681adae-a2b4-44cd-8616-f8e1e8da12ad,worker_4,worker_4,DISK_LOAD,14.992903,0.117132,"Disk -> RAM [Model: d681adae, Layer: d4975d75]"
1307937.961449,4000,d681adae-a2b4-44cd-8616-f8e1e8da12ad,worker_4,worker_4,MEM_MOVE,14.992903,0.117132,"RAM -> VRAM [Model: d681adae, Layer: d4975d75]"
1307938.011449,4000,d681adae-a2b4-44cd-8616-f8e1e8da12ad,worker_4,worker_4,GPU_COMPUTE,0.050000,0.050000,GPU Compute
1307938.011449,4000,d681adae-a2b4-44cd-8616-f8e1e8da12ad,worker_4,worker_4,MEM_MOVE,0.000000,0.000000,"Wipe/Deallocate Layer from Memory [Model: d681adae, Layer: d4975d75]"
1307938.169449,4000,d681adae-a2b4-44cd-8616-f8e1e8da12ad,worker_4,coordinator_0,NET_TRANSFER,0.000100,0.158000,Signal Finished
1309092.008220,4000,d681adae-a2b4-44cd-8616-f8e1e8da12ad,coordinator_0,worker_1,NET_TRANSFER,14.421110,1153.838771,Distribute Layer ID: 7c2793e5
1309092.120885,4000,d681adae-a2b4-44cd-8616-f8e1e8da12ad,worker_1,worker_1,DISK_LOAD,14.421110,0.112665,"Disk -> RAM [Model: d681adae, Layer: 7c2793e5]"
1309092.233550,4000,d681adae-a2b4-44cd-8616-f8e1e8da12ad,worker_1,worker_1,MEM_MOVE,14.421110,0.112665,"RAM -> VRAM [Model: d681adae, Layer: 7c2793e5]"
1309092.283550,4000,d681adae-a2b4-44cd-8616-f8e1e8da12ad,worker_1,worker_1,GPU_COMPUTE,0.050000,0.050000,GPU Compute
1309092.283550,4000,d681adae-a2b4-44cd-8616-f8e1e8da12ad,worker_1,worker_1,MEM_MOVE,0.000000,0.000000,"Wipe/Deallocate Layer from Memory [Model: d681adae, Layer: 7c2793e5]"
1309092.441550,4000,d681adae-a2b4-44cd-8616-f8e1e8da12ad,worker_1,coordinator_0,NET_TRANSFER,0.000100,0.158000,Signal Finished
1309838.655810,4000,d681adae-a2b4-44cd-8616-f8e1e8da12ad,coordinator_0,worker_2,NET_TRANSFER,9.325803,746.214260,Distribute Layer ID: 65518d5c
1309838.728668,4000,d681adae-a2b4-44cd-8616-f8e1e8da12ad,worker_2,worker_2,DISK_LOAD,9.325803,0.072858,"Disk -> RAM [Model: d681adae, Layer: 65518d5c]"
1309838.801525,4000,d681adae-a2b4-44cd-8616-f8e1e8da12ad,worker_2,worker_2,MEM_MOVE,9.325803,0.072858,"RAM -> VRAM [Model: d681adae, Layer: 65518d5c]"
1309838.851525,4000,d681adae-a2b4-44cd-8616-f8e1e8da12ad,worker_2,worker_2,GPU_COMPUTE,0.050000,0.050000,GPU Compute
1309838.851525,4000,d681adae-a2b4-44cd-8616-f8e1e8da12ad,worker_2,worker_2,MEM_MOVE,0.000000,0.000000,"Wipe/Deallocate Layer from Memory [Model: d681adae, Layer: 65518d5c]"
1309839.009525,4000,d681adae-a2b4-44cd-8616-f8e1e8da12ad,worker_2,coordinator_0,NET_TRANSFER,0.000100,0.158000,Signal Finished
1310607.406728,4000,d681adae-a2b4-44cd-8616-f8e1e8da12ad,coordinator_0,worker_3,NET_TRANSFER,9.603090,768.397202,Distribute Layer ID: 404a8966
1310607.481752,4000,d681adae-a2b4-44cd-8616-f8e1e8da12ad,worker_3,worker_3,DISK_LOAD,9.603090,0.075024,"Disk -> RAM [Model: d681adae, Layer: 404a8966]"
1310607.556776,4000,d681adae-a2b4-44cd-8616-f8e1e8da12ad,worker_3,worker_3,MEM_MOVE,9.603090,0.075024,"RAM -> VRAM [Model: d681adae, Layer: 404a8966]"
1310607.606776,4000,d681adae-a2b4-44cd-8616-f8e1e8da12ad,worker_3,worker_3,GPU_COMPUTE,0.050000,0.050000,GPU Compute
1310607.606776,4000,d681adae-a2b4-44cd-8616-f8e1e8da12ad,worker_3,worker_3,MEM_MOVE,0.000000,0.000000,"Wipe/Deallocate Layer from Memory [Model: d681adae, Layer: 404a8966]"
1310607.764776,4000,d681adae-a2b4-44cd-8616-f8e1e8da12ad,worker_3,coordinator_0,NET_TRANSFER,0.000100,0.158000,Signal Finished
1311131.267847,4000,d681adae-a2b4-44cd-8616-f8e1e8da12ad,coordinator_0,worker_4,NET_TRANSFER,6.541913,523.503070,Distribute Layer ID: 8d9899a7
1311131.318955,4000,d681adae-a2b4-44cd-8616-f8e1e8da12ad,worker_4,worker_4,DISK_LOAD,6.541913,0.051109,"Disk -> RAM [Model: d681adae, Layer: 8d9899a7]"
1311131.370064,4000,d681adae-a2b4-44cd-8616-f8e1e8da12ad,worker_4,worker_4,MEM_MOVE,6.541913,0.051109,"RAM -> VRAM [Model: d681adae, Layer: 8d9899a7]"
1311131.420064,4000,d681adae-a2b4-44cd-8616-f8e1e8da12ad,worker_4,worker_4,GPU_COMPUTE,0.050000,0.050000,GPU Compute
1311131.420064,4000,d681adae-a2b4-44cd-8616-f8e1e8da12ad,worker_4,worker_4,MEM_MOVE,0.000000,0.000000,"Wipe/Deallocate Layer from Memory [Model: d681adae, Layer: 8d9899a7]"
1311131.578064,4000,d681adae-a2b4-44cd-8616-f8e1e8da12ad,worker_4,coordinator_0,NET_TRANSFER,0.000100,0.158000,Signal Finished
1311923.679595,4000,d681adae-a2b4-44cd-8616-f8e1e8da12ad,coordinator_0,worker_1,NET_TRANSFER,9.899394,792.101531,Distribute Layer ID: a5f79d72
1311923.756934,4000,d681adae-a2b4-44cd-8616-f8e1e8da12ad,worker_1,worker_1,DISK_LOAD,9.899394,0.077339,"Disk -> RAM [Model: d681adae, Layer: a5f79d72]"
1311923.834273,4000,d681adae-a2b4-44cd-8616-f8e1e8da12ad,worker_1,worker_1,MEM_MOVE,9.899394,0.077339,"RAM -> VRAM [Model: d681adae, Layer: a5f79d72]"
1311923.884273,4000,d681adae-a2b4-44cd-8616-f8e1e8da12ad,worker_1,worker_1,GPU_COMPUTE,0.050000,0.050000,GPU Compute
1311923.884273,4000,d681adae-a2b4-44cd-8616-f8e1e8da12ad,worker_1,worker_1,MEM_MOVE,0.000000,0.000000,"Wipe/Deallocate Layer from Memory [Model: d681adae, Layer: a5f79d72]"
1311924.042273,4000,d681adae-a2b4-44cd-8616-f8e1e8da12ad,worker_1,coordinator_0,NET_TRANSFER,0.000100,0.158000,Signal Finished
1311924.200273,8013,54f520b0-39a9-4b3f-8c68-ef80c338608e,client_8,coordinator_0,NET_TRANSFER,0.000100,0.158000,Request Model ID
1311924.358273,8001,d681adae-a2b4-44cd-8616-f8e1e8da12ad,coordinator_0,worker_1,NET_TRANSFER,0.000100,0.158000,Poll: Check Layer Cache
1311924.516273,8001,d681adae-a2b4-44cd-8616-f8e1e8da12ad,worker_1,coordinator_0,NET_TRANSFER,0.000100,0.158000,Poll: Cache Status Reply
1312615.033702,6000,6866045f-7c20-413e-969a-49cc562754e6,coordinator_0,worker_1,NET_TRANSFER,8.629593,690.517429,Distribute Layer ID: 2fb7bccd
1312615.101121,6000,6866045f-7c20-413e-969a-49cc562754e6,worker_1,worker_1,DISK_LOAD,8.629593,0.067419,"Disk -> RAM [Model: 6866045f, Layer: 2fb7bccd]"
1312615.168540,6000,6866045f-7c20-413e-969a-49cc562754e6,worker_1,worker_1,MEM_MOVE,8.629593,0.067419,"RAM -> VRAM [Model: 6866045f, Layer: 2fb7bccd]"
1312615.218540,6000,6866045f-7c20-413e-969a-49cc562754e6,worker_1,worker_1,GPU_COMPUTE,0.050000,0.050000,GPU Compute
1312615.218540,6000,6866045f-7c20-413e-969a-49cc562754e6,worker_1,worker_1,MEM_MOVE,0.000000,0.000000,"Wipe/Deallocate Layer from Memory [Model: 6866045f, Layer: 2fb7bccd]"
1312615.376540,4001,67082293-a0a0-42d4-8cf9-d0ef7b49af34,coordinator_0,client_4,NET_TRANSFER,0.000100,0.158000,Signal: Cache Miss / Request Weights
1349787.190680,4001,67082293-a0a0-42d4-8cf9-d0ef7b49af34,client_4,coordinator_0,NET_TRANSFER,464.645802,37171.814140,Upload Model Weights
1349787.348680,7001,67082293-a0a0-42d4-8cf9-d0ef7b49af34,coordinator_0,client_7,NET_TRANSFER,0.000100,0.158000,Signal: Cache Miss / Request Weights
1349787.506680,8001,d681adae-a2b4-44cd-8616-f8e1e8da12ad,coordinator_0,client_8,NET_TRANSFER,0.000100,0.158000,Signal: Cache Miss / Request Weights
1393539.505800,8001,d681adae-a2b4-44cd-8616-f8e1e8da12ad,client_8,coordinator_0,NET_TRANSFER,546.898114,43751.999120,Upload Model Weights
1393539.663800,5001,8f8d56cf-a64d-4894-ad63-cc75da090995,coordinator_0,client_5,NET_TRANSFER,0.000100,0.158000,Signal: Cache Miss / Request Weights
1432456.224544,5001,8f8d56cf-a64d-4894-ad63-cc75da090995,client_5,coordinator_0,NET_TRANSFER,486.455134,38916.560743,Upload Model Weights
1432456.382544,6000,6866045f-7c20-413e-969a-49cc562754e6,worker_1,coordinator_0,NET_TRANSFER,0.000100,0.158000,Signal Finished
1433535.283195,6000,6866045f-7c20-413e-969a-49cc562754e6,coordinator_0,worker_2,NET_TRANSFER,13.484383,1078.900651,Distribute Layer ID: 2ebd90b2
1433535.388542,6000,6866045f-7c20-413e-969a-49cc562754e6,worker_2,worker_2,DISK_LOAD,13.484383,0.105347,"Disk -> RAM [Model: 6866045f, Layer: 2ebd90b2]"
1433535.493888,6000,6866045f-7c20-413e-969a-49cc562754e6,worker_2,worker_2,MEM_MOVE,13.484383,0.105347,"RAM -> VRAM [Model: 6866045f, Layer: 2ebd90b2]"
1433535.543888,6000,6866045f-7c20-413e-969a-49cc562754e6,worker_2,worker_2,GPU_COMPUTE,0.050000,0.050000,GPU Compute
1433535.543888,6000,6866045f-7c20-413e-969a-49cc562754e6,worker_2,worker_2,MEM_MOVE,0.000000,0.000000,"Wipe/Deallocate Layer from Memory [Model: 6866045f, Layer: 2ebd90b2]"
1433535.701888,6000,6866045f-7c20-413e-969a-49cc562754e6,worker_2,coordinator_0,NET_TRANSFER,0.000100,0.158000,Signal Finished
1434274.010264,6000,6866045f-7c20-413e-969a-49cc562754e6,coordinator_0,worker_3,NET_TRANSFER,9.226980,738.308375,Distribute Layer ID: 0678bddd
1434274.082349,6000,6866045f-7c20-413e-969a-49cc562754e6,worker_3,worker_3,DISK_LOAD,9.226980,0.072086,"Disk -> RAM [Model: 6866045f, Layer: 0678bddd]"
1434274.154435,6000,6866045f-7c20-413e-969a-49cc562754e6,worker_3,worker_3,MEM_MOVE,9.226980,0.072086,"RAM -> VRAM [Model: 6866045f, Layer: 0678bddd]"
1434274.204435,6000,6866045f-7c20-413e-969a-49cc562754e6,worker_3,worker_3,GPU_COMPUTE,0.050000,0.050000,GPU Compute
1434274.204435,6000,6866045f-7c20-413e-969a-49cc562754e6,worker_3,worker_3,MEM_MOVE,0.000000,0.000000,"Wipe/Deallocate Layer from Memory [Model: 6866045f, Layer: 0678bddd]"
1434274.362435,6000,6866045f-7c20-413e-969a-49cc562754e6,worker_3,coordinator_0,NET_TRANSFER,0.000100,0.158000,Signal Finished
1434831.081812,6000,6866045f-7c20-413e-969a-49cc562754e6,coordinator_0,worker_4,NET_TRANSFER,6.957117,556.719376,Distribute Layer ID: 229e3a83
1434831.136164,6000,6866045f-7c20-413e-969a-49cc562754e6,worker_4,worker_4,DISK_LOAD,6.957117,0.054352,"Disk -> RAM [Model: 6866045f, Layer: 229e3a83]"
1434831.190516,6000,6866045f-7c20-413e-969a-49cc562754e6,worker_4,worker_4,MEM_MOVE,6.957117,0.054352,"RAM -> VRAM [Model: 6866045f, Layer: 229e3a83]"
1434831.240516,6000,6866045f-7c20-413e-969a-49cc562754e6,worker_4,worker_4,GPU_COMPUTE,0.050000,0.050000,GPU Compute
1434831.240516,6000,6866045f-7c20-413e-969a-49cc562754e6,worker_4,worker_4,MEM_MOVE,0.000000,0.000000,"Wipe/Deallocate Layer from Memory [Model: 6866045f, Layer: 229e3a83]"
1434831.398516,6000,6866045f-7c20-413e-969a-49cc562754e6,worker_4,coordinator_0,NET_TRANSFER,0.000100,0.158000,Signal Finished
1435972.020557,6000,6866045f-7c20-413e-969a-49cc562754e6,coordinator_0,worker_1,NET_TRANSFER,14.255901,1140.622040,Distribute Layer ID: 0cdb3f64
1435972.131931,6000,6866045f-7c20-413e-969a-49cc562754e6,worker_1,worker_1,DISK_LOAD,14.255901,0.111374,"Disk -> RAM [Model: 6866045f, Layer: 0cdb3f64]"
1435972.243305,6000,6866045f-7c20-413e-969a-49cc562754e6,worker_1,worker_1,MEM_MOVE,14.255901,0.111374,"RAM -> VRAM [Model: 6866045f, Layer: 0cdb3f64]"
1435972.293305,6000,6866045f-7c20-413e-969a-49cc562754e6,worker_1,worker_1,GPU_COMPUTE,0.050000,0.050000,GPU Compute
1435972.293305,6000,6866045f-7c20-413e-969a-49cc562754e6,worker_1,worker_1,MEM_MOVE,0.000000,0.000000,"Wipe/Deallocate Layer from Memory [Model: 6866045f, Layer: 0cdb3f64]"
1435972.451305,6000,6866045f-7c20-413e-969a-49cc562754e6,worker_1,coordinator_0,NET_TRANSFER,0.000100,0.158000,Signal Finished
1436602.881612,6000,6866045f-7c20-413e-969a-49cc562754e6,coordinator_0,worker_2,NET_TRANSFER,7.878504,630.430307,Distribute Layer ID: 0c61a979
1436602.943162,6000,6866045f-7c20-413e-969a-49cc562754e6,worker_2,worker_2,DISK_LOAD,7.878504,0.061551,"Disk -> RAM [Model: 6866045f, Layer: 0c61a979]"
1436603.004713,6000,6866045f-7c20-413e-969a-49cc562754e6,worker_2,worker_2,MEM_MOVE,7.878504,0.061551,"RAM -> VRAM [Model: 6866045f, Layer: 0c61a979]"
1436603.054713,6000,6866045f-7c20-413e-969a-49cc562754e6,worker_2,worker_2,GPU_COMPUTE,0.050000,0.050000,GPU Compute
1436603.054713,6000,6866045f-7c20-413e-969a-49cc562754e6,worker_2,worker_2,MEM_MOVE,0.000000,0.000000,"Wipe/Deallocate Layer from Memory [Model: 6866045f, Layer: 0c61a979]"
1436603.212713,6000,6866045f-7c20-413e-969a-49cc562754e6,worker_2,coordinator_0,NET_TRANSFER,0.000100,0.158000,Signal Finished
1437524.622691,6000,6866045f-7c20-413e-969a-49cc562754e6,coordinator_0,worker_3,NET_TRANSFER,11.515750,921.409978,Distribute Layer ID: 0cc1cdbc
1437524.712658,6000,6866045f-7c20-413e-969a-49cc562754e6,worker_3,worker_3,DISK_LOAD,11.515750,0.089967,"Disk -> RAM [Model: 6866045f, Layer: 0cc1cdbc]"
1437524.802624,6000,6866045f-7c20-413e-969a-49cc562754e6,worker_3,worker_3,MEM_MOVE,11.515750,0.089967,"RAM -> VRAM [Model: 6866045f, Layer: 0cc1cdbc]"
1437524.852624,6000,6866045f-7c20-413e-969a-49cc562754e6,worker_3,worker_3,GPU_COMPUTE,0.050000,0.050000,GPU Compute
1437524.852624,6000,6866045f-7c20-413e-969a-49cc562754e6,worker_3,worker_3,MEM_MOVE,0.000000,0.000000,"Wipe/Deallocate Layer from Memory [Model: 6866045f, Layer: 0cc1cdbc]"
1437525.010624,6014,83f6b24d-e2c0-4816-aadf-23dfab68d109,client_6,coordinator_0,NET_TRANSFER,0.000100,0.158000,Request Model ID
1437525.168624,2013,d681adae-a2b4-44cd-8616-f8e1e8da12ad,client_2,coordinator_0,NET_TRANSFER,0.000100,0.158000,Request Model ID
1437525.326624,6001,3c75fe70-4ef7-47df-ba06-905342d3e385,coordinator_0,client_6,NET_TRANSFER,0.000100,0.158000,Signal: Cache Miss / Request Weights
1437525.484624,1013,e29625e7-302b-454c-89b9-d52cfcd03863,client_1,coordinator_0,NET_TRANSFER,0.000100,0.158000,Request Model ID
1437525.642624,6001,c63195df-94aa-4094-99e3-c6a0cd83a683,coordinator_0,client_6,NET_TRANSFER,0.000100,0.158000,Signal: Cache Miss / Request Weights
1481845.330063,6001,c63195df-94aa-4094-99e3-c6a0cd83a683,client_6,coordinator_0,NET_TRANSFER,553.994218,44319.687438,Upload Model Weights
1481845.488063,7001,6724fe5b-01f4-4d88-8014-0377674aee20,coordinator_0,client_7,NET_TRANSFER,0.000100,0.158000,Signal: Cache Miss / Request Weights
1481845.646063,8001,a28e3970-da86-45fa-affc-65dcd0558159,coordinator_0,client_8,NET_TRANSFER,0.000100,0.158000,Signal: Cache Miss / Request Weights
1518722.689477,7001,6724fe5b-01f4-4d88-8014-0377674aee20,client_7,coordinator_0,NET_TRANSFER,460.961168,36877.043414,Upload Model Weights
1558038.844430,8001,a28e3970-da86-45fa-affc-65dcd0558159,client_8,coordinator_0,NET_TRANSFER,491.450062,39316.154953,Upload Model Weights
1595210.658570,7001,67082293-a0a0-42d4-8cf9-d0ef7b49af34,client_7,coordinator_0,NET_TRANSFER,464.645802,37171.814140,Upload Model Weights
1595210.816570,6000,6866045f-7c20-413e-969a-49cc562754e6,worker_3,coordinator_0,NET_TRANSFER,0.000100,0.158000,Signal Finished
1595836.766289,6000,6866045f-7c20-413e-969a-49cc562754e6,coordinator_0,worker_4,NET_TRANSFER,7.822496,625.949719,Distribute Layer ID: 96992463
1595836.827402,6000,6866045f-7c20-413e-969a-49cc562754e6,worker_4,worker_4,DISK_LOAD,7.822496,0.061113,"Disk -> RAM [Model: 6866045f, Layer: 96992463]"
1595836.888515,6000,6866045f-7c20-413e-969a-49cc562754e6,worker_4,worker_4,MEM_MOVE,7.822496,0.061113,"RAM -> VRAM [Model: 6866045f, Layer: 96992463]"
1595836.938515,6000,6866045f-7c20-413e-969a-49cc562754e6,worker_4,worker_4,GPU_COMPUTE,0.050000,0.050000,GPU Compute
1595836.938515,6000,6866045f-7c20-413e-969a-49cc562754e6,worker_4,worker_4,MEM_MOVE,0.000000,0.000000,"Wipe/Deallocate Layer from Memory [Model: 6866045f, Layer: 96992463]"
1595837.096515,6000,6866045f-7c20-413e-969a-49cc562754e6,worker_4,coordinator_0,NET_TRANSFER,0.000100,0.158000,Signal Finished
1596380.288536,6000,6866045f-7c20-413e-969a-49cc562754e6,coordinator_0,worker_1,NET_TRANSFER,6.788025,543.192021,Distribute Layer ID: 579d4d55
1596380.341568,6000,6866045f-7c20-413e-969a-49cc562754e6,worker_1,worker_1,DISK_LOAD,6.788025,0.053031,"Disk -> RAM [Model: 6866045f, Layer: 579d4d55]"
1596380.394599,6000,6866045f-7c20-413e-969a-49cc562754e6,worker_1,worker_1,MEM_MOVE,6.788025,0.053031,"RAM -> VRAM [Model: 6866045f, Layer: 579d4d55]"
1596380.444599,6000,6866045f-7c20-413e-969a-49cc562754e6,worker_1,worker_1,GPU_COMPUTE,0.050000,0.050000,GPU Compute
1596380.444599,6000,6866045f-7c20-413e-969a-49cc562754e6,worker_1,worker_1,MEM_MOVE,0.000000,0.000000,"Wipe/Deallocate Layer from Memory [Model: 6866045f, Layer: 579d4d55]"
1596380.602599,6000,6866045f-7c20-413e-969a-49cc562754e6,worker_1,coordinator_0,NET_TRANSFER,0.000100,0.158000,Signal Finished
1597205.615911,6000,6866045f-7c20-413e-969a-49cc562754e6,coordinator_0,worker_2,NET_TRANSFER,10.310791,825.013312,Distribute Layer ID: 3e1fa5d9
1597205.696464,6000,6866045f-7c20-413e-969a-49cc562754e6,worker_2,worker_2,DISK_LOAD,10.310791,0.080553,"Disk -> RAM [Model: 6866045f, Layer: 3e1fa5d9]"
1597205.777017,6000,6866045f-7c20-413e-969a-49cc562754e6,worker_2,worker_2,MEM_MOVE,10.310791,0.080553,"RAM -> VRAM [Model: 6866045f, Layer: 3e1fa5d9]"
1597205.827017,6000,6866045f-7c20-413e-969a-49cc562754e6,worker_2,worker_2,GPU_COMPUTE,0.050000,0.050000,GPU Compute
1597205.827017,6000,6866045f-7c20-413e-969a-49cc562754e6,worker_2,worker_2,MEM_MOVE,0.000000,0.000000,"Wipe/Deallocate Layer from Memory [Model: 6866045f, Layer: 3e1fa5d9]"
1597205.985017,6000,6866045f-7c20-413e-969a-49cc562754e6,worker_2,coordinator_0,NET_TRANSFER,0.000100,0.158000,Signal Finished
1597993.464635,6000,6866045f-7c20-413e-969a-49cc562754e6,coordinator_0,worker_3,NET_TRANSFER,9.841620,787.479617,Distribute Layer ID: 97212fda
1597993.541522,6000,6866045f-7c20-413e-969a-49cc562754e6,worker_3,worker_3,DISK_LOAD,9.841620,0.076888,"Disk -> RAM [Model: 6866045f, Layer: 97212fda]"
1597993.618410,6000,6866045f-7c20-413e-969a-49cc562754e6,worker_3,worker_3,MEM_MOVE,9.841620,0.076888,"RAM -> VRAM [Model: 6866045f, Layer: 97212fda]"
1597993.668410,6000,6866045f-7c20-413e-969a-49cc562754e6,worker_3,worker_3,GPU_COMPUTE,0.050000,0.050000,GPU Compute
1597993.668410,6000,6866045f-7c20-413e-969a-49cc562754e6,worker_3,worker_3,MEM_MOVE,0.000000,0.000000,"Wipe/Deallocate Layer from Memory [Model: 6866045f, Layer: 97212fda]"
1597993.826410,6000,6866045f-7c20-413e-969a-49cc562754e6,worker_3,coordinator_0,NET_TRANSFER,0.000100,0.158000,Signal Finished
1598362.586961,6000,6866045f-7c20-413e-969a-49cc562754e6,coordinator_0,worker_4,NET_TRANSFER,4.607632,368.760552,Distribute Layer ID: 21df31bd
1598362.622959,6000,6866045f-7c20-413e-969a-49cc562754e6,worker_4,worker_4,DISK_LOAD,4.607632,0.035997,"Disk -> RAM [Model: 6866045f, Layer: 21df31bd]"
1598362.658956,6000,6866045f-7c20-413e-969a-49cc562754e6,worker_4,worker_4,MEM_MOVE,4.607632,0.035997,"RAM -> VRAM [Model: 6866045f, Layer: 21df31bd]"
1598362.708956,6000,6866045f-7c20-413e-969a-49cc562754e6,worker_4,worker_4,GPU_COMPUTE,0.050000,0.050000,GPU Compute
1598362.708956,6000,6866045f-7c20-413e-969a-49cc562754e6,worker_4,worker_4,MEM_MOVE,0.000000,0.000000,"Wipe/Deallocate Layer from Memory [Model: 6866045f, Layer: 21df31bd]"
1598362.866956,6000,6866045f-7c20-413e-969a-49cc562754e6,worker_4,coordinator_0,NET_TRANSFER,0.000100,0.158000,Signal Finished
1599521.049086,6000,6866045f-7c20-413e-969a-49cc562754e6,coordinator_0,worker_1,NET_TRANSFER,14.475402,1158.182131,Distribute Layer ID: fbcdd47e
1599521.162175,6000,6866045f-7c20-413e-969a-49cc562754e6,worker_1,worker_1,DISK_LOAD,14.475402,0.113089,"Disk -> RAM [Model: 6866045f, Layer: fbcdd47e]"
1599521.275265,6000,6866045f-7c20-413e-969a-49cc562754e6,worker_1,worker_1,MEM_MOVE,14.475402,0.113089,"RAM -> VRAM [Model: 6866045f, Layer: fbcdd47e]"
1599521.325265,6000,6866045f-7c20-413e-969a-49cc562754e6,worker_1,worker_1,GPU_COMPUTE,0.050000,0.050000,GPU Compute
1599521.325265,6000,6866045f-7c20-413e-969a-49cc562754e6,worker_1,worker_1,MEM_MOVE,0.000000,0.000000,"Wipe/Deallocate Layer from Memory [Model: 6866045f, Layer: fbcdd47e]"
1599521.483265,6000,6866045f-7c20-413e-969a-49cc562754e6,worker_1,coordinator_0,NET_TRANSFER,0.000100,0.158000,Signal Finished
1600223.819666,6000,6866045f-7c20-413e-969a-49cc562754e6,coordinator_0,worker_2,NET_TRANSFER,8.777330,702.336401,Distribute Layer ID: 3033dc58
1600223.888239,6000,6866045f-7c20-413e-969a-49cc562754e6,worker_2,worker_2,DISK_LOAD,8.777330,0.068573,"Disk -> RAM [Model: 6866045f, Layer: 3033dc58]"
1600223.956812,6000,6866045f-7c20-413e-969a-49cc562754e6,worker_2,worker_2,MEM_MOVE,8.777330,0.068573,"RAM -> VRAM [Model: 6866045f, Layer: 3033dc58]"
1600224.006812,6000,6866045f-7c20-413e-969a-49cc562754e6,worker_2,worker_2,GPU_COMPUTE,0.050000,0.050000,GPU Compute
1600224.006812,6000,6866045f-7c20-413e-969a-49cc562754e6,worker_2,worker_2,MEM_MOVE,0.000000,0.000000,"Wipe/Deallocate Layer from Memory [Model: 6866045f, Layer: 3033dc58]"
1600224.164812,6000,6866045f-7c20-413e-969a-49cc562754e6,worker_2,coordinator_0,NET_TRANSFER,0.000100,0.158000,Signal Finished
1600621.122386,6000,6866045f-7c20-413e-969a-49cc562754e6,coordinator_0,worker_3,NET_TRANSFER,4.960095,396.957574,Distribute Layer ID: d4c3cf49
1600621.161136,6000,6866045f-7c20-413e-969a-49cc562754e6,worker_3,worker_3,DISK_LOAD,4.960095,0.038751,"Disk -> RAM [Model: 6866045f, Layer: d4c3cf49]"
1600621.199887,6000,6866045f-7c20-413e-969a-49cc562754e6,worker_3,worker_3,MEM_MOVE,4.960095,0.038751,"RAM -> VRAM [Model: 6866045f, Layer: d4c3cf49]"
1600621.249887,6000,6866045f-7c20-413e-969a-49cc562754e6,worker_3,worker_3,GPU_COMPUTE,0.050000,0.050000,GPU Compute
1600621.249887,6000,6866045f-7c20-413e-969a-49cc562754e6,worker_3,worker_3,MEM_MOVE,0.000000,0.000000,"Wipe/Deallocate Layer from Memory [Model: 6866045f, Layer: d4c3cf49]"
1600621.407887,6000,6866045f-7c20-413e-969a-49cc562754e6,worker_3,coordinator_0,NET_TRANSFER,0.000100,0.158000,Signal Finished
1601266.173494,6000,6866045f-7c20-413e-969a-49cc562754e6,coordinator_0,worker_4,NET_TRANSFER,8.057695,644.765607,Distribute Layer ID: c3122285
1601266.236445,6000,6866045f-7c20-413e-969a-49cc562754e6,worker_4,worker_4,DISK_LOAD,8.057695,0.062951,"Disk -> RAM [Model: 6866045f, Layer: c3122285]"
1601266.299396,6000,6866045f-7c20-413e-969a-49cc562754e6,worker_4,worker_4,MEM_MOVE,8.057695,0.062951,"RAM -> VRAM [Model: 6866045f, Layer: c3122285]"
1601266.349396,6000,6866045f-7c20-413e-969a-49cc562754e6,worker_4,worker_4,GPU_COMPUTE,0.050000,0.050000,GPU Compute
1601266.349396,6000,6866045f-7c20-413e-969a-49cc562754e6,worker_4,worker_4,MEM_MOVE,0.000000,0.000000,"Wipe/Deallocate Layer from Memory [Model: 6866045f, Layer: c3122285]"
1601266.507396,6000,6866045f-7c20-413e-969a-49cc562754e6,worker_4,coordinator_0,NET_TRANSFER,0.000100,0.158000,Signal Finished
1602029.357741,6000,6866045f-7c20-413e-969a-49cc562754e6,coordinator_0,worker_1,NET_TRANSFER,9.533754,762.850345,Distribute Layer ID: d64dc441
1602029.432223,6000,6866045f-7c20-413e-969a-49cc562754e6,worker_1,worker_1,DISK_LOAD,9.533754,0.074482,"Disk -> RAM [Model: 6866045f, Layer: d64dc441]"
1602029.506706,6000,6866045f-7c20-413e-969a-49cc562754e6,worker_1,worker_1,MEM_MOVE,9.533754,0.074482,"RAM -> VRAM [Model: 6866045f, Layer: d64dc441]"
1602029.556706,6000,6866045f-7c20-413e-969a-49cc562754e6,worker_1,worker_1,GPU_COMPUTE,0.050000,0.050000,GPU Compute
1602029.556706,6000,6866045f-7c20-413e-969a-49cc562754e6,worker_1,worker_1,MEM_MOVE,0.000000,0.000000,"Wipe/Deallocate Layer from Memory [Model: 6866045f, Layer: d64dc441]"
1602029.714706,6000,6866045f-7c20-413e-969a-49cc562754e6,worker_1,coordinator_0,NET_TRANSFER,0.000100,0.158000,Signal Finished
1602871.626387,6000,6866045f-7c20-413e-969a-49cc562754e6,coordinator_0,worker_2,NET_TRANSFER,10.522021,841.911682,Distribute Layer ID: 24d890ac
1602871.708591,6000,6866045f-7c20-413e-969a-49cc562754e6,worker_2,worker_2,DISK_LOAD,10.522021,0.082203,"Disk -> RAM [Model: 6866045f, Layer: 24d890ac]"
1602871.790794,6000,6866045f-7c20-413e-969a-49cc562754e6,worker_2,worker_2,MEM_MOVE,10.522021,0.082203,"RAM -> VRAM [Model: 6866045f, Layer: 24d890ac]"
1602871.840794,6000,6866045f-7c20-413e-969a-49cc562754e6,worker_2,worker_2,GPU_COMPUTE,0.050000,0.050000,GPU Compute
1602871.840794,6000,6866045f-7c20-413e-969a-49cc562754e6,worker_2,worker_2,MEM_MOVE,0.000000,0.000000,"Wipe/Deallocate Layer from Memory [Model: 6866045f, Layer: 24d890ac]"
1602871.998794,6000,6866045f-7c20-413e-969a-49cc562754e6,worker_2,coordinator_0,NET_TRANSFER,0.000100,0.158000,Signal Finished
1603647.341917,6000,6866045f-7c20-413e-969a-49cc562754e6,coordinator_0,worker_3,NET_TRANSFER,9.689914,775.343123,Distribute Layer ID: fdc43347
1603647.417620,6000,6866045f-7c20-413e-969a-49cc562754e6,worker_3,worker_3,DISK_LOAD,9.689914,0.075702,"Disk -> RAM [Model: 6866045f, Layer: fdc43347]"
1603647.493322,6000,6866045f-7c20-413e-969a-49cc562754e6,worker_3,worker_3,MEM_MOVE,9.689914,0.075702,"RAM -> VRAM [Model: 6866045f, Layer: fdc43347]"
1603647.543322,6000,6866045f-7c20-413e-969a-49cc562754e6,worker_3,worker_3,GPU_COMPUTE,0.050000,0.050000,GPU Compute
1603647.543322,6000,6866045f-7c20-413e-969a-49cc562754e6,worker_3,worker_3,MEM_MOVE,0.000000,0.000000,"Wipe/Deallocate Layer from Memory [Model: 6866045f, Layer: fdc43347]"
1603647.701322,6000,6866045f-7c20-413e-969a-49cc562754e6,worker_3,coordinator_0,NET_TRANSFER,0.000100,0.158000,Signal Finished
1604697.625991,6000,6866045f-7c20-413e-969a-49cc562754e6,coordinator_0,worker_4,NET_TRANSFER,13.122183,1049.924669,Distribute Layer ID: 709f4548
1604697.783991,6014,a79d6eab-63d5-456d-acd6-efea895af322,client_6,coordinator_0,NET_TRANSFER,0.000100,0.158000,Request Model ID
1604697.886508,6000,6866045f-7c20-413e-969a-49cc562754e6,worker_4,worker_4,DISK_LOAD,13.122183,0.102517,"Disk -> RAM [Model: 6866045f, Layer: 709f4548]"
1604697.989025,6000,6866045f-7c20-413e-969a-49cc562754e6,worker_4,worker_4,MEM_MOVE,13.122183,0.102517,"RAM -> VRAM [Model: 6866045f, Layer: 709f4548]"
1604698.039025,6000,6866045f-7c20-413e-969a-49cc562754e6,worker_4,worker_4,GPU_COMPUTE,0.050000,0.050000,GPU Compute
1604698.039025,6000,6866045f-7c20-413e-969a-49cc562754e6,worker_4,worker_4,MEM_MOVE,0.000000,0.000000,"Wipe/Deallocate Layer from Memory [Model: 6866045f, Layer: 709f4548]"
1604698.197025,6000,6866045f-7c20-413e-969a-49cc562754e6,worker_4,coordinator_0,NET_TRANSFER,0.000100,0.158000,Signal Finished
1605530.288479,6000,6866045f-7c20-413e-969a-49cc562754e6,coordinator_0,worker_1,NET_TRANSFER,10.399268,832.091454,Distribute Layer ID: 43ffda99
1605530.369723,6000,6866045f-7c20-413e-969a-49cc562754e6,worker_1,worker_1,DISK_LOAD,10.399268,0.081244,"Disk -> RAM [Model: 6866045f, Layer: 43ffda99]"
1605530.450967,6000,6866045f-7c20-413e-969a-49cc562754e6,worker_1,worker_1,MEM_MOVE,10.399268,0.081244,"RAM -> VRAM [Model: 6866045f, Layer: 43ffda99]"
1605530.500967,6000,6866045f-7c20-413e-969a-49cc562754e6,worker_1,worker_1,GPU_COMPUTE,0.050000,0.050000,GPU Compute
1605530.500967,6000,6866045f-7c20-413e-969a-49cc562754e6,worker_1,worker_1,MEM_MOVE,0.000000,0.000000,"Wipe/Deallocate Layer from Memory [Model: 6866045f, Layer: 43ffda99]"
1605530.658967,6000,6866045f-7c20-413e-969a-49cc562754e6,worker_1,coordinator_0,NET_TRANSFER,0.000100,0.158000,Signal Finished
1606200.116994,6000,6866045f-7c20-413e-969a-49cc562754e6,coordinator_0,worker_2,NET_TRANSFER,8.366350,669.458027,Distribute Layer ID: aaf6ac70
1606200.182357,6000,6866045f-7c20-413e-969a-49cc562754e6,worker_2,worker_2,DISK_LOAD,8.366350,0.065362,"Disk -> RAM [Model: 6866045f, Layer: aaf6ac70]"
1606200.247719,6000,6866045f-7c20-413e-969a-49cc562754e6,worker_2,worker_2,MEM_MOVE,8.366350,0.065362,"RAM -> VRAM [Model: 6866045f, Layer: aaf6ac70]"
1606200.297719,6000,6866045f-7c20-413e-969a-49cc562754e6,worker_2,worker_2,GPU_COMPUTE,0.050000,0.050000,GPU Compute
1606200.297719,6000,6866045f-7c20-413e-969a-49cc562754e6,worker_2,worker_2,MEM_MOVE,0.000000,0.000000,"Wipe/Deallocate Layer from Memory [Model: 6866045f, Layer: aaf6ac70]"
1606200.455719,6000,6866045f-7c20-413e-969a-49cc562754e6,worker_2,coordinator_0,NET_TRANSFER,0.000100,0.158000,Signal Finished
1607191.707827,6000,6866045f-7c20-413e-969a-49cc562754e6,coordinator_0,worker_3,NET_TRANSFER,12.388776,991.252109,Distribute Layer ID: f61f2777
1607191.804615,6000,6866045f-7c20-413e-969a-49cc562754e6,worker_3,worker_3,DISK_LOAD,12.388776,0.096787,"Disk -> RAM [Model: 6866045f, Layer: f61f2777]"
1607191.901402,6000,6866045f-7c20-413e-969a-49cc562754e6,worker_3,worker_3,MEM_MOVE,12.388776,0.096787,"RAM -> VRAM [Model: 6866045f, Layer: f61f2777]"
1607191.951402,6000,6866045f-7c20-413e-969a-49cc562754e6,worker_3,worker_3,GPU_COMPUTE,0.050000,0.050000,GPU Compute
1607191.951402,6000,6866045f-7c20-413e-969a-49cc562754e6,worker_3,worker_3,MEM_MOVE,0.000000,0.000000,"Wipe/Deallocate Layer from Memory [Model: 6866045f, Layer: f61f2777]"
1607192.109402,6000,6866045f-7c20-413e-969a-49cc562754e6,worker_3,coordinator_0,NET_TRANSFER,0.000100,0.158000,Signal Finished
1607617.307356,6000,6866045f-7c20-413e-969a-49cc562754e6,coordinator_0,worker_4,NET_TRANSFER,5.313099,425.197954,Distribute Layer ID: 7d827ca9
1607617.348864,6000,6866045f-7c20-413e-969a-49cc562754e6,worker_4,worker_4,DISK_LOAD,5.313099,0.041509,"Disk -> RAM [Model: 6866045f, Layer: 7d827ca9]"
1607617.390373,6000,6866045f-7c20-413e-969a-49cc562754e6,worker_4,worker_4,MEM_MOVE,5.313099,0.041509,"RAM -> VRAM [Model: 6866045f, Layer: 7d827ca9]"
1607617.440373,6000,6866045f-7c20-413e-969a-49cc562754e6,worker_4,worker_4,GPU_COMPUTE,0.050000,0.050000,GPU Compute
1607617.440373,6000,6866045f-7c20-413e-969a-49cc562754e6,worker_4,worker_4,MEM_MOVE,0.000000,0.000000,"Wipe/Deallocate Layer from Memory [Model: 6866045f, Layer: 7d827ca9]"
1607617.598373,6000,6866045f-7c20-413e-969a-49cc562754e6,worker_4,coordinator_0,NET_TRANSFER,0.000100,0.158000,Signal Finished
1608715.806163,6000,6866045f-7c20-413e-969a-49cc562754e6,coordinator_0,worker_1,NET_TRANSFER,13.725722,1098.207790,Distribute Layer ID: 2054ca11
1608715.913395,6000,6866045f-7c20-413e-969a-49cc562754e6,worker_1,worker_1,DISK_LOAD,13.725722,0.107232,"Disk -> RAM [Model: 6866045f, Layer: 2054ca11]"
1608716.020627,6000,6866045f-7c20-413e-969a-49cc562754e6,worker_1,worker_1,MEM_MOVE,13.725722,0.107232,"RAM -> VRAM [Model: 6866045f, Layer: 2054ca11]"
1608716.070627,6000,6866045f-7c20-413e-969a-49cc562754e6,worker_1,worker_1,GPU_COMPUTE,0.050000,0.050000,GPU Compute
1608716.070627,6000,6866045f-7c20-413e-969a-49cc562754e6,worker_1,worker_1,MEM_MOVE,0.000000,0.000000,"Wipe/Deallocate Layer from Memory [Model: 6866045f, Layer: 2054ca11]"
1608716.228627,6000,6866045f-7c20-413e-969a-49cc562754e6,worker_1,coordinator_0,NET_TRANSFER,0.000100,0.158000,Signal Finished
1609441.296241,6000,6866045f-7c20-413e-969a-49cc562754e6,coordinator_0,worker_2,NET_TRANSFER,9.061470,725.067614,Distribute Layer ID: 988e2f45
1609441.367034,6000,6866045f-7c20-413e-969a-49cc562754e6,worker_2,worker_2,DISK_LOAD,9.061470,0.070793,"Disk -> RAM [Model: 6866045f, Layer: 988e2f45]"
1609441.437827,6000,6866045f-7c20-413e-969a-49cc562754e6,worker_2,worker_2,MEM_MOVE,9.061470,0.070793,"RAM -> VRAM [Model: 6866045f, Layer: 988e2f45]"
1609441.487827,6000,6866045f-7c20-413e-969a-49cc562754e6,worker_2,worker_2,GPU_COMPUTE,0.050000,0.050000,GPU Compute
1609441.487827,6000,6866045f-7c20-413e-969a-49cc562754e6,worker_2,worker_2,MEM_MOVE,0.000000,0.000000,"Wipe/Deallocate Layer from Memory [Model: 6866045f, Layer: 988e2f45]"
1609441.645827,6000,6866045f-7c20-413e-969a-49cc562754e6,worker_2,coordinator_0,NET_TRANSFER,0.000100,0.158000,Signal Finished
1610015.553145,6000,6866045f-7c20-413e-969a-49cc562754e6,coordinator_0,worker_3,NET_TRANSFER,7.171966,573.907319,Distribute Layer ID: bce6c70e
1610015.609176,6000,6866045f-7c20-413e-969a-49cc562754e6,worker_3,worker_3,DISK_LOAD,7.171966,0.056031,"Disk -> RAM [Model: 6866045f, Layer: bce6c70e]"
1610015.665207,6000,6866045f-7c20-413e-969a-49cc562754e6,worker_3,worker_3,MEM_MOVE,7.171966,0.056031,"RAM -> VRAM [Model: 6866045f, Layer: bce6c70e]"
1610015.715207,6000,6866045f-7c20-413e-969a-49cc562754e6,worker_3,worker_3,GPU_COMPUTE,0.050000,0.050000,GPU Compute
1610015.715207,6000,6866045f-7c20-413e-969a-49cc562754e6,worker_3,worker_3,MEM_MOVE,0.000000,0.000000,"Wipe/Deallocate Layer from Memory [Model: 6866045f, Layer: bce6c70e]"
1610015.873207,6000,6866045f-7c20-413e-969a-49cc562754e6,worker_3,coordinator_0,NET_TRANSFER,0.000100,0.158000,Signal Finished
1611069.310650,6000,6866045f-7c20-413e-969a-49cc562754e6,coordinator_0,worker_4,NET_TRANSFER,13.166093,1053.437443,Distribute Layer ID: 77583130
1611069.413510,6000,6866045f-7c20-413e-969a-49cc562754e6,worker_4,worker_4,DISK_LOAD,13.166093,0.102860,"Disk -> RAM [Model: 6866045f, Layer: 77583130]"
1611069.516370,6000,6866045f-7c20-413e-969a-49cc562754e6,worker_4,worker_4,MEM_MOVE,13.166093,0.102860,"RAM -> VRAM [Model: 6866045f, Layer: 77583130]"
1611069.566370,6000,6866045f-7c20-413e-969a-49cc562754e6,worker_4,worker_4,GPU_COMPUTE,0.050000,0.050000,GPU Compute
1611069.566370,6000,6866045f-7c20-413e-969a-49cc562754e6,worker_4,worker_4,MEM_MOVE,0.000000,0.000000,"Wipe/Deallocate Layer from Memory [Model: 6866045f, Layer: 77583130]"
1611069.724370,6000,6866045f-7c20-413e-969a-49cc562754e6,worker_4,coordinator_0,NET_TRANSFER,0.000100,0.158000,Signal Finished
1612051.751950,6000,6866045f-7c20-413e-969a-49cc562754e6,coordinator_0,worker_1,NET_TRANSFER,12.273470,982.027580,Distribute Layer ID: a2380471
1612051.847837,6000,6866045f-7c20-413e-969a-49cc562754e6,worker_1,worker_1,DISK_LOAD,12.273470,0.095886,"Disk -> RAM [Model: 6866045f, Layer: a2380471]"
1612051.943723,6000,6866045f-7c20-413e-969a-49cc562754e6,worker_1,worker_1,MEM_MOVE,12.273470,0.095886,"RAM -> VRAM [Model: 6866045f, Layer: a2380471]"
1612051.993723,6000,6866045f-7c20-413e-969a-49cc562754e6,worker_1,worker_1,GPU_COMPUTE,0.050000,0.050000,GPU Compute
1612051.993723,6000,6866045f-7c20-413e-969a-49cc562754e6,worker_1,worker_1,MEM_MOVE,0.000000,0.000000,"Wipe/Deallocate Layer from Memory [Model: 6866045f, Layer: a2380471]"
1642094.384112,6001,3c75fe70-4ef7-47df-ba06-905342d3e385,client_6,coordinator_0,NET_TRANSFER,375.528005,30042.390389,Upload Model Weights
1642094.542112,6000,6866045f-7c20-413e-969a-49cc562754e6,worker_1,coordinator_0,NET_TRANSFER,0.000100,0.158000,Signal Finished
1642607.101807,6000,6866045f-7c20-413e-969a-49cc562754e6,coordinator_0,worker_2,NET_TRANSFER,6.405121,512.559694,Distribute Layer ID: 62edd7cb
1642607.151847,6000,6866045f-7c20-413e-969a-49cc562754e6,worker_2,worker_2,DISK_LOAD,6.405121,0.050040,"Disk -> RAM [Model: 6866045f, Layer: 62edd7cb]"
1642607.201887,6000,6866045f-7c20-413e-969a-49cc562754e6,worker_2,worker_2,MEM_MOVE,6.405121,0.050040,"RAM -> VRAM [Model: 6866045f, Layer: 62edd7cb]"
1642607.251887,6000,6866045f-7c20-413e-969a-49cc562754e6,worker_2,worker_2,GPU_COMPUTE,0.050000,0.050000,GPU Compute
1642607.251887,6000,6866045f-7c20-413e-969a-49cc562754e6,worker_2,worker_2,MEM_MOVE,0.000000,0.000000,"Wipe/Deallocate Layer from Memory [Model: 6866045f, Layer: 62edd7cb]"
1642607.409887,6000,6866045f-7c20-413e-969a-49cc562754e6,worker_2,coordinator_0,NET_TRANSFER,0.000100,0.158000,Signal Finished
1643049.908385,6000,6866045f-7c20-413e-969a-49cc562754e6,coordinator_0,worker_3,NET_TRANSFER,5.529356,442.498499,Distribute Layer ID: ce814c07
1643049.951583,6000,6866045f-7c20-413e-969a-49cc562754e6,worker_3,worker_3,DISK_LOAD,5.529356,0.043198,"Disk -> RAM [Model: 6866045f, Layer: ce814c07]"
1643049.994782,6000,6866045f-7c20-413e-969a-49cc562754e6,worker_3,worker_3,MEM_MOVE,5.529356,0.043198,"RAM -> VRAM [Model: 6866045f, Layer: ce814c07]"
1643050.044782,6000,6866045f-7c20-413e-969a-49cc562754e6,worker_3,worker_3,GPU_COMPUTE,0.050000,0.050000,GPU Compute
1643050.044782,6000,6866045f-7c20-413e-969a-49cc562754e6,worker_3,worker_3,MEM_MOVE,0.000000,0.000000,"Wipe/Deallocate Layer from Memory [Model: 6866045f, Layer: ce814c07]"
1643050.202782,6000,6866045f-7c20-413e-969a-49cc562754e6,worker_3,coordinator_0,NET_TRANSFER,0.000100,0.158000,Signal Finished
1643452.684788,6000,6866045f-7c20-413e-969a-49cc562754e6,coordinator_0,worker_4,NET_TRANSFER,5.029150,402.482007,Distribute Layer ID: 7040e68a
1643452.724079,6000,6866045f-7c20-413e-969a-49cc562754e6,worker_4,worker_4,DISK_LOAD,5.029150,0.039290,"Disk -> RAM [Model: 6866045f, Layer: 7040e68a]"
1643452.763369,6000,6866045f-7c20-413e-969a-49cc562754e6,worker_4,worker_4,MEM_MOVE,5.029150,0.039290,"RAM -> VRAM [Model: 6866045f, Layer: 7040e68a]"
1643452.813369,6000,6866045f-7c20-413e-969a-49cc562754e6,worker_4,worker_4,GPU_COMPUTE,0.050000,0.050000,GPU Compute
1643452.813369,6000,6866045f-7c20-413e-969a-49cc562754e6,worker_4,worker_4,MEM_MOVE,0.000000,0.000000,"Wipe/Deallocate Layer from Memory [Model: 6866045f, Layer: 7040e68a]"
1643452.971369,6000,6866045f-7c20-413e-969a-49cc562754e6,worker_4,coordinator_0,NET_TRANSFER,0.000100,0.158000,Signal Finished
1644483.038911,6000,6866045f-7c20-413e-969a-49cc562754e6,coordinator_0,worker_1,NET_TRANSFER,12.873969,1030.067542,Distribute Layer ID: 1fb32455
1644483.139488,6000,6866045f-7c20-413e-969a-49cc562754e6,worker_1,worker_1,DISK_LOAD,12.873969,0.100578,"Disk -> RAM [Model: 6866045f, Layer: 1fb32455]"
1644483.240066,6000,6866045f-7c20-413e-969a-49cc562754e6,worker_1,worker_1,MEM_MOVE,12.873969,0.100578,"RAM -> VRAM [Model: 6866045f, Layer: 1fb32455]"
1644483.290066,6000,6866045f-7c20-413e-969a-49cc562754e6,worker_1,worker_1,GPU_COMPUTE,0.050000,0.050000,GPU Compute
1644483.290066,6000,6866045f-7c20-413e-969a-49cc562754e6,worker_1,worker_1,MEM_MOVE,0.000000,0.000000,"Wipe/Deallocate Layer from Memory [Model: 6866045f, Layer: 1fb32455]"
1644483.448066,6000,6866045f-7c20-413e-969a-49cc562754e6,worker_1,coordinator_0,NET_TRANSFER,0.000100,0.158000,Signal Finished
1645633.831608,6000,6866045f-7c20-413e-969a-49cc562754e6,coordinator_0,worker_2,NET_TRANSFER,14.377919,1150.383542,Distribute Layer ID: fd9ed99d
1645633.943935,6000,6866045f-7c20-413e-969a-49cc562754e6,worker_2,worker_2,DISK_LOAD,14.377919,0.112327,"Disk -> RAM [Model: 6866045f, Layer: fd9ed99d]"
1645634.056263,6000,6866045f-7c20-413e-969a-49cc562754e6,worker_2,worker_2,MEM_MOVE,14.377919,0.112327,"RAM -> VRAM [Model: 6866045f, Layer: fd9ed99d]"
1645634.106263,6000,6866045f-7c20-413e-969a-49cc562754e6,worker_2,worker_2,GPU_COMPUTE,0.050000,0.050000,GPU Compute
1645634.106263,6000,6866045f-7c20-413e-969a-49cc562754e6,worker_2,worker_2,MEM_MOVE,0.000000,0.000000,"Wipe/Deallocate Layer from Memory [Model: 6866045f, Layer: fd9ed99d]"
1645634.264263,6000,6866045f-7c20-413e-969a-49cc562754e6,worker_2,coordinator_0,NET_TRANSFER,0.000100,0.158000,Signal Finished
1646499.071167,6000,6866045f-7c20-413e-969a-49cc562754e6,coordinator_0,worker_3,NET_TRANSFER,10.808211,864.806904,Distribute Layer ID: e886e6a7
1646499.155606,6000,6866045f-7c20-413e-969a-49cc562754e6,worker_3,worker_3,DISK_LOAD,10.808211,0.084439,"Disk -> RAM [Model: 6866045f, Layer: e886e6a7]"
1646499.240046,6000,6866045f-7c20-413e-969a-49cc562754e6,worker_3,worker_3,MEM_MOVE,10.808211,0.084439,"RAM -> VRAM [Model: 6866045f, Layer: e886e6a7]"
1646499.290046,6000,6866045f-7c20-413e-969a-49cc562754e6,worker_3,worker_3,GPU_COMPUTE,0.050000,0.050000,GPU Compute
1646499.290046,6000,6866045f-7c20-413e-969a-49cc562754e6,worker_3,worker_3,MEM_MOVE,0.000000,0.000000,"Wipe/Deallocate Layer from Memory [Model: 6866045f, Layer: e886e6a7]"
1646499.448046,6000,6866045f-7c20-413e-969a-49cc562754e6,worker_3,coordinator_0,NET_TRANSFER,0.000100,0.158000,Signal Finished
1647341.872939,6000,6866045f-7c20-413e-969a-49cc562754e6,coordinator_0,worker_4,NET_TRANSFER,10.528436,842.424894,Distribute Layer ID: d3943e02
1647341.955193,6000,6866045f-7c20-413e-969a-49cc562754e6,worker_4,worker_4,DISK_LOAD,10.528436,0.082253,"Disk -> RAM [Model: 6866045f, Layer: d3943e02]"
1647342.037446,6000,6866045f-7c20-413e-969a-49cc562754e6,worker_4,worker_4,MEM_MOVE,10.528436,0.082253,"RAM -> VRAM [Model: 6866045f, Layer: d3943e02]"
1647342.087446,6000,6866045f-7c20-413e-969a-49cc562754e6,worker_4,worker_4,GPU_COMPUTE,0.050000,0.050000,GPU Compute
1647342.087446,6000,6866045f-7c20-413e-969a-49cc562754e6,worker_4,worker_4,MEM_MOVE,0.000000,0.000000,"Wipe/Deallocate Layer from Memory [Model: 6866045f, Layer: d3943e02]"
1647342.245446,6000,6866045f-7c20-413e-969a-49cc562754e6,worker_4,coordinator_0,NET_TRANSFER,0.000100,0.158000,Signal Finished
1648064.019147,6000,6866045f-7c20-413e-969a-49cc562754e6,coordinator_0,worker_1,NET_TRANSFER,9.020296,721.773700,Distribute Layer ID: d852c411
1648064.089618,6000,6866045f-7c20-413e-969a-49cc562754e6,worker_1,worker_1,DISK_LOAD,9.020296,0.070471,"Disk -> RAM [Model: 6866045f, Layer: d852c411]"
1648064.160089,6000,6866045f-7c20-413e-969a-49cc562754e6,worker_1,worker_1,MEM_MOVE,9.020296,0.070471,"RAM -> VRAM [Model: 6866045f, Layer: d852c411]"
1648064.210089,6000,6866045f-7c20-413e-969a-49cc562754e6,worker_1,worker_1,GPU_COMPUTE,0.050000,0.050000,GPU Compute
1648064.210089,6000,6866045f-7c20-413e-969a-49cc562754e6,worker_1,worker_1,MEM_MOVE,0.000000,0.000000,"Wipe/Deallocate Layer from Memory [Model: 6866045f, Layer: d852c411]"
1648064.368089,6000,6866045f-7c20-413e-969a-49cc562754e6,worker_1,coordinator_0,NET_TRANSFER,0.000100,0.158000,Signal Finished
1648473.990496,6000,6866045f-7c20-413e-969a-49cc562754e6,coordinator_0,worker_2,NET_TRANSFER,5.118405,409.622408,Distribute Layer ID: 9d2af713
1648474.030484,6000,6866045f-7c20-413e-969a-49cc562754e6,worker_2,worker_2,DISK_LOAD,5.118405,0.039988,"Disk -> RAM [Model: 6866045f, Layer: 9d2af713]"
1648474.070471,6000,6866045f-7c20-413e-969a-49cc562754e6,worker_2,worker_2,MEM_MOVE,5.118405,0.039988,"RAM -> VRAM [Model: 6866045f, Layer: 9d2af713]"
1648474.120471,6000,6866045f-7c20-413e-969a-49cc562754e6,worker_2,worker_2,GPU_COMPUTE,0.050000,0.050000,GPU Compute
1648474.120471,6000,6866045f-7c20-413e-969a-49cc562754e6,worker_2,worker_2,MEM_MOVE,0.000000,0.000000,"Wipe/Deallocate Layer from Memory [Model: 6866045f, Layer: 9d2af713]"
1648474.278471,6000,6866045f-7c20-413e-969a-49cc562754e6,worker_2,coordinator_0,NET_TRANSFER,0.000100,0.158000,Signal Finished
1649544.297670,6000,6866045f-7c20-413e-969a-49cc562754e6,coordinator_0,worker_3,NET_TRANSFER,13.373365,1070.019199,Distribute Layer ID: e1ad5831
1649544.402150,6000,6866045f-7c20-413e-969a-49cc562754e6,worker_3,worker_3,DISK_LOAD,13.373365,0.104479,"Disk -> RAM [Model: 6866045f, Layer: e1ad5831]"
1649544.506629,6000,6866045f-7c20-413e-969a-49cc562754e6,worker_3,worker_3,MEM_MOVE,13.373365,0.104479,"RAM -> VRAM [Model: 6866045f, Layer: e1ad5831]"
1649544.556629,6000,6866045f-7c20-413e-969a-49cc562754e6,worker_3,worker_3,GPU_COMPUTE,0.050000,0.050000,GPU Compute
1649544.556629,6000,6866045f-7c20-413e-969a-49cc562754e6,worker_3,worker_3,MEM_MOVE,0.000000,0.000000,"Wipe/Deallocate Layer from Memory [Model: 6866045f, Layer: e1ad5831]"
1649544.714629,6000,6866045f-7c20-413e-969a-49cc562754e6,worker_3,coordinator_0,NET_TRANSFER,0.000100,0.158000,Signal Finished
1650608.375254,6000,6866045f-7c20-413e-969a-49cc562754e6,coordinator_0,worker_4,NET_TRANSFER,13.293883,1063.660625,Distribute Layer ID: 61dce45c
1650608.479112,6000,6866045f-7c20-413e-969a-49cc562754e6,worker_4,worker_4,DISK_LOAD,13.293883,0.103858,"Disk -> RAM [Model: 6866045f, Layer: 61dce45c]"
1650608.582971,6000,6866045f-7c20-413e-969a-49cc562754e6,worker_4,worker_4,MEM_MOVE,13.293883,0.103858,"RAM -> VRAM [Model: 6866045f, Layer: 61dce45c]"
1650608.632971,6000,6866045f-7c20-413e-969a-49cc562754e6,worker_4,worker_4,GPU_COMPUTE,0.050000,0.050000,GPU Compute
1650608.790971,5014,bd0c7555-7508-4f24-995f-8f7876638404,client_5,coordinator_0,NET_TRANSFER,0.000100,0.158000,Request Model ID
1650608.790971,6000,6866045f-7c20-413e-969a-49cc562754e6,worker_4,worker_4,MEM_MOVE,0.000000,0.000000,"Wipe/Deallocate Layer from Memory [Model: 6866045f, Layer: 61dce45c]"
1650608.948971,6000,6866045f-7c20-413e-969a-49cc562754e6,worker_4,coordinator_0,NET_TRANSFER,0.000100,0.158000,Signal Finished
1651070.025752,6000,6866045f-7c20-413e-969a-49cc562754e6,coordinator_0,worker_1,NET_TRANSFER,5.761585,461.076781,Distribute Layer ID: 55f74a64
1651070.070764,6000,6866045f-7c20-413e-969a-49cc562754e6,worker_1,worker_1,DISK_LOAD,5.761585,0.045012,"Disk -> RAM [Model: 6866045f, Layer: 55f74a64]"
1651070.115776,6000,6866045f-7c20-413e-969a-49cc562754e6,worker_1,worker_1,MEM_MOVE,5.761585,0.045012,"RAM -> VRAM [Model: 6866045f, Layer: 55f74a64]"
1651070.165776,6000,6866045f-7c20-413e-969a-49cc562754e6,worker_1,worker_1,GPU_COMPUTE,0.050000,0.050000,GPU Compute
1651070.165776,6000,6866045f-7c20-413e-969a-49cc562754e6,worker_1,worker_1,MEM_MOVE,0.000000,0.000000,"Wipe/Deallocate Layer from Memory [Model: 6866045f, Layer: 55f74a64]"
1651070.323776,6000,6866045f-7c20-413e-969a-49cc562754e6,worker_1,coordinator_0,NET_TRANSFER,0.000100,0.158000,Signal Finished
1651529.218613,6000,6866045f-7c20-413e-969a-49cc562754e6,coordinator_0,worker_2,NET_TRANSFER,5.734310,458.894837,Distribute Layer ID: b9eca517
1651529.263412,6000,6866045f-7c20-413e-969a-49cc562754e6,worker_2,worker_2,DISK_LOAD,5.734310,0.044799,"Disk -> RAM [Model: 6866045f, Layer: b9eca517]"
1651529.308212,6000,6866045f-7c20-413e-969a-49cc562754e6,worker_2,worker_2,MEM_MOVE,5.734310,0.044799,"RAM -> VRAM [Model: 6866045f, Layer: b9eca517]"
1651529.358212,6000,6866045f-7c20-413e-969a-49cc562754e6,worker_2,worker_2,GPU_COMPUTE,0.050000,0.050000,GPU Compute
1651529.358212,6000,6866045f-7c20-413e-969a-49cc562754e6,worker_2,worker_2,MEM_MOVE,0.000000,0.000000,"Wipe/Deallocate Layer from Memory [Model: 6866045f, Layer: b9eca517]"
1651529.516212,6000,6866045f-7c20-413e-969a-49cc562754e6,worker_2,coordinator_0,NET_TRANSFER,0.000100,0.158000,Signal Finished
1652527.303892,6000,6866045f-7c20-413e-969a-49cc562754e6,coordinator_0,worker_3,NET_TRANSFER,12.470471,997.787681,Distribute Layer ID: 40b5dcdc
1652527.401318,6000,6866045f-7c20-413e-969a-49cc562754e6,worker_3,worker_3,DISK_LOAD,12.470471,0.097426,"Disk -> RAM [Model: 6866045f, Layer: 40b5dcdc]"
1652527.498743,6000,6866045f-7c20-413e-969a-49cc562754e6,worker_3,worker_3,MEM_MOVE,12.470471,0.097426,"RAM -> VRAM [Model: 6866045f, Layer: 40b5dcdc]"
1652527.548743,6000,6866045f-7c20-413e-969a-49cc562754e6,worker_3,worker_3,GPU_COMPUTE,0.050000,0.050000,GPU Compute
1652527.548743,6000,6866045f-7c20-413e-969a-49cc562754e6,worker_3,worker_3,MEM_MOVE,0.000000,0.000000,"Wipe/Deallocate Layer from Memory [Model: 6866045f, Layer: 40b5dcdc]"
1652527.706743,6000,6866045f-7c20-413e-969a-49cc562754e6,worker_3,coordinator_0,NET_TRANSFER,0.000100,0.158000,Signal Finished
1653260.521875,6000,6866045f-7c20-413e-969a-49cc562754e6,coordinator_0,worker_4,NET_TRANSFER,9.158314,732.815132,Distribute Layer ID: 12290060
1653260.593425,6000,6866045f-7c20-413e-969a-49cc562754e6,worker_4,worker_4,DISK_LOAD,9.158314,0.071549,"Disk -> RAM [Model: 6866045f, Layer: 12290060]"
1653260.664974,6000,6866045f-7c20-413e-969a-49cc562754e6,worker_4,worker_4,MEM_MOVE,9.158314,0.071549,"RAM -> VRAM [Model: 6866045f, Layer: 12290060]"
1653260.714974,6000,6866045f-7c20-413e-969a-49cc562754e6,worker_4,worker_4,GPU_COMPUTE,0.050000,0.050000,GPU Compute
1653260.714974,6000,6866045f-7c20-413e-969a-49cc562754e6,worker_4,worker_4,MEM_MOVE,0.000000,0.000000,"Wipe/Deallocate Layer from Memory [Model: 6866045f, Layer: 12290060]"
1653260.872974,5014,f3103222-8d0b-4c7c-bf92-28ec44d6bad6,client_5,coordinator_0,NET_TRANSFER,0.000100,0.158000,Request Model ID
1653261.030974,6000,6866045f-7c20-413e-969a-49cc562754e6,worker_4,coordinator_0,NET_TRANSFER,0.000100,0.158000,Signal Finished
1654236.351013,6000,6866045f-7c20-413e-969a-49cc562754e6,coordinator_0,worker_1,NET_TRANSFER,12.189625,975.320039,Distribute Layer ID: 06de5b55
1654236.446245,6000,6866045f-7c20-413e-969a-49cc562754e6,worker_1,worker_1,DISK_LOAD,12.189625,0.095231,"Disk -> RAM [Model: 6866045f, Layer: 06de5b55]"
1654236.541476,6000,6866045f-7c20-413e-969a-49cc562754e6,worker_1,worker_1,MEM_MOVE,12.189625,0.095231,"RAM -> VRAM [Model: 6866045f, Layer: 06de5b55]"
1654236.591476,6000,6866045f-7c20-413e-969a-49cc562754e6,worker_1,worker_1,GPU_COMPUTE,0.050000,0.050000,GPU Compute
1654236.591476,6000,6866045f-7c20-413e-969a-49cc562754e6,worker_1,worker_1,MEM_MOVE,0.000000,0.000000,"Wipe/Deallocate Layer from Memory [Model: 6866045f, Layer: 06de5b55]"
1654236.749476,6000,6866045f-7c20-413e-969a-49cc562754e6,worker_1,coordinator_0,NET_TRANSFER,0.000100,0.158000,Signal Finished
1655335.064009,6000,6866045f-7c20-413e-969a-49cc562754e6,coordinator_0,worker_2,NET_TRANSFER,13.727057,1098.314533,Distribute Layer ID: ef704870
1655335.171251,6000,6866045f-7c20-413e-969a-49cc562754e6,worker_2,worker_2,DISK_LOAD,13.727057,0.107243,"Disk -> RAM [Model: 6866045f, Layer: ef704870]"
1655335.278494,6000,6866045f-7c20-413e-969a-49cc562754e6,worker_2,worker_2,MEM_MOVE,13.727057,0.107243,"RAM -> VRAM [Model: 6866045f, Layer: ef704870]"
1655335.328494,6000,6866045f-7c20-413e-969a-49cc562754e6,worker_2,worker_2,GPU_COMPUTE,0.050000,0.050000,GPU Compute
1655335.328494,6000,6866045f-7c20-413e-969a-49cc562754e6,worker_2,worker_2,MEM_MOVE,0.000000,0.000000,"Wipe/Deallocate Layer from Memory [Model: 6866045f, Layer: ef704870]"
1655335.486494,6000,6866045f-7c20-413e-969a-49cc562754e6,worker_2,coordinator_0,NET_TRANSFER,0.000100,0.158000,Signal Finished
1656352.438516,6000,6866045f-7c20-413e-969a-49cc562754e6,coordinator_0,worker_3,NET_TRANSFER,12.710025,1016.952022,Distribute Layer ID: 4ee08ebd
1656352.537813,6000,6866045f-7c20-413e-969a-49cc562754e6,worker_3,worker_3,DISK_LOAD,12.710025,0.099297,"Disk -> RAM [Model: 6866045f, Layer: 4ee08ebd]"
1656352.637110,6000,6866045f-7c20-413e-969a-49cc562754e6,worker_3,worker_3,MEM_MOVE,12.710025,0.099297,"RAM -> VRAM [Model: 6866045f, Layer: 4ee08ebd]"
1656352.687110,6000,6866045f-7c20-413e-969a-49cc562754e6,worker_3,worker_3,GPU_COMPUTE,0.050000,0.050000,GPU Compute
1656352.687110,6000,6866045f-7c20-413e-969a-49cc562754e6,worker_3,worker_3,MEM_MOVE,0.000000,0.000000,"Wipe/Deallocate Layer from Memory [Model: 6866045f, Layer: 4ee08ebd]"
1656352.845110,6000,6866045f-7c20-413e-969a-49cc562754e6,worker_3,coordinator_0,NET_TRANSFER,0.000100,0.158000,Signal Finished
1656894.110702,6000,6866045f-7c20-413e-969a-49cc562754e6,coordinator_0,worker_4,NET_TRANSFER,6.763945,541.265592,Distribute Layer ID: 2e68fad8
1656894.163546,6000,6866045f-7c20-413e-969a-49cc562754e6,worker_4,worker_4,DISK_LOAD,6.763945,0.052843,"Disk -> RAM [Model: 6866045f, Layer: 2e68fad8]"
1656894.216389,6000,6866045f-7c20-413e-969a-49cc562754e6,worker_4,worker_4,MEM_MOVE,6.763945,0.052843,"RAM -> VRAM [Model: 6866045f, Layer: 2e68fad8]"
1656894.266389,6000,6866045f-7c20-413e-969a-49cc562754e6,worker_4,worker_4,GPU_COMPUTE,0.050000,0.050000,GPU Compute
1656894.266389,6000,6866045f-7c20-413e-969a-49cc562754e6,worker_4,worker_4,MEM_MOVE,0.000000,0.000000,"Wipe/Deallocate Layer from Memory [Model: 6866045f, Layer: 2e68fad8]"
1656894.424389,6000,6866045f-7c20-413e-969a-49cc562754e6,worker_4,coordinator_0,NET_TRANSFER,0.000100,0.158000,Signal Finished
1658018.656395,2000,87805db1-7116-4cbf-abf5-3bf14bbef0be,coordinator_0,worker_4,NET_TRANSFER,14.051025,1124.232006,Distribute Layer ID: 4445de8c
1658018.766169,2000,87805db1-7116-4cbf-abf5-3bf14bbef0be,worker_4,worker_4,DISK_LOAD,14.051025,0.109774,"Disk -> RAM [Model: 87805db1, Layer: 4445de8c]"
1658018.875942,2000,87805db1-7116-4cbf-abf5-3bf14bbef0be,worker_4,worker_4,MEM_MOVE,14.051025,0.109774,"RAM -> VRAM [Model: 87805db1, Layer: 4445de8c]"
1658018.925942,2000,87805db1-7116-4cbf-abf5-3bf14bbef0be,worker_4,worker_4,GPU_COMPUTE,0.050000,0.050000,GPU Compute
1658018.925942,2000,87805db1-7116-4cbf-abf5-3bf14bbef0be,worker_4,worker_4,MEM_MOVE,0.000000,0.000000,"Wipe/Deallocate Layer from Memory [Model: 87805db1, Layer: 4445de8c]"
1658019.083942,4014,54f520b0-39a9-4b3f-8c68-ef80c338608e,client_4,coordinator_0,NET_TRANSFER,0.000100,0.158000,Request Model ID
1658019.241942,5014,c70dc14b-62de-4f8f-807e-01990637cfee,client_5,coordinator_0,NET_TRANSFER,0.000100,0.158000,Request Model ID
1658019.399942,2000,87805db1-7116-4cbf-abf5-3bf14bbef0be,worker_4,coordinator_0,NET_TRANSFER,0.000100,0.158000,Signal Finished
1658579.253832,2000,87805db1-7116-4cbf-abf5-3bf14bbef0be,coordinator_0,worker_1,NET_TRANSFER,6.996299,559.853890,Distribute Layer ID: 57842be8
1658579.308490,2000,87805db1-7116-4cbf-abf5-3bf14bbef0be,worker_1,worker_1,DISK_LOAD,6.996299,0.054659,"Disk -> RAM [Model: 87805db1, Layer: 57842be8]"
1658579.363149,2000,87805db1-7116-4cbf-abf5-3bf14bbef0be,worker_1,worker_1,MEM_MOVE,6.996299,0.054659,"RAM -> VRAM [Model: 87805db1, Layer: 57842be8]"
1658579.413149,2000,87805db1-7116-4cbf-abf5-3bf14bbef0be,worker_1,worker_1,GPU_COMPUTE,0.050000,0.050000,GPU Compute
1658579.413149,2000,87805db1-7116-4cbf-abf5-3bf14bbef0be,worker_1,worker_1,MEM_MOVE,0.000000,0.000000,"Wipe/Deallocate Layer from Memory [Model: 87805db1, Layer: 57842be8]"
1658579.571149,2000,87805db1-7116-4cbf-abf5-3bf14bbef0be,worker_1,coordinator_0,NET_TRANSFER,0.000100,0.158000,Signal Finished
1659300.635437,2000,87805db1-7116-4cbf-abf5-3bf14bbef0be,coordinator_0,worker_2,NET_TRANSFER,9.011429,721.064288,Distribute Layer ID: 401aeac1
1659300.705838,2000,87805db1-7116-4cbf-abf5-3bf14bbef0be,worker_2,worker_2,DISK_LOAD,9.011429,0.070402,"Disk -> RAM [Model: 87805db1, Layer: 401aeac1]"
1659300.776240,2000,87805db1-7116-4cbf-abf5-3bf14bbef0be,worker_2,worker_2,MEM_MOVE,9.011429,0.070402,"RAM -> VRAM [Model: 87805db1, Layer: 401aeac1]"
1659300.826240,2000,87805db1-7116-4cbf-abf5-3bf14bbef0be,worker_2,worker_2,GPU_COMPUTE,0.050000,0.050000,GPU Compute
1659300.826240,2000,87805db1-7116-4cbf-abf5-3bf14bbef0be,worker_2,worker_2,MEM_MOVE,0.000000,0.000000,"Wipe/Deallocate Layer from Memory [Model: 87805db1, Layer: 401aeac1]"
1659300.984240,4014,0ed06f6b-ee3d-48a5-8100-722558ac6b3f,client_4,coordinator_0,NET_TRANSFER,0.000100,0.158000,Request Model ID
1659301.142240,2000,87805db1-7116-4cbf-abf5-3bf14bbef0be,worker_2,coordinator_0,NET_TRANSFER,0.000100,0.158000,Signal Finished
1660441.951085,2000,87805db1-7116-4cbf-abf5-3bf14bbef0be,coordinator_0,worker_3,NET_TRANSFER,14.258236,1140.808845,Distribute Layer ID: 6e6ee149
1660442.062478,2000,87805db1-7116-4cbf-abf5-3bf14bbef0be,worker_3,worker_3,DISK_LOAD,14.258236,0.111392,"Disk -> RAM [Model: 87805db1, Layer: 6e6ee149]"
1660442.173870,2000,87805db1-7116-4cbf-abf5-3bf14bbef0be,worker_3,worker_3,MEM_MOVE,14.258236,0.111392,"RAM -> VRAM [Model: 87805db1, Layer: 6e6ee149]"
1660442.223870,2000,87805db1-7116-4cbf-abf5-3bf14bbef0be,worker_3,worker_3,GPU_COMPUTE,0.050000,0.050000,GPU Compute
1660442.223870,2000,87805db1-7116-4cbf-abf5-3bf14bbef0be,worker_3,worker_3,MEM_MOVE,0.000000,0.000000,"Wipe/Deallocate Layer from Memory [Model: 87805db1, Layer: 6e6ee149]"
1660442.381870,2000,87805db1-7116-4cbf-abf5-3bf14bbef0be,worker_3,coordinator_0,NET_TRANSFER,0.000100,0.158000,Signal Finished
1661509.834707,2000,87805db1-7116-4cbf-abf5-3bf14bbef0be,coordinator_0,worker_4,NET_TRANSFER,13.341285,1067.452837,Distribute Layer ID: 445214b6
1661509.938936,2000,87805db1-7116-4cbf-abf5-3bf14bbef0be,worker_4,worker_4,DISK_LOAD,13.341285,0.104229,"Disk -> RAM [Model: 87805db1, Layer: 445214b6]"
1661510.043164,2000,87805db1-7116-4cbf-abf5-3bf14bbef0be,worker_4,worker_4,MEM_MOVE,13.341285,0.104229,"RAM -> VRAM [Model: 87805db1, Layer: 445214b6]"
1661510.093164,2000,87805db1-7116-4cbf-abf5-3bf14bbef0be,worker_4,worker_4,GPU_COMPUTE,0.050000,0.050000,GPU Compute
1661510.093164,2000,87805db1-7116-4cbf-abf5-3bf14bbef0be,worker_4,worker_4,MEM_MOVE,0.000000,0.000000,"Wipe/Deallocate Layer from Memory [Model: 87805db1, Layer: 445214b6]"
1661510.251164,2000,87805db1-7116-4cbf-abf5-3bf14bbef0be,worker_4,coordinator_0,NET_TRANSFER,0.000100,0.158000,Signal Finished
1662630.632170,2000,87805db1-7116-4cbf-abf5-3bf14bbef0be,coordinator_0,worker_1,NET_TRANSFER,14.002888,1120.381005,Distribute Layer ID: 1463285b
1662630.741567,2000,87805db1-7116-4cbf-abf5-3bf14bbef0be,worker_1,worker_1,DISK_LOAD,14.002888,0.109398,"Disk -> RAM [Model: 87805db1, Layer: 1463285b]"
1662630.850965,2000,87805db1-7116-4cbf-abf5-3bf14bbef0be,worker_1,worker_1,MEM_MOVE,14.002888,0.109398,"RAM -> VRAM [Model: 87805db1, Layer: 1463285b]"
1662630.900965,2000,87805db1-7116-4cbf-abf5-3bf14bbef0be,worker_1,worker_1,GPU_COMPUTE,0.050000,0.050000,GPU Compute
1662630.900965,2000,87805db1-7116-4cbf-abf5-3bf14bbef0be,worker_1,worker_1,MEM_MOVE,0.000000,0.000000,"Wipe/Deallocate Layer from Memory [Model: 87805db1, Layer: 1463285b]"
1662631.058965,2000,87805db1-7116-4cbf-abf5-3bf14bbef0be,worker_1,coordinator_0,NET_TRANSFER,0.000100,0.158000,Signal Finished
1663227.388509,2000,87805db1-7116-4cbf-abf5-3bf14bbef0be,coordinator_0,worker_2,NET_TRANSFER,7.452244,596.329544,Distribute Layer ID: d69073d4
1663227.446729,2000,87805db1-7116-4cbf-abf5-3bf14bbef0be,worker_2,worker_2,DISK_LOAD,7.452244,0.058221,"Disk -> RAM [Model: 87805db1, Layer: d69073d4]"
1663227.504950,2000,87805db1-7116-4cbf-abf5-3bf14bbef0be,worker_2,worker_2,MEM_MOVE,7.452244,0.058221,"RAM -> VRAM [Model: 87805db1, Layer: d69073d4]"
1663227.554950,2000,87805db1-7116-4cbf-abf5-3bf14bbef0be,worker_2,worker_2,GPU_COMPUTE,0.050000,0.050000,GPU Compute
1663227.554950,2000,87805db1-7116-4cbf-abf5-3bf14bbef0be,worker_2,worker_2,MEM_MOVE,0.000000,0.000000,"Wipe/Deallocate Layer from Memory [Model: 87805db1, Layer: d69073d4]"
1663227.712950,2000,87805db1-7116-4cbf-abf5-3bf14bbef0be,worker_2,coordinator_0,NET_TRANSFER,0.000100,0.158000,Signal Finished
1664339.888340,2000,87805db1-7116-4cbf-abf5-3bf14bbef0be,coordinator_0,worker_3,NET_TRANSFER,13.900317,1112.175390,Distribute Layer ID: d67cd644
1664339.996936,2000,87805db1-7116-4cbf-abf5-3bf14bbef0be,worker_3,worker_3,DISK_LOAD,13.900317,0.108596,"Disk -> RAM [Model: 87805db1, Layer: d67cd644]"
1664340.105532,2000,87805db1-7116-4cbf-abf5-3bf14bbef0be,worker_3,worker_3,MEM_MOVE,13.900317,0.108596,"RAM -> VRAM [Model: 87805db1, Layer: d67cd644]"
1664340.155532,2000,87805db1-7116-4cbf-abf5-3bf14bbef0be,worker_3,worker_3,GPU_COMPUTE,0.050000,0.050000,GPU Compute
1664340.155532,2000,87805db1-7116-4cbf-abf5-3bf14bbef0be,worker_3,worker_3,MEM_MOVE,0.000000,0.000000,"Wipe/Deallocate Layer from Memory [Model: 87805db1, Layer: d67cd644]"
1664340.313532,2000,87805db1-7116-4cbf-abf5-3bf14bbef0be,worker_3,coordinator_0,NET_TRANSFER,0.000100,0.158000,Signal Finished
1664863.076438,2000,87805db1-7116-4cbf-abf5-3bf14bbef0be,coordinator_0,worker_4,NET_TRANSFER,6.532661,522.762906,Distribute Layer ID: 5f49ae62
1664863.127475,2000,87805db1-7116-4cbf-abf5-3bf14bbef0be,worker_4,worker_4,DISK_LOAD,6.532661,0.051036,"Disk -> RAM [Model: 87805db1, Layer: 5f49ae62]"
1664863.178511,2000,87805db1-7116-4cbf-abf5-3bf14bbef0be,worker_4,worker_4,MEM_MOVE,6.532661,0.051036,"RAM -> VRAM [Model: 87805db1, Layer: 5f49ae62]"
1664863.228511,2000,87805db1-7116-4cbf-abf5-3bf14bbef0be,worker_4,worker_4,GPU_COMPUTE,0.050000,0.050000,GPU Compute
1664863.228511,2000,87805db1-7116-4cbf-abf5-3bf14bbef0be,worker_4,worker_4,MEM_MOVE,0.000000,0.000000,"Wipe/Deallocate Layer from Memory [Model: 87805db1, Layer: 5f49ae62]"
1664863.386511,2000,87805db1-7116-4cbf-abf5-3bf14bbef0be,worker_4,coordinator_0,NET_TRANSFER,0.000100,0.158000,Signal Finished
1665807.316447,2000,87805db1-7116-4cbf-abf5-3bf14bbef0be,coordinator_0,worker_1,NET_TRANSFER,11.797249,943.929936,Distribute Layer ID: 8873a4d4
1665807.408613,2000,87805db1-7116-4cbf-abf5-3bf14bbef0be,worker_1,worker_1,DISK_LOAD,11.797249,0.092166,"Disk -> RAM [Model: 87805db1, Layer: 8873a4d4]"
1665807.500779,2000,87805db1-7116-4cbf-abf5-3bf14bbef0be,worker_1,worker_1,MEM_MOVE,11.797249,0.092166,"RAM -> VRAM [Model: 87805db1, Layer: 8873a4d4]"
1665807.550779,2000,87805db1-7116-4cbf-abf5-3bf14bbef0be,worker_1,worker_1,GPU_COMPUTE,0.050000,0.050000,GPU Compute
1665807.550779,2000,87805db1-7116-4cbf-abf5-3bf14bbef0be,worker_1,worker_1,MEM_MOVE,0.000000,0.000000,"Wipe/Deallocate Layer from Memory [Model: 87805db1, Layer: 8873a4d4]"
1665807.708779,2000,87805db1-7116-4cbf-abf5-3bf14bbef0be,worker_1,coordinator_0,NET_TRANSFER,0.000100,0.158000,Signal Finished
1666555.142159,2000,87805db1-7116-4cbf-abf5-3bf14bbef0be,coordinator_0,worker_2,NET_TRANSFER,9.341042,747.433380,Distribute Layer ID: 67cdd644
1666555.215136,2000,87805db1-7116-4cbf-abf5-3bf14bbef0be,worker_2,worker_2,DISK_LOAD,9.341042,0.072977,"Disk -> RAM [Model: 87805db1, Layer: 67cdd644]"
1666555.288113,2000,87805db1-7116-4cbf-abf5-3bf14bbef0be,worker_2,worker_2,MEM_MOVE,9.341042,0.072977,"RAM -> VRAM [Model: 87805db1, Layer: 67cdd644]"
1666555.338113,2000,87805db1-7116-4cbf-abf5-3bf14bbef0be,worker_2,worker_2,GPU_COMPUTE,0.050000,0.050000,GPU Compute
1666555.338113,2000,87805db1-7116-4cbf-abf5-3bf14bbef0be,worker_2,worker_2,MEM_MOVE,0.000000,0.000000,"Wipe/Deallocate Layer from Memory [Model: 87805db1, Layer: 67cdd644]"
1666555.496113,2000,87805db1-7116-4cbf-abf5-3bf14bbef0be,worker_2,coordinator_0,NET_TRANSFER,0.000100,0.158000,Signal Finished
1667298.352569,2000,87805db1-7116-4cbf-abf5-3bf14bbef0be,coordinator_0,worker_3,NET_TRANSFER,9.283831,742.856456,Distribute Layer ID: 35ed1106
1667298.425099,2000,87805db1-7116-4cbf-abf5-3bf14bbef0be,worker_3,worker_3,DISK_LOAD,9.283831,0.072530,"Disk -> RAM [Model: 87805db1, Layer: 35ed1106]"
1667298.497629,2000,87805db1-7116-4cbf-abf5-3bf14bbef0be,worker_3,worker_3,MEM_MOVE,9.283831,0.072530,"RAM -> VRAM [Model: 87805db1, Layer: 35ed1106]"
1667298.547629,2000,87805db1-7116-4cbf-abf5-3bf14bbef0be,worker_3,worker_3,GPU_COMPUTE,0.050000,0.050000,GPU Compute
1667298.547629,2000,87805db1-7116-4cbf-abf5-3bf14bbef0be,worker_3,worker_3,MEM_MOVE,0.000000,0.000000,"Wipe/Deallocate Layer from Memory [Model: 87805db1, Layer: 35ed1106]"
1667298.705629,2000,87805db1-7116-4cbf-abf5-3bf14bbef0be,worker_3,coordinator_0,NET_TRANSFER,0.000100,0.158000,Signal Finished
1668461.612120,2000,87805db1-7116-4cbf-abf5-3bf14bbef0be,coordinator_0,worker_4,NET_TRANSFER,14.534456,1162.906491,Distribute Layer ID: a9b73415
1668461.725671,2000,87805db1-7116-4cbf-abf5-3bf14bbef0be,worker_4,worker_4,DISK_LOAD,14.534456,0.113550,"Disk -> RAM [Model: 87805db1, Layer: a9b73415]"
1668461.839221,2000,87805db1-7116-4cbf-abf5-3bf14bbef0be,worker_4,worker_4,MEM_MOVE,14.534456,0.113550,"RAM -> VRAM [Model: 87805db1, Layer: a9b73415]"
1668461.889221,2000,87805db1-7116-4cbf-abf5-3bf14bbef0be,worker_4,worker_4,GPU_COMPUTE,0.050000,0.050000,GPU Compute
1668461.889221,2000,87805db1-7116-4cbf-abf5-3bf14bbef0be,worker_4,worker_4,MEM_MOVE,0.000000,0.000000,"Wipe/Deallocate Layer from Memory [Model: 87805db1, Layer: a9b73415]"
1668462.047221,2000,87805db1-7116-4cbf-abf5-3bf14bbef0be,worker_4,coordinator_0,NET_TRANSFER,0.000100,0.158000,Signal Finished
1668948.914111,2000,87805db1-7116-4cbf-abf5-3bf14bbef0be,coordinator_0,worker_1,NET_TRANSFER,6.083961,486.866890,Distribute Layer ID: c01abe79
1668948.961642,2000,87805db1-7116-4cbf-abf5-3bf14bbef0be,worker_1,worker_1,DISK_LOAD,6.083961,0.047531,"Disk -> RAM [Model: 87805db1, Layer: c01abe79]"
1668949.009173,2000,87805db1-7116-4cbf-abf5-3bf14bbef0be,worker_1,worker_1,MEM_MOVE,6.083961,0.047531,"RAM -> VRAM [Model: 87805db1, Layer: c01abe79]"
1668949.059173,2000,87805db1-7116-4cbf-abf5-3bf14bbef0be,worker_1,worker_1,GPU_COMPUTE,0.050000,0.050000,GPU Compute
1668949.059173,2000,87805db1-7116-4cbf-abf5-3bf14bbef0be,worker_1,worker_1,MEM_MOVE,0.000000,0.000000,"Wipe/Deallocate Layer from Memory [Model: 87805db1, Layer: c01abe79]"
1668949.217173,2000,87805db1-7116-4cbf-abf5-3bf14bbef0be,worker_1,coordinator_0,NET_TRANSFER,0.000100,0.158000,Signal Finished
1669507.024783,2000,87805db1-7116-4cbf-abf5-3bf14bbef0be,coordinator_0,worker_2,NET_TRANSFER,6.970720,557.807609,Distribute Layer ID: 419e8e10
1669507.079241,2000,87805db1-7116-4cbf-abf5-3bf14bbef0be,worker_2,worker_2,DISK_LOAD,6.970720,0.054459,"Disk -> RAM [Model: 87805db1, Layer: 419e8e10]"
1669507.133700,2000,87805db1-7116-4cbf-abf5-3bf14bbef0be,worker_2,worker_2,MEM_MOVE,6.970720,0.054459,"RAM -> VRAM [Model: 87805db1, Layer: 419e8e10]"
1669507.183700,2000,87805db1-7116-4cbf-abf5-3bf14bbef0be,worker_2,worker_2,GPU_COMPUTE,0.050000,0.050000,GPU Compute
1669507.183700,2000,87805db1-7116-4cbf-abf5-3bf14bbef0be,worker_2,worker_2,MEM_MOVE,0.000000,0.000000,"Wipe/Deallocate Layer from Memory [Model: 87805db1, Layer: 419e8e10]"
1669507.341700,2000,87805db1-7116-4cbf-abf5-3bf14bbef0be,worker_2,coordinator_0,NET_TRANSFER,0.000100,0.158000,Signal Finished
1670506.377734,2000,87805db1-7116-4cbf-abf5-3bf14bbef0be,coordinator_0,worker_3,NET_TRANSFER,12.486075,999.036034,Distribute Layer ID: 63d63609
1670506.475282,2000,87805db1-7116-4cbf-abf5-3bf14bbef0be,worker_3,worker_3,DISK_LOAD,12.486075,0.097547,"Disk -> RAM [Model: 87805db1, Layer: 63d63609]"
1670506.572829,2000,87805db1-7116-4cbf-abf5-3bf14bbef0be,worker_3,worker_3,MEM_MOVE,12.486075,0.097547,"RAM -> VRAM [Model: 87805db1, Layer: 63d63609]"
1670506.622829,2000,87805db1-7116-4cbf-abf5-3bf14bbef0be,worker_3,worker_3,GPU_COMPUTE,0.050000,0.050000,GPU Compute
1670506.622829,2000,87805db1-7116-4cbf-abf5-3bf14bbef0be,worker_3,worker_3,MEM_MOVE,0.000000,0.000000,"Wipe/Deallocate Layer from Memory [Model: 87805db1, Layer: 63d63609]"
1670506.780829,2000,87805db1-7116-4cbf-abf5-3bf14bbef0be,worker_3,coordinator_0,NET_TRANSFER,0.000100,0.158000,Signal Finished
1671367.265797,2000,87805db1-7116-4cbf-abf5-3bf14bbef0be,coordinator_0,worker_4,NET_TRANSFER,10.754187,860.484968,Distribute Layer ID: 50e7b559
1671367.349814,2000,87805db1-7116-4cbf-abf5-3bf14bbef0be,worker_4,worker_4,DISK_LOAD,10.754187,0.084017,"Disk -> RAM [Model: 87805db1, Layer: 50e7b559]"
1671367.433831,2000,87805db1-7116-4cbf-abf5-3bf14bbef0be,worker_4,worker_4,MEM_MOVE,10.754187,0.084017,"RAM -> VRAM [Model: 87805db1, Layer: 50e7b559]"
1671367.483831,2000,87805db1-7116-4cbf-abf5-3bf14bbef0be,worker_4,worker_4,GPU_COMPUTE,0.050000,0.050000,GPU Compute
1671367.483831,2000,87805db1-7116-4cbf-abf5-3bf14bbef0be,worker_4,worker_4,MEM_MOVE,0.000000,0.000000,"Wipe/Deallocate Layer from Memory [Model: 87805db1, Layer: 50e7b559]"
1671367.641831,2000,87805db1-7116-4cbf-abf5-3bf14bbef0be,worker_4,coordinator_0,NET_TRANSFER,0.000100,0.158000,Signal Finished
1672063.023743,2000,87805db1-7116-4cbf-abf5-3bf14bbef0be,coordinator_0,worker_1,NET_TRANSFER,8.690399,695.381912,Distribute Layer ID: 47636236
1672063.091637,2000,87805db1-7116-4cbf-abf5-3bf14bbef0be,worker_1,worker_1,DISK_LOAD,8.690399,0.067894,"Disk -> RAM [Model: 87805db1, Layer: 47636236]"
1672063.159530,2000,87805db1-7116-4cbf-abf5-3bf14bbef0be,worker_1,worker_1,MEM_MOVE,8.690399,0.067894,"RAM -> VRAM [Model: 87805db1, Layer: 47636236]"
1672063.209530,2000,87805db1-7116-4cbf-abf5-3bf14bbef0be,worker_1,worker_1,GPU_COMPUTE,0.050000,0.050000,GPU Compute
1672063.209530,2000,87805db1-7116-4cbf-abf5-3bf14bbef0be,worker_1,worker_1,MEM_MOVE,0.000000,0.000000,"Wipe/Deallocate Layer from Memory [Model: 87805db1, Layer: 47636236]"
1672063.367530,2000,87805db1-7116-4cbf-abf5-3bf14bbef0be,worker_1,coordinator_0,NET_TRANSFER,0.000100,0.158000,Signal Finished
1673198.500597,2000,87805db1-7116-4cbf-abf5-3bf14bbef0be,coordinator_0,worker_2,NET_TRANSFER,14.187288,1135.133066,Distribute Layer ID: f2e535ba
1673198.611435,2000,87805db1-7116-4cbf-abf5-3bf14bbef0be,worker_2,worker_2,DISK_LOAD,14.187288,0.110838,"Disk -> RAM [Model: 87805db1, Layer: f2e535ba]"
1673198.722273,2000,87805db1-7116-4cbf-abf5-3bf14bbef0be,worker_2,worker_2,MEM_MOVE,14.187288,0.110838,"RAM -> VRAM [Model: 87805db1, Layer: f2e535ba]"
1673198.772273,2000,87805db1-7116-4cbf-abf5-3bf14bbef0be,worker_2,worker_2,GPU_COMPUTE,0.050000,0.050000,GPU Compute
1673198.772273,2000,87805db1-7116-4cbf-abf5-3bf14bbef0be,worker_2,worker_2,MEM_MOVE,0.000000,0.000000,"Wipe/Deallocate Layer from Memory [Model: 87805db1, Layer: f2e535ba]"
1673198.930273,2000,87805db1-7116-4cbf-abf5-3bf14bbef0be,worker_2,coordinator_0,NET_TRANSFER,0.000100,0.158000,Signal Finished
1673821.233449,2000,87805db1-7116-4cbf-abf5-3bf14bbef0be,coordinator_0,worker_3,NET_TRANSFER,7.776915,622.303176,Distribute Layer ID: c6a192ad
1673821.294206,2000,87805db1-7116-4cbf-abf5-3bf14bbef0be,worker_3,worker_3,DISK_LOAD,7.776915,0.060757,"Disk -> RAM [Model: 87805db1, Layer: c6a192ad]"
1673821.354964,2000,87805db1-7116-4cbf-abf5-3bf14bbef0be,worker_3,worker_3,MEM_MOVE,7.776915,0.060757,"RAM -> VRAM [Model: 87805db1, Layer: c6a192ad]"
1673821.404964,2000,87805db1-7116-4cbf-abf5-3bf14bbef0be,worker_3,worker_3,GPU_COMPUTE,0.050000,0.050000,GPU Compute
1673821.404964,2000,87805db1-7116-4cbf-abf5-3bf14bbef0be,worker_3,worker_3,MEM_MOVE,0.000000,0.000000,"Wipe/Deallocate Layer from Memory [Model: 87805db1, Layer: c6a192ad]"
1673821.562964,2000,87805db1-7116-4cbf-abf5-3bf14bbef0be,worker_3,coordinator_0,NET_TRANSFER,0.000100,0.158000,Signal Finished
1674526.645112,2000,87805db1-7116-4cbf-abf5-3bf14bbef0be,coordinator_0,worker_4,NET_TRANSFER,8.811652,705.082149,Distribute Layer ID: b9a2d6ec
1674526.713953,2000,87805db1-7116-4cbf-abf5-3bf14bbef0be,worker_4,worker_4,DISK_LOAD,8.811652,0.068841,"Disk -> RAM [Model: 87805db1, Layer: b9a2d6ec]"
1674526.782794,2000,87805db1-7116-4cbf-abf5-3bf14bbef0be,worker_4,worker_4,MEM_MOVE,8.811652,0.068841,"RAM -> VRAM [Model: 87805db1, Layer: b9a2d6ec]"
1674526.832794,2000,87805db1-7116-4cbf-abf5-3bf14bbef0be,worker_4,worker_4,GPU_COMPUTE,0.050000,0.050000,GPU Compute
1674526.832794,2000,87805db1-7116-4cbf-abf5-3bf14bbef0be,worker_4,worker_4,MEM_MOVE,0.000000,0.000000,"Wipe/Deallocate Layer from Memory [Model: 87805db1, Layer: b9a2d6ec]"
1674526.990794,2000,87805db1-7116-4cbf-abf5-3bf14bbef0be,worker_4,coordinator_0,NET_TRANSFER,0.000100,0.158000,Signal Finished
1675125.886909,2000,87805db1-7116-4cbf-abf5-3bf14bbef0be,coordinator_0,worker_1,NET_TRANSFER,7.484326,598.896115,Distribute Layer ID: 6bc2c31a
1675125.945380,2000,87805db1-7116-4cbf-abf5-3bf14bbef0be,worker_1,worker_1,DISK_LOAD,7.484326,0.058471,"Disk -> RAM [Model: 87805db1, Layer: 6bc2c31a]"
1675126.003852,2000,87805db1-7116-4cbf-abf5-3bf14bbef0be,worker_1,worker_1,MEM_MOVE,7.484326,0.058471,"RAM -> VRAM [Model: 87805db1, Layer: 6bc2c31a]"
1675126.053852,2000,87805db1-7116-4cbf-abf5-3bf14bbef0be,worker_1,worker_1,GPU_COMPUTE,0.050000,0.050000,GPU Compute
1675126.053852,2000,87805db1-7116-4cbf-abf5-3bf14bbef0be,worker_1,worker_1,MEM_MOVE,0.000000,0.000000,"Wipe/Deallocate Layer from Memory [Model: 87805db1, Layer: 6bc2c31a]"
1675126.211852,2000,87805db1-7116-4cbf-abf5-3bf14bbef0be,worker_1,coordinator_0,NET_TRANSFER,0.000100,0.158000,Signal Finished
1675559.900142,2000,87805db1-7116-4cbf-abf5-3bf14bbef0be,coordinator_0,worker_2,NET_TRANSFER,5.419229,433.688291,Distribute Layer ID: 7e2ad603
1675559.942480,2000,87805db1-7116-4cbf-abf5-3bf14bbef0be,worker_2,worker_2,DISK_LOAD,5.419229,0.042338,"Disk -> RAM [Model: 87805db1, Layer: 7e2ad603]"
1675559.984818,2000,87805db1-7116-4cbf-abf5-3bf14bbef0be,worker_2,worker_2,MEM_MOVE,5.419229,0.042338,"RAM -> VRAM [Model: 87805db1, Layer: 7e2ad603]"
1675560.034818,2000,87805db1-7116-4cbf-abf5-3bf14bbef0be,worker_2,worker_2,GPU_COMPUTE,0.050000,0.050000,GPU Compute
1675560.034818,2000,87805db1-7116-4cbf-abf5-3bf14bbef0be,worker_2,worker_2,MEM_MOVE,0.000000,0.000000,"Wipe/Deallocate Layer from Memory [Model: 87805db1, Layer: 7e2ad603]"
1675560.192818,2000,87805db1-7116-4cbf-abf5-3bf14bbef0be,worker_2,coordinator_0,NET_TRANSFER,0.000100,0.158000,Signal Finished
1676714.234027,2000,87805db1-7116-4cbf-abf5-3bf14bbef0be,coordinator_0,worker_3,NET_TRANSFER,14.423640,1154.041209,Distribute Layer ID: c01aa97f
1676714.346712,2000,87805db1-7116-4cbf-abf5-3bf14bbef0be,worker_3,worker_3,DISK_LOAD,14.423640,0.112685,"Disk -> RAM [Model: 87805db1, Layer: c01aa97f]"
1676714.459396,2000,87805db1-7116-4cbf-abf5-3bf14bbef0be,worker_3,worker_3,MEM_MOVE,14.423640,0.112685,"RAM -> VRAM [Model: 87805db1, Layer: c01aa97f]"
1676714.509396,2000,87805db1-7116-4cbf-abf5-3bf14bbef0be,worker_3,worker_3,GPU_COMPUTE,0.050000,0.050000,GPU Compute
1676714.509396,2000,87805db1-7116-4cbf-abf5-3bf14bbef0be,worker_3,worker_3,MEM_MOVE,0.000000,0.000000,"Wipe/Deallocate Layer from Memory [Model: 87805db1, Layer: c01aa97f]"
1676714.667396,2000,87805db1-7116-4cbf-abf5-3bf14bbef0be,worker_3,coordinator_0,NET_TRANSFER,0.000100,0.158000,Signal Finished
1677783.845304,2000,87805db1-7116-4cbf-abf5-3bf14bbef0be,coordinator_0,worker_4,NET_TRANSFER,13.362849,1069.177908,Distribute Layer ID: 5d2247e8
1677783.949701,2000,87805db1-7116-4cbf-abf5-3bf14bbef0be,worker_4,worker_4,DISK_LOAD,13.362849,0.104397,"Disk -> RAM [Model: 87805db1, Layer: 5d2247e8]"
1677784.054099,2000,87805db1-7116-4cbf-abf5-3bf14bbef0be,worker_4,worker_4,MEM_MOVE,13.362849,0.104397,"RAM -> VRAM [Model: 87805db1, Layer: 5d2247e8]"
1677784.104099,2000,87805db1-7116-4cbf-abf5-3bf14bbef0be,worker_4,worker_4,GPU_COMPUTE,0.050000,0.050000,GPU Compute
1677784.104099,2000,87805db1-7116-4cbf-abf5-3bf14bbef0be,worker_4,worker_4,MEM_MOVE,0.000000,0.000000,"Wipe/Deallocate Layer from Memory [Model: 87805db1, Layer: 5d2247e8]"
1677784.262099,2000,87805db1-7116-4cbf-abf5-3bf14bbef0be,worker_4,coordinator_0,NET_TRANSFER,0.000100,0.158000,Signal Finished
1678625.809263,2000,87805db1-7116-4cbf-abf5-3bf14bbef0be,coordinator_0,worker_1,NET_TRANSFER,10.517465,841.547165,Distribute Layer ID: e23ac061
1678625.891431,2000,87805db1-7116-4cbf-abf5-3bf14bbef0be,worker_1,worker_1,DISK_LOAD,10.517465,0.082168,"Disk -> RAM [Model: 87805db1, Layer: e23ac061]"
1678625.973599,2000,87805db1-7116-4cbf-abf5-3bf14bbef0be,worker_1,worker_1,MEM_MOVE,10.517465,0.082168,"RAM -> VRAM [Model: 87805db1, Layer: e23ac061]"
1678626.023599,2000,87805db1-7116-4cbf-abf5-3bf14bbef0be,worker_1,worker_1,GPU_COMPUTE,0.050000,0.050000,GPU Compute
1678626.023599,2000,87805db1-7116-4cbf-abf5-3bf14bbef0be,worker_1,worker_1,MEM_MOVE,0.000000,0.000000,"Wipe/Deallocate Layer from Memory [Model: 87805db1, Layer: e23ac061]"
1678626.181599,2000,87805db1-7116-4cbf-abf5-3bf14bbef0be,worker_1,coordinator_0,NET_TRANSFER,0.000100,0.158000,Signal Finished
1679203.268328,2000,87805db1-7116-4cbf-abf5-3bf14bbef0be,coordinator_0,worker_2,NET_TRANSFER,7.211709,577.086730,Distribute Layer ID: a1c51750
1679203.324670,2000,87805db1-7116-4cbf-abf5-3bf14bbef0be,worker_2,worker_2,DISK_LOAD,7.211709,0.056341,"Disk -> RAM [Model: 87805db1, Layer: a1c51750]"
1679203.381011,2000,87805db1-7116-4cbf-abf5-3bf14bbef0be,worker_2,worker_2,MEM_MOVE,7.211709,0.056341,"RAM -> VRAM [Model: 87805db1, Layer: a1c51750]"
1679203.431011,2000,87805db1-7116-4cbf-abf5-3bf14bbef0be,worker_2,worker_2,GPU_COMPUTE,0.050000,0.050000,GPU Compute
1679203.431011,2000,87805db1-7116-4cbf-abf5-3bf14bbef0be,worker_2,worker_2,MEM_MOVE,0.000000,0.000000,"Wipe/Deallocate Layer from Memory [Model: 87805db1, Layer: a1c51750]"
1679203.589011,2000,87805db1-7116-4cbf-abf5-3bf14bbef0be,worker_2,coordinator_0,NET_TRANSFER,0.000100,0.158000,Signal Finished
1680221.627468,2000,87805db1-7116-4cbf-abf5-3bf14bbef0be,coordinator_0,worker_3,NET_TRANSFER,12.723606,1018.038457,Distribute Layer ID: f8d34afd
1680221.726871,2000,87805db1-7116-4cbf-abf5-3bf14bbef0be,worker_3,worker_3,DISK_LOAD,12.723606,0.099403,"Disk -> RAM [Model: 87805db1, Layer: f8d34afd]"
1680221.826274,2000,87805db1-7116-4cbf-abf5-3bf14bbef0be,worker_3,worker_3,MEM_MOVE,12.723606,0.099403,"RAM -> VRAM [Model: 87805db1, Layer: f8d34afd]"
1680221.876274,2000,87805db1-7116-4cbf-abf5-3bf14bbef0be,worker_3,worker_3,GPU_COMPUTE,0.050000,0.050000,GPU Compute
1680221.876274,2000,87805db1-7116-4cbf-abf5-3bf14bbef0be,worker_3,worker_3,MEM_MOVE,0.000000,0.000000,"Wipe/Deallocate Layer from Memory [Model: 87805db1, Layer: f8d34afd]"
1680222.034274,2000,87805db1-7116-4cbf-abf5-3bf14bbef0be,worker_3,coordinator_0,NET_TRANSFER,0.000100,0.158000,Signal Finished
1681276.293147,2000,87805db1-7116-4cbf-abf5-3bf14bbef0be,coordinator_0,worker_4,NET_TRANSFER,13.176361,1054.258873,Distribute Layer ID: 1d1195f2
1681276.396087,2000,87805db1-7116-4cbf-abf5-3bf14bbef0be,worker_4,worker_4,DISK_LOAD,13.176361,0.102940,"Disk -> RAM [Model: 87805db1, Layer: 1d1195f2]"
1681276.499028,2000,87805db1-7116-4cbf-abf5-3bf14bbef0be,worker_4,worker_4,MEM_MOVE,13.176361,0.102940,"RAM -> VRAM [Model: 87805db1, Layer: 1d1195f2]"
1681276.549028,2000,87805db1-7116-4cbf-abf5-3bf14bbef0be,worker_4,worker_4,GPU_COMPUTE,0.050000,0.050000,GPU Compute
1681276.549028,2000,87805db1-7116-4cbf-abf5-3bf14bbef0be,worker_4,worker_4,MEM_MOVE,0.000000,0.000000,"Wipe/Deallocate Layer from Memory [Model: 87805db1, Layer: 1d1195f2]"
1681276.707028,2000,87805db1-7116-4cbf-abf5-3bf14bbef0be,worker_4,coordinator_0,NET_TRANSFER,0.000100,0.158000,Signal Finished
1681988.333314,2000,87805db1-7116-4cbf-abf5-3bf14bbef0be,coordinator_0,worker_1,NET_TRANSFER,8.893454,711.626286,Distribute Layer ID: 6591d46f
1681988.402794,2000,87805db1-7116-4cbf-abf5-3bf14bbef0be,worker_1,worker_1,DISK_LOAD,8.893454,0.069480,"Disk -> RAM [Model: 87805db1, Layer: 6591d46f]"
1681988.472274,2000,87805db1-7116-4cbf-abf5-3bf14bbef0be,worker_1,worker_1,MEM_MOVE,8.893454,0.069480,"RAM -> VRAM [Model: 87805db1, Layer: 6591d46f]"
1681988.522274,2000,87805db1-7116-4cbf-abf5-3bf14bbef0be,worker_1,worker_1,GPU_COMPUTE,0.050000,0.050000,GPU Compute
1681988.522274,2000,87805db1-7116-4cbf-abf5-3bf14bbef0be,worker_1,worker_1,MEM_MOVE,0.000000,0.000000,"Wipe/Deallocate Layer from Memory [Model: 87805db1, Layer: 6591d46f]"
1681988.680274,2000,87805db1-7116-4cbf-abf5-3bf14bbef0be,worker_1,coordinator_0,NET_TRANSFER,0.000100,0.158000,Signal Finished
1682671.432877,2000,87805db1-7116-4cbf-abf5-3bf14bbef0be,coordinator_0,worker_2,NET_TRANSFER,8.532533,682.752603,Distribute Layer ID: c96976be
1682671.499537,2000,87805db1-7116-4cbf-abf5-3bf14bbef0be,worker_2,worker_2,DISK_LOAD,8.532533,0.066660,"Disk -> RAM [Model: 87805db1, Layer: c96976be]"
1682671.566197,2000,87805db1-7116-4cbf-abf5-3bf14bbef0be,worker_2,worker_2,MEM_MOVE,8.532533,0.066660,"RAM -> VRAM [Model: 87805db1, Layer: c96976be]"
1682671.616197,2000,87805db1-7116-4cbf-abf5-3bf14bbef0be,worker_2,worker_2,GPU_COMPUTE,0.050000,0.050000,GPU Compute
1682671.616197,2000,87805db1-7116-4cbf-abf5-3bf14bbef0be,worker_2,worker_2,MEM_MOVE,0.000000,0.000000,"Wipe/Deallocate Layer from Memory [Model: 87805db1, Layer: c96976be]"
1682671.774197,2000,87805db1-7116-4cbf-abf5-3bf14bbef0be,worker_2,coordinator_0,NET_TRANSFER,0.000100,0.158000,Signal Finished
1683747.014589,2000,87805db1-7116-4cbf-abf5-3bf14bbef0be,coordinator_0,worker_3,NET_TRANSFER,13.438630,1075.240392,Distribute Layer ID: 0f3b67a2
1683747.119579,2000,87805db1-7116-4cbf-abf5-3bf14bbef0be,worker_3,worker_3,DISK_LOAD,13.438630,0.104989,"Disk -> RAM [Model: 87805db1, Layer: 0f3b67a2]"
1683747.224568,2000,87805db1-7116-4cbf-abf5-3bf14bbef0be,worker_3,worker_3,MEM_MOVE,13.438630,0.104989,"RAM -> VRAM [Model: 87805db1, Layer: 0f3b67a2]"
1683747.274568,2000,87805db1-7116-4cbf-abf5-3bf14bbef0be,worker_3,worker_3,GPU_COMPUTE,0.050000,0.050000,GPU Compute
1683747.274568,2000,87805db1-7116-4cbf-abf5-3bf14bbef0be,worker_3,worker_3,MEM_MOVE,0.000000,0.000000,"Wipe/Deallocate Layer from Memory [Model: 87805db1, Layer: 0f3b67a2]"
1683747.432568,2000,87805db1-7116-4cbf-abf5-3bf14bbef0be,worker_3,coordinator_0,NET_TRANSFER,0.000100,0.158000,Signal Finished
1684901.503670,2000,87805db1-7116-4cbf-abf5-3bf14bbef0be,coordinator_0,worker_4,NET_TRANSFER,14.424014,1154.071101,Distribute Layer ID: e9ecb47c
1684901.616357,2000,87805db1-7116-4cbf-abf5-3bf14bbef0be,worker_4,worker_4,DISK_LOAD,14.424014,0.112688,"Disk -> RAM [Model: 87805db1, Layer: e9ecb47c]"
1684901.729045,2000,87805db1-7116-4cbf-abf5-3bf14bbef0be,worker_4,worker_4,MEM_MOVE,14.424014,0.112688,"RAM -> VRAM [Model: 87805db1, Layer: e9ecb47c]"
1684901.779045,2000,87805db1-7116-4cbf-abf5-3bf14bbef0be,worker_4,worker_4,GPU_COMPUTE,0.050000,0.050000,GPU Compute
1684901.779045,2000,87805db1-7116-4cbf-abf5-3bf14bbef0be,worker_4,worker_4,MEM_MOVE,0.000000,0.000000,"Wipe/Deallocate Layer from Memory [Model: 87805db1, Layer: e9ecb47c]"
1684901.937045,2000,87805db1-7116-4cbf-abf5-3bf14bbef0be,worker_4,coordinator_0,NET_TRANSFER,0.000100,0.158000,Signal Finished
1685964.165377,2000,87805db1-7116-4cbf-abf5-3bf14bbef0be,coordinator_0,worker_1,NET_TRANSFER,13.275979,1062.228332,Distribute Layer ID: 70213f96
1685964.269095,2000,87805db1-7116-4cbf-abf5-3bf14bbef0be,worker_1,worker_1,DISK_LOAD,13.275979,0.103719,"Disk -> RAM [Model: 87805db1, Layer: 70213f96]"
1685964.372814,2000,87805db1-7116-4cbf-abf5-3bf14bbef0be,worker_1,worker_1,MEM_MOVE,13.275979,0.103719,"RAM -> VRAM [Model: 87805db1, Layer: 70213f96]"
1685964.422814,2000,87805db1-7116-4cbf-abf5-3bf14bbef0be,worker_1,worker_1,GPU_COMPUTE,0.050000,0.050000,GPU Compute
1685964.422814,2000,87805db1-7116-4cbf-abf5-3bf14bbef0be,worker_1,worker_1,MEM_MOVE,0.000000,0.000000,"Wipe/Deallocate Layer from Memory [Model: 87805db1, Layer: 70213f96]"
1685964.580814,2000,87805db1-7116-4cbf-abf5-3bf14bbef0be,worker_1,coordinator_0,NET_TRANSFER,0.000100,0.158000,Signal Finished
1686456.327896,2000,87805db1-7116-4cbf-abf5-3bf14bbef0be,coordinator_0,worker_2,NET_TRANSFER,6.144964,491.747082,Distribute Layer ID: 3fd42e09
1686456.375904,2000,87805db1-7116-4cbf-abf5-3bf14bbef0be,worker_2,worker_2,DISK_LOAD,6.144964,0.048008,"Disk -> RAM [Model: 87805db1, Layer: 3fd42e09]"
1686456.423911,2000,87805db1-7116-4cbf-abf5-3bf14bbef0be,worker_2,worker_2,MEM_MOVE,6.144964,0.048008,"RAM -> VRAM [Model: 87805db1, Layer: 3fd42e09]"
1686456.473911,2000,87805db1-7116-4cbf-abf5-3bf14bbef0be,worker_2,worker_2,GPU_COMPUTE,0.050000,0.050000,GPU Compute
1686456.473911,2000,87805db1-7116-4cbf-abf5-3bf14bbef0be,worker_2,worker_2,MEM_MOVE,0.000000,0.000000,"Wipe/Deallocate Layer from Memory [Model: 87805db1, Layer: 3fd42e09]"
1686456.631911,2000,87805db1-7116-4cbf-abf5-3bf14bbef0be,worker_2,coordinator_0,NET_TRANSFER,0.000100,0.158000,Signal Finished
1687546.099873,2000,87805db1-7116-4cbf-abf5-3bf14bbef0be,coordinator_0,worker_3,NET_TRANSFER,13.616475,1089.467961,Distribute Layer ID: 0eb18b66
1687546.206251,2000,87805db1-7116-4cbf-abf5-3bf14bbef0be,worker_3,worker_3,DISK_LOAD,13.616475,0.106379,"Disk -> RAM [Model: 87805db1, Layer: 0eb18b66]"
1687546.312630,2000,87805db1-7116-4cbf-abf5-3bf14bbef0be,worker_3,worker_3,MEM_MOVE,13.616475,0.106379,"RAM -> VRAM [Model: 87805db1, Layer: 0eb18b66]"
1687546.362630,2000,87805db1-7116-4cbf-abf5-3bf14bbef0be,worker_3,worker_3,GPU_COMPUTE,0.050000,0.050000,GPU Compute
1687546.362630,2000,87805db1-7116-4cbf-abf5-3bf14bbef0be,worker_3,worker_3,MEM_MOVE,0.000000,0.000000,"Wipe/Deallocate Layer from Memory [Model: 87805db1, Layer: 0eb18b66]"
1687546.520630,2000,87805db1-7116-4cbf-abf5-3bf14bbef0be,worker_3,coordinator_0,NET_TRANSFER,0.000100,0.158000,Signal Finished
1688051.494904,5000,65477b2b-84c3-4061-b41d-a090a83da64f,coordinator_0,worker_2,NET_TRANSFER,6.310303,504.974274,Distribute Layer ID: dbc61eda
1688051.544204,5000,65477b2b-84c3-4061-b41d-a090a83da64f,worker_2,worker_2,DISK_LOAD,6.310303,0.049299,"Disk -> RAM [Model: 65477b2b, Layer: dbc61eda]"
1688051.593503,5000,65477b2b-84c3-4061-b41d-a090a83da64f,worker_2,worker_2,MEM_MOVE,6.310303,0.049299,"RAM -> VRAM [Model: 65477b2b, Layer: dbc61eda]"
1688051.643503,5000,65477b2b-84c3-4061-b41d-a090a83da64f,worker_2,worker_2,GPU_COMPUTE,0.050000,0.050000,GPU Compute
1688051.643503,5000,65477b2b-84c3-4061-b41d-a090a83da64f,worker_2,worker_2,MEM_MOVE,0.000000,0.000000,"Wipe/Deallocate Layer from Memory [Model: 65477b2b, Layer: dbc61eda]"
1688051.801503,10014,8cf3f410-dcc3-4315-9786-8032924a0e46,client_10,coordinator_0,NET_TRANSFER,0.000100,0.158000,Request Model ID
1688051.959503,5000,65477b2b-84c3-4061-b41d-a090a83da64f,worker_2,coordinator_0,NET_TRANSFER,0.000100,0.158000,Signal Finished
1689108.805752,5000,65477b2b-84c3-4061-b41d-a090a83da64f,coordinator_0,worker_3,NET_TRANSFER,13.208703,1056.846249,Distribute Layer ID: a8ba86b7
1689108.908945,5000,65477b2b-84c3-4061-b41d-a090a83da64f,worker_3,worker_3,DISK_LOAD,13.208703,0.103193,"Disk -> RAM [Model: 65477b2b, Layer: a8ba86b7]"
1689109.012138,5000,65477b2b-84c3-4061-b41d-a090a83da64f,worker_3,worker_3,MEM_MOVE,13.208703,0.103193,"RAM -> VRAM [Model: 65477b2b, Layer: a8ba86b7]"
1689109.062138,5000,65477b2b-84c3-4061-b41d-a090a83da64f,worker_3,worker_3,GPU_COMPUTE,0.050000,0.050000,GPU Compute
1689109.062138,5000,65477b2b-84c3-4061-b41d-a090a83da64f,worker_3,worker_3,MEM_MOVE,0.000000,0.000000,"Wipe/Deallocate Layer from Memory [Model: 65477b2b, Layer: a8ba86b7]"
1689109.220138,5000,65477b2b-84c3-4061-b41d-a090a83da64f,worker_3,coordinator_0,NET_TRANSFER,0.000100,0.158000,Signal Finished
1690143.223371,5000,65477b2b-84c3-4061-b41d-a090a83da64f,coordinator_0,worker_4,NET_TRANSFER,12.923165,1034.003233,Distribute Layer ID: b3d557d5
1690143.324334,5000,65477b2b-84c3-4061-b41d-a090a83da64f,worker_4,worker_4,DISK_LOAD,12.923165,0.100962,"Disk -> RAM [Model: 65477b2b, Layer: b3d557d5]"
1690143.425296,5000,65477b2b-84c3-4061-b41d-a090a83da64f,worker_4,worker_4,MEM_MOVE,12.923165,0.100962,"RAM -> VRAM [Model: 65477b2b, Layer: b3d557d5]"
1690143.475296,5000,65477b2b-84c3-4061-b41d-a090a83da64f,worker_4,worker_4,GPU_COMPUTE,0.050000,0.050000,GPU Compute
1690143.475296,5000,65477b2b-84c3-4061-b41d-a090a83da64f,worker_4,worker_4,MEM_MOVE,0.000000,0.000000,"Wipe/Deallocate Layer from Memory [Model: 65477b2b, Layer: b3d557d5]"
1690143.633296,5000,65477b2b-84c3-4061-b41d-a090a83da64f,worker_4,coordinator_0,NET_TRANSFER,0.000100,0.158000,Signal Finished
1690866.481174,5000,65477b2b-84c3-4061-b41d-a090a83da64f,coordinator_0,worker_1,NET_TRANSFER,9.033723,722.847878,Distribute Layer ID: 2956f765
1690866.551750,5000,65477b2b-84c3-4061-b41d-a090a83da64f,worker_1,worker_1,DISK_LOAD,9.033723,0.070576,"Disk -> RAM [Model: 65477b2b, Layer: 2956f765]"
1690866.622326,5000,65477b2b-84c3-4061-b41d-a090a83da64f,worker_1,worker_1,MEM_MOVE,9.033723,0.070576,"RAM -> VRAM [Model: 65477b2b, Layer: 2956f765]"
1690866.672326,5000,65477b2b-84c3-4061-b41d-a090a83da64f,worker_1,worker_1,GPU_COMPUTE,0.050000,0.050000,GPU Compute
1690866.672326,5000,65477b2b-84c3-4061-b41d-a090a83da64f,worker_1,worker_1,MEM_MOVE,0.000000,0.000000,"Wipe/Deallocate Layer from Memory [Model: 65477b2b, Layer: 2956f765]"
1690866.830326,5000,65477b2b-84c3-4061-b41d-a090a83da64f,worker_1,coordinator_0,NET_TRANSFER,0.000100,0.158000,Signal Finished
1691278.488124,5000,65477b2b-84c3-4061-b41d-a090a83da64f,coordinator_0,worker_2,NET_TRANSFER,5.143847,411.657798,Distribute Layer ID: 59bf760a
1691278.528311,5000,65477b2b-84c3-4061-b41d-a090a83da64f,worker_2,worker_2,DISK_LOAD,5.143847,0.040186,"Disk -> RAM [Model: 65477b2b, Layer: 59bf760a]"
1691278.568497,5000,65477b2b-84c3-4061-b41d-a090a83da64f,worker_2,worker_2,MEM_MOVE,5.143847,0.040186,"RAM -> VRAM [Model: 65477b2b, Layer: 59bf760a]"
1691278.618497,5000,65477b2b-84c3-4061-b41d-a090a83da64f,worker_2,worker_2,GPU_COMPUTE,0.050000,0.050000,GPU Compute
1691278.618497,5000,65477b2b-84c3-4061-b41d-a090a83da64f,worker_2,worker_2,MEM_MOVE,0.000000,0.000000,"Wipe/Deallocate Layer from Memory [Model: 65477b2b, Layer: 59bf760a]"
1691278.776497,5000,65477b2b-84c3-4061-b41d-a090a83da64f,worker_2,coordinator_0,NET_TRANSFER,0.000100,0.158000,Signal Finished
1691973.510145,5000,65477b2b-84c3-4061-b41d-a090a83da64f,coordinator_0,worker_3,NET_TRANSFER,8.682296,694.733648,Distribute Layer ID: 3b76295c
1691973.577976,5000,65477b2b-84c3-4061-b41d-a090a83da64f,worker_3,worker_3,DISK_LOAD,8.682296,0.067830,"Disk -> RAM [Model: 65477b2b, Layer: 3b76295c]"
1691973.645806,5000,65477b2b-84c3-4061-b41d-a090a83da64f,worker_3,worker_3,MEM_MOVE,8.682296,0.067830,"RAM -> VRAM [Model: 65477b2b, Layer: 3b76295c]"
1691973.695806,5000,65477b2b-84c3-4061-b41d-a090a83da64f,worker_3,worker_3,GPU_COMPUTE,0.050000,0.050000,GPU Compute
1691973.695806,5000,65477b2b-84c3-4061-b41d-a090a83da64f,worker_3,worker_3,MEM_MOVE,0.000000,0.000000,"Wipe/Deallocate Layer from Memory [Model: 65477b2b, Layer: 3b76295c]"
1691973.853806,5000,65477b2b-84c3-4061-b41d-a090a83da64f,worker_3,coordinator_0,NET_TRANSFER,0.000100,0.158000,Signal Finished
1693083.212193,5000,65477b2b-84c3-4061-b41d-a090a83da64f,coordinator_0,worker_4,NET_TRANSFER,13.865105,1109.358387,Distribute Layer ID: 4a2f2156
1693083.320514,5000,65477b2b-84c3-4061-b41d-a090a83da64f,worker_4,worker_4,DISK_LOAD,13.865105,0.108321,"Disk -> RAM [Model: 65477b2b, Layer: 4a2f2156]"
1693083.428835,5000,65477b2b-84c3-4061-b41d-a090a83da64f,worker_4,worker_4,MEM_MOVE,13.865105,0.108321,"RAM -> VRAM [Model: 65477b2b, Layer: 4a2f2156]"
1693083.478835,5000,65477b2b-84c3-4061-b41d-a090a83da64f,worker_4,worker_4,GPU_COMPUTE,0.050000,0.050000,GPU Compute
1693083.478835,5000,65477b2b-84c3-4061-b41d-a090a83da64f,worker_4,worker_4,MEM_MOVE,0.000000,0.000000,"Wipe/Deallocate Layer from Memory [Model: 65477b2b, Layer: 4a2f2156]"
1693083.636835,9014,4f4ec27a-26d2-47e6-ad9b-bb575c60b698,client_9,coordinator_0,NET_TRANSFER,0.000100,0.158000,Request Model ID
1693083.794835,10014,ad0d9656-07af-4c9c-9ff2-7b7ad5f3b3f2,client_10,coordinator_0,NET_TRANSFER,0.000100,0.158000,Request Model ID
1693083.952835,10014,67082293-a0a0-42d4-8cf9-d0ef7b49af34,client_10,coordinator_0,NET_TRANSFER,0.000100,0.158000,Request Model ID
1693084.110835,4014,8cf3f410-dcc3-4315-9786-8032924a0e46,client_4,coordinator_0,NET_TRANSFER,0.000100,0.158000,Request Model ID
1693084.268835,3014,d681adae-a2b4-44cd-8616-f8e1e8da12ad,client_3,coordinator_0,NET_TRANSFER,0.000100,0.158000,Request Model ID
1693084.426835,3014,cfc45a4e-2fdb-48da-a83d-d1b0979b56cb,client_3,coordinator_0,NET_TRANSFER,0.000100,0.158000,Request Model ID
1693084.584835,2014,bd0c7555-7508-4f24-995f-8f7876638404,client_2,coordinator_0,NET_TRANSFER,0.000100,0.158000,Request Model ID
1693084.742835,8014,87805db1-7116-4cbf-abf5-3bf14bbef0be,client_8,coordinator_0,NET_TRANSFER,0.000100,0.158000,Request Model ID
1693084.900835,8014,9756b9a8-e47e-41d3-a26d-bfa827451023,client_8,coordinator_0,NET_TRANSFER,0.000100,0.158000,Request Model ID
1693085.058835,2014,1574891c-9c5f-4da5-bd91-8f23bf73d1d1,client_2,coordinator_0,NET_TRANSFER,0.000100,0.158000,Request Model ID
1693085.216835,8014,f4e8236d-3bac-4a5a-bc2a-52927bacb8bb,client_8,coordinator_0,NET_TRANSFER,0.000100,0.158000,Request Model ID
1693085.374835,3014,c63195df-94aa-4094-99e3-c6a0cd83a683,client_3,coordinator_0,NET_TRANSFER,0.000100,0.158000,Request Model ID
1693085.532835,10014,4f4ec27a-26d2-47e6-ad9b-bb575c60b698,client_10,coordinator_0,NET_TRANSFER,0.000100,0.158000,Request Model ID
1693085.690835,2014,3c75fe70-4ef7-47df-ba06-905342d3e385,client_2,coordinator_0,NET_TRANSFER,0.000100,0.158000,Request Model ID
1693085.848835,9014,65477b2b-84c3-4061-b41d-a090a83da64f,client_9,coordinator_0,NET_TRANSFER,0.000100,0.158000,Request Model ID
1693086.006835,2014,2689c22d-d78c-4127-a74c-3cc88d4cc4da,client_2,coordinator_0,NET_TRANSFER,0.000100,0.158000,Request Model ID
1693086.164835,7014,a79d6eab-63d5-456d-acd6-efea895af322,client_7,coordinator_0,NET_TRANSFER,0.000100,0.158000,Request Model ID
1693086.322835,7014,5c9ce36a-2b74-4ea7-8e23-d9b1ed951ad5,client_7,coordinator_0,NET_TRANSFER,0.000100,0.158000,Request Model ID
1693086.480835,7014,83f6b24d-e2c0-4816-aadf-23dfab68d109,client_7,coordinator_0,NET_TRANSFER,0.000100,0.158000,Request Model ID
1693086.638835,5000,65477b2b-84c3-4061-b41d-a090a83da64f,worker_4,coordinator_0,NET_TRANSFER,0.000100,0.158000,Signal Finished
1693559.016422,5000,65477b2b-84c3-4061-b41d-a090a83da64f,coordinator_0,worker_1,NET_TRANSFER,5.902845,472.377587,Distribute Layer ID: ce48157b
1693559.062538,5000,65477b2b-84c3-4061-b41d-a090a83da64f,worker_1,worker_1,DISK_LOAD,5.902845,0.046116,"Disk -> RAM [Model: 65477b2b, Layer: ce48157b]"
1693559.108654,5000,65477b2b-84c3-4061-b41d-a090a83da64f,worker_1,worker_1,MEM_MOVE,5.902845,0.046116,"RAM -> VRAM [Model: 65477b2b, Layer: ce48157b]"
1693559.158654,5000,65477b2b-84c3-4061-b41d-a090a83da64f,worker_1,worker_1,GPU_COMPUTE,0.050000,0.050000,GPU Compute
1693559.158654,5000,65477b2b-84c3-4061-b41d-a090a83da64f,worker_1,worker_1,MEM_MOVE,0.000000,0.000000,"Wipe/Deallocate Layer from Memory [Model: 65477b2b, Layer: ce48157b]"
1693559.316654,1014,c63195df-94aa-4094-99e3-c6a0cd83a683,client_1,coordinator_0,NET_TRANSFER,0.000100,0.158000,Request Model ID
1693559.474654,1014,65477b2b-84c3-4061-b41d-a090a83da64f,client_1,coordinator_0,NET_TRANSFER,0.000100,0.158000,Request Model ID
1693559.632654,5000,65477b2b-84c3-4061-b41d-a090a83da64f,worker_1,coordinator_0,NET_TRANSFER,0.000100,0.158000,Signal Finished
1694524.781201,5000,65477b2b-84c3-4061-b41d-a090a83da64f,coordinator_0,worker_2,NET_TRANSFER,12.062482,965.148547,Distribute Layer ID: a8861003
1694524.875439,5000,65477b2b-84c3-4061-b41d-a090a83da64f,worker_2,worker_2,DISK_LOAD,12.062482,0.094238,"Disk -> RAM [Model: 65477b2b, Layer: a8861003]"
1694524.969677,5000,65477b2b-84c3-4061-b41d-a090a83da64f,worker_2,worker_2,MEM_MOVE,12.062482,0.094238,"RAM -> VRAM [Model: 65477b2b, Layer: a8861003]"
1694525.019677,5000,65477b2b-84c3-4061-b41d-a090a83da64f,worker_2,worker_2,GPU_COMPUTE,0.050000,0.050000,GPU Compute
1694525.019677,5000,65477b2b-84c3-4061-b41d-a090a83da64f,worker_2,worker_2,MEM_MOVE,0.000000,0.000000,"Wipe/Deallocate Layer from Memory [Model: 65477b2b, Layer: a8861003]"
1694525.177677,5000,65477b2b-84c3-4061-b41d-a090a83da64f,worker_2,coordinator_0,NET_TRANSFER,0.000100,0.158000,Signal Finished
1695229.715520,5000,65477b2b-84c3-4061-b41d-a090a83da64f,coordinator_0,worker_3,NET_TRANSFER,8.804848,704.537843,Distribute Layer ID: 50b1a1cb
1695229.784308,5000,65477b2b-84c3-4061-b41d-a090a83da64f,worker_3,worker_3,DISK_LOAD,8.804848,0.068788,"Disk -> RAM [Model: 65477b2b, Layer: 50b1a1cb]"
1695229.853096,5000,65477b2b-84c3-4061-b41d-a090a83da64f,worker_3,worker_3,MEM_MOVE,8.804848,0.068788,"RAM -> VRAM [Model: 65477b2b, Layer: 50b1a1cb]"
1695229.903096,5000,65477b2b-84c3-4061-b41d-a090a83da64f,worker_3,worker_3,GPU_COMPUTE,0.050000,0.050000,GPU Compute
1695229.903096,5000,65477b2b-84c3-4061-b41d-a090a83da64f,worker_3,worker_3,MEM_MOVE,0.000000,0.000000,"Wipe/Deallocate Layer from Memory [Model: 65477b2b, Layer: 50b1a1cb]"
1695230.061096,1014,9ff4653d-0230-4ab2-8730-509275ebe6b9,client_1,coordinator_0,NET_TRANSFER,0.000100,0.158000,Request Model ID
1695230.219096,5000,65477b2b-84c3-4061-b41d-a090a83da64f,worker_3,coordinator_0,NET_TRANSFER,0.000100,0.158000,Signal Finished
1695786.699387,5000,65477b2b-84c3-4061-b41d-a090a83da64f,coordinator_0,worker_4,NET_TRANSFER,6.954129,556.480291,Distribute Layer ID: d19227c8
1695786.753716,5000,65477b2b-84c3-4061-b41d-a090a83da64f,worker_4,worker_4,DISK_LOAD,6.954129,0.054329,"Disk -> RAM [Model: 65477b2b, Layer: d19227c8]"
1695786.808046,5000,65477b2b-84c3-4061-b41d-a090a83da64f,worker_4,worker_4,MEM_MOVE,6.954129,0.054329,"RAM -> VRAM [Model: 65477b2b, Layer: d19227c8]"
1695786.858046,5000,65477b2b-84c3-4061-b41d-a090a83da64f,worker_4,worker_4,GPU_COMPUTE,0.050000,0.050000,GPU Compute
1695786.858046,5000,65477b2b-84c3-4061-b41d-a090a83da64f,worker_4,worker_4,MEM_MOVE,0.000000,0.000000,"Wipe/Deallocate Layer from Memory [Model: 65477b2b, Layer: d19227c8]"
1695787.016046,5000,65477b2b-84c3-4061-b41d-a090a83da64f,worker_4,coordinator_0,NET_TRANSFER,0.000100,0.158000,Signal Finished
1696688.478339,5000,65477b2b-84c3-4061-b41d-a090a83da64f,coordinator_0,worker_1,NET_TRANSFER,11.266404,901.462293,Distribute Layer ID: 0d60fcf5
1696688.566358,5000,65477b2b-84c3-4061-b41d-a090a83da64f,worker_1,worker_1,DISK_LOAD,11.266404,0.088019,"Disk -> RAM [Model: 65477b2b, Layer: 0d60fcf5]"
1696688.654377,5000,65477b2b-84c3-4061-b41d-a090a83da64f,worker_1,worker_1,MEM_MOVE,11.266404,0.088019,"RAM -> VRAM [Model: 65477b2b, Layer: 0d60fcf5]"
1696688.704377,5000,65477b2b-84c3-4061-b41d-a090a83da64f,worker_1,worker_1,GPU_COMPUTE,0.050000,0.050000,GPU Compute
1696688.704377,5000,65477b2b-84c3-4061-b41d-a090a83da64f,worker_1,worker_1,MEM_MOVE,0.000000,0.000000,"Wipe/Deallocate Layer from Memory [Model: 65477b2b, Layer: 0d60fcf5]"
1696688.862377,1014,8f8d56cf-a64d-4894-ad63-cc75da090995,client_1,coordinator_0,NET_TRANSFER,0.000100,0.158000,Request Model ID
1696689.020377,5000,65477b2b-84c3-4061-b41d-a090a83da64f,worker_1,coordinator_0,NET_TRANSFER,0.000100,0.158000,Signal Finished
1697647.109190,5000,65477b2b-84c3-4061-b41d-a090a83da64f,coordinator_0,worker_2,NET_TRANSFER,11.974235,958.088814,Distribute Layer ID: 9dd765fd
1697647.202739,5000,65477b2b-84c3-4061-b41d-a090a83da64f,worker_2,worker_2,DISK_LOAD,11.974235,0.093549,"Disk -> RAM [Model: 65477b2b, Layer: 9dd765fd]"
1697647.296288,5000,65477b2b-84c3-4061-b41d-a090a83da64f,worker_2,worker_2,MEM_MOVE,11.974235,0.093549,"RAM -> VRAM [Model: 65477b2b, Layer: 9dd765fd]"
1697647.346288,5000,65477b2b-84c3-4061-b41d-a090a83da64f,worker_2,worker_2,GPU_COMPUTE,0.050000,0.050000,GPU Compute
1697647.346288,5000,65477b2b-84c3-4061-b41d-a090a83da64f,worker_2,worker_2,MEM_MOVE,0.000000,0.000000,"Wipe/Deallocate Layer from Memory [Model: 65477b2b, Layer: 9dd765fd]"
1697647.504288,5000,65477b2b-84c3-4061-b41d-a090a83da64f,worker_2,coordinator_0,NET_TRANSFER,0.000100,0.158000,Signal Finished
1698052.421299,5000,65477b2b-84c3-4061-b41d-a090a83da64f,coordinator_0,worker_3,NET_TRANSFER,5.059588,404.917011,Distribute Layer ID: a1b93535
1698052.460827,5000,65477b2b-84c3-4061-b41d-a090a83da64f,worker_3,worker_3,DISK_LOAD,5.059588,0.039528,"Disk -> RAM [Model: 65477b2b, Layer: a1b93535]"
1698052.500355,5000,65477b2b-84c3-4061-b41d-a090a83da64f,worker_3,worker_3,MEM_MOVE,5.059588,0.039528,"RAM -> VRAM [Model: 65477b2b, Layer: a1b93535]"
1698052.550355,5000,65477b2b-84c3-4061-b41d-a090a83da64f,worker_3,worker_3,GPU_COMPUTE,0.050000,0.050000,GPU Compute
1698052.550355,5000,65477b2b-84c3-4061-b41d-a090a83da64f,worker_3,worker_3,MEM_MOVE,0.000000,0.000000,"Wipe/Deallocate Layer from Memory [Model: 65477b2b, Layer: a1b93535]"
1698052.708355,5000,65477b2b-84c3-4061-b41d-a090a83da64f,worker_3,coordinator_0,NET_TRANSFER,0.000100,0.158000,Signal Finished
1698903.768347,5000,65477b2b-84c3-4061-b41d-a090a83da64f,coordinator_0,worker_4,NET_TRANSFER,10.636375,851.059991,Distribute Layer ID: 97eade7e
1698903.851443,5000,65477b2b-84c3-4061-b41d-a090a83da64f,worker_4,worker_4,DISK_LOAD,10.636375,0.083097,"Disk -> RAM [Model: 65477b2b, Layer: 97eade7e]"
1698903.934540,5000,65477b2b-84c3-4061-b41d-a090a83da64f,worker_4,worker_4,MEM_MOVE,10.636375,0.083097,"RAM -> VRAM [Model: 65477b2b, Layer: 97eade7e]"
1698903.984540,5000,65477b2b-84c3-4061-b41d-a090a83da64f,worker_4,worker_4,GPU_COMPUTE,0.050000,0.050000,GPU Compute
1698903.984540,5000,65477b2b-84c3-4061-b41d-a090a83da64f,worker_4,worker_4,MEM_MOVE,0.000000,0.000000,"Wipe/Deallocate Layer from Memory [Model: 65477b2b, Layer: 97eade7e]"
1698904.142540,5000,65477b2b-84c3-4061-b41d-a090a83da64f,worker_4,coordinator_0,NET_TRANSFER,0.000100,0.158000,Signal Finished
1699345.753560,5000,65477b2b-84c3-4061-b41d-a090a83da64f,coordinator_0,worker_1,NET_TRANSFER,5.518263,441.611020,Distribute Layer ID: 8cd18adc
1699345.796671,5000,65477b2b-84c3-4061-b41d-a090a83da64f,worker_1,worker_1,DISK_LOAD,5.518263,0.043111,"Disk -> RAM [Model: 65477b2b, Layer: 8cd18adc]"
1699345.839782,5000,65477b2b-84c3-4061-b41d-a090a83da64f,worker_1,worker_1,MEM_MOVE,5.518263,0.043111,"RAM -> VRAM [Model: 65477b2b, Layer: 8cd18adc]"
1699345.889782,5000,65477b2b-84c3-4061-b41d-a090a83da64f,worker_1,worker_1,GPU_COMPUTE,0.050000,0.050000,GPU Compute
1699345.889782,5000,65477b2b-84c3-4061-b41d-a090a83da64f,worker_1,worker_1,MEM_MOVE,0.000000,0.000000,"Wipe/Deallocate Layer from Memory [Model: 65477b2b, Layer: 8cd18adc]"
1699346.047782,5000,65477b2b-84c3-4061-b41d-a090a83da64f,worker_1,coordinator_0,NET_TRANSFER,0.000100,0.158000,Signal Finished
1700364.757366,5000,65477b2b-84c3-4061-b41d-a090a83da64f,coordinator_0,worker_2,NET_TRANSFER,12.731995,1018.709584,Distribute Layer ID: 5a84afd5
1700364.856835,5000,65477b2b-84c3-4061-b41d-a090a83da64f,worker_2,worker_2,DISK_LOAD,12.731995,0.099469,"Disk -> RAM [Model: 65477b2b, Layer: 5a84afd5]"
1700364.956304,5000,65477b2b-84c3-4061-b41d-a090a83da64f,worker_2,worker_2,MEM_MOVE,12.731995,0.099469,"RAM -> VRAM [Model: 65477b2b, Layer: 5a84afd5]"
1700365.006304,5000,65477b2b-84c3-4061-b41d-a090a83da64f,worker_2,worker_2,GPU_COMPUTE,0.050000,0.050000,GPU Compute
1700365.006304,5000,65477b2b-84c3-4061-b41d-a090a83da64f,worker_2,worker_2,MEM_MOVE,0.000000,0.000000,"Wipe/Deallocate Layer from Memory [Model: 65477b2b, Layer: 5a84afd5]"
1700365.164304,5000,65477b2b-84c3-4061-b41d-a090a83da64f,worker_2,coordinator_0,NET_TRANSFER,0.000100,0.158000,Signal Finished
1701059.817202,5000,65477b2b-84c3-4061-b41d-a090a83da64f,coordinator_0,worker_3,NET_TRANSFER,8.681286,694.652898,Distribute Layer ID: d4f0ca5e
1701059.885024,5000,65477b2b-84c3-4061-b41d-a090a83da64f,worker_3,worker_3,DISK_LOAD,8.681286,0.067823,"Disk -> RAM [Model: 65477b2b, Layer: d4f0ca5e]"
1701059.952847,5000,65477b2b-84c3-4061-b41d-a090a83da64f,worker_3,worker_3,MEM_MOVE,8.681286,0.067823,"RAM -> VRAM [Model: 65477b2b, Layer: d4f0ca5e]"
1701060.002847,5000,65477b2b-84c3-4061-b41d-a090a83da64f,worker_3,worker_3,GPU_COMPUTE,0.050000,0.050000,GPU Compute
1701060.002847,5000,65477b2b-84c3-4061-b41d-a090a83da64f,worker_3,worker_3,MEM_MOVE,0.000000,0.000000,"Wipe/Deallocate Layer from Memory [Model: 65477b2b, Layer: d4f0ca5e]"
1701060.160847,5000,65477b2b-84c3-4061-b41d-a090a83da64f,worker_3,coordinator_0,NET_TRANSFER,0.000100,0.158000,Signal Finished
1702227.720095,5000,65477b2b-84c3-4061-b41d-a090a83da64f,coordinator_0,worker_4,NET_TRANSFER,14.592616,1167.559248,Distribute Layer ID: aa2c5935
1702227.834100,5000,65477b2b-84c3-4061-b41d-a090a83da64f,worker_4,worker_4,DISK_LOAD,14.592616,0.114005,"Disk -> RAM [Model: 65477b2b, Layer: aa2c5935]"
1702227.948105,5000,65477b2b-84c3-4061-b41d-a090a83da64f,worker_4,worker_4,MEM_MOVE,14.592616,0.114005,"RAM -> VRAM [Model: 65477b2b, Layer: aa2c5935]"
1702227.998105,5000,65477b2b-84c3-4061-b41d-a090a83da64f,worker_4,worker_4,GPU_COMPUTE,0.050000,0.050000,GPU Compute
1702227.998105,5000,65477b2b-84c3-4061-b41d-a090a83da64f,worker_4,worker_4,MEM_MOVE,0.000000,0.000000,"Wipe/Deallocate Layer from Memory [Model: 65477b2b, Layer: aa2c5935]"
1702228.156105,5000,65477b2b-84c3-4061-b41d-a090a83da64f,worker_4,coordinator_0,NET_TRANSFER,0.000100,0.158000,Signal Finished
1702856.864529,5000,65477b2b-84c3-4061-b41d-a090a83da64f,coordinator_0,worker_1,NET_TRANSFER,7.856980,628.708425,Distribute Layer ID: 169dc194
1702856.925912,5000,65477b2b-84c3-4061-b41d-a090a83da64f,worker_1,worker_1,DISK_LOAD,7.856980,0.061383,"Disk -> RAM [Model: 65477b2b, Layer: 169dc194]"
1702856.987295,5000,65477b2b-84c3-4061-b41d-a090a83da64f,worker_1,worker_1,MEM_MOVE,7.856980,0.061383,"RAM -> VRAM [Model: 65477b2b, Layer: 169dc194]"
1702857.037295,5000,65477b2b-84c3-4061-b41d-a090a83da64f,worker_1,worker_1,GPU_COMPUTE,0.050000,0.050000,GPU Compute
1702857.037295,5000,65477b2b-84c3-4061-b41d-a090a83da64f,worker_1,worker_1,MEM_MOVE,0.000000,0.000000,"Wipe/Deallocate Layer from Memory [Model: 65477b2b, Layer: 169dc194]"
1702857.195295,5000,65477b2b-84c3-4061-b41d-a090a83da64f,worker_1,coordinator_0,NET_TRANSFER,0.000100,0.158000,Signal Finished
1703586.627460,5000,65477b2b-84c3-4061-b41d-a090a83da64f,coordinator_0,worker_2,NET_TRANSFER,9.116027,729.432166,Distribute Layer ID: 62855267
1703586.698679,5000,65477b2b-84c3-4061-b41d-a090a83da64f,worker_2,worker_2,DISK_LOAD,9.116027,0.071219,"Disk -> RAM [Model: 65477b2b, Layer: 62855267]"
1703586.769898,5000,65477b2b-84c3-4061-b41d-a090a83da64f,worker_2,worker_2,MEM_MOVE,9.116027,0.071219,"RAM -> VRAM [Model: 65477b2b, Layer: 62855267]"
1703586.819898,5000,65477b2b-84c3-4061-b41d-a090a83da64f,worker_2,worker_2,GPU_COMPUTE,0.050000,0.050000,GPU Compute
1703586.819898,5000,65477b2b-84c3-4061-b41d-a090a83da64f,worker_2,worker_2,MEM_MOVE,0.000000,0.000000,"Wipe/Deallocate Layer from Memory [Model: 65477b2b, Layer: 62855267]"
1703586.977898,5000,65477b2b-84c3-4061-b41d-a090a83da64f,worker_2,coordinator_0,NET_TRANSFER,0.000100,0.158000,Signal Finished
1704657.583629,5000,65477b2b-84c3-4061-b41d-a090a83da64f,coordinator_0,worker_3,NET_TRANSFER,13.380697,1070.605731,Distribute Layer ID: 62373b13
1704657.688166,5000,65477b2b-84c3-4061-b41d-a090a83da64f,worker_3,worker_3,DISK_LOAD,13.380697,0.104537,"Disk -> RAM [Model: 65477b2b, Layer: 62373b13]"
1704657.792703,5000,65477b2b-84c3-4061-b41d-a090a83da64f,worker_3,worker_3,MEM_MOVE,13.380697,0.104537,"RAM -> VRAM [Model: 65477b2b, Layer: 62373b13]"
1704657.842703,5000,65477b2b-84c3-4061-b41d-a090a83da64f,worker_3,worker_3,GPU_COMPUTE,0.050000,0.050000,GPU Compute
1704657.842703,5000,65477b2b-84c3-4061-b41d-a090a83da64f,worker_3,worker_3,MEM_MOVE,0.000000,0.000000,"Wipe/Deallocate Layer from Memory [Model: 65477b2b, Layer: 62373b13]"
1704658.000703,5000,65477b2b-84c3-4061-b41d-a090a83da64f,worker_3,coordinator_0,NET_TRANSFER,0.000100,0.158000,Signal Finished
1705205.595708,5000,65477b2b-84c3-4061-b41d-a090a83da64f,coordinator_0,worker_4,NET_TRANSFER,6.843063,547.595005,Distribute Layer ID: 281aef2d
1705205.649169,5000,65477b2b-84c3-4061-b41d-a090a83da64f,worker_4,worker_4,DISK_LOAD,6.843063,0.053461,"Disk -> RAM [Model: 65477b2b, Layer: 281aef2d]"
1705205.702631,5000,65477b2b-84c3-4061-b41d-a090a83da64f,worker_4,worker_4,MEM_MOVE,6.843063,0.053461,"RAM -> VRAM [Model: 65477b2b, Layer: 281aef2d]"
1705205.752631,5000,65477b2b-84c3-4061-b41d-a090a83da64f,worker_4,worker_4,GPU_COMPUTE,0.050000,0.050000,GPU Compute
1705205.752631,5000,65477b2b-84c3-4061-b41d-a090a83da64f,worker_4,worker_4,MEM_MOVE,0.000000,0.000000,"Wipe/Deallocate Layer from Memory [Model: 65477b2b, Layer: 281aef2d]"
1705205.910631,5000,65477b2b-84c3-4061-b41d-a090a83da64f,worker_4,coordinator_0,NET_TRANSFER,0.000100,0.158000,Signal Finished
1705919.476307,5000,65477b2b-84c3-4061-b41d-a090a83da64f,coordinator_0,worker_1,NET_TRANSFER,8.917696,713.565676,Distribute Layer ID: 09137713
1705919.545977,5000,65477b2b-84c3-4061-b41d-a090a83da64f,worker_1,worker_1,DISK_LOAD,8.917696,0.069669,"Disk -> RAM [Model: 65477b2b, Layer: 09137713]"
1705919.615646,5000,65477b2b-84c3-4061-b41d-a090a83da64f,worker_1,worker_1,MEM_MOVE,8.917696,0.069669,"RAM -> VRAM [Model: 65477b2b, Layer: 09137713]"
1705919.665646,5000,65477b2b-84c3-4061-b41d-a090a83da64f,worker_1,worker_1,GPU_COMPUTE,0.050000,0.050000,GPU Compute
1705919.665646,5000,65477b2b-84c3-4061-b41d-a090a83da64f,worker_1,worker_1,MEM_MOVE,0.000000,0.000000,"Wipe/Deallocate Layer from Memory [Model: 65477b2b, Layer: 09137713]"
1705919.823646,5000,65477b2b-84c3-4061-b41d-a090a83da64f,worker_1,coordinator_0,NET_TRANSFER,0.000100,0.158000,Signal Finished
1706566.871132,5000,65477b2b-84c3-4061-b41d-a090a83da64f,coordinator_0,worker_2,NET_TRANSFER,8.086219,647.047486,Distribute Layer ID: 6933f4bd
1706566.934305,5000,65477b2b-84c3-4061-b41d-a090a83da64f,worker_2,worker_2,DISK_LOAD,8.086219,0.063174,"Disk -> RAM [Model: 65477b2b, Layer: 6933f4bd]"
1706566.997479,5000,65477b2b-84c3-4061-b41d-a090a83da64f,worker_2,worker_2,MEM_MOVE,8.086219,0.063174,"RAM -> VRAM [Model: 65477b2b, Layer: 6933f4bd]"
1706567.047479,5000,65477b2b-84c3-4061-b41d-a090a83da64f,worker_2,worker_2,GPU_COMPUTE,0.050000,0.050000,GPU Compute
1706567.047479,5000,65477b2b-84c3-4061-b41d-a090a83da64f,worker_2,worker_2,MEM_MOVE,0.000000,0.000000,"Wipe/Deallocate Layer from Memory [Model: 65477b2b, Layer: 6933f4bd]"
1706567.205479,5000,65477b2b-84c3-4061-b41d-a090a83da64f,worker_2,coordinator_0,NET_TRANSFER,0.000100,0.158000,Signal Finished
1707139.799637,5000,65477b2b-84c3-4061-b41d-a090a83da64f,coordinator_0,worker_3,NET_TRANSFER,7.155552,572.594159,Distribute Layer ID: 52553791
1707139.855540,5000,65477b2b-84c3-4061-b41d-a090a83da64f,worker_3,worker_3,DISK_LOAD,7.155552,0.055903,"Disk -> RAM [Model: 65477b2b, Layer: 52553791]"
1707139.911443,5000,65477b2b-84c3-4061-b41d-a090a83da64f,worker_3,worker_3,MEM_MOVE,7.155552,0.055903,"RAM -> VRAM [Model: 65477b2b, Layer: 52553791]"
1707139.961443,5000,65477b2b-84c3-4061-b41d-a090a83da64f,worker_3,worker_3,GPU_COMPUTE,0.050000,0.050000,GPU Compute
1707139.961443,5000,65477b2b-84c3-4061-b41d-a090a83da64f,worker_3,worker_3,MEM_MOVE,0.000000,0.000000,"Wipe/Deallocate Layer from Memory [Model: 65477b2b, Layer: 52553791]"
1707140.119443,5000,65477b2b-84c3-4061-b41d-a090a83da64f,worker_3,coordinator_0,NET_TRANSFER,0.000100,0.158000,Signal Finished
1707688.771507,5000,65477b2b-84c3-4061-b41d-a090a83da64f,coordinator_0,worker_4,NET_TRANSFER,6.856276,548.652064,Distribute Layer ID: 7eb704d2
1707688.825072,5000,65477b2b-84c3-4061-b41d-a090a83da64f,worker_4,worker_4,DISK_LOAD,6.856276,0.053565,"Disk -> RAM [Model: 65477b2b, Layer: 7eb704d2]"
1707688.878636,5000,65477b2b-84c3-4061-b41d-a090a83da64f,worker_4,worker_4,MEM_MOVE,6.856276,0.053565,"RAM -> VRAM [Model: 65477b2b, Layer: 7eb704d2]"
1707688.928636,5000,65477b2b-84c3-4061-b41d-a090a83da64f,worker_4,worker_4,GPU_COMPUTE,0.050000,0.050000,GPU Compute
1707688.928636,5000,65477b2b-84c3-4061-b41d-a090a83da64f,worker_4,worker_4,MEM_MOVE,0.000000,0.000000,"Wipe/Deallocate Layer from Memory [Model: 65477b2b, Layer: 7eb704d2]"
1707689.086636,5000,65477b2b-84c3-4061-b41d-a090a83da64f,worker_4,coordinator_0,NET_TRANSFER,0.000100,0.158000,Signal Finished
1708762.260998,5000,65477b2b-84c3-4061-b41d-a090a83da64f,coordinator_0,worker_1,NET_TRANSFER,13.412805,1073.174362,Distribute Layer ID: 8d31edef
1708762.365786,5000,65477b2b-84c3-4061-b41d-a090a83da64f,worker_1,worker_1,DISK_LOAD,13.412805,0.104788,"Disk -> RAM [Model: 65477b2b, Layer: 8d31edef]"
1708762.470573,5000,65477b2b-84c3-4061-b41d-a090a83da64f,worker_1,worker_1,MEM_MOVE,13.412805,0.104788,"RAM -> VRAM [Model: 65477b2b, Layer: 8d31edef]"
1708762.520573,5000,65477b2b-84c3-4061-b41d-a090a83da64f,worker_1,worker_1,GPU_COMPUTE,0.050000,0.050000,GPU Compute
1708762.520573,5000,65477b2b-84c3-4061-b41d-a090a83da64f,worker_1,worker_1,MEM_MOVE,0.000000,0.000000,"Wipe/Deallocate Layer from Memory [Model: 65477b2b, Layer: 8d31edef]"
1708762.678573,5000,65477b2b-84c3-4061-b41d-a090a83da64f,worker_1,coordinator_0,NET_TRANSFER,0.000100,0.158000,Signal Finished
1709181.399411,5000,65477b2b-84c3-4061-b41d-a090a83da64f,coordinator_0,worker_2,NET_TRANSFER,5.232135,418.720837,Distribute Layer ID: 7bae789f
1709181.440287,5000,65477b2b-84c3-4061-b41d-a090a83da64f,worker_2,worker_2,DISK_LOAD,5.232135,0.040876,"Disk -> RAM [Model: 65477b2b, Layer: 7bae789f]"
1709181.481163,5000,65477b2b-84c3-4061-b41d-a090a83da64f,worker_2,worker_2,MEM_MOVE,5.232135,0.040876,"RAM -> VRAM [Model: 65477b2b, Layer: 7bae789f]"
1709181.531163,5000,65477b2b-84c3-4061-b41d-a090a83da64f,worker_2,worker_2,GPU_COMPUTE,0.050000,0.050000,GPU Compute
1709181.531163,5000,65477b2b-84c3-4061-b41d-a090a83da64f,worker_2,worker_2,MEM_MOVE,0.000000,0.000000,"Wipe/Deallocate Layer from Memory [Model: 65477b2b, Layer: 7bae789f]"
1709181.689163,5000,65477b2b-84c3-4061-b41d-a090a83da64f,worker_2,coordinator_0,NET_TRANSFER,0.000100,0.158000,Signal Finished
1709918.850321,5000,65477b2b-84c3-4061-b41d-a090a83da64f,coordinator_0,worker_3,NET_TRANSFER,9.212639,737.161158,Distribute Layer ID: 70dbd7ce
1709918.922294,5000,65477b2b-84c3-4061-b41d-a090a83da64f,worker_3,worker_3,DISK_LOAD,9.212639,0.071974,"Disk -> RAM [Model: 65477b2b, Layer: 70dbd7ce]"
1709918.994268,5000,65477b2b-84c3-4061-b41d-a090a83da64f,worker_3,worker_3,MEM_MOVE,9.212639,0.071974,"RAM -> VRAM [Model: 65477b2b, Layer: 70dbd7ce]"
1709919.044268,5000,65477b2b-84c3-4061-b41d-a090a83da64f,worker_3,worker_3,GPU_COMPUTE,0.050000,0.050000,GPU Compute
1709919.044268,5000,65477b2b-84c3-4061-b41d-a090a83da64f,worker_3,worker_3,MEM_MOVE,0.000000,0.000000,"Wipe/Deallocate Layer from Memory [Model: 65477b2b, Layer: 70dbd7ce]"
1709919.202268,5000,65477b2b-84c3-4061-b41d-a090a83da64f,worker_3,coordinator_0,NET_TRANSFER,0.000100,0.158000,Signal Finished
1710600.991143,5000,65477b2b-84c3-4061-b41d-a090a83da64f,coordinator_0,worker_4,NET_TRANSFER,8.520486,681.788874,Distribute Layer ID: 9602ba16
1710601.057709,5000,65477b2b-84c3-4061-b41d-a090a83da64f,worker_4,worker_4,DISK_LOAD,8.520486,0.066566,"Disk -> RAM [Model: 65477b2b, Layer: 9602ba16]"
1710601.124275,5000,65477b2b-84c3-4061-b41d-a090a83da64f,worker_4,worker_4,MEM_MOVE,8.520486,0.066566,"RAM -> VRAM [Model: 65477b2b, Layer: 9602ba16]"
1710601.174275,5000,65477b2b-84c3-4061-b41d-a090a83da64f,worker_4,worker_4,GPU_COMPUTE,0.050000,0.050000,GPU Compute
1710601.174275,5000,65477b2b-84c3-4061-b41d-a090a83da64f,worker_4,worker_4,MEM_MOVE,0.000000,0.000000,"Wipe/Deallocate Layer from Memory [Model: 65477b2b, Layer: 9602ba16]"
1710601.332275,5000,65477b2b-84c3-4061-b41d-a090a83da64f,worker_4,coordinator_0,NET_TRANSFER,0.000100,0.158000,Signal Finished
1711488.964133,5000,65477b2b-84c3-4061-b41d-a090a83da64f,coordinator_0,worker_1,NET_TRANSFER,11.093523,887.631858,Distribute Layer ID: bea3edb3
1711489.050802,5000,65477b2b-84c3-4061-b41d-a090a83da64f,worker_1,worker_1,DISK_LOAD,11.093523,0.086668,"Disk -> RAM [Model: 65477b2b, Layer: bea3edb3]"
1711489.137470,5000,65477b2b-84c3-4061-b41d-a090a83da64f,worker_1,worker_1,MEM_MOVE,11.093523,0.086668,"RAM -> VRAM [Model: 65477b2b, Layer: bea3edb3]"
1711489.187470,5000,65477b2b-84c3-4061-b41d-a090a83da64f,worker_1,worker_1,GPU_COMPUTE,0.050000,0.050000,GPU Compute
1711489.187470,5000,65477b2b-84c3-4061-b41d-a090a83da64f,worker_1,worker_1,MEM_MOVE,0.000000,0.000000,"Wipe/Deallocate Layer from Memory [Model: 65477b2b, Layer: bea3edb3]"
1711489.345470,5000,65477b2b-84c3-4061-b41d-a090a83da64f,worker_1,coordinator_0,NET_TRANSFER,0.000100,0.158000,Signal Finished
1712520.466408,5000,65477b2b-84c3-4061-b41d-a090a83da64f,coordinator_0,worker_2,NET_TRANSFER,12.887137,1031.120938,Distribute Layer ID: 0d37f103
1712520.567089,5000,65477b2b-84c3-4061-b41d-a090a83da64f,worker_2,worker_2,DISK_LOAD,12.887137,0.100681,"Disk -> RAM [Model: 65477b2b, Layer: 0d37f103]"
1712520.667769,5000,65477b2b-84c3-4061-b41d-a090a83da64f,worker_2,worker_2,MEM_MOVE,12.887137,0.100681,"RAM -> VRAM [Model: 65477b2b, Layer: 0d37f103]"
1712520.717769,5000,65477b2b-84c3-4061-b41d-a090a83da64f,worker_2,worker_2,GPU_COMPUTE,0.050000,0.050000,GPU Compute
1712520.717769,5000,65477b2b-84c3-4061-b41d-a090a83da64f,worker_2,worker_2,MEM_MOVE,0.000000,0.000000,"Wipe/Deallocate Layer from Memory [Model: 65477b2b, Layer: 0d37f103]"
1712520.875769,5000,65477b2b-84c3-4061-b41d-a090a83da64f,worker_2,coordinator_0,NET_TRANSFER,0.000100,0.158000,Signal Finished
1713269.476825,5000,65477b2b-84c3-4061-b41d-a090a83da64f,coordinator_0,worker_3,NET_TRANSFER,9.355638,748.601056,Distribute Layer ID: eb0a39bf
1713269.549916,5000,65477b2b-84c3-4061-b41d-a090a83da64f,worker_3,worker_3,DISK_LOAD,9.355638,0.073091,"Disk -> RAM [Model: 65477b2b, Layer: eb0a39bf]"
1713269.623007,5000,65477b2b-84c3-4061-b41d-a090a83da64f,worker_3,worker_3,MEM_MOVE,9.355638,0.073091,"RAM -> VRAM [Model: 65477b2b, Layer: eb0a39bf]"
1713269.673007,5000,65477b2b-84c3-4061-b41d-a090a83da64f,worker_3,worker_3,GPU_COMPUTE,0.050000,0.050000,GPU Compute
1713269.673007,5000,65477b2b-84c3-4061-b41d-a090a83da64f,worker_3,worker_3,MEM_MOVE,0.000000,0.000000,"Wipe/Deallocate Layer from Memory [Model: 65477b2b, Layer: eb0a39bf]"
1713269.831007,5000,65477b2b-84c3-4061-b41d-a090a83da64f,worker_3,coordinator_0,NET_TRANSFER,0.000100,0.158000,Signal Finished
1714093.486835,5000,65477b2b-84c3-4061-b41d-a090a83da64f,coordinator_0,worker_4,NET_TRANSFER,10.293823,823.655828,Distribute Layer ID: d166ead5
1714093.567256,5000,65477b2b-84c3-4061-b41d-a090a83da64f,worker_4,worker_4,DISK_LOAD,10.293823,0.080420,"Disk -> RAM [Model: 65477b2b, Layer: d166ead5]"
1714093.647676,5000,65477b2b-84c3-4061-b41d-a090a83da64f,worker_4,worker_4,MEM_MOVE,10.293823,0.080420,"RAM -> VRAM [Model: 65477b2b, Layer: d166ead5]"
1714093.697676,5000,65477b2b-84c3-4061-b41d-a090a83da64f,worker_4,worker_4,GPU_COMPUTE,0.050000,0.050000,GPU Compute
1714093.697676,5000,65477b2b-84c3-4061-b41d-a090a83da64f,worker_4,worker_4,MEM_MOVE,0.000000,0.000000,"Wipe/Deallocate Layer from Memory [Model: 65477b2b, Layer: d166ead5]"
