VirtualTime_Sec,RequestID,ModelID,OriginNode,EndNode,Operation,Size_GB,Duration_Sec,Description
0.158000,10000,b378f61c-a691-49d8-9683-2c451172ffd9,client_10,coordinator_0,NET_TRANSFER,0.000100,0.158000,Request Model ID
0.316000,10000,b378f61c-a691-49d8-9683-2c451172ffd9,coordinator_0,client_10,NET_TRANSFER,0.000100,0.158000,Signal: Cache Miss / Request Weights
45264.601639,10000,b378f61c-a691-49d8-9683-2c451172ffd9,client_10,coordinator_0,NET_TRANSFER,565.801695,45264.285639,Upload Model Weights
45684.446095,10000,b378f61c-a691-49d8-9683-2c451172ffd9,coordinator_0,worker_4,NET_TRANSFER,5.246181,419.844457,Distribute Layer ID: c994cf75
45684.487081,10000,b378f61c-a691-49d8-9683-2c451172ffd9,worker_4,worker_4,DISK_LOAD,5.246181,0.040986,"Disk -> RAM [Model: b378f61c, Layer: c994cf75]"
45684.528067,10000,b378f61c-a691-49d8-9683-2c451172ffd9,worker_4,worker_4,MEM_MOVE,5.246181,0.040986,"RAM -> VRAM [Model: b378f61c, Layer: c994cf75]"
45684.578067,10000,b378f61c-a691-49d8-9683-2c451172ffd9,worker_4,worker_4,GPU_COMPUTE,0.050000,0.050000,GPU Compute
45684.736067,10000,b378f61c-a691-49d8-9683-2c451172ffd9,worker_4,coordinator_0,NET_TRANSFER,0.000100,0.158000,Signal Finished
46396.646368,10000,b378f61c-a691-49d8-9683-2c451172ffd9,coordinator_0,worker_1,NET_TRANSFER,8.897004,711.910301,Distribute Layer ID: 87f4e1c8
46396.715876,10000,b378f61c-a691-49d8-9683-2c451172ffd9,worker_1,worker_1,DISK_LOAD,8.897004,0.069508,"Disk -> RAM [Model: b378f61c, Layer: 87f4e1c8]"
46396.785384,10000,b378f61c-a691-49d8-9683-2c451172ffd9,worker_1,worker_1,MEM_MOVE,8.897004,0.069508,"RAM -> VRAM [Model: b378f61c, Layer: 87f4e1c8]"
46396.835384,10000,b378f61c-a691-49d8-9683-2c451172ffd9,worker_1,worker_1,GPU_COMPUTE,0.050000,0.050000,GPU Compute
46396.993384,10000,b378f61c-a691-49d8-9683-2c451172ffd9,worker_1,coordinator_0,NET_TRANSFER,0.000100,0.158000,Signal Finished
47122.290932,10000,b378f61c-a691-49d8-9683-2c451172ffd9,coordinator_0,worker_2,NET_TRANSFER,9.064344,725.297548,Distribute Layer ID: 48f8301a
47122.361747,10000,b378f61c-a691-49d8-9683-2c451172ffd9,worker_2,worker_2,DISK_LOAD,9.064344,0.070815,"Disk -> RAM [Model: b378f61c, Layer: 48f8301a]"
47122.432562,10000,b378f61c-a691-49d8-9683-2c451172ffd9,worker_2,worker_2,MEM_MOVE,9.064344,0.070815,"RAM -> VRAM [Model: b378f61c, Layer: 48f8301a]"
47122.482562,10000,b378f61c-a691-49d8-9683-2c451172ffd9,worker_2,worker_2,GPU_COMPUTE,0.050000,0.050000,GPU Compute
47122.640562,10000,b378f61c-a691-49d8-9683-2c451172ffd9,worker_2,coordinator_0,NET_TRANSFER,0.000100,0.158000,Signal Finished
47928.229978,10000,b378f61c-a691-49d8-9683-2c451172ffd9,coordinator_0,worker_3,NET_TRANSFER,10.067993,805.589416,Distribute Layer ID: ab926540
47928.308635,10000,b378f61c-a691-49d8-9683-2c451172ffd9,worker_3,worker_3,DISK_LOAD,10.067993,0.078656,"Disk -> RAM [Model: b378f61c, Layer: ab926540]"
47928.387291,10000,b378f61c-a691-49d8-9683-2c451172ffd9,worker_3,worker_3,MEM_MOVE,10.067993,0.078656,"RAM -> VRAM [Model: b378f61c, Layer: ab926540]"
47928.437291,10000,b378f61c-a691-49d8-9683-2c451172ffd9,worker_3,worker_3,GPU_COMPUTE,0.050000,0.050000,GPU Compute
47928.595291,10000,b378f61c-a691-49d8-9683-2c451172ffd9,worker_3,coordinator_0,NET_TRANSFER,0.000100,0.158000,Signal Finished
48711.769866,10000,b378f61c-a691-49d8-9683-2c451172ffd9,coordinator_0,worker_4,NET_TRANSFER,9.787807,783.174576,Distribute Layer ID: a4a7ec35
48711.846334,10000,b378f61c-a691-49d8-9683-2c451172ffd9,worker_4,worker_4,DISK_LOAD,9.787807,0.076467,"Disk -> RAM [Model: b378f61c, Layer: a4a7ec35]"
48711.922801,10000,b378f61c-a691-49d8-9683-2c451172ffd9,worker_4,worker_4,MEM_MOVE,9.787807,0.076467,"RAM -> VRAM [Model: b378f61c, Layer: a4a7ec35]"
48711.972801,10000,b378f61c-a691-49d8-9683-2c451172ffd9,worker_4,worker_4,GPU_COMPUTE,0.050000,0.050000,GPU Compute
48712.130801,10000,b378f61c-a691-49d8-9683-2c451172ffd9,worker_4,coordinator_0,NET_TRANSFER,0.000100,0.158000,Signal Finished
49365.313746,10000,b378f61c-a691-49d8-9683-2c451172ffd9,coordinator_0,worker_1,NET_TRANSFER,8.162912,653.182945,Distribute Layer ID: c39c654f
49365.377519,10000,b378f61c-a691-49d8-9683-2c451172ffd9,worker_1,worker_1,DISK_LOAD,8.162912,0.063773,"Disk -> RAM [Model: b378f61c, Layer: c39c654f]"
49365.441291,10000,b378f61c-a691-49d8-9683-2c451172ffd9,worker_1,worker_1,MEM_MOVE,8.162912,0.063773,"RAM -> VRAM [Model: b378f61c, Layer: c39c654f]"
49365.491291,10000,b378f61c-a691-49d8-9683-2c451172ffd9,worker_1,worker_1,GPU_COMPUTE,0.050000,0.050000,GPU Compute
49365.649291,10000,b378f61c-a691-49d8-9683-2c451172ffd9,worker_1,coordinator_0,NET_TRANSFER,0.000100,0.158000,Signal Finished
50119.184640,10000,b378f61c-a691-49d8-9683-2c451172ffd9,coordinator_0,worker_2,NET_TRANSFER,9.417317,753.535348,Distribute Layer ID: 578701b8
50119.258212,10000,b378f61c-a691-49d8-9683-2c451172ffd9,worker_2,worker_2,DISK_LOAD,9.417317,0.073573,"Disk -> RAM [Model: b378f61c, Layer: 578701b8]"
50119.331785,10000,b378f61c-a691-49d8-9683-2c451172ffd9,worker_2,worker_2,MEM_MOVE,9.417317,0.073573,"RAM -> VRAM [Model: b378f61c, Layer: 578701b8]"
50119.381785,10000,b378f61c-a691-49d8-9683-2c451172ffd9,worker_2,worker_2,GPU_COMPUTE,0.050000,0.050000,GPU Compute
50119.539785,10000,b378f61c-a691-49d8-9683-2c451172ffd9,worker_2,coordinator_0,NET_TRANSFER,0.000100,0.158000,Signal Finished
50779.687700,10000,b378f61c-a691-49d8-9683-2c451172ffd9,coordinator_0,worker_3,NET_TRANSFER,8.249974,660.147915,Distribute Layer ID: 0ea720aa
50779.752153,10000,b378f61c-a691-49d8-9683-2c451172ffd9,worker_3,worker_3,DISK_LOAD,8.249974,0.064453,"Disk -> RAM [Model: b378f61c, Layer: 0ea720aa]"
50779.816606,10000,b378f61c-a691-49d8-9683-2c451172ffd9,worker_3,worker_3,MEM_MOVE,8.249974,0.064453,"RAM -> VRAM [Model: b378f61c, Layer: 0ea720aa]"
50779.866606,10000,b378f61c-a691-49d8-9683-2c451172ffd9,worker_3,worker_3,GPU_COMPUTE,0.050000,0.050000,GPU Compute
50780.024606,10000,b378f61c-a691-49d8-9683-2c451172ffd9,worker_3,coordinator_0,NET_TRANSFER,0.000100,0.158000,Signal Finished
51759.191759,10000,b378f61c-a691-49d8-9683-2c451172ffd9,coordinator_0,worker_4,NET_TRANSFER,12.237714,979.167153,Distribute Layer ID: ffae5995
51759.287366,10000,b378f61c-a691-49d8-9683-2c451172ffd9,worker_4,worker_4,DISK_LOAD,12.237714,0.095607,"Disk -> RAM [Model: b378f61c, Layer: ffae5995]"
51759.382974,10000,b378f61c-a691-49d8-9683-2c451172ffd9,worker_4,worker_4,MEM_MOVE,12.237714,0.095607,"RAM -> VRAM [Model: b378f61c, Layer: ffae5995]"
51759.432974,10000,b378f61c-a691-49d8-9683-2c451172ffd9,worker_4,worker_4,GPU_COMPUTE,0.050000,0.050000,GPU Compute
51759.590974,10000,b378f61c-a691-49d8-9683-2c451172ffd9,worker_4,coordinator_0,NET_TRANSFER,0.000100,0.158000,Signal Finished
52432.981394,10000,b378f61c-a691-49d8-9683-2c451172ffd9,coordinator_0,worker_1,NET_TRANSFER,8.415505,673.390421,Distribute Layer ID: 65e12208
52433.047140,10000,b378f61c-a691-49d8-9683-2c451172ffd9,worker_1,worker_1,DISK_LOAD,8.415505,0.065746,"Disk -> RAM [Model: b378f61c, Layer: 65e12208]"
52433.112886,10000,b378f61c-a691-49d8-9683-2c451172ffd9,worker_1,worker_1,MEM_MOVE,8.415505,0.065746,"RAM -> VRAM [Model: b378f61c, Layer: 65e12208]"
52433.162886,10000,b378f61c-a691-49d8-9683-2c451172ffd9,worker_1,worker_1,GPU_COMPUTE,0.050000,0.050000,GPU Compute
52433.320886,10000,b378f61c-a691-49d8-9683-2c451172ffd9,worker_1,coordinator_0,NET_TRANSFER,0.000100,0.158000,Signal Finished
53538.203005,10000,b378f61c-a691-49d8-9683-2c451172ffd9,coordinator_0,worker_2,NET_TRANSFER,13.809151,1104.882119,Distribute Layer ID: 16b972f1
53538.310889,10000,b378f61c-a691-49d8-9683-2c451172ffd9,worker_2,worker_2,DISK_LOAD,13.809151,0.107884,"Disk -> RAM [Model: b378f61c, Layer: 16b972f1]"
53538.418773,10000,b378f61c-a691-49d8-9683-2c451172ffd9,worker_2,worker_2,MEM_MOVE,13.809151,0.107884,"RAM -> VRAM [Model: b378f61c, Layer: 16b972f1]"
53538.468773,10000,b378f61c-a691-49d8-9683-2c451172ffd9,worker_2,worker_2,GPU_COMPUTE,0.050000,0.050000,GPU Compute
53538.626773,10000,b378f61c-a691-49d8-9683-2c451172ffd9,worker_2,coordinator_0,NET_TRANSFER,0.000100,0.158000,Signal Finished
54450.455506,10000,b378f61c-a691-49d8-9683-2c451172ffd9,coordinator_0,worker_3,NET_TRANSFER,11.395984,911.828733,Distribute Layer ID: 4d0fa2a6
54450.544538,10000,b378f61c-a691-49d8-9683-2c451172ffd9,worker_3,worker_3,DISK_LOAD,11.395984,0.089031,"Disk -> RAM [Model: b378f61c, Layer: 4d0fa2a6]"
54450.633569,10000,b378f61c-a691-49d8-9683-2c451172ffd9,worker_3,worker_3,MEM_MOVE,11.395984,0.089031,"RAM -> VRAM [Model: b378f61c, Layer: 4d0fa2a6]"
54450.683569,10000,b378f61c-a691-49d8-9683-2c451172ffd9,worker_3,worker_3,GPU_COMPUTE,0.050000,0.050000,GPU Compute
54450.841569,10000,b378f61c-a691-49d8-9683-2c451172ffd9,worker_3,coordinator_0,NET_TRANSFER,0.000100,0.158000,Signal Finished
55126.335405,10000,b378f61c-a691-49d8-9683-2c451172ffd9,coordinator_0,worker_4,NET_TRANSFER,8.441798,675.493836,Distribute Layer ID: 28a91760
55126.401356,10000,b378f61c-a691-49d8-9683-2c451172ffd9,worker_4,worker_4,DISK_LOAD,8.441798,0.065952,"Disk -> RAM [Model: b378f61c, Layer: 28a91760]"
55126.467308,10000,b378f61c-a691-49d8-9683-2c451172ffd9,worker_4,worker_4,MEM_MOVE,8.441798,0.065952,"RAM -> VRAM [Model: b378f61c, Layer: 28a91760]"
55126.517308,10000,b378f61c-a691-49d8-9683-2c451172ffd9,worker_4,worker_4,GPU_COMPUTE,0.050000,0.050000,GPU Compute
55126.675308,10000,b378f61c-a691-49d8-9683-2c451172ffd9,worker_4,coordinator_0,NET_TRANSFER,0.000100,0.158000,Signal Finished
55814.629820,10000,b378f61c-a691-49d8-9683-2c451172ffd9,coordinator_0,worker_1,NET_TRANSFER,8.597556,687.954512,Distribute Layer ID: 815ab795
55814.696989,10000,b378f61c-a691-49d8-9683-2c451172ffd9,worker_1,worker_1,DISK_LOAD,8.597556,0.067168,"Disk -> RAM [Model: b378f61c, Layer: 815ab795]"
55814.764157,10000,b378f61c-a691-49d8-9683-2c451172ffd9,worker_1,worker_1,MEM_MOVE,8.597556,0.067168,"RAM -> VRAM [Model: b378f61c, Layer: 815ab795]"
55814.814157,10000,b378f61c-a691-49d8-9683-2c451172ffd9,worker_1,worker_1,GPU_COMPUTE,0.050000,0.050000,GPU Compute
55814.972157,10000,b378f61c-a691-49d8-9683-2c451172ffd9,worker_1,coordinator_0,NET_TRANSFER,0.000100,0.158000,Signal Finished
56732.338323,10000,b378f61c-a691-49d8-9683-2c451172ffd9,coordinator_0,worker_2,NET_TRANSFER,11.465202,917.366166,Distribute Layer ID: ac5b2511
56732.427895,10000,b378f61c-a691-49d8-9683-2c451172ffd9,worker_2,worker_2,DISK_LOAD,11.465202,0.089572,"Disk -> RAM [Model: b378f61c, Layer: ac5b2511]"
56732.517467,10000,b378f61c-a691-49d8-9683-2c451172ffd9,worker_2,worker_2,MEM_MOVE,11.465202,0.089572,"RAM -> VRAM [Model: b378f61c, Layer: ac5b2511]"
56732.567467,10000,b378f61c-a691-49d8-9683-2c451172ffd9,worker_2,worker_2,GPU_COMPUTE,0.050000,0.050000,GPU Compute
56732.725467,10000,b378f61c-a691-49d8-9683-2c451172ffd9,worker_2,coordinator_0,NET_TRANSFER,0.000100,0.158000,Signal Finished
57203.896059,10000,b378f61c-a691-49d8-9683-2c451172ffd9,coordinator_0,worker_3,NET_TRANSFER,5.887757,471.170592,Distribute Layer ID: 5f3d0b3d
57203.942057,10000,b378f61c-a691-49d8-9683-2c451172ffd9,worker_3,worker_3,DISK_LOAD,5.887757,0.045998,"Disk -> RAM [Model: b378f61c, Layer: 5f3d0b3d]"
57203.988055,10000,b378f61c-a691-49d8-9683-2c451172ffd9,worker_3,worker_3,MEM_MOVE,5.887757,0.045998,"RAM -> VRAM [Model: b378f61c, Layer: 5f3d0b3d]"
57204.038055,10000,b378f61c-a691-49d8-9683-2c451172ffd9,worker_3,worker_3,GPU_COMPUTE,0.050000,0.050000,GPU Compute
57204.196055,10000,b378f61c-a691-49d8-9683-2c451172ffd9,worker_3,coordinator_0,NET_TRANSFER,0.000100,0.158000,Signal Finished
57633.082057,10000,b378f61c-a691-49d8-9683-2c451172ffd9,coordinator_0,worker_4,NET_TRANSFER,5.359200,428.886002,Distribute Layer ID: 4c79536b
57633.123926,10000,b378f61c-a691-49d8-9683-2c451172ffd9,worker_4,worker_4,DISK_LOAD,5.359200,0.041869,"Disk -> RAM [Model: b378f61c, Layer: 4c79536b]"
57633.165794,10000,b378f61c-a691-49d8-9683-2c451172ffd9,worker_4,worker_4,MEM_MOVE,5.359200,0.041869,"RAM -> VRAM [Model: b378f61c, Layer: 4c79536b]"
57633.215794,10000,b378f61c-a691-49d8-9683-2c451172ffd9,worker_4,worker_4,GPU_COMPUTE,0.050000,0.050000,GPU Compute
57633.373794,10000,b378f61c-a691-49d8-9683-2c451172ffd9,worker_4,coordinator_0,NET_TRANSFER,0.000100,0.158000,Signal Finished
58718.685319,10000,b378f61c-a691-49d8-9683-2c451172ffd9,coordinator_0,worker_1,NET_TRANSFER,13.564519,1085.311524,Distribute Layer ID: 956cfc57
58718.791292,10000,b378f61c-a691-49d8-9683-2c451172ffd9,worker_1,worker_1,DISK_LOAD,13.564519,0.105973,"Disk -> RAM [Model: b378f61c, Layer: 956cfc57]"
58718.897264,10000,b378f61c-a691-49d8-9683-2c451172ffd9,worker_1,worker_1,MEM_MOVE,13.564519,0.105973,"RAM -> VRAM [Model: b378f61c, Layer: 956cfc57]"
58718.947264,10000,b378f61c-a691-49d8-9683-2c451172ffd9,worker_1,worker_1,GPU_COMPUTE,0.050000,0.050000,GPU Compute
58719.105264,10000,b378f61c-a691-49d8-9683-2c451172ffd9,worker_1,coordinator_0,NET_TRANSFER,0.000100,0.158000,Signal Finished
59507.218610,10000,b378f61c-a691-49d8-9683-2c451172ffd9,coordinator_0,worker_2,NET_TRANSFER,9.849542,788.113345,Distribute Layer ID: fbe84f63
59507.295559,10000,b378f61c-a691-49d8-9683-2c451172ffd9,worker_2,worker_2,DISK_LOAD,9.849542,0.076950,"Disk -> RAM [Model: b378f61c, Layer: fbe84f63]"
59507.372509,10000,b378f61c-a691-49d8-9683-2c451172ffd9,worker_2,worker_2,MEM_MOVE,9.849542,0.076950,"RAM -> VRAM [Model: b378f61c, Layer: fbe84f63]"
59507.422509,10000,b378f61c-a691-49d8-9683-2c451172ffd9,worker_2,worker_2,GPU_COMPUTE,0.050000,0.050000,GPU Compute
59507.580509,10000,b378f61c-a691-49d8-9683-2c451172ffd9,worker_2,coordinator_0,NET_TRANSFER,0.000100,0.158000,Signal Finished
60483.269341,10000,b378f61c-a691-49d8-9683-2c451172ffd9,coordinator_0,worker_3,NET_TRANSFER,12.194235,975.688832,Distribute Layer ID: ebec5c5e
60483.364608,10000,b378f61c-a691-49d8-9683-2c451172ffd9,worker_3,worker_3,DISK_LOAD,12.194235,0.095267,"Disk -> RAM [Model: b378f61c, Layer: ebec5c5e]"
60483.459876,10000,b378f61c-a691-49d8-9683-2c451172ffd9,worker_3,worker_3,MEM_MOVE,12.194235,0.095267,"RAM -> VRAM [Model: b378f61c, Layer: ebec5c5e]"
60483.509876,10000,b378f61c-a691-49d8-9683-2c451172ffd9,worker_3,worker_3,GPU_COMPUTE,0.050000,0.050000,GPU Compute
60483.667876,10000,b378f61c-a691-49d8-9683-2c451172ffd9,worker_3,coordinator_0,NET_TRANSFER,0.000100,0.158000,Signal Finished
61529.722950,10000,b378f61c-a691-49d8-9683-2c451172ffd9,coordinator_0,worker_4,NET_TRANSFER,13.073813,1046.055075,Distribute Layer ID: 10afe4eb
61529.825090,10000,b378f61c-a691-49d8-9683-2c451172ffd9,worker_4,worker_4,DISK_LOAD,13.073813,0.102139,"Disk -> RAM [Model: b378f61c, Layer: 10afe4eb]"
61529.927229,10000,b378f61c-a691-49d8-9683-2c451172ffd9,worker_4,worker_4,MEM_MOVE,13.073813,0.102139,"RAM -> VRAM [Model: b378f61c, Layer: 10afe4eb]"
61529.977229,10000,b378f61c-a691-49d8-9683-2c451172ffd9,worker_4,worker_4,GPU_COMPUTE,0.050000,0.050000,GPU Compute
61530.135229,10000,b378f61c-a691-49d8-9683-2c451172ffd9,worker_4,coordinator_0,NET_TRANSFER,0.000100,0.158000,Signal Finished
62649.584565,10000,b378f61c-a691-49d8-9683-2c451172ffd9,coordinator_0,worker_1,NET_TRANSFER,13.991242,1119.449336,Distribute Layer ID: 004bcc67
62649.693871,10000,b378f61c-a691-49d8-9683-2c451172ffd9,worker_1,worker_1,DISK_LOAD,13.991242,0.109307,"Disk -> RAM [Model: b378f61c, Layer: 004bcc67]"
62649.803178,10000,b378f61c-a691-49d8-9683-2c451172ffd9,worker_1,worker_1,MEM_MOVE,13.991242,0.109307,"RAM -> VRAM [Model: b378f61c, Layer: 004bcc67]"
62649.853178,10000,b378f61c-a691-49d8-9683-2c451172ffd9,worker_1,worker_1,GPU_COMPUTE,0.050000,0.050000,GPU Compute
62650.011178,10000,b378f61c-a691-49d8-9683-2c451172ffd9,worker_1,coordinator_0,NET_TRANSFER,0.000100,0.158000,Signal Finished
63159.493122,10000,b378f61c-a691-49d8-9683-2c451172ffd9,coordinator_0,worker_2,NET_TRANSFER,6.366649,509.481944,Distribute Layer ID: 65529190
63159.542861,10000,b378f61c-a691-49d8-9683-2c451172ffd9,worker_2,worker_2,DISK_LOAD,6.366649,0.049739,"Disk -> RAM [Model: b378f61c, Layer: 65529190]"
63159.592601,10000,b378f61c-a691-49d8-9683-2c451172ffd9,worker_2,worker_2,MEM_MOVE,6.366649,0.049739,"RAM -> VRAM [Model: b378f61c, Layer: 65529190]"
63159.642601,10000,b378f61c-a691-49d8-9683-2c451172ffd9,worker_2,worker_2,GPU_COMPUTE,0.050000,0.050000,GPU Compute
63159.800601,10000,b378f61c-a691-49d8-9683-2c451172ffd9,worker_2,coordinator_0,NET_TRANSFER,0.000100,0.158000,Signal Finished
64357.787328,10000,b378f61c-a691-49d8-9683-2c451172ffd9,coordinator_0,worker_3,NET_TRANSFER,14.972959,1197.986728,Distribute Layer ID: 86b6552c
64357.904305,10000,b378f61c-a691-49d8-9683-2c451172ffd9,worker_3,worker_3,DISK_LOAD,14.972959,0.116976,"Disk -> RAM [Model: b378f61c, Layer: 86b6552c]"
64358.021281,10000,b378f61c-a691-49d8-9683-2c451172ffd9,worker_3,worker_3,MEM_MOVE,14.972959,0.116976,"RAM -> VRAM [Model: b378f61c, Layer: 86b6552c]"
64358.071281,10000,b378f61c-a691-49d8-9683-2c451172ffd9,worker_3,worker_3,GPU_COMPUTE,0.050000,0.050000,GPU Compute
64358.229281,10000,b378f61c-a691-49d8-9683-2c451172ffd9,worker_3,coordinator_0,NET_TRANSFER,0.000100,0.158000,Signal Finished
65245.281148,10000,b378f61c-a691-49d8-9683-2c451172ffd9,coordinator_0,worker_4,NET_TRANSFER,11.086273,887.051867,Distribute Layer ID: 6a9b7ebe
65245.367760,10000,b378f61c-a691-49d8-9683-2c451172ffd9,worker_4,worker_4,DISK_LOAD,11.086273,0.086612,"Disk -> RAM [Model: b378f61c, Layer: 6a9b7ebe]"
65245.454371,10000,b378f61c-a691-49d8-9683-2c451172ffd9,worker_4,worker_4,MEM_MOVE,11.086273,0.086612,"RAM -> VRAM [Model: b378f61c, Layer: 6a9b7ebe]"
65245.504371,10000,b378f61c-a691-49d8-9683-2c451172ffd9,worker_4,worker_4,GPU_COMPUTE,0.050000,0.050000,GPU Compute
65245.662371,10000,b378f61c-a691-49d8-9683-2c451172ffd9,worker_4,coordinator_0,NET_TRANSFER,0.000100,0.158000,Signal Finished
65853.886631,10000,b378f61c-a691-49d8-9683-2c451172ffd9,coordinator_0,worker_1,NET_TRANSFER,7.600928,608.224260,Distribute Layer ID: 55be4946
65853.946013,10000,b378f61c-a691-49d8-9683-2c451172ffd9,worker_1,worker_1,DISK_LOAD,7.600928,0.059382,"Disk -> RAM [Model: b378f61c, Layer: 55be4946]"
65854.005396,10000,b378f61c-a691-49d8-9683-2c451172ffd9,worker_1,worker_1,MEM_MOVE,7.600928,0.059382,"RAM -> VRAM [Model: b378f61c, Layer: 55be4946]"
65854.055396,10000,b378f61c-a691-49d8-9683-2c451172ffd9,worker_1,worker_1,GPU_COMPUTE,0.050000,0.050000,GPU Compute
65854.213396,10000,b378f61c-a691-49d8-9683-2c451172ffd9,worker_1,coordinator_0,NET_TRANSFER,0.000100,0.158000,Signal Finished
66623.453658,10000,b378f61c-a691-49d8-9683-2c451172ffd9,coordinator_0,worker_2,NET_TRANSFER,9.613628,769.240262,Distribute Layer ID: 6b56b1e3
66623.528764,10000,b378f61c-a691-49d8-9683-2c451172ffd9,worker_2,worker_2,DISK_LOAD,9.613628,0.075106,"Disk -> RAM [Model: b378f61c, Layer: 6b56b1e3]"
66623.603871,10000,b378f61c-a691-49d8-9683-2c451172ffd9,worker_2,worker_2,MEM_MOVE,9.613628,0.075106,"RAM -> VRAM [Model: b378f61c, Layer: 6b56b1e3]"
66623.653871,10000,b378f61c-a691-49d8-9683-2c451172ffd9,worker_2,worker_2,GPU_COMPUTE,0.050000,0.050000,GPU Compute
66623.811871,10000,b378f61c-a691-49d8-9683-2c451172ffd9,worker_2,coordinator_0,NET_TRANSFER,0.000100,0.158000,Signal Finished
67621.916208,10000,b378f61c-a691-49d8-9683-2c451172ffd9,coordinator_0,worker_3,NET_TRANSFER,12.474429,998.104337,Distribute Layer ID: bfbef98b
67622.013664,10000,b378f61c-a691-49d8-9683-2c451172ffd9,worker_3,worker_3,DISK_LOAD,12.474429,0.097456,"Disk -> RAM [Model: b378f61c, Layer: bfbef98b]"
67622.111121,10000,b378f61c-a691-49d8-9683-2c451172ffd9,worker_3,worker_3,MEM_MOVE,12.474429,0.097456,"RAM -> VRAM [Model: b378f61c, Layer: bfbef98b]"
67622.161121,10000,b378f61c-a691-49d8-9683-2c451172ffd9,worker_3,worker_3,GPU_COMPUTE,0.050000,0.050000,GPU Compute
67622.319121,10000,b378f61c-a691-49d8-9683-2c451172ffd9,worker_3,coordinator_0,NET_TRANSFER,0.000100,0.158000,Signal Finished
68075.978229,10000,b378f61c-a691-49d8-9683-2c451172ffd9,coordinator_0,worker_4,NET_TRANSFER,5.668864,453.659109,Distribute Layer ID: 5306b62b
68076.022517,10000,b378f61c-a691-49d8-9683-2c451172ffd9,worker_4,worker_4,DISK_LOAD,5.668864,0.044288,"Disk -> RAM [Model: b378f61c, Layer: 5306b62b]"
68076.066805,10000,b378f61c-a691-49d8-9683-2c451172ffd9,worker_4,worker_4,MEM_MOVE,5.668864,0.044288,"RAM -> VRAM [Model: b378f61c, Layer: 5306b62b]"
68076.116805,10000,b378f61c-a691-49d8-9683-2c451172ffd9,worker_4,worker_4,GPU_COMPUTE,0.050000,0.050000,GPU Compute
68076.274805,10000,b378f61c-a691-49d8-9683-2c451172ffd9,worker_4,coordinator_0,NET_TRANSFER,0.000100,0.158000,Signal Finished
68076.432805,10001,e314a9ac-f913-4183-acc9-77b03f47dc2f,client_10,coordinator_0,NET_TRANSFER,0.000100,0.158000,Request Model ID
68076.590805,1000,bc666c44-cc53-4052-a8b3-ec52bdc7926f,client_1,coordinator_0,NET_TRANSFER,0.000100,0.158000,Request Model ID
68076.748805,2000,15fff31f-88d3-4850-8c0e-5a2d28be9990,client_2,coordinator_0,NET_TRANSFER,0.000100,0.158000,Request Model ID
68706.624122,10000,b378f61c-a691-49d8-9683-2c451172ffd9,coordinator_0,worker_1,NET_TRANSFER,7.871566,629.875316,Distribute Layer ID: 3f21a12c
68706.685618,10000,b378f61c-a691-49d8-9683-2c451172ffd9,worker_1,worker_1,DISK_LOAD,7.871566,0.061497,"Disk -> RAM [Model: b378f61c, Layer: 3f21a12c]"
68706.747115,10000,b378f61c-a691-49d8-9683-2c451172ffd9,worker_1,worker_1,MEM_MOVE,7.871566,0.061497,"RAM -> VRAM [Model: b378f61c, Layer: 3f21a12c]"
68706.797115,10000,b378f61c-a691-49d8-9683-2c451172ffd9,worker_1,worker_1,GPU_COMPUTE,0.050000,0.050000,GPU Compute
68706.955115,10000,b378f61c-a691-49d8-9683-2c451172ffd9,worker_1,coordinator_0,NET_TRANSFER,0.000100,0.158000,Signal Finished
69186.088873,10000,b378f61c-a691-49d8-9683-2c451172ffd9,coordinator_0,worker_2,NET_TRANSFER,5.987297,479.133758,Distribute Layer ID: a403f0f5
69186.135648,10000,b378f61c-a691-49d8-9683-2c451172ffd9,worker_2,worker_2,DISK_LOAD,5.987297,0.046776,"Disk -> RAM [Model: b378f61c, Layer: a403f0f5]"
69186.182424,10000,b378f61c-a691-49d8-9683-2c451172ffd9,worker_2,worker_2,MEM_MOVE,5.987297,0.046776,"RAM -> VRAM [Model: b378f61c, Layer: a403f0f5]"
69186.232424,10000,b378f61c-a691-49d8-9683-2c451172ffd9,worker_2,worker_2,GPU_COMPUTE,0.050000,0.050000,GPU Compute
69186.390424,10000,b378f61c-a691-49d8-9683-2c451172ffd9,worker_2,coordinator_0,NET_TRANSFER,0.000100,0.158000,Signal Finished
69762.338174,10000,b378f61c-a691-49d8-9683-2c451172ffd9,coordinator_0,worker_3,NET_TRANSFER,7.197472,575.947750,Distribute Layer ID: 8739347e
69762.394405,10000,b378f61c-a691-49d8-9683-2c451172ffd9,worker_3,worker_3,DISK_LOAD,7.197472,0.056230,"Disk -> RAM [Model: b378f61c, Layer: 8739347e]"
69762.450635,10000,b378f61c-a691-49d8-9683-2c451172ffd9,worker_3,worker_3,MEM_MOVE,7.197472,0.056230,"RAM -> VRAM [Model: b378f61c, Layer: 8739347e]"
69762.500635,10000,b378f61c-a691-49d8-9683-2c451172ffd9,worker_3,worker_3,GPU_COMPUTE,0.050000,0.050000,GPU Compute
69762.658635,10000,b378f61c-a691-49d8-9683-2c451172ffd9,worker_3,coordinator_0,NET_TRANSFER,0.000100,0.158000,Signal Finished
70589.068711,10000,b378f61c-a691-49d8-9683-2c451172ffd9,coordinator_0,worker_4,NET_TRANSFER,10.328251,826.410076,Distribute Layer ID: 8eb131b8
70589.149400,10000,b378f61c-a691-49d8-9683-2c451172ffd9,worker_4,worker_4,DISK_LOAD,10.328251,0.080689,"Disk -> RAM [Model: b378f61c, Layer: 8eb131b8]"
70589.230090,10000,b378f61c-a691-49d8-9683-2c451172ffd9,worker_4,worker_4,MEM_MOVE,10.328251,0.080689,"RAM -> VRAM [Model: b378f61c, Layer: 8eb131b8]"
70589.280090,10000,b378f61c-a691-49d8-9683-2c451172ffd9,worker_4,worker_4,GPU_COMPUTE,0.050000,0.050000,GPU Compute
70589.438090,10000,b378f61c-a691-49d8-9683-2c451172ffd9,worker_4,coordinator_0,NET_TRANSFER,0.000100,0.158000,Signal Finished
71507.964050,10000,b378f61c-a691-49d8-9683-2c451172ffd9,coordinator_0,worker_1,NET_TRANSFER,11.479699,918.525960,Distribute Layer ID: eaa64bf6
71508.053735,10000,b378f61c-a691-49d8-9683-2c451172ffd9,worker_1,worker_1,DISK_LOAD,11.479699,0.089685,"Disk -> RAM [Model: b378f61c, Layer: eaa64bf6]"
71508.143420,10000,b378f61c-a691-49d8-9683-2c451172ffd9,worker_1,worker_1,MEM_MOVE,11.479699,0.089685,"RAM -> VRAM [Model: b378f61c, Layer: eaa64bf6]"
71508.193420,10000,b378f61c-a691-49d8-9683-2c451172ffd9,worker_1,worker_1,GPU_COMPUTE,0.050000,0.050000,GPU Compute
71508.351420,10000,b378f61c-a691-49d8-9683-2c451172ffd9,worker_1,coordinator_0,NET_TRANSFER,0.000100,0.158000,Signal Finished
72059.370041,10000,b378f61c-a691-49d8-9683-2c451172ffd9,coordinator_0,worker_2,NET_TRANSFER,6.885858,551.018621,Distribute Layer ID: 1fb50d3e
72059.423837,10000,b378f61c-a691-49d8-9683-2c451172ffd9,worker_2,worker_2,DISK_LOAD,6.885858,0.053796,"Disk -> RAM [Model: b378f61c, Layer: 1fb50d3e]"
72059.477633,10000,b378f61c-a691-49d8-9683-2c451172ffd9,worker_2,worker_2,MEM_MOVE,6.885858,0.053796,"RAM -> VRAM [Model: b378f61c, Layer: 1fb50d3e]"
72059.527633,10000,b378f61c-a691-49d8-9683-2c451172ffd9,worker_2,worker_2,GPU_COMPUTE,0.050000,0.050000,GPU Compute
72059.685633,10000,b378f61c-a691-49d8-9683-2c451172ffd9,worker_2,coordinator_0,NET_TRANSFER,0.000100,0.158000,Signal Finished
72956.122097,10000,b378f61c-a691-49d8-9683-2c451172ffd9,coordinator_0,worker_3,NET_TRANSFER,11.203581,896.436464,Distribute Layer ID: 24883d3b
72956.209625,10000,b378f61c-a691-49d8-9683-2c451172ffd9,worker_3,worker_3,DISK_LOAD,11.203581,0.087528,"Disk -> RAM [Model: b378f61c, Layer: 24883d3b]"
72956.297153,10000,b378f61c-a691-49d8-9683-2c451172ffd9,worker_3,worker_3,MEM_MOVE,11.203581,0.087528,"RAM -> VRAM [Model: b378f61c, Layer: 24883d3b]"
72956.347153,10000,b378f61c-a691-49d8-9683-2c451172ffd9,worker_3,worker_3,GPU_COMPUTE,0.050000,0.050000,GPU Compute
72956.505153,10000,b378f61c-a691-49d8-9683-2c451172ffd9,worker_3,coordinator_0,NET_TRANSFER,0.000100,0.158000,Signal Finished
73704.388889,10000,b378f61c-a691-49d8-9683-2c451172ffd9,coordinator_0,worker_4,NET_TRANSFER,9.346672,747.883737,Distribute Layer ID: 54914e05
73704.461910,10000,b378f61c-a691-49d8-9683-2c451172ffd9,worker_4,worker_4,DISK_LOAD,9.346672,0.073021,"Disk -> RAM [Model: b378f61c, Layer: 54914e05]"
73704.534931,10000,b378f61c-a691-49d8-9683-2c451172ffd9,worker_4,worker_4,MEM_MOVE,9.346672,0.073021,"RAM -> VRAM [Model: b378f61c, Layer: 54914e05]"
73704.584931,10000,b378f61c-a691-49d8-9683-2c451172ffd9,worker_4,worker_4,GPU_COMPUTE,0.050000,0.050000,GPU Compute
73704.742931,10000,b378f61c-a691-49d8-9683-2c451172ffd9,worker_4,coordinator_0,NET_TRANSFER,0.000100,0.158000,Signal Finished
74129.758309,10000,b378f61c-a691-49d8-9683-2c451172ffd9,coordinator_0,worker_1,NET_TRANSFER,5.310817,425.015378,Distribute Layer ID: 9d5e6577
74129.799800,10000,b378f61c-a691-49d8-9683-2c451172ffd9,worker_1,worker_1,DISK_LOAD,5.310817,0.041491,"Disk -> RAM [Model: b378f61c, Layer: 9d5e6577]"
74129.841291,10000,b378f61c-a691-49d8-9683-2c451172ffd9,worker_1,worker_1,MEM_MOVE,5.310817,0.041491,"RAM -> VRAM [Model: b378f61c, Layer: 9d5e6577]"
74129.891291,10000,b378f61c-a691-49d8-9683-2c451172ffd9,worker_1,worker_1,GPU_COMPUTE,0.050000,0.050000,GPU Compute
74130.049291,10000,b378f61c-a691-49d8-9683-2c451172ffd9,worker_1,coordinator_0,NET_TRANSFER,0.000100,0.158000,Signal Finished
74871.262109,10000,b378f61c-a691-49d8-9683-2c451172ffd9,coordinator_0,worker_2,NET_TRANSFER,9.263285,741.212818,Distribute Layer ID: c32cc5c7
74871.334478,10000,b378f61c-a691-49d8-9683-2c451172ffd9,worker_2,worker_2,DISK_LOAD,9.263285,0.072369,"Disk -> RAM [Model: b378f61c, Layer: c32cc5c7]"
74871.406848,10000,b378f61c-a691-49d8-9683-2c451172ffd9,worker_2,worker_2,MEM_MOVE,9.263285,0.072369,"RAM -> VRAM [Model: b378f61c, Layer: c32cc5c7]"
74871.456848,10000,b378f61c-a691-49d8-9683-2c451172ffd9,worker_2,worker_2,GPU_COMPUTE,0.050000,0.050000,GPU Compute
74871.614848,10000,b378f61c-a691-49d8-9683-2c451172ffd9,worker_2,coordinator_0,NET_TRANSFER,0.000100,0.158000,Signal Finished
75270.182479,10000,b378f61c-a691-49d8-9683-2c451172ffd9,coordinator_0,worker_3,NET_TRANSFER,4.980220,398.567631,Distribute Layer ID: 45e8c333
75270.221387,10000,b378f61c-a691-49d8-9683-2c451172ffd9,worker_3,worker_3,DISK_LOAD,4.980220,0.038908,"Disk -> RAM [Model: b378f61c, Layer: 45e8c333]"
75270.260295,10000,b378f61c-a691-49d8-9683-2c451172ffd9,worker_3,worker_3,MEM_MOVE,4.980220,0.038908,"RAM -> VRAM [Model: b378f61c, Layer: 45e8c333]"
75270.310295,10000,b378f61c-a691-49d8-9683-2c451172ffd9,worker_3,worker_3,GPU_COMPUTE,0.050000,0.050000,GPU Compute
75270.468295,10000,b378f61c-a691-49d8-9683-2c451172ffd9,worker_3,coordinator_0,NET_TRANSFER,0.000100,0.158000,Signal Finished
76209.357557,10000,b378f61c-a691-49d8-9683-2c451172ffd9,coordinator_0,worker_4,NET_TRANSFER,11.734241,938.889262,Distribute Layer ID: c32b630a
76209.449231,10000,b378f61c-a691-49d8-9683-2c451172ffd9,worker_4,worker_4,DISK_LOAD,11.734241,0.091674,"Disk -> RAM [Model: b378f61c, Layer: c32b630a]"
76209.540904,10000,b378f61c-a691-49d8-9683-2c451172ffd9,worker_4,worker_4,MEM_MOVE,11.734241,0.091674,"RAM -> VRAM [Model: b378f61c, Layer: c32b630a]"
76209.590904,10000,b378f61c-a691-49d8-9683-2c451172ffd9,worker_4,worker_4,GPU_COMPUTE,0.050000,0.050000,GPU Compute
76209.748904,10000,b378f61c-a691-49d8-9683-2c451172ffd9,worker_4,coordinator_0,NET_TRANSFER,0.000100,0.158000,Signal Finished
77258.823190,10000,b378f61c-a691-49d8-9683-2c451172ffd9,coordinator_0,worker_1,NET_TRANSFER,13.111554,1049.074286,Distribute Layer ID: 3968dbe8
77258.925624,10000,b378f61c-a691-49d8-9683-2c451172ffd9,worker_1,worker_1,DISK_LOAD,13.111554,0.102434,"Disk -> RAM [Model: b378f61c, Layer: 3968dbe8]"
77259.028058,10000,b378f61c-a691-49d8-9683-2c451172ffd9,worker_1,worker_1,MEM_MOVE,13.111554,0.102434,"RAM -> VRAM [Model: b378f61c, Layer: 3968dbe8]"
77259.078058,10000,b378f61c-a691-49d8-9683-2c451172ffd9,worker_1,worker_1,GPU_COMPUTE,0.050000,0.050000,GPU Compute
77259.236058,10000,b378f61c-a691-49d8-9683-2c451172ffd9,worker_1,coordinator_0,NET_TRANSFER,0.000100,0.158000,Signal Finished
78370.085617,10000,b378f61c-a691-49d8-9683-2c451172ffd9,coordinator_0,worker_2,NET_TRANSFER,13.883744,1110.849559,Distribute Layer ID: f5dbafb2
78370.194084,10000,b378f61c-a691-49d8-9683-2c451172ffd9,worker_2,worker_2,DISK_LOAD,13.883744,0.108467,"Disk -> RAM [Model: b378f61c, Layer: f5dbafb2]"
78370.302551,10000,b378f61c-a691-49d8-9683-2c451172ffd9,worker_2,worker_2,MEM_MOVE,13.883744,0.108467,"RAM -> VRAM [Model: b378f61c, Layer: f5dbafb2]"
78370.352551,10000,b378f61c-a691-49d8-9683-2c451172ffd9,worker_2,worker_2,GPU_COMPUTE,0.050000,0.050000,GPU Compute
78370.510551,10000,b378f61c-a691-49d8-9683-2c451172ffd9,worker_2,coordinator_0,NET_TRANSFER,0.000100,0.158000,Signal Finished
79082.211476,10000,b378f61c-a691-49d8-9683-2c451172ffd9,coordinator_0,worker_3,NET_TRANSFER,8.894387,711.700925,Distribute Layer ID: 3e61b9a4
79082.280963,10000,b378f61c-a691-49d8-9683-2c451172ffd9,worker_3,worker_3,DISK_LOAD,8.894387,0.069487,"Disk -> RAM [Model: b378f61c, Layer: 3e61b9a4]"
79082.350450,10000,b378f61c-a691-49d8-9683-2c451172ffd9,worker_3,worker_3,MEM_MOVE,8.894387,0.069487,"RAM -> VRAM [Model: b378f61c, Layer: 3e61b9a4]"
79082.400450,10000,b378f61c-a691-49d8-9683-2c451172ffd9,worker_3,worker_3,GPU_COMPUTE,0.050000,0.050000,GPU Compute
79082.558450,10000,b378f61c-a691-49d8-9683-2c451172ffd9,worker_3,coordinator_0,NET_TRANSFER,0.000100,0.158000,Signal Finished
79643.809305,10000,b378f61c-a691-49d8-9683-2c451172ffd9,coordinator_0,worker_4,NET_TRANSFER,7.013761,561.250855,Distribute Layer ID: 4aba75ee
79643.864100,10000,b378f61c-a691-49d8-9683-2c451172ffd9,worker_4,worker_4,DISK_LOAD,7.013761,0.054795,"Disk -> RAM [Model: b378f61c, Layer: 4aba75ee]"
79643.918895,10000,b378f61c-a691-49d8-9683-2c451172ffd9,worker_4,worker_4,MEM_MOVE,7.013761,0.054795,"RAM -> VRAM [Model: b378f61c, Layer: 4aba75ee]"
79643.968895,10000,b378f61c-a691-49d8-9683-2c451172ffd9,worker_4,worker_4,GPU_COMPUTE,0.050000,0.050000,GPU Compute
79644.126895,10000,b378f61c-a691-49d8-9683-2c451172ffd9,worker_4,coordinator_0,NET_TRANSFER,0.000100,0.158000,Signal Finished
80641.941431,10000,b378f61c-a691-49d8-9683-2c451172ffd9,coordinator_0,worker_1,NET_TRANSFER,12.470807,997.814536,Distribute Layer ID: 11d7d7a3
80642.038859,10000,b378f61c-a691-49d8-9683-2c451172ffd9,worker_1,worker_1,DISK_LOAD,12.470807,0.097428,"Disk -> RAM [Model: b378f61c, Layer: 11d7d7a3]"
80642.136287,10000,b378f61c-a691-49d8-9683-2c451172ffd9,worker_1,worker_1,MEM_MOVE,12.470807,0.097428,"RAM -> VRAM [Model: b378f61c, Layer: 11d7d7a3]"
80642.186287,10000,b378f61c-a691-49d8-9683-2c451172ffd9,worker_1,worker_1,GPU_COMPUTE,0.050000,0.050000,GPU Compute
80642.344287,10000,b378f61c-a691-49d8-9683-2c451172ffd9,worker_1,coordinator_0,NET_TRANSFER,0.000100,0.158000,Signal Finished
81641.538444,10000,b378f61c-a691-49d8-9683-2c451172ffd9,coordinator_0,worker_2,NET_TRANSFER,12.488052,999.194157,Distribute Layer ID: 8bca9a3d
81641.636007,10000,b378f61c-a691-49d8-9683-2c451172ffd9,worker_2,worker_2,DISK_LOAD,12.488052,0.097563,"Disk -> RAM [Model: b378f61c, Layer: 8bca9a3d]"
81641.733570,10000,b378f61c-a691-49d8-9683-2c451172ffd9,worker_2,worker_2,MEM_MOVE,12.488052,0.097563,"RAM -> VRAM [Model: b378f61c, Layer: 8bca9a3d]"
81641.783570,10000,b378f61c-a691-49d8-9683-2c451172ffd9,worker_2,worker_2,GPU_COMPUTE,0.050000,0.050000,GPU Compute
81641.941570,10000,b378f61c-a691-49d8-9683-2c451172ffd9,worker_2,coordinator_0,NET_TRANSFER,0.000100,0.158000,Signal Finished
82741.425787,10000,b378f61c-a691-49d8-9683-2c451172ffd9,coordinator_0,worker_3,NET_TRANSFER,13.741678,1099.484217,Distribute Layer ID: 26ab59d1
82741.533144,10000,b378f61c-a691-49d8-9683-2c451172ffd9,worker_3,worker_3,DISK_LOAD,13.741678,0.107357,"Disk -> RAM [Model: b378f61c, Layer: 26ab59d1]"
82741.640501,10000,b378f61c-a691-49d8-9683-2c451172ffd9,worker_3,worker_3,MEM_MOVE,13.741678,0.107357,"RAM -> VRAM [Model: b378f61c, Layer: 26ab59d1]"
82741.690501,10000,b378f61c-a691-49d8-9683-2c451172ffd9,worker_3,worker_3,GPU_COMPUTE,0.050000,0.050000,GPU Compute
82741.848501,10000,b378f61c-a691-49d8-9683-2c451172ffd9,worker_3,coordinator_0,NET_TRANSFER,0.000100,0.158000,Signal Finished
83678.035158,10000,b378f61c-a691-49d8-9683-2c451172ffd9,coordinator_0,worker_4,NET_TRANSFER,11.700458,936.186657,Distribute Layer ID: 6b85d899
83678.126568,10000,b378f61c-a691-49d8-9683-2c451172ffd9,worker_4,worker_4,DISK_LOAD,11.700458,0.091410,"Disk -> RAM [Model: b378f61c, Layer: 6b85d899]"
83678.217977,10000,b378f61c-a691-49d8-9683-2c451172ffd9,worker_4,worker_4,MEM_MOVE,11.700458,0.091410,"RAM -> VRAM [Model: b378f61c, Layer: 6b85d899]"
83678.267977,10000,b378f61c-a691-49d8-9683-2c451172ffd9,worker_4,worker_4,GPU_COMPUTE,0.050000,0.050000,GPU Compute
83678.425977,10000,b378f61c-a691-49d8-9683-2c451172ffd9,worker_4,coordinator_0,NET_TRANSFER,0.000100,0.158000,Signal Finished
84411.943625,10000,b378f61c-a691-49d8-9683-2c451172ffd9,coordinator_0,worker_1,NET_TRANSFER,9.167096,733.517648,Distribute Layer ID: 1347b973
84412.015243,10000,b378f61c-a691-49d8-9683-2c451172ffd9,worker_1,worker_1,DISK_LOAD,9.167096,0.071618,"Disk -> RAM [Model: b378f61c, Layer: 1347b973]"
84412.086861,10000,b378f61c-a691-49d8-9683-2c451172ffd9,worker_1,worker_1,MEM_MOVE,9.167096,0.071618,"RAM -> VRAM [Model: b378f61c, Layer: 1347b973]"
84412.136861,10000,b378f61c-a691-49d8-9683-2c451172ffd9,worker_1,worker_1,GPU_COMPUTE,0.050000,0.050000,GPU Compute
84412.294861,10000,b378f61c-a691-49d8-9683-2c451172ffd9,worker_1,coordinator_0,NET_TRANSFER,0.000100,0.158000,Signal Finished
85155.829962,10000,b378f61c-a691-49d8-9683-2c451172ffd9,coordinator_0,worker_2,NET_TRANSFER,9.292314,743.535101,Distribute Layer ID: a12c447f
85155.902558,10000,b378f61c-a691-49d8-9683-2c451172ffd9,worker_2,worker_2,DISK_LOAD,9.292314,0.072596,"Disk -> RAM [Model: b378f61c, Layer: a12c447f]"
85155.975154,10000,b378f61c-a691-49d8-9683-2c451172ffd9,worker_2,worker_2,MEM_MOVE,9.292314,0.072596,"RAM -> VRAM [Model: b378f61c, Layer: a12c447f]"
85156.025154,10000,b378f61c-a691-49d8-9683-2c451172ffd9,worker_2,worker_2,GPU_COMPUTE,0.050000,0.050000,GPU Compute
85156.183154,10000,b378f61c-a691-49d8-9683-2c451172ffd9,worker_2,coordinator_0,NET_TRANSFER,0.000100,0.158000,Signal Finished
86026.061480,10000,b378f61c-a691-49d8-9683-2c451172ffd9,coordinator_0,worker_3,NET_TRANSFER,10.871604,869.878326,Distribute Layer ID: 1efccad7
86026.146414,10000,b378f61c-a691-49d8-9683-2c451172ffd9,worker_3,worker_3,DISK_LOAD,10.871604,0.084934,"Disk -> RAM [Model: b378f61c, Layer: 1efccad7]"
86026.231349,10000,b378f61c-a691-49d8-9683-2c451172ffd9,worker_3,worker_3,MEM_MOVE,10.871604,0.084934,"RAM -> VRAM [Model: b378f61c, Layer: 1efccad7]"
86026.281349,10000,b378f61c-a691-49d8-9683-2c451172ffd9,worker_3,worker_3,GPU_COMPUTE,0.050000,0.050000,GPU Compute
86026.439349,10000,b378f61c-a691-49d8-9683-2c451172ffd9,worker_3,coordinator_0,NET_TRANSFER,0.000100,0.158000,Signal Finished
86449.779247,10000,b378f61c-a691-49d8-9683-2c451172ffd9,coordinator_0,worker_4,NET_TRANSFER,5.289874,423.339898,Distribute Layer ID: f2ef8d6e
86449.820574,10000,b378f61c-a691-49d8-9683-2c451172ffd9,worker_4,worker_4,DISK_LOAD,5.289874,0.041327,"Disk -> RAM [Model: b378f61c, Layer: f2ef8d6e]"
86449.861901,10000,b378f61c-a691-49d8-9683-2c451172ffd9,worker_4,worker_4,MEM_MOVE,5.289874,0.041327,"RAM -> VRAM [Model: b378f61c, Layer: f2ef8d6e]"
86449.911901,10000,b378f61c-a691-49d8-9683-2c451172ffd9,worker_4,worker_4,GPU_COMPUTE,0.050000,0.050000,GPU Compute
86450.069901,10000,b378f61c-a691-49d8-9683-2c451172ffd9,worker_4,coordinator_0,NET_TRANSFER,0.000100,0.158000,Signal Finished
87310.635032,10000,b378f61c-a691-49d8-9683-2c451172ffd9,coordinator_0,worker_1,NET_TRANSFER,10.755189,860.565131,Distribute Layer ID: ed4de46d
87310.719057,10000,b378f61c-a691-49d8-9683-2c451172ffd9,worker_1,worker_1,DISK_LOAD,10.755189,0.084025,"Disk -> RAM [Model: b378f61c, Layer: ed4de46d]"
87310.803082,10000,b378f61c-a691-49d8-9683-2c451172ffd9,worker_1,worker_1,MEM_MOVE,10.755189,0.084025,"RAM -> VRAM [Model: b378f61c, Layer: ed4de46d]"
87310.853082,10000,b378f61c-a691-49d8-9683-2c451172ffd9,worker_1,worker_1,GPU_COMPUTE,0.050000,0.050000,GPU Compute
87311.011082,10000,b378f61c-a691-49d8-9683-2c451172ffd9,worker_1,coordinator_0,NET_TRANSFER,0.000100,0.158000,Signal Finished
88346.339757,10000,b378f61c-a691-49d8-9683-2c451172ffd9,coordinator_0,worker_2,NET_TRANSFER,12.939733,1035.328674,Distribute Layer ID: 4ceff21c
88346.440848,10000,b378f61c-a691-49d8-9683-2c451172ffd9,worker_2,worker_2,DISK_LOAD,12.939733,0.101092,"Disk -> RAM [Model: b378f61c, Layer: 4ceff21c]"
88346.541940,10000,b378f61c-a691-49d8-9683-2c451172ffd9,worker_2,worker_2,MEM_MOVE,12.939733,0.101092,"RAM -> VRAM [Model: b378f61c, Layer: 4ceff21c]"
88346.591940,10000,b378f61c-a691-49d8-9683-2c451172ffd9,worker_2,worker_2,GPU_COMPUTE,0.050000,0.050000,GPU Compute
88346.749940,10000,b378f61c-a691-49d8-9683-2c451172ffd9,worker_2,coordinator_0,NET_TRANSFER,0.000100,0.158000,Signal Finished
89386.671626,10000,b378f61c-a691-49d8-9683-2c451172ffd9,coordinator_0,worker_3,NET_TRANSFER,12.997146,1039.921686,Distribute Layer ID: 68e49130
89386.773166,10000,b378f61c-a691-49d8-9683-2c451172ffd9,worker_3,worker_3,DISK_LOAD,12.997146,0.101540,"Disk -> RAM [Model: b378f61c, Layer: 68e49130]"
89386.874706,10000,b378f61c-a691-49d8-9683-2c451172ffd9,worker_3,worker_3,MEM_MOVE,12.997146,0.101540,"RAM -> VRAM [Model: b378f61c, Layer: 68e49130]"
89386.924706,10000,b378f61c-a691-49d8-9683-2c451172ffd9,worker_3,worker_3,GPU_COMPUTE,0.050000,0.050000,GPU Compute
89387.082706,10000,b378f61c-a691-49d8-9683-2c451172ffd9,worker_3,coordinator_0,NET_TRANSFER,0.000100,0.158000,Signal Finished
89863.533032,10000,b378f61c-a691-49d8-9683-2c451172ffd9,coordinator_0,worker_4,NET_TRANSFER,5.953754,476.450326,Distribute Layer ID: 7ca12242
89863.579545,10000,b378f61c-a691-49d8-9683-2c451172ffd9,worker_4,worker_4,DISK_LOAD,5.953754,0.046514,"Disk -> RAM [Model: b378f61c, Layer: 7ca12242]"
89863.626059,10000,b378f61c-a691-49d8-9683-2c451172ffd9,worker_4,worker_4,MEM_MOVE,5.953754,0.046514,"RAM -> VRAM [Model: b378f61c, Layer: 7ca12242]"
89863.676059,10000,b378f61c-a691-49d8-9683-2c451172ffd9,worker_4,worker_4,GPU_COMPUTE,0.050000,0.050000,GPU Compute
89863.834059,10000,b378f61c-a691-49d8-9683-2c451172ffd9,worker_4,coordinator_0,NET_TRANSFER,0.000100,0.158000,Signal Finished
90558.472286,10000,b378f61c-a691-49d8-9683-2c451172ffd9,coordinator_0,worker_1,NET_TRANSFER,8.681103,694.638227,Distribute Layer ID: fa9baf25
90558.540107,10000,b378f61c-a691-49d8-9683-2c451172ffd9,worker_1,worker_1,DISK_LOAD,8.681103,0.067821,"Disk -> RAM [Model: b378f61c, Layer: fa9baf25]"
90558.607929,10000,b378f61c-a691-49d8-9683-2c451172ffd9,worker_1,worker_1,MEM_MOVE,8.681103,0.067821,"RAM -> VRAM [Model: b378f61c, Layer: fa9baf25]"
90558.657929,10000,b378f61c-a691-49d8-9683-2c451172ffd9,worker_1,worker_1,GPU_COMPUTE,0.050000,0.050000,GPU Compute
90558.815929,10000,b378f61c-a691-49d8-9683-2c451172ffd9,worker_1,coordinator_0,NET_TRANSFER,0.000100,0.158000,Signal Finished
90558.973929,2003,b846365e-24f9-4ee2-bb0e-678153c45917,client_2,coordinator_0,NET_TRANSFER,0.000100,0.158000,Request Model ID
90559.131929,2000,15fff31f-88d3-4850-8c0e-5a2d28be9990,coordinator_0,client_2,NET_TRANSFER,0.000100,0.158000,Signal: Cache Miss / Request Weights
116322.302380,2000,15fff31f-88d3-4850-8c0e-5a2d28be9990,client_2,coordinator_0,NET_TRANSFER,322.037756,25763.170452,Upload Model Weights
116956.498149,2000,15fff31f-88d3-4850-8c0e-5a2d28be9990,coordinator_0,worker_2,NET_TRANSFER,7.925572,634.195769,Distribute Layer ID: cdb4f957
116956.560067,2000,15fff31f-88d3-4850-8c0e-5a2d28be9990,worker_2,worker_2,DISK_LOAD,7.925572,0.061919,"Disk -> RAM [Model: 15fff31f, Layer: cdb4f957]"
116956.621986,2000,15fff31f-88d3-4850-8c0e-5a2d28be9990,worker_2,worker_2,MEM_MOVE,7.925572,0.061919,"RAM -> VRAM [Model: 15fff31f, Layer: cdb4f957]"
116956.671986,2000,15fff31f-88d3-4850-8c0e-5a2d28be9990,worker_2,worker_2,GPU_COMPUTE,0.050000,0.050000,GPU Compute
116956.829986,2000,15fff31f-88d3-4850-8c0e-5a2d28be9990,worker_2,coordinator_0,NET_TRANSFER,0.000100,0.158000,Signal Finished
117622.582314,2000,15fff31f-88d3-4850-8c0e-5a2d28be9990,coordinator_0,worker_3,NET_TRANSFER,8.320029,665.752328,Distribute Layer ID: 07846918
117622.647314,2000,15fff31f-88d3-4850-8c0e-5a2d28be9990,worker_3,worker_3,DISK_LOAD,8.320029,0.065000,"Disk -> RAM [Model: 15fff31f, Layer: 07846918]"
117622.712314,2000,15fff31f-88d3-4850-8c0e-5a2d28be9990,worker_3,worker_3,MEM_MOVE,8.320029,0.065000,"RAM -> VRAM [Model: 15fff31f, Layer: 07846918]"
117622.762314,2000,15fff31f-88d3-4850-8c0e-5a2d28be9990,worker_3,worker_3,GPU_COMPUTE,0.050000,0.050000,GPU Compute
117622.920314,2000,15fff31f-88d3-4850-8c0e-5a2d28be9990,worker_3,coordinator_0,NET_TRANSFER,0.000100,0.158000,Signal Finished
118254.576580,2000,15fff31f-88d3-4850-8c0e-5a2d28be9990,coordinator_0,worker_4,NET_TRANSFER,7.893828,631.656266,Distribute Layer ID: bef23fd6
118254.638250,2000,15fff31f-88d3-4850-8c0e-5a2d28be9990,worker_4,worker_4,DISK_LOAD,7.893828,0.061671,"Disk -> RAM [Model: 15fff31f, Layer: bef23fd6]"
118254.699921,2000,15fff31f-88d3-4850-8c0e-5a2d28be9990,worker_4,worker_4,MEM_MOVE,7.893828,0.061671,"RAM -> VRAM [Model: 15fff31f, Layer: bef23fd6]"
118254.749921,2000,15fff31f-88d3-4850-8c0e-5a2d28be9990,worker_4,worker_4,GPU_COMPUTE,0.050000,0.050000,GPU Compute
118254.907921,2000,15fff31f-88d3-4850-8c0e-5a2d28be9990,worker_4,coordinator_0,NET_TRANSFER,0.000100,0.158000,Signal Finished
118685.130381,2000,15fff31f-88d3-4850-8c0e-5a2d28be9990,coordinator_0,worker_1,NET_TRANSFER,5.375906,430.222461,Distribute Layer ID: 5ecf19a3
118685.172381,2000,15fff31f-88d3-4850-8c0e-5a2d28be9990,worker_1,worker_1,DISK_LOAD,5.375906,0.041999,"Disk -> RAM [Model: 15fff31f, Layer: 5ecf19a3]"
118685.214380,2000,15fff31f-88d3-4850-8c0e-5a2d28be9990,worker_1,worker_1,MEM_MOVE,5.375906,0.041999,"RAM -> VRAM [Model: 15fff31f, Layer: 5ecf19a3]"
118685.264380,2000,15fff31f-88d3-4850-8c0e-5a2d28be9990,worker_1,worker_1,GPU_COMPUTE,0.050000,0.050000,GPU Compute
118685.422380,2000,15fff31f-88d3-4850-8c0e-5a2d28be9990,worker_1,coordinator_0,NET_TRANSFER,0.000100,0.158000,Signal Finished
119244.433251,2000,15fff31f-88d3-4850-8c0e-5a2d28be9990,coordinator_0,worker_2,NET_TRANSFER,6.985761,559.010872,Distribute Layer ID: 2a09794f
119244.487828,2000,15fff31f-88d3-4850-8c0e-5a2d28be9990,worker_2,worker_2,DISK_LOAD,6.985761,0.054576,"Disk -> RAM [Model: 15fff31f, Layer: 2a09794f]"
119244.542404,2000,15fff31f-88d3-4850-8c0e-5a2d28be9990,worker_2,worker_2,MEM_MOVE,6.985761,0.054576,"RAM -> VRAM [Model: 15fff31f, Layer: 2a09794f]"
119244.592404,2000,15fff31f-88d3-4850-8c0e-5a2d28be9990,worker_2,worker_2,GPU_COMPUTE,0.050000,0.050000,GPU Compute
119244.750404,2000,15fff31f-88d3-4850-8c0e-5a2d28be9990,worker_2,coordinator_0,NET_TRANSFER,0.000100,0.158000,Signal Finished
120422.319082,2000,15fff31f-88d3-4850-8c0e-5a2d28be9990,coordinator_0,worker_3,NET_TRANSFER,14.717733,1177.568678,Distribute Layer ID: 2ca642eb
120422.434064,2000,15fff31f-88d3-4850-8c0e-5a2d28be9990,worker_3,worker_3,DISK_LOAD,14.717733,0.114982,"Disk -> RAM [Model: 15fff31f, Layer: 2ca642eb]"
120422.549046,2000,15fff31f-88d3-4850-8c0e-5a2d28be9990,worker_3,worker_3,MEM_MOVE,14.717733,0.114982,"RAM -> VRAM [Model: 15fff31f, Layer: 2ca642eb]"
120422.599046,2000,15fff31f-88d3-4850-8c0e-5a2d28be9990,worker_3,worker_3,GPU_COMPUTE,0.050000,0.050000,GPU Compute
120422.757046,2000,15fff31f-88d3-4850-8c0e-5a2d28be9990,worker_3,coordinator_0,NET_TRANSFER,0.000100,0.158000,Signal Finished
121232.280008,2000,15fff31f-88d3-4850-8c0e-5a2d28be9990,coordinator_0,worker_4,NET_TRANSFER,10.117162,809.522962,Distribute Layer ID: ef9ccfd4
121232.359048,2000,15fff31f-88d3-4850-8c0e-5a2d28be9990,worker_4,worker_4,DISK_LOAD,10.117162,0.079040,"Disk -> RAM [Model: 15fff31f, Layer: ef9ccfd4]"
121232.438089,2000,15fff31f-88d3-4850-8c0e-5a2d28be9990,worker_4,worker_4,MEM_MOVE,10.117162,0.079040,"RAM -> VRAM [Model: 15fff31f, Layer: ef9ccfd4]"
121232.488089,2000,15fff31f-88d3-4850-8c0e-5a2d28be9990,worker_4,worker_4,GPU_COMPUTE,0.050000,0.050000,GPU Compute
121232.646089,2000,15fff31f-88d3-4850-8c0e-5a2d28be9990,worker_4,coordinator_0,NET_TRANSFER,0.000100,0.158000,Signal Finished
122320.769887,2000,15fff31f-88d3-4850-8c0e-5a2d28be9990,coordinator_0,worker_1,NET_TRANSFER,13.599672,1088.123798,Distribute Layer ID: 21fab7be
122320.876134,2000,15fff31f-88d3-4850-8c0e-5a2d28be9990,worker_1,worker_1,DISK_LOAD,13.599672,0.106247,"Disk -> RAM [Model: 15fff31f, Layer: 21fab7be]"
122320.982381,2000,15fff31f-88d3-4850-8c0e-5a2d28be9990,worker_1,worker_1,MEM_MOVE,13.599672,0.106247,"RAM -> VRAM [Model: 15fff31f, Layer: 21fab7be]"
122321.032381,2000,15fff31f-88d3-4850-8c0e-5a2d28be9990,worker_1,worker_1,GPU_COMPUTE,0.050000,0.050000,GPU Compute
122321.190381,2000,15fff31f-88d3-4850-8c0e-5a2d28be9990,worker_1,coordinator_0,NET_TRANSFER,0.000100,0.158000,Signal Finished
123040.065759,2000,15fff31f-88d3-4850-8c0e-5a2d28be9990,coordinator_0,worker_2,NET_TRANSFER,8.984067,718.875378,Distribute Layer ID: 94aa0951
123040.135947,2000,15fff31f-88d3-4850-8c0e-5a2d28be9990,worker_2,worker_2,DISK_LOAD,8.984067,0.070188,"Disk -> RAM [Model: 15fff31f, Layer: 94aa0951]"
123040.206135,2000,15fff31f-88d3-4850-8c0e-5a2d28be9990,worker_2,worker_2,MEM_MOVE,8.984067,0.070188,"RAM -> VRAM [Model: 15fff31f, Layer: 94aa0951]"
123040.256135,2000,15fff31f-88d3-4850-8c0e-5a2d28be9990,worker_2,worker_2,GPU_COMPUTE,0.050000,0.050000,GPU Compute
123040.414135,2000,15fff31f-88d3-4850-8c0e-5a2d28be9990,worker_2,coordinator_0,NET_TRANSFER,0.000100,0.158000,Signal Finished
123465.595135,2000,15fff31f-88d3-4850-8c0e-5a2d28be9990,coordinator_0,worker_3,NET_TRANSFER,5.312888,425.181000,Distribute Layer ID: 063b792b
123465.636642,2000,15fff31f-88d3-4850-8c0e-5a2d28be9990,worker_3,worker_3,DISK_LOAD,5.312888,0.041507,"Disk -> RAM [Model: 15fff31f, Layer: 063b792b]"
123465.678149,2000,15fff31f-88d3-4850-8c0e-5a2d28be9990,worker_3,worker_3,MEM_MOVE,5.312888,0.041507,"RAM -> VRAM [Model: 15fff31f, Layer: 063b792b]"
123465.728149,2000,15fff31f-88d3-4850-8c0e-5a2d28be9990,worker_3,worker_3,GPU_COMPUTE,0.050000,0.050000,GPU Compute
123465.886149,2000,15fff31f-88d3-4850-8c0e-5a2d28be9990,worker_3,coordinator_0,NET_TRANSFER,0.000100,0.158000,Signal Finished
124236.515083,2000,15fff31f-88d3-4850-8c0e-5a2d28be9990,coordinator_0,worker_4,NET_TRANSFER,9.630987,770.628934,Distribute Layer ID: 4ad2a0ff
124236.590326,2000,15fff31f-88d3-4850-8c0e-5a2d28be9990,worker_4,worker_4,DISK_LOAD,9.630987,0.075242,"Disk -> RAM [Model: 15fff31f, Layer: 4ad2a0ff]"
124236.665568,2000,15fff31f-88d3-4850-8c0e-5a2d28be9990,worker_4,worker_4,MEM_MOVE,9.630987,0.075242,"RAM -> VRAM [Model: 15fff31f, Layer: 4ad2a0ff]"
124236.715568,2000,15fff31f-88d3-4850-8c0e-5a2d28be9990,worker_4,worker_4,GPU_COMPUTE,0.050000,0.050000,GPU Compute
124236.873568,2000,15fff31f-88d3-4850-8c0e-5a2d28be9990,worker_4,coordinator_0,NET_TRANSFER,0.000100,0.158000,Signal Finished
124856.095908,2000,15fff31f-88d3-4850-8c0e-5a2d28be9990,coordinator_0,worker_1,NET_TRANSFER,7.738404,619.222340,Distribute Layer ID: 82b4a8a3
124856.156364,2000,15fff31f-88d3-4850-8c0e-5a2d28be9990,worker_1,worker_1,DISK_LOAD,7.738404,0.060456,"Disk -> RAM [Model: 15fff31f, Layer: 82b4a8a3]"
124856.216821,2000,15fff31f-88d3-4850-8c0e-5a2d28be9990,worker_1,worker_1,MEM_MOVE,7.738404,0.060456,"RAM -> VRAM [Model: 15fff31f, Layer: 82b4a8a3]"
124856.266821,2000,15fff31f-88d3-4850-8c0e-5a2d28be9990,worker_1,worker_1,GPU_COMPUTE,0.050000,0.050000,GPU Compute
124856.424821,2000,15fff31f-88d3-4850-8c0e-5a2d28be9990,worker_1,coordinator_0,NET_TRANSFER,0.000100,0.158000,Signal Finished
125697.161210,2000,15fff31f-88d3-4850-8c0e-5a2d28be9990,coordinator_0,worker_2,NET_TRANSFER,10.507330,840.736389,Distribute Layer ID: 2c8d8e71
125697.243298,2000,15fff31f-88d3-4850-8c0e-5a2d28be9990,worker_2,worker_2,DISK_LOAD,10.507330,0.082089,"Disk -> RAM [Model: 15fff31f, Layer: 2c8d8e71]"
125697.325387,2000,15fff31f-88d3-4850-8c0e-5a2d28be9990,worker_2,worker_2,MEM_MOVE,10.507330,0.082089,"RAM -> VRAM [Model: 15fff31f, Layer: 2c8d8e71]"
125697.375387,2000,15fff31f-88d3-4850-8c0e-5a2d28be9990,worker_2,worker_2,GPU_COMPUTE,0.050000,0.050000,GPU Compute
125697.533387,2000,15fff31f-88d3-4850-8c0e-5a2d28be9990,worker_2,coordinator_0,NET_TRANSFER,0.000100,0.158000,Signal Finished
126712.912429,2000,15fff31f-88d3-4850-8c0e-5a2d28be9990,coordinator_0,worker_3,NET_TRANSFER,12.690363,1015.379042,Distribute Layer ID: b2b3d5c8
126713.011573,2000,15fff31f-88d3-4850-8c0e-5a2d28be9990,worker_3,worker_3,DISK_LOAD,12.690363,0.099143,"Disk -> RAM [Model: 15fff31f, Layer: b2b3d5c8]"
126713.110716,2000,15fff31f-88d3-4850-8c0e-5a2d28be9990,worker_3,worker_3,MEM_MOVE,12.690363,0.099143,"RAM -> VRAM [Model: 15fff31f, Layer: b2b3d5c8]"
126713.160716,2000,15fff31f-88d3-4850-8c0e-5a2d28be9990,worker_3,worker_3,GPU_COMPUTE,0.050000,0.050000,GPU Compute
126713.318716,2000,15fff31f-88d3-4850-8c0e-5a2d28be9990,worker_3,coordinator_0,NET_TRANSFER,0.000100,0.158000,Signal Finished
127149.177181,2000,15fff31f-88d3-4850-8c0e-5a2d28be9990,coordinator_0,worker_4,NET_TRANSFER,5.446356,435.858465,Distribute Layer ID: 71a1b3b4
127149.219731,2000,15fff31f-88d3-4850-8c0e-5a2d28be9990,worker_4,worker_4,DISK_LOAD,5.446356,0.042550,"Disk -> RAM [Model: 15fff31f, Layer: 71a1b3b4]"
127149.262280,2000,15fff31f-88d3-4850-8c0e-5a2d28be9990,worker_4,worker_4,MEM_MOVE,5.446356,0.042550,"RAM -> VRAM [Model: 15fff31f, Layer: 71a1b3b4]"
127149.312280,2000,15fff31f-88d3-4850-8c0e-5a2d28be9990,worker_4,worker_4,GPU_COMPUTE,0.050000,0.050000,GPU Compute
127149.470280,2000,15fff31f-88d3-4850-8c0e-5a2d28be9990,worker_4,coordinator_0,NET_TRANSFER,0.000100,0.158000,Signal Finished
127745.337206,2000,15fff31f-88d3-4850-8c0e-5a2d28be9990,coordinator_0,worker_1,NET_TRANSFER,7.446462,595.866925,Distribute Layer ID: 4899dd4d
127745.395381,2000,15fff31f-88d3-4850-8c0e-5a2d28be9990,worker_1,worker_1,DISK_LOAD,7.446462,0.058175,"Disk -> RAM [Model: 15fff31f, Layer: 4899dd4d]"
127745.453557,2000,15fff31f-88d3-4850-8c0e-5a2d28be9990,worker_1,worker_1,MEM_MOVE,7.446462,0.058175,"RAM -> VRAM [Model: 15fff31f, Layer: 4899dd4d]"
127745.503557,2000,15fff31f-88d3-4850-8c0e-5a2d28be9990,worker_1,worker_1,GPU_COMPUTE,0.050000,0.050000,GPU Compute
127745.661557,2000,15fff31f-88d3-4850-8c0e-5a2d28be9990,worker_1,coordinator_0,NET_TRANSFER,0.000100,0.158000,Signal Finished
128952.597346,2000,15fff31f-88d3-4850-8c0e-5a2d28be9990,coordinator_0,worker_2,NET_TRANSFER,15.084822,1206.935789,Distribute Layer ID: dbb251dc
128952.715196,2000,15fff31f-88d3-4850-8c0e-5a2d28be9990,worker_2,worker_2,DISK_LOAD,15.084822,0.117850,"Disk -> RAM [Model: 15fff31f, Layer: dbb251dc]"
128952.833046,2000,15fff31f-88d3-4850-8c0e-5a2d28be9990,worker_2,worker_2,MEM_MOVE,15.084822,0.117850,"RAM -> VRAM [Model: 15fff31f, Layer: dbb251dc]"
128952.883046,2000,15fff31f-88d3-4850-8c0e-5a2d28be9990,worker_2,worker_2,GPU_COMPUTE,0.050000,0.050000,GPU Compute
128953.041046,2000,15fff31f-88d3-4850-8c0e-5a2d28be9990,worker_2,coordinator_0,NET_TRANSFER,0.000100,0.158000,Signal Finished
129410.908185,2000,15fff31f-88d3-4850-8c0e-5a2d28be9990,coordinator_0,worker_3,NET_TRANSFER,5.721464,457.867139,Distribute Layer ID: 53a883aa
129410.952884,2000,15fff31f-88d3-4850-8c0e-5a2d28be9990,worker_3,worker_3,DISK_LOAD,5.721464,0.044699,"Disk -> RAM [Model: 15fff31f, Layer: 53a883aa]"
129410.997583,2000,15fff31f-88d3-4850-8c0e-5a2d28be9990,worker_3,worker_3,MEM_MOVE,5.721464,0.044699,"RAM -> VRAM [Model: 15fff31f, Layer: 53a883aa]"
129411.047583,2000,15fff31f-88d3-4850-8c0e-5a2d28be9990,worker_3,worker_3,GPU_COMPUTE,0.050000,0.050000,GPU Compute
129411.205583,2000,15fff31f-88d3-4850-8c0e-5a2d28be9990,worker_3,coordinator_0,NET_TRANSFER,0.000100,0.158000,Signal Finished
130155.551239,2000,15fff31f-88d3-4850-8c0e-5a2d28be9990,coordinator_0,worker_4,NET_TRANSFER,9.302446,744.345657,Distribute Layer ID: 82e3e267
130155.623915,2000,15fff31f-88d3-4850-8c0e-5a2d28be9990,worker_4,worker_4,DISK_LOAD,9.302446,0.072675,"Disk -> RAM [Model: 15fff31f, Layer: 82e3e267]"
130155.696590,2000,15fff31f-88d3-4850-8c0e-5a2d28be9990,worker_4,worker_4,MEM_MOVE,9.302446,0.072675,"RAM -> VRAM [Model: 15fff31f, Layer: 82e3e267]"
130155.746590,2000,15fff31f-88d3-4850-8c0e-5a2d28be9990,worker_4,worker_4,GPU_COMPUTE,0.050000,0.050000,GPU Compute
130155.904590,2000,15fff31f-88d3-4850-8c0e-5a2d28be9990,worker_4,coordinator_0,NET_TRANSFER,0.000100,0.158000,Signal Finished
130887.087360,2000,15fff31f-88d3-4850-8c0e-5a2d28be9990,coordinator_0,worker_1,NET_TRANSFER,9.137910,731.182770,Distribute Layer ID: a2aec009
130887.158750,2000,15fff31f-88d3-4850-8c0e-5a2d28be9990,worker_1,worker_1,DISK_LOAD,9.137910,0.071390,"Disk -> RAM [Model: 15fff31f, Layer: a2aec009]"
130887.230140,2000,15fff31f-88d3-4850-8c0e-5a2d28be9990,worker_1,worker_1,MEM_MOVE,9.137910,0.071390,"RAM -> VRAM [Model: 15fff31f, Layer: a2aec009]"
130887.280140,2000,15fff31f-88d3-4850-8c0e-5a2d28be9990,worker_1,worker_1,GPU_COMPUTE,0.050000,0.050000,GPU Compute
130887.438140,2000,15fff31f-88d3-4850-8c0e-5a2d28be9990,worker_1,coordinator_0,NET_TRANSFER,0.000100,0.158000,Signal Finished
131623.112657,2000,15fff31f-88d3-4850-8c0e-5a2d28be9990,coordinator_0,worker_2,NET_TRANSFER,9.194056,735.674517,Distribute Layer ID: 15c2ca04
131623.184486,2000,15fff31f-88d3-4850-8c0e-5a2d28be9990,worker_2,worker_2,DISK_LOAD,9.194056,0.071829,"Disk -> RAM [Model: 15fff31f, Layer: 15c2ca04]"
131623.256315,2000,15fff31f-88d3-4850-8c0e-5a2d28be9990,worker_2,worker_2,MEM_MOVE,9.194056,0.071829,"RAM -> VRAM [Model: 15fff31f, Layer: 15c2ca04]"
131623.306315,2000,15fff31f-88d3-4850-8c0e-5a2d28be9990,worker_2,worker_2,GPU_COMPUTE,0.050000,0.050000,GPU Compute
131623.464315,2000,15fff31f-88d3-4850-8c0e-5a2d28be9990,worker_2,coordinator_0,NET_TRANSFER,0.000100,0.158000,Signal Finished
132340.897457,2000,15fff31f-88d3-4850-8c0e-5a2d28be9990,coordinator_0,worker_3,NET_TRANSFER,8.966039,717.433142,Distribute Layer ID: 76cad612
132340.967504,2000,15fff31f-88d3-4850-8c0e-5a2d28be9990,worker_3,worker_3,DISK_LOAD,8.966039,0.070047,"Disk -> RAM [Model: 15fff31f, Layer: 76cad612]"
132341.037551,2000,15fff31f-88d3-4850-8c0e-5a2d28be9990,worker_3,worker_3,MEM_MOVE,8.966039,0.070047,"RAM -> VRAM [Model: 15fff31f, Layer: 76cad612]"
132341.087551,2000,15fff31f-88d3-4850-8c0e-5a2d28be9990,worker_3,worker_3,GPU_COMPUTE,0.050000,0.050000,GPU Compute
132341.245551,2000,15fff31f-88d3-4850-8c0e-5a2d28be9990,worker_3,coordinator_0,NET_TRANSFER,0.000100,0.158000,Signal Finished
133112.626474,2000,15fff31f-88d3-4850-8c0e-5a2d28be9990,coordinator_0,worker_4,NET_TRANSFER,9.640387,771.380923,Distribute Layer ID: cd81cee4
133112.701790,2000,15fff31f-88d3-4850-8c0e-5a2d28be9990,worker_4,worker_4,DISK_LOAD,9.640387,0.075316,"Disk -> RAM [Model: 15fff31f, Layer: cd81cee4]"
133112.777105,2000,15fff31f-88d3-4850-8c0e-5a2d28be9990,worker_4,worker_4,MEM_MOVE,9.640387,0.075316,"RAM -> VRAM [Model: 15fff31f, Layer: cd81cee4]"
133112.827105,2000,15fff31f-88d3-4850-8c0e-5a2d28be9990,worker_4,worker_4,GPU_COMPUTE,0.050000,0.050000,GPU Compute
133112.985105,2000,15fff31f-88d3-4850-8c0e-5a2d28be9990,worker_4,coordinator_0,NET_TRANSFER,0.000100,0.158000,Signal Finished
133552.572636,2000,15fff31f-88d3-4850-8c0e-5a2d28be9990,coordinator_0,worker_1,NET_TRANSFER,5.492969,439.587530,Distribute Layer ID: 61709b47
133552.615549,2000,15fff31f-88d3-4850-8c0e-5a2d28be9990,worker_1,worker_1,DISK_LOAD,5.492969,0.042914,"Disk -> RAM [Model: 15fff31f, Layer: 61709b47]"
133552.658463,2000,15fff31f-88d3-4850-8c0e-5a2d28be9990,worker_1,worker_1,MEM_MOVE,5.492969,0.042914,"RAM -> VRAM [Model: 15fff31f, Layer: 61709b47]"
133552.708463,2000,15fff31f-88d3-4850-8c0e-5a2d28be9990,worker_1,worker_1,GPU_COMPUTE,0.050000,0.050000,GPU Compute
133552.866463,2000,15fff31f-88d3-4850-8c0e-5a2d28be9990,worker_1,coordinator_0,NET_TRANSFER,0.000100,0.158000,Signal Finished
134239.758799,2000,15fff31f-88d3-4850-8c0e-5a2d28be9990,coordinator_0,worker_2,NET_TRANSFER,8.584279,686.892336,Distribute Layer ID: 27e9dc21
134239.825864,2000,15fff31f-88d3-4850-8c0e-5a2d28be9990,worker_2,worker_2,DISK_LOAD,8.584279,0.067065,"Disk -> RAM [Model: 15fff31f, Layer: 27e9dc21]"
134239.892929,2000,15fff31f-88d3-4850-8c0e-5a2d28be9990,worker_2,worker_2,MEM_MOVE,8.584279,0.067065,"RAM -> VRAM [Model: 15fff31f, Layer: 27e9dc21]"
134239.942929,2000,15fff31f-88d3-4850-8c0e-5a2d28be9990,worker_2,worker_2,GPU_COMPUTE,0.050000,0.050000,GPU Compute
134240.100929,2000,15fff31f-88d3-4850-8c0e-5a2d28be9990,worker_2,coordinator_0,NET_TRANSFER,0.000100,0.158000,Signal Finished
134671.823136,2000,15fff31f-88d3-4850-8c0e-5a2d28be9990,coordinator_0,worker_3,NET_TRANSFER,5.394653,431.722207,Distribute Layer ID: 661db292
134671.865282,2000,15fff31f-88d3-4850-8c0e-5a2d28be9990,worker_3,worker_3,DISK_LOAD,5.394653,0.042146,"Disk -> RAM [Model: 15fff31f, Layer: 661db292]"
134671.907427,2000,15fff31f-88d3-4850-8c0e-5a2d28be9990,worker_3,worker_3,MEM_MOVE,5.394653,0.042146,"RAM -> VRAM [Model: 15fff31f, Layer: 661db292]"
134671.957427,2000,15fff31f-88d3-4850-8c0e-5a2d28be9990,worker_3,worker_3,GPU_COMPUTE,0.050000,0.050000,GPU Compute
134672.115427,2000,15fff31f-88d3-4850-8c0e-5a2d28be9990,worker_3,coordinator_0,NET_TRANSFER,0.000100,0.158000,Signal Finished
135621.101562,2000,15fff31f-88d3-4850-8c0e-5a2d28be9990,coordinator_0,worker_4,NET_TRANSFER,11.860452,948.986135,Distribute Layer ID: 83143b0d
135621.194222,2000,15fff31f-88d3-4850-8c0e-5a2d28be9990,worker_4,worker_4,DISK_LOAD,11.860452,0.092660,"Disk -> RAM [Model: 15fff31f, Layer: 83143b0d]"
135621.286882,2000,15fff31f-88d3-4850-8c0e-5a2d28be9990,worker_4,worker_4,MEM_MOVE,11.860452,0.092660,"RAM -> VRAM [Model: 15fff31f, Layer: 83143b0d]"
135621.336882,2000,15fff31f-88d3-4850-8c0e-5a2d28be9990,worker_4,worker_4,GPU_COMPUTE,0.050000,0.050000,GPU Compute
135621.494882,2000,15fff31f-88d3-4850-8c0e-5a2d28be9990,worker_4,coordinator_0,NET_TRANSFER,0.000100,0.158000,Signal Finished
136630.408790,2000,15fff31f-88d3-4850-8c0e-5a2d28be9990,coordinator_0,worker_1,NET_TRANSFER,12.609549,1008.913908,Distribute Layer ID: c7edfc0b
136630.507302,2000,15fff31f-88d3-4850-8c0e-5a2d28be9990,worker_1,worker_1,DISK_LOAD,12.609549,0.098512,"Disk -> RAM [Model: 15fff31f, Layer: c7edfc0b]"
136630.605814,2000,15fff31f-88d3-4850-8c0e-5a2d28be9990,worker_1,worker_1,MEM_MOVE,12.609549,0.098512,"RAM -> VRAM [Model: 15fff31f, Layer: c7edfc0b]"
136630.655814,2000,15fff31f-88d3-4850-8c0e-5a2d28be9990,worker_1,worker_1,GPU_COMPUTE,0.050000,0.050000,GPU Compute
136630.813814,2000,15fff31f-88d3-4850-8c0e-5a2d28be9990,worker_1,coordinator_0,NET_TRANSFER,0.000100,0.158000,Signal Finished
137299.179539,2000,15fff31f-88d3-4850-8c0e-5a2d28be9990,coordinator_0,worker_2,NET_TRANSFER,8.352697,668.365726,Distribute Layer ID: 3a2118a9
137299.244795,2000,15fff31f-88d3-4850-8c0e-5a2d28be9990,worker_2,worker_2,DISK_LOAD,8.352697,0.065255,"Disk -> RAM [Model: 15fff31f, Layer: 3a2118a9]"
137299.310050,2000,15fff31f-88d3-4850-8c0e-5a2d28be9990,worker_2,worker_2,MEM_MOVE,8.352697,0.065255,"RAM -> VRAM [Model: 15fff31f, Layer: 3a2118a9]"
137299.360050,2000,15fff31f-88d3-4850-8c0e-5a2d28be9990,worker_2,worker_2,GPU_COMPUTE,0.050000,0.050000,GPU Compute
137299.518050,2000,15fff31f-88d3-4850-8c0e-5a2d28be9990,worker_2,coordinator_0,NET_TRANSFER,0.000100,0.158000,Signal Finished
138344.608549,2000,15fff31f-88d3-4850-8c0e-5a2d28be9990,coordinator_0,worker_3,NET_TRANSFER,13.061756,1045.090498,Distribute Layer ID: aaa47d4d
138344.710594,2000,15fff31f-88d3-4850-8c0e-5a2d28be9990,worker_3,worker_3,DISK_LOAD,13.061756,0.102045,"Disk -> RAM [Model: 15fff31f, Layer: aaa47d4d]"
138344.812639,2000,15fff31f-88d3-4850-8c0e-5a2d28be9990,worker_3,worker_3,MEM_MOVE,13.061756,0.102045,"RAM -> VRAM [Model: 15fff31f, Layer: aaa47d4d]"
138344.862639,2000,15fff31f-88d3-4850-8c0e-5a2d28be9990,worker_3,worker_3,GPU_COMPUTE,0.050000,0.050000,GPU Compute
138345.020639,2000,15fff31f-88d3-4850-8c0e-5a2d28be9990,worker_3,coordinator_0,NET_TRANSFER,0.000100,0.158000,Signal Finished
138885.961206,2000,15fff31f-88d3-4850-8c0e-5a2d28be9990,coordinator_0,worker_4,NET_TRANSFER,6.759882,540.940567,Distribute Layer ID: ac3917a2
138886.014017,2000,15fff31f-88d3-4850-8c0e-5a2d28be9990,worker_4,worker_4,DISK_LOAD,6.759882,0.052812,"Disk -> RAM [Model: 15fff31f, Layer: ac3917a2]"
138886.066829,2000,15fff31f-88d3-4850-8c0e-5a2d28be9990,worker_4,worker_4,MEM_MOVE,6.759882,0.052812,"RAM -> VRAM [Model: 15fff31f, Layer: ac3917a2]"
138886.116829,2000,15fff31f-88d3-4850-8c0e-5a2d28be9990,worker_4,worker_4,GPU_COMPUTE,0.050000,0.050000,GPU Compute
138886.274829,2000,15fff31f-88d3-4850-8c0e-5a2d28be9990,worker_4,coordinator_0,NET_TRANSFER,0.000100,0.158000,Signal Finished
140025.055775,2000,15fff31f-88d3-4850-8c0e-5a2d28be9990,coordinator_0,worker_1,NET_TRANSFER,14.232887,1138.780946,Distribute Layer ID: 6aea4e15
140025.166970,2000,15fff31f-88d3-4850-8c0e-5a2d28be9990,worker_1,worker_1,DISK_LOAD,14.232887,0.111194,"Disk -> RAM [Model: 15fff31f, Layer: 6aea4e15]"
140025.278164,2000,15fff31f-88d3-4850-8c0e-5a2d28be9990,worker_1,worker_1,MEM_MOVE,14.232887,0.111194,"RAM -> VRAM [Model: 15fff31f, Layer: 6aea4e15]"
140025.328164,2000,15fff31f-88d3-4850-8c0e-5a2d28be9990,worker_1,worker_1,GPU_COMPUTE,0.050000,0.050000,GPU Compute
140025.486164,2000,15fff31f-88d3-4850-8c0e-5a2d28be9990,worker_1,coordinator_0,NET_TRANSFER,0.000100,0.158000,Signal Finished
140750.875084,2000,15fff31f-88d3-4850-8c0e-5a2d28be9990,coordinator_0,worker_2,NET_TRANSFER,9.065486,725.388919,Distribute Layer ID: 176ad786
140750.945908,2000,15fff31f-88d3-4850-8c0e-5a2d28be9990,worker_2,worker_2,DISK_LOAD,9.065486,0.070824,"Disk -> RAM [Model: 15fff31f, Layer: 176ad786]"
140751.016732,2000,15fff31f-88d3-4850-8c0e-5a2d28be9990,worker_2,worker_2,MEM_MOVE,9.065486,0.070824,"RAM -> VRAM [Model: 15fff31f, Layer: 176ad786]"
140751.066732,2000,15fff31f-88d3-4850-8c0e-5a2d28be9990,worker_2,worker_2,GPU_COMPUTE,0.050000,0.050000,GPU Compute
140751.224732,2000,15fff31f-88d3-4850-8c0e-5a2d28be9990,worker_2,coordinator_0,NET_TRANSFER,0.000100,0.158000,Signal Finished
141594.178225,2000,15fff31f-88d3-4850-8c0e-5a2d28be9990,coordinator_0,worker_3,NET_TRANSFER,10.535044,842.953493,Distribute Layer ID: 4fbb25c9
141594.260530,2000,15fff31f-88d3-4850-8c0e-5a2d28be9990,worker_3,worker_3,DISK_LOAD,10.535044,0.082305,"Disk -> RAM [Model: 15fff31f, Layer: 4fbb25c9]"
141594.342835,2000,15fff31f-88d3-4850-8c0e-5a2d28be9990,worker_3,worker_3,MEM_MOVE,10.535044,0.082305,"RAM -> VRAM [Model: 15fff31f, Layer: 4fbb25c9]"
141594.392835,2000,15fff31f-88d3-4850-8c0e-5a2d28be9990,worker_3,worker_3,GPU_COMPUTE,0.050000,0.050000,GPU Compute
141594.550835,2000,15fff31f-88d3-4850-8c0e-5a2d28be9990,worker_3,coordinator_0,NET_TRANSFER,0.000100,0.158000,Signal Finished
142102.577477,2000,15fff31f-88d3-4850-8c0e-5a2d28be9990,coordinator_0,worker_4,NET_TRANSFER,6.348458,508.026643,Distribute Layer ID: 3078bc9d
142102.627075,2000,15fff31f-88d3-4850-8c0e-5a2d28be9990,worker_4,worker_4,DISK_LOAD,6.348458,0.049597,"Disk -> RAM [Model: 15fff31f, Layer: 3078bc9d]"
142102.676672,2000,15fff31f-88d3-4850-8c0e-5a2d28be9990,worker_4,worker_4,MEM_MOVE,6.348458,0.049597,"RAM -> VRAM [Model: 15fff31f, Layer: 3078bc9d]"
142102.726672,2000,15fff31f-88d3-4850-8c0e-5a2d28be9990,worker_4,worker_4,GPU_COMPUTE,0.050000,0.050000,GPU Compute
142102.884672,2000,15fff31f-88d3-4850-8c0e-5a2d28be9990,worker_4,coordinator_0,NET_TRANSFER,0.000100,0.158000,Signal Finished
142103.042672,10002,d5b6c0cc-7700-4a35-a3d8-1ca4767780d9,client_10,coordinator_0,NET_TRANSFER,0.000100,0.158000,Request Model ID
142103.200672,10002,d5b6c0cc-7700-4a35-a3d8-1ca4767780d9,coordinator_0,client_10,NET_TRANSFER,0.000100,0.158000,Signal: Cache Miss / Request Weights
184158.384152,10002,d5b6c0cc-7700-4a35-a3d8-1ca4767780d9,client_10,coordinator_0,NET_TRANSFER,525.687919,42055.183480,Upload Model Weights
185255.414701,10002,d5b6c0cc-7700-4a35-a3d8-1ca4767780d9,coordinator_0,worker_2,NET_TRANSFER,13.711007,1097.030549,Distribute Layer ID: aa03f326
185255.521818,10002,d5b6c0cc-7700-4a35-a3d8-1ca4767780d9,worker_2,worker_2,DISK_LOAD,13.711007,0.107117,"Disk -> RAM [Model: d5b6c0cc, Layer: aa03f326]"
185255.628935,10002,d5b6c0cc-7700-4a35-a3d8-1ca4767780d9,worker_2,worker_2,MEM_MOVE,13.711007,0.107117,"RAM -> VRAM [Model: d5b6c0cc, Layer: aa03f326]"
185255.678935,10002,d5b6c0cc-7700-4a35-a3d8-1ca4767780d9,worker_2,worker_2,GPU_COMPUTE,0.050000,0.050000,GPU Compute
185255.836935,10002,d5b6c0cc-7700-4a35-a3d8-1ca4767780d9,worker_2,coordinator_0,NET_TRANSFER,0.000100,0.158000,Signal Finished
186255.134822,10002,d5b6c0cc-7700-4a35-a3d8-1ca4767780d9,coordinator_0,worker_3,NET_TRANSFER,12.489349,999.297886,Distribute Layer ID: 7e3548d3
186255.232395,10002,d5b6c0cc-7700-4a35-a3d8-1ca4767780d9,worker_3,worker_3,DISK_LOAD,12.489349,0.097573,"Disk -> RAM [Model: d5b6c0cc, Layer: 7e3548d3]"
186255.329968,10002,d5b6c0cc-7700-4a35-a3d8-1ca4767780d9,worker_3,worker_3,MEM_MOVE,12.489349,0.097573,"RAM -> VRAM [Model: d5b6c0cc, Layer: 7e3548d3]"
186255.379968,10002,d5b6c0cc-7700-4a35-a3d8-1ca4767780d9,worker_3,worker_3,GPU_COMPUTE,0.050000,0.050000,GPU Compute
186255.537968,10002,d5b6c0cc-7700-4a35-a3d8-1ca4767780d9,worker_3,coordinator_0,NET_TRANSFER,0.000100,0.158000,Signal Finished
186831.134962,10002,d5b6c0cc-7700-4a35-a3d8-1ca4767780d9,coordinator_0,worker_4,NET_TRANSFER,7.193087,575.596994,Distribute Layer ID: 0d0fdfdc
186831.292962,3000,e20db8d2-b0ae-4054-bb3b-51a67633e6dd,client_3,coordinator_0,NET_TRANSFER,0.000100,0.158000,Request Model ID
186831.450962,4000,7e5ffa42-649f-4b09-b2be-5899466a7e7f,client_4,coordinator_0,NET_TRANSFER,0.000100,0.158000,Request Model ID
186831.608962,2001,ae73b5ce-6b5a-4c53-a7b1-f585b462e9d6,client_2,coordinator_0,NET_TRANSFER,0.000100,0.158000,Request Model ID
186831.766962,3001,440ed019-eb73-495b-bf4d-60191542c668,client_3,coordinator_0,NET_TRANSFER,0.000100,0.158000,Request Model ID
186831.924962,6000,cd2cf452-d2fc-4e99-8950-ca96ce00112d,client_6,coordinator_0,NET_TRANSFER,0.000100,0.158000,Request Model ID
186832.082962,4001,7202018a-7059-46d3-abf3-725e672873b7,client_4,coordinator_0,NET_TRANSFER,0.000100,0.158000,Request Model ID
186832.240962,2002,abbad5ca-f5f2-4403-8f6a-ab171a8a04ec,client_2,coordinator_0,NET_TRANSFER,0.000100,0.158000,Request Model ID
186832.398962,7000,268b1d86-9c97-400b-bd0f-3d964dcdd718,client_7,coordinator_0,NET_TRANSFER,0.000100,0.158000,Request Model ID
186832.556962,8000,ae026cd0-a180-4a3d-b4e9-e069996002cf,client_8,coordinator_0,NET_TRANSFER,0.000100,0.158000,Request Model ID
186832.714962,9000,b846365e-24f9-4ee2-bb0e-678153c45917,client_9,coordinator_0,NET_TRANSFER,0.000100,0.158000,Request Model ID
186832.872962,10000,4316abed-9444-4ca6-8f0b-424fcaead312,client_10,coordinator_0,NET_TRANSFER,0.000100,0.158000,Request Model ID
186833.030962,10000,8214cc03-04d0-4fbe-8fb3-d9e828fe07c4,client_10,coordinator_0,NET_TRANSFER,0.000100,0.158000,Request Model ID
186833.188962,10000,84d5c4ea-b47c-4be4-9a0c-8c69f86179a8,client_10,coordinator_0,NET_TRANSFER,0.000100,0.158000,Request Model ID
186833.346962,3002,abbad5ca-f5f2-4403-8f6a-ab171a8a04ec,client_3,coordinator_0,NET_TRANSFER,0.000100,0.158000,Request Model ID
186833.504962,10001,baa413d8-8be1-4108-9c52-2f3dc7ca37d0,client_10,coordinator_0,NET_TRANSFER,0.000100,0.158000,Request Model ID
186833.662962,1000,6ccfbc3d-d25e-406e-becc-65761946e770,client_1,coordinator_0,NET_TRANSFER,0.000100,0.158000,Request Model ID
186833.820962,1000,440ed019-eb73-495b-bf4d-60191542c668,client_1,coordinator_0,NET_TRANSFER,0.000100,0.158000,Request Model ID
186833.978962,4002,55662345-9a0e-4240-bb68-bdd4a322edd8,client_4,coordinator_0,NET_TRANSFER,0.000100,0.158000,Request Model ID
186834.136962,2000,b378f61c-a691-49d8-9683-2c451172ffd9,client_2,coordinator_0,NET_TRANSFER,0.000100,0.158000,Request Model ID
186834.294962,7001,7202018a-7059-46d3-abf3-725e672873b7,client_7,coordinator_0,NET_TRANSFER,0.000100,0.158000,Request Model ID
186834.351158,10002,d5b6c0cc-7700-4a35-a3d8-1ca4767780d9,worker_4,worker_4,DISK_LOAD,7.193087,0.056196,"Disk -> RAM [Model: d5b6c0cc, Layer: 0d0fdfdc]"
186834.407354,10002,d5b6c0cc-7700-4a35-a3d8-1ca4767780d9,worker_4,worker_4,MEM_MOVE,7.193087,0.056196,"RAM -> VRAM [Model: d5b6c0cc, Layer: 0d0fdfdc]"
186834.457354,10002,d5b6c0cc-7700-4a35-a3d8-1ca4767780d9,worker_4,worker_4,GPU_COMPUTE,0.050000,0.050000,GPU Compute
186834.615354,10002,d5b6c0cc-7700-4a35-a3d8-1ca4767780d9,worker_4,coordinator_0,NET_TRANSFER,0.000100,0.158000,Signal Finished
188013.065530,10002,d5b6c0cc-7700-4a35-a3d8-1ca4767780d9,coordinator_0,worker_1,NET_TRANSFER,14.728752,1178.450176,Distribute Layer ID: c57117f6
188013.180599,10002,d5b6c0cc-7700-4a35-a3d8-1ca4767780d9,worker_1,worker_1,DISK_LOAD,14.728752,0.115068,"Disk -> RAM [Model: d5b6c0cc, Layer: c57117f6]"
188013.295667,10002,d5b6c0cc-7700-4a35-a3d8-1ca4767780d9,worker_1,worker_1,MEM_MOVE,14.728752,0.115068,"RAM -> VRAM [Model: d5b6c0cc, Layer: c57117f6]"
188013.345667,10002,d5b6c0cc-7700-4a35-a3d8-1ca4767780d9,worker_1,worker_1,GPU_COMPUTE,0.050000,0.050000,GPU Compute
188013.503667,10002,d5b6c0cc-7700-4a35-a3d8-1ca4767780d9,worker_1,coordinator_0,NET_TRANSFER,0.000100,0.158000,Signal Finished
188757.217449,10002,d5b6c0cc-7700-4a35-a3d8-1ca4767780d9,coordinator_0,worker_2,NET_TRANSFER,9.294547,743.713782,Distribute Layer ID: a64fb8cf
188757.290063,10002,d5b6c0cc-7700-4a35-a3d8-1ca4767780d9,worker_2,worker_2,DISK_LOAD,9.294547,0.072614,"Disk -> RAM [Model: d5b6c0cc, Layer: a64fb8cf]"
188757.362677,10002,d5b6c0cc-7700-4a35-a3d8-1ca4767780d9,worker_2,worker_2,MEM_MOVE,9.294547,0.072614,"RAM -> VRAM [Model: d5b6c0cc, Layer: a64fb8cf]"
188757.412677,10002,d5b6c0cc-7700-4a35-a3d8-1ca4767780d9,worker_2,worker_2,GPU_COMPUTE,0.050000,0.050000,GPU Compute
188757.570677,10002,d5b6c0cc-7700-4a35-a3d8-1ca4767780d9,worker_2,coordinator_0,NET_TRANSFER,0.000100,0.158000,Signal Finished
189885.836762,10002,d5b6c0cc-7700-4a35-a3d8-1ca4767780d9,coordinator_0,worker_3,NET_TRANSFER,14.101451,1128.266086,Distribute Layer ID: f93178a2
189885.946930,10002,d5b6c0cc-7700-4a35-a3d8-1ca4767780d9,worker_3,worker_3,DISK_LOAD,14.101451,0.110168,"Disk -> RAM [Model: d5b6c0cc, Layer: f93178a2]"
189886.057097,10002,d5b6c0cc-7700-4a35-a3d8-1ca4767780d9,worker_3,worker_3,MEM_MOVE,14.101451,0.110168,"RAM -> VRAM [Model: d5b6c0cc, Layer: f93178a2]"
189886.107097,10002,d5b6c0cc-7700-4a35-a3d8-1ca4767780d9,worker_3,worker_3,GPU_COMPUTE,0.050000,0.050000,GPU Compute
189886.265097,10002,d5b6c0cc-7700-4a35-a3d8-1ca4767780d9,worker_3,coordinator_0,NET_TRANSFER,0.000100,0.158000,Signal Finished
191039.409658,10002,d5b6c0cc-7700-4a35-a3d8-1ca4767780d9,coordinator_0,worker_4,NET_TRANSFER,14.412432,1153.144560,Distribute Layer ID: 953d1e56
191039.522255,10002,d5b6c0cc-7700-4a35-a3d8-1ca4767780d9,worker_4,worker_4,DISK_LOAD,14.412432,0.112597,"Disk -> RAM [Model: d5b6c0cc, Layer: 953d1e56]"
191039.634852,10002,d5b6c0cc-7700-4a35-a3d8-1ca4767780d9,worker_4,worker_4,MEM_MOVE,14.412432,0.112597,"RAM -> VRAM [Model: d5b6c0cc, Layer: 953d1e56]"
191039.684852,10002,d5b6c0cc-7700-4a35-a3d8-1ca4767780d9,worker_4,worker_4,GPU_COMPUTE,0.050000,0.050000,GPU Compute
191039.842852,10002,d5b6c0cc-7700-4a35-a3d8-1ca4767780d9,worker_4,coordinator_0,NET_TRANSFER,0.000100,0.158000,Signal Finished
191040.000852,9001,085d3a7d-70fd-43c2-a296-69bde04655f1,client_9,coordinator_0,NET_TRANSFER,0.000100,0.158000,Request Model ID
191040.158852,10002,59a431e0-7a08-4a82-b8fd-3ef66af37c6f,client_10,coordinator_0,NET_TRANSFER,0.000100,0.158000,Request Model ID
191040.316852,10002,d5b6c0cc-7700-4a35-a3d8-1ca4767780d9,client_10,coordinator_0,NET_TRANSFER,0.000100,0.158000,Request Model ID
191040.474852,10002,b378f61c-a691-49d8-9683-2c451172ffd9,client_10,coordinator_0,NET_TRANSFER,0.000100,0.158000,Request Model ID
191040.632852,3000,2eb7ed28-93fa-4639-8470-40e53873defa,client_3,coordinator_0,NET_TRANSFER,0.000100,0.158000,Request Model ID
191040.790852,4000,46495c9c-44a3-46a8-b20a-0f894ebc33f8,client_4,coordinator_0,NET_TRANSFER,0.000100,0.158000,Request Model ID
191040.948852,4000,8214cc03-04d0-4fbe-8fb3-d9e828fe07c4,client_4,coordinator_0,NET_TRANSFER,0.000100,0.158000,Request Model ID
191041.106852,1001,8214cc03-04d0-4fbe-8fb3-d9e828fe07c4,client_1,coordinator_0,NET_TRANSFER,0.000100,0.158000,Request Model ID
191041.264852,2001,b846365e-24f9-4ee2-bb0e-678153c45917,client_2,coordinator_0,NET_TRANSFER,0.000100,0.158000,Request Model ID
191041.422852,2001,c6b782ab-5d37-4b75-97c7-b76805f61131,client_2,coordinator_0,NET_TRANSFER,0.000100,0.158000,Request Model ID
191041.580852,5000,ff4738ca-ecb7-43de-a638-f8f5c9e4eba2,client_5,coordinator_0,NET_TRANSFER,0.000100,0.158000,Request Model ID
191041.738852,5000,ae73b5ce-6b5a-4c53-a7b1-f585b462e9d6,client_5,coordinator_0,NET_TRANSFER,0.000100,0.158000,Request Model ID
191041.896852,5000,2fbefbbc-cd7c-4c4a-8885-b9904365f752,client_5,coordinator_0,NET_TRANSFER,0.000100,0.158000,Request Model ID
191042.054852,5000,cd2cf452-d2fc-4e99-8950-ca96ce00112d,client_5,coordinator_0,NET_TRANSFER,0.000100,0.158000,Request Model ID
191042.212852,10003,59a431e0-7a08-4a82-b8fd-3ef66af37c6f,client_10,coordinator_0,NET_TRANSFER,0.000100,0.158000,Request Model ID
191042.370852,3001,085d3a7d-70fd-43c2-a296-69bde04655f1,client_3,coordinator_0,NET_TRANSFER,0.000100,0.158000,Request Model ID
191042.528852,3003,085d3a7d-70fd-43c2-a296-69bde04655f1,client_3,coordinator_0,NET_TRANSFER,0.000100,0.158000,Request Model ID
191042.686852,3001,6ccfbc3d-d25e-406e-becc-65761946e770,client_3,coordinator_0,NET_TRANSFER,0.000100,0.158000,Request Model ID
191042.844852,6000,0458d477-7a86-4d24-971c-62fe9a3e7a17,client_6,coordinator_0,NET_TRANSFER,0.000100,0.158000,Request Model ID
191043.002852,4003,085d3a7d-70fd-43c2-a296-69bde04655f1,client_4,coordinator_0,NET_TRANSFER,0.000100,0.158000,Request Model ID
191043.160852,2004,b28fb40b-1a7d-4ab2-bdcc-664e20576c66,client_2,coordinator_0,NET_TRANSFER,0.000100,0.158000,Request Model ID
191043.318852,6000,e314a9ac-f913-4183-acc9-77b03f47dc2f,client_6,coordinator_0,NET_TRANSFER,0.000100,0.158000,Request Model ID
191043.476852,4001,baa413d8-8be1-4108-9c52-2f3dc7ca37d0,client_4,coordinator_0,NET_TRANSFER,0.000100,0.158000,Request Model ID
191043.634852,4001,7202018a-7059-46d3-abf3-725e672873b7,client_4,coordinator_0,NET_TRANSFER,0.000100,0.158000,Request Model ID
191043.792852,2002,440ed019-eb73-495b-bf4d-60191542c668,client_2,coordinator_0,NET_TRANSFER,0.000100,0.158000,Request Model ID
191043.950852,2002,2fbefbbc-cd7c-4c4a-8885-b9904365f752,client_2,coordinator_0,NET_TRANSFER,0.000100,0.158000,Request Model ID
191044.108852,7000,aa64a7a5-35ea-4323-b730-74e20320cab6,client_7,coordinator_0,NET_TRANSFER,0.000100,0.158000,Request Model ID
191044.266852,8000,46495c9c-44a3-46a8-b20a-0f894ebc33f8,client_8,coordinator_0,NET_TRANSFER,0.000100,0.158000,Request Model ID
191044.424852,8000,2eb7ed28-93fa-4639-8470-40e53873defa,client_8,coordinator_0,NET_TRANSFER,0.000100,0.158000,Request Model ID
191044.582852,8000,e20db8d2-b0ae-4054-bb3b-51a67633e6dd,client_8,coordinator_0,NET_TRANSFER,0.000100,0.158000,Request Model ID
191044.740852,9000,268b1d86-9c97-400b-bd0f-3d964dcdd718,client_9,coordinator_0,NET_TRANSFER,0.000100,0.158000,Request Model ID
191044.898852,9000,0458d477-7a86-4d24-971c-62fe9a3e7a17,client_9,coordinator_0,NET_TRANSFER,0.000100,0.158000,Request Model ID
191045.056852,5001,085d3a7d-70fd-43c2-a296-69bde04655f1,client_5,coordinator_0,NET_TRANSFER,0.000100,0.158000,Request Model ID
191045.214852,3002,55662345-9a0e-4240-bb68-bdd4a322edd8,client_3,coordinator_0,NET_TRANSFER,0.000100,0.158000,Request Model ID
191045.372852,9002,e314a9ac-f913-4183-acc9-77b03f47dc2f,client_9,coordinator_0,NET_TRANSFER,0.000100,0.158000,Request Model ID
191045.530852,3002,05c888f5-48fd-4c78-b8ff-c3d7e25250ee,client_3,coordinator_0,NET_TRANSFER,0.000100,0.158000,Request Model ID
191045.688852,10004,0b6aa285-cf51-4f04-b3b0-27d4d0a76265,client_10,coordinator_0,NET_TRANSFER,0.000100,0.158000,Request Model ID
191045.846852,3004,2eb7ed28-93fa-4639-8470-40e53873defa,client_3,coordinator_0,NET_TRANSFER,0.000100,0.158000,Request Model ID
191046.004852,3002,0b6aa285-cf51-4f04-b3b0-27d4d0a76265,client_3,coordinator_0,NET_TRANSFER,0.000100,0.158000,Request Model ID
191046.162852,6001,b846365e-24f9-4ee2-bb0e-678153c45917,client_6,coordinator_0,NET_TRANSFER,0.000100,0.158000,Request Model ID
191046.320852,4002,e20db8d2-b0ae-4054-bb3b-51a67633e6dd,client_4,coordinator_0,NET_TRANSFER,0.000100,0.158000,Request Model ID
191046.478852,4002,7efb5967-3601-4091-bcc2-7bfed1a20e9d,client_4,coordinator_0,NET_TRANSFER,0.000100,0.158000,Request Model ID
191046.636852,4002,5cf26a93-6d67-463f-8354-be220031fbd0,client_4,coordinator_0,NET_TRANSFER,0.000100,0.158000,Request Model ID
191046.794852,4004,15fff31f-88d3-4850-8c0e-5a2d28be9990,client_4,coordinator_0,NET_TRANSFER,0.000100,0.158000,Request Model ID
191046.952852,2003,ae73b5ce-6b5a-4c53-a7b1-f585b462e9d6,client_2,coordinator_0,NET_TRANSFER,0.000100,0.158000,Request Model ID
191047.110852,2003,440ed019-eb73-495b-bf4d-60191542c668,client_2,coordinator_0,NET_TRANSFER,0.000100,0.158000,Request Model ID
191047.268852,2005,7202018a-7059-46d3-abf3-725e672873b7,client_2,coordinator_0,NET_TRANSFER,0.000100,0.158000,Request Model ID
191047.426852,5002,baa413d8-8be1-4108-9c52-2f3dc7ca37d0,client_5,coordinator_0,NET_TRANSFER,0.000100,0.158000,Request Model ID
191047.584852,5002,12a9aae0-a809-4552-b0e2-bb181ad83153,client_5,coordinator_0,NET_TRANSFER,0.000100,0.158000,Request Model ID
191047.742852,5002,2fbefbbc-cd7c-4c4a-8885-b9904365f752,client_5,coordinator_0,NET_TRANSFER,0.000100,0.158000,Request Model ID
191047.900852,8001,085d3a7d-70fd-43c2-a296-69bde04655f1,client_8,coordinator_0,NET_TRANSFER,0.000100,0.158000,Request Model ID
191048.058852,8001,cd2cf452-d2fc-4e99-8950-ca96ce00112d,client_8,coordinator_0,NET_TRANSFER,0.000100,0.158000,Request Model ID
191048.216852,8001,7e5ffa42-649f-4b09-b2be-5899466a7e7f,client_8,coordinator_0,NET_TRANSFER,0.000100,0.158000,Request Model ID
191048.374852,8001,ae73b5ce-6b5a-4c53-a7b1-f585b462e9d6,client_8,coordinator_0,NET_TRANSFER,0.000100,0.158000,Request Model ID
191048.532852,9002,ae73b5ce-6b5a-4c53-a7b1-f585b462e9d6,client_9,coordinator_0,NET_TRANSFER,0.000100,0.158000,Request Model ID
191048.690852,9002,0b6aa285-cf51-4f04-b3b0-27d4d0a76265,client_9,coordinator_0,NET_TRANSFER,0.000100,0.158000,Request Model ID
191048.848852,1002,e20db8d2-b0ae-4054-bb3b-51a67633e6dd,client_1,coordinator_0,NET_TRANSFER,0.000100,0.158000,Request Model ID
191049.006852,10004,c6b782ab-5d37-4b75-97c7-b76805f61131,client_10,coordinator_0,NET_TRANSFER,0.000100,0.158000,Request Model ID
191049.164852,6003,c6b782ab-5d37-4b75-97c7-b76805f61131,client_6,coordinator_0,NET_TRANSFER,0.000100,0.158000,Request Model ID
191049.322852,10004,ae026cd0-a180-4a3d-b4e9-e069996002cf,client_10,coordinator_0,NET_TRANSFER,0.000100,0.158000,Request Model ID
191049.480852,10004,b28fb40b-1a7d-4ab2-bdcc-664e20576c66,client_10,coordinator_0,NET_TRANSFER,0.000100,0.158000,Request Model ID
191049.638852,3004,b28fb40b-1a7d-4ab2-bdcc-664e20576c66,client_3,coordinator_0,NET_TRANSFER,0.000100,0.158000,Request Model ID
191049.796852,5004,8214cc03-04d0-4fbe-8fb3-d9e828fe07c4,client_5,coordinator_0,NET_TRANSFER,0.000100,0.158000,Request Model ID
191049.954852,3004,b846365e-24f9-4ee2-bb0e-678153c45917,client_3,coordinator_0,NET_TRANSFER,0.000100,0.158000,Request Model ID
191050.112852,6001,e20db8d2-b0ae-4054-bb3b-51a67633e6dd,client_6,coordinator_0,NET_TRANSFER,0.000100,0.158000,Request Model ID
191050.270852,6001,7e5ffa42-649f-4b09-b2be-5899466a7e7f,client_6,coordinator_0,NET_TRANSFER,0.000100,0.158000,Request Model ID
191050.428852,1003,0458d477-7a86-4d24-971c-62fe9a3e7a17,client_1,coordinator_0,NET_TRANSFER,0.000100,0.158000,Request Model ID
191050.586852,4004,0458d477-7a86-4d24-971c-62fe9a3e7a17,client_4,coordinator_0,NET_TRANSFER,0.000100,0.158000,Request Model ID
191050.744852,4004,aa64a7a5-35ea-4323-b730-74e20320cab6,client_4,coordinator_0,NET_TRANSFER,0.000100,0.158000,Request Model ID
191050.902852,7001,312345df-7924-49d3-ba5e-28aa13911279,client_7,coordinator_0,NET_TRANSFER,0.000100,0.158000,Request Model ID
191897.600550,10002,d5b6c0cc-7700-4a35-a3d8-1ca4767780d9,coordinator_0,worker_1,NET_TRANSFER,10.581846,846.697698,Distribute Layer ID: 63423b07
191897.683221,10002,d5b6c0cc-7700-4a35-a3d8-1ca4767780d9,worker_1,worker_1,DISK_LOAD,10.581846,0.082671,"Disk -> RAM [Model: d5b6c0cc, Layer: 63423b07]"
191897.765891,10002,d5b6c0cc-7700-4a35-a3d8-1ca4767780d9,worker_1,worker_1,MEM_MOVE,10.581846,0.082671,"RAM -> VRAM [Model: d5b6c0cc, Layer: 63423b07]"
191897.815891,10002,d5b6c0cc-7700-4a35-a3d8-1ca4767780d9,worker_1,worker_1,GPU_COMPUTE,0.050000,0.050000,GPU Compute
191897.973891,10002,d5b6c0cc-7700-4a35-a3d8-1ca4767780d9,worker_1,coordinator_0,NET_TRANSFER,0.000100,0.158000,Signal Finished
192433.508677,10002,d5b6c0cc-7700-4a35-a3d8-1ca4767780d9,coordinator_0,worker_2,NET_TRANSFER,6.692310,535.534786,Distribute Layer ID: 5b20ff45
192433.560961,10002,d5b6c0cc-7700-4a35-a3d8-1ca4767780d9,worker_2,worker_2,DISK_LOAD,6.692310,0.052284,"Disk -> RAM [Model: d5b6c0cc, Layer: 5b20ff45]"
192433.613244,10002,d5b6c0cc-7700-4a35-a3d8-1ca4767780d9,worker_2,worker_2,MEM_MOVE,6.692310,0.052284,"RAM -> VRAM [Model: d5b6c0cc, Layer: 5b20ff45]"
192433.663244,10002,d5b6c0cc-7700-4a35-a3d8-1ca4767780d9,worker_2,worker_2,GPU_COMPUTE,0.050000,0.050000,GPU Compute
192433.821244,10002,d5b6c0cc-7700-4a35-a3d8-1ca4767780d9,worker_2,coordinator_0,NET_TRANSFER,0.000100,0.158000,Signal Finished
193193.179091,10002,d5b6c0cc-7700-4a35-a3d8-1ca4767780d9,coordinator_0,worker_3,NET_TRANSFER,9.490098,759.357846,Distribute Layer ID: baa72da8
193193.253232,10002,d5b6c0cc-7700-4a35-a3d8-1ca4767780d9,worker_3,worker_3,DISK_LOAD,9.490098,0.074141,"Disk -> RAM [Model: d5b6c0cc, Layer: baa72da8]"
193193.327374,10002,d5b6c0cc-7700-4a35-a3d8-1ca4767780d9,worker_3,worker_3,MEM_MOVE,9.490098,0.074141,"RAM -> VRAM [Model: d5b6c0cc, Layer: baa72da8]"
193193.377374,10002,d5b6c0cc-7700-4a35-a3d8-1ca4767780d9,worker_3,worker_3,GPU_COMPUTE,0.050000,0.050000,GPU Compute
193193.535374,10002,d5b6c0cc-7700-4a35-a3d8-1ca4767780d9,worker_3,coordinator_0,NET_TRANSFER,0.000100,0.158000,Signal Finished
193674.099978,10002,d5b6c0cc-7700-4a35-a3d8-1ca4767780d9,coordinator_0,worker_4,NET_TRANSFER,6.005183,480.564604,Distribute Layer ID: b429a435
193674.146894,10002,d5b6c0cc-7700-4a35-a3d8-1ca4767780d9,worker_4,worker_4,DISK_LOAD,6.005183,0.046915,"Disk -> RAM [Model: d5b6c0cc, Layer: b429a435]"
193674.193809,10002,d5b6c0cc-7700-4a35-a3d8-1ca4767780d9,worker_4,worker_4,MEM_MOVE,6.005183,0.046915,"RAM -> VRAM [Model: d5b6c0cc, Layer: b429a435]"
193674.243809,10002,d5b6c0cc-7700-4a35-a3d8-1ca4767780d9,worker_4,worker_4,GPU_COMPUTE,0.050000,0.050000,GPU Compute
193674.401809,10002,d5b6c0cc-7700-4a35-a3d8-1ca4767780d9,worker_4,coordinator_0,NET_TRANSFER,0.000100,0.158000,Signal Finished
194513.661038,10002,d5b6c0cc-7700-4a35-a3d8-1ca4767780d9,coordinator_0,worker_1,NET_TRANSFER,10.488865,839.259229,Distribute Layer ID: 0b21694d
194513.742982,10002,d5b6c0cc-7700-4a35-a3d8-1ca4767780d9,worker_1,worker_1,DISK_LOAD,10.488865,0.081944,"Disk -> RAM [Model: d5b6c0cc, Layer: 0b21694d]"
194513.824926,10002,d5b6c0cc-7700-4a35-a3d8-1ca4767780d9,worker_1,worker_1,MEM_MOVE,10.488865,0.081944,"RAM -> VRAM [Model: d5b6c0cc, Layer: 0b21694d]"
194513.874926,10002,d5b6c0cc-7700-4a35-a3d8-1ca4767780d9,worker_1,worker_1,GPU_COMPUTE,0.050000,0.050000,GPU Compute
194514.032926,10002,d5b6c0cc-7700-4a35-a3d8-1ca4767780d9,worker_1,coordinator_0,NET_TRANSFER,0.000100,0.158000,Signal Finished
195122.648190,10002,d5b6c0cc-7700-4a35-a3d8-1ca4767780d9,coordinator_0,worker_2,NET_TRANSFER,7.605816,608.615264,Distribute Layer ID: 8d13bd2e
195122.707611,10002,d5b6c0cc-7700-4a35-a3d8-1ca4767780d9,worker_2,worker_2,DISK_LOAD,7.605816,0.059420,"Disk -> RAM [Model: d5b6c0cc, Layer: 8d13bd2e]"
195122.767031,10002,d5b6c0cc-7700-4a35-a3d8-1ca4767780d9,worker_2,worker_2,MEM_MOVE,7.605816,0.059420,"RAM -> VRAM [Model: d5b6c0cc, Layer: 8d13bd2e]"
195122.817031,10002,d5b6c0cc-7700-4a35-a3d8-1ca4767780d9,worker_2,worker_2,GPU_COMPUTE,0.050000,0.050000,GPU Compute
195122.975031,10002,d5b6c0cc-7700-4a35-a3d8-1ca4767780d9,worker_2,coordinator_0,NET_TRANSFER,0.000100,0.158000,Signal Finished
196030.386037,10002,d5b6c0cc-7700-4a35-a3d8-1ca4767780d9,coordinator_0,worker_3,NET_TRANSFER,11.340763,907.411006,Distribute Layer ID: da8741c0
196030.474637,10002,d5b6c0cc-7700-4a35-a3d8-1ca4767780d9,worker_3,worker_3,DISK_LOAD,11.340763,0.088600,"Disk -> RAM [Model: d5b6c0cc, Layer: da8741c0]"
196030.563237,10002,d5b6c0cc-7700-4a35-a3d8-1ca4767780d9,worker_3,worker_3,MEM_MOVE,11.340763,0.088600,"RAM -> VRAM [Model: d5b6c0cc, Layer: da8741c0]"
196030.613237,10002,d5b6c0cc-7700-4a35-a3d8-1ca4767780d9,worker_3,worker_3,GPU_COMPUTE,0.050000,0.050000,GPU Compute
196030.771237,10002,d5b6c0cc-7700-4a35-a3d8-1ca4767780d9,worker_3,coordinator_0,NET_TRANSFER,0.000100,0.158000,Signal Finished
197173.000301,10002,d5b6c0cc-7700-4a35-a3d8-1ca4767780d9,coordinator_0,worker_4,NET_TRANSFER,14.275988,1142.229064,Distribute Layer ID: 466a53eb
197173.111832,10002,d5b6c0cc-7700-4a35-a3d8-1ca4767780d9,worker_4,worker_4,DISK_LOAD,14.275988,0.111531,"Disk -> RAM [Model: d5b6c0cc, Layer: 466a53eb]"
197173.223363,10002,d5b6c0cc-7700-4a35-a3d8-1ca4767780d9,worker_4,worker_4,MEM_MOVE,14.275988,0.111531,"RAM -> VRAM [Model: d5b6c0cc, Layer: 466a53eb]"
197173.273363,10002,d5b6c0cc-7700-4a35-a3d8-1ca4767780d9,worker_4,worker_4,GPU_COMPUTE,0.050000,0.050000,GPU Compute
197173.431363,10002,d5b6c0cc-7700-4a35-a3d8-1ca4767780d9,worker_4,coordinator_0,NET_TRANSFER,0.000100,0.158000,Signal Finished
197616.355230,10002,d5b6c0cc-7700-4a35-a3d8-1ca4767780d9,coordinator_0,worker_1,NET_TRANSFER,5.534673,442.923867,Distribute Layer ID: a8f03c7f
197616.398470,10002,d5b6c0cc-7700-4a35-a3d8-1ca4767780d9,worker_1,worker_1,DISK_LOAD,5.534673,0.043240,"Disk -> RAM [Model: d5b6c0cc, Layer: a8f03c7f]"
197616.441709,10002,d5b6c0cc-7700-4a35-a3d8-1ca4767780d9,worker_1,worker_1,MEM_MOVE,5.534673,0.043240,"RAM -> VRAM [Model: d5b6c0cc, Layer: a8f03c7f]"
197616.491709,10002,d5b6c0cc-7700-4a35-a3d8-1ca4767780d9,worker_1,worker_1,GPU_COMPUTE,0.050000,0.050000,GPU Compute
197616.649709,10002,d5b6c0cc-7700-4a35-a3d8-1ca4767780d9,worker_1,coordinator_0,NET_TRANSFER,0.000100,0.158000,Signal Finished
198076.940691,10002,d5b6c0cc-7700-4a35-a3d8-1ca4767780d9,coordinator_0,worker_2,NET_TRANSFER,5.751762,460.290981,Distribute Layer ID: 8777712c
198076.985626,10002,d5b6c0cc-7700-4a35-a3d8-1ca4767780d9,worker_2,worker_2,DISK_LOAD,5.751762,0.044936,"Disk -> RAM [Model: d5b6c0cc, Layer: 8777712c]"
198077.030562,10002,d5b6c0cc-7700-4a35-a3d8-1ca4767780d9,worker_2,worker_2,MEM_MOVE,5.751762,0.044936,"RAM -> VRAM [Model: d5b6c0cc, Layer: 8777712c]"
198077.080562,10002,d5b6c0cc-7700-4a35-a3d8-1ca4767780d9,worker_2,worker_2,GPU_COMPUTE,0.050000,0.050000,GPU Compute
198077.238562,10002,d5b6c0cc-7700-4a35-a3d8-1ca4767780d9,worker_2,coordinator_0,NET_TRANSFER,0.000100,0.158000,Signal Finished
198799.890669,10002,d5b6c0cc-7700-4a35-a3d8-1ca4767780d9,coordinator_0,worker_3,NET_TRANSFER,9.031276,722.652107,Distribute Layer ID: 0abcfd8f
198799.961226,10002,d5b6c0cc-7700-4a35-a3d8-1ca4767780d9,worker_3,worker_3,DISK_LOAD,9.031276,0.070557,"Disk -> RAM [Model: d5b6c0cc, Layer: 0abcfd8f]"
198800.031783,10002,d5b6c0cc-7700-4a35-a3d8-1ca4767780d9,worker_3,worker_3,MEM_MOVE,9.031276,0.070557,"RAM -> VRAM [Model: d5b6c0cc, Layer: 0abcfd8f]"
198800.081783,10002,d5b6c0cc-7700-4a35-a3d8-1ca4767780d9,worker_3,worker_3,GPU_COMPUTE,0.050000,0.050000,GPU Compute
198800.239783,10002,d5b6c0cc-7700-4a35-a3d8-1ca4767780d9,worker_3,coordinator_0,NET_TRANSFER,0.000100,0.158000,Signal Finished
199420.111588,10002,d5b6c0cc-7700-4a35-a3d8-1ca4767780d9,coordinator_0,worker_4,NET_TRANSFER,7.746523,619.871806,Distribute Layer ID: fb5c84ae
199420.172108,10002,d5b6c0cc-7700-4a35-a3d8-1ca4767780d9,worker_4,worker_4,DISK_LOAD,7.746523,0.060520,"Disk -> RAM [Model: d5b6c0cc, Layer: fb5c84ae]"
199420.232628,10002,d5b6c0cc-7700-4a35-a3d8-1ca4767780d9,worker_4,worker_4,MEM_MOVE,7.746523,0.060520,"RAM -> VRAM [Model: d5b6c0cc, Layer: fb5c84ae]"
199420.282628,10002,d5b6c0cc-7700-4a35-a3d8-1ca4767780d9,worker_4,worker_4,GPU_COMPUTE,0.050000,0.050000,GPU Compute
199420.440628,10002,d5b6c0cc-7700-4a35-a3d8-1ca4767780d9,worker_4,coordinator_0,NET_TRANSFER,0.000100,0.158000,Signal Finished
199822.960570,10002,d5b6c0cc-7700-4a35-a3d8-1ca4767780d9,coordinator_0,worker_1,NET_TRANSFER,5.029624,402.519942,Distribute Layer ID: e73950b5
199823.118570,6004,b28fb40b-1a7d-4ab2-bdcc-664e20576c66,client_6,coordinator_0,NET_TRANSFER,0.000100,0.158000,Request Model ID
199823.276570,5005,12a9aae0-a809-4552-b0e2-bb181ad83153,client_5,coordinator_0,NET_TRANSFER,0.000100,0.158000,Request Model ID
199823.434570,10005,aa64a7a5-35ea-4323-b730-74e20320cab6,client_10,coordinator_0,NET_TRANSFER,0.000100,0.158000,Request Model ID
199823.592570,3005,4316abed-9444-4ca6-8f0b-424fcaead312,client_3,coordinator_0,NET_TRANSFER,0.000100,0.158000,Request Model ID
199823.750570,3005,7e5ffa42-649f-4b09-b2be-5899466a7e7f,client_3,coordinator_0,NET_TRANSFER,0.000100,0.158000,Request Model ID
199823.908570,6002,2fbefbbc-cd7c-4c4a-8885-b9904365f752,client_6,coordinator_0,NET_TRANSFER,0.000100,0.158000,Request Model ID
199824.066570,4005,2fbefbbc-cd7c-4c4a-8885-b9904365f752,client_4,coordinator_0,NET_TRANSFER,0.000100,0.158000,Request Model ID
199824.224570,7002,5cf26a93-6d67-463f-8354-be220031fbd0,client_7,coordinator_0,NET_TRANSFER,0.000100,0.158000,Request Model ID
199824.382570,5003,12a9aae0-a809-4552-b0e2-bb181ad83153,client_5,coordinator_0,NET_TRANSFER,0.000100,0.158000,Request Model ID
199824.540570,8002,2eb7ed28-93fa-4639-8470-40e53873defa,client_8,coordinator_0,NET_TRANSFER,0.000100,0.158000,Request Model ID
199824.698570,3005,b846365e-24f9-4ee2-bb0e-678153c45917,client_3,coordinator_0,NET_TRANSFER,0.000100,0.158000,Request Model ID
199824.856570,9004,55662345-9a0e-4240-bb68-bdd4a322edd8,client_9,coordinator_0,NET_TRANSFER,0.000100,0.158000,Request Model ID
199825.014570,4005,cd2cf452-d2fc-4e99-8950-ca96ce00112d,client_4,coordinator_0,NET_TRANSFER,0.000100,0.158000,Request Model ID
199825.172570,6003,b846365e-24f9-4ee2-bb0e-678153c45917,client_6,coordinator_0,NET_TRANSFER,0.000100,0.158000,Request Model ID
199825.330570,8002,440ed019-eb73-495b-bf4d-60191542c668,client_8,coordinator_0,NET_TRANSFER,0.000100,0.158000,Request Model ID
199825.488570,9004,b846365e-24f9-4ee2-bb0e-678153c45917,client_9,coordinator_0,NET_TRANSFER,0.000100,0.158000,Request Model ID
199825.646570,8002,15fff31f-88d3-4850-8c0e-5a2d28be9990,client_8,coordinator_0,NET_TRANSFER,0.000100,0.158000,Request Model ID
199825.804570,8003,39785999-ea39-4891-9102-70ece5e21e2c,client_8,coordinator_0,NET_TRANSFER,0.000100,0.158000,Request Model ID
199825.962570,5004,b378f61c-a691-49d8-9683-2c451172ffd9,client_5,coordinator_0,NET_TRANSFER,0.000100,0.158000,Request Model ID
199826.120570,10006,5cf26a93-6d67-463f-8354-be220031fbd0,client_10,coordinator_0,NET_TRANSFER,0.000100,0.158000,Request Model ID
199826.278570,10006,23c32e69-89c8-4a98-9507-a520351cbbe5,client_10,coordinator_0,NET_TRANSFER,0.000100,0.158000,Request Model ID
199826.317863,10002,d5b6c0cc-7700-4a35-a3d8-1ca4767780d9,worker_1,worker_1,DISK_LOAD,5.029624,0.039294,"Disk -> RAM [Model: d5b6c0cc, Layer: e73950b5]"
199826.357157,10002,d5b6c0cc-7700-4a35-a3d8-1ca4767780d9,worker_1,worker_1,MEM_MOVE,5.029624,0.039294,"RAM -> VRAM [Model: d5b6c0cc, Layer: e73950b5]"
199826.407157,10002,d5b6c0cc-7700-4a35-a3d8-1ca4767780d9,worker_1,worker_1,GPU_COMPUTE,0.050000,0.050000,GPU Compute
199826.565157,10002,d5b6c0cc-7700-4a35-a3d8-1ca4767780d9,worker_1,coordinator_0,NET_TRANSFER,0.000100,0.158000,Signal Finished
199826.723157,1002,15fff31f-88d3-4850-8c0e-5a2d28be9990,client_1,coordinator_0,NET_TRANSFER,0.000100,0.158000,Request Model ID
200282.874100,10002,d5b6c0cc-7700-4a35-a3d8-1ca4767780d9,coordinator_0,worker_2,NET_TRANSFER,5.700012,456.150943,Distribute Layer ID: 87298ea8
200283.032100,8004,b378f61c-a691-49d8-9683-2c451172ffd9,client_8,coordinator_0,NET_TRANSFER,0.000100,0.158000,Request Model ID
200283.190100,2005,e314a9ac-f913-4183-acc9-77b03f47dc2f,client_2,coordinator_0,NET_TRANSFER,0.000100,0.158000,Request Model ID
200283.348100,2005,c6b782ab-5d37-4b75-97c7-b76805f61131,client_2,coordinator_0,NET_TRANSFER,0.000100,0.158000,Request Model ID
200283.506100,6004,312345df-7924-49d3-ba5e-28aa13911279,client_6,coordinator_0,NET_TRANSFER,0.000100,0.158000,Request Model ID
200283.664100,6004,b846365e-24f9-4ee2-bb0e-678153c45917,client_6,coordinator_0,NET_TRANSFER,0.000100,0.158000,Request Model ID
200283.822100,5005,8214cc03-04d0-4fbe-8fb3-d9e828fe07c4,client_5,coordinator_0,NET_TRANSFER,0.000100,0.158000,Request Model ID
200283.980100,5005,15fff31f-88d3-4850-8c0e-5a2d28be9990,client_5,coordinator_0,NET_TRANSFER,0.000100,0.158000,Request Model ID
200284.138100,5005,ae73b5ce-6b5a-4c53-a7b1-f585b462e9d6,client_5,coordinator_0,NET_TRANSFER,0.000100,0.158000,Request Model ID
200284.296100,1004,ae73b5ce-6b5a-4c53-a7b1-f585b462e9d6,client_1,coordinator_0,NET_TRANSFER,0.000100,0.158000,Request Model ID
200284.454100,7002,b28fb40b-1a7d-4ab2-bdcc-664e20576c66,client_7,coordinator_0,NET_TRANSFER,0.000100,0.158000,Request Model ID
200284.612100,7002,2fbefbbc-cd7c-4c4a-8885-b9904365f752,client_7,coordinator_0,NET_TRANSFER,0.000100,0.158000,Request Model ID
200284.770100,8002,ff4738ca-ecb7-43de-a638-f8f5c9e4eba2,client_8,coordinator_0,NET_TRANSFER,0.000100,0.158000,Request Model ID
200284.928100,7002,312345df-7924-49d3-ba5e-28aa13911279,client_7,coordinator_0,NET_TRANSFER,0.000100,0.158000,Request Model ID
200284.972632,10002,d5b6c0cc-7700-4a35-a3d8-1ca4767780d9,worker_2,worker_2,DISK_LOAD,5.700012,0.044531,"Disk -> RAM [Model: d5b6c0cc, Layer: 87298ea8]"
200285.017163,10002,d5b6c0cc-7700-4a35-a3d8-1ca4767780d9,worker_2,worker_2,MEM_MOVE,5.700012,0.044531,"RAM -> VRAM [Model: d5b6c0cc, Layer: 87298ea8]"
200285.067163,10002,d5b6c0cc-7700-4a35-a3d8-1ca4767780d9,worker_2,worker_2,GPU_COMPUTE,0.050000,0.050000,GPU Compute
200285.225163,10002,d5b6c0cc-7700-4a35-a3d8-1ca4767780d9,worker_2,coordinator_0,NET_TRANSFER,0.000100,0.158000,Signal Finished
201299.668287,10002,d5b6c0cc-7700-4a35-a3d8-1ca4767780d9,coordinator_0,worker_3,NET_TRANSFER,12.678664,1014.443124,Distribute Layer ID: 4086f6df
201299.767339,10002,d5b6c0cc-7700-4a35-a3d8-1ca4767780d9,worker_3,worker_3,DISK_LOAD,12.678664,0.099052,"Disk -> RAM [Model: d5b6c0cc, Layer: 4086f6df]"
201299.866391,10002,d5b6c0cc-7700-4a35-a3d8-1ca4767780d9,worker_3,worker_3,MEM_MOVE,12.678664,0.099052,"RAM -> VRAM [Model: d5b6c0cc, Layer: 4086f6df]"
201299.916391,10002,d5b6c0cc-7700-4a35-a3d8-1ca4767780d9,worker_3,worker_3,GPU_COMPUTE,0.050000,0.050000,GPU Compute
201300.074391,10002,d5b6c0cc-7700-4a35-a3d8-1ca4767780d9,worker_3,coordinator_0,NET_TRANSFER,0.000100,0.158000,Signal Finished
202411.663923,10002,d5b6c0cc-7700-4a35-a3d8-1ca4767780d9,coordinator_0,worker_4,NET_TRANSFER,13.892994,1111.589532,Distribute Layer ID: 157d0cbc
202411.772462,10002,d5b6c0cc-7700-4a35-a3d8-1ca4767780d9,worker_4,worker_4,DISK_LOAD,13.892994,0.108539,"Disk -> RAM [Model: d5b6c0cc, Layer: 157d0cbc]"
202411.881001,10002,d5b6c0cc-7700-4a35-a3d8-1ca4767780d9,worker_4,worker_4,MEM_MOVE,13.892994,0.108539,"RAM -> VRAM [Model: d5b6c0cc, Layer: 157d0cbc]"
202411.931001,10002,d5b6c0cc-7700-4a35-a3d8-1ca4767780d9,worker_4,worker_4,GPU_COMPUTE,0.050000,0.050000,GPU Compute
202412.089001,10002,d5b6c0cc-7700-4a35-a3d8-1ca4767780d9,worker_4,coordinator_0,NET_TRANSFER,0.000100,0.158000,Signal Finished
202965.928655,10002,d5b6c0cc-7700-4a35-a3d8-1ca4767780d9,coordinator_0,worker_1,NET_TRANSFER,6.921121,553.839654,Distribute Layer ID: f40c3598
202965.982726,10002,d5b6c0cc-7700-4a35-a3d8-1ca4767780d9,worker_1,worker_1,DISK_LOAD,6.921121,0.054071,"Disk -> RAM [Model: d5b6c0cc, Layer: f40c3598]"
202966.036798,10002,d5b6c0cc-7700-4a35-a3d8-1ca4767780d9,worker_1,worker_1,MEM_MOVE,6.921121,0.054071,"RAM -> VRAM [Model: d5b6c0cc, Layer: f40c3598]"
202966.086798,10002,d5b6c0cc-7700-4a35-a3d8-1ca4767780d9,worker_1,worker_1,GPU_COMPUTE,0.050000,0.050000,GPU Compute
202966.244798,10002,d5b6c0cc-7700-4a35-a3d8-1ca4767780d9,worker_1,coordinator_0,NET_TRANSFER,0.000100,0.158000,Signal Finished
203657.608087,10002,d5b6c0cc-7700-4a35-a3d8-1ca4767780d9,coordinator_0,worker_2,NET_TRANSFER,8.640166,691.363290,Distribute Layer ID: a24c1aba
203657.675588,10002,d5b6c0cc-7700-4a35-a3d8-1ca4767780d9,worker_2,worker_2,DISK_LOAD,8.640166,0.067501,"Disk -> RAM [Model: d5b6c0cc, Layer: a24c1aba]"
203657.743090,10002,d5b6c0cc-7700-4a35-a3d8-1ca4767780d9,worker_2,worker_2,MEM_MOVE,8.640166,0.067501,"RAM -> VRAM [Model: d5b6c0cc, Layer: a24c1aba]"
203657.793090,10002,d5b6c0cc-7700-4a35-a3d8-1ca4767780d9,worker_2,worker_2,GPU_COMPUTE,0.050000,0.050000,GPU Compute
203657.951090,10002,d5b6c0cc-7700-4a35-a3d8-1ca4767780d9,worker_2,coordinator_0,NET_TRANSFER,0.000100,0.158000,Signal Finished
204728.147450,10002,d5b6c0cc-7700-4a35-a3d8-1ca4767780d9,coordinator_0,worker_3,NET_TRANSFER,13.375580,1070.196360,Distribute Layer ID: 5359e6eb
204728.251947,10002,d5b6c0cc-7700-4a35-a3d8-1ca4767780d9,worker_3,worker_3,DISK_LOAD,13.375580,0.104497,"Disk -> RAM [Model: d5b6c0cc, Layer: 5359e6eb]"
204728.356444,10002,d5b6c0cc-7700-4a35-a3d8-1ca4767780d9,worker_3,worker_3,MEM_MOVE,13.375580,0.104497,"RAM -> VRAM [Model: d5b6c0cc, Layer: 5359e6eb]"
204728.406444,10002,d5b6c0cc-7700-4a35-a3d8-1ca4767780d9,worker_3,worker_3,GPU_COMPUTE,0.050000,0.050000,GPU Compute
204728.564444,10002,d5b6c0cc-7700-4a35-a3d8-1ca4767780d9,worker_3,coordinator_0,NET_TRANSFER,0.000100,0.158000,Signal Finished
205454.326334,10002,d5b6c0cc-7700-4a35-a3d8-1ca4767780d9,coordinator_0,worker_4,NET_TRANSFER,9.070149,725.761890,Distribute Layer ID: 79f9b81f
205454.397194,10002,d5b6c0cc-7700-4a35-a3d8-1ca4767780d9,worker_4,worker_4,DISK_LOAD,9.070149,0.070861,"Disk -> RAM [Model: d5b6c0cc, Layer: 79f9b81f]"
205454.468055,10002,d5b6c0cc-7700-4a35-a3d8-1ca4767780d9,worker_4,worker_4,MEM_MOVE,9.070149,0.070861,"RAM -> VRAM [Model: d5b6c0cc, Layer: 79f9b81f]"
205454.518055,10002,d5b6c0cc-7700-4a35-a3d8-1ca4767780d9,worker_4,worker_4,GPU_COMPUTE,0.050000,0.050000,GPU Compute
205454.676055,10002,d5b6c0cc-7700-4a35-a3d8-1ca4767780d9,worker_4,coordinator_0,NET_TRANSFER,0.000100,0.158000,Signal Finished
206569.172040,10002,d5b6c0cc-7700-4a35-a3d8-1ca4767780d9,coordinator_0,worker_1,NET_TRANSFER,13.929325,1114.495985,Distribute Layer ID: 56befdb9
206569.280863,10002,d5b6c0cc-7700-4a35-a3d8-1ca4767780d9,worker_1,worker_1,DISK_LOAD,13.929325,0.108823,"Disk -> RAM [Model: d5b6c0cc, Layer: 56befdb9]"
206569.389686,10002,d5b6c0cc-7700-4a35-a3d8-1ca4767780d9,worker_1,worker_1,MEM_MOVE,13.929325,0.108823,"RAM -> VRAM [Model: d5b6c0cc, Layer: 56befdb9]"
206569.439686,10002,d5b6c0cc-7700-4a35-a3d8-1ca4767780d9,worker_1,worker_1,GPU_COMPUTE,0.050000,0.050000,GPU Compute
206569.597686,10002,d5b6c0cc-7700-4a35-a3d8-1ca4767780d9,worker_1,coordinator_0,NET_TRANSFER,0.000100,0.158000,Signal Finished
207494.223073,10002,d5b6c0cc-7700-4a35-a3d8-1ca4767780d9,coordinator_0,worker_2,NET_TRANSFER,11.555942,924.625387,Distribute Layer ID: 5a7dba9e
207494.313353,10002,d5b6c0cc-7700-4a35-a3d8-1ca4767780d9,worker_2,worker_2,DISK_LOAD,11.555942,0.090281,"Disk -> RAM [Model: d5b6c0cc, Layer: 5a7dba9e]"
207494.403634,10002,d5b6c0cc-7700-4a35-a3d8-1ca4767780d9,worker_2,worker_2,MEM_MOVE,11.555942,0.090281,"RAM -> VRAM [Model: d5b6c0cc, Layer: 5a7dba9e]"
207494.453634,10002,d5b6c0cc-7700-4a35-a3d8-1ca4767780d9,worker_2,worker_2,GPU_COMPUTE,0.050000,0.050000,GPU Compute
207494.611634,10002,d5b6c0cc-7700-4a35-a3d8-1ca4767780d9,worker_2,coordinator_0,NET_TRANSFER,0.000100,0.158000,Signal Finished
208694.209261,10002,d5b6c0cc-7700-4a35-a3d8-1ca4767780d9,coordinator_0,worker_3,NET_TRANSFER,14.993095,1199.597627,Distribute Layer ID: a5352c2e
208694.326395,10002,d5b6c0cc-7700-4a35-a3d8-1ca4767780d9,worker_3,worker_3,DISK_LOAD,14.993095,0.117134,"Disk -> RAM [Model: d5b6c0cc, Layer: a5352c2e]"
208694.443529,10002,d5b6c0cc-7700-4a35-a3d8-1ca4767780d9,worker_3,worker_3,MEM_MOVE,14.993095,0.117134,"RAM -> VRAM [Model: d5b6c0cc, Layer: a5352c2e]"
208694.493529,10002,d5b6c0cc-7700-4a35-a3d8-1ca4767780d9,worker_3,worker_3,GPU_COMPUTE,0.050000,0.050000,GPU Compute
208694.651529,10002,d5b6c0cc-7700-4a35-a3d8-1ca4767780d9,worker_3,coordinator_0,NET_TRANSFER,0.000100,0.158000,Signal Finished
209226.734974,10002,d5b6c0cc-7700-4a35-a3d8-1ca4767780d9,coordinator_0,worker_4,NET_TRANSFER,6.649168,532.083445,Distribute Layer ID: fa668112
209226.786921,10002,d5b6c0cc-7700-4a35-a3d8-1ca4767780d9,worker_4,worker_4,DISK_LOAD,6.649168,0.051947,"Disk -> RAM [Model: d5b6c0cc, Layer: fa668112]"
209226.838867,10002,d5b6c0cc-7700-4a35-a3d8-1ca4767780d9,worker_4,worker_4,MEM_MOVE,6.649168,0.051947,"RAM -> VRAM [Model: d5b6c0cc, Layer: fa668112]"
209226.888867,10002,d5b6c0cc-7700-4a35-a3d8-1ca4767780d9,worker_4,worker_4,GPU_COMPUTE,0.050000,0.050000,GPU Compute
209227.046867,10002,d5b6c0cc-7700-4a35-a3d8-1ca4767780d9,worker_4,coordinator_0,NET_TRANSFER,0.000100,0.158000,Signal Finished
210094.663817,10002,d5b6c0cc-7700-4a35-a3d8-1ca4767780d9,coordinator_0,worker_1,NET_TRANSFER,10.843337,867.616950,Distribute Layer ID: 1d20d50c
210094.748531,10002,d5b6c0cc-7700-4a35-a3d8-1ca4767780d9,worker_1,worker_1,DISK_LOAD,10.843337,0.084714,"Disk -> RAM [Model: d5b6c0cc, Layer: 1d20d50c]"
210094.833244,10002,d5b6c0cc-7700-4a35-a3d8-1ca4767780d9,worker_1,worker_1,MEM_MOVE,10.843337,0.084714,"RAM -> VRAM [Model: d5b6c0cc, Layer: 1d20d50c]"
210094.883244,10002,d5b6c0cc-7700-4a35-a3d8-1ca4767780d9,worker_1,worker_1,GPU_COMPUTE,0.050000,0.050000,GPU Compute
210095.041244,10002,d5b6c0cc-7700-4a35-a3d8-1ca4767780d9,worker_1,coordinator_0,NET_TRANSFER,0.000100,0.158000,Signal Finished
211037.190078,10002,d5b6c0cc-7700-4a35-a3d8-1ca4767780d9,coordinator_0,worker_2,NET_TRANSFER,11.774985,942.148833,Distribute Layer ID: 583f66aa
211037.282070,10002,d5b6c0cc-7700-4a35-a3d8-1ca4767780d9,worker_2,worker_2,DISK_LOAD,11.774985,0.091992,"Disk -> RAM [Model: d5b6c0cc, Layer: 583f66aa]"
211037.374062,10002,d5b6c0cc-7700-4a35-a3d8-1ca4767780d9,worker_2,worker_2,MEM_MOVE,11.774985,0.091992,"RAM -> VRAM [Model: d5b6c0cc, Layer: 583f66aa]"
211037.424062,10002,d5b6c0cc-7700-4a35-a3d8-1ca4767780d9,worker_2,worker_2,GPU_COMPUTE,0.050000,0.050000,GPU Compute
211037.582062,10002,d5b6c0cc-7700-4a35-a3d8-1ca4767780d9,worker_2,coordinator_0,NET_TRANSFER,0.000100,0.158000,Signal Finished
211514.833304,10002,d5b6c0cc-7700-4a35-a3d8-1ca4767780d9,coordinator_0,worker_3,NET_TRANSFER,5.963766,477.251243,Distribute Layer ID: c6156fac
211514.879896,10002,d5b6c0cc-7700-4a35-a3d8-1ca4767780d9,worker_3,worker_3,DISK_LOAD,5.963766,0.046592,"Disk -> RAM [Model: d5b6c0cc, Layer: c6156fac]"
211514.926488,10002,d5b6c0cc-7700-4a35-a3d8-1ca4767780d9,worker_3,worker_3,MEM_MOVE,5.963766,0.046592,"RAM -> VRAM [Model: d5b6c0cc, Layer: c6156fac]"
211514.976488,10002,d5b6c0cc-7700-4a35-a3d8-1ca4767780d9,worker_3,worker_3,GPU_COMPUTE,0.050000,0.050000,GPU Compute
211515.134488,10002,d5b6c0cc-7700-4a35-a3d8-1ca4767780d9,worker_3,coordinator_0,NET_TRANSFER,0.000100,0.158000,Signal Finished
212390.596527,10002,d5b6c0cc-7700-4a35-a3d8-1ca4767780d9,coordinator_0,worker_4,NET_TRANSFER,10.941400,875.462039,Distribute Layer ID: ad1c520c
212390.682007,10002,d5b6c0cc-7700-4a35-a3d8-1ca4767780d9,worker_4,worker_4,DISK_LOAD,10.941400,0.085480,"Disk -> RAM [Model: d5b6c0cc, Layer: ad1c520c]"
212390.767486,10002,d5b6c0cc-7700-4a35-a3d8-1ca4767780d9,worker_4,worker_4,MEM_MOVE,10.941400,0.085480,"RAM -> VRAM [Model: d5b6c0cc, Layer: ad1c520c]"
212390.817486,10002,d5b6c0cc-7700-4a35-a3d8-1ca4767780d9,worker_4,worker_4,GPU_COMPUTE,0.050000,0.050000,GPU Compute
212390.975486,10002,d5b6c0cc-7700-4a35-a3d8-1ca4767780d9,worker_4,coordinator_0,NET_TRANSFER,0.000100,0.158000,Signal Finished
213590.973195,10002,d5b6c0cc-7700-4a35-a3d8-1ca4767780d9,coordinator_0,worker_1,NET_TRANSFER,14.998096,1199.997708,Distribute Layer ID: 4ad1dbb5
213591.090368,10002,d5b6c0cc-7700-4a35-a3d8-1ca4767780d9,worker_1,worker_1,DISK_LOAD,14.998096,0.117173,"Disk -> RAM [Model: d5b6c0cc, Layer: 4ad1dbb5]"
213591.207540,10002,d5b6c0cc-7700-4a35-a3d8-1ca4767780d9,worker_1,worker_1,MEM_MOVE,14.998096,0.117173,"RAM -> VRAM [Model: d5b6c0cc, Layer: 4ad1dbb5]"
213591.257540,10002,d5b6c0cc-7700-4a35-a3d8-1ca4767780d9,worker_1,worker_1,GPU_COMPUTE,0.050000,0.050000,GPU Compute
213591.415540,10002,d5b6c0cc-7700-4a35-a3d8-1ca4767780d9,worker_1,coordinator_0,NET_TRANSFER,0.000100,0.158000,Signal Finished
214513.653656,10002,d5b6c0cc-7700-4a35-a3d8-1ca4767780d9,coordinator_0,worker_2,NET_TRANSFER,11.526101,922.238116,Distribute Layer ID: 6141e343
214513.743704,10002,d5b6c0cc-7700-4a35-a3d8-1ca4767780d9,worker_2,worker_2,DISK_LOAD,11.526101,0.090048,"Disk -> RAM [Model: d5b6c0cc, Layer: 6141e343]"
214513.833752,10002,d5b6c0cc-7700-4a35-a3d8-1ca4767780d9,worker_2,worker_2,MEM_MOVE,11.526101,0.090048,"RAM -> VRAM [Model: d5b6c0cc, Layer: 6141e343]"
214513.883752,10002,d5b6c0cc-7700-4a35-a3d8-1ca4767780d9,worker_2,worker_2,GPU_COMPUTE,0.050000,0.050000,GPU Compute
214514.041752,10002,d5b6c0cc-7700-4a35-a3d8-1ca4767780d9,worker_2,coordinator_0,NET_TRANSFER,0.000100,0.158000,Signal Finished
215713.787329,10002,d5b6c0cc-7700-4a35-a3d8-1ca4767780d9,coordinator_0,worker_3,NET_TRANSFER,14.994945,1199.745577,Distribute Layer ID: b9299d31
215713.904477,10002,d5b6c0cc-7700-4a35-a3d8-1ca4767780d9,worker_3,worker_3,DISK_LOAD,14.994945,0.117148,"Disk -> RAM [Model: d5b6c0cc, Layer: b9299d31]"
215714.021625,10002,d5b6c0cc-7700-4a35-a3d8-1ca4767780d9,worker_3,worker_3,MEM_MOVE,14.994945,0.117148,"RAM -> VRAM [Model: d5b6c0cc, Layer: b9299d31]"
215714.071625,10002,d5b6c0cc-7700-4a35-a3d8-1ca4767780d9,worker_3,worker_3,GPU_COMPUTE,0.050000,0.050000,GPU Compute
215714.229625,10002,d5b6c0cc-7700-4a35-a3d8-1ca4767780d9,worker_3,coordinator_0,NET_TRANSFER,0.000100,0.158000,Signal Finished
216573.109962,10002,d5b6c0cc-7700-4a35-a3d8-1ca4767780d9,coordinator_0,worker_4,NET_TRANSFER,10.734129,858.880337,Distribute Layer ID: d4dd42b0
216573.193822,10002,d5b6c0cc-7700-4a35-a3d8-1ca4767780d9,worker_4,worker_4,DISK_LOAD,10.734129,0.083860,"Disk -> RAM [Model: d5b6c0cc, Layer: d4dd42b0]"
216573.277683,10002,d5b6c0cc-7700-4a35-a3d8-1ca4767780d9,worker_4,worker_4,MEM_MOVE,10.734129,0.083860,"RAM -> VRAM [Model: d5b6c0cc, Layer: d4dd42b0]"
216573.327683,10002,d5b6c0cc-7700-4a35-a3d8-1ca4767780d9,worker_4,worker_4,GPU_COMPUTE,0.050000,0.050000,GPU Compute
216573.485683,10002,d5b6c0cc-7700-4a35-a3d8-1ca4767780d9,worker_4,coordinator_0,NET_TRANSFER,0.000100,0.158000,Signal Finished
217594.566209,10002,d5b6c0cc-7700-4a35-a3d8-1ca4767780d9,coordinator_0,worker_1,NET_TRANSFER,12.761632,1021.080526,Distribute Layer ID: a395043c
217594.665909,10002,d5b6c0cc-7700-4a35-a3d8-1ca4767780d9,worker_1,worker_1,DISK_LOAD,12.761632,0.099700,"Disk -> RAM [Model: d5b6c0cc, Layer: a395043c]"
217594.765609,10002,d5b6c0cc-7700-4a35-a3d8-1ca4767780d9,worker_1,worker_1,MEM_MOVE,12.761632,0.099700,"RAM -> VRAM [Model: d5b6c0cc, Layer: a395043c]"
217594.815609,10002,d5b6c0cc-7700-4a35-a3d8-1ca4767780d9,worker_1,worker_1,GPU_COMPUTE,0.050000,0.050000,GPU Compute
217594.973609,10002,d5b6c0cc-7700-4a35-a3d8-1ca4767780d9,worker_1,coordinator_0,NET_TRANSFER,0.000100,0.158000,Signal Finished
218212.153487,10002,d5b6c0cc-7700-4a35-a3d8-1ca4767780d9,coordinator_0,worker_2,NET_TRANSFER,7.712873,617.179878,Distribute Layer ID: 0ac1cd40
218212.213743,10002,d5b6c0cc-7700-4a35-a3d8-1ca4767780d9,worker_2,worker_2,DISK_LOAD,7.712873,0.060257,"Disk -> RAM [Model: d5b6c0cc, Layer: 0ac1cd40]"
218212.274000,10002,d5b6c0cc-7700-4a35-a3d8-1ca4767780d9,worker_2,worker_2,MEM_MOVE,7.712873,0.060257,"RAM -> VRAM [Model: d5b6c0cc, Layer: 0ac1cd40]"
218212.324000,10002,d5b6c0cc-7700-4a35-a3d8-1ca4767780d9,worker_2,worker_2,GPU_COMPUTE,0.050000,0.050000,GPU Compute
218212.482000,10002,d5b6c0cc-7700-4a35-a3d8-1ca4767780d9,worker_2,coordinator_0,NET_TRANSFER,0.000100,0.158000,Signal Finished
219202.530928,10002,d5b6c0cc-7700-4a35-a3d8-1ca4767780d9,coordinator_0,worker_3,NET_TRANSFER,12.373737,990.048928,Distribute Layer ID: 43dbeea2
219202.627598,10002,d5b6c0cc-7700-4a35-a3d8-1ca4767780d9,worker_3,worker_3,DISK_LOAD,12.373737,0.096670,"Disk -> RAM [Model: d5b6c0cc, Layer: 43dbeea2]"
219202.724268,10002,d5b6c0cc-7700-4a35-a3d8-1ca4767780d9,worker_3,worker_3,MEM_MOVE,12.373737,0.096670,"RAM -> VRAM [Model: d5b6c0cc, Layer: 43dbeea2]"
219202.774268,10002,d5b6c0cc-7700-4a35-a3d8-1ca4767780d9,worker_3,worker_3,GPU_COMPUTE,0.050000,0.050000,GPU Compute
219202.932268,10002,d5b6c0cc-7700-4a35-a3d8-1ca4767780d9,worker_3,coordinator_0,NET_TRANSFER,0.000100,0.158000,Signal Finished
220356.710288,10002,d5b6c0cc-7700-4a35-a3d8-1ca4767780d9,coordinator_0,worker_4,NET_TRANSFER,14.420350,1153.778020,Distribute Layer ID: e087ba8f
220356.822947,10002,d5b6c0cc-7700-4a35-a3d8-1ca4767780d9,worker_4,worker_4,DISK_LOAD,14.420350,0.112659,"Disk -> RAM [Model: d5b6c0cc, Layer: e087ba8f]"
220356.935606,10002,d5b6c0cc-7700-4a35-a3d8-1ca4767780d9,worker_4,worker_4,MEM_MOVE,14.420350,0.112659,"RAM -> VRAM [Model: d5b6c0cc, Layer: e087ba8f]"
220356.985606,10002,d5b6c0cc-7700-4a35-a3d8-1ca4767780d9,worker_4,worker_4,GPU_COMPUTE,0.050000,0.050000,GPU Compute
220357.143606,10002,d5b6c0cc-7700-4a35-a3d8-1ca4767780d9,worker_4,coordinator_0,NET_TRANSFER,0.000100,0.158000,Signal Finished
221197.970637,10002,d5b6c0cc-7700-4a35-a3d8-1ca4767780d9,coordinator_0,worker_1,NET_TRANSFER,10.508463,840.827031,Distribute Layer ID: 0aa0ff5d
221198.052735,10002,d5b6c0cc-7700-4a35-a3d8-1ca4767780d9,worker_1,worker_1,DISK_LOAD,10.508463,0.082097,"Disk -> RAM [Model: d5b6c0cc, Layer: 0aa0ff5d]"
221198.134832,10002,d5b6c0cc-7700-4a35-a3d8-1ca4767780d9,worker_1,worker_1,MEM_MOVE,10.508463,0.082097,"RAM -> VRAM [Model: d5b6c0cc, Layer: 0aa0ff5d]"
221198.184832,10002,d5b6c0cc-7700-4a35-a3d8-1ca4767780d9,worker_1,worker_1,GPU_COMPUTE,0.050000,0.050000,GPU Compute
221198.342832,10002,d5b6c0cc-7700-4a35-a3d8-1ca4767780d9,worker_1,coordinator_0,NET_TRANSFER,0.000100,0.158000,Signal Finished
222154.885055,10002,d5b6c0cc-7700-4a35-a3d8-1ca4767780d9,coordinator_0,worker_2,NET_TRANSFER,11.954903,956.542223,Distribute Layer ID: 692e08ec
222154.978453,10002,d5b6c0cc-7700-4a35-a3d8-1ca4767780d9,worker_2,worker_2,DISK_LOAD,11.954903,0.093398,"Disk -> RAM [Model: d5b6c0cc, Layer: 692e08ec]"
222155.071850,10002,d5b6c0cc-7700-4a35-a3d8-1ca4767780d9,worker_2,worker_2,MEM_MOVE,11.954903,0.093398,"RAM -> VRAM [Model: d5b6c0cc, Layer: 692e08ec]"
222155.121850,10002,d5b6c0cc-7700-4a35-a3d8-1ca4767780d9,worker_2,worker_2,GPU_COMPUTE,0.050000,0.050000,GPU Compute
222155.279850,10002,d5b6c0cc-7700-4a35-a3d8-1ca4767780d9,worker_2,coordinator_0,NET_TRANSFER,0.000100,0.158000,Signal Finished
222790.482039,10002,d5b6c0cc-7700-4a35-a3d8-1ca4767780d9,coordinator_0,worker_3,NET_TRANSFER,7.938152,635.202188,Distribute Layer ID: 59363d9d
222790.544056,10002,d5b6c0cc-7700-4a35-a3d8-1ca4767780d9,worker_3,worker_3,DISK_LOAD,7.938152,0.062017,"Disk -> RAM [Model: d5b6c0cc, Layer: 59363d9d]"
222790.606073,10002,d5b6c0cc-7700-4a35-a3d8-1ca4767780d9,worker_3,worker_3,MEM_MOVE,7.938152,0.062017,"RAM -> VRAM [Model: d5b6c0cc, Layer: 59363d9d]"
222790.656073,10002,d5b6c0cc-7700-4a35-a3d8-1ca4767780d9,worker_3,worker_3,GPU_COMPUTE,0.050000,0.050000,GPU Compute
222790.814073,10002,d5b6c0cc-7700-4a35-a3d8-1ca4767780d9,worker_3,coordinator_0,NET_TRANSFER,0.000100,0.158000,Signal Finished
223493.827663,10002,d5b6c0cc-7700-4a35-a3d8-1ca4767780d9,coordinator_0,worker_4,NET_TRANSFER,8.785795,703.013590,Distribute Layer ID: 7513c808
223493.896302,10002,d5b6c0cc-7700-4a35-a3d8-1ca4767780d9,worker_4,worker_4,DISK_LOAD,8.785795,0.068639,"Disk -> RAM [Model: d5b6c0cc, Layer: 7513c808]"
223493.964941,10002,d5b6c0cc-7700-4a35-a3d8-1ca4767780d9,worker_4,worker_4,MEM_MOVE,8.785795,0.068639,"RAM -> VRAM [Model: d5b6c0cc, Layer: 7513c808]"
223494.014941,10002,d5b6c0cc-7700-4a35-a3d8-1ca4767780d9,worker_4,worker_4,GPU_COMPUTE,0.050000,0.050000,GPU Compute
223494.172941,10002,d5b6c0cc-7700-4a35-a3d8-1ca4767780d9,worker_4,coordinator_0,NET_TRANSFER,0.000100,0.158000,Signal Finished
224040.725933,10002,d5b6c0cc-7700-4a35-a3d8-1ca4767780d9,coordinator_0,worker_1,NET_TRANSFER,6.830037,546.552992,Distribute Layer ID: 35674878
224040.779293,10002,d5b6c0cc-7700-4a35-a3d8-1ca4767780d9,worker_1,worker_1,DISK_LOAD,6.830037,0.053360,"Disk -> RAM [Model: d5b6c0cc, Layer: 35674878]"
224040.832652,10002,d5b6c0cc-7700-4a35-a3d8-1ca4767780d9,worker_1,worker_1,MEM_MOVE,6.830037,0.053360,"RAM -> VRAM [Model: d5b6c0cc, Layer: 35674878]"
224040.882652,10002,d5b6c0cc-7700-4a35-a3d8-1ca4767780d9,worker_1,worker_1,GPU_COMPUTE,0.050000,0.050000,GPU Compute
224041.040652,10002,d5b6c0cc-7700-4a35-a3d8-1ca4767780d9,worker_1,coordinator_0,NET_TRANSFER,0.000100,0.158000,Signal Finished
224551.423738,10002,d5b6c0cc-7700-4a35-a3d8-1ca4767780d9,coordinator_0,worker_2,NET_TRANSFER,6.377914,510.383086,Distribute Layer ID: 972567e9
224551.473566,10002,d5b6c0cc-7700-4a35-a3d8-1ca4767780d9,worker_2,worker_2,DISK_LOAD,6.377914,0.049827,"Disk -> RAM [Model: d5b6c0cc, Layer: 972567e9]"
224551.523393,10002,d5b6c0cc-7700-4a35-a3d8-1ca4767780d9,worker_2,worker_2,MEM_MOVE,6.377914,0.049827,"RAM -> VRAM [Model: d5b6c0cc, Layer: 972567e9]"
224551.573393,10002,d5b6c0cc-7700-4a35-a3d8-1ca4767780d9,worker_2,worker_2,GPU_COMPUTE,0.050000,0.050000,GPU Compute
224551.731393,10002,d5b6c0cc-7700-4a35-a3d8-1ca4767780d9,worker_2,coordinator_0,NET_TRANSFER,0.000100,0.158000,Signal Finished
225421.361297,10002,d5b6c0cc-7700-4a35-a3d8-1ca4767780d9,coordinator_0,worker_3,NET_TRANSFER,10.868499,869.629904,Distribute Layer ID: 4a24d9df
225421.446207,10002,d5b6c0cc-7700-4a35-a3d8-1ca4767780d9,worker_3,worker_3,DISK_LOAD,10.868499,0.084910,"Disk -> RAM [Model: d5b6c0cc, Layer: 4a24d9df]"
225421.531117,10002,d5b6c0cc-7700-4a35-a3d8-1ca4767780d9,worker_3,worker_3,MEM_MOVE,10.868499,0.084910,"RAM -> VRAM [Model: d5b6c0cc, Layer: 4a24d9df]"
225421.581117,10002,d5b6c0cc-7700-4a35-a3d8-1ca4767780d9,worker_3,worker_3,GPU_COMPUTE,0.050000,0.050000,GPU Compute
225421.739117,10002,d5b6c0cc-7700-4a35-a3d8-1ca4767780d9,worker_3,coordinator_0,NET_TRANSFER,0.000100,0.158000,Signal Finished
226259.267956,10002,d5b6c0cc-7700-4a35-a3d8-1ca4767780d9,coordinator_0,worker_4,NET_TRANSFER,10.467235,837.528839,Distribute Layer ID: 97f7d3ac
226259.349731,10002,d5b6c0cc-7700-4a35-a3d8-1ca4767780d9,worker_4,worker_4,DISK_LOAD,10.467235,0.081775,"Disk -> RAM [Model: d5b6c0cc, Layer: 97f7d3ac]"
226259.431507,10002,d5b6c0cc-7700-4a35-a3d8-1ca4767780d9,worker_4,worker_4,MEM_MOVE,10.467235,0.081775,"RAM -> VRAM [Model: d5b6c0cc, Layer: 97f7d3ac]"
226259.481507,10002,d5b6c0cc-7700-4a35-a3d8-1ca4767780d9,worker_4,worker_4,GPU_COMPUTE,0.050000,0.050000,GPU Compute
226259.639507,10002,d5b6c0cc-7700-4a35-a3d8-1ca4767780d9,worker_4,coordinator_0,NET_TRANSFER,0.000100,0.158000,Signal Finished
226259.797507,9005,23c32e69-89c8-4a98-9507-a520351cbbe5,client_9,coordinator_0,NET_TRANSFER,0.000100,0.158000,Request Model ID
226259.955507,9005,23c32e69-89c8-4a98-9507-a520351cbbe5,coordinator_0,client_9,NET_TRANSFER,0.000100,0.158000,Signal: Cache Miss / Request Weights
226260.113507,9004,b846365e-24f9-4ee2-bb0e-678153c45917,client_9,coordinator_0,NET_TRANSFER,0.000100,0.158000,Request Model ID
275364.232280,9005,23c32e69-89c8-4a98-9507-a520351cbbe5,client_9,coordinator_0,NET_TRANSFER,613.799610,49104.118773,Upload Model Weights
276432.884186,9005,23c32e69-89c8-4a98-9507-a520351cbbe5,coordinator_0,worker_4,NET_TRANSFER,13.356274,1068.651906,Distribute Layer ID: 5c3e22b5
276433.042186,10007,05c888f5-48fd-4c78-b8ff-c3d7e25250ee,client_10,coordinator_0,NET_TRANSFER,0.000100,0.158000,Request Model ID
276433.146532,9005,23c32e69-89c8-4a98-9507-a520351cbbe5,worker_4,worker_4,DISK_LOAD,13.356274,0.104346,"Disk -> RAM [Model: 23c32e69, Layer: 5c3e22b5]"
276433.250878,9005,23c32e69-89c8-4a98-9507-a520351cbbe5,worker_4,worker_4,MEM_MOVE,13.356274,0.104346,"RAM -> VRAM [Model: 23c32e69, Layer: 5c3e22b5]"
276433.300878,9005,23c32e69-89c8-4a98-9507-a520351cbbe5,worker_4,worker_4,GPU_COMPUTE,0.050000,0.050000,GPU Compute
276433.458878,9005,23c32e69-89c8-4a98-9507-a520351cbbe5,worker_4,coordinator_0,NET_TRANSFER,0.000100,0.158000,Signal Finished
277282.777976,9005,23c32e69-89c8-4a98-9507-a520351cbbe5,coordinator_0,worker_1,NET_TRANSFER,10.614614,849.319098,Distribute Layer ID: 147246e6
277282.860902,9005,23c32e69-89c8-4a98-9507-a520351cbbe5,worker_1,worker_1,DISK_LOAD,10.614614,0.082927,"Disk -> RAM [Model: 23c32e69, Layer: 147246e6]"
277282.943829,9005,23c32e69-89c8-4a98-9507-a520351cbbe5,worker_1,worker_1,MEM_MOVE,10.614614,0.082927,"RAM -> VRAM [Model: 23c32e69, Layer: 147246e6]"
277282.993829,9005,23c32e69-89c8-4a98-9507-a520351cbbe5,worker_1,worker_1,GPU_COMPUTE,0.050000,0.050000,GPU Compute
277283.151829,9005,23c32e69-89c8-4a98-9507-a520351cbbe5,worker_1,coordinator_0,NET_TRANSFER,0.000100,0.158000,Signal Finished
278069.917745,9005,23c32e69-89c8-4a98-9507-a520351cbbe5,coordinator_0,worker_2,NET_TRANSFER,9.832699,786.765916,Distribute Layer ID: abca66fa
278069.994563,9005,23c32e69-89c8-4a98-9507-a520351cbbe5,worker_2,worker_2,DISK_LOAD,9.832699,0.076818,"Disk -> RAM [Model: 23c32e69, Layer: abca66fa]"
278070.071381,9005,23c32e69-89c8-4a98-9507-a520351cbbe5,worker_2,worker_2,MEM_MOVE,9.832699,0.076818,"RAM -> VRAM [Model: 23c32e69, Layer: abca66fa]"
278070.121381,9005,23c32e69-89c8-4a98-9507-a520351cbbe5,worker_2,worker_2,GPU_COMPUTE,0.050000,0.050000,GPU Compute
278070.279381,9005,23c32e69-89c8-4a98-9507-a520351cbbe5,worker_2,coordinator_0,NET_TRANSFER,0.000100,0.158000,Signal Finished
278575.857816,9005,23c32e69-89c8-4a98-9507-a520351cbbe5,coordinator_0,worker_3,NET_TRANSFER,6.317855,505.578436,Distribute Layer ID: b853ff96
278575.907175,9005,23c32e69-89c8-4a98-9507-a520351cbbe5,worker_3,worker_3,DISK_LOAD,6.317855,0.049358,"Disk -> RAM [Model: 23c32e69, Layer: b853ff96]"
278575.956533,9005,23c32e69-89c8-4a98-9507-a520351cbbe5,worker_3,worker_3,MEM_MOVE,6.317855,0.049358,"RAM -> VRAM [Model: 23c32e69, Layer: b853ff96]"
278576.006533,9005,23c32e69-89c8-4a98-9507-a520351cbbe5,worker_3,worker_3,GPU_COMPUTE,0.050000,0.050000,GPU Compute
278576.164533,9005,23c32e69-89c8-4a98-9507-a520351cbbe5,worker_3,coordinator_0,NET_TRANSFER,0.000100,0.158000,Signal Finished
279092.398124,9005,23c32e69-89c8-4a98-9507-a520351cbbe5,coordinator_0,worker_4,NET_TRANSFER,6.451045,516.233591,Distribute Layer ID: 160e7ab0
279092.448523,9005,23c32e69-89c8-4a98-9507-a520351cbbe5,worker_4,worker_4,DISK_LOAD,6.451045,0.050399,"Disk -> RAM [Model: 23c32e69, Layer: 160e7ab0]"
279092.498922,9005,23c32e69-89c8-4a98-9507-a520351cbbe5,worker_4,worker_4,MEM_MOVE,6.451045,0.050399,"RAM -> VRAM [Model: 23c32e69, Layer: 160e7ab0]"
279092.548922,9005,23c32e69-89c8-4a98-9507-a520351cbbe5,worker_4,worker_4,GPU_COMPUTE,0.050000,0.050000,GPU Compute
279092.706922,9005,23c32e69-89c8-4a98-9507-a520351cbbe5,worker_4,coordinator_0,NET_TRANSFER,0.000100,0.158000,Signal Finished
279631.194928,9005,23c32e69-89c8-4a98-9507-a520351cbbe5,coordinator_0,worker_1,NET_TRANSFER,6.729225,538.488006,Distribute Layer ID: 5d3b4567
279631.247500,9005,23c32e69-89c8-4a98-9507-a520351cbbe5,worker_1,worker_1,DISK_LOAD,6.729225,0.052572,"Disk -> RAM [Model: 23c32e69, Layer: 5d3b4567]"
279631.300072,9005,23c32e69-89c8-4a98-9507-a520351cbbe5,worker_1,worker_1,MEM_MOVE,6.729225,0.052572,"RAM -> VRAM [Model: 23c32e69, Layer: 5d3b4567]"
279631.350072,9005,23c32e69-89c8-4a98-9507-a520351cbbe5,worker_1,worker_1,GPU_COMPUTE,0.050000,0.050000,GPU Compute
279631.508072,9005,23c32e69-89c8-4a98-9507-a520351cbbe5,worker_1,coordinator_0,NET_TRANSFER,0.000100,0.158000,Signal Finished
280342.610612,9005,23c32e69-89c8-4a98-9507-a520351cbbe5,coordinator_0,worker_2,NET_TRANSFER,8.886907,711.102540,Distribute Layer ID: 46710d61
280342.680041,9005,23c32e69-89c8-4a98-9507-a520351cbbe5,worker_2,worker_2,DISK_LOAD,8.886907,0.069429,"Disk -> RAM [Model: 23c32e69, Layer: 46710d61]"
280342.749470,9005,23c32e69-89c8-4a98-9507-a520351cbbe5,worker_2,worker_2,MEM_MOVE,8.886907,0.069429,"RAM -> VRAM [Model: 23c32e69, Layer: 46710d61]"
280342.799470,9005,23c32e69-89c8-4a98-9507-a520351cbbe5,worker_2,worker_2,GPU_COMPUTE,0.050000,0.050000,GPU Compute
280342.957470,9005,23c32e69-89c8-4a98-9507-a520351cbbe5,worker_2,coordinator_0,NET_TRANSFER,0.000100,0.158000,Signal Finished
280933.541259,9005,23c32e69-89c8-4a98-9507-a520351cbbe5,coordinator_0,worker_3,NET_TRANSFER,7.380422,590.583789,Distribute Layer ID: 99dbacdd
280933.598919,9005,23c32e69-89c8-4a98-9507-a520351cbbe5,worker_3,worker_3,DISK_LOAD,7.380422,0.057660,"Disk -> RAM [Model: 23c32e69, Layer: 99dbacdd]"
280933.656578,9005,23c32e69-89c8-4a98-9507-a520351cbbe5,worker_3,worker_3,MEM_MOVE,7.380422,0.057660,"RAM -> VRAM [Model: 23c32e69, Layer: 99dbacdd]"
280933.706578,9005,23c32e69-89c8-4a98-9507-a520351cbbe5,worker_3,worker_3,GPU_COMPUTE,0.050000,0.050000,GPU Compute
280933.864578,9005,23c32e69-89c8-4a98-9507-a520351cbbe5,worker_3,coordinator_0,NET_TRANSFER,0.000100,0.158000,Signal Finished
281941.098285,9005,23c32e69-89c8-4a98-9507-a520351cbbe5,coordinator_0,worker_4,NET_TRANSFER,12.588546,1007.233707,Distribute Layer ID: c87bc74d
281941.196633,9005,23c32e69-89c8-4a98-9507-a520351cbbe5,worker_4,worker_4,DISK_LOAD,12.588546,0.098348,"Disk -> RAM [Model: 23c32e69, Layer: c87bc74d]"
281941.294981,9005,23c32e69-89c8-4a98-9507-a520351cbbe5,worker_4,worker_4,MEM_MOVE,12.588546,0.098348,"RAM -> VRAM [Model: 23c32e69, Layer: c87bc74d]"
281941.344981,9005,23c32e69-89c8-4a98-9507-a520351cbbe5,worker_4,worker_4,GPU_COMPUTE,0.050000,0.050000,GPU Compute
281941.502981,9005,23c32e69-89c8-4a98-9507-a520351cbbe5,worker_4,coordinator_0,NET_TRANSFER,0.000100,0.158000,Signal Finished
282603.594907,9005,23c32e69-89c8-4a98-9507-a520351cbbe5,coordinator_0,worker_1,NET_TRANSFER,8.274274,662.091926,Distribute Layer ID: 4f76ae39
282603.659550,9005,23c32e69-89c8-4a98-9507-a520351cbbe5,worker_1,worker_1,DISK_LOAD,8.274274,0.064643,"Disk -> RAM [Model: 23c32e69, Layer: 4f76ae39]"
282603.724193,9005,23c32e69-89c8-4a98-9507-a520351cbbe5,worker_1,worker_1,MEM_MOVE,8.274274,0.064643,"RAM -> VRAM [Model: 23c32e69, Layer: 4f76ae39]"
282603.774193,9005,23c32e69-89c8-4a98-9507-a520351cbbe5,worker_1,worker_1,GPU_COMPUTE,0.050000,0.050000,GPU Compute
282603.932193,9005,23c32e69-89c8-4a98-9507-a520351cbbe5,worker_1,coordinator_0,NET_TRANSFER,0.000100,0.158000,Signal Finished
283108.224726,9005,23c32e69-89c8-4a98-9507-a520351cbbe5,coordinator_0,worker_2,NET_TRANSFER,6.301782,504.292533,Distribute Layer ID: 9373200b
283108.273959,9005,23c32e69-89c8-4a98-9507-a520351cbbe5,worker_2,worker_2,DISK_LOAD,6.301782,0.049233,"Disk -> RAM [Model: 23c32e69, Layer: 9373200b]"
283108.323191,9005,23c32e69-89c8-4a98-9507-a520351cbbe5,worker_2,worker_2,MEM_MOVE,6.301782,0.049233,"RAM -> VRAM [Model: 23c32e69, Layer: 9373200b]"
283108.373191,9005,23c32e69-89c8-4a98-9507-a520351cbbe5,worker_2,worker_2,GPU_COMPUTE,0.050000,0.050000,GPU Compute
283108.531191,9005,23c32e69-89c8-4a98-9507-a520351cbbe5,worker_2,coordinator_0,NET_TRANSFER,0.000100,0.158000,Signal Finished
283873.904358,9005,23c32e69-89c8-4a98-9507-a520351cbbe5,coordinator_0,worker_3,NET_TRANSFER,9.565290,765.373166,Distribute Layer ID: 2439378b
283873.979087,9005,23c32e69-89c8-4a98-9507-a520351cbbe5,worker_3,worker_3,DISK_LOAD,9.565290,0.074729,"Disk -> RAM [Model: 23c32e69, Layer: 2439378b]"
283874.053815,9005,23c32e69-89c8-4a98-9507-a520351cbbe5,worker_3,worker_3,MEM_MOVE,9.565290,0.074729,"RAM -> VRAM [Model: 23c32e69, Layer: 2439378b]"
283874.103815,9005,23c32e69-89c8-4a98-9507-a520351cbbe5,worker_3,worker_3,GPU_COMPUTE,0.050000,0.050000,GPU Compute
283874.261815,9005,23c32e69-89c8-4a98-9507-a520351cbbe5,worker_3,coordinator_0,NET_TRANSFER,0.000100,0.158000,Signal Finished
284969.836125,9005,23c32e69-89c8-4a98-9507-a520351cbbe5,coordinator_0,worker_4,NET_TRANSFER,13.692804,1095.574310,Distribute Layer ID: f50f4358
284969.943100,9005,23c32e69-89c8-4a98-9507-a520351cbbe5,worker_4,worker_4,DISK_LOAD,13.692804,0.106975,"Disk -> RAM [Model: 23c32e69, Layer: f50f4358]"
284970.050075,9005,23c32e69-89c8-4a98-9507-a520351cbbe5,worker_4,worker_4,MEM_MOVE,13.692804,0.106975,"RAM -> VRAM [Model: 23c32e69, Layer: f50f4358]"
284970.100075,9005,23c32e69-89c8-4a98-9507-a520351cbbe5,worker_4,worker_4,GPU_COMPUTE,0.050000,0.050000,GPU Compute
284970.258075,9005,23c32e69-89c8-4a98-9507-a520351cbbe5,worker_4,coordinator_0,NET_TRANSFER,0.000100,0.158000,Signal Finished
285906.141194,9005,23c32e69-89c8-4a98-9507-a520351cbbe5,coordinator_0,worker_1,NET_TRANSFER,11.696664,935.883118,Distribute Layer ID: 4bc01a8f
285906.232574,9005,23c32e69-89c8-4a98-9507-a520351cbbe5,worker_1,worker_1,DISK_LOAD,11.696664,0.091380,"Disk -> RAM [Model: 23c32e69, Layer: 4bc01a8f]"
285906.323954,9005,23c32e69-89c8-4a98-9507-a520351cbbe5,worker_1,worker_1,MEM_MOVE,11.696664,0.091380,"RAM -> VRAM [Model: 23c32e69, Layer: 4bc01a8f]"
285906.373954,9005,23c32e69-89c8-4a98-9507-a520351cbbe5,worker_1,worker_1,GPU_COMPUTE,0.050000,0.050000,GPU Compute
285906.531954,9005,23c32e69-89c8-4a98-9507-a520351cbbe5,worker_1,coordinator_0,NET_TRANSFER,0.000100,0.158000,Signal Finished
286887.993563,9005,23c32e69-89c8-4a98-9507-a520351cbbe5,coordinator_0,worker_2,NET_TRANSFER,12.266395,981.461609,Distribute Layer ID: 0efe03c8
286888.089394,9005,23c32e69-89c8-4a98-9507-a520351cbbe5,worker_2,worker_2,DISK_LOAD,12.266395,0.095831,"Disk -> RAM [Model: 23c32e69, Layer: 0efe03c8]"
286888.185225,9005,23c32e69-89c8-4a98-9507-a520351cbbe5,worker_2,worker_2,MEM_MOVE,12.266395,0.095831,"RAM -> VRAM [Model: 23c32e69, Layer: 0efe03c8]"
286888.235225,9005,23c32e69-89c8-4a98-9507-a520351cbbe5,worker_2,worker_2,GPU_COMPUTE,0.050000,0.050000,GPU Compute
286888.393225,9005,23c32e69-89c8-4a98-9507-a520351cbbe5,worker_2,coordinator_0,NET_TRANSFER,0.000100,0.158000,Signal Finished
288050.093658,9005,23c32e69-89c8-4a98-9507-a520351cbbe5,coordinator_0,worker_3,NET_TRANSFER,14.519380,1161.700433,Distribute Layer ID: 2357263e
288050.207090,9005,23c32e69-89c8-4a98-9507-a520351cbbe5,worker_3,worker_3,DISK_LOAD,14.519380,0.113433,"Disk -> RAM [Model: 23c32e69, Layer: 2357263e]"
288050.320523,9005,23c32e69-89c8-4a98-9507-a520351cbbe5,worker_3,worker_3,MEM_MOVE,14.519380,0.113433,"RAM -> VRAM [Model: 23c32e69, Layer: 2357263e]"
288050.370523,9005,23c32e69-89c8-4a98-9507-a520351cbbe5,worker_3,worker_3,GPU_COMPUTE,0.050000,0.050000,GPU Compute
288050.528523,9005,23c32e69-89c8-4a98-9507-a520351cbbe5,worker_3,coordinator_0,NET_TRANSFER,0.000100,0.158000,Signal Finished
288793.402737,9005,23c32e69-89c8-4a98-9507-a520351cbbe5,coordinator_0,worker_4,NET_TRANSFER,9.284053,742.874213,Distribute Layer ID: 8a097048
288793.475268,9005,23c32e69-89c8-4a98-9507-a520351cbbe5,worker_4,worker_4,DISK_LOAD,9.284053,0.072532,"Disk -> RAM [Model: 23c32e69, Layer: 8a097048]"
288793.547800,9005,23c32e69-89c8-4a98-9507-a520351cbbe5,worker_4,worker_4,MEM_MOVE,9.284053,0.072532,"RAM -> VRAM [Model: 23c32e69, Layer: 8a097048]"
288793.597800,9005,23c32e69-89c8-4a98-9507-a520351cbbe5,worker_4,worker_4,GPU_COMPUTE,0.050000,0.050000,GPU Compute
288793.755800,9005,23c32e69-89c8-4a98-9507-a520351cbbe5,worker_4,coordinator_0,NET_TRANSFER,0.000100,0.158000,Signal Finished
289841.606543,9005,23c32e69-89c8-4a98-9507-a520351cbbe5,coordinator_0,worker_1,NET_TRANSFER,13.096259,1047.850743,Distribute Layer ID: 06797905
289841.708858,9005,23c32e69-89c8-4a98-9507-a520351cbbe5,worker_1,worker_1,DISK_LOAD,13.096259,0.102315,"Disk -> RAM [Model: 23c32e69, Layer: 06797905]"
289841.811172,9005,23c32e69-89c8-4a98-9507-a520351cbbe5,worker_1,worker_1,MEM_MOVE,13.096259,0.102315,"RAM -> VRAM [Model: 23c32e69, Layer: 06797905]"
289841.861172,9005,23c32e69-89c8-4a98-9507-a520351cbbe5,worker_1,worker_1,GPU_COMPUTE,0.050000,0.050000,GPU Compute
289842.019172,9005,23c32e69-89c8-4a98-9507-a520351cbbe5,worker_1,coordinator_0,NET_TRANSFER,0.000100,0.158000,Signal Finished
290695.918821,9005,23c32e69-89c8-4a98-9507-a520351cbbe5,coordinator_0,worker_2,NET_TRANSFER,10.671871,853.899649,Distribute Layer ID: 1aa57e3d
290696.002195,9005,23c32e69-89c8-4a98-9507-a520351cbbe5,worker_2,worker_2,DISK_LOAD,10.671871,0.083374,"Disk -> RAM [Model: 23c32e69, Layer: 1aa57e3d]"
290696.085569,9005,23c32e69-89c8-4a98-9507-a520351cbbe5,worker_2,worker_2,MEM_MOVE,10.671871,0.083374,"RAM -> VRAM [Model: 23c32e69, Layer: 1aa57e3d]"
290696.135569,9005,23c32e69-89c8-4a98-9507-a520351cbbe5,worker_2,worker_2,GPU_COMPUTE,0.050000,0.050000,GPU Compute
290696.293569,9005,23c32e69-89c8-4a98-9507-a520351cbbe5,worker_2,coordinator_0,NET_TRANSFER,0.000100,0.158000,Signal Finished
291736.845695,9005,23c32e69-89c8-4a98-9507-a520351cbbe5,coordinator_0,worker_3,NET_TRANSFER,13.005027,1040.552126,Distribute Layer ID: 89caf1b6
291736.947297,9005,23c32e69-89c8-4a98-9507-a520351cbbe5,worker_3,worker_3,DISK_LOAD,13.005027,0.101602,"Disk -> RAM [Model: 23c32e69, Layer: 89caf1b6]"
291737.048899,9005,23c32e69-89c8-4a98-9507-a520351cbbe5,worker_3,worker_3,MEM_MOVE,13.005027,0.101602,"RAM -> VRAM [Model: 23c32e69, Layer: 89caf1b6]"
291737.098899,9005,23c32e69-89c8-4a98-9507-a520351cbbe5,worker_3,worker_3,GPU_COMPUTE,0.050000,0.050000,GPU Compute
291737.256899,9005,23c32e69-89c8-4a98-9507-a520351cbbe5,worker_3,coordinator_0,NET_TRANSFER,0.000100,0.158000,Signal Finished
292387.103937,9005,23c32e69-89c8-4a98-9507-a520351cbbe5,coordinator_0,worker_4,NET_TRANSFER,8.121213,649.847038,Distribute Layer ID: cec14228
292387.167384,9005,23c32e69-89c8-4a98-9507-a520351cbbe5,worker_4,worker_4,DISK_LOAD,8.121213,0.063447,"Disk -> RAM [Model: 23c32e69, Layer: cec14228]"
292387.230831,9005,23c32e69-89c8-4a98-9507-a520351cbbe5,worker_4,worker_4,MEM_MOVE,8.121213,0.063447,"RAM -> VRAM [Model: 23c32e69, Layer: cec14228]"
292387.280831,9005,23c32e69-89c8-4a98-9507-a520351cbbe5,worker_4,worker_4,GPU_COMPUTE,0.050000,0.050000,GPU Compute
292387.438831,9005,23c32e69-89c8-4a98-9507-a520351cbbe5,worker_4,coordinator_0,NET_TRANSFER,0.000100,0.158000,Signal Finished
293302.918337,9005,23c32e69-89c8-4a98-9507-a520351cbbe5,coordinator_0,worker_1,NET_TRANSFER,11.441619,915.479506,Distribute Layer ID: fc979eb4
293303.007724,9005,23c32e69-89c8-4a98-9507-a520351cbbe5,worker_1,worker_1,DISK_LOAD,11.441619,0.089388,"Disk -> RAM [Model: 23c32e69, Layer: fc979eb4]"
293303.097112,9005,23c32e69-89c8-4a98-9507-a520351cbbe5,worker_1,worker_1,MEM_MOVE,11.441619,0.089388,"RAM -> VRAM [Model: 23c32e69, Layer: fc979eb4]"
293303.147112,9005,23c32e69-89c8-4a98-9507-a520351cbbe5,worker_1,worker_1,GPU_COMPUTE,0.050000,0.050000,GPU Compute
293303.305112,9005,23c32e69-89c8-4a98-9507-a520351cbbe5,worker_1,coordinator_0,NET_TRANSFER,0.000100,0.158000,Signal Finished
294161.013535,9005,23c32e69-89c8-4a98-9507-a520351cbbe5,coordinator_0,worker_2,NET_TRANSFER,10.719480,857.708424,Distribute Layer ID: 911fd662
294161.097281,9005,23c32e69-89c8-4a98-9507-a520351cbbe5,worker_2,worker_2,DISK_LOAD,10.719480,0.083746,"Disk -> RAM [Model: 23c32e69, Layer: 911fd662]"
294161.181027,9005,23c32e69-89c8-4a98-9507-a520351cbbe5,worker_2,worker_2,MEM_MOVE,10.719480,0.083746,"RAM -> VRAM [Model: 23c32e69, Layer: 911fd662]"
294161.231027,9005,23c32e69-89c8-4a98-9507-a520351cbbe5,worker_2,worker_2,GPU_COMPUTE,0.050000,0.050000,GPU Compute
294161.389027,9005,23c32e69-89c8-4a98-9507-a520351cbbe5,worker_2,coordinator_0,NET_TRANSFER,0.000100,0.158000,Signal Finished
295292.112138,9005,23c32e69-89c8-4a98-9507-a520351cbbe5,coordinator_0,worker_3,NET_TRANSFER,14.132164,1130.723111,Distribute Layer ID: 84563044
295292.222546,9005,23c32e69-89c8-4a98-9507-a520351cbbe5,worker_3,worker_3,DISK_LOAD,14.132164,0.110408,"Disk -> RAM [Model: 23c32e69, Layer: 84563044]"
295292.332953,9005,23c32e69-89c8-4a98-9507-a520351cbbe5,worker_3,worker_3,MEM_MOVE,14.132164,0.110408,"RAM -> VRAM [Model: 23c32e69, Layer: 84563044]"
295292.382953,9005,23c32e69-89c8-4a98-9507-a520351cbbe5,worker_3,worker_3,GPU_COMPUTE,0.050000,0.050000,GPU Compute
295292.540953,9005,23c32e69-89c8-4a98-9507-a520351cbbe5,worker_3,coordinator_0,NET_TRANSFER,0.000100,0.158000,Signal Finished
296121.794006,9005,23c32e69-89c8-4a98-9507-a520351cbbe5,coordinator_0,worker_4,NET_TRANSFER,10.363788,829.253053,Distribute Layer ID: f4a2dbaf
296121.952006,10008,15fff31f-88d3-4850-8c0e-5a2d28be9990,client_10,coordinator_0,NET_TRANSFER,0.000100,0.158000,Request Model ID
296122.110006,8005,e20db8d2-b0ae-4054-bb3b-51a67633e6dd,client_8,coordinator_0,NET_TRANSFER,0.000100,0.158000,Request Model ID
296122.268006,2008,e314a9ac-f913-4183-acc9-77b03f47dc2f,client_2,coordinator_0,NET_TRANSFER,0.000100,0.158000,Request Model ID
296122.426006,1003,5cf26a93-6d67-463f-8354-be220031fbd0,client_1,coordinator_0,NET_TRANSFER,0.000100,0.158000,Request Model ID
296122.584006,1003,440ed019-eb73-495b-bf4d-60191542c668,client_1,coordinator_0,NET_TRANSFER,0.000100,0.158000,Request Model ID
296122.742006,1003,aa64a7a5-35ea-4323-b730-74e20320cab6,client_1,coordinator_0,NET_TRANSFER,0.000100,0.158000,Request Model ID
296122.900006,5002,c6b782ab-5d37-4b75-97c7-b76805f61131,client_5,coordinator_0,NET_TRANSFER,0.000100,0.158000,Request Model ID
296123.058006,9003,12a9aae0-a809-4552-b0e2-bb181ad83153,client_9,coordinator_0,NET_TRANSFER,0.000100,0.158000,Request Model ID
296123.216006,9001,7202018a-7059-46d3-abf3-725e672873b7,client_9,coordinator_0,NET_TRANSFER,0.000100,0.158000,Request Model ID
296123.374006,9001,2eb7ed28-93fa-4639-8470-40e53873defa,client_9,coordinator_0,NET_TRANSFER,0.000100,0.158000,Request Model ID
296123.532006,9001,b378f61c-a691-49d8-9683-2c451172ffd9,client_9,coordinator_0,NET_TRANSFER,0.000100,0.158000,Request Model ID
296123.690006,10005,0b6aa285-cf51-4f04-b3b0-27d4d0a76265,client_10,coordinator_0,NET_TRANSFER,0.000100,0.158000,Request Model ID
296123.848006,6002,440ed019-eb73-495b-bf4d-60191542c668,client_6,coordinator_0,NET_TRANSFER,0.000100,0.158000,Request Model ID
296124.006006,1001,085d3a7d-70fd-43c2-a296-69bde04655f1,client_1,coordinator_0,NET_TRANSFER,0.000100,0.158000,Request Model ID
296124.164006,10003,12a9aae0-a809-4552-b0e2-bb181ad83153,client_10,coordinator_0,NET_TRANSFER,0.000100,0.158000,Request Model ID
296124.322006,5003,7efb5967-3601-4091-bcc2-7bfed1a20e9d,client_5,coordinator_0,NET_TRANSFER,0.000100,0.158000,Request Model ID
296124.480006,10003,6ccfbc3d-d25e-406e-becc-65761946e770,client_10,coordinator_0,NET_TRANSFER,0.000100,0.158000,Request Model ID
296124.638006,10003,e20db8d2-b0ae-4054-bb3b-51a67633e6dd,client_10,coordinator_0,NET_TRANSFER,0.000100,0.158000,Request Model ID
296124.796006,10007,23c32e69-89c8-4a98-9507-a520351cbbe5,client_10,coordinator_0,NET_TRANSFER,0.000100,0.158000,Request Model ID
296124.954006,10007,e314a9ac-f913-4183-acc9-77b03f47dc2f,client_10,coordinator_0,NET_TRANSFER,0.000100,0.158000,Request Model ID
296125.112006,10007,e20db8d2-b0ae-4054-bb3b-51a67633e6dd,client_10,coordinator_0,NET_TRANSFER,0.000100,0.158000,Request Model ID
296125.270006,10006,ae73b5ce-6b5a-4c53-a7b1-f585b462e9d6,client_10,coordinator_0,NET_TRANSFER,0.000100,0.158000,Request Model ID
296125.428006,3003,abbad5ca-f5f2-4403-8f6a-ab171a8a04ec,client_3,coordinator_0,NET_TRANSFER,0.000100,0.158000,Request Model ID
296125.586006,3003,440ed019-eb73-495b-bf4d-60191542c668,client_3,coordinator_0,NET_TRANSFER,0.000100,0.158000,Request Model ID
296125.744006,4003,baa413d8-8be1-4108-9c52-2f3dc7ca37d0,client_4,coordinator_0,NET_TRANSFER,0.000100,0.158000,Request Model ID
296125.902006,4003,ff4738ca-ecb7-43de-a638-f8f5c9e4eba2,client_4,coordinator_0,NET_TRANSFER,0.000100,0.158000,Request Model ID
296126.060006,4003,0b6aa285-cf51-4f04-b3b0-27d4d0a76265,client_4,coordinator_0,NET_TRANSFER,0.000100,0.158000,Request Model ID
296126.218006,2004,e20db8d2-b0ae-4054-bb3b-51a67633e6dd,client_2,coordinator_0,NET_TRANSFER,0.000100,0.158000,Request Model ID
296126.376006,2004,d5b6c0cc-7700-4a35-a3d8-1ca4767780d9,client_2,coordinator_0,NET_TRANSFER,0.000100,0.158000,Request Model ID
296126.534006,2004,39785999-ea39-4891-9102-70ece5e21e2c,client_2,coordinator_0,NET_TRANSFER,0.000100,0.158000,Request Model ID
296126.692006,5001,7efb5967-3601-4091-bcc2-7bfed1a20e9d,client_5,coordinator_0,NET_TRANSFER,0.000100,0.158000,Request Model ID
296126.850006,5001,8214cc03-04d0-4fbe-8fb3-d9e828fe07c4,client_5,coordinator_0,NET_TRANSFER,0.000100,0.158000,Request Model ID
296127.008006,9005,b846365e-24f9-4ee2-bb0e-678153c45917,client_9,coordinator_0,NET_TRANSFER,0.000100,0.158000,Request Model ID
296127.166006,1005,b378f61c-a691-49d8-9683-2c451172ffd9,client_1,coordinator_0,NET_TRANSFER,0.000100,0.158000,Request Model ID
296127.324006,2007,b28fb40b-1a7d-4ab2-bdcc-664e20576c66,client_2,coordinator_0,NET_TRANSFER,0.000100,0.158000,Request Model ID
296127.482006,3006,cd2cf452-d2fc-4e99-8950-ca96ce00112d,client_3,coordinator_0,NET_TRANSFER,0.000100,0.158000,Request Model ID
296127.640006,4006,ae026cd0-a180-4a3d-b4e9-e069996002cf,client_4,coordinator_0,NET_TRANSFER,0.000100,0.158000,Request Model ID
296127.798006,7003,23c32e69-89c8-4a98-9507-a520351cbbe5,client_7,coordinator_0,NET_TRANSFER,0.000100,0.158000,Request Model ID
296127.956006,8003,6ccfbc3d-d25e-406e-becc-65761946e770,client_8,coordinator_0,NET_TRANSFER,0.000100,0.158000,Request Model ID
296128.114006,8003,d5b6c0cc-7700-4a35-a3d8-1ca4767780d9,client_8,coordinator_0,NET_TRANSFER,0.000100,0.158000,Request Model ID
296128.272006,2006,abbad5ca-f5f2-4403-8f6a-ab171a8a04ec,client_2,coordinator_0,NET_TRANSFER,0.000100,0.158000,Request Model ID
296128.430006,9003,b378f61c-a691-49d8-9683-2c451172ffd9,client_9,coordinator_0,NET_TRANSFER,0.000100,0.158000,Request Model ID
296128.588006,9003,abbad5ca-f5f2-4403-8f6a-ab171a8a04ec,client_9,coordinator_0,NET_TRANSFER,0.000100,0.158000,Request Model ID
296128.746006,9003,440ed019-eb73-495b-bf4d-60191542c668,client_9,coordinator_0,NET_TRANSFER,0.000100,0.158000,Request Model ID
296128.904006,8005,c6b782ab-5d37-4b75-97c7-b76805f61131,client_8,coordinator_0,NET_TRANSFER,0.000100,0.158000,Request Model ID
296129.062006,6005,84d5c4ea-b47c-4be4-9a0c-8c69f86179a8,client_6,coordinator_0,NET_TRANSFER,0.000100,0.158000,Request Model ID
296129.220006,5006,7efb5967-3601-4091-bcc2-7bfed1a20e9d,client_5,coordinator_0,NET_TRANSFER,0.000100,0.158000,Request Model ID
296129.378006,5006,23c32e69-89c8-4a98-9507-a520351cbbe5,client_5,coordinator_0,NET_TRANSFER,0.000100,0.158000,Request Model ID
296129.536006,8003,05c888f5-48fd-4c78-b8ff-c3d7e25250ee,client_8,coordinator_0,NET_TRANSFER,0.000100,0.158000,Request Model ID
296129.694006,5006,0458d477-7a86-4d24-971c-62fe9a3e7a17,client_5,coordinator_0,NET_TRANSFER,0.000100,0.158000,Request Model ID
296129.774973,9005,23c32e69-89c8-4a98-9507-a520351cbbe5,worker_4,worker_4,DISK_LOAD,10.363788,0.080967,"Disk -> RAM [Model: 23c32e69, Layer: f4a2dbaf]"
296129.855940,9005,23c32e69-89c8-4a98-9507-a520351cbbe5,worker_4,worker_4,MEM_MOVE,10.363788,0.080967,"RAM -> VRAM [Model: 23c32e69, Layer: f4a2dbaf]"
296129.905940,9005,23c32e69-89c8-4a98-9507-a520351cbbe5,worker_4,worker_4,GPU_COMPUTE,0.050000,0.050000,GPU Compute
296130.063940,9005,23c32e69-89c8-4a98-9507-a520351cbbe5,worker_4,coordinator_0,NET_TRANSFER,0.000100,0.158000,Signal Finished
296510.742177,9005,23c32e69-89c8-4a98-9507-a520351cbbe5,coordinator_0,worker_1,NET_TRANSFER,4.756603,380.678237,Distribute Layer ID: f4546134
296510.779338,9005,23c32e69-89c8-4a98-9507-a520351cbbe5,worker_1,worker_1,DISK_LOAD,4.756603,0.037161,"Disk -> RAM [Model: 23c32e69, Layer: f4546134]"
296510.816499,9005,23c32e69-89c8-4a98-9507-a520351cbbe5,worker_1,worker_1,MEM_MOVE,4.756603,0.037161,"RAM -> VRAM [Model: 23c32e69, Layer: f4546134]"
296510.866499,9005,23c32e69-89c8-4a98-9507-a520351cbbe5,worker_1,worker_1,GPU_COMPUTE,0.050000,0.050000,GPU Compute
296511.024499,9005,23c32e69-89c8-4a98-9507-a520351cbbe5,worker_1,coordinator_0,NET_TRANSFER,0.000100,0.158000,Signal Finished
297017.203716,9005,23c32e69-89c8-4a98-9507-a520351cbbe5,coordinator_0,worker_2,NET_TRANSFER,6.325365,506.179217,Distribute Layer ID: ef9b4d44
297017.253133,9005,23c32e69-89c8-4a98-9507-a520351cbbe5,worker_2,worker_2,DISK_LOAD,6.325365,0.049417,"Disk -> RAM [Model: 23c32e69, Layer: ef9b4d44]"
297017.302550,9005,23c32e69-89c8-4a98-9507-a520351cbbe5,worker_2,worker_2,MEM_MOVE,6.325365,0.049417,"RAM -> VRAM [Model: 23c32e69, Layer: ef9b4d44]"
297017.352550,9005,23c32e69-89c8-4a98-9507-a520351cbbe5,worker_2,worker_2,GPU_COMPUTE,0.050000,0.050000,GPU Compute
297017.510550,9005,23c32e69-89c8-4a98-9507-a520351cbbe5,worker_2,coordinator_0,NET_TRANSFER,0.000100,0.158000,Signal Finished
297726.027585,9005,23c32e69-89c8-4a98-9507-a520351cbbe5,coordinator_0,worker_3,NET_TRANSFER,8.854588,708.517035,Distribute Layer ID: 329b1acc
297726.096761,9005,23c32e69-89c8-4a98-9507-a520351cbbe5,worker_3,worker_3,DISK_LOAD,8.854588,0.069176,"Disk -> RAM [Model: 23c32e69, Layer: 329b1acc]"
297726.165938,9005,23c32e69-89c8-4a98-9507-a520351cbbe5,worker_3,worker_3,MEM_MOVE,8.854588,0.069176,"RAM -> VRAM [Model: 23c32e69, Layer: 329b1acc]"
297726.215938,9005,23c32e69-89c8-4a98-9507-a520351cbbe5,worker_3,worker_3,GPU_COMPUTE,0.050000,0.050000,GPU Compute
297726.373938,9005,23c32e69-89c8-4a98-9507-a520351cbbe5,worker_3,coordinator_0,NET_TRANSFER,0.000100,0.158000,Signal Finished
298109.213743,9005,23c32e69-89c8-4a98-9507-a520351cbbe5,coordinator_0,worker_4,NET_TRANSFER,4.783623,382.839805,Distribute Layer ID: 4457e099
298109.251115,9005,23c32e69-89c8-4a98-9507-a520351cbbe5,worker_4,worker_4,DISK_LOAD,4.783623,0.037372,"Disk -> RAM [Model: 23c32e69, Layer: 4457e099]"
298109.288487,9005,23c32e69-89c8-4a98-9507-a520351cbbe5,worker_4,worker_4,MEM_MOVE,4.783623,0.037372,"RAM -> VRAM [Model: 23c32e69, Layer: 4457e099]"
298109.338487,9005,23c32e69-89c8-4a98-9507-a520351cbbe5,worker_4,worker_4,GPU_COMPUTE,0.050000,0.050000,GPU Compute
298109.496487,9005,23c32e69-89c8-4a98-9507-a520351cbbe5,worker_4,coordinator_0,NET_TRANSFER,0.000100,0.158000,Signal Finished
298635.714768,9005,23c32e69-89c8-4a98-9507-a520351cbbe5,coordinator_0,worker_1,NET_TRANSFER,6.575854,526.218281,Distribute Layer ID: d7507a92
298635.766142,9005,23c32e69-89c8-4a98-9507-a520351cbbe5,worker_1,worker_1,DISK_LOAD,6.575854,0.051374,"Disk -> RAM [Model: 23c32e69, Layer: d7507a92]"
298635.817516,9005,23c32e69-89c8-4a98-9507-a520351cbbe5,worker_1,worker_1,MEM_MOVE,6.575854,0.051374,"RAM -> VRAM [Model: 23c32e69, Layer: d7507a92]"
298635.867516,9005,23c32e69-89c8-4a98-9507-a520351cbbe5,worker_1,worker_1,GPU_COMPUTE,0.050000,0.050000,GPU Compute
298636.025516,9005,23c32e69-89c8-4a98-9507-a520351cbbe5,worker_1,coordinator_0,NET_TRANSFER,0.000100,0.158000,Signal Finished
299436.203585,9005,23c32e69-89c8-4a98-9507-a520351cbbe5,coordinator_0,worker_2,NET_TRANSFER,10.000351,800.178069,Distribute Layer ID: 5f3c4d84
299436.281713,9005,23c32e69-89c8-4a98-9507-a520351cbbe5,worker_2,worker_2,DISK_LOAD,10.000351,0.078128,"Disk -> RAM [Model: 23c32e69, Layer: 5f3c4d84]"
299436.359841,9005,23c32e69-89c8-4a98-9507-a520351cbbe5,worker_2,worker_2,MEM_MOVE,10.000351,0.078128,"RAM -> VRAM [Model: 23c32e69, Layer: 5f3c4d84]"
299436.409841,9005,23c32e69-89c8-4a98-9507-a520351cbbe5,worker_2,worker_2,GPU_COMPUTE,0.050000,0.050000,GPU Compute
299436.567841,9005,23c32e69-89c8-4a98-9507-a520351cbbe5,worker_2,coordinator_0,NET_TRANSFER,0.000100,0.158000,Signal Finished
300365.101326,9005,23c32e69-89c8-4a98-9507-a520351cbbe5,coordinator_0,worker_3,NET_TRANSFER,11.604794,928.533485,Distribute Layer ID: 5991dc42
300365.191989,9005,23c32e69-89c8-4a98-9507-a520351cbbe5,worker_3,worker_3,DISK_LOAD,11.604794,0.090662,"Disk -> RAM [Model: 23c32e69, Layer: 5991dc42]"
300365.282651,9005,23c32e69-89c8-4a98-9507-a520351cbbe5,worker_3,worker_3,MEM_MOVE,11.604794,0.090662,"RAM -> VRAM [Model: 23c32e69, Layer: 5991dc42]"
300365.332651,9005,23c32e69-89c8-4a98-9507-a520351cbbe5,worker_3,worker_3,GPU_COMPUTE,0.050000,0.050000,GPU Compute
300365.490651,9005,23c32e69-89c8-4a98-9507-a520351cbbe5,worker_3,coordinator_0,NET_TRANSFER,0.000100,0.158000,Signal Finished
300988.255551,9005,23c32e69-89c8-4a98-9507-a520351cbbe5,coordinator_0,worker_4,NET_TRANSFER,7.782686,622.764900,Distribute Layer ID: 9e920043
300988.316353,9005,23c32e69-89c8-4a98-9507-a520351cbbe5,worker_4,worker_4,DISK_LOAD,7.782686,0.060802,"Disk -> RAM [Model: 23c32e69, Layer: 9e920043]"
300988.377155,9005,23c32e69-89c8-4a98-9507-a520351cbbe5,worker_4,worker_4,MEM_MOVE,7.782686,0.060802,"RAM -> VRAM [Model: 23c32e69, Layer: 9e920043]"
300988.427155,9005,23c32e69-89c8-4a98-9507-a520351cbbe5,worker_4,worker_4,GPU_COMPUTE,0.050000,0.050000,GPU Compute
300988.585155,9005,23c32e69-89c8-4a98-9507-a520351cbbe5,worker_4,coordinator_0,NET_TRANSFER,0.000100,0.158000,Signal Finished
301927.690441,9005,23c32e69-89c8-4a98-9507-a520351cbbe5,coordinator_0,worker_1,NET_TRANSFER,11.736941,939.105285,Distribute Layer ID: d41ef58b
301927.782136,9005,23c32e69-89c8-4a98-9507-a520351cbbe5,worker_1,worker_1,DISK_LOAD,11.736941,0.091695,"Disk -> RAM [Model: 23c32e69, Layer: d41ef58b]"
301927.873831,9005,23c32e69-89c8-4a98-9507-a520351cbbe5,worker_1,worker_1,MEM_MOVE,11.736941,0.091695,"RAM -> VRAM [Model: 23c32e69, Layer: d41ef58b]"
301927.923831,9005,23c32e69-89c8-4a98-9507-a520351cbbe5,worker_1,worker_1,GPU_COMPUTE,0.050000,0.050000,GPU Compute
301928.081831,9005,23c32e69-89c8-4a98-9507-a520351cbbe5,worker_1,coordinator_0,NET_TRANSFER,0.000100,0.158000,Signal Finished
302779.060311,9005,23c32e69-89c8-4a98-9507-a520351cbbe5,coordinator_0,worker_2,NET_TRANSFER,10.635356,850.978480,Distribute Layer ID: 8789b12f
302779.143400,9005,23c32e69-89c8-4a98-9507-a520351cbbe5,worker_2,worker_2,DISK_LOAD,10.635356,0.083089,"Disk -> RAM [Model: 23c32e69, Layer: 8789b12f]"
302779.226488,9005,23c32e69-89c8-4a98-9507-a520351cbbe5,worker_2,worker_2,MEM_MOVE,10.635356,0.083089,"RAM -> VRAM [Model: 23c32e69, Layer: 8789b12f]"
302779.276488,9005,23c32e69-89c8-4a98-9507-a520351cbbe5,worker_2,worker_2,GPU_COMPUTE,0.050000,0.050000,GPU Compute
302779.434488,9005,23c32e69-89c8-4a98-9507-a520351cbbe5,worker_2,coordinator_0,NET_TRANSFER,0.000100,0.158000,Signal Finished
303420.702306,9005,23c32e69-89c8-4a98-9507-a520351cbbe5,coordinator_0,worker_3,NET_TRANSFER,8.013973,641.267818,Distribute Layer ID: f0376a43
303420.764915,9005,23c32e69-89c8-4a98-9507-a520351cbbe5,worker_3,worker_3,DISK_LOAD,8.013973,0.062609,"Disk -> RAM [Model: 23c32e69, Layer: f0376a43]"
303420.827524,9005,23c32e69-89c8-4a98-9507-a520351cbbe5,worker_3,worker_3,MEM_MOVE,8.013973,0.062609,"RAM -> VRAM [Model: 23c32e69, Layer: f0376a43]"
303420.877524,9005,23c32e69-89c8-4a98-9507-a520351cbbe5,worker_3,worker_3,GPU_COMPUTE,0.050000,0.050000,GPU Compute
303421.035524,9005,23c32e69-89c8-4a98-9507-a520351cbbe5,worker_3,coordinator_0,NET_TRANSFER,0.000100,0.158000,Signal Finished
304575.207564,9005,23c32e69-89c8-4a98-9507-a520351cbbe5,coordinator_0,worker_4,NET_TRANSFER,14.425275,1154.172040,Distribute Layer ID: 15d77ec4
304575.320262,9005,23c32e69-89c8-4a98-9507-a520351cbbe5,worker_4,worker_4,DISK_LOAD,14.425275,0.112697,"Disk -> RAM [Model: 23c32e69, Layer: 15d77ec4]"
304575.432959,9005,23c32e69-89c8-4a98-9507-a520351cbbe5,worker_4,worker_4,MEM_MOVE,14.425275,0.112697,"RAM -> VRAM [Model: 23c32e69, Layer: 15d77ec4]"
304575.482959,9005,23c32e69-89c8-4a98-9507-a520351cbbe5,worker_4,worker_4,GPU_COMPUTE,0.050000,0.050000,GPU Compute
304575.640959,9005,23c32e69-89c8-4a98-9507-a520351cbbe5,worker_4,coordinator_0,NET_TRANSFER,0.000100,0.158000,Signal Finished
305763.240000,9005,23c32e69-89c8-4a98-9507-a520351cbbe5,coordinator_0,worker_1,NET_TRANSFER,14.843113,1187.599041,Distribute Layer ID: c4493055
305763.355962,9005,23c32e69-89c8-4a98-9507-a520351cbbe5,worker_1,worker_1,DISK_LOAD,14.843113,0.115962,"Disk -> RAM [Model: 23c32e69, Layer: c4493055]"
305763.471924,9005,23c32e69-89c8-4a98-9507-a520351cbbe5,worker_1,worker_1,MEM_MOVE,14.843113,0.115962,"RAM -> VRAM [Model: 23c32e69, Layer: c4493055]"
305763.521924,9005,23c32e69-89c8-4a98-9507-a520351cbbe5,worker_1,worker_1,GPU_COMPUTE,0.050000,0.050000,GPU Compute
305763.679924,9005,23c32e69-89c8-4a98-9507-a520351cbbe5,worker_1,coordinator_0,NET_TRANSFER,0.000100,0.158000,Signal Finished
306363.437190,9005,23c32e69-89c8-4a98-9507-a520351cbbe5,coordinator_0,worker_2,NET_TRANSFER,7.495091,599.757267,Distribute Layer ID: 971e839b
306363.495746,9005,23c32e69-89c8-4a98-9507-a520351cbbe5,worker_2,worker_2,DISK_LOAD,7.495091,0.058555,"Disk -> RAM [Model: 23c32e69, Layer: 971e839b]"
306363.554301,9005,23c32e69-89c8-4a98-9507-a520351cbbe5,worker_2,worker_2,MEM_MOVE,7.495091,0.058555,"RAM -> VRAM [Model: 23c32e69, Layer: 971e839b]"
306363.604301,9005,23c32e69-89c8-4a98-9507-a520351cbbe5,worker_2,worker_2,GPU_COMPUTE,0.050000,0.050000,GPU Compute
306363.762301,9005,23c32e69-89c8-4a98-9507-a520351cbbe5,worker_2,coordinator_0,NET_TRANSFER,0.000100,0.158000,Signal Finished
307226.181667,9005,23c32e69-89c8-4a98-9507-a520351cbbe5,coordinator_0,worker_3,NET_TRANSFER,10.778367,862.419365,Distribute Layer ID: 4e53a87e
307226.265873,9005,23c32e69-89c8-4a98-9507-a520351cbbe5,worker_3,worker_3,DISK_LOAD,10.778367,0.084206,"Disk -> RAM [Model: 23c32e69, Layer: 4e53a87e]"
307226.350079,9005,23c32e69-89c8-4a98-9507-a520351cbbe5,worker_3,worker_3,MEM_MOVE,10.778367,0.084206,"RAM -> VRAM [Model: 23c32e69, Layer: 4e53a87e]"
307226.400079,9005,23c32e69-89c8-4a98-9507-a520351cbbe5,worker_3,worker_3,GPU_COMPUTE,0.050000,0.050000,GPU Compute
307226.558079,9005,23c32e69-89c8-4a98-9507-a520351cbbe5,worker_3,coordinator_0,NET_TRANSFER,0.000100,0.158000,Signal Finished
308309.296982,9005,23c32e69-89c8-4a98-9507-a520351cbbe5,coordinator_0,worker_4,NET_TRANSFER,13.532361,1082.738903,Distribute Layer ID: e54206c0
308309.402703,9005,23c32e69-89c8-4a98-9507-a520351cbbe5,worker_4,worker_4,DISK_LOAD,13.532361,0.105722,"Disk -> RAM [Model: 23c32e69, Layer: e54206c0]"
308309.508425,9005,23c32e69-89c8-4a98-9507-a520351cbbe5,worker_4,worker_4,MEM_MOVE,13.532361,0.105722,"RAM -> VRAM [Model: 23c32e69, Layer: e54206c0]"
308309.558425,9005,23c32e69-89c8-4a98-9507-a520351cbbe5,worker_4,worker_4,GPU_COMPUTE,0.050000,0.050000,GPU Compute
308309.716425,9005,23c32e69-89c8-4a98-9507-a520351cbbe5,worker_4,coordinator_0,NET_TRANSFER,0.000100,0.158000,Signal Finished
309291.143894,9005,23c32e69-89c8-4a98-9507-a520351cbbe5,coordinator_0,worker_1,NET_TRANSFER,12.265968,981.427469,Distribute Layer ID: de0a911a
309291.239722,9005,23c32e69-89c8-4a98-9507-a520351cbbe5,worker_1,worker_1,DISK_LOAD,12.265968,0.095828,"Disk -> RAM [Model: 23c32e69, Layer: de0a911a]"
309291.335550,9005,23c32e69-89c8-4a98-9507-a520351cbbe5,worker_1,worker_1,MEM_MOVE,12.265968,0.095828,"RAM -> VRAM [Model: 23c32e69, Layer: de0a911a]"
309291.385550,9005,23c32e69-89c8-4a98-9507-a520351cbbe5,worker_1,worker_1,GPU_COMPUTE,0.050000,0.050000,GPU Compute
309291.543550,9005,23c32e69-89c8-4a98-9507-a520351cbbe5,worker_1,coordinator_0,NET_TRANSFER,0.000100,0.158000,Signal Finished
309898.093958,9005,23c32e69-89c8-4a98-9507-a520351cbbe5,coordinator_0,worker_2,NET_TRANSFER,7.580005,606.550408,Distribute Layer ID: 574dcbd5
309898.153177,9005,23c32e69-89c8-4a98-9507-a520351cbbe5,worker_2,worker_2,DISK_LOAD,7.580005,0.059219,"Disk -> RAM [Model: 23c32e69, Layer: 574dcbd5]"
309898.212396,9005,23c32e69-89c8-4a98-9507-a520351cbbe5,worker_2,worker_2,MEM_MOVE,7.580005,0.059219,"RAM -> VRAM [Model: 23c32e69, Layer: 574dcbd5]"
309898.262396,9005,23c32e69-89c8-4a98-9507-a520351cbbe5,worker_2,worker_2,GPU_COMPUTE,0.050000,0.050000,GPU Compute
309898.420396,9005,23c32e69-89c8-4a98-9507-a520351cbbe5,worker_2,coordinator_0,NET_TRANSFER,0.000100,0.158000,Signal Finished
310895.517426,9005,23c32e69-89c8-4a98-9507-a520351cbbe5,coordinator_0,worker_3,NET_TRANSFER,12.461838,997.097031,Distribute Layer ID: a538c19d
310895.614784,9005,23c32e69-89c8-4a98-9507-a520351cbbe5,worker_3,worker_3,DISK_LOAD,12.461838,0.097358,"Disk -> RAM [Model: 23c32e69, Layer: a538c19d]"
310895.712142,9005,23c32e69-89c8-4a98-9507-a520351cbbe5,worker_3,worker_3,MEM_MOVE,12.461838,0.097358,"RAM -> VRAM [Model: 23c32e69, Layer: a538c19d]"
310895.762142,9005,23c32e69-89c8-4a98-9507-a520351cbbe5,worker_3,worker_3,GPU_COMPUTE,0.050000,0.050000,GPU Compute
310895.920142,9005,23c32e69-89c8-4a98-9507-a520351cbbe5,worker_3,coordinator_0,NET_TRANSFER,0.000100,0.158000,Signal Finished
311841.028899,9005,23c32e69-89c8-4a98-9507-a520351cbbe5,coordinator_0,worker_4,NET_TRANSFER,11.811984,945.108756,Distribute Layer ID: 751190d0
311841.121180,9005,23c32e69-89c8-4a98-9507-a520351cbbe5,worker_4,worker_4,DISK_LOAD,11.811984,0.092281,"Disk -> RAM [Model: 23c32e69, Layer: 751190d0]"
311841.213461,9005,23c32e69-89c8-4a98-9507-a520351cbbe5,worker_4,worker_4,MEM_MOVE,11.811984,0.092281,"RAM -> VRAM [Model: 23c32e69, Layer: 751190d0]"
311841.263461,9005,23c32e69-89c8-4a98-9507-a520351cbbe5,worker_4,worker_4,GPU_COMPUTE,0.050000,0.050000,GPU Compute
311841.421461,9005,23c32e69-89c8-4a98-9507-a520351cbbe5,worker_4,coordinator_0,NET_TRANSFER,0.000100,0.158000,Signal Finished
312866.415525,9005,23c32e69-89c8-4a98-9507-a520351cbbe5,coordinator_0,worker_1,NET_TRANSFER,12.810551,1024.994064,Distribute Layer ID: fdd790cc
312866.515607,9005,23c32e69-89c8-4a98-9507-a520351cbbe5,worker_1,worker_1,DISK_LOAD,12.810551,0.100082,"Disk -> RAM [Model: 23c32e69, Layer: fdd790cc]"
312866.615690,9005,23c32e69-89c8-4a98-9507-a520351cbbe5,worker_1,worker_1,MEM_MOVE,12.810551,0.100082,"RAM -> VRAM [Model: 23c32e69, Layer: fdd790cc]"
312866.665690,9005,23c32e69-89c8-4a98-9507-a520351cbbe5,worker_1,worker_1,GPU_COMPUTE,0.050000,0.050000,GPU Compute
312866.823690,9005,23c32e69-89c8-4a98-9507-a520351cbbe5,worker_1,coordinator_0,NET_TRANSFER,0.000100,0.158000,Signal Finished
313748.225603,9005,23c32e69-89c8-4a98-9507-a520351cbbe5,coordinator_0,worker_2,NET_TRANSFER,11.015649,881.401914,Distribute Layer ID: f4c345fa
313748.311663,9005,23c32e69-89c8-4a98-9507-a520351cbbe5,worker_2,worker_2,DISK_LOAD,11.015649,0.086060,"Disk -> RAM [Model: 23c32e69, Layer: f4c345fa]"
313748.397723,9005,23c32e69-89c8-4a98-9507-a520351cbbe5,worker_2,worker_2,MEM_MOVE,11.015649,0.086060,"RAM -> VRAM [Model: 23c32e69, Layer: f4c345fa]"
313748.447723,9005,23c32e69-89c8-4a98-9507-a520351cbbe5,worker_2,worker_2,GPU_COMPUTE,0.050000,0.050000,GPU Compute
313748.605723,9005,23c32e69-89c8-4a98-9507-a520351cbbe5,worker_2,coordinator_0,NET_TRANSFER,0.000100,0.158000,Signal Finished
314604.016697,9005,23c32e69-89c8-4a98-9507-a520351cbbe5,coordinator_0,worker_3,NET_TRANSFER,10.690762,855.410974,Distribute Layer ID: 397ab684
314604.100218,9005,23c32e69-89c8-4a98-9507-a520351cbbe5,worker_3,worker_3,DISK_LOAD,10.690762,0.083522,"Disk -> RAM [Model: 23c32e69, Layer: 397ab684]"
314604.183740,9005,23c32e69-89c8-4a98-9507-a520351cbbe5,worker_3,worker_3,MEM_MOVE,10.690762,0.083522,"RAM -> VRAM [Model: 23c32e69, Layer: 397ab684]"
314604.233740,9005,23c32e69-89c8-4a98-9507-a520351cbbe5,worker_3,worker_3,GPU_COMPUTE,0.050000,0.050000,GPU Compute
314604.391740,9005,23c32e69-89c8-4a98-9507-a520351cbbe5,worker_3,coordinator_0,NET_TRANSFER,0.000100,0.158000,Signal Finished
315443.987245,9005,23c32e69-89c8-4a98-9507-a520351cbbe5,coordinator_0,worker_4,NET_TRANSFER,10.493069,839.595505,Distribute Layer ID: c70c4a01
315444.069222,9005,23c32e69-89c8-4a98-9507-a520351cbbe5,worker_4,worker_4,DISK_LOAD,10.493069,0.081977,"Disk -> RAM [Model: 23c32e69, Layer: c70c4a01]"
315444.151199,9005,23c32e69-89c8-4a98-9507-a520351cbbe5,worker_4,worker_4,MEM_MOVE,10.493069,0.081977,"RAM -> VRAM [Model: 23c32e69, Layer: c70c4a01]"
315444.201199,9005,23c32e69-89c8-4a98-9507-a520351cbbe5,worker_4,worker_4,GPU_COMPUTE,0.050000,0.050000,GPU Compute
315444.359199,9005,23c32e69-89c8-4a98-9507-a520351cbbe5,worker_4,coordinator_0,NET_TRANSFER,0.000100,0.158000,Signal Finished
316628.017287,9005,23c32e69-89c8-4a98-9507-a520351cbbe5,coordinator_0,worker_1,NET_TRANSFER,14.793851,1183.658088,Distribute Layer ID: dd6ef508
316628.132864,9005,23c32e69-89c8-4a98-9507-a520351cbbe5,worker_1,worker_1,DISK_LOAD,14.793851,0.115577,"Disk -> RAM [Model: 23c32e69, Layer: dd6ef508]"
316628.248441,9005,23c32e69-89c8-4a98-9507-a520351cbbe5,worker_1,worker_1,MEM_MOVE,14.793851,0.115577,"RAM -> VRAM [Model: 23c32e69, Layer: dd6ef508]"
316628.298441,9005,23c32e69-89c8-4a98-9507-a520351cbbe5,worker_1,worker_1,GPU_COMPUTE,0.050000,0.050000,GPU Compute
316628.456441,9005,23c32e69-89c8-4a98-9507-a520351cbbe5,worker_1,coordinator_0,NET_TRANSFER,0.000100,0.158000,Signal Finished
317766.829341,9005,23c32e69-89c8-4a98-9507-a520351cbbe5,coordinator_0,worker_2,NET_TRANSFER,14.227786,1138.372900,Distribute Layer ID: 410c6adc
317766.940495,9005,23c32e69-89c8-4a98-9507-a520351cbbe5,worker_2,worker_2,DISK_LOAD,14.227786,0.111155,"Disk -> RAM [Model: 23c32e69, Layer: 410c6adc]"
317767.051650,9005,23c32e69-89c8-4a98-9507-a520351cbbe5,worker_2,worker_2,MEM_MOVE,14.227786,0.111155,"RAM -> VRAM [Model: 23c32e69, Layer: 410c6adc]"
317767.101650,9005,23c32e69-89c8-4a98-9507-a520351cbbe5,worker_2,worker_2,GPU_COMPUTE,0.050000,0.050000,GPU Compute
317767.259650,9005,23c32e69-89c8-4a98-9507-a520351cbbe5,worker_2,coordinator_0,NET_TRANSFER,0.000100,0.158000,Signal Finished
318672.877885,9005,23c32e69-89c8-4a98-9507-a520351cbbe5,coordinator_0,worker_3,NET_TRANSFER,11.318353,905.618236,Distribute Layer ID: c7132218
318672.966310,9005,23c32e69-89c8-4a98-9507-a520351cbbe5,worker_3,worker_3,DISK_LOAD,11.318353,0.088425,"Disk -> RAM [Model: 23c32e69, Layer: c7132218]"
318673.054735,9005,23c32e69-89c8-4a98-9507-a520351cbbe5,worker_3,worker_3,MEM_MOVE,11.318353,0.088425,"RAM -> VRAM [Model: 23c32e69, Layer: c7132218]"
318673.104735,9005,23c32e69-89c8-4a98-9507-a520351cbbe5,worker_3,worker_3,GPU_COMPUTE,0.050000,0.050000,GPU Compute
318673.262735,9005,23c32e69-89c8-4a98-9507-a520351cbbe5,worker_3,coordinator_0,NET_TRANSFER,0.000100,0.158000,Signal Finished
319568.966997,9005,23c32e69-89c8-4a98-9507-a520351cbbe5,coordinator_0,worker_4,NET_TRANSFER,11.194428,895.704262,Distribute Layer ID: 8518e12f
319569.054454,9005,23c32e69-89c8-4a98-9507-a520351cbbe5,worker_4,worker_4,DISK_LOAD,11.194428,0.087456,"Disk -> RAM [Model: 23c32e69, Layer: 8518e12f]"
319569.141910,9005,23c32e69-89c8-4a98-9507-a520351cbbe5,worker_4,worker_4,MEM_MOVE,11.194428,0.087456,"RAM -> VRAM [Model: 23c32e69, Layer: 8518e12f]"
319569.191910,9005,23c32e69-89c8-4a98-9507-a520351cbbe5,worker_4,worker_4,GPU_COMPUTE,0.050000,0.050000,GPU Compute
319569.349910,9005,23c32e69-89c8-4a98-9507-a520351cbbe5,worker_4,coordinator_0,NET_TRANSFER,0.000100,0.158000,Signal Finished
320628.308490,9005,23c32e69-89c8-4a98-9507-a520351cbbe5,coordinator_0,worker_1,NET_TRANSFER,13.235107,1058.958580,Distribute Layer ID: fcf3a48a
320628.411889,9005,23c32e69-89c8-4a98-9507-a520351cbbe5,worker_1,worker_1,DISK_LOAD,13.235107,0.103399,"Disk -> RAM [Model: 23c32e69, Layer: fcf3a48a]"
320628.515288,9005,23c32e69-89c8-4a98-9507-a520351cbbe5,worker_1,worker_1,MEM_MOVE,13.235107,0.103399,"RAM -> VRAM [Model: 23c32e69, Layer: fcf3a48a]"
320628.565288,9005,23c32e69-89c8-4a98-9507-a520351cbbe5,worker_1,worker_1,GPU_COMPUTE,0.050000,0.050000,GPU Compute
320628.723288,9005,23c32e69-89c8-4a98-9507-a520351cbbe5,worker_1,coordinator_0,NET_TRANSFER,0.000100,0.158000,Signal Finished
321219.197944,9005,23c32e69-89c8-4a98-9507-a520351cbbe5,coordinator_0,worker_2,NET_TRANSFER,7.379058,590.474656,Distribute Layer ID: 5d4a3406
321219.255593,9005,23c32e69-89c8-4a98-9507-a520351cbbe5,worker_2,worker_2,DISK_LOAD,7.379058,0.057649,"Disk -> RAM [Model: 23c32e69, Layer: 5d4a3406]"
321219.313242,9005,23c32e69-89c8-4a98-9507-a520351cbbe5,worker_2,worker_2,MEM_MOVE,7.379058,0.057649,"RAM -> VRAM [Model: 23c32e69, Layer: 5d4a3406]"
321219.363242,9005,23c32e69-89c8-4a98-9507-a520351cbbe5,worker_2,worker_2,GPU_COMPUTE,0.050000,0.050000,GPU Compute
321219.521242,9005,23c32e69-89c8-4a98-9507-a520351cbbe5,worker_2,coordinator_0,NET_TRANSFER,0.000100,0.158000,Signal Finished
322098.273744,9005,23c32e69-89c8-4a98-9507-a520351cbbe5,coordinator_0,worker_3,NET_TRANSFER,10.982531,878.752502,Distribute Layer ID: 63989677
322098.359545,9005,23c32e69-89c8-4a98-9507-a520351cbbe5,worker_3,worker_3,DISK_LOAD,10.982531,0.085801,"Disk -> RAM [Model: 23c32e69, Layer: 63989677]"
322098.445346,9005,23c32e69-89c8-4a98-9507-a520351cbbe5,worker_3,worker_3,MEM_MOVE,10.982531,0.085801,"RAM -> VRAM [Model: 23c32e69, Layer: 63989677]"
322098.495346,9005,23c32e69-89c8-4a98-9507-a520351cbbe5,worker_3,worker_3,GPU_COMPUTE,0.050000,0.050000,GPU Compute
322098.653346,9005,23c32e69-89c8-4a98-9507-a520351cbbe5,worker_3,coordinator_0,NET_TRANSFER,0.000100,0.158000,Signal Finished
323065.115907,9005,23c32e69-89c8-4a98-9507-a520351cbbe5,coordinator_0,worker_4,NET_TRANSFER,12.078907,966.462561,Distribute Layer ID: bcb51986
323065.210273,9005,23c32e69-89c8-4a98-9507-a520351cbbe5,worker_4,worker_4,DISK_LOAD,12.078907,0.094366,"Disk -> RAM [Model: 23c32e69, Layer: bcb51986]"
323065.304640,9005,23c32e69-89c8-4a98-9507-a520351cbbe5,worker_4,worker_4,MEM_MOVE,12.078907,0.094366,"RAM -> VRAM [Model: 23c32e69, Layer: bcb51986]"
323065.354640,9005,23c32e69-89c8-4a98-9507-a520351cbbe5,worker_4,worker_4,GPU_COMPUTE,0.050000,0.050000,GPU Compute
323065.512640,9005,23c32e69-89c8-4a98-9507-a520351cbbe5,worker_4,coordinator_0,NET_TRANSFER,0.000100,0.158000,Signal Finished
323802.507713,9005,23c32e69-89c8-4a98-9507-a520351cbbe5,coordinator_0,worker_1,NET_TRANSFER,9.210563,736.995073,Distribute Layer ID: 721b17f3
323802.579670,9005,23c32e69-89c8-4a98-9507-a520351cbbe5,worker_1,worker_1,DISK_LOAD,9.210563,0.071958,"Disk -> RAM [Model: 23c32e69, Layer: 721b17f3]"
323802.651628,9005,23c32e69-89c8-4a98-9507-a520351cbbe5,worker_1,worker_1,MEM_MOVE,9.210563,0.071958,"RAM -> VRAM [Model: 23c32e69, Layer: 721b17f3]"
323802.701628,9005,23c32e69-89c8-4a98-9507-a520351cbbe5,worker_1,worker_1,GPU_COMPUTE,0.050000,0.050000,GPU Compute
323802.859628,9005,23c32e69-89c8-4a98-9507-a520351cbbe5,worker_1,coordinator_0,NET_TRANSFER,0.000100,0.158000,Signal Finished
324506.626247,9005,23c32e69-89c8-4a98-9507-a520351cbbe5,coordinator_0,worker_2,NET_TRANSFER,8.795208,703.766619,Distribute Layer ID: d40315a9
324506.694960,9005,23c32e69-89c8-4a98-9507-a520351cbbe5,worker_2,worker_2,DISK_LOAD,8.795208,0.068713,"Disk -> RAM [Model: 23c32e69, Layer: d40315a9]"
324506.763672,9005,23c32e69-89c8-4a98-9507-a520351cbbe5,worker_2,worker_2,MEM_MOVE,8.795208,0.068713,"RAM -> VRAM [Model: 23c32e69, Layer: d40315a9]"
324506.813672,9005,23c32e69-89c8-4a98-9507-a520351cbbe5,worker_2,worker_2,GPU_COMPUTE,0.050000,0.050000,GPU Compute
324506.971672,9005,23c32e69-89c8-4a98-9507-a520351cbbe5,worker_2,coordinator_0,NET_TRANSFER,0.000100,0.158000,Signal Finished
324507.129672,3000,e20db8d2-b0ae-4054-bb3b-51a67633e6dd,coordinator_0,client_3,NET_TRANSFER,0.000100,0.158000,Signal: Cache Miss / Request Weights
349103.925174,3000,e20db8d2-b0ae-4054-bb3b-51a67633e6dd,client_3,coordinator_0,NET_TRANSFER,307.458069,24596.795502,Upload Model Weights
349861.345152,3000,e20db8d2-b0ae-4054-bb3b-51a67633e6dd,coordinator_0,worker_3,NET_TRANSFER,9.465875,757.419978,Distribute Layer ID: 684d298c
349861.419104,3000,e20db8d2-b0ae-4054-bb3b-51a67633e6dd,worker_3,worker_3,DISK_LOAD,9.465875,0.073952,"Disk -> RAM [Model: e20db8d2, Layer: 684d298c]"
349861.493057,3000,e20db8d2-b0ae-4054-bb3b-51a67633e6dd,worker_3,worker_3,MEM_MOVE,9.465875,0.073952,"RAM -> VRAM [Model: e20db8d2, Layer: 684d298c]"
349861.543057,3000,e20db8d2-b0ae-4054-bb3b-51a67633e6dd,worker_3,worker_3,GPU_COMPUTE,0.050000,0.050000,GPU Compute
349861.701057,3000,e20db8d2-b0ae-4054-bb3b-51a67633e6dd,worker_3,coordinator_0,NET_TRANSFER,0.000100,0.158000,Signal Finished
350407.741996,3000,e20db8d2-b0ae-4054-bb3b-51a67633e6dd,coordinator_0,worker_4,NET_TRANSFER,6.823637,546.040940,Distribute Layer ID: 6c8a40d4
350407.795306,3000,e20db8d2-b0ae-4054-bb3b-51a67633e6dd,worker_4,worker_4,DISK_LOAD,6.823637,0.053310,"Disk -> RAM [Model: e20db8d2, Layer: 6c8a40d4]"
350407.848616,3000,e20db8d2-b0ae-4054-bb3b-51a67633e6dd,worker_4,worker_4,MEM_MOVE,6.823637,0.053310,"RAM -> VRAM [Model: e20db8d2, Layer: 6c8a40d4]"
350407.898616,3000,e20db8d2-b0ae-4054-bb3b-51a67633e6dd,worker_4,worker_4,GPU_COMPUTE,0.050000,0.050000,GPU Compute
350408.056616,3000,e20db8d2-b0ae-4054-bb3b-51a67633e6dd,worker_4,coordinator_0,NET_TRANSFER,0.000100,0.158000,Signal Finished
351252.505402,3000,e20db8d2-b0ae-4054-bb3b-51a67633e6dd,coordinator_0,worker_1,NET_TRANSFER,10.553735,844.448786,Distribute Layer ID: e2c3f46c
351252.587853,3000,e20db8d2-b0ae-4054-bb3b-51a67633e6dd,worker_1,worker_1,DISK_LOAD,10.553735,0.082451,"Disk -> RAM [Model: e20db8d2, Layer: e2c3f46c]"
351252.670304,3000,e20db8d2-b0ae-4054-bb3b-51a67633e6dd,worker_1,worker_1,MEM_MOVE,10.553735,0.082451,"RAM -> VRAM [Model: e20db8d2, Layer: e2c3f46c]"
351252.720304,3000,e20db8d2-b0ae-4054-bb3b-51a67633e6dd,worker_1,worker_1,GPU_COMPUTE,0.050000,0.050000,GPU Compute
351252.878304,3000,e20db8d2-b0ae-4054-bb3b-51a67633e6dd,worker_1,coordinator_0,NET_TRANSFER,0.000100,0.158000,Signal Finished
351693.535276,3000,e20db8d2-b0ae-4054-bb3b-51a67633e6dd,coordinator_0,worker_2,NET_TRANSFER,5.506337,440.656973,Distribute Layer ID: 89cc38d5
351693.578294,3000,e20db8d2-b0ae-4054-bb3b-51a67633e6dd,worker_2,worker_2,DISK_LOAD,5.506337,0.043018,"Disk -> RAM [Model: e20db8d2, Layer: 89cc38d5]"
351693.621313,3000,e20db8d2-b0ae-4054-bb3b-51a67633e6dd,worker_2,worker_2,MEM_MOVE,5.506337,0.043018,"RAM -> VRAM [Model: e20db8d2, Layer: 89cc38d5]"
351693.671313,3000,e20db8d2-b0ae-4054-bb3b-51a67633e6dd,worker_2,worker_2,GPU_COMPUTE,0.050000,0.050000,GPU Compute
351693.829313,3000,e20db8d2-b0ae-4054-bb3b-51a67633e6dd,worker_2,coordinator_0,NET_TRANSFER,0.000100,0.158000,Signal Finished
352717.385674,3000,e20db8d2-b0ae-4054-bb3b-51a67633e6dd,coordinator_0,worker_3,NET_TRANSFER,12.792580,1023.556361,Distribute Layer ID: be41eaf1
352717.485616,3000,e20db8d2-b0ae-4054-bb3b-51a67633e6dd,worker_3,worker_3,DISK_LOAD,12.792580,0.099942,"Disk -> RAM [Model: e20db8d2, Layer: be41eaf1]"
352717.585558,3000,e20db8d2-b0ae-4054-bb3b-51a67633e6dd,worker_3,worker_3,MEM_MOVE,12.792580,0.099942,"RAM -> VRAM [Model: e20db8d2, Layer: be41eaf1]"
352717.635558,3000,e20db8d2-b0ae-4054-bb3b-51a67633e6dd,worker_3,worker_3,GPU_COMPUTE,0.050000,0.050000,GPU Compute
352717.793558,3000,e20db8d2-b0ae-4054-bb3b-51a67633e6dd,worker_3,coordinator_0,NET_TRANSFER,0.000100,0.158000,Signal Finished
353470.201923,3000,e20db8d2-b0ae-4054-bb3b-51a67633e6dd,coordinator_0,worker_4,NET_TRANSFER,9.403230,752.408365,Distribute Layer ID: 526ec4a4
353470.275386,3000,e20db8d2-b0ae-4054-bb3b-51a67633e6dd,worker_4,worker_4,DISK_LOAD,9.403230,0.073463,"Disk -> RAM [Model: e20db8d2, Layer: 526ec4a4]"
353470.348848,3000,e20db8d2-b0ae-4054-bb3b-51a67633e6dd,worker_4,worker_4,MEM_MOVE,9.403230,0.073463,"RAM -> VRAM [Model: e20db8d2, Layer: 526ec4a4]"
353470.398848,3000,e20db8d2-b0ae-4054-bb3b-51a67633e6dd,worker_4,worker_4,GPU_COMPUTE,0.050000,0.050000,GPU Compute
353470.556848,3000,e20db8d2-b0ae-4054-bb3b-51a67633e6dd,worker_4,coordinator_0,NET_TRANSFER,0.000100,0.158000,Signal Finished
354104.079381,3000,e20db8d2-b0ae-4054-bb3b-51a67633e6dd,coordinator_0,worker_1,NET_TRANSFER,7.917157,633.522532,Distribute Layer ID: fd74357b
354104.141234,3000,e20db8d2-b0ae-4054-bb3b-51a67633e6dd,worker_1,worker_1,DISK_LOAD,7.917157,0.061853,"Disk -> RAM [Model: e20db8d2, Layer: fd74357b]"
354104.203086,3000,e20db8d2-b0ae-4054-bb3b-51a67633e6dd,worker_1,worker_1,MEM_MOVE,7.917157,0.061853,"RAM -> VRAM [Model: e20db8d2, Layer: fd74357b]"
354104.253086,3000,e20db8d2-b0ae-4054-bb3b-51a67633e6dd,worker_1,worker_1,GPU_COMPUTE,0.050000,0.050000,GPU Compute
354104.411086,3000,e20db8d2-b0ae-4054-bb3b-51a67633e6dd,worker_1,coordinator_0,NET_TRANSFER,0.000100,0.158000,Signal Finished
354740.538726,3000,e20db8d2-b0ae-4054-bb3b-51a67633e6dd,coordinator_0,worker_2,NET_TRANSFER,7.949720,636.127640,Distribute Layer ID: cd940189
354740.600833,3000,e20db8d2-b0ae-4054-bb3b-51a67633e6dd,worker_2,worker_2,DISK_LOAD,7.949720,0.062107,"Disk -> RAM [Model: e20db8d2, Layer: cd940189]"
354740.662941,3000,e20db8d2-b0ae-4054-bb3b-51a67633e6dd,worker_2,worker_2,MEM_MOVE,7.949720,0.062107,"RAM -> VRAM [Model: e20db8d2, Layer: cd940189]"
354740.712941,3000,e20db8d2-b0ae-4054-bb3b-51a67633e6dd,worker_2,worker_2,GPU_COMPUTE,0.050000,0.050000,GPU Compute
354740.870941,3000,e20db8d2-b0ae-4054-bb3b-51a67633e6dd,worker_2,coordinator_0,NET_TRANSFER,0.000100,0.158000,Signal Finished
355705.967507,3000,e20db8d2-b0ae-4054-bb3b-51a67633e6dd,coordinator_0,worker_3,NET_TRANSFER,12.061832,965.096566,Distribute Layer ID: 8ad844ca
355706.061740,3000,e20db8d2-b0ae-4054-bb3b-51a67633e6dd,worker_3,worker_3,DISK_LOAD,12.061832,0.094233,"Disk -> RAM [Model: e20db8d2, Layer: 8ad844ca]"
355706.155973,3000,e20db8d2-b0ae-4054-bb3b-51a67633e6dd,worker_3,worker_3,MEM_MOVE,12.061832,0.094233,"RAM -> VRAM [Model: e20db8d2, Layer: 8ad844ca]"
355706.205973,3000,e20db8d2-b0ae-4054-bb3b-51a67633e6dd,worker_3,worker_3,GPU_COMPUTE,0.050000,0.050000,GPU Compute
355706.363973,3000,e20db8d2-b0ae-4054-bb3b-51a67633e6dd,worker_3,coordinator_0,NET_TRANSFER,0.000100,0.158000,Signal Finished
356805.777256,3000,e20db8d2-b0ae-4054-bb3b-51a67633e6dd,coordinator_0,worker_4,NET_TRANSFER,13.740791,1099.413283,Distribute Layer ID: d074094f
356805.884606,3000,e20db8d2-b0ae-4054-bb3b-51a67633e6dd,worker_4,worker_4,DISK_LOAD,13.740791,0.107350,"Disk -> RAM [Model: e20db8d2, Layer: d074094f]"
356805.991956,3000,e20db8d2-b0ae-4054-bb3b-51a67633e6dd,worker_4,worker_4,MEM_MOVE,13.740791,0.107350,"RAM -> VRAM [Model: e20db8d2, Layer: d074094f]"
356806.041956,3000,e20db8d2-b0ae-4054-bb3b-51a67633e6dd,worker_4,worker_4,GPU_COMPUTE,0.050000,0.050000,GPU Compute
356806.199956,3000,e20db8d2-b0ae-4054-bb3b-51a67633e6dd,worker_4,coordinator_0,NET_TRANSFER,0.000100,0.158000,Signal Finished
357320.398332,3000,e20db8d2-b0ae-4054-bb3b-51a67633e6dd,coordinator_0,worker_1,NET_TRANSFER,6.425605,514.198377,Distribute Layer ID: eb9cc3a9
357320.448533,3000,e20db8d2-b0ae-4054-bb3b-51a67633e6dd,worker_1,worker_1,DISK_LOAD,6.425605,0.050200,"Disk -> RAM [Model: e20db8d2, Layer: eb9cc3a9]"
357320.498733,3000,e20db8d2-b0ae-4054-bb3b-51a67633e6dd,worker_1,worker_1,MEM_MOVE,6.425605,0.050200,"RAM -> VRAM [Model: e20db8d2, Layer: eb9cc3a9]"
357320.548733,3000,e20db8d2-b0ae-4054-bb3b-51a67633e6dd,worker_1,worker_1,GPU_COMPUTE,0.050000,0.050000,GPU Compute
357320.706733,3000,e20db8d2-b0ae-4054-bb3b-51a67633e6dd,worker_1,coordinator_0,NET_TRANSFER,0.000100,0.158000,Signal Finished
358043.959144,3000,e20db8d2-b0ae-4054-bb3b-51a67633e6dd,coordinator_0,worker_2,NET_TRANSFER,9.038780,723.252411,Distribute Layer ID: 211745cb
358044.029759,3000,e20db8d2-b0ae-4054-bb3b-51a67633e6dd,worker_2,worker_2,DISK_LOAD,9.038780,0.070615,"Disk -> RAM [Model: e20db8d2, Layer: 211745cb]"
358044.100375,3000,e20db8d2-b0ae-4054-bb3b-51a67633e6dd,worker_2,worker_2,MEM_MOVE,9.038780,0.070615,"RAM -> VRAM [Model: e20db8d2, Layer: 211745cb]"
358044.150375,3000,e20db8d2-b0ae-4054-bb3b-51a67633e6dd,worker_2,worker_2,GPU_COMPUTE,0.050000,0.050000,GPU Compute
358044.308375,3000,e20db8d2-b0ae-4054-bb3b-51a67633e6dd,worker_2,coordinator_0,NET_TRANSFER,0.000100,0.158000,Signal Finished
359077.466648,3000,e20db8d2-b0ae-4054-bb3b-51a67633e6dd,coordinator_0,worker_3,NET_TRANSFER,12.912603,1033.158273,Distribute Layer ID: 8c5fdde8
359077.567527,3000,e20db8d2-b0ae-4054-bb3b-51a67633e6dd,worker_3,worker_3,DISK_LOAD,12.912603,0.100880,"Disk -> RAM [Model: e20db8d2, Layer: 8c5fdde8]"
359077.668407,3000,e20db8d2-b0ae-4054-bb3b-51a67633e6dd,worker_3,worker_3,MEM_MOVE,12.912603,0.100880,"RAM -> VRAM [Model: e20db8d2, Layer: 8c5fdde8]"
359077.718407,3000,e20db8d2-b0ae-4054-bb3b-51a67633e6dd,worker_3,worker_3,GPU_COMPUTE,0.050000,0.050000,GPU Compute
359077.876407,3000,e20db8d2-b0ae-4054-bb3b-51a67633e6dd,worker_3,coordinator_0,NET_TRANSFER,0.000100,0.158000,Signal Finished
359960.813311,3000,e20db8d2-b0ae-4054-bb3b-51a67633e6dd,coordinator_0,worker_4,NET_TRANSFER,11.034836,882.936904,Distribute Layer ID: ea59a609
359960.899521,3000,e20db8d2-b0ae-4054-bb3b-51a67633e6dd,worker_4,worker_4,DISK_LOAD,11.034836,0.086210,"Disk -> RAM [Model: e20db8d2, Layer: ea59a609]"
359960.985730,3000,e20db8d2-b0ae-4054-bb3b-51a67633e6dd,worker_4,worker_4,MEM_MOVE,11.034836,0.086210,"RAM -> VRAM [Model: e20db8d2, Layer: ea59a609]"
359961.035730,3000,e20db8d2-b0ae-4054-bb3b-51a67633e6dd,worker_4,worker_4,GPU_COMPUTE,0.050000,0.050000,GPU Compute
359961.193730,3000,e20db8d2-b0ae-4054-bb3b-51a67633e6dd,worker_4,coordinator_0,NET_TRANSFER,0.000100,0.158000,Signal Finished
360672.559660,3000,e20db8d2-b0ae-4054-bb3b-51a67633e6dd,coordinator_0,worker_1,NET_TRANSFER,8.890199,711.365930,Distribute Layer ID: 76e9778e
360672.629115,3000,e20db8d2-b0ae-4054-bb3b-51a67633e6dd,worker_1,worker_1,DISK_LOAD,8.890199,0.069455,"Disk -> RAM [Model: e20db8d2, Layer: 76e9778e]"
360672.698570,3000,e20db8d2-b0ae-4054-bb3b-51a67633e6dd,worker_1,worker_1,MEM_MOVE,8.890199,0.069455,"RAM -> VRAM [Model: e20db8d2, Layer: 76e9778e]"
360672.748570,3000,e20db8d2-b0ae-4054-bb3b-51a67633e6dd,worker_1,worker_1,GPU_COMPUTE,0.050000,0.050000,GPU Compute
360672.906570,3000,e20db8d2-b0ae-4054-bb3b-51a67633e6dd,worker_1,coordinator_0,NET_TRANSFER,0.000100,0.158000,Signal Finished
361759.323533,3000,e20db8d2-b0ae-4054-bb3b-51a67633e6dd,coordinator_0,worker_2,NET_TRANSFER,13.578337,1086.416963,Distribute Layer ID: d89a4bfe
361759.429614,3000,e20db8d2-b0ae-4054-bb3b-51a67633e6dd,worker_2,worker_2,DISK_LOAD,13.578337,0.106081,"Disk -> RAM [Model: e20db8d2, Layer: d89a4bfe]"
361759.535694,3000,e20db8d2-b0ae-4054-bb3b-51a67633e6dd,worker_2,worker_2,MEM_MOVE,13.578337,0.106081,"RAM -> VRAM [Model: e20db8d2, Layer: d89a4bfe]"
361759.585694,3000,e20db8d2-b0ae-4054-bb3b-51a67633e6dd,worker_2,worker_2,GPU_COMPUTE,0.050000,0.050000,GPU Compute
361759.743694,3000,e20db8d2-b0ae-4054-bb3b-51a67633e6dd,worker_2,coordinator_0,NET_TRANSFER,0.000100,0.158000,Signal Finished
362214.217408,3000,e20db8d2-b0ae-4054-bb3b-51a67633e6dd,coordinator_0,worker_3,NET_TRANSFER,5.679046,454.473713,Distribute Layer ID: 5ef8dfd6
362214.261775,3000,e20db8d2-b0ae-4054-bb3b-51a67633e6dd,worker_3,worker_3,DISK_LOAD,5.679046,0.044368,"Disk -> RAM [Model: e20db8d2, Layer: 5ef8dfd6]"
362214.306143,3000,e20db8d2-b0ae-4054-bb3b-51a67633e6dd,worker_3,worker_3,MEM_MOVE,5.679046,0.044368,"RAM -> VRAM [Model: e20db8d2, Layer: 5ef8dfd6]"
362214.356143,3000,e20db8d2-b0ae-4054-bb3b-51a67633e6dd,worker_3,worker_3,GPU_COMPUTE,0.050000,0.050000,GPU Compute
362214.514143,3000,e20db8d2-b0ae-4054-bb3b-51a67633e6dd,worker_3,coordinator_0,NET_TRANSFER,0.000100,0.158000,Signal Finished
362958.827259,3000,e20db8d2-b0ae-4054-bb3b-51a67633e6dd,coordinator_0,worker_4,NET_TRANSFER,9.302039,744.313117,Distribute Layer ID: dfa01e24
362958.899932,3000,e20db8d2-b0ae-4054-bb3b-51a67633e6dd,worker_4,worker_4,DISK_LOAD,9.302039,0.072672,"Disk -> RAM [Model: e20db8d2, Layer: dfa01e24]"
362958.972604,3000,e20db8d2-b0ae-4054-bb3b-51a67633e6dd,worker_4,worker_4,MEM_MOVE,9.302039,0.072672,"RAM -> VRAM [Model: e20db8d2, Layer: dfa01e24]"
362959.022604,3000,e20db8d2-b0ae-4054-bb3b-51a67633e6dd,worker_4,worker_4,GPU_COMPUTE,0.050000,0.050000,GPU Compute
362959.180604,3000,e20db8d2-b0ae-4054-bb3b-51a67633e6dd,worker_4,coordinator_0,NET_TRANSFER,0.000100,0.158000,Signal Finished
363857.038879,3000,e20db8d2-b0ae-4054-bb3b-51a67633e6dd,coordinator_0,worker_1,NET_TRANSFER,11.221353,897.858275,Distribute Layer ID: 0fb983c1
363857.126545,3000,e20db8d2-b0ae-4054-bb3b-51a67633e6dd,worker_1,worker_1,DISK_LOAD,11.221353,0.087667,"Disk -> RAM [Model: e20db8d2, Layer: 0fb983c1]"
363857.214212,3000,e20db8d2-b0ae-4054-bb3b-51a67633e6dd,worker_1,worker_1,MEM_MOVE,11.221353,0.087667,"RAM -> VRAM [Model: e20db8d2, Layer: 0fb983c1]"
363857.264212,3000,e20db8d2-b0ae-4054-bb3b-51a67633e6dd,worker_1,worker_1,GPU_COMPUTE,0.050000,0.050000,GPU Compute
363857.422212,3000,e20db8d2-b0ae-4054-bb3b-51a67633e6dd,worker_1,coordinator_0,NET_TRANSFER,0.000100,0.158000,Signal Finished
364643.768628,3000,e20db8d2-b0ae-4054-bb3b-51a67633e6dd,coordinator_0,worker_2,NET_TRANSFER,9.827455,786.346416,Distribute Layer ID: 5bd19fe4
364643.845405,3000,e20db8d2-b0ae-4054-bb3b-51a67633e6dd,worker_2,worker_2,DISK_LOAD,9.827455,0.076777,"Disk -> RAM [Model: e20db8d2, Layer: 5bd19fe4]"
364643.922182,3000,e20db8d2-b0ae-4054-bb3b-51a67633e6dd,worker_2,worker_2,MEM_MOVE,9.827455,0.076777,"RAM -> VRAM [Model: e20db8d2, Layer: 5bd19fe4]"
364643.972182,3000,e20db8d2-b0ae-4054-bb3b-51a67633e6dd,worker_2,worker_2,GPU_COMPUTE,0.050000,0.050000,GPU Compute
364644.130182,3000,e20db8d2-b0ae-4054-bb3b-51a67633e6dd,worker_2,coordinator_0,NET_TRANSFER,0.000100,0.158000,Signal Finished
365550.671536,3000,e20db8d2-b0ae-4054-bb3b-51a67633e6dd,coordinator_0,worker_3,NET_TRANSFER,11.329892,906.541354,Distribute Layer ID: 5b715fb4
365550.760051,3000,e20db8d2-b0ae-4054-bb3b-51a67633e6dd,worker_3,worker_3,DISK_LOAD,11.329892,0.088515,"Disk -> RAM [Model: e20db8d2, Layer: 5b715fb4]"
365550.848566,3000,e20db8d2-b0ae-4054-bb3b-51a67633e6dd,worker_3,worker_3,MEM_MOVE,11.329892,0.088515,"RAM -> VRAM [Model: e20db8d2, Layer: 5b715fb4]"
365550.898566,3000,e20db8d2-b0ae-4054-bb3b-51a67633e6dd,worker_3,worker_3,GPU_COMPUTE,0.050000,0.050000,GPU Compute
365551.056566,3000,e20db8d2-b0ae-4054-bb3b-51a67633e6dd,worker_3,coordinator_0,NET_TRANSFER,0.000100,0.158000,Signal Finished
365974.846333,3000,e20db8d2-b0ae-4054-bb3b-51a67633e6dd,coordinator_0,worker_4,NET_TRANSFER,5.295497,423.789767,Distribute Layer ID: 8ab67e23
365974.887704,3000,e20db8d2-b0ae-4054-bb3b-51a67633e6dd,worker_4,worker_4,DISK_LOAD,5.295497,0.041371,"Disk -> RAM [Model: e20db8d2, Layer: 8ab67e23]"
365974.929075,3000,e20db8d2-b0ae-4054-bb3b-51a67633e6dd,worker_4,worker_4,MEM_MOVE,5.295497,0.041371,"RAM -> VRAM [Model: e20db8d2, Layer: 8ab67e23]"
365974.979075,3000,e20db8d2-b0ae-4054-bb3b-51a67633e6dd,worker_4,worker_4,GPU_COMPUTE,0.050000,0.050000,GPU Compute
365975.137075,3000,e20db8d2-b0ae-4054-bb3b-51a67633e6dd,worker_4,coordinator_0,NET_TRANSFER,0.000100,0.158000,Signal Finished
366614.945222,3000,e20db8d2-b0ae-4054-bb3b-51a67633e6dd,coordinator_0,worker_1,NET_TRANSFER,7.995727,639.808148,Distribute Layer ID: a7262ac5
366615.007689,3000,e20db8d2-b0ae-4054-bb3b-51a67633e6dd,worker_1,worker_1,DISK_LOAD,7.995727,0.062467,"Disk -> RAM [Model: e20db8d2, Layer: a7262ac5]"
366615.070155,3000,e20db8d2-b0ae-4054-bb3b-51a67633e6dd,worker_1,worker_1,MEM_MOVE,7.995727,0.062467,"RAM -> VRAM [Model: e20db8d2, Layer: a7262ac5]"
366615.120155,3000,e20db8d2-b0ae-4054-bb3b-51a67633e6dd,worker_1,worker_1,GPU_COMPUTE,0.050000,0.050000,GPU Compute
366615.278155,3000,e20db8d2-b0ae-4054-bb3b-51a67633e6dd,worker_1,coordinator_0,NET_TRANSFER,0.000100,0.158000,Signal Finished
367187.557352,3000,e20db8d2-b0ae-4054-bb3b-51a67633e6dd,coordinator_0,worker_2,NET_TRANSFER,7.151615,572.279197,Distribute Layer ID: ce86ac2a
367187.613224,3000,e20db8d2-b0ae-4054-bb3b-51a67633e6dd,worker_2,worker_2,DISK_LOAD,7.151615,0.055872,"Disk -> RAM [Model: e20db8d2, Layer: ce86ac2a]"
367187.669096,3000,e20db8d2-b0ae-4054-bb3b-51a67633e6dd,worker_2,worker_2,MEM_MOVE,7.151615,0.055872,"RAM -> VRAM [Model: e20db8d2, Layer: ce86ac2a]"
367187.719096,3000,e20db8d2-b0ae-4054-bb3b-51a67633e6dd,worker_2,worker_2,GPU_COMPUTE,0.050000,0.050000,GPU Compute
367187.877096,3000,e20db8d2-b0ae-4054-bb3b-51a67633e6dd,worker_2,coordinator_0,NET_TRANSFER,0.000100,0.158000,Signal Finished
368241.848157,3000,e20db8d2-b0ae-4054-bb3b-51a67633e6dd,coordinator_0,worker_3,NET_TRANSFER,13.172763,1053.971060,Distribute Layer ID: 3fc87f9f
368241.951069,3000,e20db8d2-b0ae-4054-bb3b-51a67633e6dd,worker_3,worker_3,DISK_LOAD,13.172763,0.102912,"Disk -> RAM [Model: e20db8d2, Layer: 3fc87f9f]"
368242.053981,3000,e20db8d2-b0ae-4054-bb3b-51a67633e6dd,worker_3,worker_3,MEM_MOVE,13.172763,0.102912,"RAM -> VRAM [Model: e20db8d2, Layer: 3fc87f9f]"
368242.103981,3000,e20db8d2-b0ae-4054-bb3b-51a67633e6dd,worker_3,worker_3,GPU_COMPUTE,0.050000,0.050000,GPU Compute
368242.261981,3000,e20db8d2-b0ae-4054-bb3b-51a67633e6dd,worker_3,coordinator_0,NET_TRANSFER,0.000100,0.158000,Signal Finished
368737.858778,3000,e20db8d2-b0ae-4054-bb3b-51a67633e6dd,coordinator_0,worker_4,NET_TRANSFER,6.193085,495.596797,Distribute Layer ID: 4cbb76c1
368737.907162,3000,e20db8d2-b0ae-4054-bb3b-51a67633e6dd,worker_4,worker_4,DISK_LOAD,6.193085,0.048383,"Disk -> RAM [Model: e20db8d2, Layer: 4cbb76c1]"
368737.955545,3000,e20db8d2-b0ae-4054-bb3b-51a67633e6dd,worker_4,worker_4,MEM_MOVE,6.193085,0.048383,"RAM -> VRAM [Model: e20db8d2, Layer: 4cbb76c1]"
368738.005545,3000,e20db8d2-b0ae-4054-bb3b-51a67633e6dd,worker_4,worker_4,GPU_COMPUTE,0.050000,0.050000,GPU Compute
368738.163545,3000,e20db8d2-b0ae-4054-bb3b-51a67633e6dd,worker_4,coordinator_0,NET_TRANSFER,0.000100,0.158000,Signal Finished
369378.788458,3000,e20db8d2-b0ae-4054-bb3b-51a67633e6dd,coordinator_0,worker_1,NET_TRANSFER,8.005936,640.624913,Distribute Layer ID: 1cf9b4ae
369378.946458,3007,8214cc03-04d0-4fbe-8fb3-d9e828fe07c4,client_3,coordinator_0,NET_TRANSFER,0.000100,0.158000,Request Model ID
369379.104458,4007,268b1d86-9c97-400b-bd0f-3d964dcdd718,client_4,coordinator_0,NET_TRANSFER,0.000100,0.158000,Request Model ID
369379.167005,3000,e20db8d2-b0ae-4054-bb3b-51a67633e6dd,worker_1,worker_1,DISK_LOAD,8.005936,0.062546,"Disk -> RAM [Model: e20db8d2, Layer: 1cf9b4ae]"
369379.229551,3000,e20db8d2-b0ae-4054-bb3b-51a67633e6dd,worker_1,worker_1,MEM_MOVE,8.005936,0.062546,"RAM -> VRAM [Model: e20db8d2, Layer: 1cf9b4ae]"
369379.279551,3000,e20db8d2-b0ae-4054-bb3b-51a67633e6dd,worker_1,worker_1,GPU_COMPUTE,0.050000,0.050000,GPU Compute
369379.437551,3000,e20db8d2-b0ae-4054-bb3b-51a67633e6dd,worker_1,coordinator_0,NET_TRANSFER,0.000100,0.158000,Signal Finished
370341.531298,3000,e20db8d2-b0ae-4054-bb3b-51a67633e6dd,coordinator_0,worker_2,NET_TRANSFER,12.024297,962.093747,Distribute Layer ID: 7683dd77
370341.625237,3000,e20db8d2-b0ae-4054-bb3b-51a67633e6dd,worker_2,worker_2,DISK_LOAD,12.024297,0.093940,"Disk -> RAM [Model: e20db8d2, Layer: 7683dd77]"
370341.719177,3000,e20db8d2-b0ae-4054-bb3b-51a67633e6dd,worker_2,worker_2,MEM_MOVE,12.024297,0.093940,"RAM -> VRAM [Model: e20db8d2, Layer: 7683dd77]"
370341.769177,3000,e20db8d2-b0ae-4054-bb3b-51a67633e6dd,worker_2,worker_2,GPU_COMPUTE,0.050000,0.050000,GPU Compute
370341.927177,3000,e20db8d2-b0ae-4054-bb3b-51a67633e6dd,worker_2,coordinator_0,NET_TRANSFER,0.000100,0.158000,Signal Finished
371446.180834,3000,e20db8d2-b0ae-4054-bb3b-51a67633e6dd,coordinator_0,worker_3,NET_TRANSFER,13.801296,1104.253657,Distribute Layer ID: b75f3639
371446.288657,3000,e20db8d2-b0ae-4054-bb3b-51a67633e6dd,worker_3,worker_3,DISK_LOAD,13.801296,0.107823,"Disk -> RAM [Model: e20db8d2, Layer: b75f3639]"
371446.396479,3000,e20db8d2-b0ae-4054-bb3b-51a67633e6dd,worker_3,worker_3,MEM_MOVE,13.801296,0.107823,"RAM -> VRAM [Model: e20db8d2, Layer: b75f3639]"
371446.446479,3000,e20db8d2-b0ae-4054-bb3b-51a67633e6dd,worker_3,worker_3,GPU_COMPUTE,0.050000,0.050000,GPU Compute
371446.604479,3000,e20db8d2-b0ae-4054-bb3b-51a67633e6dd,worker_3,coordinator_0,NET_TRANSFER,0.000100,0.158000,Signal Finished
372390.710222,3000,e20db8d2-b0ae-4054-bb3b-51a67633e6dd,coordinator_0,worker_4,NET_TRANSFER,11.799447,944.105743,Distribute Layer ID: bd597ef1
372390.802405,3000,e20db8d2-b0ae-4054-bb3b-51a67633e6dd,worker_4,worker_4,DISK_LOAD,11.799447,0.092183,"Disk -> RAM [Model: e20db8d2, Layer: bd597ef1]"
372390.894588,3000,e20db8d2-b0ae-4054-bb3b-51a67633e6dd,worker_4,worker_4,MEM_MOVE,11.799447,0.092183,"RAM -> VRAM [Model: e20db8d2, Layer: bd597ef1]"
372390.944588,3000,e20db8d2-b0ae-4054-bb3b-51a67633e6dd,worker_4,worker_4,GPU_COMPUTE,0.050000,0.050000,GPU Compute
372391.102588,3000,e20db8d2-b0ae-4054-bb3b-51a67633e6dd,worker_4,coordinator_0,NET_TRANSFER,0.000100,0.158000,Signal Finished
372948.917352,3000,e20db8d2-b0ae-4054-bb3b-51a67633e6dd,coordinator_0,worker_1,NET_TRANSFER,6.970810,557.814764,Distribute Layer ID: 31ddabff
372948.971812,3000,e20db8d2-b0ae-4054-bb3b-51a67633e6dd,worker_1,worker_1,DISK_LOAD,6.970810,0.054459,"Disk -> RAM [Model: e20db8d2, Layer: 31ddabff]"
372949.026271,3000,e20db8d2-b0ae-4054-bb3b-51a67633e6dd,worker_1,worker_1,MEM_MOVE,6.970810,0.054459,"RAM -> VRAM [Model: e20db8d2, Layer: 31ddabff]"
372949.076271,3000,e20db8d2-b0ae-4054-bb3b-51a67633e6dd,worker_1,worker_1,GPU_COMPUTE,0.050000,0.050000,GPU Compute
372949.234271,3000,e20db8d2-b0ae-4054-bb3b-51a67633e6dd,worker_1,coordinator_0,NET_TRANSFER,0.000100,0.158000,Signal Finished
373716.788824,3000,e20db8d2-b0ae-4054-bb3b-51a67633e6dd,coordinator_0,worker_2,NET_TRANSFER,9.592557,767.554553,Distribute Layer ID: ff7768b6
373716.863766,3000,e20db8d2-b0ae-4054-bb3b-51a67633e6dd,worker_2,worker_2,DISK_LOAD,9.592557,0.074942,"Disk -> RAM [Model: e20db8d2, Layer: ff7768b6]"
373716.938708,3000,e20db8d2-b0ae-4054-bb3b-51a67633e6dd,worker_2,worker_2,MEM_MOVE,9.592557,0.074942,"RAM -> VRAM [Model: e20db8d2, Layer: ff7768b6]"
373716.988708,3000,e20db8d2-b0ae-4054-bb3b-51a67633e6dd,worker_2,worker_2,GPU_COMPUTE,0.050000,0.050000,GPU Compute
373717.146708,3000,e20db8d2-b0ae-4054-bb3b-51a67633e6dd,worker_2,coordinator_0,NET_TRANSFER,0.000100,0.158000,Signal Finished
373717.304708,7004,440ed019-eb73-495b-bf4d-60191542c668,client_7,coordinator_0,NET_TRANSFER,0.000100,0.158000,Request Model ID
373717.462708,7004,0458d477-7a86-4d24-971c-62fe9a3e7a17,client_7,coordinator_0,NET_TRANSFER,0.000100,0.158000,Request Model ID
373717.620708,8008,ae026cd0-a180-4a3d-b4e9-e069996002cf,client_8,coordinator_0,NET_TRANSFER,0.000100,0.158000,Request Model ID
373717.778708,5009,8214cc03-04d0-4fbe-8fb3-d9e828fe07c4,client_5,coordinator_0,NET_TRANSFER,0.000100,0.158000,Request Model ID
373717.936708,5009,12a9aae0-a809-4552-b0e2-bb181ad83153,client_5,coordinator_0,NET_TRANSFER,0.000100,0.158000,Request Model ID
373718.094708,5009,e314a9ac-f913-4183-acc9-77b03f47dc2f,client_5,coordinator_0,NET_TRANSFER,0.000100,0.158000,Request Model ID
373718.252708,6008,b28fb40b-1a7d-4ab2-bdcc-664e20576c66,client_6,coordinator_0,NET_TRANSFER,0.000100,0.158000,Request Model ID
373718.410708,6008,c6b782ab-5d37-4b75-97c7-b76805f61131,client_6,coordinator_0,NET_TRANSFER,0.000100,0.158000,Request Model ID
373718.568708,9011,cd2cf452-d2fc-4e99-8950-ca96ce00112d,client_9,coordinator_0,NET_TRANSFER,0.000100,0.158000,Request Model ID
373718.726708,9009,e314a9ac-f913-4183-acc9-77b03f47dc2f,client_9,coordinator_0,NET_TRANSFER,0.000100,0.158000,Request Model ID
373718.884708,9009,0458d477-7a86-4d24-971c-62fe9a3e7a17,client_9,coordinator_0,NET_TRANSFER,0.000100,0.158000,Request Model ID
373719.042708,9009,e314a9ac-f913-4183-acc9-77b03f47dc2f,client_9,coordinator_0,NET_TRANSFER,0.000100,0.158000,Request Model ID
373719.200708,10013,23c32e69-89c8-4a98-9507-a520351cbbe5,client_10,coordinator_0,NET_TRANSFER,0.000100,0.158000,Request Model ID
373719.358708,10012,4316abed-9444-4ca6-8f0b-424fcaead312,client_10,coordinator_0,NET_TRANSFER,0.000100,0.158000,Request Model ID
373719.516708,7008,59a431e0-7a08-4a82-b8fd-3ef66af37c6f,client_7,coordinator_0,NET_TRANSFER,0.000100,0.158000,Request Model ID
373719.674708,2000,b378f61c-a691-49d8-9683-2c451172ffd9,coordinator_0,worker_4,NET_TRANSFER,0.000100,0.158000,Poll: Check Layer Cache
373719.832708,2000,b378f61c-a691-49d8-9683-2c451172ffd9,worker_4,coordinator_0,NET_TRANSFER,0.000100,0.158000,Poll: Cache Status Reply
373719.990708,2000,b378f61c-a691-49d8-9683-2c451172ffd9,coordinator_0,worker_4,NET_TRANSFER,0.000100,0.158000,Poll: Check Layer Cache
373720.148708,2000,b378f61c-a691-49d8-9683-2c451172ffd9,worker_4,coordinator_0,NET_TRANSFER,0.000100,0.158000,Poll: Cache Status Reply
373720.306708,2000,b378f61c-a691-49d8-9683-2c451172ffd9,coordinator_0,worker_1,NET_TRANSFER,0.000100,0.158000,Poll: Check Layer Cache
373720.464708,2000,b378f61c-a691-49d8-9683-2c451172ffd9,worker_1,coordinator_0,NET_TRANSFER,0.000100,0.158000,Poll: Cache Status Reply
373720.622708,2000,b378f61c-a691-49d8-9683-2c451172ffd9,coordinator_0,worker_1,NET_TRANSFER,0.000100,0.158000,Poll: Check Layer Cache
373720.780708,2000,b378f61c-a691-49d8-9683-2c451172ffd9,worker_1,coordinator_0,NET_TRANSFER,0.000100,0.158000,Poll: Cache Status Reply
373720.938708,2000,b378f61c-a691-49d8-9683-2c451172ffd9,coordinator_0,worker_1,NET_TRANSFER,0.000100,0.158000,Poll: Check Layer Cache
373721.096708,2000,b378f61c-a691-49d8-9683-2c451172ffd9,worker_1,coordinator_0,NET_TRANSFER,0.000100,0.158000,Poll: Cache Status Reply
373721.254708,2000,b378f61c-a691-49d8-9683-2c451172ffd9,coordinator_0,worker_2,NET_TRANSFER,0.000100,0.158000,Poll: Check Layer Cache
373721.412708,2000,b378f61c-a691-49d8-9683-2c451172ffd9,worker_2,coordinator_0,NET_TRANSFER,0.000100,0.158000,Poll: Cache Status Reply
373721.570708,2000,b378f61c-a691-49d8-9683-2c451172ffd9,coordinator_0,worker_2,NET_TRANSFER,0.000100,0.158000,Poll: Check Layer Cache
373721.728708,2000,b378f61c-a691-49d8-9683-2c451172ffd9,worker_2,coordinator_0,NET_TRANSFER,0.000100,0.158000,Poll: Cache Status Reply
373721.886708,2000,b378f61c-a691-49d8-9683-2c451172ffd9,coordinator_0,worker_2,NET_TRANSFER,0.000100,0.158000,Poll: Check Layer Cache
373722.044708,2000,b378f61c-a691-49d8-9683-2c451172ffd9,worker_2,coordinator_0,NET_TRANSFER,0.000100,0.158000,Poll: Cache Status Reply
373722.202708,2000,b378f61c-a691-49d8-9683-2c451172ffd9,coordinator_0,worker_4,NET_TRANSFER,0.000100,0.158000,Poll: Check Layer Cache
373722.360708,2000,b378f61c-a691-49d8-9683-2c451172ffd9,worker_4,coordinator_0,NET_TRANSFER,0.000100,0.158000,Poll: Cache Status Reply
373722.518708,2000,b378f61c-a691-49d8-9683-2c451172ffd9,coordinator_0,worker_1,NET_TRANSFER,0.000100,0.158000,Poll: Check Layer Cache
373722.676708,2000,b378f61c-a691-49d8-9683-2c451172ffd9,worker_1,coordinator_0,NET_TRANSFER,0.000100,0.158000,Poll: Cache Status Reply
373722.834708,2000,b378f61c-a691-49d8-9683-2c451172ffd9,coordinator_0,worker_3,NET_TRANSFER,0.000100,0.158000,Poll: Check Layer Cache
373722.992708,2000,b378f61c-a691-49d8-9683-2c451172ffd9,worker_3,coordinator_0,NET_TRANSFER,0.000100,0.158000,Poll: Cache Status Reply
373723.150708,2000,b378f61c-a691-49d8-9683-2c451172ffd9,coordinator_0,worker_1,NET_TRANSFER,0.000100,0.158000,Poll: Check Layer Cache
373723.308708,2000,b378f61c-a691-49d8-9683-2c451172ffd9,worker_1,coordinator_0,NET_TRANSFER,0.000100,0.158000,Poll: Cache Status Reply
373723.466708,2000,b378f61c-a691-49d8-9683-2c451172ffd9,coordinator_0,worker_2,NET_TRANSFER,0.000100,0.158000,Poll: Check Layer Cache
373723.624708,2000,b378f61c-a691-49d8-9683-2c451172ffd9,worker_2,coordinator_0,NET_TRANSFER,0.000100,0.158000,Poll: Cache Status Reply
373723.782708,2000,b378f61c-a691-49d8-9683-2c451172ffd9,coordinator_0,worker_4,NET_TRANSFER,0.000100,0.158000,Poll: Check Layer Cache
373723.940708,2000,b378f61c-a691-49d8-9683-2c451172ffd9,worker_4,coordinator_0,NET_TRANSFER,0.000100,0.158000,Poll: Cache Status Reply
373724.098708,2000,b378f61c-a691-49d8-9683-2c451172ffd9,coordinator_0,worker_4,NET_TRANSFER,0.000100,0.158000,Poll: Check Layer Cache
373724.256708,2000,b378f61c-a691-49d8-9683-2c451172ffd9,worker_4,coordinator_0,NET_TRANSFER,0.000100,0.158000,Poll: Cache Status Reply
373724.414708,2000,b378f61c-a691-49d8-9683-2c451172ffd9,coordinator_0,worker_3,NET_TRANSFER,0.000100,0.158000,Poll: Check Layer Cache
373724.572708,2000,b378f61c-a691-49d8-9683-2c451172ffd9,worker_3,coordinator_0,NET_TRANSFER,0.000100,0.158000,Poll: Cache Status Reply
373724.730708,2000,b378f61c-a691-49d8-9683-2c451172ffd9,coordinator_0,worker_1,NET_TRANSFER,0.000100,0.158000,Poll: Check Layer Cache
373724.888708,2000,b378f61c-a691-49d8-9683-2c451172ffd9,worker_1,coordinator_0,NET_TRANSFER,0.000100,0.158000,Poll: Cache Status Reply
373725.046708,2000,b378f61c-a691-49d8-9683-2c451172ffd9,coordinator_0,worker_4,NET_TRANSFER,0.000100,0.158000,Poll: Check Layer Cache
373725.204708,2000,b378f61c-a691-49d8-9683-2c451172ffd9,worker_4,coordinator_0,NET_TRANSFER,0.000100,0.158000,Poll: Cache Status Reply
373725.362708,2000,b378f61c-a691-49d8-9683-2c451172ffd9,coordinator_0,worker_4,NET_TRANSFER,0.000100,0.158000,Poll: Check Layer Cache
373725.520708,2000,b378f61c-a691-49d8-9683-2c451172ffd9,worker_4,coordinator_0,NET_TRANSFER,0.000100,0.158000,Poll: Cache Status Reply
373725.678708,2000,b378f61c-a691-49d8-9683-2c451172ffd9,coordinator_0,worker_2,NET_TRANSFER,0.000100,0.158000,Poll: Check Layer Cache
373725.836708,2000,b378f61c-a691-49d8-9683-2c451172ffd9,worker_2,coordinator_0,NET_TRANSFER,0.000100,0.158000,Poll: Cache Status Reply
373725.994708,2000,b378f61c-a691-49d8-9683-2c451172ffd9,coordinator_0,worker_3,NET_TRANSFER,0.000100,0.158000,Poll: Check Layer Cache
373726.152708,2000,b378f61c-a691-49d8-9683-2c451172ffd9,worker_3,coordinator_0,NET_TRANSFER,0.000100,0.158000,Poll: Cache Status Reply
373726.310708,2000,b378f61c-a691-49d8-9683-2c451172ffd9,coordinator_0,worker_4,NET_TRANSFER,0.000100,0.158000,Poll: Check Layer Cache
373726.468708,2000,b378f61c-a691-49d8-9683-2c451172ffd9,worker_4,coordinator_0,NET_TRANSFER,0.000100,0.158000,Poll: Cache Status Reply
373726.626708,2000,b378f61c-a691-49d8-9683-2c451172ffd9,coordinator_0,worker_1,NET_TRANSFER,0.000100,0.158000,Poll: Check Layer Cache
373726.784708,2000,b378f61c-a691-49d8-9683-2c451172ffd9,worker_1,coordinator_0,NET_TRANSFER,0.000100,0.158000,Poll: Cache Status Reply
373726.942708,2000,b378f61c-a691-49d8-9683-2c451172ffd9,coordinator_0,worker_3,NET_TRANSFER,0.000100,0.158000,Poll: Check Layer Cache
373727.100708,2000,b378f61c-a691-49d8-9683-2c451172ffd9,worker_3,coordinator_0,NET_TRANSFER,0.000100,0.158000,Poll: Cache Status Reply
373727.258708,2000,b378f61c-a691-49d8-9683-2c451172ffd9,coordinator_0,worker_3,NET_TRANSFER,0.000100,0.158000,Poll: Check Layer Cache
373727.416708,2000,b378f61c-a691-49d8-9683-2c451172ffd9,worker_3,coordinator_0,NET_TRANSFER,0.000100,0.158000,Poll: Cache Status Reply
373727.574708,2000,b378f61c-a691-49d8-9683-2c451172ffd9,coordinator_0,worker_3,NET_TRANSFER,0.000100,0.158000,Poll: Check Layer Cache
373727.732708,2000,b378f61c-a691-49d8-9683-2c451172ffd9,worker_3,coordinator_0,NET_TRANSFER,0.000100,0.158000,Poll: Cache Status Reply
373727.890708,2000,b378f61c-a691-49d8-9683-2c451172ffd9,coordinator_0,worker_3,NET_TRANSFER,0.000100,0.158000,Poll: Check Layer Cache
373728.048708,2000,b378f61c-a691-49d8-9683-2c451172ffd9,worker_3,coordinator_0,NET_TRANSFER,0.000100,0.158000,Poll: Cache Status Reply
373728.206708,2000,b378f61c-a691-49d8-9683-2c451172ffd9,coordinator_0,worker_2,NET_TRANSFER,0.000100,0.158000,Poll: Check Layer Cache
373728.364708,2000,b378f61c-a691-49d8-9683-2c451172ffd9,worker_2,coordinator_0,NET_TRANSFER,0.000100,0.158000,Poll: Cache Status Reply
373728.522708,2000,b378f61c-a691-49d8-9683-2c451172ffd9,coordinator_0,worker_2,NET_TRANSFER,0.000100,0.158000,Poll: Check Layer Cache
373728.680708,2000,b378f61c-a691-49d8-9683-2c451172ffd9,worker_2,coordinator_0,NET_TRANSFER,0.000100,0.158000,Poll: Cache Status Reply
373728.838708,2000,b378f61c-a691-49d8-9683-2c451172ffd9,coordinator_0,worker_2,NET_TRANSFER,0.000100,0.158000,Poll: Check Layer Cache
373728.996708,2000,b378f61c-a691-49d8-9683-2c451172ffd9,worker_2,coordinator_0,NET_TRANSFER,0.000100,0.158000,Poll: Cache Status Reply
373729.154708,2000,b378f61c-a691-49d8-9683-2c451172ffd9,coordinator_0,worker_2,NET_TRANSFER,0.000100,0.158000,Poll: Check Layer Cache
373729.312708,2000,b378f61c-a691-49d8-9683-2c451172ffd9,worker_2,coordinator_0,NET_TRANSFER,0.000100,0.158000,Poll: Cache Status Reply
373729.470708,2000,b378f61c-a691-49d8-9683-2c451172ffd9,coordinator_0,worker_3,NET_TRANSFER,0.000100,0.158000,Poll: Check Layer Cache
373729.628708,2000,b378f61c-a691-49d8-9683-2c451172ffd9,worker_3,coordinator_0,NET_TRANSFER,0.000100,0.158000,Poll: Cache Status Reply
373729.786708,2000,b378f61c-a691-49d8-9683-2c451172ffd9,coordinator_0,worker_2,NET_TRANSFER,0.000100,0.158000,Poll: Check Layer Cache
373729.944708,2000,b378f61c-a691-49d8-9683-2c451172ffd9,worker_2,coordinator_0,NET_TRANSFER,0.000100,0.158000,Poll: Cache Status Reply
373730.102708,2000,b378f61c-a691-49d8-9683-2c451172ffd9,coordinator_0,worker_3,NET_TRANSFER,0.000100,0.158000,Poll: Check Layer Cache
373730.260708,2000,b378f61c-a691-49d8-9683-2c451172ffd9,worker_3,coordinator_0,NET_TRANSFER,0.000100,0.158000,Poll: Cache Status Reply
373730.418708,2000,b378f61c-a691-49d8-9683-2c451172ffd9,coordinator_0,worker_4,NET_TRANSFER,0.000100,0.158000,Poll: Check Layer Cache
373730.576708,2000,b378f61c-a691-49d8-9683-2c451172ffd9,worker_4,coordinator_0,NET_TRANSFER,0.000100,0.158000,Poll: Cache Status Reply
373730.734708,2000,b378f61c-a691-49d8-9683-2c451172ffd9,coordinator_0,worker_1,NET_TRANSFER,0.000100,0.158000,Poll: Check Layer Cache
373730.892708,2000,b378f61c-a691-49d8-9683-2c451172ffd9,worker_1,coordinator_0,NET_TRANSFER,0.000100,0.158000,Poll: Cache Status Reply
373731.050708,2000,b378f61c-a691-49d8-9683-2c451172ffd9,coordinator_0,worker_3,NET_TRANSFER,0.000100,0.158000,Poll: Check Layer Cache
373731.208708,2000,b378f61c-a691-49d8-9683-2c451172ffd9,worker_3,coordinator_0,NET_TRANSFER,0.000100,0.158000,Poll: Cache Status Reply
373731.366708,2000,b378f61c-a691-49d8-9683-2c451172ffd9,coordinator_0,worker_1,NET_TRANSFER,0.000100,0.158000,Poll: Check Layer Cache
373731.524708,2000,b378f61c-a691-49d8-9683-2c451172ffd9,worker_1,coordinator_0,NET_TRANSFER,0.000100,0.158000,Poll: Cache Status Reply
373731.682708,2000,b378f61c-a691-49d8-9683-2c451172ffd9,coordinator_0,worker_4,NET_TRANSFER,0.000100,0.158000,Poll: Check Layer Cache
373731.840708,2000,b378f61c-a691-49d8-9683-2c451172ffd9,worker_4,coordinator_0,NET_TRANSFER,0.000100,0.158000,Poll: Cache Status Reply
373731.998708,2000,b378f61c-a691-49d8-9683-2c451172ffd9,coordinator_0,worker_2,NET_TRANSFER,0.000100,0.158000,Poll: Check Layer Cache
373732.156708,2000,b378f61c-a691-49d8-9683-2c451172ffd9,worker_2,coordinator_0,NET_TRANSFER,0.000100,0.158000,Poll: Cache Status Reply
373732.314708,2000,b378f61c-a691-49d8-9683-2c451172ffd9,coordinator_0,worker_2,NET_TRANSFER,0.000100,0.158000,Poll: Check Layer Cache
373732.472708,2000,b378f61c-a691-49d8-9683-2c451172ffd9,worker_2,coordinator_0,NET_TRANSFER,0.000100,0.158000,Poll: Cache Status Reply
373732.630708,2000,b378f61c-a691-49d8-9683-2c451172ffd9,coordinator_0,worker_1,NET_TRANSFER,0.000100,0.158000,Poll: Check Layer Cache
373732.788708,2000,b378f61c-a691-49d8-9683-2c451172ffd9,worker_1,coordinator_0,NET_TRANSFER,0.000100,0.158000,Poll: Cache Status Reply
373732.946708,2000,b378f61c-a691-49d8-9683-2c451172ffd9,coordinator_0,worker_4,NET_TRANSFER,0.000100,0.158000,Poll: Check Layer Cache
373733.104708,2000,b378f61c-a691-49d8-9683-2c451172ffd9,worker_4,coordinator_0,NET_TRANSFER,0.000100,0.158000,Poll: Cache Status Reply
373733.262708,2000,b378f61c-a691-49d8-9683-2c451172ffd9,coordinator_0,worker_3,NET_TRANSFER,0.000100,0.158000,Poll: Check Layer Cache
373733.420708,2000,b378f61c-a691-49d8-9683-2c451172ffd9,worker_3,coordinator_0,NET_TRANSFER,0.000100,0.158000,Poll: Cache Status Reply
373733.578708,2000,b378f61c-a691-49d8-9683-2c451172ffd9,coordinator_0,worker_4,NET_TRANSFER,0.000100,0.158000,Poll: Check Layer Cache
373733.736708,2000,b378f61c-a691-49d8-9683-2c451172ffd9,worker_4,coordinator_0,NET_TRANSFER,0.000100,0.158000,Poll: Cache Status Reply
373733.894708,2000,b378f61c-a691-49d8-9683-2c451172ffd9,coordinator_0,worker_2,NET_TRANSFER,0.000100,0.158000,Poll: Check Layer Cache
373734.052708,2000,b378f61c-a691-49d8-9683-2c451172ffd9,worker_2,coordinator_0,NET_TRANSFER,0.000100,0.158000,Poll: Cache Status Reply
373734.210708,2000,b378f61c-a691-49d8-9683-2c451172ffd9,coordinator_0,worker_4,NET_TRANSFER,0.000100,0.158000,Poll: Check Layer Cache
373734.368708,2000,b378f61c-a691-49d8-9683-2c451172ffd9,worker_4,coordinator_0,NET_TRANSFER,0.000100,0.158000,Poll: Cache Status Reply
373734.526708,2000,b378f61c-a691-49d8-9683-2c451172ffd9,coordinator_0,worker_1,NET_TRANSFER,0.000100,0.158000,Poll: Check Layer Cache
373734.684708,2000,b378f61c-a691-49d8-9683-2c451172ffd9,worker_1,coordinator_0,NET_TRANSFER,0.000100,0.158000,Poll: Cache Status Reply
373734.842708,2000,b378f61c-a691-49d8-9683-2c451172ffd9,coordinator_0,worker_4,NET_TRANSFER,0.000100,0.158000,Poll: Check Layer Cache
373735.000708,2000,b378f61c-a691-49d8-9683-2c451172ffd9,worker_4,coordinator_0,NET_TRANSFER,0.000100,0.158000,Poll: Cache Status Reply
373735.158708,2000,b378f61c-a691-49d8-9683-2c451172ffd9,coordinator_0,worker_4,NET_TRANSFER,0.000100,0.158000,Poll: Check Layer Cache
373735.316708,2000,b378f61c-a691-49d8-9683-2c451172ffd9,worker_4,coordinator_0,NET_TRANSFER,0.000100,0.158000,Poll: Cache Status Reply
373735.474708,2000,b378f61c-a691-49d8-9683-2c451172ffd9,coordinator_0,worker_1,NET_TRANSFER,0.000100,0.158000,Poll: Check Layer Cache
373735.632708,2000,b378f61c-a691-49d8-9683-2c451172ffd9,worker_1,coordinator_0,NET_TRANSFER,0.000100,0.158000,Poll: Cache Status Reply
373735.790708,2000,b378f61c-a691-49d8-9683-2c451172ffd9,coordinator_0,worker_2,NET_TRANSFER,0.000100,0.158000,Poll: Check Layer Cache
373735.948708,2000,b378f61c-a691-49d8-9683-2c451172ffd9,worker_2,coordinator_0,NET_TRANSFER,0.000100,0.158000,Poll: Cache Status Reply
373736.106708,2000,b378f61c-a691-49d8-9683-2c451172ffd9,coordinator_0,worker_3,NET_TRANSFER,0.000100,0.158000,Poll: Check Layer Cache
373736.264708,2000,b378f61c-a691-49d8-9683-2c451172ffd9,worker_3,coordinator_0,NET_TRANSFER,0.000100,0.158000,Poll: Cache Status Reply
373736.422708,2000,b378f61c-a691-49d8-9683-2c451172ffd9,coordinator_0,worker_1,NET_TRANSFER,0.000100,0.158000,Poll: Check Layer Cache
373736.580708,2000,b378f61c-a691-49d8-9683-2c451172ffd9,worker_1,coordinator_0,NET_TRANSFER,0.000100,0.158000,Poll: Cache Status Reply
373736.738708,2000,b378f61c-a691-49d8-9683-2c451172ffd9,coordinator_0,worker_1,NET_TRANSFER,0.000100,0.158000,Poll: Check Layer Cache
373736.896708,2000,b378f61c-a691-49d8-9683-2c451172ffd9,worker_1,coordinator_0,NET_TRANSFER,0.000100,0.158000,Poll: Cache Status Reply
373737.054708,2000,b378f61c-a691-49d8-9683-2c451172ffd9,coordinator_0,worker_3,NET_TRANSFER,0.000100,0.158000,Poll: Check Layer Cache
373737.212708,2000,b378f61c-a691-49d8-9683-2c451172ffd9,worker_3,coordinator_0,NET_TRANSFER,0.000100,0.158000,Poll: Cache Status Reply
373737.370708,2000,b378f61c-a691-49d8-9683-2c451172ffd9,coordinator_0,worker_1,NET_TRANSFER,0.000100,0.158000,Poll: Check Layer Cache
373737.528708,2000,b378f61c-a691-49d8-9683-2c451172ffd9,worker_1,coordinator_0,NET_TRANSFER,0.000100,0.158000,Poll: Cache Status Reply
373737.686708,2000,b378f61c-a691-49d8-9683-2c451172ffd9,coordinator_0,worker_3,NET_TRANSFER,0.000100,0.158000,Poll: Check Layer Cache
373737.844708,2000,b378f61c-a691-49d8-9683-2c451172ffd9,worker_3,coordinator_0,NET_TRANSFER,0.000100,0.158000,Poll: Cache Status Reply
373738.002708,10002,d5b6c0cc-7700-4a35-a3d8-1ca4767780d9,coordinator_0,worker_3,NET_TRANSFER,0.000100,0.158000,Poll: Check Layer Cache
373738.160708,10002,d5b6c0cc-7700-4a35-a3d8-1ca4767780d9,worker_3,coordinator_0,NET_TRANSFER,0.000100,0.158000,Poll: Cache Status Reply
373738.318708,10002,d5b6c0cc-7700-4a35-a3d8-1ca4767780d9,coordinator_0,worker_4,NET_TRANSFER,0.000100,0.158000,Poll: Check Layer Cache
373738.476708,10002,d5b6c0cc-7700-4a35-a3d8-1ca4767780d9,worker_4,coordinator_0,NET_TRANSFER,0.000100,0.158000,Poll: Cache Status Reply
373738.634708,10002,d5b6c0cc-7700-4a35-a3d8-1ca4767780d9,coordinator_0,worker_1,NET_TRANSFER,0.000100,0.158000,Poll: Check Layer Cache
373738.792708,10002,d5b6c0cc-7700-4a35-a3d8-1ca4767780d9,worker_1,coordinator_0,NET_TRANSFER,0.000100,0.158000,Poll: Cache Status Reply
373738.950708,10002,d5b6c0cc-7700-4a35-a3d8-1ca4767780d9,coordinator_0,worker_3,NET_TRANSFER,0.000100,0.158000,Poll: Check Layer Cache
373739.108708,10002,d5b6c0cc-7700-4a35-a3d8-1ca4767780d9,worker_3,coordinator_0,NET_TRANSFER,0.000100,0.158000,Poll: Cache Status Reply
373739.266708,10002,d5b6c0cc-7700-4a35-a3d8-1ca4767780d9,coordinator_0,worker_1,NET_TRANSFER,0.000100,0.158000,Poll: Check Layer Cache
373739.424708,10002,d5b6c0cc-7700-4a35-a3d8-1ca4767780d9,worker_1,coordinator_0,NET_TRANSFER,0.000100,0.158000,Poll: Cache Status Reply
373739.582708,10002,d5b6c0cc-7700-4a35-a3d8-1ca4767780d9,coordinator_0,worker_4,NET_TRANSFER,0.000100,0.158000,Poll: Check Layer Cache
373739.740708,10002,d5b6c0cc-7700-4a35-a3d8-1ca4767780d9,worker_4,coordinator_0,NET_TRANSFER,0.000100,0.158000,Poll: Cache Status Reply
373739.898708,10002,d5b6c0cc-7700-4a35-a3d8-1ca4767780d9,coordinator_0,worker_1,NET_TRANSFER,0.000100,0.158000,Poll: Check Layer Cache
373740.056708,10002,d5b6c0cc-7700-4a35-a3d8-1ca4767780d9,worker_1,coordinator_0,NET_TRANSFER,0.000100,0.158000,Poll: Cache Status Reply
373740.214708,10002,d5b6c0cc-7700-4a35-a3d8-1ca4767780d9,coordinator_0,worker_4,NET_TRANSFER,0.000100,0.158000,Poll: Check Layer Cache
373740.372708,10002,d5b6c0cc-7700-4a35-a3d8-1ca4767780d9,worker_4,coordinator_0,NET_TRANSFER,0.000100,0.158000,Poll: Cache Status Reply
373740.530708,10002,d5b6c0cc-7700-4a35-a3d8-1ca4767780d9,coordinator_0,worker_2,NET_TRANSFER,0.000100,0.158000,Poll: Check Layer Cache
373740.688708,10002,d5b6c0cc-7700-4a35-a3d8-1ca4767780d9,worker_2,coordinator_0,NET_TRANSFER,0.000100,0.158000,Poll: Cache Status Reply
373740.846708,10002,d5b6c0cc-7700-4a35-a3d8-1ca4767780d9,coordinator_0,worker_3,NET_TRANSFER,0.000100,0.158000,Poll: Check Layer Cache
373741.004708,10002,d5b6c0cc-7700-4a35-a3d8-1ca4767780d9,worker_3,coordinator_0,NET_TRANSFER,0.000100,0.158000,Poll: Cache Status Reply
373741.162708,10002,d5b6c0cc-7700-4a35-a3d8-1ca4767780d9,coordinator_0,worker_3,NET_TRANSFER,0.000100,0.158000,Poll: Check Layer Cache
373741.320708,10002,d5b6c0cc-7700-4a35-a3d8-1ca4767780d9,worker_3,coordinator_0,NET_TRANSFER,0.000100,0.158000,Poll: Cache Status Reply
373741.478708,10002,d5b6c0cc-7700-4a35-a3d8-1ca4767780d9,coordinator_0,worker_4,NET_TRANSFER,0.000100,0.158000,Poll: Check Layer Cache
373741.636708,10002,d5b6c0cc-7700-4a35-a3d8-1ca4767780d9,worker_4,coordinator_0,NET_TRANSFER,0.000100,0.158000,Poll: Cache Status Reply
373741.794708,10002,d5b6c0cc-7700-4a35-a3d8-1ca4767780d9,coordinator_0,worker_2,NET_TRANSFER,0.000100,0.158000,Poll: Check Layer Cache
373741.952708,10002,d5b6c0cc-7700-4a35-a3d8-1ca4767780d9,worker_2,coordinator_0,NET_TRANSFER,0.000100,0.158000,Poll: Cache Status Reply
373742.110708,10002,d5b6c0cc-7700-4a35-a3d8-1ca4767780d9,coordinator_0,worker_3,NET_TRANSFER,0.000100,0.158000,Poll: Check Layer Cache
373742.268708,10002,d5b6c0cc-7700-4a35-a3d8-1ca4767780d9,worker_3,coordinator_0,NET_TRANSFER,0.000100,0.158000,Poll: Cache Status Reply
373742.426708,10002,d5b6c0cc-7700-4a35-a3d8-1ca4767780d9,coordinator_0,worker_1,NET_TRANSFER,0.000100,0.158000,Poll: Check Layer Cache
373742.584708,10002,d5b6c0cc-7700-4a35-a3d8-1ca4767780d9,worker_1,coordinator_0,NET_TRANSFER,0.000100,0.158000,Poll: Cache Status Reply
373742.742708,10002,d5b6c0cc-7700-4a35-a3d8-1ca4767780d9,coordinator_0,worker_1,NET_TRANSFER,0.000100,0.158000,Poll: Check Layer Cache
373742.900708,10002,d5b6c0cc-7700-4a35-a3d8-1ca4767780d9,worker_1,coordinator_0,NET_TRANSFER,0.000100,0.158000,Poll: Cache Status Reply
373743.058708,10002,d5b6c0cc-7700-4a35-a3d8-1ca4767780d9,coordinator_0,worker_4,NET_TRANSFER,0.000100,0.158000,Poll: Check Layer Cache
373743.216708,10002,d5b6c0cc-7700-4a35-a3d8-1ca4767780d9,worker_4,coordinator_0,NET_TRANSFER,0.000100,0.158000,Poll: Cache Status Reply
373743.374708,10002,d5b6c0cc-7700-4a35-a3d8-1ca4767780d9,coordinator_0,worker_2,NET_TRANSFER,0.000100,0.158000,Poll: Check Layer Cache
373743.532708,10002,d5b6c0cc-7700-4a35-a3d8-1ca4767780d9,worker_2,coordinator_0,NET_TRANSFER,0.000100,0.158000,Poll: Cache Status Reply
373743.690708,10002,d5b6c0cc-7700-4a35-a3d8-1ca4767780d9,coordinator_0,worker_4,NET_TRANSFER,0.000100,0.158000,Poll: Check Layer Cache
373743.848708,10002,d5b6c0cc-7700-4a35-a3d8-1ca4767780d9,worker_4,coordinator_0,NET_TRANSFER,0.000100,0.158000,Poll: Cache Status Reply
373744.006708,10002,d5b6c0cc-7700-4a35-a3d8-1ca4767780d9,coordinator_0,worker_2,NET_TRANSFER,0.000100,0.158000,Poll: Check Layer Cache
373744.164708,10002,d5b6c0cc-7700-4a35-a3d8-1ca4767780d9,worker_2,coordinator_0,NET_TRANSFER,0.000100,0.158000,Poll: Cache Status Reply
373744.322708,10002,d5b6c0cc-7700-4a35-a3d8-1ca4767780d9,coordinator_0,worker_3,NET_TRANSFER,0.000100,0.158000,Poll: Check Layer Cache
373744.480708,10002,d5b6c0cc-7700-4a35-a3d8-1ca4767780d9,worker_3,coordinator_0,NET_TRANSFER,0.000100,0.158000,Poll: Cache Status Reply
373744.638708,10002,d5b6c0cc-7700-4a35-a3d8-1ca4767780d9,coordinator_0,worker_3,NET_TRANSFER,0.000100,0.158000,Poll: Check Layer Cache
373744.796708,10002,d5b6c0cc-7700-4a35-a3d8-1ca4767780d9,worker_3,coordinator_0,NET_TRANSFER,0.000100,0.158000,Poll: Cache Status Reply
373744.954708,10002,d5b6c0cc-7700-4a35-a3d8-1ca4767780d9,coordinator_0,worker_1,NET_TRANSFER,0.000100,0.158000,Poll: Check Layer Cache
373745.112708,10002,d5b6c0cc-7700-4a35-a3d8-1ca4767780d9,worker_1,coordinator_0,NET_TRANSFER,0.000100,0.158000,Poll: Cache Status Reply
373745.270708,10002,d5b6c0cc-7700-4a35-a3d8-1ca4767780d9,coordinator_0,worker_1,NET_TRANSFER,0.000100,0.158000,Poll: Check Layer Cache
373745.428708,10002,d5b6c0cc-7700-4a35-a3d8-1ca4767780d9,worker_1,coordinator_0,NET_TRANSFER,0.000100,0.158000,Poll: Cache Status Reply
373745.586708,10002,d5b6c0cc-7700-4a35-a3d8-1ca4767780d9,coordinator_0,worker_2,NET_TRANSFER,0.000100,0.158000,Poll: Check Layer Cache
373745.744708,10002,d5b6c0cc-7700-4a35-a3d8-1ca4767780d9,worker_2,coordinator_0,NET_TRANSFER,0.000100,0.158000,Poll: Cache Status Reply
373745.902708,10002,d5b6c0cc-7700-4a35-a3d8-1ca4767780d9,coordinator_0,worker_2,NET_TRANSFER,0.000100,0.158000,Poll: Check Layer Cache
373746.060708,10002,d5b6c0cc-7700-4a35-a3d8-1ca4767780d9,worker_2,coordinator_0,NET_TRANSFER,0.000100,0.158000,Poll: Cache Status Reply
373746.218708,10002,d5b6c0cc-7700-4a35-a3d8-1ca4767780d9,coordinator_0,worker_4,NET_TRANSFER,0.000100,0.158000,Poll: Check Layer Cache
373746.376708,10002,d5b6c0cc-7700-4a35-a3d8-1ca4767780d9,worker_4,coordinator_0,NET_TRANSFER,0.000100,0.158000,Poll: Cache Status Reply
373746.534708,10002,d5b6c0cc-7700-4a35-a3d8-1ca4767780d9,coordinator_0,worker_4,NET_TRANSFER,0.000100,0.158000,Poll: Check Layer Cache
373746.692708,10002,d5b6c0cc-7700-4a35-a3d8-1ca4767780d9,worker_4,coordinator_0,NET_TRANSFER,0.000100,0.158000,Poll: Cache Status Reply
373746.850708,10002,d5b6c0cc-7700-4a35-a3d8-1ca4767780d9,coordinator_0,worker_2,NET_TRANSFER,0.000100,0.158000,Poll: Check Layer Cache
373747.008708,10002,d5b6c0cc-7700-4a35-a3d8-1ca4767780d9,worker_2,coordinator_0,NET_TRANSFER,0.000100,0.158000,Poll: Cache Status Reply
373747.166708,10002,d5b6c0cc-7700-4a35-a3d8-1ca4767780d9,coordinator_0,worker_2,NET_TRANSFER,0.000100,0.158000,Poll: Check Layer Cache
373747.324708,10002,d5b6c0cc-7700-4a35-a3d8-1ca4767780d9,worker_2,coordinator_0,NET_TRANSFER,0.000100,0.158000,Poll: Cache Status Reply
373747.482708,10002,d5b6c0cc-7700-4a35-a3d8-1ca4767780d9,coordinator_0,worker_1,NET_TRANSFER,0.000100,0.158000,Poll: Check Layer Cache
373747.640708,10002,d5b6c0cc-7700-4a35-a3d8-1ca4767780d9,worker_1,coordinator_0,NET_TRANSFER,0.000100,0.158000,Poll: Cache Status Reply
373747.798708,10002,d5b6c0cc-7700-4a35-a3d8-1ca4767780d9,coordinator_0,worker_4,NET_TRANSFER,0.000100,0.158000,Poll: Check Layer Cache
373747.956708,10002,d5b6c0cc-7700-4a35-a3d8-1ca4767780d9,worker_4,coordinator_0,NET_TRANSFER,0.000100,0.158000,Poll: Cache Status Reply
373748.114708,10002,d5b6c0cc-7700-4a35-a3d8-1ca4767780d9,coordinator_0,worker_4,NET_TRANSFER,0.000100,0.158000,Poll: Check Layer Cache
373748.272708,10002,d5b6c0cc-7700-4a35-a3d8-1ca4767780d9,worker_4,coordinator_0,NET_TRANSFER,0.000100,0.158000,Poll: Cache Status Reply
373748.430708,10002,d5b6c0cc-7700-4a35-a3d8-1ca4767780d9,coordinator_0,worker_3,NET_TRANSFER,0.000100,0.158000,Poll: Check Layer Cache
373748.588708,10002,d5b6c0cc-7700-4a35-a3d8-1ca4767780d9,worker_3,coordinator_0,NET_TRANSFER,0.000100,0.158000,Poll: Cache Status Reply
373748.746708,10002,d5b6c0cc-7700-4a35-a3d8-1ca4767780d9,coordinator_0,worker_2,NET_TRANSFER,0.000100,0.158000,Poll: Check Layer Cache
373748.904708,10002,d5b6c0cc-7700-4a35-a3d8-1ca4767780d9,worker_2,coordinator_0,NET_TRANSFER,0.000100,0.158000,Poll: Cache Status Reply
373749.062708,10002,d5b6c0cc-7700-4a35-a3d8-1ca4767780d9,coordinator_0,worker_4,NET_TRANSFER,0.000100,0.158000,Poll: Check Layer Cache
373749.220708,10002,d5b6c0cc-7700-4a35-a3d8-1ca4767780d9,worker_4,coordinator_0,NET_TRANSFER,0.000100,0.158000,Poll: Cache Status Reply
373749.378708,10002,d5b6c0cc-7700-4a35-a3d8-1ca4767780d9,coordinator_0,worker_3,NET_TRANSFER,0.000100,0.158000,Poll: Check Layer Cache
373749.536708,10002,d5b6c0cc-7700-4a35-a3d8-1ca4767780d9,worker_3,coordinator_0,NET_TRANSFER,0.000100,0.158000,Poll: Cache Status Reply
373749.694708,10002,d5b6c0cc-7700-4a35-a3d8-1ca4767780d9,coordinator_0,worker_3,NET_TRANSFER,0.000100,0.158000,Poll: Check Layer Cache
373749.852708,10002,d5b6c0cc-7700-4a35-a3d8-1ca4767780d9,worker_3,coordinator_0,NET_TRANSFER,0.000100,0.158000,Poll: Cache Status Reply
373750.010708,10002,d5b6c0cc-7700-4a35-a3d8-1ca4767780d9,coordinator_0,worker_3,NET_TRANSFER,0.000100,0.158000,Poll: Check Layer Cache
373750.168708,10002,d5b6c0cc-7700-4a35-a3d8-1ca4767780d9,worker_3,coordinator_0,NET_TRANSFER,0.000100,0.158000,Poll: Cache Status Reply
373750.326708,10002,d5b6c0cc-7700-4a35-a3d8-1ca4767780d9,coordinator_0,worker_1,NET_TRANSFER,0.000100,0.158000,Poll: Check Layer Cache
373750.484708,10002,d5b6c0cc-7700-4a35-a3d8-1ca4767780d9,worker_1,coordinator_0,NET_TRANSFER,0.000100,0.158000,Poll: Cache Status Reply
373750.642708,10002,d5b6c0cc-7700-4a35-a3d8-1ca4767780d9,coordinator_0,worker_2,NET_TRANSFER,0.000100,0.158000,Poll: Check Layer Cache
373750.800708,10002,d5b6c0cc-7700-4a35-a3d8-1ca4767780d9,worker_2,coordinator_0,NET_TRANSFER,0.000100,0.158000,Poll: Cache Status Reply
373750.958708,10002,d5b6c0cc-7700-4a35-a3d8-1ca4767780d9,coordinator_0,worker_3,NET_TRANSFER,0.000100,0.158000,Poll: Check Layer Cache
373751.116708,10002,d5b6c0cc-7700-4a35-a3d8-1ca4767780d9,worker_3,coordinator_0,NET_TRANSFER,0.000100,0.158000,Poll: Cache Status Reply
373751.274708,10002,d5b6c0cc-7700-4a35-a3d8-1ca4767780d9,coordinator_0,worker_4,NET_TRANSFER,0.000100,0.158000,Poll: Check Layer Cache
373751.432708,10002,d5b6c0cc-7700-4a35-a3d8-1ca4767780d9,worker_4,coordinator_0,NET_TRANSFER,0.000100,0.158000,Poll: Cache Status Reply
373751.590708,10002,d5b6c0cc-7700-4a35-a3d8-1ca4767780d9,coordinator_0,worker_1,NET_TRANSFER,0.000100,0.158000,Poll: Check Layer Cache
373751.748708,10002,d5b6c0cc-7700-4a35-a3d8-1ca4767780d9,worker_1,coordinator_0,NET_TRANSFER,0.000100,0.158000,Poll: Cache Status Reply
373751.906708,10002,d5b6c0cc-7700-4a35-a3d8-1ca4767780d9,coordinator_0,worker_2,NET_TRANSFER,0.000100,0.158000,Poll: Check Layer Cache
373752.064708,10002,d5b6c0cc-7700-4a35-a3d8-1ca4767780d9,worker_2,coordinator_0,NET_TRANSFER,0.000100,0.158000,Poll: Cache Status Reply
373752.222708,10002,d5b6c0cc-7700-4a35-a3d8-1ca4767780d9,coordinator_0,worker_2,NET_TRANSFER,0.000100,0.158000,Poll: Check Layer Cache
373752.380708,10002,d5b6c0cc-7700-4a35-a3d8-1ca4767780d9,worker_2,coordinator_0,NET_TRANSFER,0.000100,0.158000,Poll: Cache Status Reply
373752.538708,10002,d5b6c0cc-7700-4a35-a3d8-1ca4767780d9,coordinator_0,worker_3,NET_TRANSFER,0.000100,0.158000,Poll: Check Layer Cache
373752.696708,10002,d5b6c0cc-7700-4a35-a3d8-1ca4767780d9,worker_3,coordinator_0,NET_TRANSFER,0.000100,0.158000,Poll: Cache Status Reply
373752.854708,10002,d5b6c0cc-7700-4a35-a3d8-1ca4767780d9,coordinator_0,worker_1,NET_TRANSFER,0.000100,0.158000,Poll: Check Layer Cache
373753.012708,10002,d5b6c0cc-7700-4a35-a3d8-1ca4767780d9,worker_1,coordinator_0,NET_TRANSFER,0.000100,0.158000,Poll: Cache Status Reply
373753.170708,10002,d5b6c0cc-7700-4a35-a3d8-1ca4767780d9,coordinator_0,worker_2,NET_TRANSFER,0.000100,0.158000,Poll: Check Layer Cache
373753.328708,10002,d5b6c0cc-7700-4a35-a3d8-1ca4767780d9,worker_2,coordinator_0,NET_TRANSFER,0.000100,0.158000,Poll: Cache Status Reply
373753.486708,10002,d5b6c0cc-7700-4a35-a3d8-1ca4767780d9,coordinator_0,worker_4,NET_TRANSFER,0.000100,0.158000,Poll: Check Layer Cache
373753.644708,10002,d5b6c0cc-7700-4a35-a3d8-1ca4767780d9,worker_4,coordinator_0,NET_TRANSFER,0.000100,0.158000,Poll: Cache Status Reply
373753.802708,10002,d5b6c0cc-7700-4a35-a3d8-1ca4767780d9,coordinator_0,worker_1,NET_TRANSFER,0.000100,0.158000,Poll: Check Layer Cache
373753.960708,10002,d5b6c0cc-7700-4a35-a3d8-1ca4767780d9,worker_1,coordinator_0,NET_TRANSFER,0.000100,0.158000,Poll: Cache Status Reply
373754.118708,10002,b378f61c-a691-49d8-9683-2c451172ffd9,coordinator_0,worker_1,NET_TRANSFER,0.000100,0.158000,Poll: Check Layer Cache
373754.276708,10002,b378f61c-a691-49d8-9683-2c451172ffd9,worker_1,coordinator_0,NET_TRANSFER,0.000100,0.158000,Poll: Cache Status Reply
373754.434708,10002,b378f61c-a691-49d8-9683-2c451172ffd9,coordinator_0,worker_1,NET_TRANSFER,0.000100,0.158000,Poll: Check Layer Cache
373754.592708,10002,b378f61c-a691-49d8-9683-2c451172ffd9,worker_1,coordinator_0,NET_TRANSFER,0.000100,0.158000,Poll: Cache Status Reply
373754.750708,10002,b378f61c-a691-49d8-9683-2c451172ffd9,coordinator_0,worker_2,NET_TRANSFER,0.000100,0.158000,Poll: Check Layer Cache
373754.908708,10002,b378f61c-a691-49d8-9683-2c451172ffd9,worker_2,coordinator_0,NET_TRANSFER,0.000100,0.158000,Poll: Cache Status Reply
373755.066708,10002,b378f61c-a691-49d8-9683-2c451172ffd9,coordinator_0,worker_2,NET_TRANSFER,0.000100,0.158000,Poll: Check Layer Cache
373755.224708,10002,b378f61c-a691-49d8-9683-2c451172ffd9,worker_2,coordinator_0,NET_TRANSFER,0.000100,0.158000,Poll: Cache Status Reply
373755.382708,10002,b378f61c-a691-49d8-9683-2c451172ffd9,coordinator_0,worker_2,NET_TRANSFER,0.000100,0.158000,Poll: Check Layer Cache
373755.540708,10002,b378f61c-a691-49d8-9683-2c451172ffd9,worker_2,coordinator_0,NET_TRANSFER,0.000100,0.158000,Poll: Cache Status Reply
373755.698708,10002,b378f61c-a691-49d8-9683-2c451172ffd9,coordinator_0,worker_4,NET_TRANSFER,0.000100,0.158000,Poll: Check Layer Cache
373755.856708,10002,b378f61c-a691-49d8-9683-2c451172ffd9,worker_4,coordinator_0,NET_TRANSFER,0.000100,0.158000,Poll: Cache Status Reply
373756.014708,10002,b378f61c-a691-49d8-9683-2c451172ffd9,coordinator_0,worker_1,NET_TRANSFER,0.000100,0.158000,Poll: Check Layer Cache
373756.172708,10002,b378f61c-a691-49d8-9683-2c451172ffd9,worker_1,coordinator_0,NET_TRANSFER,0.000100,0.158000,Poll: Cache Status Reply
373756.330708,10002,b378f61c-a691-49d8-9683-2c451172ffd9,coordinator_0,worker_3,NET_TRANSFER,0.000100,0.158000,Poll: Check Layer Cache
373756.488708,10002,b378f61c-a691-49d8-9683-2c451172ffd9,worker_3,coordinator_0,NET_TRANSFER,0.000100,0.158000,Poll: Cache Status Reply
373756.646708,10002,b378f61c-a691-49d8-9683-2c451172ffd9,coordinator_0,worker_1,NET_TRANSFER,0.000100,0.158000,Poll: Check Layer Cache
373756.804708,10002,b378f61c-a691-49d8-9683-2c451172ffd9,worker_1,coordinator_0,NET_TRANSFER,0.000100,0.158000,Poll: Cache Status Reply
373756.962708,10002,b378f61c-a691-49d8-9683-2c451172ffd9,coordinator_0,worker_2,NET_TRANSFER,0.000100,0.158000,Poll: Check Layer Cache
373757.120708,10002,b378f61c-a691-49d8-9683-2c451172ffd9,worker_2,coordinator_0,NET_TRANSFER,0.000100,0.158000,Poll: Cache Status Reply
373757.278708,10002,b378f61c-a691-49d8-9683-2c451172ffd9,coordinator_0,worker_4,NET_TRANSFER,0.000100,0.158000,Poll: Check Layer Cache
373757.436708,10002,b378f61c-a691-49d8-9683-2c451172ffd9,worker_4,coordinator_0,NET_TRANSFER,0.000100,0.158000,Poll: Cache Status Reply
373757.594708,10002,b378f61c-a691-49d8-9683-2c451172ffd9,coordinator_0,worker_4,NET_TRANSFER,0.000100,0.158000,Poll: Check Layer Cache
373757.752708,10002,b378f61c-a691-49d8-9683-2c451172ffd9,worker_4,coordinator_0,NET_TRANSFER,0.000100,0.158000,Poll: Cache Status Reply
373757.910708,10002,b378f61c-a691-49d8-9683-2c451172ffd9,coordinator_0,worker_3,NET_TRANSFER,0.000100,0.158000,Poll: Check Layer Cache
373758.068708,10002,b378f61c-a691-49d8-9683-2c451172ffd9,worker_3,coordinator_0,NET_TRANSFER,0.000100,0.158000,Poll: Cache Status Reply
373758.226708,10002,b378f61c-a691-49d8-9683-2c451172ffd9,coordinator_0,worker_1,NET_TRANSFER,0.000100,0.158000,Poll: Check Layer Cache
373758.384708,10002,b378f61c-a691-49d8-9683-2c451172ffd9,worker_1,coordinator_0,NET_TRANSFER,0.000100,0.158000,Poll: Cache Status Reply
373758.542708,10002,b378f61c-a691-49d8-9683-2c451172ffd9,coordinator_0,worker_4,NET_TRANSFER,0.000100,0.158000,Poll: Check Layer Cache
373758.700708,10002,b378f61c-a691-49d8-9683-2c451172ffd9,worker_4,coordinator_0,NET_TRANSFER,0.000100,0.158000,Poll: Cache Status Reply
373758.858708,10002,b378f61c-a691-49d8-9683-2c451172ffd9,coordinator_0,worker_4,NET_TRANSFER,0.000100,0.158000,Poll: Check Layer Cache
373759.016708,10002,b378f61c-a691-49d8-9683-2c451172ffd9,worker_4,coordinator_0,NET_TRANSFER,0.000100,0.158000,Poll: Cache Status Reply
373759.174708,10002,b378f61c-a691-49d8-9683-2c451172ffd9,coordinator_0,worker_2,NET_TRANSFER,0.000100,0.158000,Poll: Check Layer Cache
373759.332708,10002,b378f61c-a691-49d8-9683-2c451172ffd9,worker_2,coordinator_0,NET_TRANSFER,0.000100,0.158000,Poll: Cache Status Reply
373759.490708,10002,b378f61c-a691-49d8-9683-2c451172ffd9,coordinator_0,worker_3,NET_TRANSFER,0.000100,0.158000,Poll: Check Layer Cache
373759.648708,10002,b378f61c-a691-49d8-9683-2c451172ffd9,worker_3,coordinator_0,NET_TRANSFER,0.000100,0.158000,Poll: Cache Status Reply
373759.806708,10002,b378f61c-a691-49d8-9683-2c451172ffd9,coordinator_0,worker_4,NET_TRANSFER,0.000100,0.158000,Poll: Check Layer Cache
373759.964708,10002,b378f61c-a691-49d8-9683-2c451172ffd9,worker_4,coordinator_0,NET_TRANSFER,0.000100,0.158000,Poll: Cache Status Reply
373760.122708,10002,b378f61c-a691-49d8-9683-2c451172ffd9,coordinator_0,worker_1,NET_TRANSFER,0.000100,0.158000,Poll: Check Layer Cache
373760.280708,10002,b378f61c-a691-49d8-9683-2c451172ffd9,worker_1,coordinator_0,NET_TRANSFER,0.000100,0.158000,Poll: Cache Status Reply
373760.438708,10002,b378f61c-a691-49d8-9683-2c451172ffd9,coordinator_0,worker_3,NET_TRANSFER,0.000100,0.158000,Poll: Check Layer Cache
373760.596708,10002,b378f61c-a691-49d8-9683-2c451172ffd9,worker_3,coordinator_0,NET_TRANSFER,0.000100,0.158000,Poll: Cache Status Reply
373760.754708,10002,b378f61c-a691-49d8-9683-2c451172ffd9,coordinator_0,worker_3,NET_TRANSFER,0.000100,0.158000,Poll: Check Layer Cache
373760.912708,10002,b378f61c-a691-49d8-9683-2c451172ffd9,worker_3,coordinator_0,NET_TRANSFER,0.000100,0.158000,Poll: Cache Status Reply
373761.070708,10002,b378f61c-a691-49d8-9683-2c451172ffd9,coordinator_0,worker_3,NET_TRANSFER,0.000100,0.158000,Poll: Check Layer Cache
373761.228708,10002,b378f61c-a691-49d8-9683-2c451172ffd9,worker_3,coordinator_0,NET_TRANSFER,0.000100,0.158000,Poll: Cache Status Reply
373761.386708,10002,b378f61c-a691-49d8-9683-2c451172ffd9,coordinator_0,worker_3,NET_TRANSFER,0.000100,0.158000,Poll: Check Layer Cache
373761.544708,10002,b378f61c-a691-49d8-9683-2c451172ffd9,worker_3,coordinator_0,NET_TRANSFER,0.000100,0.158000,Poll: Cache Status Reply
373761.702708,10002,b378f61c-a691-49d8-9683-2c451172ffd9,coordinator_0,worker_2,NET_TRANSFER,0.000100,0.158000,Poll: Check Layer Cache
373761.860708,10002,b378f61c-a691-49d8-9683-2c451172ffd9,worker_2,coordinator_0,NET_TRANSFER,0.000100,0.158000,Poll: Cache Status Reply
373762.018708,10002,b378f61c-a691-49d8-9683-2c451172ffd9,coordinator_0,worker_2,NET_TRANSFER,0.000100,0.158000,Poll: Check Layer Cache
373762.176708,10002,b378f61c-a691-49d8-9683-2c451172ffd9,worker_2,coordinator_0,NET_TRANSFER,0.000100,0.158000,Poll: Cache Status Reply
373762.334708,10002,b378f61c-a691-49d8-9683-2c451172ffd9,coordinator_0,worker_2,NET_TRANSFER,0.000100,0.158000,Poll: Check Layer Cache
373762.492708,10002,b378f61c-a691-49d8-9683-2c451172ffd9,worker_2,coordinator_0,NET_TRANSFER,0.000100,0.158000,Poll: Cache Status Reply
373762.650708,10002,b378f61c-a691-49d8-9683-2c451172ffd9,coordinator_0,worker_2,NET_TRANSFER,0.000100,0.158000,Poll: Check Layer Cache
373762.808708,10002,b378f61c-a691-49d8-9683-2c451172ffd9,worker_2,coordinator_0,NET_TRANSFER,0.000100,0.158000,Poll: Cache Status Reply
373762.966708,10002,b378f61c-a691-49d8-9683-2c451172ffd9,coordinator_0,worker_3,NET_TRANSFER,0.000100,0.158000,Poll: Check Layer Cache
373763.124708,10002,b378f61c-a691-49d8-9683-2c451172ffd9,worker_3,coordinator_0,NET_TRANSFER,0.000100,0.158000,Poll: Cache Status Reply
373763.282708,10002,b378f61c-a691-49d8-9683-2c451172ffd9,coordinator_0,worker_2,NET_TRANSFER,0.000100,0.158000,Poll: Check Layer Cache
373763.440708,10002,b378f61c-a691-49d8-9683-2c451172ffd9,worker_2,coordinator_0,NET_TRANSFER,0.000100,0.158000,Poll: Cache Status Reply
373763.598708,10002,b378f61c-a691-49d8-9683-2c451172ffd9,coordinator_0,worker_3,NET_TRANSFER,0.000100,0.158000,Poll: Check Layer Cache
373763.756708,10002,b378f61c-a691-49d8-9683-2c451172ffd9,worker_3,coordinator_0,NET_TRANSFER,0.000100,0.158000,Poll: Cache Status Reply
373763.914708,10002,b378f61c-a691-49d8-9683-2c451172ffd9,coordinator_0,worker_4,NET_TRANSFER,0.000100,0.158000,Poll: Check Layer Cache
373764.072708,10002,b378f61c-a691-49d8-9683-2c451172ffd9,worker_4,coordinator_0,NET_TRANSFER,0.000100,0.158000,Poll: Cache Status Reply
373764.230708,10002,b378f61c-a691-49d8-9683-2c451172ffd9,coordinator_0,worker_1,NET_TRANSFER,0.000100,0.158000,Poll: Check Layer Cache
373764.388708,10002,b378f61c-a691-49d8-9683-2c451172ffd9,worker_1,coordinator_0,NET_TRANSFER,0.000100,0.158000,Poll: Cache Status Reply
373764.546708,10002,b378f61c-a691-49d8-9683-2c451172ffd9,coordinator_0,worker_3,NET_TRANSFER,0.000100,0.158000,Poll: Check Layer Cache
373764.704708,10002,b378f61c-a691-49d8-9683-2c451172ffd9,worker_3,coordinator_0,NET_TRANSFER,0.000100,0.158000,Poll: Cache Status Reply
373764.862708,10002,b378f61c-a691-49d8-9683-2c451172ffd9,coordinator_0,worker_1,NET_TRANSFER,0.000100,0.158000,Poll: Check Layer Cache
373765.020708,10002,b378f61c-a691-49d8-9683-2c451172ffd9,worker_1,coordinator_0,NET_TRANSFER,0.000100,0.158000,Poll: Cache Status Reply
373765.178708,10002,b378f61c-a691-49d8-9683-2c451172ffd9,coordinator_0,worker_4,NET_TRANSFER,0.000100,0.158000,Poll: Check Layer Cache
373765.336708,10002,b378f61c-a691-49d8-9683-2c451172ffd9,worker_4,coordinator_0,NET_TRANSFER,0.000100,0.158000,Poll: Cache Status Reply
373765.494708,10002,b378f61c-a691-49d8-9683-2c451172ffd9,coordinator_0,worker_2,NET_TRANSFER,0.000100,0.158000,Poll: Check Layer Cache
373765.652708,10002,b378f61c-a691-49d8-9683-2c451172ffd9,worker_2,coordinator_0,NET_TRANSFER,0.000100,0.158000,Poll: Cache Status Reply
373765.810708,10002,b378f61c-a691-49d8-9683-2c451172ffd9,coordinator_0,worker_2,NET_TRANSFER,0.000100,0.158000,Poll: Check Layer Cache
373765.968708,10002,b378f61c-a691-49d8-9683-2c451172ffd9,worker_2,coordinator_0,NET_TRANSFER,0.000100,0.158000,Poll: Cache Status Reply
373766.126708,10002,b378f61c-a691-49d8-9683-2c451172ffd9,coordinator_0,worker_1,NET_TRANSFER,0.000100,0.158000,Poll: Check Layer Cache
373766.284708,10002,b378f61c-a691-49d8-9683-2c451172ffd9,worker_1,coordinator_0,NET_TRANSFER,0.000100,0.158000,Poll: Cache Status Reply
373766.442708,10002,b378f61c-a691-49d8-9683-2c451172ffd9,coordinator_0,worker_4,NET_TRANSFER,0.000100,0.158000,Poll: Check Layer Cache
373766.600708,10002,b378f61c-a691-49d8-9683-2c451172ffd9,worker_4,coordinator_0,NET_TRANSFER,0.000100,0.158000,Poll: Cache Status Reply
373766.758708,10002,b378f61c-a691-49d8-9683-2c451172ffd9,coordinator_0,worker_3,NET_TRANSFER,0.000100,0.158000,Poll: Check Layer Cache
373766.916708,10002,b378f61c-a691-49d8-9683-2c451172ffd9,worker_3,coordinator_0,NET_TRANSFER,0.000100,0.158000,Poll: Cache Status Reply
373767.074708,10002,b378f61c-a691-49d8-9683-2c451172ffd9,coordinator_0,worker_4,NET_TRANSFER,0.000100,0.158000,Poll: Check Layer Cache
373767.232708,10002,b378f61c-a691-49d8-9683-2c451172ffd9,worker_4,coordinator_0,NET_TRANSFER,0.000100,0.158000,Poll: Cache Status Reply
373767.390708,10002,b378f61c-a691-49d8-9683-2c451172ffd9,coordinator_0,worker_2,NET_TRANSFER,0.000100,0.158000,Poll: Check Layer Cache
373767.548708,10002,b378f61c-a691-49d8-9683-2c451172ffd9,worker_2,coordinator_0,NET_TRANSFER,0.000100,0.158000,Poll: Cache Status Reply
373767.706708,10002,b378f61c-a691-49d8-9683-2c451172ffd9,coordinator_0,worker_4,NET_TRANSFER,0.000100,0.158000,Poll: Check Layer Cache
373767.864708,10002,b378f61c-a691-49d8-9683-2c451172ffd9,worker_4,coordinator_0,NET_TRANSFER,0.000100,0.158000,Poll: Cache Status Reply
373768.022708,10002,b378f61c-a691-49d8-9683-2c451172ffd9,coordinator_0,worker_1,NET_TRANSFER,0.000100,0.158000,Poll: Check Layer Cache
373768.180708,10002,b378f61c-a691-49d8-9683-2c451172ffd9,worker_1,coordinator_0,NET_TRANSFER,0.000100,0.158000,Poll: Cache Status Reply
373768.338708,10002,b378f61c-a691-49d8-9683-2c451172ffd9,coordinator_0,worker_4,NET_TRANSFER,0.000100,0.158000,Poll: Check Layer Cache
373768.496708,10002,b378f61c-a691-49d8-9683-2c451172ffd9,worker_4,coordinator_0,NET_TRANSFER,0.000100,0.158000,Poll: Cache Status Reply
373768.654708,10002,b378f61c-a691-49d8-9683-2c451172ffd9,coordinator_0,worker_4,NET_TRANSFER,0.000100,0.158000,Poll: Check Layer Cache
373768.812708,10002,b378f61c-a691-49d8-9683-2c451172ffd9,worker_4,coordinator_0,NET_TRANSFER,0.000100,0.158000,Poll: Cache Status Reply
373768.970708,10002,b378f61c-a691-49d8-9683-2c451172ffd9,coordinator_0,worker_1,NET_TRANSFER,0.000100,0.158000,Poll: Check Layer Cache
373769.128708,10002,b378f61c-a691-49d8-9683-2c451172ffd9,worker_1,coordinator_0,NET_TRANSFER,0.000100,0.158000,Poll: Cache Status Reply
373769.286708,10002,b378f61c-a691-49d8-9683-2c451172ffd9,coordinator_0,worker_2,NET_TRANSFER,0.000100,0.158000,Poll: Check Layer Cache
373769.444708,10002,b378f61c-a691-49d8-9683-2c451172ffd9,worker_2,coordinator_0,NET_TRANSFER,0.000100,0.158000,Poll: Cache Status Reply
373769.602708,10002,b378f61c-a691-49d8-9683-2c451172ffd9,coordinator_0,worker_3,NET_TRANSFER,0.000100,0.158000,Poll: Check Layer Cache
373769.760708,10002,b378f61c-a691-49d8-9683-2c451172ffd9,worker_3,coordinator_0,NET_TRANSFER,0.000100,0.158000,Poll: Cache Status Reply
373769.918708,10002,b378f61c-a691-49d8-9683-2c451172ffd9,coordinator_0,worker_1,NET_TRANSFER,0.000100,0.158000,Poll: Check Layer Cache
373770.076708,10002,b378f61c-a691-49d8-9683-2c451172ffd9,worker_1,coordinator_0,NET_TRANSFER,0.000100,0.158000,Poll: Cache Status Reply
373770.234708,10002,b378f61c-a691-49d8-9683-2c451172ffd9,coordinator_0,worker_1,NET_TRANSFER,0.000100,0.158000,Poll: Check Layer Cache
373770.392708,10002,b378f61c-a691-49d8-9683-2c451172ffd9,worker_1,coordinator_0,NET_TRANSFER,0.000100,0.158000,Poll: Cache Status Reply
373770.550708,10002,b378f61c-a691-49d8-9683-2c451172ffd9,coordinator_0,worker_3,NET_TRANSFER,0.000100,0.158000,Poll: Check Layer Cache
373770.708708,10002,b378f61c-a691-49d8-9683-2c451172ffd9,worker_3,coordinator_0,NET_TRANSFER,0.000100,0.158000,Poll: Cache Status Reply
373770.866708,10002,b378f61c-a691-49d8-9683-2c451172ffd9,coordinator_0,worker_1,NET_TRANSFER,0.000100,0.158000,Poll: Check Layer Cache
373771.024708,10002,b378f61c-a691-49d8-9683-2c451172ffd9,worker_1,coordinator_0,NET_TRANSFER,0.000100,0.158000,Poll: Cache Status Reply
373771.182708,10002,b378f61c-a691-49d8-9683-2c451172ffd9,coordinator_0,worker_3,NET_TRANSFER,0.000100,0.158000,Poll: Check Layer Cache
373771.340708,10002,b378f61c-a691-49d8-9683-2c451172ffd9,worker_3,coordinator_0,NET_TRANSFER,0.000100,0.158000,Poll: Cache Status Reply
373771.498708,10002,b378f61c-a691-49d8-9683-2c451172ffd9,coordinator_0,worker_4,NET_TRANSFER,0.000100,0.158000,Poll: Check Layer Cache
373771.656708,10002,b378f61c-a691-49d8-9683-2c451172ffd9,worker_4,coordinator_0,NET_TRANSFER,0.000100,0.158000,Poll: Cache Status Reply
373771.814708,10002,b378f61c-a691-49d8-9683-2c451172ffd9,coordinator_0,worker_4,NET_TRANSFER,0.000100,0.158000,Poll: Check Layer Cache
373771.972708,10002,b378f61c-a691-49d8-9683-2c451172ffd9,worker_4,coordinator_0,NET_TRANSFER,0.000100,0.158000,Poll: Cache Status Reply
373772.130708,10002,b378f61c-a691-49d8-9683-2c451172ffd9,coordinator_0,worker_1,NET_TRANSFER,0.000100,0.158000,Poll: Check Layer Cache
373772.288708,10002,b378f61c-a691-49d8-9683-2c451172ffd9,worker_1,coordinator_0,NET_TRANSFER,0.000100,0.158000,Poll: Cache Status Reply
373772.446708,8000,e20db8d2-b0ae-4054-bb3b-51a67633e6dd,coordinator_0,worker_2,NET_TRANSFER,0.000100,0.158000,Poll: Check Layer Cache
373772.604708,8000,e20db8d2-b0ae-4054-bb3b-51a67633e6dd,worker_2,coordinator_0,NET_TRANSFER,0.000100,0.158000,Poll: Cache Status Reply
373772.762708,8000,e20db8d2-b0ae-4054-bb3b-51a67633e6dd,coordinator_0,worker_4,NET_TRANSFER,0.000100,0.158000,Poll: Check Layer Cache
373772.920708,8000,e20db8d2-b0ae-4054-bb3b-51a67633e6dd,worker_4,coordinator_0,NET_TRANSFER,0.000100,0.158000,Poll: Cache Status Reply
373773.078708,8000,e20db8d2-b0ae-4054-bb3b-51a67633e6dd,coordinator_0,worker_4,NET_TRANSFER,0.000100,0.158000,Poll: Check Layer Cache
373773.236708,8000,e20db8d2-b0ae-4054-bb3b-51a67633e6dd,worker_4,coordinator_0,NET_TRANSFER,0.000100,0.158000,Poll: Cache Status Reply
373773.394708,8000,e20db8d2-b0ae-4054-bb3b-51a67633e6dd,coordinator_0,worker_1,NET_TRANSFER,0.000100,0.158000,Poll: Check Layer Cache
373773.552708,8000,e20db8d2-b0ae-4054-bb3b-51a67633e6dd,worker_1,coordinator_0,NET_TRANSFER,0.000100,0.158000,Poll: Cache Status Reply
373773.710708,8000,e20db8d2-b0ae-4054-bb3b-51a67633e6dd,coordinator_0,worker_3,NET_TRANSFER,0.000100,0.158000,Poll: Check Layer Cache
373773.868708,8000,e20db8d2-b0ae-4054-bb3b-51a67633e6dd,worker_3,coordinator_0,NET_TRANSFER,0.000100,0.158000,Poll: Cache Status Reply
373774.026708,8000,e20db8d2-b0ae-4054-bb3b-51a67633e6dd,coordinator_0,worker_4,NET_TRANSFER,0.000100,0.158000,Poll: Check Layer Cache
373774.184708,8000,e20db8d2-b0ae-4054-bb3b-51a67633e6dd,worker_4,coordinator_0,NET_TRANSFER,0.000100,0.158000,Poll: Cache Status Reply
373774.342708,8000,e20db8d2-b0ae-4054-bb3b-51a67633e6dd,coordinator_0,worker_4,NET_TRANSFER,0.000100,0.158000,Poll: Check Layer Cache
373774.500708,8000,e20db8d2-b0ae-4054-bb3b-51a67633e6dd,worker_4,coordinator_0,NET_TRANSFER,0.000100,0.158000,Poll: Cache Status Reply
373774.658708,8000,e20db8d2-b0ae-4054-bb3b-51a67633e6dd,coordinator_0,worker_2,NET_TRANSFER,0.000100,0.158000,Poll: Check Layer Cache
373774.816708,8000,e20db8d2-b0ae-4054-bb3b-51a67633e6dd,worker_2,coordinator_0,NET_TRANSFER,0.000100,0.158000,Poll: Cache Status Reply
373774.974708,8000,e20db8d2-b0ae-4054-bb3b-51a67633e6dd,coordinator_0,worker_3,NET_TRANSFER,0.000100,0.158000,Poll: Check Layer Cache
373775.132708,8000,e20db8d2-b0ae-4054-bb3b-51a67633e6dd,worker_3,coordinator_0,NET_TRANSFER,0.000100,0.158000,Poll: Cache Status Reply
373775.290708,8000,e20db8d2-b0ae-4054-bb3b-51a67633e6dd,coordinator_0,worker_4,NET_TRANSFER,0.000100,0.158000,Poll: Check Layer Cache
373775.448708,8000,e20db8d2-b0ae-4054-bb3b-51a67633e6dd,worker_4,coordinator_0,NET_TRANSFER,0.000100,0.158000,Poll: Cache Status Reply
373775.606708,8000,e20db8d2-b0ae-4054-bb3b-51a67633e6dd,coordinator_0,worker_3,NET_TRANSFER,0.000100,0.158000,Poll: Check Layer Cache
373775.764708,8000,e20db8d2-b0ae-4054-bb3b-51a67633e6dd,worker_3,coordinator_0,NET_TRANSFER,0.000100,0.158000,Poll: Cache Status Reply
373775.922708,8000,e20db8d2-b0ae-4054-bb3b-51a67633e6dd,coordinator_0,worker_1,NET_TRANSFER,0.000100,0.158000,Poll: Check Layer Cache
373776.080708,8000,e20db8d2-b0ae-4054-bb3b-51a67633e6dd,worker_1,coordinator_0,NET_TRANSFER,0.000100,0.158000,Poll: Cache Status Reply
373776.238708,8000,e20db8d2-b0ae-4054-bb3b-51a67633e6dd,coordinator_0,worker_3,NET_TRANSFER,0.000100,0.158000,Poll: Check Layer Cache
373776.396708,8000,e20db8d2-b0ae-4054-bb3b-51a67633e6dd,worker_3,coordinator_0,NET_TRANSFER,0.000100,0.158000,Poll: Cache Status Reply
373776.554708,8000,e20db8d2-b0ae-4054-bb3b-51a67633e6dd,coordinator_0,worker_3,NET_TRANSFER,0.000100,0.158000,Poll: Check Layer Cache
373776.712708,8000,e20db8d2-b0ae-4054-bb3b-51a67633e6dd,worker_3,coordinator_0,NET_TRANSFER,0.000100,0.158000,Poll: Cache Status Reply
373776.870708,8000,e20db8d2-b0ae-4054-bb3b-51a67633e6dd,coordinator_0,worker_2,NET_TRANSFER,0.000100,0.158000,Poll: Check Layer Cache
373777.028708,8000,e20db8d2-b0ae-4054-bb3b-51a67633e6dd,worker_2,coordinator_0,NET_TRANSFER,0.000100,0.158000,Poll: Cache Status Reply
373777.186708,8000,e20db8d2-b0ae-4054-bb3b-51a67633e6dd,coordinator_0,worker_3,NET_TRANSFER,0.000100,0.158000,Poll: Check Layer Cache
373777.344708,8000,e20db8d2-b0ae-4054-bb3b-51a67633e6dd,worker_3,coordinator_0,NET_TRANSFER,0.000100,0.158000,Poll: Cache Status Reply
373777.502708,8000,e20db8d2-b0ae-4054-bb3b-51a67633e6dd,coordinator_0,worker_2,NET_TRANSFER,0.000100,0.158000,Poll: Check Layer Cache
373777.660708,8000,e20db8d2-b0ae-4054-bb3b-51a67633e6dd,worker_2,coordinator_0,NET_TRANSFER,0.000100,0.158000,Poll: Cache Status Reply
373777.818708,8000,e20db8d2-b0ae-4054-bb3b-51a67633e6dd,coordinator_0,worker_2,NET_TRANSFER,0.000100,0.158000,Poll: Check Layer Cache
373777.976708,8000,e20db8d2-b0ae-4054-bb3b-51a67633e6dd,worker_2,coordinator_0,NET_TRANSFER,0.000100,0.158000,Poll: Cache Status Reply
373778.134708,8000,e20db8d2-b0ae-4054-bb3b-51a67633e6dd,coordinator_0,worker_1,NET_TRANSFER,0.000100,0.158000,Poll: Check Layer Cache
373778.292708,8000,e20db8d2-b0ae-4054-bb3b-51a67633e6dd,worker_1,coordinator_0,NET_TRANSFER,0.000100,0.158000,Poll: Cache Status Reply
373778.450708,8000,e20db8d2-b0ae-4054-bb3b-51a67633e6dd,coordinator_0,worker_2,NET_TRANSFER,0.000100,0.158000,Poll: Check Layer Cache
373778.608708,8000,e20db8d2-b0ae-4054-bb3b-51a67633e6dd,worker_2,coordinator_0,NET_TRANSFER,0.000100,0.158000,Poll: Cache Status Reply
373778.766708,8000,e20db8d2-b0ae-4054-bb3b-51a67633e6dd,coordinator_0,worker_4,NET_TRANSFER,0.000100,0.158000,Poll: Check Layer Cache
373778.924708,8000,e20db8d2-b0ae-4054-bb3b-51a67633e6dd,worker_4,coordinator_0,NET_TRANSFER,0.000100,0.158000,Poll: Cache Status Reply
373779.082708,8000,e20db8d2-b0ae-4054-bb3b-51a67633e6dd,coordinator_0,worker_2,NET_TRANSFER,0.000100,0.158000,Poll: Check Layer Cache
373779.240708,8000,e20db8d2-b0ae-4054-bb3b-51a67633e6dd,worker_2,coordinator_0,NET_TRANSFER,0.000100,0.158000,Poll: Cache Status Reply
373779.398708,8000,e20db8d2-b0ae-4054-bb3b-51a67633e6dd,coordinator_0,worker_1,NET_TRANSFER,0.000100,0.158000,Poll: Check Layer Cache
373779.556708,8000,e20db8d2-b0ae-4054-bb3b-51a67633e6dd,worker_1,coordinator_0,NET_TRANSFER,0.000100,0.158000,Poll: Cache Status Reply
373779.714708,8000,e20db8d2-b0ae-4054-bb3b-51a67633e6dd,coordinator_0,worker_4,NET_TRANSFER,0.000100,0.158000,Poll: Check Layer Cache
373779.872708,8000,e20db8d2-b0ae-4054-bb3b-51a67633e6dd,worker_4,coordinator_0,NET_TRANSFER,0.000100,0.158000,Poll: Cache Status Reply
373780.030708,8000,e20db8d2-b0ae-4054-bb3b-51a67633e6dd,coordinator_0,worker_1,NET_TRANSFER,0.000100,0.158000,Poll: Check Layer Cache
373780.188708,8000,e20db8d2-b0ae-4054-bb3b-51a67633e6dd,worker_1,coordinator_0,NET_TRANSFER,0.000100,0.158000,Poll: Cache Status Reply
373780.346708,8000,e20db8d2-b0ae-4054-bb3b-51a67633e6dd,coordinator_0,worker_1,NET_TRANSFER,0.000100,0.158000,Poll: Check Layer Cache
373780.504708,8000,e20db8d2-b0ae-4054-bb3b-51a67633e6dd,worker_1,coordinator_0,NET_TRANSFER,0.000100,0.158000,Poll: Cache Status Reply
373780.662708,8000,e20db8d2-b0ae-4054-bb3b-51a67633e6dd,coordinator_0,worker_2,NET_TRANSFER,0.000100,0.158000,Poll: Check Layer Cache
373780.820708,8000,e20db8d2-b0ae-4054-bb3b-51a67633e6dd,worker_2,coordinator_0,NET_TRANSFER,0.000100,0.158000,Poll: Cache Status Reply
373780.978708,8000,e20db8d2-b0ae-4054-bb3b-51a67633e6dd,coordinator_0,worker_1,NET_TRANSFER,0.000100,0.158000,Poll: Check Layer Cache
373781.136708,8000,e20db8d2-b0ae-4054-bb3b-51a67633e6dd,worker_1,coordinator_0,NET_TRANSFER,0.000100,0.158000,Poll: Cache Status Reply
373781.294708,8000,e20db8d2-b0ae-4054-bb3b-51a67633e6dd,coordinator_0,worker_3,NET_TRANSFER,0.000100,0.158000,Poll: Check Layer Cache
373781.452708,8000,e20db8d2-b0ae-4054-bb3b-51a67633e6dd,worker_3,coordinator_0,NET_TRANSFER,0.000100,0.158000,Poll: Cache Status Reply
373781.610708,8000,e20db8d2-b0ae-4054-bb3b-51a67633e6dd,coordinator_0,worker_4,NET_TRANSFER,0.000100,0.158000,Poll: Check Layer Cache
373781.768708,8000,e20db8d2-b0ae-4054-bb3b-51a67633e6dd,worker_4,coordinator_0,NET_TRANSFER,0.000100,0.158000,Poll: Cache Status Reply
373781.926708,8000,e20db8d2-b0ae-4054-bb3b-51a67633e6dd,coordinator_0,worker_1,NET_TRANSFER,0.000100,0.158000,Poll: Check Layer Cache
373782.084708,8000,e20db8d2-b0ae-4054-bb3b-51a67633e6dd,worker_1,coordinator_0,NET_TRANSFER,0.000100,0.158000,Poll: Cache Status Reply
373782.242708,8000,e20db8d2-b0ae-4054-bb3b-51a67633e6dd,coordinator_0,worker_3,NET_TRANSFER,0.000100,0.158000,Poll: Check Layer Cache
373782.400708,8000,e20db8d2-b0ae-4054-bb3b-51a67633e6dd,worker_3,coordinator_0,NET_TRANSFER,0.000100,0.158000,Poll: Cache Status Reply
373782.558708,4002,e20db8d2-b0ae-4054-bb3b-51a67633e6dd,coordinator_0,worker_3,NET_TRANSFER,0.000100,0.158000,Poll: Check Layer Cache
373782.716708,4002,e20db8d2-b0ae-4054-bb3b-51a67633e6dd,worker_3,coordinator_0,NET_TRANSFER,0.000100,0.158000,Poll: Cache Status Reply
373782.874708,4002,e20db8d2-b0ae-4054-bb3b-51a67633e6dd,coordinator_0,worker_2,NET_TRANSFER,0.000100,0.158000,Poll: Check Layer Cache
373783.032708,4002,e20db8d2-b0ae-4054-bb3b-51a67633e6dd,worker_2,coordinator_0,NET_TRANSFER,0.000100,0.158000,Poll: Cache Status Reply
373783.190708,4002,e20db8d2-b0ae-4054-bb3b-51a67633e6dd,coordinator_0,worker_3,NET_TRANSFER,0.000100,0.158000,Poll: Check Layer Cache
373783.348708,4002,e20db8d2-b0ae-4054-bb3b-51a67633e6dd,worker_3,coordinator_0,NET_TRANSFER,0.000100,0.158000,Poll: Cache Status Reply
373783.506708,4002,e20db8d2-b0ae-4054-bb3b-51a67633e6dd,coordinator_0,worker_2,NET_TRANSFER,0.000100,0.158000,Poll: Check Layer Cache
373783.664708,4002,e20db8d2-b0ae-4054-bb3b-51a67633e6dd,worker_2,coordinator_0,NET_TRANSFER,0.000100,0.158000,Poll: Cache Status Reply
373783.822708,4002,e20db8d2-b0ae-4054-bb3b-51a67633e6dd,coordinator_0,worker_2,NET_TRANSFER,0.000100,0.158000,Poll: Check Layer Cache
373783.980708,4002,e20db8d2-b0ae-4054-bb3b-51a67633e6dd,worker_2,coordinator_0,NET_TRANSFER,0.000100,0.158000,Poll: Cache Status Reply
373784.138708,4002,e20db8d2-b0ae-4054-bb3b-51a67633e6dd,coordinator_0,worker_1,NET_TRANSFER,0.000100,0.158000,Poll: Check Layer Cache
373784.296708,4002,e20db8d2-b0ae-4054-bb3b-51a67633e6dd,worker_1,coordinator_0,NET_TRANSFER,0.000100,0.158000,Poll: Cache Status Reply
373784.454708,4002,e20db8d2-b0ae-4054-bb3b-51a67633e6dd,coordinator_0,worker_2,NET_TRANSFER,0.000100,0.158000,Poll: Check Layer Cache
373784.612708,4002,e20db8d2-b0ae-4054-bb3b-51a67633e6dd,worker_2,coordinator_0,NET_TRANSFER,0.000100,0.158000,Poll: Cache Status Reply
373784.770708,4002,e20db8d2-b0ae-4054-bb3b-51a67633e6dd,coordinator_0,worker_4,NET_TRANSFER,0.000100,0.158000,Poll: Check Layer Cache
373784.928708,4002,e20db8d2-b0ae-4054-bb3b-51a67633e6dd,worker_4,coordinator_0,NET_TRANSFER,0.000100,0.158000,Poll: Cache Status Reply
373785.086708,4002,e20db8d2-b0ae-4054-bb3b-51a67633e6dd,coordinator_0,worker_2,NET_TRANSFER,0.000100,0.158000,Poll: Check Layer Cache
373785.244708,4002,e20db8d2-b0ae-4054-bb3b-51a67633e6dd,worker_2,coordinator_0,NET_TRANSFER,0.000100,0.158000,Poll: Cache Status Reply
373785.402708,4002,e20db8d2-b0ae-4054-bb3b-51a67633e6dd,coordinator_0,worker_1,NET_TRANSFER,0.000100,0.158000,Poll: Check Layer Cache
373785.560708,4002,e20db8d2-b0ae-4054-bb3b-51a67633e6dd,worker_1,coordinator_0,NET_TRANSFER,0.000100,0.158000,Poll: Cache Status Reply
373785.718708,4002,e20db8d2-b0ae-4054-bb3b-51a67633e6dd,coordinator_0,worker_4,NET_TRANSFER,0.000100,0.158000,Poll: Check Layer Cache
373785.876708,4002,e20db8d2-b0ae-4054-bb3b-51a67633e6dd,worker_4,coordinator_0,NET_TRANSFER,0.000100,0.158000,Poll: Cache Status Reply
373786.034708,4002,e20db8d2-b0ae-4054-bb3b-51a67633e6dd,coordinator_0,worker_1,NET_TRANSFER,0.000100,0.158000,Poll: Check Layer Cache
373786.192708,4002,e20db8d2-b0ae-4054-bb3b-51a67633e6dd,worker_1,coordinator_0,NET_TRANSFER,0.000100,0.158000,Poll: Cache Status Reply
373786.350708,4002,e20db8d2-b0ae-4054-bb3b-51a67633e6dd,coordinator_0,worker_1,NET_TRANSFER,0.000100,0.158000,Poll: Check Layer Cache
373786.508708,4002,e20db8d2-b0ae-4054-bb3b-51a67633e6dd,worker_1,coordinator_0,NET_TRANSFER,0.000100,0.158000,Poll: Cache Status Reply
373786.666708,4002,e20db8d2-b0ae-4054-bb3b-51a67633e6dd,coordinator_0,worker_2,NET_TRANSFER,0.000100,0.158000,Poll: Check Layer Cache
373786.824708,4002,e20db8d2-b0ae-4054-bb3b-51a67633e6dd,worker_2,coordinator_0,NET_TRANSFER,0.000100,0.158000,Poll: Cache Status Reply
373786.982708,4002,e20db8d2-b0ae-4054-bb3b-51a67633e6dd,coordinator_0,worker_1,NET_TRANSFER,0.000100,0.158000,Poll: Check Layer Cache
373787.140708,4002,e20db8d2-b0ae-4054-bb3b-51a67633e6dd,worker_1,coordinator_0,NET_TRANSFER,0.000100,0.158000,Poll: Cache Status Reply
373787.298708,4002,e20db8d2-b0ae-4054-bb3b-51a67633e6dd,coordinator_0,worker_3,NET_TRANSFER,0.000100,0.158000,Poll: Check Layer Cache
373787.456708,4002,e20db8d2-b0ae-4054-bb3b-51a67633e6dd,worker_3,coordinator_0,NET_TRANSFER,0.000100,0.158000,Poll: Cache Status Reply
373787.614708,4002,e20db8d2-b0ae-4054-bb3b-51a67633e6dd,coordinator_0,worker_4,NET_TRANSFER,0.000100,0.158000,Poll: Check Layer Cache
373787.772708,4002,e20db8d2-b0ae-4054-bb3b-51a67633e6dd,worker_4,coordinator_0,NET_TRANSFER,0.000100,0.158000,Poll: Cache Status Reply
373787.930708,4002,e20db8d2-b0ae-4054-bb3b-51a67633e6dd,coordinator_0,worker_1,NET_TRANSFER,0.000100,0.158000,Poll: Check Layer Cache
373788.088708,4002,e20db8d2-b0ae-4054-bb3b-51a67633e6dd,worker_1,coordinator_0,NET_TRANSFER,0.000100,0.158000,Poll: Cache Status Reply
373788.246708,4002,e20db8d2-b0ae-4054-bb3b-51a67633e6dd,coordinator_0,worker_3,NET_TRANSFER,0.000100,0.158000,Poll: Check Layer Cache
373788.404708,4002,e20db8d2-b0ae-4054-bb3b-51a67633e6dd,worker_3,coordinator_0,NET_TRANSFER,0.000100,0.158000,Poll: Cache Status Reply
373788.562708,4002,e20db8d2-b0ae-4054-bb3b-51a67633e6dd,coordinator_0,worker_2,NET_TRANSFER,0.000100,0.158000,Poll: Check Layer Cache
373788.720708,4002,e20db8d2-b0ae-4054-bb3b-51a67633e6dd,worker_2,coordinator_0,NET_TRANSFER,0.000100,0.158000,Poll: Cache Status Reply
373788.878708,4002,e20db8d2-b0ae-4054-bb3b-51a67633e6dd,coordinator_0,worker_4,NET_TRANSFER,0.000100,0.158000,Poll: Check Layer Cache
373789.036708,4002,e20db8d2-b0ae-4054-bb3b-51a67633e6dd,worker_4,coordinator_0,NET_TRANSFER,0.000100,0.158000,Poll: Cache Status Reply
373789.194708,4002,e20db8d2-b0ae-4054-bb3b-51a67633e6dd,coordinator_0,worker_4,NET_TRANSFER,0.000100,0.158000,Poll: Check Layer Cache
373789.352708,4002,e20db8d2-b0ae-4054-bb3b-51a67633e6dd,worker_4,coordinator_0,NET_TRANSFER,0.000100,0.158000,Poll: Cache Status Reply
373789.510708,4002,e20db8d2-b0ae-4054-bb3b-51a67633e6dd,coordinator_0,worker_1,NET_TRANSFER,0.000100,0.158000,Poll: Check Layer Cache
373789.668708,4002,e20db8d2-b0ae-4054-bb3b-51a67633e6dd,worker_1,coordinator_0,NET_TRANSFER,0.000100,0.158000,Poll: Cache Status Reply
373789.826708,4002,e20db8d2-b0ae-4054-bb3b-51a67633e6dd,coordinator_0,worker_3,NET_TRANSFER,0.000100,0.158000,Poll: Check Layer Cache
373789.984708,4002,e20db8d2-b0ae-4054-bb3b-51a67633e6dd,worker_3,coordinator_0,NET_TRANSFER,0.000100,0.158000,Poll: Cache Status Reply
373790.142708,4002,e20db8d2-b0ae-4054-bb3b-51a67633e6dd,coordinator_0,worker_4,NET_TRANSFER,0.000100,0.158000,Poll: Check Layer Cache
373790.300708,4002,e20db8d2-b0ae-4054-bb3b-51a67633e6dd,worker_4,coordinator_0,NET_TRANSFER,0.000100,0.158000,Poll: Cache Status Reply
373790.458708,4002,e20db8d2-b0ae-4054-bb3b-51a67633e6dd,coordinator_0,worker_4,NET_TRANSFER,0.000100,0.158000,Poll: Check Layer Cache
373790.616708,4002,e20db8d2-b0ae-4054-bb3b-51a67633e6dd,worker_4,coordinator_0,NET_TRANSFER,0.000100,0.158000,Poll: Cache Status Reply
373790.774708,4002,e20db8d2-b0ae-4054-bb3b-51a67633e6dd,coordinator_0,worker_2,NET_TRANSFER,0.000100,0.158000,Poll: Check Layer Cache
373790.932708,4002,e20db8d2-b0ae-4054-bb3b-51a67633e6dd,worker_2,coordinator_0,NET_TRANSFER,0.000100,0.158000,Poll: Cache Status Reply
373791.090708,4002,e20db8d2-b0ae-4054-bb3b-51a67633e6dd,coordinator_0,worker_3,NET_TRANSFER,0.000100,0.158000,Poll: Check Layer Cache
373791.248708,4002,e20db8d2-b0ae-4054-bb3b-51a67633e6dd,worker_3,coordinator_0,NET_TRANSFER,0.000100,0.158000,Poll: Cache Status Reply
373791.406708,4002,e20db8d2-b0ae-4054-bb3b-51a67633e6dd,coordinator_0,worker_4,NET_TRANSFER,0.000100,0.158000,Poll: Check Layer Cache
373791.564708,4002,e20db8d2-b0ae-4054-bb3b-51a67633e6dd,worker_4,coordinator_0,NET_TRANSFER,0.000100,0.158000,Poll: Cache Status Reply
373791.722708,4002,e20db8d2-b0ae-4054-bb3b-51a67633e6dd,coordinator_0,worker_3,NET_TRANSFER,0.000100,0.158000,Poll: Check Layer Cache
373791.880708,4002,e20db8d2-b0ae-4054-bb3b-51a67633e6dd,worker_3,coordinator_0,NET_TRANSFER,0.000100,0.158000,Poll: Cache Status Reply
373792.038708,4002,e20db8d2-b0ae-4054-bb3b-51a67633e6dd,coordinator_0,worker_1,NET_TRANSFER,0.000100,0.158000,Poll: Check Layer Cache
373792.196708,4002,e20db8d2-b0ae-4054-bb3b-51a67633e6dd,worker_1,coordinator_0,NET_TRANSFER,0.000100,0.158000,Poll: Cache Status Reply
373792.354708,4002,e20db8d2-b0ae-4054-bb3b-51a67633e6dd,coordinator_0,worker_3,NET_TRANSFER,0.000100,0.158000,Poll: Check Layer Cache
373792.512708,4002,e20db8d2-b0ae-4054-bb3b-51a67633e6dd,worker_3,coordinator_0,NET_TRANSFER,0.000100,0.158000,Poll: Cache Status Reply
373792.670708,4004,15fff31f-88d3-4850-8c0e-5a2d28be9990,coordinator_0,worker_4,NET_TRANSFER,0.000100,0.158000,Poll: Check Layer Cache
373792.828708,4004,15fff31f-88d3-4850-8c0e-5a2d28be9990,worker_4,coordinator_0,NET_TRANSFER,0.000100,0.158000,Poll: Cache Status Reply
373792.986708,4004,15fff31f-88d3-4850-8c0e-5a2d28be9990,coordinator_0,worker_2,NET_TRANSFER,0.000100,0.158000,Poll: Check Layer Cache
373793.144708,4004,15fff31f-88d3-4850-8c0e-5a2d28be9990,worker_2,coordinator_0,NET_TRANSFER,0.000100,0.158000,Poll: Cache Status Reply
373793.302708,4004,15fff31f-88d3-4850-8c0e-5a2d28be9990,coordinator_0,worker_1,NET_TRANSFER,0.000100,0.158000,Poll: Check Layer Cache
373793.460708,4004,15fff31f-88d3-4850-8c0e-5a2d28be9990,worker_1,coordinator_0,NET_TRANSFER,0.000100,0.158000,Poll: Cache Status Reply
373793.618708,4004,15fff31f-88d3-4850-8c0e-5a2d28be9990,coordinator_0,worker_1,NET_TRANSFER,0.000100,0.158000,Poll: Check Layer Cache
373793.776708,4004,15fff31f-88d3-4850-8c0e-5a2d28be9990,worker_1,coordinator_0,NET_TRANSFER,0.000100,0.158000,Poll: Cache Status Reply
373793.934708,4004,15fff31f-88d3-4850-8c0e-5a2d28be9990,coordinator_0,worker_4,NET_TRANSFER,0.000100,0.158000,Poll: Check Layer Cache
373794.092708,4004,15fff31f-88d3-4850-8c0e-5a2d28be9990,worker_4,coordinator_0,NET_TRANSFER,0.000100,0.158000,Poll: Cache Status Reply
373794.250708,4004,15fff31f-88d3-4850-8c0e-5a2d28be9990,coordinator_0,worker_3,NET_TRANSFER,0.000100,0.158000,Poll: Check Layer Cache
373794.408708,4004,15fff31f-88d3-4850-8c0e-5a2d28be9990,worker_3,coordinator_0,NET_TRANSFER,0.000100,0.158000,Poll: Cache Status Reply
373794.566708,4004,15fff31f-88d3-4850-8c0e-5a2d28be9990,coordinator_0,worker_4,NET_TRANSFER,0.000100,0.158000,Poll: Check Layer Cache
373794.724708,4004,15fff31f-88d3-4850-8c0e-5a2d28be9990,worker_4,coordinator_0,NET_TRANSFER,0.000100,0.158000,Poll: Cache Status Reply
373794.882708,4004,15fff31f-88d3-4850-8c0e-5a2d28be9990,coordinator_0,worker_2,NET_TRANSFER,0.000100,0.158000,Poll: Check Layer Cache
373795.040708,4004,15fff31f-88d3-4850-8c0e-5a2d28be9990,worker_2,coordinator_0,NET_TRANSFER,0.000100,0.158000,Poll: Cache Status Reply
373795.198708,4004,15fff31f-88d3-4850-8c0e-5a2d28be9990,coordinator_0,worker_1,NET_TRANSFER,0.000100,0.158000,Poll: Check Layer Cache
373795.356708,4004,15fff31f-88d3-4850-8c0e-5a2d28be9990,worker_1,coordinator_0,NET_TRANSFER,0.000100,0.158000,Poll: Cache Status Reply
373795.514708,4004,15fff31f-88d3-4850-8c0e-5a2d28be9990,coordinator_0,worker_1,NET_TRANSFER,0.000100,0.158000,Poll: Check Layer Cache
373795.672708,4004,15fff31f-88d3-4850-8c0e-5a2d28be9990,worker_1,coordinator_0,NET_TRANSFER,0.000100,0.158000,Poll: Cache Status Reply
373795.830708,4004,15fff31f-88d3-4850-8c0e-5a2d28be9990,coordinator_0,worker_2,NET_TRANSFER,0.000100,0.158000,Poll: Check Layer Cache
373795.988708,4004,15fff31f-88d3-4850-8c0e-5a2d28be9990,worker_2,coordinator_0,NET_TRANSFER,0.000100,0.158000,Poll: Cache Status Reply
373796.146708,4004,15fff31f-88d3-4850-8c0e-5a2d28be9990,coordinator_0,worker_2,NET_TRANSFER,0.000100,0.158000,Poll: Check Layer Cache
373796.304708,4004,15fff31f-88d3-4850-8c0e-5a2d28be9990,worker_2,coordinator_0,NET_TRANSFER,0.000100,0.158000,Poll: Cache Status Reply
373796.462708,4004,15fff31f-88d3-4850-8c0e-5a2d28be9990,coordinator_0,worker_4,NET_TRANSFER,0.000100,0.158000,Poll: Check Layer Cache
373796.620708,4004,15fff31f-88d3-4850-8c0e-5a2d28be9990,worker_4,coordinator_0,NET_TRANSFER,0.000100,0.158000,Poll: Cache Status Reply
373796.778708,4004,15fff31f-88d3-4850-8c0e-5a2d28be9990,coordinator_0,worker_4,NET_TRANSFER,0.000100,0.158000,Poll: Check Layer Cache
373796.936708,4004,15fff31f-88d3-4850-8c0e-5a2d28be9990,worker_4,coordinator_0,NET_TRANSFER,0.000100,0.158000,Poll: Cache Status Reply
373797.094708,4004,15fff31f-88d3-4850-8c0e-5a2d28be9990,coordinator_0,worker_2,NET_TRANSFER,0.000100,0.158000,Poll: Check Layer Cache
373797.252708,4004,15fff31f-88d3-4850-8c0e-5a2d28be9990,worker_2,coordinator_0,NET_TRANSFER,0.000100,0.158000,Poll: Cache Status Reply
373797.410708,4004,15fff31f-88d3-4850-8c0e-5a2d28be9990,coordinator_0,worker_2,NET_TRANSFER,0.000100,0.158000,Poll: Check Layer Cache
373797.568708,4004,15fff31f-88d3-4850-8c0e-5a2d28be9990,worker_2,coordinator_0,NET_TRANSFER,0.000100,0.158000,Poll: Cache Status Reply
373797.726708,4004,15fff31f-88d3-4850-8c0e-5a2d28be9990,coordinator_0,worker_3,NET_TRANSFER,0.000100,0.158000,Poll: Check Layer Cache
373797.884708,4004,15fff31f-88d3-4850-8c0e-5a2d28be9990,worker_3,coordinator_0,NET_TRANSFER,0.000100,0.158000,Poll: Cache Status Reply
373798.042708,4004,15fff31f-88d3-4850-8c0e-5a2d28be9990,coordinator_0,worker_3,NET_TRANSFER,0.000100,0.158000,Poll: Check Layer Cache
373798.200708,4004,15fff31f-88d3-4850-8c0e-5a2d28be9990,worker_3,coordinator_0,NET_TRANSFER,0.000100,0.158000,Poll: Cache Status Reply
373798.358708,4004,15fff31f-88d3-4850-8c0e-5a2d28be9990,coordinator_0,worker_4,NET_TRANSFER,0.000100,0.158000,Poll: Check Layer Cache
373798.516708,4004,15fff31f-88d3-4850-8c0e-5a2d28be9990,worker_4,coordinator_0,NET_TRANSFER,0.000100,0.158000,Poll: Cache Status Reply
373798.674708,4004,15fff31f-88d3-4850-8c0e-5a2d28be9990,coordinator_0,worker_2,NET_TRANSFER,0.000100,0.158000,Poll: Check Layer Cache
373798.832708,4004,15fff31f-88d3-4850-8c0e-5a2d28be9990,worker_2,coordinator_0,NET_TRANSFER,0.000100,0.158000,Poll: Cache Status Reply
373798.990708,4004,15fff31f-88d3-4850-8c0e-5a2d28be9990,coordinator_0,worker_2,NET_TRANSFER,0.000100,0.158000,Poll: Check Layer Cache
373799.148708,4004,15fff31f-88d3-4850-8c0e-5a2d28be9990,worker_2,coordinator_0,NET_TRANSFER,0.000100,0.158000,Poll: Cache Status Reply
373799.306708,4004,15fff31f-88d3-4850-8c0e-5a2d28be9990,coordinator_0,worker_3,NET_TRANSFER,0.000100,0.158000,Poll: Check Layer Cache
373799.464708,4004,15fff31f-88d3-4850-8c0e-5a2d28be9990,worker_3,coordinator_0,NET_TRANSFER,0.000100,0.158000,Poll: Cache Status Reply
373799.622708,4004,15fff31f-88d3-4850-8c0e-5a2d28be9990,coordinator_0,worker_4,NET_TRANSFER,0.000100,0.158000,Poll: Check Layer Cache
373799.780708,4004,15fff31f-88d3-4850-8c0e-5a2d28be9990,worker_4,coordinator_0,NET_TRANSFER,0.000100,0.158000,Poll: Cache Status Reply
373799.938708,4004,15fff31f-88d3-4850-8c0e-5a2d28be9990,coordinator_0,worker_4,NET_TRANSFER,0.000100,0.158000,Poll: Check Layer Cache
373800.096708,4004,15fff31f-88d3-4850-8c0e-5a2d28be9990,worker_4,coordinator_0,NET_TRANSFER,0.000100,0.158000,Poll: Cache Status Reply
373800.254708,4004,15fff31f-88d3-4850-8c0e-5a2d28be9990,coordinator_0,worker_4,NET_TRANSFER,0.000100,0.158000,Poll: Check Layer Cache
373800.412708,4004,15fff31f-88d3-4850-8c0e-5a2d28be9990,worker_4,coordinator_0,NET_TRANSFER,0.000100,0.158000,Poll: Cache Status Reply
373800.570708,4004,15fff31f-88d3-4850-8c0e-5a2d28be9990,coordinator_0,worker_1,NET_TRANSFER,0.000100,0.158000,Poll: Check Layer Cache
373800.728708,4004,15fff31f-88d3-4850-8c0e-5a2d28be9990,worker_1,coordinator_0,NET_TRANSFER,0.000100,0.158000,Poll: Cache Status Reply
373800.886708,4004,15fff31f-88d3-4850-8c0e-5a2d28be9990,coordinator_0,worker_3,NET_TRANSFER,0.000100,0.158000,Poll: Check Layer Cache
373801.044708,4004,15fff31f-88d3-4850-8c0e-5a2d28be9990,worker_3,coordinator_0,NET_TRANSFER,0.000100,0.158000,Poll: Cache Status Reply
373801.202708,4004,15fff31f-88d3-4850-8c0e-5a2d28be9990,coordinator_0,worker_1,NET_TRANSFER,0.000100,0.158000,Poll: Check Layer Cache
373801.360708,4004,15fff31f-88d3-4850-8c0e-5a2d28be9990,worker_1,coordinator_0,NET_TRANSFER,0.000100,0.158000,Poll: Cache Status Reply
373801.518708,4004,15fff31f-88d3-4850-8c0e-5a2d28be9990,coordinator_0,worker_3,NET_TRANSFER,0.000100,0.158000,Poll: Check Layer Cache
373801.676708,4004,15fff31f-88d3-4850-8c0e-5a2d28be9990,worker_3,coordinator_0,NET_TRANSFER,0.000100,0.158000,Poll: Cache Status Reply
373801.834708,4004,15fff31f-88d3-4850-8c0e-5a2d28be9990,coordinator_0,worker_1,NET_TRANSFER,0.000100,0.158000,Poll: Check Layer Cache
373801.992708,4004,15fff31f-88d3-4850-8c0e-5a2d28be9990,worker_1,coordinator_0,NET_TRANSFER,0.000100,0.158000,Poll: Cache Status Reply
373802.150708,4004,15fff31f-88d3-4850-8c0e-5a2d28be9990,coordinator_0,worker_3,NET_TRANSFER,0.000100,0.158000,Poll: Check Layer Cache
373802.308708,4004,15fff31f-88d3-4850-8c0e-5a2d28be9990,worker_3,coordinator_0,NET_TRANSFER,0.000100,0.158000,Poll: Cache Status Reply
373802.466708,4004,15fff31f-88d3-4850-8c0e-5a2d28be9990,coordinator_0,worker_2,NET_TRANSFER,0.000100,0.158000,Poll: Check Layer Cache
373802.624708,4004,15fff31f-88d3-4850-8c0e-5a2d28be9990,worker_2,coordinator_0,NET_TRANSFER,0.000100,0.158000,Poll: Cache Status Reply
373802.782708,4004,15fff31f-88d3-4850-8c0e-5a2d28be9990,coordinator_0,worker_3,NET_TRANSFER,0.000100,0.158000,Poll: Check Layer Cache
373802.940708,4004,15fff31f-88d3-4850-8c0e-5a2d28be9990,worker_3,coordinator_0,NET_TRANSFER,0.000100,0.158000,Poll: Cache Status Reply
373803.098708,4004,15fff31f-88d3-4850-8c0e-5a2d28be9990,coordinator_0,worker_3,NET_TRANSFER,0.000100,0.158000,Poll: Check Layer Cache
373803.256708,4004,15fff31f-88d3-4850-8c0e-5a2d28be9990,worker_3,coordinator_0,NET_TRANSFER,0.000100,0.158000,Poll: Cache Status Reply
373803.414708,4004,15fff31f-88d3-4850-8c0e-5a2d28be9990,coordinator_0,worker_1,NET_TRANSFER,0.000100,0.158000,Poll: Check Layer Cache
373803.572708,4004,15fff31f-88d3-4850-8c0e-5a2d28be9990,worker_1,coordinator_0,NET_TRANSFER,0.000100,0.158000,Poll: Cache Status Reply
373803.730708,1002,e20db8d2-b0ae-4054-bb3b-51a67633e6dd,coordinator_0,worker_3,NET_TRANSFER,0.000100,0.158000,Poll: Check Layer Cache
373803.888708,1002,e20db8d2-b0ae-4054-bb3b-51a67633e6dd,worker_3,coordinator_0,NET_TRANSFER,0.000100,0.158000,Poll: Cache Status Reply
373804.046708,1002,e20db8d2-b0ae-4054-bb3b-51a67633e6dd,coordinator_0,worker_1,NET_TRANSFER,0.000100,0.158000,Poll: Check Layer Cache
373804.204708,1002,e20db8d2-b0ae-4054-bb3b-51a67633e6dd,worker_1,coordinator_0,NET_TRANSFER,0.000100,0.158000,Poll: Cache Status Reply
373804.362708,1002,e20db8d2-b0ae-4054-bb3b-51a67633e6dd,coordinator_0,worker_3,NET_TRANSFER,0.000100,0.158000,Poll: Check Layer Cache
373804.520708,1002,e20db8d2-b0ae-4054-bb3b-51a67633e6dd,worker_3,coordinator_0,NET_TRANSFER,0.000100,0.158000,Poll: Cache Status Reply
373804.678708,1002,e20db8d2-b0ae-4054-bb3b-51a67633e6dd,coordinator_0,worker_3,NET_TRANSFER,0.000100,0.158000,Poll: Check Layer Cache
373804.836708,1002,e20db8d2-b0ae-4054-bb3b-51a67633e6dd,worker_3,coordinator_0,NET_TRANSFER,0.000100,0.158000,Poll: Cache Status Reply
373804.994708,1002,e20db8d2-b0ae-4054-bb3b-51a67633e6dd,coordinator_0,worker_2,NET_TRANSFER,0.000100,0.158000,Poll: Check Layer Cache
373805.152708,1002,e20db8d2-b0ae-4054-bb3b-51a67633e6dd,worker_2,coordinator_0,NET_TRANSFER,0.000100,0.158000,Poll: Cache Status Reply
373805.310708,1002,e20db8d2-b0ae-4054-bb3b-51a67633e6dd,coordinator_0,worker_3,NET_TRANSFER,0.000100,0.158000,Poll: Check Layer Cache
373805.468708,1002,e20db8d2-b0ae-4054-bb3b-51a67633e6dd,worker_3,coordinator_0,NET_TRANSFER,0.000100,0.158000,Poll: Cache Status Reply
373805.626708,1002,e20db8d2-b0ae-4054-bb3b-51a67633e6dd,coordinator_0,worker_2,NET_TRANSFER,0.000100,0.158000,Poll: Check Layer Cache
373805.784708,1002,e20db8d2-b0ae-4054-bb3b-51a67633e6dd,worker_2,coordinator_0,NET_TRANSFER,0.000100,0.158000,Poll: Cache Status Reply
373805.942708,1002,e20db8d2-b0ae-4054-bb3b-51a67633e6dd,coordinator_0,worker_2,NET_TRANSFER,0.000100,0.158000,Poll: Check Layer Cache
373806.100708,1002,e20db8d2-b0ae-4054-bb3b-51a67633e6dd,worker_2,coordinator_0,NET_TRANSFER,0.000100,0.158000,Poll: Cache Status Reply
373806.258708,1002,e20db8d2-b0ae-4054-bb3b-51a67633e6dd,coordinator_0,worker_1,NET_TRANSFER,0.000100,0.158000,Poll: Check Layer Cache
373806.416708,1002,e20db8d2-b0ae-4054-bb3b-51a67633e6dd,worker_1,coordinator_0,NET_TRANSFER,0.000100,0.158000,Poll: Cache Status Reply
373806.574708,1002,e20db8d2-b0ae-4054-bb3b-51a67633e6dd,coordinator_0,worker_2,NET_TRANSFER,0.000100,0.158000,Poll: Check Layer Cache
373806.732708,1002,e20db8d2-b0ae-4054-bb3b-51a67633e6dd,worker_2,coordinator_0,NET_TRANSFER,0.000100,0.158000,Poll: Cache Status Reply
373806.890708,1002,e20db8d2-b0ae-4054-bb3b-51a67633e6dd,coordinator_0,worker_4,NET_TRANSFER,0.000100,0.158000,Poll: Check Layer Cache
373807.048708,1002,e20db8d2-b0ae-4054-bb3b-51a67633e6dd,worker_4,coordinator_0,NET_TRANSFER,0.000100,0.158000,Poll: Cache Status Reply
373807.206708,1002,e20db8d2-b0ae-4054-bb3b-51a67633e6dd,coordinator_0,worker_2,NET_TRANSFER,0.000100,0.158000,Poll: Check Layer Cache
373807.364708,1002,e20db8d2-b0ae-4054-bb3b-51a67633e6dd,worker_2,coordinator_0,NET_TRANSFER,0.000100,0.158000,Poll: Cache Status Reply
373807.522708,1002,e20db8d2-b0ae-4054-bb3b-51a67633e6dd,coordinator_0,worker_1,NET_TRANSFER,0.000100,0.158000,Poll: Check Layer Cache
373807.680708,1002,e20db8d2-b0ae-4054-bb3b-51a67633e6dd,worker_1,coordinator_0,NET_TRANSFER,0.000100,0.158000,Poll: Cache Status Reply
373807.838708,1002,e20db8d2-b0ae-4054-bb3b-51a67633e6dd,coordinator_0,worker_4,NET_TRANSFER,0.000100,0.158000,Poll: Check Layer Cache
373807.996708,1002,e20db8d2-b0ae-4054-bb3b-51a67633e6dd,worker_4,coordinator_0,NET_TRANSFER,0.000100,0.158000,Poll: Cache Status Reply
373808.154708,1002,e20db8d2-b0ae-4054-bb3b-51a67633e6dd,coordinator_0,worker_1,NET_TRANSFER,0.000100,0.158000,Poll: Check Layer Cache
373808.312708,1002,e20db8d2-b0ae-4054-bb3b-51a67633e6dd,worker_1,coordinator_0,NET_TRANSFER,0.000100,0.158000,Poll: Cache Status Reply
373808.470708,1002,e20db8d2-b0ae-4054-bb3b-51a67633e6dd,coordinator_0,worker_1,NET_TRANSFER,0.000100,0.158000,Poll: Check Layer Cache
373808.628708,1002,e20db8d2-b0ae-4054-bb3b-51a67633e6dd,worker_1,coordinator_0,NET_TRANSFER,0.000100,0.158000,Poll: Cache Status Reply
373808.786708,1002,e20db8d2-b0ae-4054-bb3b-51a67633e6dd,coordinator_0,worker_2,NET_TRANSFER,0.000100,0.158000,Poll: Check Layer Cache
373808.944708,1002,e20db8d2-b0ae-4054-bb3b-51a67633e6dd,worker_2,coordinator_0,NET_TRANSFER,0.000100,0.158000,Poll: Cache Status Reply
373809.102708,1002,e20db8d2-b0ae-4054-bb3b-51a67633e6dd,coordinator_0,worker_1,NET_TRANSFER,0.000100,0.158000,Poll: Check Layer Cache
373809.260708,1002,e20db8d2-b0ae-4054-bb3b-51a67633e6dd,worker_1,coordinator_0,NET_TRANSFER,0.000100,0.158000,Poll: Cache Status Reply
373809.418708,1002,e20db8d2-b0ae-4054-bb3b-51a67633e6dd,coordinator_0,worker_3,NET_TRANSFER,0.000100,0.158000,Poll: Check Layer Cache
373809.576708,1002,e20db8d2-b0ae-4054-bb3b-51a67633e6dd,worker_3,coordinator_0,NET_TRANSFER,0.000100,0.158000,Poll: Cache Status Reply
373809.734708,1002,e20db8d2-b0ae-4054-bb3b-51a67633e6dd,coordinator_0,worker_4,NET_TRANSFER,0.000100,0.158000,Poll: Check Layer Cache
373809.892708,1002,e20db8d2-b0ae-4054-bb3b-51a67633e6dd,worker_4,coordinator_0,NET_TRANSFER,0.000100,0.158000,Poll: Cache Status Reply
373810.050708,1002,e20db8d2-b0ae-4054-bb3b-51a67633e6dd,coordinator_0,worker_1,NET_TRANSFER,0.000100,0.158000,Poll: Check Layer Cache
373810.208708,1002,e20db8d2-b0ae-4054-bb3b-51a67633e6dd,worker_1,coordinator_0,NET_TRANSFER,0.000100,0.158000,Poll: Cache Status Reply
373810.366708,1002,e20db8d2-b0ae-4054-bb3b-51a67633e6dd,coordinator_0,worker_3,NET_TRANSFER,0.000100,0.158000,Poll: Check Layer Cache
373810.524708,1002,e20db8d2-b0ae-4054-bb3b-51a67633e6dd,worker_3,coordinator_0,NET_TRANSFER,0.000100,0.158000,Poll: Cache Status Reply
373810.682708,1002,e20db8d2-b0ae-4054-bb3b-51a67633e6dd,coordinator_0,worker_2,NET_TRANSFER,0.000100,0.158000,Poll: Check Layer Cache
373810.840708,1002,e20db8d2-b0ae-4054-bb3b-51a67633e6dd,worker_2,coordinator_0,NET_TRANSFER,0.000100,0.158000,Poll: Cache Status Reply
373810.998708,1002,e20db8d2-b0ae-4054-bb3b-51a67633e6dd,coordinator_0,worker_4,NET_TRANSFER,0.000100,0.158000,Poll: Check Layer Cache
373811.156708,1002,e20db8d2-b0ae-4054-bb3b-51a67633e6dd,worker_4,coordinator_0,NET_TRANSFER,0.000100,0.158000,Poll: Cache Status Reply
373811.314708,1002,e20db8d2-b0ae-4054-bb3b-51a67633e6dd,coordinator_0,worker_4,NET_TRANSFER,0.000100,0.158000,Poll: Check Layer Cache
373811.472708,1002,e20db8d2-b0ae-4054-bb3b-51a67633e6dd,worker_4,coordinator_0,NET_TRANSFER,0.000100,0.158000,Poll: Cache Status Reply
373811.630708,1002,e20db8d2-b0ae-4054-bb3b-51a67633e6dd,coordinator_0,worker_1,NET_TRANSFER,0.000100,0.158000,Poll: Check Layer Cache
373811.788708,1002,e20db8d2-b0ae-4054-bb3b-51a67633e6dd,worker_1,coordinator_0,NET_TRANSFER,0.000100,0.158000,Poll: Cache Status Reply
373811.946708,1002,e20db8d2-b0ae-4054-bb3b-51a67633e6dd,coordinator_0,worker_3,NET_TRANSFER,0.000100,0.158000,Poll: Check Layer Cache
373812.104708,1002,e20db8d2-b0ae-4054-bb3b-51a67633e6dd,worker_3,coordinator_0,NET_TRANSFER,0.000100,0.158000,Poll: Cache Status Reply
373812.262708,1002,e20db8d2-b0ae-4054-bb3b-51a67633e6dd,coordinator_0,worker_4,NET_TRANSFER,0.000100,0.158000,Poll: Check Layer Cache
373812.420708,1002,e20db8d2-b0ae-4054-bb3b-51a67633e6dd,worker_4,coordinator_0,NET_TRANSFER,0.000100,0.158000,Poll: Cache Status Reply
373812.578708,1002,e20db8d2-b0ae-4054-bb3b-51a67633e6dd,coordinator_0,worker_4,NET_TRANSFER,0.000100,0.158000,Poll: Check Layer Cache
373812.736708,1002,e20db8d2-b0ae-4054-bb3b-51a67633e6dd,worker_4,coordinator_0,NET_TRANSFER,0.000100,0.158000,Poll: Cache Status Reply
373812.894708,1002,e20db8d2-b0ae-4054-bb3b-51a67633e6dd,coordinator_0,worker_2,NET_TRANSFER,0.000100,0.158000,Poll: Check Layer Cache
373813.052708,1002,e20db8d2-b0ae-4054-bb3b-51a67633e6dd,worker_2,coordinator_0,NET_TRANSFER,0.000100,0.158000,Poll: Cache Status Reply
373813.210708,1002,e20db8d2-b0ae-4054-bb3b-51a67633e6dd,coordinator_0,worker_3,NET_TRANSFER,0.000100,0.158000,Poll: Check Layer Cache
373813.368708,1002,e20db8d2-b0ae-4054-bb3b-51a67633e6dd,worker_3,coordinator_0,NET_TRANSFER,0.000100,0.158000,Poll: Cache Status Reply
373813.526708,1002,e20db8d2-b0ae-4054-bb3b-51a67633e6dd,coordinator_0,worker_4,NET_TRANSFER,0.000100,0.158000,Poll: Check Layer Cache
373813.684708,1002,e20db8d2-b0ae-4054-bb3b-51a67633e6dd,worker_4,coordinator_0,NET_TRANSFER,0.000100,0.158000,Poll: Cache Status Reply
373813.842708,6001,e20db8d2-b0ae-4054-bb3b-51a67633e6dd,coordinator_0,worker_4,NET_TRANSFER,0.000100,0.158000,Poll: Check Layer Cache
373814.000708,6001,e20db8d2-b0ae-4054-bb3b-51a67633e6dd,worker_4,coordinator_0,NET_TRANSFER,0.000100,0.158000,Poll: Cache Status Reply
373814.158708,6001,e20db8d2-b0ae-4054-bb3b-51a67633e6dd,coordinator_0,worker_3,NET_TRANSFER,0.000100,0.158000,Poll: Check Layer Cache
373814.316708,6001,e20db8d2-b0ae-4054-bb3b-51a67633e6dd,worker_3,coordinator_0,NET_TRANSFER,0.000100,0.158000,Poll: Cache Status Reply
373814.474708,6001,e20db8d2-b0ae-4054-bb3b-51a67633e6dd,coordinator_0,worker_1,NET_TRANSFER,0.000100,0.158000,Poll: Check Layer Cache
373814.632708,6001,e20db8d2-b0ae-4054-bb3b-51a67633e6dd,worker_1,coordinator_0,NET_TRANSFER,0.000100,0.158000,Poll: Cache Status Reply
373814.790708,6001,e20db8d2-b0ae-4054-bb3b-51a67633e6dd,coordinator_0,worker_3,NET_TRANSFER,0.000100,0.158000,Poll: Check Layer Cache
373814.948708,6001,e20db8d2-b0ae-4054-bb3b-51a67633e6dd,worker_3,coordinator_0,NET_TRANSFER,0.000100,0.158000,Poll: Cache Status Reply
373815.106708,6001,e20db8d2-b0ae-4054-bb3b-51a67633e6dd,coordinator_0,worker_3,NET_TRANSFER,0.000100,0.158000,Poll: Check Layer Cache
373815.264708,6001,e20db8d2-b0ae-4054-bb3b-51a67633e6dd,worker_3,coordinator_0,NET_TRANSFER,0.000100,0.158000,Poll: Cache Status Reply
373815.422708,6001,e20db8d2-b0ae-4054-bb3b-51a67633e6dd,coordinator_0,worker_2,NET_TRANSFER,0.000100,0.158000,Poll: Check Layer Cache
373815.580708,6001,e20db8d2-b0ae-4054-bb3b-51a67633e6dd,worker_2,coordinator_0,NET_TRANSFER,0.000100,0.158000,Poll: Cache Status Reply
373815.738708,6001,e20db8d2-b0ae-4054-bb3b-51a67633e6dd,coordinator_0,worker_3,NET_TRANSFER,0.000100,0.158000,Poll: Check Layer Cache
373815.896708,6001,e20db8d2-b0ae-4054-bb3b-51a67633e6dd,worker_3,coordinator_0,NET_TRANSFER,0.000100,0.158000,Poll: Cache Status Reply
373816.054708,6001,e20db8d2-b0ae-4054-bb3b-51a67633e6dd,coordinator_0,worker_2,NET_TRANSFER,0.000100,0.158000,Poll: Check Layer Cache
373816.212708,6001,e20db8d2-b0ae-4054-bb3b-51a67633e6dd,worker_2,coordinator_0,NET_TRANSFER,0.000100,0.158000,Poll: Cache Status Reply
373816.370708,6001,e20db8d2-b0ae-4054-bb3b-51a67633e6dd,coordinator_0,worker_2,NET_TRANSFER,0.000100,0.158000,Poll: Check Layer Cache
373816.528708,6001,e20db8d2-b0ae-4054-bb3b-51a67633e6dd,worker_2,coordinator_0,NET_TRANSFER,0.000100,0.158000,Poll: Cache Status Reply
373816.686708,6001,e20db8d2-b0ae-4054-bb3b-51a67633e6dd,coordinator_0,worker_1,NET_TRANSFER,0.000100,0.158000,Poll: Check Layer Cache
373816.844708,6001,e20db8d2-b0ae-4054-bb3b-51a67633e6dd,worker_1,coordinator_0,NET_TRANSFER,0.000100,0.158000,Poll: Cache Status Reply
373817.002708,6001,e20db8d2-b0ae-4054-bb3b-51a67633e6dd,coordinator_0,worker_2,NET_TRANSFER,0.000100,0.158000,Poll: Check Layer Cache
373817.160708,6001,e20db8d2-b0ae-4054-bb3b-51a67633e6dd,worker_2,coordinator_0,NET_TRANSFER,0.000100,0.158000,Poll: Cache Status Reply
373817.318708,6001,e20db8d2-b0ae-4054-bb3b-51a67633e6dd,coordinator_0,worker_4,NET_TRANSFER,0.000100,0.158000,Poll: Check Layer Cache
373817.476708,6001,e20db8d2-b0ae-4054-bb3b-51a67633e6dd,worker_4,coordinator_0,NET_TRANSFER,0.000100,0.158000,Poll: Cache Status Reply
373817.634708,6001,e20db8d2-b0ae-4054-bb3b-51a67633e6dd,coordinator_0,worker_2,NET_TRANSFER,0.000100,0.158000,Poll: Check Layer Cache
373817.792708,6001,e20db8d2-b0ae-4054-bb3b-51a67633e6dd,worker_2,coordinator_0,NET_TRANSFER,0.000100,0.158000,Poll: Cache Status Reply
373817.950708,6001,e20db8d2-b0ae-4054-bb3b-51a67633e6dd,coordinator_0,worker_1,NET_TRANSFER,0.000100,0.158000,Poll: Check Layer Cache
373818.108708,6001,e20db8d2-b0ae-4054-bb3b-51a67633e6dd,worker_1,coordinator_0,NET_TRANSFER,0.000100,0.158000,Poll: Cache Status Reply
373818.266708,6001,e20db8d2-b0ae-4054-bb3b-51a67633e6dd,coordinator_0,worker_4,NET_TRANSFER,0.000100,0.158000,Poll: Check Layer Cache
373818.424708,6001,e20db8d2-b0ae-4054-bb3b-51a67633e6dd,worker_4,coordinator_0,NET_TRANSFER,0.000100,0.158000,Poll: Cache Status Reply
373818.582708,6001,e20db8d2-b0ae-4054-bb3b-51a67633e6dd,coordinator_0,worker_1,NET_TRANSFER,0.000100,0.158000,Poll: Check Layer Cache
373818.740708,6001,e20db8d2-b0ae-4054-bb3b-51a67633e6dd,worker_1,coordinator_0,NET_TRANSFER,0.000100,0.158000,Poll: Cache Status Reply
373818.898708,6001,e20db8d2-b0ae-4054-bb3b-51a67633e6dd,coordinator_0,worker_1,NET_TRANSFER,0.000100,0.158000,Poll: Check Layer Cache
373819.056708,6001,e20db8d2-b0ae-4054-bb3b-51a67633e6dd,worker_1,coordinator_0,NET_TRANSFER,0.000100,0.158000,Poll: Cache Status Reply
373819.214708,6001,e20db8d2-b0ae-4054-bb3b-51a67633e6dd,coordinator_0,worker_2,NET_TRANSFER,0.000100,0.158000,Poll: Check Layer Cache
373819.372708,6001,e20db8d2-b0ae-4054-bb3b-51a67633e6dd,worker_2,coordinator_0,NET_TRANSFER,0.000100,0.158000,Poll: Cache Status Reply
373819.530708,6001,e20db8d2-b0ae-4054-bb3b-51a67633e6dd,coordinator_0,worker_1,NET_TRANSFER,0.000100,0.158000,Poll: Check Layer Cache
373819.688708,6001,e20db8d2-b0ae-4054-bb3b-51a67633e6dd,worker_1,coordinator_0,NET_TRANSFER,0.000100,0.158000,Poll: Cache Status Reply
373819.846708,6001,e20db8d2-b0ae-4054-bb3b-51a67633e6dd,coordinator_0,worker_3,NET_TRANSFER,0.000100,0.158000,Poll: Check Layer Cache
373820.004708,6001,e20db8d2-b0ae-4054-bb3b-51a67633e6dd,worker_3,coordinator_0,NET_TRANSFER,0.000100,0.158000,Poll: Cache Status Reply
373820.162708,6001,e20db8d2-b0ae-4054-bb3b-51a67633e6dd,coordinator_0,worker_4,NET_TRANSFER,0.000100,0.158000,Poll: Check Layer Cache
373820.320708,6001,e20db8d2-b0ae-4054-bb3b-51a67633e6dd,worker_4,coordinator_0,NET_TRANSFER,0.000100,0.158000,Poll: Cache Status Reply
373820.478708,6001,e20db8d2-b0ae-4054-bb3b-51a67633e6dd,coordinator_0,worker_1,NET_TRANSFER,0.000100,0.158000,Poll: Check Layer Cache
373820.636708,6001,e20db8d2-b0ae-4054-bb3b-51a67633e6dd,worker_1,coordinator_0,NET_TRANSFER,0.000100,0.158000,Poll: Cache Status Reply
373820.794708,6001,e20db8d2-b0ae-4054-bb3b-51a67633e6dd,coordinator_0,worker_3,NET_TRANSFER,0.000100,0.158000,Poll: Check Layer Cache
373820.952708,6001,e20db8d2-b0ae-4054-bb3b-51a67633e6dd,worker_3,coordinator_0,NET_TRANSFER,0.000100,0.158000,Poll: Cache Status Reply
373821.110708,6001,e20db8d2-b0ae-4054-bb3b-51a67633e6dd,coordinator_0,worker_2,NET_TRANSFER,0.000100,0.158000,Poll: Check Layer Cache
373821.268708,6001,e20db8d2-b0ae-4054-bb3b-51a67633e6dd,worker_2,coordinator_0,NET_TRANSFER,0.000100,0.158000,Poll: Cache Status Reply
373821.426708,6001,e20db8d2-b0ae-4054-bb3b-51a67633e6dd,coordinator_0,worker_4,NET_TRANSFER,0.000100,0.158000,Poll: Check Layer Cache
373821.584708,6001,e20db8d2-b0ae-4054-bb3b-51a67633e6dd,worker_4,coordinator_0,NET_TRANSFER,0.000100,0.158000,Poll: Cache Status Reply
373821.742708,6001,e20db8d2-b0ae-4054-bb3b-51a67633e6dd,coordinator_0,worker_4,NET_TRANSFER,0.000100,0.158000,Poll: Check Layer Cache
373821.900708,6001,e20db8d2-b0ae-4054-bb3b-51a67633e6dd,worker_4,coordinator_0,NET_TRANSFER,0.000100,0.158000,Poll: Cache Status Reply
373822.058708,6001,e20db8d2-b0ae-4054-bb3b-51a67633e6dd,coordinator_0,worker_1,NET_TRANSFER,0.000100,0.158000,Poll: Check Layer Cache
373822.216708,6001,e20db8d2-b0ae-4054-bb3b-51a67633e6dd,worker_1,coordinator_0,NET_TRANSFER,0.000100,0.158000,Poll: Cache Status Reply
373822.374708,6001,e20db8d2-b0ae-4054-bb3b-51a67633e6dd,coordinator_0,worker_3,NET_TRANSFER,0.000100,0.158000,Poll: Check Layer Cache
373822.532708,6001,e20db8d2-b0ae-4054-bb3b-51a67633e6dd,worker_3,coordinator_0,NET_TRANSFER,0.000100,0.158000,Poll: Cache Status Reply
373822.690708,6001,e20db8d2-b0ae-4054-bb3b-51a67633e6dd,coordinator_0,worker_4,NET_TRANSFER,0.000100,0.158000,Poll: Check Layer Cache
373822.848708,6001,e20db8d2-b0ae-4054-bb3b-51a67633e6dd,worker_4,coordinator_0,NET_TRANSFER,0.000100,0.158000,Poll: Cache Status Reply
373823.006708,6001,e20db8d2-b0ae-4054-bb3b-51a67633e6dd,coordinator_0,worker_4,NET_TRANSFER,0.000100,0.158000,Poll: Check Layer Cache
373823.164708,6001,e20db8d2-b0ae-4054-bb3b-51a67633e6dd,worker_4,coordinator_0,NET_TRANSFER,0.000100,0.158000,Poll: Cache Status Reply
373823.322708,6001,e20db8d2-b0ae-4054-bb3b-51a67633e6dd,coordinator_0,worker_2,NET_TRANSFER,0.000100,0.158000,Poll: Check Layer Cache
373823.480708,6001,e20db8d2-b0ae-4054-bb3b-51a67633e6dd,worker_2,coordinator_0,NET_TRANSFER,0.000100,0.158000,Poll: Cache Status Reply
373823.638708,6001,e20db8d2-b0ae-4054-bb3b-51a67633e6dd,coordinator_0,worker_3,NET_TRANSFER,0.000100,0.158000,Poll: Check Layer Cache
373823.796708,6001,e20db8d2-b0ae-4054-bb3b-51a67633e6dd,worker_3,coordinator_0,NET_TRANSFER,0.000100,0.158000,Poll: Cache Status Reply
373823.954708,10012,6ccfbc3d-d25e-406e-becc-65761946e770,client_10,coordinator_0,NET_TRANSFER,0.000100,0.158000,Request Model ID
373824.112708,10011,cd2cf452-d2fc-4e99-8950-ca96ce00112d,client_10,coordinator_0,NET_TRANSFER,0.000100,0.158000,Request Model ID
373824.270708,5008,23c32e69-89c8-4a98-9507-a520351cbbe5,client_5,coordinator_0,NET_TRANSFER,0.000100,0.158000,Request Model ID
373824.428708,5008,7e5ffa42-649f-4b09-b2be-5899466a7e7f,client_5,coordinator_0,NET_TRANSFER,0.000100,0.158000,Request Model ID
373824.586708,7007,55662345-9a0e-4240-bb68-bdd4a322edd8,client_7,coordinator_0,NET_TRANSFER,0.000100,0.158000,Request Model ID
373824.744708,1006,05c888f5-48fd-4c78-b8ff-c3d7e25250ee,client_1,coordinator_0,NET_TRANSFER,0.000100,0.158000,Request Model ID
373824.902708,1006,05c888f5-48fd-4c78-b8ff-c3d7e25250ee,client_1,coordinator_0,NET_TRANSFER,0.000100,0.158000,Request Model ID
373825.060708,2008,05c888f5-48fd-4c78-b8ff-c3d7e25250ee,client_2,coordinator_0,NET_TRANSFER,0.000100,0.158000,Request Model ID
373825.218708,6007,ae026cd0-a180-4a3d-b4e9-e069996002cf,client_6,coordinator_0,NET_TRANSFER,0.000100,0.158000,Request Model ID
373825.376708,9010,baa413d8-8be1-4108-9c52-2f3dc7ca37d0,client_9,coordinator_0,NET_TRANSFER,0.000100,0.158000,Request Model ID
373825.534708,9008,84d5c4ea-b47c-4be4-9a0c-8c69f86179a8,client_9,coordinator_0,NET_TRANSFER,0.000100,0.158000,Request Model ID
373825.692708,6011,b28fb40b-1a7d-4ab2-bdcc-664e20576c66,client_6,coordinator_0,NET_TRANSFER,0.000100,0.158000,Request Model ID
373825.850708,10016,abbad5ca-f5f2-4403-8f6a-ab171a8a04ec,client_10,coordinator_0,NET_TRANSFER,0.000100,0.158000,Request Model ID
373826.008708,10014,23c32e69-89c8-4a98-9507-a520351cbbe5,client_10,coordinator_0,NET_TRANSFER,0.000100,0.158000,Request Model ID
373826.166708,10007,05c888f5-48fd-4c78-b8ff-c3d7e25250ee,coordinator_0,client_10,NET_TRANSFER,0.000100,0.158000,Signal: Cache Miss / Request Weights
373826.324708,6011,0b6aa285-cf51-4f04-b3b0-27d4d0a76265,client_6,coordinator_0,NET_TRANSFER,0.000100,0.158000,Request Model ID
400854.806720,10007,05c888f5-48fd-4c78-b8ff-c3d7e25250ee,client_10,coordinator_0,NET_TRANSFER,337.854150,27028.482012,Upload Model Weights
400854.964720,4000,7e5ffa42-649f-4b09-b2be-5899466a7e7f,coordinator_0,client_4,NET_TRANSFER,0.000100,0.158000,Signal: Cache Miss / Request Weights
400855.122720,2001,ae73b5ce-6b5a-4c53-a7b1-f585b462e9d6,coordinator_0,client_2,NET_TRANSFER,0.000100,0.158000,Signal: Cache Miss / Request Weights
431928.579083,2001,ae73b5ce-6b5a-4c53-a7b1-f585b462e9d6,client_2,coordinator_0,NET_TRANSFER,388.416330,31073.456363,Upload Model Weights
431928.737083,3001,440ed019-eb73-495b-bf4d-60191542c668,coordinator_0,client_3,NET_TRANSFER,0.000100,0.158000,Signal: Cache Miss / Request Weights
466164.730625,3001,440ed019-eb73-495b-bf4d-60191542c668,client_3,coordinator_0,NET_TRANSFER,427.948044,34235.993543,Upload Model Weights
466164.888625,6000,cd2cf452-d2fc-4e99-8950-ca96ce00112d,coordinator_0,client_6,NET_TRANSFER,0.000100,0.158000,Signal: Cache Miss / Request Weights
507297.313908,6000,cd2cf452-d2fc-4e99-8950-ca96ce00112d,client_6,coordinator_0,NET_TRANSFER,514.153441,41132.425282,Upload Model Weights
507297.471908,4001,7202018a-7059-46d3-abf3-725e672873b7,coordinator_0,client_4,NET_TRANSFER,0.000100,0.158000,Signal: Cache Miss / Request Weights
540122.121309,4001,7202018a-7059-46d3-abf3-725e672873b7,client_4,coordinator_0,NET_TRANSFER,410.306243,32824.649401,Upload Model Weights
540122.279309,2002,abbad5ca-f5f2-4403-8f6a-ab171a8a04ec,coordinator_0,client_2,NET_TRANSFER,0.000100,0.158000,Signal: Cache Miss / Request Weights
589053.955323,2002,abbad5ca-f5f2-4403-8f6a-ab171a8a04ec,client_2,coordinator_0,NET_TRANSFER,611.644075,48931.676014,Upload Model Weights
589054.113323,7000,268b1d86-9c97-400b-bd0f-3d964dcdd718,coordinator_0,client_7,NET_TRANSFER,0.000100,0.158000,Signal: Cache Miss / Request Weights
631160.354778,7000,268b1d86-9c97-400b-bd0f-3d964dcdd718,client_7,coordinator_0,NET_TRANSFER,526.326143,42106.241455,Upload Model Weights
631160.512778,8000,ae026cd0-a180-4a3d-b4e9-e069996002cf,coordinator_0,client_8,NET_TRANSFER,0.000100,0.158000,Signal: Cache Miss / Request Weights
660680.525067,8000,ae026cd0-a180-4a3d-b4e9-e069996002cf,client_8,coordinator_0,NET_TRANSFER,368.998279,29520.012289,Upload Model Weights
660680.683067,9000,b846365e-24f9-4ee2-bb0e-678153c45917,coordinator_0,client_9,NET_TRANSFER,0.000100,0.158000,Signal: Cache Miss / Request Weights
698012.681361,9000,b846365e-24f9-4ee2-bb0e-678153c45917,client_9,coordinator_0,NET_TRANSFER,466.648104,37331.998294,Upload Model Weights
698012.839361,10000,4316abed-9444-4ca6-8f0b-424fcaead312,coordinator_0,client_10,NET_TRANSFER,0.000100,0.158000,Signal: Cache Miss / Request Weights
731673.235663,10000,4316abed-9444-4ca6-8f0b-424fcaead312,client_10,coordinator_0,NET_TRANSFER,420.753079,33660.396302,Upload Model Weights
731673.393663,10000,8214cc03-04d0-4fbe-8fb3-d9e828fe07c4,coordinator_0,client_10,NET_TRANSFER,0.000100,0.158000,Signal: Cache Miss / Request Weights
760470.102831,10000,8214cc03-04d0-4fbe-8fb3-d9e828fe07c4,client_10,coordinator_0,NET_TRANSFER,359.956990,28796.709168,Upload Model Weights
760470.260831,10000,84d5c4ea-b47c-4be4-9a0c-8c69f86179a8,coordinator_0,client_10,NET_TRANSFER,0.000100,0.158000,Signal: Cache Miss / Request Weights
794527.602519,10000,84d5c4ea-b47c-4be4-9a0c-8c69f86179a8,client_10,coordinator_0,NET_TRANSFER,425.714896,34057.341687,Upload Model Weights
794527.760519,3002,abbad5ca-f5f2-4403-8f6a-ab171a8a04ec,coordinator_0,client_3,NET_TRANSFER,0.000100,0.158000,Signal: Cache Miss / Request Weights
843459.436533,3002,abbad5ca-f5f2-4403-8f6a-ab171a8a04ec,client_3,coordinator_0,NET_TRANSFER,611.644075,48931.676014,Upload Model Weights
843459.594533,10001,baa413d8-8be1-4108-9c52-2f3dc7ca37d0,coordinator_0,client_10,NET_TRANSFER,0.000100,0.158000,Signal: Cache Miss / Request Weights
887652.346150,10001,baa413d8-8be1-4108-9c52-2f3dc7ca37d0,client_10,coordinator_0,NET_TRANSFER,552.407520,44192.751618,Upload Model Weights
887652.504150,1000,6ccfbc3d-d25e-406e-becc-65761946e770,coordinator_0,client_1,NET_TRANSFER,0.000100,0.158000,Signal: Cache Miss / Request Weights
934933.715242,1000,6ccfbc3d-d25e-406e-becc-65761946e770,client_1,coordinator_0,NET_TRANSFER,591.013264,47281.211092,Upload Model Weights
934933.873242,1000,440ed019-eb73-495b-bf4d-60191542c668,coordinator_0,client_1,NET_TRANSFER,0.000100,0.158000,Signal: Cache Miss / Request Weights
969169.866785,1000,440ed019-eb73-495b-bf4d-60191542c668,client_1,coordinator_0,NET_TRANSFER,427.948044,34235.993543,Upload Model Weights
969170.024785,4002,55662345-9a0e-4240-bb68-bdd4a322edd8,coordinator_0,client_4,NET_TRANSFER,0.000100,0.158000,Signal: Cache Miss / Request Weights
1005692.817976,4002,55662345-9a0e-4240-bb68-bdd4a322edd8,client_4,coordinator_0,NET_TRANSFER,456.533040,36522.793191,Upload Model Weights
1005692.975976,2000,b378f61c-a691-49d8-9683-2c451172ffd9,coordinator_0,client_2,NET_TRANSFER,0.000100,0.158000,Signal: Cache Hit / Starting
1005693.133976,2003,440ed019-eb73-495b-bf4d-60191542c668,coordinator_0,client_2,NET_TRANSFER,0.000100,0.158000,Signal: Cache Miss / Request Weights
1039929.127519,2003,440ed019-eb73-495b-bf4d-60191542c668,client_2,coordinator_0,NET_TRANSFER,427.948044,34235.993543,Upload Model Weights
1039929.285519,10001,e314a9ac-f913-4183-acc9-77b03f47dc2f,coordinator_0,client_10,NET_TRANSFER,0.000100,0.158000,Signal: Cache Miss / Request Weights
1084785.112509,10001,e314a9ac-f913-4183-acc9-77b03f47dc2f,client_10,coordinator_0,NET_TRANSFER,560.695962,44855.826990,Upload Model Weights
1084785.270509,2003,b846365e-24f9-4ee2-bb0e-678153c45917,coordinator_0,client_2,NET_TRANSFER,0.000100,0.158000,Signal: Cache Miss / Request Weights
1122117.268803,2003,b846365e-24f9-4ee2-bb0e-678153c45917,client_2,coordinator_0,NET_TRANSFER,466.648104,37331.998294,Upload Model Weights
1122117.426803,9001,085d3a7d-70fd-43c2-a296-69bde04655f1,coordinator_0,client_9,NET_TRANSFER,0.000100,0.158000,Signal: Cache Miss / Request Weights
1156994.218707,9001,085d3a7d-70fd-43c2-a296-69bde04655f1,client_9,coordinator_0,NET_TRANSFER,435.958024,34876.791904,Upload Model Weights
1156994.376707,10002,59a431e0-7a08-4a82-b8fd-3ef66af37c6f,coordinator_0,client_10,NET_TRANSFER,0.000100,0.158000,Signal: Cache Miss / Request Weights
1192517.662219,10002,59a431e0-7a08-4a82-b8fd-3ef66af37c6f,client_10,coordinator_0,NET_TRANSFER,444.039194,35523.285512,Upload Model Weights
1192517.820219,10002,d5b6c0cc-7700-4a35-a3d8-1ca4767780d9,coordinator_0,client_10,NET_TRANSFER,0.000100,0.158000,Signal: Cache Hit / Starting
1192517.978219,10002,b378f61c-a691-49d8-9683-2c451172ffd9,coordinator_0,client_10,NET_TRANSFER,0.000100,0.158000,Signal: Cache Hit / Starting
1192518.136219,3000,2eb7ed28-93fa-4639-8470-40e53873defa,coordinator_0,client_3,NET_TRANSFER,0.000100,0.158000,Signal: Cache Miss / Request Weights
1229753.524729,3000,2eb7ed28-93fa-4639-8470-40e53873defa,client_3,coordinator_0,NET_TRANSFER,465.440481,37235.388510,Upload Model Weights
1229753.682729,4000,46495c9c-44a3-46a8-b20a-0f894ebc33f8,coordinator_0,client_4,NET_TRANSFER,0.000100,0.158000,Signal: Cache Miss / Request Weights
1273979.342107,4000,46495c9c-44a3-46a8-b20a-0f894ebc33f8,client_4,coordinator_0,NET_TRANSFER,552.818867,44225.659378,Upload Model Weights
1273979.500107,4000,8214cc03-04d0-4fbe-8fb3-d9e828fe07c4,coordinator_0,client_4,NET_TRANSFER,0.000100,0.158000,Signal: Cache Miss / Request Weights
1302776.209275,4000,8214cc03-04d0-4fbe-8fb3-d9e828fe07c4,client_4,coordinator_0,NET_TRANSFER,359.956990,28796.709168,Upload Model Weights
1302776.367275,1001,8214cc03-04d0-4fbe-8fb3-d9e828fe07c4,coordinator_0,client_1,NET_TRANSFER,0.000100,0.158000,Signal: Cache Miss / Request Weights
1331573.076443,1001,8214cc03-04d0-4fbe-8fb3-d9e828fe07c4,client_1,coordinator_0,NET_TRANSFER,359.956990,28796.709168,Upload Model Weights
1331573.234443,2001,b846365e-24f9-4ee2-bb0e-678153c45917,coordinator_0,client_2,NET_TRANSFER,0.000100,0.158000,Signal: Cache Miss / Request Weights
1368905.232737,2001,b846365e-24f9-4ee2-bb0e-678153c45917,client_2,coordinator_0,NET_TRANSFER,466.648104,37331.998294,Upload Model Weights
1368905.390737,2001,c6b782ab-5d37-4b75-97c7-b76805f61131,coordinator_0,client_2,NET_TRANSFER,0.000100,0.158000,Signal: Cache Miss / Request Weights
1410051.663116,2001,c6b782ab-5d37-4b75-97c7-b76805f61131,client_2,coordinator_0,NET_TRANSFER,514.326530,41146.272379,Upload Model Weights
1410051.821116,5000,ff4738ca-ecb7-43de-a638-f8f5c9e4eba2,coordinator_0,client_5,NET_TRANSFER,0.000100,0.158000,Signal: Cache Miss / Request Weights
1454732.961537,5000,ff4738ca-ecb7-43de-a638-f8f5c9e4eba2,client_5,coordinator_0,NET_TRANSFER,558.512380,44681.140421,Upload Model Weights
1454733.119537,5000,ae73b5ce-6b5a-4c53-a7b1-f585b462e9d6,coordinator_0,client_5,NET_TRANSFER,0.000100,0.158000,Signal: Cache Miss / Request Weights
1485806.575900,5000,ae73b5ce-6b5a-4c53-a7b1-f585b462e9d6,client_5,coordinator_0,NET_TRANSFER,388.416330,31073.456363,Upload Model Weights
1485806.733900,5000,2fbefbbc-cd7c-4c4a-8885-b9904365f752,coordinator_0,client_5,NET_TRANSFER,0.000100,0.158000,Signal: Cache Miss / Request Weights
1512600.013391,5000,2fbefbbc-cd7c-4c4a-8885-b9904365f752,client_5,coordinator_0,NET_TRANSFER,334.914119,26793.279491,Upload Model Weights
1512600.171391,5000,cd2cf452-d2fc-4e99-8950-ca96ce00112d,coordinator_0,client_5,NET_TRANSFER,0.000100,0.158000,Signal: Cache Miss / Request Weights
1553732.596673,5000,cd2cf452-d2fc-4e99-8950-ca96ce00112d,client_5,coordinator_0,NET_TRANSFER,514.153441,41132.425282,Upload Model Weights
1553732.754673,8002,15fff31f-88d3-4850-8c0e-5a2d28be9990,coordinator_0,worker_1,NET_TRANSFER,0.000100,0.158000,Poll: Check Layer Cache
1553732.912673,8002,15fff31f-88d3-4850-8c0e-5a2d28be9990,worker_1,coordinator_0,NET_TRANSFER,0.000100,0.158000,Poll: Cache Status Reply
1553733.070673,8002,15fff31f-88d3-4850-8c0e-5a2d28be9990,coordinator_0,worker_2,NET_TRANSFER,0.000100,0.158000,Poll: Check Layer Cache
1553733.228673,8002,15fff31f-88d3-4850-8c0e-5a2d28be9990,worker_2,coordinator_0,NET_TRANSFER,0.000100,0.158000,Poll: Cache Status Reply
1553733.386673,8002,15fff31f-88d3-4850-8c0e-5a2d28be9990,coordinator_0,worker_2,NET_TRANSFER,0.000100,0.158000,Poll: Check Layer Cache
1553733.544673,8002,15fff31f-88d3-4850-8c0e-5a2d28be9990,worker_2,coordinator_0,NET_TRANSFER,0.000100,0.158000,Poll: Cache Status Reply
1553733.702673,8002,15fff31f-88d3-4850-8c0e-5a2d28be9990,coordinator_0,worker_4,NET_TRANSFER,0.000100,0.158000,Poll: Check Layer Cache
1553733.860673,8002,15fff31f-88d3-4850-8c0e-5a2d28be9990,worker_4,coordinator_0,NET_TRANSFER,0.000100,0.158000,Poll: Cache Status Reply
1553734.018673,8002,15fff31f-88d3-4850-8c0e-5a2d28be9990,coordinator_0,worker_4,NET_TRANSFER,0.000100,0.158000,Poll: Check Layer Cache
1553734.176673,8002,15fff31f-88d3-4850-8c0e-5a2d28be9990,worker_4,coordinator_0,NET_TRANSFER,0.000100,0.158000,Poll: Cache Status Reply
1553734.334673,8002,15fff31f-88d3-4850-8c0e-5a2d28be9990,coordinator_0,worker_2,NET_TRANSFER,0.000100,0.158000,Poll: Check Layer Cache
1553734.492673,8002,15fff31f-88d3-4850-8c0e-5a2d28be9990,worker_2,coordinator_0,NET_TRANSFER,0.000100,0.158000,Poll: Cache Status Reply
1553734.650673,8002,15fff31f-88d3-4850-8c0e-5a2d28be9990,coordinator_0,worker_2,NET_TRANSFER,0.000100,0.158000,Poll: Check Layer Cache
1553734.808673,8002,15fff31f-88d3-4850-8c0e-5a2d28be9990,worker_2,coordinator_0,NET_TRANSFER,0.000100,0.158000,Poll: Cache Status Reply
1553734.966673,8002,15fff31f-88d3-4850-8c0e-5a2d28be9990,coordinator_0,worker_3,NET_TRANSFER,0.000100,0.158000,Poll: Check Layer Cache
1553735.124673,8002,15fff31f-88d3-4850-8c0e-5a2d28be9990,worker_3,coordinator_0,NET_TRANSFER,0.000100,0.158000,Poll: Cache Status Reply
1553735.282673,8002,15fff31f-88d3-4850-8c0e-5a2d28be9990,coordinator_0,worker_3,NET_TRANSFER,0.000100,0.158000,Poll: Check Layer Cache
1553735.440673,8002,15fff31f-88d3-4850-8c0e-5a2d28be9990,worker_3,coordinator_0,NET_TRANSFER,0.000100,0.158000,Poll: Cache Status Reply
1553735.598673,8002,15fff31f-88d3-4850-8c0e-5a2d28be9990,coordinator_0,worker_4,NET_TRANSFER,0.000100,0.158000,Poll: Check Layer Cache
1553735.756673,8002,15fff31f-88d3-4850-8c0e-5a2d28be9990,worker_4,coordinator_0,NET_TRANSFER,0.000100,0.158000,Poll: Cache Status Reply
1553735.914673,8002,15fff31f-88d3-4850-8c0e-5a2d28be9990,coordinator_0,worker_2,NET_TRANSFER,0.000100,0.158000,Poll: Check Layer Cache
1553736.072673,8002,15fff31f-88d3-4850-8c0e-5a2d28be9990,worker_2,coordinator_0,NET_TRANSFER,0.000100,0.158000,Poll: Cache Status Reply
1553736.230673,8002,15fff31f-88d3-4850-8c0e-5a2d28be9990,coordinator_0,worker_2,NET_TRANSFER,0.000100,0.158000,Poll: Check Layer Cache
1553736.388673,8002,15fff31f-88d3-4850-8c0e-5a2d28be9990,worker_2,coordinator_0,NET_TRANSFER,0.000100,0.158000,Poll: Cache Status Reply
1553736.546673,8002,15fff31f-88d3-4850-8c0e-5a2d28be9990,coordinator_0,worker_3,NET_TRANSFER,0.000100,0.158000,Poll: Check Layer Cache
1553736.704673,8002,15fff31f-88d3-4850-8c0e-5a2d28be9990,worker_3,coordinator_0,NET_TRANSFER,0.000100,0.158000,Poll: Cache Status Reply
1553736.862673,8002,15fff31f-88d3-4850-8c0e-5a2d28be9990,coordinator_0,worker_4,NET_TRANSFER,0.000100,0.158000,Poll: Check Layer Cache
1553737.020673,8002,15fff31f-88d3-4850-8c0e-5a2d28be9990,worker_4,coordinator_0,NET_TRANSFER,0.000100,0.158000,Poll: Cache Status Reply
1553737.178673,8002,15fff31f-88d3-4850-8c0e-5a2d28be9990,coordinator_0,worker_4,NET_TRANSFER,0.000100,0.158000,Poll: Check Layer Cache
1553737.336673,8002,15fff31f-88d3-4850-8c0e-5a2d28be9990,worker_4,coordinator_0,NET_TRANSFER,0.000100,0.158000,Poll: Cache Status Reply
1553737.494673,8002,15fff31f-88d3-4850-8c0e-5a2d28be9990,coordinator_0,worker_4,NET_TRANSFER,0.000100,0.158000,Poll: Check Layer Cache
1553737.652673,8002,15fff31f-88d3-4850-8c0e-5a2d28be9990,worker_4,coordinator_0,NET_TRANSFER,0.000100,0.158000,Poll: Cache Status Reply
1553737.810673,8002,15fff31f-88d3-4850-8c0e-5a2d28be9990,coordinator_0,worker_1,NET_TRANSFER,0.000100,0.158000,Poll: Check Layer Cache
1553737.968673,8002,15fff31f-88d3-4850-8c0e-5a2d28be9990,worker_1,coordinator_0,NET_TRANSFER,0.000100,0.158000,Poll: Cache Status Reply
1553738.126673,8002,15fff31f-88d3-4850-8c0e-5a2d28be9990,coordinator_0,worker_3,NET_TRANSFER,0.000100,0.158000,Poll: Check Layer Cache
1553738.284673,8002,15fff31f-88d3-4850-8c0e-5a2d28be9990,worker_3,coordinator_0,NET_TRANSFER,0.000100,0.158000,Poll: Cache Status Reply
1553738.442673,8002,15fff31f-88d3-4850-8c0e-5a2d28be9990,coordinator_0,worker_1,NET_TRANSFER,0.000100,0.158000,Poll: Check Layer Cache
1553738.600673,8002,15fff31f-88d3-4850-8c0e-5a2d28be9990,worker_1,coordinator_0,NET_TRANSFER,0.000100,0.158000,Poll: Cache Status Reply
1553738.758673,8002,15fff31f-88d3-4850-8c0e-5a2d28be9990,coordinator_0,worker_3,NET_TRANSFER,0.000100,0.158000,Poll: Check Layer Cache
1553738.916673,8002,15fff31f-88d3-4850-8c0e-5a2d28be9990,worker_3,coordinator_0,NET_TRANSFER,0.000100,0.158000,Poll: Cache Status Reply
1553739.074673,8002,15fff31f-88d3-4850-8c0e-5a2d28be9990,coordinator_0,worker_1,NET_TRANSFER,0.000100,0.158000,Poll: Check Layer Cache
1553739.232673,8002,15fff31f-88d3-4850-8c0e-5a2d28be9990,worker_1,coordinator_0,NET_TRANSFER,0.000100,0.158000,Poll: Cache Status Reply
1553739.390673,8002,15fff31f-88d3-4850-8c0e-5a2d28be9990,coordinator_0,worker_3,NET_TRANSFER,0.000100,0.158000,Poll: Check Layer Cache
1553739.548673,8002,15fff31f-88d3-4850-8c0e-5a2d28be9990,worker_3,coordinator_0,NET_TRANSFER,0.000100,0.158000,Poll: Cache Status Reply
1553739.706673,8002,15fff31f-88d3-4850-8c0e-5a2d28be9990,coordinator_0,worker_2,NET_TRANSFER,0.000100,0.158000,Poll: Check Layer Cache
1553739.864673,8002,15fff31f-88d3-4850-8c0e-5a2d28be9990,worker_2,coordinator_0,NET_TRANSFER,0.000100,0.158000,Poll: Cache Status Reply
1553740.022673,8002,15fff31f-88d3-4850-8c0e-5a2d28be9990,coordinator_0,worker_3,NET_TRANSFER,0.000100,0.158000,Poll: Check Layer Cache
1553740.180673,8002,15fff31f-88d3-4850-8c0e-5a2d28be9990,worker_3,coordinator_0,NET_TRANSFER,0.000100,0.158000,Poll: Cache Status Reply
1553740.338673,8002,15fff31f-88d3-4850-8c0e-5a2d28be9990,coordinator_0,worker_3,NET_TRANSFER,0.000100,0.158000,Poll: Check Layer Cache
1553740.496673,8002,15fff31f-88d3-4850-8c0e-5a2d28be9990,worker_3,coordinator_0,NET_TRANSFER,0.000100,0.158000,Poll: Cache Status Reply
1553740.654673,8002,15fff31f-88d3-4850-8c0e-5a2d28be9990,coordinator_0,worker_1,NET_TRANSFER,0.000100,0.158000,Poll: Check Layer Cache
1553740.812673,8002,15fff31f-88d3-4850-8c0e-5a2d28be9990,worker_1,coordinator_0,NET_TRANSFER,0.000100,0.158000,Poll: Cache Status Reply
1553740.970673,8002,15fff31f-88d3-4850-8c0e-5a2d28be9990,coordinator_0,worker_4,NET_TRANSFER,0.000100,0.158000,Poll: Check Layer Cache
1553741.128673,8002,15fff31f-88d3-4850-8c0e-5a2d28be9990,worker_4,coordinator_0,NET_TRANSFER,0.000100,0.158000,Poll: Cache Status Reply
1553741.286673,8002,15fff31f-88d3-4850-8c0e-5a2d28be9990,coordinator_0,worker_2,NET_TRANSFER,0.000100,0.158000,Poll: Check Layer Cache
1553741.444673,8002,15fff31f-88d3-4850-8c0e-5a2d28be9990,worker_2,coordinator_0,NET_TRANSFER,0.000100,0.158000,Poll: Cache Status Reply
1553741.602673,8002,15fff31f-88d3-4850-8c0e-5a2d28be9990,coordinator_0,worker_1,NET_TRANSFER,0.000100,0.158000,Poll: Check Layer Cache
1553741.760673,8002,15fff31f-88d3-4850-8c0e-5a2d28be9990,worker_1,coordinator_0,NET_TRANSFER,0.000100,0.158000,Poll: Cache Status Reply
1553741.918673,8002,15fff31f-88d3-4850-8c0e-5a2d28be9990,coordinator_0,worker_1,NET_TRANSFER,0.000100,0.158000,Poll: Check Layer Cache
1553742.076673,8002,15fff31f-88d3-4850-8c0e-5a2d28be9990,worker_1,coordinator_0,NET_TRANSFER,0.000100,0.158000,Poll: Cache Status Reply
1553742.234673,8002,15fff31f-88d3-4850-8c0e-5a2d28be9990,coordinator_0,worker_4,NET_TRANSFER,0.000100,0.158000,Poll: Check Layer Cache
1553742.392673,8002,15fff31f-88d3-4850-8c0e-5a2d28be9990,worker_4,coordinator_0,NET_TRANSFER,0.000100,0.158000,Poll: Cache Status Reply
1553742.550673,8002,15fff31f-88d3-4850-8c0e-5a2d28be9990,coordinator_0,worker_3,NET_TRANSFER,0.000100,0.158000,Poll: Check Layer Cache
1553742.708673,8002,15fff31f-88d3-4850-8c0e-5a2d28be9990,worker_3,coordinator_0,NET_TRANSFER,0.000100,0.158000,Poll: Cache Status Reply
1553742.866673,8002,15fff31f-88d3-4850-8c0e-5a2d28be9990,coordinator_0,worker_4,NET_TRANSFER,0.000100,0.158000,Poll: Check Layer Cache
1553743.024673,8002,15fff31f-88d3-4850-8c0e-5a2d28be9990,worker_4,coordinator_0,NET_TRANSFER,0.000100,0.158000,Poll: Cache Status Reply
1553743.182673,8002,15fff31f-88d3-4850-8c0e-5a2d28be9990,coordinator_0,worker_2,NET_TRANSFER,0.000100,0.158000,Poll: Check Layer Cache
1553743.340673,8002,15fff31f-88d3-4850-8c0e-5a2d28be9990,worker_2,coordinator_0,NET_TRANSFER,0.000100,0.158000,Poll: Cache Status Reply
1553743.498673,8002,15fff31f-88d3-4850-8c0e-5a2d28be9990,coordinator_0,worker_1,NET_TRANSFER,0.000100,0.158000,Poll: Check Layer Cache
1553743.656673,8002,15fff31f-88d3-4850-8c0e-5a2d28be9990,worker_1,coordinator_0,NET_TRANSFER,0.000100,0.158000,Poll: Cache Status Reply
1553743.814673,5004,b378f61c-a691-49d8-9683-2c451172ffd9,coordinator_0,worker_2,NET_TRANSFER,0.000100,0.158000,Poll: Check Layer Cache
1553743.972673,5004,b378f61c-a691-49d8-9683-2c451172ffd9,worker_2,coordinator_0,NET_TRANSFER,0.000100,0.158000,Poll: Cache Status Reply
1553744.130673,5004,b378f61c-a691-49d8-9683-2c451172ffd9,coordinator_0,worker_3,NET_TRANSFER,0.000100,0.158000,Poll: Check Layer Cache
1553744.288673,5004,b378f61c-a691-49d8-9683-2c451172ffd9,worker_3,coordinator_0,NET_TRANSFER,0.000100,0.158000,Poll: Cache Status Reply
1553744.446673,5004,b378f61c-a691-49d8-9683-2c451172ffd9,coordinator_0,worker_4,NET_TRANSFER,0.000100,0.158000,Poll: Check Layer Cache
1553744.604673,5004,b378f61c-a691-49d8-9683-2c451172ffd9,worker_4,coordinator_0,NET_TRANSFER,0.000100,0.158000,Poll: Cache Status Reply
1553744.762673,5004,b378f61c-a691-49d8-9683-2c451172ffd9,coordinator_0,worker_1,NET_TRANSFER,0.000100,0.158000,Poll: Check Layer Cache
1553744.920673,5004,b378f61c-a691-49d8-9683-2c451172ffd9,worker_1,coordinator_0,NET_TRANSFER,0.000100,0.158000,Poll: Cache Status Reply
1553745.078673,5004,b378f61c-a691-49d8-9683-2c451172ffd9,coordinator_0,worker_3,NET_TRANSFER,0.000100,0.158000,Poll: Check Layer Cache
1553745.236673,5004,b378f61c-a691-49d8-9683-2c451172ffd9,worker_3,coordinator_0,NET_TRANSFER,0.000100,0.158000,Poll: Cache Status Reply
1553745.394673,5004,b378f61c-a691-49d8-9683-2c451172ffd9,coordinator_0,worker_1,NET_TRANSFER,0.000100,0.158000,Poll: Check Layer Cache
1553745.552673,5004,b378f61c-a691-49d8-9683-2c451172ffd9,worker_1,coordinator_0,NET_TRANSFER,0.000100,0.158000,Poll: Cache Status Reply
1553745.710673,5004,b378f61c-a691-49d8-9683-2c451172ffd9,coordinator_0,worker_4,NET_TRANSFER,0.000100,0.158000,Poll: Check Layer Cache
1553745.868673,5004,b378f61c-a691-49d8-9683-2c451172ffd9,worker_4,coordinator_0,NET_TRANSFER,0.000100,0.158000,Poll: Cache Status Reply
1553746.026673,5004,b378f61c-a691-49d8-9683-2c451172ffd9,coordinator_0,worker_2,NET_TRANSFER,0.000100,0.158000,Poll: Check Layer Cache
1553746.184673,5004,b378f61c-a691-49d8-9683-2c451172ffd9,worker_2,coordinator_0,NET_TRANSFER,0.000100,0.158000,Poll: Cache Status Reply
1553746.342673,5004,b378f61c-a691-49d8-9683-2c451172ffd9,coordinator_0,worker_2,NET_TRANSFER,0.000100,0.158000,Poll: Check Layer Cache
1553746.500673,5004,b378f61c-a691-49d8-9683-2c451172ffd9,worker_2,coordinator_0,NET_TRANSFER,0.000100,0.158000,Poll: Cache Status Reply
1553746.658673,5004,b378f61c-a691-49d8-9683-2c451172ffd9,coordinator_0,worker_1,NET_TRANSFER,0.000100,0.158000,Poll: Check Layer Cache
1553746.816673,5004,b378f61c-a691-49d8-9683-2c451172ffd9,worker_1,coordinator_0,NET_TRANSFER,0.000100,0.158000,Poll: Cache Status Reply
1553746.974673,5004,b378f61c-a691-49d8-9683-2c451172ffd9,coordinator_0,worker_4,NET_TRANSFER,0.000100,0.158000,Poll: Check Layer Cache
1553747.132673,5004,b378f61c-a691-49d8-9683-2c451172ffd9,worker_4,coordinator_0,NET_TRANSFER,0.000100,0.158000,Poll: Cache Status Reply
1553747.290673,5004,b378f61c-a691-49d8-9683-2c451172ffd9,coordinator_0,worker_3,NET_TRANSFER,0.000100,0.158000,Poll: Check Layer Cache
1553747.448673,5004,b378f61c-a691-49d8-9683-2c451172ffd9,worker_3,coordinator_0,NET_TRANSFER,0.000100,0.158000,Poll: Cache Status Reply
1553747.606673,5004,b378f61c-a691-49d8-9683-2c451172ffd9,coordinator_0,worker_4,NET_TRANSFER,0.000100,0.158000,Poll: Check Layer Cache
1553747.764673,5004,b378f61c-a691-49d8-9683-2c451172ffd9,worker_4,coordinator_0,NET_TRANSFER,0.000100,0.158000,Poll: Cache Status Reply
1553747.922673,5004,b378f61c-a691-49d8-9683-2c451172ffd9,coordinator_0,worker_2,NET_TRANSFER,0.000100,0.158000,Poll: Check Layer Cache
1553748.080673,5004,b378f61c-a691-49d8-9683-2c451172ffd9,worker_2,coordinator_0,NET_TRANSFER,0.000100,0.158000,Poll: Cache Status Reply
1553748.238673,5004,b378f61c-a691-49d8-9683-2c451172ffd9,coordinator_0,worker_4,NET_TRANSFER,0.000100,0.158000,Poll: Check Layer Cache
1553748.396673,5004,b378f61c-a691-49d8-9683-2c451172ffd9,worker_4,coordinator_0,NET_TRANSFER,0.000100,0.158000,Poll: Cache Status Reply
1553748.554673,5004,b378f61c-a691-49d8-9683-2c451172ffd9,coordinator_0,worker_1,NET_TRANSFER,0.000100,0.158000,Poll: Check Layer Cache
1553748.712673,5004,b378f61c-a691-49d8-9683-2c451172ffd9,worker_1,coordinator_0,NET_TRANSFER,0.000100,0.158000,Poll: Cache Status Reply
1553748.870673,5004,b378f61c-a691-49d8-9683-2c451172ffd9,coordinator_0,worker_4,NET_TRANSFER,0.000100,0.158000,Poll: Check Layer Cache
1553749.028673,5004,b378f61c-a691-49d8-9683-2c451172ffd9,worker_4,coordinator_0,NET_TRANSFER,0.000100,0.158000,Poll: Cache Status Reply
1553749.186673,5004,b378f61c-a691-49d8-9683-2c451172ffd9,coordinator_0,worker_4,NET_TRANSFER,0.000100,0.158000,Poll: Check Layer Cache
1553749.344673,5004,b378f61c-a691-49d8-9683-2c451172ffd9,worker_4,coordinator_0,NET_TRANSFER,0.000100,0.158000,Poll: Cache Status Reply
1553749.502673,5004,b378f61c-a691-49d8-9683-2c451172ffd9,coordinator_0,worker_1,NET_TRANSFER,0.000100,0.158000,Poll: Check Layer Cache
1553749.660673,5004,b378f61c-a691-49d8-9683-2c451172ffd9,worker_1,coordinator_0,NET_TRANSFER,0.000100,0.158000,Poll: Cache Status Reply
1553749.818673,5004,b378f61c-a691-49d8-9683-2c451172ffd9,coordinator_0,worker_2,NET_TRANSFER,0.000100,0.158000,Poll: Check Layer Cache
1553749.976673,5004,b378f61c-a691-49d8-9683-2c451172ffd9,worker_2,coordinator_0,NET_TRANSFER,0.000100,0.158000,Poll: Cache Status Reply
1553750.134673,5004,b378f61c-a691-49d8-9683-2c451172ffd9,coordinator_0,worker_3,NET_TRANSFER,0.000100,0.158000,Poll: Check Layer Cache
1553750.292673,5004,b378f61c-a691-49d8-9683-2c451172ffd9,worker_3,coordinator_0,NET_TRANSFER,0.000100,0.158000,Poll: Cache Status Reply
1553750.450673,5004,b378f61c-a691-49d8-9683-2c451172ffd9,coordinator_0,worker_1,NET_TRANSFER,0.000100,0.158000,Poll: Check Layer Cache
1553750.608673,5004,b378f61c-a691-49d8-9683-2c451172ffd9,worker_1,coordinator_0,NET_TRANSFER,0.000100,0.158000,Poll: Cache Status Reply
1553750.766673,5004,b378f61c-a691-49d8-9683-2c451172ffd9,coordinator_0,worker_1,NET_TRANSFER,0.000100,0.158000,Poll: Check Layer Cache
1553750.924673,5004,b378f61c-a691-49d8-9683-2c451172ffd9,worker_1,coordinator_0,NET_TRANSFER,0.000100,0.158000,Poll: Cache Status Reply
1553751.082673,5004,b378f61c-a691-49d8-9683-2c451172ffd9,coordinator_0,worker_3,NET_TRANSFER,0.000100,0.158000,Poll: Check Layer Cache
1553751.240673,5004,b378f61c-a691-49d8-9683-2c451172ffd9,worker_3,coordinator_0,NET_TRANSFER,0.000100,0.158000,Poll: Cache Status Reply
1553751.398673,5004,b378f61c-a691-49d8-9683-2c451172ffd9,coordinator_0,worker_1,NET_TRANSFER,0.000100,0.158000,Poll: Check Layer Cache
1553751.556673,5004,b378f61c-a691-49d8-9683-2c451172ffd9,worker_1,coordinator_0,NET_TRANSFER,0.000100,0.158000,Poll: Cache Status Reply
1553751.714673,5004,b378f61c-a691-49d8-9683-2c451172ffd9,coordinator_0,worker_3,NET_TRANSFER,0.000100,0.158000,Poll: Check Layer Cache
1553751.872673,5004,b378f61c-a691-49d8-9683-2c451172ffd9,worker_3,coordinator_0,NET_TRANSFER,0.000100,0.158000,Poll: Cache Status Reply
1553752.030673,5004,b378f61c-a691-49d8-9683-2c451172ffd9,coordinator_0,worker_4,NET_TRANSFER,0.000100,0.158000,Poll: Check Layer Cache
1553752.188673,5004,b378f61c-a691-49d8-9683-2c451172ffd9,worker_4,coordinator_0,NET_TRANSFER,0.000100,0.158000,Poll: Cache Status Reply
1553752.346673,5004,b378f61c-a691-49d8-9683-2c451172ffd9,coordinator_0,worker_4,NET_TRANSFER,0.000100,0.158000,Poll: Check Layer Cache
1553752.504673,5004,b378f61c-a691-49d8-9683-2c451172ffd9,worker_4,coordinator_0,NET_TRANSFER,0.000100,0.158000,Poll: Cache Status Reply
1553752.662673,5004,b378f61c-a691-49d8-9683-2c451172ffd9,coordinator_0,worker_1,NET_TRANSFER,0.000100,0.158000,Poll: Check Layer Cache
1553752.820673,5004,b378f61c-a691-49d8-9683-2c451172ffd9,worker_1,coordinator_0,NET_TRANSFER,0.000100,0.158000,Poll: Cache Status Reply
1553752.978673,5004,b378f61c-a691-49d8-9683-2c451172ffd9,coordinator_0,worker_1,NET_TRANSFER,0.000100,0.158000,Poll: Check Layer Cache
1553753.136673,5004,b378f61c-a691-49d8-9683-2c451172ffd9,worker_1,coordinator_0,NET_TRANSFER,0.000100,0.158000,Poll: Cache Status Reply
1553753.294673,5004,b378f61c-a691-49d8-9683-2c451172ffd9,coordinator_0,worker_1,NET_TRANSFER,0.000100,0.158000,Poll: Check Layer Cache
1553753.452673,5004,b378f61c-a691-49d8-9683-2c451172ffd9,worker_1,coordinator_0,NET_TRANSFER,0.000100,0.158000,Poll: Cache Status Reply
1553753.610673,5004,b378f61c-a691-49d8-9683-2c451172ffd9,coordinator_0,worker_2,NET_TRANSFER,0.000100,0.158000,Poll: Check Layer Cache
1553753.768673,5004,b378f61c-a691-49d8-9683-2c451172ffd9,worker_2,coordinator_0,NET_TRANSFER,0.000100,0.158000,Poll: Cache Status Reply
1553753.926673,5004,b378f61c-a691-49d8-9683-2c451172ffd9,coordinator_0,worker_2,NET_TRANSFER,0.000100,0.158000,Poll: Check Layer Cache
1553754.084673,5004,b378f61c-a691-49d8-9683-2c451172ffd9,worker_2,coordinator_0,NET_TRANSFER,0.000100,0.158000,Poll: Cache Status Reply
1553754.242673,5004,b378f61c-a691-49d8-9683-2c451172ffd9,coordinator_0,worker_2,NET_TRANSFER,0.000100,0.158000,Poll: Check Layer Cache
1553754.400673,5004,b378f61c-a691-49d8-9683-2c451172ffd9,worker_2,coordinator_0,NET_TRANSFER,0.000100,0.158000,Poll: Cache Status Reply
1553754.558673,5004,b378f61c-a691-49d8-9683-2c451172ffd9,coordinator_0,worker_4,NET_TRANSFER,0.000100,0.158000,Poll: Check Layer Cache
1553754.716673,5004,b378f61c-a691-49d8-9683-2c451172ffd9,worker_4,coordinator_0,NET_TRANSFER,0.000100,0.158000,Poll: Cache Status Reply
1553754.874673,5004,b378f61c-a691-49d8-9683-2c451172ffd9,coordinator_0,worker_1,NET_TRANSFER,0.000100,0.158000,Poll: Check Layer Cache
1553755.032673,5004,b378f61c-a691-49d8-9683-2c451172ffd9,worker_1,coordinator_0,NET_TRANSFER,0.000100,0.158000,Poll: Cache Status Reply
1553755.190673,5004,b378f61c-a691-49d8-9683-2c451172ffd9,coordinator_0,worker_3,NET_TRANSFER,0.000100,0.158000,Poll: Check Layer Cache
1553755.348673,5004,b378f61c-a691-49d8-9683-2c451172ffd9,worker_3,coordinator_0,NET_TRANSFER,0.000100,0.158000,Poll: Cache Status Reply
1553755.506673,5004,b378f61c-a691-49d8-9683-2c451172ffd9,coordinator_0,worker_1,NET_TRANSFER,0.000100,0.158000,Poll: Check Layer Cache
1553755.664673,5004,b378f61c-a691-49d8-9683-2c451172ffd9,worker_1,coordinator_0,NET_TRANSFER,0.000100,0.158000,Poll: Cache Status Reply
1553755.822673,5004,b378f61c-a691-49d8-9683-2c451172ffd9,coordinator_0,worker_2,NET_TRANSFER,0.000100,0.158000,Poll: Check Layer Cache
1553755.980673,5004,b378f61c-a691-49d8-9683-2c451172ffd9,worker_2,coordinator_0,NET_TRANSFER,0.000100,0.158000,Poll: Cache Status Reply
1553756.138673,5004,b378f61c-a691-49d8-9683-2c451172ffd9,coordinator_0,worker_4,NET_TRANSFER,0.000100,0.158000,Poll: Check Layer Cache
1553756.296673,5004,b378f61c-a691-49d8-9683-2c451172ffd9,worker_4,coordinator_0,NET_TRANSFER,0.000100,0.158000,Poll: Cache Status Reply
1553756.454673,5004,b378f61c-a691-49d8-9683-2c451172ffd9,coordinator_0,worker_4,NET_TRANSFER,0.000100,0.158000,Poll: Check Layer Cache
1553756.612673,5004,b378f61c-a691-49d8-9683-2c451172ffd9,worker_4,coordinator_0,NET_TRANSFER,0.000100,0.158000,Poll: Cache Status Reply
1553756.770673,5004,b378f61c-a691-49d8-9683-2c451172ffd9,coordinator_0,worker_3,NET_TRANSFER,0.000100,0.158000,Poll: Check Layer Cache
1553756.928673,5004,b378f61c-a691-49d8-9683-2c451172ffd9,worker_3,coordinator_0,NET_TRANSFER,0.000100,0.158000,Poll: Cache Status Reply
1553757.086673,5004,b378f61c-a691-49d8-9683-2c451172ffd9,coordinator_0,worker_1,NET_TRANSFER,0.000100,0.158000,Poll: Check Layer Cache
1553757.244673,5004,b378f61c-a691-49d8-9683-2c451172ffd9,worker_1,coordinator_0,NET_TRANSFER,0.000100,0.158000,Poll: Cache Status Reply
1553757.402673,5004,b378f61c-a691-49d8-9683-2c451172ffd9,coordinator_0,worker_4,NET_TRANSFER,0.000100,0.158000,Poll: Check Layer Cache
1553757.560673,5004,b378f61c-a691-49d8-9683-2c451172ffd9,worker_4,coordinator_0,NET_TRANSFER,0.000100,0.158000,Poll: Cache Status Reply
1553757.718673,5004,b378f61c-a691-49d8-9683-2c451172ffd9,coordinator_0,worker_4,NET_TRANSFER,0.000100,0.158000,Poll: Check Layer Cache
1553757.876673,5004,b378f61c-a691-49d8-9683-2c451172ffd9,worker_4,coordinator_0,NET_TRANSFER,0.000100,0.158000,Poll: Cache Status Reply
1553758.034673,5004,b378f61c-a691-49d8-9683-2c451172ffd9,coordinator_0,worker_2,NET_TRANSFER,0.000100,0.158000,Poll: Check Layer Cache
1553758.192673,5004,b378f61c-a691-49d8-9683-2c451172ffd9,worker_2,coordinator_0,NET_TRANSFER,0.000100,0.158000,Poll: Cache Status Reply
1553758.350673,5004,b378f61c-a691-49d8-9683-2c451172ffd9,coordinator_0,worker_3,NET_TRANSFER,0.000100,0.158000,Poll: Check Layer Cache
1553758.508673,5004,b378f61c-a691-49d8-9683-2c451172ffd9,worker_3,coordinator_0,NET_TRANSFER,0.000100,0.158000,Poll: Cache Status Reply
1553758.666673,5004,b378f61c-a691-49d8-9683-2c451172ffd9,coordinator_0,worker_4,NET_TRANSFER,0.000100,0.158000,Poll: Check Layer Cache
1553758.824673,5004,b378f61c-a691-49d8-9683-2c451172ffd9,worker_4,coordinator_0,NET_TRANSFER,0.000100,0.158000,Poll: Cache Status Reply
1553758.982673,5004,b378f61c-a691-49d8-9683-2c451172ffd9,coordinator_0,worker_1,NET_TRANSFER,0.000100,0.158000,Poll: Check Layer Cache
1553759.140673,5004,b378f61c-a691-49d8-9683-2c451172ffd9,worker_1,coordinator_0,NET_TRANSFER,0.000100,0.158000,Poll: Cache Status Reply
1553759.298673,5004,b378f61c-a691-49d8-9683-2c451172ffd9,coordinator_0,worker_3,NET_TRANSFER,0.000100,0.158000,Poll: Check Layer Cache
1553759.456673,5004,b378f61c-a691-49d8-9683-2c451172ffd9,worker_3,coordinator_0,NET_TRANSFER,0.000100,0.158000,Poll: Cache Status Reply
1553759.614673,5004,b378f61c-a691-49d8-9683-2c451172ffd9,coordinator_0,worker_3,NET_TRANSFER,0.000100,0.158000,Poll: Check Layer Cache
1553759.772673,5004,b378f61c-a691-49d8-9683-2c451172ffd9,worker_3,coordinator_0,NET_TRANSFER,0.000100,0.158000,Poll: Cache Status Reply
1553759.930673,5004,b378f61c-a691-49d8-9683-2c451172ffd9,coordinator_0,worker_3,NET_TRANSFER,0.000100,0.158000,Poll: Check Layer Cache
1553760.088673,5004,b378f61c-a691-49d8-9683-2c451172ffd9,worker_3,coordinator_0,NET_TRANSFER,0.000100,0.158000,Poll: Cache Status Reply
1553760.246673,5004,b378f61c-a691-49d8-9683-2c451172ffd9,coordinator_0,worker_3,NET_TRANSFER,0.000100,0.158000,Poll: Check Layer Cache
1553760.404673,5004,b378f61c-a691-49d8-9683-2c451172ffd9,worker_3,coordinator_0,NET_TRANSFER,0.000100,0.158000,Poll: Cache Status Reply
1553760.562673,5004,b378f61c-a691-49d8-9683-2c451172ffd9,coordinator_0,worker_2,NET_TRANSFER,0.000100,0.158000,Poll: Check Layer Cache
1553760.720673,5004,b378f61c-a691-49d8-9683-2c451172ffd9,worker_2,coordinator_0,NET_TRANSFER,0.000100,0.158000,Poll: Cache Status Reply
1553760.878673,5004,b378f61c-a691-49d8-9683-2c451172ffd9,coordinator_0,worker_2,NET_TRANSFER,0.000100,0.158000,Poll: Check Layer Cache
1553761.036673,5004,b378f61c-a691-49d8-9683-2c451172ffd9,worker_2,coordinator_0,NET_TRANSFER,0.000100,0.158000,Poll: Cache Status Reply
1553761.194673,5004,b378f61c-a691-49d8-9683-2c451172ffd9,coordinator_0,worker_2,NET_TRANSFER,0.000100,0.158000,Poll: Check Layer Cache
1553761.352673,5004,b378f61c-a691-49d8-9683-2c451172ffd9,worker_2,coordinator_0,NET_TRANSFER,0.000100,0.158000,Poll: Cache Status Reply
1553761.510673,5004,b378f61c-a691-49d8-9683-2c451172ffd9,coordinator_0,worker_2,NET_TRANSFER,0.000100,0.158000,Poll: Check Layer Cache
1553761.668673,5004,b378f61c-a691-49d8-9683-2c451172ffd9,worker_2,coordinator_0,NET_TRANSFER,0.000100,0.158000,Poll: Cache Status Reply
1553761.826673,5004,b378f61c-a691-49d8-9683-2c451172ffd9,coordinator_0,worker_3,NET_TRANSFER,0.000100,0.158000,Poll: Check Layer Cache
1553761.984673,5004,b378f61c-a691-49d8-9683-2c451172ffd9,worker_3,coordinator_0,NET_TRANSFER,0.000100,0.158000,Poll: Cache Status Reply
1553762.142673,10006,23c32e69-89c8-4a98-9507-a520351cbbe5,coordinator_0,worker_4,NET_TRANSFER,0.000100,0.158000,Poll: Check Layer Cache
1553762.300673,10006,23c32e69-89c8-4a98-9507-a520351cbbe5,worker_4,coordinator_0,NET_TRANSFER,0.000100,0.158000,Poll: Cache Status Reply
1553762.458673,10006,23c32e69-89c8-4a98-9507-a520351cbbe5,coordinator_0,worker_1,NET_TRANSFER,0.000100,0.158000,Poll: Check Layer Cache
1553762.616673,10006,23c32e69-89c8-4a98-9507-a520351cbbe5,worker_1,coordinator_0,NET_TRANSFER,0.000100,0.158000,Poll: Cache Status Reply
1553762.774673,10006,23c32e69-89c8-4a98-9507-a520351cbbe5,coordinator_0,worker_2,NET_TRANSFER,0.000100,0.158000,Poll: Check Layer Cache
1553762.932673,10006,23c32e69-89c8-4a98-9507-a520351cbbe5,worker_2,coordinator_0,NET_TRANSFER,0.000100,0.158000,Poll: Cache Status Reply
1553763.090673,10006,23c32e69-89c8-4a98-9507-a520351cbbe5,coordinator_0,worker_3,NET_TRANSFER,0.000100,0.158000,Poll: Check Layer Cache
1553763.248673,10006,23c32e69-89c8-4a98-9507-a520351cbbe5,worker_3,coordinator_0,NET_TRANSFER,0.000100,0.158000,Poll: Cache Status Reply
1553763.406673,10006,23c32e69-89c8-4a98-9507-a520351cbbe5,coordinator_0,worker_4,NET_TRANSFER,0.000100,0.158000,Poll: Check Layer Cache
1553763.564673,10006,23c32e69-89c8-4a98-9507-a520351cbbe5,worker_4,coordinator_0,NET_TRANSFER,0.000100,0.158000,Poll: Cache Status Reply
1553763.722673,10006,23c32e69-89c8-4a98-9507-a520351cbbe5,coordinator_0,worker_1,NET_TRANSFER,0.000100,0.158000,Poll: Check Layer Cache
1553763.880673,10006,23c32e69-89c8-4a98-9507-a520351cbbe5,worker_1,coordinator_0,NET_TRANSFER,0.000100,0.158000,Poll: Cache Status Reply
1553764.038673,10006,23c32e69-89c8-4a98-9507-a520351cbbe5,coordinator_0,worker_2,NET_TRANSFER,0.000100,0.158000,Poll: Check Layer Cache
1553764.196673,10006,23c32e69-89c8-4a98-9507-a520351cbbe5,worker_2,coordinator_0,NET_TRANSFER,0.000100,0.158000,Poll: Cache Status Reply
1553764.354673,10006,23c32e69-89c8-4a98-9507-a520351cbbe5,coordinator_0,worker_3,NET_TRANSFER,0.000100,0.158000,Poll: Check Layer Cache
1553764.512673,10006,23c32e69-89c8-4a98-9507-a520351cbbe5,worker_3,coordinator_0,NET_TRANSFER,0.000100,0.158000,Poll: Cache Status Reply
1553764.670673,10006,23c32e69-89c8-4a98-9507-a520351cbbe5,coordinator_0,worker_2,NET_TRANSFER,0.000100,0.158000,Poll: Check Layer Cache
1553764.828673,10006,23c32e69-89c8-4a98-9507-a520351cbbe5,worker_2,coordinator_0,NET_TRANSFER,0.000100,0.158000,Poll: Cache Status Reply
1553764.986673,10006,23c32e69-89c8-4a98-9507-a520351cbbe5,coordinator_0,worker_3,NET_TRANSFER,0.000100,0.158000,Poll: Check Layer Cache
1553765.144673,10006,23c32e69-89c8-4a98-9507-a520351cbbe5,worker_3,coordinator_0,NET_TRANSFER,0.000100,0.158000,Poll: Cache Status Reply
1553765.302673,10006,23c32e69-89c8-4a98-9507-a520351cbbe5,coordinator_0,worker_4,NET_TRANSFER,0.000100,0.158000,Poll: Check Layer Cache
1553765.460673,10006,23c32e69-89c8-4a98-9507-a520351cbbe5,worker_4,coordinator_0,NET_TRANSFER,0.000100,0.158000,Poll: Cache Status Reply
1553765.618673,10006,23c32e69-89c8-4a98-9507-a520351cbbe5,coordinator_0,worker_2,NET_TRANSFER,0.000100,0.158000,Poll: Check Layer Cache
1553765.776673,10006,23c32e69-89c8-4a98-9507-a520351cbbe5,worker_2,coordinator_0,NET_TRANSFER,0.000100,0.158000,Poll: Cache Status Reply
1553765.934673,10006,23c32e69-89c8-4a98-9507-a520351cbbe5,coordinator_0,worker_2,NET_TRANSFER,0.000100,0.158000,Poll: Check Layer Cache
1553766.092673,10006,23c32e69-89c8-4a98-9507-a520351cbbe5,worker_2,coordinator_0,NET_TRANSFER,0.000100,0.158000,Poll: Cache Status Reply
1553766.250673,10006,23c32e69-89c8-4a98-9507-a520351cbbe5,coordinator_0,worker_4,NET_TRANSFER,0.000100,0.158000,Poll: Check Layer Cache
1553766.408673,10006,23c32e69-89c8-4a98-9507-a520351cbbe5,worker_4,coordinator_0,NET_TRANSFER,0.000100,0.158000,Poll: Cache Status Reply
1553766.566673,10006,23c32e69-89c8-4a98-9507-a520351cbbe5,coordinator_0,worker_3,NET_TRANSFER,0.000100,0.158000,Poll: Check Layer Cache
1553766.724673,10006,23c32e69-89c8-4a98-9507-a520351cbbe5,worker_3,coordinator_0,NET_TRANSFER,0.000100,0.158000,Poll: Cache Status Reply
1553766.882673,10006,23c32e69-89c8-4a98-9507-a520351cbbe5,coordinator_0,worker_2,NET_TRANSFER,0.000100,0.158000,Poll: Check Layer Cache
1553767.040673,10006,23c32e69-89c8-4a98-9507-a520351cbbe5,worker_2,coordinator_0,NET_TRANSFER,0.000100,0.158000,Poll: Cache Status Reply
1553767.198673,10006,23c32e69-89c8-4a98-9507-a520351cbbe5,coordinator_0,worker_1,NET_TRANSFER,0.000100,0.158000,Poll: Check Layer Cache
1553767.356673,10006,23c32e69-89c8-4a98-9507-a520351cbbe5,worker_1,coordinator_0,NET_TRANSFER,0.000100,0.158000,Poll: Cache Status Reply
1553767.514673,10006,23c32e69-89c8-4a98-9507-a520351cbbe5,coordinator_0,worker_4,NET_TRANSFER,0.000100,0.158000,Poll: Check Layer Cache
1553767.672673,10006,23c32e69-89c8-4a98-9507-a520351cbbe5,worker_4,coordinator_0,NET_TRANSFER,0.000100,0.158000,Poll: Cache Status Reply
1553767.830673,10006,23c32e69-89c8-4a98-9507-a520351cbbe5,coordinator_0,worker_4,NET_TRANSFER,0.000100,0.158000,Poll: Check Layer Cache
1553767.988673,10006,23c32e69-89c8-4a98-9507-a520351cbbe5,worker_4,coordinator_0,NET_TRANSFER,0.000100,0.158000,Poll: Cache Status Reply
1553768.146673,10006,23c32e69-89c8-4a98-9507-a520351cbbe5,coordinator_0,worker_2,NET_TRANSFER,0.000100,0.158000,Poll: Check Layer Cache
1553768.304673,10006,23c32e69-89c8-4a98-9507-a520351cbbe5,worker_2,coordinator_0,NET_TRANSFER,0.000100,0.158000,Poll: Cache Status Reply
1553768.462673,10006,23c32e69-89c8-4a98-9507-a520351cbbe5,coordinator_0,worker_3,NET_TRANSFER,0.000100,0.158000,Poll: Check Layer Cache
1553768.620673,10006,23c32e69-89c8-4a98-9507-a520351cbbe5,worker_3,coordinator_0,NET_TRANSFER,0.000100,0.158000,Poll: Cache Status Reply
1553768.778673,10006,23c32e69-89c8-4a98-9507-a520351cbbe5,coordinator_0,worker_4,NET_TRANSFER,0.000100,0.158000,Poll: Check Layer Cache
1553768.936673,10006,23c32e69-89c8-4a98-9507-a520351cbbe5,worker_4,coordinator_0,NET_TRANSFER,0.000100,0.158000,Poll: Cache Status Reply
1553769.094673,10006,23c32e69-89c8-4a98-9507-a520351cbbe5,coordinator_0,worker_4,NET_TRANSFER,0.000100,0.158000,Poll: Check Layer Cache
1553769.252673,10006,23c32e69-89c8-4a98-9507-a520351cbbe5,worker_4,coordinator_0,NET_TRANSFER,0.000100,0.158000,Poll: Cache Status Reply
1553769.410673,10006,23c32e69-89c8-4a98-9507-a520351cbbe5,coordinator_0,worker_4,NET_TRANSFER,0.000100,0.158000,Poll: Check Layer Cache
1553769.568673,10006,23c32e69-89c8-4a98-9507-a520351cbbe5,worker_4,coordinator_0,NET_TRANSFER,0.000100,0.158000,Poll: Cache Status Reply
1553769.726673,10006,23c32e69-89c8-4a98-9507-a520351cbbe5,coordinator_0,worker_4,NET_TRANSFER,0.000100,0.158000,Poll: Check Layer Cache
1553769.884673,10006,23c32e69-89c8-4a98-9507-a520351cbbe5,worker_4,coordinator_0,NET_TRANSFER,0.000100,0.158000,Poll: Cache Status Reply
1553770.042673,10006,23c32e69-89c8-4a98-9507-a520351cbbe5,coordinator_0,worker_3,NET_TRANSFER,0.000100,0.158000,Poll: Check Layer Cache
1553770.200673,10006,23c32e69-89c8-4a98-9507-a520351cbbe5,worker_3,coordinator_0,NET_TRANSFER,0.000100,0.158000,Poll: Cache Status Reply
1553770.358673,10006,23c32e69-89c8-4a98-9507-a520351cbbe5,coordinator_0,worker_1,NET_TRANSFER,0.000100,0.158000,Poll: Check Layer Cache
1553770.516673,10006,23c32e69-89c8-4a98-9507-a520351cbbe5,worker_1,coordinator_0,NET_TRANSFER,0.000100,0.158000,Poll: Cache Status Reply
1553770.674673,10006,23c32e69-89c8-4a98-9507-a520351cbbe5,coordinator_0,worker_3,NET_TRANSFER,0.000100,0.158000,Poll: Check Layer Cache
1553770.832673,10006,23c32e69-89c8-4a98-9507-a520351cbbe5,worker_3,coordinator_0,NET_TRANSFER,0.000100,0.158000,Poll: Cache Status Reply
1553770.990673,10006,23c32e69-89c8-4a98-9507-a520351cbbe5,coordinator_0,worker_2,NET_TRANSFER,0.000100,0.158000,Poll: Check Layer Cache
1553771.148673,10006,23c32e69-89c8-4a98-9507-a520351cbbe5,worker_2,coordinator_0,NET_TRANSFER,0.000100,0.158000,Poll: Cache Status Reply
1553771.306673,10006,23c32e69-89c8-4a98-9507-a520351cbbe5,coordinator_0,worker_4,NET_TRANSFER,0.000100,0.158000,Poll: Check Layer Cache
1553771.464673,10006,23c32e69-89c8-4a98-9507-a520351cbbe5,worker_4,coordinator_0,NET_TRANSFER,0.000100,0.158000,Poll: Cache Status Reply
1553771.622673,10006,23c32e69-89c8-4a98-9507-a520351cbbe5,coordinator_0,worker_1,NET_TRANSFER,0.000100,0.158000,Poll: Check Layer Cache
1553771.780673,10006,23c32e69-89c8-4a98-9507-a520351cbbe5,worker_1,coordinator_0,NET_TRANSFER,0.000100,0.158000,Poll: Cache Status Reply
1553771.938673,10006,23c32e69-89c8-4a98-9507-a520351cbbe5,coordinator_0,worker_2,NET_TRANSFER,0.000100,0.158000,Poll: Check Layer Cache
1553772.096673,10006,23c32e69-89c8-4a98-9507-a520351cbbe5,worker_2,coordinator_0,NET_TRANSFER,0.000100,0.158000,Poll: Cache Status Reply
1553772.254673,10006,23c32e69-89c8-4a98-9507-a520351cbbe5,coordinator_0,worker_1,NET_TRANSFER,0.000100,0.158000,Poll: Check Layer Cache
1553772.412673,10006,23c32e69-89c8-4a98-9507-a520351cbbe5,worker_1,coordinator_0,NET_TRANSFER,0.000100,0.158000,Poll: Cache Status Reply
1553772.570673,10006,23c32e69-89c8-4a98-9507-a520351cbbe5,coordinator_0,worker_3,NET_TRANSFER,0.000100,0.158000,Poll: Check Layer Cache
1553772.728673,10006,23c32e69-89c8-4a98-9507-a520351cbbe5,worker_3,coordinator_0,NET_TRANSFER,0.000100,0.158000,Poll: Cache Status Reply
1553772.886673,10006,23c32e69-89c8-4a98-9507-a520351cbbe5,coordinator_0,worker_1,NET_TRANSFER,0.000100,0.158000,Poll: Check Layer Cache
1553773.044673,10006,23c32e69-89c8-4a98-9507-a520351cbbe5,worker_1,coordinator_0,NET_TRANSFER,0.000100,0.158000,Poll: Cache Status Reply
1553773.202673,10006,23c32e69-89c8-4a98-9507-a520351cbbe5,coordinator_0,worker_3,NET_TRANSFER,0.000100,0.158000,Poll: Check Layer Cache
1553773.360673,10006,23c32e69-89c8-4a98-9507-a520351cbbe5,worker_3,coordinator_0,NET_TRANSFER,0.000100,0.158000,Poll: Cache Status Reply
1553773.518673,10006,23c32e69-89c8-4a98-9507-a520351cbbe5,coordinator_0,worker_3,NET_TRANSFER,0.000100,0.158000,Poll: Check Layer Cache
1553773.676673,10006,23c32e69-89c8-4a98-9507-a520351cbbe5,worker_3,coordinator_0,NET_TRANSFER,0.000100,0.158000,Poll: Cache Status Reply
1553773.834673,10006,23c32e69-89c8-4a98-9507-a520351cbbe5,coordinator_0,worker_2,NET_TRANSFER,0.000100,0.158000,Poll: Check Layer Cache
1553773.992673,10006,23c32e69-89c8-4a98-9507-a520351cbbe5,worker_2,coordinator_0,NET_TRANSFER,0.000100,0.158000,Poll: Cache Status Reply
1553774.150673,10006,23c32e69-89c8-4a98-9507-a520351cbbe5,coordinator_0,worker_4,NET_TRANSFER,0.000100,0.158000,Poll: Check Layer Cache
1553774.308673,10006,23c32e69-89c8-4a98-9507-a520351cbbe5,worker_4,coordinator_0,NET_TRANSFER,0.000100,0.158000,Poll: Cache Status Reply
1553774.466673,10006,23c32e69-89c8-4a98-9507-a520351cbbe5,coordinator_0,worker_1,NET_TRANSFER,0.000100,0.158000,Poll: Check Layer Cache
1553774.624673,10006,23c32e69-89c8-4a98-9507-a520351cbbe5,worker_1,coordinator_0,NET_TRANSFER,0.000100,0.158000,Poll: Cache Status Reply
1553774.782673,10006,23c32e69-89c8-4a98-9507-a520351cbbe5,coordinator_0,worker_2,NET_TRANSFER,0.000100,0.158000,Poll: Check Layer Cache
1553774.940673,10006,23c32e69-89c8-4a98-9507-a520351cbbe5,worker_2,coordinator_0,NET_TRANSFER,0.000100,0.158000,Poll: Cache Status Reply
1553775.098673,10006,23c32e69-89c8-4a98-9507-a520351cbbe5,coordinator_0,worker_3,NET_TRANSFER,0.000100,0.158000,Poll: Check Layer Cache
1553775.256673,10006,23c32e69-89c8-4a98-9507-a520351cbbe5,worker_3,coordinator_0,NET_TRANSFER,0.000100,0.158000,Poll: Cache Status Reply
1553775.414673,10006,23c32e69-89c8-4a98-9507-a520351cbbe5,coordinator_0,worker_2,NET_TRANSFER,0.000100,0.158000,Poll: Check Layer Cache
1553775.572673,10006,23c32e69-89c8-4a98-9507-a520351cbbe5,worker_2,coordinator_0,NET_TRANSFER,0.000100,0.158000,Poll: Cache Status Reply
1553775.730673,10006,23c32e69-89c8-4a98-9507-a520351cbbe5,coordinator_0,worker_3,NET_TRANSFER,0.000100,0.158000,Poll: Check Layer Cache
1553775.888673,10006,23c32e69-89c8-4a98-9507-a520351cbbe5,worker_3,coordinator_0,NET_TRANSFER,0.000100,0.158000,Poll: Cache Status Reply
1553776.046673,10006,23c32e69-89c8-4a98-9507-a520351cbbe5,coordinator_0,worker_2,NET_TRANSFER,0.000100,0.158000,Poll: Check Layer Cache
1553776.204673,10006,23c32e69-89c8-4a98-9507-a520351cbbe5,worker_2,coordinator_0,NET_TRANSFER,0.000100,0.158000,Poll: Cache Status Reply
1553776.362673,10006,23c32e69-89c8-4a98-9507-a520351cbbe5,coordinator_0,worker_1,NET_TRANSFER,0.000100,0.158000,Poll: Check Layer Cache
1553776.520673,10006,23c32e69-89c8-4a98-9507-a520351cbbe5,worker_1,coordinator_0,NET_TRANSFER,0.000100,0.158000,Poll: Cache Status Reply
1553776.678673,10006,23c32e69-89c8-4a98-9507-a520351cbbe5,coordinator_0,worker_1,NET_TRANSFER,0.000100,0.158000,Poll: Check Layer Cache
1553776.836673,10006,23c32e69-89c8-4a98-9507-a520351cbbe5,worker_1,coordinator_0,NET_TRANSFER,0.000100,0.158000,Poll: Cache Status Reply
1553776.994673,10006,23c32e69-89c8-4a98-9507-a520351cbbe5,coordinator_0,worker_1,NET_TRANSFER,0.000100,0.158000,Poll: Check Layer Cache
1553777.152673,10006,23c32e69-89c8-4a98-9507-a520351cbbe5,worker_1,coordinator_0,NET_TRANSFER,0.000100,0.158000,Poll: Cache Status Reply
1553777.310673,10006,23c32e69-89c8-4a98-9507-a520351cbbe5,coordinator_0,worker_1,NET_TRANSFER,0.000100,0.158000,Poll: Check Layer Cache
1553777.468673,10006,23c32e69-89c8-4a98-9507-a520351cbbe5,worker_1,coordinator_0,NET_TRANSFER,0.000100,0.158000,Poll: Cache Status Reply
1553777.626673,10006,23c32e69-89c8-4a98-9507-a520351cbbe5,coordinator_0,worker_1,NET_TRANSFER,0.000100,0.158000,Poll: Check Layer Cache
1553777.784673,10006,23c32e69-89c8-4a98-9507-a520351cbbe5,worker_1,coordinator_0,NET_TRANSFER,0.000100,0.158000,Poll: Cache Status Reply
1553777.942673,10006,23c32e69-89c8-4a98-9507-a520351cbbe5,coordinator_0,worker_1,NET_TRANSFER,0.000100,0.158000,Poll: Check Layer Cache
1553778.100673,10006,23c32e69-89c8-4a98-9507-a520351cbbe5,worker_1,coordinator_0,NET_TRANSFER,0.000100,0.158000,Poll: Cache Status Reply
1553778.258673,10006,23c32e69-89c8-4a98-9507-a520351cbbe5,coordinator_0,worker_2,NET_TRANSFER,0.000100,0.158000,Poll: Check Layer Cache
1553778.416673,10006,23c32e69-89c8-4a98-9507-a520351cbbe5,worker_2,coordinator_0,NET_TRANSFER,0.000100,0.158000,Poll: Cache Status Reply
1553778.574673,10006,23c32e69-89c8-4a98-9507-a520351cbbe5,coordinator_0,worker_3,NET_TRANSFER,0.000100,0.158000,Poll: Check Layer Cache
1553778.732673,10006,23c32e69-89c8-4a98-9507-a520351cbbe5,worker_3,coordinator_0,NET_TRANSFER,0.000100,0.158000,Poll: Cache Status Reply
1553778.890673,10006,23c32e69-89c8-4a98-9507-a520351cbbe5,coordinator_0,worker_3,NET_TRANSFER,0.000100,0.158000,Poll: Check Layer Cache
1553779.048673,10006,23c32e69-89c8-4a98-9507-a520351cbbe5,worker_3,coordinator_0,NET_TRANSFER,0.000100,0.158000,Poll: Cache Status Reply
1553779.206673,10006,23c32e69-89c8-4a98-9507-a520351cbbe5,coordinator_0,worker_4,NET_TRANSFER,0.000100,0.158000,Poll: Check Layer Cache
1553779.364673,10006,23c32e69-89c8-4a98-9507-a520351cbbe5,worker_4,coordinator_0,NET_TRANSFER,0.000100,0.158000,Poll: Cache Status Reply
1553779.522673,10006,23c32e69-89c8-4a98-9507-a520351cbbe5,coordinator_0,worker_2,NET_TRANSFER,0.000100,0.158000,Poll: Check Layer Cache
1553779.680673,10006,23c32e69-89c8-4a98-9507-a520351cbbe5,worker_2,coordinator_0,NET_TRANSFER,0.000100,0.158000,Poll: Cache Status Reply
1553779.838673,10006,23c32e69-89c8-4a98-9507-a520351cbbe5,coordinator_0,worker_4,NET_TRANSFER,0.000100,0.158000,Poll: Check Layer Cache
1553779.996673,10006,23c32e69-89c8-4a98-9507-a520351cbbe5,worker_4,coordinator_0,NET_TRANSFER,0.000100,0.158000,Poll: Cache Status Reply
1553780.154673,10006,23c32e69-89c8-4a98-9507-a520351cbbe5,coordinator_0,worker_1,NET_TRANSFER,0.000100,0.158000,Poll: Check Layer Cache
1553780.312673,10006,23c32e69-89c8-4a98-9507-a520351cbbe5,worker_1,coordinator_0,NET_TRANSFER,0.000100,0.158000,Poll: Cache Status Reply
1553780.470673,10006,23c32e69-89c8-4a98-9507-a520351cbbe5,coordinator_0,worker_4,NET_TRANSFER,0.000100,0.158000,Poll: Check Layer Cache
1553780.628673,10006,23c32e69-89c8-4a98-9507-a520351cbbe5,worker_4,coordinator_0,NET_TRANSFER,0.000100,0.158000,Poll: Cache Status Reply
1553780.786673,1002,15fff31f-88d3-4850-8c0e-5a2d28be9990,coordinator_0,worker_1,NET_TRANSFER,0.000100,0.158000,Poll: Check Layer Cache
1553780.944673,1002,15fff31f-88d3-4850-8c0e-5a2d28be9990,worker_1,coordinator_0,NET_TRANSFER,0.000100,0.158000,Poll: Cache Status Reply
1553781.102673,1002,15fff31f-88d3-4850-8c0e-5a2d28be9990,coordinator_0,worker_3,NET_TRANSFER,0.000100,0.158000,Poll: Check Layer Cache
1553781.260673,1002,15fff31f-88d3-4850-8c0e-5a2d28be9990,worker_3,coordinator_0,NET_TRANSFER,0.000100,0.158000,Poll: Cache Status Reply
1553781.418673,1002,15fff31f-88d3-4850-8c0e-5a2d28be9990,coordinator_0,worker_2,NET_TRANSFER,0.000100,0.158000,Poll: Check Layer Cache
1553781.576673,1002,15fff31f-88d3-4850-8c0e-5a2d28be9990,worker_2,coordinator_0,NET_TRANSFER,0.000100,0.158000,Poll: Cache Status Reply
1553781.734673,1002,15fff31f-88d3-4850-8c0e-5a2d28be9990,coordinator_0,worker_3,NET_TRANSFER,0.000100,0.158000,Poll: Check Layer Cache
1553781.892673,1002,15fff31f-88d3-4850-8c0e-5a2d28be9990,worker_3,coordinator_0,NET_TRANSFER,0.000100,0.158000,Poll: Cache Status Reply
1553782.050673,1002,15fff31f-88d3-4850-8c0e-5a2d28be9990,coordinator_0,worker_3,NET_TRANSFER,0.000100,0.158000,Poll: Check Layer Cache
1553782.208673,1002,15fff31f-88d3-4850-8c0e-5a2d28be9990,worker_3,coordinator_0,NET_TRANSFER,0.000100,0.158000,Poll: Cache Status Reply
1553782.366673,1002,15fff31f-88d3-4850-8c0e-5a2d28be9990,coordinator_0,worker_1,NET_TRANSFER,0.000100,0.158000,Poll: Check Layer Cache
1553782.524673,1002,15fff31f-88d3-4850-8c0e-5a2d28be9990,worker_1,coordinator_0,NET_TRANSFER,0.000100,0.158000,Poll: Cache Status Reply
1553782.682673,1002,15fff31f-88d3-4850-8c0e-5a2d28be9990,coordinator_0,worker_4,NET_TRANSFER,0.000100,0.158000,Poll: Check Layer Cache
1553782.840673,1002,15fff31f-88d3-4850-8c0e-5a2d28be9990,worker_4,coordinator_0,NET_TRANSFER,0.000100,0.158000,Poll: Cache Status Reply
1553782.998673,1002,15fff31f-88d3-4850-8c0e-5a2d28be9990,coordinator_0,worker_2,NET_TRANSFER,0.000100,0.158000,Poll: Check Layer Cache
1553783.156673,1002,15fff31f-88d3-4850-8c0e-5a2d28be9990,worker_2,coordinator_0,NET_TRANSFER,0.000100,0.158000,Poll: Cache Status Reply
1553783.314673,1002,15fff31f-88d3-4850-8c0e-5a2d28be9990,coordinator_0,worker_1,NET_TRANSFER,0.000100,0.158000,Poll: Check Layer Cache
1553783.472673,1002,15fff31f-88d3-4850-8c0e-5a2d28be9990,worker_1,coordinator_0,NET_TRANSFER,0.000100,0.158000,Poll: Cache Status Reply
1553783.630673,1002,15fff31f-88d3-4850-8c0e-5a2d28be9990,coordinator_0,worker_1,NET_TRANSFER,0.000100,0.158000,Poll: Check Layer Cache
1553783.788673,1002,15fff31f-88d3-4850-8c0e-5a2d28be9990,worker_1,coordinator_0,NET_TRANSFER,0.000100,0.158000,Poll: Cache Status Reply
1553783.946673,1002,15fff31f-88d3-4850-8c0e-5a2d28be9990,coordinator_0,worker_4,NET_TRANSFER,0.000100,0.158000,Poll: Check Layer Cache
1553784.104673,1002,15fff31f-88d3-4850-8c0e-5a2d28be9990,worker_4,coordinator_0,NET_TRANSFER,0.000100,0.158000,Poll: Cache Status Reply
1553784.262673,1002,15fff31f-88d3-4850-8c0e-5a2d28be9990,coordinator_0,worker_3,NET_TRANSFER,0.000100,0.158000,Poll: Check Layer Cache
1553784.420673,1002,15fff31f-88d3-4850-8c0e-5a2d28be9990,worker_3,coordinator_0,NET_TRANSFER,0.000100,0.158000,Poll: Cache Status Reply
1553784.578673,1002,15fff31f-88d3-4850-8c0e-5a2d28be9990,coordinator_0,worker_4,NET_TRANSFER,0.000100,0.158000,Poll: Check Layer Cache
1553784.736673,1002,15fff31f-88d3-4850-8c0e-5a2d28be9990,worker_4,coordinator_0,NET_TRANSFER,0.000100,0.158000,Poll: Cache Status Reply
1553784.894673,1002,15fff31f-88d3-4850-8c0e-5a2d28be9990,coordinator_0,worker_2,NET_TRANSFER,0.000100,0.158000,Poll: Check Layer Cache
1553785.052673,1002,15fff31f-88d3-4850-8c0e-5a2d28be9990,worker_2,coordinator_0,NET_TRANSFER,0.000100,0.158000,Poll: Cache Status Reply
1553785.210673,1002,15fff31f-88d3-4850-8c0e-5a2d28be9990,coordinator_0,worker_1,NET_TRANSFER,0.000100,0.158000,Poll: Check Layer Cache
1553785.368673,1002,15fff31f-88d3-4850-8c0e-5a2d28be9990,worker_1,coordinator_0,NET_TRANSFER,0.000100,0.158000,Poll: Cache Status Reply
1553785.526673,1002,15fff31f-88d3-4850-8c0e-5a2d28be9990,coordinator_0,worker_1,NET_TRANSFER,0.000100,0.158000,Poll: Check Layer Cache
1553785.684673,1002,15fff31f-88d3-4850-8c0e-5a2d28be9990,worker_1,coordinator_0,NET_TRANSFER,0.000100,0.158000,Poll: Cache Status Reply
1553785.842673,1002,15fff31f-88d3-4850-8c0e-5a2d28be9990,coordinator_0,worker_2,NET_TRANSFER,0.000100,0.158000,Poll: Check Layer Cache
1553786.000673,1002,15fff31f-88d3-4850-8c0e-5a2d28be9990,worker_2,coordinator_0,NET_TRANSFER,0.000100,0.158000,Poll: Cache Status Reply
1553786.158673,1002,15fff31f-88d3-4850-8c0e-5a2d28be9990,coordinator_0,worker_2,NET_TRANSFER,0.000100,0.158000,Poll: Check Layer Cache
1553786.316673,1002,15fff31f-88d3-4850-8c0e-5a2d28be9990,worker_2,coordinator_0,NET_TRANSFER,0.000100,0.158000,Poll: Cache Status Reply
1553786.474673,1002,15fff31f-88d3-4850-8c0e-5a2d28be9990,coordinator_0,worker_4,NET_TRANSFER,0.000100,0.158000,Poll: Check Layer Cache
1553786.632673,1002,15fff31f-88d3-4850-8c0e-5a2d28be9990,worker_4,coordinator_0,NET_TRANSFER,0.000100,0.158000,Poll: Cache Status Reply
1553786.790673,1002,15fff31f-88d3-4850-8c0e-5a2d28be9990,coordinator_0,worker_4,NET_TRANSFER,0.000100,0.158000,Poll: Check Layer Cache
1553786.948673,1002,15fff31f-88d3-4850-8c0e-5a2d28be9990,worker_4,coordinator_0,NET_TRANSFER,0.000100,0.158000,Poll: Cache Status Reply
1553787.106673,1002,15fff31f-88d3-4850-8c0e-5a2d28be9990,coordinator_0,worker_2,NET_TRANSFER,0.000100,0.158000,Poll: Check Layer Cache
1553787.264673,1002,15fff31f-88d3-4850-8c0e-5a2d28be9990,worker_2,coordinator_0,NET_TRANSFER,0.000100,0.158000,Poll: Cache Status Reply
1553787.422673,1002,15fff31f-88d3-4850-8c0e-5a2d28be9990,coordinator_0,worker_2,NET_TRANSFER,0.000100,0.158000,Poll: Check Layer Cache
1553787.580673,1002,15fff31f-88d3-4850-8c0e-5a2d28be9990,worker_2,coordinator_0,NET_TRANSFER,0.000100,0.158000,Poll: Cache Status Reply
1553787.738673,1002,15fff31f-88d3-4850-8c0e-5a2d28be9990,coordinator_0,worker_3,NET_TRANSFER,0.000100,0.158000,Poll: Check Layer Cache
1553787.896673,1002,15fff31f-88d3-4850-8c0e-5a2d28be9990,worker_3,coordinator_0,NET_TRANSFER,0.000100,0.158000,Poll: Cache Status Reply
1553788.054673,1002,15fff31f-88d3-4850-8c0e-5a2d28be9990,coordinator_0,worker_3,NET_TRANSFER,0.000100,0.158000,Poll: Check Layer Cache
1553788.212673,1002,15fff31f-88d3-4850-8c0e-5a2d28be9990,worker_3,coordinator_0,NET_TRANSFER,0.000100,0.158000,Poll: Cache Status Reply
1553788.370673,1002,15fff31f-88d3-4850-8c0e-5a2d28be9990,coordinator_0,worker_4,NET_TRANSFER,0.000100,0.158000,Poll: Check Layer Cache
1553788.528673,1002,15fff31f-88d3-4850-8c0e-5a2d28be9990,worker_4,coordinator_0,NET_TRANSFER,0.000100,0.158000,Poll: Cache Status Reply
1553788.686673,1002,15fff31f-88d3-4850-8c0e-5a2d28be9990,coordinator_0,worker_2,NET_TRANSFER,0.000100,0.158000,Poll: Check Layer Cache
1553788.844673,1002,15fff31f-88d3-4850-8c0e-5a2d28be9990,worker_2,coordinator_0,NET_TRANSFER,0.000100,0.158000,Poll: Cache Status Reply
1553789.002673,1002,15fff31f-88d3-4850-8c0e-5a2d28be9990,coordinator_0,worker_2,NET_TRANSFER,0.000100,0.158000,Poll: Check Layer Cache
1553789.160673,1002,15fff31f-88d3-4850-8c0e-5a2d28be9990,worker_2,coordinator_0,NET_TRANSFER,0.000100,0.158000,Poll: Cache Status Reply
1553789.318673,1002,15fff31f-88d3-4850-8c0e-5a2d28be9990,coordinator_0,worker_3,NET_TRANSFER,0.000100,0.158000,Poll: Check Layer Cache
1553789.476673,1002,15fff31f-88d3-4850-8c0e-5a2d28be9990,worker_3,coordinator_0,NET_TRANSFER,0.000100,0.158000,Poll: Cache Status Reply
1553789.634673,1002,15fff31f-88d3-4850-8c0e-5a2d28be9990,coordinator_0,worker_4,NET_TRANSFER,0.000100,0.158000,Poll: Check Layer Cache
1553789.792673,1002,15fff31f-88d3-4850-8c0e-5a2d28be9990,worker_4,coordinator_0,NET_TRANSFER,0.000100,0.158000,Poll: Cache Status Reply
1553789.950673,1002,15fff31f-88d3-4850-8c0e-5a2d28be9990,coordinator_0,worker_4,NET_TRANSFER,0.000100,0.158000,Poll: Check Layer Cache
1553790.108673,1002,15fff31f-88d3-4850-8c0e-5a2d28be9990,worker_4,coordinator_0,NET_TRANSFER,0.000100,0.158000,Poll: Cache Status Reply
1553790.266673,1002,15fff31f-88d3-4850-8c0e-5a2d28be9990,coordinator_0,worker_4,NET_TRANSFER,0.000100,0.158000,Poll: Check Layer Cache
1553790.424673,1002,15fff31f-88d3-4850-8c0e-5a2d28be9990,worker_4,coordinator_0,NET_TRANSFER,0.000100,0.158000,Poll: Cache Status Reply
1553790.582673,1002,15fff31f-88d3-4850-8c0e-5a2d28be9990,coordinator_0,worker_1,NET_TRANSFER,0.000100,0.158000,Poll: Check Layer Cache
1553790.740673,1002,15fff31f-88d3-4850-8c0e-5a2d28be9990,worker_1,coordinator_0,NET_TRANSFER,0.000100,0.158000,Poll: Cache Status Reply
1553790.898673,1002,15fff31f-88d3-4850-8c0e-5a2d28be9990,coordinator_0,worker_3,NET_TRANSFER,0.000100,0.158000,Poll: Check Layer Cache
1553791.056673,1002,15fff31f-88d3-4850-8c0e-5a2d28be9990,worker_3,coordinator_0,NET_TRANSFER,0.000100,0.158000,Poll: Cache Status Reply
1553791.214673,1002,15fff31f-88d3-4850-8c0e-5a2d28be9990,coordinator_0,worker_1,NET_TRANSFER,0.000100,0.158000,Poll: Check Layer Cache
1553791.372673,1002,15fff31f-88d3-4850-8c0e-5a2d28be9990,worker_1,coordinator_0,NET_TRANSFER,0.000100,0.158000,Poll: Cache Status Reply
1553791.530673,1002,15fff31f-88d3-4850-8c0e-5a2d28be9990,coordinator_0,worker_3,NET_TRANSFER,0.000100,0.158000,Poll: Check Layer Cache
1553791.688673,1002,15fff31f-88d3-4850-8c0e-5a2d28be9990,worker_3,coordinator_0,NET_TRANSFER,0.000100,0.158000,Poll: Cache Status Reply
1553791.846673,8004,b378f61c-a691-49d8-9683-2c451172ffd9,coordinator_0,worker_3,NET_TRANSFER,0.000100,0.158000,Poll: Check Layer Cache
1553792.004673,8004,b378f61c-a691-49d8-9683-2c451172ffd9,worker_3,coordinator_0,NET_TRANSFER,0.000100,0.158000,Poll: Cache Status Reply
1553792.162673,8004,b378f61c-a691-49d8-9683-2c451172ffd9,coordinator_0,worker_4,NET_TRANSFER,0.000100,0.158000,Poll: Check Layer Cache
1553792.320673,8004,b378f61c-a691-49d8-9683-2c451172ffd9,worker_4,coordinator_0,NET_TRANSFER,0.000100,0.158000,Poll: Cache Status Reply
1553792.478673,8004,b378f61c-a691-49d8-9683-2c451172ffd9,coordinator_0,worker_1,NET_TRANSFER,0.000100,0.158000,Poll: Check Layer Cache
1553792.636673,8004,b378f61c-a691-49d8-9683-2c451172ffd9,worker_1,coordinator_0,NET_TRANSFER,0.000100,0.158000,Poll: Cache Status Reply
1553792.794673,8004,b378f61c-a691-49d8-9683-2c451172ffd9,coordinator_0,worker_3,NET_TRANSFER,0.000100,0.158000,Poll: Check Layer Cache
1553792.952673,8004,b378f61c-a691-49d8-9683-2c451172ffd9,worker_3,coordinator_0,NET_TRANSFER,0.000100,0.158000,Poll: Cache Status Reply
1553793.110673,8004,b378f61c-a691-49d8-9683-2c451172ffd9,coordinator_0,worker_1,NET_TRANSFER,0.000100,0.158000,Poll: Check Layer Cache
1553793.268673,8004,b378f61c-a691-49d8-9683-2c451172ffd9,worker_1,coordinator_0,NET_TRANSFER,0.000100,0.158000,Poll: Cache Status Reply
1553793.426673,8004,b378f61c-a691-49d8-9683-2c451172ffd9,coordinator_0,worker_4,NET_TRANSFER,0.000100,0.158000,Poll: Check Layer Cache
1553793.584673,8004,b378f61c-a691-49d8-9683-2c451172ffd9,worker_4,coordinator_0,NET_TRANSFER,0.000100,0.158000,Poll: Cache Status Reply
1553793.742673,8004,b378f61c-a691-49d8-9683-2c451172ffd9,coordinator_0,worker_2,NET_TRANSFER,0.000100,0.158000,Poll: Check Layer Cache
1553793.900673,8004,b378f61c-a691-49d8-9683-2c451172ffd9,worker_2,coordinator_0,NET_TRANSFER,0.000100,0.158000,Poll: Cache Status Reply
1553794.058673,8004,b378f61c-a691-49d8-9683-2c451172ffd9,coordinator_0,worker_2,NET_TRANSFER,0.000100,0.158000,Poll: Check Layer Cache
1553794.216673,8004,b378f61c-a691-49d8-9683-2c451172ffd9,worker_2,coordinator_0,NET_TRANSFER,0.000100,0.158000,Poll: Cache Status Reply
1553794.374673,8004,b378f61c-a691-49d8-9683-2c451172ffd9,coordinator_0,worker_1,NET_TRANSFER,0.000100,0.158000,Poll: Check Layer Cache
1553794.532673,8004,b378f61c-a691-49d8-9683-2c451172ffd9,worker_1,coordinator_0,NET_TRANSFER,0.000100,0.158000,Poll: Cache Status Reply
1553794.690673,8004,b378f61c-a691-49d8-9683-2c451172ffd9,coordinator_0,worker_4,NET_TRANSFER,0.000100,0.158000,Poll: Check Layer Cache
1553794.848673,8004,b378f61c-a691-49d8-9683-2c451172ffd9,worker_4,coordinator_0,NET_TRANSFER,0.000100,0.158000,Poll: Cache Status Reply
1553795.006673,8004,b378f61c-a691-49d8-9683-2c451172ffd9,coordinator_0,worker_3,NET_TRANSFER,0.000100,0.158000,Poll: Check Layer Cache
1553795.164673,8004,b378f61c-a691-49d8-9683-2c451172ffd9,worker_3,coordinator_0,NET_TRANSFER,0.000100,0.158000,Poll: Cache Status Reply
1553795.322673,8004,b378f61c-a691-49d8-9683-2c451172ffd9,coordinator_0,worker_4,NET_TRANSFER,0.000100,0.158000,Poll: Check Layer Cache
1553795.480673,8004,b378f61c-a691-49d8-9683-2c451172ffd9,worker_4,coordinator_0,NET_TRANSFER,0.000100,0.158000,Poll: Cache Status Reply
1553795.638673,8004,b378f61c-a691-49d8-9683-2c451172ffd9,coordinator_0,worker_2,NET_TRANSFER,0.000100,0.158000,Poll: Check Layer Cache
1553795.796673,8004,b378f61c-a691-49d8-9683-2c451172ffd9,worker_2,coordinator_0,NET_TRANSFER,0.000100,0.158000,Poll: Cache Status Reply
1553795.954673,8004,b378f61c-a691-49d8-9683-2c451172ffd9,coordinator_0,worker_4,NET_TRANSFER,0.000100,0.158000,Poll: Check Layer Cache
1553796.112673,8004,b378f61c-a691-49d8-9683-2c451172ffd9,worker_4,coordinator_0,NET_TRANSFER,0.000100,0.158000,Poll: Cache Status Reply
1553796.270673,8004,b378f61c-a691-49d8-9683-2c451172ffd9,coordinator_0,worker_1,NET_TRANSFER,0.000100,0.158000,Poll: Check Layer Cache
1553796.428673,8004,b378f61c-a691-49d8-9683-2c451172ffd9,worker_1,coordinator_0,NET_TRANSFER,0.000100,0.158000,Poll: Cache Status Reply
1553796.586673,8004,b378f61c-a691-49d8-9683-2c451172ffd9,coordinator_0,worker_4,NET_TRANSFER,0.000100,0.158000,Poll: Check Layer Cache
1553796.744673,8004,b378f61c-a691-49d8-9683-2c451172ffd9,worker_4,coordinator_0,NET_TRANSFER,0.000100,0.158000,Poll: Cache Status Reply
1553796.902673,8004,b378f61c-a691-49d8-9683-2c451172ffd9,coordinator_0,worker_4,NET_TRANSFER,0.000100,0.158000,Poll: Check Layer Cache
1553797.060673,8004,b378f61c-a691-49d8-9683-2c451172ffd9,worker_4,coordinator_0,NET_TRANSFER,0.000100,0.158000,Poll: Cache Status Reply
1553797.218673,8004,b378f61c-a691-49d8-9683-2c451172ffd9,coordinator_0,worker_1,NET_TRANSFER,0.000100,0.158000,Poll: Check Layer Cache
1553797.376673,8004,b378f61c-a691-49d8-9683-2c451172ffd9,worker_1,coordinator_0,NET_TRANSFER,0.000100,0.158000,Poll: Cache Status Reply
1553797.534673,8004,b378f61c-a691-49d8-9683-2c451172ffd9,coordinator_0,worker_2,NET_TRANSFER,0.000100,0.158000,Poll: Check Layer Cache
1553797.692673,8004,b378f61c-a691-49d8-9683-2c451172ffd9,worker_2,coordinator_0,NET_TRANSFER,0.000100,0.158000,Poll: Cache Status Reply
1553797.850673,8004,b378f61c-a691-49d8-9683-2c451172ffd9,coordinator_0,worker_3,NET_TRANSFER,0.000100,0.158000,Poll: Check Layer Cache
1553798.008673,8004,b378f61c-a691-49d8-9683-2c451172ffd9,worker_3,coordinator_0,NET_TRANSFER,0.000100,0.158000,Poll: Cache Status Reply
1553798.166673,8004,b378f61c-a691-49d8-9683-2c451172ffd9,coordinator_0,worker_1,NET_TRANSFER,0.000100,0.158000,Poll: Check Layer Cache
1553798.324673,8004,b378f61c-a691-49d8-9683-2c451172ffd9,worker_1,coordinator_0,NET_TRANSFER,0.000100,0.158000,Poll: Cache Status Reply
1553798.482673,8004,b378f61c-a691-49d8-9683-2c451172ffd9,coordinator_0,worker_1,NET_TRANSFER,0.000100,0.158000,Poll: Check Layer Cache
1553798.640673,8004,b378f61c-a691-49d8-9683-2c451172ffd9,worker_1,coordinator_0,NET_TRANSFER,0.000100,0.158000,Poll: Cache Status Reply
1553798.798673,8004,b378f61c-a691-49d8-9683-2c451172ffd9,coordinator_0,worker_3,NET_TRANSFER,0.000100,0.158000,Poll: Check Layer Cache
1553798.956673,8004,b378f61c-a691-49d8-9683-2c451172ffd9,worker_3,coordinator_0,NET_TRANSFER,0.000100,0.158000,Poll: Cache Status Reply
1553799.114673,8004,b378f61c-a691-49d8-9683-2c451172ffd9,coordinator_0,worker_1,NET_TRANSFER,0.000100,0.158000,Poll: Check Layer Cache
1553799.272673,8004,b378f61c-a691-49d8-9683-2c451172ffd9,worker_1,coordinator_0,NET_TRANSFER,0.000100,0.158000,Poll: Cache Status Reply
1553799.430673,8004,b378f61c-a691-49d8-9683-2c451172ffd9,coordinator_0,worker_3,NET_TRANSFER,0.000100,0.158000,Poll: Check Layer Cache
1553799.588673,8004,b378f61c-a691-49d8-9683-2c451172ffd9,worker_3,coordinator_0,NET_TRANSFER,0.000100,0.158000,Poll: Cache Status Reply
1553799.746673,8004,b378f61c-a691-49d8-9683-2c451172ffd9,coordinator_0,worker_4,NET_TRANSFER,0.000100,0.158000,Poll: Check Layer Cache
1553799.904673,8004,b378f61c-a691-49d8-9683-2c451172ffd9,worker_4,coordinator_0,NET_TRANSFER,0.000100,0.158000,Poll: Cache Status Reply
1553800.062673,8004,b378f61c-a691-49d8-9683-2c451172ffd9,coordinator_0,worker_4,NET_TRANSFER,0.000100,0.158000,Poll: Check Layer Cache
1553800.220673,8004,b378f61c-a691-49d8-9683-2c451172ffd9,worker_4,coordinator_0,NET_TRANSFER,0.000100,0.158000,Poll: Cache Status Reply
1553800.378673,8004,b378f61c-a691-49d8-9683-2c451172ffd9,coordinator_0,worker_1,NET_TRANSFER,0.000100,0.158000,Poll: Check Layer Cache
1553800.536673,8004,b378f61c-a691-49d8-9683-2c451172ffd9,worker_1,coordinator_0,NET_TRANSFER,0.000100,0.158000,Poll: Cache Status Reply
1553800.694673,8004,b378f61c-a691-49d8-9683-2c451172ffd9,coordinator_0,worker_1,NET_TRANSFER,0.000100,0.158000,Poll: Check Layer Cache
1553800.852673,8004,b378f61c-a691-49d8-9683-2c451172ffd9,worker_1,coordinator_0,NET_TRANSFER,0.000100,0.158000,Poll: Cache Status Reply
1553801.010673,8004,b378f61c-a691-49d8-9683-2c451172ffd9,coordinator_0,worker_1,NET_TRANSFER,0.000100,0.158000,Poll: Check Layer Cache
1553801.168673,8004,b378f61c-a691-49d8-9683-2c451172ffd9,worker_1,coordinator_0,NET_TRANSFER,0.000100,0.158000,Poll: Cache Status Reply
1553801.326673,8004,b378f61c-a691-49d8-9683-2c451172ffd9,coordinator_0,worker_2,NET_TRANSFER,0.000100,0.158000,Poll: Check Layer Cache
1553801.484673,8004,b378f61c-a691-49d8-9683-2c451172ffd9,worker_2,coordinator_0,NET_TRANSFER,0.000100,0.158000,Poll: Cache Status Reply
1553801.642673,8004,b378f61c-a691-49d8-9683-2c451172ffd9,coordinator_0,worker_2,NET_TRANSFER,0.000100,0.158000,Poll: Check Layer Cache
1553801.800673,8004,b378f61c-a691-49d8-9683-2c451172ffd9,worker_2,coordinator_0,NET_TRANSFER,0.000100,0.158000,Poll: Cache Status Reply
1553801.958673,8004,b378f61c-a691-49d8-9683-2c451172ffd9,coordinator_0,worker_2,NET_TRANSFER,0.000100,0.158000,Poll: Check Layer Cache
1553802.116673,8004,b378f61c-a691-49d8-9683-2c451172ffd9,worker_2,coordinator_0,NET_TRANSFER,0.000100,0.158000,Poll: Cache Status Reply
1553802.274673,8004,b378f61c-a691-49d8-9683-2c451172ffd9,coordinator_0,worker_4,NET_TRANSFER,0.000100,0.158000,Poll: Check Layer Cache
1553802.432673,8004,b378f61c-a691-49d8-9683-2c451172ffd9,worker_4,coordinator_0,NET_TRANSFER,0.000100,0.158000,Poll: Cache Status Reply
1553802.590673,8004,b378f61c-a691-49d8-9683-2c451172ffd9,coordinator_0,worker_1,NET_TRANSFER,0.000100,0.158000,Poll: Check Layer Cache
1553802.748673,8004,b378f61c-a691-49d8-9683-2c451172ffd9,worker_1,coordinator_0,NET_TRANSFER,0.000100,0.158000,Poll: Cache Status Reply
1553802.906673,8004,b378f61c-a691-49d8-9683-2c451172ffd9,coordinator_0,worker_3,NET_TRANSFER,0.000100,0.158000,Poll: Check Layer Cache
1553803.064673,8004,b378f61c-a691-49d8-9683-2c451172ffd9,worker_3,coordinator_0,NET_TRANSFER,0.000100,0.158000,Poll: Cache Status Reply
1553803.222673,8004,b378f61c-a691-49d8-9683-2c451172ffd9,coordinator_0,worker_1,NET_TRANSFER,0.000100,0.158000,Poll: Check Layer Cache
1553803.380673,8004,b378f61c-a691-49d8-9683-2c451172ffd9,worker_1,coordinator_0,NET_TRANSFER,0.000100,0.158000,Poll: Cache Status Reply
1553803.538673,8004,b378f61c-a691-49d8-9683-2c451172ffd9,coordinator_0,worker_2,NET_TRANSFER,0.000100,0.158000,Poll: Check Layer Cache
1553803.696673,8004,b378f61c-a691-49d8-9683-2c451172ffd9,worker_2,coordinator_0,NET_TRANSFER,0.000100,0.158000,Poll: Cache Status Reply
1553803.854673,8004,b378f61c-a691-49d8-9683-2c451172ffd9,coordinator_0,worker_4,NET_TRANSFER,0.000100,0.158000,Poll: Check Layer Cache
1553804.012673,8004,b378f61c-a691-49d8-9683-2c451172ffd9,worker_4,coordinator_0,NET_TRANSFER,0.000100,0.158000,Poll: Cache Status Reply
1553804.170673,8004,b378f61c-a691-49d8-9683-2c451172ffd9,coordinator_0,worker_4,NET_TRANSFER,0.000100,0.158000,Poll: Check Layer Cache
1553804.328673,8004,b378f61c-a691-49d8-9683-2c451172ffd9,worker_4,coordinator_0,NET_TRANSFER,0.000100,0.158000,Poll: Cache Status Reply
1553804.486673,8004,b378f61c-a691-49d8-9683-2c451172ffd9,coordinator_0,worker_3,NET_TRANSFER,0.000100,0.158000,Poll: Check Layer Cache
1553804.644673,8004,b378f61c-a691-49d8-9683-2c451172ffd9,worker_3,coordinator_0,NET_TRANSFER,0.000100,0.158000,Poll: Cache Status Reply
1553804.802673,8004,b378f61c-a691-49d8-9683-2c451172ffd9,coordinator_0,worker_1,NET_TRANSFER,0.000100,0.158000,Poll: Check Layer Cache
1553804.960673,8004,b378f61c-a691-49d8-9683-2c451172ffd9,worker_1,coordinator_0,NET_TRANSFER,0.000100,0.158000,Poll: Cache Status Reply
1553805.118673,8004,b378f61c-a691-49d8-9683-2c451172ffd9,coordinator_0,worker_4,NET_TRANSFER,0.000100,0.158000,Poll: Check Layer Cache
1553805.276673,8004,b378f61c-a691-49d8-9683-2c451172ffd9,worker_4,coordinator_0,NET_TRANSFER,0.000100,0.158000,Poll: Cache Status Reply
1553805.434673,8004,b378f61c-a691-49d8-9683-2c451172ffd9,coordinator_0,worker_4,NET_TRANSFER,0.000100,0.158000,Poll: Check Layer Cache
1553805.592673,8004,b378f61c-a691-49d8-9683-2c451172ffd9,worker_4,coordinator_0,NET_TRANSFER,0.000100,0.158000,Poll: Cache Status Reply
1553805.750673,8004,b378f61c-a691-49d8-9683-2c451172ffd9,coordinator_0,worker_2,NET_TRANSFER,0.000100,0.158000,Poll: Check Layer Cache
1553805.908673,8004,b378f61c-a691-49d8-9683-2c451172ffd9,worker_2,coordinator_0,NET_TRANSFER,0.000100,0.158000,Poll: Cache Status Reply
1553806.066673,8004,b378f61c-a691-49d8-9683-2c451172ffd9,coordinator_0,worker_3,NET_TRANSFER,0.000100,0.158000,Poll: Check Layer Cache
1553806.224673,8004,b378f61c-a691-49d8-9683-2c451172ffd9,worker_3,coordinator_0,NET_TRANSFER,0.000100,0.158000,Poll: Cache Status Reply
1553806.382673,8004,b378f61c-a691-49d8-9683-2c451172ffd9,coordinator_0,worker_4,NET_TRANSFER,0.000100,0.158000,Poll: Check Layer Cache
1553806.540673,8004,b378f61c-a691-49d8-9683-2c451172ffd9,worker_4,coordinator_0,NET_TRANSFER,0.000100,0.158000,Poll: Cache Status Reply
1553806.698673,8004,b378f61c-a691-49d8-9683-2c451172ffd9,coordinator_0,worker_1,NET_TRANSFER,0.000100,0.158000,Poll: Check Layer Cache
1553806.856673,8004,b378f61c-a691-49d8-9683-2c451172ffd9,worker_1,coordinator_0,NET_TRANSFER,0.000100,0.158000,Poll: Cache Status Reply
1553807.014673,8004,b378f61c-a691-49d8-9683-2c451172ffd9,coordinator_0,worker_3,NET_TRANSFER,0.000100,0.158000,Poll: Check Layer Cache
1553807.172673,8004,b378f61c-a691-49d8-9683-2c451172ffd9,worker_3,coordinator_0,NET_TRANSFER,0.000100,0.158000,Poll: Cache Status Reply
1553807.330673,8004,b378f61c-a691-49d8-9683-2c451172ffd9,coordinator_0,worker_3,NET_TRANSFER,0.000100,0.158000,Poll: Check Layer Cache
1553807.488673,8004,b378f61c-a691-49d8-9683-2c451172ffd9,worker_3,coordinator_0,NET_TRANSFER,0.000100,0.158000,Poll: Cache Status Reply
1553807.646673,8004,b378f61c-a691-49d8-9683-2c451172ffd9,coordinator_0,worker_3,NET_TRANSFER,0.000100,0.158000,Poll: Check Layer Cache
1553807.804673,8004,b378f61c-a691-49d8-9683-2c451172ffd9,worker_3,coordinator_0,NET_TRANSFER,0.000100,0.158000,Poll: Cache Status Reply
1553807.962673,8004,b378f61c-a691-49d8-9683-2c451172ffd9,coordinator_0,worker_3,NET_TRANSFER,0.000100,0.158000,Poll: Check Layer Cache
1553808.120673,8004,b378f61c-a691-49d8-9683-2c451172ffd9,worker_3,coordinator_0,NET_TRANSFER,0.000100,0.158000,Poll: Cache Status Reply
1553808.278673,8004,b378f61c-a691-49d8-9683-2c451172ffd9,coordinator_0,worker_2,NET_TRANSFER,0.000100,0.158000,Poll: Check Layer Cache
1553808.436673,8004,b378f61c-a691-49d8-9683-2c451172ffd9,worker_2,coordinator_0,NET_TRANSFER,0.000100,0.158000,Poll: Cache Status Reply
1553808.594673,8004,b378f61c-a691-49d8-9683-2c451172ffd9,coordinator_0,worker_2,NET_TRANSFER,0.000100,0.158000,Poll: Check Layer Cache
1553808.752673,8004,b378f61c-a691-49d8-9683-2c451172ffd9,worker_2,coordinator_0,NET_TRANSFER,0.000100,0.158000,Poll: Cache Status Reply
1553808.910673,8004,b378f61c-a691-49d8-9683-2c451172ffd9,coordinator_0,worker_2,NET_TRANSFER,0.000100,0.158000,Poll: Check Layer Cache
1553809.068673,8004,b378f61c-a691-49d8-9683-2c451172ffd9,worker_2,coordinator_0,NET_TRANSFER,0.000100,0.158000,Poll: Cache Status Reply
1553809.226673,8004,b378f61c-a691-49d8-9683-2c451172ffd9,coordinator_0,worker_2,NET_TRANSFER,0.000100,0.158000,Poll: Check Layer Cache
1553809.384673,8004,b378f61c-a691-49d8-9683-2c451172ffd9,worker_2,coordinator_0,NET_TRANSFER,0.000100,0.158000,Poll: Cache Status Reply
1553809.542673,8004,b378f61c-a691-49d8-9683-2c451172ffd9,coordinator_0,worker_3,NET_TRANSFER,0.000100,0.158000,Poll: Check Layer Cache
1553809.700673,8004,b378f61c-a691-49d8-9683-2c451172ffd9,worker_3,coordinator_0,NET_TRANSFER,0.000100,0.158000,Poll: Cache Status Reply
1553809.858673,8004,b378f61c-a691-49d8-9683-2c451172ffd9,coordinator_0,worker_2,NET_TRANSFER,0.000100,0.158000,Poll: Check Layer Cache
1553810.016673,8004,b378f61c-a691-49d8-9683-2c451172ffd9,worker_2,coordinator_0,NET_TRANSFER,0.000100,0.158000,Poll: Cache Status Reply
1553810.174673,5005,15fff31f-88d3-4850-8c0e-5a2d28be9990,coordinator_0,worker_4,NET_TRANSFER,0.000100,0.158000,Poll: Check Layer Cache
1553810.332673,5005,15fff31f-88d3-4850-8c0e-5a2d28be9990,worker_4,coordinator_0,NET_TRANSFER,0.000100,0.158000,Poll: Cache Status Reply
1553810.490673,5005,15fff31f-88d3-4850-8c0e-5a2d28be9990,coordinator_0,worker_4,NET_TRANSFER,0.000100,0.158000,Poll: Check Layer Cache
1553810.648673,5005,15fff31f-88d3-4850-8c0e-5a2d28be9990,worker_4,coordinator_0,NET_TRANSFER,0.000100,0.158000,Poll: Cache Status Reply
1553810.806673,5005,15fff31f-88d3-4850-8c0e-5a2d28be9990,coordinator_0,worker_1,NET_TRANSFER,0.000100,0.158000,Poll: Check Layer Cache
1553810.964673,5005,15fff31f-88d3-4850-8c0e-5a2d28be9990,worker_1,coordinator_0,NET_TRANSFER,0.000100,0.158000,Poll: Cache Status Reply
1553811.122673,5005,15fff31f-88d3-4850-8c0e-5a2d28be9990,coordinator_0,worker_3,NET_TRANSFER,0.000100,0.158000,Poll: Check Layer Cache
1553811.280673,5005,15fff31f-88d3-4850-8c0e-5a2d28be9990,worker_3,coordinator_0,NET_TRANSFER,0.000100,0.158000,Poll: Cache Status Reply
1553811.438673,5005,15fff31f-88d3-4850-8c0e-5a2d28be9990,coordinator_0,worker_1,NET_TRANSFER,0.000100,0.158000,Poll: Check Layer Cache
1553811.596673,5005,15fff31f-88d3-4850-8c0e-5a2d28be9990,worker_1,coordinator_0,NET_TRANSFER,0.000100,0.158000,Poll: Cache Status Reply
1553811.754673,5005,15fff31f-88d3-4850-8c0e-5a2d28be9990,coordinator_0,worker_3,NET_TRANSFER,0.000100,0.158000,Poll: Check Layer Cache
1553811.912673,5005,15fff31f-88d3-4850-8c0e-5a2d28be9990,worker_3,coordinator_0,NET_TRANSFER,0.000100,0.158000,Poll: Cache Status Reply
1553812.070673,5005,15fff31f-88d3-4850-8c0e-5a2d28be9990,coordinator_0,worker_1,NET_TRANSFER,0.000100,0.158000,Poll: Check Layer Cache
1553812.228673,5005,15fff31f-88d3-4850-8c0e-5a2d28be9990,worker_1,coordinator_0,NET_TRANSFER,0.000100,0.158000,Poll: Cache Status Reply
1553812.386673,5005,15fff31f-88d3-4850-8c0e-5a2d28be9990,coordinator_0,worker_3,NET_TRANSFER,0.000100,0.158000,Poll: Check Layer Cache
1553812.544673,5005,15fff31f-88d3-4850-8c0e-5a2d28be9990,worker_3,coordinator_0,NET_TRANSFER,0.000100,0.158000,Poll: Cache Status Reply
1553812.702673,5005,15fff31f-88d3-4850-8c0e-5a2d28be9990,coordinator_0,worker_2,NET_TRANSFER,0.000100,0.158000,Poll: Check Layer Cache
1553812.860673,5005,15fff31f-88d3-4850-8c0e-5a2d28be9990,worker_2,coordinator_0,NET_TRANSFER,0.000100,0.158000,Poll: Cache Status Reply
1553813.018673,5005,15fff31f-88d3-4850-8c0e-5a2d28be9990,coordinator_0,worker_3,NET_TRANSFER,0.000100,0.158000,Poll: Check Layer Cache
1553813.176673,5005,15fff31f-88d3-4850-8c0e-5a2d28be9990,worker_3,coordinator_0,NET_TRANSFER,0.000100,0.158000,Poll: Cache Status Reply
1553813.334673,5005,15fff31f-88d3-4850-8c0e-5a2d28be9990,coordinator_0,worker_3,NET_TRANSFER,0.000100,0.158000,Poll: Check Layer Cache
1553813.492673,5005,15fff31f-88d3-4850-8c0e-5a2d28be9990,worker_3,coordinator_0,NET_TRANSFER,0.000100,0.158000,Poll: Cache Status Reply
1553813.650673,5005,15fff31f-88d3-4850-8c0e-5a2d28be9990,coordinator_0,worker_1,NET_TRANSFER,0.000100,0.158000,Poll: Check Layer Cache
1553813.808673,5005,15fff31f-88d3-4850-8c0e-5a2d28be9990,worker_1,coordinator_0,NET_TRANSFER,0.000100,0.158000,Poll: Cache Status Reply
1553813.966673,5005,15fff31f-88d3-4850-8c0e-5a2d28be9990,coordinator_0,worker_4,NET_TRANSFER,0.000100,0.158000,Poll: Check Layer Cache
1553814.124673,5005,15fff31f-88d3-4850-8c0e-5a2d28be9990,worker_4,coordinator_0,NET_TRANSFER,0.000100,0.158000,Poll: Cache Status Reply
1553814.282673,5005,15fff31f-88d3-4850-8c0e-5a2d28be9990,coordinator_0,worker_2,NET_TRANSFER,0.000100,0.158000,Poll: Check Layer Cache
1553814.440673,5005,15fff31f-88d3-4850-8c0e-5a2d28be9990,worker_2,coordinator_0,NET_TRANSFER,0.000100,0.158000,Poll: Cache Status Reply
1553814.598673,5005,15fff31f-88d3-4850-8c0e-5a2d28be9990,coordinator_0,worker_1,NET_TRANSFER,0.000100,0.158000,Poll: Check Layer Cache
1553814.756673,5005,15fff31f-88d3-4850-8c0e-5a2d28be9990,worker_1,coordinator_0,NET_TRANSFER,0.000100,0.158000,Poll: Cache Status Reply
1553814.914673,5005,15fff31f-88d3-4850-8c0e-5a2d28be9990,coordinator_0,worker_1,NET_TRANSFER,0.000100,0.158000,Poll: Check Layer Cache
1553815.072673,5005,15fff31f-88d3-4850-8c0e-5a2d28be9990,worker_1,coordinator_0,NET_TRANSFER,0.000100,0.158000,Poll: Cache Status Reply
1553815.230673,5005,15fff31f-88d3-4850-8c0e-5a2d28be9990,coordinator_0,worker_4,NET_TRANSFER,0.000100,0.158000,Poll: Check Layer Cache
1553815.388673,5005,15fff31f-88d3-4850-8c0e-5a2d28be9990,worker_4,coordinator_0,NET_TRANSFER,0.000100,0.158000,Poll: Cache Status Reply
1553815.546673,5005,15fff31f-88d3-4850-8c0e-5a2d28be9990,coordinator_0,worker_3,NET_TRANSFER,0.000100,0.158000,Poll: Check Layer Cache
1553815.704673,5005,15fff31f-88d3-4850-8c0e-5a2d28be9990,worker_3,coordinator_0,NET_TRANSFER,0.000100,0.158000,Poll: Cache Status Reply
1553815.862673,5005,15fff31f-88d3-4850-8c0e-5a2d28be9990,coordinator_0,worker_4,NET_TRANSFER,0.000100,0.158000,Poll: Check Layer Cache
1553816.020673,5005,15fff31f-88d3-4850-8c0e-5a2d28be9990,worker_4,coordinator_0,NET_TRANSFER,0.000100,0.158000,Poll: Cache Status Reply
1553816.178673,5005,15fff31f-88d3-4850-8c0e-5a2d28be9990,coordinator_0,worker_2,NET_TRANSFER,0.000100,0.158000,Poll: Check Layer Cache
1553816.336673,5005,15fff31f-88d3-4850-8c0e-5a2d28be9990,worker_2,coordinator_0,NET_TRANSFER,0.000100,0.158000,Poll: Cache Status Reply
1553816.494673,5005,15fff31f-88d3-4850-8c0e-5a2d28be9990,coordinator_0,worker_1,NET_TRANSFER,0.000100,0.158000,Poll: Check Layer Cache
1553816.652673,5005,15fff31f-88d3-4850-8c0e-5a2d28be9990,worker_1,coordinator_0,NET_TRANSFER,0.000100,0.158000,Poll: Cache Status Reply
1553816.810673,5005,15fff31f-88d3-4850-8c0e-5a2d28be9990,coordinator_0,worker_1,NET_TRANSFER,0.000100,0.158000,Poll: Check Layer Cache
1553816.968673,5005,15fff31f-88d3-4850-8c0e-5a2d28be9990,worker_1,coordinator_0,NET_TRANSFER,0.000100,0.158000,Poll: Cache Status Reply
1553817.126673,5005,15fff31f-88d3-4850-8c0e-5a2d28be9990,coordinator_0,worker_2,NET_TRANSFER,0.000100,0.158000,Poll: Check Layer Cache
1553817.284673,5005,15fff31f-88d3-4850-8c0e-5a2d28be9990,worker_2,coordinator_0,NET_TRANSFER,0.000100,0.158000,Poll: Cache Status Reply
1553817.442673,5005,15fff31f-88d3-4850-8c0e-5a2d28be9990,coordinator_0,worker_2,NET_TRANSFER,0.000100,0.158000,Poll: Check Layer Cache
1553817.600673,5005,15fff31f-88d3-4850-8c0e-5a2d28be9990,worker_2,coordinator_0,NET_TRANSFER,0.000100,0.158000,Poll: Cache Status Reply
1553817.758673,5005,15fff31f-88d3-4850-8c0e-5a2d28be9990,coordinator_0,worker_4,NET_TRANSFER,0.000100,0.158000,Poll: Check Layer Cache
1553817.916673,5005,15fff31f-88d3-4850-8c0e-5a2d28be9990,worker_4,coordinator_0,NET_TRANSFER,0.000100,0.158000,Poll: Cache Status Reply
1553818.074673,5005,15fff31f-88d3-4850-8c0e-5a2d28be9990,coordinator_0,worker_4,NET_TRANSFER,0.000100,0.158000,Poll: Check Layer Cache
1553818.232673,5005,15fff31f-88d3-4850-8c0e-5a2d28be9990,worker_4,coordinator_0,NET_TRANSFER,0.000100,0.158000,Poll: Cache Status Reply
1553818.390673,5005,15fff31f-88d3-4850-8c0e-5a2d28be9990,coordinator_0,worker_2,NET_TRANSFER,0.000100,0.158000,Poll: Check Layer Cache
1553818.548673,5005,15fff31f-88d3-4850-8c0e-5a2d28be9990,worker_2,coordinator_0,NET_TRANSFER,0.000100,0.158000,Poll: Cache Status Reply
1553818.706673,5005,15fff31f-88d3-4850-8c0e-5a2d28be9990,coordinator_0,worker_2,NET_TRANSFER,0.000100,0.158000,Poll: Check Layer Cache
1553818.864673,5005,15fff31f-88d3-4850-8c0e-5a2d28be9990,worker_2,coordinator_0,NET_TRANSFER,0.000100,0.158000,Poll: Cache Status Reply
1553819.022673,5005,15fff31f-88d3-4850-8c0e-5a2d28be9990,coordinator_0,worker_3,NET_TRANSFER,0.000100,0.158000,Poll: Check Layer Cache
1553819.180673,5005,15fff31f-88d3-4850-8c0e-5a2d28be9990,worker_3,coordinator_0,NET_TRANSFER,0.000100,0.158000,Poll: Cache Status Reply
1553819.338673,5005,15fff31f-88d3-4850-8c0e-5a2d28be9990,coordinator_0,worker_3,NET_TRANSFER,0.000100,0.158000,Poll: Check Layer Cache
1553819.496673,5005,15fff31f-88d3-4850-8c0e-5a2d28be9990,worker_3,coordinator_0,NET_TRANSFER,0.000100,0.158000,Poll: Cache Status Reply
1553819.654673,5005,15fff31f-88d3-4850-8c0e-5a2d28be9990,coordinator_0,worker_4,NET_TRANSFER,0.000100,0.158000,Poll: Check Layer Cache
1553819.812673,5005,15fff31f-88d3-4850-8c0e-5a2d28be9990,worker_4,coordinator_0,NET_TRANSFER,0.000100,0.158000,Poll: Cache Status Reply
1553819.970673,5005,15fff31f-88d3-4850-8c0e-5a2d28be9990,coordinator_0,worker_2,NET_TRANSFER,0.000100,0.158000,Poll: Check Layer Cache
1553820.128673,5005,15fff31f-88d3-4850-8c0e-5a2d28be9990,worker_2,coordinator_0,NET_TRANSFER,0.000100,0.158000,Poll: Cache Status Reply
1553820.286673,5005,15fff31f-88d3-4850-8c0e-5a2d28be9990,coordinator_0,worker_2,NET_TRANSFER,0.000100,0.158000,Poll: Check Layer Cache
1553820.444673,5005,15fff31f-88d3-4850-8c0e-5a2d28be9990,worker_2,coordinator_0,NET_TRANSFER,0.000100,0.158000,Poll: Cache Status Reply
1553820.602673,5005,15fff31f-88d3-4850-8c0e-5a2d28be9990,coordinator_0,worker_3,NET_TRANSFER,0.000100,0.158000,Poll: Check Layer Cache
1553820.760673,5005,15fff31f-88d3-4850-8c0e-5a2d28be9990,worker_3,coordinator_0,NET_TRANSFER,0.000100,0.158000,Poll: Cache Status Reply
1553820.918673,5005,15fff31f-88d3-4850-8c0e-5a2d28be9990,coordinator_0,worker_4,NET_TRANSFER,0.000100,0.158000,Poll: Check Layer Cache
1553821.076673,5005,15fff31f-88d3-4850-8c0e-5a2d28be9990,worker_4,coordinator_0,NET_TRANSFER,0.000100,0.158000,Poll: Cache Status Reply
1553821.234673,9001,b378f61c-a691-49d8-9683-2c451172ffd9,coordinator_0,worker_4,NET_TRANSFER,0.000100,0.158000,Poll: Check Layer Cache
1553821.392673,9001,b378f61c-a691-49d8-9683-2c451172ffd9,worker_4,coordinator_0,NET_TRANSFER,0.000100,0.158000,Poll: Cache Status Reply
1553821.550673,9001,b378f61c-a691-49d8-9683-2c451172ffd9,coordinator_0,worker_2,NET_TRANSFER,0.000100,0.158000,Poll: Check Layer Cache
1553821.708673,9001,b378f61c-a691-49d8-9683-2c451172ffd9,worker_2,coordinator_0,NET_TRANSFER,0.000100,0.158000,Poll: Cache Status Reply
1553821.866673,9001,b378f61c-a691-49d8-9683-2c451172ffd9,coordinator_0,worker_3,NET_TRANSFER,0.000100,0.158000,Poll: Check Layer Cache
1553822.024673,9001,b378f61c-a691-49d8-9683-2c451172ffd9,worker_3,coordinator_0,NET_TRANSFER,0.000100,0.158000,Poll: Cache Status Reply
1553822.182673,9001,b378f61c-a691-49d8-9683-2c451172ffd9,coordinator_0,worker_4,NET_TRANSFER,0.000100,0.158000,Poll: Check Layer Cache
1553822.340673,9001,b378f61c-a691-49d8-9683-2c451172ffd9,worker_4,coordinator_0,NET_TRANSFER,0.000100,0.158000,Poll: Cache Status Reply
1553822.498673,9001,b378f61c-a691-49d8-9683-2c451172ffd9,coordinator_0,worker_1,NET_TRANSFER,0.000100,0.158000,Poll: Check Layer Cache
1553822.656673,9001,b378f61c-a691-49d8-9683-2c451172ffd9,worker_1,coordinator_0,NET_TRANSFER,0.000100,0.158000,Poll: Cache Status Reply
1553822.814673,9001,b378f61c-a691-49d8-9683-2c451172ffd9,coordinator_0,worker_3,NET_TRANSFER,0.000100,0.158000,Poll: Check Layer Cache
1553822.972673,9001,b378f61c-a691-49d8-9683-2c451172ffd9,worker_3,coordinator_0,NET_TRANSFER,0.000100,0.158000,Poll: Cache Status Reply
1553823.130673,9001,b378f61c-a691-49d8-9683-2c451172ffd9,coordinator_0,worker_3,NET_TRANSFER,0.000100,0.158000,Poll: Check Layer Cache
1553823.288673,9001,b378f61c-a691-49d8-9683-2c451172ffd9,worker_3,coordinator_0,NET_TRANSFER,0.000100,0.158000,Poll: Cache Status Reply
1553823.446673,9001,b378f61c-a691-49d8-9683-2c451172ffd9,coordinator_0,worker_3,NET_TRANSFER,0.000100,0.158000,Poll: Check Layer Cache
1553823.604673,9001,b378f61c-a691-49d8-9683-2c451172ffd9,worker_3,coordinator_0,NET_TRANSFER,0.000100,0.158000,Poll: Cache Status Reply
1553823.762673,9001,b378f61c-a691-49d8-9683-2c451172ffd9,coordinator_0,worker_3,NET_TRANSFER,0.000100,0.158000,Poll: Check Layer Cache
1553823.920673,9001,b378f61c-a691-49d8-9683-2c451172ffd9,worker_3,coordinator_0,NET_TRANSFER,0.000100,0.158000,Poll: Cache Status Reply
1553824.078673,10018,7e5ffa42-649f-4b09-b2be-5899466a7e7f,client_10,coordinator_0,NET_TRANSFER,0.000100,0.158000,Request Model ID
1553824.236673,5014,0b6aa285-cf51-4f04-b3b0-27d4d0a76265,client_5,coordinator_0,NET_TRANSFER,0.000100,0.158000,Request Model ID
1553824.394673,10003,59a431e0-7a08-4a82-b8fd-3ef66af37c6f,coordinator_0,client_10,NET_TRANSFER,0.000100,0.158000,Signal: Cache Miss / Request Weights
1553824.552673,4012,5cf26a93-6d67-463f-8354-be220031fbd0,client_4,coordinator_0,NET_TRANSFER,0.000100,0.158000,Request Model ID
1553824.710673,3001,085d3a7d-70fd-43c2-a296-69bde04655f1,coordinator_0,client_3,NET_TRANSFER,0.000100,0.158000,Signal: Cache Miss / Request Weights
1588701.502577,3001,085d3a7d-70fd-43c2-a296-69bde04655f1,client_3,coordinator_0,NET_TRANSFER,435.958024,34876.791904,Upload Model Weights
1588701.660577,10017,c6b782ab-5d37-4b75-97c7-b76805f61131,client_10,coordinator_0,NET_TRANSFER,0.000100,0.158000,Request Model ID
1588701.818577,10017,baa413d8-8be1-4108-9c52-2f3dc7ca37d0,client_10,coordinator_0,NET_TRANSFER,0.000100,0.158000,Request Model ID
1588701.976577,6012,15fff31f-88d3-4850-8c0e-5a2d28be9990,client_6,coordinator_0,NET_TRANSFER,0.000100,0.158000,Request Model ID
1588702.134577,6003,7efb5967-3601-4091-bcc2-7bfed1a20e9d,client_6,coordinator_0,NET_TRANSFER,0.000100,0.158000,Request Model ID
1588702.292577,8006,c6b782ab-5d37-4b75-97c7-b76805f61131,client_8,coordinator_0,NET_TRANSFER,0.000100,0.158000,Request Model ID
1588702.450577,9005,c6b782ab-5d37-4b75-97c7-b76805f61131,client_9,coordinator_0,NET_TRANSFER,0.000100,0.158000,Request Model ID
1588702.608577,6005,baa413d8-8be1-4108-9c52-2f3dc7ca37d0,client_6,coordinator_0,NET_TRANSFER,0.000100,0.158000,Request Model ID
1588702.766577,9005,15fff31f-88d3-4850-8c0e-5a2d28be9990,client_9,coordinator_0,NET_TRANSFER,0.000100,0.158000,Request Model ID
1588702.924577,3005,b28fb40b-1a7d-4ab2-bdcc-664e20576c66,client_3,coordinator_0,NET_TRANSFER,0.000100,0.158000,Request Model ID
1588703.082577,8004,baa413d8-8be1-4108-9c52-2f3dc7ca37d0,client_8,coordinator_0,NET_TRANSFER,0.000100,0.158000,Request Model ID
1588703.240577,1004,7202018a-7059-46d3-abf3-725e672873b7,client_1,coordinator_0,NET_TRANSFER,0.000100,0.158000,Request Model ID
1588703.398577,1004,ae026cd0-a180-4a3d-b4e9-e069996002cf,client_1,coordinator_0,NET_TRANSFER,0.000100,0.158000,Request Model ID
1588703.556577,1004,2fbefbbc-cd7c-4c4a-8885-b9904365f752,client_1,coordinator_0,NET_TRANSFER,0.000100,0.158000,Request Model ID
1588703.714577,2006,23c32e69-89c8-4a98-9507-a520351cbbe5,client_2,coordinator_0,NET_TRANSFER,0.000100,0.158000,Request Model ID
1588703.872577,5007,440ed019-eb73-495b-bf4d-60191542c668,client_5,coordinator_0,NET_TRANSFER,0.000100,0.158000,Request Model ID
1588704.030577,2006,268b1d86-9c97-400b-bd0f-3d964dcdd718,client_2,coordinator_0,NET_TRANSFER,0.000100,0.158000,Request Model ID
1588704.188577,6006,085d3a7d-70fd-43c2-a296-69bde04655f1,client_6,coordinator_0,NET_TRANSFER,0.000100,0.158000,Request Model ID
1588704.346577,10009,2fbefbbc-cd7c-4c4a-8885-b9904365f752,client_10,coordinator_0,NET_TRANSFER,0.000100,0.158000,Request Model ID
1588704.504577,9007,b378f61c-a691-49d8-9683-2c451172ffd9,client_9,coordinator_0,NET_TRANSFER,0.000100,0.158000,Request Model ID
1588704.662577,9006,7efb5967-3601-4091-bcc2-7bfed1a20e9d,client_9,coordinator_0,NET_TRANSFER,0.000100,0.158000,Request Model ID
1588704.820577,10008,e314a9ac-f913-4183-acc9-77b03f47dc2f,client_10,coordinator_0,NET_TRANSFER,0.000100,0.158000,Request Model ID
1588704.978577,9006,ae73b5ce-6b5a-4c53-a7b1-f585b462e9d6,client_9,coordinator_0,NET_TRANSFER,0.000100,0.158000,Request Model ID
1588705.136577,9006,7efb5967-3601-4091-bcc2-7bfed1a20e9d,client_9,coordinator_0,NET_TRANSFER,0.000100,0.158000,Request Model ID
1588705.294577,10008,4316abed-9444-4ca6-8f0b-424fcaead312,client_10,coordinator_0,NET_TRANSFER,0.000100,0.158000,Request Model ID
1588705.452577,7005,4316abed-9444-4ca6-8f0b-424fcaead312,client_7,coordinator_0,NET_TRANSFER,0.000100,0.158000,Request Model ID
1588705.610577,1005,6ccfbc3d-d25e-406e-becc-65761946e770,client_1,coordinator_0,NET_TRANSFER,0.000100,0.158000,Request Model ID
1588705.768577,1005,5cf26a93-6d67-463f-8354-be220031fbd0,client_1,coordinator_0,NET_TRANSFER,0.000100,0.158000,Request Model ID
1588705.926577,2007,268b1d86-9c97-400b-bd0f-3d964dcdd718,client_2,coordinator_0,NET_TRANSFER,0.000100,0.158000,Request Model ID
1588706.084577,2007,7efb5967-3601-4091-bcc2-7bfed1a20e9d,client_2,coordinator_0,NET_TRANSFER,0.000100,0.158000,Request Model ID
1588706.242577,2007,085d3a7d-70fd-43c2-a296-69bde04655f1,client_2,coordinator_0,NET_TRANSFER,0.000100,0.158000,Request Model ID
1588706.400577,3006,0458d477-7a86-4d24-971c-62fe9a3e7a17,client_3,coordinator_0,NET_TRANSFER,0.000100,0.158000,Request Model ID
1588706.558577,3006,c6b782ab-5d37-4b75-97c7-b76805f61131,client_3,coordinator_0,NET_TRANSFER,0.000100,0.158000,Request Model ID
1588706.716577,4006,ff4738ca-ecb7-43de-a638-f8f5c9e4eba2,client_4,coordinator_0,NET_TRANSFER,0.000100,0.158000,Request Model ID
1588706.874577,4006,b846365e-24f9-4ee2-bb0e-678153c45917,client_4,coordinator_0,NET_TRANSFER,0.000100,0.158000,Request Model ID
1588707.032577,4006,bc666c44-cc53-4052-a8b3-ec52bdc7926f,client_4,coordinator_0,NET_TRANSFER,0.000100,0.158000,Request Model ID
1588707.190577,7003,2eb7ed28-93fa-4639-8470-40e53873defa,client_7,coordinator_0,NET_TRANSFER,0.000100,0.158000,Request Model ID
1588707.348577,7003,ae73b5ce-6b5a-4c53-a7b1-f585b462e9d6,client_7,coordinator_0,NET_TRANSFER,0.000100,0.158000,Request Model ID
1588707.506577,5008,7e5ffa42-649f-4b09-b2be-5899466a7e7f,client_5,coordinator_0,NET_TRANSFER,0.000100,0.158000,Request Model ID
1588707.664577,6007,e314a9ac-f913-4183-acc9-77b03f47dc2f,client_6,coordinator_0,NET_TRANSFER,0.000100,0.158000,Request Model ID
1588707.822577,8006,b846365e-24f9-4ee2-bb0e-678153c45917,client_8,coordinator_0,NET_TRANSFER,0.000100,0.158000,Request Model ID
1588707.980577,5007,ff4738ca-ecb7-43de-a638-f8f5c9e4eba2,client_5,coordinator_0,NET_TRANSFER,0.000100,0.158000,Request Model ID
1588708.138577,5007,440ed019-eb73-495b-bf4d-60191542c668,client_5,coordinator_0,NET_TRANSFER,0.000100,0.158000,Request Model ID
1588708.296577,5007,d5b6c0cc-7700-4a35-a3d8-1ca4767780d9,client_5,coordinator_0,NET_TRANSFER,0.000100,0.158000,Request Model ID
1588708.454577,9008,55662345-9a0e-4240-bb68-bdd4a322edd8,client_9,coordinator_0,NET_TRANSFER,0.000100,0.158000,Request Model ID
1588708.612577,9007,12a9aae0-a809-4552-b0e2-bb181ad83153,client_9,coordinator_0,NET_TRANSFER,0.000100,0.158000,Request Model ID
1588708.770577,9007,2fbefbbc-cd7c-4c4a-8885-b9904365f752,client_9,coordinator_0,NET_TRANSFER,0.000100,0.158000,Request Model ID
1588708.928577,5009,c6b782ab-5d37-4b75-97c7-b76805f61131,client_5,coordinator_0,NET_TRANSFER,0.000100,0.158000,Request Model ID
1588709.086577,10010,12a9aae0-a809-4552-b0e2-bb181ad83153,client_10,coordinator_0,NET_TRANSFER,0.000100,0.158000,Request Model ID
1588709.244577,10009,12a9aae0-a809-4552-b0e2-bb181ad83153,client_10,coordinator_0,NET_TRANSFER,0.000100,0.158000,Request Model ID
1588709.402577,7006,4f83123b-0543-468c-a0a2-4e04bef77ed4,client_7,coordinator_0,NET_TRANSFER,0.000100,0.158000,Request Model ID
1588709.560577,9009,ae026cd0-a180-4a3d-b4e9-e069996002cf,client_9,coordinator_0,NET_TRANSFER,0.000100,0.158000,Request Model ID
1588709.718577,10011,ff4738ca-ecb7-43de-a638-f8f5c9e4eba2,client_10,coordinator_0,NET_TRANSFER,0.000100,0.158000,Request Model ID
1588709.876577,10010,46495c9c-44a3-46a8-b20a-0f894ebc33f8,client_10,coordinator_0,NET_TRANSFER,0.000100,0.158000,Request Model ID
1588710.034577,10010,ae73b5ce-6b5a-4c53-a7b1-f585b462e9d6,client_10,coordinator_0,NET_TRANSFER,0.000100,0.158000,Request Model ID
1588710.192577,6008,ff4738ca-ecb7-43de-a638-f8f5c9e4eba2,client_6,coordinator_0,NET_TRANSFER,0.000100,0.158000,Request Model ID
1588710.350577,6006,12a9aae0-a809-4552-b0e2-bb181ad83153,client_6,coordinator_0,NET_TRANSFER,0.000100,0.158000,Request Model ID
1588710.508577,6009,6ccfbc3d-d25e-406e-becc-65761946e770,client_6,coordinator_0,NET_TRANSFER,0.000100,0.158000,Request Model ID
1588710.666577,8007,b28fb40b-1a7d-4ab2-bdcc-664e20576c66,client_8,coordinator_0,NET_TRANSFER,0.000100,0.158000,Request Model ID
1588710.824577,7004,baa413d8-8be1-4108-9c52-2f3dc7ca37d0,client_7,coordinator_0,NET_TRANSFER,0.000100,0.158000,Request Model ID
1588710.982577,1007,ae73b5ce-6b5a-4c53-a7b1-f585b462e9d6,client_1,coordinator_0,NET_TRANSFER,0.000100,0.158000,Request Model ID
1588711.140577,1007,b28fb40b-1a7d-4ab2-bdcc-664e20576c66,client_1,coordinator_0,NET_TRANSFER,0.000100,0.158000,Request Model ID
1588711.298577,1007,d5b6c0cc-7700-4a35-a3d8-1ca4767780d9,client_1,coordinator_0,NET_TRANSFER,0.000100,0.158000,Request Model ID
1588711.456577,2009,39785999-ea39-4891-9102-70ece5e21e2c,client_2,coordinator_0,NET_TRANSFER,0.000100,0.158000,Request Model ID
1588711.614577,2009,5cf26a93-6d67-463f-8354-be220031fbd0,client_2,coordinator_0,NET_TRANSFER,0.000100,0.158000,Request Model ID
1588711.772577,2009,4316abed-9444-4ca6-8f0b-424fcaead312,client_2,coordinator_0,NET_TRANSFER,0.000100,0.158000,Request Model ID
1588711.930577,4008,4316abed-9444-4ca6-8f0b-424fcaead312,client_4,coordinator_0,NET_TRANSFER,0.000100,0.158000,Request Model ID
1588712.088577,4008,05c888f5-48fd-4c78-b8ff-c3d7e25250ee,client_4,coordinator_0,NET_TRANSFER,0.000100,0.158000,Request Model ID
1588712.246577,10017,6ccfbc3d-d25e-406e-becc-65761946e770,client_10,coordinator_0,NET_TRANSFER,0.000100,0.158000,Request Model ID
1588712.404577,8012,2fbefbbc-cd7c-4c4a-8885-b9904365f752,client_8,coordinator_0,NET_TRANSFER,0.000100,0.158000,Request Model ID
1588712.562577,10016,39785999-ea39-4891-9102-70ece5e21e2c,client_10,coordinator_0,NET_TRANSFER,0.000100,0.158000,Request Model ID
1588712.720577,9015,b846365e-24f9-4ee2-bb0e-678153c45917,client_9,coordinator_0,NET_TRANSFER,0.000100,0.158000,Request Model ID
1588712.878577,9010,ae026cd0-a180-4a3d-b4e9-e069996002cf,client_9,coordinator_0,NET_TRANSFER,0.000100,0.158000,Request Model ID
1588713.036577,9001,b378f61c-a691-49d8-9683-2c451172ffd9,coordinator_0,worker_2,NET_TRANSFER,0.000100,0.158000,Poll: Check Layer Cache
1588713.194577,9001,b378f61c-a691-49d8-9683-2c451172ffd9,worker_2,coordinator_0,NET_TRANSFER,0.000100,0.158000,Poll: Cache Status Reply
1588713.352577,9001,b378f61c-a691-49d8-9683-2c451172ffd9,coordinator_0,worker_2,NET_TRANSFER,0.000100,0.158000,Poll: Check Layer Cache
1588713.510577,9001,b378f61c-a691-49d8-9683-2c451172ffd9,worker_2,coordinator_0,NET_TRANSFER,0.000100,0.158000,Poll: Cache Status Reply
1588713.668577,9001,b378f61c-a691-49d8-9683-2c451172ffd9,coordinator_0,worker_2,NET_TRANSFER,0.000100,0.158000,Poll: Check Layer Cache
1588713.826577,9001,b378f61c-a691-49d8-9683-2c451172ffd9,worker_2,coordinator_0,NET_TRANSFER,0.000100,0.158000,Poll: Cache Status Reply
1588713.984577,9001,b378f61c-a691-49d8-9683-2c451172ffd9,coordinator_0,worker_2,NET_TRANSFER,0.000100,0.158000,Poll: Check Layer Cache
1588714.142577,9001,b378f61c-a691-49d8-9683-2c451172ffd9,worker_2,coordinator_0,NET_TRANSFER,0.000100,0.158000,Poll: Cache Status Reply
1588714.300577,9001,b378f61c-a691-49d8-9683-2c451172ffd9,coordinator_0,worker_3,NET_TRANSFER,0.000100,0.158000,Poll: Check Layer Cache
1588714.458577,9001,b378f61c-a691-49d8-9683-2c451172ffd9,worker_3,coordinator_0,NET_TRANSFER,0.000100,0.158000,Poll: Cache Status Reply
1588714.616577,9001,b378f61c-a691-49d8-9683-2c451172ffd9,coordinator_0,worker_2,NET_TRANSFER,0.000100,0.158000,Poll: Check Layer Cache
1588714.774577,9001,b378f61c-a691-49d8-9683-2c451172ffd9,worker_2,coordinator_0,NET_TRANSFER,0.000100,0.158000,Poll: Cache Status Reply
1588714.932577,9001,b378f61c-a691-49d8-9683-2c451172ffd9,coordinator_0,worker_3,NET_TRANSFER,0.000100,0.158000,Poll: Check Layer Cache
1588715.090577,9001,b378f61c-a691-49d8-9683-2c451172ffd9,worker_3,coordinator_0,NET_TRANSFER,0.000100,0.158000,Poll: Cache Status Reply
1588715.248577,9001,b378f61c-a691-49d8-9683-2c451172ffd9,coordinator_0,worker_4,NET_TRANSFER,0.000100,0.158000,Poll: Check Layer Cache
1588715.406577,9001,b378f61c-a691-49d8-9683-2c451172ffd9,worker_4,coordinator_0,NET_TRANSFER,0.000100,0.158000,Poll: Cache Status Reply
1588715.564577,9001,b378f61c-a691-49d8-9683-2c451172ffd9,coordinator_0,worker_1,NET_TRANSFER,0.000100,0.158000,Poll: Check Layer Cache
1588715.722577,9001,b378f61c-a691-49d8-9683-2c451172ffd9,worker_1,coordinator_0,NET_TRANSFER,0.000100,0.158000,Poll: Cache Status Reply
1588715.880577,9001,b378f61c-a691-49d8-9683-2c451172ffd9,coordinator_0,worker_3,NET_TRANSFER,0.000100,0.158000,Poll: Check Layer Cache
1588716.038577,9001,b378f61c-a691-49d8-9683-2c451172ffd9,worker_3,coordinator_0,NET_TRANSFER,0.000100,0.158000,Poll: Cache Status Reply
1588716.196577,9001,b378f61c-a691-49d8-9683-2c451172ffd9,coordinator_0,worker_1,NET_TRANSFER,0.000100,0.158000,Poll: Check Layer Cache
1588716.354577,9001,b378f61c-a691-49d8-9683-2c451172ffd9,worker_1,coordinator_0,NET_TRANSFER,0.000100,0.158000,Poll: Cache Status Reply
1588716.512577,9001,b378f61c-a691-49d8-9683-2c451172ffd9,coordinator_0,worker_4,NET_TRANSFER,0.000100,0.158000,Poll: Check Layer Cache
1588716.670577,9001,b378f61c-a691-49d8-9683-2c451172ffd9,worker_4,coordinator_0,NET_TRANSFER,0.000100,0.158000,Poll: Cache Status Reply
1588716.828577,9001,b378f61c-a691-49d8-9683-2c451172ffd9,coordinator_0,worker_2,NET_TRANSFER,0.000100,0.158000,Poll: Check Layer Cache
1588716.986577,9001,b378f61c-a691-49d8-9683-2c451172ffd9,worker_2,coordinator_0,NET_TRANSFER,0.000100,0.158000,Poll: Cache Status Reply
1588717.144577,9001,b378f61c-a691-49d8-9683-2c451172ffd9,coordinator_0,worker_2,NET_TRANSFER,0.000100,0.158000,Poll: Check Layer Cache
1588717.302577,9001,b378f61c-a691-49d8-9683-2c451172ffd9,worker_2,coordinator_0,NET_TRANSFER,0.000100,0.158000,Poll: Cache Status Reply
1588717.460577,9001,b378f61c-a691-49d8-9683-2c451172ffd9,coordinator_0,worker_1,NET_TRANSFER,0.000100,0.158000,Poll: Check Layer Cache
1588717.618577,9001,b378f61c-a691-49d8-9683-2c451172ffd9,worker_1,coordinator_0,NET_TRANSFER,0.000100,0.158000,Poll: Cache Status Reply
1588717.776577,9001,b378f61c-a691-49d8-9683-2c451172ffd9,coordinator_0,worker_4,NET_TRANSFER,0.000100,0.158000,Poll: Check Layer Cache
1588717.934577,9001,b378f61c-a691-49d8-9683-2c451172ffd9,worker_4,coordinator_0,NET_TRANSFER,0.000100,0.158000,Poll: Cache Status Reply
1588718.092577,9001,b378f61c-a691-49d8-9683-2c451172ffd9,coordinator_0,worker_3,NET_TRANSFER,0.000100,0.158000,Poll: Check Layer Cache
1588718.250577,9001,b378f61c-a691-49d8-9683-2c451172ffd9,worker_3,coordinator_0,NET_TRANSFER,0.000100,0.158000,Poll: Cache Status Reply
1588718.408577,9001,b378f61c-a691-49d8-9683-2c451172ffd9,coordinator_0,worker_4,NET_TRANSFER,0.000100,0.158000,Poll: Check Layer Cache
1588718.566577,9001,b378f61c-a691-49d8-9683-2c451172ffd9,worker_4,coordinator_0,NET_TRANSFER,0.000100,0.158000,Poll: Cache Status Reply
1588718.724577,9001,b378f61c-a691-49d8-9683-2c451172ffd9,coordinator_0,worker_2,NET_TRANSFER,0.000100,0.158000,Poll: Check Layer Cache
1588718.882577,9001,b378f61c-a691-49d8-9683-2c451172ffd9,worker_2,coordinator_0,NET_TRANSFER,0.000100,0.158000,Poll: Cache Status Reply
1588719.040577,9001,b378f61c-a691-49d8-9683-2c451172ffd9,coordinator_0,worker_4,NET_TRANSFER,0.000100,0.158000,Poll: Check Layer Cache
1588719.198577,9001,b378f61c-a691-49d8-9683-2c451172ffd9,worker_4,coordinator_0,NET_TRANSFER,0.000100,0.158000,Poll: Cache Status Reply
1588719.356577,9001,b378f61c-a691-49d8-9683-2c451172ffd9,coordinator_0,worker_1,NET_TRANSFER,0.000100,0.158000,Poll: Check Layer Cache
1588719.514577,9001,b378f61c-a691-49d8-9683-2c451172ffd9,worker_1,coordinator_0,NET_TRANSFER,0.000100,0.158000,Poll: Cache Status Reply
1588719.672577,9001,b378f61c-a691-49d8-9683-2c451172ffd9,coordinator_0,worker_4,NET_TRANSFER,0.000100,0.158000,Poll: Check Layer Cache
1588719.830577,9001,b378f61c-a691-49d8-9683-2c451172ffd9,worker_4,coordinator_0,NET_TRANSFER,0.000100,0.158000,Poll: Cache Status Reply
1588719.988577,9001,b378f61c-a691-49d8-9683-2c451172ffd9,coordinator_0,worker_4,NET_TRANSFER,0.000100,0.158000,Poll: Check Layer Cache
1588720.146577,9001,b378f61c-a691-49d8-9683-2c451172ffd9,worker_4,coordinator_0,NET_TRANSFER,0.000100,0.158000,Poll: Cache Status Reply
1588720.304577,9001,b378f61c-a691-49d8-9683-2c451172ffd9,coordinator_0,worker_1,NET_TRANSFER,0.000100,0.158000,Poll: Check Layer Cache
1588720.462577,9001,b378f61c-a691-49d8-9683-2c451172ffd9,worker_1,coordinator_0,NET_TRANSFER,0.000100,0.158000,Poll: Cache Status Reply
1588720.620577,9001,b378f61c-a691-49d8-9683-2c451172ffd9,coordinator_0,worker_2,NET_TRANSFER,0.000100,0.158000,Poll: Check Layer Cache
1588720.778577,9001,b378f61c-a691-49d8-9683-2c451172ffd9,worker_2,coordinator_0,NET_TRANSFER,0.000100,0.158000,Poll: Cache Status Reply
1588720.936577,9001,b378f61c-a691-49d8-9683-2c451172ffd9,coordinator_0,worker_3,NET_TRANSFER,0.000100,0.158000,Poll: Check Layer Cache
1588721.094577,9001,b378f61c-a691-49d8-9683-2c451172ffd9,worker_3,coordinator_0,NET_TRANSFER,0.000100,0.158000,Poll: Cache Status Reply
1588721.252577,9001,b378f61c-a691-49d8-9683-2c451172ffd9,coordinator_0,worker_1,NET_TRANSFER,0.000100,0.158000,Poll: Check Layer Cache
1588721.410577,9001,b378f61c-a691-49d8-9683-2c451172ffd9,worker_1,coordinator_0,NET_TRANSFER,0.000100,0.158000,Poll: Cache Status Reply
1588721.568577,9001,b378f61c-a691-49d8-9683-2c451172ffd9,coordinator_0,worker_1,NET_TRANSFER,0.000100,0.158000,Poll: Check Layer Cache
1588721.726577,3003,085d3a7d-70fd-43c2-a296-69bde04655f1,coordinator_0,client_3,NET_TRANSFER,0.000100,0.158000,Signal: Cache Miss / Request Weights
1588721.884577,9001,b378f61c-a691-49d8-9683-2c451172ffd9,worker_1,coordinator_0,NET_TRANSFER,0.000100,0.158000,Poll: Cache Status Reply
1588722.042577,9001,b378f61c-a691-49d8-9683-2c451172ffd9,coordinator_0,worker_3,NET_TRANSFER,0.000100,0.158000,Poll: Check Layer Cache
1588722.200577,9001,b378f61c-a691-49d8-9683-2c451172ffd9,worker_3,coordinator_0,NET_TRANSFER,0.000100,0.158000,Poll: Cache Status Reply
1588722.358577,9001,b378f61c-a691-49d8-9683-2c451172ffd9,coordinator_0,worker_1,NET_TRANSFER,0.000100,0.158000,Poll: Check Layer Cache
1588722.516577,9001,b378f61c-a691-49d8-9683-2c451172ffd9,worker_1,coordinator_0,NET_TRANSFER,0.000100,0.158000,Poll: Cache Status Reply
1588722.674577,9001,b378f61c-a691-49d8-9683-2c451172ffd9,coordinator_0,worker_3,NET_TRANSFER,0.000100,0.158000,Poll: Check Layer Cache
1623599.466481,3003,085d3a7d-70fd-43c2-a296-69bde04655f1,client_3,coordinator_0,NET_TRANSFER,435.958024,34876.791904,Upload Model Weights
1623599.624481,9001,b378f61c-a691-49d8-9683-2c451172ffd9,worker_3,coordinator_0,NET_TRANSFER,0.000100,0.158000,Poll: Cache Status Reply
1623599.782481,9001,b378f61c-a691-49d8-9683-2c451172ffd9,coordinator_0,worker_4,NET_TRANSFER,0.000100,0.158000,Poll: Check Layer Cache
1623599.940481,9001,b378f61c-a691-49d8-9683-2c451172ffd9,worker_4,coordinator_0,NET_TRANSFER,0.000100,0.158000,Poll: Cache Status Reply
1623600.098481,9001,b378f61c-a691-49d8-9683-2c451172ffd9,coordinator_0,worker_4,NET_TRANSFER,0.000100,0.158000,Poll: Check Layer Cache
1623600.256481,9001,b378f61c-a691-49d8-9683-2c451172ffd9,worker_4,coordinator_0,NET_TRANSFER,0.000100,0.158000,Poll: Cache Status Reply
1623600.414481,9001,b378f61c-a691-49d8-9683-2c451172ffd9,coordinator_0,worker_1,NET_TRANSFER,0.000100,0.158000,Poll: Check Layer Cache
1623600.572481,9001,b378f61c-a691-49d8-9683-2c451172ffd9,worker_1,coordinator_0,NET_TRANSFER,0.000100,0.158000,Poll: Cache Status Reply
1623600.730481,9001,b378f61c-a691-49d8-9683-2c451172ffd9,coordinator_0,worker_1,NET_TRANSFER,0.000100,0.158000,Poll: Check Layer Cache
1623600.888481,9001,b378f61c-a691-49d8-9683-2c451172ffd9,worker_1,coordinator_0,NET_TRANSFER,0.000100,0.158000,Poll: Cache Status Reply
1623601.046481,9001,b378f61c-a691-49d8-9683-2c451172ffd9,coordinator_0,worker_1,NET_TRANSFER,0.000100,0.158000,Poll: Check Layer Cache
1623601.204481,9001,b378f61c-a691-49d8-9683-2c451172ffd9,worker_1,coordinator_0,NET_TRANSFER,0.000100,0.158000,Poll: Cache Status Reply
1623601.362481,3001,6ccfbc3d-d25e-406e-becc-65761946e770,coordinator_0,client_3,NET_TRANSFER,0.000100,0.158000,Signal: Cache Miss / Request Weights
1670882.573573,3001,6ccfbc3d-d25e-406e-becc-65761946e770,client_3,coordinator_0,NET_TRANSFER,591.013264,47281.211092,Upload Model Weights
1670882.731573,10017,bc666c44-cc53-4052-a8b3-ec52bdc7926f,client_10,coordinator_0,NET_TRANSFER,0.000100,0.158000,Request Model ID
1670882.889573,6000,0458d477-7a86-4d24-971c-62fe9a3e7a17,coordinator_0,client_6,NET_TRANSFER,0.000100,0.158000,Signal: Cache Miss / Request Weights
1714472.782377,6000,0458d477-7a86-4d24-971c-62fe9a3e7a17,client_6,coordinator_0,NET_TRANSFER,544.871785,43589.892804,Upload Model Weights
1714472.940377,7002,5cf26a93-6d67-463f-8354-be220031fbd0,coordinator_0,client_7,NET_TRANSFER,0.000100,0.158000,Signal: Cache Miss / Request Weights
1714473.098377,9001,b378f61c-a691-49d8-9683-2c451172ffd9,coordinator_0,worker_2,NET_TRANSFER,0.000100,0.158000,Poll: Check Layer Cache
1714473.256377,9001,b378f61c-a691-49d8-9683-2c451172ffd9,worker_2,coordinator_0,NET_TRANSFER,0.000100,0.158000,Poll: Cache Status Reply
1714473.414377,9001,b378f61c-a691-49d8-9683-2c451172ffd9,coordinator_0,worker_2,NET_TRANSFER,0.000100,0.158000,Poll: Check Layer Cache
1714473.572377,9001,b378f61c-a691-49d8-9683-2c451172ffd9,worker_2,coordinator_0,NET_TRANSFER,0.000100,0.158000,Poll: Cache Status Reply
1714473.730377,9001,b378f61c-a691-49d8-9683-2c451172ffd9,coordinator_0,worker_2,NET_TRANSFER,0.000100,0.158000,Poll: Check Layer Cache
1760430.791435,7002,5cf26a93-6d67-463f-8354-be220031fbd0,client_7,coordinator_0,NET_TRANSFER,574.461388,45957.061058,Upload Model Weights
1760430.949435,9001,b378f61c-a691-49d8-9683-2c451172ffd9,worker_2,coordinator_0,NET_TRANSFER,0.000100,0.158000,Poll: Cache Status Reply
1760431.107435,9001,b378f61c-a691-49d8-9683-2c451172ffd9,coordinator_0,worker_4,NET_TRANSFER,0.000100,0.158000,Poll: Check Layer Cache
1760431.265435,9001,b378f61c-a691-49d8-9683-2c451172ffd9,worker_4,coordinator_0,NET_TRANSFER,0.000100,0.158000,Poll: Cache Status Reply
1760431.423435,9001,b378f61c-a691-49d8-9683-2c451172ffd9,coordinator_0,worker_1,NET_TRANSFER,0.000100,0.158000,Poll: Check Layer Cache
1760431.581435,9001,b378f61c-a691-49d8-9683-2c451172ffd9,worker_1,coordinator_0,NET_TRANSFER,0.000100,0.158000,Poll: Cache Status Reply
1760431.739435,9001,b378f61c-a691-49d8-9683-2c451172ffd9,coordinator_0,worker_3,NET_TRANSFER,0.000100,0.158000,Poll: Check Layer Cache
1760431.897435,9001,b378f61c-a691-49d8-9683-2c451172ffd9,worker_3,coordinator_0,NET_TRANSFER,0.000100,0.158000,Poll: Cache Status Reply
1760432.055435,9001,b378f61c-a691-49d8-9683-2c451172ffd9,coordinator_0,worker_1,NET_TRANSFER,0.000100,0.158000,Poll: Check Layer Cache
1760432.213435,9001,b378f61c-a691-49d8-9683-2c451172ffd9,worker_1,coordinator_0,NET_TRANSFER,0.000100,0.158000,Poll: Cache Status Reply
1760432.371435,9001,b378f61c-a691-49d8-9683-2c451172ffd9,coordinator_0,worker_2,NET_TRANSFER,0.000100,0.158000,Poll: Check Layer Cache
1760432.529435,9001,b378f61c-a691-49d8-9683-2c451172ffd9,worker_2,coordinator_0,NET_TRANSFER,0.000100,0.158000,Poll: Cache Status Reply
1760432.687435,9001,b378f61c-a691-49d8-9683-2c451172ffd9,coordinator_0,worker_4,NET_TRANSFER,0.000100,0.158000,Poll: Check Layer Cache
1760432.845435,9001,b378f61c-a691-49d8-9683-2c451172ffd9,worker_4,coordinator_0,NET_TRANSFER,0.000100,0.158000,Poll: Cache Status Reply
1760433.003435,9001,b378f61c-a691-49d8-9683-2c451172ffd9,coordinator_0,worker_4,NET_TRANSFER,0.000100,0.158000,Poll: Check Layer Cache
1760433.161435,9001,b378f61c-a691-49d8-9683-2c451172ffd9,worker_4,coordinator_0,NET_TRANSFER,0.000100,0.158000,Poll: Cache Status Reply
1760433.319435,9001,b378f61c-a691-49d8-9683-2c451172ffd9,coordinator_0,worker_3,NET_TRANSFER,0.000100,0.158000,Poll: Check Layer Cache
1760433.477435,9001,b378f61c-a691-49d8-9683-2c451172ffd9,worker_3,coordinator_0,NET_TRANSFER,0.000100,0.158000,Poll: Cache Status Reply
1760433.635435,9001,b378f61c-a691-49d8-9683-2c451172ffd9,coordinator_0,worker_1,NET_TRANSFER,0.000100,0.158000,Poll: Check Layer Cache
1760433.793435,9001,b378f61c-a691-49d8-9683-2c451172ffd9,worker_1,coordinator_0,NET_TRANSFER,0.000100,0.158000,Poll: Cache Status Reply
1760433.951435,9001,b378f61c-a691-49d8-9683-2c451172ffd9,coordinator_0,worker_4,NET_TRANSFER,0.000100,0.158000,Poll: Check Layer Cache
1760434.109435,9001,b378f61c-a691-49d8-9683-2c451172ffd9,worker_4,coordinator_0,NET_TRANSFER,0.000100,0.158000,Poll: Cache Status Reply
1760434.267435,8002,2eb7ed28-93fa-4639-8470-40e53873defa,coordinator_0,client_8,NET_TRANSFER,0.000100,0.158000,Signal: Cache Miss / Request Weights
1797669.655945,8002,2eb7ed28-93fa-4639-8470-40e53873defa,client_8,coordinator_0,NET_TRANSFER,465.440481,37235.388510,Upload Model Weights
1797669.813945,10003,e20db8d2-b0ae-4054-bb3b-51a67633e6dd,coordinator_0,worker_4,NET_TRANSFER,0.000100,0.158000,Poll: Check Layer Cache
1797669.971945,10003,e20db8d2-b0ae-4054-bb3b-51a67633e6dd,worker_4,coordinator_0,NET_TRANSFER,0.000100,0.158000,Poll: Cache Status Reply
1797670.129945,10003,e20db8d2-b0ae-4054-bb3b-51a67633e6dd,coordinator_0,worker_3,NET_TRANSFER,0.000100,0.158000,Poll: Check Layer Cache
1797670.287945,10003,e20db8d2-b0ae-4054-bb3b-51a67633e6dd,worker_3,coordinator_0,NET_TRANSFER,0.000100,0.158000,Poll: Cache Status Reply
1797670.445945,10003,e20db8d2-b0ae-4054-bb3b-51a67633e6dd,coordinator_0,worker_1,NET_TRANSFER,0.000100,0.158000,Poll: Check Layer Cache
1797670.603945,4003,085d3a7d-70fd-43c2-a296-69bde04655f1,coordinator_0,client_4,NET_TRANSFER,0.000100,0.158000,Signal: Cache Miss / Request Weights
1797670.761945,10003,e20db8d2-b0ae-4054-bb3b-51a67633e6dd,worker_1,coordinator_0,NET_TRANSFER,0.000100,0.158000,Poll: Cache Status Reply
1797670.919945,10003,e20db8d2-b0ae-4054-bb3b-51a67633e6dd,coordinator_0,worker_3,NET_TRANSFER,0.000100,0.158000,Poll: Check Layer Cache
1797671.077945,10003,e20db8d2-b0ae-4054-bb3b-51a67633e6dd,worker_3,coordinator_0,NET_TRANSFER,0.000100,0.158000,Poll: Cache Status Reply
1797671.235945,10003,e20db8d2-b0ae-4054-bb3b-51a67633e6dd,coordinator_0,worker_3,NET_TRANSFER,0.000100,0.158000,Poll: Check Layer Cache
1797671.393945,10003,e20db8d2-b0ae-4054-bb3b-51a67633e6dd,worker_3,coordinator_0,NET_TRANSFER,0.000100,0.158000,Poll: Cache Status Reply
1797671.551945,10003,e20db8d2-b0ae-4054-bb3b-51a67633e6dd,coordinator_0,worker_2,NET_TRANSFER,0.000100,0.158000,Poll: Check Layer Cache
1832548.343849,4003,085d3a7d-70fd-43c2-a296-69bde04655f1,client_4,coordinator_0,NET_TRANSFER,435.958024,34876.791904,Upload Model Weights
1832548.501849,10003,e20db8d2-b0ae-4054-bb3b-51a67633e6dd,worker_2,coordinator_0,NET_TRANSFER,0.000100,0.158000,Poll: Cache Status Reply
1832548.659849,10003,e20db8d2-b0ae-4054-bb3b-51a67633e6dd,coordinator_0,worker_3,NET_TRANSFER,0.000100,0.158000,Poll: Check Layer Cache
1832548.817849,10003,e20db8d2-b0ae-4054-bb3b-51a67633e6dd,worker_3,coordinator_0,NET_TRANSFER,0.000100,0.158000,Poll: Cache Status Reply
1832548.975849,10003,e20db8d2-b0ae-4054-bb3b-51a67633e6dd,coordinator_0,worker_2,NET_TRANSFER,0.000100,0.158000,Poll: Check Layer Cache
1832549.133849,10003,e20db8d2-b0ae-4054-bb3b-51a67633e6dd,worker_2,coordinator_0,NET_TRANSFER,0.000100,0.158000,Poll: Cache Status Reply
1832549.291849,10003,e20db8d2-b0ae-4054-bb3b-51a67633e6dd,coordinator_0,worker_2,NET_TRANSFER,0.000100,0.158000,Poll: Check Layer Cache
1832549.449849,10003,e20db8d2-b0ae-4054-bb3b-51a67633e6dd,worker_2,coordinator_0,NET_TRANSFER,0.000100,0.158000,Poll: Cache Status Reply
1832549.607849,2004,b28fb40b-1a7d-4ab2-bdcc-664e20576c66,coordinator_0,client_2,NET_TRANSFER,0.000100,0.158000,Signal: Cache Miss / Request Weights
1832549.765849,10003,e20db8d2-b0ae-4054-bb3b-51a67633e6dd,coordinator_0,worker_1,NET_TRANSFER,0.000100,0.158000,Poll: Check Layer Cache
1832549.923849,10003,e20db8d2-b0ae-4054-bb3b-51a67633e6dd,worker_1,coordinator_0,NET_TRANSFER,0.000100,0.158000,Poll: Cache Status Reply
1832550.081849,10003,e20db8d2-b0ae-4054-bb3b-51a67633e6dd,coordinator_0,worker_2,NET_TRANSFER,0.000100,0.158000,Poll: Check Layer Cache
1863393.333439,2004,b28fb40b-1a7d-4ab2-bdcc-664e20576c66,client_2,coordinator_0,NET_TRANSFER,385.538770,30843.251591,Upload Model Weights
1863393.491439,8000,46495c9c-44a3-46a8-b20a-0f894ebc33f8,coordinator_0,client_8,NET_TRANSFER,0.000100,0.158000,Signal: Cache Miss / Request Weights
1907619.150817,8000,46495c9c-44a3-46a8-b20a-0f894ebc33f8,client_8,coordinator_0,NET_TRANSFER,552.818867,44225.659378,Upload Model Weights
1907619.308817,8002,440ed019-eb73-495b-bf4d-60191542c668,coordinator_0,client_8,NET_TRANSFER,0.000100,0.158000,Signal: Cache Miss / Request Weights
1907619.466817,2002,440ed019-eb73-495b-bf4d-60191542c668,coordinator_0,client_2,NET_TRANSFER,0.000100,0.158000,Signal: Cache Miss / Request Weights
1941855.460360,2002,440ed019-eb73-495b-bf4d-60191542c668,client_2,coordinator_0,NET_TRANSFER,427.948044,34235.993543,Upload Model Weights
1941855.618360,8000,2eb7ed28-93fa-4639-8470-40e53873defa,coordinator_0,client_8,NET_TRANSFER,0.000100,0.158000,Signal: Cache Miss / Request Weights
1979091.006870,8000,2eb7ed28-93fa-4639-8470-40e53873defa,client_8,coordinator_0,NET_TRANSFER,465.440481,37235.388510,Upload Model Weights
1979091.164870,8000,e20db8d2-b0ae-4054-bb3b-51a67633e6dd,coordinator_0,client_8,NET_TRANSFER,0.000100,0.158000,Signal: Cache Hit / Starting
1979091.322870,9000,268b1d86-9c97-400b-bd0f-3d964dcdd718,coordinator_0,client_9,NET_TRANSFER,0.000100,0.158000,Signal: Cache Miss / Request Weights
2013327.316413,8002,440ed019-eb73-495b-bf4d-60191542c668,client_8,coordinator_0,NET_TRANSFER,427.948044,34235.993543,Upload Model Weights
2013327.474413,5001,085d3a7d-70fd-43c2-a296-69bde04655f1,coordinator_0,client_5,NET_TRANSFER,0.000100,0.158000,Signal: Cache Miss / Request Weights
2013327.632413,9004,55662345-9a0e-4240-bb68-bdd4a322edd8,coordinator_0,client_9,NET_TRANSFER,0.000100,0.158000,Signal: Cache Miss / Request Weights
2049850.425604,9004,55662345-9a0e-4240-bb68-bdd4a322edd8,client_9,coordinator_0,NET_TRANSFER,456.533040,36522.793191,Upload Model Weights
2049850.583604,4002,7efb5967-3601-4091-bcc2-7bfed1a20e9d,coordinator_0,client_4,NET_TRANSFER,0.000100,0.158000,Signal: Cache Miss / Request Weights
2049850.741604,3002,55662345-9a0e-4240-bb68-bdd4a322edd8,coordinator_0,client_3,NET_TRANSFER,0.000100,0.158000,Signal: Cache Miss / Request Weights
2049850.899604,4004,15fff31f-88d3-4850-8c0e-5a2d28be9990,coordinator_0,client_4,NET_TRANSFER,0.000100,0.158000,Signal: Cache Hit / Starting
2049851.057604,9004,b846365e-24f9-4ee2-bb0e-678153c45917,coordinator_0,client_9,NET_TRANSFER,0.000100,0.158000,Signal: Cache Miss / Request Weights
2049851.215604,7001,312345df-7924-49d3-ba5e-28aa13911279,coordinator_0,client_7,NET_TRANSFER,0.000100,0.158000,Signal: Cache Miss / Request Weights
2078009.456516,7001,312345df-7924-49d3-ba5e-28aa13911279,client_7,coordinator_0,NET_TRANSFER,351.976136,28158.240912,Upload Model Weights
2078009.614516,4002,e20db8d2-b0ae-4054-bb3b-51a67633e6dd,coordinator_0,client_4,NET_TRANSFER,0.000100,0.158000,Signal: Cache Hit / Starting
2078009.772516,5004,b378f61c-a691-49d8-9683-2c451172ffd9,coordinator_0,client_5,NET_TRANSFER,0.000100,0.158000,Signal: Cache Hit / Starting
2078009.930516,8001,cd2cf452-d2fc-4e99-8950-ca96ce00112d,coordinator_0,client_8,NET_TRANSFER,0.000100,0.158000,Signal: Cache Miss / Request Weights
2078010.088516,8003,39785999-ea39-4891-9102-70ece5e21e2c,coordinator_0,client_8,NET_TRANSFER,0.000100,0.158000,Signal: Cache Miss / Request Weights
2119142.513798,8001,cd2cf452-d2fc-4e99-8950-ca96ce00112d,client_8,coordinator_0,NET_TRANSFER,514.153441,41132.425282,Upload Model Weights
2119142.671798,10006,5cf26a93-6d67-463f-8354-be220031fbd0,coordinator_0,client_10,NET_TRANSFER,0.000100,0.158000,Signal: Cache Miss / Request Weights
2119142.829798,4007,59a431e0-7a08-4a82-b8fd-3ef66af37c6f,client_4,coordinator_0,NET_TRANSFER,0.000100,0.158000,Request Model ID
2165099.890856,10006,5cf26a93-6d67-463f-8354-be220031fbd0,client_10,coordinator_0,NET_TRANSFER,574.461388,45957.061058,Upload Model Weights
2165100.048856,1003,0458d477-7a86-4d24-971c-62fe9a3e7a17,coordinator_0,client_1,NET_TRANSFER,0.000100,0.158000,Signal: Cache Miss / Request Weights
2208689.941660,1003,0458d477-7a86-4d24-971c-62fe9a3e7a17,client_1,coordinator_0,NET_TRANSFER,544.871785,43589.892804,Upload Model Weights
2208690.099660,8001,085d3a7d-70fd-43c2-a296-69bde04655f1,coordinator_0,client_8,NET_TRANSFER,0.000100,0.158000,Signal: Cache Miss / Request Weights
2243566.891564,8001,085d3a7d-70fd-43c2-a296-69bde04655f1,client_8,coordinator_0,NET_TRANSFER,435.958024,34876.791904,Upload Model Weights
2243567.049564,8001,7e5ffa42-649f-4b09-b2be-5899466a7e7f,coordinator_0,client_8,NET_TRANSFER,0.000100,0.158000,Signal: Cache Miss / Request Weights
2243567.207564,8012,5cf26a93-6d67-463f-8354-be220031fbd0,client_8,coordinator_0,NET_TRANSFER,0.000100,0.158000,Request Model ID
2243567.365564,7002,312345df-7924-49d3-ba5e-28aa13911279,coordinator_0,client_7,NET_TRANSFER,0.000100,0.158000,Signal: Cache Miss / Request Weights
2282804.040280,8001,7e5ffa42-649f-4b09-b2be-5899466a7e7f,client_8,coordinator_0,NET_TRANSFER,490.456559,39236.674716,Upload Model Weights
2282804.198280,9002,0b6aa285-cf51-4f04-b3b0-27d4d0a76265,coordinator_0,client_9,NET_TRANSFER,0.000100,0.158000,Signal: Cache Miss / Request Weights
2322285.830891,9002,0b6aa285-cf51-4f04-b3b0-27d4d0a76265,client_9,coordinator_0,NET_TRANSFER,493.518533,39481.632611,Upload Model Weights
2322285.988891,6003,c6b782ab-5d37-4b75-97c7-b76805f61131,coordinator_0,client_6,NET_TRANSFER,0.000100,0.158000,Signal: Cache Miss / Request Weights
2363432.261269,6003,c6b782ab-5d37-4b75-97c7-b76805f61131,client_6,coordinator_0,NET_TRANSFER,514.326530,41146.272379,Upload Model Weights
2363432.419269,3004,b28fb40b-1a7d-4ab2-bdcc-664e20576c66,coordinator_0,client_3,NET_TRANSFER,0.000100,0.158000,Signal: Cache Miss / Request Weights
2394275.670860,3004,b28fb40b-1a7d-4ab2-bdcc-664e20576c66,client_3,coordinator_0,NET_TRANSFER,385.538770,30843.251591,Upload Model Weights
2394275.828860,6001,e20db8d2-b0ae-4054-bb3b-51a67633e6dd,coordinator_0,client_6,NET_TRANSFER,0.000100,0.158000,Signal: Cache Hit / Starting
2394275.986860,4004,0458d477-7a86-4d24-971c-62fe9a3e7a17,coordinator_0,client_4,NET_TRANSFER,0.000100,0.158000,Signal: Cache Miss / Request Weights
2437865.879664,4004,0458d477-7a86-4d24-971c-62fe9a3e7a17,client_4,coordinator_0,NET_TRANSFER,544.871785,43589.892804,Upload Model Weights
2437866.037664,1002,15fff31f-88d3-4850-8c0e-5a2d28be9990,coordinator_0,client_1,NET_TRANSFER,0.000100,0.158000,Signal: Cache Hit / Starting
2437866.195664,4004,aa64a7a5-35ea-4323-b730-74e20320cab6,coordinator_0,client_4,NET_TRANSFER,0.000100,0.158000,Signal: Cache Miss / Request Weights
2437866.353664,2010,8214cc03-04d0-4fbe-8fb3-d9e828fe07c4,client_2,coordinator_0,NET_TRANSFER,0.000100,0.158000,Request Model ID
2437866.511664,9016,440ed019-eb73-495b-bf4d-60191542c668,client_9,coordinator_0,NET_TRANSFER,0.000100,0.158000,Request Model ID
2437866.669664,9014,15fff31f-88d3-4850-8c0e-5a2d28be9990,client_9,coordinator_0,NET_TRANSFER,0.000100,0.158000,Request Model ID
2437866.827664,9014,abbad5ca-f5f2-4403-8f6a-ab171a8a04ec,client_9,coordinator_0,NET_TRANSFER,0.000100,0.158000,Request Model ID
2479644.283484,4004,aa64a7a5-35ea-4323-b730-74e20320cab6,client_4,coordinator_0,NET_TRANSFER,522.216323,41777.455820,Upload Model Weights
2479644.441484,6004,b28fb40b-1a7d-4ab2-bdcc-664e20576c66,coordinator_0,client_6,NET_TRANSFER,0.000100,0.158000,Signal: Cache Miss / Request Weights
2510487.693075,6004,b28fb40b-1a7d-4ab2-bdcc-664e20576c66,client_6,coordinator_0,NET_TRANSFER,385.538770,30843.251591,Upload Model Weights
2510487.851075,1003,aa64a7a5-35ea-4323-b730-74e20320cab6,coordinator_0,client_1,NET_TRANSFER,0.000100,0.158000,Signal: Cache Miss / Request Weights
2552265.306896,1003,aa64a7a5-35ea-4323-b730-74e20320cab6,client_1,coordinator_0,NET_TRANSFER,522.216323,41777.455820,Upload Model Weights
2552265.464896,10005,aa64a7a5-35ea-4323-b730-74e20320cab6,coordinator_0,client_10,NET_TRANSFER,0.000100,0.158000,Signal: Cache Miss / Request Weights
2594042.920716,10005,aa64a7a5-35ea-4323-b730-74e20320cab6,client_10,coordinator_0,NET_TRANSFER,522.216323,41777.455820,Upload Model Weights
2594043.078716,9001,b378f61c-a691-49d8-9683-2c451172ffd9,coordinator_0,client_9,NET_TRANSFER,0.000100,0.158000,Signal: Cache Hit / Starting
2594043.236716,9014,2fbefbbc-cd7c-4c4a-8885-b9904365f752,client_9,coordinator_0,NET_TRANSFER,0.000100,0.158000,Request Model ID
2594043.394716,2010,ff4738ca-ecb7-43de-a638-f8f5c9e4eba2,client_2,coordinator_0,NET_TRANSFER,0.000100,0.158000,Request Model ID
2594043.552716,4009,2eb7ed28-93fa-4639-8470-40e53873defa,client_4,coordinator_0,NET_TRANSFER,0.000100,0.158000,Request Model ID
2628920.344620,5001,085d3a7d-70fd-43c2-a296-69bde04655f1,client_5,coordinator_0,NET_TRANSFER,435.958024,34876.791904,Upload Model Weights
2628920.502620,3004,2eb7ed28-93fa-4639-8470-40e53873defa,coordinator_0,client_3,NET_TRANSFER,0.000100,0.158000,Signal: Cache Miss / Request Weights
2666155.891130,3004,2eb7ed28-93fa-4639-8470-40e53873defa,client_3,coordinator_0,NET_TRANSFER,465.440481,37235.388510,Upload Model Weights
2666156.049130,2003,ae73b5ce-6b5a-4c53-a7b1-f585b462e9d6,coordinator_0,client_2,NET_TRANSFER,0.000100,0.158000,Signal: Cache Miss / Request Weights
2697229.505493,2003,ae73b5ce-6b5a-4c53-a7b1-f585b462e9d6,client_2,coordinator_0,NET_TRANSFER,388.416330,31073.456363,Upload Model Weights
2697229.663493,8002,ff4738ca-ecb7-43de-a638-f8f5c9e4eba2,coordinator_0,client_8,NET_TRANSFER,0.000100,0.158000,Signal: Cache Miss / Request Weights
2741910.803914,8002,ff4738ca-ecb7-43de-a638-f8f5c9e4eba2,client_8,coordinator_0,NET_TRANSFER,558.512380,44681.140421,Upload Model Weights
2741910.961914,5005,12a9aae0-a809-4552-b0e2-bb181ad83153,coordinator_0,client_5,NET_TRANSFER,0.000100,0.158000,Signal: Cache Miss / Request Weights
2767180.094444,4002,7efb5967-3601-4091-bcc2-7bfed1a20e9d,client_4,coordinator_0,NET_TRANSFER,315.862282,25269.132530,Upload Model Weights
2802703.379956,10003,59a431e0-7a08-4a82-b8fd-3ef66af37c6f,client_10,coordinator_0,NET_TRANSFER,444.039194,35523.285512,Upload Model Weights
2802703.537956,6002,2fbefbbc-cd7c-4c4a-8885-b9904365f752,coordinator_0,client_6,NET_TRANSFER,0.000100,0.158000,Signal: Cache Miss / Request Weights
2829496.817447,6002,2fbefbbc-cd7c-4c4a-8885-b9904365f752,client_6,coordinator_0,NET_TRANSFER,334.914119,26793.279491,Upload Model Weights
2829496.975447,4005,2fbefbbc-cd7c-4c4a-8885-b9904365f752,coordinator_0,client_4,NET_TRANSFER,0.000100,0.158000,Signal: Cache Miss / Request Weights
2856290.254939,4005,2fbefbbc-cd7c-4c4a-8885-b9904365f752,client_4,coordinator_0,NET_TRANSFER,334.914119,26793.279491,Upload Model Weights
2856290.412939,5003,12a9aae0-a809-4552-b0e2-bb181ad83153,coordinator_0,client_5,NET_TRANSFER,0.000100,0.158000,Signal: Cache Miss / Request Weights
2894100.844542,5003,12a9aae0-a809-4552-b0e2-bb181ad83153,client_5,coordinator_0,NET_TRANSFER,472.628520,37810.431604,Upload Model Weights
2894101.002542,3005,4316abed-9444-4ca6-8f0b-424fcaead312,coordinator_0,client_3,NET_TRANSFER,0.000100,0.158000,Signal: Cache Miss / Request Weights
2927761.398845,3005,4316abed-9444-4ca6-8f0b-424fcaead312,client_3,coordinator_0,NET_TRANSFER,420.753079,33660.396302,Upload Model Weights
2927761.556845,3005,b846365e-24f9-4ee2-bb0e-678153c45917,coordinator_0,client_3,NET_TRANSFER,0.000100,0.158000,Signal: Cache Miss / Request Weights
2965093.555139,3005,b846365e-24f9-4ee2-bb0e-678153c45917,client_3,coordinator_0,NET_TRANSFER,466.648104,37331.998294,Upload Model Weights
2965093.713139,10003,e20db8d2-b0ae-4054-bb3b-51a67633e6dd,worker_2,coordinator_0,NET_TRANSFER,0.000100,0.158000,Poll: Cache Status Reply
2965093.871139,10003,e20db8d2-b0ae-4054-bb3b-51a67633e6dd,coordinator_0,worker_4,NET_TRANSFER,0.000100,0.158000,Poll: Check Layer Cache
2965094.029139,10003,e20db8d2-b0ae-4054-bb3b-51a67633e6dd,worker_4,coordinator_0,NET_TRANSFER,0.000100,0.158000,Poll: Cache Status Reply
2965094.187139,10003,e20db8d2-b0ae-4054-bb3b-51a67633e6dd,coordinator_0,worker_2,NET_TRANSFER,0.000100,0.158000,Poll: Check Layer Cache
2965094.345139,10003,e20db8d2-b0ae-4054-bb3b-51a67633e6dd,worker_2,coordinator_0,NET_TRANSFER,0.000100,0.158000,Poll: Cache Status Reply
2965094.503139,10003,e20db8d2-b0ae-4054-bb3b-51a67633e6dd,coordinator_0,worker_1,NET_TRANSFER,0.000100,0.158000,Poll: Check Layer Cache
2965094.661139,10003,e20db8d2-b0ae-4054-bb3b-51a67633e6dd,worker_1,coordinator_0,NET_TRANSFER,0.000100,0.158000,Poll: Cache Status Reply
2965094.819139,10003,e20db8d2-b0ae-4054-bb3b-51a67633e6dd,coordinator_0,worker_4,NET_TRANSFER,0.000100,0.158000,Poll: Check Layer Cache
2965094.977139,10003,e20db8d2-b0ae-4054-bb3b-51a67633e6dd,worker_4,coordinator_0,NET_TRANSFER,0.000100,0.158000,Poll: Cache Status Reply
2965095.135139,10003,e20db8d2-b0ae-4054-bb3b-51a67633e6dd,coordinator_0,worker_1,NET_TRANSFER,0.000100,0.158000,Poll: Check Layer Cache
2965095.293139,10003,e20db8d2-b0ae-4054-bb3b-51a67633e6dd,worker_1,coordinator_0,NET_TRANSFER,0.000100,0.158000,Poll: Cache Status Reply
2965095.451139,10003,e20db8d2-b0ae-4054-bb3b-51a67633e6dd,coordinator_0,worker_1,NET_TRANSFER,0.000100,0.158000,Poll: Check Layer Cache
2965095.609139,10003,e20db8d2-b0ae-4054-bb3b-51a67633e6dd,worker_1,coordinator_0,NET_TRANSFER,0.000100,0.158000,Poll: Cache Status Reply
2965095.767139,10003,e20db8d2-b0ae-4054-bb3b-51a67633e6dd,coordinator_0,worker_2,NET_TRANSFER,0.000100,0.158000,Poll: Check Layer Cache
2965095.925139,10003,e20db8d2-b0ae-4054-bb3b-51a67633e6dd,worker_2,coordinator_0,NET_TRANSFER,0.000100,0.158000,Poll: Cache Status Reply
2965096.083139,10003,e20db8d2-b0ae-4054-bb3b-51a67633e6dd,coordinator_0,worker_1,NET_TRANSFER,0.000100,0.158000,Poll: Check Layer Cache
2965096.241139,10003,e20db8d2-b0ae-4054-bb3b-51a67633e6dd,worker_1,coordinator_0,NET_TRANSFER,0.000100,0.158000,Poll: Cache Status Reply
2965096.399139,10003,e20db8d2-b0ae-4054-bb3b-51a67633e6dd,coordinator_0,worker_3,NET_TRANSFER,0.000100,0.158000,Poll: Check Layer Cache
2965096.557139,10003,e20db8d2-b0ae-4054-bb3b-51a67633e6dd,worker_3,coordinator_0,NET_TRANSFER,0.000100,0.158000,Poll: Cache Status Reply
2965096.715139,10003,e20db8d2-b0ae-4054-bb3b-51a67633e6dd,coordinator_0,worker_4,NET_TRANSFER,0.000100,0.158000,Poll: Check Layer Cache
2965096.873139,10003,e20db8d2-b0ae-4054-bb3b-51a67633e6dd,worker_4,coordinator_0,NET_TRANSFER,0.000100,0.158000,Poll: Cache Status Reply
2965097.031139,10003,e20db8d2-b0ae-4054-bb3b-51a67633e6dd,coordinator_0,worker_1,NET_TRANSFER,0.000100,0.158000,Poll: Check Layer Cache
2965097.189139,10003,e20db8d2-b0ae-4054-bb3b-51a67633e6dd,worker_1,coordinator_0,NET_TRANSFER,0.000100,0.158000,Poll: Cache Status Reply
2965097.347139,10003,e20db8d2-b0ae-4054-bb3b-51a67633e6dd,coordinator_0,worker_3,NET_TRANSFER,0.000100,0.158000,Poll: Check Layer Cache
2965097.505139,10003,e20db8d2-b0ae-4054-bb3b-51a67633e6dd,worker_3,coordinator_0,NET_TRANSFER,0.000100,0.158000,Poll: Cache Status Reply
2965097.663139,10003,e20db8d2-b0ae-4054-bb3b-51a67633e6dd,coordinator_0,worker_2,NET_TRANSFER,0.000100,0.158000,Poll: Check Layer Cache
2965097.821139,10003,e20db8d2-b0ae-4054-bb3b-51a67633e6dd,worker_2,coordinator_0,NET_TRANSFER,0.000100,0.158000,Poll: Cache Status Reply
2965097.979139,10003,e20db8d2-b0ae-4054-bb3b-51a67633e6dd,coordinator_0,worker_4,NET_TRANSFER,0.000100,0.158000,Poll: Check Layer Cache
2965098.137139,10003,e20db8d2-b0ae-4054-bb3b-51a67633e6dd,worker_4,coordinator_0,NET_TRANSFER,0.000100,0.158000,Poll: Cache Status Reply
2965098.295139,10003,e20db8d2-b0ae-4054-bb3b-51a67633e6dd,coordinator_0,worker_4,NET_TRANSFER,0.000100,0.158000,Poll: Check Layer Cache
2965098.453139,10003,e20db8d2-b0ae-4054-bb3b-51a67633e6dd,worker_4,coordinator_0,NET_TRANSFER,0.000100,0.158000,Poll: Cache Status Reply
2965098.611139,10003,e20db8d2-b0ae-4054-bb3b-51a67633e6dd,coordinator_0,worker_1,NET_TRANSFER,0.000100,0.158000,Poll: Check Layer Cache
2965098.769139,10003,e20db8d2-b0ae-4054-bb3b-51a67633e6dd,worker_1,coordinator_0,NET_TRANSFER,0.000100,0.158000,Poll: Cache Status Reply
2965098.927139,10003,e20db8d2-b0ae-4054-bb3b-51a67633e6dd,coordinator_0,worker_3,NET_TRANSFER,0.000100,0.158000,Poll: Check Layer Cache
2965099.085139,10003,e20db8d2-b0ae-4054-bb3b-51a67633e6dd,worker_3,coordinator_0,NET_TRANSFER,0.000100,0.158000,Poll: Cache Status Reply
2965099.243139,10003,e20db8d2-b0ae-4054-bb3b-51a67633e6dd,coordinator_0,worker_4,NET_TRANSFER,0.000100,0.158000,Poll: Check Layer Cache
2965099.401139,10003,e20db8d2-b0ae-4054-bb3b-51a67633e6dd,worker_4,coordinator_0,NET_TRANSFER,0.000100,0.158000,Poll: Cache Status Reply
2965099.559139,10003,e20db8d2-b0ae-4054-bb3b-51a67633e6dd,coordinator_0,worker_4,NET_TRANSFER,0.000100,0.158000,Poll: Check Layer Cache
2965099.717139,10003,e20db8d2-b0ae-4054-bb3b-51a67633e6dd,worker_4,coordinator_0,NET_TRANSFER,0.000100,0.158000,Poll: Cache Status Reply
2965099.875139,10003,e20db8d2-b0ae-4054-bb3b-51a67633e6dd,coordinator_0,worker_2,NET_TRANSFER,0.000100,0.158000,Poll: Check Layer Cache
2965100.033139,10003,e20db8d2-b0ae-4054-bb3b-51a67633e6dd,worker_2,coordinator_0,NET_TRANSFER,0.000100,0.158000,Poll: Cache Status Reply
2965100.191139,10003,e20db8d2-b0ae-4054-bb3b-51a67633e6dd,coordinator_0,worker_3,NET_TRANSFER,0.000100,0.158000,Poll: Check Layer Cache
2965100.349139,10003,e20db8d2-b0ae-4054-bb3b-51a67633e6dd,worker_3,coordinator_0,NET_TRANSFER,0.000100,0.158000,Poll: Cache Status Reply
2965100.507139,10007,23c32e69-89c8-4a98-9507-a520351cbbe5,coordinator_0,worker_4,NET_TRANSFER,0.000100,0.158000,Poll: Check Layer Cache
2965100.665139,10007,23c32e69-89c8-4a98-9507-a520351cbbe5,worker_4,coordinator_0,NET_TRANSFER,0.000100,0.158000,Poll: Cache Status Reply
2965100.823139,10007,23c32e69-89c8-4a98-9507-a520351cbbe5,coordinator_0,worker_2,NET_TRANSFER,0.000100,0.158000,Poll: Check Layer Cache
2965100.981139,10007,23c32e69-89c8-4a98-9507-a520351cbbe5,worker_2,coordinator_0,NET_TRANSFER,0.000100,0.158000,Poll: Cache Status Reply
2965101.139139,10007,23c32e69-89c8-4a98-9507-a520351cbbe5,coordinator_0,worker_4,NET_TRANSFER,0.000100,0.158000,Poll: Check Layer Cache
2965101.297139,10007,23c32e69-89c8-4a98-9507-a520351cbbe5,worker_4,coordinator_0,NET_TRANSFER,0.000100,0.158000,Poll: Cache Status Reply
2965101.455139,10007,23c32e69-89c8-4a98-9507-a520351cbbe5,coordinator_0,worker_1,NET_TRANSFER,0.000100,0.158000,Poll: Check Layer Cache
2965101.613139,10007,23c32e69-89c8-4a98-9507-a520351cbbe5,worker_1,coordinator_0,NET_TRANSFER,0.000100,0.158000,Poll: Cache Status Reply
2965101.771139,10007,23c32e69-89c8-4a98-9507-a520351cbbe5,coordinator_0,worker_4,NET_TRANSFER,0.000100,0.158000,Poll: Check Layer Cache
2965101.929139,10007,23c32e69-89c8-4a98-9507-a520351cbbe5,worker_4,coordinator_0,NET_TRANSFER,0.000100,0.158000,Poll: Cache Status Reply
2965102.087139,10007,23c32e69-89c8-4a98-9507-a520351cbbe5,coordinator_0,worker_4,NET_TRANSFER,0.000100,0.158000,Poll: Check Layer Cache
2965102.245139,10007,23c32e69-89c8-4a98-9507-a520351cbbe5,worker_4,coordinator_0,NET_TRANSFER,0.000100,0.158000,Poll: Cache Status Reply
2965102.403139,10007,23c32e69-89c8-4a98-9507-a520351cbbe5,coordinator_0,worker_1,NET_TRANSFER,0.000100,0.158000,Poll: Check Layer Cache
2965102.561139,10007,23c32e69-89c8-4a98-9507-a520351cbbe5,worker_1,coordinator_0,NET_TRANSFER,0.000100,0.158000,Poll: Cache Status Reply
2965102.719139,10007,23c32e69-89c8-4a98-9507-a520351cbbe5,coordinator_0,worker_2,NET_TRANSFER,0.000100,0.158000,Poll: Check Layer Cache
2965102.877139,10007,23c32e69-89c8-4a98-9507-a520351cbbe5,worker_2,coordinator_0,NET_TRANSFER,0.000100,0.158000,Poll: Cache Status Reply
2965103.035139,10007,23c32e69-89c8-4a98-9507-a520351cbbe5,coordinator_0,worker_3,NET_TRANSFER,0.000100,0.158000,Poll: Check Layer Cache
2965103.193139,10007,23c32e69-89c8-4a98-9507-a520351cbbe5,worker_3,coordinator_0,NET_TRANSFER,0.000100,0.158000,Poll: Cache Status Reply
2965103.351139,10007,23c32e69-89c8-4a98-9507-a520351cbbe5,coordinator_0,worker_4,NET_TRANSFER,0.000100,0.158000,Poll: Check Layer Cache
2965103.509139,10007,23c32e69-89c8-4a98-9507-a520351cbbe5,worker_4,coordinator_0,NET_TRANSFER,0.000100,0.158000,Poll: Cache Status Reply
2965103.667139,10007,23c32e69-89c8-4a98-9507-a520351cbbe5,coordinator_0,worker_1,NET_TRANSFER,0.000100,0.158000,Poll: Check Layer Cache
2965103.825139,10007,23c32e69-89c8-4a98-9507-a520351cbbe5,worker_1,coordinator_0,NET_TRANSFER,0.000100,0.158000,Poll: Cache Status Reply
2965103.983139,10007,23c32e69-89c8-4a98-9507-a520351cbbe5,coordinator_0,worker_2,NET_TRANSFER,0.000100,0.158000,Poll: Check Layer Cache
2965104.141139,10007,23c32e69-89c8-4a98-9507-a520351cbbe5,worker_2,coordinator_0,NET_TRANSFER,0.000100,0.158000,Poll: Cache Status Reply
2965104.299139,10007,23c32e69-89c8-4a98-9507-a520351cbbe5,coordinator_0,worker_3,NET_TRANSFER,0.000100,0.158000,Poll: Check Layer Cache
2965104.457139,10007,23c32e69-89c8-4a98-9507-a520351cbbe5,worker_3,coordinator_0,NET_TRANSFER,0.000100,0.158000,Poll: Cache Status Reply
2965104.615139,10007,23c32e69-89c8-4a98-9507-a520351cbbe5,coordinator_0,worker_2,NET_TRANSFER,0.000100,0.158000,Poll: Check Layer Cache
2965104.773139,10007,23c32e69-89c8-4a98-9507-a520351cbbe5,worker_2,coordinator_0,NET_TRANSFER,0.000100,0.158000,Poll: Cache Status Reply
2965104.931139,10007,23c32e69-89c8-4a98-9507-a520351cbbe5,coordinator_0,worker_3,NET_TRANSFER,0.000100,0.158000,Poll: Check Layer Cache
2965105.089139,10007,23c32e69-89c8-4a98-9507-a520351cbbe5,worker_3,coordinator_0,NET_TRANSFER,0.000100,0.158000,Poll: Cache Status Reply
2965105.247139,10007,23c32e69-89c8-4a98-9507-a520351cbbe5,coordinator_0,worker_4,NET_TRANSFER,0.000100,0.158000,Poll: Check Layer Cache
2965105.405139,10007,23c32e69-89c8-4a98-9507-a520351cbbe5,worker_4,coordinator_0,NET_TRANSFER,0.000100,0.158000,Poll: Cache Status Reply
2965105.563139,10007,23c32e69-89c8-4a98-9507-a520351cbbe5,coordinator_0,worker_2,NET_TRANSFER,0.000100,0.158000,Poll: Check Layer Cache
2965105.721139,10007,23c32e69-89c8-4a98-9507-a520351cbbe5,worker_2,coordinator_0,NET_TRANSFER,0.000100,0.158000,Poll: Cache Status Reply
2965105.879139,10007,23c32e69-89c8-4a98-9507-a520351cbbe5,coordinator_0,worker_2,NET_TRANSFER,0.000100,0.158000,Poll: Check Layer Cache
2965106.037139,10007,23c32e69-89c8-4a98-9507-a520351cbbe5,worker_2,coordinator_0,NET_TRANSFER,0.000100,0.158000,Poll: Cache Status Reply
2965106.195139,10007,23c32e69-89c8-4a98-9507-a520351cbbe5,coordinator_0,worker_4,NET_TRANSFER,0.000100,0.158000,Poll: Check Layer Cache
2965106.353139,10007,23c32e69-89c8-4a98-9507-a520351cbbe5,worker_4,coordinator_0,NET_TRANSFER,0.000100,0.158000,Poll: Cache Status Reply
2965106.511139,10007,23c32e69-89c8-4a98-9507-a520351cbbe5,coordinator_0,worker_3,NET_TRANSFER,0.000100,0.158000,Poll: Check Layer Cache
2965106.669139,10007,23c32e69-89c8-4a98-9507-a520351cbbe5,worker_3,coordinator_0,NET_TRANSFER,0.000100,0.158000,Poll: Cache Status Reply
2965106.827139,10007,23c32e69-89c8-4a98-9507-a520351cbbe5,coordinator_0,worker_2,NET_TRANSFER,0.000100,0.158000,Poll: Check Layer Cache
2965106.985139,10007,23c32e69-89c8-4a98-9507-a520351cbbe5,worker_2,coordinator_0,NET_TRANSFER,0.000100,0.158000,Poll: Cache Status Reply
2965107.143139,10007,23c32e69-89c8-4a98-9507-a520351cbbe5,coordinator_0,worker_1,NET_TRANSFER,0.000100,0.158000,Poll: Check Layer Cache
2965107.301139,10007,23c32e69-89c8-4a98-9507-a520351cbbe5,worker_1,coordinator_0,NET_TRANSFER,0.000100,0.158000,Poll: Cache Status Reply
2965107.459139,10007,23c32e69-89c8-4a98-9507-a520351cbbe5,coordinator_0,worker_4,NET_TRANSFER,0.000100,0.158000,Poll: Check Layer Cache
2965107.617139,10007,23c32e69-89c8-4a98-9507-a520351cbbe5,worker_4,coordinator_0,NET_TRANSFER,0.000100,0.158000,Poll: Cache Status Reply
2965107.775139,10007,23c32e69-89c8-4a98-9507-a520351cbbe5,coordinator_0,worker_4,NET_TRANSFER,0.000100,0.158000,Poll: Check Layer Cache
2965107.933139,10007,23c32e69-89c8-4a98-9507-a520351cbbe5,worker_4,coordinator_0,NET_TRANSFER,0.000100,0.158000,Poll: Cache Status Reply
2965108.091139,10007,23c32e69-89c8-4a98-9507-a520351cbbe5,coordinator_0,worker_2,NET_TRANSFER,0.000100,0.158000,Poll: Check Layer Cache
2965108.249139,10007,23c32e69-89c8-4a98-9507-a520351cbbe5,worker_2,coordinator_0,NET_TRANSFER,0.000100,0.158000,Poll: Cache Status Reply
2965108.407139,10007,23c32e69-89c8-4a98-9507-a520351cbbe5,coordinator_0,worker_3,NET_TRANSFER,0.000100,0.158000,Poll: Check Layer Cache
2965108.565139,10007,23c32e69-89c8-4a98-9507-a520351cbbe5,worker_3,coordinator_0,NET_TRANSFER,0.000100,0.158000,Poll: Cache Status Reply
2965108.723139,10007,23c32e69-89c8-4a98-9507-a520351cbbe5,coordinator_0,worker_4,NET_TRANSFER,0.000100,0.158000,Poll: Check Layer Cache
2965108.881139,10007,23c32e69-89c8-4a98-9507-a520351cbbe5,worker_4,coordinator_0,NET_TRANSFER,0.000100,0.158000,Poll: Cache Status Reply
2965109.039139,10007,23c32e69-89c8-4a98-9507-a520351cbbe5,coordinator_0,worker_4,NET_TRANSFER,0.000100,0.158000,Poll: Check Layer Cache
2965109.197139,10007,23c32e69-89c8-4a98-9507-a520351cbbe5,worker_4,coordinator_0,NET_TRANSFER,0.000100,0.158000,Poll: Cache Status Reply
2965109.355139,10007,23c32e69-89c8-4a98-9507-a520351cbbe5,coordinator_0,worker_4,NET_TRANSFER,0.000100,0.158000,Poll: Check Layer Cache
2965109.513139,10007,23c32e69-89c8-4a98-9507-a520351cbbe5,worker_4,coordinator_0,NET_TRANSFER,0.000100,0.158000,Poll: Cache Status Reply
2965109.671139,10007,23c32e69-89c8-4a98-9507-a520351cbbe5,coordinator_0,worker_4,NET_TRANSFER,0.000100,0.158000,Poll: Check Layer Cache
2965109.829139,10007,23c32e69-89c8-4a98-9507-a520351cbbe5,worker_4,coordinator_0,NET_TRANSFER,0.000100,0.158000,Poll: Cache Status Reply
2965109.987139,10007,23c32e69-89c8-4a98-9507-a520351cbbe5,coordinator_0,worker_3,NET_TRANSFER,0.000100,0.158000,Poll: Check Layer Cache
2965110.145139,10007,23c32e69-89c8-4a98-9507-a520351cbbe5,worker_3,coordinator_0,NET_TRANSFER,0.000100,0.158000,Poll: Cache Status Reply
2965110.303139,10007,23c32e69-89c8-4a98-9507-a520351cbbe5,coordinator_0,worker_1,NET_TRANSFER,0.000100,0.158000,Poll: Check Layer Cache
2965110.461139,10007,23c32e69-89c8-4a98-9507-a520351cbbe5,worker_1,coordinator_0,NET_TRANSFER,0.000100,0.158000,Poll: Cache Status Reply
2965110.619139,10007,23c32e69-89c8-4a98-9507-a520351cbbe5,coordinator_0,worker_3,NET_TRANSFER,0.000100,0.158000,Poll: Check Layer Cache
2965110.777139,10007,23c32e69-89c8-4a98-9507-a520351cbbe5,worker_3,coordinator_0,NET_TRANSFER,0.000100,0.158000,Poll: Cache Status Reply
2965110.935139,10007,23c32e69-89c8-4a98-9507-a520351cbbe5,coordinator_0,worker_2,NET_TRANSFER,0.000100,0.158000,Poll: Check Layer Cache
2965111.093139,10007,23c32e69-89c8-4a98-9507-a520351cbbe5,worker_2,coordinator_0,NET_TRANSFER,0.000100,0.158000,Poll: Cache Status Reply
2965111.251139,10007,23c32e69-89c8-4a98-9507-a520351cbbe5,coordinator_0,worker_4,NET_TRANSFER,0.000100,0.158000,Poll: Check Layer Cache
2965111.409139,10007,23c32e69-89c8-4a98-9507-a520351cbbe5,worker_4,coordinator_0,NET_TRANSFER,0.000100,0.158000,Poll: Cache Status Reply
2965111.567139,10007,23c32e69-89c8-4a98-9507-a520351cbbe5,coordinator_0,worker_1,NET_TRANSFER,0.000100,0.158000,Poll: Check Layer Cache
2965111.725139,10007,23c32e69-89c8-4a98-9507-a520351cbbe5,worker_1,coordinator_0,NET_TRANSFER,0.000100,0.158000,Poll: Cache Status Reply
2965111.883139,10007,23c32e69-89c8-4a98-9507-a520351cbbe5,coordinator_0,worker_2,NET_TRANSFER,0.000100,0.158000,Poll: Check Layer Cache
2965112.041139,10007,23c32e69-89c8-4a98-9507-a520351cbbe5,worker_2,coordinator_0,NET_TRANSFER,0.000100,0.158000,Poll: Cache Status Reply
2965112.199139,10007,23c32e69-89c8-4a98-9507-a520351cbbe5,coordinator_0,worker_1,NET_TRANSFER,0.000100,0.158000,Poll: Check Layer Cache
2965112.357139,10007,23c32e69-89c8-4a98-9507-a520351cbbe5,worker_1,coordinator_0,NET_TRANSFER,0.000100,0.158000,Poll: Cache Status Reply
2965112.515139,10007,23c32e69-89c8-4a98-9507-a520351cbbe5,coordinator_0,worker_3,NET_TRANSFER,0.000100,0.158000,Poll: Check Layer Cache
2965112.673139,10007,23c32e69-89c8-4a98-9507-a520351cbbe5,worker_3,coordinator_0,NET_TRANSFER,0.000100,0.158000,Poll: Cache Status Reply
2965112.831139,10007,23c32e69-89c8-4a98-9507-a520351cbbe5,coordinator_0,worker_1,NET_TRANSFER,0.000100,0.158000,Poll: Check Layer Cache
2965112.989139,10007,23c32e69-89c8-4a98-9507-a520351cbbe5,worker_1,coordinator_0,NET_TRANSFER,0.000100,0.158000,Poll: Cache Status Reply
2965113.147139,10007,23c32e69-89c8-4a98-9507-a520351cbbe5,coordinator_0,worker_3,NET_TRANSFER,0.000100,0.158000,Poll: Check Layer Cache
2965113.305139,10007,23c32e69-89c8-4a98-9507-a520351cbbe5,worker_3,coordinator_0,NET_TRANSFER,0.000100,0.158000,Poll: Cache Status Reply
2965113.463139,10007,23c32e69-89c8-4a98-9507-a520351cbbe5,coordinator_0,worker_3,NET_TRANSFER,0.000100,0.158000,Poll: Check Layer Cache
2965113.621139,10007,23c32e69-89c8-4a98-9507-a520351cbbe5,worker_3,coordinator_0,NET_TRANSFER,0.000100,0.158000,Poll: Cache Status Reply
2965113.779139,10007,23c32e69-89c8-4a98-9507-a520351cbbe5,coordinator_0,worker_2,NET_TRANSFER,0.000100,0.158000,Poll: Check Layer Cache
2965113.937139,10007,23c32e69-89c8-4a98-9507-a520351cbbe5,worker_2,coordinator_0,NET_TRANSFER,0.000100,0.158000,Poll: Cache Status Reply
2965114.095139,10007,23c32e69-89c8-4a98-9507-a520351cbbe5,coordinator_0,worker_4,NET_TRANSFER,0.000100,0.158000,Poll: Check Layer Cache
2965114.253139,10007,23c32e69-89c8-4a98-9507-a520351cbbe5,worker_4,coordinator_0,NET_TRANSFER,0.000100,0.158000,Poll: Cache Status Reply
2965114.411139,10007,23c32e69-89c8-4a98-9507-a520351cbbe5,coordinator_0,worker_1,NET_TRANSFER,0.000100,0.158000,Poll: Check Layer Cache
2965114.569139,10007,23c32e69-89c8-4a98-9507-a520351cbbe5,worker_1,coordinator_0,NET_TRANSFER,0.000100,0.158000,Poll: Cache Status Reply
2965114.727139,10007,23c32e69-89c8-4a98-9507-a520351cbbe5,coordinator_0,worker_2,NET_TRANSFER,0.000100,0.158000,Poll: Check Layer Cache
2965114.885139,10007,23c32e69-89c8-4a98-9507-a520351cbbe5,worker_2,coordinator_0,NET_TRANSFER,0.000100,0.158000,Poll: Cache Status Reply
2965115.043139,10007,23c32e69-89c8-4a98-9507-a520351cbbe5,coordinator_0,worker_3,NET_TRANSFER,0.000100,0.158000,Poll: Check Layer Cache
2965115.201139,10007,23c32e69-89c8-4a98-9507-a520351cbbe5,worker_3,coordinator_0,NET_TRANSFER,0.000100,0.158000,Poll: Cache Status Reply
2965115.359139,10007,23c32e69-89c8-4a98-9507-a520351cbbe5,coordinator_0,worker_2,NET_TRANSFER,0.000100,0.158000,Poll: Check Layer Cache
2965115.517139,10007,23c32e69-89c8-4a98-9507-a520351cbbe5,worker_2,coordinator_0,NET_TRANSFER,0.000100,0.158000,Poll: Cache Status Reply
2965115.675139,10007,23c32e69-89c8-4a98-9507-a520351cbbe5,coordinator_0,worker_3,NET_TRANSFER,0.000100,0.158000,Poll: Check Layer Cache
2965115.833139,10007,23c32e69-89c8-4a98-9507-a520351cbbe5,worker_3,coordinator_0,NET_TRANSFER,0.000100,0.158000,Poll: Cache Status Reply
2965115.991139,10007,23c32e69-89c8-4a98-9507-a520351cbbe5,coordinator_0,worker_2,NET_TRANSFER,0.000100,0.158000,Poll: Check Layer Cache
2965116.149139,10007,23c32e69-89c8-4a98-9507-a520351cbbe5,worker_2,coordinator_0,NET_TRANSFER,0.000100,0.158000,Poll: Cache Status Reply
2965116.307139,10007,23c32e69-89c8-4a98-9507-a520351cbbe5,coordinator_0,worker_1,NET_TRANSFER,0.000100,0.158000,Poll: Check Layer Cache
2965116.465139,10007,23c32e69-89c8-4a98-9507-a520351cbbe5,worker_1,coordinator_0,NET_TRANSFER,0.000100,0.158000,Poll: Cache Status Reply
2965116.623139,10007,23c32e69-89c8-4a98-9507-a520351cbbe5,coordinator_0,worker_1,NET_TRANSFER,0.000100,0.158000,Poll: Check Layer Cache
2965116.781139,10007,23c32e69-89c8-4a98-9507-a520351cbbe5,worker_1,coordinator_0,NET_TRANSFER,0.000100,0.158000,Poll: Cache Status Reply
2965116.939139,10007,23c32e69-89c8-4a98-9507-a520351cbbe5,coordinator_0,worker_1,NET_TRANSFER,0.000100,0.158000,Poll: Check Layer Cache
2965117.097139,10007,23c32e69-89c8-4a98-9507-a520351cbbe5,worker_1,coordinator_0,NET_TRANSFER,0.000100,0.158000,Poll: Cache Status Reply
2965117.255139,10007,23c32e69-89c8-4a98-9507-a520351cbbe5,coordinator_0,worker_1,NET_TRANSFER,0.000100,0.158000,Poll: Check Layer Cache
2965117.413139,10007,23c32e69-89c8-4a98-9507-a520351cbbe5,worker_1,coordinator_0,NET_TRANSFER,0.000100,0.158000,Poll: Cache Status Reply
2965117.571139,10007,23c32e69-89c8-4a98-9507-a520351cbbe5,coordinator_0,worker_1,NET_TRANSFER,0.000100,0.158000,Poll: Check Layer Cache
2965117.729139,10007,23c32e69-89c8-4a98-9507-a520351cbbe5,worker_1,coordinator_0,NET_TRANSFER,0.000100,0.158000,Poll: Cache Status Reply
2965117.887139,10007,23c32e69-89c8-4a98-9507-a520351cbbe5,coordinator_0,worker_1,NET_TRANSFER,0.000100,0.158000,Poll: Check Layer Cache
2965118.045139,10007,23c32e69-89c8-4a98-9507-a520351cbbe5,worker_1,coordinator_0,NET_TRANSFER,0.000100,0.158000,Poll: Cache Status Reply
2965118.203139,10007,23c32e69-89c8-4a98-9507-a520351cbbe5,coordinator_0,worker_2,NET_TRANSFER,0.000100,0.158000,Poll: Check Layer Cache
2965118.361139,10007,23c32e69-89c8-4a98-9507-a520351cbbe5,worker_2,coordinator_0,NET_TRANSFER,0.000100,0.158000,Poll: Cache Status Reply
2965118.519139,10007,23c32e69-89c8-4a98-9507-a520351cbbe5,coordinator_0,worker_3,NET_TRANSFER,0.000100,0.158000,Poll: Check Layer Cache
2965118.677139,10007,23c32e69-89c8-4a98-9507-a520351cbbe5,worker_3,coordinator_0,NET_TRANSFER,0.000100,0.158000,Poll: Cache Status Reply
2965118.835139,10007,23c32e69-89c8-4a98-9507-a520351cbbe5,coordinator_0,worker_3,NET_TRANSFER,0.000100,0.158000,Poll: Check Layer Cache
2965118.993139,10007,23c32e69-89c8-4a98-9507-a520351cbbe5,worker_3,coordinator_0,NET_TRANSFER,0.000100,0.158000,Poll: Cache Status Reply
2965119.151139,10007,e20db8d2-b0ae-4054-bb3b-51a67633e6dd,coordinator_0,worker_2,NET_TRANSFER,0.000100,0.158000,Poll: Check Layer Cache
2965119.309139,10007,e20db8d2-b0ae-4054-bb3b-51a67633e6dd,worker_2,coordinator_0,NET_TRANSFER,0.000100,0.158000,Poll: Cache Status Reply
2965119.467139,10007,e20db8d2-b0ae-4054-bb3b-51a67633e6dd,coordinator_0,worker_1,NET_TRANSFER,0.000100,0.158000,Poll: Check Layer Cache
2965119.625139,10007,e20db8d2-b0ae-4054-bb3b-51a67633e6dd,worker_1,coordinator_0,NET_TRANSFER,0.000100,0.158000,Poll: Cache Status Reply
2965119.783139,10007,e20db8d2-b0ae-4054-bb3b-51a67633e6dd,coordinator_0,worker_2,NET_TRANSFER,0.000100,0.158000,Poll: Check Layer Cache
2965119.941139,10007,e20db8d2-b0ae-4054-bb3b-51a67633e6dd,worker_2,coordinator_0,NET_TRANSFER,0.000100,0.158000,Poll: Cache Status Reply
2965120.099139,10007,e20db8d2-b0ae-4054-bb3b-51a67633e6dd,coordinator_0,worker_4,NET_TRANSFER,0.000100,0.158000,Poll: Check Layer Cache
2965120.257139,10007,e20db8d2-b0ae-4054-bb3b-51a67633e6dd,worker_4,coordinator_0,NET_TRANSFER,0.000100,0.158000,Poll: Cache Status Reply
2965120.415139,10007,e20db8d2-b0ae-4054-bb3b-51a67633e6dd,coordinator_0,worker_2,NET_TRANSFER,0.000100,0.158000,Poll: Check Layer Cache
2965120.573139,10007,e20db8d2-b0ae-4054-bb3b-51a67633e6dd,worker_2,coordinator_0,NET_TRANSFER,0.000100,0.158000,Poll: Cache Status Reply
2965120.731139,10007,e20db8d2-b0ae-4054-bb3b-51a67633e6dd,coordinator_0,worker_1,NET_TRANSFER,0.000100,0.158000,Poll: Check Layer Cache
2965120.889139,10007,e20db8d2-b0ae-4054-bb3b-51a67633e6dd,worker_1,coordinator_0,NET_TRANSFER,0.000100,0.158000,Poll: Cache Status Reply
2965121.047139,10007,e20db8d2-b0ae-4054-bb3b-51a67633e6dd,coordinator_0,worker_4,NET_TRANSFER,0.000100,0.158000,Poll: Check Layer Cache
2965121.205139,10007,e20db8d2-b0ae-4054-bb3b-51a67633e6dd,worker_4,coordinator_0,NET_TRANSFER,0.000100,0.158000,Poll: Cache Status Reply
2965121.363139,10007,e20db8d2-b0ae-4054-bb3b-51a67633e6dd,coordinator_0,worker_1,NET_TRANSFER,0.000100,0.158000,Poll: Check Layer Cache
2965121.521139,10007,e20db8d2-b0ae-4054-bb3b-51a67633e6dd,worker_1,coordinator_0,NET_TRANSFER,0.000100,0.158000,Poll: Cache Status Reply
2965121.679139,10007,e20db8d2-b0ae-4054-bb3b-51a67633e6dd,coordinator_0,worker_1,NET_TRANSFER,0.000100,0.158000,Poll: Check Layer Cache
2965121.837139,10007,e20db8d2-b0ae-4054-bb3b-51a67633e6dd,worker_1,coordinator_0,NET_TRANSFER,0.000100,0.158000,Poll: Cache Status Reply
2965121.995139,10007,e20db8d2-b0ae-4054-bb3b-51a67633e6dd,coordinator_0,worker_2,NET_TRANSFER,0.000100,0.158000,Poll: Check Layer Cache
2965122.153139,10007,e20db8d2-b0ae-4054-bb3b-51a67633e6dd,worker_2,coordinator_0,NET_TRANSFER,0.000100,0.158000,Poll: Cache Status Reply
2965122.311139,10007,e20db8d2-b0ae-4054-bb3b-51a67633e6dd,coordinator_0,worker_1,NET_TRANSFER,0.000100,0.158000,Poll: Check Layer Cache
2965122.469139,10007,e20db8d2-b0ae-4054-bb3b-51a67633e6dd,worker_1,coordinator_0,NET_TRANSFER,0.000100,0.158000,Poll: Cache Status Reply
2965122.627139,10007,e20db8d2-b0ae-4054-bb3b-51a67633e6dd,coordinator_0,worker_3,NET_TRANSFER,0.000100,0.158000,Poll: Check Layer Cache
2965122.785139,10007,e20db8d2-b0ae-4054-bb3b-51a67633e6dd,worker_3,coordinator_0,NET_TRANSFER,0.000100,0.158000,Poll: Cache Status Reply
2965122.943139,10007,e20db8d2-b0ae-4054-bb3b-51a67633e6dd,coordinator_0,worker_4,NET_TRANSFER,0.000100,0.158000,Poll: Check Layer Cache
2965123.101139,10007,e20db8d2-b0ae-4054-bb3b-51a67633e6dd,worker_4,coordinator_0,NET_TRANSFER,0.000100,0.158000,Poll: Cache Status Reply
2965123.259139,10007,e20db8d2-b0ae-4054-bb3b-51a67633e6dd,coordinator_0,worker_1,NET_TRANSFER,0.000100,0.158000,Poll: Check Layer Cache
2965123.417139,10007,e20db8d2-b0ae-4054-bb3b-51a67633e6dd,worker_1,coordinator_0,NET_TRANSFER,0.000100,0.158000,Poll: Cache Status Reply
2965123.575139,10007,e20db8d2-b0ae-4054-bb3b-51a67633e6dd,coordinator_0,worker_3,NET_TRANSFER,0.000100,0.158000,Poll: Check Layer Cache
2965123.733139,10007,e20db8d2-b0ae-4054-bb3b-51a67633e6dd,worker_3,coordinator_0,NET_TRANSFER,0.000100,0.158000,Poll: Cache Status Reply
2965123.891139,10007,e20db8d2-b0ae-4054-bb3b-51a67633e6dd,coordinator_0,worker_2,NET_TRANSFER,0.000100,0.158000,Poll: Check Layer Cache
2965124.049139,10007,e20db8d2-b0ae-4054-bb3b-51a67633e6dd,worker_2,coordinator_0,NET_TRANSFER,0.000100,0.158000,Poll: Cache Status Reply
2965124.207139,10007,e20db8d2-b0ae-4054-bb3b-51a67633e6dd,coordinator_0,worker_4,NET_TRANSFER,0.000100,0.158000,Poll: Check Layer Cache
2965124.365139,10007,e20db8d2-b0ae-4054-bb3b-51a67633e6dd,worker_4,coordinator_0,NET_TRANSFER,0.000100,0.158000,Poll: Cache Status Reply
2965124.523139,10007,e20db8d2-b0ae-4054-bb3b-51a67633e6dd,coordinator_0,worker_4,NET_TRANSFER,0.000100,0.158000,Poll: Check Layer Cache
2965124.681139,10007,e20db8d2-b0ae-4054-bb3b-51a67633e6dd,worker_4,coordinator_0,NET_TRANSFER,0.000100,0.158000,Poll: Cache Status Reply
2965124.839139,10007,e20db8d2-b0ae-4054-bb3b-51a67633e6dd,coordinator_0,worker_1,NET_TRANSFER,0.000100,0.158000,Poll: Check Layer Cache
2965124.997139,10007,e20db8d2-b0ae-4054-bb3b-51a67633e6dd,worker_1,coordinator_0,NET_TRANSFER,0.000100,0.158000,Poll: Cache Status Reply
2965125.155139,10007,e20db8d2-b0ae-4054-bb3b-51a67633e6dd,coordinator_0,worker_3,NET_TRANSFER,0.000100,0.158000,Poll: Check Layer Cache
2965125.313139,10007,e20db8d2-b0ae-4054-bb3b-51a67633e6dd,worker_3,coordinator_0,NET_TRANSFER,0.000100,0.158000,Poll: Cache Status Reply
2965125.471139,10007,e20db8d2-b0ae-4054-bb3b-51a67633e6dd,coordinator_0,worker_4,NET_TRANSFER,0.000100,0.158000,Poll: Check Layer Cache
2965125.629139,10007,e20db8d2-b0ae-4054-bb3b-51a67633e6dd,worker_4,coordinator_0,NET_TRANSFER,0.000100,0.158000,Poll: Cache Status Reply
2965125.787139,10007,e20db8d2-b0ae-4054-bb3b-51a67633e6dd,coordinator_0,worker_4,NET_TRANSFER,0.000100,0.158000,Poll: Check Layer Cache
2965125.945139,10007,e20db8d2-b0ae-4054-bb3b-51a67633e6dd,worker_4,coordinator_0,NET_TRANSFER,0.000100,0.158000,Poll: Cache Status Reply
2965126.103139,10007,e20db8d2-b0ae-4054-bb3b-51a67633e6dd,coordinator_0,worker_2,NET_TRANSFER,0.000100,0.158000,Poll: Check Layer Cache
2965126.261139,10007,e20db8d2-b0ae-4054-bb3b-51a67633e6dd,worker_2,coordinator_0,NET_TRANSFER,0.000100,0.158000,Poll: Cache Status Reply
2965126.419139,10007,e20db8d2-b0ae-4054-bb3b-51a67633e6dd,coordinator_0,worker_3,NET_TRANSFER,0.000100,0.158000,Poll: Check Layer Cache
2965126.577139,10007,e20db8d2-b0ae-4054-bb3b-51a67633e6dd,worker_3,coordinator_0,NET_TRANSFER,0.000100,0.158000,Poll: Cache Status Reply
2965126.735139,10007,e20db8d2-b0ae-4054-bb3b-51a67633e6dd,coordinator_0,worker_4,NET_TRANSFER,0.000100,0.158000,Poll: Check Layer Cache
2965126.893139,10007,e20db8d2-b0ae-4054-bb3b-51a67633e6dd,worker_4,coordinator_0,NET_TRANSFER,0.000100,0.158000,Poll: Cache Status Reply
2965127.051139,10007,e20db8d2-b0ae-4054-bb3b-51a67633e6dd,coordinator_0,worker_3,NET_TRANSFER,0.000100,0.158000,Poll: Check Layer Cache
2965127.209139,10007,e20db8d2-b0ae-4054-bb3b-51a67633e6dd,worker_3,coordinator_0,NET_TRANSFER,0.000100,0.158000,Poll: Cache Status Reply
2965127.367139,10007,e20db8d2-b0ae-4054-bb3b-51a67633e6dd,coordinator_0,worker_1,NET_TRANSFER,0.000100,0.158000,Poll: Check Layer Cache
2965127.525139,10007,e20db8d2-b0ae-4054-bb3b-51a67633e6dd,worker_1,coordinator_0,NET_TRANSFER,0.000100,0.158000,Poll: Cache Status Reply
2965127.683139,10007,e20db8d2-b0ae-4054-bb3b-51a67633e6dd,coordinator_0,worker_3,NET_TRANSFER,0.000100,0.158000,Poll: Check Layer Cache
2965127.841139,10007,e20db8d2-b0ae-4054-bb3b-51a67633e6dd,worker_3,coordinator_0,NET_TRANSFER,0.000100,0.158000,Poll: Cache Status Reply
2965127.999139,10007,e20db8d2-b0ae-4054-bb3b-51a67633e6dd,coordinator_0,worker_3,NET_TRANSFER,0.000100,0.158000,Poll: Check Layer Cache
2965128.157139,10007,e20db8d2-b0ae-4054-bb3b-51a67633e6dd,worker_3,coordinator_0,NET_TRANSFER,0.000100,0.158000,Poll: Cache Status Reply
2965128.315139,10007,e20db8d2-b0ae-4054-bb3b-51a67633e6dd,coordinator_0,worker_2,NET_TRANSFER,0.000100,0.158000,Poll: Check Layer Cache
2965128.473139,10007,e20db8d2-b0ae-4054-bb3b-51a67633e6dd,worker_2,coordinator_0,NET_TRANSFER,0.000100,0.158000,Poll: Cache Status Reply
2965128.631139,10007,e20db8d2-b0ae-4054-bb3b-51a67633e6dd,coordinator_0,worker_3,NET_TRANSFER,0.000100,0.158000,Poll: Check Layer Cache
2965128.789139,10007,e20db8d2-b0ae-4054-bb3b-51a67633e6dd,worker_3,coordinator_0,NET_TRANSFER,0.000100,0.158000,Poll: Cache Status Reply
2965128.947139,10007,e20db8d2-b0ae-4054-bb3b-51a67633e6dd,coordinator_0,worker_2,NET_TRANSFER,0.000100,0.158000,Poll: Check Layer Cache
2965129.105139,10007,e20db8d2-b0ae-4054-bb3b-51a67633e6dd,worker_2,coordinator_0,NET_TRANSFER,0.000100,0.158000,Poll: Cache Status Reply
2965129.263139,2004,e20db8d2-b0ae-4054-bb3b-51a67633e6dd,coordinator_0,worker_4,NET_TRANSFER,0.000100,0.158000,Poll: Check Layer Cache
2965129.421139,2004,e20db8d2-b0ae-4054-bb3b-51a67633e6dd,worker_4,coordinator_0,NET_TRANSFER,0.000100,0.158000,Poll: Cache Status Reply
2965129.579139,2004,e20db8d2-b0ae-4054-bb3b-51a67633e6dd,coordinator_0,worker_3,NET_TRANSFER,0.000100,0.158000,Poll: Check Layer Cache
2965129.737139,2004,e20db8d2-b0ae-4054-bb3b-51a67633e6dd,worker_3,coordinator_0,NET_TRANSFER,0.000100,0.158000,Poll: Cache Status Reply
2965129.895139,2004,e20db8d2-b0ae-4054-bb3b-51a67633e6dd,coordinator_0,worker_1,NET_TRANSFER,0.000100,0.158000,Poll: Check Layer Cache
2965130.053139,2004,e20db8d2-b0ae-4054-bb3b-51a67633e6dd,worker_1,coordinator_0,NET_TRANSFER,0.000100,0.158000,Poll: Cache Status Reply
2965130.211139,2004,e20db8d2-b0ae-4054-bb3b-51a67633e6dd,coordinator_0,worker_3,NET_TRANSFER,0.000100,0.158000,Poll: Check Layer Cache
2965130.369139,2004,e20db8d2-b0ae-4054-bb3b-51a67633e6dd,worker_3,coordinator_0,NET_TRANSFER,0.000100,0.158000,Poll: Cache Status Reply
2965130.527139,2004,e20db8d2-b0ae-4054-bb3b-51a67633e6dd,coordinator_0,worker_3,NET_TRANSFER,0.000100,0.158000,Poll: Check Layer Cache
2965130.685139,2004,e20db8d2-b0ae-4054-bb3b-51a67633e6dd,worker_3,coordinator_0,NET_TRANSFER,0.000100,0.158000,Poll: Cache Status Reply
2965130.843139,2004,e20db8d2-b0ae-4054-bb3b-51a67633e6dd,coordinator_0,worker_2,NET_TRANSFER,0.000100,0.158000,Poll: Check Layer Cache
2965131.001139,2004,e20db8d2-b0ae-4054-bb3b-51a67633e6dd,worker_2,coordinator_0,NET_TRANSFER,0.000100,0.158000,Poll: Cache Status Reply
2965131.159139,2004,e20db8d2-b0ae-4054-bb3b-51a67633e6dd,coordinator_0,worker_3,NET_TRANSFER,0.000100,0.158000,Poll: Check Layer Cache
2965131.317139,2004,e20db8d2-b0ae-4054-bb3b-51a67633e6dd,worker_3,coordinator_0,NET_TRANSFER,0.000100,0.158000,Poll: Cache Status Reply
2965131.475139,2004,e20db8d2-b0ae-4054-bb3b-51a67633e6dd,coordinator_0,worker_2,NET_TRANSFER,0.000100,0.158000,Poll: Check Layer Cache
2965131.633139,2004,e20db8d2-b0ae-4054-bb3b-51a67633e6dd,worker_2,coordinator_0,NET_TRANSFER,0.000100,0.158000,Poll: Cache Status Reply
2965131.791139,2004,e20db8d2-b0ae-4054-bb3b-51a67633e6dd,coordinator_0,worker_2,NET_TRANSFER,0.000100,0.158000,Poll: Check Layer Cache
2965131.949139,2004,e20db8d2-b0ae-4054-bb3b-51a67633e6dd,worker_2,coordinator_0,NET_TRANSFER,0.000100,0.158000,Poll: Cache Status Reply
2965132.107139,2004,e20db8d2-b0ae-4054-bb3b-51a67633e6dd,coordinator_0,worker_1,NET_TRANSFER,0.000100,0.158000,Poll: Check Layer Cache
2965132.265139,2004,e20db8d2-b0ae-4054-bb3b-51a67633e6dd,worker_1,coordinator_0,NET_TRANSFER,0.000100,0.158000,Poll: Cache Status Reply
2965132.423139,2004,e20db8d2-b0ae-4054-bb3b-51a67633e6dd,coordinator_0,worker_2,NET_TRANSFER,0.000100,0.158000,Poll: Check Layer Cache
2965132.581139,2004,e20db8d2-b0ae-4054-bb3b-51a67633e6dd,worker_2,coordinator_0,NET_TRANSFER,0.000100,0.158000,Poll: Cache Status Reply
2965132.739139,2004,e20db8d2-b0ae-4054-bb3b-51a67633e6dd,coordinator_0,worker_4,NET_TRANSFER,0.000100,0.158000,Poll: Check Layer Cache
2965132.897139,2004,e20db8d2-b0ae-4054-bb3b-51a67633e6dd,worker_4,coordinator_0,NET_TRANSFER,0.000100,0.158000,Poll: Cache Status Reply
2965133.055139,2004,e20db8d2-b0ae-4054-bb3b-51a67633e6dd,coordinator_0,worker_2,NET_TRANSFER,0.000100,0.158000,Poll: Check Layer Cache
2965133.213139,2004,e20db8d2-b0ae-4054-bb3b-51a67633e6dd,worker_2,coordinator_0,NET_TRANSFER,0.000100,0.158000,Poll: Cache Status Reply
2965133.371139,2004,e20db8d2-b0ae-4054-bb3b-51a67633e6dd,coordinator_0,worker_1,NET_TRANSFER,0.000100,0.158000,Poll: Check Layer Cache
2965133.529139,2004,e20db8d2-b0ae-4054-bb3b-51a67633e6dd,worker_1,coordinator_0,NET_TRANSFER,0.000100,0.158000,Poll: Cache Status Reply
2965133.687139,2004,e20db8d2-b0ae-4054-bb3b-51a67633e6dd,coordinator_0,worker_4,NET_TRANSFER,0.000100,0.158000,Poll: Check Layer Cache
2965133.845139,2004,e20db8d2-b0ae-4054-bb3b-51a67633e6dd,worker_4,coordinator_0,NET_TRANSFER,0.000100,0.158000,Poll: Cache Status Reply
2965134.003139,2004,e20db8d2-b0ae-4054-bb3b-51a67633e6dd,coordinator_0,worker_1,NET_TRANSFER,0.000100,0.158000,Poll: Check Layer Cache
2965134.161139,2004,e20db8d2-b0ae-4054-bb3b-51a67633e6dd,worker_1,coordinator_0,NET_TRANSFER,0.000100,0.158000,Poll: Cache Status Reply
2965134.319139,2004,e20db8d2-b0ae-4054-bb3b-51a67633e6dd,coordinator_0,worker_1,NET_TRANSFER,0.000100,0.158000,Poll: Check Layer Cache
2965134.477139,2004,e20db8d2-b0ae-4054-bb3b-51a67633e6dd,worker_1,coordinator_0,NET_TRANSFER,0.000100,0.158000,Poll: Cache Status Reply
2965134.635139,2004,e20db8d2-b0ae-4054-bb3b-51a67633e6dd,coordinator_0,worker_2,NET_TRANSFER,0.000100,0.158000,Poll: Check Layer Cache
2965134.793139,2004,e20db8d2-b0ae-4054-bb3b-51a67633e6dd,worker_2,coordinator_0,NET_TRANSFER,0.000100,0.158000,Poll: Cache Status Reply
2965134.951139,2004,e20db8d2-b0ae-4054-bb3b-51a67633e6dd,coordinator_0,worker_1,NET_TRANSFER,0.000100,0.158000,Poll: Check Layer Cache
2965135.109139,2004,e20db8d2-b0ae-4054-bb3b-51a67633e6dd,worker_1,coordinator_0,NET_TRANSFER,0.000100,0.158000,Poll: Cache Status Reply
2965135.267139,2004,e20db8d2-b0ae-4054-bb3b-51a67633e6dd,coordinator_0,worker_3,NET_TRANSFER,0.000100,0.158000,Poll: Check Layer Cache
2965135.425139,2004,e20db8d2-b0ae-4054-bb3b-51a67633e6dd,worker_3,coordinator_0,NET_TRANSFER,0.000100,0.158000,Poll: Cache Status Reply
2965135.583139,2004,e20db8d2-b0ae-4054-bb3b-51a67633e6dd,coordinator_0,worker_4,NET_TRANSFER,0.000100,0.158000,Poll: Check Layer Cache
2965135.741139,2004,e20db8d2-b0ae-4054-bb3b-51a67633e6dd,worker_4,coordinator_0,NET_TRANSFER,0.000100,0.158000,Poll: Cache Status Reply
2965135.899139,2004,e20db8d2-b0ae-4054-bb3b-51a67633e6dd,coordinator_0,worker_1,NET_TRANSFER,0.000100,0.158000,Poll: Check Layer Cache
2965136.057139,2004,e20db8d2-b0ae-4054-bb3b-51a67633e6dd,worker_1,coordinator_0,NET_TRANSFER,0.000100,0.158000,Poll: Cache Status Reply
2965136.215139,2004,e20db8d2-b0ae-4054-bb3b-51a67633e6dd,coordinator_0,worker_3,NET_TRANSFER,0.000100,0.158000,Poll: Check Layer Cache
2965136.373139,2004,e20db8d2-b0ae-4054-bb3b-51a67633e6dd,worker_3,coordinator_0,NET_TRANSFER,0.000100,0.158000,Poll: Cache Status Reply
2965136.531139,2004,e20db8d2-b0ae-4054-bb3b-51a67633e6dd,coordinator_0,worker_2,NET_TRANSFER,0.000100,0.158000,Poll: Check Layer Cache
2965136.689139,2004,e20db8d2-b0ae-4054-bb3b-51a67633e6dd,worker_2,coordinator_0,NET_TRANSFER,0.000100,0.158000,Poll: Cache Status Reply
2965136.847139,2004,e20db8d2-b0ae-4054-bb3b-51a67633e6dd,coordinator_0,worker_4,NET_TRANSFER,0.000100,0.158000,Poll: Check Layer Cache
2965137.005139,2004,e20db8d2-b0ae-4054-bb3b-51a67633e6dd,worker_4,coordinator_0,NET_TRANSFER,0.000100,0.158000,Poll: Cache Status Reply
2965137.163139,2004,e20db8d2-b0ae-4054-bb3b-51a67633e6dd,coordinator_0,worker_4,NET_TRANSFER,0.000100,0.158000,Poll: Check Layer Cache
2965137.321139,2004,e20db8d2-b0ae-4054-bb3b-51a67633e6dd,worker_4,coordinator_0,NET_TRANSFER,0.000100,0.158000,Poll: Cache Status Reply
2965137.479139,2004,e20db8d2-b0ae-4054-bb3b-51a67633e6dd,coordinator_0,worker_1,NET_TRANSFER,0.000100,0.158000,Poll: Check Layer Cache
2965137.637139,2004,e20db8d2-b0ae-4054-bb3b-51a67633e6dd,worker_1,coordinator_0,NET_TRANSFER,0.000100,0.158000,Poll: Cache Status Reply
2965137.795139,2004,e20db8d2-b0ae-4054-bb3b-51a67633e6dd,coordinator_0,worker_3,NET_TRANSFER,0.000100,0.158000,Poll: Check Layer Cache
2965137.953139,2004,e20db8d2-b0ae-4054-bb3b-51a67633e6dd,worker_3,coordinator_0,NET_TRANSFER,0.000100,0.158000,Poll: Cache Status Reply
2965138.111139,2004,e20db8d2-b0ae-4054-bb3b-51a67633e6dd,coordinator_0,worker_4,NET_TRANSFER,0.000100,0.158000,Poll: Check Layer Cache
2965138.269139,2004,e20db8d2-b0ae-4054-bb3b-51a67633e6dd,worker_4,coordinator_0,NET_TRANSFER,0.000100,0.158000,Poll: Cache Status Reply
2965138.427139,2004,e20db8d2-b0ae-4054-bb3b-51a67633e6dd,coordinator_0,worker_4,NET_TRANSFER,0.000100,0.158000,Poll: Check Layer Cache
2965138.585139,2004,e20db8d2-b0ae-4054-bb3b-51a67633e6dd,worker_4,coordinator_0,NET_TRANSFER,0.000100,0.158000,Poll: Cache Status Reply
2965138.743139,2004,e20db8d2-b0ae-4054-bb3b-51a67633e6dd,coordinator_0,worker_2,NET_TRANSFER,0.000100,0.158000,Poll: Check Layer Cache
2965138.901139,2004,e20db8d2-b0ae-4054-bb3b-51a67633e6dd,worker_2,coordinator_0,NET_TRANSFER,0.000100,0.158000,Poll: Cache Status Reply
2965139.059139,2004,e20db8d2-b0ae-4054-bb3b-51a67633e6dd,coordinator_0,worker_3,NET_TRANSFER,0.000100,0.158000,Poll: Check Layer Cache
2965139.217139,2004,e20db8d2-b0ae-4054-bb3b-51a67633e6dd,worker_3,coordinator_0,NET_TRANSFER,0.000100,0.158000,Poll: Cache Status Reply
2965139.375139,2004,d5b6c0cc-7700-4a35-a3d8-1ca4767780d9,coordinator_0,worker_3,NET_TRANSFER,0.000100,0.158000,Poll: Check Layer Cache
2965139.533139,2004,d5b6c0cc-7700-4a35-a3d8-1ca4767780d9,worker_3,coordinator_0,NET_TRANSFER,0.000100,0.158000,Poll: Cache Status Reply
2965139.691139,2004,d5b6c0cc-7700-4a35-a3d8-1ca4767780d9,coordinator_0,worker_1,NET_TRANSFER,0.000100,0.158000,Poll: Check Layer Cache
2965139.849139,2004,d5b6c0cc-7700-4a35-a3d8-1ca4767780d9,worker_1,coordinator_0,NET_TRANSFER,0.000100,0.158000,Poll: Cache Status Reply
2965140.007139,2004,d5b6c0cc-7700-4a35-a3d8-1ca4767780d9,coordinator_0,worker_2,NET_TRANSFER,0.000100,0.158000,Poll: Check Layer Cache
2965140.165139,2004,d5b6c0cc-7700-4a35-a3d8-1ca4767780d9,worker_2,coordinator_0,NET_TRANSFER,0.000100,0.158000,Poll: Cache Status Reply
2965140.323139,2004,d5b6c0cc-7700-4a35-a3d8-1ca4767780d9,coordinator_0,worker_4,NET_TRANSFER,0.000100,0.158000,Poll: Check Layer Cache
2965140.481139,2004,d5b6c0cc-7700-4a35-a3d8-1ca4767780d9,worker_4,coordinator_0,NET_TRANSFER,0.000100,0.158000,Poll: Cache Status Reply
2965140.639139,2004,d5b6c0cc-7700-4a35-a3d8-1ca4767780d9,coordinator_0,worker_1,NET_TRANSFER,0.000100,0.158000,Poll: Check Layer Cache
2965140.797139,2004,d5b6c0cc-7700-4a35-a3d8-1ca4767780d9,worker_1,coordinator_0,NET_TRANSFER,0.000100,0.158000,Poll: Cache Status Reply
2965140.955139,2004,d5b6c0cc-7700-4a35-a3d8-1ca4767780d9,coordinator_0,worker_3,NET_TRANSFER,0.000100,0.158000,Poll: Check Layer Cache
2965141.113139,2004,d5b6c0cc-7700-4a35-a3d8-1ca4767780d9,worker_3,coordinator_0,NET_TRANSFER,0.000100,0.158000,Poll: Cache Status Reply
2965141.271139,2004,d5b6c0cc-7700-4a35-a3d8-1ca4767780d9,coordinator_0,worker_4,NET_TRANSFER,0.000100,0.158000,Poll: Check Layer Cache
2965141.429139,2004,d5b6c0cc-7700-4a35-a3d8-1ca4767780d9,worker_4,coordinator_0,NET_TRANSFER,0.000100,0.158000,Poll: Cache Status Reply
2965141.587139,2004,d5b6c0cc-7700-4a35-a3d8-1ca4767780d9,coordinator_0,worker_1,NET_TRANSFER,0.000100,0.158000,Poll: Check Layer Cache
2965141.745139,2004,d5b6c0cc-7700-4a35-a3d8-1ca4767780d9,worker_1,coordinator_0,NET_TRANSFER,0.000100,0.158000,Poll: Cache Status Reply
2965141.903139,2004,d5b6c0cc-7700-4a35-a3d8-1ca4767780d9,coordinator_0,worker_3,NET_TRANSFER,0.000100,0.158000,Poll: Check Layer Cache
2965142.061139,2004,d5b6c0cc-7700-4a35-a3d8-1ca4767780d9,worker_3,coordinator_0,NET_TRANSFER,0.000100,0.158000,Poll: Cache Status Reply
2965142.219139,2004,d5b6c0cc-7700-4a35-a3d8-1ca4767780d9,coordinator_0,worker_1,NET_TRANSFER,0.000100,0.158000,Poll: Check Layer Cache
2965142.377139,2004,d5b6c0cc-7700-4a35-a3d8-1ca4767780d9,worker_1,coordinator_0,NET_TRANSFER,0.000100,0.158000,Poll: Cache Status Reply
2965142.535139,2004,d5b6c0cc-7700-4a35-a3d8-1ca4767780d9,coordinator_0,worker_4,NET_TRANSFER,0.000100,0.158000,Poll: Check Layer Cache
2965142.693139,2004,d5b6c0cc-7700-4a35-a3d8-1ca4767780d9,worker_4,coordinator_0,NET_TRANSFER,0.000100,0.158000,Poll: Cache Status Reply
2965142.851139,2004,d5b6c0cc-7700-4a35-a3d8-1ca4767780d9,coordinator_0,worker_1,NET_TRANSFER,0.000100,0.158000,Poll: Check Layer Cache
2965143.009139,2004,d5b6c0cc-7700-4a35-a3d8-1ca4767780d9,worker_1,coordinator_0,NET_TRANSFER,0.000100,0.158000,Poll: Cache Status Reply
2965143.167139,2004,d5b6c0cc-7700-4a35-a3d8-1ca4767780d9,coordinator_0,worker_4,NET_TRANSFER,0.000100,0.158000,Poll: Check Layer Cache
2965143.325139,2004,d5b6c0cc-7700-4a35-a3d8-1ca4767780d9,worker_4,coordinator_0,NET_TRANSFER,0.000100,0.158000,Poll: Cache Status Reply
2965143.483139,2004,d5b6c0cc-7700-4a35-a3d8-1ca4767780d9,coordinator_0,worker_2,NET_TRANSFER,0.000100,0.158000,Poll: Check Layer Cache
2965143.641139,2004,d5b6c0cc-7700-4a35-a3d8-1ca4767780d9,worker_2,coordinator_0,NET_TRANSFER,0.000100,0.158000,Poll: Cache Status Reply
2965143.799139,2004,d5b6c0cc-7700-4a35-a3d8-1ca4767780d9,coordinator_0,worker_3,NET_TRANSFER,0.000100,0.158000,Poll: Check Layer Cache
2965143.957139,2004,d5b6c0cc-7700-4a35-a3d8-1ca4767780d9,worker_3,coordinator_0,NET_TRANSFER,0.000100,0.158000,Poll: Cache Status Reply
2965144.115139,2004,d5b6c0cc-7700-4a35-a3d8-1ca4767780d9,coordinator_0,worker_3,NET_TRANSFER,0.000100,0.158000,Poll: Check Layer Cache
2965144.273139,2004,d5b6c0cc-7700-4a35-a3d8-1ca4767780d9,worker_3,coordinator_0,NET_TRANSFER,0.000100,0.158000,Poll: Cache Status Reply
2965144.431139,2004,d5b6c0cc-7700-4a35-a3d8-1ca4767780d9,coordinator_0,worker_4,NET_TRANSFER,0.000100,0.158000,Poll: Check Layer Cache
2965144.589139,2004,d5b6c0cc-7700-4a35-a3d8-1ca4767780d9,worker_4,coordinator_0,NET_TRANSFER,0.000100,0.158000,Poll: Cache Status Reply
2965144.747139,2004,d5b6c0cc-7700-4a35-a3d8-1ca4767780d9,coordinator_0,worker_2,NET_TRANSFER,0.000100,0.158000,Poll: Check Layer Cache
2965144.905139,2004,d5b6c0cc-7700-4a35-a3d8-1ca4767780d9,worker_2,coordinator_0,NET_TRANSFER,0.000100,0.158000,Poll: Cache Status Reply
2965145.063139,2004,d5b6c0cc-7700-4a35-a3d8-1ca4767780d9,coordinator_0,worker_3,NET_TRANSFER,0.000100,0.158000,Poll: Check Layer Cache
2965145.221139,2004,d5b6c0cc-7700-4a35-a3d8-1ca4767780d9,worker_3,coordinator_0,NET_TRANSFER,0.000100,0.158000,Poll: Cache Status Reply
2965145.379139,2004,d5b6c0cc-7700-4a35-a3d8-1ca4767780d9,coordinator_0,worker_1,NET_TRANSFER,0.000100,0.158000,Poll: Check Layer Cache
2965145.537139,2004,d5b6c0cc-7700-4a35-a3d8-1ca4767780d9,worker_1,coordinator_0,NET_TRANSFER,0.000100,0.158000,Poll: Cache Status Reply
2965145.695139,2004,d5b6c0cc-7700-4a35-a3d8-1ca4767780d9,coordinator_0,worker_1,NET_TRANSFER,0.000100,0.158000,Poll: Check Layer Cache
2965145.853139,2004,d5b6c0cc-7700-4a35-a3d8-1ca4767780d9,worker_1,coordinator_0,NET_TRANSFER,0.000100,0.158000,Poll: Cache Status Reply
2965146.011139,2004,d5b6c0cc-7700-4a35-a3d8-1ca4767780d9,coordinator_0,worker_4,NET_TRANSFER,0.000100,0.158000,Poll: Check Layer Cache
2965146.169139,2004,d5b6c0cc-7700-4a35-a3d8-1ca4767780d9,worker_4,coordinator_0,NET_TRANSFER,0.000100,0.158000,Poll: Cache Status Reply
2965146.327139,2004,d5b6c0cc-7700-4a35-a3d8-1ca4767780d9,coordinator_0,worker_2,NET_TRANSFER,0.000100,0.158000,Poll: Check Layer Cache
2965146.485139,2004,d5b6c0cc-7700-4a35-a3d8-1ca4767780d9,worker_2,coordinator_0,NET_TRANSFER,0.000100,0.158000,Poll: Cache Status Reply
2965146.643139,2004,d5b6c0cc-7700-4a35-a3d8-1ca4767780d9,coordinator_0,worker_4,NET_TRANSFER,0.000100,0.158000,Poll: Check Layer Cache
2965146.801139,2004,d5b6c0cc-7700-4a35-a3d8-1ca4767780d9,worker_4,coordinator_0,NET_TRANSFER,0.000100,0.158000,Poll: Cache Status Reply
2965146.959139,2004,d5b6c0cc-7700-4a35-a3d8-1ca4767780d9,coordinator_0,worker_2,NET_TRANSFER,0.000100,0.158000,Poll: Check Layer Cache
2965147.117139,2004,d5b6c0cc-7700-4a35-a3d8-1ca4767780d9,worker_2,coordinator_0,NET_TRANSFER,0.000100,0.158000,Poll: Cache Status Reply
2965147.275139,2004,d5b6c0cc-7700-4a35-a3d8-1ca4767780d9,coordinator_0,worker_3,NET_TRANSFER,0.000100,0.158000,Poll: Check Layer Cache
2965147.433139,2004,d5b6c0cc-7700-4a35-a3d8-1ca4767780d9,worker_3,coordinator_0,NET_TRANSFER,0.000100,0.158000,Poll: Cache Status Reply
2965147.591139,2004,d5b6c0cc-7700-4a35-a3d8-1ca4767780d9,coordinator_0,worker_3,NET_TRANSFER,0.000100,0.158000,Poll: Check Layer Cache
2965147.749139,2004,d5b6c0cc-7700-4a35-a3d8-1ca4767780d9,worker_3,coordinator_0,NET_TRANSFER,0.000100,0.158000,Poll: Cache Status Reply
2965147.907139,2004,d5b6c0cc-7700-4a35-a3d8-1ca4767780d9,coordinator_0,worker_1,NET_TRANSFER,0.000100,0.158000,Poll: Check Layer Cache
2965148.065139,2004,d5b6c0cc-7700-4a35-a3d8-1ca4767780d9,worker_1,coordinator_0,NET_TRANSFER,0.000100,0.158000,Poll: Cache Status Reply
2965148.223139,2004,d5b6c0cc-7700-4a35-a3d8-1ca4767780d9,coordinator_0,worker_1,NET_TRANSFER,0.000100,0.158000,Poll: Check Layer Cache
2965148.381139,2004,d5b6c0cc-7700-4a35-a3d8-1ca4767780d9,worker_1,coordinator_0,NET_TRANSFER,0.000100,0.158000,Poll: Cache Status Reply
2965148.539139,2004,d5b6c0cc-7700-4a35-a3d8-1ca4767780d9,coordinator_0,worker_2,NET_TRANSFER,0.000100,0.158000,Poll: Check Layer Cache
2965148.697139,2004,d5b6c0cc-7700-4a35-a3d8-1ca4767780d9,worker_2,coordinator_0,NET_TRANSFER,0.000100,0.158000,Poll: Cache Status Reply
2965148.855139,2004,d5b6c0cc-7700-4a35-a3d8-1ca4767780d9,coordinator_0,worker_2,NET_TRANSFER,0.000100,0.158000,Poll: Check Layer Cache
2965149.013139,2004,d5b6c0cc-7700-4a35-a3d8-1ca4767780d9,worker_2,coordinator_0,NET_TRANSFER,0.000100,0.158000,Poll: Cache Status Reply
2965149.171139,2004,d5b6c0cc-7700-4a35-a3d8-1ca4767780d9,coordinator_0,worker_4,NET_TRANSFER,0.000100,0.158000,Poll: Check Layer Cache
2965149.329139,2004,d5b6c0cc-7700-4a35-a3d8-1ca4767780d9,worker_4,coordinator_0,NET_TRANSFER,0.000100,0.158000,Poll: Cache Status Reply
2965149.487139,2004,d5b6c0cc-7700-4a35-a3d8-1ca4767780d9,coordinator_0,worker_4,NET_TRANSFER,0.000100,0.158000,Poll: Check Layer Cache
2965149.645139,2004,d5b6c0cc-7700-4a35-a3d8-1ca4767780d9,worker_4,coordinator_0,NET_TRANSFER,0.000100,0.158000,Poll: Cache Status Reply
2965149.803139,2004,d5b6c0cc-7700-4a35-a3d8-1ca4767780d9,coordinator_0,worker_2,NET_TRANSFER,0.000100,0.158000,Poll: Check Layer Cache
2965149.961139,2004,d5b6c0cc-7700-4a35-a3d8-1ca4767780d9,worker_2,coordinator_0,NET_TRANSFER,0.000100,0.158000,Poll: Cache Status Reply
2965150.119139,2004,d5b6c0cc-7700-4a35-a3d8-1ca4767780d9,coordinator_0,worker_2,NET_TRANSFER,0.000100,0.158000,Poll: Check Layer Cache
2965150.277139,2004,d5b6c0cc-7700-4a35-a3d8-1ca4767780d9,worker_2,coordinator_0,NET_TRANSFER,0.000100,0.158000,Poll: Cache Status Reply
2965150.435139,2004,d5b6c0cc-7700-4a35-a3d8-1ca4767780d9,coordinator_0,worker_1,NET_TRANSFER,0.000100,0.158000,Poll: Check Layer Cache
2965150.593139,2004,d5b6c0cc-7700-4a35-a3d8-1ca4767780d9,worker_1,coordinator_0,NET_TRANSFER,0.000100,0.158000,Poll: Cache Status Reply
2965150.751139,2004,d5b6c0cc-7700-4a35-a3d8-1ca4767780d9,coordinator_0,worker_4,NET_TRANSFER,0.000100,0.158000,Poll: Check Layer Cache
2965150.909139,2004,d5b6c0cc-7700-4a35-a3d8-1ca4767780d9,worker_4,coordinator_0,NET_TRANSFER,0.000100,0.158000,Poll: Cache Status Reply
2965151.067139,2004,d5b6c0cc-7700-4a35-a3d8-1ca4767780d9,coordinator_0,worker_4,NET_TRANSFER,0.000100,0.158000,Poll: Check Layer Cache
2965151.225139,2004,d5b6c0cc-7700-4a35-a3d8-1ca4767780d9,worker_4,coordinator_0,NET_TRANSFER,0.000100,0.158000,Poll: Cache Status Reply
2965151.383139,2004,d5b6c0cc-7700-4a35-a3d8-1ca4767780d9,coordinator_0,worker_3,NET_TRANSFER,0.000100,0.158000,Poll: Check Layer Cache
2965151.541139,2004,d5b6c0cc-7700-4a35-a3d8-1ca4767780d9,worker_3,coordinator_0,NET_TRANSFER,0.000100,0.158000,Poll: Cache Status Reply
2965151.699139,2004,d5b6c0cc-7700-4a35-a3d8-1ca4767780d9,coordinator_0,worker_2,NET_TRANSFER,0.000100,0.158000,Poll: Check Layer Cache
2965151.857139,2004,d5b6c0cc-7700-4a35-a3d8-1ca4767780d9,worker_2,coordinator_0,NET_TRANSFER,0.000100,0.158000,Poll: Cache Status Reply
2965152.015139,2004,d5b6c0cc-7700-4a35-a3d8-1ca4767780d9,coordinator_0,worker_4,NET_TRANSFER,0.000100,0.158000,Poll: Check Layer Cache
2965152.173139,2004,d5b6c0cc-7700-4a35-a3d8-1ca4767780d9,worker_4,coordinator_0,NET_TRANSFER,0.000100,0.158000,Poll: Cache Status Reply
2965152.331139,2004,d5b6c0cc-7700-4a35-a3d8-1ca4767780d9,coordinator_0,worker_3,NET_TRANSFER,0.000100,0.158000,Poll: Check Layer Cache
2965152.489139,2004,d5b6c0cc-7700-4a35-a3d8-1ca4767780d9,worker_3,coordinator_0,NET_TRANSFER,0.000100,0.158000,Poll: Cache Status Reply
2965152.647139,2004,d5b6c0cc-7700-4a35-a3d8-1ca4767780d9,coordinator_0,worker_3,NET_TRANSFER,0.000100,0.158000,Poll: Check Layer Cache
2965152.805139,2004,d5b6c0cc-7700-4a35-a3d8-1ca4767780d9,worker_3,coordinator_0,NET_TRANSFER,0.000100,0.158000,Poll: Cache Status Reply
2965152.963139,2004,d5b6c0cc-7700-4a35-a3d8-1ca4767780d9,coordinator_0,worker_3,NET_TRANSFER,0.000100,0.158000,Poll: Check Layer Cache
2965153.121139,2004,d5b6c0cc-7700-4a35-a3d8-1ca4767780d9,worker_3,coordinator_0,NET_TRANSFER,0.000100,0.158000,Poll: Cache Status Reply
2965153.279139,2004,d5b6c0cc-7700-4a35-a3d8-1ca4767780d9,coordinator_0,worker_1,NET_TRANSFER,0.000100,0.158000,Poll: Check Layer Cache
2965153.437139,2004,d5b6c0cc-7700-4a35-a3d8-1ca4767780d9,worker_1,coordinator_0,NET_TRANSFER,0.000100,0.158000,Poll: Cache Status Reply
2965153.595139,2004,d5b6c0cc-7700-4a35-a3d8-1ca4767780d9,coordinator_0,worker_2,NET_TRANSFER,0.000100,0.158000,Poll: Check Layer Cache
2965153.753139,2004,d5b6c0cc-7700-4a35-a3d8-1ca4767780d9,worker_2,coordinator_0,NET_TRANSFER,0.000100,0.158000,Poll: Cache Status Reply
2965153.911139,2004,d5b6c0cc-7700-4a35-a3d8-1ca4767780d9,coordinator_0,worker_3,NET_TRANSFER,0.000100,0.158000,Poll: Check Layer Cache
2965154.069139,2004,d5b6c0cc-7700-4a35-a3d8-1ca4767780d9,worker_3,coordinator_0,NET_TRANSFER,0.000100,0.158000,Poll: Cache Status Reply
2965154.227139,2004,d5b6c0cc-7700-4a35-a3d8-1ca4767780d9,coordinator_0,worker_4,NET_TRANSFER,0.000100,0.158000,Poll: Check Layer Cache
2965154.385139,2004,d5b6c0cc-7700-4a35-a3d8-1ca4767780d9,worker_4,coordinator_0,NET_TRANSFER,0.000100,0.158000,Poll: Cache Status Reply
2965154.543139,2004,d5b6c0cc-7700-4a35-a3d8-1ca4767780d9,coordinator_0,worker_1,NET_TRANSFER,0.000100,0.158000,Poll: Check Layer Cache
2965154.701139,2004,d5b6c0cc-7700-4a35-a3d8-1ca4767780d9,worker_1,coordinator_0,NET_TRANSFER,0.000100,0.158000,Poll: Cache Status Reply
2965154.859139,2004,d5b6c0cc-7700-4a35-a3d8-1ca4767780d9,coordinator_0,worker_2,NET_TRANSFER,0.000100,0.158000,Poll: Check Layer Cache
2965155.017139,2004,d5b6c0cc-7700-4a35-a3d8-1ca4767780d9,worker_2,coordinator_0,NET_TRANSFER,0.000100,0.158000,Poll: Cache Status Reply
2965155.175139,2004,d5b6c0cc-7700-4a35-a3d8-1ca4767780d9,coordinator_0,worker_2,NET_TRANSFER,0.000100,0.158000,Poll: Check Layer Cache
2965155.333139,2004,d5b6c0cc-7700-4a35-a3d8-1ca4767780d9,worker_2,coordinator_0,NET_TRANSFER,0.000100,0.158000,Poll: Cache Status Reply
2965155.491139,1005,b378f61c-a691-49d8-9683-2c451172ffd9,coordinator_0,worker_4,NET_TRANSFER,0.000100,0.158000,Poll: Check Layer Cache
2965155.649139,1005,b378f61c-a691-49d8-9683-2c451172ffd9,worker_4,coordinator_0,NET_TRANSFER,0.000100,0.158000,Poll: Cache Status Reply
2965155.807139,1005,b378f61c-a691-49d8-9683-2c451172ffd9,coordinator_0,worker_4,NET_TRANSFER,0.000100,0.158000,Poll: Check Layer Cache
2965155.965139,1005,b378f61c-a691-49d8-9683-2c451172ffd9,worker_4,coordinator_0,NET_TRANSFER,0.000100,0.158000,Poll: Cache Status Reply
2965156.123139,1005,b378f61c-a691-49d8-9683-2c451172ffd9,coordinator_0,worker_1,NET_TRANSFER,0.000100,0.158000,Poll: Check Layer Cache
2965156.281139,1005,b378f61c-a691-49d8-9683-2c451172ffd9,worker_1,coordinator_0,NET_TRANSFER,0.000100,0.158000,Poll: Cache Status Reply
2965156.439139,1005,b378f61c-a691-49d8-9683-2c451172ffd9,coordinator_0,worker_1,NET_TRANSFER,0.000100,0.158000,Poll: Check Layer Cache
2965156.597139,1005,b378f61c-a691-49d8-9683-2c451172ffd9,worker_1,coordinator_0,NET_TRANSFER,0.000100,0.158000,Poll: Cache Status Reply
2965156.755139,1005,b378f61c-a691-49d8-9683-2c451172ffd9,coordinator_0,worker_1,NET_TRANSFER,0.000100,0.158000,Poll: Check Layer Cache
2965156.913139,1005,b378f61c-a691-49d8-9683-2c451172ffd9,worker_1,coordinator_0,NET_TRANSFER,0.000100,0.158000,Poll: Cache Status Reply
2965157.071139,1005,b378f61c-a691-49d8-9683-2c451172ffd9,coordinator_0,worker_2,NET_TRANSFER,0.000100,0.158000,Poll: Check Layer Cache
2965157.229139,1005,b378f61c-a691-49d8-9683-2c451172ffd9,worker_2,coordinator_0,NET_TRANSFER,0.000100,0.158000,Poll: Cache Status Reply
2965157.387139,1005,b378f61c-a691-49d8-9683-2c451172ffd9,coordinator_0,worker_2,NET_TRANSFER,0.000100,0.158000,Poll: Check Layer Cache
2965157.545139,1005,b378f61c-a691-49d8-9683-2c451172ffd9,worker_2,coordinator_0,NET_TRANSFER,0.000100,0.158000,Poll: Cache Status Reply
2965157.703139,1005,b378f61c-a691-49d8-9683-2c451172ffd9,coordinator_0,worker_2,NET_TRANSFER,0.000100,0.158000,Poll: Check Layer Cache
2965157.861139,1005,b378f61c-a691-49d8-9683-2c451172ffd9,worker_2,coordinator_0,NET_TRANSFER,0.000100,0.158000,Poll: Cache Status Reply
2965158.019139,1005,b378f61c-a691-49d8-9683-2c451172ffd9,coordinator_0,worker_4,NET_TRANSFER,0.000100,0.158000,Poll: Check Layer Cache
2965158.177139,1005,b378f61c-a691-49d8-9683-2c451172ffd9,worker_4,coordinator_0,NET_TRANSFER,0.000100,0.158000,Poll: Cache Status Reply
2965158.335139,1005,b378f61c-a691-49d8-9683-2c451172ffd9,coordinator_0,worker_1,NET_TRANSFER,0.000100,0.158000,Poll: Check Layer Cache
2965158.493139,1005,b378f61c-a691-49d8-9683-2c451172ffd9,worker_1,coordinator_0,NET_TRANSFER,0.000100,0.158000,Poll: Cache Status Reply
2965158.651139,1005,b378f61c-a691-49d8-9683-2c451172ffd9,coordinator_0,worker_3,NET_TRANSFER,0.000100,0.158000,Poll: Check Layer Cache
2965158.809139,1005,b378f61c-a691-49d8-9683-2c451172ffd9,worker_3,coordinator_0,NET_TRANSFER,0.000100,0.158000,Poll: Cache Status Reply
2965158.967139,1005,b378f61c-a691-49d8-9683-2c451172ffd9,coordinator_0,worker_1,NET_TRANSFER,0.000100,0.158000,Poll: Check Layer Cache
2965159.125139,1005,b378f61c-a691-49d8-9683-2c451172ffd9,worker_1,coordinator_0,NET_TRANSFER,0.000100,0.158000,Poll: Cache Status Reply
2965159.283139,1005,b378f61c-a691-49d8-9683-2c451172ffd9,coordinator_0,worker_2,NET_TRANSFER,0.000100,0.158000,Poll: Check Layer Cache
2965159.441139,1005,b378f61c-a691-49d8-9683-2c451172ffd9,worker_2,coordinator_0,NET_TRANSFER,0.000100,0.158000,Poll: Cache Status Reply
2965159.599139,1005,b378f61c-a691-49d8-9683-2c451172ffd9,coordinator_0,worker_4,NET_TRANSFER,0.000100,0.158000,Poll: Check Layer Cache
2965159.757139,1005,b378f61c-a691-49d8-9683-2c451172ffd9,worker_4,coordinator_0,NET_TRANSFER,0.000100,0.158000,Poll: Cache Status Reply
2965159.915139,1005,b378f61c-a691-49d8-9683-2c451172ffd9,coordinator_0,worker_4,NET_TRANSFER,0.000100,0.158000,Poll: Check Layer Cache
2965160.073139,1005,b378f61c-a691-49d8-9683-2c451172ffd9,worker_4,coordinator_0,NET_TRANSFER,0.000100,0.158000,Poll: Cache Status Reply
2965160.231139,1005,b378f61c-a691-49d8-9683-2c451172ffd9,coordinator_0,worker_3,NET_TRANSFER,0.000100,0.158000,Poll: Check Layer Cache
2965160.389139,1005,b378f61c-a691-49d8-9683-2c451172ffd9,worker_3,coordinator_0,NET_TRANSFER,0.000100,0.158000,Poll: Cache Status Reply
2965160.547139,1005,b378f61c-a691-49d8-9683-2c451172ffd9,coordinator_0,worker_1,NET_TRANSFER,0.000100,0.158000,Poll: Check Layer Cache
2965160.705139,1005,b378f61c-a691-49d8-9683-2c451172ffd9,worker_1,coordinator_0,NET_TRANSFER,0.000100,0.158000,Poll: Cache Status Reply
2965160.863139,1005,b378f61c-a691-49d8-9683-2c451172ffd9,coordinator_0,worker_4,NET_TRANSFER,0.000100,0.158000,Poll: Check Layer Cache
2965161.021139,1005,b378f61c-a691-49d8-9683-2c451172ffd9,worker_4,coordinator_0,NET_TRANSFER,0.000100,0.158000,Poll: Cache Status Reply
2965161.179139,1005,b378f61c-a691-49d8-9683-2c451172ffd9,coordinator_0,worker_4,NET_TRANSFER,0.000100,0.158000,Poll: Check Layer Cache
2965161.337139,1005,b378f61c-a691-49d8-9683-2c451172ffd9,worker_4,coordinator_0,NET_TRANSFER,0.000100,0.158000,Poll: Cache Status Reply
2965161.495139,1005,b378f61c-a691-49d8-9683-2c451172ffd9,coordinator_0,worker_2,NET_TRANSFER,0.000100,0.158000,Poll: Check Layer Cache
2965161.653139,1005,b378f61c-a691-49d8-9683-2c451172ffd9,worker_2,coordinator_0,NET_TRANSFER,0.000100,0.158000,Poll: Cache Status Reply
2965161.811139,1005,b378f61c-a691-49d8-9683-2c451172ffd9,coordinator_0,worker_3,NET_TRANSFER,0.000100,0.158000,Poll: Check Layer Cache
2965161.969139,1005,b378f61c-a691-49d8-9683-2c451172ffd9,worker_3,coordinator_0,NET_TRANSFER,0.000100,0.158000,Poll: Cache Status Reply
2965162.127139,1005,b378f61c-a691-49d8-9683-2c451172ffd9,coordinator_0,worker_4,NET_TRANSFER,0.000100,0.158000,Poll: Check Layer Cache
2965162.285139,1005,b378f61c-a691-49d8-9683-2c451172ffd9,worker_4,coordinator_0,NET_TRANSFER,0.000100,0.158000,Poll: Cache Status Reply
2965162.443139,1005,b378f61c-a691-49d8-9683-2c451172ffd9,coordinator_0,worker_1,NET_TRANSFER,0.000100,0.158000,Poll: Check Layer Cache
2965162.601139,1005,b378f61c-a691-49d8-9683-2c451172ffd9,worker_1,coordinator_0,NET_TRANSFER,0.000100,0.158000,Poll: Cache Status Reply
2965162.759139,1005,b378f61c-a691-49d8-9683-2c451172ffd9,coordinator_0,worker_3,NET_TRANSFER,0.000100,0.158000,Poll: Check Layer Cache
2965162.917139,1005,b378f61c-a691-49d8-9683-2c451172ffd9,worker_3,coordinator_0,NET_TRANSFER,0.000100,0.158000,Poll: Cache Status Reply
2965163.075139,1005,b378f61c-a691-49d8-9683-2c451172ffd9,coordinator_0,worker_3,NET_TRANSFER,0.000100,0.158000,Poll: Check Layer Cache
2965163.233139,1005,b378f61c-a691-49d8-9683-2c451172ffd9,worker_3,coordinator_0,NET_TRANSFER,0.000100,0.158000,Poll: Cache Status Reply
2965163.391139,1005,b378f61c-a691-49d8-9683-2c451172ffd9,coordinator_0,worker_3,NET_TRANSFER,0.000100,0.158000,Poll: Check Layer Cache
2965163.549139,1005,b378f61c-a691-49d8-9683-2c451172ffd9,worker_3,coordinator_0,NET_TRANSFER,0.000100,0.158000,Poll: Cache Status Reply
2965163.707139,1005,b378f61c-a691-49d8-9683-2c451172ffd9,coordinator_0,worker_3,NET_TRANSFER,0.000100,0.158000,Poll: Check Layer Cache
2965163.865139,1005,b378f61c-a691-49d8-9683-2c451172ffd9,worker_3,coordinator_0,NET_TRANSFER,0.000100,0.158000,Poll: Cache Status Reply
2965164.023139,1005,b378f61c-a691-49d8-9683-2c451172ffd9,coordinator_0,worker_2,NET_TRANSFER,0.000100,0.158000,Poll: Check Layer Cache
2965164.181139,1005,b378f61c-a691-49d8-9683-2c451172ffd9,worker_2,coordinator_0,NET_TRANSFER,0.000100,0.158000,Poll: Cache Status Reply
2965164.339139,1005,b378f61c-a691-49d8-9683-2c451172ffd9,coordinator_0,worker_2,NET_TRANSFER,0.000100,0.158000,Poll: Check Layer Cache
2965164.497139,1005,b378f61c-a691-49d8-9683-2c451172ffd9,worker_2,coordinator_0,NET_TRANSFER,0.000100,0.158000,Poll: Cache Status Reply
2965164.655139,1005,b378f61c-a691-49d8-9683-2c451172ffd9,coordinator_0,worker_2,NET_TRANSFER,0.000100,0.158000,Poll: Check Layer Cache
2965164.813139,1005,b378f61c-a691-49d8-9683-2c451172ffd9,worker_2,coordinator_0,NET_TRANSFER,0.000100,0.158000,Poll: Cache Status Reply
2965164.971139,1005,b378f61c-a691-49d8-9683-2c451172ffd9,coordinator_0,worker_2,NET_TRANSFER,0.000100,0.158000,Poll: Check Layer Cache
2965165.129139,1005,b378f61c-a691-49d8-9683-2c451172ffd9,worker_2,coordinator_0,NET_TRANSFER,0.000100,0.158000,Poll: Cache Status Reply
2965165.287139,1005,b378f61c-a691-49d8-9683-2c451172ffd9,coordinator_0,worker_3,NET_TRANSFER,0.000100,0.158000,Poll: Check Layer Cache
2965165.445139,1005,b378f61c-a691-49d8-9683-2c451172ffd9,worker_3,coordinator_0,NET_TRANSFER,0.000100,0.158000,Poll: Cache Status Reply
2965165.603139,1005,b378f61c-a691-49d8-9683-2c451172ffd9,coordinator_0,worker_2,NET_TRANSFER,0.000100,0.158000,Poll: Check Layer Cache
2965165.761139,1005,b378f61c-a691-49d8-9683-2c451172ffd9,worker_2,coordinator_0,NET_TRANSFER,0.000100,0.158000,Poll: Cache Status Reply
2965165.919139,1005,b378f61c-a691-49d8-9683-2c451172ffd9,coordinator_0,worker_3,NET_TRANSFER,0.000100,0.158000,Poll: Check Layer Cache
2965166.077139,1005,b378f61c-a691-49d8-9683-2c451172ffd9,worker_3,coordinator_0,NET_TRANSFER,0.000100,0.158000,Poll: Cache Status Reply
2965166.235139,1005,b378f61c-a691-49d8-9683-2c451172ffd9,coordinator_0,worker_4,NET_TRANSFER,0.000100,0.158000,Poll: Check Layer Cache
2965166.393139,1005,b378f61c-a691-49d8-9683-2c451172ffd9,worker_4,coordinator_0,NET_TRANSFER,0.000100,0.158000,Poll: Cache Status Reply
2965166.551139,1005,b378f61c-a691-49d8-9683-2c451172ffd9,coordinator_0,worker_1,NET_TRANSFER,0.000100,0.158000,Poll: Check Layer Cache
2965166.709139,1005,b378f61c-a691-49d8-9683-2c451172ffd9,worker_1,coordinator_0,NET_TRANSFER,0.000100,0.158000,Poll: Cache Status Reply
2965166.867139,1005,b378f61c-a691-49d8-9683-2c451172ffd9,coordinator_0,worker_3,NET_TRANSFER,0.000100,0.158000,Poll: Check Layer Cache
2965167.025139,1005,b378f61c-a691-49d8-9683-2c451172ffd9,worker_3,coordinator_0,NET_TRANSFER,0.000100,0.158000,Poll: Cache Status Reply
2965167.183139,1005,b378f61c-a691-49d8-9683-2c451172ffd9,coordinator_0,worker_1,NET_TRANSFER,0.000100,0.158000,Poll: Check Layer Cache
2965167.341139,1005,b378f61c-a691-49d8-9683-2c451172ffd9,worker_1,coordinator_0,NET_TRANSFER,0.000100,0.158000,Poll: Cache Status Reply
2965167.499139,1005,b378f61c-a691-49d8-9683-2c451172ffd9,coordinator_0,worker_4,NET_TRANSFER,0.000100,0.158000,Poll: Check Layer Cache
2965167.657139,1005,b378f61c-a691-49d8-9683-2c451172ffd9,worker_4,coordinator_0,NET_TRANSFER,0.000100,0.158000,Poll: Cache Status Reply
2965167.815139,1005,b378f61c-a691-49d8-9683-2c451172ffd9,coordinator_0,worker_2,NET_TRANSFER,0.000100,0.158000,Poll: Check Layer Cache
2965167.973139,1005,b378f61c-a691-49d8-9683-2c451172ffd9,worker_2,coordinator_0,NET_TRANSFER,0.000100,0.158000,Poll: Cache Status Reply
2965168.131139,1005,b378f61c-a691-49d8-9683-2c451172ffd9,coordinator_0,worker_2,NET_TRANSFER,0.000100,0.158000,Poll: Check Layer Cache
2965168.289139,1005,b378f61c-a691-49d8-9683-2c451172ffd9,worker_2,coordinator_0,NET_TRANSFER,0.000100,0.158000,Poll: Cache Status Reply
2965168.447139,1005,b378f61c-a691-49d8-9683-2c451172ffd9,coordinator_0,worker_1,NET_TRANSFER,0.000100,0.158000,Poll: Check Layer Cache
2965168.605139,1005,b378f61c-a691-49d8-9683-2c451172ffd9,worker_1,coordinator_0,NET_TRANSFER,0.000100,0.158000,Poll: Cache Status Reply
2965168.763139,1005,b378f61c-a691-49d8-9683-2c451172ffd9,coordinator_0,worker_4,NET_TRANSFER,0.000100,0.158000,Poll: Check Layer Cache
2965168.921139,1005,b378f61c-a691-49d8-9683-2c451172ffd9,worker_4,coordinator_0,NET_TRANSFER,0.000100,0.158000,Poll: Cache Status Reply
2965169.079139,1005,b378f61c-a691-49d8-9683-2c451172ffd9,coordinator_0,worker_3,NET_TRANSFER,0.000100,0.158000,Poll: Check Layer Cache
2965169.237139,1005,b378f61c-a691-49d8-9683-2c451172ffd9,worker_3,coordinator_0,NET_TRANSFER,0.000100,0.158000,Poll: Cache Status Reply
2965169.395139,1005,b378f61c-a691-49d8-9683-2c451172ffd9,coordinator_0,worker_4,NET_TRANSFER,0.000100,0.158000,Poll: Check Layer Cache
2965169.553139,1005,b378f61c-a691-49d8-9683-2c451172ffd9,worker_4,coordinator_0,NET_TRANSFER,0.000100,0.158000,Poll: Cache Status Reply
2965169.711139,1005,b378f61c-a691-49d8-9683-2c451172ffd9,coordinator_0,worker_2,NET_TRANSFER,0.000100,0.158000,Poll: Check Layer Cache
2965169.869139,1005,b378f61c-a691-49d8-9683-2c451172ffd9,worker_2,coordinator_0,NET_TRANSFER,0.000100,0.158000,Poll: Cache Status Reply
2965170.027139,1005,b378f61c-a691-49d8-9683-2c451172ffd9,coordinator_0,worker_4,NET_TRANSFER,0.000100,0.158000,Poll: Check Layer Cache
2965170.185139,1005,b378f61c-a691-49d8-9683-2c451172ffd9,worker_4,coordinator_0,NET_TRANSFER,0.000100,0.158000,Poll: Cache Status Reply
2965170.343139,1005,b378f61c-a691-49d8-9683-2c451172ffd9,coordinator_0,worker_1,NET_TRANSFER,0.000100,0.158000,Poll: Check Layer Cache
2965170.501139,1005,b378f61c-a691-49d8-9683-2c451172ffd9,worker_1,coordinator_0,NET_TRANSFER,0.000100,0.158000,Poll: Cache Status Reply
2965170.659139,1005,b378f61c-a691-49d8-9683-2c451172ffd9,coordinator_0,worker_4,NET_TRANSFER,0.000100,0.158000,Poll: Check Layer Cache
2965170.817139,1005,b378f61c-a691-49d8-9683-2c451172ffd9,worker_4,coordinator_0,NET_TRANSFER,0.000100,0.158000,Poll: Cache Status Reply
2965170.975139,1005,b378f61c-a691-49d8-9683-2c451172ffd9,coordinator_0,worker_4,NET_TRANSFER,0.000100,0.158000,Poll: Check Layer Cache
2965171.133139,1005,b378f61c-a691-49d8-9683-2c451172ffd9,worker_4,coordinator_0,NET_TRANSFER,0.000100,0.158000,Poll: Cache Status Reply
2965171.291139,1005,b378f61c-a691-49d8-9683-2c451172ffd9,coordinator_0,worker_1,NET_TRANSFER,0.000100,0.158000,Poll: Check Layer Cache
2965171.449139,1005,b378f61c-a691-49d8-9683-2c451172ffd9,worker_1,coordinator_0,NET_TRANSFER,0.000100,0.158000,Poll: Cache Status Reply
2965171.607139,1005,b378f61c-a691-49d8-9683-2c451172ffd9,coordinator_0,worker_2,NET_TRANSFER,0.000100,0.158000,Poll: Check Layer Cache
2965171.765139,1005,b378f61c-a691-49d8-9683-2c451172ffd9,worker_2,coordinator_0,NET_TRANSFER,0.000100,0.158000,Poll: Cache Status Reply
2965171.923139,1005,b378f61c-a691-49d8-9683-2c451172ffd9,coordinator_0,worker_3,NET_TRANSFER,0.000100,0.158000,Poll: Check Layer Cache
2965172.081139,1005,b378f61c-a691-49d8-9683-2c451172ffd9,worker_3,coordinator_0,NET_TRANSFER,0.000100,0.158000,Poll: Cache Status Reply
2965172.239139,1005,b378f61c-a691-49d8-9683-2c451172ffd9,coordinator_0,worker_1,NET_TRANSFER,0.000100,0.158000,Poll: Check Layer Cache
2965172.397139,1005,b378f61c-a691-49d8-9683-2c451172ffd9,worker_1,coordinator_0,NET_TRANSFER,0.000100,0.158000,Poll: Cache Status Reply
2965172.555139,1005,b378f61c-a691-49d8-9683-2c451172ffd9,coordinator_0,worker_1,NET_TRANSFER,0.000100,0.158000,Poll: Check Layer Cache
2965172.713139,1005,b378f61c-a691-49d8-9683-2c451172ffd9,worker_1,coordinator_0,NET_TRANSFER,0.000100,0.158000,Poll: Cache Status Reply
2965172.871139,1005,b378f61c-a691-49d8-9683-2c451172ffd9,coordinator_0,worker_3,NET_TRANSFER,0.000100,0.158000,Poll: Check Layer Cache
2965173.029139,1005,b378f61c-a691-49d8-9683-2c451172ffd9,worker_3,coordinator_0,NET_TRANSFER,0.000100,0.158000,Poll: Cache Status Reply
2965173.187139,1005,b378f61c-a691-49d8-9683-2c451172ffd9,coordinator_0,worker_1,NET_TRANSFER,0.000100,0.158000,Poll: Check Layer Cache
2965173.345139,1005,b378f61c-a691-49d8-9683-2c451172ffd9,worker_1,coordinator_0,NET_TRANSFER,0.000100,0.158000,Poll: Cache Status Reply
2965173.503139,1005,b378f61c-a691-49d8-9683-2c451172ffd9,coordinator_0,worker_3,NET_TRANSFER,0.000100,0.158000,Poll: Check Layer Cache
2965173.661139,1005,b378f61c-a691-49d8-9683-2c451172ffd9,worker_3,coordinator_0,NET_TRANSFER,0.000100,0.158000,Poll: Cache Status Reply
3002984.092743,5005,12a9aae0-a809-4552-b0e2-bb181ad83153,client_5,coordinator_0,NET_TRANSFER,472.628520,37810.431604,Upload Model Weights
3002984.250743,7003,23c32e69-89c8-4a98-9507-a520351cbbe5,coordinator_0,worker_4,NET_TRANSFER,0.000100,0.158000,Poll: Check Layer Cache
3002984.408743,7003,23c32e69-89c8-4a98-9507-a520351cbbe5,worker_4,coordinator_0,NET_TRANSFER,0.000100,0.158000,Poll: Cache Status Reply
3002984.566743,7003,23c32e69-89c8-4a98-9507-a520351cbbe5,coordinator_0,worker_4,NET_TRANSFER,0.000100,0.158000,Poll: Check Layer Cache
3002984.724743,7003,23c32e69-89c8-4a98-9507-a520351cbbe5,worker_4,coordinator_0,NET_TRANSFER,0.000100,0.158000,Poll: Cache Status Reply
3002984.882743,7003,23c32e69-89c8-4a98-9507-a520351cbbe5,coordinator_0,worker_3,NET_TRANSFER,0.000100,0.158000,Poll: Check Layer Cache
3002985.040743,7003,23c32e69-89c8-4a98-9507-a520351cbbe5,worker_3,coordinator_0,NET_TRANSFER,0.000100,0.158000,Poll: Cache Status Reply
3002985.198743,7003,23c32e69-89c8-4a98-9507-a520351cbbe5,coordinator_0,worker_1,NET_TRANSFER,0.000100,0.158000,Poll: Check Layer Cache
3002985.356743,7003,23c32e69-89c8-4a98-9507-a520351cbbe5,worker_1,coordinator_0,NET_TRANSFER,0.000100,0.158000,Poll: Cache Status Reply
3002985.514743,7003,23c32e69-89c8-4a98-9507-a520351cbbe5,coordinator_0,worker_3,NET_TRANSFER,0.000100,0.158000,Poll: Check Layer Cache
3002985.672743,7003,23c32e69-89c8-4a98-9507-a520351cbbe5,worker_3,coordinator_0,NET_TRANSFER,0.000100,0.158000,Poll: Cache Status Reply
3002985.830743,7003,23c32e69-89c8-4a98-9507-a520351cbbe5,coordinator_0,worker_2,NET_TRANSFER,0.000100,0.158000,Poll: Check Layer Cache
3002985.988743,7003,23c32e69-89c8-4a98-9507-a520351cbbe5,worker_2,coordinator_0,NET_TRANSFER,0.000100,0.158000,Poll: Cache Status Reply
3002986.146743,7003,23c32e69-89c8-4a98-9507-a520351cbbe5,coordinator_0,worker_4,NET_TRANSFER,0.000100,0.158000,Poll: Check Layer Cache
3002986.304743,7003,23c32e69-89c8-4a98-9507-a520351cbbe5,worker_4,coordinator_0,NET_TRANSFER,0.000100,0.158000,Poll: Cache Status Reply
3002986.462743,7003,23c32e69-89c8-4a98-9507-a520351cbbe5,coordinator_0,worker_1,NET_TRANSFER,0.000100,0.158000,Poll: Check Layer Cache
3002986.620743,7003,23c32e69-89c8-4a98-9507-a520351cbbe5,worker_1,coordinator_0,NET_TRANSFER,0.000100,0.158000,Poll: Cache Status Reply
3002986.778743,7003,23c32e69-89c8-4a98-9507-a520351cbbe5,coordinator_0,worker_2,NET_TRANSFER,0.000100,0.158000,Poll: Check Layer Cache
3002986.936743,7003,23c32e69-89c8-4a98-9507-a520351cbbe5,worker_2,coordinator_0,NET_TRANSFER,0.000100,0.158000,Poll: Cache Status Reply
3002987.094743,7003,23c32e69-89c8-4a98-9507-a520351cbbe5,coordinator_0,worker_1,NET_TRANSFER,0.000100,0.158000,Poll: Check Layer Cache
3002987.252743,7003,23c32e69-89c8-4a98-9507-a520351cbbe5,worker_1,coordinator_0,NET_TRANSFER,0.000100,0.158000,Poll: Cache Status Reply
3002987.410743,7003,23c32e69-89c8-4a98-9507-a520351cbbe5,coordinator_0,worker_3,NET_TRANSFER,0.000100,0.158000,Poll: Check Layer Cache
3002987.568743,7003,23c32e69-89c8-4a98-9507-a520351cbbe5,worker_3,coordinator_0,NET_TRANSFER,0.000100,0.158000,Poll: Cache Status Reply
3002987.726743,7003,23c32e69-89c8-4a98-9507-a520351cbbe5,coordinator_0,worker_1,NET_TRANSFER,0.000100,0.158000,Poll: Check Layer Cache
3002987.884743,7003,23c32e69-89c8-4a98-9507-a520351cbbe5,worker_1,coordinator_0,NET_TRANSFER,0.000100,0.158000,Poll: Cache Status Reply
3002988.042743,7003,23c32e69-89c8-4a98-9507-a520351cbbe5,coordinator_0,worker_3,NET_TRANSFER,0.000100,0.158000,Poll: Check Layer Cache
3002988.200743,7003,23c32e69-89c8-4a98-9507-a520351cbbe5,worker_3,coordinator_0,NET_TRANSFER,0.000100,0.158000,Poll: Cache Status Reply
3002988.358743,7003,23c32e69-89c8-4a98-9507-a520351cbbe5,coordinator_0,worker_3,NET_TRANSFER,0.000100,0.158000,Poll: Check Layer Cache
3002988.516743,7003,23c32e69-89c8-4a98-9507-a520351cbbe5,worker_3,coordinator_0,NET_TRANSFER,0.000100,0.158000,Poll: Cache Status Reply
3002988.674743,7003,23c32e69-89c8-4a98-9507-a520351cbbe5,coordinator_0,worker_2,NET_TRANSFER,0.000100,0.158000,Poll: Check Layer Cache
3002988.832743,7003,23c32e69-89c8-4a98-9507-a520351cbbe5,worker_2,coordinator_0,NET_TRANSFER,0.000100,0.158000,Poll: Cache Status Reply
3002988.990743,7003,23c32e69-89c8-4a98-9507-a520351cbbe5,coordinator_0,worker_4,NET_TRANSFER,0.000100,0.158000,Poll: Check Layer Cache
3002989.148743,7003,23c32e69-89c8-4a98-9507-a520351cbbe5,worker_4,coordinator_0,NET_TRANSFER,0.000100,0.158000,Poll: Cache Status Reply
3002989.306743,7003,23c32e69-89c8-4a98-9507-a520351cbbe5,coordinator_0,worker_1,NET_TRANSFER,0.000100,0.158000,Poll: Check Layer Cache
3002989.464743,7003,23c32e69-89c8-4a98-9507-a520351cbbe5,worker_1,coordinator_0,NET_TRANSFER,0.000100,0.158000,Poll: Cache Status Reply
3002989.622743,7003,23c32e69-89c8-4a98-9507-a520351cbbe5,coordinator_0,worker_2,NET_TRANSFER,0.000100,0.158000,Poll: Check Layer Cache
3002989.780743,7003,23c32e69-89c8-4a98-9507-a520351cbbe5,worker_2,coordinator_0,NET_TRANSFER,0.000100,0.158000,Poll: Cache Status Reply
3002989.938743,7003,23c32e69-89c8-4a98-9507-a520351cbbe5,coordinator_0,worker_3,NET_TRANSFER,0.000100,0.158000,Poll: Check Layer Cache
3002990.096743,7003,23c32e69-89c8-4a98-9507-a520351cbbe5,worker_3,coordinator_0,NET_TRANSFER,0.000100,0.158000,Poll: Cache Status Reply
3002990.254743,7003,23c32e69-89c8-4a98-9507-a520351cbbe5,coordinator_0,worker_2,NET_TRANSFER,0.000100,0.158000,Poll: Check Layer Cache
3002990.412743,7003,23c32e69-89c8-4a98-9507-a520351cbbe5,worker_2,coordinator_0,NET_TRANSFER,0.000100,0.158000,Poll: Cache Status Reply
3002990.570743,7003,23c32e69-89c8-4a98-9507-a520351cbbe5,coordinator_0,worker_3,NET_TRANSFER,0.000100,0.158000,Poll: Check Layer Cache
3002990.728743,7003,23c32e69-89c8-4a98-9507-a520351cbbe5,worker_3,coordinator_0,NET_TRANSFER,0.000100,0.158000,Poll: Cache Status Reply
3002990.886743,7003,23c32e69-89c8-4a98-9507-a520351cbbe5,coordinator_0,worker_2,NET_TRANSFER,0.000100,0.158000,Poll: Check Layer Cache
3002991.044743,7003,23c32e69-89c8-4a98-9507-a520351cbbe5,worker_2,coordinator_0,NET_TRANSFER,0.000100,0.158000,Poll: Cache Status Reply
3002991.202743,7003,23c32e69-89c8-4a98-9507-a520351cbbe5,coordinator_0,worker_1,NET_TRANSFER,0.000100,0.158000,Poll: Check Layer Cache
3002991.360743,7003,23c32e69-89c8-4a98-9507-a520351cbbe5,worker_1,coordinator_0,NET_TRANSFER,0.000100,0.158000,Poll: Cache Status Reply
3002991.518743,7003,23c32e69-89c8-4a98-9507-a520351cbbe5,coordinator_0,worker_1,NET_TRANSFER,0.000100,0.158000,Poll: Check Layer Cache
3002991.676743,7003,23c32e69-89c8-4a98-9507-a520351cbbe5,worker_1,coordinator_0,NET_TRANSFER,0.000100,0.158000,Poll: Cache Status Reply
3002991.834743,7003,23c32e69-89c8-4a98-9507-a520351cbbe5,coordinator_0,worker_1,NET_TRANSFER,0.000100,0.158000,Poll: Check Layer Cache
3002991.992743,7003,23c32e69-89c8-4a98-9507-a520351cbbe5,worker_1,coordinator_0,NET_TRANSFER,0.000100,0.158000,Poll: Cache Status Reply
3002992.150743,7003,23c32e69-89c8-4a98-9507-a520351cbbe5,coordinator_0,worker_1,NET_TRANSFER,0.000100,0.158000,Poll: Check Layer Cache
3002992.308743,7003,23c32e69-89c8-4a98-9507-a520351cbbe5,worker_1,coordinator_0,NET_TRANSFER,0.000100,0.158000,Poll: Cache Status Reply
3002992.466743,7003,23c32e69-89c8-4a98-9507-a520351cbbe5,coordinator_0,worker_1,NET_TRANSFER,0.000100,0.158000,Poll: Check Layer Cache
3002992.624743,7003,23c32e69-89c8-4a98-9507-a520351cbbe5,worker_1,coordinator_0,NET_TRANSFER,0.000100,0.158000,Poll: Cache Status Reply
3002992.782743,7003,23c32e69-89c8-4a98-9507-a520351cbbe5,coordinator_0,worker_1,NET_TRANSFER,0.000100,0.158000,Poll: Check Layer Cache
3002992.940743,7003,23c32e69-89c8-4a98-9507-a520351cbbe5,worker_1,coordinator_0,NET_TRANSFER,0.000100,0.158000,Poll: Cache Status Reply
3002993.098743,7003,23c32e69-89c8-4a98-9507-a520351cbbe5,coordinator_0,worker_2,NET_TRANSFER,0.000100,0.158000,Poll: Check Layer Cache
3002993.256743,7003,23c32e69-89c8-4a98-9507-a520351cbbe5,worker_2,coordinator_0,NET_TRANSFER,0.000100,0.158000,Poll: Cache Status Reply
3002993.414743,7003,23c32e69-89c8-4a98-9507-a520351cbbe5,coordinator_0,worker_3,NET_TRANSFER,0.000100,0.158000,Poll: Check Layer Cache
3002993.572743,7003,23c32e69-89c8-4a98-9507-a520351cbbe5,worker_3,coordinator_0,NET_TRANSFER,0.000100,0.158000,Poll: Cache Status Reply
3002993.730743,7003,23c32e69-89c8-4a98-9507-a520351cbbe5,coordinator_0,worker_3,NET_TRANSFER,0.000100,0.158000,Poll: Check Layer Cache
3002993.888743,7003,23c32e69-89c8-4a98-9507-a520351cbbe5,worker_3,coordinator_0,NET_TRANSFER,0.000100,0.158000,Poll: Cache Status Reply
3002994.046743,7003,23c32e69-89c8-4a98-9507-a520351cbbe5,coordinator_0,worker_4,NET_TRANSFER,0.000100,0.158000,Poll: Check Layer Cache
3002994.204743,7003,23c32e69-89c8-4a98-9507-a520351cbbe5,worker_4,coordinator_0,NET_TRANSFER,0.000100,0.158000,Poll: Cache Status Reply
3002994.362743,7003,23c32e69-89c8-4a98-9507-a520351cbbe5,coordinator_0,worker_2,NET_TRANSFER,0.000100,0.158000,Poll: Check Layer Cache
3002994.520743,7003,23c32e69-89c8-4a98-9507-a520351cbbe5,worker_2,coordinator_0,NET_TRANSFER,0.000100,0.158000,Poll: Cache Status Reply
3002994.678743,7003,23c32e69-89c8-4a98-9507-a520351cbbe5,coordinator_0,worker_4,NET_TRANSFER,0.000100,0.158000,Poll: Check Layer Cache
3002994.836743,7003,23c32e69-89c8-4a98-9507-a520351cbbe5,worker_4,coordinator_0,NET_TRANSFER,0.000100,0.158000,Poll: Cache Status Reply
3002994.994743,7003,23c32e69-89c8-4a98-9507-a520351cbbe5,coordinator_0,worker_1,NET_TRANSFER,0.000100,0.158000,Poll: Check Layer Cache
3002995.152743,7003,23c32e69-89c8-4a98-9507-a520351cbbe5,worker_1,coordinator_0,NET_TRANSFER,0.000100,0.158000,Poll: Cache Status Reply
3002995.310743,7003,23c32e69-89c8-4a98-9507-a520351cbbe5,coordinator_0,worker_4,NET_TRANSFER,0.000100,0.158000,Poll: Check Layer Cache
3002995.468743,7003,23c32e69-89c8-4a98-9507-a520351cbbe5,worker_4,coordinator_0,NET_TRANSFER,0.000100,0.158000,Poll: Cache Status Reply
3002995.626743,7003,23c32e69-89c8-4a98-9507-a520351cbbe5,coordinator_0,worker_4,NET_TRANSFER,0.000100,0.158000,Poll: Check Layer Cache
3002995.784743,7003,23c32e69-89c8-4a98-9507-a520351cbbe5,worker_4,coordinator_0,NET_TRANSFER,0.000100,0.158000,Poll: Cache Status Reply
3002995.942743,7003,23c32e69-89c8-4a98-9507-a520351cbbe5,coordinator_0,worker_1,NET_TRANSFER,0.000100,0.158000,Poll: Check Layer Cache
3002996.100743,7003,23c32e69-89c8-4a98-9507-a520351cbbe5,worker_1,coordinator_0,NET_TRANSFER,0.000100,0.158000,Poll: Cache Status Reply
3002996.258743,7003,23c32e69-89c8-4a98-9507-a520351cbbe5,coordinator_0,worker_2,NET_TRANSFER,0.000100,0.158000,Poll: Check Layer Cache
3002996.416743,7003,23c32e69-89c8-4a98-9507-a520351cbbe5,worker_2,coordinator_0,NET_TRANSFER,0.000100,0.158000,Poll: Cache Status Reply
3002996.574743,7003,23c32e69-89c8-4a98-9507-a520351cbbe5,coordinator_0,worker_3,NET_TRANSFER,0.000100,0.158000,Poll: Check Layer Cache
3002996.732743,7003,23c32e69-89c8-4a98-9507-a520351cbbe5,worker_3,coordinator_0,NET_TRANSFER,0.000100,0.158000,Poll: Cache Status Reply
3002996.890743,7003,23c32e69-89c8-4a98-9507-a520351cbbe5,coordinator_0,worker_4,NET_TRANSFER,0.000100,0.158000,Poll: Check Layer Cache
3002997.048743,7003,23c32e69-89c8-4a98-9507-a520351cbbe5,worker_4,coordinator_0,NET_TRANSFER,0.000100,0.158000,Poll: Cache Status Reply
3002997.206743,7003,23c32e69-89c8-4a98-9507-a520351cbbe5,coordinator_0,worker_1,NET_TRANSFER,0.000100,0.158000,Poll: Check Layer Cache
3002997.364743,7003,23c32e69-89c8-4a98-9507-a520351cbbe5,worker_1,coordinator_0,NET_TRANSFER,0.000100,0.158000,Poll: Cache Status Reply
3002997.522743,7003,23c32e69-89c8-4a98-9507-a520351cbbe5,coordinator_0,worker_2,NET_TRANSFER,0.000100,0.158000,Poll: Check Layer Cache
3002997.680743,7003,23c32e69-89c8-4a98-9507-a520351cbbe5,worker_2,coordinator_0,NET_TRANSFER,0.000100,0.158000,Poll: Cache Status Reply
3002997.838743,7003,23c32e69-89c8-4a98-9507-a520351cbbe5,coordinator_0,worker_3,NET_TRANSFER,0.000100,0.158000,Poll: Check Layer Cache
3002997.996743,7003,23c32e69-89c8-4a98-9507-a520351cbbe5,worker_3,coordinator_0,NET_TRANSFER,0.000100,0.158000,Poll: Cache Status Reply
3002998.154743,7003,23c32e69-89c8-4a98-9507-a520351cbbe5,coordinator_0,worker_2,NET_TRANSFER,0.000100,0.158000,Poll: Check Layer Cache
3002998.312743,7003,23c32e69-89c8-4a98-9507-a520351cbbe5,worker_2,coordinator_0,NET_TRANSFER,0.000100,0.158000,Poll: Cache Status Reply
3002998.470743,7003,23c32e69-89c8-4a98-9507-a520351cbbe5,coordinator_0,worker_3,NET_TRANSFER,0.000100,0.158000,Poll: Check Layer Cache
3002998.628743,7003,23c32e69-89c8-4a98-9507-a520351cbbe5,worker_3,coordinator_0,NET_TRANSFER,0.000100,0.158000,Poll: Cache Status Reply
3002998.786743,7003,23c32e69-89c8-4a98-9507-a520351cbbe5,coordinator_0,worker_4,NET_TRANSFER,0.000100,0.158000,Poll: Check Layer Cache
3002998.944743,7003,23c32e69-89c8-4a98-9507-a520351cbbe5,worker_4,coordinator_0,NET_TRANSFER,0.000100,0.158000,Poll: Cache Status Reply
3002999.102743,7003,23c32e69-89c8-4a98-9507-a520351cbbe5,coordinator_0,worker_2,NET_TRANSFER,0.000100,0.158000,Poll: Check Layer Cache
3002999.260743,7003,23c32e69-89c8-4a98-9507-a520351cbbe5,worker_2,coordinator_0,NET_TRANSFER,0.000100,0.158000,Poll: Cache Status Reply
3002999.418743,7003,23c32e69-89c8-4a98-9507-a520351cbbe5,coordinator_0,worker_2,NET_TRANSFER,0.000100,0.158000,Poll: Check Layer Cache
3002999.576743,7003,23c32e69-89c8-4a98-9507-a520351cbbe5,worker_2,coordinator_0,NET_TRANSFER,0.000100,0.158000,Poll: Cache Status Reply
3002999.734743,7003,23c32e69-89c8-4a98-9507-a520351cbbe5,coordinator_0,worker_4,NET_TRANSFER,0.000100,0.158000,Poll: Check Layer Cache
3002999.892743,7003,23c32e69-89c8-4a98-9507-a520351cbbe5,worker_4,coordinator_0,NET_TRANSFER,0.000100,0.158000,Poll: Cache Status Reply
3003000.050743,7003,23c32e69-89c8-4a98-9507-a520351cbbe5,coordinator_0,worker_3,NET_TRANSFER,0.000100,0.158000,Poll: Check Layer Cache
3003000.208743,7003,23c32e69-89c8-4a98-9507-a520351cbbe5,worker_3,coordinator_0,NET_TRANSFER,0.000100,0.158000,Poll: Cache Status Reply
3003000.366743,7003,23c32e69-89c8-4a98-9507-a520351cbbe5,coordinator_0,worker_2,NET_TRANSFER,0.000100,0.158000,Poll: Check Layer Cache
3003000.524743,7003,23c32e69-89c8-4a98-9507-a520351cbbe5,worker_2,coordinator_0,NET_TRANSFER,0.000100,0.158000,Poll: Cache Status Reply
3003000.682743,7003,23c32e69-89c8-4a98-9507-a520351cbbe5,coordinator_0,worker_1,NET_TRANSFER,0.000100,0.158000,Poll: Check Layer Cache
3003000.840743,7003,23c32e69-89c8-4a98-9507-a520351cbbe5,worker_1,coordinator_0,NET_TRANSFER,0.000100,0.158000,Poll: Cache Status Reply
3003000.998743,7003,23c32e69-89c8-4a98-9507-a520351cbbe5,coordinator_0,worker_4,NET_TRANSFER,0.000100,0.158000,Poll: Check Layer Cache
3003001.156743,7003,23c32e69-89c8-4a98-9507-a520351cbbe5,worker_4,coordinator_0,NET_TRANSFER,0.000100,0.158000,Poll: Cache Status Reply
3003001.314743,7003,23c32e69-89c8-4a98-9507-a520351cbbe5,coordinator_0,worker_4,NET_TRANSFER,0.000100,0.158000,Poll: Check Layer Cache
3003001.472743,7003,23c32e69-89c8-4a98-9507-a520351cbbe5,worker_4,coordinator_0,NET_TRANSFER,0.000100,0.158000,Poll: Cache Status Reply
3003001.630743,7003,23c32e69-89c8-4a98-9507-a520351cbbe5,coordinator_0,worker_2,NET_TRANSFER,0.000100,0.158000,Poll: Check Layer Cache
3003001.788743,7003,23c32e69-89c8-4a98-9507-a520351cbbe5,worker_2,coordinator_0,NET_TRANSFER,0.000100,0.158000,Poll: Cache Status Reply
3003001.946743,7003,23c32e69-89c8-4a98-9507-a520351cbbe5,coordinator_0,worker_3,NET_TRANSFER,0.000100,0.158000,Poll: Check Layer Cache
3003002.104743,7003,23c32e69-89c8-4a98-9507-a520351cbbe5,worker_3,coordinator_0,NET_TRANSFER,0.000100,0.158000,Poll: Cache Status Reply
3003002.262743,7003,23c32e69-89c8-4a98-9507-a520351cbbe5,coordinator_0,worker_4,NET_TRANSFER,0.000100,0.158000,Poll: Check Layer Cache
3003002.420743,7003,23c32e69-89c8-4a98-9507-a520351cbbe5,worker_4,coordinator_0,NET_TRANSFER,0.000100,0.158000,Poll: Cache Status Reply
3003002.578743,7003,23c32e69-89c8-4a98-9507-a520351cbbe5,coordinator_0,worker_4,NET_TRANSFER,0.000100,0.158000,Poll: Check Layer Cache
3003002.736743,7003,23c32e69-89c8-4a98-9507-a520351cbbe5,worker_4,coordinator_0,NET_TRANSFER,0.000100,0.158000,Poll: Cache Status Reply
3003002.894743,9003,b378f61c-a691-49d8-9683-2c451172ffd9,coordinator_0,worker_3,NET_TRANSFER,0.000100,0.158000,Poll: Check Layer Cache
3003003.052743,9003,b378f61c-a691-49d8-9683-2c451172ffd9,worker_3,coordinator_0,NET_TRANSFER,0.000100,0.158000,Poll: Cache Status Reply
3003003.210743,9003,b378f61c-a691-49d8-9683-2c451172ffd9,coordinator_0,worker_4,NET_TRANSFER,0.000100,0.158000,Poll: Check Layer Cache
3003003.368743,9003,b378f61c-a691-49d8-9683-2c451172ffd9,worker_4,coordinator_0,NET_TRANSFER,0.000100,0.158000,Poll: Cache Status Reply
3003003.526743,9003,b378f61c-a691-49d8-9683-2c451172ffd9,coordinator_0,worker_1,NET_TRANSFER,0.000100,0.158000,Poll: Check Layer Cache
3003003.684743,9003,b378f61c-a691-49d8-9683-2c451172ffd9,worker_1,coordinator_0,NET_TRANSFER,0.000100,0.158000,Poll: Cache Status Reply
3003003.842743,9003,b378f61c-a691-49d8-9683-2c451172ffd9,coordinator_0,worker_3,NET_TRANSFER,0.000100,0.158000,Poll: Check Layer Cache
3003004.000743,9003,b378f61c-a691-49d8-9683-2c451172ffd9,worker_3,coordinator_0,NET_TRANSFER,0.000100,0.158000,Poll: Cache Status Reply
3003004.158743,9003,b378f61c-a691-49d8-9683-2c451172ffd9,coordinator_0,worker_3,NET_TRANSFER,0.000100,0.158000,Poll: Check Layer Cache
3003004.316743,9003,b378f61c-a691-49d8-9683-2c451172ffd9,worker_3,coordinator_0,NET_TRANSFER,0.000100,0.158000,Poll: Cache Status Reply
3003004.474743,9003,b378f61c-a691-49d8-9683-2c451172ffd9,coordinator_0,worker_3,NET_TRANSFER,0.000100,0.158000,Poll: Check Layer Cache
3003004.632743,9003,b378f61c-a691-49d8-9683-2c451172ffd9,worker_3,coordinator_0,NET_TRANSFER,0.000100,0.158000,Poll: Cache Status Reply
3003004.790743,9003,b378f61c-a691-49d8-9683-2c451172ffd9,coordinator_0,worker_3,NET_TRANSFER,0.000100,0.158000,Poll: Check Layer Cache
3003004.948743,9003,b378f61c-a691-49d8-9683-2c451172ffd9,worker_3,coordinator_0,NET_TRANSFER,0.000100,0.158000,Poll: Cache Status Reply
3003005.106743,9003,b378f61c-a691-49d8-9683-2c451172ffd9,coordinator_0,worker_2,NET_TRANSFER,0.000100,0.158000,Poll: Check Layer Cache
3003005.264743,9003,b378f61c-a691-49d8-9683-2c451172ffd9,worker_2,coordinator_0,NET_TRANSFER,0.000100,0.158000,Poll: Cache Status Reply
3003005.422743,9003,b378f61c-a691-49d8-9683-2c451172ffd9,coordinator_0,worker_2,NET_TRANSFER,0.000100,0.158000,Poll: Check Layer Cache
3003005.580743,9003,b378f61c-a691-49d8-9683-2c451172ffd9,worker_2,coordinator_0,NET_TRANSFER,0.000100,0.158000,Poll: Cache Status Reply
3003005.738743,9003,b378f61c-a691-49d8-9683-2c451172ffd9,coordinator_0,worker_2,NET_TRANSFER,0.000100,0.158000,Poll: Check Layer Cache
3003005.896743,9003,b378f61c-a691-49d8-9683-2c451172ffd9,worker_2,coordinator_0,NET_TRANSFER,0.000100,0.158000,Poll: Cache Status Reply
3003006.054743,9003,b378f61c-a691-49d8-9683-2c451172ffd9,coordinator_0,worker_2,NET_TRANSFER,0.000100,0.158000,Poll: Check Layer Cache
3003006.212743,9003,b378f61c-a691-49d8-9683-2c451172ffd9,worker_2,coordinator_0,NET_TRANSFER,0.000100,0.158000,Poll: Cache Status Reply
3003006.370743,9003,b378f61c-a691-49d8-9683-2c451172ffd9,coordinator_0,worker_3,NET_TRANSFER,0.000100,0.158000,Poll: Check Layer Cache
3003006.528743,9003,b378f61c-a691-49d8-9683-2c451172ffd9,worker_3,coordinator_0,NET_TRANSFER,0.000100,0.158000,Poll: Cache Status Reply
3003006.686743,9003,b378f61c-a691-49d8-9683-2c451172ffd9,coordinator_0,worker_2,NET_TRANSFER,0.000100,0.158000,Poll: Check Layer Cache
3003006.844743,9003,b378f61c-a691-49d8-9683-2c451172ffd9,worker_2,coordinator_0,NET_TRANSFER,0.000100,0.158000,Poll: Cache Status Reply
3003007.002743,9003,b378f61c-a691-49d8-9683-2c451172ffd9,coordinator_0,worker_3,NET_TRANSFER,0.000100,0.158000,Poll: Check Layer Cache
3003007.160743,9003,b378f61c-a691-49d8-9683-2c451172ffd9,worker_3,coordinator_0,NET_TRANSFER,0.000100,0.158000,Poll: Cache Status Reply
3003007.318743,9003,b378f61c-a691-49d8-9683-2c451172ffd9,coordinator_0,worker_4,NET_TRANSFER,0.000100,0.158000,Poll: Check Layer Cache
3003007.476743,9003,b378f61c-a691-49d8-9683-2c451172ffd9,worker_4,coordinator_0,NET_TRANSFER,0.000100,0.158000,Poll: Cache Status Reply
3003007.634743,9003,b378f61c-a691-49d8-9683-2c451172ffd9,coordinator_0,worker_1,NET_TRANSFER,0.000100,0.158000,Poll: Check Layer Cache
3003007.792743,9003,b378f61c-a691-49d8-9683-2c451172ffd9,worker_1,coordinator_0,NET_TRANSFER,0.000100,0.158000,Poll: Cache Status Reply
3003007.950743,9003,b378f61c-a691-49d8-9683-2c451172ffd9,coordinator_0,worker_3,NET_TRANSFER,0.000100,0.158000,Poll: Check Layer Cache
3003008.108743,9003,b378f61c-a691-49d8-9683-2c451172ffd9,worker_3,coordinator_0,NET_TRANSFER,0.000100,0.158000,Poll: Cache Status Reply
3003008.266743,9003,b378f61c-a691-49d8-9683-2c451172ffd9,coordinator_0,worker_1,NET_TRANSFER,0.000100,0.158000,Poll: Check Layer Cache
3003008.424743,9003,b378f61c-a691-49d8-9683-2c451172ffd9,worker_1,coordinator_0,NET_TRANSFER,0.000100,0.158000,Poll: Cache Status Reply
3003008.582743,9003,b378f61c-a691-49d8-9683-2c451172ffd9,coordinator_0,worker_4,NET_TRANSFER,0.000100,0.158000,Poll: Check Layer Cache
3003008.740743,9003,b378f61c-a691-49d8-9683-2c451172ffd9,worker_4,coordinator_0,NET_TRANSFER,0.000100,0.158000,Poll: Cache Status Reply
3003008.898743,9003,b378f61c-a691-49d8-9683-2c451172ffd9,coordinator_0,worker_2,NET_TRANSFER,0.000100,0.158000,Poll: Check Layer Cache
3003009.056743,9003,b378f61c-a691-49d8-9683-2c451172ffd9,worker_2,coordinator_0,NET_TRANSFER,0.000100,0.158000,Poll: Cache Status Reply
3003009.214743,9003,b378f61c-a691-49d8-9683-2c451172ffd9,coordinator_0,worker_2,NET_TRANSFER,0.000100,0.158000,Poll: Check Layer Cache
3003009.372743,9003,b378f61c-a691-49d8-9683-2c451172ffd9,worker_2,coordinator_0,NET_TRANSFER,0.000100,0.158000,Poll: Cache Status Reply
3003009.530743,9003,b378f61c-a691-49d8-9683-2c451172ffd9,coordinator_0,worker_1,NET_TRANSFER,0.000100,0.158000,Poll: Check Layer Cache
3003009.688743,9003,b378f61c-a691-49d8-9683-2c451172ffd9,worker_1,coordinator_0,NET_TRANSFER,0.000100,0.158000,Poll: Cache Status Reply
3003009.846743,9003,b378f61c-a691-49d8-9683-2c451172ffd9,coordinator_0,worker_4,NET_TRANSFER,0.000100,0.158000,Poll: Check Layer Cache
3003010.004743,9003,b378f61c-a691-49d8-9683-2c451172ffd9,worker_4,coordinator_0,NET_TRANSFER,0.000100,0.158000,Poll: Cache Status Reply
3003010.162743,9003,b378f61c-a691-49d8-9683-2c451172ffd9,coordinator_0,worker_3,NET_TRANSFER,0.000100,0.158000,Poll: Check Layer Cache
3003010.320743,9003,b378f61c-a691-49d8-9683-2c451172ffd9,worker_3,coordinator_0,NET_TRANSFER,0.000100,0.158000,Poll: Cache Status Reply
3003010.478743,9003,b378f61c-a691-49d8-9683-2c451172ffd9,coordinator_0,worker_4,NET_TRANSFER,0.000100,0.158000,Poll: Check Layer Cache
3003010.636743,9003,b378f61c-a691-49d8-9683-2c451172ffd9,worker_4,coordinator_0,NET_TRANSFER,0.000100,0.158000,Poll: Cache Status Reply
3003010.794743,9003,b378f61c-a691-49d8-9683-2c451172ffd9,coordinator_0,worker_2,NET_TRANSFER,0.000100,0.158000,Poll: Check Layer Cache
3003010.952743,9003,b378f61c-a691-49d8-9683-2c451172ffd9,worker_2,coordinator_0,NET_TRANSFER,0.000100,0.158000,Poll: Cache Status Reply
3003011.110743,9003,b378f61c-a691-49d8-9683-2c451172ffd9,coordinator_0,worker_4,NET_TRANSFER,0.000100,0.158000,Poll: Check Layer Cache
3003011.268743,9003,b378f61c-a691-49d8-9683-2c451172ffd9,worker_4,coordinator_0,NET_TRANSFER,0.000100,0.158000,Poll: Cache Status Reply
3003011.426743,9003,b378f61c-a691-49d8-9683-2c451172ffd9,coordinator_0,worker_1,NET_TRANSFER,0.000100,0.158000,Poll: Check Layer Cache
3003011.584743,9003,b378f61c-a691-49d8-9683-2c451172ffd9,worker_1,coordinator_0,NET_TRANSFER,0.000100,0.158000,Poll: Cache Status Reply
3003011.742743,9003,b378f61c-a691-49d8-9683-2c451172ffd9,coordinator_0,worker_4,NET_TRANSFER,0.000100,0.158000,Poll: Check Layer Cache
3003011.900743,9003,b378f61c-a691-49d8-9683-2c451172ffd9,worker_4,coordinator_0,NET_TRANSFER,0.000100,0.158000,Poll: Cache Status Reply
3003012.058743,9003,b378f61c-a691-49d8-9683-2c451172ffd9,coordinator_0,worker_4,NET_TRANSFER,0.000100,0.158000,Poll: Check Layer Cache
3003012.216743,9003,b378f61c-a691-49d8-9683-2c451172ffd9,worker_4,coordinator_0,NET_TRANSFER,0.000100,0.158000,Poll: Cache Status Reply
3003012.374743,9003,b378f61c-a691-49d8-9683-2c451172ffd9,coordinator_0,worker_1,NET_TRANSFER,0.000100,0.158000,Poll: Check Layer Cache
3003012.532743,9003,b378f61c-a691-49d8-9683-2c451172ffd9,worker_1,coordinator_0,NET_TRANSFER,0.000100,0.158000,Poll: Cache Status Reply
3003012.690743,9003,b378f61c-a691-49d8-9683-2c451172ffd9,coordinator_0,worker_2,NET_TRANSFER,0.000100,0.158000,Poll: Check Layer Cache
3003012.848743,9003,b378f61c-a691-49d8-9683-2c451172ffd9,worker_2,coordinator_0,NET_TRANSFER,0.000100,0.158000,Poll: Cache Status Reply
3003013.006743,9003,b378f61c-a691-49d8-9683-2c451172ffd9,coordinator_0,worker_3,NET_TRANSFER,0.000100,0.158000,Poll: Check Layer Cache
3003013.164743,9003,b378f61c-a691-49d8-9683-2c451172ffd9,worker_3,coordinator_0,NET_TRANSFER,0.000100,0.158000,Poll: Cache Status Reply
3003013.322743,9003,b378f61c-a691-49d8-9683-2c451172ffd9,coordinator_0,worker_1,NET_TRANSFER,0.000100,0.158000,Poll: Check Layer Cache
3003013.480743,9003,b378f61c-a691-49d8-9683-2c451172ffd9,worker_1,coordinator_0,NET_TRANSFER,0.000100,0.158000,Poll: Cache Status Reply
3003013.638743,9003,b378f61c-a691-49d8-9683-2c451172ffd9,coordinator_0,worker_1,NET_TRANSFER,0.000100,0.158000,Poll: Check Layer Cache
3003013.796743,9003,b378f61c-a691-49d8-9683-2c451172ffd9,worker_1,coordinator_0,NET_TRANSFER,0.000100,0.158000,Poll: Cache Status Reply
3003013.954743,9003,b378f61c-a691-49d8-9683-2c451172ffd9,coordinator_0,worker_3,NET_TRANSFER,0.000100,0.158000,Poll: Check Layer Cache
3003014.112743,9003,b378f61c-a691-49d8-9683-2c451172ffd9,worker_3,coordinator_0,NET_TRANSFER,0.000100,0.158000,Poll: Cache Status Reply
3003014.270743,9003,b378f61c-a691-49d8-9683-2c451172ffd9,coordinator_0,worker_1,NET_TRANSFER,0.000100,0.158000,Poll: Check Layer Cache
3003014.428743,9003,b378f61c-a691-49d8-9683-2c451172ffd9,worker_1,coordinator_0,NET_TRANSFER,0.000100,0.158000,Poll: Cache Status Reply
3003014.586743,9003,b378f61c-a691-49d8-9683-2c451172ffd9,coordinator_0,worker_3,NET_TRANSFER,0.000100,0.158000,Poll: Check Layer Cache
3003014.744743,9003,b378f61c-a691-49d8-9683-2c451172ffd9,worker_3,coordinator_0,NET_TRANSFER,0.000100,0.158000,Poll: Cache Status Reply
3003014.902743,9003,b378f61c-a691-49d8-9683-2c451172ffd9,coordinator_0,worker_4,NET_TRANSFER,0.000100,0.158000,Poll: Check Layer Cache
3003015.060743,9003,b378f61c-a691-49d8-9683-2c451172ffd9,worker_4,coordinator_0,NET_TRANSFER,0.000100,0.158000,Poll: Cache Status Reply
3003015.218743,9003,b378f61c-a691-49d8-9683-2c451172ffd9,coordinator_0,worker_4,NET_TRANSFER,0.000100,0.158000,Poll: Check Layer Cache
3003015.376743,9003,b378f61c-a691-49d8-9683-2c451172ffd9,worker_4,coordinator_0,NET_TRANSFER,0.000100,0.158000,Poll: Cache Status Reply
3003015.534743,9003,b378f61c-a691-49d8-9683-2c451172ffd9,coordinator_0,worker_1,NET_TRANSFER,0.000100,0.158000,Poll: Check Layer Cache
3003015.692743,9003,b378f61c-a691-49d8-9683-2c451172ffd9,worker_1,coordinator_0,NET_TRANSFER,0.000100,0.158000,Poll: Cache Status Reply
3003015.850743,9003,b378f61c-a691-49d8-9683-2c451172ffd9,coordinator_0,worker_1,NET_TRANSFER,0.000100,0.158000,Poll: Check Layer Cache
3003016.008743,9003,b378f61c-a691-49d8-9683-2c451172ffd9,worker_1,coordinator_0,NET_TRANSFER,0.000100,0.158000,Poll: Cache Status Reply
3003016.166743,9003,b378f61c-a691-49d8-9683-2c451172ffd9,coordinator_0,worker_1,NET_TRANSFER,0.000100,0.158000,Poll: Check Layer Cache
3003016.324743,9003,b378f61c-a691-49d8-9683-2c451172ffd9,worker_1,coordinator_0,NET_TRANSFER,0.000100,0.158000,Poll: Cache Status Reply
3003016.482743,9003,b378f61c-a691-49d8-9683-2c451172ffd9,coordinator_0,worker_2,NET_TRANSFER,0.000100,0.158000,Poll: Check Layer Cache
3003016.640743,9003,b378f61c-a691-49d8-9683-2c451172ffd9,worker_2,coordinator_0,NET_TRANSFER,0.000100,0.158000,Poll: Cache Status Reply
3003016.798743,9003,b378f61c-a691-49d8-9683-2c451172ffd9,coordinator_0,worker_2,NET_TRANSFER,0.000100,0.158000,Poll: Check Layer Cache
3003016.956743,9003,b378f61c-a691-49d8-9683-2c451172ffd9,worker_2,coordinator_0,NET_TRANSFER,0.000100,0.158000,Poll: Cache Status Reply
3003017.114743,9003,b378f61c-a691-49d8-9683-2c451172ffd9,coordinator_0,worker_2,NET_TRANSFER,0.000100,0.158000,Poll: Check Layer Cache
3003017.272743,9003,b378f61c-a691-49d8-9683-2c451172ffd9,worker_2,coordinator_0,NET_TRANSFER,0.000100,0.158000,Poll: Cache Status Reply
3003017.430743,9003,b378f61c-a691-49d8-9683-2c451172ffd9,coordinator_0,worker_4,NET_TRANSFER,0.000100,0.158000,Poll: Check Layer Cache
3003017.588743,9003,b378f61c-a691-49d8-9683-2c451172ffd9,worker_4,coordinator_0,NET_TRANSFER,0.000100,0.158000,Poll: Cache Status Reply
3003017.746743,9003,b378f61c-a691-49d8-9683-2c451172ffd9,coordinator_0,worker_1,NET_TRANSFER,0.000100,0.158000,Poll: Check Layer Cache
3003017.904743,9003,b378f61c-a691-49d8-9683-2c451172ffd9,worker_1,coordinator_0,NET_TRANSFER,0.000100,0.158000,Poll: Cache Status Reply
3003018.062743,9003,b378f61c-a691-49d8-9683-2c451172ffd9,coordinator_0,worker_3,NET_TRANSFER,0.000100,0.158000,Poll: Check Layer Cache
3003018.220743,9003,b378f61c-a691-49d8-9683-2c451172ffd9,worker_3,coordinator_0,NET_TRANSFER,0.000100,0.158000,Poll: Cache Status Reply
3003018.378743,9003,b378f61c-a691-49d8-9683-2c451172ffd9,coordinator_0,worker_1,NET_TRANSFER,0.000100,0.158000,Poll: Check Layer Cache
3003018.536743,9003,b378f61c-a691-49d8-9683-2c451172ffd9,worker_1,coordinator_0,NET_TRANSFER,0.000100,0.158000,Poll: Cache Status Reply
3003018.694743,9003,b378f61c-a691-49d8-9683-2c451172ffd9,coordinator_0,worker_2,NET_TRANSFER,0.000100,0.158000,Poll: Check Layer Cache
3003018.852743,9003,b378f61c-a691-49d8-9683-2c451172ffd9,worker_2,coordinator_0,NET_TRANSFER,0.000100,0.158000,Poll: Cache Status Reply
3003019.010743,9003,b378f61c-a691-49d8-9683-2c451172ffd9,coordinator_0,worker_4,NET_TRANSFER,0.000100,0.158000,Poll: Check Layer Cache
3003019.168743,9003,b378f61c-a691-49d8-9683-2c451172ffd9,worker_4,coordinator_0,NET_TRANSFER,0.000100,0.158000,Poll: Cache Status Reply
3003019.326743,9003,b378f61c-a691-49d8-9683-2c451172ffd9,coordinator_0,worker_4,NET_TRANSFER,0.000100,0.158000,Poll: Check Layer Cache
3003019.484743,9003,b378f61c-a691-49d8-9683-2c451172ffd9,worker_4,coordinator_0,NET_TRANSFER,0.000100,0.158000,Poll: Cache Status Reply
3003019.642743,9003,b378f61c-a691-49d8-9683-2c451172ffd9,coordinator_0,worker_3,NET_TRANSFER,0.000100,0.158000,Poll: Check Layer Cache
3003019.800743,9003,b378f61c-a691-49d8-9683-2c451172ffd9,worker_3,coordinator_0,NET_TRANSFER,0.000100,0.158000,Poll: Cache Status Reply
3003019.958743,9003,b378f61c-a691-49d8-9683-2c451172ffd9,coordinator_0,worker_1,NET_TRANSFER,0.000100,0.158000,Poll: Check Layer Cache
3003020.116743,9003,b378f61c-a691-49d8-9683-2c451172ffd9,worker_1,coordinator_0,NET_TRANSFER,0.000100,0.158000,Poll: Cache Status Reply
3003020.274743,9003,b378f61c-a691-49d8-9683-2c451172ffd9,coordinator_0,worker_4,NET_TRANSFER,0.000100,0.158000,Poll: Check Layer Cache
3003020.432743,9003,b378f61c-a691-49d8-9683-2c451172ffd9,worker_4,coordinator_0,NET_TRANSFER,0.000100,0.158000,Poll: Cache Status Reply
3003020.590743,9003,b378f61c-a691-49d8-9683-2c451172ffd9,coordinator_0,worker_4,NET_TRANSFER,0.000100,0.158000,Poll: Check Layer Cache
3003020.748743,9003,b378f61c-a691-49d8-9683-2c451172ffd9,worker_4,coordinator_0,NET_TRANSFER,0.000100,0.158000,Poll: Cache Status Reply
3003020.906743,9003,b378f61c-a691-49d8-9683-2c451172ffd9,coordinator_0,worker_2,NET_TRANSFER,0.000100,0.158000,Poll: Check Layer Cache
3003021.064743,9003,b378f61c-a691-49d8-9683-2c451172ffd9,worker_2,coordinator_0,NET_TRANSFER,0.000100,0.158000,Poll: Cache Status Reply
3003021.222743,5006,23c32e69-89c8-4a98-9507-a520351cbbe5,coordinator_0,worker_4,NET_TRANSFER,0.000100,0.158000,Poll: Check Layer Cache
3003021.380743,5006,23c32e69-89c8-4a98-9507-a520351cbbe5,worker_4,coordinator_0,NET_TRANSFER,0.000100,0.158000,Poll: Cache Status Reply
3003021.538743,5006,23c32e69-89c8-4a98-9507-a520351cbbe5,coordinator_0,worker_4,NET_TRANSFER,0.000100,0.158000,Poll: Check Layer Cache
3003021.696743,5006,23c32e69-89c8-4a98-9507-a520351cbbe5,worker_4,coordinator_0,NET_TRANSFER,0.000100,0.158000,Poll: Cache Status Reply
3003021.854743,5006,23c32e69-89c8-4a98-9507-a520351cbbe5,coordinator_0,worker_1,NET_TRANSFER,0.000100,0.158000,Poll: Check Layer Cache
3003022.012743,5006,23c32e69-89c8-4a98-9507-a520351cbbe5,worker_1,coordinator_0,NET_TRANSFER,0.000100,0.158000,Poll: Cache Status Reply
3003022.170743,5006,23c32e69-89c8-4a98-9507-a520351cbbe5,coordinator_0,worker_2,NET_TRANSFER,0.000100,0.158000,Poll: Check Layer Cache
3003022.328743,5006,23c32e69-89c8-4a98-9507-a520351cbbe5,worker_2,coordinator_0,NET_TRANSFER,0.000100,0.158000,Poll: Cache Status Reply
3003022.486743,5006,23c32e69-89c8-4a98-9507-a520351cbbe5,coordinator_0,worker_3,NET_TRANSFER,0.000100,0.158000,Poll: Check Layer Cache
3003022.644743,5006,23c32e69-89c8-4a98-9507-a520351cbbe5,worker_3,coordinator_0,NET_TRANSFER,0.000100,0.158000,Poll: Cache Status Reply
3003022.802743,5006,23c32e69-89c8-4a98-9507-a520351cbbe5,coordinator_0,worker_4,NET_TRANSFER,0.000100,0.158000,Poll: Check Layer Cache
3003022.960743,5006,23c32e69-89c8-4a98-9507-a520351cbbe5,worker_4,coordinator_0,NET_TRANSFER,0.000100,0.158000,Poll: Cache Status Reply
3003023.118743,5006,23c32e69-89c8-4a98-9507-a520351cbbe5,coordinator_0,worker_1,NET_TRANSFER,0.000100,0.158000,Poll: Check Layer Cache
3003023.276743,5006,23c32e69-89c8-4a98-9507-a520351cbbe5,worker_1,coordinator_0,NET_TRANSFER,0.000100,0.158000,Poll: Cache Status Reply
3003023.434743,5006,23c32e69-89c8-4a98-9507-a520351cbbe5,coordinator_0,worker_2,NET_TRANSFER,0.000100,0.158000,Poll: Check Layer Cache
3003023.592743,5006,23c32e69-89c8-4a98-9507-a520351cbbe5,worker_2,coordinator_0,NET_TRANSFER,0.000100,0.158000,Poll: Cache Status Reply
3003023.750743,5006,23c32e69-89c8-4a98-9507-a520351cbbe5,coordinator_0,worker_3,NET_TRANSFER,0.000100,0.158000,Poll: Check Layer Cache
3003023.908743,5006,23c32e69-89c8-4a98-9507-a520351cbbe5,worker_3,coordinator_0,NET_TRANSFER,0.000100,0.158000,Poll: Cache Status Reply
3003024.066743,5006,23c32e69-89c8-4a98-9507-a520351cbbe5,coordinator_0,worker_2,NET_TRANSFER,0.000100,0.158000,Poll: Check Layer Cache
3003024.224743,5006,23c32e69-89c8-4a98-9507-a520351cbbe5,worker_2,coordinator_0,NET_TRANSFER,0.000100,0.158000,Poll: Cache Status Reply
3003024.382743,5006,23c32e69-89c8-4a98-9507-a520351cbbe5,coordinator_0,worker_3,NET_TRANSFER,0.000100,0.158000,Poll: Check Layer Cache
3003024.540743,5006,23c32e69-89c8-4a98-9507-a520351cbbe5,worker_3,coordinator_0,NET_TRANSFER,0.000100,0.158000,Poll: Cache Status Reply
3003024.698743,5006,23c32e69-89c8-4a98-9507-a520351cbbe5,coordinator_0,worker_4,NET_TRANSFER,0.000100,0.158000,Poll: Check Layer Cache
3003024.856743,5006,23c32e69-89c8-4a98-9507-a520351cbbe5,worker_4,coordinator_0,NET_TRANSFER,0.000100,0.158000,Poll: Cache Status Reply
3003025.014743,5006,23c32e69-89c8-4a98-9507-a520351cbbe5,coordinator_0,worker_2,NET_TRANSFER,0.000100,0.158000,Poll: Check Layer Cache
3003025.172743,5006,23c32e69-89c8-4a98-9507-a520351cbbe5,worker_2,coordinator_0,NET_TRANSFER,0.000100,0.158000,Poll: Cache Status Reply
3003025.330743,5006,23c32e69-89c8-4a98-9507-a520351cbbe5,coordinator_0,worker_2,NET_TRANSFER,0.000100,0.158000,Poll: Check Layer Cache
3003025.488743,5006,23c32e69-89c8-4a98-9507-a520351cbbe5,worker_2,coordinator_0,NET_TRANSFER,0.000100,0.158000,Poll: Cache Status Reply
3003025.646743,5006,23c32e69-89c8-4a98-9507-a520351cbbe5,coordinator_0,worker_4,NET_TRANSFER,0.000100,0.158000,Poll: Check Layer Cache
3003025.804743,5006,23c32e69-89c8-4a98-9507-a520351cbbe5,worker_4,coordinator_0,NET_TRANSFER,0.000100,0.158000,Poll: Cache Status Reply
3003025.962743,5006,23c32e69-89c8-4a98-9507-a520351cbbe5,coordinator_0,worker_3,NET_TRANSFER,0.000100,0.158000,Poll: Check Layer Cache
3003026.120743,5006,23c32e69-89c8-4a98-9507-a520351cbbe5,worker_3,coordinator_0,NET_TRANSFER,0.000100,0.158000,Poll: Cache Status Reply
3003026.278743,5006,23c32e69-89c8-4a98-9507-a520351cbbe5,coordinator_0,worker_2,NET_TRANSFER,0.000100,0.158000,Poll: Check Layer Cache
3003026.436743,5006,23c32e69-89c8-4a98-9507-a520351cbbe5,worker_2,coordinator_0,NET_TRANSFER,0.000100,0.158000,Poll: Cache Status Reply
3003026.594743,5006,23c32e69-89c8-4a98-9507-a520351cbbe5,coordinator_0,worker_1,NET_TRANSFER,0.000100,0.158000,Poll: Check Layer Cache
3003026.752743,5006,23c32e69-89c8-4a98-9507-a520351cbbe5,worker_1,coordinator_0,NET_TRANSFER,0.000100,0.158000,Poll: Cache Status Reply
3003026.910743,5006,23c32e69-89c8-4a98-9507-a520351cbbe5,coordinator_0,worker_4,NET_TRANSFER,0.000100,0.158000,Poll: Check Layer Cache
3003027.068743,5006,23c32e69-89c8-4a98-9507-a520351cbbe5,worker_4,coordinator_0,NET_TRANSFER,0.000100,0.158000,Poll: Cache Status Reply
3003027.226743,5006,23c32e69-89c8-4a98-9507-a520351cbbe5,coordinator_0,worker_4,NET_TRANSFER,0.000100,0.158000,Poll: Check Layer Cache
3003027.384743,5006,23c32e69-89c8-4a98-9507-a520351cbbe5,worker_4,coordinator_0,NET_TRANSFER,0.000100,0.158000,Poll: Cache Status Reply
3003027.542743,5006,23c32e69-89c8-4a98-9507-a520351cbbe5,coordinator_0,worker_2,NET_TRANSFER,0.000100,0.158000,Poll: Check Layer Cache
3003027.700743,5006,23c32e69-89c8-4a98-9507-a520351cbbe5,worker_2,coordinator_0,NET_TRANSFER,0.000100,0.158000,Poll: Cache Status Reply
3003027.858743,5006,23c32e69-89c8-4a98-9507-a520351cbbe5,coordinator_0,worker_3,NET_TRANSFER,0.000100,0.158000,Poll: Check Layer Cache
3003028.016743,5006,23c32e69-89c8-4a98-9507-a520351cbbe5,worker_3,coordinator_0,NET_TRANSFER,0.000100,0.158000,Poll: Cache Status Reply
3003028.174743,5006,23c32e69-89c8-4a98-9507-a520351cbbe5,coordinator_0,worker_4,NET_TRANSFER,0.000100,0.158000,Poll: Check Layer Cache
3003028.332743,5006,23c32e69-89c8-4a98-9507-a520351cbbe5,worker_4,coordinator_0,NET_TRANSFER,0.000100,0.158000,Poll: Cache Status Reply
3003028.490743,5006,23c32e69-89c8-4a98-9507-a520351cbbe5,coordinator_0,worker_4,NET_TRANSFER,0.000100,0.158000,Poll: Check Layer Cache
3003028.648743,5006,23c32e69-89c8-4a98-9507-a520351cbbe5,worker_4,coordinator_0,NET_TRANSFER,0.000100,0.158000,Poll: Cache Status Reply
3003028.806743,5006,23c32e69-89c8-4a98-9507-a520351cbbe5,coordinator_0,worker_4,NET_TRANSFER,0.000100,0.158000,Poll: Check Layer Cache
3003028.964743,5006,23c32e69-89c8-4a98-9507-a520351cbbe5,worker_4,coordinator_0,NET_TRANSFER,0.000100,0.158000,Poll: Cache Status Reply
3003029.122743,5006,23c32e69-89c8-4a98-9507-a520351cbbe5,coordinator_0,worker_4,NET_TRANSFER,0.000100,0.158000,Poll: Check Layer Cache
3003029.280743,5006,23c32e69-89c8-4a98-9507-a520351cbbe5,worker_4,coordinator_0,NET_TRANSFER,0.000100,0.158000,Poll: Cache Status Reply
3003029.438743,5006,23c32e69-89c8-4a98-9507-a520351cbbe5,coordinator_0,worker_3,NET_TRANSFER,0.000100,0.158000,Poll: Check Layer Cache
3003029.596743,5006,23c32e69-89c8-4a98-9507-a520351cbbe5,worker_3,coordinator_0,NET_TRANSFER,0.000100,0.158000,Poll: Cache Status Reply
3003029.754743,5006,23c32e69-89c8-4a98-9507-a520351cbbe5,coordinator_0,worker_1,NET_TRANSFER,0.000100,0.158000,Poll: Check Layer Cache
3003029.912743,5006,23c32e69-89c8-4a98-9507-a520351cbbe5,worker_1,coordinator_0,NET_TRANSFER,0.000100,0.158000,Poll: Cache Status Reply
3003030.070743,5006,23c32e69-89c8-4a98-9507-a520351cbbe5,coordinator_0,worker_3,NET_TRANSFER,0.000100,0.158000,Poll: Check Layer Cache
3003030.228743,5006,23c32e69-89c8-4a98-9507-a520351cbbe5,worker_3,coordinator_0,NET_TRANSFER,0.000100,0.158000,Poll: Cache Status Reply
3003030.386743,5006,23c32e69-89c8-4a98-9507-a520351cbbe5,coordinator_0,worker_2,NET_TRANSFER,0.000100,0.158000,Poll: Check Layer Cache
3003030.544743,5006,23c32e69-89c8-4a98-9507-a520351cbbe5,worker_2,coordinator_0,NET_TRANSFER,0.000100,0.158000,Poll: Cache Status Reply
3003030.702743,5006,23c32e69-89c8-4a98-9507-a520351cbbe5,coordinator_0,worker_4,NET_TRANSFER,0.000100,0.158000,Poll: Check Layer Cache
3003030.860743,5006,23c32e69-89c8-4a98-9507-a520351cbbe5,worker_4,coordinator_0,NET_TRANSFER,0.000100,0.158000,Poll: Cache Status Reply
3003031.018742,5006,23c32e69-89c8-4a98-9507-a520351cbbe5,coordinator_0,worker_1,NET_TRANSFER,0.000100,0.158000,Poll: Check Layer Cache
3003031.176742,5006,23c32e69-89c8-4a98-9507-a520351cbbe5,worker_1,coordinator_0,NET_TRANSFER,0.000100,0.158000,Poll: Cache Status Reply
3003031.334742,5006,23c32e69-89c8-4a98-9507-a520351cbbe5,coordinator_0,worker_2,NET_TRANSFER,0.000100,0.158000,Poll: Check Layer Cache
3003031.492742,5006,23c32e69-89c8-4a98-9507-a520351cbbe5,worker_2,coordinator_0,NET_TRANSFER,0.000100,0.158000,Poll: Cache Status Reply
3003031.650742,5006,23c32e69-89c8-4a98-9507-a520351cbbe5,coordinator_0,worker_1,NET_TRANSFER,0.000100,0.158000,Poll: Check Layer Cache
3003031.808742,5006,23c32e69-89c8-4a98-9507-a520351cbbe5,worker_1,coordinator_0,NET_TRANSFER,0.000100,0.158000,Poll: Cache Status Reply
3003031.966742,5006,23c32e69-89c8-4a98-9507-a520351cbbe5,coordinator_0,worker_3,NET_TRANSFER,0.000100,0.158000,Poll: Check Layer Cache
3003032.124742,5006,23c32e69-89c8-4a98-9507-a520351cbbe5,worker_3,coordinator_0,NET_TRANSFER,0.000100,0.158000,Poll: Cache Status Reply
3003032.282742,5006,23c32e69-89c8-4a98-9507-a520351cbbe5,coordinator_0,worker_1,NET_TRANSFER,0.000100,0.158000,Poll: Check Layer Cache
3003032.440742,5006,23c32e69-89c8-4a98-9507-a520351cbbe5,worker_1,coordinator_0,NET_TRANSFER,0.000100,0.158000,Poll: Cache Status Reply
3003032.598742,5006,23c32e69-89c8-4a98-9507-a520351cbbe5,coordinator_0,worker_3,NET_TRANSFER,0.000100,0.158000,Poll: Check Layer Cache
3003032.756742,5006,23c32e69-89c8-4a98-9507-a520351cbbe5,worker_3,coordinator_0,NET_TRANSFER,0.000100,0.158000,Poll: Cache Status Reply
3003032.914742,5006,23c32e69-89c8-4a98-9507-a520351cbbe5,coordinator_0,worker_3,NET_TRANSFER,0.000100,0.158000,Poll: Check Layer Cache
3003033.072742,5006,23c32e69-89c8-4a98-9507-a520351cbbe5,worker_3,coordinator_0,NET_TRANSFER,0.000100,0.158000,Poll: Cache Status Reply
3003033.230742,5006,23c32e69-89c8-4a98-9507-a520351cbbe5,coordinator_0,worker_2,NET_TRANSFER,0.000100,0.158000,Poll: Check Layer Cache
3003033.388742,5006,23c32e69-89c8-4a98-9507-a520351cbbe5,worker_2,coordinator_0,NET_TRANSFER,0.000100,0.158000,Poll: Cache Status Reply
3003033.546742,5006,23c32e69-89c8-4a98-9507-a520351cbbe5,coordinator_0,worker_4,NET_TRANSFER,0.000100,0.158000,Poll: Check Layer Cache
3003033.704742,5006,23c32e69-89c8-4a98-9507-a520351cbbe5,worker_4,coordinator_0,NET_TRANSFER,0.000100,0.158000,Poll: Cache Status Reply
3003033.862742,5006,23c32e69-89c8-4a98-9507-a520351cbbe5,coordinator_0,worker_1,NET_TRANSFER,0.000100,0.158000,Poll: Check Layer Cache
3003034.020742,5006,23c32e69-89c8-4a98-9507-a520351cbbe5,worker_1,coordinator_0,NET_TRANSFER,0.000100,0.158000,Poll: Cache Status Reply
3003034.178742,5006,23c32e69-89c8-4a98-9507-a520351cbbe5,coordinator_0,worker_2,NET_TRANSFER,0.000100,0.158000,Poll: Check Layer Cache
3003034.336742,5006,23c32e69-89c8-4a98-9507-a520351cbbe5,worker_2,coordinator_0,NET_TRANSFER,0.000100,0.158000,Poll: Cache Status Reply
3003034.494742,5006,23c32e69-89c8-4a98-9507-a520351cbbe5,coordinator_0,worker_3,NET_TRANSFER,0.000100,0.158000,Poll: Check Layer Cache
3003034.652742,5006,23c32e69-89c8-4a98-9507-a520351cbbe5,worker_3,coordinator_0,NET_TRANSFER,0.000100,0.158000,Poll: Cache Status Reply
3003034.810742,5006,23c32e69-89c8-4a98-9507-a520351cbbe5,coordinator_0,worker_2,NET_TRANSFER,0.000100,0.158000,Poll: Check Layer Cache
3003034.968742,5006,23c32e69-89c8-4a98-9507-a520351cbbe5,worker_2,coordinator_0,NET_TRANSFER,0.000100,0.158000,Poll: Cache Status Reply
3003035.126742,5006,23c32e69-89c8-4a98-9507-a520351cbbe5,coordinator_0,worker_3,NET_TRANSFER,0.000100,0.158000,Poll: Check Layer Cache
3003035.284742,5006,23c32e69-89c8-4a98-9507-a520351cbbe5,worker_3,coordinator_0,NET_TRANSFER,0.000100,0.158000,Poll: Cache Status Reply
3003035.442742,5006,23c32e69-89c8-4a98-9507-a520351cbbe5,coordinator_0,worker_2,NET_TRANSFER,0.000100,0.158000,Poll: Check Layer Cache
3003035.600742,5006,23c32e69-89c8-4a98-9507-a520351cbbe5,worker_2,coordinator_0,NET_TRANSFER,0.000100,0.158000,Poll: Cache Status Reply
3003035.758742,5006,23c32e69-89c8-4a98-9507-a520351cbbe5,coordinator_0,worker_1,NET_TRANSFER,0.000100,0.158000,Poll: Check Layer Cache
3003035.916742,5006,23c32e69-89c8-4a98-9507-a520351cbbe5,worker_1,coordinator_0,NET_TRANSFER,0.000100,0.158000,Poll: Cache Status Reply
3003036.074742,5006,23c32e69-89c8-4a98-9507-a520351cbbe5,coordinator_0,worker_1,NET_TRANSFER,0.000100,0.158000,Poll: Check Layer Cache
3003036.232742,5006,23c32e69-89c8-4a98-9507-a520351cbbe5,worker_1,coordinator_0,NET_TRANSFER,0.000100,0.158000,Poll: Cache Status Reply
3003036.390742,5006,23c32e69-89c8-4a98-9507-a520351cbbe5,coordinator_0,worker_1,NET_TRANSFER,0.000100,0.158000,Poll: Check Layer Cache
3003036.548742,5006,23c32e69-89c8-4a98-9507-a520351cbbe5,worker_1,coordinator_0,NET_TRANSFER,0.000100,0.158000,Poll: Cache Status Reply
3003036.706742,5006,23c32e69-89c8-4a98-9507-a520351cbbe5,coordinator_0,worker_1,NET_TRANSFER,0.000100,0.158000,Poll: Check Layer Cache
3003036.864742,5006,23c32e69-89c8-4a98-9507-a520351cbbe5,worker_1,coordinator_0,NET_TRANSFER,0.000100,0.158000,Poll: Cache Status Reply
3003037.022742,5006,23c32e69-89c8-4a98-9507-a520351cbbe5,coordinator_0,worker_1,NET_TRANSFER,0.000100,0.158000,Poll: Check Layer Cache
3003037.180742,5006,23c32e69-89c8-4a98-9507-a520351cbbe5,worker_1,coordinator_0,NET_TRANSFER,0.000100,0.158000,Poll: Cache Status Reply
3003037.338742,5006,23c32e69-89c8-4a98-9507-a520351cbbe5,coordinator_0,worker_1,NET_TRANSFER,0.000100,0.158000,Poll: Check Layer Cache
3003037.496742,5006,23c32e69-89c8-4a98-9507-a520351cbbe5,worker_1,coordinator_0,NET_TRANSFER,0.000100,0.158000,Poll: Cache Status Reply
3003037.654742,5006,23c32e69-89c8-4a98-9507-a520351cbbe5,coordinator_0,worker_2,NET_TRANSFER,0.000100,0.158000,Poll: Check Layer Cache
3003037.812742,5006,23c32e69-89c8-4a98-9507-a520351cbbe5,worker_2,coordinator_0,NET_TRANSFER,0.000100,0.158000,Poll: Cache Status Reply
3003037.970742,5006,23c32e69-89c8-4a98-9507-a520351cbbe5,coordinator_0,worker_3,NET_TRANSFER,0.000100,0.158000,Poll: Check Layer Cache
3003038.128742,5006,23c32e69-89c8-4a98-9507-a520351cbbe5,worker_3,coordinator_0,NET_TRANSFER,0.000100,0.158000,Poll: Cache Status Reply
3003038.286742,5006,23c32e69-89c8-4a98-9507-a520351cbbe5,coordinator_0,worker_3,NET_TRANSFER,0.000100,0.158000,Poll: Check Layer Cache
3003038.444742,5006,23c32e69-89c8-4a98-9507-a520351cbbe5,worker_3,coordinator_0,NET_TRANSFER,0.000100,0.158000,Poll: Cache Status Reply
3003038.602742,5006,23c32e69-89c8-4a98-9507-a520351cbbe5,coordinator_0,worker_4,NET_TRANSFER,0.000100,0.158000,Poll: Check Layer Cache
3003038.760742,5006,23c32e69-89c8-4a98-9507-a520351cbbe5,worker_4,coordinator_0,NET_TRANSFER,0.000100,0.158000,Poll: Cache Status Reply
3003038.918742,5006,23c32e69-89c8-4a98-9507-a520351cbbe5,coordinator_0,worker_2,NET_TRANSFER,0.000100,0.158000,Poll: Check Layer Cache
3003039.076742,5006,23c32e69-89c8-4a98-9507-a520351cbbe5,worker_2,coordinator_0,NET_TRANSFER,0.000100,0.158000,Poll: Cache Status Reply
3003039.234742,5006,23c32e69-89c8-4a98-9507-a520351cbbe5,coordinator_0,worker_4,NET_TRANSFER,0.000100,0.158000,Poll: Check Layer Cache
3003039.392742,5006,23c32e69-89c8-4a98-9507-a520351cbbe5,worker_4,coordinator_0,NET_TRANSFER,0.000100,0.158000,Poll: Cache Status Reply
3003039.550742,5006,23c32e69-89c8-4a98-9507-a520351cbbe5,coordinator_0,worker_1,NET_TRANSFER,0.000100,0.158000,Poll: Check Layer Cache
3003039.708742,5006,23c32e69-89c8-4a98-9507-a520351cbbe5,worker_1,coordinator_0,NET_TRANSFER,0.000100,0.158000,Poll: Cache Status Reply
3003039.866742,8003,d5b6c0cc-7700-4a35-a3d8-1ca4767780d9,coordinator_0,worker_4,NET_TRANSFER,0.000100,0.158000,Poll: Check Layer Cache
3003040.024742,8003,d5b6c0cc-7700-4a35-a3d8-1ca4767780d9,worker_4,coordinator_0,NET_TRANSFER,0.000100,0.158000,Poll: Cache Status Reply
3003040.182742,8003,d5b6c0cc-7700-4a35-a3d8-1ca4767780d9,coordinator_0,worker_3,NET_TRANSFER,0.000100,0.158000,Poll: Check Layer Cache
3003040.340742,8003,d5b6c0cc-7700-4a35-a3d8-1ca4767780d9,worker_3,coordinator_0,NET_TRANSFER,0.000100,0.158000,Poll: Cache Status Reply
3003040.498742,8003,d5b6c0cc-7700-4a35-a3d8-1ca4767780d9,coordinator_0,worker_3,NET_TRANSFER,0.000100,0.158000,Poll: Check Layer Cache
3003040.656742,8003,d5b6c0cc-7700-4a35-a3d8-1ca4767780d9,worker_3,coordinator_0,NET_TRANSFER,0.000100,0.158000,Poll: Cache Status Reply
3003040.814742,8003,d5b6c0cc-7700-4a35-a3d8-1ca4767780d9,coordinator_0,worker_3,NET_TRANSFER,0.000100,0.158000,Poll: Check Layer Cache
3003040.972742,8003,d5b6c0cc-7700-4a35-a3d8-1ca4767780d9,worker_3,coordinator_0,NET_TRANSFER,0.000100,0.158000,Poll: Cache Status Reply
3003041.130742,8003,d5b6c0cc-7700-4a35-a3d8-1ca4767780d9,coordinator_0,worker_1,NET_TRANSFER,0.000100,0.158000,Poll: Check Layer Cache
3003041.288742,8003,d5b6c0cc-7700-4a35-a3d8-1ca4767780d9,worker_1,coordinator_0,NET_TRANSFER,0.000100,0.158000,Poll: Cache Status Reply
3003041.446742,8003,d5b6c0cc-7700-4a35-a3d8-1ca4767780d9,coordinator_0,worker_2,NET_TRANSFER,0.000100,0.158000,Poll: Check Layer Cache
3003041.604742,8003,d5b6c0cc-7700-4a35-a3d8-1ca4767780d9,worker_2,coordinator_0,NET_TRANSFER,0.000100,0.158000,Poll: Cache Status Reply
3003041.762742,8003,d5b6c0cc-7700-4a35-a3d8-1ca4767780d9,coordinator_0,worker_3,NET_TRANSFER,0.000100,0.158000,Poll: Check Layer Cache
3003041.920742,8003,d5b6c0cc-7700-4a35-a3d8-1ca4767780d9,worker_3,coordinator_0,NET_TRANSFER,0.000100,0.158000,Poll: Cache Status Reply
3003042.078742,8003,d5b6c0cc-7700-4a35-a3d8-1ca4767780d9,coordinator_0,worker_4,NET_TRANSFER,0.000100,0.158000,Poll: Check Layer Cache
3003042.236742,8003,d5b6c0cc-7700-4a35-a3d8-1ca4767780d9,worker_4,coordinator_0,NET_TRANSFER,0.000100,0.158000,Poll: Cache Status Reply
3003042.394742,8003,d5b6c0cc-7700-4a35-a3d8-1ca4767780d9,coordinator_0,worker_1,NET_TRANSFER,0.000100,0.158000,Poll: Check Layer Cache
3003042.552742,8003,d5b6c0cc-7700-4a35-a3d8-1ca4767780d9,worker_1,coordinator_0,NET_TRANSFER,0.000100,0.158000,Poll: Cache Status Reply
3003042.710742,8003,d5b6c0cc-7700-4a35-a3d8-1ca4767780d9,coordinator_0,worker_2,NET_TRANSFER,0.000100,0.158000,Poll: Check Layer Cache
3003042.868742,8003,d5b6c0cc-7700-4a35-a3d8-1ca4767780d9,worker_2,coordinator_0,NET_TRANSFER,0.000100,0.158000,Poll: Cache Status Reply
3003043.026742,8003,d5b6c0cc-7700-4a35-a3d8-1ca4767780d9,coordinator_0,worker_2,NET_TRANSFER,0.000100,0.158000,Poll: Check Layer Cache
3003043.184742,8003,d5b6c0cc-7700-4a35-a3d8-1ca4767780d9,worker_2,coordinator_0,NET_TRANSFER,0.000100,0.158000,Poll: Cache Status Reply
3003043.342742,8003,d5b6c0cc-7700-4a35-a3d8-1ca4767780d9,coordinator_0,worker_3,NET_TRANSFER,0.000100,0.158000,Poll: Check Layer Cache
3003043.500742,8003,d5b6c0cc-7700-4a35-a3d8-1ca4767780d9,worker_3,coordinator_0,NET_TRANSFER,0.000100,0.158000,Poll: Cache Status Reply
3003043.658742,8003,d5b6c0cc-7700-4a35-a3d8-1ca4767780d9,coordinator_0,worker_1,NET_TRANSFER,0.000100,0.158000,Poll: Check Layer Cache
3003043.816742,8003,d5b6c0cc-7700-4a35-a3d8-1ca4767780d9,worker_1,coordinator_0,NET_TRANSFER,0.000100,0.158000,Poll: Cache Status Reply
3003043.974742,8003,d5b6c0cc-7700-4a35-a3d8-1ca4767780d9,coordinator_0,worker_2,NET_TRANSFER,0.000100,0.158000,Poll: Check Layer Cache
3003044.132742,8003,d5b6c0cc-7700-4a35-a3d8-1ca4767780d9,worker_2,coordinator_0,NET_TRANSFER,0.000100,0.158000,Poll: Cache Status Reply
3003044.290742,8003,d5b6c0cc-7700-4a35-a3d8-1ca4767780d9,coordinator_0,worker_4,NET_TRANSFER,0.000100,0.158000,Poll: Check Layer Cache
3003044.448742,8003,d5b6c0cc-7700-4a35-a3d8-1ca4767780d9,worker_4,coordinator_0,NET_TRANSFER,0.000100,0.158000,Poll: Cache Status Reply
3003044.606742,8003,d5b6c0cc-7700-4a35-a3d8-1ca4767780d9,coordinator_0,worker_1,NET_TRANSFER,0.000100,0.158000,Poll: Check Layer Cache
3003044.764742,8003,d5b6c0cc-7700-4a35-a3d8-1ca4767780d9,worker_1,coordinator_0,NET_TRANSFER,0.000100,0.158000,Poll: Cache Status Reply
3003044.922742,8003,d5b6c0cc-7700-4a35-a3d8-1ca4767780d9,coordinator_0,worker_3,NET_TRANSFER,0.000100,0.158000,Poll: Check Layer Cache
3003045.080742,8003,d5b6c0cc-7700-4a35-a3d8-1ca4767780d9,worker_3,coordinator_0,NET_TRANSFER,0.000100,0.158000,Poll: Cache Status Reply
3003045.238742,8003,d5b6c0cc-7700-4a35-a3d8-1ca4767780d9,coordinator_0,worker_4,NET_TRANSFER,0.000100,0.158000,Poll: Check Layer Cache
3003045.396742,8003,d5b6c0cc-7700-4a35-a3d8-1ca4767780d9,worker_4,coordinator_0,NET_TRANSFER,0.000100,0.158000,Poll: Cache Status Reply
3003045.554742,8003,d5b6c0cc-7700-4a35-a3d8-1ca4767780d9,coordinator_0,worker_1,NET_TRANSFER,0.000100,0.158000,Poll: Check Layer Cache
3003045.712742,8003,d5b6c0cc-7700-4a35-a3d8-1ca4767780d9,worker_1,coordinator_0,NET_TRANSFER,0.000100,0.158000,Poll: Cache Status Reply
3003045.870742,8003,d5b6c0cc-7700-4a35-a3d8-1ca4767780d9,coordinator_0,worker_3,NET_TRANSFER,0.000100,0.158000,Poll: Check Layer Cache
3003046.028742,8003,d5b6c0cc-7700-4a35-a3d8-1ca4767780d9,worker_3,coordinator_0,NET_TRANSFER,0.000100,0.158000,Poll: Cache Status Reply
3003046.186742,8003,d5b6c0cc-7700-4a35-a3d8-1ca4767780d9,coordinator_0,worker_1,NET_TRANSFER,0.000100,0.158000,Poll: Check Layer Cache
3003046.344742,8003,d5b6c0cc-7700-4a35-a3d8-1ca4767780d9,worker_1,coordinator_0,NET_TRANSFER,0.000100,0.158000,Poll: Cache Status Reply
3003046.502742,8003,d5b6c0cc-7700-4a35-a3d8-1ca4767780d9,coordinator_0,worker_4,NET_TRANSFER,0.000100,0.158000,Poll: Check Layer Cache
3003046.660742,8003,d5b6c0cc-7700-4a35-a3d8-1ca4767780d9,worker_4,coordinator_0,NET_TRANSFER,0.000100,0.158000,Poll: Cache Status Reply
3003046.818742,8003,d5b6c0cc-7700-4a35-a3d8-1ca4767780d9,coordinator_0,worker_1,NET_TRANSFER,0.000100,0.158000,Poll: Check Layer Cache
3003046.976742,8003,d5b6c0cc-7700-4a35-a3d8-1ca4767780d9,worker_1,coordinator_0,NET_TRANSFER,0.000100,0.158000,Poll: Cache Status Reply
3003047.134742,8003,d5b6c0cc-7700-4a35-a3d8-1ca4767780d9,coordinator_0,worker_4,NET_TRANSFER,0.000100,0.158000,Poll: Check Layer Cache
3003047.292742,8003,d5b6c0cc-7700-4a35-a3d8-1ca4767780d9,worker_4,coordinator_0,NET_TRANSFER,0.000100,0.158000,Poll: Cache Status Reply
3003047.450742,8003,d5b6c0cc-7700-4a35-a3d8-1ca4767780d9,coordinator_0,worker_2,NET_TRANSFER,0.000100,0.158000,Poll: Check Layer Cache
3003047.608742,8003,d5b6c0cc-7700-4a35-a3d8-1ca4767780d9,worker_2,coordinator_0,NET_TRANSFER,0.000100,0.158000,Poll: Cache Status Reply
3003047.766742,8003,d5b6c0cc-7700-4a35-a3d8-1ca4767780d9,coordinator_0,worker_3,NET_TRANSFER,0.000100,0.158000,Poll: Check Layer Cache
3003047.924742,8003,d5b6c0cc-7700-4a35-a3d8-1ca4767780d9,worker_3,coordinator_0,NET_TRANSFER,0.000100,0.158000,Poll: Cache Status Reply
3003048.082742,8003,d5b6c0cc-7700-4a35-a3d8-1ca4767780d9,coordinator_0,worker_3,NET_TRANSFER,0.000100,0.158000,Poll: Check Layer Cache
3003048.240742,8003,d5b6c0cc-7700-4a35-a3d8-1ca4767780d9,worker_3,coordinator_0,NET_TRANSFER,0.000100,0.158000,Poll: Cache Status Reply
3003048.398742,8003,d5b6c0cc-7700-4a35-a3d8-1ca4767780d9,coordinator_0,worker_4,NET_TRANSFER,0.000100,0.158000,Poll: Check Layer Cache
3003048.556742,8003,d5b6c0cc-7700-4a35-a3d8-1ca4767780d9,worker_4,coordinator_0,NET_TRANSFER,0.000100,0.158000,Poll: Cache Status Reply
3003048.714742,8003,d5b6c0cc-7700-4a35-a3d8-1ca4767780d9,coordinator_0,worker_2,NET_TRANSFER,0.000100,0.158000,Poll: Check Layer Cache
3003048.872742,8003,d5b6c0cc-7700-4a35-a3d8-1ca4767780d9,worker_2,coordinator_0,NET_TRANSFER,0.000100,0.158000,Poll: Cache Status Reply
3003049.030742,8003,d5b6c0cc-7700-4a35-a3d8-1ca4767780d9,coordinator_0,worker_3,NET_TRANSFER,0.000100,0.158000,Poll: Check Layer Cache
3003049.188742,8003,d5b6c0cc-7700-4a35-a3d8-1ca4767780d9,worker_3,coordinator_0,NET_TRANSFER,0.000100,0.158000,Poll: Cache Status Reply
3003049.346742,8003,d5b6c0cc-7700-4a35-a3d8-1ca4767780d9,coordinator_0,worker_1,NET_TRANSFER,0.000100,0.158000,Poll: Check Layer Cache
3003049.504742,8003,d5b6c0cc-7700-4a35-a3d8-1ca4767780d9,worker_1,coordinator_0,NET_TRANSFER,0.000100,0.158000,Poll: Cache Status Reply
3003049.662742,8003,d5b6c0cc-7700-4a35-a3d8-1ca4767780d9,coordinator_0,worker_1,NET_TRANSFER,0.000100,0.158000,Poll: Check Layer Cache
3003049.820742,8003,d5b6c0cc-7700-4a35-a3d8-1ca4767780d9,worker_1,coordinator_0,NET_TRANSFER,0.000100,0.158000,Poll: Cache Status Reply
3003049.978742,8003,d5b6c0cc-7700-4a35-a3d8-1ca4767780d9,coordinator_0,worker_4,NET_TRANSFER,0.000100,0.158000,Poll: Check Layer Cache
3003050.136742,8003,d5b6c0cc-7700-4a35-a3d8-1ca4767780d9,worker_4,coordinator_0,NET_TRANSFER,0.000100,0.158000,Poll: Cache Status Reply
3003050.294742,8003,d5b6c0cc-7700-4a35-a3d8-1ca4767780d9,coordinator_0,worker_2,NET_TRANSFER,0.000100,0.158000,Poll: Check Layer Cache
3003050.452742,8003,d5b6c0cc-7700-4a35-a3d8-1ca4767780d9,worker_2,coordinator_0,NET_TRANSFER,0.000100,0.158000,Poll: Cache Status Reply
3003050.610742,8003,d5b6c0cc-7700-4a35-a3d8-1ca4767780d9,coordinator_0,worker_4,NET_TRANSFER,0.000100,0.158000,Poll: Check Layer Cache
3003050.768742,8003,d5b6c0cc-7700-4a35-a3d8-1ca4767780d9,worker_4,coordinator_0,NET_TRANSFER,0.000100,0.158000,Poll: Cache Status Reply
3003050.926742,8003,d5b6c0cc-7700-4a35-a3d8-1ca4767780d9,coordinator_0,worker_2,NET_TRANSFER,0.000100,0.158000,Poll: Check Layer Cache
3003051.084742,8003,d5b6c0cc-7700-4a35-a3d8-1ca4767780d9,worker_2,coordinator_0,NET_TRANSFER,0.000100,0.158000,Poll: Cache Status Reply
3003051.242742,8003,d5b6c0cc-7700-4a35-a3d8-1ca4767780d9,coordinator_0,worker_3,NET_TRANSFER,0.000100,0.158000,Poll: Check Layer Cache
3003051.400742,8003,d5b6c0cc-7700-4a35-a3d8-1ca4767780d9,worker_3,coordinator_0,NET_TRANSFER,0.000100,0.158000,Poll: Cache Status Reply
3003051.558742,8003,d5b6c0cc-7700-4a35-a3d8-1ca4767780d9,coordinator_0,worker_3,NET_TRANSFER,0.000100,0.158000,Poll: Check Layer Cache
3003051.716742,8003,d5b6c0cc-7700-4a35-a3d8-1ca4767780d9,worker_3,coordinator_0,NET_TRANSFER,0.000100,0.158000,Poll: Cache Status Reply
3003051.874742,8003,d5b6c0cc-7700-4a35-a3d8-1ca4767780d9,coordinator_0,worker_1,NET_TRANSFER,0.000100,0.158000,Poll: Check Layer Cache
3003052.032742,8003,d5b6c0cc-7700-4a35-a3d8-1ca4767780d9,worker_1,coordinator_0,NET_TRANSFER,0.000100,0.158000,Poll: Cache Status Reply
3003052.190742,8003,d5b6c0cc-7700-4a35-a3d8-1ca4767780d9,coordinator_0,worker_1,NET_TRANSFER,0.000100,0.158000,Poll: Check Layer Cache
3003052.348742,8003,d5b6c0cc-7700-4a35-a3d8-1ca4767780d9,worker_1,coordinator_0,NET_TRANSFER,0.000100,0.158000,Poll: Cache Status Reply
3003052.506742,8003,d5b6c0cc-7700-4a35-a3d8-1ca4767780d9,coordinator_0,worker_2,NET_TRANSFER,0.000100,0.158000,Poll: Check Layer Cache
3003052.664742,8003,d5b6c0cc-7700-4a35-a3d8-1ca4767780d9,worker_2,coordinator_0,NET_TRANSFER,0.000100,0.158000,Poll: Cache Status Reply
3003052.822742,8003,d5b6c0cc-7700-4a35-a3d8-1ca4767780d9,coordinator_0,worker_2,NET_TRANSFER,0.000100,0.158000,Poll: Check Layer Cache
3003052.980742,8003,d5b6c0cc-7700-4a35-a3d8-1ca4767780d9,worker_2,coordinator_0,NET_TRANSFER,0.000100,0.158000,Poll: Cache Status Reply
3003053.138742,8003,d5b6c0cc-7700-4a35-a3d8-1ca4767780d9,coordinator_0,worker_4,NET_TRANSFER,0.000100,0.158000,Poll: Check Layer Cache
3003053.296742,8003,d5b6c0cc-7700-4a35-a3d8-1ca4767780d9,worker_4,coordinator_0,NET_TRANSFER,0.000100,0.158000,Poll: Cache Status Reply
3003053.454742,8003,d5b6c0cc-7700-4a35-a3d8-1ca4767780d9,coordinator_0,worker_4,NET_TRANSFER,0.000100,0.158000,Poll: Check Layer Cache
3003053.612742,8003,d5b6c0cc-7700-4a35-a3d8-1ca4767780d9,worker_4,coordinator_0,NET_TRANSFER,0.000100,0.158000,Poll: Cache Status Reply
3003053.770742,8003,d5b6c0cc-7700-4a35-a3d8-1ca4767780d9,coordinator_0,worker_2,NET_TRANSFER,0.000100,0.158000,Poll: Check Layer Cache
3003053.928742,8003,d5b6c0cc-7700-4a35-a3d8-1ca4767780d9,worker_2,coordinator_0,NET_TRANSFER,0.000100,0.158000,Poll: Cache Status Reply
3003054.086742,8003,d5b6c0cc-7700-4a35-a3d8-1ca4767780d9,coordinator_0,worker_2,NET_TRANSFER,0.000100,0.158000,Poll: Check Layer Cache
3003054.244742,8003,d5b6c0cc-7700-4a35-a3d8-1ca4767780d9,worker_2,coordinator_0,NET_TRANSFER,0.000100,0.158000,Poll: Cache Status Reply
3003054.402742,8003,d5b6c0cc-7700-4a35-a3d8-1ca4767780d9,coordinator_0,worker_1,NET_TRANSFER,0.000100,0.158000,Poll: Check Layer Cache
3003054.560742,8003,d5b6c0cc-7700-4a35-a3d8-1ca4767780d9,worker_1,coordinator_0,NET_TRANSFER,0.000100,0.158000,Poll: Cache Status Reply
3003054.718742,8003,d5b6c0cc-7700-4a35-a3d8-1ca4767780d9,coordinator_0,worker_4,NET_TRANSFER,0.000100,0.158000,Poll: Check Layer Cache
3003054.876742,8003,d5b6c0cc-7700-4a35-a3d8-1ca4767780d9,worker_4,coordinator_0,NET_TRANSFER,0.000100,0.158000,Poll: Cache Status Reply
3003055.034742,8003,d5b6c0cc-7700-4a35-a3d8-1ca4767780d9,coordinator_0,worker_4,NET_TRANSFER,0.000100,0.158000,Poll: Check Layer Cache
3003055.192742,8003,d5b6c0cc-7700-4a35-a3d8-1ca4767780d9,worker_4,coordinator_0,NET_TRANSFER,0.000100,0.158000,Poll: Cache Status Reply
3003055.350742,8003,d5b6c0cc-7700-4a35-a3d8-1ca4767780d9,coordinator_0,worker_3,NET_TRANSFER,0.000100,0.158000,Poll: Check Layer Cache
3003055.508742,8003,d5b6c0cc-7700-4a35-a3d8-1ca4767780d9,worker_3,coordinator_0,NET_TRANSFER,0.000100,0.158000,Poll: Cache Status Reply
3003055.666742,8003,d5b6c0cc-7700-4a35-a3d8-1ca4767780d9,coordinator_0,worker_2,NET_TRANSFER,0.000100,0.158000,Poll: Check Layer Cache
3003055.824742,8003,d5b6c0cc-7700-4a35-a3d8-1ca4767780d9,worker_2,coordinator_0,NET_TRANSFER,0.000100,0.158000,Poll: Cache Status Reply
3003055.982742,10008,15fff31f-88d3-4850-8c0e-5a2d28be9990,coordinator_0,worker_3,NET_TRANSFER,0.000100,0.158000,Poll: Check Layer Cache
3003056.140742,10008,15fff31f-88d3-4850-8c0e-5a2d28be9990,worker_3,coordinator_0,NET_TRANSFER,0.000100,0.158000,Poll: Cache Status Reply
3003056.298742,10008,15fff31f-88d3-4850-8c0e-5a2d28be9990,coordinator_0,worker_3,NET_TRANSFER,0.000100,0.158000,Poll: Check Layer Cache
3003056.456742,10008,15fff31f-88d3-4850-8c0e-5a2d28be9990,worker_3,coordinator_0,NET_TRANSFER,0.000100,0.158000,Poll: Cache Status Reply
3003056.614742,10008,15fff31f-88d3-4850-8c0e-5a2d28be9990,coordinator_0,worker_1,NET_TRANSFER,0.000100,0.158000,Poll: Check Layer Cache
3003056.772742,10008,15fff31f-88d3-4850-8c0e-5a2d28be9990,worker_1,coordinator_0,NET_TRANSFER,0.000100,0.158000,Poll: Cache Status Reply
3003056.930742,10008,15fff31f-88d3-4850-8c0e-5a2d28be9990,coordinator_0,worker_4,NET_TRANSFER,0.000100,0.158000,Poll: Check Layer Cache
3003057.088742,10008,15fff31f-88d3-4850-8c0e-5a2d28be9990,worker_4,coordinator_0,NET_TRANSFER,0.000100,0.158000,Poll: Cache Status Reply
3003057.246742,10008,15fff31f-88d3-4850-8c0e-5a2d28be9990,coordinator_0,worker_2,NET_TRANSFER,0.000100,0.158000,Poll: Check Layer Cache
3003057.404742,10008,15fff31f-88d3-4850-8c0e-5a2d28be9990,worker_2,coordinator_0,NET_TRANSFER,0.000100,0.158000,Poll: Cache Status Reply
3003057.562742,10008,15fff31f-88d3-4850-8c0e-5a2d28be9990,coordinator_0,worker_1,NET_TRANSFER,0.000100,0.158000,Poll: Check Layer Cache
3003057.720742,10008,15fff31f-88d3-4850-8c0e-5a2d28be9990,worker_1,coordinator_0,NET_TRANSFER,0.000100,0.158000,Poll: Cache Status Reply
3003057.878742,10008,15fff31f-88d3-4850-8c0e-5a2d28be9990,coordinator_0,worker_1,NET_TRANSFER,0.000100,0.158000,Poll: Check Layer Cache
3003058.036742,10008,15fff31f-88d3-4850-8c0e-5a2d28be9990,worker_1,coordinator_0,NET_TRANSFER,0.000100,0.158000,Poll: Cache Status Reply
3003058.194742,10008,15fff31f-88d3-4850-8c0e-5a2d28be9990,coordinator_0,worker_4,NET_TRANSFER,0.000100,0.158000,Poll: Check Layer Cache
3003058.352742,10008,15fff31f-88d3-4850-8c0e-5a2d28be9990,worker_4,coordinator_0,NET_TRANSFER,0.000100,0.158000,Poll: Cache Status Reply
3003058.510742,10008,15fff31f-88d3-4850-8c0e-5a2d28be9990,coordinator_0,worker_3,NET_TRANSFER,0.000100,0.158000,Poll: Check Layer Cache
3003058.668742,10008,15fff31f-88d3-4850-8c0e-5a2d28be9990,worker_3,coordinator_0,NET_TRANSFER,0.000100,0.158000,Poll: Cache Status Reply
3003058.826742,10008,15fff31f-88d3-4850-8c0e-5a2d28be9990,coordinator_0,worker_4,NET_TRANSFER,0.000100,0.158000,Poll: Check Layer Cache
3003058.984742,10008,15fff31f-88d3-4850-8c0e-5a2d28be9990,worker_4,coordinator_0,NET_TRANSFER,0.000100,0.158000,Poll: Cache Status Reply
3003059.142742,10008,15fff31f-88d3-4850-8c0e-5a2d28be9990,coordinator_0,worker_2,NET_TRANSFER,0.000100,0.158000,Poll: Check Layer Cache
3003059.300742,10008,15fff31f-88d3-4850-8c0e-5a2d28be9990,worker_2,coordinator_0,NET_TRANSFER,0.000100,0.158000,Poll: Cache Status Reply
3003059.458742,10008,15fff31f-88d3-4850-8c0e-5a2d28be9990,coordinator_0,worker_1,NET_TRANSFER,0.000100,0.158000,Poll: Check Layer Cache
3003059.616742,10008,15fff31f-88d3-4850-8c0e-5a2d28be9990,worker_1,coordinator_0,NET_TRANSFER,0.000100,0.158000,Poll: Cache Status Reply
3003059.774742,10008,15fff31f-88d3-4850-8c0e-5a2d28be9990,coordinator_0,worker_1,NET_TRANSFER,0.000100,0.158000,Poll: Check Layer Cache
3003059.932742,10008,15fff31f-88d3-4850-8c0e-5a2d28be9990,worker_1,coordinator_0,NET_TRANSFER,0.000100,0.158000,Poll: Cache Status Reply
3003060.090742,10008,15fff31f-88d3-4850-8c0e-5a2d28be9990,coordinator_0,worker_2,NET_TRANSFER,0.000100,0.158000,Poll: Check Layer Cache
3003060.248742,10008,15fff31f-88d3-4850-8c0e-5a2d28be9990,worker_2,coordinator_0,NET_TRANSFER,0.000100,0.158000,Poll: Cache Status Reply
3003060.406742,10008,15fff31f-88d3-4850-8c0e-5a2d28be9990,coordinator_0,worker_2,NET_TRANSFER,0.000100,0.158000,Poll: Check Layer Cache
3003060.564742,10008,15fff31f-88d3-4850-8c0e-5a2d28be9990,worker_2,coordinator_0,NET_TRANSFER,0.000100,0.158000,Poll: Cache Status Reply
3003060.722742,10008,15fff31f-88d3-4850-8c0e-5a2d28be9990,coordinator_0,worker_4,NET_TRANSFER,0.000100,0.158000,Poll: Check Layer Cache
3003060.880742,10008,15fff31f-88d3-4850-8c0e-5a2d28be9990,worker_4,coordinator_0,NET_TRANSFER,0.000100,0.158000,Poll: Cache Status Reply
3003061.038742,10008,15fff31f-88d3-4850-8c0e-5a2d28be9990,coordinator_0,worker_4,NET_TRANSFER,0.000100,0.158000,Poll: Check Layer Cache
3003061.196742,10008,15fff31f-88d3-4850-8c0e-5a2d28be9990,worker_4,coordinator_0,NET_TRANSFER,0.000100,0.158000,Poll: Cache Status Reply
3003061.354742,10008,15fff31f-88d3-4850-8c0e-5a2d28be9990,coordinator_0,worker_2,NET_TRANSFER,0.000100,0.158000,Poll: Check Layer Cache
3003061.512742,10008,15fff31f-88d3-4850-8c0e-5a2d28be9990,worker_2,coordinator_0,NET_TRANSFER,0.000100,0.158000,Poll: Cache Status Reply
3003061.670742,10008,15fff31f-88d3-4850-8c0e-5a2d28be9990,coordinator_0,worker_2,NET_TRANSFER,0.000100,0.158000,Poll: Check Layer Cache
3003061.828742,10008,15fff31f-88d3-4850-8c0e-5a2d28be9990,worker_2,coordinator_0,NET_TRANSFER,0.000100,0.158000,Poll: Cache Status Reply
3003061.986742,10008,15fff31f-88d3-4850-8c0e-5a2d28be9990,coordinator_0,worker_3,NET_TRANSFER,0.000100,0.158000,Poll: Check Layer Cache
3003062.144742,10008,15fff31f-88d3-4850-8c0e-5a2d28be9990,worker_3,coordinator_0,NET_TRANSFER,0.000100,0.158000,Poll: Cache Status Reply
3003062.302742,10008,15fff31f-88d3-4850-8c0e-5a2d28be9990,coordinator_0,worker_3,NET_TRANSFER,0.000100,0.158000,Poll: Check Layer Cache
3003062.460742,10008,15fff31f-88d3-4850-8c0e-5a2d28be9990,worker_3,coordinator_0,NET_TRANSFER,0.000100,0.158000,Poll: Cache Status Reply
3003062.618742,10008,15fff31f-88d3-4850-8c0e-5a2d28be9990,coordinator_0,worker_4,NET_TRANSFER,0.000100,0.158000,Poll: Check Layer Cache
3003062.776742,10008,15fff31f-88d3-4850-8c0e-5a2d28be9990,worker_4,coordinator_0,NET_TRANSFER,0.000100,0.158000,Poll: Cache Status Reply
3003062.934742,10008,15fff31f-88d3-4850-8c0e-5a2d28be9990,coordinator_0,worker_2,NET_TRANSFER,0.000100,0.158000,Poll: Check Layer Cache
3003063.092742,10008,15fff31f-88d3-4850-8c0e-5a2d28be9990,worker_2,coordinator_0,NET_TRANSFER,0.000100,0.158000,Poll: Cache Status Reply
3003063.250742,10008,15fff31f-88d3-4850-8c0e-5a2d28be9990,coordinator_0,worker_2,NET_TRANSFER,0.000100,0.158000,Poll: Check Layer Cache
3003063.408742,10008,15fff31f-88d3-4850-8c0e-5a2d28be9990,worker_2,coordinator_0,NET_TRANSFER,0.000100,0.158000,Poll: Cache Status Reply
3003063.566742,10008,15fff31f-88d3-4850-8c0e-5a2d28be9990,coordinator_0,worker_3,NET_TRANSFER,0.000100,0.158000,Poll: Check Layer Cache
3003063.724742,10008,15fff31f-88d3-4850-8c0e-5a2d28be9990,worker_3,coordinator_0,NET_TRANSFER,0.000100,0.158000,Poll: Cache Status Reply
3003063.882742,10008,15fff31f-88d3-4850-8c0e-5a2d28be9990,coordinator_0,worker_4,NET_TRANSFER,0.000100,0.158000,Poll: Check Layer Cache
3003064.040742,10008,15fff31f-88d3-4850-8c0e-5a2d28be9990,worker_4,coordinator_0,NET_TRANSFER,0.000100,0.158000,Poll: Cache Status Reply
3003064.198742,10008,15fff31f-88d3-4850-8c0e-5a2d28be9990,coordinator_0,worker_4,NET_TRANSFER,0.000100,0.158000,Poll: Check Layer Cache
3003064.356742,10008,15fff31f-88d3-4850-8c0e-5a2d28be9990,worker_4,coordinator_0,NET_TRANSFER,0.000100,0.158000,Poll: Cache Status Reply
3003064.514742,10008,15fff31f-88d3-4850-8c0e-5a2d28be9990,coordinator_0,worker_4,NET_TRANSFER,0.000100,0.158000,Poll: Check Layer Cache
3003064.672742,10008,15fff31f-88d3-4850-8c0e-5a2d28be9990,worker_4,coordinator_0,NET_TRANSFER,0.000100,0.158000,Poll: Cache Status Reply
3003064.830742,10008,15fff31f-88d3-4850-8c0e-5a2d28be9990,coordinator_0,worker_1,NET_TRANSFER,0.000100,0.158000,Poll: Check Layer Cache
3003064.988742,10008,15fff31f-88d3-4850-8c0e-5a2d28be9990,worker_1,coordinator_0,NET_TRANSFER,0.000100,0.158000,Poll: Cache Status Reply
3003065.146742,10008,15fff31f-88d3-4850-8c0e-5a2d28be9990,coordinator_0,worker_3,NET_TRANSFER,0.000100,0.158000,Poll: Check Layer Cache
3003065.304742,10008,15fff31f-88d3-4850-8c0e-5a2d28be9990,worker_3,coordinator_0,NET_TRANSFER,0.000100,0.158000,Poll: Cache Status Reply
3003065.462742,10008,15fff31f-88d3-4850-8c0e-5a2d28be9990,coordinator_0,worker_1,NET_TRANSFER,0.000100,0.158000,Poll: Check Layer Cache
3003065.620742,10008,15fff31f-88d3-4850-8c0e-5a2d28be9990,worker_1,coordinator_0,NET_TRANSFER,0.000100,0.158000,Poll: Cache Status Reply
3003065.778742,10008,15fff31f-88d3-4850-8c0e-5a2d28be9990,coordinator_0,worker_3,NET_TRANSFER,0.000100,0.158000,Poll: Check Layer Cache
3003065.936742,10008,15fff31f-88d3-4850-8c0e-5a2d28be9990,worker_3,coordinator_0,NET_TRANSFER,0.000100,0.158000,Poll: Cache Status Reply
3003066.094742,10008,15fff31f-88d3-4850-8c0e-5a2d28be9990,coordinator_0,worker_1,NET_TRANSFER,0.000100,0.158000,Poll: Check Layer Cache
3003066.252742,10008,15fff31f-88d3-4850-8c0e-5a2d28be9990,worker_1,coordinator_0,NET_TRANSFER,0.000100,0.158000,Poll: Cache Status Reply
3003066.410742,10008,15fff31f-88d3-4850-8c0e-5a2d28be9990,coordinator_0,worker_3,NET_TRANSFER,0.000100,0.158000,Poll: Check Layer Cache
3003066.568742,10008,15fff31f-88d3-4850-8c0e-5a2d28be9990,worker_3,coordinator_0,NET_TRANSFER,0.000100,0.158000,Poll: Cache Status Reply
3003066.726742,10008,15fff31f-88d3-4850-8c0e-5a2d28be9990,coordinator_0,worker_2,NET_TRANSFER,0.000100,0.158000,Poll: Check Layer Cache
3003066.884742,10008,15fff31f-88d3-4850-8c0e-5a2d28be9990,worker_2,coordinator_0,NET_TRANSFER,0.000100,0.158000,Poll: Cache Status Reply
3003067.042742,8005,e20db8d2-b0ae-4054-bb3b-51a67633e6dd,coordinator_0,worker_1,NET_TRANSFER,0.000100,0.158000,Poll: Check Layer Cache
3003067.200742,8005,e20db8d2-b0ae-4054-bb3b-51a67633e6dd,worker_1,coordinator_0,NET_TRANSFER,0.000100,0.158000,Poll: Cache Status Reply
3003067.358742,8005,e20db8d2-b0ae-4054-bb3b-51a67633e6dd,coordinator_0,worker_2,NET_TRANSFER,0.000100,0.158000,Poll: Check Layer Cache
3003067.516742,8005,e20db8d2-b0ae-4054-bb3b-51a67633e6dd,worker_2,coordinator_0,NET_TRANSFER,0.000100,0.158000,Poll: Cache Status Reply
3003067.674742,8005,e20db8d2-b0ae-4054-bb3b-51a67633e6dd,coordinator_0,worker_1,NET_TRANSFER,0.000100,0.158000,Poll: Check Layer Cache
3003067.832742,8005,e20db8d2-b0ae-4054-bb3b-51a67633e6dd,worker_1,coordinator_0,NET_TRANSFER,0.000100,0.158000,Poll: Cache Status Reply
3003067.990742,8005,e20db8d2-b0ae-4054-bb3b-51a67633e6dd,coordinator_0,worker_3,NET_TRANSFER,0.000100,0.158000,Poll: Check Layer Cache
3003068.148742,8005,e20db8d2-b0ae-4054-bb3b-51a67633e6dd,worker_3,coordinator_0,NET_TRANSFER,0.000100,0.158000,Poll: Cache Status Reply
3003068.306742,8005,e20db8d2-b0ae-4054-bb3b-51a67633e6dd,coordinator_0,worker_4,NET_TRANSFER,0.000100,0.158000,Poll: Check Layer Cache
3003068.464742,8005,e20db8d2-b0ae-4054-bb3b-51a67633e6dd,worker_4,coordinator_0,NET_TRANSFER,0.000100,0.158000,Poll: Cache Status Reply
3003068.622742,8005,e20db8d2-b0ae-4054-bb3b-51a67633e6dd,coordinator_0,worker_1,NET_TRANSFER,0.000100,0.158000,Poll: Check Layer Cache
3003068.780742,8005,e20db8d2-b0ae-4054-bb3b-51a67633e6dd,worker_1,coordinator_0,NET_TRANSFER,0.000100,0.158000,Poll: Cache Status Reply
3003068.938742,8005,e20db8d2-b0ae-4054-bb3b-51a67633e6dd,coordinator_0,worker_3,NET_TRANSFER,0.000100,0.158000,Poll: Check Layer Cache
3003069.096742,8005,e20db8d2-b0ae-4054-bb3b-51a67633e6dd,worker_3,coordinator_0,NET_TRANSFER,0.000100,0.158000,Poll: Cache Status Reply
3003069.254742,8005,e20db8d2-b0ae-4054-bb3b-51a67633e6dd,coordinator_0,worker_2,NET_TRANSFER,0.000100,0.158000,Poll: Check Layer Cache
3003069.412742,8005,e20db8d2-b0ae-4054-bb3b-51a67633e6dd,worker_2,coordinator_0,NET_TRANSFER,0.000100,0.158000,Poll: Cache Status Reply
3003069.570742,8005,e20db8d2-b0ae-4054-bb3b-51a67633e6dd,coordinator_0,worker_4,NET_TRANSFER,0.000100,0.158000,Poll: Check Layer Cache
3003069.728742,8005,e20db8d2-b0ae-4054-bb3b-51a67633e6dd,worker_4,coordinator_0,NET_TRANSFER,0.000100,0.158000,Poll: Cache Status Reply
3003069.886742,8005,e20db8d2-b0ae-4054-bb3b-51a67633e6dd,coordinator_0,worker_4,NET_TRANSFER,0.000100,0.158000,Poll: Check Layer Cache
3003070.044742,8005,e20db8d2-b0ae-4054-bb3b-51a67633e6dd,worker_4,coordinator_0,NET_TRANSFER,0.000100,0.158000,Poll: Cache Status Reply
3003070.202742,8005,e20db8d2-b0ae-4054-bb3b-51a67633e6dd,coordinator_0,worker_1,NET_TRANSFER,0.000100,0.158000,Poll: Check Layer Cache
3003070.360742,8005,e20db8d2-b0ae-4054-bb3b-51a67633e6dd,worker_1,coordinator_0,NET_TRANSFER,0.000100,0.158000,Poll: Cache Status Reply
3003070.518742,8005,e20db8d2-b0ae-4054-bb3b-51a67633e6dd,coordinator_0,worker_3,NET_TRANSFER,0.000100,0.158000,Poll: Check Layer Cache
3003070.676742,8005,e20db8d2-b0ae-4054-bb3b-51a67633e6dd,worker_3,coordinator_0,NET_TRANSFER,0.000100,0.158000,Poll: Cache Status Reply
3003070.834742,8005,e20db8d2-b0ae-4054-bb3b-51a67633e6dd,coordinator_0,worker_4,NET_TRANSFER,0.000100,0.158000,Poll: Check Layer Cache
3003070.992742,8005,e20db8d2-b0ae-4054-bb3b-51a67633e6dd,worker_4,coordinator_0,NET_TRANSFER,0.000100,0.158000,Poll: Cache Status Reply
3003071.150742,8005,e20db8d2-b0ae-4054-bb3b-51a67633e6dd,coordinator_0,worker_4,NET_TRANSFER,0.000100,0.158000,Poll: Check Layer Cache
3003071.308742,8005,e20db8d2-b0ae-4054-bb3b-51a67633e6dd,worker_4,coordinator_0,NET_TRANSFER,0.000100,0.158000,Poll: Cache Status Reply
3003071.466742,8005,e20db8d2-b0ae-4054-bb3b-51a67633e6dd,coordinator_0,worker_2,NET_TRANSFER,0.000100,0.158000,Poll: Check Layer Cache
3003071.624742,8005,e20db8d2-b0ae-4054-bb3b-51a67633e6dd,worker_2,coordinator_0,NET_TRANSFER,0.000100,0.158000,Poll: Cache Status Reply
3003071.782742,8005,e20db8d2-b0ae-4054-bb3b-51a67633e6dd,coordinator_0,worker_3,NET_TRANSFER,0.000100,0.158000,Poll: Check Layer Cache
3003071.940742,8005,e20db8d2-b0ae-4054-bb3b-51a67633e6dd,worker_3,coordinator_0,NET_TRANSFER,0.000100,0.158000,Poll: Cache Status Reply
3003072.098742,8005,e20db8d2-b0ae-4054-bb3b-51a67633e6dd,coordinator_0,worker_4,NET_TRANSFER,0.000100,0.158000,Poll: Check Layer Cache
3003072.256742,8005,e20db8d2-b0ae-4054-bb3b-51a67633e6dd,worker_4,coordinator_0,NET_TRANSFER,0.000100,0.158000,Poll: Cache Status Reply
3003072.414742,8005,e20db8d2-b0ae-4054-bb3b-51a67633e6dd,coordinator_0,worker_3,NET_TRANSFER,0.000100,0.158000,Poll: Check Layer Cache
3003072.572742,8005,e20db8d2-b0ae-4054-bb3b-51a67633e6dd,worker_3,coordinator_0,NET_TRANSFER,0.000100,0.158000,Poll: Cache Status Reply
3003072.730742,8005,e20db8d2-b0ae-4054-bb3b-51a67633e6dd,coordinator_0,worker_1,NET_TRANSFER,0.000100,0.158000,Poll: Check Layer Cache
3003072.888742,8005,e20db8d2-b0ae-4054-bb3b-51a67633e6dd,worker_1,coordinator_0,NET_TRANSFER,0.000100,0.158000,Poll: Cache Status Reply
3003073.046742,8005,e20db8d2-b0ae-4054-bb3b-51a67633e6dd,coordinator_0,worker_3,NET_TRANSFER,0.000100,0.158000,Poll: Check Layer Cache
3003073.204742,8005,e20db8d2-b0ae-4054-bb3b-51a67633e6dd,worker_3,coordinator_0,NET_TRANSFER,0.000100,0.158000,Poll: Cache Status Reply
3003073.362742,8005,e20db8d2-b0ae-4054-bb3b-51a67633e6dd,coordinator_0,worker_3,NET_TRANSFER,0.000100,0.158000,Poll: Check Layer Cache
3003073.520742,8005,e20db8d2-b0ae-4054-bb3b-51a67633e6dd,worker_3,coordinator_0,NET_TRANSFER,0.000100,0.158000,Poll: Cache Status Reply
3003073.678742,8005,e20db8d2-b0ae-4054-bb3b-51a67633e6dd,coordinator_0,worker_2,NET_TRANSFER,0.000100,0.158000,Poll: Check Layer Cache
3003073.836742,8005,e20db8d2-b0ae-4054-bb3b-51a67633e6dd,worker_2,coordinator_0,NET_TRANSFER,0.000100,0.158000,Poll: Cache Status Reply
3003073.994742,8005,e20db8d2-b0ae-4054-bb3b-51a67633e6dd,coordinator_0,worker_3,NET_TRANSFER,0.000100,0.158000,Poll: Check Layer Cache
3003074.152742,8005,e20db8d2-b0ae-4054-bb3b-51a67633e6dd,worker_3,coordinator_0,NET_TRANSFER,0.000100,0.158000,Poll: Cache Status Reply
3003074.310742,8005,e20db8d2-b0ae-4054-bb3b-51a67633e6dd,coordinator_0,worker_2,NET_TRANSFER,0.000100,0.158000,Poll: Check Layer Cache
3003074.468742,8005,e20db8d2-b0ae-4054-bb3b-51a67633e6dd,worker_2,coordinator_0,NET_TRANSFER,0.000100,0.158000,Poll: Cache Status Reply
3003074.626742,8005,e20db8d2-b0ae-4054-bb3b-51a67633e6dd,coordinator_0,worker_2,NET_TRANSFER,0.000100,0.158000,Poll: Check Layer Cache
3003074.784742,8005,e20db8d2-b0ae-4054-bb3b-51a67633e6dd,worker_2,coordinator_0,NET_TRANSFER,0.000100,0.158000,Poll: Cache Status Reply
3003074.942742,8005,e20db8d2-b0ae-4054-bb3b-51a67633e6dd,coordinator_0,worker_1,NET_TRANSFER,0.000100,0.158000,Poll: Check Layer Cache
3003075.100742,8005,e20db8d2-b0ae-4054-bb3b-51a67633e6dd,worker_1,coordinator_0,NET_TRANSFER,0.000100,0.158000,Poll: Cache Status Reply
3003075.258742,8005,e20db8d2-b0ae-4054-bb3b-51a67633e6dd,coordinator_0,worker_2,NET_TRANSFER,0.000100,0.158000,Poll: Check Layer Cache
3003075.416742,8005,e20db8d2-b0ae-4054-bb3b-51a67633e6dd,worker_2,coordinator_0,NET_TRANSFER,0.000100,0.158000,Poll: Cache Status Reply
3003075.574742,8005,e20db8d2-b0ae-4054-bb3b-51a67633e6dd,coordinator_0,worker_4,NET_TRANSFER,0.000100,0.158000,Poll: Check Layer Cache
3003075.732742,8005,e20db8d2-b0ae-4054-bb3b-51a67633e6dd,worker_4,coordinator_0,NET_TRANSFER,0.000100,0.158000,Poll: Cache Status Reply
3003075.890742,8005,e20db8d2-b0ae-4054-bb3b-51a67633e6dd,coordinator_0,worker_2,NET_TRANSFER,0.000100,0.158000,Poll: Check Layer Cache
3003076.048742,8005,e20db8d2-b0ae-4054-bb3b-51a67633e6dd,worker_2,coordinator_0,NET_TRANSFER,0.000100,0.158000,Poll: Cache Status Reply
3003076.206742,8005,e20db8d2-b0ae-4054-bb3b-51a67633e6dd,coordinator_0,worker_1,NET_TRANSFER,0.000100,0.158000,Poll: Check Layer Cache
3003076.364742,8005,e20db8d2-b0ae-4054-bb3b-51a67633e6dd,worker_1,coordinator_0,NET_TRANSFER,0.000100,0.158000,Poll: Cache Status Reply
3003076.522742,8005,e20db8d2-b0ae-4054-bb3b-51a67633e6dd,coordinator_0,worker_4,NET_TRANSFER,0.000100,0.158000,Poll: Check Layer Cache
3003076.680742,8005,e20db8d2-b0ae-4054-bb3b-51a67633e6dd,worker_4,coordinator_0,NET_TRANSFER,0.000100,0.158000,Poll: Cache Status Reply
3003076.838742,8005,e20db8d2-b0ae-4054-bb3b-51a67633e6dd,coordinator_0,worker_1,NET_TRANSFER,0.000100,0.158000,Poll: Check Layer Cache
3003076.996742,8005,e20db8d2-b0ae-4054-bb3b-51a67633e6dd,worker_1,coordinator_0,NET_TRANSFER,0.000100,0.158000,Poll: Cache Status Reply
3003077.154742,10013,23c32e69-89c8-4a98-9507-a520351cbbe5,coordinator_0,worker_2,NET_TRANSFER,0.000100,0.158000,Poll: Check Layer Cache
3003077.312742,10013,23c32e69-89c8-4a98-9507-a520351cbbe5,worker_2,coordinator_0,NET_TRANSFER,0.000100,0.158000,Poll: Cache Status Reply
3003077.470742,10013,23c32e69-89c8-4a98-9507-a520351cbbe5,coordinator_0,worker_3,NET_TRANSFER,0.000100,0.158000,Poll: Check Layer Cache
3003077.628742,10013,23c32e69-89c8-4a98-9507-a520351cbbe5,worker_3,coordinator_0,NET_TRANSFER,0.000100,0.158000,Poll: Cache Status Reply
3003077.786742,10013,23c32e69-89c8-4a98-9507-a520351cbbe5,coordinator_0,worker_3,NET_TRANSFER,0.000100,0.158000,Poll: Check Layer Cache
3003077.944742,10013,23c32e69-89c8-4a98-9507-a520351cbbe5,worker_3,coordinator_0,NET_TRANSFER,0.000100,0.158000,Poll: Cache Status Reply
3003078.102742,10013,23c32e69-89c8-4a98-9507-a520351cbbe5,coordinator_0,worker_4,NET_TRANSFER,0.000100,0.158000,Poll: Check Layer Cache
3003078.260742,10013,23c32e69-89c8-4a98-9507-a520351cbbe5,worker_4,coordinator_0,NET_TRANSFER,0.000100,0.158000,Poll: Cache Status Reply
3003078.418742,10013,23c32e69-89c8-4a98-9507-a520351cbbe5,coordinator_0,worker_2,NET_TRANSFER,0.000100,0.158000,Poll: Check Layer Cache
3003078.576742,10013,23c32e69-89c8-4a98-9507-a520351cbbe5,worker_2,coordinator_0,NET_TRANSFER,0.000100,0.158000,Poll: Cache Status Reply
3003078.734742,10013,23c32e69-89c8-4a98-9507-a520351cbbe5,coordinator_0,worker_4,NET_TRANSFER,0.000100,0.158000,Poll: Check Layer Cache
3003078.892742,10013,23c32e69-89c8-4a98-9507-a520351cbbe5,worker_4,coordinator_0,NET_TRANSFER,0.000100,0.158000,Poll: Cache Status Reply
3003079.050742,10013,23c32e69-89c8-4a98-9507-a520351cbbe5,coordinator_0,worker_1,NET_TRANSFER,0.000100,0.158000,Poll: Check Layer Cache
3003079.208742,10013,23c32e69-89c8-4a98-9507-a520351cbbe5,worker_1,coordinator_0,NET_TRANSFER,0.000100,0.158000,Poll: Cache Status Reply
3003079.366742,10013,23c32e69-89c8-4a98-9507-a520351cbbe5,coordinator_0,worker_4,NET_TRANSFER,0.000100,0.158000,Poll: Check Layer Cache
3003079.524742,10013,23c32e69-89c8-4a98-9507-a520351cbbe5,worker_4,coordinator_0,NET_TRANSFER,0.000100,0.158000,Poll: Cache Status Reply
3003079.682742,10013,23c32e69-89c8-4a98-9507-a520351cbbe5,coordinator_0,worker_4,NET_TRANSFER,0.000100,0.158000,Poll: Check Layer Cache
3003079.840742,10013,23c32e69-89c8-4a98-9507-a520351cbbe5,worker_4,coordinator_0,NET_TRANSFER,0.000100,0.158000,Poll: Cache Status Reply
3003079.998742,10013,23c32e69-89c8-4a98-9507-a520351cbbe5,coordinator_0,worker_1,NET_TRANSFER,0.000100,0.158000,Poll: Check Layer Cache
3003080.156742,10013,23c32e69-89c8-4a98-9507-a520351cbbe5,worker_1,coordinator_0,NET_TRANSFER,0.000100,0.158000,Poll: Cache Status Reply
3003080.314742,10013,23c32e69-89c8-4a98-9507-a520351cbbe5,coordinator_0,worker_2,NET_TRANSFER,0.000100,0.158000,Poll: Check Layer Cache
3003080.472742,10013,23c32e69-89c8-4a98-9507-a520351cbbe5,worker_2,coordinator_0,NET_TRANSFER,0.000100,0.158000,Poll: Cache Status Reply
3003080.630742,10013,23c32e69-89c8-4a98-9507-a520351cbbe5,coordinator_0,worker_3,NET_TRANSFER,0.000100,0.158000,Poll: Check Layer Cache
3003080.788742,10013,23c32e69-89c8-4a98-9507-a520351cbbe5,worker_3,coordinator_0,NET_TRANSFER,0.000100,0.158000,Poll: Cache Status Reply
3003080.946742,10013,23c32e69-89c8-4a98-9507-a520351cbbe5,coordinator_0,worker_4,NET_TRANSFER,0.000100,0.158000,Poll: Check Layer Cache
3003081.104742,10013,23c32e69-89c8-4a98-9507-a520351cbbe5,worker_4,coordinator_0,NET_TRANSFER,0.000100,0.158000,Poll: Cache Status Reply
3003081.262742,10013,23c32e69-89c8-4a98-9507-a520351cbbe5,coordinator_0,worker_1,NET_TRANSFER,0.000100,0.158000,Poll: Check Layer Cache
3003081.420742,10013,23c32e69-89c8-4a98-9507-a520351cbbe5,worker_1,coordinator_0,NET_TRANSFER,0.000100,0.158000,Poll: Cache Status Reply
3003081.578742,10013,23c32e69-89c8-4a98-9507-a520351cbbe5,coordinator_0,worker_2,NET_TRANSFER,0.000100,0.158000,Poll: Check Layer Cache
3003081.736742,10013,23c32e69-89c8-4a98-9507-a520351cbbe5,worker_2,coordinator_0,NET_TRANSFER,0.000100,0.158000,Poll: Cache Status Reply
3003081.894742,10013,23c32e69-89c8-4a98-9507-a520351cbbe5,coordinator_0,worker_3,NET_TRANSFER,0.000100,0.158000,Poll: Check Layer Cache
3003082.052742,10013,23c32e69-89c8-4a98-9507-a520351cbbe5,worker_3,coordinator_0,NET_TRANSFER,0.000100,0.158000,Poll: Cache Status Reply
3003082.210742,10013,23c32e69-89c8-4a98-9507-a520351cbbe5,coordinator_0,worker_2,NET_TRANSFER,0.000100,0.158000,Poll: Check Layer Cache
3003082.368742,10013,23c32e69-89c8-4a98-9507-a520351cbbe5,worker_2,coordinator_0,NET_TRANSFER,0.000100,0.158000,Poll: Cache Status Reply
3003082.526742,10013,23c32e69-89c8-4a98-9507-a520351cbbe5,coordinator_0,worker_3,NET_TRANSFER,0.000100,0.158000,Poll: Check Layer Cache
3003082.684742,10013,23c32e69-89c8-4a98-9507-a520351cbbe5,worker_3,coordinator_0,NET_TRANSFER,0.000100,0.158000,Poll: Cache Status Reply
3003082.842742,10013,23c32e69-89c8-4a98-9507-a520351cbbe5,coordinator_0,worker_4,NET_TRANSFER,0.000100,0.158000,Poll: Check Layer Cache
3003083.000742,10013,23c32e69-89c8-4a98-9507-a520351cbbe5,worker_4,coordinator_0,NET_TRANSFER,0.000100,0.158000,Poll: Cache Status Reply
3003083.158742,10013,23c32e69-89c8-4a98-9507-a520351cbbe5,coordinator_0,worker_2,NET_TRANSFER,0.000100,0.158000,Poll: Check Layer Cache
3003083.316742,10013,23c32e69-89c8-4a98-9507-a520351cbbe5,worker_2,coordinator_0,NET_TRANSFER,0.000100,0.158000,Poll: Cache Status Reply
3003083.474742,10013,23c32e69-89c8-4a98-9507-a520351cbbe5,coordinator_0,worker_2,NET_TRANSFER,0.000100,0.158000,Poll: Check Layer Cache
3003083.632742,10013,23c32e69-89c8-4a98-9507-a520351cbbe5,worker_2,coordinator_0,NET_TRANSFER,0.000100,0.158000,Poll: Cache Status Reply
3003083.790742,10013,23c32e69-89c8-4a98-9507-a520351cbbe5,coordinator_0,worker_4,NET_TRANSFER,0.000100,0.158000,Poll: Check Layer Cache
3003083.948742,10013,23c32e69-89c8-4a98-9507-a520351cbbe5,worker_4,coordinator_0,NET_TRANSFER,0.000100,0.158000,Poll: Cache Status Reply
3003084.106742,10013,23c32e69-89c8-4a98-9507-a520351cbbe5,coordinator_0,worker_3,NET_TRANSFER,0.000100,0.158000,Poll: Check Layer Cache
3003084.264742,10013,23c32e69-89c8-4a98-9507-a520351cbbe5,worker_3,coordinator_0,NET_TRANSFER,0.000100,0.158000,Poll: Cache Status Reply
3003084.422742,10013,23c32e69-89c8-4a98-9507-a520351cbbe5,coordinator_0,worker_2,NET_TRANSFER,0.000100,0.158000,Poll: Check Layer Cache
3003084.580742,10013,23c32e69-89c8-4a98-9507-a520351cbbe5,worker_2,coordinator_0,NET_TRANSFER,0.000100,0.158000,Poll: Cache Status Reply
3003084.738742,10013,23c32e69-89c8-4a98-9507-a520351cbbe5,coordinator_0,worker_1,NET_TRANSFER,0.000100,0.158000,Poll: Check Layer Cache
3003084.896742,10013,23c32e69-89c8-4a98-9507-a520351cbbe5,worker_1,coordinator_0,NET_TRANSFER,0.000100,0.158000,Poll: Cache Status Reply
3003085.054742,10013,23c32e69-89c8-4a98-9507-a520351cbbe5,coordinator_0,worker_4,NET_TRANSFER,0.000100,0.158000,Poll: Check Layer Cache
3003085.212742,10013,23c32e69-89c8-4a98-9507-a520351cbbe5,worker_4,coordinator_0,NET_TRANSFER,0.000100,0.158000,Poll: Cache Status Reply
3003085.370742,10013,23c32e69-89c8-4a98-9507-a520351cbbe5,coordinator_0,worker_4,NET_TRANSFER,0.000100,0.158000,Poll: Check Layer Cache
3003085.528742,10013,23c32e69-89c8-4a98-9507-a520351cbbe5,worker_4,coordinator_0,NET_TRANSFER,0.000100,0.158000,Poll: Cache Status Reply
3003085.686742,10013,23c32e69-89c8-4a98-9507-a520351cbbe5,coordinator_0,worker_2,NET_TRANSFER,0.000100,0.158000,Poll: Check Layer Cache
3003085.844742,10013,23c32e69-89c8-4a98-9507-a520351cbbe5,worker_2,coordinator_0,NET_TRANSFER,0.000100,0.158000,Poll: Cache Status Reply
3003086.002742,10013,23c32e69-89c8-4a98-9507-a520351cbbe5,coordinator_0,worker_3,NET_TRANSFER,0.000100,0.158000,Poll: Check Layer Cache
3003086.160742,10013,23c32e69-89c8-4a98-9507-a520351cbbe5,worker_3,coordinator_0,NET_TRANSFER,0.000100,0.158000,Poll: Cache Status Reply
3003086.318742,10013,23c32e69-89c8-4a98-9507-a520351cbbe5,coordinator_0,worker_4,NET_TRANSFER,0.000100,0.158000,Poll: Check Layer Cache
3003086.476742,10013,23c32e69-89c8-4a98-9507-a520351cbbe5,worker_4,coordinator_0,NET_TRANSFER,0.000100,0.158000,Poll: Cache Status Reply
3003086.634742,10013,23c32e69-89c8-4a98-9507-a520351cbbe5,coordinator_0,worker_4,NET_TRANSFER,0.000100,0.158000,Poll: Check Layer Cache
3003086.792742,10013,23c32e69-89c8-4a98-9507-a520351cbbe5,worker_4,coordinator_0,NET_TRANSFER,0.000100,0.158000,Poll: Cache Status Reply
3003086.950742,10013,23c32e69-89c8-4a98-9507-a520351cbbe5,coordinator_0,worker_4,NET_TRANSFER,0.000100,0.158000,Poll: Check Layer Cache
3003087.108742,10013,23c32e69-89c8-4a98-9507-a520351cbbe5,worker_4,coordinator_0,NET_TRANSFER,0.000100,0.158000,Poll: Cache Status Reply
3003087.266742,10013,23c32e69-89c8-4a98-9507-a520351cbbe5,coordinator_0,worker_4,NET_TRANSFER,0.000100,0.158000,Poll: Check Layer Cache
3003087.424742,10013,23c32e69-89c8-4a98-9507-a520351cbbe5,worker_4,coordinator_0,NET_TRANSFER,0.000100,0.158000,Poll: Cache Status Reply
3003087.582742,10013,23c32e69-89c8-4a98-9507-a520351cbbe5,coordinator_0,worker_3,NET_TRANSFER,0.000100,0.158000,Poll: Check Layer Cache
3003087.740742,10013,23c32e69-89c8-4a98-9507-a520351cbbe5,worker_3,coordinator_0,NET_TRANSFER,0.000100,0.158000,Poll: Cache Status Reply
3003087.898742,10013,23c32e69-89c8-4a98-9507-a520351cbbe5,coordinator_0,worker_1,NET_TRANSFER,0.000100,0.158000,Poll: Check Layer Cache
3003088.056742,10013,23c32e69-89c8-4a98-9507-a520351cbbe5,worker_1,coordinator_0,NET_TRANSFER,0.000100,0.158000,Poll: Cache Status Reply
3003088.214742,10013,23c32e69-89c8-4a98-9507-a520351cbbe5,coordinator_0,worker_3,NET_TRANSFER,0.000100,0.158000,Poll: Check Layer Cache
3003088.372742,10013,23c32e69-89c8-4a98-9507-a520351cbbe5,worker_3,coordinator_0,NET_TRANSFER,0.000100,0.158000,Poll: Cache Status Reply
3003088.530742,10013,23c32e69-89c8-4a98-9507-a520351cbbe5,coordinator_0,worker_2,NET_TRANSFER,0.000100,0.158000,Poll: Check Layer Cache
3003088.688742,10013,23c32e69-89c8-4a98-9507-a520351cbbe5,worker_2,coordinator_0,NET_TRANSFER,0.000100,0.158000,Poll: Cache Status Reply
3003088.846742,10013,23c32e69-89c8-4a98-9507-a520351cbbe5,coordinator_0,worker_4,NET_TRANSFER,0.000100,0.158000,Poll: Check Layer Cache
3003089.004742,10013,23c32e69-89c8-4a98-9507-a520351cbbe5,worker_4,coordinator_0,NET_TRANSFER,0.000100,0.158000,Poll: Cache Status Reply
3003089.162742,10013,23c32e69-89c8-4a98-9507-a520351cbbe5,coordinator_0,worker_1,NET_TRANSFER,0.000100,0.158000,Poll: Check Layer Cache
3003089.320742,10013,23c32e69-89c8-4a98-9507-a520351cbbe5,worker_1,coordinator_0,NET_TRANSFER,0.000100,0.158000,Poll: Cache Status Reply
3003089.478742,10013,23c32e69-89c8-4a98-9507-a520351cbbe5,coordinator_0,worker_2,NET_TRANSFER,0.000100,0.158000,Poll: Check Layer Cache
3003089.636742,10013,23c32e69-89c8-4a98-9507-a520351cbbe5,worker_2,coordinator_0,NET_TRANSFER,0.000100,0.158000,Poll: Cache Status Reply
3003089.794742,10013,23c32e69-89c8-4a98-9507-a520351cbbe5,coordinator_0,worker_1,NET_TRANSFER,0.000100,0.158000,Poll: Check Layer Cache
3003089.952742,10013,23c32e69-89c8-4a98-9507-a520351cbbe5,worker_1,coordinator_0,NET_TRANSFER,0.000100,0.158000,Poll: Cache Status Reply
3003090.110742,10013,23c32e69-89c8-4a98-9507-a520351cbbe5,coordinator_0,worker_3,NET_TRANSFER,0.000100,0.158000,Poll: Check Layer Cache
3003090.268742,10013,23c32e69-89c8-4a98-9507-a520351cbbe5,worker_3,coordinator_0,NET_TRANSFER,0.000100,0.158000,Poll: Cache Status Reply
3003090.426742,10013,23c32e69-89c8-4a98-9507-a520351cbbe5,coordinator_0,worker_1,NET_TRANSFER,0.000100,0.158000,Poll: Check Layer Cache
3003090.584742,10013,23c32e69-89c8-4a98-9507-a520351cbbe5,worker_1,coordinator_0,NET_TRANSFER,0.000100,0.158000,Poll: Cache Status Reply
3003090.742742,10013,23c32e69-89c8-4a98-9507-a520351cbbe5,coordinator_0,worker_3,NET_TRANSFER,0.000100,0.158000,Poll: Check Layer Cache
3003090.900742,10013,23c32e69-89c8-4a98-9507-a520351cbbe5,worker_3,coordinator_0,NET_TRANSFER,0.000100,0.158000,Poll: Cache Status Reply
3003091.058742,10013,23c32e69-89c8-4a98-9507-a520351cbbe5,coordinator_0,worker_3,NET_TRANSFER,0.000100,0.158000,Poll: Check Layer Cache
3003091.216742,10013,23c32e69-89c8-4a98-9507-a520351cbbe5,worker_3,coordinator_0,NET_TRANSFER,0.000100,0.158000,Poll: Cache Status Reply
3003091.374742,10013,23c32e69-89c8-4a98-9507-a520351cbbe5,coordinator_0,worker_2,NET_TRANSFER,0.000100,0.158000,Poll: Check Layer Cache
3003091.532742,10013,23c32e69-89c8-4a98-9507-a520351cbbe5,worker_2,coordinator_0,NET_TRANSFER,0.000100,0.158000,Poll: Cache Status Reply
3003091.690742,10013,23c32e69-89c8-4a98-9507-a520351cbbe5,coordinator_0,worker_4,NET_TRANSFER,0.000100,0.158000,Poll: Check Layer Cache
3003091.848742,10013,23c32e69-89c8-4a98-9507-a520351cbbe5,worker_4,coordinator_0,NET_TRANSFER,0.000100,0.158000,Poll: Cache Status Reply
3003092.006742,10013,23c32e69-89c8-4a98-9507-a520351cbbe5,coordinator_0,worker_1,NET_TRANSFER,0.000100,0.158000,Poll: Check Layer Cache
3003092.164742,10013,23c32e69-89c8-4a98-9507-a520351cbbe5,worker_1,coordinator_0,NET_TRANSFER,0.000100,0.158000,Poll: Cache Status Reply
3003092.322742,10013,23c32e69-89c8-4a98-9507-a520351cbbe5,coordinator_0,worker_2,NET_TRANSFER,0.000100,0.158000,Poll: Check Layer Cache
3003092.480742,10013,23c32e69-89c8-4a98-9507-a520351cbbe5,worker_2,coordinator_0,NET_TRANSFER,0.000100,0.158000,Poll: Cache Status Reply
3003092.638742,10013,23c32e69-89c8-4a98-9507-a520351cbbe5,coordinator_0,worker_3,NET_TRANSFER,0.000100,0.158000,Poll: Check Layer Cache
3003092.796742,10013,23c32e69-89c8-4a98-9507-a520351cbbe5,worker_3,coordinator_0,NET_TRANSFER,0.000100,0.158000,Poll: Cache Status Reply
3003092.954742,10013,23c32e69-89c8-4a98-9507-a520351cbbe5,coordinator_0,worker_2,NET_TRANSFER,0.000100,0.158000,Poll: Check Layer Cache
3003093.112742,10013,23c32e69-89c8-4a98-9507-a520351cbbe5,worker_2,coordinator_0,NET_TRANSFER,0.000100,0.158000,Poll: Cache Status Reply
3003093.270742,10013,23c32e69-89c8-4a98-9507-a520351cbbe5,coordinator_0,worker_3,NET_TRANSFER,0.000100,0.158000,Poll: Check Layer Cache
3003093.428742,10013,23c32e69-89c8-4a98-9507-a520351cbbe5,worker_3,coordinator_0,NET_TRANSFER,0.000100,0.158000,Poll: Cache Status Reply
3003093.586742,10013,23c32e69-89c8-4a98-9507-a520351cbbe5,coordinator_0,worker_2,NET_TRANSFER,0.000100,0.158000,Poll: Check Layer Cache
3003093.744742,10013,23c32e69-89c8-4a98-9507-a520351cbbe5,worker_2,coordinator_0,NET_TRANSFER,0.000100,0.158000,Poll: Cache Status Reply
3003093.902742,10013,23c32e69-89c8-4a98-9507-a520351cbbe5,coordinator_0,worker_1,NET_TRANSFER,0.000100,0.158000,Poll: Check Layer Cache
3003094.060742,10013,23c32e69-89c8-4a98-9507-a520351cbbe5,worker_1,coordinator_0,NET_TRANSFER,0.000100,0.158000,Poll: Cache Status Reply
3003094.218742,10013,23c32e69-89c8-4a98-9507-a520351cbbe5,coordinator_0,worker_1,NET_TRANSFER,0.000100,0.158000,Poll: Check Layer Cache
3003094.376742,10013,23c32e69-89c8-4a98-9507-a520351cbbe5,worker_1,coordinator_0,NET_TRANSFER,0.000100,0.158000,Poll: Cache Status Reply
3003094.534742,10013,23c32e69-89c8-4a98-9507-a520351cbbe5,coordinator_0,worker_1,NET_TRANSFER,0.000100,0.158000,Poll: Check Layer Cache
3003094.692742,10013,23c32e69-89c8-4a98-9507-a520351cbbe5,worker_1,coordinator_0,NET_TRANSFER,0.000100,0.158000,Poll: Cache Status Reply
3003094.850742,10013,23c32e69-89c8-4a98-9507-a520351cbbe5,coordinator_0,worker_1,NET_TRANSFER,0.000100,0.158000,Poll: Check Layer Cache
3003095.008742,10013,23c32e69-89c8-4a98-9507-a520351cbbe5,worker_1,coordinator_0,NET_TRANSFER,0.000100,0.158000,Poll: Cache Status Reply
3003095.166742,10013,23c32e69-89c8-4a98-9507-a520351cbbe5,coordinator_0,worker_1,NET_TRANSFER,0.000100,0.158000,Poll: Check Layer Cache
3003095.324742,10013,23c32e69-89c8-4a98-9507-a520351cbbe5,worker_1,coordinator_0,NET_TRANSFER,0.000100,0.158000,Poll: Cache Status Reply
3003095.482742,10013,23c32e69-89c8-4a98-9507-a520351cbbe5,coordinator_0,worker_1,NET_TRANSFER,0.000100,0.158000,Poll: Check Layer Cache
3003095.640742,10013,23c32e69-89c8-4a98-9507-a520351cbbe5,worker_1,coordinator_0,NET_TRANSFER,0.000100,0.158000,Poll: Cache Status Reply
3003095.798742,9005,15fff31f-88d3-4850-8c0e-5a2d28be9990,coordinator_0,worker_4,NET_TRANSFER,0.000100,0.158000,Poll: Check Layer Cache
3003095.956742,9005,15fff31f-88d3-4850-8c0e-5a2d28be9990,worker_4,coordinator_0,NET_TRANSFER,0.000100,0.158000,Poll: Cache Status Reply
3003096.114742,9005,15fff31f-88d3-4850-8c0e-5a2d28be9990,coordinator_0,worker_2,NET_TRANSFER,0.000100,0.158000,Poll: Check Layer Cache
3003096.272742,9005,15fff31f-88d3-4850-8c0e-5a2d28be9990,worker_2,coordinator_0,NET_TRANSFER,0.000100,0.158000,Poll: Cache Status Reply
3003096.430742,9005,15fff31f-88d3-4850-8c0e-5a2d28be9990,coordinator_0,worker_1,NET_TRANSFER,0.000100,0.158000,Poll: Check Layer Cache
3003096.588742,9005,15fff31f-88d3-4850-8c0e-5a2d28be9990,worker_1,coordinator_0,NET_TRANSFER,0.000100,0.158000,Poll: Cache Status Reply
3003096.746742,9005,15fff31f-88d3-4850-8c0e-5a2d28be9990,coordinator_0,worker_1,NET_TRANSFER,0.000100,0.158000,Poll: Check Layer Cache
3003096.904742,9005,15fff31f-88d3-4850-8c0e-5a2d28be9990,worker_1,coordinator_0,NET_TRANSFER,0.000100,0.158000,Poll: Cache Status Reply
3003097.062742,9005,15fff31f-88d3-4850-8c0e-5a2d28be9990,coordinator_0,worker_4,NET_TRANSFER,0.000100,0.158000,Poll: Check Layer Cache
3003097.220742,9005,15fff31f-88d3-4850-8c0e-5a2d28be9990,worker_4,coordinator_0,NET_TRANSFER,0.000100,0.158000,Poll: Cache Status Reply
3003097.378742,9005,15fff31f-88d3-4850-8c0e-5a2d28be9990,coordinator_0,worker_3,NET_TRANSFER,0.000100,0.158000,Poll: Check Layer Cache
3003097.536742,9005,15fff31f-88d3-4850-8c0e-5a2d28be9990,worker_3,coordinator_0,NET_TRANSFER,0.000100,0.158000,Poll: Cache Status Reply
3003097.694742,9005,15fff31f-88d3-4850-8c0e-5a2d28be9990,coordinator_0,worker_4,NET_TRANSFER,0.000100,0.158000,Poll: Check Layer Cache
3003097.852742,9005,15fff31f-88d3-4850-8c0e-5a2d28be9990,worker_4,coordinator_0,NET_TRANSFER,0.000100,0.158000,Poll: Cache Status Reply
3003098.010742,9005,15fff31f-88d3-4850-8c0e-5a2d28be9990,coordinator_0,worker_2,NET_TRANSFER,0.000100,0.158000,Poll: Check Layer Cache
3003098.168742,9005,15fff31f-88d3-4850-8c0e-5a2d28be9990,worker_2,coordinator_0,NET_TRANSFER,0.000100,0.158000,Poll: Cache Status Reply
3003098.326742,9005,15fff31f-88d3-4850-8c0e-5a2d28be9990,coordinator_0,worker_1,NET_TRANSFER,0.000100,0.158000,Poll: Check Layer Cache
3003098.484742,9005,15fff31f-88d3-4850-8c0e-5a2d28be9990,worker_1,coordinator_0,NET_TRANSFER,0.000100,0.158000,Poll: Cache Status Reply
3003098.642742,9005,15fff31f-88d3-4850-8c0e-5a2d28be9990,coordinator_0,worker_1,NET_TRANSFER,0.000100,0.158000,Poll: Check Layer Cache
3003098.800742,9005,15fff31f-88d3-4850-8c0e-5a2d28be9990,worker_1,coordinator_0,NET_TRANSFER,0.000100,0.158000,Poll: Cache Status Reply
3003098.958742,9005,15fff31f-88d3-4850-8c0e-5a2d28be9990,coordinator_0,worker_2,NET_TRANSFER,0.000100,0.158000,Poll: Check Layer Cache
3003099.116742,9005,15fff31f-88d3-4850-8c0e-5a2d28be9990,worker_2,coordinator_0,NET_TRANSFER,0.000100,0.158000,Poll: Cache Status Reply
3003099.274742,9005,15fff31f-88d3-4850-8c0e-5a2d28be9990,coordinator_0,worker_2,NET_TRANSFER,0.000100,0.158000,Poll: Check Layer Cache
3003099.432742,9005,15fff31f-88d3-4850-8c0e-5a2d28be9990,worker_2,coordinator_0,NET_TRANSFER,0.000100,0.158000,Poll: Cache Status Reply
3003099.590742,9005,15fff31f-88d3-4850-8c0e-5a2d28be9990,coordinator_0,worker_4,NET_TRANSFER,0.000100,0.158000,Poll: Check Layer Cache
3003099.748742,9005,15fff31f-88d3-4850-8c0e-5a2d28be9990,worker_4,coordinator_0,NET_TRANSFER,0.000100,0.158000,Poll: Cache Status Reply
3003099.906742,9005,15fff31f-88d3-4850-8c0e-5a2d28be9990,coordinator_0,worker_4,NET_TRANSFER,0.000100,0.158000,Poll: Check Layer Cache
3003100.064742,9005,15fff31f-88d3-4850-8c0e-5a2d28be9990,worker_4,coordinator_0,NET_TRANSFER,0.000100,0.158000,Poll: Cache Status Reply
3003100.222742,9005,15fff31f-88d3-4850-8c0e-5a2d28be9990,coordinator_0,worker_2,NET_TRANSFER,0.000100,0.158000,Poll: Check Layer Cache
3003100.380742,9005,15fff31f-88d3-4850-8c0e-5a2d28be9990,worker_2,coordinator_0,NET_TRANSFER,0.000100,0.158000,Poll: Cache Status Reply
3003100.538742,9005,15fff31f-88d3-4850-8c0e-5a2d28be9990,coordinator_0,worker_2,NET_TRANSFER,0.000100,0.158000,Poll: Check Layer Cache
3003100.696742,9005,15fff31f-88d3-4850-8c0e-5a2d28be9990,worker_2,coordinator_0,NET_TRANSFER,0.000100,0.158000,Poll: Cache Status Reply
3003100.854742,9005,15fff31f-88d3-4850-8c0e-5a2d28be9990,coordinator_0,worker_3,NET_TRANSFER,0.000100,0.158000,Poll: Check Layer Cache
3003101.012742,9005,15fff31f-88d3-4850-8c0e-5a2d28be9990,worker_3,coordinator_0,NET_TRANSFER,0.000100,0.158000,Poll: Cache Status Reply
3003101.170742,9005,15fff31f-88d3-4850-8c0e-5a2d28be9990,coordinator_0,worker_3,NET_TRANSFER,0.000100,0.158000,Poll: Check Layer Cache
3003101.328742,9005,15fff31f-88d3-4850-8c0e-5a2d28be9990,worker_3,coordinator_0,NET_TRANSFER,0.000100,0.158000,Poll: Cache Status Reply
3003101.486742,9005,15fff31f-88d3-4850-8c0e-5a2d28be9990,coordinator_0,worker_4,NET_TRANSFER,0.000100,0.158000,Poll: Check Layer Cache
3003101.644742,9005,15fff31f-88d3-4850-8c0e-5a2d28be9990,worker_4,coordinator_0,NET_TRANSFER,0.000100,0.158000,Poll: Cache Status Reply
3003101.802742,9005,15fff31f-88d3-4850-8c0e-5a2d28be9990,coordinator_0,worker_2,NET_TRANSFER,0.000100,0.158000,Poll: Check Layer Cache
3003101.960742,9005,15fff31f-88d3-4850-8c0e-5a2d28be9990,worker_2,coordinator_0,NET_TRANSFER,0.000100,0.158000,Poll: Cache Status Reply
3003102.118742,9005,15fff31f-88d3-4850-8c0e-5a2d28be9990,coordinator_0,worker_2,NET_TRANSFER,0.000100,0.158000,Poll: Check Layer Cache
3003102.276742,9005,15fff31f-88d3-4850-8c0e-5a2d28be9990,worker_2,coordinator_0,NET_TRANSFER,0.000100,0.158000,Poll: Cache Status Reply
3003102.434742,9005,15fff31f-88d3-4850-8c0e-5a2d28be9990,coordinator_0,worker_3,NET_TRANSFER,0.000100,0.158000,Poll: Check Layer Cache
3003102.592742,9005,15fff31f-88d3-4850-8c0e-5a2d28be9990,worker_3,coordinator_0,NET_TRANSFER,0.000100,0.158000,Poll: Cache Status Reply
3003102.750742,9005,15fff31f-88d3-4850-8c0e-5a2d28be9990,coordinator_0,worker_4,NET_TRANSFER,0.000100,0.158000,Poll: Check Layer Cache
3003102.908742,9005,15fff31f-88d3-4850-8c0e-5a2d28be9990,worker_4,coordinator_0,NET_TRANSFER,0.000100,0.158000,Poll: Cache Status Reply
3003103.066742,9005,15fff31f-88d3-4850-8c0e-5a2d28be9990,coordinator_0,worker_4,NET_TRANSFER,0.000100,0.158000,Poll: Check Layer Cache
3003103.224742,9005,15fff31f-88d3-4850-8c0e-5a2d28be9990,worker_4,coordinator_0,NET_TRANSFER,0.000100,0.158000,Poll: Cache Status Reply
3003103.382742,9005,15fff31f-88d3-4850-8c0e-5a2d28be9990,coordinator_0,worker_4,NET_TRANSFER,0.000100,0.158000,Poll: Check Layer Cache
3003103.540742,9005,15fff31f-88d3-4850-8c0e-5a2d28be9990,worker_4,coordinator_0,NET_TRANSFER,0.000100,0.158000,Poll: Cache Status Reply
3003103.698742,9005,15fff31f-88d3-4850-8c0e-5a2d28be9990,coordinator_0,worker_1,NET_TRANSFER,0.000100,0.158000,Poll: Check Layer Cache
3003103.856742,9005,15fff31f-88d3-4850-8c0e-5a2d28be9990,worker_1,coordinator_0,NET_TRANSFER,0.000100,0.158000,Poll: Cache Status Reply
3003104.014742,9005,15fff31f-88d3-4850-8c0e-5a2d28be9990,coordinator_0,worker_3,NET_TRANSFER,0.000100,0.158000,Poll: Check Layer Cache
3003104.172742,9005,15fff31f-88d3-4850-8c0e-5a2d28be9990,worker_3,coordinator_0,NET_TRANSFER,0.000100,0.158000,Poll: Cache Status Reply
3003104.330742,9005,15fff31f-88d3-4850-8c0e-5a2d28be9990,coordinator_0,worker_1,NET_TRANSFER,0.000100,0.158000,Poll: Check Layer Cache
3003104.488742,9005,15fff31f-88d3-4850-8c0e-5a2d28be9990,worker_1,coordinator_0,NET_TRANSFER,0.000100,0.158000,Poll: Cache Status Reply
3003104.646742,9005,15fff31f-88d3-4850-8c0e-5a2d28be9990,coordinator_0,worker_3,NET_TRANSFER,0.000100,0.158000,Poll: Check Layer Cache
3003104.804742,9005,15fff31f-88d3-4850-8c0e-5a2d28be9990,worker_3,coordinator_0,NET_TRANSFER,0.000100,0.158000,Poll: Cache Status Reply
3003104.962742,9005,15fff31f-88d3-4850-8c0e-5a2d28be9990,coordinator_0,worker_1,NET_TRANSFER,0.000100,0.158000,Poll: Check Layer Cache
3003105.120742,9005,15fff31f-88d3-4850-8c0e-5a2d28be9990,worker_1,coordinator_0,NET_TRANSFER,0.000100,0.158000,Poll: Cache Status Reply
3003105.278742,9005,15fff31f-88d3-4850-8c0e-5a2d28be9990,coordinator_0,worker_3,NET_TRANSFER,0.000100,0.158000,Poll: Check Layer Cache
3003105.436742,9005,15fff31f-88d3-4850-8c0e-5a2d28be9990,worker_3,coordinator_0,NET_TRANSFER,0.000100,0.158000,Poll: Cache Status Reply
3003105.594742,9005,15fff31f-88d3-4850-8c0e-5a2d28be9990,coordinator_0,worker_2,NET_TRANSFER,0.000100,0.158000,Poll: Check Layer Cache
3003105.752742,9005,15fff31f-88d3-4850-8c0e-5a2d28be9990,worker_2,coordinator_0,NET_TRANSFER,0.000100,0.158000,Poll: Cache Status Reply
3003105.910742,9005,15fff31f-88d3-4850-8c0e-5a2d28be9990,coordinator_0,worker_3,NET_TRANSFER,0.000100,0.158000,Poll: Check Layer Cache
3003106.068742,9005,15fff31f-88d3-4850-8c0e-5a2d28be9990,worker_3,coordinator_0,NET_TRANSFER,0.000100,0.158000,Poll: Cache Status Reply
3003106.226742,9005,15fff31f-88d3-4850-8c0e-5a2d28be9990,coordinator_0,worker_3,NET_TRANSFER,0.000100,0.158000,Poll: Check Layer Cache
3003106.384742,9005,15fff31f-88d3-4850-8c0e-5a2d28be9990,worker_3,coordinator_0,NET_TRANSFER,0.000100,0.158000,Poll: Cache Status Reply
3003106.542742,9005,15fff31f-88d3-4850-8c0e-5a2d28be9990,coordinator_0,worker_1,NET_TRANSFER,0.000100,0.158000,Poll: Check Layer Cache
3003106.700742,9005,15fff31f-88d3-4850-8c0e-5a2d28be9990,worker_1,coordinator_0,NET_TRANSFER,0.000100,0.158000,Poll: Cache Status Reply
3003106.858742,2006,23c32e69-89c8-4a98-9507-a520351cbbe5,coordinator_0,worker_2,NET_TRANSFER,0.000100,0.158000,Poll: Check Layer Cache
3003107.016742,2006,23c32e69-89c8-4a98-9507-a520351cbbe5,worker_2,coordinator_0,NET_TRANSFER,0.000100,0.158000,Poll: Cache Status Reply
3003107.174742,2006,23c32e69-89c8-4a98-9507-a520351cbbe5,coordinator_0,worker_3,NET_TRANSFER,0.000100,0.158000,Poll: Check Layer Cache
3003107.332742,2006,23c32e69-89c8-4a98-9507-a520351cbbe5,worker_3,coordinator_0,NET_TRANSFER,0.000100,0.158000,Poll: Cache Status Reply
3003107.490742,2006,23c32e69-89c8-4a98-9507-a520351cbbe5,coordinator_0,worker_4,NET_TRANSFER,0.000100,0.158000,Poll: Check Layer Cache
3003107.648742,2006,23c32e69-89c8-4a98-9507-a520351cbbe5,worker_4,coordinator_0,NET_TRANSFER,0.000100,0.158000,Poll: Cache Status Reply
3003107.806742,2006,23c32e69-89c8-4a98-9507-a520351cbbe5,coordinator_0,worker_4,NET_TRANSFER,0.000100,0.158000,Poll: Check Layer Cache
3003107.964742,2006,23c32e69-89c8-4a98-9507-a520351cbbe5,worker_4,coordinator_0,NET_TRANSFER,0.000100,0.158000,Poll: Cache Status Reply
3003108.122742,2006,23c32e69-89c8-4a98-9507-a520351cbbe5,coordinator_0,worker_4,NET_TRANSFER,0.000100,0.158000,Poll: Check Layer Cache
3003108.280742,2006,23c32e69-89c8-4a98-9507-a520351cbbe5,worker_4,coordinator_0,NET_TRANSFER,0.000100,0.158000,Poll: Cache Status Reply
3003108.438742,2006,23c32e69-89c8-4a98-9507-a520351cbbe5,coordinator_0,worker_4,NET_TRANSFER,0.000100,0.158000,Poll: Check Layer Cache
3003108.596742,2006,23c32e69-89c8-4a98-9507-a520351cbbe5,worker_4,coordinator_0,NET_TRANSFER,0.000100,0.158000,Poll: Cache Status Reply
3003108.754742,2006,23c32e69-89c8-4a98-9507-a520351cbbe5,coordinator_0,worker_3,NET_TRANSFER,0.000100,0.158000,Poll: Check Layer Cache
3003108.912742,2006,23c32e69-89c8-4a98-9507-a520351cbbe5,worker_3,coordinator_0,NET_TRANSFER,0.000100,0.158000,Poll: Cache Status Reply
3003109.070742,2006,23c32e69-89c8-4a98-9507-a520351cbbe5,coordinator_0,worker_1,NET_TRANSFER,0.000100,0.158000,Poll: Check Layer Cache
3003109.228742,2006,23c32e69-89c8-4a98-9507-a520351cbbe5,worker_1,coordinator_0,NET_TRANSFER,0.000100,0.158000,Poll: Cache Status Reply
3003109.386742,2006,23c32e69-89c8-4a98-9507-a520351cbbe5,coordinator_0,worker_3,NET_TRANSFER,0.000100,0.158000,Poll: Check Layer Cache
3003109.544742,2006,23c32e69-89c8-4a98-9507-a520351cbbe5,worker_3,coordinator_0,NET_TRANSFER,0.000100,0.158000,Poll: Cache Status Reply
3003109.702742,2006,23c32e69-89c8-4a98-9507-a520351cbbe5,coordinator_0,worker_2,NET_TRANSFER,0.000100,0.158000,Poll: Check Layer Cache
3003109.860742,2006,23c32e69-89c8-4a98-9507-a520351cbbe5,worker_2,coordinator_0,NET_TRANSFER,0.000100,0.158000,Poll: Cache Status Reply
3003110.018742,2006,23c32e69-89c8-4a98-9507-a520351cbbe5,coordinator_0,worker_4,NET_TRANSFER,0.000100,0.158000,Poll: Check Layer Cache
3003110.176742,2006,23c32e69-89c8-4a98-9507-a520351cbbe5,worker_4,coordinator_0,NET_TRANSFER,0.000100,0.158000,Poll: Cache Status Reply
3003110.334742,2006,23c32e69-89c8-4a98-9507-a520351cbbe5,coordinator_0,worker_1,NET_TRANSFER,0.000100,0.158000,Poll: Check Layer Cache
3003110.492742,2006,23c32e69-89c8-4a98-9507-a520351cbbe5,worker_1,coordinator_0,NET_TRANSFER,0.000100,0.158000,Poll: Cache Status Reply
3003110.650742,2006,23c32e69-89c8-4a98-9507-a520351cbbe5,coordinator_0,worker_2,NET_TRANSFER,0.000100,0.158000,Poll: Check Layer Cache
3003110.808742,2006,23c32e69-89c8-4a98-9507-a520351cbbe5,worker_2,coordinator_0,NET_TRANSFER,0.000100,0.158000,Poll: Cache Status Reply
3003110.966742,2006,23c32e69-89c8-4a98-9507-a520351cbbe5,coordinator_0,worker_1,NET_TRANSFER,0.000100,0.158000,Poll: Check Layer Cache
3003111.124742,2006,23c32e69-89c8-4a98-9507-a520351cbbe5,worker_1,coordinator_0,NET_TRANSFER,0.000100,0.158000,Poll: Cache Status Reply
3003111.282742,2006,23c32e69-89c8-4a98-9507-a520351cbbe5,coordinator_0,worker_3,NET_TRANSFER,0.000100,0.158000,Poll: Check Layer Cache
3003111.440742,2006,23c32e69-89c8-4a98-9507-a520351cbbe5,worker_3,coordinator_0,NET_TRANSFER,0.000100,0.158000,Poll: Cache Status Reply
3003111.598742,2006,23c32e69-89c8-4a98-9507-a520351cbbe5,coordinator_0,worker_1,NET_TRANSFER,0.000100,0.158000,Poll: Check Layer Cache
3003111.756742,2006,23c32e69-89c8-4a98-9507-a520351cbbe5,worker_1,coordinator_0,NET_TRANSFER,0.000100,0.158000,Poll: Cache Status Reply
3003111.914742,2006,23c32e69-89c8-4a98-9507-a520351cbbe5,coordinator_0,worker_3,NET_TRANSFER,0.000100,0.158000,Poll: Check Layer Cache
3003112.072742,2006,23c32e69-89c8-4a98-9507-a520351cbbe5,worker_3,coordinator_0,NET_TRANSFER,0.000100,0.158000,Poll: Cache Status Reply
3003112.230742,2006,23c32e69-89c8-4a98-9507-a520351cbbe5,coordinator_0,worker_3,NET_TRANSFER,0.000100,0.158000,Poll: Check Layer Cache
3003112.388742,2006,23c32e69-89c8-4a98-9507-a520351cbbe5,worker_3,coordinator_0,NET_TRANSFER,0.000100,0.158000,Poll: Cache Status Reply
3003112.546742,2006,23c32e69-89c8-4a98-9507-a520351cbbe5,coordinator_0,worker_2,NET_TRANSFER,0.000100,0.158000,Poll: Check Layer Cache
3003112.704742,2006,23c32e69-89c8-4a98-9507-a520351cbbe5,worker_2,coordinator_0,NET_TRANSFER,0.000100,0.158000,Poll: Cache Status Reply
3003112.862742,2006,23c32e69-89c8-4a98-9507-a520351cbbe5,coordinator_0,worker_4,NET_TRANSFER,0.000100,0.158000,Poll: Check Layer Cache
3003113.020742,2006,23c32e69-89c8-4a98-9507-a520351cbbe5,worker_4,coordinator_0,NET_TRANSFER,0.000100,0.158000,Poll: Cache Status Reply
3003113.178742,2006,23c32e69-89c8-4a98-9507-a520351cbbe5,coordinator_0,worker_1,NET_TRANSFER,0.000100,0.158000,Poll: Check Layer Cache
3003113.336742,2006,23c32e69-89c8-4a98-9507-a520351cbbe5,worker_1,coordinator_0,NET_TRANSFER,0.000100,0.158000,Poll: Cache Status Reply
3003113.494742,2006,23c32e69-89c8-4a98-9507-a520351cbbe5,coordinator_0,worker_2,NET_TRANSFER,0.000100,0.158000,Poll: Check Layer Cache
3003113.652742,2006,23c32e69-89c8-4a98-9507-a520351cbbe5,worker_2,coordinator_0,NET_TRANSFER,0.000100,0.158000,Poll: Cache Status Reply
3003113.810742,2006,23c32e69-89c8-4a98-9507-a520351cbbe5,coordinator_0,worker_3,NET_TRANSFER,0.000100,0.158000,Poll: Check Layer Cache
3003113.968742,2006,23c32e69-89c8-4a98-9507-a520351cbbe5,worker_3,coordinator_0,NET_TRANSFER,0.000100,0.158000,Poll: Cache Status Reply
3003114.126742,2006,23c32e69-89c8-4a98-9507-a520351cbbe5,coordinator_0,worker_2,NET_TRANSFER,0.000100,0.158000,Poll: Check Layer Cache
3003114.284742,2006,23c32e69-89c8-4a98-9507-a520351cbbe5,worker_2,coordinator_0,NET_TRANSFER,0.000100,0.158000,Poll: Cache Status Reply
3003114.442742,2006,23c32e69-89c8-4a98-9507-a520351cbbe5,coordinator_0,worker_3,NET_TRANSFER,0.000100,0.158000,Poll: Check Layer Cache
3003114.600742,2006,23c32e69-89c8-4a98-9507-a520351cbbe5,worker_3,coordinator_0,NET_TRANSFER,0.000100,0.158000,Poll: Cache Status Reply
3003114.758742,2006,23c32e69-89c8-4a98-9507-a520351cbbe5,coordinator_0,worker_2,NET_TRANSFER,0.000100,0.158000,Poll: Check Layer Cache
3003114.916742,2006,23c32e69-89c8-4a98-9507-a520351cbbe5,worker_2,coordinator_0,NET_TRANSFER,0.000100,0.158000,Poll: Cache Status Reply
3003115.074742,2006,23c32e69-89c8-4a98-9507-a520351cbbe5,coordinator_0,worker_1,NET_TRANSFER,0.000100,0.158000,Poll: Check Layer Cache
3003115.232742,2006,23c32e69-89c8-4a98-9507-a520351cbbe5,worker_1,coordinator_0,NET_TRANSFER,0.000100,0.158000,Poll: Cache Status Reply
3003115.390742,2006,23c32e69-89c8-4a98-9507-a520351cbbe5,coordinator_0,worker_1,NET_TRANSFER,0.000100,0.158000,Poll: Check Layer Cache
3003115.548742,2006,23c32e69-89c8-4a98-9507-a520351cbbe5,worker_1,coordinator_0,NET_TRANSFER,0.000100,0.158000,Poll: Cache Status Reply
3003115.706742,2006,23c32e69-89c8-4a98-9507-a520351cbbe5,coordinator_0,worker_1,NET_TRANSFER,0.000100,0.158000,Poll: Check Layer Cache
3003115.864742,2006,23c32e69-89c8-4a98-9507-a520351cbbe5,worker_1,coordinator_0,NET_TRANSFER,0.000100,0.158000,Poll: Cache Status Reply
3003116.022742,2006,23c32e69-89c8-4a98-9507-a520351cbbe5,coordinator_0,worker_1,NET_TRANSFER,0.000100,0.158000,Poll: Check Layer Cache
3003116.180742,2006,23c32e69-89c8-4a98-9507-a520351cbbe5,worker_1,coordinator_0,NET_TRANSFER,0.000100,0.158000,Poll: Cache Status Reply
3003116.338742,2006,23c32e69-89c8-4a98-9507-a520351cbbe5,coordinator_0,worker_1,NET_TRANSFER,0.000100,0.158000,Poll: Check Layer Cache
3003116.496742,2006,23c32e69-89c8-4a98-9507-a520351cbbe5,worker_1,coordinator_0,NET_TRANSFER,0.000100,0.158000,Poll: Cache Status Reply
3003116.654742,2006,23c32e69-89c8-4a98-9507-a520351cbbe5,coordinator_0,worker_1,NET_TRANSFER,0.000100,0.158000,Poll: Check Layer Cache
3003116.812742,2006,23c32e69-89c8-4a98-9507-a520351cbbe5,worker_1,coordinator_0,NET_TRANSFER,0.000100,0.158000,Poll: Cache Status Reply
3003116.970742,2006,23c32e69-89c8-4a98-9507-a520351cbbe5,coordinator_0,worker_2,NET_TRANSFER,0.000100,0.158000,Poll: Check Layer Cache
3003117.128742,2006,23c32e69-89c8-4a98-9507-a520351cbbe5,worker_2,coordinator_0,NET_TRANSFER,0.000100,0.158000,Poll: Cache Status Reply
3003117.286742,2006,23c32e69-89c8-4a98-9507-a520351cbbe5,coordinator_0,worker_3,NET_TRANSFER,0.000100,0.158000,Poll: Check Layer Cache
3003117.444742,2006,23c32e69-89c8-4a98-9507-a520351cbbe5,worker_3,coordinator_0,NET_TRANSFER,0.000100,0.158000,Poll: Cache Status Reply
3003117.602742,2006,23c32e69-89c8-4a98-9507-a520351cbbe5,coordinator_0,worker_3,NET_TRANSFER,0.000100,0.158000,Poll: Check Layer Cache
3003117.760742,2006,23c32e69-89c8-4a98-9507-a520351cbbe5,worker_3,coordinator_0,NET_TRANSFER,0.000100,0.158000,Poll: Cache Status Reply
3003117.918742,2006,23c32e69-89c8-4a98-9507-a520351cbbe5,coordinator_0,worker_4,NET_TRANSFER,0.000100,0.158000,Poll: Check Layer Cache
3003118.076742,2006,23c32e69-89c8-4a98-9507-a520351cbbe5,worker_4,coordinator_0,NET_TRANSFER,0.000100,0.158000,Poll: Cache Status Reply
3003118.234742,2006,23c32e69-89c8-4a98-9507-a520351cbbe5,coordinator_0,worker_2,NET_TRANSFER,0.000100,0.158000,Poll: Check Layer Cache
3003118.392742,2006,23c32e69-89c8-4a98-9507-a520351cbbe5,worker_2,coordinator_0,NET_TRANSFER,0.000100,0.158000,Poll: Cache Status Reply
3003118.550742,2006,23c32e69-89c8-4a98-9507-a520351cbbe5,coordinator_0,worker_4,NET_TRANSFER,0.000100,0.158000,Poll: Check Layer Cache
3003118.708742,2006,23c32e69-89c8-4a98-9507-a520351cbbe5,worker_4,coordinator_0,NET_TRANSFER,0.000100,0.158000,Poll: Cache Status Reply
3003118.866742,2006,23c32e69-89c8-4a98-9507-a520351cbbe5,coordinator_0,worker_1,NET_TRANSFER,0.000100,0.158000,Poll: Check Layer Cache
3003119.024742,2006,23c32e69-89c8-4a98-9507-a520351cbbe5,worker_1,coordinator_0,NET_TRANSFER,0.000100,0.158000,Poll: Cache Status Reply
3003119.182742,2006,23c32e69-89c8-4a98-9507-a520351cbbe5,coordinator_0,worker_4,NET_TRANSFER,0.000100,0.158000,Poll: Check Layer Cache
3003119.340742,2006,23c32e69-89c8-4a98-9507-a520351cbbe5,worker_4,coordinator_0,NET_TRANSFER,0.000100,0.158000,Poll: Cache Status Reply
3003119.498742,2006,23c32e69-89c8-4a98-9507-a520351cbbe5,coordinator_0,worker_4,NET_TRANSFER,0.000100,0.158000,Poll: Check Layer Cache
3003119.656742,2006,23c32e69-89c8-4a98-9507-a520351cbbe5,worker_4,coordinator_0,NET_TRANSFER,0.000100,0.158000,Poll: Cache Status Reply
3003119.814742,2006,23c32e69-89c8-4a98-9507-a520351cbbe5,coordinator_0,worker_1,NET_TRANSFER,0.000100,0.158000,Poll: Check Layer Cache
3003119.972742,2006,23c32e69-89c8-4a98-9507-a520351cbbe5,worker_1,coordinator_0,NET_TRANSFER,0.000100,0.158000,Poll: Cache Status Reply
3003120.130742,2006,23c32e69-89c8-4a98-9507-a520351cbbe5,coordinator_0,worker_2,NET_TRANSFER,0.000100,0.158000,Poll: Check Layer Cache
3003120.288742,2006,23c32e69-89c8-4a98-9507-a520351cbbe5,worker_2,coordinator_0,NET_TRANSFER,0.000100,0.158000,Poll: Cache Status Reply
3003120.446742,2006,23c32e69-89c8-4a98-9507-a520351cbbe5,coordinator_0,worker_3,NET_TRANSFER,0.000100,0.158000,Poll: Check Layer Cache
3003120.604742,2006,23c32e69-89c8-4a98-9507-a520351cbbe5,worker_3,coordinator_0,NET_TRANSFER,0.000100,0.158000,Poll: Cache Status Reply
3003120.762742,2006,23c32e69-89c8-4a98-9507-a520351cbbe5,coordinator_0,worker_4,NET_TRANSFER,0.000100,0.158000,Poll: Check Layer Cache
3003120.920742,2006,23c32e69-89c8-4a98-9507-a520351cbbe5,worker_4,coordinator_0,NET_TRANSFER,0.000100,0.158000,Poll: Cache Status Reply
3003121.078742,2006,23c32e69-89c8-4a98-9507-a520351cbbe5,coordinator_0,worker_1,NET_TRANSFER,0.000100,0.158000,Poll: Check Layer Cache
3003121.236742,2006,23c32e69-89c8-4a98-9507-a520351cbbe5,worker_1,coordinator_0,NET_TRANSFER,0.000100,0.158000,Poll: Cache Status Reply
3003121.394742,2006,23c32e69-89c8-4a98-9507-a520351cbbe5,coordinator_0,worker_2,NET_TRANSFER,0.000100,0.158000,Poll: Check Layer Cache
3003121.552742,2006,23c32e69-89c8-4a98-9507-a520351cbbe5,worker_2,coordinator_0,NET_TRANSFER,0.000100,0.158000,Poll: Cache Status Reply
3003121.710742,2006,23c32e69-89c8-4a98-9507-a520351cbbe5,coordinator_0,worker_3,NET_TRANSFER,0.000100,0.158000,Poll: Check Layer Cache
3003121.868742,2006,23c32e69-89c8-4a98-9507-a520351cbbe5,worker_3,coordinator_0,NET_TRANSFER,0.000100,0.158000,Poll: Cache Status Reply
3003122.026742,2006,23c32e69-89c8-4a98-9507-a520351cbbe5,coordinator_0,worker_2,NET_TRANSFER,0.000100,0.158000,Poll: Check Layer Cache
3003122.184742,2006,23c32e69-89c8-4a98-9507-a520351cbbe5,worker_2,coordinator_0,NET_TRANSFER,0.000100,0.158000,Poll: Cache Status Reply
3003122.342742,2006,23c32e69-89c8-4a98-9507-a520351cbbe5,coordinator_0,worker_3,NET_TRANSFER,0.000100,0.158000,Poll: Check Layer Cache
3003122.500742,2006,23c32e69-89c8-4a98-9507-a520351cbbe5,worker_3,coordinator_0,NET_TRANSFER,0.000100,0.158000,Poll: Cache Status Reply
3003122.658742,2006,23c32e69-89c8-4a98-9507-a520351cbbe5,coordinator_0,worker_4,NET_TRANSFER,0.000100,0.158000,Poll: Check Layer Cache
3003122.816742,2006,23c32e69-89c8-4a98-9507-a520351cbbe5,worker_4,coordinator_0,NET_TRANSFER,0.000100,0.158000,Poll: Cache Status Reply
3003122.974742,2006,23c32e69-89c8-4a98-9507-a520351cbbe5,coordinator_0,worker_2,NET_TRANSFER,0.000100,0.158000,Poll: Check Layer Cache
3003123.132742,2006,23c32e69-89c8-4a98-9507-a520351cbbe5,worker_2,coordinator_0,NET_TRANSFER,0.000100,0.158000,Poll: Cache Status Reply
3003123.290742,2006,23c32e69-89c8-4a98-9507-a520351cbbe5,coordinator_0,worker_2,NET_TRANSFER,0.000100,0.158000,Poll: Check Layer Cache
3003123.448742,2006,23c32e69-89c8-4a98-9507-a520351cbbe5,worker_2,coordinator_0,NET_TRANSFER,0.000100,0.158000,Poll: Cache Status Reply
3003123.606742,2006,23c32e69-89c8-4a98-9507-a520351cbbe5,coordinator_0,worker_4,NET_TRANSFER,0.000100,0.158000,Poll: Check Layer Cache
3003123.764742,2006,23c32e69-89c8-4a98-9507-a520351cbbe5,worker_4,coordinator_0,NET_TRANSFER,0.000100,0.158000,Poll: Cache Status Reply
3003123.922742,2006,23c32e69-89c8-4a98-9507-a520351cbbe5,coordinator_0,worker_3,NET_TRANSFER,0.000100,0.158000,Poll: Check Layer Cache
3003124.080742,2006,23c32e69-89c8-4a98-9507-a520351cbbe5,worker_3,coordinator_0,NET_TRANSFER,0.000100,0.158000,Poll: Cache Status Reply
3003124.238742,2006,23c32e69-89c8-4a98-9507-a520351cbbe5,coordinator_0,worker_2,NET_TRANSFER,0.000100,0.158000,Poll: Check Layer Cache
3003124.396742,2006,23c32e69-89c8-4a98-9507-a520351cbbe5,worker_2,coordinator_0,NET_TRANSFER,0.000100,0.158000,Poll: Cache Status Reply
3003124.554742,2006,23c32e69-89c8-4a98-9507-a520351cbbe5,coordinator_0,worker_1,NET_TRANSFER,0.000100,0.158000,Poll: Check Layer Cache
3003124.712742,2006,23c32e69-89c8-4a98-9507-a520351cbbe5,worker_1,coordinator_0,NET_TRANSFER,0.000100,0.158000,Poll: Cache Status Reply
3003124.870742,2006,23c32e69-89c8-4a98-9507-a520351cbbe5,coordinator_0,worker_4,NET_TRANSFER,0.000100,0.158000,Poll: Check Layer Cache
3003125.028742,2006,23c32e69-89c8-4a98-9507-a520351cbbe5,worker_4,coordinator_0,NET_TRANSFER,0.000100,0.158000,Poll: Cache Status Reply
3003125.186742,2006,23c32e69-89c8-4a98-9507-a520351cbbe5,coordinator_0,worker_4,NET_TRANSFER,0.000100,0.158000,Poll: Check Layer Cache
3003125.344742,2006,23c32e69-89c8-4a98-9507-a520351cbbe5,worker_4,coordinator_0,NET_TRANSFER,0.000100,0.158000,Poll: Cache Status Reply
3003125.502742,9007,b378f61c-a691-49d8-9683-2c451172ffd9,coordinator_0,worker_3,NET_TRANSFER,0.000100,0.158000,Poll: Check Layer Cache
3003125.660742,9007,b378f61c-a691-49d8-9683-2c451172ffd9,worker_3,coordinator_0,NET_TRANSFER,0.000100,0.158000,Poll: Cache Status Reply
3003125.818742,9007,b378f61c-a691-49d8-9683-2c451172ffd9,coordinator_0,worker_3,NET_TRANSFER,0.000100,0.158000,Poll: Check Layer Cache
3003125.976742,9007,b378f61c-a691-49d8-9683-2c451172ffd9,worker_3,coordinator_0,NET_TRANSFER,0.000100,0.158000,Poll: Cache Status Reply
3003126.134742,9007,b378f61c-a691-49d8-9683-2c451172ffd9,coordinator_0,worker_3,NET_TRANSFER,0.000100,0.158000,Poll: Check Layer Cache
3003126.292742,9007,b378f61c-a691-49d8-9683-2c451172ffd9,worker_3,coordinator_0,NET_TRANSFER,0.000100,0.158000,Poll: Cache Status Reply
3003126.450742,9007,b378f61c-a691-49d8-9683-2c451172ffd9,coordinator_0,worker_2,NET_TRANSFER,0.000100,0.158000,Poll: Check Layer Cache
3003126.608742,9007,b378f61c-a691-49d8-9683-2c451172ffd9,worker_2,coordinator_0,NET_TRANSFER,0.000100,0.158000,Poll: Cache Status Reply
3003126.766742,9007,b378f61c-a691-49d8-9683-2c451172ffd9,coordinator_0,worker_2,NET_TRANSFER,0.000100,0.158000,Poll: Check Layer Cache
3003126.924742,9007,b378f61c-a691-49d8-9683-2c451172ffd9,worker_2,coordinator_0,NET_TRANSFER,0.000100,0.158000,Poll: Cache Status Reply
3003127.082742,9007,b378f61c-a691-49d8-9683-2c451172ffd9,coordinator_0,worker_2,NET_TRANSFER,0.000100,0.158000,Poll: Check Layer Cache
3003127.240742,9007,b378f61c-a691-49d8-9683-2c451172ffd9,worker_2,coordinator_0,NET_TRANSFER,0.000100,0.158000,Poll: Cache Status Reply
3003127.398742,9007,b378f61c-a691-49d8-9683-2c451172ffd9,coordinator_0,worker_2,NET_TRANSFER,0.000100,0.158000,Poll: Check Layer Cache
3003127.556742,9007,b378f61c-a691-49d8-9683-2c451172ffd9,worker_2,coordinator_0,NET_TRANSFER,0.000100,0.158000,Poll: Cache Status Reply
3003127.714742,9007,b378f61c-a691-49d8-9683-2c451172ffd9,coordinator_0,worker_3,NET_TRANSFER,0.000100,0.158000,Poll: Check Layer Cache
3003127.872742,9007,b378f61c-a691-49d8-9683-2c451172ffd9,worker_3,coordinator_0,NET_TRANSFER,0.000100,0.158000,Poll: Cache Status Reply
3003128.030742,9007,b378f61c-a691-49d8-9683-2c451172ffd9,coordinator_0,worker_2,NET_TRANSFER,0.000100,0.158000,Poll: Check Layer Cache
3003128.188742,9007,b378f61c-a691-49d8-9683-2c451172ffd9,worker_2,coordinator_0,NET_TRANSFER,0.000100,0.158000,Poll: Cache Status Reply
3003128.346742,9007,b378f61c-a691-49d8-9683-2c451172ffd9,coordinator_0,worker_3,NET_TRANSFER,0.000100,0.158000,Poll: Check Layer Cache
3003128.504742,9007,b378f61c-a691-49d8-9683-2c451172ffd9,worker_3,coordinator_0,NET_TRANSFER,0.000100,0.158000,Poll: Cache Status Reply
3003128.662742,9007,b378f61c-a691-49d8-9683-2c451172ffd9,coordinator_0,worker_4,NET_TRANSFER,0.000100,0.158000,Poll: Check Layer Cache
3003128.820742,9007,b378f61c-a691-49d8-9683-2c451172ffd9,worker_4,coordinator_0,NET_TRANSFER,0.000100,0.158000,Poll: Cache Status Reply
3003128.978742,9007,b378f61c-a691-49d8-9683-2c451172ffd9,coordinator_0,worker_1,NET_TRANSFER,0.000100,0.158000,Poll: Check Layer Cache
3003129.136742,9007,b378f61c-a691-49d8-9683-2c451172ffd9,worker_1,coordinator_0,NET_TRANSFER,0.000100,0.158000,Poll: Cache Status Reply
3003129.294742,9007,b378f61c-a691-49d8-9683-2c451172ffd9,coordinator_0,worker_3,NET_TRANSFER,0.000100,0.158000,Poll: Check Layer Cache
3003129.452742,9007,b378f61c-a691-49d8-9683-2c451172ffd9,worker_3,coordinator_0,NET_TRANSFER,0.000100,0.158000,Poll: Cache Status Reply
3003129.610742,9007,b378f61c-a691-49d8-9683-2c451172ffd9,coordinator_0,worker_1,NET_TRANSFER,0.000100,0.158000,Poll: Check Layer Cache
3003129.768742,9007,b378f61c-a691-49d8-9683-2c451172ffd9,worker_1,coordinator_0,NET_TRANSFER,0.000100,0.158000,Poll: Cache Status Reply
3003129.926742,9007,b378f61c-a691-49d8-9683-2c451172ffd9,coordinator_0,worker_4,NET_TRANSFER,0.000100,0.158000,Poll: Check Layer Cache
3003130.084742,9007,b378f61c-a691-49d8-9683-2c451172ffd9,worker_4,coordinator_0,NET_TRANSFER,0.000100,0.158000,Poll: Cache Status Reply
3003130.242742,9007,b378f61c-a691-49d8-9683-2c451172ffd9,coordinator_0,worker_2,NET_TRANSFER,0.000100,0.158000,Poll: Check Layer Cache
3003130.400742,9007,b378f61c-a691-49d8-9683-2c451172ffd9,worker_2,coordinator_0,NET_TRANSFER,0.000100,0.158000,Poll: Cache Status Reply
3003130.558742,9007,b378f61c-a691-49d8-9683-2c451172ffd9,coordinator_0,worker_2,NET_TRANSFER,0.000100,0.158000,Poll: Check Layer Cache
3003130.716742,9007,b378f61c-a691-49d8-9683-2c451172ffd9,worker_2,coordinator_0,NET_TRANSFER,0.000100,0.158000,Poll: Cache Status Reply
3003130.874742,9007,b378f61c-a691-49d8-9683-2c451172ffd9,coordinator_0,worker_1,NET_TRANSFER,0.000100,0.158000,Poll: Check Layer Cache
3003131.032742,9007,b378f61c-a691-49d8-9683-2c451172ffd9,worker_1,coordinator_0,NET_TRANSFER,0.000100,0.158000,Poll: Cache Status Reply
3003131.190742,9007,b378f61c-a691-49d8-9683-2c451172ffd9,coordinator_0,worker_4,NET_TRANSFER,0.000100,0.158000,Poll: Check Layer Cache
3003131.348742,9007,b378f61c-a691-49d8-9683-2c451172ffd9,worker_4,coordinator_0,NET_TRANSFER,0.000100,0.158000,Poll: Cache Status Reply
3003131.506742,9007,b378f61c-a691-49d8-9683-2c451172ffd9,coordinator_0,worker_3,NET_TRANSFER,0.000100,0.158000,Poll: Check Layer Cache
3003131.664742,9007,b378f61c-a691-49d8-9683-2c451172ffd9,worker_3,coordinator_0,NET_TRANSFER,0.000100,0.158000,Poll: Cache Status Reply
3003131.822742,9007,b378f61c-a691-49d8-9683-2c451172ffd9,coordinator_0,worker_4,NET_TRANSFER,0.000100,0.158000,Poll: Check Layer Cache
3003131.980742,9007,b378f61c-a691-49d8-9683-2c451172ffd9,worker_4,coordinator_0,NET_TRANSFER,0.000100,0.158000,Poll: Cache Status Reply
3003132.138742,9007,b378f61c-a691-49d8-9683-2c451172ffd9,coordinator_0,worker_2,NET_TRANSFER,0.000100,0.158000,Poll: Check Layer Cache
3003132.296742,9007,b378f61c-a691-49d8-9683-2c451172ffd9,worker_2,coordinator_0,NET_TRANSFER,0.000100,0.158000,Poll: Cache Status Reply
3003132.454742,9007,b378f61c-a691-49d8-9683-2c451172ffd9,coordinator_0,worker_4,NET_TRANSFER,0.000100,0.158000,Poll: Check Layer Cache
3003132.612742,9007,b378f61c-a691-49d8-9683-2c451172ffd9,worker_4,coordinator_0,NET_TRANSFER,0.000100,0.158000,Poll: Cache Status Reply
3003132.770742,9007,b378f61c-a691-49d8-9683-2c451172ffd9,coordinator_0,worker_1,NET_TRANSFER,0.000100,0.158000,Poll: Check Layer Cache
3003132.928742,9007,b378f61c-a691-49d8-9683-2c451172ffd9,worker_1,coordinator_0,NET_TRANSFER,0.000100,0.158000,Poll: Cache Status Reply
3003133.086742,9007,b378f61c-a691-49d8-9683-2c451172ffd9,coordinator_0,worker_4,NET_TRANSFER,0.000100,0.158000,Poll: Check Layer Cache
3003133.244742,9007,b378f61c-a691-49d8-9683-2c451172ffd9,worker_4,coordinator_0,NET_TRANSFER,0.000100,0.158000,Poll: Cache Status Reply
3003133.402742,9007,b378f61c-a691-49d8-9683-2c451172ffd9,coordinator_0,worker_4,NET_TRANSFER,0.000100,0.158000,Poll: Check Layer Cache
3003133.560742,9007,b378f61c-a691-49d8-9683-2c451172ffd9,worker_4,coordinator_0,NET_TRANSFER,0.000100,0.158000,Poll: Cache Status Reply
3003133.718742,9007,b378f61c-a691-49d8-9683-2c451172ffd9,coordinator_0,worker_1,NET_TRANSFER,0.000100,0.158000,Poll: Check Layer Cache
3003133.876742,9007,b378f61c-a691-49d8-9683-2c451172ffd9,worker_1,coordinator_0,NET_TRANSFER,0.000100,0.158000,Poll: Cache Status Reply
3003134.034742,9007,b378f61c-a691-49d8-9683-2c451172ffd9,coordinator_0,worker_2,NET_TRANSFER,0.000100,0.158000,Poll: Check Layer Cache
3003134.192742,9007,b378f61c-a691-49d8-9683-2c451172ffd9,worker_2,coordinator_0,NET_TRANSFER,0.000100,0.158000,Poll: Cache Status Reply
3003134.350742,9007,b378f61c-a691-49d8-9683-2c451172ffd9,coordinator_0,worker_3,NET_TRANSFER,0.000100,0.158000,Poll: Check Layer Cache
3003134.508742,9007,b378f61c-a691-49d8-9683-2c451172ffd9,worker_3,coordinator_0,NET_TRANSFER,0.000100,0.158000,Poll: Cache Status Reply
3003134.666742,9007,b378f61c-a691-49d8-9683-2c451172ffd9,coordinator_0,worker_1,NET_TRANSFER,0.000100,0.158000,Poll: Check Layer Cache
3003134.824742,9007,b378f61c-a691-49d8-9683-2c451172ffd9,worker_1,coordinator_0,NET_TRANSFER,0.000100,0.158000,Poll: Cache Status Reply
3003134.982742,9007,b378f61c-a691-49d8-9683-2c451172ffd9,coordinator_0,worker_1,NET_TRANSFER,0.000100,0.158000,Poll: Check Layer Cache
3003135.140742,9007,b378f61c-a691-49d8-9683-2c451172ffd9,worker_1,coordinator_0,NET_TRANSFER,0.000100,0.158000,Poll: Cache Status Reply
3003135.298742,9007,b378f61c-a691-49d8-9683-2c451172ffd9,coordinator_0,worker_3,NET_TRANSFER,0.000100,0.158000,Poll: Check Layer Cache
3003135.456742,9007,b378f61c-a691-49d8-9683-2c451172ffd9,worker_3,coordinator_0,NET_TRANSFER,0.000100,0.158000,Poll: Cache Status Reply
3003135.614742,9007,b378f61c-a691-49d8-9683-2c451172ffd9,coordinator_0,worker_1,NET_TRANSFER,0.000100,0.158000,Poll: Check Layer Cache
3003135.772742,9007,b378f61c-a691-49d8-9683-2c451172ffd9,worker_1,coordinator_0,NET_TRANSFER,0.000100,0.158000,Poll: Cache Status Reply
3003135.930742,9007,b378f61c-a691-49d8-9683-2c451172ffd9,coordinator_0,worker_3,NET_TRANSFER,0.000100,0.158000,Poll: Check Layer Cache
3003136.088742,9007,b378f61c-a691-49d8-9683-2c451172ffd9,worker_3,coordinator_0,NET_TRANSFER,0.000100,0.158000,Poll: Cache Status Reply
3003136.246742,9007,b378f61c-a691-49d8-9683-2c451172ffd9,coordinator_0,worker_4,NET_TRANSFER,0.000100,0.158000,Poll: Check Layer Cache
3003136.404742,9007,b378f61c-a691-49d8-9683-2c451172ffd9,worker_4,coordinator_0,NET_TRANSFER,0.000100,0.158000,Poll: Cache Status Reply
3003136.562742,9007,b378f61c-a691-49d8-9683-2c451172ffd9,coordinator_0,worker_4,NET_TRANSFER,0.000100,0.158000,Poll: Check Layer Cache
3003136.720742,9007,b378f61c-a691-49d8-9683-2c451172ffd9,worker_4,coordinator_0,NET_TRANSFER,0.000100,0.158000,Poll: Cache Status Reply
3003136.878742,9007,b378f61c-a691-49d8-9683-2c451172ffd9,coordinator_0,worker_1,NET_TRANSFER,0.000100,0.158000,Poll: Check Layer Cache
3003137.036742,9007,b378f61c-a691-49d8-9683-2c451172ffd9,worker_1,coordinator_0,NET_TRANSFER,0.000100,0.158000,Poll: Cache Status Reply
3003137.194742,9007,b378f61c-a691-49d8-9683-2c451172ffd9,coordinator_0,worker_1,NET_TRANSFER,0.000100,0.158000,Poll: Check Layer Cache
3003137.352742,9007,b378f61c-a691-49d8-9683-2c451172ffd9,worker_1,coordinator_0,NET_TRANSFER,0.000100,0.158000,Poll: Cache Status Reply
3003137.510742,9007,b378f61c-a691-49d8-9683-2c451172ffd9,coordinator_0,worker_1,NET_TRANSFER,0.000100,0.158000,Poll: Check Layer Cache
3003137.668742,9007,b378f61c-a691-49d8-9683-2c451172ffd9,worker_1,coordinator_0,NET_TRANSFER,0.000100,0.158000,Poll: Cache Status Reply
3003137.826742,9007,b378f61c-a691-49d8-9683-2c451172ffd9,coordinator_0,worker_2,NET_TRANSFER,0.000100,0.158000,Poll: Check Layer Cache
3003137.984742,9007,b378f61c-a691-49d8-9683-2c451172ffd9,worker_2,coordinator_0,NET_TRANSFER,0.000100,0.158000,Poll: Cache Status Reply
3003138.142742,9007,b378f61c-a691-49d8-9683-2c451172ffd9,coordinator_0,worker_2,NET_TRANSFER,0.000100,0.158000,Poll: Check Layer Cache
3003138.300742,9007,b378f61c-a691-49d8-9683-2c451172ffd9,worker_2,coordinator_0,NET_TRANSFER,0.000100,0.158000,Poll: Cache Status Reply
3003138.458742,9007,b378f61c-a691-49d8-9683-2c451172ffd9,coordinator_0,worker_2,NET_TRANSFER,0.000100,0.158000,Poll: Check Layer Cache
3003138.616742,9007,b378f61c-a691-49d8-9683-2c451172ffd9,worker_2,coordinator_0,NET_TRANSFER,0.000100,0.158000,Poll: Cache Status Reply
3003138.774742,9007,b378f61c-a691-49d8-9683-2c451172ffd9,coordinator_0,worker_4,NET_TRANSFER,0.000100,0.158000,Poll: Check Layer Cache
3003138.932742,9007,b378f61c-a691-49d8-9683-2c451172ffd9,worker_4,coordinator_0,NET_TRANSFER,0.000100,0.158000,Poll: Cache Status Reply
3003139.090742,9007,b378f61c-a691-49d8-9683-2c451172ffd9,coordinator_0,worker_1,NET_TRANSFER,0.000100,0.158000,Poll: Check Layer Cache
3003139.248742,9007,b378f61c-a691-49d8-9683-2c451172ffd9,worker_1,coordinator_0,NET_TRANSFER,0.000100,0.158000,Poll: Cache Status Reply
3003139.406742,9007,b378f61c-a691-49d8-9683-2c451172ffd9,coordinator_0,worker_3,NET_TRANSFER,0.000100,0.158000,Poll: Check Layer Cache
3003139.564742,9007,b378f61c-a691-49d8-9683-2c451172ffd9,worker_3,coordinator_0,NET_TRANSFER,0.000100,0.158000,Poll: Cache Status Reply
3003139.722742,9007,b378f61c-a691-49d8-9683-2c451172ffd9,coordinator_0,worker_1,NET_TRANSFER,0.000100,0.158000,Poll: Check Layer Cache
3003139.880742,9007,b378f61c-a691-49d8-9683-2c451172ffd9,worker_1,coordinator_0,NET_TRANSFER,0.000100,0.158000,Poll: Cache Status Reply
3003140.038742,9007,b378f61c-a691-49d8-9683-2c451172ffd9,coordinator_0,worker_2,NET_TRANSFER,0.000100,0.158000,Poll: Check Layer Cache
3003140.196742,9007,b378f61c-a691-49d8-9683-2c451172ffd9,worker_2,coordinator_0,NET_TRANSFER,0.000100,0.158000,Poll: Cache Status Reply
3003140.354742,9007,b378f61c-a691-49d8-9683-2c451172ffd9,coordinator_0,worker_4,NET_TRANSFER,0.000100,0.158000,Poll: Check Layer Cache
3003140.512742,9007,b378f61c-a691-49d8-9683-2c451172ffd9,worker_4,coordinator_0,NET_TRANSFER,0.000100,0.158000,Poll: Cache Status Reply
3003140.670742,9007,b378f61c-a691-49d8-9683-2c451172ffd9,coordinator_0,worker_4,NET_TRANSFER,0.000100,0.158000,Poll: Check Layer Cache
3003140.828742,9007,b378f61c-a691-49d8-9683-2c451172ffd9,worker_4,coordinator_0,NET_TRANSFER,0.000100,0.158000,Poll: Cache Status Reply
3003140.986742,9007,b378f61c-a691-49d8-9683-2c451172ffd9,coordinator_0,worker_3,NET_TRANSFER,0.000100,0.158000,Poll: Check Layer Cache
3003141.144742,9007,b378f61c-a691-49d8-9683-2c451172ffd9,worker_3,coordinator_0,NET_TRANSFER,0.000100,0.158000,Poll: Cache Status Reply
3003141.302742,9007,b378f61c-a691-49d8-9683-2c451172ffd9,coordinator_0,worker_1,NET_TRANSFER,0.000100,0.158000,Poll: Check Layer Cache
3003141.460742,9007,b378f61c-a691-49d8-9683-2c451172ffd9,worker_1,coordinator_0,NET_TRANSFER,0.000100,0.158000,Poll: Cache Status Reply
3003141.618742,9007,b378f61c-a691-49d8-9683-2c451172ffd9,coordinator_0,worker_4,NET_TRANSFER,0.000100,0.158000,Poll: Check Layer Cache
3003141.776742,9007,b378f61c-a691-49d8-9683-2c451172ffd9,worker_4,coordinator_0,NET_TRANSFER,0.000100,0.158000,Poll: Cache Status Reply
3003141.934742,9007,b378f61c-a691-49d8-9683-2c451172ffd9,coordinator_0,worker_4,NET_TRANSFER,0.000100,0.158000,Poll: Check Layer Cache
3003142.092742,9007,b378f61c-a691-49d8-9683-2c451172ffd9,worker_4,coordinator_0,NET_TRANSFER,0.000100,0.158000,Poll: Cache Status Reply
3003142.250742,9007,b378f61c-a691-49d8-9683-2c451172ffd9,coordinator_0,worker_2,NET_TRANSFER,0.000100,0.158000,Poll: Check Layer Cache
3003142.408742,9007,b378f61c-a691-49d8-9683-2c451172ffd9,worker_2,coordinator_0,NET_TRANSFER,0.000100,0.158000,Poll: Cache Status Reply
3003142.566742,9007,b378f61c-a691-49d8-9683-2c451172ffd9,coordinator_0,worker_3,NET_TRANSFER,0.000100,0.158000,Poll: Check Layer Cache
3003142.724742,9007,b378f61c-a691-49d8-9683-2c451172ffd9,worker_3,coordinator_0,NET_TRANSFER,0.000100,0.158000,Poll: Cache Status Reply
3003142.882742,9007,b378f61c-a691-49d8-9683-2c451172ffd9,coordinator_0,worker_4,NET_TRANSFER,0.000100,0.158000,Poll: Check Layer Cache
3003143.040742,9007,b378f61c-a691-49d8-9683-2c451172ffd9,worker_4,coordinator_0,NET_TRANSFER,0.000100,0.158000,Poll: Cache Status Reply
3003143.198742,9007,b378f61c-a691-49d8-9683-2c451172ffd9,coordinator_0,worker_1,NET_TRANSFER,0.000100,0.158000,Poll: Check Layer Cache
3003143.356742,9007,b378f61c-a691-49d8-9683-2c451172ffd9,worker_1,coordinator_0,NET_TRANSFER,0.000100,0.158000,Poll: Cache Status Reply
3003143.514742,9007,b378f61c-a691-49d8-9683-2c451172ffd9,coordinator_0,worker_3,NET_TRANSFER,0.000100,0.158000,Poll: Check Layer Cache
3003143.672742,9007,b378f61c-a691-49d8-9683-2c451172ffd9,worker_3,coordinator_0,NET_TRANSFER,0.000100,0.158000,Poll: Cache Status Reply
3003143.830742,5007,d5b6c0cc-7700-4a35-a3d8-1ca4767780d9,coordinator_0,worker_2,NET_TRANSFER,0.000100,0.158000,Poll: Check Layer Cache
3003143.988742,5007,d5b6c0cc-7700-4a35-a3d8-1ca4767780d9,worker_2,coordinator_0,NET_TRANSFER,0.000100,0.158000,Poll: Cache Status Reply
3003144.146742,5007,d5b6c0cc-7700-4a35-a3d8-1ca4767780d9,coordinator_0,worker_2,NET_TRANSFER,0.000100,0.158000,Poll: Check Layer Cache
3003144.304742,5007,d5b6c0cc-7700-4a35-a3d8-1ca4767780d9,worker_2,coordinator_0,NET_TRANSFER,0.000100,0.158000,Poll: Cache Status Reply
3003144.462742,5007,d5b6c0cc-7700-4a35-a3d8-1ca4767780d9,coordinator_0,worker_4,NET_TRANSFER,0.000100,0.158000,Poll: Check Layer Cache
3003144.620742,5007,d5b6c0cc-7700-4a35-a3d8-1ca4767780d9,worker_4,coordinator_0,NET_TRANSFER,0.000100,0.158000,Poll: Cache Status Reply
3003144.778742,5007,d5b6c0cc-7700-4a35-a3d8-1ca4767780d9,coordinator_0,worker_4,NET_TRANSFER,0.000100,0.158000,Poll: Check Layer Cache
3003144.936742,5007,d5b6c0cc-7700-4a35-a3d8-1ca4767780d9,worker_4,coordinator_0,NET_TRANSFER,0.000100,0.158000,Poll: Cache Status Reply
3003145.094742,5007,d5b6c0cc-7700-4a35-a3d8-1ca4767780d9,coordinator_0,worker_2,NET_TRANSFER,0.000100,0.158000,Poll: Check Layer Cache
3003145.252742,5007,d5b6c0cc-7700-4a35-a3d8-1ca4767780d9,worker_2,coordinator_0,NET_TRANSFER,0.000100,0.158000,Poll: Cache Status Reply
3003145.410742,5007,d5b6c0cc-7700-4a35-a3d8-1ca4767780d9,coordinator_0,worker_2,NET_TRANSFER,0.000100,0.158000,Poll: Check Layer Cache
3003145.568742,5007,d5b6c0cc-7700-4a35-a3d8-1ca4767780d9,worker_2,coordinator_0,NET_TRANSFER,0.000100,0.158000,Poll: Cache Status Reply
3003145.726742,5007,d5b6c0cc-7700-4a35-a3d8-1ca4767780d9,coordinator_0,worker_1,NET_TRANSFER,0.000100,0.158000,Poll: Check Layer Cache
3003145.884742,5007,d5b6c0cc-7700-4a35-a3d8-1ca4767780d9,worker_1,coordinator_0,NET_TRANSFER,0.000100,0.158000,Poll: Cache Status Reply
3003146.042742,5007,d5b6c0cc-7700-4a35-a3d8-1ca4767780d9,coordinator_0,worker_4,NET_TRANSFER,0.000100,0.158000,Poll: Check Layer Cache
3003146.200742,5007,d5b6c0cc-7700-4a35-a3d8-1ca4767780d9,worker_4,coordinator_0,NET_TRANSFER,0.000100,0.158000,Poll: Cache Status Reply
3003146.358742,5007,d5b6c0cc-7700-4a35-a3d8-1ca4767780d9,coordinator_0,worker_4,NET_TRANSFER,0.000100,0.158000,Poll: Check Layer Cache
3003146.516742,5007,d5b6c0cc-7700-4a35-a3d8-1ca4767780d9,worker_4,coordinator_0,NET_TRANSFER,0.000100,0.158000,Poll: Cache Status Reply
3003146.674742,5007,d5b6c0cc-7700-4a35-a3d8-1ca4767780d9,coordinator_0,worker_3,NET_TRANSFER,0.000100,0.158000,Poll: Check Layer Cache
3003146.832742,5007,d5b6c0cc-7700-4a35-a3d8-1ca4767780d9,worker_3,coordinator_0,NET_TRANSFER,0.000100,0.158000,Poll: Cache Status Reply
3003146.990742,5007,d5b6c0cc-7700-4a35-a3d8-1ca4767780d9,coordinator_0,worker_2,NET_TRANSFER,0.000100,0.158000,Poll: Check Layer Cache
3003147.148742,5007,d5b6c0cc-7700-4a35-a3d8-1ca4767780d9,worker_2,coordinator_0,NET_TRANSFER,0.000100,0.158000,Poll: Cache Status Reply
3003147.306742,5007,d5b6c0cc-7700-4a35-a3d8-1ca4767780d9,coordinator_0,worker_4,NET_TRANSFER,0.000100,0.158000,Poll: Check Layer Cache
3003147.464742,5007,d5b6c0cc-7700-4a35-a3d8-1ca4767780d9,worker_4,coordinator_0,NET_TRANSFER,0.000100,0.158000,Poll: Cache Status Reply
3003147.622742,5007,d5b6c0cc-7700-4a35-a3d8-1ca4767780d9,coordinator_0,worker_3,NET_TRANSFER,0.000100,0.158000,Poll: Check Layer Cache
3003147.780742,5007,d5b6c0cc-7700-4a35-a3d8-1ca4767780d9,worker_3,coordinator_0,NET_TRANSFER,0.000100,0.158000,Poll: Cache Status Reply
3003147.938742,5007,d5b6c0cc-7700-4a35-a3d8-1ca4767780d9,coordinator_0,worker_3,NET_TRANSFER,0.000100,0.158000,Poll: Check Layer Cache
3003148.096742,5007,d5b6c0cc-7700-4a35-a3d8-1ca4767780d9,worker_3,coordinator_0,NET_TRANSFER,0.000100,0.158000,Poll: Cache Status Reply
3003148.254742,5007,d5b6c0cc-7700-4a35-a3d8-1ca4767780d9,coordinator_0,worker_3,NET_TRANSFER,0.000100,0.158000,Poll: Check Layer Cache
3003148.412742,5007,d5b6c0cc-7700-4a35-a3d8-1ca4767780d9,worker_3,coordinator_0,NET_TRANSFER,0.000100,0.158000,Poll: Cache Status Reply
3003148.570742,5007,d5b6c0cc-7700-4a35-a3d8-1ca4767780d9,coordinator_0,worker_1,NET_TRANSFER,0.000100,0.158000,Poll: Check Layer Cache
3003148.728742,5007,d5b6c0cc-7700-4a35-a3d8-1ca4767780d9,worker_1,coordinator_0,NET_TRANSFER,0.000100,0.158000,Poll: Cache Status Reply
3003148.886742,5007,d5b6c0cc-7700-4a35-a3d8-1ca4767780d9,coordinator_0,worker_2,NET_TRANSFER,0.000100,0.158000,Poll: Check Layer Cache
3003149.044742,5007,d5b6c0cc-7700-4a35-a3d8-1ca4767780d9,worker_2,coordinator_0,NET_TRANSFER,0.000100,0.158000,Poll: Cache Status Reply
3003149.202742,5007,d5b6c0cc-7700-4a35-a3d8-1ca4767780d9,coordinator_0,worker_3,NET_TRANSFER,0.000100,0.158000,Poll: Check Layer Cache
3003149.360742,5007,d5b6c0cc-7700-4a35-a3d8-1ca4767780d9,worker_3,coordinator_0,NET_TRANSFER,0.000100,0.158000,Poll: Cache Status Reply
3003149.518742,5007,d5b6c0cc-7700-4a35-a3d8-1ca4767780d9,coordinator_0,worker_4,NET_TRANSFER,0.000100,0.158000,Poll: Check Layer Cache
3003149.676742,5007,d5b6c0cc-7700-4a35-a3d8-1ca4767780d9,worker_4,coordinator_0,NET_TRANSFER,0.000100,0.158000,Poll: Cache Status Reply
3003149.834742,5007,d5b6c0cc-7700-4a35-a3d8-1ca4767780d9,coordinator_0,worker_1,NET_TRANSFER,0.000100,0.158000,Poll: Check Layer Cache
3003149.992742,5007,d5b6c0cc-7700-4a35-a3d8-1ca4767780d9,worker_1,coordinator_0,NET_TRANSFER,0.000100,0.158000,Poll: Cache Status Reply
3003150.150742,5007,d5b6c0cc-7700-4a35-a3d8-1ca4767780d9,coordinator_0,worker_2,NET_TRANSFER,0.000100,0.158000,Poll: Check Layer Cache
3003150.308742,5007,d5b6c0cc-7700-4a35-a3d8-1ca4767780d9,worker_2,coordinator_0,NET_TRANSFER,0.000100,0.158000,Poll: Cache Status Reply
3003150.466742,5007,d5b6c0cc-7700-4a35-a3d8-1ca4767780d9,coordinator_0,worker_2,NET_TRANSFER,0.000100,0.158000,Poll: Check Layer Cache
3003150.624742,5007,d5b6c0cc-7700-4a35-a3d8-1ca4767780d9,worker_2,coordinator_0,NET_TRANSFER,0.000100,0.158000,Poll: Cache Status Reply
3003150.782742,5007,d5b6c0cc-7700-4a35-a3d8-1ca4767780d9,coordinator_0,worker_3,NET_TRANSFER,0.000100,0.158000,Poll: Check Layer Cache
3003150.940742,5007,d5b6c0cc-7700-4a35-a3d8-1ca4767780d9,worker_3,coordinator_0,NET_TRANSFER,0.000100,0.158000,Poll: Cache Status Reply
3003151.098742,5007,d5b6c0cc-7700-4a35-a3d8-1ca4767780d9,coordinator_0,worker_1,NET_TRANSFER,0.000100,0.158000,Poll: Check Layer Cache
3003151.256742,5007,d5b6c0cc-7700-4a35-a3d8-1ca4767780d9,worker_1,coordinator_0,NET_TRANSFER,0.000100,0.158000,Poll: Cache Status Reply
3003151.414742,5007,d5b6c0cc-7700-4a35-a3d8-1ca4767780d9,coordinator_0,worker_2,NET_TRANSFER,0.000100,0.158000,Poll: Check Layer Cache
3003151.572742,5007,d5b6c0cc-7700-4a35-a3d8-1ca4767780d9,worker_2,coordinator_0,NET_TRANSFER,0.000100,0.158000,Poll: Cache Status Reply
3003151.730742,5007,d5b6c0cc-7700-4a35-a3d8-1ca4767780d9,coordinator_0,worker_4,NET_TRANSFER,0.000100,0.158000,Poll: Check Layer Cache
3003151.888742,5007,d5b6c0cc-7700-4a35-a3d8-1ca4767780d9,worker_4,coordinator_0,NET_TRANSFER,0.000100,0.158000,Poll: Cache Status Reply
3003152.046742,5007,d5b6c0cc-7700-4a35-a3d8-1ca4767780d9,coordinator_0,worker_1,NET_TRANSFER,0.000100,0.158000,Poll: Check Layer Cache
3003152.204742,5007,d5b6c0cc-7700-4a35-a3d8-1ca4767780d9,worker_1,coordinator_0,NET_TRANSFER,0.000100,0.158000,Poll: Cache Status Reply
3003152.362742,5007,d5b6c0cc-7700-4a35-a3d8-1ca4767780d9,coordinator_0,worker_3,NET_TRANSFER,0.000100,0.158000,Poll: Check Layer Cache
3003152.520742,5007,d5b6c0cc-7700-4a35-a3d8-1ca4767780d9,worker_3,coordinator_0,NET_TRANSFER,0.000100,0.158000,Poll: Cache Status Reply
3003152.678742,5007,d5b6c0cc-7700-4a35-a3d8-1ca4767780d9,coordinator_0,worker_4,NET_TRANSFER,0.000100,0.158000,Poll: Check Layer Cache
3003152.836742,5007,d5b6c0cc-7700-4a35-a3d8-1ca4767780d9,worker_4,coordinator_0,NET_TRANSFER,0.000100,0.158000,Poll: Cache Status Reply
3003152.994742,5007,d5b6c0cc-7700-4a35-a3d8-1ca4767780d9,coordinator_0,worker_1,NET_TRANSFER,0.000100,0.158000,Poll: Check Layer Cache
3003153.152742,5007,d5b6c0cc-7700-4a35-a3d8-1ca4767780d9,worker_1,coordinator_0,NET_TRANSFER,0.000100,0.158000,Poll: Cache Status Reply
3003153.310742,5007,d5b6c0cc-7700-4a35-a3d8-1ca4767780d9,coordinator_0,worker_3,NET_TRANSFER,0.000100,0.158000,Poll: Check Layer Cache
3003153.468742,5007,d5b6c0cc-7700-4a35-a3d8-1ca4767780d9,worker_3,coordinator_0,NET_TRANSFER,0.000100,0.158000,Poll: Cache Status Reply
3003153.626742,5007,d5b6c0cc-7700-4a35-a3d8-1ca4767780d9,coordinator_0,worker_1,NET_TRANSFER,0.000100,0.158000,Poll: Check Layer Cache
3003153.784742,5007,d5b6c0cc-7700-4a35-a3d8-1ca4767780d9,worker_1,coordinator_0,NET_TRANSFER,0.000100,0.158000,Poll: Cache Status Reply
3003153.942742,5007,d5b6c0cc-7700-4a35-a3d8-1ca4767780d9,coordinator_0,worker_4,NET_TRANSFER,0.000100,0.158000,Poll: Check Layer Cache
3003154.100742,5007,d5b6c0cc-7700-4a35-a3d8-1ca4767780d9,worker_4,coordinator_0,NET_TRANSFER,0.000100,0.158000,Poll: Cache Status Reply
3003154.258742,5007,d5b6c0cc-7700-4a35-a3d8-1ca4767780d9,coordinator_0,worker_1,NET_TRANSFER,0.000100,0.158000,Poll: Check Layer Cache
3003154.416742,5007,d5b6c0cc-7700-4a35-a3d8-1ca4767780d9,worker_1,coordinator_0,NET_TRANSFER,0.000100,0.158000,Poll: Cache Status Reply
3003154.574742,5007,d5b6c0cc-7700-4a35-a3d8-1ca4767780d9,coordinator_0,worker_4,NET_TRANSFER,0.000100,0.158000,Poll: Check Layer Cache
3003154.732742,5007,d5b6c0cc-7700-4a35-a3d8-1ca4767780d9,worker_4,coordinator_0,NET_TRANSFER,0.000100,0.158000,Poll: Cache Status Reply
3003154.890742,5007,d5b6c0cc-7700-4a35-a3d8-1ca4767780d9,coordinator_0,worker_2,NET_TRANSFER,0.000100,0.158000,Poll: Check Layer Cache
3003155.048742,5007,d5b6c0cc-7700-4a35-a3d8-1ca4767780d9,worker_2,coordinator_0,NET_TRANSFER,0.000100,0.158000,Poll: Cache Status Reply
3003155.206742,5007,d5b6c0cc-7700-4a35-a3d8-1ca4767780d9,coordinator_0,worker_3,NET_TRANSFER,0.000100,0.158000,Poll: Check Layer Cache
3003155.364742,5007,d5b6c0cc-7700-4a35-a3d8-1ca4767780d9,worker_3,coordinator_0,NET_TRANSFER,0.000100,0.158000,Poll: Cache Status Reply
3003155.522742,5007,d5b6c0cc-7700-4a35-a3d8-1ca4767780d9,coordinator_0,worker_3,NET_TRANSFER,0.000100,0.158000,Poll: Check Layer Cache
3003155.680742,5007,d5b6c0cc-7700-4a35-a3d8-1ca4767780d9,worker_3,coordinator_0,NET_TRANSFER,0.000100,0.158000,Poll: Cache Status Reply
3003155.838742,5007,d5b6c0cc-7700-4a35-a3d8-1ca4767780d9,coordinator_0,worker_4,NET_TRANSFER,0.000100,0.158000,Poll: Check Layer Cache
3003155.996742,5007,d5b6c0cc-7700-4a35-a3d8-1ca4767780d9,worker_4,coordinator_0,NET_TRANSFER,0.000100,0.158000,Poll: Cache Status Reply
3003156.154742,5007,d5b6c0cc-7700-4a35-a3d8-1ca4767780d9,coordinator_0,worker_2,NET_TRANSFER,0.000100,0.158000,Poll: Check Layer Cache
3003156.312742,5007,d5b6c0cc-7700-4a35-a3d8-1ca4767780d9,worker_2,coordinator_0,NET_TRANSFER,0.000100,0.158000,Poll: Cache Status Reply
3003156.470742,5007,d5b6c0cc-7700-4a35-a3d8-1ca4767780d9,coordinator_0,worker_3,NET_TRANSFER,0.000100,0.158000,Poll: Check Layer Cache
3003156.628742,5007,d5b6c0cc-7700-4a35-a3d8-1ca4767780d9,worker_3,coordinator_0,NET_TRANSFER,0.000100,0.158000,Poll: Cache Status Reply
3003156.786742,5007,d5b6c0cc-7700-4a35-a3d8-1ca4767780d9,coordinator_0,worker_1,NET_TRANSFER,0.000100,0.158000,Poll: Check Layer Cache
3003156.944742,5007,d5b6c0cc-7700-4a35-a3d8-1ca4767780d9,worker_1,coordinator_0,NET_TRANSFER,0.000100,0.158000,Poll: Cache Status Reply
3003157.102742,5007,d5b6c0cc-7700-4a35-a3d8-1ca4767780d9,coordinator_0,worker_1,NET_TRANSFER,0.000100,0.158000,Poll: Check Layer Cache
3003157.260742,5007,d5b6c0cc-7700-4a35-a3d8-1ca4767780d9,worker_1,coordinator_0,NET_TRANSFER,0.000100,0.158000,Poll: Cache Status Reply
3003157.418742,5007,d5b6c0cc-7700-4a35-a3d8-1ca4767780d9,coordinator_0,worker_4,NET_TRANSFER,0.000100,0.158000,Poll: Check Layer Cache
3003157.576742,5007,d5b6c0cc-7700-4a35-a3d8-1ca4767780d9,worker_4,coordinator_0,NET_TRANSFER,0.000100,0.158000,Poll: Cache Status Reply
3003157.734742,5007,d5b6c0cc-7700-4a35-a3d8-1ca4767780d9,coordinator_0,worker_2,NET_TRANSFER,0.000100,0.158000,Poll: Check Layer Cache
3003157.892742,5007,d5b6c0cc-7700-4a35-a3d8-1ca4767780d9,worker_2,coordinator_0,NET_TRANSFER,0.000100,0.158000,Poll: Cache Status Reply
3003158.050742,5007,d5b6c0cc-7700-4a35-a3d8-1ca4767780d9,coordinator_0,worker_4,NET_TRANSFER,0.000100,0.158000,Poll: Check Layer Cache
3003158.208742,5007,d5b6c0cc-7700-4a35-a3d8-1ca4767780d9,worker_4,coordinator_0,NET_TRANSFER,0.000100,0.158000,Poll: Cache Status Reply
3003158.366742,5007,d5b6c0cc-7700-4a35-a3d8-1ca4767780d9,coordinator_0,worker_2,NET_TRANSFER,0.000100,0.158000,Poll: Check Layer Cache
3003158.524742,5007,d5b6c0cc-7700-4a35-a3d8-1ca4767780d9,worker_2,coordinator_0,NET_TRANSFER,0.000100,0.158000,Poll: Cache Status Reply
3003158.682742,5007,d5b6c0cc-7700-4a35-a3d8-1ca4767780d9,coordinator_0,worker_3,NET_TRANSFER,0.000100,0.158000,Poll: Check Layer Cache
3003158.840742,5007,d5b6c0cc-7700-4a35-a3d8-1ca4767780d9,worker_3,coordinator_0,NET_TRANSFER,0.000100,0.158000,Poll: Cache Status Reply
3003158.998742,5007,d5b6c0cc-7700-4a35-a3d8-1ca4767780d9,coordinator_0,worker_3,NET_TRANSFER,0.000100,0.158000,Poll: Check Layer Cache
3003159.156742,5007,d5b6c0cc-7700-4a35-a3d8-1ca4767780d9,worker_3,coordinator_0,NET_TRANSFER,0.000100,0.158000,Poll: Cache Status Reply
3003159.314742,5007,d5b6c0cc-7700-4a35-a3d8-1ca4767780d9,coordinator_0,worker_1,NET_TRANSFER,0.000100,0.158000,Poll: Check Layer Cache
3003159.472742,5007,d5b6c0cc-7700-4a35-a3d8-1ca4767780d9,worker_1,coordinator_0,NET_TRANSFER,0.000100,0.158000,Poll: Cache Status Reply
3003159.630742,5007,d5b6c0cc-7700-4a35-a3d8-1ca4767780d9,coordinator_0,worker_1,NET_TRANSFER,0.000100,0.158000,Poll: Check Layer Cache
3003159.788742,5007,d5b6c0cc-7700-4a35-a3d8-1ca4767780d9,worker_1,coordinator_0,NET_TRANSFER,0.000100,0.158000,Poll: Cache Status Reply
3003159.946742,5008,23c32e69-89c8-4a98-9507-a520351cbbe5,coordinator_0,worker_4,NET_TRANSFER,0.000100,0.158000,Poll: Check Layer Cache
3003160.104742,5008,23c32e69-89c8-4a98-9507-a520351cbbe5,worker_4,coordinator_0,NET_TRANSFER,0.000100,0.158000,Poll: Cache Status Reply
3003160.262742,5008,23c32e69-89c8-4a98-9507-a520351cbbe5,coordinator_0,worker_3,NET_TRANSFER,0.000100,0.158000,Poll: Check Layer Cache
3003160.420742,5008,23c32e69-89c8-4a98-9507-a520351cbbe5,worker_3,coordinator_0,NET_TRANSFER,0.000100,0.158000,Poll: Cache Status Reply
3003160.578742,5008,23c32e69-89c8-4a98-9507-a520351cbbe5,coordinator_0,worker_1,NET_TRANSFER,0.000100,0.158000,Poll: Check Layer Cache
3003160.736742,5008,23c32e69-89c8-4a98-9507-a520351cbbe5,worker_1,coordinator_0,NET_TRANSFER,0.000100,0.158000,Poll: Cache Status Reply
3003160.894742,5008,23c32e69-89c8-4a98-9507-a520351cbbe5,coordinator_0,worker_3,NET_TRANSFER,0.000100,0.158000,Poll: Check Layer Cache
3003161.052742,5008,23c32e69-89c8-4a98-9507-a520351cbbe5,worker_3,coordinator_0,NET_TRANSFER,0.000100,0.158000,Poll: Cache Status Reply
3003161.210742,5008,23c32e69-89c8-4a98-9507-a520351cbbe5,coordinator_0,worker_2,NET_TRANSFER,0.000100,0.158000,Poll: Check Layer Cache
3003161.368742,5008,23c32e69-89c8-4a98-9507-a520351cbbe5,worker_2,coordinator_0,NET_TRANSFER,0.000100,0.158000,Poll: Cache Status Reply
3003161.526742,5008,23c32e69-89c8-4a98-9507-a520351cbbe5,coordinator_0,worker_4,NET_TRANSFER,0.000100,0.158000,Poll: Check Layer Cache
3003161.684742,5008,23c32e69-89c8-4a98-9507-a520351cbbe5,worker_4,coordinator_0,NET_TRANSFER,0.000100,0.158000,Poll: Cache Status Reply
3003161.842742,5008,23c32e69-89c8-4a98-9507-a520351cbbe5,coordinator_0,worker_1,NET_TRANSFER,0.000100,0.158000,Poll: Check Layer Cache
3003162.000742,5008,23c32e69-89c8-4a98-9507-a520351cbbe5,worker_1,coordinator_0,NET_TRANSFER,0.000100,0.158000,Poll: Cache Status Reply
3003162.158742,5008,23c32e69-89c8-4a98-9507-a520351cbbe5,coordinator_0,worker_2,NET_TRANSFER,0.000100,0.158000,Poll: Check Layer Cache
3003162.316742,5008,23c32e69-89c8-4a98-9507-a520351cbbe5,worker_2,coordinator_0,NET_TRANSFER,0.000100,0.158000,Poll: Cache Status Reply
3003162.474742,5008,23c32e69-89c8-4a98-9507-a520351cbbe5,coordinator_0,worker_1,NET_TRANSFER,0.000100,0.158000,Poll: Check Layer Cache
3003162.632742,5008,23c32e69-89c8-4a98-9507-a520351cbbe5,worker_1,coordinator_0,NET_TRANSFER,0.000100,0.158000,Poll: Cache Status Reply
3003162.790742,5008,23c32e69-89c8-4a98-9507-a520351cbbe5,coordinator_0,worker_3,NET_TRANSFER,0.000100,0.158000,Poll: Check Layer Cache
3003162.948742,5008,23c32e69-89c8-4a98-9507-a520351cbbe5,worker_3,coordinator_0,NET_TRANSFER,0.000100,0.158000,Poll: Cache Status Reply
3003163.106742,5008,23c32e69-89c8-4a98-9507-a520351cbbe5,coordinator_0,worker_1,NET_TRANSFER,0.000100,0.158000,Poll: Check Layer Cache
3003163.264742,5008,23c32e69-89c8-4a98-9507-a520351cbbe5,worker_1,coordinator_0,NET_TRANSFER,0.000100,0.158000,Poll: Cache Status Reply
3003163.422742,5008,23c32e69-89c8-4a98-9507-a520351cbbe5,coordinator_0,worker_3,NET_TRANSFER,0.000100,0.158000,Poll: Check Layer Cache
3003163.580742,5008,23c32e69-89c8-4a98-9507-a520351cbbe5,worker_3,coordinator_0,NET_TRANSFER,0.000100,0.158000,Poll: Cache Status Reply
3003163.738742,5008,23c32e69-89c8-4a98-9507-a520351cbbe5,coordinator_0,worker_3,NET_TRANSFER,0.000100,0.158000,Poll: Check Layer Cache
3003163.896742,5008,23c32e69-89c8-4a98-9507-a520351cbbe5,worker_3,coordinator_0,NET_TRANSFER,0.000100,0.158000,Poll: Cache Status Reply
3003164.054742,5008,23c32e69-89c8-4a98-9507-a520351cbbe5,coordinator_0,worker_2,NET_TRANSFER,0.000100,0.158000,Poll: Check Layer Cache
3003164.212742,5008,23c32e69-89c8-4a98-9507-a520351cbbe5,worker_2,coordinator_0,NET_TRANSFER,0.000100,0.158000,Poll: Cache Status Reply
3003164.370742,5008,23c32e69-89c8-4a98-9507-a520351cbbe5,coordinator_0,worker_4,NET_TRANSFER,0.000100,0.158000,Poll: Check Layer Cache
3003164.528742,5008,23c32e69-89c8-4a98-9507-a520351cbbe5,worker_4,coordinator_0,NET_TRANSFER,0.000100,0.158000,Poll: Cache Status Reply
3003164.686742,5008,23c32e69-89c8-4a98-9507-a520351cbbe5,coordinator_0,worker_1,NET_TRANSFER,0.000100,0.158000,Poll: Check Layer Cache
3003164.844742,5008,23c32e69-89c8-4a98-9507-a520351cbbe5,worker_1,coordinator_0,NET_TRANSFER,0.000100,0.158000,Poll: Cache Status Reply
3003165.002742,5008,23c32e69-89c8-4a98-9507-a520351cbbe5,coordinator_0,worker_2,NET_TRANSFER,0.000100,0.158000,Poll: Check Layer Cache
3003165.160742,5008,23c32e69-89c8-4a98-9507-a520351cbbe5,worker_2,coordinator_0,NET_TRANSFER,0.000100,0.158000,Poll: Cache Status Reply
3003165.318742,5008,23c32e69-89c8-4a98-9507-a520351cbbe5,coordinator_0,worker_3,NET_TRANSFER,0.000100,0.158000,Poll: Check Layer Cache
3003165.476742,5008,23c32e69-89c8-4a98-9507-a520351cbbe5,worker_3,coordinator_0,NET_TRANSFER,0.000100,0.158000,Poll: Cache Status Reply
3003165.634742,5008,23c32e69-89c8-4a98-9507-a520351cbbe5,coordinator_0,worker_2,NET_TRANSFER,0.000100,0.158000,Poll: Check Layer Cache
3003165.792742,5008,23c32e69-89c8-4a98-9507-a520351cbbe5,worker_2,coordinator_0,NET_TRANSFER,0.000100,0.158000,Poll: Cache Status Reply
3003165.950742,5008,23c32e69-89c8-4a98-9507-a520351cbbe5,coordinator_0,worker_3,NET_TRANSFER,0.000100,0.158000,Poll: Check Layer Cache
3003166.108742,5008,23c32e69-89c8-4a98-9507-a520351cbbe5,worker_3,coordinator_0,NET_TRANSFER,0.000100,0.158000,Poll: Cache Status Reply
3003166.266742,5008,23c32e69-89c8-4a98-9507-a520351cbbe5,coordinator_0,worker_2,NET_TRANSFER,0.000100,0.158000,Poll: Check Layer Cache
3003166.424742,5008,23c32e69-89c8-4a98-9507-a520351cbbe5,worker_2,coordinator_0,NET_TRANSFER,0.000100,0.158000,Poll: Cache Status Reply
3003166.582742,5008,23c32e69-89c8-4a98-9507-a520351cbbe5,coordinator_0,worker_1,NET_TRANSFER,0.000100,0.158000,Poll: Check Layer Cache
3003166.740742,5008,23c32e69-89c8-4a98-9507-a520351cbbe5,worker_1,coordinator_0,NET_TRANSFER,0.000100,0.158000,Poll: Cache Status Reply
3003166.898742,5008,23c32e69-89c8-4a98-9507-a520351cbbe5,coordinator_0,worker_1,NET_TRANSFER,0.000100,0.158000,Poll: Check Layer Cache
3003167.056742,5008,23c32e69-89c8-4a98-9507-a520351cbbe5,worker_1,coordinator_0,NET_TRANSFER,0.000100,0.158000,Poll: Cache Status Reply
3003167.214742,5008,23c32e69-89c8-4a98-9507-a520351cbbe5,coordinator_0,worker_1,NET_TRANSFER,0.000100,0.158000,Poll: Check Layer Cache
3003167.372742,5008,23c32e69-89c8-4a98-9507-a520351cbbe5,worker_1,coordinator_0,NET_TRANSFER,0.000100,0.158000,Poll: Cache Status Reply
3003167.530742,5008,23c32e69-89c8-4a98-9507-a520351cbbe5,coordinator_0,worker_1,NET_TRANSFER,0.000100,0.158000,Poll: Check Layer Cache
3003167.688742,5008,23c32e69-89c8-4a98-9507-a520351cbbe5,worker_1,coordinator_0,NET_TRANSFER,0.000100,0.158000,Poll: Cache Status Reply
3003167.846742,5008,23c32e69-89c8-4a98-9507-a520351cbbe5,coordinator_0,worker_1,NET_TRANSFER,0.000100,0.158000,Poll: Check Layer Cache
3003168.004742,5008,23c32e69-89c8-4a98-9507-a520351cbbe5,worker_1,coordinator_0,NET_TRANSFER,0.000100,0.158000,Poll: Cache Status Reply
3003168.162742,5008,23c32e69-89c8-4a98-9507-a520351cbbe5,coordinator_0,worker_1,NET_TRANSFER,0.000100,0.158000,Poll: Check Layer Cache
3003168.320742,5008,23c32e69-89c8-4a98-9507-a520351cbbe5,worker_1,coordinator_0,NET_TRANSFER,0.000100,0.158000,Poll: Cache Status Reply
3003168.478742,5008,23c32e69-89c8-4a98-9507-a520351cbbe5,coordinator_0,worker_2,NET_TRANSFER,0.000100,0.158000,Poll: Check Layer Cache
3003168.636742,5008,23c32e69-89c8-4a98-9507-a520351cbbe5,worker_2,coordinator_0,NET_TRANSFER,0.000100,0.158000,Poll: Cache Status Reply
3003168.794742,5008,23c32e69-89c8-4a98-9507-a520351cbbe5,coordinator_0,worker_3,NET_TRANSFER,0.000100,0.158000,Poll: Check Layer Cache
3003168.952742,5008,23c32e69-89c8-4a98-9507-a520351cbbe5,worker_3,coordinator_0,NET_TRANSFER,0.000100,0.158000,Poll: Cache Status Reply
3003169.110742,5008,23c32e69-89c8-4a98-9507-a520351cbbe5,coordinator_0,worker_3,NET_TRANSFER,0.000100,0.158000,Poll: Check Layer Cache
3003169.268742,5008,23c32e69-89c8-4a98-9507-a520351cbbe5,worker_3,coordinator_0,NET_TRANSFER,0.000100,0.158000,Poll: Cache Status Reply
3003169.426742,5008,23c32e69-89c8-4a98-9507-a520351cbbe5,coordinator_0,worker_4,NET_TRANSFER,0.000100,0.158000,Poll: Check Layer Cache
3003169.584742,5008,23c32e69-89c8-4a98-9507-a520351cbbe5,worker_4,coordinator_0,NET_TRANSFER,0.000100,0.158000,Poll: Cache Status Reply
3003169.742742,5008,23c32e69-89c8-4a98-9507-a520351cbbe5,coordinator_0,worker_2,NET_TRANSFER,0.000100,0.158000,Poll: Check Layer Cache
3003169.900742,5008,23c32e69-89c8-4a98-9507-a520351cbbe5,worker_2,coordinator_0,NET_TRANSFER,0.000100,0.158000,Poll: Cache Status Reply
3003170.058742,5008,23c32e69-89c8-4a98-9507-a520351cbbe5,coordinator_0,worker_4,NET_TRANSFER,0.000100,0.158000,Poll: Check Layer Cache
3003170.216742,5008,23c32e69-89c8-4a98-9507-a520351cbbe5,worker_4,coordinator_0,NET_TRANSFER,0.000100,0.158000,Poll: Cache Status Reply
3003170.374742,5008,23c32e69-89c8-4a98-9507-a520351cbbe5,coordinator_0,worker_1,NET_TRANSFER,0.000100,0.158000,Poll: Check Layer Cache
3003170.532742,5008,23c32e69-89c8-4a98-9507-a520351cbbe5,worker_1,coordinator_0,NET_TRANSFER,0.000100,0.158000,Poll: Cache Status Reply
3003170.690742,5008,23c32e69-89c8-4a98-9507-a520351cbbe5,coordinator_0,worker_4,NET_TRANSFER,0.000100,0.158000,Poll: Check Layer Cache
3003170.848742,5008,23c32e69-89c8-4a98-9507-a520351cbbe5,worker_4,coordinator_0,NET_TRANSFER,0.000100,0.158000,Poll: Cache Status Reply
3003171.006742,5008,23c32e69-89c8-4a98-9507-a520351cbbe5,coordinator_0,worker_4,NET_TRANSFER,0.000100,0.158000,Poll: Check Layer Cache
3003171.164742,5008,23c32e69-89c8-4a98-9507-a520351cbbe5,worker_4,coordinator_0,NET_TRANSFER,0.000100,0.158000,Poll: Cache Status Reply
3003171.322742,5008,23c32e69-89c8-4a98-9507-a520351cbbe5,coordinator_0,worker_1,NET_TRANSFER,0.000100,0.158000,Poll: Check Layer Cache
3003171.480742,5008,23c32e69-89c8-4a98-9507-a520351cbbe5,worker_1,coordinator_0,NET_TRANSFER,0.000100,0.158000,Poll: Cache Status Reply
3003171.638742,5008,23c32e69-89c8-4a98-9507-a520351cbbe5,coordinator_0,worker_2,NET_TRANSFER,0.000100,0.158000,Poll: Check Layer Cache
3003171.796742,5008,23c32e69-89c8-4a98-9507-a520351cbbe5,worker_2,coordinator_0,NET_TRANSFER,0.000100,0.158000,Poll: Cache Status Reply
3003171.954742,5008,23c32e69-89c8-4a98-9507-a520351cbbe5,coordinator_0,worker_3,NET_TRANSFER,0.000100,0.158000,Poll: Check Layer Cache
3003172.112742,5008,23c32e69-89c8-4a98-9507-a520351cbbe5,worker_3,coordinator_0,NET_TRANSFER,0.000100,0.158000,Poll: Cache Status Reply
3003172.270742,5008,23c32e69-89c8-4a98-9507-a520351cbbe5,coordinator_0,worker_4,NET_TRANSFER,0.000100,0.158000,Poll: Check Layer Cache
3003172.428742,5008,23c32e69-89c8-4a98-9507-a520351cbbe5,worker_4,coordinator_0,NET_TRANSFER,0.000100,0.158000,Poll: Cache Status Reply
3003172.586742,5008,23c32e69-89c8-4a98-9507-a520351cbbe5,coordinator_0,worker_1,NET_TRANSFER,0.000100,0.158000,Poll: Check Layer Cache
3003172.744742,5008,23c32e69-89c8-4a98-9507-a520351cbbe5,worker_1,coordinator_0,NET_TRANSFER,0.000100,0.158000,Poll: Cache Status Reply
3003172.902742,5008,23c32e69-89c8-4a98-9507-a520351cbbe5,coordinator_0,worker_2,NET_TRANSFER,0.000100,0.158000,Poll: Check Layer Cache
3003173.060742,5008,23c32e69-89c8-4a98-9507-a520351cbbe5,worker_2,coordinator_0,NET_TRANSFER,0.000100,0.158000,Poll: Cache Status Reply
3003173.218742,5008,23c32e69-89c8-4a98-9507-a520351cbbe5,coordinator_0,worker_3,NET_TRANSFER,0.000100,0.158000,Poll: Check Layer Cache
3003173.376742,5008,23c32e69-89c8-4a98-9507-a520351cbbe5,worker_3,coordinator_0,NET_TRANSFER,0.000100,0.158000,Poll: Cache Status Reply
3003173.534742,5008,23c32e69-89c8-4a98-9507-a520351cbbe5,coordinator_0,worker_2,NET_TRANSFER,0.000100,0.158000,Poll: Check Layer Cache
3003173.692742,5008,23c32e69-89c8-4a98-9507-a520351cbbe5,worker_2,coordinator_0,NET_TRANSFER,0.000100,0.158000,Poll: Cache Status Reply
3003173.850742,5008,23c32e69-89c8-4a98-9507-a520351cbbe5,coordinator_0,worker_3,NET_TRANSFER,0.000100,0.158000,Poll: Check Layer Cache
3003174.008742,5008,23c32e69-89c8-4a98-9507-a520351cbbe5,worker_3,coordinator_0,NET_TRANSFER,0.000100,0.158000,Poll: Cache Status Reply
3003174.166742,5008,23c32e69-89c8-4a98-9507-a520351cbbe5,coordinator_0,worker_4,NET_TRANSFER,0.000100,0.158000,Poll: Check Layer Cache
3003174.324742,5008,23c32e69-89c8-4a98-9507-a520351cbbe5,worker_4,coordinator_0,NET_TRANSFER,0.000100,0.158000,Poll: Cache Status Reply
3003174.482742,5008,23c32e69-89c8-4a98-9507-a520351cbbe5,coordinator_0,worker_2,NET_TRANSFER,0.000100,0.158000,Poll: Check Layer Cache
3003174.640742,5008,23c32e69-89c8-4a98-9507-a520351cbbe5,worker_2,coordinator_0,NET_TRANSFER,0.000100,0.158000,Poll: Cache Status Reply
3003174.798742,5008,23c32e69-89c8-4a98-9507-a520351cbbe5,coordinator_0,worker_2,NET_TRANSFER,0.000100,0.158000,Poll: Check Layer Cache
3003174.956742,5008,23c32e69-89c8-4a98-9507-a520351cbbe5,worker_2,coordinator_0,NET_TRANSFER,0.000100,0.158000,Poll: Cache Status Reply
3003175.114742,5008,23c32e69-89c8-4a98-9507-a520351cbbe5,coordinator_0,worker_4,NET_TRANSFER,0.000100,0.158000,Poll: Check Layer Cache
3003175.272742,5008,23c32e69-89c8-4a98-9507-a520351cbbe5,worker_4,coordinator_0,NET_TRANSFER,0.000100,0.158000,Poll: Cache Status Reply
3003175.430742,5008,23c32e69-89c8-4a98-9507-a520351cbbe5,coordinator_0,worker_3,NET_TRANSFER,0.000100,0.158000,Poll: Check Layer Cache
3003175.588742,5008,23c32e69-89c8-4a98-9507-a520351cbbe5,worker_3,coordinator_0,NET_TRANSFER,0.000100,0.158000,Poll: Cache Status Reply
3003175.746742,5008,23c32e69-89c8-4a98-9507-a520351cbbe5,coordinator_0,worker_2,NET_TRANSFER,0.000100,0.158000,Poll: Check Layer Cache
3003175.904742,5008,23c32e69-89c8-4a98-9507-a520351cbbe5,worker_2,coordinator_0,NET_TRANSFER,0.000100,0.158000,Poll: Cache Status Reply
3003176.062742,5008,23c32e69-89c8-4a98-9507-a520351cbbe5,coordinator_0,worker_1,NET_TRANSFER,0.000100,0.158000,Poll: Check Layer Cache
3003176.220742,5008,23c32e69-89c8-4a98-9507-a520351cbbe5,worker_1,coordinator_0,NET_TRANSFER,0.000100,0.158000,Poll: Cache Status Reply
3003176.378742,5008,23c32e69-89c8-4a98-9507-a520351cbbe5,coordinator_0,worker_4,NET_TRANSFER,0.000100,0.158000,Poll: Check Layer Cache
3003176.536742,5008,23c32e69-89c8-4a98-9507-a520351cbbe5,worker_4,coordinator_0,NET_TRANSFER,0.000100,0.158000,Poll: Cache Status Reply
3003176.694742,5008,23c32e69-89c8-4a98-9507-a520351cbbe5,coordinator_0,worker_4,NET_TRANSFER,0.000100,0.158000,Poll: Check Layer Cache
3003176.852742,5008,23c32e69-89c8-4a98-9507-a520351cbbe5,worker_4,coordinator_0,NET_TRANSFER,0.000100,0.158000,Poll: Cache Status Reply
3003177.010742,5008,23c32e69-89c8-4a98-9507-a520351cbbe5,coordinator_0,worker_2,NET_TRANSFER,0.000100,0.158000,Poll: Check Layer Cache
3003177.168742,5008,23c32e69-89c8-4a98-9507-a520351cbbe5,worker_2,coordinator_0,NET_TRANSFER,0.000100,0.158000,Poll: Cache Status Reply
3003177.326742,5008,23c32e69-89c8-4a98-9507-a520351cbbe5,coordinator_0,worker_3,NET_TRANSFER,0.000100,0.158000,Poll: Check Layer Cache
3003177.484742,5008,23c32e69-89c8-4a98-9507-a520351cbbe5,worker_3,coordinator_0,NET_TRANSFER,0.000100,0.158000,Poll: Cache Status Reply
3003177.642742,5008,23c32e69-89c8-4a98-9507-a520351cbbe5,coordinator_0,worker_4,NET_TRANSFER,0.000100,0.158000,Poll: Check Layer Cache
3003177.800742,5008,23c32e69-89c8-4a98-9507-a520351cbbe5,worker_4,coordinator_0,NET_TRANSFER,0.000100,0.158000,Poll: Cache Status Reply
3003177.958742,5008,23c32e69-89c8-4a98-9507-a520351cbbe5,coordinator_0,worker_4,NET_TRANSFER,0.000100,0.158000,Poll: Check Layer Cache
3003178.116742,5008,23c32e69-89c8-4a98-9507-a520351cbbe5,worker_4,coordinator_0,NET_TRANSFER,0.000100,0.158000,Poll: Cache Status Reply
3003178.274742,5008,23c32e69-89c8-4a98-9507-a520351cbbe5,coordinator_0,worker_4,NET_TRANSFER,0.000100,0.158000,Poll: Check Layer Cache
3003178.432742,5008,23c32e69-89c8-4a98-9507-a520351cbbe5,worker_4,coordinator_0,NET_TRANSFER,0.000100,0.158000,Poll: Cache Status Reply
3003178.590742,10014,23c32e69-89c8-4a98-9507-a520351cbbe5,coordinator_0,worker_4,NET_TRANSFER,0.000100,0.158000,Poll: Check Layer Cache
3003178.748742,10014,23c32e69-89c8-4a98-9507-a520351cbbe5,worker_4,coordinator_0,NET_TRANSFER,0.000100,0.158000,Poll: Cache Status Reply
3003178.906742,10014,23c32e69-89c8-4a98-9507-a520351cbbe5,coordinator_0,worker_4,NET_TRANSFER,0.000100,0.158000,Poll: Check Layer Cache
3003179.064742,10014,23c32e69-89c8-4a98-9507-a520351cbbe5,worker_4,coordinator_0,NET_TRANSFER,0.000100,0.158000,Poll: Cache Status Reply
3003179.222742,10014,23c32e69-89c8-4a98-9507-a520351cbbe5,coordinator_0,worker_4,NET_TRANSFER,0.000100,0.158000,Poll: Check Layer Cache
3003179.380742,10014,23c32e69-89c8-4a98-9507-a520351cbbe5,worker_4,coordinator_0,NET_TRANSFER,0.000100,0.158000,Poll: Cache Status Reply
3003179.538742,10014,23c32e69-89c8-4a98-9507-a520351cbbe5,coordinator_0,worker_3,NET_TRANSFER,0.000100,0.158000,Poll: Check Layer Cache
3003179.696742,10014,23c32e69-89c8-4a98-9507-a520351cbbe5,worker_3,coordinator_0,NET_TRANSFER,0.000100,0.158000,Poll: Cache Status Reply
3003179.854742,10014,23c32e69-89c8-4a98-9507-a520351cbbe5,coordinator_0,worker_1,NET_TRANSFER,0.000100,0.158000,Poll: Check Layer Cache
3003180.012742,10014,23c32e69-89c8-4a98-9507-a520351cbbe5,worker_1,coordinator_0,NET_TRANSFER,0.000100,0.158000,Poll: Cache Status Reply
3003180.170742,10014,23c32e69-89c8-4a98-9507-a520351cbbe5,coordinator_0,worker_3,NET_TRANSFER,0.000100,0.158000,Poll: Check Layer Cache
3003180.328742,10014,23c32e69-89c8-4a98-9507-a520351cbbe5,worker_3,coordinator_0,NET_TRANSFER,0.000100,0.158000,Poll: Cache Status Reply
3003180.486742,10014,23c32e69-89c8-4a98-9507-a520351cbbe5,coordinator_0,worker_2,NET_TRANSFER,0.000100,0.158000,Poll: Check Layer Cache
3003180.644742,10014,23c32e69-89c8-4a98-9507-a520351cbbe5,worker_2,coordinator_0,NET_TRANSFER,0.000100,0.158000,Poll: Cache Status Reply
3003180.802742,10014,23c32e69-89c8-4a98-9507-a520351cbbe5,coordinator_0,worker_4,NET_TRANSFER,0.000100,0.158000,Poll: Check Layer Cache
3003180.960742,10014,23c32e69-89c8-4a98-9507-a520351cbbe5,worker_4,coordinator_0,NET_TRANSFER,0.000100,0.158000,Poll: Cache Status Reply
3003181.118742,10014,23c32e69-89c8-4a98-9507-a520351cbbe5,coordinator_0,worker_1,NET_TRANSFER,0.000100,0.158000,Poll: Check Layer Cache
3003181.276742,10014,23c32e69-89c8-4a98-9507-a520351cbbe5,worker_1,coordinator_0,NET_TRANSFER,0.000100,0.158000,Poll: Cache Status Reply
3003181.434742,10014,23c32e69-89c8-4a98-9507-a520351cbbe5,coordinator_0,worker_2,NET_TRANSFER,0.000100,0.158000,Poll: Check Layer Cache
3003181.592742,10014,23c32e69-89c8-4a98-9507-a520351cbbe5,worker_2,coordinator_0,NET_TRANSFER,0.000100,0.158000,Poll: Cache Status Reply
3003181.750742,10014,23c32e69-89c8-4a98-9507-a520351cbbe5,coordinator_0,worker_1,NET_TRANSFER,0.000100,0.158000,Poll: Check Layer Cache
3003181.908742,10014,23c32e69-89c8-4a98-9507-a520351cbbe5,worker_1,coordinator_0,NET_TRANSFER,0.000100,0.158000,Poll: Cache Status Reply
3003182.066742,10014,23c32e69-89c8-4a98-9507-a520351cbbe5,coordinator_0,worker_3,NET_TRANSFER,0.000100,0.158000,Poll: Check Layer Cache
3003182.224742,10014,23c32e69-89c8-4a98-9507-a520351cbbe5,worker_3,coordinator_0,NET_TRANSFER,0.000100,0.158000,Poll: Cache Status Reply
3003182.382742,10014,23c32e69-89c8-4a98-9507-a520351cbbe5,coordinator_0,worker_1,NET_TRANSFER,0.000100,0.158000,Poll: Check Layer Cache
3003182.540742,10014,23c32e69-89c8-4a98-9507-a520351cbbe5,worker_1,coordinator_0,NET_TRANSFER,0.000100,0.158000,Poll: Cache Status Reply
3003182.698742,10014,23c32e69-89c8-4a98-9507-a520351cbbe5,coordinator_0,worker_3,NET_TRANSFER,0.000100,0.158000,Poll: Check Layer Cache
3003182.856742,10014,23c32e69-89c8-4a98-9507-a520351cbbe5,worker_3,coordinator_0,NET_TRANSFER,0.000100,0.158000,Poll: Cache Status Reply
3003183.014742,10014,23c32e69-89c8-4a98-9507-a520351cbbe5,coordinator_0,worker_3,NET_TRANSFER,0.000100,0.158000,Poll: Check Layer Cache
3003183.172742,10014,23c32e69-89c8-4a98-9507-a520351cbbe5,worker_3,coordinator_0,NET_TRANSFER,0.000100,0.158000,Poll: Cache Status Reply
3003183.330742,10014,23c32e69-89c8-4a98-9507-a520351cbbe5,coordinator_0,worker_2,NET_TRANSFER,0.000100,0.158000,Poll: Check Layer Cache
3003183.488742,10014,23c32e69-89c8-4a98-9507-a520351cbbe5,worker_2,coordinator_0,NET_TRANSFER,0.000100,0.158000,Poll: Cache Status Reply
3003183.646742,10014,23c32e69-89c8-4a98-9507-a520351cbbe5,coordinator_0,worker_4,NET_TRANSFER,0.000100,0.158000,Poll: Check Layer Cache
3003183.804742,10014,23c32e69-89c8-4a98-9507-a520351cbbe5,worker_4,coordinator_0,NET_TRANSFER,0.000100,0.158000,Poll: Cache Status Reply
3003183.962742,10014,23c32e69-89c8-4a98-9507-a520351cbbe5,coordinator_0,worker_1,NET_TRANSFER,0.000100,0.158000,Poll: Check Layer Cache
3003184.120742,10014,23c32e69-89c8-4a98-9507-a520351cbbe5,worker_1,coordinator_0,NET_TRANSFER,0.000100,0.158000,Poll: Cache Status Reply
3003184.278742,10014,23c32e69-89c8-4a98-9507-a520351cbbe5,coordinator_0,worker_2,NET_TRANSFER,0.000100,0.158000,Poll: Check Layer Cache
3003184.436742,10014,23c32e69-89c8-4a98-9507-a520351cbbe5,worker_2,coordinator_0,NET_TRANSFER,0.000100,0.158000,Poll: Cache Status Reply
3003184.594742,10014,23c32e69-89c8-4a98-9507-a520351cbbe5,coordinator_0,worker_3,NET_TRANSFER,0.000100,0.158000,Poll: Check Layer Cache
3003184.752742,10014,23c32e69-89c8-4a98-9507-a520351cbbe5,worker_3,coordinator_0,NET_TRANSFER,0.000100,0.158000,Poll: Cache Status Reply
3003184.910742,10014,23c32e69-89c8-4a98-9507-a520351cbbe5,coordinator_0,worker_2,NET_TRANSFER,0.000100,0.158000,Poll: Check Layer Cache
3003185.068742,10014,23c32e69-89c8-4a98-9507-a520351cbbe5,worker_2,coordinator_0,NET_TRANSFER,0.000100,0.158000,Poll: Cache Status Reply
3003185.226742,10014,23c32e69-89c8-4a98-9507-a520351cbbe5,coordinator_0,worker_3,NET_TRANSFER,0.000100,0.158000,Poll: Check Layer Cache
3003185.384742,10014,23c32e69-89c8-4a98-9507-a520351cbbe5,worker_3,coordinator_0,NET_TRANSFER,0.000100,0.158000,Poll: Cache Status Reply
3003185.542742,10014,23c32e69-89c8-4a98-9507-a520351cbbe5,coordinator_0,worker_2,NET_TRANSFER,0.000100,0.158000,Poll: Check Layer Cache
3003185.700742,10014,23c32e69-89c8-4a98-9507-a520351cbbe5,worker_2,coordinator_0,NET_TRANSFER,0.000100,0.158000,Poll: Cache Status Reply
3003185.858742,10014,23c32e69-89c8-4a98-9507-a520351cbbe5,coordinator_0,worker_1,NET_TRANSFER,0.000100,0.158000,Poll: Check Layer Cache
3003186.016742,10014,23c32e69-89c8-4a98-9507-a520351cbbe5,worker_1,coordinator_0,NET_TRANSFER,0.000100,0.158000,Poll: Cache Status Reply
3003186.174742,10014,23c32e69-89c8-4a98-9507-a520351cbbe5,coordinator_0,worker_1,NET_TRANSFER,0.000100,0.158000,Poll: Check Layer Cache
3003186.332742,10014,23c32e69-89c8-4a98-9507-a520351cbbe5,worker_1,coordinator_0,NET_TRANSFER,0.000100,0.158000,Poll: Cache Status Reply
3003186.490742,10014,23c32e69-89c8-4a98-9507-a520351cbbe5,coordinator_0,worker_1,NET_TRANSFER,0.000100,0.158000,Poll: Check Layer Cache
3003186.648742,10014,23c32e69-89c8-4a98-9507-a520351cbbe5,worker_1,coordinator_0,NET_TRANSFER,0.000100,0.158000,Poll: Cache Status Reply
3003186.806742,10014,23c32e69-89c8-4a98-9507-a520351cbbe5,coordinator_0,worker_1,NET_TRANSFER,0.000100,0.158000,Poll: Check Layer Cache
3003186.964742,10014,23c32e69-89c8-4a98-9507-a520351cbbe5,worker_1,coordinator_0,NET_TRANSFER,0.000100,0.158000,Poll: Cache Status Reply
3003187.122742,10014,23c32e69-89c8-4a98-9507-a520351cbbe5,coordinator_0,worker_1,NET_TRANSFER,0.000100,0.158000,Poll: Check Layer Cache
3003187.280742,10014,23c32e69-89c8-4a98-9507-a520351cbbe5,worker_1,coordinator_0,NET_TRANSFER,0.000100,0.158000,Poll: Cache Status Reply
3003187.438742,10014,23c32e69-89c8-4a98-9507-a520351cbbe5,coordinator_0,worker_1,NET_TRANSFER,0.000100,0.158000,Poll: Check Layer Cache
3003187.596742,10014,23c32e69-89c8-4a98-9507-a520351cbbe5,worker_1,coordinator_0,NET_TRANSFER,0.000100,0.158000,Poll: Cache Status Reply
3003187.754742,10014,23c32e69-89c8-4a98-9507-a520351cbbe5,coordinator_0,worker_2,NET_TRANSFER,0.000100,0.158000,Poll: Check Layer Cache
3003187.912742,10014,23c32e69-89c8-4a98-9507-a520351cbbe5,worker_2,coordinator_0,NET_TRANSFER,0.000100,0.158000,Poll: Cache Status Reply
3003188.070742,10014,23c32e69-89c8-4a98-9507-a520351cbbe5,coordinator_0,worker_3,NET_TRANSFER,0.000100,0.158000,Poll: Check Layer Cache
3003188.228742,10014,23c32e69-89c8-4a98-9507-a520351cbbe5,worker_3,coordinator_0,NET_TRANSFER,0.000100,0.158000,Poll: Cache Status Reply
3003188.386742,10014,23c32e69-89c8-4a98-9507-a520351cbbe5,coordinator_0,worker_3,NET_TRANSFER,0.000100,0.158000,Poll: Check Layer Cache
3003188.544742,10014,23c32e69-89c8-4a98-9507-a520351cbbe5,worker_3,coordinator_0,NET_TRANSFER,0.000100,0.158000,Poll: Cache Status Reply
3003188.702742,10014,23c32e69-89c8-4a98-9507-a520351cbbe5,coordinator_0,worker_4,NET_TRANSFER,0.000100,0.158000,Poll: Check Layer Cache
3003188.860742,10014,23c32e69-89c8-4a98-9507-a520351cbbe5,worker_4,coordinator_0,NET_TRANSFER,0.000100,0.158000,Poll: Cache Status Reply
3003189.018742,10014,23c32e69-89c8-4a98-9507-a520351cbbe5,coordinator_0,worker_2,NET_TRANSFER,0.000100,0.158000,Poll: Check Layer Cache
3003189.176742,10014,23c32e69-89c8-4a98-9507-a520351cbbe5,worker_2,coordinator_0,NET_TRANSFER,0.000100,0.158000,Poll: Cache Status Reply
3003189.334742,10014,23c32e69-89c8-4a98-9507-a520351cbbe5,coordinator_0,worker_4,NET_TRANSFER,0.000100,0.158000,Poll: Check Layer Cache
3003189.492742,10014,23c32e69-89c8-4a98-9507-a520351cbbe5,worker_4,coordinator_0,NET_TRANSFER,0.000100,0.158000,Poll: Cache Status Reply
3003189.650742,10014,23c32e69-89c8-4a98-9507-a520351cbbe5,coordinator_0,worker_1,NET_TRANSFER,0.000100,0.158000,Poll: Check Layer Cache
3003189.808742,10014,23c32e69-89c8-4a98-9507-a520351cbbe5,worker_1,coordinator_0,NET_TRANSFER,0.000100,0.158000,Poll: Cache Status Reply
3003189.966742,10014,23c32e69-89c8-4a98-9507-a520351cbbe5,coordinator_0,worker_4,NET_TRANSFER,0.000100,0.158000,Poll: Check Layer Cache
3003190.124742,10014,23c32e69-89c8-4a98-9507-a520351cbbe5,worker_4,coordinator_0,NET_TRANSFER,0.000100,0.158000,Poll: Cache Status Reply
3003190.282742,10014,23c32e69-89c8-4a98-9507-a520351cbbe5,coordinator_0,worker_4,NET_TRANSFER,0.000100,0.158000,Poll: Check Layer Cache
3003190.440742,10014,23c32e69-89c8-4a98-9507-a520351cbbe5,worker_4,coordinator_0,NET_TRANSFER,0.000100,0.158000,Poll: Cache Status Reply
3003190.598742,10014,23c32e69-89c8-4a98-9507-a520351cbbe5,coordinator_0,worker_1,NET_TRANSFER,0.000100,0.158000,Poll: Check Layer Cache
3003190.756742,10014,23c32e69-89c8-4a98-9507-a520351cbbe5,worker_1,coordinator_0,NET_TRANSFER,0.000100,0.158000,Poll: Cache Status Reply
3003190.914742,10014,23c32e69-89c8-4a98-9507-a520351cbbe5,coordinator_0,worker_2,NET_TRANSFER,0.000100,0.158000,Poll: Check Layer Cache
3003191.072742,10014,23c32e69-89c8-4a98-9507-a520351cbbe5,worker_2,coordinator_0,NET_TRANSFER,0.000100,0.158000,Poll: Cache Status Reply
3003191.230742,10014,23c32e69-89c8-4a98-9507-a520351cbbe5,coordinator_0,worker_3,NET_TRANSFER,0.000100,0.158000,Poll: Check Layer Cache
3003191.388742,10014,23c32e69-89c8-4a98-9507-a520351cbbe5,worker_3,coordinator_0,NET_TRANSFER,0.000100,0.158000,Poll: Cache Status Reply
3003191.546742,10014,23c32e69-89c8-4a98-9507-a520351cbbe5,coordinator_0,worker_4,NET_TRANSFER,0.000100,0.158000,Poll: Check Layer Cache
3003191.704742,10014,23c32e69-89c8-4a98-9507-a520351cbbe5,worker_4,coordinator_0,NET_TRANSFER,0.000100,0.158000,Poll: Cache Status Reply
3003191.862742,10014,23c32e69-89c8-4a98-9507-a520351cbbe5,coordinator_0,worker_1,NET_TRANSFER,0.000100,0.158000,Poll: Check Layer Cache
3003192.020742,10014,23c32e69-89c8-4a98-9507-a520351cbbe5,worker_1,coordinator_0,NET_TRANSFER,0.000100,0.158000,Poll: Cache Status Reply
3003192.178742,10014,23c32e69-89c8-4a98-9507-a520351cbbe5,coordinator_0,worker_2,NET_TRANSFER,0.000100,0.158000,Poll: Check Layer Cache
3003192.336742,10014,23c32e69-89c8-4a98-9507-a520351cbbe5,worker_2,coordinator_0,NET_TRANSFER,0.000100,0.158000,Poll: Cache Status Reply
3003192.494742,10014,23c32e69-89c8-4a98-9507-a520351cbbe5,coordinator_0,worker_3,NET_TRANSFER,0.000100,0.158000,Poll: Check Layer Cache
3003192.652742,10014,23c32e69-89c8-4a98-9507-a520351cbbe5,worker_3,coordinator_0,NET_TRANSFER,0.000100,0.158000,Poll: Cache Status Reply
3003192.810742,10014,23c32e69-89c8-4a98-9507-a520351cbbe5,coordinator_0,worker_2,NET_TRANSFER,0.000100,0.158000,Poll: Check Layer Cache
3003192.968742,10014,23c32e69-89c8-4a98-9507-a520351cbbe5,worker_2,coordinator_0,NET_TRANSFER,0.000100,0.158000,Poll: Cache Status Reply
3003193.126742,10014,23c32e69-89c8-4a98-9507-a520351cbbe5,coordinator_0,worker_3,NET_TRANSFER,0.000100,0.158000,Poll: Check Layer Cache
3003193.284742,10014,23c32e69-89c8-4a98-9507-a520351cbbe5,worker_3,coordinator_0,NET_TRANSFER,0.000100,0.158000,Poll: Cache Status Reply
3003193.442742,10014,23c32e69-89c8-4a98-9507-a520351cbbe5,coordinator_0,worker_4,NET_TRANSFER,0.000100,0.158000,Poll: Check Layer Cache
3003193.600742,10014,23c32e69-89c8-4a98-9507-a520351cbbe5,worker_4,coordinator_0,NET_TRANSFER,0.000100,0.158000,Poll: Cache Status Reply
3003193.758742,10014,23c32e69-89c8-4a98-9507-a520351cbbe5,coordinator_0,worker_2,NET_TRANSFER,0.000100,0.158000,Poll: Check Layer Cache
3003193.916742,10014,23c32e69-89c8-4a98-9507-a520351cbbe5,worker_2,coordinator_0,NET_TRANSFER,0.000100,0.158000,Poll: Cache Status Reply
3003194.074742,10014,23c32e69-89c8-4a98-9507-a520351cbbe5,coordinator_0,worker_2,NET_TRANSFER,0.000100,0.158000,Poll: Check Layer Cache
3003194.232742,10014,23c32e69-89c8-4a98-9507-a520351cbbe5,worker_2,coordinator_0,NET_TRANSFER,0.000100,0.158000,Poll: Cache Status Reply
3003194.390742,10014,23c32e69-89c8-4a98-9507-a520351cbbe5,coordinator_0,worker_4,NET_TRANSFER,0.000100,0.158000,Poll: Check Layer Cache
3003194.548742,10014,23c32e69-89c8-4a98-9507-a520351cbbe5,worker_4,coordinator_0,NET_TRANSFER,0.000100,0.158000,Poll: Cache Status Reply
3003194.706742,10014,23c32e69-89c8-4a98-9507-a520351cbbe5,coordinator_0,worker_3,NET_TRANSFER,0.000100,0.158000,Poll: Check Layer Cache
3003194.864742,10014,23c32e69-89c8-4a98-9507-a520351cbbe5,worker_3,coordinator_0,NET_TRANSFER,0.000100,0.158000,Poll: Cache Status Reply
3003195.022742,10014,23c32e69-89c8-4a98-9507-a520351cbbe5,coordinator_0,worker_2,NET_TRANSFER,0.000100,0.158000,Poll: Check Layer Cache
3003195.180742,10014,23c32e69-89c8-4a98-9507-a520351cbbe5,worker_2,coordinator_0,NET_TRANSFER,0.000100,0.158000,Poll: Cache Status Reply
3003195.338742,10014,23c32e69-89c8-4a98-9507-a520351cbbe5,coordinator_0,worker_1,NET_TRANSFER,0.000100,0.158000,Poll: Check Layer Cache
3003195.496742,10014,23c32e69-89c8-4a98-9507-a520351cbbe5,worker_1,coordinator_0,NET_TRANSFER,0.000100,0.158000,Poll: Cache Status Reply
3003195.654742,10014,23c32e69-89c8-4a98-9507-a520351cbbe5,coordinator_0,worker_4,NET_TRANSFER,0.000100,0.158000,Poll: Check Layer Cache
3003195.812742,10014,23c32e69-89c8-4a98-9507-a520351cbbe5,worker_4,coordinator_0,NET_TRANSFER,0.000100,0.158000,Poll: Cache Status Reply
3003195.970742,10014,23c32e69-89c8-4a98-9507-a520351cbbe5,coordinator_0,worker_4,NET_TRANSFER,0.000100,0.158000,Poll: Check Layer Cache
3003196.128742,10014,23c32e69-89c8-4a98-9507-a520351cbbe5,worker_4,coordinator_0,NET_TRANSFER,0.000100,0.158000,Poll: Cache Status Reply
3003196.286742,10014,23c32e69-89c8-4a98-9507-a520351cbbe5,coordinator_0,worker_2,NET_TRANSFER,0.000100,0.158000,Poll: Check Layer Cache
3003196.444742,10014,23c32e69-89c8-4a98-9507-a520351cbbe5,worker_2,coordinator_0,NET_TRANSFER,0.000100,0.158000,Poll: Cache Status Reply
3003196.602742,10014,23c32e69-89c8-4a98-9507-a520351cbbe5,coordinator_0,worker_3,NET_TRANSFER,0.000100,0.158000,Poll: Check Layer Cache
3003196.760742,10014,23c32e69-89c8-4a98-9507-a520351cbbe5,worker_3,coordinator_0,NET_TRANSFER,0.000100,0.158000,Poll: Cache Status Reply
3003196.918742,10014,23c32e69-89c8-4a98-9507-a520351cbbe5,coordinator_0,worker_4,NET_TRANSFER,0.000100,0.158000,Poll: Check Layer Cache
3003197.076742,10014,23c32e69-89c8-4a98-9507-a520351cbbe5,worker_4,coordinator_0,NET_TRANSFER,0.000100,0.158000,Poll: Cache Status Reply
3003974.609193,10007,05c888f5-48fd-4c78-b8ff-c3d7e25250ee,coordinator_0,worker_2,NET_TRANSFER,9.717281,777.532451,Distribute Layer ID: ec3c676f
3003974.685109,10007,05c888f5-48fd-4c78-b8ff-c3d7e25250ee,worker_2,worker_2,DISK_LOAD,9.717281,0.075916,"Disk -> RAM [Model: 05c888f5, Layer: ec3c676f]"
3003974.761025,10007,05c888f5-48fd-4c78-b8ff-c3d7e25250ee,worker_2,worker_2,MEM_MOVE,9.717281,0.075916,"RAM -> VRAM [Model: 05c888f5, Layer: ec3c676f]"
3003974.811025,10007,05c888f5-48fd-4c78-b8ff-c3d7e25250ee,worker_2,worker_2,GPU_COMPUTE,0.050000,0.050000,GPU Compute
3003974.969025,10007,05c888f5-48fd-4c78-b8ff-c3d7e25250ee,worker_2,coordinator_0,NET_TRANSFER,0.000100,0.158000,Signal Finished
3004799.580465,10007,05c888f5-48fd-4c78-b8ff-c3d7e25250ee,coordinator_0,worker_3,NET_TRANSFER,10.305768,824.611439,Distribute Layer ID: b563274b
3004799.660978,10007,05c888f5-48fd-4c78-b8ff-c3d7e25250ee,worker_3,worker_3,DISK_LOAD,10.305768,0.080514,"Disk -> RAM [Model: 05c888f5, Layer: b563274b]"
3004799.741492,10007,05c888f5-48fd-4c78-b8ff-c3d7e25250ee,worker_3,worker_3,MEM_MOVE,10.305768,0.080514,"RAM -> VRAM [Model: 05c888f5, Layer: b563274b]"
3004799.791492,10007,05c888f5-48fd-4c78-b8ff-c3d7e25250ee,worker_3,worker_3,GPU_COMPUTE,0.050000,0.050000,GPU Compute
3004799.949492,10007,05c888f5-48fd-4c78-b8ff-c3d7e25250ee,worker_3,coordinator_0,NET_TRANSFER,0.000100,0.158000,Signal Finished
3005247.018434,10007,05c888f5-48fd-4c78-b8ff-c3d7e25250ee,coordinator_0,worker_4,NET_TRANSFER,5.586487,447.068942,Distribute Layer ID: 42da96c6
3005247.062079,10007,05c888f5-48fd-4c78-b8ff-c3d7e25250ee,worker_4,worker_4,DISK_LOAD,5.586487,0.043644,"Disk -> RAM [Model: 05c888f5, Layer: 42da96c6]"
3005247.105723,10007,05c888f5-48fd-4c78-b8ff-c3d7e25250ee,worker_4,worker_4,MEM_MOVE,5.586487,0.043644,"RAM -> VRAM [Model: 05c888f5, Layer: 42da96c6]"
3005247.155723,10007,05c888f5-48fd-4c78-b8ff-c3d7e25250ee,worker_4,worker_4,GPU_COMPUTE,0.050000,0.050000,GPU Compute
3005247.313723,10007,05c888f5-48fd-4c78-b8ff-c3d7e25250ee,worker_4,coordinator_0,NET_TRANSFER,0.000100,0.158000,Signal Finished
3005909.808545,10007,05c888f5-48fd-4c78-b8ff-c3d7e25250ee,coordinator_0,worker_1,NET_TRANSFER,8.279310,662.494822,Distribute Layer ID: d0d379f5
3005909.873227,10007,05c888f5-48fd-4c78-b8ff-c3d7e25250ee,worker_1,worker_1,DISK_LOAD,8.279310,0.064682,"Disk -> RAM [Model: 05c888f5, Layer: d0d379f5]"
3005909.937909,10007,05c888f5-48fd-4c78-b8ff-c3d7e25250ee,worker_1,worker_1,MEM_MOVE,8.279310,0.064682,"RAM -> VRAM [Model: 05c888f5, Layer: d0d379f5]"
3005909.987909,10007,05c888f5-48fd-4c78-b8ff-c3d7e25250ee,worker_1,worker_1,GPU_COMPUTE,0.050000,0.050000,GPU Compute
3005910.145909,10007,05c888f5-48fd-4c78-b8ff-c3d7e25250ee,worker_1,coordinator_0,NET_TRANSFER,0.000100,0.158000,Signal Finished
3006682.433593,10007,05c888f5-48fd-4c78-b8ff-c3d7e25250ee,coordinator_0,worker_2,NET_TRANSFER,9.651721,772.287684,Distribute Layer ID: c91f49aa
3006682.508997,10007,05c888f5-48fd-4c78-b8ff-c3d7e25250ee,worker_2,worker_2,DISK_LOAD,9.651721,0.075404,"Disk -> RAM [Model: 05c888f5, Layer: c91f49aa]"
3006682.584401,10007,05c888f5-48fd-4c78-b8ff-c3d7e25250ee,worker_2,worker_2,MEM_MOVE,9.651721,0.075404,"RAM -> VRAM [Model: 05c888f5, Layer: c91f49aa]"
3006682.634401,10007,05c888f5-48fd-4c78-b8ff-c3d7e25250ee,worker_2,worker_2,GPU_COMPUTE,0.050000,0.050000,GPU Compute
3006682.792401,10007,05c888f5-48fd-4c78-b8ff-c3d7e25250ee,worker_2,coordinator_0,NET_TRANSFER,0.000100,0.158000,Signal Finished
3007745.975806,10007,05c888f5-48fd-4c78-b8ff-c3d7e25250ee,coordinator_0,worker_3,NET_TRANSFER,13.287918,1063.183405,Distribute Layer ID: 7959f96c
3007746.056320,10007,05c888f5-48fd-4c78-b8ff-c3d7e25250ee,worker_3,worker_3,MEM_MOVE,10.305768,0.080514,"Evict VRAM -> RAM [Model: 05c888f5, Layer: b563274b]"
3007746.160131,10007,05c888f5-48fd-4c78-b8ff-c3d7e25250ee,worker_3,worker_3,DISK_LOAD,13.287918,0.103812,"Disk -> RAM [Model: 05c888f5, Layer: 7959f96c]"
3007746.263943,10007,05c888f5-48fd-4c78-b8ff-c3d7e25250ee,worker_3,worker_3,MEM_MOVE,13.287918,0.103812,"RAM -> VRAM [Model: 05c888f5, Layer: 7959f96c]"
3007746.313943,10007,05c888f5-48fd-4c78-b8ff-c3d7e25250ee,worker_3,worker_3,GPU_COMPUTE,0.050000,0.050000,GPU Compute
3007746.471943,10007,05c888f5-48fd-4c78-b8ff-c3d7e25250ee,worker_3,coordinator_0,NET_TRANSFER,0.000100,0.158000,Signal Finished
3008622.782524,10007,05c888f5-48fd-4c78-b8ff-c3d7e25250ee,coordinator_0,worker_4,NET_TRANSFER,10.952007,876.310581,Distribute Layer ID: cab20832
3008622.868087,10007,05c888f5-48fd-4c78-b8ff-c3d7e25250ee,worker_4,worker_4,DISK_LOAD,10.952007,0.085563,"Disk -> RAM [Model: 05c888f5, Layer: cab20832]"
3008622.953649,10007,05c888f5-48fd-4c78-b8ff-c3d7e25250ee,worker_4,worker_4,MEM_MOVE,10.952007,0.085563,"RAM -> VRAM [Model: 05c888f5, Layer: cab20832]"
3008623.003649,10007,05c888f5-48fd-4c78-b8ff-c3d7e25250ee,worker_4,worker_4,GPU_COMPUTE,0.050000,0.050000,GPU Compute
3008623.161649,10007,05c888f5-48fd-4c78-b8ff-c3d7e25250ee,worker_4,coordinator_0,NET_TRANSFER,0.000100,0.158000,Signal Finished
3009594.647807,10007,05c888f5-48fd-4c78-b8ff-c3d7e25250ee,coordinator_0,worker_1,NET_TRANSFER,12.141702,971.486158,Distribute Layer ID: dab7ef6d
3009594.742664,10007,05c888f5-48fd-4c78-b8ff-c3d7e25250ee,worker_1,worker_1,DISK_LOAD,12.141702,0.094857,"Disk -> RAM [Model: 05c888f5, Layer: dab7ef6d]"
3009594.837521,10007,05c888f5-48fd-4c78-b8ff-c3d7e25250ee,worker_1,worker_1,MEM_MOVE,12.141702,0.094857,"RAM -> VRAM [Model: 05c888f5, Layer: dab7ef6d]"
3009594.887521,10007,05c888f5-48fd-4c78-b8ff-c3d7e25250ee,worker_1,worker_1,GPU_COMPUTE,0.050000,0.050000,GPU Compute
3009595.045521,10007,05c888f5-48fd-4c78-b8ff-c3d7e25250ee,worker_1,coordinator_0,NET_TRANSFER,0.000100,0.158000,Signal Finished
3010022.587646,10007,05c888f5-48fd-4c78-b8ff-c3d7e25250ee,coordinator_0,worker_2,NET_TRANSFER,5.342402,427.542125,Distribute Layer ID: 11be8203
3010022.629383,10007,05c888f5-48fd-4c78-b8ff-c3d7e25250ee,worker_2,worker_2,DISK_LOAD,5.342402,0.041738,"Disk -> RAM [Model: 05c888f5, Layer: 11be8203]"
3010022.671121,10007,05c888f5-48fd-4c78-b8ff-c3d7e25250ee,worker_2,worker_2,MEM_MOVE,5.342402,0.041738,"RAM -> VRAM [Model: 05c888f5, Layer: 11be8203]"
3010022.721121,10007,05c888f5-48fd-4c78-b8ff-c3d7e25250ee,worker_2,worker_2,GPU_COMPUTE,0.050000,0.050000,GPU Compute
3010022.879121,10007,05c888f5-48fd-4c78-b8ff-c3d7e25250ee,worker_2,coordinator_0,NET_TRANSFER,0.000100,0.158000,Signal Finished
3010575.392247,10007,05c888f5-48fd-4c78-b8ff-c3d7e25250ee,coordinator_0,worker_3,NET_TRANSFER,6.904539,552.513126,Distribute Layer ID: 590cb48a
3010575.496059,10007,05c888f5-48fd-4c78-b8ff-c3d7e25250ee,worker_3,worker_3,MEM_MOVE,13.287918,0.103812,"Evict VRAM -> RAM [Model: 05c888f5, Layer: 7959f96c]"
3010575.550001,10007,05c888f5-48fd-4c78-b8ff-c3d7e25250ee,worker_3,worker_3,DISK_LOAD,6.904539,0.053942,"Disk -> RAM [Model: 05c888f5, Layer: 590cb48a]"
3010575.603942,10007,05c888f5-48fd-4c78-b8ff-c3d7e25250ee,worker_3,worker_3,MEM_MOVE,6.904539,0.053942,"RAM -> VRAM [Model: 05c888f5, Layer: 590cb48a]"
3010575.653942,10007,05c888f5-48fd-4c78-b8ff-c3d7e25250ee,worker_3,worker_3,GPU_COMPUTE,0.050000,0.050000,GPU Compute
3010575.811942,10007,05c888f5-48fd-4c78-b8ff-c3d7e25250ee,worker_3,coordinator_0,NET_TRANSFER,0.000100,0.158000,Signal Finished
3010975.240445,10007,05c888f5-48fd-4c78-b8ff-c3d7e25250ee,coordinator_0,worker_4,NET_TRANSFER,4.990981,399.428502,Distribute Layer ID: dfca9551
3010975.279437,10007,05c888f5-48fd-4c78-b8ff-c3d7e25250ee,worker_4,worker_4,DISK_LOAD,4.990981,0.038992,"Disk -> RAM [Model: 05c888f5, Layer: dfca9551]"
3010975.318429,10007,05c888f5-48fd-4c78-b8ff-c3d7e25250ee,worker_4,worker_4,MEM_MOVE,4.990981,0.038992,"RAM -> VRAM [Model: 05c888f5, Layer: dfca9551]"
3010975.368429,10007,05c888f5-48fd-4c78-b8ff-c3d7e25250ee,worker_4,worker_4,GPU_COMPUTE,0.050000,0.050000,GPU Compute
3010975.526429,10007,05c888f5-48fd-4c78-b8ff-c3d7e25250ee,worker_4,coordinator_0,NET_TRANSFER,0.000100,0.158000,Signal Finished
3011943.256945,10007,05c888f5-48fd-4c78-b8ff-c3d7e25250ee,coordinator_0,worker_1,NET_TRANSFER,12.094756,967.730516,Distribute Layer ID: 9f82ccbc
3011943.351435,10007,05c888f5-48fd-4c78-b8ff-c3d7e25250ee,worker_1,worker_1,DISK_LOAD,12.094756,0.094490,"Disk -> RAM [Model: 05c888f5, Layer: 9f82ccbc]"
3011943.445925,10007,05c888f5-48fd-4c78-b8ff-c3d7e25250ee,worker_1,worker_1,MEM_MOVE,12.094756,0.094490,"RAM -> VRAM [Model: 05c888f5, Layer: 9f82ccbc]"
3011943.495925,10007,05c888f5-48fd-4c78-b8ff-c3d7e25250ee,worker_1,worker_1,GPU_COMPUTE,0.050000,0.050000,GPU Compute
3011943.653925,10007,05c888f5-48fd-4c78-b8ff-c3d7e25250ee,worker_1,coordinator_0,NET_TRANSFER,0.000100,0.158000,Signal Finished
3012611.974438,10007,05c888f5-48fd-4c78-b8ff-c3d7e25250ee,coordinator_0,worker_2,NET_TRANSFER,8.352131,668.320513,Distribute Layer ID: c6aadfef
3012612.039689,10007,05c888f5-48fd-4c78-b8ff-c3d7e25250ee,worker_2,worker_2,DISK_LOAD,8.352131,0.065251,"Disk -> RAM [Model: 05c888f5, Layer: c6aadfef]"
3012612.104940,10007,05c888f5-48fd-4c78-b8ff-c3d7e25250ee,worker_2,worker_2,MEM_MOVE,8.352131,0.065251,"RAM -> VRAM [Model: 05c888f5, Layer: c6aadfef]"
3012612.154940,10007,05c888f5-48fd-4c78-b8ff-c3d7e25250ee,worker_2,worker_2,GPU_COMPUTE,0.050000,0.050000,GPU Compute
3012612.312940,10007,05c888f5-48fd-4c78-b8ff-c3d7e25250ee,worker_2,coordinator_0,NET_TRANSFER,0.000100,0.158000,Signal Finished
3013249.033374,10007,05c888f5-48fd-4c78-b8ff-c3d7e25250ee,coordinator_0,worker_3,NET_TRANSFER,7.957130,636.720434,Distribute Layer ID: e185b0ff
3013249.095539,10007,05c888f5-48fd-4c78-b8ff-c3d7e25250ee,worker_3,worker_3,DISK_LOAD,7.957130,0.062165,"Disk -> RAM [Model: 05c888f5, Layer: e185b0ff]"
3013249.157704,10007,05c888f5-48fd-4c78-b8ff-c3d7e25250ee,worker_3,worker_3,MEM_MOVE,7.957130,0.062165,"RAM -> VRAM [Model: 05c888f5, Layer: e185b0ff]"
3013249.207704,10007,05c888f5-48fd-4c78-b8ff-c3d7e25250ee,worker_3,worker_3,GPU_COMPUTE,0.050000,0.050000,GPU Compute
3013249.365704,10007,05c888f5-48fd-4c78-b8ff-c3d7e25250ee,worker_3,coordinator_0,NET_TRANSFER,0.000100,0.158000,Signal Finished
3013727.301828,10007,05c888f5-48fd-4c78-b8ff-c3d7e25250ee,coordinator_0,worker_4,NET_TRANSFER,5.972327,477.936124,Distribute Layer ID: 74411d52
3013727.348487,10007,05c888f5-48fd-4c78-b8ff-c3d7e25250ee,worker_4,worker_4,DISK_LOAD,5.972327,0.046659,"Disk -> RAM [Model: 05c888f5, Layer: 74411d52]"
3013727.395146,10007,05c888f5-48fd-4c78-b8ff-c3d7e25250ee,worker_4,worker_4,MEM_MOVE,5.972327,0.046659,"RAM -> VRAM [Model: 05c888f5, Layer: 74411d52]"
3013727.445146,10007,05c888f5-48fd-4c78-b8ff-c3d7e25250ee,worker_4,worker_4,GPU_COMPUTE,0.050000,0.050000,GPU Compute
3013727.603146,10007,05c888f5-48fd-4c78-b8ff-c3d7e25250ee,worker_4,coordinator_0,NET_TRANSFER,0.000100,0.158000,Signal Finished
3014657.146470,10007,05c888f5-48fd-4c78-b8ff-c3d7e25250ee,coordinator_0,worker_1,NET_TRANSFER,11.617417,929.543324,Distribute Layer ID: 810c2680
3014657.237231,10007,05c888f5-48fd-4c78-b8ff-c3d7e25250ee,worker_1,worker_1,DISK_LOAD,11.617417,0.090761,"Disk -> RAM [Model: 05c888f5, Layer: 810c2680]"
3014657.327992,10007,05c888f5-48fd-4c78-b8ff-c3d7e25250ee,worker_1,worker_1,MEM_MOVE,11.617417,0.090761,"RAM -> VRAM [Model: 05c888f5, Layer: 810c2680]"
3014657.377992,10007,05c888f5-48fd-4c78-b8ff-c3d7e25250ee,worker_1,worker_1,GPU_COMPUTE,0.050000,0.050000,GPU Compute
3014657.535992,10007,05c888f5-48fd-4c78-b8ff-c3d7e25250ee,worker_1,coordinator_0,NET_TRANSFER,0.000100,0.158000,Signal Finished
3015062.385023,10007,05c888f5-48fd-4c78-b8ff-c3d7e25250ee,coordinator_0,worker_2,NET_TRANSFER,5.058738,404.849031,Distribute Layer ID: 6ca11b1d
3015062.424544,10007,05c888f5-48fd-4c78-b8ff-c3d7e25250ee,worker_2,worker_2,DISK_LOAD,5.058738,0.039521,"Disk -> RAM [Model: 05c888f5, Layer: 6ca11b1d]"
3015062.464066,10007,05c888f5-48fd-4c78-b8ff-c3d7e25250ee,worker_2,worker_2,MEM_MOVE,5.058738,0.039521,"RAM -> VRAM [Model: 05c888f5, Layer: 6ca11b1d]"
3015062.514066,10007,05c888f5-48fd-4c78-b8ff-c3d7e25250ee,worker_2,worker_2,GPU_COMPUTE,0.050000,0.050000,GPU Compute
3015062.672066,10007,05c888f5-48fd-4c78-b8ff-c3d7e25250ee,worker_2,coordinator_0,NET_TRANSFER,0.000100,0.158000,Signal Finished
3015483.902293,10007,05c888f5-48fd-4c78-b8ff-c3d7e25250ee,coordinator_0,worker_3,NET_TRANSFER,5.263503,421.230228,Distribute Layer ID: 4ae31a9e
3015483.964458,10007,05c888f5-48fd-4c78-b8ff-c3d7e25250ee,worker_3,worker_3,MEM_MOVE,7.957130,0.062165,"Evict VRAM -> RAM [Model: 05c888f5, Layer: e185b0ff]"
3015484.005580,10007,05c888f5-48fd-4c78-b8ff-c3d7e25250ee,worker_3,worker_3,DISK_LOAD,5.263503,0.041121,"Disk -> RAM [Model: 05c888f5, Layer: 4ae31a9e]"
3015484.046701,10007,05c888f5-48fd-4c78-b8ff-c3d7e25250ee,worker_3,worker_3,MEM_MOVE,5.263503,0.041121,"RAM -> VRAM [Model: 05c888f5, Layer: 4ae31a9e]"
3015484.096701,10007,05c888f5-48fd-4c78-b8ff-c3d7e25250ee,worker_3,worker_3,GPU_COMPUTE,0.050000,0.050000,GPU Compute
3015484.254701,10007,05c888f5-48fd-4c78-b8ff-c3d7e25250ee,worker_3,coordinator_0,NET_TRANSFER,0.000100,0.158000,Signal Finished
3015959.049271,10007,05c888f5-48fd-4c78-b8ff-c3d7e25250ee,coordinator_0,worker_4,NET_TRANSFER,5.933057,474.794570,Distribute Layer ID: 521b78b9
3015959.095623,10007,05c888f5-48fd-4c78-b8ff-c3d7e25250ee,worker_4,worker_4,DISK_LOAD,5.933057,0.046352,"Disk -> RAM [Model: 05c888f5, Layer: 521b78b9]"
3015959.141975,10007,05c888f5-48fd-4c78-b8ff-c3d7e25250ee,worker_4,worker_4,MEM_MOVE,5.933057,0.046352,"RAM -> VRAM [Model: 05c888f5, Layer: 521b78b9]"
3015959.191975,10007,05c888f5-48fd-4c78-b8ff-c3d7e25250ee,worker_4,worker_4,GPU_COMPUTE,0.050000,0.050000,GPU Compute
3015959.349975,10007,05c888f5-48fd-4c78-b8ff-c3d7e25250ee,worker_4,coordinator_0,NET_TRANSFER,0.000100,0.158000,Signal Finished
3016779.792402,10007,05c888f5-48fd-4c78-b8ff-c3d7e25250ee,coordinator_0,worker_1,NET_TRANSFER,10.253655,820.442428,Distribute Layer ID: e4a3f50d
3016779.872509,10007,05c888f5-48fd-4c78-b8ff-c3d7e25250ee,worker_1,worker_1,DISK_LOAD,10.253655,0.080107,"Disk -> RAM [Model: 05c888f5, Layer: e4a3f50d]"
3016779.952616,10007,05c888f5-48fd-4c78-b8ff-c3d7e25250ee,worker_1,worker_1,MEM_MOVE,10.253655,0.080107,"RAM -> VRAM [Model: 05c888f5, Layer: e4a3f50d]"
3016780.002616,10007,05c888f5-48fd-4c78-b8ff-c3d7e25250ee,worker_1,worker_1,GPU_COMPUTE,0.050000,0.050000,GPU Compute
3016780.160616,10007,05c888f5-48fd-4c78-b8ff-c3d7e25250ee,worker_1,coordinator_0,NET_TRANSFER,0.000100,0.158000,Signal Finished
3017136.847550,10007,05c888f5-48fd-4c78-b8ff-c3d7e25250ee,coordinator_0,worker_2,NET_TRANSFER,4.456712,356.686934,Distribute Layer ID: a6aa252a
3017136.882368,10007,05c888f5-48fd-4c78-b8ff-c3d7e25250ee,worker_2,worker_2,DISK_LOAD,4.456712,0.034818,"Disk -> RAM [Model: 05c888f5, Layer: a6aa252a]"
3017136.917186,10007,05c888f5-48fd-4c78-b8ff-c3d7e25250ee,worker_2,worker_2,MEM_MOVE,4.456712,0.034818,"RAM -> VRAM [Model: 05c888f5, Layer: a6aa252a]"
3017136.967186,10007,05c888f5-48fd-4c78-b8ff-c3d7e25250ee,worker_2,worker_2,GPU_COMPUTE,0.050000,0.050000,GPU Compute
3017137.125186,10007,05c888f5-48fd-4c78-b8ff-c3d7e25250ee,worker_2,coordinator_0,NET_TRANSFER,0.000100,0.158000,Signal Finished
3017705.116433,10007,05c888f5-48fd-4c78-b8ff-c3d7e25250ee,coordinator_0,worker_3,NET_TRANSFER,7.098016,567.991248,Distribute Layer ID: cf3da233
3017705.171887,10007,05c888f5-48fd-4c78-b8ff-c3d7e25250ee,worker_3,worker_3,DISK_LOAD,7.098016,0.055453,"Disk -> RAM [Model: 05c888f5, Layer: cf3da233]"
3017705.227340,10007,05c888f5-48fd-4c78-b8ff-c3d7e25250ee,worker_3,worker_3,MEM_MOVE,7.098016,0.055453,"RAM -> VRAM [Model: 05c888f5, Layer: cf3da233]"
3017705.277340,10007,05c888f5-48fd-4c78-b8ff-c3d7e25250ee,worker_3,worker_3,GPU_COMPUTE,0.050000,0.050000,GPU Compute
3017705.435340,10007,05c888f5-48fd-4c78-b8ff-c3d7e25250ee,worker_3,coordinator_0,NET_TRANSFER,0.000100,0.158000,Signal Finished
3018211.778701,10007,05c888f5-48fd-4c78-b8ff-c3d7e25250ee,coordinator_0,worker_4,NET_TRANSFER,6.327417,506.343361,Distribute Layer ID: 73a7ff12
3018211.828134,10007,05c888f5-48fd-4c78-b8ff-c3d7e25250ee,worker_4,worker_4,DISK_LOAD,6.327417,0.049433,"Disk -> RAM [Model: 05c888f5, Layer: 73a7ff12]"
3018211.877567,10007,05c888f5-48fd-4c78-b8ff-c3d7e25250ee,worker_4,worker_4,MEM_MOVE,6.327417,0.049433,"RAM -> VRAM [Model: 05c888f5, Layer: 73a7ff12]"
3018211.927567,10007,05c888f5-48fd-4c78-b8ff-c3d7e25250ee,worker_4,worker_4,GPU_COMPUTE,0.050000,0.050000,GPU Compute
3018212.085567,10007,05c888f5-48fd-4c78-b8ff-c3d7e25250ee,worker_4,coordinator_0,NET_TRANSFER,0.000100,0.158000,Signal Finished
3019072.303760,10007,05c888f5-48fd-4c78-b8ff-c3d7e25250ee,coordinator_0,worker_1,NET_TRANSFER,10.750852,860.218193,Distribute Layer ID: 61bebbcc
3019072.383867,10007,05c888f5-48fd-4c78-b8ff-c3d7e25250ee,worker_1,worker_1,MEM_MOVE,10.253655,0.080107,"Evict VRAM -> RAM [Model: 05c888f5, Layer: e4a3f50d]"
3019072.467858,10007,05c888f5-48fd-4c78-b8ff-c3d7e25250ee,worker_1,worker_1,DISK_LOAD,10.750852,0.083991,"Disk -> RAM [Model: 05c888f5, Layer: 61bebbcc]"
3019072.551849,10007,05c888f5-48fd-4c78-b8ff-c3d7e25250ee,worker_1,worker_1,MEM_MOVE,10.750852,0.083991,"RAM -> VRAM [Model: 05c888f5, Layer: 61bebbcc]"
3019072.601849,10007,05c888f5-48fd-4c78-b8ff-c3d7e25250ee,worker_1,worker_1,GPU_COMPUTE,0.050000,0.050000,GPU Compute
3019072.759849,10007,05c888f5-48fd-4c78-b8ff-c3d7e25250ee,worker_1,coordinator_0,NET_TRANSFER,0.000100,0.158000,Signal Finished
3019716.474416,10007,05c888f5-48fd-4c78-b8ff-c3d7e25250ee,coordinator_0,worker_2,NET_TRANSFER,8.044557,643.714567,Distribute Layer ID: 1703fcac
3019716.537264,10007,05c888f5-48fd-4c78-b8ff-c3d7e25250ee,worker_2,worker_2,DISK_LOAD,8.044557,0.062848,"Disk -> RAM [Model: 05c888f5, Layer: 1703fcac]"
3019716.600112,10007,05c888f5-48fd-4c78-b8ff-c3d7e25250ee,worker_2,worker_2,MEM_MOVE,8.044557,0.062848,"RAM -> VRAM [Model: 05c888f5, Layer: 1703fcac]"
3019716.650112,10007,05c888f5-48fd-4c78-b8ff-c3d7e25250ee,worker_2,worker_2,GPU_COMPUTE,0.050000,0.050000,GPU Compute
3019716.808112,10007,05c888f5-48fd-4c78-b8ff-c3d7e25250ee,worker_2,coordinator_0,NET_TRANSFER,0.000100,0.158000,Signal Finished
3020368.126141,10007,05c888f5-48fd-4c78-b8ff-c3d7e25250ee,coordinator_0,worker_3,NET_TRANSFER,8.139600,651.318029,Distribute Layer ID: 6a3bd24b
3020368.181594,10007,05c888f5-48fd-4c78-b8ff-c3d7e25250ee,worker_3,worker_3,MEM_MOVE,7.098016,0.055453,"Evict VRAM -> RAM [Model: 05c888f5, Layer: cf3da233]"
3020368.222716,10007,05c888f5-48fd-4c78-b8ff-c3d7e25250ee,worker_3,worker_3,MEM_MOVE,5.263503,0.041121,"Evict VRAM -> RAM [Model: 05c888f5, Layer: 4ae31a9e]"
3020368.286306,10007,05c888f5-48fd-4c78-b8ff-c3d7e25250ee,worker_3,worker_3,DISK_LOAD,8.139600,0.063591,"Disk -> RAM [Model: 05c888f5, Layer: 6a3bd24b]"
3020368.349897,10007,05c888f5-48fd-4c78-b8ff-c3d7e25250ee,worker_3,worker_3,MEM_MOVE,8.139600,0.063591,"RAM -> VRAM [Model: 05c888f5, Layer: 6a3bd24b]"
3020368.399897,10007,05c888f5-48fd-4c78-b8ff-c3d7e25250ee,worker_3,worker_3,GPU_COMPUTE,0.050000,0.050000,GPU Compute
3020368.557897,10007,05c888f5-48fd-4c78-b8ff-c3d7e25250ee,worker_3,coordinator_0,NET_TRANSFER,0.000100,0.158000,Signal Finished
3021445.540026,10007,05c888f5-48fd-4c78-b8ff-c3d7e25250ee,coordinator_0,worker_4,NET_TRANSFER,13.460402,1076.982129,Distribute Layer ID: 216fccd2
3021445.645185,10007,05c888f5-48fd-4c78-b8ff-c3d7e25250ee,worker_4,worker_4,DISK_LOAD,13.460402,0.105159,"Disk -> RAM [Model: 05c888f5, Layer: 216fccd2]"
3021445.750345,10007,05c888f5-48fd-4c78-b8ff-c3d7e25250ee,worker_4,worker_4,MEM_MOVE,13.460402,0.105159,"RAM -> VRAM [Model: 05c888f5, Layer: 216fccd2]"
3021445.800345,10007,05c888f5-48fd-4c78-b8ff-c3d7e25250ee,worker_4,worker_4,GPU_COMPUTE,0.050000,0.050000,GPU Compute
3021445.958345,10007,05c888f5-48fd-4c78-b8ff-c3d7e25250ee,worker_4,coordinator_0,NET_TRANSFER,0.000100,0.158000,Signal Finished
3022492.509337,10007,05c888f5-48fd-4c78-b8ff-c3d7e25250ee,coordinator_0,worker_1,NET_TRANSFER,13.080012,1046.550992,Distribute Layer ID: bbfaa08e
3022492.593328,10007,05c888f5-48fd-4c78-b8ff-c3d7e25250ee,worker_1,worker_1,MEM_MOVE,10.750852,0.083991,"Evict VRAM -> RAM [Model: 05c888f5, Layer: 61bebbcc]"
3022492.695516,10007,05c888f5-48fd-4c78-b8ff-c3d7e25250ee,worker_1,worker_1,DISK_LOAD,13.080012,0.102188,"Disk -> RAM [Model: 05c888f5, Layer: bbfaa08e]"
3022492.797703,10007,05c888f5-48fd-4c78-b8ff-c3d7e25250ee,worker_1,worker_1,MEM_MOVE,13.080012,0.102188,"RAM -> VRAM [Model: 05c888f5, Layer: bbfaa08e]"
3022492.847703,10007,05c888f5-48fd-4c78-b8ff-c3d7e25250ee,worker_1,worker_1,GPU_COMPUTE,0.050000,0.050000,GPU Compute
3022493.005703,10007,05c888f5-48fd-4c78-b8ff-c3d7e25250ee,worker_1,coordinator_0,NET_TRANSFER,0.000100,0.158000,Signal Finished
3023682.565485,10007,05c888f5-48fd-4c78-b8ff-c3d7e25250ee,coordinator_0,worker_2,NET_TRANSFER,14.867622,1189.559782,Distribute Layer ID: 92751500
3023682.681638,10007,05c888f5-48fd-4c78-b8ff-c3d7e25250ee,worker_2,worker_2,DISK_LOAD,14.867622,0.116153,"Disk -> RAM [Model: 05c888f5, Layer: 92751500]"
3023682.797792,10007,05c888f5-48fd-4c78-b8ff-c3d7e25250ee,worker_2,worker_2,MEM_MOVE,14.867622,0.116153,"RAM -> VRAM [Model: 05c888f5, Layer: 92751500]"
3023682.847792,10007,05c888f5-48fd-4c78-b8ff-c3d7e25250ee,worker_2,worker_2,GPU_COMPUTE,0.050000,0.050000,GPU Compute
3023683.005792,10007,05c888f5-48fd-4c78-b8ff-c3d7e25250ee,worker_2,coordinator_0,NET_TRANSFER,0.000100,0.158000,Signal Finished
3024545.328536,10007,05c888f5-48fd-4c78-b8ff-c3d7e25250ee,coordinator_0,worker_3,NET_TRANSFER,10.777159,862.322744,Distribute Layer ID: 4d73eca4
3024545.392126,10007,05c888f5-48fd-4c78-b8ff-c3d7e25250ee,worker_3,worker_3,MEM_MOVE,8.139600,0.063591,"Evict VRAM -> RAM [Model: 05c888f5, Layer: 6a3bd24b]"
3024545.476323,10007,05c888f5-48fd-4c78-b8ff-c3d7e25250ee,worker_3,worker_3,DISK_LOAD,10.777159,0.084197,"Disk -> RAM [Model: 05c888f5, Layer: 4d73eca4]"
3024545.560519,10007,05c888f5-48fd-4c78-b8ff-c3d7e25250ee,worker_3,worker_3,MEM_MOVE,10.777159,0.084197,"RAM -> VRAM [Model: 05c888f5, Layer: 4d73eca4]"
3024545.610519,10007,05c888f5-48fd-4c78-b8ff-c3d7e25250ee,worker_3,worker_3,GPU_COMPUTE,0.050000,0.050000,GPU Compute
3024545.768519,10007,05c888f5-48fd-4c78-b8ff-c3d7e25250ee,worker_3,coordinator_0,NET_TRANSFER,0.000100,0.158000,Signal Finished
3025107.214372,10007,05c888f5-48fd-4c78-b8ff-c3d7e25250ee,coordinator_0,worker_4,NET_TRANSFER,7.016198,561.445852,Distribute Layer ID: 60572b38
3025107.269186,10007,05c888f5-48fd-4c78-b8ff-c3d7e25250ee,worker_4,worker_4,DISK_LOAD,7.016198,0.054814,"Disk -> RAM [Model: 05c888f5, Layer: 60572b38]"
3025107.324000,10007,05c888f5-48fd-4c78-b8ff-c3d7e25250ee,worker_4,worker_4,MEM_MOVE,7.016198,0.054814,"RAM -> VRAM [Model: 05c888f5, Layer: 60572b38]"
3025107.374000,10007,05c888f5-48fd-4c78-b8ff-c3d7e25250ee,worker_4,worker_4,GPU_COMPUTE,0.050000,0.050000,GPU Compute
3025107.532000,10007,05c888f5-48fd-4c78-b8ff-c3d7e25250ee,worker_4,coordinator_0,NET_TRANSFER,0.000100,0.158000,Signal Finished
3026021.982116,10007,05c888f5-48fd-4c78-b8ff-c3d7e25250ee,coordinator_0,worker_1,NET_TRANSFER,11.428751,914.450116,Distribute Layer ID: d2ee6de1
3026022.084303,10007,05c888f5-48fd-4c78-b8ff-c3d7e25250ee,worker_1,worker_1,MEM_MOVE,13.080012,0.102188,"Evict VRAM -> RAM [Model: 05c888f5, Layer: bbfaa08e]"
3026022.173590,10007,05c888f5-48fd-4c78-b8ff-c3d7e25250ee,worker_1,worker_1,DISK_LOAD,11.428751,0.089287,"Disk -> RAM [Model: 05c888f5, Layer: d2ee6de1]"
3026022.262878,10007,05c888f5-48fd-4c78-b8ff-c3d7e25250ee,worker_1,worker_1,MEM_MOVE,11.428751,0.089287,"RAM -> VRAM [Model: 05c888f5, Layer: d2ee6de1]"
3026022.312878,10007,05c888f5-48fd-4c78-b8ff-c3d7e25250ee,worker_1,worker_1,GPU_COMPUTE,0.050000,0.050000,GPU Compute
3026022.470878,10007,05c888f5-48fd-4c78-b8ff-c3d7e25250ee,worker_1,coordinator_0,NET_TRANSFER,0.000100,0.158000,Signal Finished
3026824.756252,10007,05c888f5-48fd-4c78-b8ff-c3d7e25250ee,coordinator_0,worker_2,NET_TRANSFER,10.026692,802.285374,Distribute Layer ID: dff4d88a
3026824.834585,10007,05c888f5-48fd-4c78-b8ff-c3d7e25250ee,worker_2,worker_2,DISK_LOAD,10.026692,0.078334,"Disk -> RAM [Model: 05c888f5, Layer: dff4d88a]"
3026824.912919,10007,05c888f5-48fd-4c78-b8ff-c3d7e25250ee,worker_2,worker_2,MEM_MOVE,10.026692,0.078334,"RAM -> VRAM [Model: 05c888f5, Layer: dff4d88a]"
3026824.962919,10007,05c888f5-48fd-4c78-b8ff-c3d7e25250ee,worker_2,worker_2,GPU_COMPUTE,0.050000,0.050000,GPU Compute
3026825.120919,10007,05c888f5-48fd-4c78-b8ff-c3d7e25250ee,worker_2,coordinator_0,NET_TRANSFER,0.000100,0.158000,Signal Finished
3027587.542139,10007,05c888f5-48fd-4c78-b8ff-c3d7e25250ee,coordinator_0,worker_3,NET_TRANSFER,9.528390,762.421220,Distribute Layer ID: 8155dcb1
3027587.626335,10007,05c888f5-48fd-4c78-b8ff-c3d7e25250ee,worker_3,worker_3,MEM_MOVE,10.777159,0.084197,"Evict VRAM -> RAM [Model: 05c888f5, Layer: 4d73eca4]"
3027587.700776,10007,05c888f5-48fd-4c78-b8ff-c3d7e25250ee,worker_3,worker_3,DISK_LOAD,9.528390,0.074441,"Disk -> RAM [Model: 05c888f5, Layer: 8155dcb1]"
3027587.775216,10007,05c888f5-48fd-4c78-b8ff-c3d7e25250ee,worker_3,worker_3,MEM_MOVE,9.528390,0.074441,"RAM -> VRAM [Model: 05c888f5, Layer: 8155dcb1]"
3027587.825216,10007,05c888f5-48fd-4c78-b8ff-c3d7e25250ee,worker_3,worker_3,GPU_COMPUTE,0.050000,0.050000,GPU Compute
3027587.983216,10007,05c888f5-48fd-4c78-b8ff-c3d7e25250ee,worker_3,coordinator_0,NET_TRANSFER,0.000100,0.158000,Signal Finished
3028065.859787,10007,05c888f5-48fd-4c78-b8ff-c3d7e25250ee,coordinator_0,worker_4,NET_TRANSFER,5.971582,477.876571,Distribute Layer ID: bcdd312f
3028065.914601,10007,05c888f5-48fd-4c78-b8ff-c3d7e25250ee,worker_4,worker_4,MEM_MOVE,7.016198,0.054814,"Evict VRAM -> RAM [Model: 05c888f5, Layer: 60572b38]"
3028065.961254,10007,05c888f5-48fd-4c78-b8ff-c3d7e25250ee,worker_4,worker_4,DISK_LOAD,5.971582,0.046653,"Disk -> RAM [Model: 05c888f5, Layer: bcdd312f]"
3028066.007907,10007,05c888f5-48fd-4c78-b8ff-c3d7e25250ee,worker_4,worker_4,MEM_MOVE,5.971582,0.046653,"RAM -> VRAM [Model: 05c888f5, Layer: bcdd312f]"
3028066.057907,10007,05c888f5-48fd-4c78-b8ff-c3d7e25250ee,worker_4,worker_4,GPU_COMPUTE,0.050000,0.050000,GPU Compute
3028066.215907,10007,05c888f5-48fd-4c78-b8ff-c3d7e25250ee,worker_4,coordinator_0,NET_TRANSFER,0.000100,0.158000,Signal Finished
3028764.703939,10007,05c888f5-48fd-4c78-b8ff-c3d7e25250ee,coordinator_0,worker_1,NET_TRANSFER,8.729225,698.488032,Distribute Layer ID: f6b2a91d
3028764.793226,10007,05c888f5-48fd-4c78-b8ff-c3d7e25250ee,worker_1,worker_1,MEM_MOVE,11.428751,0.089287,"Evict VRAM -> RAM [Model: 05c888f5, Layer: d2ee6de1]"
3028764.861423,10007,05c888f5-48fd-4c78-b8ff-c3d7e25250ee,worker_1,worker_1,DISK_LOAD,8.729225,0.068197,"Disk -> RAM [Model: 05c888f5, Layer: f6b2a91d]"
3028764.929620,10007,05c888f5-48fd-4c78-b8ff-c3d7e25250ee,worker_1,worker_1,MEM_MOVE,8.729225,0.068197,"RAM -> VRAM [Model: 05c888f5, Layer: f6b2a91d]"
3028764.979620,10007,05c888f5-48fd-4c78-b8ff-c3d7e25250ee,worker_1,worker_1,GPU_COMPUTE,0.050000,0.050000,GPU Compute
3028765.137620,10007,05c888f5-48fd-4c78-b8ff-c3d7e25250ee,worker_1,coordinator_0,NET_TRANSFER,0.000100,0.158000,Signal Finished
3029202.617175,10007,05c888f5-48fd-4c78-b8ff-c3d7e25250ee,coordinator_0,worker_2,NET_TRANSFER,5.466619,437.479554,Distribute Layer ID: 7a6f69b1
3029202.695508,10007,05c888f5-48fd-4c78-b8ff-c3d7e25250ee,worker_2,worker_2,MEM_MOVE,10.026692,0.078334,"Evict VRAM -> RAM [Model: 05c888f5, Layer: dff4d88a]"
3029202.738216,10007,05c888f5-48fd-4c78-b8ff-c3d7e25250ee,worker_2,worker_2,DISK_LOAD,5.466619,0.042708,"Disk -> RAM [Model: 05c888f5, Layer: 7a6f69b1]"
3029202.780924,10007,05c888f5-48fd-4c78-b8ff-c3d7e25250ee,worker_2,worker_2,MEM_MOVE,5.466619,0.042708,"RAM -> VRAM [Model: 05c888f5, Layer: 7a6f69b1]"
3029202.830924,10007,05c888f5-48fd-4c78-b8ff-c3d7e25250ee,worker_2,worker_2,GPU_COMPUTE,0.050000,0.050000,GPU Compute
3029202.988924,10007,05c888f5-48fd-4c78-b8ff-c3d7e25250ee,worker_2,coordinator_0,NET_TRANSFER,0.000100,0.158000,Signal Finished
3030244.859836,10007,05c888f5-48fd-4c78-b8ff-c3d7e25250ee,coordinator_0,worker_3,NET_TRANSFER,13.021511,1041.870912,Distribute Layer ID: c911eb06
3030244.934277,10007,05c888f5-48fd-4c78-b8ff-c3d7e25250ee,worker_3,worker_3,MEM_MOVE,9.528390,0.074441,"Evict VRAM -> RAM [Model: 05c888f5, Layer: 8155dcb1]"
3030244.988219,10007,05c888f5-48fd-4c78-b8ff-c3d7e25250ee,worker_3,worker_3,MEM_MOVE,6.904539,0.053942,"Evict VRAM -> RAM [Model: 05c888f5, Layer: 590cb48a]"
3030245.089949,10007,05c888f5-48fd-4c78-b8ff-c3d7e25250ee,worker_3,worker_3,DISK_LOAD,13.021511,0.101731,"Disk -> RAM [Model: 05c888f5, Layer: c911eb06]"
3030245.191680,10007,05c888f5-48fd-4c78-b8ff-c3d7e25250ee,worker_3,worker_3,MEM_MOVE,13.021511,0.101731,"RAM -> VRAM [Model: 05c888f5, Layer: c911eb06]"
3030245.241680,10007,05c888f5-48fd-4c78-b8ff-c3d7e25250ee,worker_3,worker_3,GPU_COMPUTE,0.050000,0.050000,GPU Compute
3030245.399680,10007,05c888f5-48fd-4c78-b8ff-c3d7e25250ee,worker_3,coordinator_0,NET_TRANSFER,0.000100,0.158000,Signal Finished
3030245.557680,6000,e314a9ac-f913-4183-acc9-77b03f47dc2f,coordinator_0,client_6,NET_TRANSFER,0.000100,0.158000,Signal: Cache Miss / Request Weights
3075101.384670,6000,e314a9ac-f913-4183-acc9-77b03f47dc2f,client_6,coordinator_0,NET_TRANSFER,560.695962,44855.826990,Upload Model Weights
3075101.542670,7014,15fff31f-88d3-4850-8c0e-5a2d28be9990,client_7,coordinator_0,NET_TRANSFER,0.000100,0.158000,Request Model ID
3075101.700670,7014,39785999-ea39-4891-9102-70ece5e21e2c,client_7,coordinator_0,NET_TRANSFER,0.000100,0.158000,Request Model ID
3075101.858670,7014,312345df-7924-49d3-ba5e-28aa13911279,client_7,coordinator_0,NET_TRANSFER,0.000100,0.158000,Request Model ID
3075102.016670,9003,b378f61c-a691-49d8-9683-2c451172ffd9,coordinator_0,client_9,NET_TRANSFER,0.000100,0.158000,Signal: Cache Hit / Starting
3075102.174670,7016,55662345-9a0e-4240-bb68-bdd4a322edd8,client_7,coordinator_0,NET_TRANSFER,0.000100,0.158000,Request Model ID
3075102.332670,7016,ae026cd0-a180-4a3d-b4e9-e069996002cf,client_7,coordinator_0,NET_TRANSFER,0.000100,0.158000,Request Model ID
3075102.490670,3015,55662345-9a0e-4240-bb68-bdd4a322edd8,client_3,coordinator_0,NET_TRANSFER,0.000100,0.158000,Request Model ID
3075102.648670,3015,6ccfbc3d-d25e-406e-becc-65761946e770,client_3,coordinator_0,NET_TRANSFER,0.000100,0.158000,Request Model ID
3075102.806670,3015,312345df-7924-49d3-ba5e-28aa13911279,client_3,coordinator_0,NET_TRANSFER,0.000100,0.158000,Request Model ID
3075102.964670,1014,abbad5ca-f5f2-4403-8f6a-ab171a8a04ec,client_1,coordinator_0,NET_TRANSFER,0.000100,0.158000,Request Model ID
3075103.122670,1014,aa64a7a5-35ea-4323-b730-74e20320cab6,client_1,coordinator_0,NET_TRANSFER,0.000100,0.158000,Request Model ID
3075103.280670,1014,ff4738ca-ecb7-43de-a638-f8f5c9e4eba2,client_1,coordinator_0,NET_TRANSFER,0.000100,0.158000,Request Model ID
3075103.438670,5009,8214cc03-04d0-4fbe-8fb3-d9e828fe07c4,coordinator_0,client_5,NET_TRANSFER,0.000100,0.158000,Signal: Cache Miss / Request Weights
3103900.147838,5009,8214cc03-04d0-4fbe-8fb3-d9e828fe07c4,client_5,coordinator_0,NET_TRANSFER,359.956990,28796.709168,Upload Model Weights
3103900.305838,5006,0458d477-7a86-4d24-971c-62fe9a3e7a17,coordinator_0,client_5,NET_TRANSFER,0.000100,0.158000,Signal: Cache Miss / Request Weights
3147490.198642,5006,0458d477-7a86-4d24-971c-62fe9a3e7a17,client_5,coordinator_0,NET_TRANSFER,544.871785,43589.892804,Upload Model Weights
3147490.356642,5006,7efb5967-3601-4091-bcc2-7bfed1a20e9d,coordinator_0,client_5,NET_TRANSFER,0.000100,0.158000,Signal: Cache Miss / Request Weights
3172759.489172,5006,7efb5967-3601-4091-bcc2-7bfed1a20e9d,client_5,coordinator_0,NET_TRANSFER,315.862282,25269.132530,Upload Model Weights
3172759.647172,8003,d5b6c0cc-7700-4a35-a3d8-1ca4767780d9,coordinator_0,client_8,NET_TRANSFER,0.000100,0.158000,Signal: Cache Hit / Starting
3172759.805172,5009,12a9aae0-a809-4552-b0e2-bb181ad83153,coordinator_0,client_5,NET_TRANSFER,0.000100,0.158000,Signal: Cache Miss / Request Weights
3210570.236776,5009,12a9aae0-a809-4552-b0e2-bb181ad83153,client_5,coordinator_0,NET_TRANSFER,472.628520,37810.431604,Upload Model Weights
3210570.394776,3007,8214cc03-04d0-4fbe-8fb3-d9e828fe07c4,coordinator_0,client_3,NET_TRANSFER,0.000100,0.158000,Signal: Cache Miss / Request Weights
3239367.103944,3007,8214cc03-04d0-4fbe-8fb3-d9e828fe07c4,client_3,coordinator_0,NET_TRANSFER,359.956990,28796.709168,Upload Model Weights
3239367.261944,7004,0458d477-7a86-4d24-971c-62fe9a3e7a17,coordinator_0,client_7,NET_TRANSFER,0.000100,0.158000,Signal: Cache Miss / Request Weights
3282957.154747,7004,0458d477-7a86-4d24-971c-62fe9a3e7a17,client_7,coordinator_0,NET_TRANSFER,544.871785,43589.892804,Upload Model Weights
3282957.312747,5009,e314a9ac-f913-4183-acc9-77b03f47dc2f,coordinator_0,client_5,NET_TRANSFER,0.000100,0.158000,Signal: Cache Miss / Request Weights
3327813.139738,5009,e314a9ac-f913-4183-acc9-77b03f47dc2f,client_5,coordinator_0,NET_TRANSFER,560.695962,44855.826990,Upload Model Weights
3327813.297738,6008,b28fb40b-1a7d-4ab2-bdcc-664e20576c66,coordinator_0,client_6,NET_TRANSFER,0.000100,0.158000,Signal: Cache Miss / Request Weights
3358656.549328,6008,b28fb40b-1a7d-4ab2-bdcc-664e20576c66,client_6,coordinator_0,NET_TRANSFER,385.538770,30843.251591,Upload Model Weights
3358656.707328,6008,c6b782ab-5d37-4b75-97c7-b76805f61131,coordinator_0,client_6,NET_TRANSFER,0.000100,0.158000,Signal: Cache Miss / Request Weights
3399802.979707,6008,c6b782ab-5d37-4b75-97c7-b76805f61131,client_6,coordinator_0,NET_TRANSFER,514.326530,41146.272379,Upload Model Weights
3399803.137707,9011,cd2cf452-d2fc-4e99-8950-ca96ce00112d,coordinator_0,client_9,NET_TRANSFER,0.000100,0.158000,Signal: Cache Miss / Request Weights
3440935.562989,9011,cd2cf452-d2fc-4e99-8950-ca96ce00112d,client_9,coordinator_0,NET_TRANSFER,514.153441,41132.425282,Upload Model Weights
3440935.720989,9009,e314a9ac-f913-4183-acc9-77b03f47dc2f,coordinator_0,client_9,NET_TRANSFER,0.000100,0.158000,Signal: Cache Miss / Request Weights
3485791.547980,9009,e314a9ac-f913-4183-acc9-77b03f47dc2f,client_9,coordinator_0,NET_TRANSFER,560.695962,44855.826990,Upload Model Weights
3485791.705980,9009,0458d477-7a86-4d24-971c-62fe9a3e7a17,coordinator_0,client_9,NET_TRANSFER,0.000100,0.158000,Signal: Cache Miss / Request Weights
3529381.598783,9009,0458d477-7a86-4d24-971c-62fe9a3e7a17,client_9,coordinator_0,NET_TRANSFER,544.871785,43589.892804,Upload Model Weights
3529381.756783,9009,e314a9ac-f913-4183-acc9-77b03f47dc2f,coordinator_0,client_9,NET_TRANSFER,0.000100,0.158000,Signal: Cache Miss / Request Weights
3574237.583774,9009,e314a9ac-f913-4183-acc9-77b03f47dc2f,client_9,coordinator_0,NET_TRANSFER,560.695962,44855.826990,Upload Model Weights
3574237.741774,10013,23c32e69-89c8-4a98-9507-a520351cbbe5,coordinator_0,client_10,NET_TRANSFER,0.000100,0.158000,Signal: Cache Hit / Starting
3574237.899774,10012,4316abed-9444-4ca6-8f0b-424fcaead312,coordinator_0,client_10,NET_TRANSFER,0.000100,0.158000,Signal: Cache Miss / Request Weights
3607898.296076,10012,4316abed-9444-4ca6-8f0b-424fcaead312,client_10,coordinator_0,NET_TRANSFER,420.753079,33660.396302,Upload Model Weights
3607898.454076,2008,e314a9ac-f913-4183-acc9-77b03f47dc2f,coordinator_0,client_2,NET_TRANSFER,0.000100,0.158000,Signal: Cache Miss / Request Weights
3652754.281066,2008,e314a9ac-f913-4183-acc9-77b03f47dc2f,client_2,coordinator_0,NET_TRANSFER,560.695962,44855.826990,Upload Model Weights
3652754.439066,4007,59a431e0-7a08-4a82-b8fd-3ef66af37c6f,coordinator_0,client_4,NET_TRANSFER,0.000100,0.158000,Signal: Cache Miss / Request Weights
3688277.724578,4007,59a431e0-7a08-4a82-b8fd-3ef66af37c6f,client_4,coordinator_0,NET_TRANSFER,444.039194,35523.285512,Upload Model Weights
3688277.882578,7004,baa413d8-8be1-4108-9c52-2f3dc7ca37d0,coordinator_0,client_7,NET_TRANSFER,0.000100,0.158000,Signal: Cache Miss / Request Weights
3732470.634196,7004,baa413d8-8be1-4108-9c52-2f3dc7ca37d0,client_7,coordinator_0,NET_TRANSFER,552.407520,44192.751618,Upload Model Weights
3732470.792196,6003,7efb5967-3601-4091-bcc2-7bfed1a20e9d,coordinator_0,client_6,NET_TRANSFER,0.000100,0.158000,Signal: Cache Miss / Request Weights
3757739.924726,6003,7efb5967-3601-4091-bcc2-7bfed1a20e9d,client_6,coordinator_0,NET_TRANSFER,315.862282,25269.132530,Upload Model Weights
3757740.082726,8006,c6b782ab-5d37-4b75-97c7-b76805f61131,coordinator_0,client_8,NET_TRANSFER,0.000100,0.158000,Signal: Cache Miss / Request Weights
3798886.355105,8006,c6b782ab-5d37-4b75-97c7-b76805f61131,client_8,coordinator_0,NET_TRANSFER,514.326530,41146.272379,Upload Model Weights
3798886.513105,9005,c6b782ab-5d37-4b75-97c7-b76805f61131,coordinator_0,client_9,NET_TRANSFER,0.000100,0.158000,Signal: Cache Miss / Request Weights
3840032.785483,9005,c6b782ab-5d37-4b75-97c7-b76805f61131,client_9,coordinator_0,NET_TRANSFER,514.326530,41146.272379,Upload Model Weights
3840032.943483,6005,baa413d8-8be1-4108-9c52-2f3dc7ca37d0,coordinator_0,client_6,NET_TRANSFER,0.000100,0.158000,Signal: Cache Miss / Request Weights
3884225.695101,6005,baa413d8-8be1-4108-9c52-2f3dc7ca37d0,client_6,coordinator_0,NET_TRANSFER,552.407520,44192.751618,Upload Model Weights
3884225.853101,9005,15fff31f-88d3-4850-8c0e-5a2d28be9990,coordinator_0,client_9,NET_TRANSFER,0.000100,0.158000,Signal: Cache Hit / Starting
3884226.011101,3005,b28fb40b-1a7d-4ab2-bdcc-664e20576c66,coordinator_0,client_3,NET_TRANSFER,0.000100,0.158000,Signal: Cache Miss / Request Weights
3915069.262692,3005,b28fb40b-1a7d-4ab2-bdcc-664e20576c66,client_3,coordinator_0,NET_TRANSFER,385.538770,30843.251591,Upload Model Weights
3915069.420692,8004,baa413d8-8be1-4108-9c52-2f3dc7ca37d0,coordinator_0,client_8,NET_TRANSFER,0.000100,0.158000,Signal: Cache Miss / Request Weights
3959262.172309,8004,baa413d8-8be1-4108-9c52-2f3dc7ca37d0,client_8,coordinator_0,NET_TRANSFER,552.407520,44192.751618,Upload Model Weights
3959262.330309,1004,7202018a-7059-46d3-abf3-725e672873b7,coordinator_0,client_1,NET_TRANSFER,0.000100,0.158000,Signal: Cache Miss / Request Weights
3992086.979711,1004,7202018a-7059-46d3-abf3-725e672873b7,client_1,coordinator_0,NET_TRANSFER,410.306243,32824.649401,Upload Model Weights
3992087.137711,1004,ae026cd0-a180-4a3d-b4e9-e069996002cf,coordinator_0,client_1,NET_TRANSFER,0.000100,0.158000,Signal: Cache Miss / Request Weights
4021607.149999,1004,ae026cd0-a180-4a3d-b4e9-e069996002cf,client_1,coordinator_0,NET_TRANSFER,368.998279,29520.012289,Upload Model Weights
4021607.307999,1004,2fbefbbc-cd7c-4c4a-8885-b9904365f752,coordinator_0,client_1,NET_TRANSFER,0.000100,0.158000,Signal: Cache Miss / Request Weights
4048400.587491,1004,2fbefbbc-cd7c-4c4a-8885-b9904365f752,client_1,coordinator_0,NET_TRANSFER,334.914119,26793.279491,Upload Model Weights
4048400.745491,2006,23c32e69-89c8-4a98-9507-a520351cbbe5,coordinator_0,client_2,NET_TRANSFER,0.000100,0.158000,Signal: Cache Hit / Starting
4048400.903491,5007,440ed019-eb73-495b-bf4d-60191542c668,coordinator_0,client_5,NET_TRANSFER,0.000100,0.158000,Signal: Cache Miss / Request Weights
4082636.897034,5007,440ed019-eb73-495b-bf4d-60191542c668,client_5,coordinator_0,NET_TRANSFER,427.948044,34235.993543,Upload Model Weights
4082637.055034,2006,268b1d86-9c97-400b-bd0f-3d964dcdd718,coordinator_0,client_2,NET_TRANSFER,0.000100,0.158000,Signal: Cache Miss / Request Weights
4124743.296488,2006,268b1d86-9c97-400b-bd0f-3d964dcdd718,client_2,coordinator_0,NET_TRANSFER,526.326143,42106.241455,Upload Model Weights
4124743.454488,6006,085d3a7d-70fd-43c2-a296-69bde04655f1,coordinator_0,client_6,NET_TRANSFER,0.000100,0.158000,Signal: Cache Miss / Request Weights
4159620.246392,6006,085d3a7d-70fd-43c2-a296-69bde04655f1,client_6,coordinator_0,NET_TRANSFER,435.958024,34876.791904,Upload Model Weights
4159620.404392,10009,2fbefbbc-cd7c-4c4a-8885-b9904365f752,coordinator_0,client_10,NET_TRANSFER,0.000100,0.158000,Signal: Cache Miss / Request Weights
4186413.683884,10009,2fbefbbc-cd7c-4c4a-8885-b9904365f752,client_10,coordinator_0,NET_TRANSFER,334.914119,26793.279491,Upload Model Weights
4186413.841884,9007,b378f61c-a691-49d8-9683-2c451172ffd9,coordinator_0,client_9,NET_TRANSFER,0.000100,0.158000,Signal: Cache Hit / Starting
4186413.999884,9006,7efb5967-3601-4091-bcc2-7bfed1a20e9d,coordinator_0,client_9,NET_TRANSFER,0.000100,0.158000,Signal: Cache Miss / Request Weights
4211683.132414,9006,7efb5967-3601-4091-bcc2-7bfed1a20e9d,client_9,coordinator_0,NET_TRANSFER,315.862282,25269.132530,Upload Model Weights
4211683.290414,10008,e314a9ac-f913-4183-acc9-77b03f47dc2f,coordinator_0,client_10,NET_TRANSFER,0.000100,0.158000,Signal: Cache Miss / Request Weights
4256539.117404,10008,e314a9ac-f913-4183-acc9-77b03f47dc2f,client_10,coordinator_0,NET_TRANSFER,560.695962,44855.826990,Upload Model Weights
4256539.275404,9006,ae73b5ce-6b5a-4c53-a7b1-f585b462e9d6,coordinator_0,client_9,NET_TRANSFER,0.000100,0.158000,Signal: Cache Miss / Request Weights
4287612.731767,9006,ae73b5ce-6b5a-4c53-a7b1-f585b462e9d6,client_9,coordinator_0,NET_TRANSFER,388.416330,31073.456363,Upload Model Weights
4287612.889767,9006,7efb5967-3601-4091-bcc2-7bfed1a20e9d,coordinator_0,client_9,NET_TRANSFER,0.000100,0.158000,Signal: Cache Miss / Request Weights
4312882.022297,9006,7efb5967-3601-4091-bcc2-7bfed1a20e9d,client_9,coordinator_0,NET_TRANSFER,315.862282,25269.132530,Upload Model Weights
4312882.180297,10008,4316abed-9444-4ca6-8f0b-424fcaead312,coordinator_0,client_10,NET_TRANSFER,0.000100,0.158000,Signal: Cache Miss / Request Weights
4346542.576600,10008,4316abed-9444-4ca6-8f0b-424fcaead312,client_10,coordinator_0,NET_TRANSFER,420.753079,33660.396302,Upload Model Weights
4346542.734600,7005,4316abed-9444-4ca6-8f0b-424fcaead312,coordinator_0,client_7,NET_TRANSFER,0.000100,0.158000,Signal: Cache Miss / Request Weights
4380203.130902,7005,4316abed-9444-4ca6-8f0b-424fcaead312,client_7,coordinator_0,NET_TRANSFER,420.753079,33660.396302,Upload Model Weights
4380203.288902,1005,6ccfbc3d-d25e-406e-becc-65761946e770,coordinator_0,client_1,NET_TRANSFER,0.000100,0.158000,Signal: Cache Miss / Request Weights
4427484.499994,1005,6ccfbc3d-d25e-406e-becc-65761946e770,client_1,coordinator_0,NET_TRANSFER,591.013264,47281.211092,Upload Model Weights
4427484.657994,1005,5cf26a93-6d67-463f-8354-be220031fbd0,coordinator_0,client_1,NET_TRANSFER,0.000100,0.158000,Signal: Cache Miss / Request Weights
4473441.719052,1005,5cf26a93-6d67-463f-8354-be220031fbd0,client_1,coordinator_0,NET_TRANSFER,574.461388,45957.061058,Upload Model Weights
4473441.877052,2007,268b1d86-9c97-400b-bd0f-3d964dcdd718,coordinator_0,client_2,NET_TRANSFER,0.000100,0.158000,Signal: Cache Miss / Request Weights
4515548.118507,2007,268b1d86-9c97-400b-bd0f-3d964dcdd718,client_2,coordinator_0,NET_TRANSFER,526.326143,42106.241455,Upload Model Weights
4515548.276507,2007,7efb5967-3601-4091-bcc2-7bfed1a20e9d,coordinator_0,client_2,NET_TRANSFER,0.000100,0.158000,Signal: Cache Miss / Request Weights
4540817.409037,2007,7efb5967-3601-4091-bcc2-7bfed1a20e9d,client_2,coordinator_0,NET_TRANSFER,315.862282,25269.132530,Upload Model Weights
4540817.567037,2007,085d3a7d-70fd-43c2-a296-69bde04655f1,coordinator_0,client_2,NET_TRANSFER,0.000100,0.158000,Signal: Cache Miss / Request Weights
4575694.358941,2007,085d3a7d-70fd-43c2-a296-69bde04655f1,client_2,coordinator_0,NET_TRANSFER,435.958024,34876.791904,Upload Model Weights
4575694.516941,3006,0458d477-7a86-4d24-971c-62fe9a3e7a17,coordinator_0,client_3,NET_TRANSFER,0.000100,0.158000,Signal: Cache Miss / Request Weights
4619284.409745,3006,0458d477-7a86-4d24-971c-62fe9a3e7a17,client_3,coordinator_0,NET_TRANSFER,544.871785,43589.892804,Upload Model Weights
4619284.567745,3006,c6b782ab-5d37-4b75-97c7-b76805f61131,coordinator_0,client_3,NET_TRANSFER,0.000100,0.158000,Signal: Cache Miss / Request Weights
4660430.840123,3006,c6b782ab-5d37-4b75-97c7-b76805f61131,client_3,coordinator_0,NET_TRANSFER,514.326530,41146.272379,Upload Model Weights
4660430.998123,4006,ff4738ca-ecb7-43de-a638-f8f5c9e4eba2,coordinator_0,client_4,NET_TRANSFER,0.000100,0.158000,Signal: Cache Miss / Request Weights
4705112.138544,4006,ff4738ca-ecb7-43de-a638-f8f5c9e4eba2,client_4,coordinator_0,NET_TRANSFER,558.512380,44681.140421,Upload Model Weights
4705112.296544,4006,b846365e-24f9-4ee2-bb0e-678153c45917,coordinator_0,client_4,NET_TRANSFER,0.000100,0.158000,Signal: Cache Miss / Request Weights
4742444.294838,4006,b846365e-24f9-4ee2-bb0e-678153c45917,client_4,coordinator_0,NET_TRANSFER,466.648104,37331.998294,Upload Model Weights
4742444.452838,4006,bc666c44-cc53-4052-a8b3-ec52bdc7926f,coordinator_0,client_4,NET_TRANSFER,0.000100,0.158000,Signal: Cache Miss / Request Weights
4773493.641052,4006,bc666c44-cc53-4052-a8b3-ec52bdc7926f,client_4,coordinator_0,NET_TRANSFER,388.112978,31049.188214,Upload Model Weights
4773493.799052,7003,2eb7ed28-93fa-4639-8470-40e53873defa,coordinator_0,client_7,NET_TRANSFER,0.000100,0.158000,Signal: Cache Miss / Request Weights
4810729.187562,7003,2eb7ed28-93fa-4639-8470-40e53873defa,client_7,coordinator_0,NET_TRANSFER,465.440481,37235.388510,Upload Model Weights
4810729.345562,7003,ae73b5ce-6b5a-4c53-a7b1-f585b462e9d6,coordinator_0,client_7,NET_TRANSFER,0.000100,0.158000,Signal: Cache Miss / Request Weights
4841802.801925,7003,ae73b5ce-6b5a-4c53-a7b1-f585b462e9d6,client_7,coordinator_0,NET_TRANSFER,388.416330,31073.456363,Upload Model Weights
4841802.959925,5008,7e5ffa42-649f-4b09-b2be-5899466a7e7f,coordinator_0,client_5,NET_TRANSFER,0.000100,0.158000,Signal: Cache Miss / Request Weights
4881039.634641,5008,7e5ffa42-649f-4b09-b2be-5899466a7e7f,client_5,coordinator_0,NET_TRANSFER,490.456559,39236.674716,Upload Model Weights
4881039.792641,6007,e314a9ac-f913-4183-acc9-77b03f47dc2f,coordinator_0,client_6,NET_TRANSFER,0.000100,0.158000,Signal: Cache Miss / Request Weights
4925895.619632,6007,e314a9ac-f913-4183-acc9-77b03f47dc2f,client_6,coordinator_0,NET_TRANSFER,560.695962,44855.826990,Upload Model Weights
4925895.777632,8006,b846365e-24f9-4ee2-bb0e-678153c45917,coordinator_0,client_8,NET_TRANSFER,0.000100,0.158000,Signal: Cache Miss / Request Weights
4963227.775926,8006,b846365e-24f9-4ee2-bb0e-678153c45917,client_8,coordinator_0,NET_TRANSFER,466.648104,37331.998294,Upload Model Weights
4963227.933926,5007,ff4738ca-ecb7-43de-a638-f8f5c9e4eba2,coordinator_0,client_5,NET_TRANSFER,0.000100,0.158000,Signal: Cache Miss / Request Weights
5007909.074346,5007,ff4738ca-ecb7-43de-a638-f8f5c9e4eba2,client_5,coordinator_0,NET_TRANSFER,558.512380,44681.140421,Upload Model Weights
5007909.232346,5007,440ed019-eb73-495b-bf4d-60191542c668,coordinator_0,client_5,NET_TRANSFER,0.000100,0.158000,Signal: Cache Miss / Request Weights
5042145.225889,5007,440ed019-eb73-495b-bf4d-60191542c668,client_5,coordinator_0,NET_TRANSFER,427.948044,34235.993543,Upload Model Weights
5042145.383889,5007,d5b6c0cc-7700-4a35-a3d8-1ca4767780d9,coordinator_0,client_5,NET_TRANSFER,0.000100,0.158000,Signal: Cache Hit / Starting
5042145.541889,9008,55662345-9a0e-4240-bb68-bdd4a322edd8,coordinator_0,client_9,NET_TRANSFER,0.000100,0.158000,Signal: Cache Miss / Request Weights
5078668.335080,9008,55662345-9a0e-4240-bb68-bdd4a322edd8,client_9,coordinator_0,NET_TRANSFER,456.533040,36522.793191,Upload Model Weights
5078668.493080,9007,12a9aae0-a809-4552-b0e2-bb181ad83153,coordinator_0,client_9,NET_TRANSFER,0.000100,0.158000,Signal: Cache Miss / Request Weights
5116478.924684,9007,12a9aae0-a809-4552-b0e2-bb181ad83153,client_9,coordinator_0,NET_TRANSFER,472.628520,37810.431604,Upload Model Weights
5116479.082684,9007,2fbefbbc-cd7c-4c4a-8885-b9904365f752,coordinator_0,client_9,NET_TRANSFER,0.000100,0.158000,Signal: Cache Miss / Request Weights
5143272.362175,9007,2fbefbbc-cd7c-4c4a-8885-b9904365f752,client_9,coordinator_0,NET_TRANSFER,334.914119,26793.279491,Upload Model Weights
5143272.520175,5009,c6b782ab-5d37-4b75-97c7-b76805f61131,coordinator_0,client_5,NET_TRANSFER,0.000100,0.158000,Signal: Cache Miss / Request Weights
5184418.792554,5009,c6b782ab-5d37-4b75-97c7-b76805f61131,client_5,coordinator_0,NET_TRANSFER,514.326530,41146.272379,Upload Model Weights
5184418.950554,10010,12a9aae0-a809-4552-b0e2-bb181ad83153,coordinator_0,client_10,NET_TRANSFER,0.000100,0.158000,Signal: Cache Miss / Request Weights
5222229.382158,10010,12a9aae0-a809-4552-b0e2-bb181ad83153,client_10,coordinator_0,NET_TRANSFER,472.628520,37810.431604,Upload Model Weights
5222229.540158,10009,12a9aae0-a809-4552-b0e2-bb181ad83153,coordinator_0,client_10,NET_TRANSFER,0.000100,0.158000,Signal: Cache Miss / Request Weights
5260039.971762,10009,12a9aae0-a809-4552-b0e2-bb181ad83153,client_10,coordinator_0,NET_TRANSFER,472.628520,37810.431604,Upload Model Weights
5260040.129762,7006,4f83123b-0543-468c-a0a2-4e04bef77ed4,coordinator_0,client_7,NET_TRANSFER,0.000100,0.158000,Signal: Cache Miss / Request Weights
5304348.829204,7006,4f83123b-0543-468c-a0a2-4e04bef77ed4,client_7,coordinator_0,NET_TRANSFER,553.856868,44308.699443,Upload Model Weights
5304348.987204,9009,ae026cd0-a180-4a3d-b4e9-e069996002cf,coordinator_0,client_9,NET_TRANSFER,0.000100,0.158000,Signal: Cache Miss / Request Weights
5333868.999493,9009,ae026cd0-a180-4a3d-b4e9-e069996002cf,client_9,coordinator_0,NET_TRANSFER,368.998279,29520.012289,Upload Model Weights
5333869.157493,10011,ff4738ca-ecb7-43de-a638-f8f5c9e4eba2,coordinator_0,client_10,NET_TRANSFER,0.000100,0.158000,Signal: Cache Miss / Request Weights
5378550.297914,10011,ff4738ca-ecb7-43de-a638-f8f5c9e4eba2,client_10,coordinator_0,NET_TRANSFER,558.512380,44681.140421,Upload Model Weights
5378550.455914,10010,46495c9c-44a3-46a8-b20a-0f894ebc33f8,coordinator_0,client_10,NET_TRANSFER,0.000100,0.158000,Signal: Cache Miss / Request Weights
5422776.115291,10010,46495c9c-44a3-46a8-b20a-0f894ebc33f8,client_10,coordinator_0,NET_TRANSFER,552.818867,44225.659378,Upload Model Weights
5422776.273291,10010,ae73b5ce-6b5a-4c53-a7b1-f585b462e9d6,coordinator_0,client_10,NET_TRANSFER,0.000100,0.158000,Signal: Cache Miss / Request Weights
5453849.729654,10010,ae73b5ce-6b5a-4c53-a7b1-f585b462e9d6,client_10,coordinator_0,NET_TRANSFER,388.416330,31073.456363,Upload Model Weights
5453849.887654,6008,ff4738ca-ecb7-43de-a638-f8f5c9e4eba2,coordinator_0,client_6,NET_TRANSFER,0.000100,0.158000,Signal: Cache Miss / Request Weights
5498531.028075,6008,ff4738ca-ecb7-43de-a638-f8f5c9e4eba2,client_6,coordinator_0,NET_TRANSFER,558.512380,44681.140421,Upload Model Weights
5498531.186075,6006,12a9aae0-a809-4552-b0e2-bb181ad83153,coordinator_0,client_6,NET_TRANSFER,0.000100,0.158000,Signal: Cache Miss / Request Weights
5536341.617679,6006,12a9aae0-a809-4552-b0e2-bb181ad83153,client_6,coordinator_0,NET_TRANSFER,472.628520,37810.431604,Upload Model Weights
5536341.775679,6009,6ccfbc3d-d25e-406e-becc-65761946e770,coordinator_0,client_6,NET_TRANSFER,0.000100,0.158000,Signal: Cache Miss / Request Weights
5583622.986771,6009,6ccfbc3d-d25e-406e-becc-65761946e770,client_6,coordinator_0,NET_TRANSFER,591.013264,47281.211092,Upload Model Weights
5583623.144771,8007,b28fb40b-1a7d-4ab2-bdcc-664e20576c66,coordinator_0,client_8,NET_TRANSFER,0.000100,0.158000,Signal: Cache Miss / Request Weights
5614466.396362,8007,b28fb40b-1a7d-4ab2-bdcc-664e20576c66,client_8,coordinator_0,NET_TRANSFER,385.538770,30843.251591,Upload Model Weights
5614466.554362,10012,6ccfbc3d-d25e-406e-becc-65761946e770,coordinator_0,client_10,NET_TRANSFER,0.000100,0.158000,Signal: Cache Miss / Request Weights
5661747.765454,10012,6ccfbc3d-d25e-406e-becc-65761946e770,client_10,coordinator_0,NET_TRANSFER,591.013264,47281.211092,Upload Model Weights
5661747.923454,10011,cd2cf452-d2fc-4e99-8950-ca96ce00112d,coordinator_0,client_10,NET_TRANSFER,0.000100,0.158000,Signal: Cache Miss / Request Weights
5702880.348736,10011,cd2cf452-d2fc-4e99-8950-ca96ce00112d,client_10,coordinator_0,NET_TRANSFER,514.153441,41132.425282,Upload Model Weights
5702880.506736,5008,23c32e69-89c8-4a98-9507-a520351cbbe5,coordinator_0,client_5,NET_TRANSFER,0.000100,0.158000,Signal: Cache Hit / Starting
5702880.664736,5008,7e5ffa42-649f-4b09-b2be-5899466a7e7f,coordinator_0,client_5,NET_TRANSFER,0.000100,0.158000,Signal: Cache Miss / Request Weights
5742117.339452,5008,7e5ffa42-649f-4b09-b2be-5899466a7e7f,client_5,coordinator_0,NET_TRANSFER,490.456559,39236.674716,Upload Model Weights
5742117.497452,7007,55662345-9a0e-4240-bb68-bdd4a322edd8,coordinator_0,client_7,NET_TRANSFER,0.000100,0.158000,Signal: Cache Miss / Request Weights
5778640.290643,7007,55662345-9a0e-4240-bb68-bdd4a322edd8,client_7,coordinator_0,NET_TRANSFER,456.533040,36522.793191,Upload Model Weights
5778640.448643,1006,05c888f5-48fd-4c78-b8ff-c3d7e25250ee,coordinator_0,client_1,NET_TRANSFER,0.000100,0.158000,Signal: Cache Miss / Request Weights
5805668.930655,1006,05c888f5-48fd-4c78-b8ff-c3d7e25250ee,client_1,coordinator_0,NET_TRANSFER,337.854150,27028.482012,Upload Model Weights
5805669.088655,1006,05c888f5-48fd-4c78-b8ff-c3d7e25250ee,coordinator_0,client_1,NET_TRANSFER,0.000100,0.158000,Signal: Cache Miss / Request Weights
5832697.570667,1006,05c888f5-48fd-4c78-b8ff-c3d7e25250ee,client_1,coordinator_0,NET_TRANSFER,337.854150,27028.482012,Upload Model Weights
5832697.728667,2008,05c888f5-48fd-4c78-b8ff-c3d7e25250ee,coordinator_0,client_2,NET_TRANSFER,0.000100,0.158000,Signal: Cache Miss / Request Weights
5859726.210679,2008,05c888f5-48fd-4c78-b8ff-c3d7e25250ee,client_2,coordinator_0,NET_TRANSFER,337.854150,27028.482012,Upload Model Weights
5859726.368679,6007,ae026cd0-a180-4a3d-b4e9-e069996002cf,coordinator_0,client_6,NET_TRANSFER,0.000100,0.158000,Signal: Cache Miss / Request Weights
5889246.380967,6007,ae026cd0-a180-4a3d-b4e9-e069996002cf,client_6,coordinator_0,NET_TRANSFER,368.998279,29520.012289,Upload Model Weights
5889246.538967,9010,baa413d8-8be1-4108-9c52-2f3dc7ca37d0,coordinator_0,client_9,NET_TRANSFER,0.000100,0.158000,Signal: Cache Miss / Request Weights
5933439.290585,9010,baa413d8-8be1-4108-9c52-2f3dc7ca37d0,client_9,coordinator_0,NET_TRANSFER,552.407520,44192.751618,Upload Model Weights
5933439.448585,5012,7202018a-7059-46d3-abf3-725e672873b7,coordinator_0,client_5,NET_TRANSFER,0.000100,0.158000,Signal: Cache Miss / Request Weights
5933439.606585,6011,b28fb40b-1a7d-4ab2-bdcc-664e20576c66,coordinator_0,client_6,NET_TRANSFER,0.000100,0.158000,Signal: Cache Miss / Request Weights
5964282.858176,6011,b28fb40b-1a7d-4ab2-bdcc-664e20576c66,client_6,coordinator_0,NET_TRANSFER,385.538770,30843.251591,Upload Model Weights
5964283.016176,10016,abbad5ca-f5f2-4403-8f6a-ab171a8a04ec,coordinator_0,client_10,NET_TRANSFER,0.000100,0.158000,Signal: Cache Miss / Request Weights
6013214.692190,10016,abbad5ca-f5f2-4403-8f6a-ab171a8a04ec,client_10,coordinator_0,NET_TRANSFER,611.644075,48931.676014,Upload Model Weights
6013214.850190,10014,23c32e69-89c8-4a98-9507-a520351cbbe5,coordinator_0,client_10,NET_TRANSFER,0.000100,0.158000,Signal: Cache Hit / Starting
6013215.008190,4001,baa413d8-8be1-4108-9c52-2f3dc7ca37d0,coordinator_0,client_4,NET_TRANSFER,0.000100,0.158000,Signal: Cache Miss / Request Weights
6057407.759807,4001,baa413d8-8be1-4108-9c52-2f3dc7ca37d0,client_4,coordinator_0,NET_TRANSFER,552.407520,44192.751618,Upload Model Weights
6057407.917807,9003,abbad5ca-f5f2-4403-8f6a-ab171a8a04ec,coordinator_0,client_9,NET_TRANSFER,0.000100,0.158000,Signal: Cache Miss / Request Weights
6106339.593821,9003,abbad5ca-f5f2-4403-8f6a-ab171a8a04ec,client_9,coordinator_0,NET_TRANSFER,611.644075,48931.676014,Upload Model Weights
6106339.751821,9003,440ed019-eb73-495b-bf4d-60191542c668,coordinator_0,client_9,NET_TRANSFER,0.000100,0.158000,Signal: Cache Miss / Request Weights
6140575.745364,9003,440ed019-eb73-495b-bf4d-60191542c668,client_9,coordinator_0,NET_TRANSFER,427.948044,34235.993543,Upload Model Weights
6140575.903364,8005,c6b782ab-5d37-4b75-97c7-b76805f61131,coordinator_0,client_8,NET_TRANSFER,0.000100,0.158000,Signal: Cache Miss / Request Weights
6181722.175743,8005,c6b782ab-5d37-4b75-97c7-b76805f61131,client_8,coordinator_0,NET_TRANSFER,514.326530,41146.272379,Upload Model Weights
6181722.333743,6005,84d5c4ea-b47c-4be4-9a0c-8c69f86179a8,coordinator_0,client_6,NET_TRANSFER,0.000100,0.158000,Signal: Cache Miss / Request Weights
6215779.675430,6005,84d5c4ea-b47c-4be4-9a0c-8c69f86179a8,client_6,coordinator_0,NET_TRANSFER,425.714896,34057.341687,Upload Model Weights
6215779.833430,5006,23c32e69-89c8-4a98-9507-a520351cbbe5,coordinator_0,client_5,NET_TRANSFER,0.000100,0.158000,Signal: Cache Hit / Starting
6215779.991430,8003,05c888f5-48fd-4c78-b8ff-c3d7e25250ee,coordinator_0,client_8,NET_TRANSFER,0.000100,0.158000,Signal: Cache Miss / Request Weights
6242808.473442,8003,05c888f5-48fd-4c78-b8ff-c3d7e25250ee,client_8,coordinator_0,NET_TRANSFER,337.854150,27028.482012,Upload Model Weights
6242808.631442,10008,15fff31f-88d3-4850-8c0e-5a2d28be9990,coordinator_0,client_10,NET_TRANSFER,0.000100,0.158000,Signal: Cache Hit / Starting
6242808.789442,8005,e20db8d2-b0ae-4054-bb3b-51a67633e6dd,coordinator_0,client_8,NET_TRANSFER,0.000100,0.158000,Signal: Cache Hit / Starting
6242808.947442,9008,84d5c4ea-b47c-4be4-9a0c-8c69f86179a8,coordinator_0,client_9,NET_TRANSFER,0.000100,0.158000,Signal: Cache Miss / Request Weights
6276866.289129,9008,84d5c4ea-b47c-4be4-9a0c-8c69f86179a8,client_9,coordinator_0,NET_TRANSFER,425.714896,34057.341687,Upload Model Weights
6276866.447129,4007,268b1d86-9c97-400b-bd0f-3d964dcdd718,coordinator_0,client_4,NET_TRANSFER,0.000100,0.158000,Signal: Cache Miss / Request Weights
6318972.688584,4007,268b1d86-9c97-400b-bd0f-3d964dcdd718,client_4,coordinator_0,NET_TRANSFER,526.326143,42106.241455,Upload Model Weights
6318972.846584,7004,440ed019-eb73-495b-bf4d-60191542c668,coordinator_0,client_7,NET_TRANSFER,0.000100,0.158000,Signal: Cache Miss / Request Weights
6353208.840127,7004,440ed019-eb73-495b-bf4d-60191542c668,client_7,coordinator_0,NET_TRANSFER,427.948044,34235.993543,Upload Model Weights
6353208.998127,8008,ae026cd0-a180-4a3d-b4e9-e069996002cf,coordinator_0,client_8,NET_TRANSFER,0.000100,0.158000,Signal: Cache Miss / Request Weights
6382729.010416,8008,ae026cd0-a180-4a3d-b4e9-e069996002cf,client_8,coordinator_0,NET_TRANSFER,368.998279,29520.012289,Upload Model Weights
6382729.168416,2002,2fbefbbc-cd7c-4c4a-8885-b9904365f752,coordinator_0,client_2,NET_TRANSFER,0.000100,0.158000,Signal: Cache Miss / Request Weights
6409522.447907,2002,2fbefbbc-cd7c-4c4a-8885-b9904365f752,client_2,coordinator_0,NET_TRANSFER,334.914119,26793.279491,Upload Model Weights
6409522.605907,2019,cd2cf452-d2fc-4e99-8950-ca96ce00112d,client_2,coordinator_0,NET_TRANSFER,0.000100,0.158000,Request Model ID
6409522.763907,2018,7202018a-7059-46d3-abf3-725e672873b7,client_2,coordinator_0,NET_TRANSFER,0.000100,0.158000,Request Model ID
6409522.921907,7000,aa64a7a5-35ea-4323-b730-74e20320cab6,coordinator_0,client_7,NET_TRANSFER,0.000100,0.158000,Signal: Cache Miss / Request Weights
6451300.377727,7000,aa64a7a5-35ea-4323-b730-74e20320cab6,client_7,coordinator_0,NET_TRANSFER,522.216323,41777.455820,Upload Model Weights
6451300.535727,9000,0458d477-7a86-4d24-971c-62fe9a3e7a17,coordinator_0,client_9,NET_TRANSFER,0.000100,0.158000,Signal: Cache Miss / Request Weights
6494890.428531,9000,0458d477-7a86-4d24-971c-62fe9a3e7a17,client_9,coordinator_0,NET_TRANSFER,544.871785,43589.892804,Upload Model Weights
6494890.586531,9002,e314a9ac-f913-4183-acc9-77b03f47dc2f,coordinator_0,client_9,NET_TRANSFER,0.000100,0.158000,Signal: Cache Miss / Request Weights
6539746.413521,9002,e314a9ac-f913-4183-acc9-77b03f47dc2f,client_9,coordinator_0,NET_TRANSFER,560.695962,44855.826990,Upload Model Weights
6539746.571521,10004,0b6aa285-cf51-4f04-b3b0-27d4d0a76265,coordinator_0,client_10,NET_TRANSFER,0.000100,0.158000,Signal: Cache Miss / Request Weights
6579228.204132,10004,0b6aa285-cf51-4f04-b3b0-27d4d0a76265,client_10,coordinator_0,NET_TRANSFER,493.518533,39481.632611,Upload Model Weights
6579228.362132,3002,0b6aa285-cf51-4f04-b3b0-27d4d0a76265,coordinator_0,client_3,NET_TRANSFER,0.000100,0.158000,Signal: Cache Miss / Request Weights
6618709.994743,3002,0b6aa285-cf51-4f04-b3b0-27d4d0a76265,client_3,coordinator_0,NET_TRANSFER,493.518533,39481.632611,Upload Model Weights
6618710.152743,6001,b846365e-24f9-4ee2-bb0e-678153c45917,coordinator_0,client_6,NET_TRANSFER,0.000100,0.158000,Signal: Cache Miss / Request Weights
6656042.151037,6001,b846365e-24f9-4ee2-bb0e-678153c45917,client_6,coordinator_0,NET_TRANSFER,466.648104,37331.998294,Upload Model Weights
6656042.309037,10003,e20db8d2-b0ae-4054-bb3b-51a67633e6dd,coordinator_0,client_10,NET_TRANSFER,0.000100,0.158000,Signal: Cache Hit / Starting
6656042.467037,10007,23c32e69-89c8-4a98-9507-a520351cbbe5,coordinator_0,client_10,NET_TRANSFER,0.000100,0.158000,Signal: Cache Hit / Starting
6656042.625037,10007,e314a9ac-f913-4183-acc9-77b03f47dc2f,coordinator_0,client_10,NET_TRANSFER,0.000100,0.158000,Signal: Cache Miss / Request Weights
6700898.452027,10007,e314a9ac-f913-4183-acc9-77b03f47dc2f,client_10,coordinator_0,NET_TRANSFER,560.695962,44855.826990,Upload Model Weights
6700898.610027,10007,e20db8d2-b0ae-4054-bb3b-51a67633e6dd,coordinator_0,client_10,NET_TRANSFER,0.000100,0.158000,Signal: Cache Hit / Starting
6700898.768027,2004,e20db8d2-b0ae-4054-bb3b-51a67633e6dd,coordinator_0,client_2,NET_TRANSFER,0.000100,0.158000,Signal: Cache Hit / Starting
6700898.926027,9004,b846365e-24f9-4ee2-bb0e-678153c45917,coordinator_0,client_9,NET_TRANSFER,0.000100,0.158000,Signal: Cache Miss / Request Weights
6738230.924322,9004,b846365e-24f9-4ee2-bb0e-678153c45917,client_9,coordinator_0,NET_TRANSFER,466.648104,37331.998294,Upload Model Weights
6738231.082322,10006,ae73b5ce-6b5a-4c53-a7b1-f585b462e9d6,coordinator_0,client_10,NET_TRANSFER,0.000100,0.158000,Signal: Cache Miss / Request Weights
6769304.538685,10006,ae73b5ce-6b5a-4c53-a7b1-f585b462e9d6,client_10,coordinator_0,NET_TRANSFER,388.416330,31073.456363,Upload Model Weights
6769304.696685,3003,abbad5ca-f5f2-4403-8f6a-ab171a8a04ec,coordinator_0,client_3,NET_TRANSFER,0.000100,0.158000,Signal: Cache Miss / Request Weights
6818236.372699,3003,abbad5ca-f5f2-4403-8f6a-ab171a8a04ec,client_3,coordinator_0,NET_TRANSFER,611.644075,48931.676014,Upload Model Weights
6818236.530699,3003,440ed019-eb73-495b-bf4d-60191542c668,coordinator_0,client_3,NET_TRANSFER,0.000100,0.158000,Signal: Cache Miss / Request Weights
6852472.524242,3003,440ed019-eb73-495b-bf4d-60191542c668,client_3,coordinator_0,NET_TRANSFER,427.948044,34235.993543,Upload Model Weights
6852472.682242,4003,baa413d8-8be1-4108-9c52-2f3dc7ca37d0,coordinator_0,client_4,NET_TRANSFER,0.000100,0.158000,Signal: Cache Miss / Request Weights
6896665.433859,4003,baa413d8-8be1-4108-9c52-2f3dc7ca37d0,client_4,coordinator_0,NET_TRANSFER,552.407520,44192.751618,Upload Model Weights
6896665.591859,4003,ff4738ca-ecb7-43de-a638-f8f5c9e4eba2,coordinator_0,client_4,NET_TRANSFER,0.000100,0.158000,Signal: Cache Miss / Request Weights
6941346.732280,4003,ff4738ca-ecb7-43de-a638-f8f5c9e4eba2,client_4,coordinator_0,NET_TRANSFER,558.512380,44681.140421,Upload Model Weights
6941346.890280,4003,0b6aa285-cf51-4f04-b3b0-27d4d0a76265,coordinator_0,client_4,NET_TRANSFER,0.000100,0.158000,Signal: Cache Miss / Request Weights
6980828.522891,4003,0b6aa285-cf51-4f04-b3b0-27d4d0a76265,client_4,coordinator_0,NET_TRANSFER,493.518533,39481.632611,Upload Model Weights
6980828.680891,2004,d5b6c0cc-7700-4a35-a3d8-1ca4767780d9,coordinator_0,client_2,NET_TRANSFER,0.000100,0.158000,Signal: Cache Hit / Starting
6980828.838891,2004,39785999-ea39-4891-9102-70ece5e21e2c,coordinator_0,client_2,NET_TRANSFER,0.000100,0.158000,Signal: Cache Miss / Request Weights
7023505.129729,2004,39785999-ea39-4891-9102-70ece5e21e2c,client_2,coordinator_0,NET_TRANSFER,533.451760,42676.290839,Upload Model Weights
7023505.287729,5001,7efb5967-3601-4091-bcc2-7bfed1a20e9d,coordinator_0,client_5,NET_TRANSFER,0.000100,0.158000,Signal: Cache Miss / Request Weights
7048774.420259,5001,7efb5967-3601-4091-bcc2-7bfed1a20e9d,client_5,coordinator_0,NET_TRANSFER,315.862282,25269.132530,Upload Model Weights
7048774.578259,9005,b846365e-24f9-4ee2-bb0e-678153c45917,coordinator_0,client_9,NET_TRANSFER,0.000100,0.158000,Signal: Cache Miss / Request Weights
7086106.576554,9005,b846365e-24f9-4ee2-bb0e-678153c45917,client_9,coordinator_0,NET_TRANSFER,466.648104,37331.998294,Upload Model Weights
7086106.734554,1005,b378f61c-a691-49d8-9683-2c451172ffd9,coordinator_0,client_1,NET_TRANSFER,0.000100,0.158000,Signal: Cache Hit / Starting
7086106.892554,2007,b28fb40b-1a7d-4ab2-bdcc-664e20576c66,coordinator_0,client_2,NET_TRANSFER,0.000100,0.158000,Signal: Cache Miss / Request Weights
7116950.144144,2007,b28fb40b-1a7d-4ab2-bdcc-664e20576c66,client_2,coordinator_0,NET_TRANSFER,385.538770,30843.251591,Upload Model Weights
7116950.302144,3006,cd2cf452-d2fc-4e99-8950-ca96ce00112d,coordinator_0,client_3,NET_TRANSFER,0.000100,0.158000,Signal: Cache Miss / Request Weights
7158082.727427,3006,cd2cf452-d2fc-4e99-8950-ca96ce00112d,client_3,coordinator_0,NET_TRANSFER,514.153441,41132.425282,Upload Model Weights
7158082.885427,4006,ae026cd0-a180-4a3d-b4e9-e069996002cf,coordinator_0,client_4,NET_TRANSFER,0.000100,0.158000,Signal: Cache Miss / Request Weights
7187602.897715,4006,ae026cd0-a180-4a3d-b4e9-e069996002cf,client_4,coordinator_0,NET_TRANSFER,368.998279,29520.012289,Upload Model Weights
7187603.055715,9013,59a431e0-7a08-4a82-b8fd-3ef66af37c6f,client_9,coordinator_0,NET_TRANSFER,0.000100,0.158000,Request Model ID
7187603.213715,7002,2fbefbbc-cd7c-4c4a-8885-b9904365f752,coordinator_0,client_7,NET_TRANSFER,0.000100,0.158000,Signal: Cache Miss / Request Weights
7214396.493207,7002,2fbefbbc-cd7c-4c4a-8885-b9904365f752,client_7,coordinator_0,NET_TRANSFER,334.914119,26793.279491,Upload Model Weights
7214396.651207,5005,8214cc03-04d0-4fbe-8fb3-d9e828fe07c4,coordinator_0,client_5,NET_TRANSFER,0.000100,0.158000,Signal: Cache Miss / Request Weights
7243193.360375,5005,8214cc03-04d0-4fbe-8fb3-d9e828fe07c4,client_5,coordinator_0,NET_TRANSFER,359.956990,28796.709168,Upload Model Weights
7243193.518375,5005,15fff31f-88d3-4850-8c0e-5a2d28be9990,coordinator_0,client_5,NET_TRANSFER,0.000100,0.158000,Signal: Cache Hit / Starting
7243193.676375,5005,ae73b5ce-6b5a-4c53-a7b1-f585b462e9d6,coordinator_0,client_5,NET_TRANSFER,0.000100,0.158000,Signal: Cache Miss / Request Weights
7274267.132738,5005,ae73b5ce-6b5a-4c53-a7b1-f585b462e9d6,client_5,coordinator_0,NET_TRANSFER,388.416330,31073.456363,Upload Model Weights
7274267.290738,1004,ae73b5ce-6b5a-4c53-a7b1-f585b462e9d6,coordinator_0,client_1,NET_TRANSFER,0.000100,0.158000,Signal: Cache Miss / Request Weights
7305340.747101,1004,ae73b5ce-6b5a-4c53-a7b1-f585b462e9d6,client_1,coordinator_0,NET_TRANSFER,388.416330,31073.456363,Upload Model Weights
7305340.905101,7002,b28fb40b-1a7d-4ab2-bdcc-664e20576c66,coordinator_0,client_7,NET_TRANSFER,0.000100,0.158000,Signal: Cache Miss / Request Weights
7336184.156692,7002,b28fb40b-1a7d-4ab2-bdcc-664e20576c66,client_7,coordinator_0,NET_TRANSFER,385.538770,30843.251591,Upload Model Weights
7378860.447530,8003,39785999-ea39-4891-9102-70ece5e21e2c,client_8,coordinator_0,NET_TRANSFER,533.451760,42676.290839,Upload Model Weights
7415383.240722,3002,55662345-9a0e-4240-bb68-bdd4a322edd8,client_3,coordinator_0,NET_TRANSFER,456.533040,36522.793191,Upload Model Weights
7415383.398722,4005,cd2cf452-d2fc-4e99-8950-ca96ce00112d,coordinator_0,client_4,NET_TRANSFER,0.000100,0.158000,Signal: Cache Miss / Request Weights
7456515.824004,4005,cd2cf452-d2fc-4e99-8950-ca96ce00112d,client_4,coordinator_0,NET_TRANSFER,514.153441,41132.425282,Upload Model Weights
7493847.822298,9004,b846365e-24f9-4ee2-bb0e-678153c45917,client_9,coordinator_0,NET_TRANSFER,466.648104,37331.998294,Upload Model Weights
7493847.980298,5002,12a9aae0-a809-4552-b0e2-bb181ad83153,coordinator_0,client_5,NET_TRANSFER,0.000100,0.158000,Signal: Cache Miss / Request Weights
7531658.411902,5002,12a9aae0-a809-4552-b0e2-bb181ad83153,client_5,coordinator_0,NET_TRANSFER,472.628520,37810.431604,Upload Model Weights
7531658.569902,5002,2fbefbbc-cd7c-4c4a-8885-b9904365f752,coordinator_0,client_5,NET_TRANSFER,0.000100,0.158000,Signal: Cache Miss / Request Weights
7558451.849393,5002,2fbefbbc-cd7c-4c4a-8885-b9904365f752,client_5,coordinator_0,NET_TRANSFER,334.914119,26793.279491,Upload Model Weights
7558452.007393,2005,7202018a-7059-46d3-abf3-725e672873b7,coordinator_0,client_2,NET_TRANSFER,0.000100,0.158000,Signal: Cache Miss / Request Weights
7591276.656795,2005,7202018a-7059-46d3-abf3-725e672873b7,client_2,coordinator_0,NET_TRANSFER,410.306243,32824.649401,Upload Model Weights
7591276.814795,5001,8214cc03-04d0-4fbe-8fb3-d9e828fe07c4,coordinator_0,client_5,NET_TRANSFER,0.000100,0.158000,Signal: Cache Miss / Request Weights
7620073.523963,5001,8214cc03-04d0-4fbe-8fb3-d9e828fe07c4,client_5,coordinator_0,NET_TRANSFER,359.956990,28796.709168,Upload Model Weights
7620073.681963,9002,ae73b5ce-6b5a-4c53-a7b1-f585b462e9d6,coordinator_0,client_9,NET_TRANSFER,0.000100,0.158000,Signal: Cache Miss / Request Weights
7651147.138326,9002,ae73b5ce-6b5a-4c53-a7b1-f585b462e9d6,client_9,coordinator_0,NET_TRANSFER,388.416330,31073.456363,Upload Model Weights
7651147.296326,1002,e20db8d2-b0ae-4054-bb3b-51a67633e6dd,coordinator_0,client_1,NET_TRANSFER,0.000100,0.158000,Signal: Cache Hit / Starting
7651147.454326,10004,c6b782ab-5d37-4b75-97c7-b76805f61131,coordinator_0,client_10,NET_TRANSFER,0.000100,0.158000,Signal: Cache Miss / Request Weights
7692293.726704,10004,c6b782ab-5d37-4b75-97c7-b76805f61131,client_10,coordinator_0,NET_TRANSFER,514.326530,41146.272379,Upload Model Weights
7692293.884704,10004,ae026cd0-a180-4a3d-b4e9-e069996002cf,coordinator_0,client_10,NET_TRANSFER,0.000100,0.158000,Signal: Cache Miss / Request Weights
7721813.896993,10004,ae026cd0-a180-4a3d-b4e9-e069996002cf,client_10,coordinator_0,NET_TRANSFER,368.998279,29520.012289,Upload Model Weights
7721814.054993,10004,b28fb40b-1a7d-4ab2-bdcc-664e20576c66,coordinator_0,client_10,NET_TRANSFER,0.000100,0.158000,Signal: Cache Miss / Request Weights
7752657.306584,10004,b28fb40b-1a7d-4ab2-bdcc-664e20576c66,client_10,coordinator_0,NET_TRANSFER,385.538770,30843.251591,Upload Model Weights
7752657.464584,5004,8214cc03-04d0-4fbe-8fb3-d9e828fe07c4,coordinator_0,client_5,NET_TRANSFER,0.000100,0.158000,Signal: Cache Miss / Request Weights
7781454.173752,5004,8214cc03-04d0-4fbe-8fb3-d9e828fe07c4,client_5,coordinator_0,NET_TRANSFER,359.956990,28796.709168,Upload Model Weights
7781454.331752,3004,b846365e-24f9-4ee2-bb0e-678153c45917,coordinator_0,client_3,NET_TRANSFER,0.000100,0.158000,Signal: Cache Miss / Request Weights
7818786.330046,3004,b846365e-24f9-4ee2-bb0e-678153c45917,client_3,coordinator_0,NET_TRANSFER,466.648104,37331.998294,Upload Model Weights
7818786.488046,6001,7e5ffa42-649f-4b09-b2be-5899466a7e7f,coordinator_0,client_6,NET_TRANSFER,0.000100,0.158000,Signal: Cache Miss / Request Weights
7858023.162762,6001,7e5ffa42-649f-4b09-b2be-5899466a7e7f,client_6,coordinator_0,NET_TRANSFER,490.456559,39236.674716,Upload Model Weights
7858023.320762,9001,7202018a-7059-46d3-abf3-725e672873b7,coordinator_0,client_9,NET_TRANSFER,0.000100,0.158000,Signal: Cache Miss / Request Weights
7890847.970164,9001,7202018a-7059-46d3-abf3-725e672873b7,client_9,coordinator_0,NET_TRANSFER,410.306243,32824.649401,Upload Model Weights
7890848.128164,10006,23c32e69-89c8-4a98-9507-a520351cbbe5,coordinator_0,client_10,NET_TRANSFER,0.000100,0.158000,Signal: Cache Hit / Starting
7890848.286164,8004,b378f61c-a691-49d8-9683-2c451172ffd9,coordinator_0,client_8,NET_TRANSFER,0.000100,0.158000,Signal: Cache Hit / Starting
7890848.444164,2005,e314a9ac-f913-4183-acc9-77b03f47dc2f,coordinator_0,client_2,NET_TRANSFER,0.000100,0.158000,Signal: Cache Miss / Request Weights
7935704.271154,2005,e314a9ac-f913-4183-acc9-77b03f47dc2f,client_2,coordinator_0,NET_TRANSFER,560.695962,44855.826990,Upload Model Weights
7935704.429154,6003,b846365e-24f9-4ee2-bb0e-678153c45917,coordinator_0,client_6,NET_TRANSFER,0.000100,0.158000,Signal: Cache Miss / Request Weights
7973036.427448,6003,b846365e-24f9-4ee2-bb0e-678153c45917,client_6,coordinator_0,NET_TRANSFER,466.648104,37331.998294,Upload Model Weights
7973036.585448,1003,5cf26a93-6d67-463f-8354-be220031fbd0,coordinator_0,client_1,NET_TRANSFER,0.000100,0.158000,Signal: Cache Miss / Request Weights
8018993.646506,1003,5cf26a93-6d67-463f-8354-be220031fbd0,client_1,coordinator_0,NET_TRANSFER,574.461388,45957.061058,Upload Model Weights
8018993.804506,1003,440ed019-eb73-495b-bf4d-60191542c668,coordinator_0,client_1,NET_TRANSFER,0.000100,0.158000,Signal: Cache Miss / Request Weights
8053229.798048,1003,440ed019-eb73-495b-bf4d-60191542c668,client_1,coordinator_0,NET_TRANSFER,427.948044,34235.993543,Upload Model Weights
8053229.956048,7001,7202018a-7059-46d3-abf3-725e672873b7,coordinator_0,client_7,NET_TRANSFER,0.000100,0.158000,Signal: Cache Miss / Request Weights
8086054.605450,7001,7202018a-7059-46d3-abf3-725e672873b7,client_7,coordinator_0,NET_TRANSFER,410.306243,32824.649401,Upload Model Weights
8086054.763450,5002,c6b782ab-5d37-4b75-97c7-b76805f61131,coordinator_0,client_5,NET_TRANSFER,0.000100,0.158000,Signal: Cache Miss / Request Weights
8127201.035828,5002,c6b782ab-5d37-4b75-97c7-b76805f61131,client_5,coordinator_0,NET_TRANSFER,514.326530,41146.272379,Upload Model Weights
8127201.193828,10015,05c888f5-48fd-4c78-b8ff-c3d7e25250ee,client_10,coordinator_0,NET_TRANSFER,0.000100,0.158000,Request Model ID
8127201.351828,6011,8214cc03-04d0-4fbe-8fb3-d9e828fe07c4,client_6,coordinator_0,NET_TRANSFER,0.000100,0.158000,Request Model ID
8127201.509828,8010,2eb7ed28-93fa-4639-8470-40e53873defa,client_8,coordinator_0,NET_TRANSFER,0.000100,0.158000,Request Model ID
8127201.667828,5011,312345df-7924-49d3-ba5e-28aa13911279,client_5,coordinator_0,NET_TRANSFER,0.000100,0.158000,Request Model ID
8127201.825828,1018,7e5ffa42-649f-4b09-b2be-5899466a7e7f,client_1,coordinator_0,NET_TRANSFER,0.000100,0.158000,Request Model ID
8127201.983828,3016,312345df-7924-49d3-ba5e-28aa13911279,client_3,coordinator_0,NET_TRANSFER,0.000100,0.158000,Request Model ID
8127202.141828,3010,2eb7ed28-93fa-4639-8470-40e53873defa,client_3,coordinator_0,NET_TRANSFER,0.000100,0.158000,Request Model ID
8127202.299828,3007,ae73b5ce-6b5a-4c53-a7b1-f585b462e9d6,client_3,coordinator_0,NET_TRANSFER,0.000100,0.158000,Request Model ID
8127202.457828,3007,2eb7ed28-93fa-4639-8470-40e53873defa,client_3,coordinator_0,NET_TRANSFER,0.000100,0.158000,Request Model ID
8127202.615828,9013,e20db8d2-b0ae-4054-bb3b-51a67633e6dd,client_9,coordinator_0,NET_TRANSFER,0.000100,0.158000,Request Model ID
8127202.773828,3008,4316abed-9444-4ca6-8f0b-424fcaead312,client_3,coordinator_0,NET_TRANSFER,0.000100,0.158000,Request Model ID
8127202.931828,4010,4316abed-9444-4ca6-8f0b-424fcaead312,client_4,coordinator_0,NET_TRANSFER,0.000100,0.158000,Request Model ID
8127203.089828,1007,abbad5ca-f5f2-4403-8f6a-ab171a8a04ec,client_1,coordinator_0,NET_TRANSFER,0.000100,0.158000,Request Model ID
8127203.247828,7008,0458d477-7a86-4d24-971c-62fe9a3e7a17,client_7,coordinator_0,NET_TRANSFER,0.000100,0.158000,Request Model ID
8127203.405828,7008,84d5c4ea-b47c-4be4-9a0c-8c69f86179a8,client_7,coordinator_0,NET_TRANSFER,0.000100,0.158000,Request Model ID
8127203.563828,2009,23c32e69-89c8-4a98-9507-a520351cbbe5,client_2,coordinator_0,NET_TRANSFER,0.000100,0.158000,Request Model ID
8127203.721828,7008,aa64a7a5-35ea-4323-b730-74e20320cab6,client_7,coordinator_0,NET_TRANSFER,0.000100,0.158000,Request Model ID
8127203.879828,5012,7202018a-7059-46d3-abf3-725e672873b7,client_5,coordinator_0,NET_TRANSFER,0.000100,0.158000,Request Model ID
8127204.037828,1015,7e5ffa42-649f-4b09-b2be-5899466a7e7f,client_1,coordinator_0,NET_TRANSFER,0.000100,0.158000,Request Model ID
8127204.195828,4008,84d5c4ea-b47c-4be4-9a0c-8c69f86179a8,client_4,coordinator_0,NET_TRANSFER,0.000100,0.158000,Request Model ID
8127204.353828,7005,23c32e69-89c8-4a98-9507-a520351cbbe5,client_7,coordinator_0,NET_TRANSFER,0.000100,0.158000,Request Model ID
8127204.511828,8009,baa413d8-8be1-4108-9c52-2f3dc7ca37d0,client_8,coordinator_0,NET_TRANSFER,0.000100,0.158000,Request Model ID
8127204.669828,5010,268b1d86-9c97-400b-bd0f-3d964dcdd718,client_5,coordinator_0,NET_TRANSFER,0.000100,0.158000,Request Model ID
8127204.827828,6009,b378f61c-a691-49d8-9683-2c451172ffd9,client_6,coordinator_0,NET_TRANSFER,0.000100,0.158000,Request Model ID
8127204.985828,6009,4316abed-9444-4ca6-8f0b-424fcaead312,client_6,coordinator_0,NET_TRANSFER,0.000100,0.158000,Request Model ID
8127205.143828,6009,440ed019-eb73-495b-bf4d-60191542c668,client_6,coordinator_0,NET_TRANSFER,0.000100,0.158000,Request Model ID
8127205.301828,8007,55662345-9a0e-4240-bb68-bdd4a322edd8,client_8,coordinator_0,NET_TRANSFER,0.000100,0.158000,Request Model ID
8127205.459828,10014,abbad5ca-f5f2-4403-8f6a-ab171a8a04ec,client_10,coordinator_0,NET_TRANSFER,0.000100,0.158000,Request Model ID
8127205.617828,9012,39785999-ea39-4891-9102-70ece5e21e2c,client_9,coordinator_0,NET_TRANSFER,0.000100,0.158000,Request Model ID
8127205.775828,9011,b28fb40b-1a7d-4ab2-bdcc-664e20576c66,client_9,coordinator_0,NET_TRANSFER,0.000100,0.158000,Request Model ID
8127205.933828,9011,abbad5ca-f5f2-4403-8f6a-ab171a8a04ec,client_9,coordinator_0,NET_TRANSFER,0.000100,0.158000,Request Model ID
8127206.091828,10013,d5b6c0cc-7700-4a35-a3d8-1ca4767780d9,client_10,coordinator_0,NET_TRANSFER,0.000100,0.158000,Request Model ID
8127206.249828,6010,6ccfbc3d-d25e-406e-becc-65761946e770,client_6,coordinator_0,NET_TRANSFER,0.000100,0.158000,Request Model ID
8127206.407828,8008,b28fb40b-1a7d-4ab2-bdcc-664e20576c66,client_8,coordinator_0,NET_TRANSFER,0.000100,0.158000,Request Model ID
8127206.565828,8008,d5b6c0cc-7700-4a35-a3d8-1ca4767780d9,client_8,coordinator_0,NET_TRANSFER,0.000100,0.158000,Request Model ID
8127206.723828,8008,312345df-7924-49d3-ba5e-28aa13911279,client_8,coordinator_0,NET_TRANSFER,0.000100,0.158000,Request Model ID
8127206.881828,7009,c6b782ab-5d37-4b75-97c7-b76805f61131,client_7,coordinator_0,NET_TRANSFER,0.000100,0.158000,Request Model ID
8127207.039828,7006,d5b6c0cc-7700-4a35-a3d8-1ca4767780d9,client_7,coordinator_0,NET_TRANSFER,0.000100,0.158000,Request Model ID
8127207.197828,7006,05c888f5-48fd-4c78-b8ff-c3d7e25250ee,client_7,coordinator_0,NET_TRANSFER,0.000100,0.158000,Request Model ID
8127207.355828,7007,b846365e-24f9-4ee2-bb0e-678153c45917,client_7,coordinator_0,NET_TRANSFER,0.000100,0.158000,Request Model ID
8127207.513828,7007,2eb7ed28-93fa-4639-8470-40e53873defa,client_7,coordinator_0,NET_TRANSFER,0.000100,0.158000,Request Model ID
8127207.671828,9012,4316abed-9444-4ca6-8f0b-424fcaead312,client_9,coordinator_0,NET_TRANSFER,0.000100,0.158000,Request Model ID
8127207.829828,9012,4f83123b-0543-468c-a0a2-4e04bef77ed4,client_9,coordinator_0,NET_TRANSFER,0.000100,0.158000,Request Model ID
8127207.987828,10013,59a431e0-7a08-4a82-b8fd-3ef66af37c6f,client_10,coordinator_0,NET_TRANSFER,0.000100,0.158000,Request Model ID
8127208.145828,3009,ff4738ca-ecb7-43de-a638-f8f5c9e4eba2,client_3,coordinator_0,NET_TRANSFER,0.000100,0.158000,Request Model ID
8127208.303828,1006,440ed019-eb73-495b-bf4d-60191542c668,client_1,coordinator_0,NET_TRANSFER,0.000100,0.158000,Request Model ID
8127208.461828,4009,abbad5ca-f5f2-4403-8f6a-ab171a8a04ec,client_4,coordinator_0,NET_TRANSFER,0.000100,0.158000,Request Model ID
8127208.619828,5011,5cf26a93-6d67-463f-8354-be220031fbd0,client_5,coordinator_0,NET_TRANSFER,0.000100,0.158000,Request Model ID
8127208.777828,8009,cd2cf452-d2fc-4e99-8950-ca96ce00112d,client_8,coordinator_0,NET_TRANSFER,0.000100,0.158000,Request Model ID
8127208.935828,8009,b846365e-24f9-4ee2-bb0e-678153c45917,client_8,coordinator_0,NET_TRANSFER,0.000100,0.158000,Request Model ID
8127209.093828,8009,7efb5967-3601-4091-bcc2-7bfed1a20e9d,client_8,coordinator_0,NET_TRANSFER,0.000100,0.158000,Request Model ID
8127209.251828,5010,39785999-ea39-4891-9102-70ece5e21e2c,client_5,coordinator_0,NET_TRANSFER,0.000100,0.158000,Request Model ID
8127209.409828,5010,d5b6c0cc-7700-4a35-a3d8-1ca4767780d9,client_5,coordinator_0,NET_TRANSFER,0.000100,0.158000,Request Model ID
8127209.567828,6010,7202018a-7059-46d3-abf3-725e672873b7,client_6,coordinator_0,NET_TRANSFER,0.000100,0.158000,Request Model ID
8127209.725828,6010,bc666c44-cc53-4052-a8b3-ec52bdc7926f,client_6,coordinator_0,NET_TRANSFER,0.000100,0.158000,Request Model ID
8127209.883828,6011,b378f61c-a691-49d8-9683-2c451172ffd9,client_6,coordinator_0,NET_TRANSFER,0.000100,0.158000,Request Model ID
8127210.041828,1000,bc666c44-cc53-4052-a8b3-ec52bdc7926f,coordinator_0,client_1,NET_TRANSFER,0.000100,0.158000,Signal: Cache Miss / Request Weights
8127210.199828,8011,59a431e0-7a08-4a82-b8fd-3ef66af37c6f,client_8,coordinator_0,NET_TRANSFER,0.000100,0.158000,Request Model ID
8166446.874545,4000,7e5ffa42-649f-4b09-b2be-5899466a7e7f,client_4,coordinator_0,NET_TRANSFER,490.456559,39236.674716,Upload Model Weights
8166447.032545,8010,4f83123b-0543-468c-a0a2-4e04bef77ed4,client_8,coordinator_0,NET_TRANSFER,0.000100,0.158000,Request Model ID
8166447.190545,5013,39785999-ea39-4891-9102-70ece5e21e2c,client_5,coordinator_0,NET_TRANSFER,0.000100,0.158000,Request Model ID
8166447.348545,3008,ae73b5ce-6b5a-4c53-a7b1-f585b462e9d6,client_3,coordinator_0,NET_TRANSFER,0.000100,0.158000,Request Model ID
8166447.506545,5012,bc666c44-cc53-4052-a8b3-ec52bdc7926f,client_5,coordinator_0,NET_TRANSFER,0.000100,0.158000,Request Model ID
8166447.664545,4011,4f83123b-0543-468c-a0a2-4e04bef77ed4,client_4,coordinator_0,NET_TRANSFER,0.000100,0.158000,Request Model ID
8166447.822545,3008,0b6aa285-cf51-4f04-b3b0-27d4d0a76265,client_3,coordinator_0,NET_TRANSFER,0.000100,0.158000,Request Model ID
8166447.980545,5012,0458d477-7a86-4d24-971c-62fe9a3e7a17,client_5,coordinator_0,NET_TRANSFER,0.000100,0.158000,Request Model ID
8166448.138545,8011,55662345-9a0e-4240-bb68-bdd4a322edd8,client_8,coordinator_0,NET_TRANSFER,0.000100,0.158000,Request Model ID
8166448.296545,8011,d5b6c0cc-7700-4a35-a3d8-1ca4767780d9,client_8,coordinator_0,NET_TRANSFER,0.000100,0.158000,Request Model ID
8166448.454545,8011,c6b782ab-5d37-4b75-97c7-b76805f61131,client_8,coordinator_0,NET_TRANSFER,0.000100,0.158000,Request Model ID
8166448.612545,9001,2eb7ed28-93fa-4639-8470-40e53873defa,coordinator_0,client_9,NET_TRANSFER,0.000100,0.158000,Signal: Cache Miss / Request Weights
8166448.770545,9003,12a9aae0-a809-4552-b0e2-bb181ad83153,coordinator_0,client_9,NET_TRANSFER,0.000100,0.158000,Signal: Cache Miss / Request Weights
8166448.928545,6002,440ed019-eb73-495b-bf4d-60191542c668,coordinator_0,client_6,NET_TRANSFER,0.000100,0.158000,Signal: Cache Miss / Request Weights
8166449.086545,10005,0b6aa285-cf51-4f04-b3b0-27d4d0a76265,coordinator_0,client_10,NET_TRANSFER,0.000100,0.158000,Signal: Cache Miss / Request Weights
8166449.244545,1001,085d3a7d-70fd-43c2-a296-69bde04655f1,coordinator_0,client_1,NET_TRANSFER,0.000100,0.158000,Signal: Cache Miss / Request Weights
8166449.402545,10003,12a9aae0-a809-4552-b0e2-bb181ad83153,coordinator_0,client_10,NET_TRANSFER,0.000100,0.158000,Signal: Cache Miss / Request Weights
8166449.560545,5003,7efb5967-3601-4091-bcc2-7bfed1a20e9d,coordinator_0,client_5,NET_TRANSFER,0.000100,0.158000,Signal: Cache Miss / Request Weights
8166449.718545,6004,312345df-7924-49d3-ba5e-28aa13911279,coordinator_0,client_6,NET_TRANSFER,0.000100,0.158000,Signal: Cache Miss / Request Weights
8166449.876545,6004,b846365e-24f9-4ee2-bb0e-678153c45917,coordinator_0,client_6,NET_TRANSFER,0.000100,0.158000,Signal: Cache Miss / Request Weights
8166450.034545,10003,6ccfbc3d-d25e-406e-becc-65761946e770,coordinator_0,client_10,NET_TRANSFER,0.000100,0.158000,Signal: Cache Miss / Request Weights
8166450.192545,4001,7202018a-7059-46d3-abf3-725e672873b7,coordinator_0,client_4,NET_TRANSFER,0.000100,0.158000,Signal: Cache Miss / Request Weights
8208556.434000,9000,268b1d86-9c97-400b-bd0f-3d964dcdd718,client_9,coordinator_0,NET_TRANSFER,526.326143,42106.241455,Upload Model Weights
8208556.592000,4013,312345df-7924-49d3-ba5e-28aa13911279,client_4,coordinator_0,NET_TRANSFER,0.000100,0.158000,Request Model ID
8208556.750000,3002,05c888f5-48fd-4c78-b8ff-c3d7e25250ee,coordinator_0,client_3,NET_TRANSFER,0.000100,0.158000,Signal: Cache Miss / Request Weights
8208556.908000,4002,5cf26a93-6d67-463f-8354-be220031fbd0,coordinator_0,client_4,NET_TRANSFER,0.000100,0.158000,Signal: Cache Miss / Request Weights
8236715.148912,7002,312345df-7924-49d3-ba5e-28aa13911279,client_7,coordinator_0,NET_TRANSFER,351.976136,28158.240912,Upload Model Weights
8236715.306912,8002,15fff31f-88d3-4850-8c0e-5a2d28be9990,coordinator_0,client_8,NET_TRANSFER,0.000100,0.158000,Signal: Cache Hit / Starting
8236715.464912,5002,baa413d8-8be1-4108-9c52-2f3dc7ca37d0,coordinator_0,client_5,NET_TRANSFER,0.000100,0.158000,Signal: Cache Miss / Request Weights
8236715.622912,2005,c6b782ab-5d37-4b75-97c7-b76805f61131,coordinator_0,client_2,NET_TRANSFER,0.000100,0.158000,Signal: Cache Miss / Request Weights
8236715.780912,3005,7e5ffa42-649f-4b09-b2be-5899466a7e7f,coordinator_0,client_3,NET_TRANSFER,0.000100,0.158000,Signal: Cache Miss / Request Weights
8236715.938912,7010,6ccfbc3d-d25e-406e-becc-65761946e770,client_7,coordinator_0,NET_TRANSFER,0.000100,0.158000,Request Model ID
8236716.096912,3010,39785999-ea39-4891-9102-70ece5e21e2c,client_3,coordinator_0,NET_TRANSFER,0.000100,0.158000,Request Model ID
8236716.254912,7012,4316abed-9444-4ca6-8f0b-424fcaead312,client_7,coordinator_0,NET_TRANSFER,0.000100,0.158000,Request Model ID
8236716.412912,5017,b28fb40b-1a7d-4ab2-bdcc-664e20576c66,client_5,coordinator_0,NET_TRANSFER,0.000100,0.158000,Request Model ID
8236716.570912,4016,8214cc03-04d0-4fbe-8fb3-d9e828fe07c4,client_4,coordinator_0,NET_TRANSFER,0.000100,0.158000,Request Model ID
8236716.728912,4014,baa413d8-8be1-4108-9c52-2f3dc7ca37d0,client_4,coordinator_0,NET_TRANSFER,0.000100,0.158000,Request Model ID
8236716.886912,4014,ff4738ca-ecb7-43de-a638-f8f5c9e4eba2,client_4,coordinator_0,NET_TRANSFER,0.000100,0.158000,Request Model ID
8236717.044912,4014,b378f61c-a691-49d8-9683-2c451172ffd9,client_4,coordinator_0,NET_TRANSFER,0.000100,0.158000,Request Model ID
8236717.202912,3011,c6b782ab-5d37-4b75-97c7-b76805f61131,client_3,coordinator_0,NET_TRANSFER,0.000100,0.158000,Request Model ID
8236717.360912,3011,c6b782ab-5d37-4b75-97c7-b76805f61131,client_3,coordinator_0,NET_TRANSFER,0.000100,0.158000,Request Model ID
8236717.518912,3011,55662345-9a0e-4240-bb68-bdd4a322edd8,client_3,coordinator_0,NET_TRANSFER,0.000100,0.158000,Request Model ID
8236717.676912,1010,d5b6c0cc-7700-4a35-a3d8-1ca4767780d9,client_1,coordinator_0,NET_TRANSFER,0.000100,0.158000,Request Model ID
8236717.834912,1010,55662345-9a0e-4240-bb68-bdd4a322edd8,client_1,coordinator_0,NET_TRANSFER,0.000100,0.158000,Request Model ID
8236717.992912,6016,aa64a7a5-35ea-4323-b730-74e20320cab6,client_6,coordinator_0,NET_TRANSFER,0.000100,0.158000,Request Model ID
8236718.150912,9019,46495c9c-44a3-46a8-b20a-0f894ebc33f8,client_9,coordinator_0,NET_TRANSFER,0.000100,0.158000,Request Model ID
8236718.308912,8016,312345df-7924-49d3-ba5e-28aa13911279,client_8,coordinator_0,NET_TRANSFER,0.000100,0.158000,Request Model ID
8236718.466912,7011,4f83123b-0543-468c-a0a2-4e04bef77ed4,client_7,coordinator_0,NET_TRANSFER,0.000100,0.158000,Request Model ID
8236718.624912,4013,268b1d86-9c97-400b-bd0f-3d964dcdd718,client_4,coordinator_0,NET_TRANSFER,0.000100,0.158000,Request Model ID
8236718.782912,7009,268b1d86-9c97-400b-bd0f-3d964dcdd718,client_7,coordinator_0,NET_TRANSFER,0.000100,0.158000,Request Model ID
8236718.940912,7009,2eb7ed28-93fa-4639-8470-40e53873defa,client_7,coordinator_0,NET_TRANSFER,0.000100,0.158000,Request Model ID
8236719.098912,3009,cd2cf452-d2fc-4e99-8950-ca96ce00112d,client_3,coordinator_0,NET_TRANSFER,0.000100,0.158000,Request Model ID
8236719.256912,1008,7202018a-7059-46d3-abf3-725e672873b7,client_1,coordinator_0,NET_TRANSFER,0.000100,0.158000,Request Model ID
8236719.414912,1008,ae026cd0-a180-4a3d-b4e9-e069996002cf,client_1,coordinator_0,NET_TRANSFER,0.000100,0.158000,Request Model ID
8236719.572912,1008,7202018a-7059-46d3-abf3-725e672873b7,client_1,coordinator_0,NET_TRANSFER,0.000100,0.158000,Request Model ID
8236719.730912,8013,6ccfbc3d-d25e-406e-becc-65761946e770,client_8,coordinator_0,NET_TRANSFER,0.000100,0.158000,Request Model ID
8236719.888912,8013,d5b6c0cc-7700-4a35-a3d8-1ca4767780d9,client_8,coordinator_0,NET_TRANSFER,0.000100,0.158000,Request Model ID
8236720.046912,10018,268b1d86-9c97-400b-bd0f-3d964dcdd718,client_10,coordinator_0,NET_TRANSFER,0.000100,0.158000,Request Model ID
8236720.204912,10018,0b6aa285-cf51-4f04-b3b0-27d4d0a76265,client_10,coordinator_0,NET_TRANSFER,0.000100,0.158000,Request Model ID
8236720.362912,10015,e314a9ac-f913-4183-acc9-77b03f47dc2f,client_10,coordinator_0,NET_TRANSFER,0.000100,0.158000,Request Model ID
8236720.520912,6013,bc666c44-cc53-4052-a8b3-ec52bdc7926f,client_6,coordinator_0,NET_TRANSFER,0.000100,0.158000,Request Model ID
8236720.678912,8012,e314a9ac-f913-4183-acc9-77b03f47dc2f,client_8,coordinator_0,NET_TRANSFER,0.000100,0.158000,Request Model ID
8236720.836912,8012,268b1d86-9c97-400b-bd0f-3d964dcdd718,client_8,coordinator_0,NET_TRANSFER,0.000100,0.158000,Request Model ID
8236720.994912,5014,7efb5967-3601-4091-bcc2-7bfed1a20e9d,client_5,coordinator_0,NET_TRANSFER,0.000100,0.158000,Request Model ID
8236721.152912,5014,aa64a7a5-35ea-4323-b730-74e20320cab6,client_5,coordinator_0,NET_TRANSFER,0.000100,0.158000,Request Model ID
8236721.310912,5014,c6b782ab-5d37-4b75-97c7-b76805f61131,client_5,coordinator_0,NET_TRANSFER,0.000100,0.158000,Request Model ID
8236721.468912,6013,e20db8d2-b0ae-4054-bb3b-51a67633e6dd,client_6,coordinator_0,NET_TRANSFER,0.000100,0.158000,Request Model ID
8236721.626912,6013,4f83123b-0543-468c-a0a2-4e04bef77ed4,client_6,coordinator_0,NET_TRANSFER,0.000100,0.158000,Request Model ID
8236721.784912,6014,12a9aae0-a809-4552-b0e2-bb181ad83153,client_6,coordinator_0,NET_TRANSFER,0.000100,0.158000,Request Model ID
8236721.942912,10019,b28fb40b-1a7d-4ab2-bdcc-664e20576c66,client_10,coordinator_0,NET_TRANSFER,0.000100,0.158000,Request Model ID
8236722.100912,8014,7e5ffa42-649f-4b09-b2be-5899466a7e7f,client_8,coordinator_0,NET_TRANSFER,0.000100,0.158000,Request Model ID
8236722.258912,7010,c6b782ab-5d37-4b75-97c7-b76805f61131,client_7,coordinator_0,NET_TRANSFER,0.000100,0.158000,Request Model ID
8236722.416912,5015,23c32e69-89c8-4a98-9507-a520351cbbe5,client_5,coordinator_0,NET_TRANSFER,0.000100,0.158000,Request Model ID
8236722.574912,3010,4f83123b-0543-468c-a0a2-4e04bef77ed4,client_3,coordinator_0,NET_TRANSFER,0.000100,0.158000,Request Model ID
8236722.732912,6014,b846365e-24f9-4ee2-bb0e-678153c45917,client_6,coordinator_0,NET_TRANSFER,0.000100,0.158000,Request Model ID
8236722.890912,9017,15fff31f-88d3-4850-8c0e-5a2d28be9990,client_9,coordinator_0,NET_TRANSFER,0.000100,0.158000,Request Model ID
8236723.048912,9015,7202018a-7059-46d3-abf3-725e672873b7,client_9,coordinator_0,NET_TRANSFER,0.000100,0.158000,Request Model ID
8236723.206912,9015,7efb5967-3601-4091-bcc2-7bfed1a20e9d,client_9,coordinator_0,NET_TRANSFER,0.000100,0.158000,Request Model ID
8236723.364912,9015,12a9aae0-a809-4552-b0e2-bb181ad83153,client_9,coordinator_0,NET_TRANSFER,0.000100,0.158000,Request Model ID
8236723.522912,5013,7efb5967-3601-4091-bcc2-7bfed1a20e9d,client_5,coordinator_0,NET_TRANSFER,0.000100,0.158000,Request Model ID
8236723.680912,6014,baa413d8-8be1-4108-9c52-2f3dc7ca37d0,client_6,coordinator_0,NET_TRANSFER,0.000100,0.158000,Request Model ID
8236723.838912,8014,312345df-7924-49d3-ba5e-28aa13911279,client_8,coordinator_0,NET_TRANSFER,0.000100,0.158000,Request Model ID
8236723.996912,5015,abbad5ca-f5f2-4403-8f6a-ab171a8a04ec,client_5,coordinator_0,NET_TRANSFER,0.000100,0.158000,Request Model ID
8236724.154912,5015,2fbefbbc-cd7c-4c4a-8885-b9904365f752,client_5,coordinator_0,NET_TRANSFER,0.000100,0.158000,Request Model ID
8236724.312912,5015,23c32e69-89c8-4a98-9507-a520351cbbe5,client_5,coordinator_0,NET_TRANSFER,0.000100,0.158000,Request Model ID
8236724.470912,9016,0b6aa285-cf51-4f04-b3b0-27d4d0a76265,client_9,coordinator_0,NET_TRANSFER,0.000100,0.158000,Request Model ID
8236724.628912,10019,59a431e0-7a08-4a82-b8fd-3ef66af37c6f,client_10,coordinator_0,NET_TRANSFER,0.000100,0.158000,Request Model ID
8236724.786912,10019,bc666c44-cc53-4052-a8b3-ec52bdc7926f,client_10,coordinator_0,NET_TRANSFER,0.000100,0.158000,Request Model ID
8236724.944912,8013,84d5c4ea-b47c-4be4-9a0c-8c69f86179a8,client_8,coordinator_0,NET_TRANSFER,0.000100,0.158000,Request Model ID
8236725.102912,4014,46495c9c-44a3-46a8-b20a-0f894ebc33f8,client_4,coordinator_0,NET_TRANSFER,0.000100,0.158000,Request Model ID
8236725.260912,1009,0b6aa285-cf51-4f04-b3b0-27d4d0a76265,client_1,coordinator_0,NET_TRANSFER,0.000100,0.158000,Request Model ID
8236725.418912,5016,8214cc03-04d0-4fbe-8fb3-d9e828fe07c4,client_5,coordinator_0,NET_TRANSFER,0.000100,0.158000,Request Model ID
8236725.576912,2011,085d3a7d-70fd-43c2-a296-69bde04655f1,client_2,coordinator_0,NET_TRANSFER,0.000100,0.158000,Request Model ID
8236725.734912,4010,b378f61c-a691-49d8-9683-2c451172ffd9,client_4,coordinator_0,NET_TRANSFER,0.000100,0.158000,Request Model ID
8236725.892912,3011,15fff31f-88d3-4850-8c0e-5a2d28be9990,client_3,coordinator_0,NET_TRANSFER,0.000100,0.158000,Request Model ID
8236726.050912,1010,15fff31f-88d3-4850-8c0e-5a2d28be9990,client_1,coordinator_0,NET_TRANSFER,0.000100,0.158000,Request Model ID
8236726.208912,4011,7202018a-7059-46d3-abf3-725e672873b7,client_4,coordinator_0,NET_TRANSFER,0.000100,0.158000,Request Model ID
8236726.366912,2011,46495c9c-44a3-46a8-b20a-0f894ebc33f8,client_2,coordinator_0,NET_TRANSFER,0.000100,0.158000,Request Model ID
8236726.524912,1009,bc666c44-cc53-4052-a8b3-ec52bdc7926f,client_1,coordinator_0,NET_TRANSFER,0.000100,0.158000,Request Model ID
8236726.682912,2011,268b1d86-9c97-400b-bd0f-3d964dcdd718,client_2,coordinator_0,NET_TRANSFER,0.000100,0.158000,Request Model ID
8236726.840912,2011,6ccfbc3d-d25e-406e-becc-65761946e770,client_2,coordinator_0,NET_TRANSFER,0.000100,0.158000,Request Model ID
8236726.998912,5016,0458d477-7a86-4d24-971c-62fe9a3e7a17,client_5,coordinator_0,NET_TRANSFER,0.000100,0.158000,Request Model ID
8236727.156912,4011,e314a9ac-f913-4183-acc9-77b03f47dc2f,client_4,coordinator_0,NET_TRANSFER,0.000100,0.158000,Request Model ID
8236727.314912,5016,0b6aa285-cf51-4f04-b3b0-27d4d0a76265,client_5,coordinator_0,NET_TRANSFER,0.000100,0.158000,Request Model ID
8236727.472912,7011,12a9aae0-a809-4552-b0e2-bb181ad83153,client_7,coordinator_0,NET_TRANSFER,0.000100,0.158000,Request Model ID
8236727.630912,6015,6ccfbc3d-d25e-406e-becc-65761946e770,client_6,coordinator_0,NET_TRANSFER,0.000100,0.158000,Request Model ID
8236727.788912,4011,7202018a-7059-46d3-abf3-725e672873b7,client_4,coordinator_0,NET_TRANSFER,0.000100,0.158000,Request Model ID
8236727.946912,6012,84d5c4ea-b47c-4be4-9a0c-8c69f86179a8,client_6,coordinator_0,NET_TRANSFER,0.000100,0.158000,Request Model ID
8236728.104912,9018,440ed019-eb73-495b-bf4d-60191542c668,client_9,coordinator_0,NET_TRANSFER,0.000100,0.158000,Request Model ID
8236728.262912,2012,8214cc03-04d0-4fbe-8fb3-d9e828fe07c4,client_2,coordinator_0,NET_TRANSFER,0.000100,0.158000,Request Model ID
8236728.420912,5016,39785999-ea39-4891-9102-70ece5e21e2c,client_5,coordinator_0,NET_TRANSFER,0.000100,0.158000,Request Model ID
8236728.578912,8015,7e5ffa42-649f-4b09-b2be-5899466a7e7f,client_8,coordinator_0,NET_TRANSFER,0.000100,0.158000,Request Model ID
8236728.736912,8015,7e5ffa42-649f-4b09-b2be-5899466a7e7f,client_8,coordinator_0,NET_TRANSFER,0.000100,0.158000,Request Model ID
8236728.894912,8015,ff4738ca-ecb7-43de-a638-f8f5c9e4eba2,client_8,coordinator_0,NET_TRANSFER,0.000100,0.158000,Request Model ID
8236729.052912,1011,05c888f5-48fd-4c78-b8ff-c3d7e25250ee,client_1,coordinator_0,NET_TRANSFER,0.000100,0.158000,Request Model ID
8236729.210912,4015,4316abed-9444-4ca6-8f0b-424fcaead312,client_4,coordinator_0,NET_TRANSFER,0.000100,0.158000,Request Model ID
8236729.368912,6015,15fff31f-88d3-4850-8c0e-5a2d28be9990,client_6,coordinator_0,NET_TRANSFER,0.000100,0.158000,Request Model ID
8236729.526912,2012,b28fb40b-1a7d-4ab2-bdcc-664e20576c66,client_2,coordinator_0,NET_TRANSFER,0.000100,0.158000,Request Model ID
8236729.684912,8015,5cf26a93-6d67-463f-8354-be220031fbd0,client_8,coordinator_0,NET_TRANSFER,0.000100,0.158000,Request Model ID
8236729.842912,4012,59a431e0-7a08-4a82-b8fd-3ef66af37c6f,client_4,coordinator_0,NET_TRANSFER,0.000100,0.158000,Request Model ID
8236730.000912,4012,8214cc03-04d0-4fbe-8fb3-d9e828fe07c4,client_4,coordinator_0,NET_TRANSFER,0.000100,0.158000,Request Model ID
8236730.158912,4012,312345df-7924-49d3-ba5e-28aa13911279,client_4,coordinator_0,NET_TRANSFER,0.000100,0.158000,Request Model ID
8236730.316912,7011,84d5c4ea-b47c-4be4-9a0c-8c69f86179a8,client_7,coordinator_0,NET_TRANSFER,0.000100,0.158000,Request Model ID
8236730.474912,7013,4f83123b-0543-468c-a0a2-4e04bef77ed4,client_7,coordinator_0,NET_TRANSFER,0.000100,0.158000,Request Model ID
8236730.632912,4015,7202018a-7059-46d3-abf3-725e672873b7,client_4,coordinator_0,NET_TRANSFER,0.000100,0.158000,Request Model ID
8236730.790912,3012,ae73b5ce-6b5a-4c53-a7b1-f585b462e9d6,client_3,coordinator_0,NET_TRANSFER,0.000100,0.158000,Request Model ID
8236730.948912,1011,cd2cf452-d2fc-4e99-8950-ca96ce00112d,client_1,coordinator_0,NET_TRANSFER,0.000100,0.158000,Request Model ID
8236731.106912,5018,ff4738ca-ecb7-43de-a638-f8f5c9e4eba2,client_5,coordinator_0,NET_TRANSFER,0.000100,0.158000,Request Model ID
8236731.264912,1011,55662345-9a0e-4240-bb68-bdd4a322edd8,client_1,coordinator_0,NET_TRANSFER,0.000100,0.158000,Request Model ID
8236731.422912,7012,268b1d86-9c97-400b-bd0f-3d964dcdd718,client_7,coordinator_0,NET_TRANSFER,0.000100,0.158000,Request Model ID
8236731.580912,7012,ae73b5ce-6b5a-4c53-a7b1-f585b462e9d6,client_7,coordinator_0,NET_TRANSFER,0.000100,0.158000,Request Model ID
8236731.738912,7012,ae026cd0-a180-4a3d-b4e9-e069996002cf,client_7,coordinator_0,NET_TRANSFER,0.000100,0.158000,Request Model ID
8236731.896912,4017,5cf26a93-6d67-463f-8354-be220031fbd0,client_4,coordinator_0,NET_TRANSFER,0.000100,0.158000,Request Model ID
8236732.054912,4018,c6b782ab-5d37-4b75-97c7-b76805f61131,client_4,coordinator_0,NET_TRANSFER,0.000100,0.158000,Request Model ID
8236732.212912,7013,baa413d8-8be1-4108-9c52-2f3dc7ca37d0,client_7,coordinator_0,NET_TRANSFER,0.000100,0.158000,Request Model ID
8236732.370912,3012,0b6aa285-cf51-4f04-b3b0-27d4d0a76265,client_3,coordinator_0,NET_TRANSFER,0.000100,0.158000,Request Model ID
8236732.528912,3014,15fff31f-88d3-4850-8c0e-5a2d28be9990,client_3,coordinator_0,NET_TRANSFER,0.000100,0.158000,Request Model ID
8236732.686912,3013,268b1d86-9c97-400b-bd0f-3d964dcdd718,client_3,coordinator_0,NET_TRANSFER,0.000100,0.158000,Request Model ID
8236732.844912,4016,baa413d8-8be1-4108-9c52-2f3dc7ca37d0,client_4,coordinator_0,NET_TRANSFER,0.000100,0.158000,Request Model ID
8236733.002912,4016,b846365e-24f9-4ee2-bb0e-678153c45917,client_4,coordinator_0,NET_TRANSFER,0.000100,0.158000,Request Model ID
8236733.160912,3013,b28fb40b-1a7d-4ab2-bdcc-664e20576c66,client_3,coordinator_0,NET_TRANSFER,0.000100,0.158000,Request Model ID
8236733.318912,1012,23c32e69-89c8-4a98-9507-a520351cbbe5,client_1,coordinator_0,NET_TRANSFER,0.000100,0.158000,Request Model ID
8236733.476912,1012,4f83123b-0543-468c-a0a2-4e04bef77ed4,client_1,coordinator_0,NET_TRANSFER,0.000100,0.158000,Request Model ID
8236733.634912,5017,440ed019-eb73-495b-bf4d-60191542c668,client_5,coordinator_0,NET_TRANSFER,0.000100,0.158000,Request Model ID
8236733.792912,4017,84d5c4ea-b47c-4be4-9a0c-8c69f86179a8,client_4,coordinator_0,NET_TRANSFER,0.000100,0.158000,Request Model ID
8236733.950912,4017,baa413d8-8be1-4108-9c52-2f3dc7ca37d0,client_4,coordinator_0,NET_TRANSFER,0.000100,0.158000,Request Model ID
8236734.108912,4017,abbad5ca-f5f2-4403-8f6a-ab171a8a04ec,client_4,coordinator_0,NET_TRANSFER,0.000100,0.158000,Request Model ID
8236734.266912,3013,84d5c4ea-b47c-4be4-9a0c-8c69f86179a8,client_3,coordinator_0,NET_TRANSFER,0.000100,0.158000,Request Model ID
8236734.424912,9018,23c32e69-89c8-4a98-9507-a520351cbbe5,client_9,coordinator_0,NET_TRANSFER,0.000100,0.158000,Request Model ID
8236734.582912,1013,aa64a7a5-35ea-4323-b730-74e20320cab6,client_1,coordinator_0,NET_TRANSFER,0.000100,0.158000,Request Model ID
8236734.740912,7014,268b1d86-9c97-400b-bd0f-3d964dcdd718,client_7,coordinator_0,NET_TRANSFER,0.000100,0.158000,Request Model ID
8236734.898912,1012,ff4738ca-ecb7-43de-a638-f8f5c9e4eba2,client_1,coordinator_0,NET_TRANSFER,0.000100,0.158000,Request Model ID
8236735.056912,5019,440ed019-eb73-495b-bf4d-60191542c668,client_5,coordinator_0,NET_TRANSFER,0.000100,0.158000,Request Model ID
8236735.214912,8018,7202018a-7059-46d3-abf3-725e672873b7,client_8,coordinator_0,NET_TRANSFER,0.000100,0.158000,Request Model ID
8236735.372912,9017,aa64a7a5-35ea-4323-b730-74e20320cab6,client_9,coordinator_0,NET_TRANSFER,0.000100,0.158000,Request Model ID
8236735.530912,9017,0458d477-7a86-4d24-971c-62fe9a3e7a17,client_9,coordinator_0,NET_TRANSFER,0.000100,0.158000,Request Model ID
8236735.688912,6018,cd2cf452-d2fc-4e99-8950-ca96ce00112d,client_6,coordinator_0,NET_TRANSFER,0.000100,0.158000,Request Model ID
8236735.846912,4019,b846365e-24f9-4ee2-bb0e-678153c45917,client_4,coordinator_0,NET_TRANSFER,0.000100,0.158000,Request Model ID
8236736.004912,5019,e314a9ac-f913-4183-acc9-77b03f47dc2f,client_5,coordinator_0,NET_TRANSFER,0.000100,0.158000,Request Model ID
8236736.162912,6016,440ed019-eb73-495b-bf4d-60191542c668,client_6,coordinator_0,NET_TRANSFER,0.000100,0.158000,Request Model ID
8236736.320912,2013,46495c9c-44a3-46a8-b20a-0f894ebc33f8,client_2,coordinator_0,NET_TRANSFER,0.000100,0.158000,Request Model ID
8236736.478912,8016,aa64a7a5-35ea-4323-b730-74e20320cab6,client_8,coordinator_0,NET_TRANSFER,0.000100,0.158000,Request Model ID
8236736.636912,8016,0b6aa285-cf51-4f04-b3b0-27d4d0a76265,client_8,coordinator_0,NET_TRANSFER,0.000100,0.158000,Request Model ID
8236736.794912,1012,e314a9ac-f913-4183-acc9-77b03f47dc2f,client_1,coordinator_0,NET_TRANSFER,0.000100,0.158000,Request Model ID
8236736.952912,4015,2fbefbbc-cd7c-4c4a-8885-b9904365f752,client_4,coordinator_0,NET_TRANSFER,0.000100,0.158000,Request Model ID
8236737.110912,7015,cd2cf452-d2fc-4e99-8950-ca96ce00112d,client_7,coordinator_0,NET_TRANSFER,0.000100,0.158000,Request Model ID
8236737.268912,8017,55662345-9a0e-4240-bb68-bdd4a322edd8,client_8,coordinator_0,NET_TRANSFER,0.000100,0.158000,Request Model ID
8236737.426912,4018,268b1d86-9c97-400b-bd0f-3d964dcdd718,client_4,coordinator_0,NET_TRANSFER,0.000100,0.158000,Request Model ID
8236737.584912,6017,39785999-ea39-4891-9102-70ece5e21e2c,client_6,coordinator_0,NET_TRANSFER,0.000100,0.158000,Request Model ID
8236737.742912,6017,2fbefbbc-cd7c-4c4a-8885-b9904365f752,client_6,coordinator_0,NET_TRANSFER,0.000100,0.158000,Request Model ID
8236737.900912,6017,7e5ffa42-649f-4b09-b2be-5899466a7e7f,client_6,coordinator_0,NET_TRANSFER,0.000100,0.158000,Request Model ID
8236738.058912,8017,baa413d8-8be1-4108-9c52-2f3dc7ca37d0,client_8,coordinator_0,NET_TRANSFER,0.000100,0.158000,Request Model ID
8236738.216912,8017,55662345-9a0e-4240-bb68-bdd4a322edd8,client_8,coordinator_0,NET_TRANSFER,0.000100,0.158000,Request Model ID
8236738.374912,4018,2fbefbbc-cd7c-4c4a-8885-b9904365f752,client_4,coordinator_0,NET_TRANSFER,0.000100,0.158000,Request Model ID
8236738.532912,4018,e314a9ac-f913-4183-acc9-77b03f47dc2f,client_4,coordinator_0,NET_TRANSFER,0.000100,0.158000,Request Model ID
8236738.690912,8019,15fff31f-88d3-4850-8c0e-5a2d28be9990,client_8,coordinator_0,NET_TRANSFER,0.000100,0.158000,Request Model ID
8236738.848912,2014,b378f61c-a691-49d8-9683-2c451172ffd9,client_2,coordinator_0,NET_TRANSFER,0.000100,0.158000,Request Model ID
8236739.006912,3014,b28fb40b-1a7d-4ab2-bdcc-664e20576c66,client_3,coordinator_0,NET_TRANSFER,0.000100,0.158000,Request Model ID
8236739.164912,3014,8214cc03-04d0-4fbe-8fb3-d9e828fe07c4,client_3,coordinator_0,NET_TRANSFER,0.000100,0.158000,Request Model ID
8236739.322912,3014,39785999-ea39-4891-9102-70ece5e21e2c,client_3,coordinator_0,NET_TRANSFER,0.000100,0.158000,Request Model ID
8236739.480912,1013,b846365e-24f9-4ee2-bb0e-678153c45917,client_1,coordinator_0,NET_TRANSFER,0.000100,0.158000,Request Model ID
8236739.638912,1013,23c32e69-89c8-4a98-9507-a520351cbbe5,client_1,coordinator_0,NET_TRANSFER,0.000100,0.158000,Request Model ID
8236739.796912,1013,2fbefbbc-cd7c-4c4a-8885-b9904365f752,client_1,coordinator_0,NET_TRANSFER,0.000100,0.158000,Request Model ID
8269564.446313,5012,7202018a-7059-46d3-abf3-725e672873b7,client_5,coordinator_0,NET_TRANSFER,410.306243,32824.649401,Upload Model Weights
8269564.604313,2018,312345df-7924-49d3-ba5e-28aa13911279,client_2,coordinator_0,NET_TRANSFER,0.000100,0.158000,Request Model ID
8270702.335123,2001,ae73b5ce-6b5a-4c53-a7b1-f585b462e9d6,coordinator_0,worker_3,NET_TRANSFER,14.219760,1137.730810,Distribute Layer ID: 6786f4a8
8270702.436854,2001,ae73b5ce-6b5a-4c53-a7b1-f585b462e9d6,worker_3,worker_3,MEM_MOVE,13.021511,0.101731,"Evict VRAM -> RAM [Model: 05c888f5, Layer: c911eb06]"
8270702.547946,2001,ae73b5ce-6b5a-4c53-a7b1-f585b462e9d6,worker_3,worker_3,DISK_LOAD,14.219760,0.111092,"Disk -> RAM [Model: ae73b5ce, Layer: 6786f4a8]"
8270702.659038,2001,ae73b5ce-6b5a-4c53-a7b1-f585b462e9d6,worker_3,worker_3,MEM_MOVE,14.219760,0.111092,"RAM -> VRAM [Model: ae73b5ce, Layer: 6786f4a8]"
8270702.709038,2001,ae73b5ce-6b5a-4c53-a7b1-f585b462e9d6,worker_3,worker_3,GPU_COMPUTE,0.050000,0.050000,GPU Compute
8270702.867038,2001,ae73b5ce-6b5a-4c53-a7b1-f585b462e9d6,worker_3,coordinator_0,NET_TRANSFER,0.000100,0.158000,Signal Finished
8271545.654937,2001,ae73b5ce-6b5a-4c53-a7b1-f585b462e9d6,coordinator_0,worker_4,NET_TRANSFER,10.532974,842.787899,Distribute Layer ID: 1b3432c4
8271545.701590,2001,ae73b5ce-6b5a-4c53-a7b1-f585b462e9d6,worker_4,worker_4,MEM_MOVE,5.971582,0.046653,"Evict VRAM -> RAM [Model: 05c888f5, Layer: bcdd312f]"
8271545.806749,2001,ae73b5ce-6b5a-4c53-a7b1-f585b462e9d6,worker_4,worker_4,MEM_MOVE,13.460402,0.105159,"Evict VRAM -> RAM [Model: 05c888f5, Layer: 216fccd2]"
8271545.889038,2001,ae73b5ce-6b5a-4c53-a7b1-f585b462e9d6,worker_4,worker_4,DISK_LOAD,10.532974,0.082289,"Disk -> RAM [Model: ae73b5ce, Layer: 1b3432c4]"
8271545.971327,2001,ae73b5ce-6b5a-4c53-a7b1-f585b462e9d6,worker_4,worker_4,MEM_MOVE,10.532974,0.082289,"RAM -> VRAM [Model: ae73b5ce, Layer: 1b3432c4]"
8271546.021327,2001,ae73b5ce-6b5a-4c53-a7b1-f585b462e9d6,worker_4,worker_4,GPU_COMPUTE,0.050000,0.050000,GPU Compute
8271546.179327,2001,ae73b5ce-6b5a-4c53-a7b1-f585b462e9d6,worker_4,coordinator_0,NET_TRANSFER,0.000100,0.158000,Signal Finished
8271993.845169,2001,ae73b5ce-6b5a-4c53-a7b1-f585b462e9d6,coordinator_0,worker_1,NET_TRANSFER,5.593948,447.665842,Distribute Layer ID: f50f99e2
8271993.888872,2001,ae73b5ce-6b5a-4c53-a7b1-f585b462e9d6,worker_1,worker_1,DISK_LOAD,5.593948,0.043703,"Disk -> RAM [Model: ae73b5ce, Layer: f50f99e2]"
8271993.932574,2001,ae73b5ce-6b5a-4c53-a7b1-f585b462e9d6,worker_1,worker_1,MEM_MOVE,5.593948,0.043703,"RAM -> VRAM [Model: ae73b5ce, Layer: f50f99e2]"
8271993.982574,2001,ae73b5ce-6b5a-4c53-a7b1-f585b462e9d6,worker_1,worker_1,GPU_COMPUTE,0.050000,0.050000,GPU Compute
8271994.140574,2001,ae73b5ce-6b5a-4c53-a7b1-f585b462e9d6,worker_1,coordinator_0,NET_TRANSFER,0.000100,0.158000,Signal Finished
8272442.072772,2001,ae73b5ce-6b5a-4c53-a7b1-f585b462e9d6,coordinator_0,worker_2,NET_TRANSFER,5.597277,447.932197,Distribute Layer ID: fea05736
8272442.116500,2001,ae73b5ce-6b5a-4c53-a7b1-f585b462e9d6,worker_2,worker_2,DISK_LOAD,5.597277,0.043729,"Disk -> RAM [Model: ae73b5ce, Layer: fea05736]"
8272442.160229,2001,ae73b5ce-6b5a-4c53-a7b1-f585b462e9d6,worker_2,worker_2,MEM_MOVE,5.597277,0.043729,"RAM -> VRAM [Model: ae73b5ce, Layer: fea05736]"
8272442.210229,2001,ae73b5ce-6b5a-4c53-a7b1-f585b462e9d6,worker_2,worker_2,GPU_COMPUTE,0.050000,0.050000,GPU Compute
8272442.368229,2001,ae73b5ce-6b5a-4c53-a7b1-f585b462e9d6,worker_2,coordinator_0,NET_TRANSFER,0.000100,0.158000,Signal Finished
8273251.780949,2001,ae73b5ce-6b5a-4c53-a7b1-f585b462e9d6,coordinator_0,worker_3,NET_TRANSFER,10.115784,809.412720,Distribute Layer ID: 79befce1
8273251.892041,2001,ae73b5ce-6b5a-4c53-a7b1-f585b462e9d6,worker_3,worker_3,MEM_MOVE,14.219760,0.111092,"Evict VRAM -> RAM [Model: ae73b5ce, Layer: 6786f4a8]"
8273251.971071,2001,ae73b5ce-6b5a-4c53-a7b1-f585b462e9d6,worker_3,worker_3,DISK_LOAD,10.115784,0.079030,"Disk -> RAM [Model: ae73b5ce, Layer: 79befce1]"
8273252.050100,2001,ae73b5ce-6b5a-4c53-a7b1-f585b462e9d6,worker_3,worker_3,MEM_MOVE,10.115784,0.079030,"RAM -> VRAM [Model: ae73b5ce, Layer: 79befce1]"
8273252.100100,2001,ae73b5ce-6b5a-4c53-a7b1-f585b462e9d6,worker_3,worker_3,GPU_COMPUTE,0.050000,0.050000,GPU Compute
8273252.258100,2001,ae73b5ce-6b5a-4c53-a7b1-f585b462e9d6,worker_3,coordinator_0,NET_TRANSFER,0.000100,0.158000,Signal Finished
8274278.654450,2001,ae73b5ce-6b5a-4c53-a7b1-f585b462e9d6,coordinator_0,worker_4,NET_TRANSFER,12.828079,1026.396350,Distribute Layer ID: b8391dd1
8274278.736739,2001,ae73b5ce-6b5a-4c53-a7b1-f585b462e9d6,worker_4,worker_4,MEM_MOVE,10.532974,0.082289,"Evict VRAM -> RAM [Model: ae73b5ce, Layer: 1b3432c4]"
8274278.836959,2001,ae73b5ce-6b5a-4c53-a7b1-f585b462e9d6,worker_4,worker_4,DISK_LOAD,12.828079,0.100219,"Disk -> RAM [Model: ae73b5ce, Layer: b8391dd1]"
8274278.937178,2001,ae73b5ce-6b5a-4c53-a7b1-f585b462e9d6,worker_4,worker_4,MEM_MOVE,12.828079,0.100219,"RAM -> VRAM [Model: ae73b5ce, Layer: b8391dd1]"
8274278.987178,2001,ae73b5ce-6b5a-4c53-a7b1-f585b462e9d6,worker_4,worker_4,GPU_COMPUTE,0.050000,0.050000,GPU Compute
8274279.145178,2001,ae73b5ce-6b5a-4c53-a7b1-f585b462e9d6,worker_4,coordinator_0,NET_TRANSFER,0.000100,0.158000,Signal Finished
8275088.226914,2001,ae73b5ce-6b5a-4c53-a7b1-f585b462e9d6,coordinator_0,worker_1,NET_TRANSFER,10.111647,809.081736,Distribute Layer ID: 128508f5
8275088.270617,2001,ae73b5ce-6b5a-4c53-a7b1-f585b462e9d6,worker_1,worker_1,MEM_MOVE,5.593948,0.043703,"Evict VRAM -> RAM [Model: ae73b5ce, Layer: f50f99e2]"
8275088.349614,2001,ae73b5ce-6b5a-4c53-a7b1-f585b462e9d6,worker_1,worker_1,DISK_LOAD,10.111647,0.078997,"Disk -> RAM [Model: ae73b5ce, Layer: 128508f5]"
8275088.428611,2001,ae73b5ce-6b5a-4c53-a7b1-f585b462e9d6,worker_1,worker_1,MEM_MOVE,10.111647,0.078997,"RAM -> VRAM [Model: ae73b5ce, Layer: 128508f5]"
8275088.478611,2001,ae73b5ce-6b5a-4c53-a7b1-f585b462e9d6,worker_1,worker_1,GPU_COMPUTE,0.050000,0.050000,GPU Compute
8275088.636611,2001,ae73b5ce-6b5a-4c53-a7b1-f585b462e9d6,worker_1,coordinator_0,NET_TRANSFER,0.000100,0.158000,Signal Finished
8275893.747644,2001,ae73b5ce-6b5a-4c53-a7b1-f585b462e9d6,coordinator_0,worker_2,NET_TRANSFER,10.062013,805.111033,Distribute Layer ID: 83c40f5f
8275893.791373,2001,ae73b5ce-6b5a-4c53-a7b1-f585b462e9d6,worker_2,worker_2,MEM_MOVE,5.597277,0.043729,"Evict VRAM -> RAM [Model: ae73b5ce, Layer: fea05736]"
8275893.834081,2001,ae73b5ce-6b5a-4c53-a7b1-f585b462e9d6,worker_2,worker_2,MEM_MOVE,5.466619,0.042708,"Evict VRAM -> RAM [Model: 05c888f5, Layer: 7a6f69b1]"
8275893.912690,2001,ae73b5ce-6b5a-4c53-a7b1-f585b462e9d6,worker_2,worker_2,DISK_LOAD,10.062013,0.078609,"Disk -> RAM [Model: ae73b5ce, Layer: 83c40f5f]"
8275893.991300,2001,ae73b5ce-6b5a-4c53-a7b1-f585b462e9d6,worker_2,worker_2,MEM_MOVE,10.062013,0.078609,"RAM -> VRAM [Model: ae73b5ce, Layer: 83c40f5f]"
8275894.041300,2001,ae73b5ce-6b5a-4c53-a7b1-f585b462e9d6,worker_2,worker_2,GPU_COMPUTE,0.050000,0.050000,GPU Compute
8275894.199300,2001,ae73b5ce-6b5a-4c53-a7b1-f585b462e9d6,worker_2,coordinator_0,NET_TRANSFER,0.000100,0.158000,Signal Finished
8276517.659345,2001,ae73b5ce-6b5a-4c53-a7b1-f585b462e9d6,coordinator_0,worker_3,NET_TRANSFER,7.791376,623.460046,Distribute Layer ID: 8a15a931
8276517.720216,2001,ae73b5ce-6b5a-4c53-a7b1-f585b462e9d6,worker_3,worker_3,DISK_LOAD,7.791376,0.060870,"Disk -> RAM [Model: ae73b5ce, Layer: 8a15a931]"
8276517.781086,2001,ae73b5ce-6b5a-4c53-a7b1-f585b462e9d6,worker_3,worker_3,MEM_MOVE,7.791376,0.060870,"RAM -> VRAM [Model: ae73b5ce, Layer: 8a15a931]"
8276517.831086,2001,ae73b5ce-6b5a-4c53-a7b1-f585b462e9d6,worker_3,worker_3,GPU_COMPUTE,0.050000,0.050000,GPU Compute
8276517.989086,2001,ae73b5ce-6b5a-4c53-a7b1-f585b462e9d6,worker_3,coordinator_0,NET_TRANSFER,0.000100,0.158000,Signal Finished
8277702.954293,2001,ae73b5ce-6b5a-4c53-a7b1-f585b462e9d6,coordinator_0,worker_4,NET_TRANSFER,14.810190,1184.965207,Distribute Layer ID: 6653e100
8324984.165385,10003,6ccfbc3d-d25e-406e-becc-65761946e770,client_10,coordinator_0,NET_TRANSFER,591.013264,47281.211092,Upload Model Weights
8324984.265604,2001,ae73b5ce-6b5a-4c53-a7b1-f585b462e9d6,worker_4,worker_4,MEM_MOVE,12.828079,0.100219,"Evict VRAM -> RAM [Model: ae73b5ce, Layer: b8391dd1]"
8324984.381309,2001,ae73b5ce-6b5a-4c53-a7b1-f585b462e9d6,worker_4,worker_4,DISK_LOAD,14.810190,0.115705,"Disk -> RAM [Model: ae73b5ce, Layer: 6653e100]"
8324984.497013,2001,ae73b5ce-6b5a-4c53-a7b1-f585b462e9d6,worker_4,worker_4,MEM_MOVE,14.810190,0.115705,"RAM -> VRAM [Model: ae73b5ce, Layer: 6653e100]"
8324984.547013,2001,ae73b5ce-6b5a-4c53-a7b1-f585b462e9d6,worker_4,worker_4,GPU_COMPUTE,0.050000,0.050000,GPU Compute
8324984.705013,2001,ae73b5ce-6b5a-4c53-a7b1-f585b462e9d6,worker_4,coordinator_0,NET_TRANSFER,0.000100,0.158000,Signal Finished
8326209.597090,2001,ae73b5ce-6b5a-4c53-a7b1-f585b462e9d6,coordinator_0,worker_1,NET_TRANSFER,15.309276,1224.892077,Distribute Layer ID: 32141e61
8326209.676088,2001,ae73b5ce-6b5a-4c53-a7b1-f585b462e9d6,worker_1,worker_1,MEM_MOVE,10.111647,0.078997,"Evict VRAM -> RAM [Model: ae73b5ce, Layer: 128508f5]"
8353238.158099,3002,05c888f5-48fd-4c78-b8ff-c3d7e25250ee,client_3,coordinator_0,NET_TRANSFER,337.854150,27028.482012,Upload Model Weights
8397430.909717,5002,baa413d8-8be1-4108-9c52-2f3dc7ca37d0,client_5,coordinator_0,NET_TRANSFER,552.407520,44192.751618,Upload Model Weights
8436667.584433,3005,7e5ffa42-649f-4b09-b2be-5899466a7e7f,client_3,coordinator_0,NET_TRANSFER,490.456559,39236.674716,Upload Model Weights
8436667.652630,2001,ae73b5ce-6b5a-4c53-a7b1-f585b462e9d6,worker_1,worker_1,MEM_MOVE,8.729225,0.068197,"Evict VRAM -> RAM [Model: 05c888f5, Layer: f6b2a91d]"
8436667.772234,2001,ae73b5ce-6b5a-4c53-a7b1-f585b462e9d6,worker_1,worker_1,DISK_LOAD,15.309276,0.119604,"Disk -> RAM [Model: ae73b5ce, Layer: 32141e61]"
8436667.891837,2001,ae73b5ce-6b5a-4c53-a7b1-f585b462e9d6,worker_1,worker_1,MEM_MOVE,15.309276,0.119604,"RAM -> VRAM [Model: ae73b5ce, Layer: 32141e61]"
8436667.941837,2001,ae73b5ce-6b5a-4c53-a7b1-f585b462e9d6,worker_1,worker_1,GPU_COMPUTE,0.050000,0.050000,GPU Compute
8436668.099837,2001,ae73b5ce-6b5a-4c53-a7b1-f585b462e9d6,worker_1,coordinator_0,NET_TRANSFER,0.000100,0.158000,Signal Finished
8437192.196436,2001,ae73b5ce-6b5a-4c53-a7b1-f585b462e9d6,coordinator_0,worker_2,NET_TRANSFER,6.549332,524.096598,Distribute Layer ID: 666514d5
8437192.275045,2001,ae73b5ce-6b5a-4c53-a7b1-f585b462e9d6,worker_2,worker_2,MEM_MOVE,10.062013,0.078609,"Evict VRAM -> RAM [Model: ae73b5ce, Layer: 83c40f5f]"
8437192.326212,2001,ae73b5ce-6b5a-4c53-a7b1-f585b462e9d6,worker_2,worker_2,DISK_LOAD,6.549332,0.051167,"Disk -> RAM [Model: ae73b5ce, Layer: 666514d5]"
8437192.377379,2001,ae73b5ce-6b5a-4c53-a7b1-f585b462e9d6,worker_2,worker_2,MEM_MOVE,6.549332,0.051167,"RAM -> VRAM [Model: ae73b5ce, Layer: 666514d5]"
8437192.427379,2001,ae73b5ce-6b5a-4c53-a7b1-f585b462e9d6,worker_2,worker_2,GPU_COMPUTE,0.050000,0.050000,GPU Compute
8437192.585379,2001,ae73b5ce-6b5a-4c53-a7b1-f585b462e9d6,worker_2,coordinator_0,NET_TRANSFER,0.000100,0.158000,Signal Finished
8437809.007594,2001,ae73b5ce-6b5a-4c53-a7b1-f585b462e9d6,coordinator_0,worker_3,NET_TRANSFER,7.703403,616.422215,Distribute Layer ID: 7b185dbd
8437809.068464,2001,ae73b5ce-6b5a-4c53-a7b1-f585b462e9d6,worker_3,worker_3,MEM_MOVE,7.791376,0.060870,"Evict VRAM -> RAM [Model: ae73b5ce, Layer: 8a15a931]"
8437809.128647,2001,ae73b5ce-6b5a-4c53-a7b1-f585b462e9d6,worker_3,worker_3,DISK_LOAD,7.703403,0.060183,"Disk -> RAM [Model: ae73b5ce, Layer: 7b185dbd]"
8437809.188830,2001,ae73b5ce-6b5a-4c53-a7b1-f585b462e9d6,worker_3,worker_3,MEM_MOVE,7.703403,0.060183,"RAM -> VRAM [Model: ae73b5ce, Layer: 7b185dbd]"
8437809.238830,2001,ae73b5ce-6b5a-4c53-a7b1-f585b462e9d6,worker_3,worker_3,GPU_COMPUTE,0.050000,0.050000,GPU Compute
8437809.396830,2001,ae73b5ce-6b5a-4c53-a7b1-f585b462e9d6,worker_3,coordinator_0,NET_TRANSFER,0.000100,0.158000,Signal Finished
8438675.039749,2001,ae73b5ce-6b5a-4c53-a7b1-f585b462e9d6,coordinator_0,worker_4,NET_TRANSFER,10.818661,865.642919,Distribute Layer ID: b41f6829
8438675.155454,2001,ae73b5ce-6b5a-4c53-a7b1-f585b462e9d6,worker_4,worker_4,MEM_MOVE,14.810190,0.115705,"Evict VRAM -> RAM [Model: ae73b5ce, Layer: 6653e100]"
8438675.239975,2001,ae73b5ce-6b5a-4c53-a7b1-f585b462e9d6,worker_4,worker_4,DISK_LOAD,10.818661,0.084521,"Disk -> RAM [Model: ae73b5ce, Layer: b41f6829]"
8438675.324495,2001,ae73b5ce-6b5a-4c53-a7b1-f585b462e9d6,worker_4,worker_4,MEM_MOVE,10.818661,0.084521,"RAM -> VRAM [Model: ae73b5ce, Layer: b41f6829]"
8438675.374495,2001,ae73b5ce-6b5a-4c53-a7b1-f585b462e9d6,worker_4,worker_4,GPU_COMPUTE,0.050000,0.050000,GPU Compute
8438675.532495,2001,ae73b5ce-6b5a-4c53-a7b1-f585b462e9d6,worker_4,coordinator_0,NET_TRANSFER,0.000100,0.158000,Signal Finished
8439577.756903,2001,ae73b5ce-6b5a-4c53-a7b1-f585b462e9d6,coordinator_0,worker_1,NET_TRANSFER,11.275930,902.224408,Distribute Layer ID: 26705386
8439577.876507,2001,ae73b5ce-6b5a-4c53-a7b1-f585b462e9d6,worker_1,worker_1,MEM_MOVE,15.309276,0.119604,"Evict VRAM -> RAM [Model: ae73b5ce, Layer: 32141e61]"
8439577.964600,2001,ae73b5ce-6b5a-4c53-a7b1-f585b462e9d6,worker_1,worker_1,DISK_LOAD,11.275930,0.088093,"Disk -> RAM [Model: ae73b5ce, Layer: 26705386]"
8439578.052693,2001,ae73b5ce-6b5a-4c53-a7b1-f585b462e9d6,worker_1,worker_1,MEM_MOVE,11.275930,0.088093,"RAM -> VRAM [Model: ae73b5ce, Layer: 26705386]"
8439578.102693,2001,ae73b5ce-6b5a-4c53-a7b1-f585b462e9d6,worker_1,worker_1,GPU_COMPUTE,0.050000,0.050000,GPU Compute
8439578.260693,2001,ae73b5ce-6b5a-4c53-a7b1-f585b462e9d6,worker_1,coordinator_0,NET_TRANSFER,0.000100,0.158000,Signal Finished
8440667.903242,2001,ae73b5ce-6b5a-4c53-a7b1-f585b462e9d6,coordinator_0,worker_2,NET_TRANSFER,13.618657,1089.642549,Distribute Layer ID: 7d4b1b65
8440667.954409,2001,ae73b5ce-6b5a-4c53-a7b1-f585b462e9d6,worker_2,worker_2,MEM_MOVE,6.549332,0.051167,"Evict VRAM -> RAM [Model: ae73b5ce, Layer: 666514d5]"
8440668.060805,2001,ae73b5ce-6b5a-4c53-a7b1-f585b462e9d6,worker_2,worker_2,DISK_LOAD,13.618657,0.106396,"Disk -> RAM [Model: ae73b5ce, Layer: 7d4b1b65]"
8440668.167200,2001,ae73b5ce-6b5a-4c53-a7b1-f585b462e9d6,worker_2,worker_2,MEM_MOVE,13.618657,0.106396,"RAM -> VRAM [Model: ae73b5ce, Layer: 7d4b1b65]"
8440668.217200,2001,ae73b5ce-6b5a-4c53-a7b1-f585b462e9d6,worker_2,worker_2,GPU_COMPUTE,0.050000,0.050000,GPU Compute
8440668.375200,2001,ae73b5ce-6b5a-4c53-a7b1-f585b462e9d6,worker_2,coordinator_0,NET_TRANSFER,0.000100,0.158000,Signal Finished
8441263.093653,2001,ae73b5ce-6b5a-4c53-a7b1-f585b462e9d6,coordinator_0,worker_3,NET_TRANSFER,7.432106,594.718453,Distribute Layer ID: a3e01ecc
8441263.153836,2001,ae73b5ce-6b5a-4c53-a7b1-f585b462e9d6,worker_3,worker_3,MEM_MOVE,7.703403,0.060183,"Evict VRAM -> RAM [Model: ae73b5ce, Layer: 7b185dbd]"
8441263.211899,2001,ae73b5ce-6b5a-4c53-a7b1-f585b462e9d6,worker_3,worker_3,DISK_LOAD,7.432106,0.058063,"Disk -> RAM [Model: ae73b5ce, Layer: a3e01ecc]"
8441263.269963,2001,ae73b5ce-6b5a-4c53-a7b1-f585b462e9d6,worker_3,worker_3,MEM_MOVE,7.432106,0.058063,"RAM -> VRAM [Model: ae73b5ce, Layer: a3e01ecc]"
8441263.319963,2001,ae73b5ce-6b5a-4c53-a7b1-f585b462e9d6,worker_3,worker_3,GPU_COMPUTE,0.050000,0.050000,GPU Compute
8441263.477963,2001,ae73b5ce-6b5a-4c53-a7b1-f585b462e9d6,worker_3,coordinator_0,NET_TRANSFER,0.000100,0.158000,Signal Finished
8441769.088135,2001,ae73b5ce-6b5a-4c53-a7b1-f585b462e9d6,coordinator_0,worker_4,NET_TRANSFER,6.318252,505.610173,Distribute Layer ID: 15007f18
8441769.137497,2001,ae73b5ce-6b5a-4c53-a7b1-f585b462e9d6,worker_4,worker_4,DISK_LOAD,6.318252,0.049361,"Disk -> RAM [Model: ae73b5ce, Layer: 15007f18]"
8441769.186858,2001,ae73b5ce-6b5a-4c53-a7b1-f585b462e9d6,worker_4,worker_4,MEM_MOVE,6.318252,0.049361,"RAM -> VRAM [Model: ae73b5ce, Layer: 15007f18]"
8441769.236858,2001,ae73b5ce-6b5a-4c53-a7b1-f585b462e9d6,worker_4,worker_4,GPU_COMPUTE,0.050000,0.050000,GPU Compute
8441769.394858,2001,ae73b5ce-6b5a-4c53-a7b1-f585b462e9d6,worker_4,coordinator_0,NET_TRANSFER,0.000100,0.158000,Signal Finished
8442946.915419,2001,ae73b5ce-6b5a-4c53-a7b1-f585b462e9d6,coordinator_0,worker_1,NET_TRANSFER,14.717132,1177.520561,Distribute Layer ID: 0695552e
8442947.003512,2001,ae73b5ce-6b5a-4c53-a7b1-f585b462e9d6,worker_1,worker_1,MEM_MOVE,11.275930,0.088093,"Evict VRAM -> RAM [Model: ae73b5ce, Layer: 26705386]"
8442947.118490,2001,ae73b5ce-6b5a-4c53-a7b1-f585b462e9d6,worker_1,worker_1,DISK_LOAD,14.717132,0.114978,"Disk -> RAM [Model: ae73b5ce, Layer: 0695552e]"
8442947.233467,2001,ae73b5ce-6b5a-4c53-a7b1-f585b462e9d6,worker_1,worker_1,MEM_MOVE,14.717132,0.114978,"RAM -> VRAM [Model: ae73b5ce, Layer: 0695552e]"
8442947.283467,2001,ae73b5ce-6b5a-4c53-a7b1-f585b462e9d6,worker_1,worker_1,GPU_COMPUTE,0.050000,0.050000,GPU Compute
8442947.441467,2001,ae73b5ce-6b5a-4c53-a7b1-f585b462e9d6,worker_1,coordinator_0,NET_TRANSFER,0.000100,0.158000,Signal Finished
8443788.084341,2001,ae73b5ce-6b5a-4c53-a7b1-f585b462e9d6,coordinator_0,worker_2,NET_TRANSFER,10.506161,840.642874,Distribute Layer ID: c4cc836e
8443788.190737,2001,ae73b5ce-6b5a-4c53-a7b1-f585b462e9d6,worker_2,worker_2,MEM_MOVE,13.618657,0.106396,"Evict VRAM -> RAM [Model: ae73b5ce, Layer: 7d4b1b65]"
8443788.272816,2001,ae73b5ce-6b5a-4c53-a7b1-f585b462e9d6,worker_2,worker_2,DISK_LOAD,10.506161,0.082079,"Disk -> RAM [Model: ae73b5ce, Layer: c4cc836e]"
8443788.354896,2001,ae73b5ce-6b5a-4c53-a7b1-f585b462e9d6,worker_2,worker_2,MEM_MOVE,10.506161,0.082079,"RAM -> VRAM [Model: ae73b5ce, Layer: c4cc836e]"
8443788.404896,2001,ae73b5ce-6b5a-4c53-a7b1-f585b462e9d6,worker_2,worker_2,GPU_COMPUTE,0.050000,0.050000,GPU Compute
8443788.562896,2001,ae73b5ce-6b5a-4c53-a7b1-f585b462e9d6,worker_2,coordinator_0,NET_TRANSFER,0.000100,0.158000,Signal Finished
8444713.736861,2001,ae73b5ce-6b5a-4c53-a7b1-f585b462e9d6,coordinator_0,worker_3,NET_TRANSFER,11.562800,925.173965,Distribute Layer ID: ae752c8d
8444713.794924,2001,ae73b5ce-6b5a-4c53-a7b1-f585b462e9d6,worker_3,worker_3,MEM_MOVE,7.432106,0.058063,"Evict VRAM -> RAM [Model: ae73b5ce, Layer: a3e01ecc]"
8444713.873954,2001,ae73b5ce-6b5a-4c53-a7b1-f585b462e9d6,worker_3,worker_3,MEM_MOVE,10.115784,0.079030,"Evict VRAM -> RAM [Model: ae73b5ce, Layer: 79befce1]"
8444713.964288,2001,ae73b5ce-6b5a-4c53-a7b1-f585b462e9d6,worker_3,worker_3,DISK_LOAD,11.562800,0.090334,"Disk -> RAM [Model: ae73b5ce, Layer: ae752c8d]"
8444714.054622,2001,ae73b5ce-6b5a-4c53-a7b1-f585b462e9d6,worker_3,worker_3,MEM_MOVE,11.562800,0.090334,"RAM -> VRAM [Model: ae73b5ce, Layer: ae752c8d]"
8444714.104622,2001,ae73b5ce-6b5a-4c53-a7b1-f585b462e9d6,worker_3,worker_3,GPU_COMPUTE,0.050000,0.050000,GPU Compute
8444714.262622,2001,ae73b5ce-6b5a-4c53-a7b1-f585b462e9d6,worker_3,coordinator_0,NET_TRANSFER,0.000100,0.158000,Signal Finished
8445764.328876,2001,ae73b5ce-6b5a-4c53-a7b1-f585b462e9d6,coordinator_0,worker_4,NET_TRANSFER,13.123953,1050.066254,Distribute Layer ID: b576e30d
8445764.378238,2001,ae73b5ce-6b5a-4c53-a7b1-f585b462e9d6,worker_4,worker_4,MEM_MOVE,6.318252,0.049361,"Evict VRAM -> RAM [Model: ae73b5ce, Layer: 15007f18]"
8445764.462758,2001,ae73b5ce-6b5a-4c53-a7b1-f585b462e9d6,worker_4,worker_4,MEM_MOVE,10.818661,0.084521,"Evict VRAM -> RAM [Model: ae73b5ce, Layer: b41f6829]"
8445764.565289,2001,ae73b5ce-6b5a-4c53-a7b1-f585b462e9d6,worker_4,worker_4,DISK_LOAD,13.123953,0.102531,"Disk -> RAM [Model: ae73b5ce, Layer: b576e30d]"
8445764.667820,2001,ae73b5ce-6b5a-4c53-a7b1-f585b462e9d6,worker_4,worker_4,MEM_MOVE,13.123953,0.102531,"RAM -> VRAM [Model: ae73b5ce, Layer: b576e30d]"
8445764.717820,2001,ae73b5ce-6b5a-4c53-a7b1-f585b462e9d6,worker_4,worker_4,GPU_COMPUTE,0.050000,0.050000,GPU Compute
8445764.875820,2001,ae73b5ce-6b5a-4c53-a7b1-f585b462e9d6,worker_4,coordinator_0,NET_TRANSFER,0.000100,0.158000,Signal Finished
8446491.253192,2001,ae73b5ce-6b5a-4c53-a7b1-f585b462e9d6,coordinator_0,worker_1,NET_TRANSFER,9.077842,726.377372,Distribute Layer ID: b0eddab6
8446491.368170,2001,ae73b5ce-6b5a-4c53-a7b1-f585b462e9d6,worker_1,worker_1,MEM_MOVE,14.717132,0.114978,"Evict VRAM -> RAM [Model: ae73b5ce, Layer: 0695552e]"
8446491.439090,2001,ae73b5ce-6b5a-4c53-a7b1-f585b462e9d6,worker_1,worker_1,DISK_LOAD,9.077842,0.070921,"Disk -> RAM [Model: ae73b5ce, Layer: b0eddab6]"
8446491.510011,2001,ae73b5ce-6b5a-4c53-a7b1-f585b462e9d6,worker_1,worker_1,MEM_MOVE,9.077842,0.070921,"RAM -> VRAM [Model: ae73b5ce, Layer: b0eddab6]"
8446491.560011,2001,ae73b5ce-6b5a-4c53-a7b1-f585b462e9d6,worker_1,worker_1,GPU_COMPUTE,0.050000,0.050000,GPU Compute
8446491.718011,2001,ae73b5ce-6b5a-4c53-a7b1-f585b462e9d6,worker_1,coordinator_0,NET_TRANSFER,0.000100,0.158000,Signal Finished
8447268.131380,2001,ae73b5ce-6b5a-4c53-a7b1-f585b462e9d6,coordinator_0,worker_2,NET_TRANSFER,9.703292,776.413370,Distribute Layer ID: 145b4c7f
8447268.213460,2001,ae73b5ce-6b5a-4c53-a7b1-f585b462e9d6,worker_2,worker_2,MEM_MOVE,10.506161,0.082079,"Evict VRAM -> RAM [Model: ae73b5ce, Layer: c4cc836e]"
8447268.289267,2001,ae73b5ce-6b5a-4c53-a7b1-f585b462e9d6,worker_2,worker_2,DISK_LOAD,9.703292,0.075807,"Disk -> RAM [Model: ae73b5ce, Layer: 145b4c7f]"
8447268.365074,2001,ae73b5ce-6b5a-4c53-a7b1-f585b462e9d6,worker_2,worker_2,MEM_MOVE,9.703292,0.075807,"RAM -> VRAM [Model: ae73b5ce, Layer: 145b4c7f]"
8447268.415074,2001,ae73b5ce-6b5a-4c53-a7b1-f585b462e9d6,worker_2,worker_2,GPU_COMPUTE,0.050000,0.050000,GPU Compute
8447268.573074,2001,ae73b5ce-6b5a-4c53-a7b1-f585b462e9d6,worker_2,coordinator_0,NET_TRANSFER,0.000100,0.158000,Signal Finished
8447933.265408,2001,ae73b5ce-6b5a-4c53-a7b1-f585b462e9d6,coordinator_0,worker_3,NET_TRANSFER,8.306779,664.692334,Distribute Layer ID: ae0e00d9
8447933.355743,2001,ae73b5ce-6b5a-4c53-a7b1-f585b462e9d6,worker_3,worker_3,MEM_MOVE,11.562800,0.090334,"Evict VRAM -> RAM [Model: ae73b5ce, Layer: ae752c8d]"
8447933.420639,2001,ae73b5ce-6b5a-4c53-a7b1-f585b462e9d6,worker_3,worker_3,DISK_LOAD,8.306779,0.064897,"Disk -> RAM [Model: ae73b5ce, Layer: ae0e00d9]"
8447933.485536,2001,ae73b5ce-6b5a-4c53-a7b1-f585b462e9d6,worker_3,worker_3,MEM_MOVE,8.306779,0.064897,"RAM -> VRAM [Model: ae73b5ce, Layer: ae0e00d9]"
8447933.535536,2001,ae73b5ce-6b5a-4c53-a7b1-f585b462e9d6,worker_3,worker_3,GPU_COMPUTE,0.050000,0.050000,GPU Compute
8447933.693536,2001,ae73b5ce-6b5a-4c53-a7b1-f585b462e9d6,worker_3,coordinator_0,NET_TRANSFER,0.000100,0.158000,Signal Finished
8448924.839028,2001,ae73b5ce-6b5a-4c53-a7b1-f585b462e9d6,coordinator_0,worker_4,NET_TRANSFER,12.387444,991.145492,Distribute Layer ID: 77e55a9d
8448924.941559,2001,ae73b5ce-6b5a-4c53-a7b1-f585b462e9d6,worker_4,worker_4,MEM_MOVE,13.123953,0.102531,"Evict VRAM -> RAM [Model: ae73b5ce, Layer: b576e30d]"
8448925.038336,2001,ae73b5ce-6b5a-4c53-a7b1-f585b462e9d6,worker_4,worker_4,DISK_LOAD,12.387444,0.096777,"Disk -> RAM [Model: ae73b5ce, Layer: 77e55a9d]"
8448925.135113,2001,ae73b5ce-6b5a-4c53-a7b1-f585b462e9d6,worker_4,worker_4,MEM_MOVE,12.387444,0.096777,"RAM -> VRAM [Model: ae73b5ce, Layer: 77e55a9d]"
8448925.185113,2001,ae73b5ce-6b5a-4c53-a7b1-f585b462e9d6,worker_4,worker_4,GPU_COMPUTE,0.050000,0.050000,GPU Compute
8448925.343113,2001,ae73b5ce-6b5a-4c53-a7b1-f585b462e9d6,worker_4,coordinator_0,NET_TRANSFER,0.000100,0.158000,Signal Finished
8449419.556520,2001,ae73b5ce-6b5a-4c53-a7b1-f585b462e9d6,coordinator_0,worker_1,NET_TRANSFER,6.175793,494.213407,Distribute Layer ID: 8d556383
8449419.604768,2001,ae73b5ce-6b5a-4c53-a7b1-f585b462e9d6,worker_1,worker_1,DISK_LOAD,6.175793,0.048248,"Disk -> RAM [Model: ae73b5ce, Layer: 8d556383]"
8449419.653016,2001,ae73b5ce-6b5a-4c53-a7b1-f585b462e9d6,worker_1,worker_1,MEM_MOVE,6.175793,0.048248,"RAM -> VRAM [Model: ae73b5ce, Layer: 8d556383]"
8449419.703016,2001,ae73b5ce-6b5a-4c53-a7b1-f585b462e9d6,worker_1,worker_1,GPU_COMPUTE,0.050000,0.050000,GPU Compute
8449419.861016,2001,ae73b5ce-6b5a-4c53-a7b1-f585b462e9d6,worker_1,coordinator_0,NET_TRANSFER,0.000100,0.158000,Signal Finished
8449801.161926,2001,ae73b5ce-6b5a-4c53-a7b1-f585b462e9d6,coordinator_0,worker_2,NET_TRANSFER,4.764386,381.300909,Distribute Layer ID: dd385024
8449801.237733,2001,ae73b5ce-6b5a-4c53-a7b1-f585b462e9d6,worker_2,worker_2,MEM_MOVE,9.703292,0.075807,"Evict VRAM -> RAM [Model: ae73b5ce, Layer: 145b4c7f]"
8449801.274954,2001,ae73b5ce-6b5a-4c53-a7b1-f585b462e9d6,worker_2,worker_2,DISK_LOAD,4.764386,0.037222,"Disk -> RAM [Model: ae73b5ce, Layer: dd385024]"
8449801.312176,2001,ae73b5ce-6b5a-4c53-a7b1-f585b462e9d6,worker_2,worker_2,MEM_MOVE,4.764386,0.037222,"RAM -> VRAM [Model: ae73b5ce, Layer: dd385024]"
8449801.362176,2001,ae73b5ce-6b5a-4c53-a7b1-f585b462e9d6,worker_2,worker_2,GPU_COMPUTE,0.050000,0.050000,GPU Compute
8449801.520176,2001,ae73b5ce-6b5a-4c53-a7b1-f585b462e9d6,worker_2,coordinator_0,NET_TRANSFER,0.000100,0.158000,Signal Finished
8450290.929067,2001,ae73b5ce-6b5a-4c53-a7b1-f585b462e9d6,coordinator_0,worker_3,NET_TRANSFER,6.115736,489.408891,Distribute Layer ID: d5b29804
8450290.976846,2001,ae73b5ce-6b5a-4c53-a7b1-f585b462e9d6,worker_3,worker_3,DISK_LOAD,6.115736,0.047779,"Disk -> RAM [Model: ae73b5ce, Layer: d5b29804]"
8450291.024625,2001,ae73b5ce-6b5a-4c53-a7b1-f585b462e9d6,worker_3,worker_3,MEM_MOVE,6.115736,0.047779,"RAM -> VRAM [Model: ae73b5ce, Layer: d5b29804]"
8450291.074625,2001,ae73b5ce-6b5a-4c53-a7b1-f585b462e9d6,worker_3,worker_3,GPU_COMPUTE,0.050000,0.050000,GPU Compute
8450291.232625,2001,ae73b5ce-6b5a-4c53-a7b1-f585b462e9d6,worker_3,coordinator_0,NET_TRANSFER,0.000100,0.158000,Signal Finished
8451351.036276,2001,ae73b5ce-6b5a-4c53-a7b1-f585b462e9d6,coordinator_0,worker_4,NET_TRANSFER,13.245671,1059.803651,Distribute Layer ID: cdf4370d
8451351.133053,2001,ae73b5ce-6b5a-4c53-a7b1-f585b462e9d6,worker_4,worker_4,MEM_MOVE,12.387444,0.096777,"Evict VRAM -> RAM [Model: ae73b5ce, Layer: 77e55a9d]"
8451351.236535,2001,ae73b5ce-6b5a-4c53-a7b1-f585b462e9d6,worker_4,worker_4,DISK_LOAD,13.245671,0.103482,"Disk -> RAM [Model: ae73b5ce, Layer: cdf4370d]"
8451351.340017,2001,ae73b5ce-6b5a-4c53-a7b1-f585b462e9d6,worker_4,worker_4,MEM_MOVE,13.245671,0.103482,"RAM -> VRAM [Model: ae73b5ce, Layer: cdf4370d]"
8451351.390017,2001,ae73b5ce-6b5a-4c53-a7b1-f585b462e9d6,worker_4,worker_4,GPU_COMPUTE,0.050000,0.050000,GPU Compute
8451351.548017,2001,ae73b5ce-6b5a-4c53-a7b1-f585b462e9d6,worker_4,coordinator_0,NET_TRANSFER,0.000100,0.158000,Signal Finished
8452317.827960,2001,ae73b5ce-6b5a-4c53-a7b1-f585b462e9d6,coordinator_0,worker_1,NET_TRANSFER,12.076624,966.279943,Distribute Layer ID: a95cd30e
8452317.876208,2001,ae73b5ce-6b5a-4c53-a7b1-f585b462e9d6,worker_1,worker_1,MEM_MOVE,6.175793,0.048248,"Evict VRAM -> RAM [Model: ae73b5ce, Layer: 8d556383]"
8452317.947129,2001,ae73b5ce-6b5a-4c53-a7b1-f585b462e9d6,worker_1,worker_1,MEM_MOVE,9.077842,0.070921,"Evict VRAM -> RAM [Model: ae73b5ce, Layer: b0eddab6]"
8452318.041478,2001,ae73b5ce-6b5a-4c53-a7b1-f585b462e9d6,worker_1,worker_1,DISK_LOAD,12.076624,0.094349,"Disk -> RAM [Model: ae73b5ce, Layer: a95cd30e]"
8452318.135826,2001,ae73b5ce-6b5a-4c53-a7b1-f585b462e9d6,worker_1,worker_1,MEM_MOVE,12.076624,0.094349,"RAM -> VRAM [Model: ae73b5ce, Layer: a95cd30e]"
8452318.185826,2001,ae73b5ce-6b5a-4c53-a7b1-f585b462e9d6,worker_1,worker_1,GPU_COMPUTE,0.050000,0.050000,GPU Compute
8452318.343826,2001,ae73b5ce-6b5a-4c53-a7b1-f585b462e9d6,worker_1,coordinator_0,NET_TRANSFER,0.000100,0.158000,Signal Finished
8453353.170451,2001,ae73b5ce-6b5a-4c53-a7b1-f585b462e9d6,coordinator_0,worker_2,NET_TRANSFER,12.933458,1034.826624,Distribute Layer ID: 106030d6
8453353.207673,2001,ae73b5ce-6b5a-4c53-a7b1-f585b462e9d6,worker_2,worker_2,MEM_MOVE,4.764386,0.037222,"Evict VRAM -> RAM [Model: ae73b5ce, Layer: dd385024]"
8453353.308715,2001,ae73b5ce-6b5a-4c53-a7b1-f585b462e9d6,worker_2,worker_2,DISK_LOAD,12.933458,0.101043,"Disk -> RAM [Model: ae73b5ce, Layer: 106030d6]"
8453353.409758,2001,ae73b5ce-6b5a-4c53-a7b1-f585b462e9d6,worker_2,worker_2,MEM_MOVE,12.933458,0.101043,"RAM -> VRAM [Model: ae73b5ce, Layer: 106030d6]"
8453353.459758,2001,ae73b5ce-6b5a-4c53-a7b1-f585b462e9d6,worker_2,worker_2,GPU_COMPUTE,0.050000,0.050000,GPU Compute
8453353.617758,2001,ae73b5ce-6b5a-4c53-a7b1-f585b462e9d6,worker_2,coordinator_0,NET_TRANSFER,0.000100,0.158000,Signal Finished
8454399.612707,2001,ae73b5ce-6b5a-4c53-a7b1-f585b462e9d6,coordinator_0,worker_3,NET_TRANSFER,13.073062,1045.994949,Distribute Layer ID: ad4201be
8454399.660486,2001,ae73b5ce-6b5a-4c53-a7b1-f585b462e9d6,worker_3,worker_3,MEM_MOVE,6.115736,0.047779,"Evict VRAM -> RAM [Model: ae73b5ce, Layer: d5b29804]"
8454399.725383,2001,ae73b5ce-6b5a-4c53-a7b1-f585b462e9d6,worker_3,worker_3,MEM_MOVE,8.306779,0.064897,"Evict VRAM -> RAM [Model: ae73b5ce, Layer: ae0e00d9]"
8454399.827516,2001,ae73b5ce-6b5a-4c53-a7b1-f585b462e9d6,worker_3,worker_3,DISK_LOAD,13.073062,0.102133,"Disk -> RAM [Model: ae73b5ce, Layer: ad4201be]"
8454399.929650,2001,ae73b5ce-6b5a-4c53-a7b1-f585b462e9d6,worker_3,worker_3,MEM_MOVE,13.073062,0.102133,"RAM -> VRAM [Model: ae73b5ce, Layer: ad4201be]"
8454399.979650,2001,ae73b5ce-6b5a-4c53-a7b1-f585b462e9d6,worker_3,worker_3,GPU_COMPUTE,0.050000,0.050000,GPU Compute
8454400.137650,2001,ae73b5ce-6b5a-4c53-a7b1-f585b462e9d6,worker_3,coordinator_0,NET_TRANSFER,0.000100,0.158000,Signal Finished
8454969.341585,2001,ae73b5ce-6b5a-4c53-a7b1-f585b462e9d6,coordinator_0,worker_4,NET_TRANSFER,7.113174,569.203936,Distribute Layer ID: 5ceb5b80
8454969.397157,2001,ae73b5ce-6b5a-4c53-a7b1-f585b462e9d6,worker_4,worker_4,DISK_LOAD,7.113174,0.055572,"Disk -> RAM [Model: ae73b5ce, Layer: 5ceb5b80]"
8454969.452729,2001,ae73b5ce-6b5a-4c53-a7b1-f585b462e9d6,worker_4,worker_4,MEM_MOVE,7.113174,0.055572,"RAM -> VRAM [Model: ae73b5ce, Layer: 5ceb5b80]"
8454969.502729,2001,ae73b5ce-6b5a-4c53-a7b1-f585b462e9d6,worker_4,worker_4,GPU_COMPUTE,0.050000,0.050000,GPU Compute
8454969.660729,2001,ae73b5ce-6b5a-4c53-a7b1-f585b462e9d6,worker_4,coordinator_0,NET_TRANSFER,0.000100,0.158000,Signal Finished
8455680.291528,2001,ae73b5ce-6b5a-4c53-a7b1-f585b462e9d6,coordinator_0,worker_1,NET_TRANSFER,8.881010,710.630800,Distribute Layer ID: 9435a2d5
8455680.385877,2001,ae73b5ce-6b5a-4c53-a7b1-f585b462e9d6,worker_1,worker_1,MEM_MOVE,12.076624,0.094349,"Evict VRAM -> RAM [Model: ae73b5ce, Layer: a95cd30e]"
8455680.455260,2001,ae73b5ce-6b5a-4c53-a7b1-f585b462e9d6,worker_1,worker_1,DISK_LOAD,8.881010,0.069383,"Disk -> RAM [Model: ae73b5ce, Layer: 9435a2d5]"
8455680.524643,2001,ae73b5ce-6b5a-4c53-a7b1-f585b462e9d6,worker_1,worker_1,MEM_MOVE,8.881010,0.069383,"RAM -> VRAM [Model: ae73b5ce, Layer: 9435a2d5]"
8455680.574643,2001,ae73b5ce-6b5a-4c53-a7b1-f585b462e9d6,worker_1,worker_1,GPU_COMPUTE,0.050000,0.050000,GPU Compute
8455680.732643,2001,ae73b5ce-6b5a-4c53-a7b1-f585b462e9d6,worker_1,coordinator_0,NET_TRANSFER,0.000100,0.158000,Signal Finished
8456651.008047,2001,ae73b5ce-6b5a-4c53-a7b1-f585b462e9d6,coordinator_0,worker_2,NET_TRANSFER,12.126568,970.275404,Distribute Layer ID: 162caf48
8456651.109089,2001,ae73b5ce-6b5a-4c53-a7b1-f585b462e9d6,worker_2,worker_2,MEM_MOVE,12.933458,0.101043,"Evict VRAM -> RAM [Model: ae73b5ce, Layer: 106030d6]"
8456651.203828,2001,ae73b5ce-6b5a-4c53-a7b1-f585b462e9d6,worker_2,worker_2,DISK_LOAD,12.126568,0.094739,"Disk -> RAM [Model: ae73b5ce, Layer: 162caf48]"
8456651.298567,2001,ae73b5ce-6b5a-4c53-a7b1-f585b462e9d6,worker_2,worker_2,MEM_MOVE,12.126568,0.094739,"RAM -> VRAM [Model: ae73b5ce, Layer: 162caf48]"
8456651.348567,2001,ae73b5ce-6b5a-4c53-a7b1-f585b462e9d6,worker_2,worker_2,GPU_COMPUTE,0.050000,0.050000,GPU Compute
8456651.506567,2001,ae73b5ce-6b5a-4c53-a7b1-f585b462e9d6,worker_2,coordinator_0,NET_TRANSFER,0.000100,0.158000,Signal Finished
8457428.524837,2001,ae73b5ce-6b5a-4c53-a7b1-f585b462e9d6,coordinator_0,worker_3,NET_TRANSFER,9.710853,777.018270,Distribute Layer ID: 81af7002
8457428.626970,2001,ae73b5ce-6b5a-4c53-a7b1-f585b462e9d6,worker_3,worker_3,MEM_MOVE,13.073062,0.102133,"Evict VRAM -> RAM [Model: ae73b5ce, Layer: ad4201be]"
8457428.702836,2001,ae73b5ce-6b5a-4c53-a7b1-f585b462e9d6,worker_3,worker_3,DISK_LOAD,9.710853,0.075866,"Disk -> RAM [Model: ae73b5ce, Layer: 81af7002]"
8457428.778702,2001,ae73b5ce-6b5a-4c53-a7b1-f585b462e9d6,worker_3,worker_3,MEM_MOVE,9.710853,0.075866,"RAM -> VRAM [Model: ae73b5ce, Layer: 81af7002]"
8457428.828702,2001,ae73b5ce-6b5a-4c53-a7b1-f585b462e9d6,worker_3,worker_3,GPU_COMPUTE,0.050000,0.050000,GPU Compute
8457428.986702,2001,ae73b5ce-6b5a-4c53-a7b1-f585b462e9d6,worker_3,coordinator_0,NET_TRANSFER,0.000100,0.158000,Signal Finished
8458399.210827,2001,ae73b5ce-6b5a-4c53-a7b1-f585b462e9d6,coordinator_0,worker_4,NET_TRANSFER,12.125927,970.224124,Distribute Layer ID: 74781c54
8458399.266399,2001,ae73b5ce-6b5a-4c53-a7b1-f585b462e9d6,worker_4,worker_4,MEM_MOVE,7.113174,0.055572,"Evict VRAM -> RAM [Model: ae73b5ce, Layer: 5ceb5b80]"
8458399.369880,2001,ae73b5ce-6b5a-4c53-a7b1-f585b462e9d6,worker_4,worker_4,MEM_MOVE,13.245671,0.103482,"Evict VRAM -> RAM [Model: ae73b5ce, Layer: cdf4370d]"
8458399.464614,2001,ae73b5ce-6b5a-4c53-a7b1-f585b462e9d6,worker_4,worker_4,DISK_LOAD,12.125927,0.094734,"Disk -> RAM [Model: ae73b5ce, Layer: 74781c54]"
8458399.559348,2001,ae73b5ce-6b5a-4c53-a7b1-f585b462e9d6,worker_4,worker_4,MEM_MOVE,12.125927,0.094734,"RAM -> VRAM [Model: ae73b5ce, Layer: 74781c54]"
8458399.609348,2001,ae73b5ce-6b5a-4c53-a7b1-f585b462e9d6,worker_4,worker_4,GPU_COMPUTE,0.050000,0.050000,GPU Compute
8458399.767348,2001,ae73b5ce-6b5a-4c53-a7b1-f585b462e9d6,worker_4,coordinator_0,NET_TRANSFER,0.000100,0.158000,Signal Finished
8459399.452815,3001,440ed019-eb73-495b-bf4d-60191542c668,coordinator_0,worker_1,NET_TRANSFER,12.494193,999.685467,Distribute Layer ID: 196f7c62
8459399.522197,3001,440ed019-eb73-495b-bf4d-60191542c668,worker_1,worker_1,MEM_MOVE,8.881010,0.069383,"Evict VRAM -> RAM [Model: ae73b5ce, Layer: 9435a2d5]"
8459399.619808,3001,440ed019-eb73-495b-bf4d-60191542c668,worker_1,worker_1,DISK_LOAD,12.494193,0.097611,"Disk -> RAM [Model: 440ed019, Layer: 196f7c62]"
8459399.717419,3001,440ed019-eb73-495b-bf4d-60191542c668,worker_1,worker_1,MEM_MOVE,12.494193,0.097611,"RAM -> VRAM [Model: 440ed019, Layer: 196f7c62]"
8459399.767419,3001,440ed019-eb73-495b-bf4d-60191542c668,worker_1,worker_1,GPU_COMPUTE,0.050000,0.050000,GPU Compute
8459399.925419,3001,440ed019-eb73-495b-bf4d-60191542c668,worker_1,coordinator_0,NET_TRANSFER,0.000100,0.158000,Signal Finished
8459977.943818,3001,440ed019-eb73-495b-bf4d-60191542c668,coordinator_0,worker_2,NET_TRANSFER,7.223355,578.018399,Distribute Layer ID: 21a25cb3
8459978.038557,3001,440ed019-eb73-495b-bf4d-60191542c668,worker_2,worker_2,MEM_MOVE,12.126568,0.094739,"Evict VRAM -> RAM [Model: ae73b5ce, Layer: 162caf48]"
8459978.094989,3001,440ed019-eb73-495b-bf4d-60191542c668,worker_2,worker_2,DISK_LOAD,7.223355,0.056432,"Disk -> RAM [Model: 440ed019, Layer: 21a25cb3]"
8459978.151422,3001,440ed019-eb73-495b-bf4d-60191542c668,worker_2,worker_2,MEM_MOVE,7.223355,0.056432,"RAM -> VRAM [Model: 440ed019, Layer: 21a25cb3]"
8459978.201422,3001,440ed019-eb73-495b-bf4d-60191542c668,worker_2,worker_2,GPU_COMPUTE,0.050000,0.050000,GPU Compute
8459978.359422,3001,440ed019-eb73-495b-bf4d-60191542c668,worker_2,coordinator_0,NET_TRANSFER,0.000100,0.158000,Signal Finished
8460677.364674,3001,440ed019-eb73-495b-bf4d-60191542c668,coordinator_0,worker_3,NET_TRANSFER,8.735691,699.005252,Distribute Layer ID: fae19910
8460677.432921,3001,440ed019-eb73-495b-bf4d-60191542c668,worker_3,worker_3,DISK_LOAD,8.735691,0.068248,"Disk -> RAM [Model: 440ed019, Layer: fae19910]"
8460677.501169,3001,440ed019-eb73-495b-bf4d-60191542c668,worker_3,worker_3,MEM_MOVE,8.735691,0.068248,"RAM -> VRAM [Model: 440ed019, Layer: fae19910]"
8460677.551169,3001,440ed019-eb73-495b-bf4d-60191542c668,worker_3,worker_3,GPU_COMPUTE,0.050000,0.050000,GPU Compute
8460677.709169,3001,440ed019-eb73-495b-bf4d-60191542c668,worker_3,coordinator_0,NET_TRANSFER,0.000100,0.158000,Signal Finished
8461800.249818,3001,440ed019-eb73-495b-bf4d-60191542c668,coordinator_0,worker_4,NET_TRANSFER,14.029883,1122.540649,Distribute Layer ID: 64d81109
8461800.344552,3001,440ed019-eb73-495b-bf4d-60191542c668,worker_4,worker_4,MEM_MOVE,12.125927,0.094734,"Evict VRAM -> RAM [Model: ae73b5ce, Layer: 74781c54]"
8461800.454160,3001,440ed019-eb73-495b-bf4d-60191542c668,worker_4,worker_4,DISK_LOAD,14.029883,0.109608,"Disk -> RAM [Model: 440ed019, Layer: 64d81109]"
8461800.563769,3001,440ed019-eb73-495b-bf4d-60191542c668,worker_4,worker_4,MEM_MOVE,14.029883,0.109608,"RAM -> VRAM [Model: 440ed019, Layer: 64d81109]"
8461800.613769,3001,440ed019-eb73-495b-bf4d-60191542c668,worker_4,worker_4,GPU_COMPUTE,0.050000,0.050000,GPU Compute
8461800.771769,3001,440ed019-eb73-495b-bf4d-60191542c668,worker_4,coordinator_0,NET_TRANSFER,0.000100,0.158000,Signal Finished
8462667.059063,3001,440ed019-eb73-495b-bf4d-60191542c668,coordinator_0,worker_1,NET_TRANSFER,10.826716,866.287294,Distribute Layer ID: 14fef705
8462667.156674,3001,440ed019-eb73-495b-bf4d-60191542c668,worker_1,worker_1,MEM_MOVE,12.494193,0.097611,"Evict VRAM -> RAM [Model: 440ed019, Layer: 196f7c62]"
8462667.241257,3001,440ed019-eb73-495b-bf4d-60191542c668,worker_1,worker_1,DISK_LOAD,10.826716,0.084584,"Disk -> RAM [Model: 440ed019, Layer: 14fef705]"
8462667.325841,3001,440ed019-eb73-495b-bf4d-60191542c668,worker_1,worker_1,MEM_MOVE,10.826716,0.084584,"RAM -> VRAM [Model: 440ed019, Layer: 14fef705]"
8462667.375841,3001,440ed019-eb73-495b-bf4d-60191542c668,worker_1,worker_1,GPU_COMPUTE,0.050000,0.050000,GPU Compute
8462667.533841,3001,440ed019-eb73-495b-bf4d-60191542c668,worker_1,coordinator_0,NET_TRANSFER,0.000100,0.158000,Signal Finished
8463548.998655,3001,440ed019-eb73-495b-bf4d-60191542c668,coordinator_0,worker_2,NET_TRANSFER,11.016435,881.464814,Distribute Layer ID: de53dcc0
8463549.055088,3001,440ed019-eb73-495b-bf4d-60191542c668,worker_2,worker_2,MEM_MOVE,7.223355,0.056432,"Evict VRAM -> RAM [Model: 440ed019, Layer: 21a25cb3]"
8463549.141154,3001,440ed019-eb73-495b-bf4d-60191542c668,worker_2,worker_2,DISK_LOAD,11.016435,0.086066,"Disk -> RAM [Model: 440ed019, Layer: de53dcc0]"
8463549.227220,3001,440ed019-eb73-495b-bf4d-60191542c668,worker_2,worker_2,MEM_MOVE,11.016435,0.086066,"RAM -> VRAM [Model: 440ed019, Layer: de53dcc0]"
8463549.277220,3001,440ed019-eb73-495b-bf4d-60191542c668,worker_2,worker_2,GPU_COMPUTE,0.050000,0.050000,GPU Compute
8463549.435220,3001,440ed019-eb73-495b-bf4d-60191542c668,worker_2,coordinator_0,NET_TRANSFER,0.000100,0.158000,Signal Finished
8464286.051152,3001,440ed019-eb73-495b-bf4d-60191542c668,coordinator_0,worker_3,NET_TRANSFER,9.205824,736.615932,Distribute Layer ID: 74413a61
8464286.119399,3001,440ed019-eb73-495b-bf4d-60191542c668,worker_3,worker_3,MEM_MOVE,8.735691,0.068248,"Evict VRAM -> RAM [Model: 440ed019, Layer: fae19910]"
8464286.191320,3001,440ed019-eb73-495b-bf4d-60191542c668,worker_3,worker_3,DISK_LOAD,9.205824,0.071921,"Disk -> RAM [Model: 440ed019, Layer: 74413a61]"
8464286.263240,3001,440ed019-eb73-495b-bf4d-60191542c668,worker_3,worker_3,MEM_MOVE,9.205824,0.071921,"RAM -> VRAM [Model: 440ed019, Layer: 74413a61]"
8464286.313240,3001,440ed019-eb73-495b-bf4d-60191542c668,worker_3,worker_3,GPU_COMPUTE,0.050000,0.050000,GPU Compute
8464286.471240,3001,440ed019-eb73-495b-bf4d-60191542c668,worker_3,coordinator_0,NET_TRANSFER,0.000100,0.158000,Signal Finished
8465091.173270,3001,440ed019-eb73-495b-bf4d-60191542c668,coordinator_0,worker_4,NET_TRANSFER,10.056900,804.702029,Distribute Layer ID: aa3788d6
8465091.282878,3001,440ed019-eb73-495b-bf4d-60191542c668,worker_4,worker_4,MEM_MOVE,14.029883,0.109608,"Evict VRAM -> RAM [Model: 440ed019, Layer: 64d81109]"
8465091.361448,3001,440ed019-eb73-495b-bf4d-60191542c668,worker_4,worker_4,DISK_LOAD,10.056900,0.078570,"Disk -> RAM [Model: 440ed019, Layer: aa3788d6]"
8465091.440017,3001,440ed019-eb73-495b-bf4d-60191542c668,worker_4,worker_4,MEM_MOVE,10.056900,0.078570,"RAM -> VRAM [Model: 440ed019, Layer: aa3788d6]"
8465091.490017,3001,440ed019-eb73-495b-bf4d-60191542c668,worker_4,worker_4,GPU_COMPUTE,0.050000,0.050000,GPU Compute
8465091.648017,3001,440ed019-eb73-495b-bf4d-60191542c668,worker_4,coordinator_0,NET_TRANSFER,0.000100,0.158000,Signal Finished
8465751.604279,3001,440ed019-eb73-495b-bf4d-60191542c668,coordinator_0,worker_1,NET_TRANSFER,8.247578,659.956262,Distribute Layer ID: 099f0e35
8465751.688863,3001,440ed019-eb73-495b-bf4d-60191542c668,worker_1,worker_1,MEM_MOVE,10.826716,0.084584,"Evict VRAM -> RAM [Model: 440ed019, Layer: 14fef705]"
8465751.753297,3001,440ed019-eb73-495b-bf4d-60191542c668,worker_1,worker_1,DISK_LOAD,8.247578,0.064434,"Disk -> RAM [Model: 440ed019, Layer: 099f0e35]"
8465751.817732,3001,440ed019-eb73-495b-bf4d-60191542c668,worker_1,worker_1,MEM_MOVE,8.247578,0.064434,"RAM -> VRAM [Model: 440ed019, Layer: 099f0e35]"
8465751.867732,3001,440ed019-eb73-495b-bf4d-60191542c668,worker_1,worker_1,GPU_COMPUTE,0.050000,0.050000,GPU Compute
8465752.025732,3001,440ed019-eb73-495b-bf4d-60191542c668,worker_1,coordinator_0,NET_TRANSFER,0.000100,0.158000,Signal Finished
8466474.948373,3001,440ed019-eb73-495b-bf4d-60191542c668,coordinator_0,worker_2,NET_TRANSFER,9.034658,722.922641,Distribute Layer ID: 6edbad8f
8466475.034439,3001,440ed019-eb73-495b-bf4d-60191542c668,worker_2,worker_2,MEM_MOVE,11.016435,0.086066,"Evict VRAM -> RAM [Model: 440ed019, Layer: de53dcc0]"
8466475.105022,3001,440ed019-eb73-495b-bf4d-60191542c668,worker_2,worker_2,DISK_LOAD,9.034658,0.070583,"Disk -> RAM [Model: 440ed019, Layer: 6edbad8f]"
8466475.175605,3001,440ed019-eb73-495b-bf4d-60191542c668,worker_2,worker_2,MEM_MOVE,9.034658,0.070583,"RAM -> VRAM [Model: 440ed019, Layer: 6edbad8f]"
8466475.225605,3001,440ed019-eb73-495b-bf4d-60191542c668,worker_2,worker_2,GPU_COMPUTE,0.050000,0.050000,GPU Compute
8466475.383605,3001,440ed019-eb73-495b-bf4d-60191542c668,worker_2,coordinator_0,NET_TRANSFER,0.000100,0.158000,Signal Finished
8467352.257037,3001,440ed019-eb73-495b-bf4d-60191542c668,coordinator_0,worker_3,NET_TRANSFER,10.959043,876.873431,Distribute Layer ID: 8bbce770
8467352.328957,3001,440ed019-eb73-495b-bf4d-60191542c668,worker_3,worker_3,MEM_MOVE,9.205824,0.071921,"Evict VRAM -> RAM [Model: 440ed019, Layer: 74413a61]"
8467352.404823,3001,440ed019-eb73-495b-bf4d-60191542c668,worker_3,worker_3,MEM_MOVE,9.710853,0.075866,"Evict VRAM -> RAM [Model: ae73b5ce, Layer: 81af7002]"
8467352.490441,3001,440ed019-eb73-495b-bf4d-60191542c668,worker_3,worker_3,DISK_LOAD,10.959043,0.085618,"Disk -> RAM [Model: 440ed019, Layer: 8bbce770]"
8467352.576058,3001,440ed019-eb73-495b-bf4d-60191542c668,worker_3,worker_3,MEM_MOVE,10.959043,0.085618,"RAM -> VRAM [Model: 440ed019, Layer: 8bbce770]"
8467352.626058,3001,440ed019-eb73-495b-bf4d-60191542c668,worker_3,worker_3,GPU_COMPUTE,0.050000,0.050000,GPU Compute
8467352.784058,3001,440ed019-eb73-495b-bf4d-60191542c668,worker_3,coordinator_0,NET_TRANSFER,0.000100,0.158000,Signal Finished
8467903.826963,3001,440ed019-eb73-495b-bf4d-60191542c668,coordinator_0,worker_4,NET_TRANSFER,6.886161,551.042904,Distribute Layer ID: 8698e5e4
8467903.880761,3001,440ed019-eb73-495b-bf4d-60191542c668,worker_4,worker_4,DISK_LOAD,6.886161,0.053798,"Disk -> RAM [Model: 440ed019, Layer: 8698e5e4]"
8467903.934559,3001,440ed019-eb73-495b-bf4d-60191542c668,worker_4,worker_4,MEM_MOVE,6.886161,0.053798,"RAM -> VRAM [Model: 440ed019, Layer: 8698e5e4]"
8467903.984559,3001,440ed019-eb73-495b-bf4d-60191542c668,worker_4,worker_4,GPU_COMPUTE,0.050000,0.050000,GPU Compute
8467904.142559,3001,440ed019-eb73-495b-bf4d-60191542c668,worker_4,coordinator_0,NET_TRANSFER,0.000100,0.158000,Signal Finished
8468972.166083,3001,440ed019-eb73-495b-bf4d-60191542c668,coordinator_0,worker_1,NET_TRANSFER,13.348419,1068.023524,Distribute Layer ID: d49c3245
8468972.230517,3001,440ed019-eb73-495b-bf4d-60191542c668,worker_1,worker_1,MEM_MOVE,8.247578,0.064434,"Evict VRAM -> RAM [Model: 440ed019, Layer: 099f0e35]"
8468972.334802,3001,440ed019-eb73-495b-bf4d-60191542c668,worker_1,worker_1,DISK_LOAD,13.348419,0.104285,"Disk -> RAM [Model: 440ed019, Layer: d49c3245]"
8468972.439086,3001,440ed019-eb73-495b-bf4d-60191542c668,worker_1,worker_1,MEM_MOVE,13.348419,0.104285,"RAM -> VRAM [Model: 440ed019, Layer: d49c3245]"
8468972.489086,3001,440ed019-eb73-495b-bf4d-60191542c668,worker_1,worker_1,GPU_COMPUTE,0.050000,0.050000,GPU Compute
8468972.647086,3001,440ed019-eb73-495b-bf4d-60191542c668,worker_1,coordinator_0,NET_TRANSFER,0.000100,0.158000,Signal Finished
8469963.500123,3001,440ed019-eb73-495b-bf4d-60191542c668,coordinator_0,worker_2,NET_TRANSFER,12.383788,990.853037,Distribute Layer ID: bdaa0df7
8469963.570707,3001,440ed019-eb73-495b-bf4d-60191542c668,worker_2,worker_2,MEM_MOVE,9.034658,0.070583,"Evict VRAM -> RAM [Model: 440ed019, Layer: 6edbad8f]"
8469963.667455,3001,440ed019-eb73-495b-bf4d-60191542c668,worker_2,worker_2,DISK_LOAD,12.383788,0.096748,"Disk -> RAM [Model: 440ed019, Layer: bdaa0df7]"
8469963.764203,3001,440ed019-eb73-495b-bf4d-60191542c668,worker_2,worker_2,MEM_MOVE,12.383788,0.096748,"RAM -> VRAM [Model: 440ed019, Layer: bdaa0df7]"
8469963.814203,3001,440ed019-eb73-495b-bf4d-60191542c668,worker_2,worker_2,GPU_COMPUTE,0.050000,0.050000,GPU Compute
8469963.972203,3001,440ed019-eb73-495b-bf4d-60191542c668,worker_2,coordinator_0,NET_TRANSFER,0.000100,0.158000,Signal Finished
8470952.574815,3001,440ed019-eb73-495b-bf4d-60191542c668,coordinator_0,worker_3,NET_TRANSFER,12.355658,988.602612,Distribute Layer ID: 02034488
8470952.660433,3001,440ed019-eb73-495b-bf4d-60191542c668,worker_3,worker_3,MEM_MOVE,10.959043,0.085618,"Evict VRAM -> RAM [Model: 440ed019, Layer: 8bbce770]"
8470952.756961,3001,440ed019-eb73-495b-bf4d-60191542c668,worker_3,worker_3,DISK_LOAD,12.355658,0.096529,"Disk -> RAM [Model: 440ed019, Layer: 02034488]"
8470952.853490,3001,440ed019-eb73-495b-bf4d-60191542c668,worker_3,worker_3,MEM_MOVE,12.355658,0.096529,"RAM -> VRAM [Model: 440ed019, Layer: 02034488]"
8470952.903490,3001,440ed019-eb73-495b-bf4d-60191542c668,worker_3,worker_3,GPU_COMPUTE,0.050000,0.050000,GPU Compute
8470953.061490,3001,440ed019-eb73-495b-bf4d-60191542c668,worker_3,coordinator_0,NET_TRANSFER,0.000100,0.158000,Signal Finished
8472124.387745,3001,440ed019-eb73-495b-bf4d-60191542c668,coordinator_0,worker_4,NET_TRANSFER,14.639703,1171.326255,Distribute Layer ID: d7944601
8472124.441543,3001,440ed019-eb73-495b-bf4d-60191542c668,worker_4,worker_4,MEM_MOVE,6.886161,0.053798,"Evict VRAM -> RAM [Model: 440ed019, Layer: 8698e5e4]"
8472124.520112,3001,440ed019-eb73-495b-bf4d-60191542c668,worker_4,worker_4,MEM_MOVE,10.056900,0.078570,"Evict VRAM -> RAM [Model: 440ed019, Layer: aa3788d6]"
8472124.634485,3001,440ed019-eb73-495b-bf4d-60191542c668,worker_4,worker_4,DISK_LOAD,14.639703,0.114373,"Disk -> RAM [Model: 440ed019, Layer: d7944601]"
8472124.748858,3001,440ed019-eb73-495b-bf4d-60191542c668,worker_4,worker_4,MEM_MOVE,14.639703,0.114373,"RAM -> VRAM [Model: 440ed019, Layer: d7944601]"
8472124.798858,3001,440ed019-eb73-495b-bf4d-60191542c668,worker_4,worker_4,GPU_COMPUTE,0.050000,0.050000,GPU Compute
8472124.956858,3001,440ed019-eb73-495b-bf4d-60191542c668,worker_4,coordinator_0,NET_TRANSFER,0.000100,0.158000,Signal Finished
8473158.597551,3001,440ed019-eb73-495b-bf4d-60191542c668,coordinator_0,worker_1,NET_TRANSFER,12.918634,1033.640693,Distribute Layer ID: 6213063d
8473158.701835,3001,440ed019-eb73-495b-bf4d-60191542c668,worker_1,worker_1,MEM_MOVE,13.348419,0.104285,"Evict VRAM -> RAM [Model: 440ed019, Layer: d49c3245]"
8473158.802762,3001,440ed019-eb73-495b-bf4d-60191542c668,worker_1,worker_1,DISK_LOAD,12.918634,0.100927,"Disk -> RAM [Model: 440ed019, Layer: 6213063d]"
8473158.903689,3001,440ed019-eb73-495b-bf4d-60191542c668,worker_1,worker_1,MEM_MOVE,12.918634,0.100927,"RAM -> VRAM [Model: 440ed019, Layer: 6213063d]"
8473158.953689,3001,440ed019-eb73-495b-bf4d-60191542c668,worker_1,worker_1,GPU_COMPUTE,0.050000,0.050000,GPU Compute
8473159.111689,3001,440ed019-eb73-495b-bf4d-60191542c668,worker_1,coordinator_0,NET_TRANSFER,0.000100,0.158000,Signal Finished
8474182.950312,3001,440ed019-eb73-495b-bf4d-60191542c668,coordinator_0,worker_2,NET_TRANSFER,12.796108,1023.838623,Distribute Layer ID: 1dd66654
8474183.047060,3001,440ed019-eb73-495b-bf4d-60191542c668,worker_2,worker_2,MEM_MOVE,12.383788,0.096748,"Evict VRAM -> RAM [Model: 440ed019, Layer: bdaa0df7]"
8474183.147030,3001,440ed019-eb73-495b-bf4d-60191542c668,worker_2,worker_2,DISK_LOAD,12.796108,0.099970,"Disk -> RAM [Model: 440ed019, Layer: 1dd66654]"
8474183.246999,3001,440ed019-eb73-495b-bf4d-60191542c668,worker_2,worker_2,MEM_MOVE,12.796108,0.099970,"RAM -> VRAM [Model: 440ed019, Layer: 1dd66654]"
8474183.296999,3001,440ed019-eb73-495b-bf4d-60191542c668,worker_2,worker_2,GPU_COMPUTE,0.050000,0.050000,GPU Compute
8474183.454999,3001,440ed019-eb73-495b-bf4d-60191542c668,worker_2,coordinator_0,NET_TRANSFER,0.000100,0.158000,Signal Finished
8474778.412685,3001,440ed019-eb73-495b-bf4d-60191542c668,coordinator_0,worker_3,NET_TRANSFER,7.435096,594.957685,Distribute Layer ID: 8c2c9906
8474778.509213,3001,440ed019-eb73-495b-bf4d-60191542c668,worker_3,worker_3,MEM_MOVE,12.355658,0.096529,"Evict VRAM -> RAM [Model: 440ed019, Layer: 02034488]"
8474778.567300,3001,440ed019-eb73-495b-bf4d-60191542c668,worker_3,worker_3,DISK_LOAD,7.435096,0.058087,"Disk -> RAM [Model: 440ed019, Layer: 8c2c9906]"
8474778.625387,3001,440ed019-eb73-495b-bf4d-60191542c668,worker_3,worker_3,MEM_MOVE,7.435096,0.058087,"RAM -> VRAM [Model: 440ed019, Layer: 8c2c9906]"
8474778.675387,3001,440ed019-eb73-495b-bf4d-60191542c668,worker_3,worker_3,GPU_COMPUTE,0.050000,0.050000,GPU Compute
8474778.833387,3001,440ed019-eb73-495b-bf4d-60191542c668,worker_3,coordinator_0,NET_TRANSFER,0.000100,0.158000,Signal Finished
8475660.507123,3001,440ed019-eb73-495b-bf4d-60191542c668,coordinator_0,worker_4,NET_TRANSFER,11.019047,881.673736,Distribute Layer ID: 1443fea3
8475660.621496,3001,440ed019-eb73-495b-bf4d-60191542c668,worker_4,worker_4,MEM_MOVE,14.639703,0.114373,"Evict VRAM -> RAM [Model: 440ed019, Layer: d7944601]"
8475660.707582,3001,440ed019-eb73-495b-bf4d-60191542c668,worker_4,worker_4,DISK_LOAD,11.019047,0.086086,"Disk -> RAM [Model: 440ed019, Layer: 1443fea3]"
8475660.793668,3001,440ed019-eb73-495b-bf4d-60191542c668,worker_4,worker_4,MEM_MOVE,11.019047,0.086086,"RAM -> VRAM [Model: 440ed019, Layer: 1443fea3]"
8475660.843668,3001,440ed019-eb73-495b-bf4d-60191542c668,worker_4,worker_4,GPU_COMPUTE,0.050000,0.050000,GPU Compute
8475661.001668,3001,440ed019-eb73-495b-bf4d-60191542c668,worker_4,coordinator_0,NET_TRANSFER,0.000100,0.158000,Signal Finished
8476743.681105,3001,440ed019-eb73-495b-bf4d-60191542c668,coordinator_0,worker_1,NET_TRANSFER,13.531618,1082.679436,Distribute Layer ID: e5777894
8476743.782031,3001,440ed019-eb73-495b-bf4d-60191542c668,worker_1,worker_1,MEM_MOVE,12.918634,0.100927,"Evict VRAM -> RAM [Model: 440ed019, Layer: 6213063d]"
8476743.887747,3001,440ed019-eb73-495b-bf4d-60191542c668,worker_1,worker_1,DISK_LOAD,13.531618,0.105716,"Disk -> RAM [Model: 440ed019, Layer: e5777894]"
8476743.993463,3001,440ed019-eb73-495b-bf4d-60191542c668,worker_1,worker_1,MEM_MOVE,13.531618,0.105716,"RAM -> VRAM [Model: 440ed019, Layer: e5777894]"
8476744.043463,3001,440ed019-eb73-495b-bf4d-60191542c668,worker_1,worker_1,GPU_COMPUTE,0.050000,0.050000,GPU Compute
8476744.201463,3001,440ed019-eb73-495b-bf4d-60191542c668,worker_1,coordinator_0,NET_TRANSFER,0.000100,0.158000,Signal Finished
8477375.376528,3001,440ed019-eb73-495b-bf4d-60191542c668,coordinator_0,worker_2,NET_TRANSFER,7.887813,631.175065,Distribute Layer ID: 396960f3
8477375.476498,3001,440ed019-eb73-495b-bf4d-60191542c668,worker_2,worker_2,MEM_MOVE,12.796108,0.099970,"Evict VRAM -> RAM [Model: 440ed019, Layer: 1dd66654]"
8477375.538121,3001,440ed019-eb73-495b-bf4d-60191542c668,worker_2,worker_2,DISK_LOAD,7.887813,0.061624,"Disk -> RAM [Model: 440ed019, Layer: 396960f3]"
8477375.599745,3001,440ed019-eb73-495b-bf4d-60191542c668,worker_2,worker_2,MEM_MOVE,7.887813,0.061624,"RAM -> VRAM [Model: 440ed019, Layer: 396960f3]"
8477375.649745,3001,440ed019-eb73-495b-bf4d-60191542c668,worker_2,worker_2,GPU_COMPUTE,0.050000,0.050000,GPU Compute
8477375.807745,3001,440ed019-eb73-495b-bf4d-60191542c668,worker_2,coordinator_0,NET_TRANSFER,0.000100,0.158000,Signal Finished
8478377.344636,3001,440ed019-eb73-495b-bf4d-60191542c668,coordinator_0,worker_3,NET_TRANSFER,12.517336,1001.536892,Distribute Layer ID: 95e6aba8
8478377.402723,3001,440ed019-eb73-495b-bf4d-60191542c668,worker_3,worker_3,MEM_MOVE,7.435096,0.058087,"Evict VRAM -> RAM [Model: 440ed019, Layer: 8c2c9906]"
8478377.500515,3001,440ed019-eb73-495b-bf4d-60191542c668,worker_3,worker_3,DISK_LOAD,12.517336,0.097792,"Disk -> RAM [Model: 440ed019, Layer: 95e6aba8]"
8478377.598306,3001,440ed019-eb73-495b-bf4d-60191542c668,worker_3,worker_3,MEM_MOVE,12.517336,0.097792,"RAM -> VRAM [Model: 440ed019, Layer: 95e6aba8]"
8478377.648306,3001,440ed019-eb73-495b-bf4d-60191542c668,worker_3,worker_3,GPU_COMPUTE,0.050000,0.050000,GPU Compute
8478377.806306,3001,440ed019-eb73-495b-bf4d-60191542c668,worker_3,coordinator_0,NET_TRANSFER,0.000100,0.158000,Signal Finished
8479543.237934,3001,440ed019-eb73-495b-bf4d-60191542c668,coordinator_0,worker_4,NET_TRANSFER,14.566020,1165.431628,Distribute Layer ID: dbc2968a
8479543.324021,3001,440ed019-eb73-495b-bf4d-60191542c668,worker_4,worker_4,MEM_MOVE,11.019047,0.086086,"Evict VRAM -> RAM [Model: 440ed019, Layer: 1443fea3]"
8479543.437818,3001,440ed019-eb73-495b-bf4d-60191542c668,worker_4,worker_4,DISK_LOAD,14.566020,0.113797,"Disk -> RAM [Model: 440ed019, Layer: dbc2968a]"
8479543.551615,3001,440ed019-eb73-495b-bf4d-60191542c668,worker_4,worker_4,MEM_MOVE,14.566020,0.113797,"RAM -> VRAM [Model: 440ed019, Layer: dbc2968a]"
8479543.601615,3001,440ed019-eb73-495b-bf4d-60191542c668,worker_4,worker_4,GPU_COMPUTE,0.050000,0.050000,GPU Compute
8479543.759615,3001,440ed019-eb73-495b-bf4d-60191542c668,worker_4,coordinator_0,NET_TRANSFER,0.000100,0.158000,Signal Finished
8480524.981502,3001,440ed019-eb73-495b-bf4d-60191542c668,coordinator_0,worker_1,NET_TRANSFER,12.263399,981.221888,Distribute Layer ID: da78b16b
8480525.087218,3001,440ed019-eb73-495b-bf4d-60191542c668,worker_1,worker_1,MEM_MOVE,13.531618,0.105716,"Evict VRAM -> RAM [Model: 440ed019, Layer: e5777894]"
8480525.183026,3001,440ed019-eb73-495b-bf4d-60191542c668,worker_1,worker_1,DISK_LOAD,12.263399,0.095808,"Disk -> RAM [Model: 440ed019, Layer: da78b16b]"
8480525.278834,3001,440ed019-eb73-495b-bf4d-60191542c668,worker_1,worker_1,MEM_MOVE,12.263399,0.095808,"RAM -> VRAM [Model: 440ed019, Layer: da78b16b]"
8480525.328834,3001,440ed019-eb73-495b-bf4d-60191542c668,worker_1,worker_1,GPU_COMPUTE,0.050000,0.050000,GPU Compute
8480525.486834,3001,440ed019-eb73-495b-bf4d-60191542c668,worker_1,coordinator_0,NET_TRANSFER,0.000100,0.158000,Signal Finished
8481086.580821,3001,440ed019-eb73-495b-bf4d-60191542c668,coordinator_0,worker_2,NET_TRANSFER,7.011800,561.093988,Distribute Layer ID: ee987d4f
8481086.642445,3001,440ed019-eb73-495b-bf4d-60191542c668,worker_2,worker_2,MEM_MOVE,7.887813,0.061624,"Evict VRAM -> RAM [Model: 440ed019, Layer: 396960f3]"
8481086.697224,3001,440ed019-eb73-495b-bf4d-60191542c668,worker_2,worker_2,DISK_LOAD,7.011800,0.054780,"Disk -> RAM [Model: 440ed019, Layer: ee987d4f]"
8481086.752004,3001,440ed019-eb73-495b-bf4d-60191542c668,worker_2,worker_2,MEM_MOVE,7.011800,0.054780,"RAM -> VRAM [Model: 440ed019, Layer: ee987d4f]"
8481086.802004,3001,440ed019-eb73-495b-bf4d-60191542c668,worker_2,worker_2,GPU_COMPUTE,0.050000,0.050000,GPU Compute
8481086.960004,3001,440ed019-eb73-495b-bf4d-60191542c668,worker_2,coordinator_0,NET_TRANSFER,0.000100,0.158000,Signal Finished
8481918.069037,3001,440ed019-eb73-495b-bf4d-60191542c668,coordinator_0,worker_3,NET_TRANSFER,10.386988,831.109033,Distribute Layer ID: 620c0f8d
8481918.166828,3001,440ed019-eb73-495b-bf4d-60191542c668,worker_3,worker_3,MEM_MOVE,12.517336,0.097792,"Evict VRAM -> RAM [Model: 440ed019, Layer: 95e6aba8]"
8481918.247977,3001,440ed019-eb73-495b-bf4d-60191542c668,worker_3,worker_3,DISK_LOAD,10.386988,0.081148,"Disk -> RAM [Model: 440ed019, Layer: 620c0f8d]"
8481918.329125,3001,440ed019-eb73-495b-bf4d-60191542c668,worker_3,worker_3,MEM_MOVE,10.386988,0.081148,"RAM -> VRAM [Model: 440ed019, Layer: 620c0f8d]"
8481918.379125,3001,440ed019-eb73-495b-bf4d-60191542c668,worker_3,worker_3,GPU_COMPUTE,0.050000,0.050000,GPU Compute
8481918.537125,3001,440ed019-eb73-495b-bf4d-60191542c668,worker_3,coordinator_0,NET_TRANSFER,0.000100,0.158000,Signal Finished
8483087.888587,3001,440ed019-eb73-495b-bf4d-60191542c668,coordinator_0,worker_4,NET_TRANSFER,14.615018,1169.351462,Distribute Layer ID: 8d52d49e
8483088.002384,3001,440ed019-eb73-495b-bf4d-60191542c668,worker_4,worker_4,MEM_MOVE,14.566020,0.113797,"Evict VRAM -> RAM [Model: 440ed019, Layer: dbc2968a]"
8483088.116564,3001,440ed019-eb73-495b-bf4d-60191542c668,worker_4,worker_4,DISK_LOAD,14.615018,0.114180,"Disk -> RAM [Model: 440ed019, Layer: 8d52d49e]"
8483088.230743,3001,440ed019-eb73-495b-bf4d-60191542c668,worker_4,worker_4,MEM_MOVE,14.615018,0.114180,"RAM -> VRAM [Model: 440ed019, Layer: 8d52d49e]"
8483088.280743,3001,440ed019-eb73-495b-bf4d-60191542c668,worker_4,worker_4,GPU_COMPUTE,0.050000,0.050000,GPU Compute
8483088.438743,3001,440ed019-eb73-495b-bf4d-60191542c668,worker_4,coordinator_0,NET_TRANSFER,0.000100,0.158000,Signal Finished
8483710.731022,3001,440ed019-eb73-495b-bf4d-60191542c668,coordinator_0,worker_1,NET_TRANSFER,7.776778,622.292279,Distribute Layer ID: 8a24fe68
8483710.826830,3001,440ed019-eb73-495b-bf4d-60191542c668,worker_1,worker_1,MEM_MOVE,12.263399,0.095808,"Evict VRAM -> RAM [Model: 440ed019, Layer: da78b16b]"
8483710.887586,3001,440ed019-eb73-495b-bf4d-60191542c668,worker_1,worker_1,DISK_LOAD,7.776778,0.060756,"Disk -> RAM [Model: 440ed019, Layer: 8a24fe68]"
8483710.948342,3001,440ed019-eb73-495b-bf4d-60191542c668,worker_1,worker_1,MEM_MOVE,7.776778,0.060756,"RAM -> VRAM [Model: 440ed019, Layer: 8a24fe68]"
8483710.998342,3001,440ed019-eb73-495b-bf4d-60191542c668,worker_1,worker_1,GPU_COMPUTE,0.050000,0.050000,GPU Compute
8483711.156342,3001,440ed019-eb73-495b-bf4d-60191542c668,worker_1,coordinator_0,NET_TRANSFER,0.000100,0.158000,Signal Finished
8484156.606215,3001,440ed019-eb73-495b-bf4d-60191542c668,coordinator_0,worker_2,NET_TRANSFER,5.566248,445.449873,Distribute Layer ID: c5d9c09b
8484156.649701,3001,440ed019-eb73-495b-bf4d-60191542c668,worker_2,worker_2,DISK_LOAD,5.566248,0.043486,"Disk -> RAM [Model: 440ed019, Layer: c5d9c09b]"
8484156.693187,3001,440ed019-eb73-495b-bf4d-60191542c668,worker_2,worker_2,MEM_MOVE,5.566248,0.043486,"RAM -> VRAM [Model: 440ed019, Layer: c5d9c09b]"
8484156.743187,3001,440ed019-eb73-495b-bf4d-60191542c668,worker_2,worker_2,GPU_COMPUTE,0.050000,0.050000,GPU Compute
8484156.901187,3001,440ed019-eb73-495b-bf4d-60191542c668,worker_2,coordinator_0,NET_TRANSFER,0.000100,0.158000,Signal Finished
8484709.193845,3001,440ed019-eb73-495b-bf4d-60191542c668,coordinator_0,worker_3,NET_TRANSFER,6.901783,552.292657,Distribute Layer ID: a56483bc
8484709.247765,3001,440ed019-eb73-495b-bf4d-60191542c668,worker_3,worker_3,DISK_LOAD,6.901783,0.053920,"Disk -> RAM [Model: 440ed019, Layer: a56483bc]"
8484709.301685,3001,440ed019-eb73-495b-bf4d-60191542c668,worker_3,worker_3,MEM_MOVE,6.901783,0.053920,"RAM -> VRAM [Model: 440ed019, Layer: a56483bc]"
8484709.351685,3001,440ed019-eb73-495b-bf4d-60191542c668,worker_3,worker_3,GPU_COMPUTE,0.050000,0.050000,GPU Compute
8484709.509685,3001,440ed019-eb73-495b-bf4d-60191542c668,worker_3,coordinator_0,NET_TRANSFER,0.000100,0.158000,Signal Finished
8485434.763645,3001,440ed019-eb73-495b-bf4d-60191542c668,coordinator_0,worker_4,NET_TRANSFER,9.063799,725.253960,Distribute Layer ID: 4aaf2d8a
8485434.877825,3001,440ed019-eb73-495b-bf4d-60191542c668,worker_4,worker_4,MEM_MOVE,14.615018,0.114180,"Evict VRAM -> RAM [Model: 440ed019, Layer: 8d52d49e]"
8485434.948636,3001,440ed019-eb73-495b-bf4d-60191542c668,worker_4,worker_4,DISK_LOAD,9.063799,0.070811,"Disk -> RAM [Model: 440ed019, Layer: 4aaf2d8a]"
8485435.019447,3001,440ed019-eb73-495b-bf4d-60191542c668,worker_4,worker_4,MEM_MOVE,9.063799,0.070811,"RAM -> VRAM [Model: 440ed019, Layer: 4aaf2d8a]"
8485435.069447,3001,440ed019-eb73-495b-bf4d-60191542c668,worker_4,worker_4,GPU_COMPUTE,0.050000,0.050000,GPU Compute
8485435.227447,3001,440ed019-eb73-495b-bf4d-60191542c668,worker_4,coordinator_0,NET_TRANSFER,0.000100,0.158000,Signal Finished
8486426.165708,3001,440ed019-eb73-495b-bf4d-60191542c668,coordinator_0,worker_1,NET_TRANSFER,12.384853,990.938261,Distribute Layer ID: 7212f20b
8486426.226464,3001,440ed019-eb73-495b-bf4d-60191542c668,worker_1,worker_1,MEM_MOVE,7.776778,0.060756,"Evict VRAM -> RAM [Model: 440ed019, Layer: 8a24fe68]"
8486426.323221,3001,440ed019-eb73-495b-bf4d-60191542c668,worker_1,worker_1,DISK_LOAD,12.384853,0.096757,"Disk -> RAM [Model: 440ed019, Layer: 7212f20b]"
8486426.419977,3001,440ed019-eb73-495b-bf4d-60191542c668,worker_1,worker_1,MEM_MOVE,12.384853,0.096757,"RAM -> VRAM [Model: 440ed019, Layer: 7212f20b]"
8486426.469977,3001,440ed019-eb73-495b-bf4d-60191542c668,worker_1,worker_1,GPU_COMPUTE,0.050000,0.050000,GPU Compute
8486426.627977,3001,440ed019-eb73-495b-bf4d-60191542c668,worker_1,coordinator_0,NET_TRANSFER,0.000100,0.158000,Signal Finished
8487214.383440,3001,440ed019-eb73-495b-bf4d-60191542c668,coordinator_0,worker_2,NET_TRANSFER,9.845068,787.755463,Distribute Layer ID: 9a5ed7d8
8487214.426926,3001,440ed019-eb73-495b-bf4d-60191542c668,worker_2,worker_2,MEM_MOVE,5.566248,0.043486,"Evict VRAM -> RAM [Model: 440ed019, Layer: c5d9c09b]"
8487214.481706,3001,440ed019-eb73-495b-bf4d-60191542c668,worker_2,worker_2,MEM_MOVE,7.011800,0.054780,"Evict VRAM -> RAM [Model: 440ed019, Layer: ee987d4f]"
8487214.558621,3001,440ed019-eb73-495b-bf4d-60191542c668,worker_2,worker_2,DISK_LOAD,9.845068,0.076915,"Disk -> RAM [Model: 440ed019, Layer: 9a5ed7d8]"
8487214.635535,3001,440ed019-eb73-495b-bf4d-60191542c668,worker_2,worker_2,MEM_MOVE,9.845068,0.076915,"RAM -> VRAM [Model: 440ed019, Layer: 9a5ed7d8]"
8487214.685535,3001,440ed019-eb73-495b-bf4d-60191542c668,worker_2,worker_2,GPU_COMPUTE,0.050000,0.050000,GPU Compute
8487214.843535,3001,440ed019-eb73-495b-bf4d-60191542c668,worker_2,coordinator_0,NET_TRANSFER,0.000100,0.158000,Signal Finished
8487758.280440,3001,440ed019-eb73-495b-bf4d-60191542c668,coordinator_0,worker_3,NET_TRANSFER,6.791086,543.436905,Distribute Layer ID: 771b8842
8487758.334360,3001,440ed019-eb73-495b-bf4d-60191542c668,worker_3,worker_3,MEM_MOVE,6.901783,0.053920,"Evict VRAM -> RAM [Model: 440ed019, Layer: a56483bc]"
8487758.387416,3001,440ed019-eb73-495b-bf4d-60191542c668,worker_3,worker_3,DISK_LOAD,6.791086,0.053055,"Disk -> RAM [Model: 440ed019, Layer: 771b8842]"
8487758.440471,3001,440ed019-eb73-495b-bf4d-60191542c668,worker_3,worker_3,MEM_MOVE,6.791086,0.053055,"RAM -> VRAM [Model: 440ed019, Layer: 771b8842]"
8487758.490471,3001,440ed019-eb73-495b-bf4d-60191542c668,worker_3,worker_3,GPU_COMPUTE,0.050000,0.050000,GPU Compute
8487758.648471,3001,440ed019-eb73-495b-bf4d-60191542c668,worker_3,coordinator_0,NET_TRANSFER,0.000100,0.158000,Signal Finished
8488666.797425,3001,440ed019-eb73-495b-bf4d-60191542c668,coordinator_0,worker_4,NET_TRANSFER,11.349987,908.148954,Distribute Layer ID: a7663c24
8488666.886097,3001,440ed019-eb73-495b-bf4d-60191542c668,worker_4,worker_4,DISK_LOAD,11.349987,0.088672,"Disk -> RAM [Model: 440ed019, Layer: a7663c24]"
8488666.974769,3001,440ed019-eb73-495b-bf4d-60191542c668,worker_4,worker_4,MEM_MOVE,11.349987,0.088672,"RAM -> VRAM [Model: 440ed019, Layer: a7663c24]"
8488667.024769,3001,440ed019-eb73-495b-bf4d-60191542c668,worker_4,worker_4,GPU_COMPUTE,0.050000,0.050000,GPU Compute
8488667.182769,3001,440ed019-eb73-495b-bf4d-60191542c668,worker_4,coordinator_0,NET_TRANSFER,0.000100,0.158000,Signal Finished
8489773.968829,3001,440ed019-eb73-495b-bf4d-60191542c668,coordinator_0,worker_1,NET_TRANSFER,13.832951,1106.786060,Distribute Layer ID: 4107836a
8489774.065586,3001,440ed019-eb73-495b-bf4d-60191542c668,worker_1,worker_1,MEM_MOVE,12.384853,0.096757,"Evict VRAM -> RAM [Model: 440ed019, Layer: 7212f20b]"
8489774.173656,3001,440ed019-eb73-495b-bf4d-60191542c668,worker_1,worker_1,DISK_LOAD,13.832951,0.108070,"Disk -> RAM [Model: 440ed019, Layer: 4107836a]"
8489774.281726,3001,440ed019-eb73-495b-bf4d-60191542c668,worker_1,worker_1,MEM_MOVE,13.832951,0.108070,"RAM -> VRAM [Model: 440ed019, Layer: 4107836a]"
8489774.331726,3001,440ed019-eb73-495b-bf4d-60191542c668,worker_1,worker_1,GPU_COMPUTE,0.050000,0.050000,GPU Compute
8489774.489726,3001,440ed019-eb73-495b-bf4d-60191542c668,worker_1,coordinator_0,NET_TRANSFER,0.000100,0.158000,Signal Finished
8490380.464962,3001,440ed019-eb73-495b-bf4d-60191542c668,coordinator_0,worker_2,NET_TRANSFER,7.572815,605.975236,Distribute Layer ID: e789907e
8490380.541877,3001,440ed019-eb73-495b-bf4d-60191542c668,worker_2,worker_2,MEM_MOVE,9.845068,0.076915,"Evict VRAM -> RAM [Model: 440ed019, Layer: 9a5ed7d8]"
8490380.601039,3001,440ed019-eb73-495b-bf4d-60191542c668,worker_2,worker_2,DISK_LOAD,7.572815,0.059163,"Disk -> RAM [Model: 440ed019, Layer: e789907e]"
8490380.660202,3001,440ed019-eb73-495b-bf4d-60191542c668,worker_2,worker_2,MEM_MOVE,7.572815,0.059163,"RAM -> VRAM [Model: 440ed019, Layer: e789907e]"
8490380.710202,3001,440ed019-eb73-495b-bf4d-60191542c668,worker_2,worker_2,GPU_COMPUTE,0.050000,0.050000,GPU Compute
8490380.868202,3001,440ed019-eb73-495b-bf4d-60191542c668,worker_2,coordinator_0,NET_TRANSFER,0.000100,0.158000,Signal Finished
8491542.611698,3001,440ed019-eb73-495b-bf4d-60191542c668,coordinator_0,worker_3,NET_TRANSFER,14.519919,1161.743496,Distribute Layer ID: 45e8ba74
8491542.664754,3001,440ed019-eb73-495b-bf4d-60191542c668,worker_3,worker_3,MEM_MOVE,6.791086,0.053055,"Evict VRAM -> RAM [Model: 440ed019, Layer: 771b8842]"
8491542.745902,3001,440ed019-eb73-495b-bf4d-60191542c668,worker_3,worker_3,MEM_MOVE,10.386988,0.081148,"Evict VRAM -> RAM [Model: 440ed019, Layer: 620c0f8d]"
8491542.859339,3001,440ed019-eb73-495b-bf4d-60191542c668,worker_3,worker_3,DISK_LOAD,14.519919,0.113437,"Disk -> RAM [Model: 440ed019, Layer: 45e8ba74]"
8491542.972776,3001,440ed019-eb73-495b-bf4d-60191542c668,worker_3,worker_3,MEM_MOVE,14.519919,0.113437,"RAM -> VRAM [Model: 440ed019, Layer: 45e8ba74]"
8491543.022776,3001,440ed019-eb73-495b-bf4d-60191542c668,worker_3,worker_3,GPU_COMPUTE,0.050000,0.050000,GPU Compute
8491543.180776,3001,440ed019-eb73-495b-bf4d-60191542c668,worker_3,coordinator_0,NET_TRANSFER,0.000100,0.158000,Signal Finished
8492659.320542,3001,440ed019-eb73-495b-bf4d-60191542c668,coordinator_0,worker_4,NET_TRANSFER,13.949872,1116.139766,Distribute Layer ID: 58cdee9e
8492659.409214,3001,440ed019-eb73-495b-bf4d-60191542c668,worker_4,worker_4,MEM_MOVE,11.349987,0.088672,"Evict VRAM -> RAM [Model: 440ed019, Layer: a7663c24]"
8492659.480025,3001,440ed019-eb73-495b-bf4d-60191542c668,worker_4,worker_4,MEM_MOVE,9.063799,0.070811,"Evict VRAM -> RAM [Model: 440ed019, Layer: 4aaf2d8a]"
8492659.589008,3001,440ed019-eb73-495b-bf4d-60191542c668,worker_4,worker_4,DISK_LOAD,13.949872,0.108983,"Disk -> RAM [Model: 440ed019, Layer: 58cdee9e]"
8492659.697992,3001,440ed019-eb73-495b-bf4d-60191542c668,worker_4,worker_4,MEM_MOVE,13.949872,0.108983,"RAM -> VRAM [Model: 440ed019, Layer: 58cdee9e]"
8492659.747992,3001,440ed019-eb73-495b-bf4d-60191542c668,worker_4,worker_4,GPU_COMPUTE,0.050000,0.050000,GPU Compute
8492659.905992,3001,440ed019-eb73-495b-bf4d-60191542c668,worker_4,coordinator_0,NET_TRANSFER,0.000100,0.158000,Signal Finished
8493290.328422,6000,cd2cf452-d2fc-4e99-8950-ca96ce00112d,coordinator_0,worker_2,NET_TRANSFER,7.878405,630.422431,Distribute Layer ID: 8a9dd56b
8493290.486422,2019,39785999-ea39-4891-9102-70ece5e21e2c,client_2,coordinator_0,NET_TRANSFER,0.000100,0.158000,Request Model ID
8493290.644422,2019,2eb7ed28-93fa-4639-8470-40e53873defa,client_2,coordinator_0,NET_TRANSFER,0.000100,0.158000,Request Model ID
8493290.802422,2019,7e5ffa42-649f-4b09-b2be-5899466a7e7f,client_2,coordinator_0,NET_TRANSFER,0.000100,0.158000,Request Model ID
8524339.990636,1000,bc666c44-cc53-4052-a8b3-ec52bdc7926f,client_1,coordinator_0,NET_TRANSFER,388.112978,31049.188214,Upload Model Weights
8524340.148636,2018,84d5c4ea-b47c-4be4-9a0c-8c69f86179a8,client_2,coordinator_0,NET_TRANSFER,0.000100,0.158000,Request Model ID
8561575.537146,9001,2eb7ed28-93fa-4639-8470-40e53873defa,client_9,coordinator_0,NET_TRANSFER,465.440481,37235.388510,Upload Model Weights
8599385.968750,9003,12a9aae0-a809-4552-b0e2-bb181ad83153,client_9,coordinator_0,NET_TRANSFER,472.628520,37810.431604,Upload Model Weights
8633621.962293,6002,440ed019-eb73-495b-bf4d-60191542c668,client_6,coordinator_0,NET_TRANSFER,427.948044,34235.993543,Upload Model Weights
8673103.594904,10005,0b6aa285-cf51-4f04-b3b0-27d4d0a76265,client_10,coordinator_0,NET_TRANSFER,493.518533,39481.632611,Upload Model Weights
8707980.386807,1001,085d3a7d-70fd-43c2-a296-69bde04655f1,client_1,coordinator_0,NET_TRANSFER,435.958024,34876.791904,Upload Model Weights
8745790.818411,10003,12a9aae0-a809-4552-b0e2-bb181ad83153,client_10,coordinator_0,NET_TRANSFER,472.628520,37810.431604,Upload Model Weights
8771059.950941,5003,7efb5967-3601-4091-bcc2-7bfed1a20e9d,client_5,coordinator_0,NET_TRANSFER,315.862282,25269.132530,Upload Model Weights
8799218.191854,6004,312345df-7924-49d3-ba5e-28aa13911279,client_6,coordinator_0,NET_TRANSFER,351.976136,28158.240912,Upload Model Weights
8836550.190148,6004,b846365e-24f9-4ee2-bb0e-678153c45917,client_6,coordinator_0,NET_TRANSFER,466.648104,37331.998294,Upload Model Weights
8869374.839549,4001,7202018a-7059-46d3-abf3-725e672873b7,client_4,coordinator_0,NET_TRANSFER,410.306243,32824.649401,Upload Model Weights
8915331.900607,4002,5cf26a93-6d67-463f-8354-be220031fbd0,client_4,coordinator_0,NET_TRANSFER,574.461388,45957.061058,Upload Model Weights
8956478.172986,2005,c6b782ab-5d37-4b75-97c7-b76805f61131,client_2,coordinator_0,NET_TRANSFER,514.326530,41146.272379,Upload Model Weights
8956478.330986,3017,cd2cf452-d2fc-4e99-8950-ca96ce00112d,client_3,coordinator_0,NET_TRANSFER,0.000100,0.158000,Request Model ID
8956478.488986,7016,55662345-9a0e-4240-bb68-bdd4a322edd8,client_7,coordinator_0,NET_TRANSFER,0.000100,0.158000,Request Model ID
8956478.646986,4019,bc666c44-cc53-4052-a8b3-ec52bdc7926f,client_4,coordinator_0,NET_TRANSFER,0.000100,0.158000,Request Model ID
8956478.804986,4019,59a431e0-7a08-4a82-b8fd-3ef66af37c6f,client_4,coordinator_0,NET_TRANSFER,0.000100,0.158000,Request Model ID
8956478.962986,4019,2eb7ed28-93fa-4639-8470-40e53873defa,client_4,coordinator_0,NET_TRANSFER,0.000100,0.158000,Request Model ID
8956479.120986,8017,7efb5967-3601-4091-bcc2-7bfed1a20e9d,client_8,coordinator_0,NET_TRANSFER,0.000100,0.158000,Request Model ID
8956479.278986,3015,aa64a7a5-35ea-4323-b730-74e20320cab6,client_3,coordinator_0,NET_TRANSFER,0.000100,0.158000,Request Model ID
8956479.436986,1014,c6b782ab-5d37-4b75-97c7-b76805f61131,client_1,coordinator_0,NET_TRANSFER,0.000100,0.158000,Request Model ID
8956479.594986,5018,7e5ffa42-649f-4b09-b2be-5899466a7e7f,client_5,coordinator_0,NET_TRANSFER,0.000100,0.158000,Request Model ID
8956479.752986,7015,15fff31f-88d3-4850-8c0e-5a2d28be9990,client_7,coordinator_0,NET_TRANSFER,0.000100,0.158000,Request Model ID
8956479.910986,8019,cd2cf452-d2fc-4e99-8950-ca96ce00112d,client_8,coordinator_0,NET_TRANSFER,0.000100,0.158000,Request Model ID
8956480.068986,8019,e314a9ac-f913-4183-acc9-77b03f47dc2f,client_8,coordinator_0,NET_TRANSFER,0.000100,0.158000,Request Model ID
8956480.226986,7015,268b1d86-9c97-400b-bd0f-3d964dcdd718,client_7,coordinator_0,NET_TRANSFER,0.000100,0.158000,Request Model ID
8956480.384986,5019,55662345-9a0e-4240-bb68-bdd4a322edd8,client_5,coordinator_0,NET_TRANSFER,0.000100,0.158000,Request Model ID
8956480.542986,5019,5cf26a93-6d67-463f-8354-be220031fbd0,client_5,coordinator_0,NET_TRANSFER,0.000100,0.158000,Request Model ID
8956480.700986,2013,46495c9c-44a3-46a8-b20a-0f894ebc33f8,client_2,coordinator_0,NET_TRANSFER,0.000100,0.158000,Request Model ID
8956480.858986,2013,085d3a7d-70fd-43c2-a296-69bde04655f1,client_2,coordinator_0,NET_TRANSFER,0.000100,0.158000,Request Model ID
8956481.016986,9019,085d3a7d-70fd-43c2-a296-69bde04655f1,client_9,coordinator_0,NET_TRANSFER,0.000100,0.158000,Request Model ID
8956481.174986,6019,085d3a7d-70fd-43c2-a296-69bde04655f1,client_6,coordinator_0,NET_TRANSFER,0.000100,0.158000,Request Model ID
8956481.332986,6019,2fbefbbc-cd7c-4c4a-8885-b9904365f752,client_6,coordinator_0,NET_TRANSFER,0.000100,0.158000,Request Model ID
8956481.490986,6019,440ed019-eb73-495b-bf4d-60191542c668,client_6,coordinator_0,NET_TRANSFER,0.000100,0.158000,Request Model ID
8956481.648986,2015,2fbefbbc-cd7c-4c4a-8885-b9904365f752,client_2,coordinator_0,NET_TRANSFER,0.000100,0.158000,Request Model ID
8956481.806986,7017,ae73b5ce-6b5a-4c53-a7b1-f585b462e9d6,client_7,coordinator_0,NET_TRANSFER,0.000100,0.158000,Request Model ID
8956481.964986,6017,c6b782ab-5d37-4b75-97c7-b76805f61131,client_6,coordinator_0,NET_TRANSFER,0.000100,0.158000,Request Model ID
8956482.122986,4015,46495c9c-44a3-46a8-b20a-0f894ebc33f8,client_4,coordinator_0,NET_TRANSFER,0.000100,0.158000,Request Model ID
8956482.280986,2014,268b1d86-9c97-400b-bd0f-3d964dcdd718,client_2,coordinator_0,NET_TRANSFER,0.000100,0.158000,Request Model ID
8956482.438986,1015,440ed019-eb73-495b-bf4d-60191542c668,client_1,coordinator_0,NET_TRANSFER,0.000100,0.158000,Request Model ID
8956482.596986,2016,312345df-7924-49d3-ba5e-28aa13911279,client_2,coordinator_0,NET_TRANSFER,0.000100,0.158000,Request Model ID
8956482.754986,2015,cd2cf452-d2fc-4e99-8950-ca96ce00112d,client_2,coordinator_0,NET_TRANSFER,0.000100,0.158000,Request Model ID
8956482.912986,2015,312345df-7924-49d3-ba5e-28aa13911279,client_2,coordinator_0,NET_TRANSFER,0.000100,0.158000,Request Model ID
8956483.070986,1016,d5b6c0cc-7700-4a35-a3d8-1ca4767780d9,client_1,coordinator_0,NET_TRANSFER,0.000100,0.158000,Request Model ID
8956483.228986,8018,4f83123b-0543-468c-a0a2-4e04bef77ed4,client_8,coordinator_0,NET_TRANSFER,0.000100,0.158000,Request Model ID
8956483.386986,2017,7efb5967-3601-4091-bcc2-7bfed1a20e9d,client_2,coordinator_0,NET_TRANSFER,0.000100,0.158000,Request Model ID
8956483.544986,2018,ae73b5ce-6b5a-4c53-a7b1-f585b462e9d6,client_2,coordinator_0,NET_TRANSFER,0.000100,0.158000,Request Model ID
8956483.702986,2016,b846365e-24f9-4ee2-bb0e-678153c45917,client_2,coordinator_0,NET_TRANSFER,0.000100,0.158000,Request Model ID
8956483.860986,6018,b378f61c-a691-49d8-9683-2c451172ffd9,client_6,coordinator_0,NET_TRANSFER,0.000100,0.158000,Request Model ID
8956484.018986,8016,d5b6c0cc-7700-4a35-a3d8-1ca4767780d9,client_8,coordinator_0,NET_TRANSFER,0.000100,0.158000,Request Model ID
8956484.176986,6018,b378f61c-a691-49d8-9683-2c451172ffd9,client_6,coordinator_0,NET_TRANSFER,0.000100,0.158000,Request Model ID
8956484.334986,2017,b378f61c-a691-49d8-9683-2c451172ffd9,client_2,coordinator_0,NET_TRANSFER,0.000100,0.158000,Request Model ID
