VirtualTime_Sec,RequestID,ModelID,OriginNode,EndNode,Operation,Size_GB,Duration_Sec,Description
0.158000,10000,8488e8d8-c18c-49f8-8dc7-968d33f40119,client_10,coordinator_0,NET_TRANSFER,0.000100,0.158000,Request Model ID
0.316000,10000,8488e8d8-c18c-49f8-8dc7-968d33f40119,coordinator_0,client_10,NET_TRANSFER,0.000100,0.158000,Signal: Cache Miss / Request Weights
31962.403704,10000,8488e8d8-c18c-49f8-8dc7-968d33f40119,client_10,coordinator_0,NET_TRANSFER,399.524221,31962.087704,Upload Model Weights
32939.946571,10000,8488e8d8-c18c-49f8-8dc7-968d33f40119,coordinator_0,worker_1,NET_TRANSFER,12.217411,977.542867,Distribute Layer ID: 337f4f8b
32940.104571,1000,e8282f9d-ace8-4cdf-b62c-3d9f466a71e1,client_1,coordinator_0,NET_TRANSFER,0.000100,0.158000,Request Model ID
32940.262571,2000,0c0edddb-db74-420e-be90-7edecacd0b9f,client_2,coordinator_0,NET_TRANSFER,0.000100,0.158000,Request Model ID
32940.420571,4000,b23b9bcf-15a7-4d4a-87b3-f049d0b0b838,client_4,coordinator_0,NET_TRANSFER,0.000100,0.158000,Request Model ID
32940.578571,1001,0b62db0f-8759-4a61-a5b0-a086b4b62b3b,client_1,coordinator_0,NET_TRANSFER,0.000100,0.158000,Request Model ID
32940.674020,10000,8488e8d8-c18c-49f8-8dc7-968d33f40119,worker_1,worker_1,DISK_LOAD,12.217411,0.095449,"Disk -> RAM [Model: 8488e8d8, Layer: 337f4f8b]"
32940.769468,10000,8488e8d8-c18c-49f8-8dc7-968d33f40119,worker_1,worker_1,MEM_MOVE,12.217411,0.095449,"RAM -> VRAM [Model: 8488e8d8, Layer: 337f4f8b]"
32940.927468,4001,07ce1970-d96c-4f79-9d92-0a7594b4b14f,client_4,coordinator_0,NET_TRANSFER,0.000100,0.158000,Request Model ID
32941.085468,7000,f2f09d33-bafc-49ed-86c5-3675f4f61af7,client_7,coordinator_0,NET_TRANSFER,0.000100,0.158000,Request Model ID
32941.135468,10000,8488e8d8-c18c-49f8-8dc7-968d33f40119,worker_1,worker_1,GPU_COMPUTE,0.050000,0.050000,GPU Compute
32941.293468,10000,8488e8d8-c18c-49f8-8dc7-968d33f40119,worker_1,coordinator_0,NET_TRANSFER,0.000100,0.158000,Signal Finished
33641.044849,10000,8488e8d8-c18c-49f8-8dc7-968d33f40119,coordinator_0,worker_2,NET_TRANSFER,8.745017,699.751381,Distribute Layer ID: fe6087fc
33641.113169,10000,8488e8d8-c18c-49f8-8dc7-968d33f40119,worker_2,worker_2,DISK_LOAD,8.745017,0.068320,"Disk -> RAM [Model: 8488e8d8, Layer: fe6087fc]"
33641.181489,10000,8488e8d8-c18c-49f8-8dc7-968d33f40119,worker_2,worker_2,MEM_MOVE,8.745017,0.068320,"RAM -> VRAM [Model: 8488e8d8, Layer: fe6087fc]"
33641.231489,10000,8488e8d8-c18c-49f8-8dc7-968d33f40119,worker_2,worker_2,GPU_COMPUTE,0.050000,0.050000,GPU Compute
33641.389489,10000,8488e8d8-c18c-49f8-8dc7-968d33f40119,worker_2,coordinator_0,NET_TRANSFER,0.000100,0.158000,Signal Finished
34353.610958,10000,8488e8d8-c18c-49f8-8dc7-968d33f40119,coordinator_0,worker_3,NET_TRANSFER,8.900893,712.221469,Distribute Layer ID: 41828209
34353.680496,10000,8488e8d8-c18c-49f8-8dc7-968d33f40119,worker_3,worker_3,DISK_LOAD,8.900893,0.069538,"Disk -> RAM [Model: 8488e8d8, Layer: 41828209]"
34353.750035,10000,8488e8d8-c18c-49f8-8dc7-968d33f40119,worker_3,worker_3,MEM_MOVE,8.900893,0.069538,"RAM -> VRAM [Model: 8488e8d8, Layer: 41828209]"
34353.800035,10000,8488e8d8-c18c-49f8-8dc7-968d33f40119,worker_3,worker_3,GPU_COMPUTE,0.050000,0.050000,GPU Compute
34353.958035,10000,8488e8d8-c18c-49f8-8dc7-968d33f40119,worker_3,coordinator_0,NET_TRANSFER,0.000100,0.158000,Signal Finished
35464.104894,10000,8488e8d8-c18c-49f8-8dc7-968d33f40119,coordinator_0,worker_4,NET_TRANSFER,13.874961,1110.146860,Distribute Layer ID: a4d90fa9
35464.213292,10000,8488e8d8-c18c-49f8-8dc7-968d33f40119,worker_4,worker_4,DISK_LOAD,13.874961,0.108398,"Disk -> RAM [Model: 8488e8d8, Layer: a4d90fa9]"
35464.321691,10000,8488e8d8-c18c-49f8-8dc7-968d33f40119,worker_4,worker_4,MEM_MOVE,13.874961,0.108398,"RAM -> VRAM [Model: 8488e8d8, Layer: a4d90fa9]"
35464.371691,10000,8488e8d8-c18c-49f8-8dc7-968d33f40119,worker_4,worker_4,GPU_COMPUTE,0.050000,0.050000,GPU Compute
35464.529691,10000,8488e8d8-c18c-49f8-8dc7-968d33f40119,worker_4,coordinator_0,NET_TRANSFER,0.000100,0.158000,Signal Finished
35982.822770,10000,8488e8d8-c18c-49f8-8dc7-968d33f40119,coordinator_0,worker_1,NET_TRANSFER,6.476788,518.293080,Distribute Layer ID: 18c65d64
35982.873370,10000,8488e8d8-c18c-49f8-8dc7-968d33f40119,worker_1,worker_1,DISK_LOAD,6.476788,0.050600,"Disk -> RAM [Model: 8488e8d8, Layer: 18c65d64]"
35982.923970,10000,8488e8d8-c18c-49f8-8dc7-968d33f40119,worker_1,worker_1,MEM_MOVE,6.476788,0.050600,"RAM -> VRAM [Model: 8488e8d8, Layer: 18c65d64]"
35982.973970,10000,8488e8d8-c18c-49f8-8dc7-968d33f40119,worker_1,worker_1,GPU_COMPUTE,0.050000,0.050000,GPU Compute
35983.131970,10000,8488e8d8-c18c-49f8-8dc7-968d33f40119,worker_1,coordinator_0,NET_TRANSFER,0.000100,0.158000,Signal Finished
36544.282103,10000,8488e8d8-c18c-49f8-8dc7-968d33f40119,coordinator_0,worker_2,NET_TRANSFER,7.012502,561.150132,Distribute Layer ID: a05cbd68
36544.336888,10000,8488e8d8-c18c-49f8-8dc7-968d33f40119,worker_2,worker_2,DISK_LOAD,7.012502,0.054785,"Disk -> RAM [Model: 8488e8d8, Layer: a05cbd68]"
36544.391673,10000,8488e8d8-c18c-49f8-8dc7-968d33f40119,worker_2,worker_2,MEM_MOVE,7.012502,0.054785,"RAM -> VRAM [Model: 8488e8d8, Layer: a05cbd68]"
36544.441673,10000,8488e8d8-c18c-49f8-8dc7-968d33f40119,worker_2,worker_2,GPU_COMPUTE,0.050000,0.050000,GPU Compute
36544.599673,10000,8488e8d8-c18c-49f8-8dc7-968d33f40119,worker_2,coordinator_0,NET_TRANSFER,0.000100,0.158000,Signal Finished
36952.844642,10000,8488e8d8-c18c-49f8-8dc7-968d33f40119,coordinator_0,worker_3,NET_TRANSFER,5.101187,408.244969,Distribute Layer ID: 89121407
36952.884495,10000,8488e8d8-c18c-49f8-8dc7-968d33f40119,worker_3,worker_3,DISK_LOAD,5.101187,0.039853,"Disk -> RAM [Model: 8488e8d8, Layer: 89121407]"
36952.924348,10000,8488e8d8-c18c-49f8-8dc7-968d33f40119,worker_3,worker_3,MEM_MOVE,5.101187,0.039853,"RAM -> VRAM [Model: 8488e8d8, Layer: 89121407]"
36952.974348,10000,8488e8d8-c18c-49f8-8dc7-968d33f40119,worker_3,worker_3,GPU_COMPUTE,0.050000,0.050000,GPU Compute
36953.132348,10000,8488e8d8-c18c-49f8-8dc7-968d33f40119,worker_3,coordinator_0,NET_TRANSFER,0.000100,0.158000,Signal Finished
38121.605071,10000,8488e8d8-c18c-49f8-8dc7-968d33f40119,coordinator_0,worker_4,NET_TRANSFER,14.604034,1168.472723,Distribute Layer ID: 8e0ffffe
38121.719165,10000,8488e8d8-c18c-49f8-8dc7-968d33f40119,worker_4,worker_4,DISK_LOAD,14.604034,0.114094,"Disk -> RAM [Model: 8488e8d8, Layer: 8e0ffffe]"
38121.833259,10000,8488e8d8-c18c-49f8-8dc7-968d33f40119,worker_4,worker_4,MEM_MOVE,14.604034,0.114094,"RAM -> VRAM [Model: 8488e8d8, Layer: 8e0ffffe]"
38121.883259,10000,8488e8d8-c18c-49f8-8dc7-968d33f40119,worker_4,worker_4,GPU_COMPUTE,0.050000,0.050000,GPU Compute
38122.041259,10000,8488e8d8-c18c-49f8-8dc7-968d33f40119,worker_4,coordinator_0,NET_TRANSFER,0.000100,0.158000,Signal Finished
39237.275975,10000,8488e8d8-c18c-49f8-8dc7-968d33f40119,coordinator_0,worker_1,NET_TRANSFER,13.938559,1115.234716,Distribute Layer ID: a54c2011
39237.384870,10000,8488e8d8-c18c-49f8-8dc7-968d33f40119,worker_1,worker_1,DISK_LOAD,13.938559,0.108895,"Disk -> RAM [Model: 8488e8d8, Layer: a54c2011]"
39237.493765,10000,8488e8d8-c18c-49f8-8dc7-968d33f40119,worker_1,worker_1,MEM_MOVE,13.938559,0.108895,"RAM -> VRAM [Model: 8488e8d8, Layer: a54c2011]"
39237.543765,10000,8488e8d8-c18c-49f8-8dc7-968d33f40119,worker_1,worker_1,GPU_COMPUTE,0.050000,0.050000,GPU Compute
39237.701765,10000,8488e8d8-c18c-49f8-8dc7-968d33f40119,worker_1,coordinator_0,NET_TRANSFER,0.000100,0.158000,Signal Finished
40242.638794,10000,8488e8d8-c18c-49f8-8dc7-968d33f40119,coordinator_0,worker_2,NET_TRANSFER,12.559838,1004.937028,Distribute Layer ID: e23f6067
40242.736917,10000,8488e8d8-c18c-49f8-8dc7-968d33f40119,worker_2,worker_2,DISK_LOAD,12.559838,0.098124,"Disk -> RAM [Model: 8488e8d8, Layer: e23f6067]"
40242.835041,10000,8488e8d8-c18c-49f8-8dc7-968d33f40119,worker_2,worker_2,MEM_MOVE,12.559838,0.098124,"RAM -> VRAM [Model: 8488e8d8, Layer: e23f6067]"
40242.885041,10000,8488e8d8-c18c-49f8-8dc7-968d33f40119,worker_2,worker_2,GPU_COMPUTE,0.050000,0.050000,GPU Compute
40243.043041,10000,8488e8d8-c18c-49f8-8dc7-968d33f40119,worker_2,coordinator_0,NET_TRANSFER,0.000100,0.158000,Signal Finished
41423.642716,10000,8488e8d8-c18c-49f8-8dc7-968d33f40119,coordinator_0,worker_3,NET_TRANSFER,14.755621,1180.599675,Distribute Layer ID: 5c289ecf
41423.757994,10000,8488e8d8-c18c-49f8-8dc7-968d33f40119,worker_3,worker_3,DISK_LOAD,14.755621,0.115278,"Disk -> RAM [Model: 8488e8d8, Layer: 5c289ecf]"
41423.873273,10000,8488e8d8-c18c-49f8-8dc7-968d33f40119,worker_3,worker_3,MEM_MOVE,14.755621,0.115278,"RAM -> VRAM [Model: 8488e8d8, Layer: 5c289ecf]"
41423.923273,10000,8488e8d8-c18c-49f8-8dc7-968d33f40119,worker_3,worker_3,GPU_COMPUTE,0.050000,0.050000,GPU Compute
41424.081273,10000,8488e8d8-c18c-49f8-8dc7-968d33f40119,worker_3,coordinator_0,NET_TRANSFER,0.000100,0.158000,Signal Finished
42484.468731,10000,8488e8d8-c18c-49f8-8dc7-968d33f40119,coordinator_0,worker_4,NET_TRANSFER,13.252968,1060.387458,Distribute Layer ID: c5dda82b
42484.572269,10000,8488e8d8-c18c-49f8-8dc7-968d33f40119,worker_4,worker_4,DISK_LOAD,13.252968,0.103539,"Disk -> RAM [Model: 8488e8d8, Layer: c5dda82b]"
42484.675808,10000,8488e8d8-c18c-49f8-8dc7-968d33f40119,worker_4,worker_4,MEM_MOVE,13.252968,0.103539,"RAM -> VRAM [Model: 8488e8d8, Layer: c5dda82b]"
42484.725808,10000,8488e8d8-c18c-49f8-8dc7-968d33f40119,worker_4,worker_4,GPU_COMPUTE,0.050000,0.050000,GPU Compute
42484.883808,10000,8488e8d8-c18c-49f8-8dc7-968d33f40119,worker_4,coordinator_0,NET_TRANSFER,0.000100,0.158000,Signal Finished
42485.041808,3000,b42ec4c0-5247-4b28-9ada-769c5bad77e7,client_3,coordinator_0,NET_TRANSFER,0.000100,0.158000,Request Model ID
42901.146753,10000,8488e8d8-c18c-49f8-8dc7-968d33f40119,coordinator_0,worker_1,NET_TRANSFER,5.199437,416.104944,Distribute Layer ID: 68c11897
42901.187373,10000,8488e8d8-c18c-49f8-8dc7-968d33f40119,worker_1,worker_1,DISK_LOAD,5.199437,0.040621,"Disk -> RAM [Model: 8488e8d8, Layer: 68c11897]"
42901.227994,10000,8488e8d8-c18c-49f8-8dc7-968d33f40119,worker_1,worker_1,MEM_MOVE,5.199437,0.040621,"RAM -> VRAM [Model: 8488e8d8, Layer: 68c11897]"
42901.277994,10000,8488e8d8-c18c-49f8-8dc7-968d33f40119,worker_1,worker_1,GPU_COMPUTE,0.050000,0.050000,GPU Compute
42901.435994,10000,8488e8d8-c18c-49f8-8dc7-968d33f40119,worker_1,coordinator_0,NET_TRANSFER,0.000100,0.158000,Signal Finished
43674.958255,10000,8488e8d8-c18c-49f8-8dc7-968d33f40119,coordinator_0,worker_2,NET_TRANSFER,9.667153,773.522262,Distribute Layer ID: ec8ea38d
43675.033780,10000,8488e8d8-c18c-49f8-8dc7-968d33f40119,worker_2,worker_2,DISK_LOAD,9.667153,0.075525,"Disk -> RAM [Model: 8488e8d8, Layer: ec8ea38d]"
43675.109305,10000,8488e8d8-c18c-49f8-8dc7-968d33f40119,worker_2,worker_2,MEM_MOVE,9.667153,0.075525,"RAM -> VRAM [Model: 8488e8d8, Layer: ec8ea38d]"
43675.159305,10000,8488e8d8-c18c-49f8-8dc7-968d33f40119,worker_2,worker_2,GPU_COMPUTE,0.050000,0.050000,GPU Compute
43675.317305,10000,8488e8d8-c18c-49f8-8dc7-968d33f40119,worker_2,coordinator_0,NET_TRANSFER,0.000100,0.158000,Signal Finished
44873.696673,10000,8488e8d8-c18c-49f8-8dc7-968d33f40119,coordinator_0,worker_3,NET_TRANSFER,14.977867,1198.379368,Distribute Layer ID: a88e22cf
44873.813687,10000,8488e8d8-c18c-49f8-8dc7-968d33f40119,worker_3,worker_3,DISK_LOAD,14.977867,0.117015,"Disk -> RAM [Model: 8488e8d8, Layer: a88e22cf]"
44873.930702,10000,8488e8d8-c18c-49f8-8dc7-968d33f40119,worker_3,worker_3,MEM_MOVE,14.977867,0.117015,"RAM -> VRAM [Model: 8488e8d8, Layer: a88e22cf]"
44873.980702,10000,8488e8d8-c18c-49f8-8dc7-968d33f40119,worker_3,worker_3,GPU_COMPUTE,0.050000,0.050000,GPU Compute
44874.138702,10000,8488e8d8-c18c-49f8-8dc7-968d33f40119,worker_3,coordinator_0,NET_TRANSFER,0.000100,0.158000,Signal Finished
45495.320948,10000,8488e8d8-c18c-49f8-8dc7-968d33f40119,coordinator_0,worker_4,NET_TRANSFER,7.762903,621.182246,Distribute Layer ID: 5fe6db44
45495.381595,10000,8488e8d8-c18c-49f8-8dc7-968d33f40119,worker_4,worker_4,DISK_LOAD,7.762903,0.060648,"Disk -> RAM [Model: 8488e8d8, Layer: 5fe6db44]"
45495.442243,10000,8488e8d8-c18c-49f8-8dc7-968d33f40119,worker_4,worker_4,MEM_MOVE,7.762903,0.060648,"RAM -> VRAM [Model: 8488e8d8, Layer: 5fe6db44]"
45495.492243,10000,8488e8d8-c18c-49f8-8dc7-968d33f40119,worker_4,worker_4,GPU_COMPUTE,0.050000,0.050000,GPU Compute
45495.650243,10000,8488e8d8-c18c-49f8-8dc7-968d33f40119,worker_4,coordinator_0,NET_TRANSFER,0.000100,0.158000,Signal Finished
45924.888302,10000,8488e8d8-c18c-49f8-8dc7-968d33f40119,coordinator_0,worker_1,NET_TRANSFER,5.363601,429.238059,Distribute Layer ID: 61740369
45924.930205,10000,8488e8d8-c18c-49f8-8dc7-968d33f40119,worker_1,worker_1,DISK_LOAD,5.363601,0.041903,"Disk -> RAM [Model: 8488e8d8, Layer: 61740369]"
45924.972108,10000,8488e8d8-c18c-49f8-8dc7-968d33f40119,worker_1,worker_1,MEM_MOVE,5.363601,0.041903,"RAM -> VRAM [Model: 8488e8d8, Layer: 61740369]"
45925.022108,10000,8488e8d8-c18c-49f8-8dc7-968d33f40119,worker_1,worker_1,GPU_COMPUTE,0.050000,0.050000,GPU Compute
45925.180108,10000,8488e8d8-c18c-49f8-8dc7-968d33f40119,worker_1,coordinator_0,NET_TRANSFER,0.000100,0.158000,Signal Finished
46547.048011,10000,8488e8d8-c18c-49f8-8dc7-968d33f40119,coordinator_0,worker_2,NET_TRANSFER,7.771474,621.867902,Distribute Layer ID: 73eaa7c8
46547.108725,10000,8488e8d8-c18c-49f8-8dc7-968d33f40119,worker_2,worker_2,DISK_LOAD,7.771474,0.060715,"Disk -> RAM [Model: 8488e8d8, Layer: 73eaa7c8]"
46547.169440,10000,8488e8d8-c18c-49f8-8dc7-968d33f40119,worker_2,worker_2,MEM_MOVE,7.771474,0.060715,"RAM -> VRAM [Model: 8488e8d8, Layer: 73eaa7c8]"
46547.219440,10000,8488e8d8-c18c-49f8-8dc7-968d33f40119,worker_2,worker_2,GPU_COMPUTE,0.050000,0.050000,GPU Compute
46547.377440,10000,8488e8d8-c18c-49f8-8dc7-968d33f40119,worker_2,coordinator_0,NET_TRANSFER,0.000100,0.158000,Signal Finished
47578.139153,10000,8488e8d8-c18c-49f8-8dc7-968d33f40119,coordinator_0,worker_3,NET_TRANSFER,12.882646,1030.761713,Distribute Layer ID: 3622647a
47578.239799,10000,8488e8d8-c18c-49f8-8dc7-968d33f40119,worker_3,worker_3,DISK_LOAD,12.882646,0.100646,"Disk -> RAM [Model: 8488e8d8, Layer: 3622647a]"
47578.340444,10000,8488e8d8-c18c-49f8-8dc7-968d33f40119,worker_3,worker_3,MEM_MOVE,12.882646,0.100646,"RAM -> VRAM [Model: 8488e8d8, Layer: 3622647a]"
47578.390444,10000,8488e8d8-c18c-49f8-8dc7-968d33f40119,worker_3,worker_3,GPU_COMPUTE,0.050000,0.050000,GPU Compute
47578.548444,10000,8488e8d8-c18c-49f8-8dc7-968d33f40119,worker_3,coordinator_0,NET_TRANSFER,0.000100,0.158000,Signal Finished
48761.604033,10000,8488e8d8-c18c-49f8-8dc7-968d33f40119,coordinator_0,worker_4,NET_TRANSFER,14.786320,1183.055588,Distribute Layer ID: 1cd8c033
48761.719551,10000,8488e8d8-c18c-49f8-8dc7-968d33f40119,worker_4,worker_4,DISK_LOAD,14.786320,0.115518,"Disk -> RAM [Model: 8488e8d8, Layer: 1cd8c033]"
48761.835069,10000,8488e8d8-c18c-49f8-8dc7-968d33f40119,worker_4,worker_4,MEM_MOVE,14.786320,0.115518,"RAM -> VRAM [Model: 8488e8d8, Layer: 1cd8c033]"
48761.885069,10000,8488e8d8-c18c-49f8-8dc7-968d33f40119,worker_4,worker_4,GPU_COMPUTE,0.050000,0.050000,GPU Compute
48762.043069,10000,8488e8d8-c18c-49f8-8dc7-968d33f40119,worker_4,coordinator_0,NET_TRANSFER,0.000100,0.158000,Signal Finished
49725.404980,10000,8488e8d8-c18c-49f8-8dc7-968d33f40119,coordinator_0,worker_1,NET_TRANSFER,12.040149,963.361911,Distribute Layer ID: 654a7b73
49725.499044,10000,8488e8d8-c18c-49f8-8dc7-968d33f40119,worker_1,worker_1,DISK_LOAD,12.040149,0.094064,"Disk -> RAM [Model: 8488e8d8, Layer: 654a7b73]"
49725.593107,10000,8488e8d8-c18c-49f8-8dc7-968d33f40119,worker_1,worker_1,MEM_MOVE,12.040149,0.094064,"RAM -> VRAM [Model: 8488e8d8, Layer: 654a7b73]"
49725.643107,10000,8488e8d8-c18c-49f8-8dc7-968d33f40119,worker_1,worker_1,GPU_COMPUTE,0.050000,0.050000,GPU Compute
49725.801107,10000,8488e8d8-c18c-49f8-8dc7-968d33f40119,worker_1,coordinator_0,NET_TRANSFER,0.000100,0.158000,Signal Finished
50605.146129,10000,8488e8d8-c18c-49f8-8dc7-968d33f40119,coordinator_0,worker_2,NET_TRANSFER,10.989938,879.345022,Distribute Layer ID: 3ee85e2e
50605.231988,10000,8488e8d8-c18c-49f8-8dc7-968d33f40119,worker_2,worker_2,DISK_LOAD,10.989938,0.085859,"Disk -> RAM [Model: 8488e8d8, Layer: 3ee85e2e]"
50605.317847,10000,8488e8d8-c18c-49f8-8dc7-968d33f40119,worker_2,worker_2,MEM_MOVE,10.989938,0.085859,"RAM -> VRAM [Model: 8488e8d8, Layer: 3ee85e2e]"
50605.367847,10000,8488e8d8-c18c-49f8-8dc7-968d33f40119,worker_2,worker_2,GPU_COMPUTE,0.050000,0.050000,GPU Compute
50605.525847,10000,8488e8d8-c18c-49f8-8dc7-968d33f40119,worker_2,coordinator_0,NET_TRANSFER,0.000100,0.158000,Signal Finished
51647.748181,10000,8488e8d8-c18c-49f8-8dc7-968d33f40119,coordinator_0,worker_3,NET_TRANSFER,13.025904,1042.222334,Distribute Layer ID: 6a84b282
51647.849946,10000,8488e8d8-c18c-49f8-8dc7-968d33f40119,worker_3,worker_3,DISK_LOAD,13.025904,0.101765,"Disk -> RAM [Model: 8488e8d8, Layer: 6a84b282]"
51647.951711,10000,8488e8d8-c18c-49f8-8dc7-968d33f40119,worker_3,worker_3,MEM_MOVE,13.025904,0.101765,"RAM -> VRAM [Model: 8488e8d8, Layer: 6a84b282]"
51648.001711,10000,8488e8d8-c18c-49f8-8dc7-968d33f40119,worker_3,worker_3,GPU_COMPUTE,0.050000,0.050000,GPU Compute
51648.159711,10000,8488e8d8-c18c-49f8-8dc7-968d33f40119,worker_3,coordinator_0,NET_TRANSFER,0.000100,0.158000,Signal Finished
52352.409642,10000,8488e8d8-c18c-49f8-8dc7-968d33f40119,coordinator_0,worker_4,NET_TRANSFER,8.801249,704.249931,Distribute Layer ID: 9571c6a3
52352.478402,10000,8488e8d8-c18c-49f8-8dc7-968d33f40119,worker_4,worker_4,DISK_LOAD,8.801249,0.068760,"Disk -> RAM [Model: 8488e8d8, Layer: 9571c6a3]"
52352.547161,10000,8488e8d8-c18c-49f8-8dc7-968d33f40119,worker_4,worker_4,MEM_MOVE,8.801249,0.068760,"RAM -> VRAM [Model: 8488e8d8, Layer: 9571c6a3]"
52352.597161,10000,8488e8d8-c18c-49f8-8dc7-968d33f40119,worker_4,worker_4,GPU_COMPUTE,0.050000,0.050000,GPU Compute
52352.755161,10000,8488e8d8-c18c-49f8-8dc7-968d33f40119,worker_4,coordinator_0,NET_TRANSFER,0.000100,0.158000,Signal Finished
53278.010431,10000,8488e8d8-c18c-49f8-8dc7-968d33f40119,coordinator_0,worker_1,NET_TRANSFER,11.563816,925.255270,Distribute Layer ID: a2fee305
53278.100774,10000,8488e8d8-c18c-49f8-8dc7-968d33f40119,worker_1,worker_1,DISK_LOAD,11.563816,0.090342,"Disk -> RAM [Model: 8488e8d8, Layer: a2fee305]"
53278.191116,10000,8488e8d8-c18c-49f8-8dc7-968d33f40119,worker_1,worker_1,MEM_MOVE,11.563816,0.090342,"RAM -> VRAM [Model: 8488e8d8, Layer: a2fee305]"
53278.241116,10000,8488e8d8-c18c-49f8-8dc7-968d33f40119,worker_1,worker_1,GPU_COMPUTE,0.050000,0.050000,GPU Compute
53278.399116,10000,8488e8d8-c18c-49f8-8dc7-968d33f40119,worker_1,coordinator_0,NET_TRANSFER,0.000100,0.158000,Signal Finished
53933.646689,10000,8488e8d8-c18c-49f8-8dc7-968d33f40119,coordinator_0,worker_2,NET_TRANSFER,8.188720,655.247573,Distribute Layer ID: 698cb058
53933.710664,10000,8488e8d8-c18c-49f8-8dc7-968d33f40119,worker_2,worker_2,DISK_LOAD,8.188720,0.063974,"Disk -> RAM [Model: 8488e8d8, Layer: 698cb058]"
53933.774638,10000,8488e8d8-c18c-49f8-8dc7-968d33f40119,worker_2,worker_2,MEM_MOVE,8.188720,0.063974,"RAM -> VRAM [Model: 8488e8d8, Layer: 698cb058]"
53933.824638,10000,8488e8d8-c18c-49f8-8dc7-968d33f40119,worker_2,worker_2,GPU_COMPUTE,0.050000,0.050000,GPU Compute
53933.982638,10000,8488e8d8-c18c-49f8-8dc7-968d33f40119,worker_2,coordinator_0,NET_TRANSFER,0.000100,0.158000,Signal Finished
54475.142994,10000,8488e8d8-c18c-49f8-8dc7-968d33f40119,coordinator_0,worker_3,NET_TRANSFER,6.762629,541.160356,Distribute Layer ID: d9214933
54475.195827,10000,8488e8d8-c18c-49f8-8dc7-968d33f40119,worker_3,worker_3,DISK_LOAD,6.762629,0.052833,"Disk -> RAM [Model: 8488e8d8, Layer: d9214933]"
54475.248660,10000,8488e8d8-c18c-49f8-8dc7-968d33f40119,worker_3,worker_3,MEM_MOVE,6.762629,0.052833,"RAM -> VRAM [Model: 8488e8d8, Layer: d9214933]"
54475.298660,10000,8488e8d8-c18c-49f8-8dc7-968d33f40119,worker_3,worker_3,GPU_COMPUTE,0.050000,0.050000,GPU Compute
54475.456660,10000,8488e8d8-c18c-49f8-8dc7-968d33f40119,worker_3,coordinator_0,NET_TRANSFER,0.000100,0.158000,Signal Finished
55330.861686,10000,8488e8d8-c18c-49f8-8dc7-968d33f40119,coordinator_0,worker_4,NET_TRANSFER,10.690688,855.405026,Distribute Layer ID: 9144e71b
55330.945207,10000,8488e8d8-c18c-49f8-8dc7-968d33f40119,worker_4,worker_4,DISK_LOAD,10.690688,0.083521,"Disk -> RAM [Model: 8488e8d8, Layer: 9144e71b]"
55331.028728,10000,8488e8d8-c18c-49f8-8dc7-968d33f40119,worker_4,worker_4,MEM_MOVE,10.690688,0.083521,"RAM -> VRAM [Model: 8488e8d8, Layer: 9144e71b]"
55331.078728,10000,8488e8d8-c18c-49f8-8dc7-968d33f40119,worker_4,worker_4,GPU_COMPUTE,0.050000,0.050000,GPU Compute
55331.236728,10000,8488e8d8-c18c-49f8-8dc7-968d33f40119,worker_4,coordinator_0,NET_TRANSFER,0.000100,0.158000,Signal Finished
55923.739873,10000,8488e8d8-c18c-49f8-8dc7-968d33f40119,coordinator_0,worker_1,NET_TRANSFER,7.404414,592.503146,Distribute Layer ID: 7ed576fc
55923.797720,10000,8488e8d8-c18c-49f8-8dc7-968d33f40119,worker_1,worker_1,DISK_LOAD,7.404414,0.057847,"Disk -> RAM [Model: 8488e8d8, Layer: 7ed576fc]"
55923.855567,10000,8488e8d8-c18c-49f8-8dc7-968d33f40119,worker_1,worker_1,MEM_MOVE,7.404414,0.057847,"RAM -> VRAM [Model: 8488e8d8, Layer: 7ed576fc]"
55923.905567,10000,8488e8d8-c18c-49f8-8dc7-968d33f40119,worker_1,worker_1,GPU_COMPUTE,0.050000,0.050000,GPU Compute
55924.063567,10000,8488e8d8-c18c-49f8-8dc7-968d33f40119,worker_1,coordinator_0,NET_TRANSFER,0.000100,0.158000,Signal Finished
56812.016913,10000,8488e8d8-c18c-49f8-8dc7-968d33f40119,coordinator_0,worker_2,NET_TRANSFER,11.097542,887.953346,Distribute Layer ID: d4f18df4
56812.103613,10000,8488e8d8-c18c-49f8-8dc7-968d33f40119,worker_2,worker_2,DISK_LOAD,11.097542,0.086700,"Disk -> RAM [Model: 8488e8d8, Layer: d4f18df4]"
56812.190312,10000,8488e8d8-c18c-49f8-8dc7-968d33f40119,worker_2,worker_2,MEM_MOVE,11.097542,0.086700,"RAM -> VRAM [Model: 8488e8d8, Layer: d4f18df4]"
56812.240312,10000,8488e8d8-c18c-49f8-8dc7-968d33f40119,worker_2,worker_2,GPU_COMPUTE,0.050000,0.050000,GPU Compute
56812.398312,10000,8488e8d8-c18c-49f8-8dc7-968d33f40119,worker_2,coordinator_0,NET_TRANSFER,0.000100,0.158000,Signal Finished
57957.577458,10000,8488e8d8-c18c-49f8-8dc7-968d33f40119,coordinator_0,worker_3,NET_TRANSFER,14.312864,1145.179146,Distribute Layer ID: 90b3769c
57957.689278,10000,8488e8d8-c18c-49f8-8dc7-968d33f40119,worker_3,worker_3,DISK_LOAD,14.312864,0.111819,"Disk -> RAM [Model: 8488e8d8, Layer: 90b3769c]"
57957.801097,10000,8488e8d8-c18c-49f8-8dc7-968d33f40119,worker_3,worker_3,MEM_MOVE,14.312864,0.111819,"RAM -> VRAM [Model: 8488e8d8, Layer: 90b3769c]"
57957.851097,10000,8488e8d8-c18c-49f8-8dc7-968d33f40119,worker_3,worker_3,GPU_COMPUTE,0.050000,0.050000,GPU Compute
57958.009097,10000,8488e8d8-c18c-49f8-8dc7-968d33f40119,worker_3,coordinator_0,NET_TRANSFER,0.000100,0.158000,Signal Finished
58739.471694,10000,8488e8d8-c18c-49f8-8dc7-968d33f40119,coordinator_0,worker_4,NET_TRANSFER,9.766407,781.462597,Distribute Layer ID: e479f24a
58739.547994,10000,8488e8d8-c18c-49f8-8dc7-968d33f40119,worker_4,worker_4,DISK_LOAD,9.766407,0.076300,"Disk -> RAM [Model: 8488e8d8, Layer: e479f24a]"
58739.624294,10000,8488e8d8-c18c-49f8-8dc7-968d33f40119,worker_4,worker_4,MEM_MOVE,9.766407,0.076300,"RAM -> VRAM [Model: 8488e8d8, Layer: e479f24a]"
58739.674294,10000,8488e8d8-c18c-49f8-8dc7-968d33f40119,worker_4,worker_4,GPU_COMPUTE,0.050000,0.050000,GPU Compute
58739.832294,9002,9c81d38f-4803-4d2e-95b8-696113bfef4f,client_9,coordinator_0,NET_TRANSFER,0.000100,0.158000,Request Model ID
58739.990294,10000,683e1def-e889-4ef7-a89d-272f6bad72d3,client_10,coordinator_0,NET_TRANSFER,0.000100,0.158000,Request Model ID
58740.148294,10000,a886fc6a-5258-4d93-a875-f3db69b17d98,client_10,coordinator_0,NET_TRANSFER,0.000100,0.158000,Request Model ID
58740.306294,1000,7b482c9c-fddc-4070-b1ff-d34c65aeddf9,client_1,coordinator_0,NET_TRANSFER,0.000100,0.158000,Request Model ID
58740.464294,2000,c058df17-9e88-4847-baf4-6e2c889e8d4d,client_2,coordinator_0,NET_TRANSFER,0.000100,0.158000,Request Model ID
58740.622294,3000,b23b9bcf-15a7-4d4a-87b3-f049d0b0b838,client_3,coordinator_0,NET_TRANSFER,0.000100,0.158000,Request Model ID
58740.780294,4000,0c0edddb-db74-420e-be90-7edecacd0b9f,client_4,coordinator_0,NET_TRANSFER,0.000100,0.158000,Request Model ID
58740.938294,4000,c058df17-9e88-4847-baf4-6e2c889e8d4d,client_4,coordinator_0,NET_TRANSFER,0.000100,0.158000,Request Model ID
58741.096294,4000,a886fc6a-5258-4d93-a875-f3db69b17d98,client_4,coordinator_0,NET_TRANSFER,0.000100,0.158000,Request Model ID
58741.254294,5000,bdd36ae2-6ffc-42e7-b48e-12b94d23dc1c,client_5,coordinator_0,NET_TRANSFER,0.000100,0.158000,Request Model ID
58741.412294,5000,334a2444-41d5-4755-9f47-d94f7c2a58be,client_5,coordinator_0,NET_TRANSFER,0.000100,0.158000,Request Model ID
58741.570294,5000,07a8404e-b389-42f4-9eba-f552b8fcd4a4,client_5,coordinator_0,NET_TRANSFER,0.000100,0.158000,Request Model ID
58741.728294,10000,8488e8d8-c18c-49f8-8dc7-968d33f40119,worker_4,coordinator_0,NET_TRANSFER,0.000100,0.158000,Signal Finished
59343.222597,10000,8488e8d8-c18c-49f8-8dc7-968d33f40119,coordinator_0,worker_1,NET_TRANSFER,7.516804,601.494303,Distribute Layer ID: cbaa708a
59343.281322,10000,8488e8d8-c18c-49f8-8dc7-968d33f40119,worker_1,worker_1,DISK_LOAD,7.516804,0.058725,"Disk -> RAM [Model: 8488e8d8, Layer: cbaa708a]"
59343.340047,10000,8488e8d8-c18c-49f8-8dc7-968d33f40119,worker_1,worker_1,MEM_MOVE,7.516804,0.058725,"RAM -> VRAM [Model: 8488e8d8, Layer: cbaa708a]"
59343.390047,10000,8488e8d8-c18c-49f8-8dc7-968d33f40119,worker_1,worker_1,GPU_COMPUTE,0.050000,0.050000,GPU Compute
59343.548047,10000,8488e8d8-c18c-49f8-8dc7-968d33f40119,worker_1,coordinator_0,NET_TRANSFER,0.000100,0.158000,Signal Finished
60495.071416,10000,8488e8d8-c18c-49f8-8dc7-968d33f40119,coordinator_0,worker_2,NET_TRANSFER,14.392167,1151.523369,Distribute Layer ID: 9d8a4ec1
60495.183855,10000,8488e8d8-c18c-49f8-8dc7-968d33f40119,worker_2,worker_2,DISK_LOAD,14.392167,0.112439,"Disk -> RAM [Model: 8488e8d8, Layer: 9d8a4ec1]"
60495.296294,10000,8488e8d8-c18c-49f8-8dc7-968d33f40119,worker_2,worker_2,MEM_MOVE,14.392167,0.112439,"RAM -> VRAM [Model: 8488e8d8, Layer: 9d8a4ec1]"
60495.346294,10000,8488e8d8-c18c-49f8-8dc7-968d33f40119,worker_2,worker_2,GPU_COMPUTE,0.050000,0.050000,GPU Compute
60495.504294,10000,8488e8d8-c18c-49f8-8dc7-968d33f40119,worker_2,coordinator_0,NET_TRANSFER,0.000100,0.158000,Signal Finished
60495.662294,10001,9c81d38f-4803-4d2e-95b8-696113bfef4f,client_10,coordinator_0,NET_TRANSFER,0.000100,0.158000,Request Model ID
60940.861297,10000,8488e8d8-c18c-49f8-8dc7-968d33f40119,coordinator_0,worker_3,NET_TRANSFER,5.563113,445.199003,Distribute Layer ID: 2459eec9
60940.904758,10000,8488e8d8-c18c-49f8-8dc7-968d33f40119,worker_3,worker_3,DISK_LOAD,5.563113,0.043462,"Disk -> RAM [Model: 8488e8d8, Layer: 2459eec9]"
60940.948220,10000,8488e8d8-c18c-49f8-8dc7-968d33f40119,worker_3,worker_3,MEM_MOVE,5.563113,0.043462,"RAM -> VRAM [Model: 8488e8d8, Layer: 2459eec9]"
60940.998220,10000,8488e8d8-c18c-49f8-8dc7-968d33f40119,worker_3,worker_3,GPU_COMPUTE,0.050000,0.050000,GPU Compute
60941.156220,10000,8488e8d8-c18c-49f8-8dc7-968d33f40119,worker_3,coordinator_0,NET_TRANSFER,0.000100,0.158000,Signal Finished
62139.743154,10000,8488e8d8-c18c-49f8-8dc7-968d33f40119,coordinator_0,worker_4,NET_TRANSFER,14.980462,1198.586933,Distribute Layer ID: b9190168
62139.860188,10000,8488e8d8-c18c-49f8-8dc7-968d33f40119,worker_4,worker_4,DISK_LOAD,14.980462,0.117035,"Disk -> RAM [Model: 8488e8d8, Layer: b9190168]"
62139.977223,10000,8488e8d8-c18c-49f8-8dc7-968d33f40119,worker_4,worker_4,MEM_MOVE,14.980462,0.117035,"RAM -> VRAM [Model: 8488e8d8, Layer: b9190168]"
62140.027223,10000,8488e8d8-c18c-49f8-8dc7-968d33f40119,worker_4,worker_4,GPU_COMPUTE,0.050000,0.050000,GPU Compute
62140.185223,10000,8488e8d8-c18c-49f8-8dc7-968d33f40119,worker_4,coordinator_0,NET_TRANSFER,0.000100,0.158000,Signal Finished
62667.586975,10000,8488e8d8-c18c-49f8-8dc7-968d33f40119,coordinator_0,worker_1,NET_TRANSFER,6.590647,527.401751,Distribute Layer ID: c6b7fdd2
62667.638464,10000,8488e8d8-c18c-49f8-8dc7-968d33f40119,worker_1,worker_1,DISK_LOAD,6.590647,0.051489,"Disk -> RAM [Model: 8488e8d8, Layer: c6b7fdd2]"
62667.689953,10000,8488e8d8-c18c-49f8-8dc7-968d33f40119,worker_1,worker_1,MEM_MOVE,6.590647,0.051489,"RAM -> VRAM [Model: 8488e8d8, Layer: c6b7fdd2]"
62667.739953,10000,8488e8d8-c18c-49f8-8dc7-968d33f40119,worker_1,worker_1,GPU_COMPUTE,0.050000,0.050000,GPU Compute
62667.897953,10000,8488e8d8-c18c-49f8-8dc7-968d33f40119,worker_1,coordinator_0,NET_TRANSFER,0.000100,0.158000,Signal Finished
63396.467109,10000,8488e8d8-c18c-49f8-8dc7-968d33f40119,coordinator_0,worker_2,NET_TRANSFER,9.105239,728.569156,Distribute Layer ID: 99a99cc9
63396.538244,10000,8488e8d8-c18c-49f8-8dc7-968d33f40119,worker_2,worker_2,DISK_LOAD,9.105239,0.071135,"Disk -> RAM [Model: 8488e8d8, Layer: 99a99cc9]"
63396.609378,10000,8488e8d8-c18c-49f8-8dc7-968d33f40119,worker_2,worker_2,MEM_MOVE,9.105239,0.071135,"RAM -> VRAM [Model: 8488e8d8, Layer: 99a99cc9]"
63396.659378,10000,8488e8d8-c18c-49f8-8dc7-968d33f40119,worker_2,worker_2,GPU_COMPUTE,0.050000,0.050000,GPU Compute
63396.817378,10000,8488e8d8-c18c-49f8-8dc7-968d33f40119,worker_2,coordinator_0,NET_TRANSFER,0.000100,0.158000,Signal Finished
63947.390469,10000,8488e8d8-c18c-49f8-8dc7-968d33f40119,coordinator_0,worker_3,NET_TRANSFER,6.880289,550.573091,Distribute Layer ID: ec9ebe64
63947.548469,9000,07ce1970-d96c-4f79-9d92-0a7594b4b14f,client_9,coordinator_0,NET_TRANSFER,0.000100,0.158000,Request Model ID
63947.706469,5001,5da2df27-cf63-4c4c-ae5e-62dac7a03a3d,client_5,coordinator_0,NET_TRANSFER,0.000100,0.158000,Request Model ID
63947.864469,10000,d039aa0d-a9b0-41b0-9698-e239ca19fdf4,client_10,coordinator_0,NET_TRANSFER,0.000100,0.158000,Request Model ID
63948.022469,9001,9c81d38f-4803-4d2e-95b8-696113bfef4f,client_9,coordinator_0,NET_TRANSFER,0.000100,0.158000,Request Model ID
63948.076221,10000,8488e8d8-c18c-49f8-8dc7-968d33f40119,worker_3,worker_3,DISK_LOAD,6.880289,0.053752,"Disk -> RAM [Model: 8488e8d8, Layer: ec9ebe64]"
63948.129974,10000,8488e8d8-c18c-49f8-8dc7-968d33f40119,worker_3,worker_3,MEM_MOVE,6.880289,0.053752,"RAM -> VRAM [Model: 8488e8d8, Layer: ec9ebe64]"
63948.179974,10000,8488e8d8-c18c-49f8-8dc7-968d33f40119,worker_3,worker_3,GPU_COMPUTE,0.050000,0.050000,GPU Compute
63948.337974,10000,8488e8d8-c18c-49f8-8dc7-968d33f40119,worker_3,coordinator_0,NET_TRANSFER,0.000100,0.158000,Signal Finished
63948.495974,1000,e8282f9d-ace8-4cdf-b62c-3d9f466a71e1,coordinator_0,client_1,NET_TRANSFER,0.000100,0.158000,Signal: Cache Miss / Request Weights
90114.758773,1000,e8282f9d-ace8-4cdf-b62c-3d9f466a71e1,client_1,coordinator_0,NET_TRANSFER,327.076410,26166.262800,Upload Model Weights
90693.669457,1000,e8282f9d-ace8-4cdf-b62c-3d9f466a71e1,coordinator_0,worker_1,NET_TRANSFER,7.234509,578.910684,Distribute Layer ID: 3ef01b44
90693.725977,1000,e8282f9d-ace8-4cdf-b62c-3d9f466a71e1,worker_1,worker_1,DISK_LOAD,7.234509,0.056520,"Disk -> RAM [Model: e8282f9d, Layer: 3ef01b44]"
90693.782497,1000,e8282f9d-ace8-4cdf-b62c-3d9f466a71e1,worker_1,worker_1,MEM_MOVE,7.234509,0.056520,"RAM -> VRAM [Model: e8282f9d, Layer: 3ef01b44]"
90693.832497,1000,e8282f9d-ace8-4cdf-b62c-3d9f466a71e1,worker_1,worker_1,GPU_COMPUTE,0.050000,0.050000,GPU Compute
90693.990497,1000,e8282f9d-ace8-4cdf-b62c-3d9f466a71e1,worker_1,coordinator_0,NET_TRANSFER,0.000100,0.158000,Signal Finished
91613.987388,1000,e8282f9d-ace8-4cdf-b62c-3d9f466a71e1,coordinator_0,worker_2,NET_TRANSFER,11.498086,919.996892,Distribute Layer ID: db156c36
91614.077217,1000,e8282f9d-ace8-4cdf-b62c-3d9f466a71e1,worker_2,worker_2,DISK_LOAD,11.498086,0.089829,"Disk -> RAM [Model: e8282f9d, Layer: db156c36]"
91614.167046,1000,e8282f9d-ace8-4cdf-b62c-3d9f466a71e1,worker_2,worker_2,MEM_MOVE,11.498086,0.089829,"RAM -> VRAM [Model: e8282f9d, Layer: db156c36]"
91614.217046,1000,e8282f9d-ace8-4cdf-b62c-3d9f466a71e1,worker_2,worker_2,GPU_COMPUTE,0.050000,0.050000,GPU Compute
91614.375046,1000,e8282f9d-ace8-4cdf-b62c-3d9f466a71e1,worker_2,coordinator_0,NET_TRANSFER,0.000100,0.158000,Signal Finished
92246.890174,1000,e8282f9d-ace8-4cdf-b62c-3d9f466a71e1,coordinator_0,worker_3,NET_TRANSFER,7.904564,632.515128,Distribute Layer ID: 4a317503
92246.951928,1000,e8282f9d-ace8-4cdf-b62c-3d9f466a71e1,worker_3,worker_3,DISK_LOAD,7.904564,0.061754,"Disk -> RAM [Model: e8282f9d, Layer: 4a317503]"
92247.013682,1000,e8282f9d-ace8-4cdf-b62c-3d9f466a71e1,worker_3,worker_3,MEM_MOVE,7.904564,0.061754,"RAM -> VRAM [Model: e8282f9d, Layer: 4a317503]"
92247.063682,1000,e8282f9d-ace8-4cdf-b62c-3d9f466a71e1,worker_3,worker_3,GPU_COMPUTE,0.050000,0.050000,GPU Compute
92247.221682,1000,e8282f9d-ace8-4cdf-b62c-3d9f466a71e1,worker_3,coordinator_0,NET_TRANSFER,0.000100,0.158000,Signal Finished
93241.963021,1000,e8282f9d-ace8-4cdf-b62c-3d9f466a71e1,coordinator_0,worker_4,NET_TRANSFER,12.432392,994.741338,Distribute Layer ID: 09694058
93242.060149,1000,e8282f9d-ace8-4cdf-b62c-3d9f466a71e1,worker_4,worker_4,DISK_LOAD,12.432392,0.097128,"Disk -> RAM [Model: e8282f9d, Layer: 09694058]"
93242.157277,1000,e8282f9d-ace8-4cdf-b62c-3d9f466a71e1,worker_4,worker_4,MEM_MOVE,12.432392,0.097128,"RAM -> VRAM [Model: e8282f9d, Layer: 09694058]"
93242.207277,1000,e8282f9d-ace8-4cdf-b62c-3d9f466a71e1,worker_4,worker_4,GPU_COMPUTE,0.050000,0.050000,GPU Compute
93242.365277,1000,e8282f9d-ace8-4cdf-b62c-3d9f466a71e1,worker_4,coordinator_0,NET_TRANSFER,0.000100,0.158000,Signal Finished
94087.729630,1000,e8282f9d-ace8-4cdf-b62c-3d9f466a71e1,coordinator_0,worker_1,NET_TRANSFER,10.565179,845.364353,Distribute Layer ID: 7ec3f5f8
94087.812170,1000,e8282f9d-ace8-4cdf-b62c-3d9f466a71e1,worker_1,worker_1,DISK_LOAD,10.565179,0.082540,"Disk -> RAM [Model: e8282f9d, Layer: 7ec3f5f8]"
94087.894711,1000,e8282f9d-ace8-4cdf-b62c-3d9f466a71e1,worker_1,worker_1,MEM_MOVE,10.565179,0.082540,"RAM -> VRAM [Model: e8282f9d, Layer: 7ec3f5f8]"
94087.944711,1000,e8282f9d-ace8-4cdf-b62c-3d9f466a71e1,worker_1,worker_1,GPU_COMPUTE,0.050000,0.050000,GPU Compute
94088.102711,1000,e8282f9d-ace8-4cdf-b62c-3d9f466a71e1,worker_1,coordinator_0,NET_TRANSFER,0.000100,0.158000,Signal Finished
94500.770251,1000,e8282f9d-ace8-4cdf-b62c-3d9f466a71e1,coordinator_0,worker_2,NET_TRANSFER,5.156469,412.667540,Distribute Layer ID: 39c8756d
94500.810536,1000,e8282f9d-ace8-4cdf-b62c-3d9f466a71e1,worker_2,worker_2,DISK_LOAD,5.156469,0.040285,"Disk -> RAM [Model: e8282f9d, Layer: 39c8756d]"
94500.850821,1000,e8282f9d-ace8-4cdf-b62c-3d9f466a71e1,worker_2,worker_2,MEM_MOVE,5.156469,0.040285,"RAM -> VRAM [Model: e8282f9d, Layer: 39c8756d]"
94500.900821,1000,e8282f9d-ace8-4cdf-b62c-3d9f466a71e1,worker_2,worker_2,GPU_COMPUTE,0.050000,0.050000,GPU Compute
94501.058821,1000,e8282f9d-ace8-4cdf-b62c-3d9f466a71e1,worker_2,coordinator_0,NET_TRANSFER,0.000100,0.158000,Signal Finished
94969.656167,1000,e8282f9d-ace8-4cdf-b62c-3d9f466a71e1,coordinator_0,worker_3,NET_TRANSFER,5.855592,468.597346,Distribute Layer ID: 5d0d8167
94969.701913,1000,e8282f9d-ace8-4cdf-b62c-3d9f466a71e1,worker_3,worker_3,DISK_LOAD,5.855592,0.045747,"Disk -> RAM [Model: e8282f9d, Layer: 5d0d8167]"
94969.747660,1000,e8282f9d-ace8-4cdf-b62c-3d9f466a71e1,worker_3,worker_3,MEM_MOVE,5.855592,0.045747,"RAM -> VRAM [Model: e8282f9d, Layer: 5d0d8167]"
94969.797660,1000,e8282f9d-ace8-4cdf-b62c-3d9f466a71e1,worker_3,worker_3,GPU_COMPUTE,0.050000,0.050000,GPU Compute
94969.955660,1000,e8282f9d-ace8-4cdf-b62c-3d9f466a71e1,worker_3,coordinator_0,NET_TRANSFER,0.000100,0.158000,Signal Finished
95867.086227,1000,e8282f9d-ace8-4cdf-b62c-3d9f466a71e1,coordinator_0,worker_4,NET_TRANSFER,11.212257,897.130567,Distribute Layer ID: 525e3ce0
95867.173823,1000,e8282f9d-ace8-4cdf-b62c-3d9f466a71e1,worker_4,worker_4,DISK_LOAD,11.212257,0.087596,"Disk -> RAM [Model: e8282f9d, Layer: 525e3ce0]"
95867.261418,1000,e8282f9d-ace8-4cdf-b62c-3d9f466a71e1,worker_4,worker_4,MEM_MOVE,11.212257,0.087596,"RAM -> VRAM [Model: e8282f9d, Layer: 525e3ce0]"
95867.311418,1000,e8282f9d-ace8-4cdf-b62c-3d9f466a71e1,worker_4,worker_4,GPU_COMPUTE,0.050000,0.050000,GPU Compute
95867.469418,1000,e8282f9d-ace8-4cdf-b62c-3d9f466a71e1,worker_4,coordinator_0,NET_TRANSFER,0.000100,0.158000,Signal Finished
96395.039883,1000,e8282f9d-ace8-4cdf-b62c-3d9f466a71e1,coordinator_0,worker_1,NET_TRANSFER,6.592756,527.570465,Distribute Layer ID: 790c4f89
96395.091389,1000,e8282f9d-ace8-4cdf-b62c-3d9f466a71e1,worker_1,worker_1,DISK_LOAD,6.592756,0.051506,"Disk -> RAM [Model: e8282f9d, Layer: 790c4f89]"
96395.142895,1000,e8282f9d-ace8-4cdf-b62c-3d9f466a71e1,worker_1,worker_1,MEM_MOVE,6.592756,0.051506,"RAM -> VRAM [Model: e8282f9d, Layer: 790c4f89]"
96395.192895,1000,e8282f9d-ace8-4cdf-b62c-3d9f466a71e1,worker_1,worker_1,GPU_COMPUTE,0.050000,0.050000,GPU Compute
96395.350895,1000,e8282f9d-ace8-4cdf-b62c-3d9f466a71e1,worker_1,coordinator_0,NET_TRANSFER,0.000100,0.158000,Signal Finished
96865.435644,1000,e8282f9d-ace8-4cdf-b62c-3d9f466a71e1,coordinator_0,worker_2,NET_TRANSFER,5.874184,470.084749,Distribute Layer ID: f795477e
96865.481536,1000,e8282f9d-ace8-4cdf-b62c-3d9f466a71e1,worker_2,worker_2,DISK_LOAD,5.874184,0.045892,"Disk -> RAM [Model: e8282f9d, Layer: f795477e]"
96865.527428,1000,e8282f9d-ace8-4cdf-b62c-3d9f466a71e1,worker_2,worker_2,MEM_MOVE,5.874184,0.045892,"RAM -> VRAM [Model: e8282f9d, Layer: f795477e]"
96865.577428,1000,e8282f9d-ace8-4cdf-b62c-3d9f466a71e1,worker_2,worker_2,GPU_COMPUTE,0.050000,0.050000,GPU Compute
96865.735428,1000,e8282f9d-ace8-4cdf-b62c-3d9f466a71e1,worker_2,coordinator_0,NET_TRANSFER,0.000100,0.158000,Signal Finished
97890.741741,1000,e8282f9d-ace8-4cdf-b62c-3d9f466a71e1,coordinator_0,worker_3,NET_TRANSFER,12.810704,1025.006312,Distribute Layer ID: 7bb80658
97890.841825,1000,e8282f9d-ace8-4cdf-b62c-3d9f466a71e1,worker_3,worker_3,DISK_LOAD,12.810704,0.100084,"Disk -> RAM [Model: e8282f9d, Layer: 7bb80658]"
97890.941908,1000,e8282f9d-ace8-4cdf-b62c-3d9f466a71e1,worker_3,worker_3,MEM_MOVE,12.810704,0.100084,"RAM -> VRAM [Model: e8282f9d, Layer: 7bb80658]"
97890.991908,1000,e8282f9d-ace8-4cdf-b62c-3d9f466a71e1,worker_3,worker_3,GPU_COMPUTE,0.050000,0.050000,GPU Compute
97891.149908,1000,e8282f9d-ace8-4cdf-b62c-3d9f466a71e1,worker_3,coordinator_0,NET_TRANSFER,0.000100,0.158000,Signal Finished
98499.821497,1000,e8282f9d-ace8-4cdf-b62c-3d9f466a71e1,coordinator_0,worker_4,NET_TRANSFER,7.606520,608.671588,Distribute Layer ID: a5807159
98499.880923,1000,e8282f9d-ace8-4cdf-b62c-3d9f466a71e1,worker_4,worker_4,DISK_LOAD,7.606520,0.059426,"Disk -> RAM [Model: e8282f9d, Layer: a5807159]"
98499.940348,1000,e8282f9d-ace8-4cdf-b62c-3d9f466a71e1,worker_4,worker_4,MEM_MOVE,7.606520,0.059426,"RAM -> VRAM [Model: e8282f9d, Layer: a5807159]"
98499.990348,1000,e8282f9d-ace8-4cdf-b62c-3d9f466a71e1,worker_4,worker_4,GPU_COMPUTE,0.050000,0.050000,GPU Compute
98500.148348,1000,e8282f9d-ace8-4cdf-b62c-3d9f466a71e1,worker_4,coordinator_0,NET_TRANSFER,0.000100,0.158000,Signal Finished
99014.258363,1000,e8282f9d-ace8-4cdf-b62c-3d9f466a71e1,coordinator_0,worker_1,NET_TRANSFER,6.424500,514.110015,Distribute Layer ID: 0bc37fae
99014.308554,1000,e8282f9d-ace8-4cdf-b62c-3d9f466a71e1,worker_1,worker_1,DISK_LOAD,6.424500,0.050191,"Disk -> RAM [Model: e8282f9d, Layer: 0bc37fae]"
99014.358746,1000,e8282f9d-ace8-4cdf-b62c-3d9f466a71e1,worker_1,worker_1,MEM_MOVE,6.424500,0.050191,"RAM -> VRAM [Model: e8282f9d, Layer: 0bc37fae]"
99014.408746,1000,e8282f9d-ace8-4cdf-b62c-3d9f466a71e1,worker_1,worker_1,GPU_COMPUTE,0.050000,0.050000,GPU Compute
99014.566746,1000,e8282f9d-ace8-4cdf-b62c-3d9f466a71e1,worker_1,coordinator_0,NET_TRANSFER,0.000100,0.158000,Signal Finished
99932.309288,1000,e8282f9d-ace8-4cdf-b62c-3d9f466a71e1,coordinator_0,worker_2,NET_TRANSFER,11.469907,917.742542,Distribute Layer ID: c91c433e
99932.398897,1000,e8282f9d-ace8-4cdf-b62c-3d9f466a71e1,worker_2,worker_2,DISK_LOAD,11.469907,0.089609,"Disk -> RAM [Model: e8282f9d, Layer: c91c433e]"
99932.488505,1000,e8282f9d-ace8-4cdf-b62c-3d9f466a71e1,worker_2,worker_2,MEM_MOVE,11.469907,0.089609,"RAM -> VRAM [Model: e8282f9d, Layer: c91c433e]"
99932.538505,1000,e8282f9d-ace8-4cdf-b62c-3d9f466a71e1,worker_2,worker_2,GPU_COMPUTE,0.050000,0.050000,GPU Compute
99932.696505,1000,e8282f9d-ace8-4cdf-b62c-3d9f466a71e1,worker_2,coordinator_0,NET_TRANSFER,0.000100,0.158000,Signal Finished
100578.002014,1000,e8282f9d-ace8-4cdf-b62c-3d9f466a71e1,coordinator_0,worker_3,NET_TRANSFER,8.064444,645.305508,Distribute Layer ID: dad6462c
100578.065017,1000,e8282f9d-ace8-4cdf-b62c-3d9f466a71e1,worker_3,worker_3,DISK_LOAD,8.064444,0.063003,"Disk -> RAM [Model: e8282f9d, Layer: dad6462c]"
100578.128021,1000,e8282f9d-ace8-4cdf-b62c-3d9f466a71e1,worker_3,worker_3,MEM_MOVE,8.064444,0.063003,"RAM -> VRAM [Model: e8282f9d, Layer: dad6462c]"
100578.178021,1000,e8282f9d-ace8-4cdf-b62c-3d9f466a71e1,worker_3,worker_3,GPU_COMPUTE,0.050000,0.050000,GPU Compute
100578.336021,1000,e8282f9d-ace8-4cdf-b62c-3d9f466a71e1,worker_3,coordinator_0,NET_TRANSFER,0.000100,0.158000,Signal Finished
101167.666193,1000,e8282f9d-ace8-4cdf-b62c-3d9f466a71e1,coordinator_0,worker_4,NET_TRANSFER,7.364752,589.330173,Distribute Layer ID: 264fd8e7
101167.723731,1000,e8282f9d-ace8-4cdf-b62c-3d9f466a71e1,worker_4,worker_4,DISK_LOAD,7.364752,0.057537,"Disk -> RAM [Model: e8282f9d, Layer: 264fd8e7]"
101167.781268,1000,e8282f9d-ace8-4cdf-b62c-3d9f466a71e1,worker_4,worker_4,MEM_MOVE,7.364752,0.057537,"RAM -> VRAM [Model: e8282f9d, Layer: 264fd8e7]"
101167.831268,1000,e8282f9d-ace8-4cdf-b62c-3d9f466a71e1,worker_4,worker_4,GPU_COMPUTE,0.050000,0.050000,GPU Compute
101167.989268,1000,e8282f9d-ace8-4cdf-b62c-3d9f466a71e1,worker_4,coordinator_0,NET_TRANSFER,0.000100,0.158000,Signal Finished
101720.889690,1000,e8282f9d-ace8-4cdf-b62c-3d9f466a71e1,coordinator_0,worker_1,NET_TRANSFER,6.909380,552.900422,Distribute Layer ID: 46840b68
101720.943669,1000,e8282f9d-ace8-4cdf-b62c-3d9f466a71e1,worker_1,worker_1,DISK_LOAD,6.909380,0.053980,"Disk -> RAM [Model: e8282f9d, Layer: 46840b68]"
101720.997649,1000,e8282f9d-ace8-4cdf-b62c-3d9f466a71e1,worker_1,worker_1,MEM_MOVE,6.909380,0.053980,"RAM -> VRAM [Model: e8282f9d, Layer: 46840b68]"
101721.047649,1000,e8282f9d-ace8-4cdf-b62c-3d9f466a71e1,worker_1,worker_1,GPU_COMPUTE,0.050000,0.050000,GPU Compute
101721.205649,1000,e8282f9d-ace8-4cdf-b62c-3d9f466a71e1,worker_1,coordinator_0,NET_TRANSFER,0.000100,0.158000,Signal Finished
102772.247102,1000,e8282f9d-ace8-4cdf-b62c-3d9f466a71e1,coordinator_0,worker_2,NET_TRANSFER,13.136143,1051.041453,Distribute Layer ID: 861a752d
102772.349728,1000,e8282f9d-ace8-4cdf-b62c-3d9f466a71e1,worker_2,worker_2,DISK_LOAD,13.136143,0.102626,"Disk -> RAM [Model: e8282f9d, Layer: 861a752d]"
102772.452354,1000,e8282f9d-ace8-4cdf-b62c-3d9f466a71e1,worker_2,worker_2,MEM_MOVE,13.136143,0.102626,"RAM -> VRAM [Model: e8282f9d, Layer: 861a752d]"
102772.502354,1000,e8282f9d-ace8-4cdf-b62c-3d9f466a71e1,worker_2,worker_2,GPU_COMPUTE,0.050000,0.050000,GPU Compute
102772.660354,1000,e8282f9d-ace8-4cdf-b62c-3d9f466a71e1,worker_2,coordinator_0,NET_TRANSFER,0.000100,0.158000,Signal Finished
103265.405545,1000,e8282f9d-ace8-4cdf-b62c-3d9f466a71e1,coordinator_0,worker_3,NET_TRANSFER,6.157440,492.745191,Distribute Layer ID: 9a3d18c0
103265.453650,1000,e8282f9d-ace8-4cdf-b62c-3d9f466a71e1,worker_3,worker_3,DISK_LOAD,6.157440,0.048105,"Disk -> RAM [Model: e8282f9d, Layer: 9a3d18c0]"
103265.501755,1000,e8282f9d-ace8-4cdf-b62c-3d9f466a71e1,worker_3,worker_3,MEM_MOVE,6.157440,0.048105,"RAM -> VRAM [Model: e8282f9d, Layer: 9a3d18c0]"
103265.551755,1000,e8282f9d-ace8-4cdf-b62c-3d9f466a71e1,worker_3,worker_3,GPU_COMPUTE,0.050000,0.050000,GPU Compute
103265.709755,1000,e8282f9d-ace8-4cdf-b62c-3d9f466a71e1,worker_3,coordinator_0,NET_TRANSFER,0.000100,0.158000,Signal Finished
104372.680666,1000,e8282f9d-ace8-4cdf-b62c-3d9f466a71e1,coordinator_0,worker_4,NET_TRANSFER,13.835261,1106.970911,Distribute Layer ID: 3d0e34f5
104372.788754,1000,e8282f9d-ace8-4cdf-b62c-3d9f466a71e1,worker_4,worker_4,DISK_LOAD,13.835261,0.108088,"Disk -> RAM [Model: e8282f9d, Layer: 3d0e34f5]"
104372.896842,1000,e8282f9d-ace8-4cdf-b62c-3d9f466a71e1,worker_4,worker_4,MEM_MOVE,13.835261,0.108088,"RAM -> VRAM [Model: e8282f9d, Layer: 3d0e34f5]"
104372.946842,1000,e8282f9d-ace8-4cdf-b62c-3d9f466a71e1,worker_4,worker_4,GPU_COMPUTE,0.050000,0.050000,GPU Compute
104373.104842,1000,e8282f9d-ace8-4cdf-b62c-3d9f466a71e1,worker_4,coordinator_0,NET_TRANSFER,0.000100,0.158000,Signal Finished
105178.389936,1000,e8282f9d-ace8-4cdf-b62c-3d9f466a71e1,coordinator_0,worker_1,NET_TRANSFER,10.064189,805.285094,Distribute Layer ID: 566724ea
105178.468562,1000,e8282f9d-ace8-4cdf-b62c-3d9f466a71e1,worker_1,worker_1,DISK_LOAD,10.064189,0.078626,"Disk -> RAM [Model: e8282f9d, Layer: 566724ea]"
105178.547189,1000,e8282f9d-ace8-4cdf-b62c-3d9f466a71e1,worker_1,worker_1,MEM_MOVE,10.064189,0.078626,"RAM -> VRAM [Model: e8282f9d, Layer: 566724ea]"
105178.597189,1000,e8282f9d-ace8-4cdf-b62c-3d9f466a71e1,worker_1,worker_1,GPU_COMPUTE,0.050000,0.050000,GPU Compute
105178.755189,1000,e8282f9d-ace8-4cdf-b62c-3d9f466a71e1,worker_1,coordinator_0,NET_TRANSFER,0.000100,0.158000,Signal Finished
106033.625870,1000,e8282f9d-ace8-4cdf-b62c-3d9f466a71e1,coordinator_0,worker_2,NET_TRANSFER,10.684009,854.870681,Distribute Layer ID: d66d2a58
106033.709338,1000,e8282f9d-ace8-4cdf-b62c-3d9f466a71e1,worker_2,worker_2,DISK_LOAD,10.684009,0.083469,"Disk -> RAM [Model: e8282f9d, Layer: d66d2a58]"
106033.792807,1000,e8282f9d-ace8-4cdf-b62c-3d9f466a71e1,worker_2,worker_2,MEM_MOVE,10.684009,0.083469,"RAM -> VRAM [Model: e8282f9d, Layer: d66d2a58]"
106033.842807,1000,e8282f9d-ace8-4cdf-b62c-3d9f466a71e1,worker_2,worker_2,GPU_COMPUTE,0.050000,0.050000,GPU Compute
106034.000807,1000,e8282f9d-ace8-4cdf-b62c-3d9f466a71e1,worker_2,coordinator_0,NET_TRANSFER,0.000100,0.158000,Signal Finished
107006.430523,1000,e8282f9d-ace8-4cdf-b62c-3d9f466a71e1,coordinator_0,worker_3,NET_TRANSFER,12.153496,972.429716,Distribute Layer ID: e2efc44f
107006.525473,1000,e8282f9d-ace8-4cdf-b62c-3d9f466a71e1,worker_3,worker_3,DISK_LOAD,12.153496,0.094949,"Disk -> RAM [Model: e8282f9d, Layer: e2efc44f]"
107006.620422,1000,e8282f9d-ace8-4cdf-b62c-3d9f466a71e1,worker_3,worker_3,MEM_MOVE,12.153496,0.094949,"RAM -> VRAM [Model: e8282f9d, Layer: e2efc44f]"
107006.670422,1000,e8282f9d-ace8-4cdf-b62c-3d9f466a71e1,worker_3,worker_3,GPU_COMPUTE,0.050000,0.050000,GPU Compute
107006.828422,1000,e8282f9d-ace8-4cdf-b62c-3d9f466a71e1,worker_3,coordinator_0,NET_TRANSFER,0.000100,0.158000,Signal Finished
107690.587665,1000,e8282f9d-ace8-4cdf-b62c-3d9f466a71e1,coordinator_0,worker_4,NET_TRANSFER,8.545116,683.759243,Distribute Layer ID: b3f8cc18
107690.654424,1000,e8282f9d-ace8-4cdf-b62c-3d9f466a71e1,worker_4,worker_4,DISK_LOAD,8.545116,0.066759,"Disk -> RAM [Model: e8282f9d, Layer: b3f8cc18]"
107690.721183,1000,e8282f9d-ace8-4cdf-b62c-3d9f466a71e1,worker_4,worker_4,MEM_MOVE,8.545116,0.066759,"RAM -> VRAM [Model: e8282f9d, Layer: b3f8cc18]"
107690.771183,1000,e8282f9d-ace8-4cdf-b62c-3d9f466a71e1,worker_4,worker_4,GPU_COMPUTE,0.050000,0.050000,GPU Compute
107690.929183,1000,e8282f9d-ace8-4cdf-b62c-3d9f466a71e1,worker_4,coordinator_0,NET_TRANSFER,0.000100,0.158000,Signal Finished
108122.913954,1000,e8282f9d-ace8-4cdf-b62c-3d9f466a71e1,coordinator_0,worker_1,NET_TRANSFER,5.397935,431.984771,Distribute Layer ID: 3aa08be2
108122.956125,1000,e8282f9d-ace8-4cdf-b62c-3d9f466a71e1,worker_1,worker_1,DISK_LOAD,5.397935,0.042171,"Disk -> RAM [Model: e8282f9d, Layer: 3aa08be2]"
108122.998297,1000,e8282f9d-ace8-4cdf-b62c-3d9f466a71e1,worker_1,worker_1,MEM_MOVE,5.397935,0.042171,"RAM -> VRAM [Model: e8282f9d, Layer: 3aa08be2]"
108123.048297,1000,e8282f9d-ace8-4cdf-b62c-3d9f466a71e1,worker_1,worker_1,GPU_COMPUTE,0.050000,0.050000,GPU Compute
108123.206297,1000,e8282f9d-ace8-4cdf-b62c-3d9f466a71e1,worker_1,coordinator_0,NET_TRANSFER,0.000100,0.158000,Signal Finished
109092.467889,1000,e8282f9d-ace8-4cdf-b62c-3d9f466a71e1,coordinator_0,worker_2,NET_TRANSFER,12.113895,969.261593,Distribute Layer ID: a7072d07
109092.562529,1000,e8282f9d-ace8-4cdf-b62c-3d9f466a71e1,worker_2,worker_2,DISK_LOAD,12.113895,0.094640,"Disk -> RAM [Model: e8282f9d, Layer: a7072d07]"
109092.657169,1000,e8282f9d-ace8-4cdf-b62c-3d9f466a71e1,worker_2,worker_2,MEM_MOVE,12.113895,0.094640,"RAM -> VRAM [Model: e8282f9d, Layer: a7072d07]"
109092.707169,1000,e8282f9d-ace8-4cdf-b62c-3d9f466a71e1,worker_2,worker_2,GPU_COMPUTE,0.050000,0.050000,GPU Compute
109092.865169,1000,e8282f9d-ace8-4cdf-b62c-3d9f466a71e1,worker_2,coordinator_0,NET_TRANSFER,0.000100,0.158000,Signal Finished
110156.542513,1000,e8282f9d-ace8-4cdf-b62c-3d9f466a71e1,coordinator_0,worker_3,NET_TRANSFER,13.294092,1063.677344,Distribute Layer ID: 06c7a51a
110156.646373,1000,e8282f9d-ace8-4cdf-b62c-3d9f466a71e1,worker_3,worker_3,DISK_LOAD,13.294092,0.103860,"Disk -> RAM [Model: e8282f9d, Layer: 06c7a51a]"
110156.750234,1000,e8282f9d-ace8-4cdf-b62c-3d9f466a71e1,worker_3,worker_3,MEM_MOVE,13.294092,0.103860,"RAM -> VRAM [Model: e8282f9d, Layer: 06c7a51a]"
110156.800234,1000,e8282f9d-ace8-4cdf-b62c-3d9f466a71e1,worker_3,worker_3,GPU_COMPUTE,0.050000,0.050000,GPU Compute
110156.958234,1000,e8282f9d-ace8-4cdf-b62c-3d9f466a71e1,worker_3,coordinator_0,NET_TRANSFER,0.000100,0.158000,Signal Finished
110949.240775,1000,e8282f9d-ace8-4cdf-b62c-3d9f466a71e1,coordinator_0,worker_4,NET_TRANSFER,9.901657,792.282542,Distribute Layer ID: aa8fb7d2
110949.318132,1000,e8282f9d-ace8-4cdf-b62c-3d9f466a71e1,worker_4,worker_4,DISK_LOAD,9.901657,0.077357,"Disk -> RAM [Model: e8282f9d, Layer: aa8fb7d2]"
110949.395489,1000,e8282f9d-ace8-4cdf-b62c-3d9f466a71e1,worker_4,worker_4,MEM_MOVE,9.901657,0.077357,"RAM -> VRAM [Model: e8282f9d, Layer: aa8fb7d2]"
110949.445489,1000,e8282f9d-ace8-4cdf-b62c-3d9f466a71e1,worker_4,worker_4,GPU_COMPUTE,0.050000,0.050000,GPU Compute
110949.603489,1000,e8282f9d-ace8-4cdf-b62c-3d9f466a71e1,worker_4,coordinator_0,NET_TRANSFER,0.000100,0.158000,Signal Finished
112031.655827,1000,e8282f9d-ace8-4cdf-b62c-3d9f466a71e1,coordinator_0,worker_1,NET_TRANSFER,13.523779,1082.052338,Distribute Layer ID: 099282e0
112031.761481,1000,e8282f9d-ace8-4cdf-b62c-3d9f466a71e1,worker_1,worker_1,DISK_LOAD,13.523779,0.105655,"Disk -> RAM [Model: e8282f9d, Layer: 099282e0]"
112031.867136,1000,e8282f9d-ace8-4cdf-b62c-3d9f466a71e1,worker_1,worker_1,MEM_MOVE,13.523779,0.105655,"RAM -> VRAM [Model: e8282f9d, Layer: 099282e0]"
112031.917136,1000,e8282f9d-ace8-4cdf-b62c-3d9f466a71e1,worker_1,worker_1,GPU_COMPUTE,0.050000,0.050000,GPU Compute
112032.075136,1000,e8282f9d-ace8-4cdf-b62c-3d9f466a71e1,worker_1,coordinator_0,NET_TRANSFER,0.000100,0.158000,Signal Finished
112519.698556,1000,e8282f9d-ace8-4cdf-b62c-3d9f466a71e1,coordinator_0,worker_2,NET_TRANSFER,6.093418,487.623420,Distribute Layer ID: 44d8b0f7
112519.746161,1000,e8282f9d-ace8-4cdf-b62c-3d9f466a71e1,worker_2,worker_2,DISK_LOAD,6.093418,0.047605,"Disk -> RAM [Model: e8282f9d, Layer: 44d8b0f7]"
112519.793765,1000,e8282f9d-ace8-4cdf-b62c-3d9f466a71e1,worker_2,worker_2,MEM_MOVE,6.093418,0.047605,"RAM -> VRAM [Model: e8282f9d, Layer: 44d8b0f7]"
112519.843765,1000,e8282f9d-ace8-4cdf-b62c-3d9f466a71e1,worker_2,worker_2,GPU_COMPUTE,0.050000,0.050000,GPU Compute
112520.001765,1000,e8282f9d-ace8-4cdf-b62c-3d9f466a71e1,worker_2,coordinator_0,NET_TRANSFER,0.000100,0.158000,Signal Finished
113061.640999,1000,e8282f9d-ace8-4cdf-b62c-3d9f466a71e1,coordinator_0,worker_3,NET_TRANSFER,6.768615,541.639234,Distribute Layer ID: 7e924389
113061.693879,1000,e8282f9d-ace8-4cdf-b62c-3d9f466a71e1,worker_3,worker_3,DISK_LOAD,6.768615,0.052880,"Disk -> RAM [Model: e8282f9d, Layer: 7e924389]"
113061.746759,1000,e8282f9d-ace8-4cdf-b62c-3d9f466a71e1,worker_3,worker_3,MEM_MOVE,6.768615,0.052880,"RAM -> VRAM [Model: e8282f9d, Layer: 7e924389]"
113061.796759,1000,e8282f9d-ace8-4cdf-b62c-3d9f466a71e1,worker_3,worker_3,GPU_COMPUTE,0.050000,0.050000,GPU Compute
113061.954759,1000,e8282f9d-ace8-4cdf-b62c-3d9f466a71e1,worker_3,coordinator_0,NET_TRANSFER,0.000100,0.158000,Signal Finished
114098.104145,1000,e8282f9d-ace8-4cdf-b62c-3d9f466a71e1,coordinator_0,worker_4,NET_TRANSFER,12.949992,1036.149386,Distribute Layer ID: 4b62c4ea
114098.205317,1000,e8282f9d-ace8-4cdf-b62c-3d9f466a71e1,worker_4,worker_4,DISK_LOAD,12.949992,0.101172,"Disk -> RAM [Model: e8282f9d, Layer: 4b62c4ea]"
114098.306489,1000,e8282f9d-ace8-4cdf-b62c-3d9f466a71e1,worker_4,worker_4,MEM_MOVE,12.949992,0.101172,"RAM -> VRAM [Model: e8282f9d, Layer: 4b62c4ea]"
114098.356489,1000,e8282f9d-ace8-4cdf-b62c-3d9f466a71e1,worker_4,worker_4,GPU_COMPUTE,0.050000,0.050000,GPU Compute
114098.514489,1000,e8282f9d-ace8-4cdf-b62c-3d9f466a71e1,worker_4,coordinator_0,NET_TRANSFER,0.000100,0.158000,Signal Finished
114530.177066,1000,e8282f9d-ace8-4cdf-b62c-3d9f466a71e1,coordinator_0,worker_1,NET_TRANSFER,5.393907,431.662577,Distribute Layer ID: af226eaf
114530.219206,1000,e8282f9d-ace8-4cdf-b62c-3d9f466a71e1,worker_1,worker_1,DISK_LOAD,5.393907,0.042140,"Disk -> RAM [Model: e8282f9d, Layer: af226eaf]"
114530.261346,1000,e8282f9d-ace8-4cdf-b62c-3d9f466a71e1,worker_1,worker_1,MEM_MOVE,5.393907,0.042140,"RAM -> VRAM [Model: e8282f9d, Layer: af226eaf]"
114530.311346,1000,e8282f9d-ace8-4cdf-b62c-3d9f466a71e1,worker_1,worker_1,GPU_COMPUTE,0.050000,0.050000,GPU Compute
114530.469346,1000,e8282f9d-ace8-4cdf-b62c-3d9f466a71e1,worker_1,coordinator_0,NET_TRANSFER,0.000100,0.158000,Signal Finished
115648.485125,1000,e8282f9d-ace8-4cdf-b62c-3d9f466a71e1,coordinator_0,worker_2,NET_TRANSFER,13.973322,1118.015779,Distribute Layer ID: 7d3a32aa
115648.594292,1000,e8282f9d-ace8-4cdf-b62c-3d9f466a71e1,worker_2,worker_2,DISK_LOAD,13.973322,0.109167,"Disk -> RAM [Model: e8282f9d, Layer: 7d3a32aa]"
115648.703459,1000,e8282f9d-ace8-4cdf-b62c-3d9f466a71e1,worker_2,worker_2,MEM_MOVE,13.973322,0.109167,"RAM -> VRAM [Model: e8282f9d, Layer: 7d3a32aa]"
115648.753459,1000,e8282f9d-ace8-4cdf-b62c-3d9f466a71e1,worker_2,worker_2,GPU_COMPUTE,0.050000,0.050000,GPU Compute
115648.911459,1000,e8282f9d-ace8-4cdf-b62c-3d9f466a71e1,worker_2,coordinator_0,NET_TRANSFER,0.000100,0.158000,Signal Finished
116298.177361,1000,e8282f9d-ace8-4cdf-b62c-3d9f466a71e1,coordinator_0,worker_3,NET_TRANSFER,8.113949,649.265903,Distribute Layer ID: cf80e827
116298.240751,1000,e8282f9d-ace8-4cdf-b62c-3d9f466a71e1,worker_3,worker_3,DISK_LOAD,8.113949,0.063390,"Disk -> RAM [Model: e8282f9d, Layer: cf80e827]"
116298.304142,1000,e8282f9d-ace8-4cdf-b62c-3d9f466a71e1,worker_3,worker_3,MEM_MOVE,8.113949,0.063390,"RAM -> VRAM [Model: e8282f9d, Layer: cf80e827]"
116298.354142,1000,e8282f9d-ace8-4cdf-b62c-3d9f466a71e1,worker_3,worker_3,GPU_COMPUTE,0.050000,0.050000,GPU Compute
116298.512142,1000,e8282f9d-ace8-4cdf-b62c-3d9f466a71e1,worker_3,coordinator_0,NET_TRANSFER,0.000100,0.158000,Signal Finished
116298.670142,2000,0c0edddb-db74-420e-be90-7edecacd0b9f,coordinator_0,client_2,NET_TRANSFER,0.000100,0.158000,Signal: Cache Miss / Request Weights
156311.733852,2000,0c0edddb-db74-420e-be90-7edecacd0b9f,client_2,coordinator_0,NET_TRANSFER,500.161421,40013.063710,Upload Model Weights
157037.262699,2000,0c0edddb-db74-420e-be90-7edecacd0b9f,coordinator_0,worker_1,NET_TRANSFER,9.067236,725.528848,Distribute Layer ID: 8ff848ba
157037.333537,2000,0c0edddb-db74-420e-be90-7edecacd0b9f,worker_1,worker_1,DISK_LOAD,9.067236,0.070838,"Disk -> RAM [Model: 0c0edddb, Layer: 8ff848ba]"
157037.404375,2000,0c0edddb-db74-420e-be90-7edecacd0b9f,worker_1,worker_1,MEM_MOVE,9.067236,0.070838,"RAM -> VRAM [Model: 0c0edddb, Layer: 8ff848ba]"
157037.454375,2000,0c0edddb-db74-420e-be90-7edecacd0b9f,worker_1,worker_1,GPU_COMPUTE,0.050000,0.050000,GPU Compute
157037.612375,2000,0c0edddb-db74-420e-be90-7edecacd0b9f,worker_1,coordinator_0,NET_TRANSFER,0.000100,0.158000,Signal Finished
157878.720913,2000,0c0edddb-db74-420e-be90-7edecacd0b9f,coordinator_0,worker_2,NET_TRANSFER,10.511982,841.108539,Distribute Layer ID: c24da158
157878.803038,2000,0c0edddb-db74-420e-be90-7edecacd0b9f,worker_2,worker_2,DISK_LOAD,10.511982,0.082125,"Disk -> RAM [Model: 0c0edddb, Layer: c24da158]"
157878.885163,2000,0c0edddb-db74-420e-be90-7edecacd0b9f,worker_2,worker_2,MEM_MOVE,10.511982,0.082125,"RAM -> VRAM [Model: 0c0edddb, Layer: c24da158]"
157878.935163,2000,0c0edddb-db74-420e-be90-7edecacd0b9f,worker_2,worker_2,GPU_COMPUTE,0.050000,0.050000,GPU Compute
157879.093163,2000,0c0edddb-db74-420e-be90-7edecacd0b9f,worker_2,coordinator_0,NET_TRANSFER,0.000100,0.158000,Signal Finished
158924.730626,2000,0c0edddb-db74-420e-be90-7edecacd0b9f,coordinator_0,worker_3,NET_TRANSFER,13.068593,1045.637463,Distribute Layer ID: 9a3e48dd
158924.832725,2000,0c0edddb-db74-420e-be90-7edecacd0b9f,worker_3,worker_3,DISK_LOAD,13.068593,0.102098,"Disk -> RAM [Model: 0c0edddb, Layer: 9a3e48dd]"
158924.934823,2000,0c0edddb-db74-420e-be90-7edecacd0b9f,worker_3,worker_3,MEM_MOVE,13.068593,0.102098,"RAM -> VRAM [Model: 0c0edddb, Layer: 9a3e48dd]"
158924.984823,2000,0c0edddb-db74-420e-be90-7edecacd0b9f,worker_3,worker_3,GPU_COMPUTE,0.050000,0.050000,GPU Compute
158925.142823,2000,0c0edddb-db74-420e-be90-7edecacd0b9f,worker_3,coordinator_0,NET_TRANSFER,0.000100,0.158000,Signal Finished
159927.107607,2000,0c0edddb-db74-420e-be90-7edecacd0b9f,coordinator_0,worker_4,NET_TRANSFER,12.522685,1001.964784,Distribute Layer ID: 64163f79
159927.205441,2000,0c0edddb-db74-420e-be90-7edecacd0b9f,worker_4,worker_4,DISK_LOAD,12.522685,0.097833,"Disk -> RAM [Model: 0c0edddb, Layer: 64163f79]"
159927.303274,2000,0c0edddb-db74-420e-be90-7edecacd0b9f,worker_4,worker_4,MEM_MOVE,12.522685,0.097833,"RAM -> VRAM [Model: 0c0edddb, Layer: 64163f79]"
159927.353274,2000,0c0edddb-db74-420e-be90-7edecacd0b9f,worker_4,worker_4,GPU_COMPUTE,0.050000,0.050000,GPU Compute
159927.511274,2000,0c0edddb-db74-420e-be90-7edecacd0b9f,worker_4,coordinator_0,NET_TRANSFER,0.000100,0.158000,Signal Finished
160358.845128,2000,0c0edddb-db74-420e-be90-7edecacd0b9f,coordinator_0,worker_1,NET_TRANSFER,5.389798,431.333853,Distribute Layer ID: 014ecf54
160358.887236,2000,0c0edddb-db74-420e-be90-7edecacd0b9f,worker_1,worker_1,DISK_LOAD,5.389798,0.042108,"Disk -> RAM [Model: 0c0edddb, Layer: 014ecf54]"
160358.929343,2000,0c0edddb-db74-420e-be90-7edecacd0b9f,worker_1,worker_1,MEM_MOVE,5.389798,0.042108,"RAM -> VRAM [Model: 0c0edddb, Layer: 014ecf54]"
160358.979343,2000,0c0edddb-db74-420e-be90-7edecacd0b9f,worker_1,worker_1,GPU_COMPUTE,0.050000,0.050000,GPU Compute
160359.137343,2000,0c0edddb-db74-420e-be90-7edecacd0b9f,worker_1,coordinator_0,NET_TRANSFER,0.000100,0.158000,Signal Finished
160899.080791,2000,0c0edddb-db74-420e-be90-7edecacd0b9f,coordinator_0,worker_2,NET_TRANSFER,6.747418,539.943448,Distribute Layer ID: 6d7d7698
160899.133506,2000,0c0edddb-db74-420e-be90-7edecacd0b9f,worker_2,worker_2,DISK_LOAD,6.747418,0.052714,"Disk -> RAM [Model: 0c0edddb, Layer: 6d7d7698]"
160899.186220,2000,0c0edddb-db74-420e-be90-7edecacd0b9f,worker_2,worker_2,MEM_MOVE,6.747418,0.052714,"RAM -> VRAM [Model: 0c0edddb, Layer: 6d7d7698]"
160899.236220,2000,0c0edddb-db74-420e-be90-7edecacd0b9f,worker_2,worker_2,GPU_COMPUTE,0.050000,0.050000,GPU Compute
160899.394220,2000,0c0edddb-db74-420e-be90-7edecacd0b9f,worker_2,coordinator_0,NET_TRANSFER,0.000100,0.158000,Signal Finished
161780.091458,2000,0c0edddb-db74-420e-be90-7edecacd0b9f,coordinator_0,worker_3,NET_TRANSFER,11.006840,880.697238,Distribute Layer ID: adc65150
161780.177449,2000,0c0edddb-db74-420e-be90-7edecacd0b9f,worker_3,worker_3,DISK_LOAD,11.006840,0.085991,"Disk -> RAM [Model: 0c0edddb, Layer: adc65150]"
161780.263440,2000,0c0edddb-db74-420e-be90-7edecacd0b9f,worker_3,worker_3,MEM_MOVE,11.006840,0.085991,"RAM -> VRAM [Model: 0c0edddb, Layer: adc65150]"
161780.313440,2000,0c0edddb-db74-420e-be90-7edecacd0b9f,worker_3,worker_3,GPU_COMPUTE,0.050000,0.050000,GPU Compute
161780.471440,2000,0c0edddb-db74-420e-be90-7edecacd0b9f,worker_3,coordinator_0,NET_TRANSFER,0.000100,0.158000,Signal Finished
162887.218842,2000,0c0edddb-db74-420e-be90-7edecacd0b9f,coordinator_0,worker_4,NET_TRANSFER,13.832468,1106.747402,Distribute Layer ID: 41452399
162887.326908,2000,0c0edddb-db74-420e-be90-7edecacd0b9f,worker_4,worker_4,DISK_LOAD,13.832468,0.108066,"Disk -> RAM [Model: 0c0edddb, Layer: 41452399]"
162887.434974,2000,0c0edddb-db74-420e-be90-7edecacd0b9f,worker_4,worker_4,MEM_MOVE,13.832468,0.108066,"RAM -> VRAM [Model: 0c0edddb, Layer: 41452399]"
162887.484974,2000,0c0edddb-db74-420e-be90-7edecacd0b9f,worker_4,worker_4,GPU_COMPUTE,0.050000,0.050000,GPU Compute
162887.642974,2000,0c0edddb-db74-420e-be90-7edecacd0b9f,worker_4,coordinator_0,NET_TRANSFER,0.000100,0.158000,Signal Finished
164071.977505,2000,0c0edddb-db74-420e-be90-7edecacd0b9f,coordinator_0,worker_1,NET_TRANSFER,14.802307,1184.334531,Distribute Layer ID: e7c579cf
164072.093148,2000,0c0edddb-db74-420e-be90-7edecacd0b9f,worker_1,worker_1,DISK_LOAD,14.802307,0.115643,"Disk -> RAM [Model: 0c0edddb, Layer: e7c579cf]"
164072.208791,2000,0c0edddb-db74-420e-be90-7edecacd0b9f,worker_1,worker_1,MEM_MOVE,14.802307,0.115643,"RAM -> VRAM [Model: 0c0edddb, Layer: e7c579cf]"
164072.258791,2000,0c0edddb-db74-420e-be90-7edecacd0b9f,worker_1,worker_1,GPU_COMPUTE,0.050000,0.050000,GPU Compute
164072.416791,2000,0c0edddb-db74-420e-be90-7edecacd0b9f,worker_1,coordinator_0,NET_TRANSFER,0.000100,0.158000,Signal Finished
164816.700219,2000,0c0edddb-db74-420e-be90-7edecacd0b9f,coordinator_0,worker_2,NET_TRANSFER,9.301668,744.283427,Distribute Layer ID: 4f1e225a
164816.772888,2000,0c0edddb-db74-420e-be90-7edecacd0b9f,worker_2,worker_2,DISK_LOAD,9.301668,0.072669,"Disk -> RAM [Model: 0c0edddb, Layer: 4f1e225a]"
164816.845557,2000,0c0edddb-db74-420e-be90-7edecacd0b9f,worker_2,worker_2,MEM_MOVE,9.301668,0.072669,"RAM -> VRAM [Model: 0c0edddb, Layer: 4f1e225a]"
164816.895557,2000,0c0edddb-db74-420e-be90-7edecacd0b9f,worker_2,worker_2,GPU_COMPUTE,0.050000,0.050000,GPU Compute
164817.053557,2000,0c0edddb-db74-420e-be90-7edecacd0b9f,worker_2,coordinator_0,NET_TRANSFER,0.000100,0.158000,Signal Finished
165480.795135,2000,0c0edddb-db74-420e-be90-7edecacd0b9f,coordinator_0,worker_3,NET_TRANSFER,8.294895,663.741577,Distribute Layer ID: 09a82bb0
165480.859939,2000,0c0edddb-db74-420e-be90-7edecacd0b9f,worker_3,worker_3,DISK_LOAD,8.294895,0.064804,"Disk -> RAM [Model: 0c0edddb, Layer: 09a82bb0]"
165480.924743,2000,0c0edddb-db74-420e-be90-7edecacd0b9f,worker_3,worker_3,MEM_MOVE,8.294895,0.064804,"RAM -> VRAM [Model: 0c0edddb, Layer: 09a82bb0]"
165480.974743,2000,0c0edddb-db74-420e-be90-7edecacd0b9f,worker_3,worker_3,GPU_COMPUTE,0.050000,0.050000,GPU Compute
165481.132743,2000,0c0edddb-db74-420e-be90-7edecacd0b9f,worker_3,coordinator_0,NET_TRANSFER,0.000100,0.158000,Signal Finished
166540.906000,2000,0c0edddb-db74-420e-be90-7edecacd0b9f,coordinator_0,worker_4,NET_TRANSFER,13.245291,1059.773258,Distribute Layer ID: 087cd395
166541.009479,2000,0c0edddb-db74-420e-be90-7edecacd0b9f,worker_4,worker_4,DISK_LOAD,13.245291,0.103479,"Disk -> RAM [Model: 0c0edddb, Layer: 087cd395]"
166541.112958,2000,0c0edddb-db74-420e-be90-7edecacd0b9f,worker_4,worker_4,MEM_MOVE,13.245291,0.103479,"RAM -> VRAM [Model: 0c0edddb, Layer: 087cd395]"
166541.162958,2000,0c0edddb-db74-420e-be90-7edecacd0b9f,worker_4,worker_4,GPU_COMPUTE,0.050000,0.050000,GPU Compute
166541.320958,2000,0c0edddb-db74-420e-be90-7edecacd0b9f,worker_4,coordinator_0,NET_TRANSFER,0.000100,0.158000,Signal Finished
167592.364148,2000,0c0edddb-db74-420e-be90-7edecacd0b9f,coordinator_0,worker_1,NET_TRANSFER,13.136165,1051.043191,Distribute Layer ID: db240b22
167592.466775,2000,0c0edddb-db74-420e-be90-7edecacd0b9f,worker_1,worker_1,DISK_LOAD,13.136165,0.102626,"Disk -> RAM [Model: 0c0edddb, Layer: db240b22]"
167592.569401,2000,0c0edddb-db74-420e-be90-7edecacd0b9f,worker_1,worker_1,MEM_MOVE,13.136165,0.102626,"RAM -> VRAM [Model: 0c0edddb, Layer: db240b22]"
167592.619401,2000,0c0edddb-db74-420e-be90-7edecacd0b9f,worker_1,worker_1,GPU_COMPUTE,0.050000,0.050000,GPU Compute
167592.777401,2000,0c0edddb-db74-420e-be90-7edecacd0b9f,worker_1,coordinator_0,NET_TRANSFER,0.000100,0.158000,Signal Finished
168647.700434,2000,0c0edddb-db74-420e-be90-7edecacd0b9f,coordinator_0,worker_2,NET_TRANSFER,13.184663,1054.923033,Distribute Layer ID: 19364bf7
168647.803439,2000,0c0edddb-db74-420e-be90-7edecacd0b9f,worker_2,worker_2,DISK_LOAD,13.184663,0.103005,"Disk -> RAM [Model: 0c0edddb, Layer: 19364bf7]"
168647.906444,2000,0c0edddb-db74-420e-be90-7edecacd0b9f,worker_2,worker_2,MEM_MOVE,13.184663,0.103005,"RAM -> VRAM [Model: 0c0edddb, Layer: 19364bf7]"
168647.956444,2000,0c0edddb-db74-420e-be90-7edecacd0b9f,worker_2,worker_2,GPU_COMPUTE,0.050000,0.050000,GPU Compute
168648.114444,2000,0c0edddb-db74-420e-be90-7edecacd0b9f,worker_2,coordinator_0,NET_TRANSFER,0.000100,0.158000,Signal Finished
169850.159112,2000,0c0edddb-db74-420e-be90-7edecacd0b9f,coordinator_0,worker_3,NET_TRANSFER,15.023683,1202.044668,Distribute Layer ID: 1e9188f3
169850.276485,2000,0c0edddb-db74-420e-be90-7edecacd0b9f,worker_3,worker_3,DISK_LOAD,15.023683,0.117373,"Disk -> RAM [Model: 0c0edddb, Layer: 1e9188f3]"
169850.393857,2000,0c0edddb-db74-420e-be90-7edecacd0b9f,worker_3,worker_3,MEM_MOVE,15.023683,0.117373,"RAM -> VRAM [Model: 0c0edddb, Layer: 1e9188f3]"
169850.443857,2000,0c0edddb-db74-420e-be90-7edecacd0b9f,worker_3,worker_3,GPU_COMPUTE,0.050000,0.050000,GPU Compute
169850.601857,2000,0c0edddb-db74-420e-be90-7edecacd0b9f,worker_3,coordinator_0,NET_TRANSFER,0.000100,0.158000,Signal Finished
170923.026971,2000,0c0edddb-db74-420e-be90-7edecacd0b9f,coordinator_0,worker_4,NET_TRANSFER,13.403439,1072.425113,Distribute Layer ID: fab8ba0f
170923.131685,2000,0c0edddb-db74-420e-be90-7edecacd0b9f,worker_4,worker_4,DISK_LOAD,13.403439,0.104714,"Disk -> RAM [Model: 0c0edddb, Layer: fab8ba0f]"
170923.236399,2000,0c0edddb-db74-420e-be90-7edecacd0b9f,worker_4,worker_4,MEM_MOVE,13.403439,0.104714,"RAM -> VRAM [Model: 0c0edddb, Layer: fab8ba0f]"
170923.286399,2000,0c0edddb-db74-420e-be90-7edecacd0b9f,worker_4,worker_4,GPU_COMPUTE,0.050000,0.050000,GPU Compute
170923.444399,2000,0c0edddb-db74-420e-be90-7edecacd0b9f,worker_4,coordinator_0,NET_TRANSFER,0.000100,0.158000,Signal Finished
171367.908507,2000,0c0edddb-db74-420e-be90-7edecacd0b9f,coordinator_0,worker_1,NET_TRANSFER,5.553926,444.464107,Distribute Layer ID: 19377f3f
171367.951897,2000,0c0edddb-db74-420e-be90-7edecacd0b9f,worker_1,worker_1,DISK_LOAD,5.553926,0.043390,"Disk -> RAM [Model: 0c0edddb, Layer: 19377f3f]"
171367.995287,2000,0c0edddb-db74-420e-be90-7edecacd0b9f,worker_1,worker_1,MEM_MOVE,5.553926,0.043390,"RAM -> VRAM [Model: 0c0edddb, Layer: 19377f3f]"
171368.045287,2000,0c0edddb-db74-420e-be90-7edecacd0b9f,worker_1,worker_1,GPU_COMPUTE,0.050000,0.050000,GPU Compute
171368.203287,2000,0c0edddb-db74-420e-be90-7edecacd0b9f,worker_1,coordinator_0,NET_TRANSFER,0.000100,0.158000,Signal Finished
172079.155895,2000,0c0edddb-db74-420e-be90-7edecacd0b9f,coordinator_0,worker_2,NET_TRANSFER,8.885033,710.952608,Distribute Layer ID: ec3681b2
172079.225309,2000,0c0edddb-db74-420e-be90-7edecacd0b9f,worker_2,worker_2,DISK_LOAD,8.885033,0.069414,"Disk -> RAM [Model: 0c0edddb, Layer: ec3681b2]"
172079.294723,2000,0c0edddb-db74-420e-be90-7edecacd0b9f,worker_2,worker_2,MEM_MOVE,8.885033,0.069414,"RAM -> VRAM [Model: 0c0edddb, Layer: ec3681b2]"
172079.344723,2000,0c0edddb-db74-420e-be90-7edecacd0b9f,worker_2,worker_2,GPU_COMPUTE,0.050000,0.050000,GPU Compute
172079.502723,2000,0c0edddb-db74-420e-be90-7edecacd0b9f,worker_2,coordinator_0,NET_TRANSFER,0.000100,0.158000,Signal Finished
172776.664053,2000,0c0edddb-db74-420e-be90-7edecacd0b9f,coordinator_0,worker_3,NET_TRANSFER,8.712642,697.161330,Distribute Layer ID: 85b46d4e
172776.732120,2000,0c0edddb-db74-420e-be90-7edecacd0b9f,worker_3,worker_3,DISK_LOAD,8.712642,0.068068,"Disk -> RAM [Model: 0c0edddb, Layer: 85b46d4e]"
172776.800188,2000,0c0edddb-db74-420e-be90-7edecacd0b9f,worker_3,worker_3,MEM_MOVE,8.712642,0.068068,"RAM -> VRAM [Model: 0c0edddb, Layer: 85b46d4e]"
172776.850188,2000,0c0edddb-db74-420e-be90-7edecacd0b9f,worker_3,worker_3,GPU_COMPUTE,0.050000,0.050000,GPU Compute
172777.008188,2000,0c0edddb-db74-420e-be90-7edecacd0b9f,worker_3,coordinator_0,NET_TRANSFER,0.000100,0.158000,Signal Finished
173859.385526,2000,0c0edddb-db74-420e-be90-7edecacd0b9f,coordinator_0,worker_4,NET_TRANSFER,13.527842,1082.377338,Distribute Layer ID: 3508c6f9
173859.491212,2000,0c0edddb-db74-420e-be90-7edecacd0b9f,worker_4,worker_4,DISK_LOAD,13.527842,0.105686,"Disk -> RAM [Model: 0c0edddb, Layer: 3508c6f9]"
173859.596898,2000,0c0edddb-db74-420e-be90-7edecacd0b9f,worker_4,worker_4,MEM_MOVE,13.527842,0.105686,"RAM -> VRAM [Model: 0c0edddb, Layer: 3508c6f9]"
173859.646898,2000,0c0edddb-db74-420e-be90-7edecacd0b9f,worker_4,worker_4,GPU_COMPUTE,0.050000,0.050000,GPU Compute
173859.804898,2000,0c0edddb-db74-420e-be90-7edecacd0b9f,worker_4,coordinator_0,NET_TRANSFER,0.000100,0.158000,Signal Finished
174975.028424,2000,0c0edddb-db74-420e-be90-7edecacd0b9f,coordinator_0,worker_1,NET_TRANSFER,13.938419,1115.223526,Distribute Layer ID: d530e2b2
174975.137318,2000,0c0edddb-db74-420e-be90-7edecacd0b9f,worker_1,worker_1,DISK_LOAD,13.938419,0.108894,"Disk -> RAM [Model: 0c0edddb, Layer: d530e2b2]"
174975.246212,2000,0c0edddb-db74-420e-be90-7edecacd0b9f,worker_1,worker_1,MEM_MOVE,13.938419,0.108894,"RAM -> VRAM [Model: 0c0edddb, Layer: d530e2b2]"
174975.296212,2000,0c0edddb-db74-420e-be90-7edecacd0b9f,worker_1,worker_1,GPU_COMPUTE,0.050000,0.050000,GPU Compute
174975.454212,2000,0c0edddb-db74-420e-be90-7edecacd0b9f,worker_1,coordinator_0,NET_TRANSFER,0.000100,0.158000,Signal Finished
175964.376031,2000,0c0edddb-db74-420e-be90-7edecacd0b9f,coordinator_0,worker_2,NET_TRANSFER,12.359648,988.921819,Distribute Layer ID: a81d5aaf
175964.472591,2000,0c0edddb-db74-420e-be90-7edecacd0b9f,worker_2,worker_2,DISK_LOAD,12.359648,0.096560,"Disk -> RAM [Model: 0c0edddb, Layer: a81d5aaf]"
175964.569151,2000,0c0edddb-db74-420e-be90-7edecacd0b9f,worker_2,worker_2,MEM_MOVE,12.359648,0.096560,"RAM -> VRAM [Model: 0c0edddb, Layer: a81d5aaf]"
175964.619151,2000,0c0edddb-db74-420e-be90-7edecacd0b9f,worker_2,worker_2,GPU_COMPUTE,0.050000,0.050000,GPU Compute
175964.777151,2000,0c0edddb-db74-420e-be90-7edecacd0b9f,worker_2,coordinator_0,NET_TRANSFER,0.000100,0.158000,Signal Finished
176547.221492,2000,0c0edddb-db74-420e-be90-7edecacd0b9f,coordinator_0,worker_3,NET_TRANSFER,7.278679,582.444341,Distribute Layer ID: dea50fe7
176547.278356,2000,0c0edddb-db74-420e-be90-7edecacd0b9f,worker_3,worker_3,DISK_LOAD,7.278679,0.056865,"Disk -> RAM [Model: 0c0edddb, Layer: dea50fe7]"
176547.335221,2000,0c0edddb-db74-420e-be90-7edecacd0b9f,worker_3,worker_3,MEM_MOVE,7.278679,0.056865,"RAM -> VRAM [Model: 0c0edddb, Layer: dea50fe7]"
176547.385221,2000,0c0edddb-db74-420e-be90-7edecacd0b9f,worker_3,worker_3,GPU_COMPUTE,0.050000,0.050000,GPU Compute
176547.543221,2000,0c0edddb-db74-420e-be90-7edecacd0b9f,worker_3,coordinator_0,NET_TRANSFER,0.000100,0.158000,Signal Finished
177640.744540,2000,0c0edddb-db74-420e-be90-7edecacd0b9f,coordinator_0,worker_4,NET_TRANSFER,13.663141,1093.201319,Distribute Layer ID: 306c3056
177640.851283,2000,0c0edddb-db74-420e-be90-7edecacd0b9f,worker_4,worker_4,DISK_LOAD,13.663141,0.106743,"Disk -> RAM [Model: 0c0edddb, Layer: 306c3056]"
177640.958026,2000,0c0edddb-db74-420e-be90-7edecacd0b9f,worker_4,worker_4,MEM_MOVE,13.663141,0.106743,"RAM -> VRAM [Model: 0c0edddb, Layer: 306c3056]"
177641.008026,2000,0c0edddb-db74-420e-be90-7edecacd0b9f,worker_4,worker_4,GPU_COMPUTE,0.050000,0.050000,GPU Compute
177641.166026,2000,0c0edddb-db74-420e-be90-7edecacd0b9f,worker_4,coordinator_0,NET_TRANSFER,0.000100,0.158000,Signal Finished
178576.186783,2000,0c0edddb-db74-420e-be90-7edecacd0b9f,coordinator_0,worker_1,NET_TRANSFER,11.685884,935.020757,Distribute Layer ID: 9760f34e
178576.278079,2000,0c0edddb-db74-420e-be90-7edecacd0b9f,worker_1,worker_1,DISK_LOAD,11.685884,0.091296,"Disk -> RAM [Model: 0c0edddb, Layer: 9760f34e]"
178576.369375,2000,0c0edddb-db74-420e-be90-7edecacd0b9f,worker_1,worker_1,MEM_MOVE,11.685884,0.091296,"RAM -> VRAM [Model: 0c0edddb, Layer: 9760f34e]"
178576.419375,2000,0c0edddb-db74-420e-be90-7edecacd0b9f,worker_1,worker_1,GPU_COMPUTE,0.050000,0.050000,GPU Compute
178576.577375,2000,0c0edddb-db74-420e-be90-7edecacd0b9f,worker_1,coordinator_0,NET_TRANSFER,0.000100,0.158000,Signal Finished
179443.502171,2000,0c0edddb-db74-420e-be90-7edecacd0b9f,coordinator_0,worker_2,NET_TRANSFER,10.834685,866.924796,Distribute Layer ID: 2dc896e9
179443.586817,2000,0c0edddb-db74-420e-be90-7edecacd0b9f,worker_2,worker_2,DISK_LOAD,10.834685,0.084646,"Disk -> RAM [Model: 0c0edddb, Layer: 2dc896e9]"
179443.671463,2000,0c0edddb-db74-420e-be90-7edecacd0b9f,worker_2,worker_2,MEM_MOVE,10.834685,0.084646,"RAM -> VRAM [Model: 0c0edddb, Layer: 2dc896e9]"
179443.721463,2000,0c0edddb-db74-420e-be90-7edecacd0b9f,worker_2,worker_2,GPU_COMPUTE,0.050000,0.050000,GPU Compute
179443.879463,2000,0c0edddb-db74-420e-be90-7edecacd0b9f,worker_2,coordinator_0,NET_TRANSFER,0.000100,0.158000,Signal Finished
180461.053553,2000,0c0edddb-db74-420e-be90-7edecacd0b9f,coordinator_0,worker_3,NET_TRANSFER,12.712801,1017.174090,Distribute Layer ID: d5266654
180461.152871,2000,0c0edddb-db74-420e-be90-7edecacd0b9f,worker_3,worker_3,DISK_LOAD,12.712801,0.099319,"Disk -> RAM [Model: 0c0edddb, Layer: d5266654]"
180461.252190,2000,0c0edddb-db74-420e-be90-7edecacd0b9f,worker_3,worker_3,MEM_MOVE,12.712801,0.099319,"RAM -> VRAM [Model: 0c0edddb, Layer: d5266654]"
180461.302190,2000,0c0edddb-db74-420e-be90-7edecacd0b9f,worker_3,worker_3,GPU_COMPUTE,0.050000,0.050000,GPU Compute
180461.460190,2000,0c0edddb-db74-420e-be90-7edecacd0b9f,worker_3,coordinator_0,NET_TRANSFER,0.000100,0.158000,Signal Finished
181388.397558,2000,0c0edddb-db74-420e-be90-7edecacd0b9f,coordinator_0,worker_4,NET_TRANSFER,11.584842,926.937368,Distribute Layer ID: 4eaa5dfe
181388.488065,2000,0c0edddb-db74-420e-be90-7edecacd0b9f,worker_4,worker_4,DISK_LOAD,11.584842,0.090507,"Disk -> RAM [Model: 0c0edddb, Layer: 4eaa5dfe]"
181388.578572,2000,0c0edddb-db74-420e-be90-7edecacd0b9f,worker_4,worker_4,MEM_MOVE,11.584842,0.090507,"RAM -> VRAM [Model: 0c0edddb, Layer: 4eaa5dfe]"
181388.628572,2000,0c0edddb-db74-420e-be90-7edecacd0b9f,worker_4,worker_4,GPU_COMPUTE,0.050000,0.050000,GPU Compute
181388.786572,2000,0c0edddb-db74-420e-be90-7edecacd0b9f,worker_4,coordinator_0,NET_TRANSFER,0.000100,0.158000,Signal Finished
181805.160473,2000,0c0edddb-db74-420e-be90-7edecacd0b9f,coordinator_0,worker_1,NET_TRANSFER,5.202799,416.373902,Distribute Layer ID: e4342a6f
181805.201120,2000,0c0edddb-db74-420e-be90-7edecacd0b9f,worker_1,worker_1,DISK_LOAD,5.202799,0.040647,"Disk -> RAM [Model: 0c0edddb, Layer: e4342a6f]"
181805.241767,2000,0c0edddb-db74-420e-be90-7edecacd0b9f,worker_1,worker_1,MEM_MOVE,5.202799,0.040647,"RAM -> VRAM [Model: 0c0edddb, Layer: e4342a6f]"
181805.291767,2000,0c0edddb-db74-420e-be90-7edecacd0b9f,worker_1,worker_1,GPU_COMPUTE,0.050000,0.050000,GPU Compute
181805.449767,2000,0c0edddb-db74-420e-be90-7edecacd0b9f,worker_1,coordinator_0,NET_TRANSFER,0.000100,0.158000,Signal Finished
182943.578275,2000,0c0edddb-db74-420e-be90-7edecacd0b9f,coordinator_0,worker_2,NET_TRANSFER,14.224731,1138.128508,Distribute Layer ID: d4a8e1c5
182943.689406,2000,0c0edddb-db74-420e-be90-7edecacd0b9f,worker_2,worker_2,DISK_LOAD,14.224731,0.111131,"Disk -> RAM [Model: 0c0edddb, Layer: d4a8e1c5]"
182943.800537,2000,0c0edddb-db74-420e-be90-7edecacd0b9f,worker_2,worker_2,MEM_MOVE,14.224731,0.111131,"RAM -> VRAM [Model: 0c0edddb, Layer: d4a8e1c5]"
182943.850537,2000,0c0edddb-db74-420e-be90-7edecacd0b9f,worker_2,worker_2,GPU_COMPUTE,0.050000,0.050000,GPU Compute
182944.008537,2000,0c0edddb-db74-420e-be90-7edecacd0b9f,worker_2,coordinator_0,NET_TRANSFER,0.000100,0.158000,Signal Finished
183910.894665,2000,0c0edddb-db74-420e-be90-7edecacd0b9f,coordinator_0,worker_3,NET_TRANSFER,12.084202,966.886128,Distribute Layer ID: a995a9df
183910.989073,2000,0c0edddb-db74-420e-be90-7edecacd0b9f,worker_3,worker_3,DISK_LOAD,12.084202,0.094408,"Disk -> RAM [Model: 0c0edddb, Layer: a995a9df]"
183911.083480,2000,0c0edddb-db74-420e-be90-7edecacd0b9f,worker_3,worker_3,MEM_MOVE,12.084202,0.094408,"RAM -> VRAM [Model: 0c0edddb, Layer: a995a9df]"
183911.133480,2000,0c0edddb-db74-420e-be90-7edecacd0b9f,worker_3,worker_3,GPU_COMPUTE,0.050000,0.050000,GPU Compute
183911.291480,2000,0c0edddb-db74-420e-be90-7edecacd0b9f,worker_3,coordinator_0,NET_TRANSFER,0.000100,0.158000,Signal Finished
184654.117406,2000,0c0edddb-db74-420e-be90-7edecacd0b9f,coordinator_0,worker_4,NET_TRANSFER,9.283449,742.825925,Distribute Layer ID: eb2bd4d4
184654.189933,2000,0c0edddb-db74-420e-be90-7edecacd0b9f,worker_4,worker_4,DISK_LOAD,9.283449,0.072527,"Disk -> RAM [Model: 0c0edddb, Layer: eb2bd4d4]"
184654.262460,2000,0c0edddb-db74-420e-be90-7edecacd0b9f,worker_4,worker_4,MEM_MOVE,9.283449,0.072527,"RAM -> VRAM [Model: 0c0edddb, Layer: eb2bd4d4]"
184654.312460,2000,0c0edddb-db74-420e-be90-7edecacd0b9f,worker_4,worker_4,GPU_COMPUTE,0.050000,0.050000,GPU Compute
184654.470460,2000,0c0edddb-db74-420e-be90-7edecacd0b9f,worker_4,coordinator_0,NET_TRANSFER,0.000100,0.158000,Signal Finished
185572.054665,2000,0c0edddb-db74-420e-be90-7edecacd0b9f,coordinator_0,worker_1,NET_TRANSFER,11.467928,917.584205,Distribute Layer ID: 979beae6
185572.144258,2000,0c0edddb-db74-420e-be90-7edecacd0b9f,worker_1,worker_1,DISK_LOAD,11.467928,0.089593,"Disk -> RAM [Model: 0c0edddb, Layer: 979beae6]"
185572.233852,2000,0c0edddb-db74-420e-be90-7edecacd0b9f,worker_1,worker_1,MEM_MOVE,11.467928,0.089593,"RAM -> VRAM [Model: 0c0edddb, Layer: 979beae6]"
185572.283852,2000,0c0edddb-db74-420e-be90-7edecacd0b9f,worker_1,worker_1,GPU_COMPUTE,0.050000,0.050000,GPU Compute
185572.441852,2000,0c0edddb-db74-420e-be90-7edecacd0b9f,worker_1,coordinator_0,NET_TRANSFER,0.000100,0.158000,Signal Finished
186001.295519,2000,0c0edddb-db74-420e-be90-7edecacd0b9f,coordinator_0,worker_2,NET_TRANSFER,5.358796,428.853668,Distribute Layer ID: d918e14d
186001.337385,2000,0c0edddb-db74-420e-be90-7edecacd0b9f,worker_2,worker_2,DISK_LOAD,5.358796,0.041866,"Disk -> RAM [Model: 0c0edddb, Layer: d918e14d]"
186001.379250,2000,0c0edddb-db74-420e-be90-7edecacd0b9f,worker_2,worker_2,MEM_MOVE,5.358796,0.041866,"RAM -> VRAM [Model: 0c0edddb, Layer: d918e14d]"
186001.429250,2000,0c0edddb-db74-420e-be90-7edecacd0b9f,worker_2,worker_2,GPU_COMPUTE,0.050000,0.050000,GPU Compute
186001.587250,2000,0c0edddb-db74-420e-be90-7edecacd0b9f,worker_2,coordinator_0,NET_TRANSFER,0.000100,0.158000,Signal Finished
186896.416642,2000,0c0edddb-db74-420e-be90-7edecacd0b9f,coordinator_0,worker_3,NET_TRANSFER,11.183492,894.829392,Distribute Layer ID: f360c0f3
186896.504013,2000,0c0edddb-db74-420e-be90-7edecacd0b9f,worker_3,worker_3,DISK_LOAD,11.183492,0.087371,"Disk -> RAM [Model: 0c0edddb, Layer: f360c0f3]"
186896.591384,2000,0c0edddb-db74-420e-be90-7edecacd0b9f,worker_3,worker_3,MEM_MOVE,11.183492,0.087371,"RAM -> VRAM [Model: 0c0edddb, Layer: f360c0f3]"
186896.641384,2000,0c0edddb-db74-420e-be90-7edecacd0b9f,worker_3,worker_3,GPU_COMPUTE,0.050000,0.050000,GPU Compute
186896.799384,2000,0c0edddb-db74-420e-be90-7edecacd0b9f,worker_3,coordinator_0,NET_TRANSFER,0.000100,0.158000,Signal Finished
187320.164081,2000,0c0edddb-db74-420e-be90-7edecacd0b9f,coordinator_0,worker_4,NET_TRANSFER,5.290184,423.364697,Distribute Layer ID: dcf237d6
187320.205411,2000,0c0edddb-db74-420e-be90-7edecacd0b9f,worker_4,worker_4,DISK_LOAD,5.290184,0.041330,"Disk -> RAM [Model: 0c0edddb, Layer: dcf237d6]"
187320.246740,2000,0c0edddb-db74-420e-be90-7edecacd0b9f,worker_4,worker_4,MEM_MOVE,5.290184,0.041330,"RAM -> VRAM [Model: 0c0edddb, Layer: dcf237d6]"
187320.296740,2000,0c0edddb-db74-420e-be90-7edecacd0b9f,worker_4,worker_4,GPU_COMPUTE,0.050000,0.050000,GPU Compute
187320.454740,2000,0c0edddb-db74-420e-be90-7edecacd0b9f,worker_4,coordinator_0,NET_TRANSFER,0.000100,0.158000,Signal Finished
188189.846374,2000,0c0edddb-db74-420e-be90-7edecacd0b9f,coordinator_0,worker_1,NET_TRANSFER,10.865520,869.391634,Distribute Layer ID: 5b55ed13
188189.931261,2000,0c0edddb-db74-420e-be90-7edecacd0b9f,worker_1,worker_1,DISK_LOAD,10.865520,0.084887,"Disk -> RAM [Model: 0c0edddb, Layer: 5b55ed13]"
188190.016148,2000,0c0edddb-db74-420e-be90-7edecacd0b9f,worker_1,worker_1,MEM_MOVE,10.865520,0.084887,"RAM -> VRAM [Model: 0c0edddb, Layer: 5b55ed13]"
188190.066148,2000,0c0edddb-db74-420e-be90-7edecacd0b9f,worker_1,worker_1,GPU_COMPUTE,0.050000,0.050000,GPU Compute
188190.224148,2000,0c0edddb-db74-420e-be90-7edecacd0b9f,worker_1,coordinator_0,NET_TRANSFER,0.000100,0.158000,Signal Finished
188808.982425,2000,0c0edddb-db74-420e-be90-7edecacd0b9f,coordinator_0,worker_2,NET_TRANSFER,7.732603,618.758278,Distribute Layer ID: eed2b3c6
188809.042836,2000,0c0edddb-db74-420e-be90-7edecacd0b9f,worker_2,worker_2,DISK_LOAD,7.732603,0.060411,"Disk -> RAM [Model: 0c0edddb, Layer: eed2b3c6]"
188809.103247,2000,0c0edddb-db74-420e-be90-7edecacd0b9f,worker_2,worker_2,MEM_MOVE,7.732603,0.060411,"RAM -> VRAM [Model: 0c0edddb, Layer: eed2b3c6]"
188809.153247,2000,0c0edddb-db74-420e-be90-7edecacd0b9f,worker_2,worker_2,GPU_COMPUTE,0.050000,0.050000,GPU Compute
188809.311247,2000,0c0edddb-db74-420e-be90-7edecacd0b9f,worker_2,coordinator_0,NET_TRANSFER,0.000100,0.158000,Signal Finished
190011.753446,2000,0c0edddb-db74-420e-be90-7edecacd0b9f,coordinator_0,worker_3,NET_TRANSFER,15.028652,1202.442198,Distribute Layer ID: 1e33bbc7
190011.870857,2000,0c0edddb-db74-420e-be90-7edecacd0b9f,worker_3,worker_3,DISK_LOAD,15.028652,0.117411,"Disk -> RAM [Model: 0c0edddb, Layer: 1e33bbc7]"
190011.988268,2000,0c0edddb-db74-420e-be90-7edecacd0b9f,worker_3,worker_3,MEM_MOVE,15.028652,0.117411,"RAM -> VRAM [Model: 0c0edddb, Layer: 1e33bbc7]"
190012.038268,2000,0c0edddb-db74-420e-be90-7edecacd0b9f,worker_3,worker_3,GPU_COMPUTE,0.050000,0.050000,GPU Compute
190012.196268,2000,0c0edddb-db74-420e-be90-7edecacd0b9f,worker_3,coordinator_0,NET_TRANSFER,0.000100,0.158000,Signal Finished
191120.889850,2000,0c0edddb-db74-420e-be90-7edecacd0b9f,coordinator_0,worker_4,NET_TRANSFER,13.856795,1108.693581,Distribute Layer ID: ca4317d6
191120.998106,2000,0c0edddb-db74-420e-be90-7edecacd0b9f,worker_4,worker_4,DISK_LOAD,13.856795,0.108256,"Disk -> RAM [Model: 0c0edddb, Layer: ca4317d6]"
191121.106362,2000,0c0edddb-db74-420e-be90-7edecacd0b9f,worker_4,worker_4,MEM_MOVE,13.856795,0.108256,"RAM -> VRAM [Model: 0c0edddb, Layer: ca4317d6]"
191121.156362,2000,0c0edddb-db74-420e-be90-7edecacd0b9f,worker_4,worker_4,GPU_COMPUTE,0.050000,0.050000,GPU Compute
191121.314362,2000,0c0edddb-db74-420e-be90-7edecacd0b9f,worker_4,coordinator_0,NET_TRANSFER,0.000100,0.158000,Signal Finished
192323.494709,2000,0c0edddb-db74-420e-be90-7edecacd0b9f,coordinator_0,worker_1,NET_TRANSFER,15.025379,1202.180347,Distribute Layer ID: 02049b8a
192323.652709,9003,f2f09d33-bafc-49ed-86c5-3675f4f61af7,client_9,coordinator_0,NET_TRANSFER,0.000100,0.158000,Request Model ID
192323.810709,10002,8488e8d8-c18c-49f8-8dc7-968d33f40119,client_10,coordinator_0,NET_TRANSFER,0.000100,0.158000,Request Model ID
192323.968709,1001,c058df17-9e88-4847-baf4-6e2c889e8d4d,client_1,coordinator_0,NET_TRANSFER,0.000100,0.158000,Request Model ID
192324.126709,6000,5a4ddec2-471a-4cc9-bcfc-1c998571a64c,client_6,coordinator_0,NET_TRANSFER,0.000100,0.158000,Request Model ID
192324.284709,2001,a886fc6a-5258-4d93-a875-f3db69b17d98,client_2,coordinator_0,NET_TRANSFER,0.000100,0.158000,Request Model ID
192324.442709,6000,8233a468-234e-4a22-8166-33f25e165d96,client_6,coordinator_0,NET_TRANSFER,0.000100,0.158000,Request Model ID
192324.600709,3001,8488e8d8-c18c-49f8-8dc7-968d33f40119,client_3,coordinator_0,NET_TRANSFER,0.000100,0.158000,Request Model ID
192324.758709,4001,c058df17-9e88-4847-baf4-6e2c889e8d4d,client_4,coordinator_0,NET_TRANSFER,0.000100,0.158000,Request Model ID
192324.916709,4001,683e1def-e889-4ef7-a89d-272f6bad72d3,client_4,coordinator_0,NET_TRANSFER,0.000100,0.158000,Request Model ID
192325.074709,8000,d4b394b0-887b-4ade-b884-6c80c8a7daf2,client_8,coordinator_0,NET_TRANSFER,0.000100,0.158000,Request Model ID
192325.232709,7000,c058df17-9e88-4847-baf4-6e2c889e8d4d,client_7,coordinator_0,NET_TRANSFER,0.000100,0.158000,Request Model ID
192325.390709,8000,44c74542-198d-4b82-96c7-01f6a8e6ad94,client_8,coordinator_0,NET_TRANSFER,0.000100,0.158000,Request Model ID
192325.548709,8000,5da2df27-cf63-4c4c-ae5e-62dac7a03a3d,client_8,coordinator_0,NET_TRANSFER,0.000100,0.158000,Request Model ID
192325.706709,8000,44c74542-198d-4b82-96c7-01f6a8e6ad94,client_8,coordinator_0,NET_TRANSFER,0.000100,0.158000,Request Model ID
192325.864709,9002,b2805f95-7fad-4a43-bf85-66ce3781b818,client_9,coordinator_0,NET_TRANSFER,0.000100,0.158000,Request Model ID
192326.022709,9002,5a4ddec2-471a-4cc9-bcfc-1c998571a64c,client_9,coordinator_0,NET_TRANSFER,0.000100,0.158000,Request Model ID
192326.180709,5002,e9ab481a-f9bf-42a7-921f-45125b9da313,client_5,coordinator_0,NET_TRANSFER,0.000100,0.158000,Request Model ID
192326.338709,9000,d2580a08-9925-4b14-a0ae-fbd2e806d529,client_9,coordinator_0,NET_TRANSFER,0.000100,0.158000,Request Model ID
192326.496709,5001,c058df17-9e88-4847-baf4-6e2c889e8d4d,client_5,coordinator_0,NET_TRANSFER,0.000100,0.158000,Request Model ID
192326.654709,9000,5da2df27-cf63-4c4c-ae5e-62dac7a03a3d,client_9,coordinator_0,NET_TRANSFER,0.000100,0.158000,Request Model ID
192326.812709,5001,d2580a08-9925-4b14-a0ae-fbd2e806d529,client_5,coordinator_0,NET_TRANSFER,0.000100,0.158000,Request Model ID
192326.970709,10001,b23b9bcf-15a7-4d4a-87b3-f049d0b0b838,client_10,coordinator_0,NET_TRANSFER,0.000100,0.158000,Request Model ID
192327.128709,9001,5da2df27-cf63-4c4c-ae5e-62dac7a03a3d,client_9,coordinator_0,NET_TRANSFER,0.000100,0.158000,Request Model ID
192327.286709,4002,5da2df27-cf63-4c4c-ae5e-62dac7a03a3d,client_4,coordinator_0,NET_TRANSFER,0.000100,0.158000,Request Model ID
192327.444709,1002,e8282f9d-ace8-4cdf-b62c-3d9f466a71e1,client_1,coordinator_0,NET_TRANSFER,0.000100,0.158000,Request Model ID
192327.602709,8001,7b482c9c-fddc-4070-b1ff-d34c65aeddf9,client_8,coordinator_0,NET_TRANSFER,0.000100,0.158000,Request Model ID
192327.760709,9000,91008a79-010a-4e7f-82a9-d93d175b8acb,client_9,coordinator_0,NET_TRANSFER,0.000100,0.158000,Request Model ID
192327.918709,9001,d36a8feb-f69f-4ca5-8d20-dbd41cfd8e0d,client_9,coordinator_0,NET_TRANSFER,0.000100,0.158000,Request Model ID
192328.076709,1002,bdd36ae2-6ffc-42e7-b48e-12b94d23dc1c,client_1,coordinator_0,NET_TRANSFER,0.000100,0.158000,Request Model ID
192328.234709,6001,9242bfae-2680-474f-abd2-115e84f6b68c,client_6,coordinator_0,NET_TRANSFER,0.000100,0.158000,Request Model ID
192328.392709,7001,e9ab481a-f9bf-42a7-921f-45125b9da313,client_7,coordinator_0,NET_TRANSFER,0.000100,0.158000,Request Model ID
192328.550709,1002,b42ec4c0-5247-4b28-9ada-769c5bad77e7,client_1,coordinator_0,NET_TRANSFER,0.000100,0.158000,Request Model ID
192328.708709,1002,bdd36ae2-6ffc-42e7-b48e-12b94d23dc1c,client_1,coordinator_0,NET_TRANSFER,0.000100,0.158000,Request Model ID
192328.866709,6001,7f9a238b-9bd4-4b7f-8ef2-4365f6c2f382,client_6,coordinator_0,NET_TRANSFER,0.000100,0.158000,Request Model ID
192329.024709,4002,07a8404e-b389-42f4-9eba-f552b8fcd4a4,client_4,coordinator_0,NET_TRANSFER,0.000100,0.158000,Request Model ID
192329.182709,4002,683e1def-e889-4ef7-a89d-272f6bad72d3,client_4,coordinator_0,NET_TRANSFER,0.000100,0.158000,Request Model ID
192329.340709,4002,b2805f95-7fad-4a43-bf85-66ce3781b818,client_4,coordinator_0,NET_TRANSFER,0.000100,0.158000,Request Model ID
192329.498709,7001,0c0edddb-db74-420e-be90-7edecacd0b9f,client_7,coordinator_0,NET_TRANSFER,0.000100,0.158000,Request Model ID
192329.656709,8001,d4b394b0-887b-4ade-b884-6c80c8a7daf2,client_8,coordinator_0,NET_TRANSFER,0.000100,0.158000,Request Model ID
192329.814709,5002,9880cbcf-8e6d-4dda-81c9-85768d11ec44,client_5,coordinator_0,NET_TRANSFER,0.000100,0.158000,Request Model ID
192329.972709,10002,5da2df27-cf63-4c4c-ae5e-62dac7a03a3d,client_10,coordinator_0,NET_TRANSFER,0.000100,0.158000,Request Model ID
192330.130709,9003,c058df17-9e88-4847-baf4-6e2c889e8d4d,client_9,coordinator_0,NET_TRANSFER,0.000100,0.158000,Request Model ID
192330.288709,2001,9880cbcf-8e6d-4dda-81c9-85768d11ec44,client_2,coordinator_0,NET_TRANSFER,0.000100,0.158000,Request Model ID
192330.446709,10002,08212f61-6e5c-492e-829d-335e87744563,client_10,coordinator_0,NET_TRANSFER,0.000100,0.158000,Request Model ID
192330.604709,3001,c058df17-9e88-4847-baf4-6e2c889e8d4d,client_3,coordinator_0,NET_TRANSFER,0.000100,0.158000,Request Model ID
192330.722095,2000,0c0edddb-db74-420e-be90-7edecacd0b9f,worker_1,worker_1,DISK_LOAD,15.025379,0.117386,"Disk -> RAM [Model: 0c0edddb, Layer: 02049b8a]"
192330.839480,2000,0c0edddb-db74-420e-be90-7edecacd0b9f,worker_1,worker_1,MEM_MOVE,15.025379,0.117386,"RAM -> VRAM [Model: 0c0edddb, Layer: 02049b8a]"
192330.889480,2000,0c0edddb-db74-420e-be90-7edecacd0b9f,worker_1,worker_1,GPU_COMPUTE,0.050000,0.050000,GPU Compute
192331.047480,2000,0c0edddb-db74-420e-be90-7edecacd0b9f,worker_1,coordinator_0,NET_TRANSFER,0.000100,0.158000,Signal Finished
193199.531139,2000,0c0edddb-db74-420e-be90-7edecacd0b9f,coordinator_0,worker_2,NET_TRANSFER,10.854171,868.483659,Distribute Layer ID: 1cdeb993
193199.615937,2000,0c0edddb-db74-420e-be90-7edecacd0b9f,worker_2,worker_2,DISK_LOAD,10.854171,0.084798,"Disk -> RAM [Model: 0c0edddb, Layer: 1cdeb993]"
193199.700736,2000,0c0edddb-db74-420e-be90-7edecacd0b9f,worker_2,worker_2,MEM_MOVE,10.854171,0.084798,"RAM -> VRAM [Model: 0c0edddb, Layer: 1cdeb993]"
193199.750736,2000,0c0edddb-db74-420e-be90-7edecacd0b9f,worker_2,worker_2,GPU_COMPUTE,0.050000,0.050000,GPU Compute
193199.908736,2000,0c0edddb-db74-420e-be90-7edecacd0b9f,worker_2,coordinator_0,NET_TRANSFER,0.000100,0.158000,Signal Finished
194005.097613,2000,0c0edddb-db74-420e-be90-7edecacd0b9f,coordinator_0,worker_3,NET_TRANSFER,10.062986,805.188877,Distribute Layer ID: 405ac803
194005.176230,2000,0c0edddb-db74-420e-be90-7edecacd0b9f,worker_3,worker_3,DISK_LOAD,10.062986,0.078617,"Disk -> RAM [Model: 0c0edddb, Layer: 405ac803]"
194005.254847,2000,0c0edddb-db74-420e-be90-7edecacd0b9f,worker_3,worker_3,MEM_MOVE,10.062986,0.078617,"RAM -> VRAM [Model: 0c0edddb, Layer: 405ac803]"
194005.304847,2000,0c0edddb-db74-420e-be90-7edecacd0b9f,worker_3,worker_3,GPU_COMPUTE,0.050000,0.050000,GPU Compute
194005.462847,2000,0c0edddb-db74-420e-be90-7edecacd0b9f,worker_3,coordinator_0,NET_TRANSFER,0.000100,0.158000,Signal Finished
195108.593711,2000,0c0edddb-db74-420e-be90-7edecacd0b9f,coordinator_0,worker_4,NET_TRANSFER,13.787261,1103.130864,Distribute Layer ID: 1a3e0fe8
195108.701424,2000,0c0edddb-db74-420e-be90-7edecacd0b9f,worker_4,worker_4,DISK_LOAD,13.787261,0.107713,"Disk -> RAM [Model: 0c0edddb, Layer: 1a3e0fe8]"
195108.809137,2000,0c0edddb-db74-420e-be90-7edecacd0b9f,worker_4,worker_4,MEM_MOVE,13.787261,0.107713,"RAM -> VRAM [Model: 0c0edddb, Layer: 1a3e0fe8]"
195108.859137,2000,0c0edddb-db74-420e-be90-7edecacd0b9f,worker_4,worker_4,GPU_COMPUTE,0.050000,0.050000,GPU Compute
195109.017137,2000,0c0edddb-db74-420e-be90-7edecacd0b9f,worker_4,coordinator_0,NET_TRANSFER,0.000100,0.158000,Signal Finished
195662.979149,2000,0c0edddb-db74-420e-be90-7edecacd0b9f,coordinator_0,worker_1,NET_TRANSFER,6.922650,553.962012,Distribute Layer ID: bec7990e
195663.033232,2000,0c0edddb-db74-420e-be90-7edecacd0b9f,worker_1,worker_1,DISK_LOAD,6.922650,0.054083,"Disk -> RAM [Model: 0c0edddb, Layer: bec7990e]"
195663.087316,2000,0c0edddb-db74-420e-be90-7edecacd0b9f,worker_1,worker_1,MEM_MOVE,6.922650,0.054083,"RAM -> VRAM [Model: 0c0edddb, Layer: bec7990e]"
195663.137316,2000,0c0edddb-db74-420e-be90-7edecacd0b9f,worker_1,worker_1,GPU_COMPUTE,0.050000,0.050000,GPU Compute
195663.295316,2000,0c0edddb-db74-420e-be90-7edecacd0b9f,worker_1,coordinator_0,NET_TRANSFER,0.000100,0.158000,Signal Finished
196355.697378,2000,0c0edddb-db74-420e-be90-7edecacd0b9f,coordinator_0,worker_2,NET_TRANSFER,8.653151,692.402063,Distribute Layer ID: 607b72de
196355.764981,2000,0c0edddb-db74-420e-be90-7edecacd0b9f,worker_2,worker_2,DISK_LOAD,8.653151,0.067603,"Disk -> RAM [Model: 0c0edddb, Layer: 607b72de]"
196355.832584,2000,0c0edddb-db74-420e-be90-7edecacd0b9f,worker_2,worker_2,MEM_MOVE,8.653151,0.067603,"RAM -> VRAM [Model: 0c0edddb, Layer: 607b72de]"
196355.882584,2000,0c0edddb-db74-420e-be90-7edecacd0b9f,worker_2,worker_2,GPU_COMPUTE,0.050000,0.050000,GPU Compute
196356.040584,2000,0c0edddb-db74-420e-be90-7edecacd0b9f,worker_2,coordinator_0,NET_TRANSFER,0.000100,0.158000,Signal Finished
196356.198584,4000,0c0edddb-db74-420e-be90-7edecacd0b9f,coordinator_0,worker_1,NET_TRANSFER,0.000100,0.158000,Poll: Check Layer Cache
196356.356584,4000,0c0edddb-db74-420e-be90-7edecacd0b9f,worker_1,coordinator_0,NET_TRANSFER,0.000100,0.158000,Poll: Cache Status Reply
196356.514584,4000,0c0edddb-db74-420e-be90-7edecacd0b9f,coordinator_0,worker_1,NET_TRANSFER,0.000100,0.158000,Poll: Check Layer Cache
196356.672584,4000,0c0edddb-db74-420e-be90-7edecacd0b9f,worker_1,coordinator_0,NET_TRANSFER,0.000100,0.158000,Poll: Cache Status Reply
196356.830584,4000,0c0edddb-db74-420e-be90-7edecacd0b9f,coordinator_0,worker_3,NET_TRANSFER,0.000100,0.158000,Poll: Check Layer Cache
196356.988584,4000,0c0edddb-db74-420e-be90-7edecacd0b9f,worker_3,coordinator_0,NET_TRANSFER,0.000100,0.158000,Poll: Cache Status Reply
196357.146584,4000,0c0edddb-db74-420e-be90-7edecacd0b9f,coordinator_0,worker_1,NET_TRANSFER,0.000100,0.158000,Poll: Check Layer Cache
196357.304584,4000,0c0edddb-db74-420e-be90-7edecacd0b9f,worker_1,coordinator_0,NET_TRANSFER,0.000100,0.158000,Poll: Cache Status Reply
196357.462584,4000,0c0edddb-db74-420e-be90-7edecacd0b9f,coordinator_0,worker_3,NET_TRANSFER,0.000100,0.158000,Poll: Check Layer Cache
196357.620584,4000,0c0edddb-db74-420e-be90-7edecacd0b9f,worker_3,coordinator_0,NET_TRANSFER,0.000100,0.158000,Poll: Cache Status Reply
196357.778584,4000,0c0edddb-db74-420e-be90-7edecacd0b9f,coordinator_0,worker_3,NET_TRANSFER,0.000100,0.158000,Poll: Check Layer Cache
196357.936584,4000,0c0edddb-db74-420e-be90-7edecacd0b9f,worker_3,coordinator_0,NET_TRANSFER,0.000100,0.158000,Poll: Cache Status Reply
196358.094584,4000,0c0edddb-db74-420e-be90-7edecacd0b9f,coordinator_0,worker_1,NET_TRANSFER,0.000100,0.158000,Poll: Check Layer Cache
196358.252584,4000,0c0edddb-db74-420e-be90-7edecacd0b9f,worker_1,coordinator_0,NET_TRANSFER,0.000100,0.158000,Poll: Cache Status Reply
196358.410584,4000,0c0edddb-db74-420e-be90-7edecacd0b9f,coordinator_0,worker_2,NET_TRANSFER,0.000100,0.158000,Poll: Check Layer Cache
196358.568584,4000,0c0edddb-db74-420e-be90-7edecacd0b9f,worker_2,coordinator_0,NET_TRANSFER,0.000100,0.158000,Poll: Cache Status Reply
196358.726584,4000,0c0edddb-db74-420e-be90-7edecacd0b9f,coordinator_0,worker_2,NET_TRANSFER,0.000100,0.158000,Poll: Check Layer Cache
196358.884584,4000,0c0edddb-db74-420e-be90-7edecacd0b9f,worker_2,coordinator_0,NET_TRANSFER,0.000100,0.158000,Poll: Cache Status Reply
196359.042584,4000,0c0edddb-db74-420e-be90-7edecacd0b9f,coordinator_0,worker_2,NET_TRANSFER,0.000100,0.158000,Poll: Check Layer Cache
196359.200584,4000,0c0edddb-db74-420e-be90-7edecacd0b9f,worker_2,coordinator_0,NET_TRANSFER,0.000100,0.158000,Poll: Cache Status Reply
196359.358584,4000,0c0edddb-db74-420e-be90-7edecacd0b9f,coordinator_0,worker_4,NET_TRANSFER,0.000100,0.158000,Poll: Check Layer Cache
196359.516584,4000,0c0edddb-db74-420e-be90-7edecacd0b9f,worker_4,coordinator_0,NET_TRANSFER,0.000100,0.158000,Poll: Cache Status Reply
196359.674584,4000,0c0edddb-db74-420e-be90-7edecacd0b9f,coordinator_0,worker_1,NET_TRANSFER,0.000100,0.158000,Poll: Check Layer Cache
196359.832584,4000,0c0edddb-db74-420e-be90-7edecacd0b9f,worker_1,coordinator_0,NET_TRANSFER,0.000100,0.158000,Poll: Cache Status Reply
196359.990584,4000,0c0edddb-db74-420e-be90-7edecacd0b9f,coordinator_0,worker_3,NET_TRANSFER,0.000100,0.158000,Poll: Check Layer Cache
196360.148584,4000,0c0edddb-db74-420e-be90-7edecacd0b9f,worker_3,coordinator_0,NET_TRANSFER,0.000100,0.158000,Poll: Cache Status Reply
196360.306584,4000,0c0edddb-db74-420e-be90-7edecacd0b9f,coordinator_0,worker_2,NET_TRANSFER,0.000100,0.158000,Poll: Check Layer Cache
196360.464584,4000,0c0edddb-db74-420e-be90-7edecacd0b9f,worker_2,coordinator_0,NET_TRANSFER,0.000100,0.158000,Poll: Cache Status Reply
196360.622584,4000,0c0edddb-db74-420e-be90-7edecacd0b9f,coordinator_0,worker_4,NET_TRANSFER,0.000100,0.158000,Poll: Check Layer Cache
196360.780584,4000,0c0edddb-db74-420e-be90-7edecacd0b9f,worker_4,coordinator_0,NET_TRANSFER,0.000100,0.158000,Poll: Cache Status Reply
196360.938584,4000,0c0edddb-db74-420e-be90-7edecacd0b9f,coordinator_0,worker_3,NET_TRANSFER,0.000100,0.158000,Poll: Check Layer Cache
196361.096584,4000,0c0edddb-db74-420e-be90-7edecacd0b9f,worker_3,coordinator_0,NET_TRANSFER,0.000100,0.158000,Poll: Cache Status Reply
196361.254584,4000,0c0edddb-db74-420e-be90-7edecacd0b9f,coordinator_0,worker_4,NET_TRANSFER,0.000100,0.158000,Poll: Check Layer Cache
196361.412584,4000,0c0edddb-db74-420e-be90-7edecacd0b9f,worker_4,coordinator_0,NET_TRANSFER,0.000100,0.158000,Poll: Cache Status Reply
196361.570584,4000,0c0edddb-db74-420e-be90-7edecacd0b9f,coordinator_0,worker_3,NET_TRANSFER,0.000100,0.158000,Poll: Check Layer Cache
196361.728584,4000,0c0edddb-db74-420e-be90-7edecacd0b9f,worker_3,coordinator_0,NET_TRANSFER,0.000100,0.158000,Poll: Cache Status Reply
196361.886584,4000,0c0edddb-db74-420e-be90-7edecacd0b9f,coordinator_0,worker_3,NET_TRANSFER,0.000100,0.158000,Poll: Check Layer Cache
196362.044584,4000,0c0edddb-db74-420e-be90-7edecacd0b9f,worker_3,coordinator_0,NET_TRANSFER,0.000100,0.158000,Poll: Cache Status Reply
196362.202584,4000,0c0edddb-db74-420e-be90-7edecacd0b9f,coordinator_0,worker_4,NET_TRANSFER,0.000100,0.158000,Poll: Check Layer Cache
196362.360584,4000,0c0edddb-db74-420e-be90-7edecacd0b9f,worker_4,coordinator_0,NET_TRANSFER,0.000100,0.158000,Poll: Cache Status Reply
196362.518584,4000,0c0edddb-db74-420e-be90-7edecacd0b9f,coordinator_0,worker_4,NET_TRANSFER,0.000100,0.158000,Poll: Check Layer Cache
196362.676584,4000,0c0edddb-db74-420e-be90-7edecacd0b9f,worker_4,coordinator_0,NET_TRANSFER,0.000100,0.158000,Poll: Cache Status Reply
196362.834584,4000,0c0edddb-db74-420e-be90-7edecacd0b9f,coordinator_0,worker_1,NET_TRANSFER,0.000100,0.158000,Poll: Check Layer Cache
196362.992584,4000,0c0edddb-db74-420e-be90-7edecacd0b9f,worker_1,coordinator_0,NET_TRANSFER,0.000100,0.158000,Poll: Cache Status Reply
196363.150584,4000,0c0edddb-db74-420e-be90-7edecacd0b9f,coordinator_0,worker_4,NET_TRANSFER,0.000100,0.158000,Poll: Check Layer Cache
196363.308584,4000,0c0edddb-db74-420e-be90-7edecacd0b9f,worker_4,coordinator_0,NET_TRANSFER,0.000100,0.158000,Poll: Cache Status Reply
196363.466584,4000,0c0edddb-db74-420e-be90-7edecacd0b9f,coordinator_0,worker_2,NET_TRANSFER,0.000100,0.158000,Poll: Check Layer Cache
196363.624584,4000,0c0edddb-db74-420e-be90-7edecacd0b9f,worker_2,coordinator_0,NET_TRANSFER,0.000100,0.158000,Poll: Cache Status Reply
196363.782584,4000,0c0edddb-db74-420e-be90-7edecacd0b9f,coordinator_0,worker_1,NET_TRANSFER,0.000100,0.158000,Poll: Check Layer Cache
196363.940584,4000,0c0edddb-db74-420e-be90-7edecacd0b9f,worker_1,coordinator_0,NET_TRANSFER,0.000100,0.158000,Poll: Cache Status Reply
196364.098584,4000,0c0edddb-db74-420e-be90-7edecacd0b9f,coordinator_0,worker_4,NET_TRANSFER,0.000100,0.158000,Poll: Check Layer Cache
196364.256584,4000,0c0edddb-db74-420e-be90-7edecacd0b9f,worker_4,coordinator_0,NET_TRANSFER,0.000100,0.158000,Poll: Cache Status Reply
196364.414584,4000,0c0edddb-db74-420e-be90-7edecacd0b9f,coordinator_0,worker_1,NET_TRANSFER,0.000100,0.158000,Poll: Check Layer Cache
196364.572584,4000,0c0edddb-db74-420e-be90-7edecacd0b9f,worker_1,coordinator_0,NET_TRANSFER,0.000100,0.158000,Poll: Cache Status Reply
196364.730584,4000,0c0edddb-db74-420e-be90-7edecacd0b9f,coordinator_0,worker_1,NET_TRANSFER,0.000100,0.158000,Poll: Check Layer Cache
196364.888584,4000,0c0edddb-db74-420e-be90-7edecacd0b9f,worker_1,coordinator_0,NET_TRANSFER,0.000100,0.158000,Poll: Cache Status Reply
196365.046584,4000,0c0edddb-db74-420e-be90-7edecacd0b9f,coordinator_0,worker_1,NET_TRANSFER,0.000100,0.158000,Poll: Check Layer Cache
196365.204584,4000,0c0edddb-db74-420e-be90-7edecacd0b9f,worker_1,coordinator_0,NET_TRANSFER,0.000100,0.158000,Poll: Cache Status Reply
196365.362584,4000,0c0edddb-db74-420e-be90-7edecacd0b9f,coordinator_0,worker_1,NET_TRANSFER,0.000100,0.158000,Poll: Check Layer Cache
196365.520584,4000,0c0edddb-db74-420e-be90-7edecacd0b9f,worker_1,coordinator_0,NET_TRANSFER,0.000100,0.158000,Poll: Cache Status Reply
196365.678584,4000,0c0edddb-db74-420e-be90-7edecacd0b9f,coordinator_0,worker_2,NET_TRANSFER,0.000100,0.158000,Poll: Check Layer Cache
196365.836584,4000,0c0edddb-db74-420e-be90-7edecacd0b9f,worker_2,coordinator_0,NET_TRANSFER,0.000100,0.158000,Poll: Cache Status Reply
196365.994584,4000,0c0edddb-db74-420e-be90-7edecacd0b9f,coordinator_0,worker_2,NET_TRANSFER,0.000100,0.158000,Poll: Check Layer Cache
196366.152584,4000,0c0edddb-db74-420e-be90-7edecacd0b9f,worker_2,coordinator_0,NET_TRANSFER,0.000100,0.158000,Poll: Cache Status Reply
196366.310584,4000,0c0edddb-db74-420e-be90-7edecacd0b9f,coordinator_0,worker_4,NET_TRANSFER,0.000100,0.158000,Poll: Check Layer Cache
196366.468584,4000,0c0edddb-db74-420e-be90-7edecacd0b9f,worker_4,coordinator_0,NET_TRANSFER,0.000100,0.158000,Poll: Cache Status Reply
196366.626584,4000,0c0edddb-db74-420e-be90-7edecacd0b9f,coordinator_0,worker_3,NET_TRANSFER,0.000100,0.158000,Poll: Check Layer Cache
196366.784584,4000,0c0edddb-db74-420e-be90-7edecacd0b9f,worker_3,coordinator_0,NET_TRANSFER,0.000100,0.158000,Poll: Cache Status Reply
196366.942584,4000,0c0edddb-db74-420e-be90-7edecacd0b9f,coordinator_0,worker_2,NET_TRANSFER,0.000100,0.158000,Poll: Check Layer Cache
196367.100584,4000,0c0edddb-db74-420e-be90-7edecacd0b9f,worker_2,coordinator_0,NET_TRANSFER,0.000100,0.158000,Poll: Cache Status Reply
196367.258584,4000,0c0edddb-db74-420e-be90-7edecacd0b9f,coordinator_0,worker_1,NET_TRANSFER,0.000100,0.158000,Poll: Check Layer Cache
196367.416584,4000,0c0edddb-db74-420e-be90-7edecacd0b9f,worker_1,coordinator_0,NET_TRANSFER,0.000100,0.158000,Poll: Cache Status Reply
196367.574584,4000,0c0edddb-db74-420e-be90-7edecacd0b9f,coordinator_0,worker_2,NET_TRANSFER,0.000100,0.158000,Poll: Check Layer Cache
196367.732584,4000,0c0edddb-db74-420e-be90-7edecacd0b9f,worker_2,coordinator_0,NET_TRANSFER,0.000100,0.158000,Poll: Cache Status Reply
196367.890584,4000,0c0edddb-db74-420e-be90-7edecacd0b9f,coordinator_0,worker_2,NET_TRANSFER,0.000100,0.158000,Poll: Check Layer Cache
196368.048584,4000,0c0edddb-db74-420e-be90-7edecacd0b9f,worker_2,coordinator_0,NET_TRANSFER,0.000100,0.158000,Poll: Cache Status Reply
196368.206584,4000,0c0edddb-db74-420e-be90-7edecacd0b9f,coordinator_0,worker_3,NET_TRANSFER,0.000100,0.158000,Poll: Check Layer Cache
196368.364584,4000,0c0edddb-db74-420e-be90-7edecacd0b9f,worker_3,coordinator_0,NET_TRANSFER,0.000100,0.158000,Poll: Cache Status Reply
196368.522584,4000,0c0edddb-db74-420e-be90-7edecacd0b9f,coordinator_0,worker_2,NET_TRANSFER,0.000100,0.158000,Poll: Check Layer Cache
196368.680584,4000,0c0edddb-db74-420e-be90-7edecacd0b9f,worker_2,coordinator_0,NET_TRANSFER,0.000100,0.158000,Poll: Cache Status Reply
196368.838584,4000,0c0edddb-db74-420e-be90-7edecacd0b9f,coordinator_0,worker_4,NET_TRANSFER,0.000100,0.158000,Poll: Check Layer Cache
196368.996584,4000,0c0edddb-db74-420e-be90-7edecacd0b9f,worker_4,coordinator_0,NET_TRANSFER,0.000100,0.158000,Poll: Cache Status Reply
196369.154584,4000,0c0edddb-db74-420e-be90-7edecacd0b9f,coordinator_0,worker_4,NET_TRANSFER,0.000100,0.158000,Poll: Check Layer Cache
196369.312584,4000,0c0edddb-db74-420e-be90-7edecacd0b9f,worker_4,coordinator_0,NET_TRANSFER,0.000100,0.158000,Poll: Cache Status Reply
196369.470584,4000,0c0edddb-db74-420e-be90-7edecacd0b9f,coordinator_0,worker_2,NET_TRANSFER,0.000100,0.158000,Poll: Check Layer Cache
196369.628584,4000,0c0edddb-db74-420e-be90-7edecacd0b9f,worker_2,coordinator_0,NET_TRANSFER,0.000100,0.158000,Poll: Cache Status Reply
196369.786584,4000,0c0edddb-db74-420e-be90-7edecacd0b9f,coordinator_0,worker_3,NET_TRANSFER,0.000100,0.158000,Poll: Check Layer Cache
196369.944584,4000,0c0edddb-db74-420e-be90-7edecacd0b9f,worker_3,coordinator_0,NET_TRANSFER,0.000100,0.158000,Poll: Cache Status Reply
196370.102584,4000,0c0edddb-db74-420e-be90-7edecacd0b9f,coordinator_0,worker_4,NET_TRANSFER,0.000100,0.158000,Poll: Check Layer Cache
196370.260584,4000,0c0edddb-db74-420e-be90-7edecacd0b9f,worker_4,coordinator_0,NET_TRANSFER,0.000100,0.158000,Poll: Cache Status Reply
196370.418584,4000,0c0edddb-db74-420e-be90-7edecacd0b9f,coordinator_0,worker_3,NET_TRANSFER,0.000100,0.158000,Poll: Check Layer Cache
196370.576584,4000,0c0edddb-db74-420e-be90-7edecacd0b9f,worker_3,coordinator_0,NET_TRANSFER,0.000100,0.158000,Poll: Cache Status Reply
196370.734584,10002,8488e8d8-c18c-49f8-8dc7-968d33f40119,coordinator_0,worker_3,NET_TRANSFER,0.000100,0.158000,Poll: Check Layer Cache
196370.892584,10002,8488e8d8-c18c-49f8-8dc7-968d33f40119,worker_3,coordinator_0,NET_TRANSFER,0.000100,0.158000,Poll: Cache Status Reply
196371.050584,10002,8488e8d8-c18c-49f8-8dc7-968d33f40119,coordinator_0,worker_4,NET_TRANSFER,0.000100,0.158000,Poll: Check Layer Cache
196371.208584,10002,8488e8d8-c18c-49f8-8dc7-968d33f40119,worker_4,coordinator_0,NET_TRANSFER,0.000100,0.158000,Poll: Cache Status Reply
196371.366584,10002,8488e8d8-c18c-49f8-8dc7-968d33f40119,coordinator_0,worker_3,NET_TRANSFER,0.000100,0.158000,Poll: Check Layer Cache
196371.524584,10002,8488e8d8-c18c-49f8-8dc7-968d33f40119,worker_3,coordinator_0,NET_TRANSFER,0.000100,0.158000,Poll: Cache Status Reply
196371.682584,10002,8488e8d8-c18c-49f8-8dc7-968d33f40119,coordinator_0,worker_1,NET_TRANSFER,0.000100,0.158000,Poll: Check Layer Cache
196371.840584,10002,8488e8d8-c18c-49f8-8dc7-968d33f40119,worker_1,coordinator_0,NET_TRANSFER,0.000100,0.158000,Poll: Cache Status Reply
196371.998584,10002,8488e8d8-c18c-49f8-8dc7-968d33f40119,coordinator_0,worker_4,NET_TRANSFER,0.000100,0.158000,Poll: Check Layer Cache
196372.156584,10002,8488e8d8-c18c-49f8-8dc7-968d33f40119,worker_4,coordinator_0,NET_TRANSFER,0.000100,0.158000,Poll: Cache Status Reply
196372.314584,10002,8488e8d8-c18c-49f8-8dc7-968d33f40119,coordinator_0,worker_4,NET_TRANSFER,0.000100,0.158000,Poll: Check Layer Cache
196372.472584,10002,8488e8d8-c18c-49f8-8dc7-968d33f40119,worker_4,coordinator_0,NET_TRANSFER,0.000100,0.158000,Poll: Cache Status Reply
196372.630584,10002,8488e8d8-c18c-49f8-8dc7-968d33f40119,coordinator_0,worker_1,NET_TRANSFER,0.000100,0.158000,Poll: Check Layer Cache
196372.788584,10002,8488e8d8-c18c-49f8-8dc7-968d33f40119,worker_1,coordinator_0,NET_TRANSFER,0.000100,0.158000,Poll: Cache Status Reply
196372.946584,10002,8488e8d8-c18c-49f8-8dc7-968d33f40119,coordinator_0,worker_3,NET_TRANSFER,0.000100,0.158000,Poll: Check Layer Cache
196373.104584,10002,8488e8d8-c18c-49f8-8dc7-968d33f40119,worker_3,coordinator_0,NET_TRANSFER,0.000100,0.158000,Poll: Cache Status Reply
196373.262584,10002,8488e8d8-c18c-49f8-8dc7-968d33f40119,coordinator_0,worker_4,NET_TRANSFER,0.000100,0.158000,Poll: Check Layer Cache
196373.420584,10002,8488e8d8-c18c-49f8-8dc7-968d33f40119,worker_4,coordinator_0,NET_TRANSFER,0.000100,0.158000,Poll: Cache Status Reply
196373.578584,10002,8488e8d8-c18c-49f8-8dc7-968d33f40119,coordinator_0,worker_2,NET_TRANSFER,0.000100,0.158000,Poll: Check Layer Cache
196373.736584,10002,8488e8d8-c18c-49f8-8dc7-968d33f40119,worker_2,coordinator_0,NET_TRANSFER,0.000100,0.158000,Poll: Cache Status Reply
196373.894584,10002,8488e8d8-c18c-49f8-8dc7-968d33f40119,coordinator_0,worker_1,NET_TRANSFER,0.000100,0.158000,Poll: Check Layer Cache
196374.052584,10002,8488e8d8-c18c-49f8-8dc7-968d33f40119,worker_1,coordinator_0,NET_TRANSFER,0.000100,0.158000,Poll: Cache Status Reply
196374.210584,10002,8488e8d8-c18c-49f8-8dc7-968d33f40119,coordinator_0,worker_2,NET_TRANSFER,0.000100,0.158000,Poll: Check Layer Cache
196374.368584,10002,8488e8d8-c18c-49f8-8dc7-968d33f40119,worker_2,coordinator_0,NET_TRANSFER,0.000100,0.158000,Poll: Cache Status Reply
196374.526584,10002,8488e8d8-c18c-49f8-8dc7-968d33f40119,coordinator_0,worker_1,NET_TRANSFER,0.000100,0.158000,Poll: Check Layer Cache
196374.684584,10002,8488e8d8-c18c-49f8-8dc7-968d33f40119,worker_1,coordinator_0,NET_TRANSFER,0.000100,0.158000,Poll: Cache Status Reply
196374.842584,10002,8488e8d8-c18c-49f8-8dc7-968d33f40119,coordinator_0,worker_1,NET_TRANSFER,0.000100,0.158000,Poll: Check Layer Cache
196375.000584,10002,8488e8d8-c18c-49f8-8dc7-968d33f40119,worker_1,coordinator_0,NET_TRANSFER,0.000100,0.158000,Poll: Cache Status Reply
196375.158584,10002,8488e8d8-c18c-49f8-8dc7-968d33f40119,coordinator_0,worker_2,NET_TRANSFER,0.000100,0.158000,Poll: Check Layer Cache
196375.316584,10002,8488e8d8-c18c-49f8-8dc7-968d33f40119,worker_2,coordinator_0,NET_TRANSFER,0.000100,0.158000,Poll: Cache Status Reply
196375.474584,10002,8488e8d8-c18c-49f8-8dc7-968d33f40119,coordinator_0,worker_4,NET_TRANSFER,0.000100,0.158000,Poll: Check Layer Cache
196375.632584,10002,8488e8d8-c18c-49f8-8dc7-968d33f40119,worker_4,coordinator_0,NET_TRANSFER,0.000100,0.158000,Poll: Cache Status Reply
196375.790584,10002,8488e8d8-c18c-49f8-8dc7-968d33f40119,coordinator_0,worker_4,NET_TRANSFER,0.000100,0.158000,Poll: Check Layer Cache
196375.948584,10002,8488e8d8-c18c-49f8-8dc7-968d33f40119,worker_4,coordinator_0,NET_TRANSFER,0.000100,0.158000,Poll: Cache Status Reply
196376.106584,10002,8488e8d8-c18c-49f8-8dc7-968d33f40119,coordinator_0,worker_1,NET_TRANSFER,0.000100,0.158000,Poll: Check Layer Cache
196376.264584,10002,8488e8d8-c18c-49f8-8dc7-968d33f40119,worker_1,coordinator_0,NET_TRANSFER,0.000100,0.158000,Poll: Cache Status Reply
196376.422584,10002,8488e8d8-c18c-49f8-8dc7-968d33f40119,coordinator_0,worker_3,NET_TRANSFER,0.000100,0.158000,Poll: Check Layer Cache
196376.580584,10002,8488e8d8-c18c-49f8-8dc7-968d33f40119,worker_3,coordinator_0,NET_TRANSFER,0.000100,0.158000,Poll: Cache Status Reply
196376.738584,10002,8488e8d8-c18c-49f8-8dc7-968d33f40119,coordinator_0,worker_3,NET_TRANSFER,0.000100,0.158000,Poll: Check Layer Cache
196376.896584,10002,8488e8d8-c18c-49f8-8dc7-968d33f40119,worker_3,coordinator_0,NET_TRANSFER,0.000100,0.158000,Poll: Cache Status Reply
196377.054584,10002,8488e8d8-c18c-49f8-8dc7-968d33f40119,coordinator_0,worker_4,NET_TRANSFER,0.000100,0.158000,Poll: Check Layer Cache
196377.212584,10002,8488e8d8-c18c-49f8-8dc7-968d33f40119,worker_4,coordinator_0,NET_TRANSFER,0.000100,0.158000,Poll: Cache Status Reply
196377.370584,10002,8488e8d8-c18c-49f8-8dc7-968d33f40119,coordinator_0,worker_2,NET_TRANSFER,0.000100,0.158000,Poll: Check Layer Cache
196377.528584,10002,8488e8d8-c18c-49f8-8dc7-968d33f40119,worker_2,coordinator_0,NET_TRANSFER,0.000100,0.158000,Poll: Cache Status Reply
196377.686584,10002,8488e8d8-c18c-49f8-8dc7-968d33f40119,coordinator_0,worker_3,NET_TRANSFER,0.000100,0.158000,Poll: Check Layer Cache
196377.844584,10002,8488e8d8-c18c-49f8-8dc7-968d33f40119,worker_3,coordinator_0,NET_TRANSFER,0.000100,0.158000,Poll: Cache Status Reply
196378.002584,10002,8488e8d8-c18c-49f8-8dc7-968d33f40119,coordinator_0,worker_2,NET_TRANSFER,0.000100,0.158000,Poll: Check Layer Cache
196378.160584,10002,8488e8d8-c18c-49f8-8dc7-968d33f40119,worker_2,coordinator_0,NET_TRANSFER,0.000100,0.158000,Poll: Cache Status Reply
196378.318584,10002,8488e8d8-c18c-49f8-8dc7-968d33f40119,coordinator_0,worker_2,NET_TRANSFER,0.000100,0.158000,Poll: Check Layer Cache
196378.476584,10002,8488e8d8-c18c-49f8-8dc7-968d33f40119,worker_2,coordinator_0,NET_TRANSFER,0.000100,0.158000,Poll: Cache Status Reply
196378.634584,10002,8488e8d8-c18c-49f8-8dc7-968d33f40119,coordinator_0,worker_1,NET_TRANSFER,0.000100,0.158000,Poll: Check Layer Cache
196378.792584,10002,8488e8d8-c18c-49f8-8dc7-968d33f40119,worker_1,coordinator_0,NET_TRANSFER,0.000100,0.158000,Poll: Cache Status Reply
196378.950584,10002,8488e8d8-c18c-49f8-8dc7-968d33f40119,coordinator_0,worker_2,NET_TRANSFER,0.000100,0.158000,Poll: Check Layer Cache
196379.108584,10002,8488e8d8-c18c-49f8-8dc7-968d33f40119,worker_2,coordinator_0,NET_TRANSFER,0.000100,0.158000,Poll: Cache Status Reply
196379.266584,10002,8488e8d8-c18c-49f8-8dc7-968d33f40119,coordinator_0,worker_4,NET_TRANSFER,0.000100,0.158000,Poll: Check Layer Cache
196379.424584,10002,8488e8d8-c18c-49f8-8dc7-968d33f40119,worker_4,coordinator_0,NET_TRANSFER,0.000100,0.158000,Poll: Cache Status Reply
196379.582584,10002,8488e8d8-c18c-49f8-8dc7-968d33f40119,coordinator_0,worker_2,NET_TRANSFER,0.000100,0.158000,Poll: Check Layer Cache
196379.740584,10002,8488e8d8-c18c-49f8-8dc7-968d33f40119,worker_2,coordinator_0,NET_TRANSFER,0.000100,0.158000,Poll: Cache Status Reply
196379.898584,10002,8488e8d8-c18c-49f8-8dc7-968d33f40119,coordinator_0,worker_3,NET_TRANSFER,0.000100,0.158000,Poll: Check Layer Cache
196380.056584,10002,8488e8d8-c18c-49f8-8dc7-968d33f40119,worker_3,coordinator_0,NET_TRANSFER,0.000100,0.158000,Poll: Cache Status Reply
196380.214584,10002,8488e8d8-c18c-49f8-8dc7-968d33f40119,coordinator_0,worker_1,NET_TRANSFER,0.000100,0.158000,Poll: Check Layer Cache
196380.372584,10002,8488e8d8-c18c-49f8-8dc7-968d33f40119,worker_1,coordinator_0,NET_TRANSFER,0.000100,0.158000,Poll: Cache Status Reply
196380.530584,10002,8488e8d8-c18c-49f8-8dc7-968d33f40119,coordinator_0,worker_1,NET_TRANSFER,0.000100,0.158000,Poll: Check Layer Cache
196380.688584,10002,8488e8d8-c18c-49f8-8dc7-968d33f40119,worker_1,coordinator_0,NET_TRANSFER,0.000100,0.158000,Poll: Cache Status Reply
196380.846584,10002,8488e8d8-c18c-49f8-8dc7-968d33f40119,coordinator_0,worker_2,NET_TRANSFER,0.000100,0.158000,Poll: Check Layer Cache
196381.004584,10002,8488e8d8-c18c-49f8-8dc7-968d33f40119,worker_2,coordinator_0,NET_TRANSFER,0.000100,0.158000,Poll: Cache Status Reply
196381.162584,10002,8488e8d8-c18c-49f8-8dc7-968d33f40119,coordinator_0,worker_4,NET_TRANSFER,0.000100,0.158000,Poll: Check Layer Cache
196381.320584,10002,8488e8d8-c18c-49f8-8dc7-968d33f40119,worker_4,coordinator_0,NET_TRANSFER,0.000100,0.158000,Poll: Cache Status Reply
196381.478584,10002,8488e8d8-c18c-49f8-8dc7-968d33f40119,coordinator_0,worker_1,NET_TRANSFER,0.000100,0.158000,Poll: Check Layer Cache
196381.636584,10002,8488e8d8-c18c-49f8-8dc7-968d33f40119,worker_1,coordinator_0,NET_TRANSFER,0.000100,0.158000,Poll: Cache Status Reply
196381.794584,10002,8488e8d8-c18c-49f8-8dc7-968d33f40119,coordinator_0,worker_3,NET_TRANSFER,0.000100,0.158000,Poll: Check Layer Cache
196381.952584,10002,8488e8d8-c18c-49f8-8dc7-968d33f40119,worker_3,coordinator_0,NET_TRANSFER,0.000100,0.158000,Poll: Cache Status Reply
196382.110584,10002,8488e8d8-c18c-49f8-8dc7-968d33f40119,coordinator_0,worker_3,NET_TRANSFER,0.000100,0.158000,Poll: Check Layer Cache
196382.268584,10002,8488e8d8-c18c-49f8-8dc7-968d33f40119,worker_3,coordinator_0,NET_TRANSFER,0.000100,0.158000,Poll: Cache Status Reply
196382.426584,10002,8488e8d8-c18c-49f8-8dc7-968d33f40119,coordinator_0,worker_2,NET_TRANSFER,0.000100,0.158000,Poll: Check Layer Cache
196382.584584,10002,8488e8d8-c18c-49f8-8dc7-968d33f40119,worker_2,coordinator_0,NET_TRANSFER,0.000100,0.158000,Poll: Cache Status Reply
196382.742584,10002,8488e8d8-c18c-49f8-8dc7-968d33f40119,coordinator_0,worker_3,NET_TRANSFER,0.000100,0.158000,Poll: Check Layer Cache
196382.900584,10002,8488e8d8-c18c-49f8-8dc7-968d33f40119,worker_3,coordinator_0,NET_TRANSFER,0.000100,0.158000,Poll: Cache Status Reply
196383.058584,3001,8488e8d8-c18c-49f8-8dc7-968d33f40119,coordinator_0,worker_1,NET_TRANSFER,0.000100,0.158000,Poll: Check Layer Cache
196383.216584,3001,8488e8d8-c18c-49f8-8dc7-968d33f40119,worker_1,coordinator_0,NET_TRANSFER,0.000100,0.158000,Poll: Cache Status Reply
196383.374584,3001,8488e8d8-c18c-49f8-8dc7-968d33f40119,coordinator_0,worker_1,NET_TRANSFER,0.000100,0.158000,Poll: Check Layer Cache
196383.532584,3001,8488e8d8-c18c-49f8-8dc7-968d33f40119,worker_1,coordinator_0,NET_TRANSFER,0.000100,0.158000,Poll: Cache Status Reply
196383.690584,3001,8488e8d8-c18c-49f8-8dc7-968d33f40119,coordinator_0,worker_2,NET_TRANSFER,0.000100,0.158000,Poll: Check Layer Cache
196383.848584,3001,8488e8d8-c18c-49f8-8dc7-968d33f40119,worker_2,coordinator_0,NET_TRANSFER,0.000100,0.158000,Poll: Cache Status Reply
196384.006584,3001,8488e8d8-c18c-49f8-8dc7-968d33f40119,coordinator_0,worker_4,NET_TRANSFER,0.000100,0.158000,Poll: Check Layer Cache
196384.164584,3001,8488e8d8-c18c-49f8-8dc7-968d33f40119,worker_4,coordinator_0,NET_TRANSFER,0.000100,0.158000,Poll: Cache Status Reply
196384.322584,3001,8488e8d8-c18c-49f8-8dc7-968d33f40119,coordinator_0,worker_4,NET_TRANSFER,0.000100,0.158000,Poll: Check Layer Cache
196384.480584,3001,8488e8d8-c18c-49f8-8dc7-968d33f40119,worker_4,coordinator_0,NET_TRANSFER,0.000100,0.158000,Poll: Cache Status Reply
196384.638584,3001,8488e8d8-c18c-49f8-8dc7-968d33f40119,coordinator_0,worker_1,NET_TRANSFER,0.000100,0.158000,Poll: Check Layer Cache
196384.796584,3001,8488e8d8-c18c-49f8-8dc7-968d33f40119,worker_1,coordinator_0,NET_TRANSFER,0.000100,0.158000,Poll: Cache Status Reply
196384.954584,3001,8488e8d8-c18c-49f8-8dc7-968d33f40119,coordinator_0,worker_3,NET_TRANSFER,0.000100,0.158000,Poll: Check Layer Cache
196385.112584,3001,8488e8d8-c18c-49f8-8dc7-968d33f40119,worker_3,coordinator_0,NET_TRANSFER,0.000100,0.158000,Poll: Cache Status Reply
196385.270584,3001,8488e8d8-c18c-49f8-8dc7-968d33f40119,coordinator_0,worker_3,NET_TRANSFER,0.000100,0.158000,Poll: Check Layer Cache
196385.428584,3001,8488e8d8-c18c-49f8-8dc7-968d33f40119,worker_3,coordinator_0,NET_TRANSFER,0.000100,0.158000,Poll: Cache Status Reply
196385.586584,3001,8488e8d8-c18c-49f8-8dc7-968d33f40119,coordinator_0,worker_4,NET_TRANSFER,0.000100,0.158000,Poll: Check Layer Cache
196385.744584,3001,8488e8d8-c18c-49f8-8dc7-968d33f40119,worker_4,coordinator_0,NET_TRANSFER,0.000100,0.158000,Poll: Cache Status Reply
196385.902584,3001,8488e8d8-c18c-49f8-8dc7-968d33f40119,coordinator_0,worker_2,NET_TRANSFER,0.000100,0.158000,Poll: Check Layer Cache
196386.060584,3001,8488e8d8-c18c-49f8-8dc7-968d33f40119,worker_2,coordinator_0,NET_TRANSFER,0.000100,0.158000,Poll: Cache Status Reply
196386.218584,3001,8488e8d8-c18c-49f8-8dc7-968d33f40119,coordinator_0,worker_3,NET_TRANSFER,0.000100,0.158000,Poll: Check Layer Cache
196386.376584,3001,8488e8d8-c18c-49f8-8dc7-968d33f40119,worker_3,coordinator_0,NET_TRANSFER,0.000100,0.158000,Poll: Cache Status Reply
196386.534584,3001,8488e8d8-c18c-49f8-8dc7-968d33f40119,coordinator_0,worker_2,NET_TRANSFER,0.000100,0.158000,Poll: Check Layer Cache
196386.692584,3001,8488e8d8-c18c-49f8-8dc7-968d33f40119,worker_2,coordinator_0,NET_TRANSFER,0.000100,0.158000,Poll: Cache Status Reply
196386.850584,3001,8488e8d8-c18c-49f8-8dc7-968d33f40119,coordinator_0,worker_2,NET_TRANSFER,0.000100,0.158000,Poll: Check Layer Cache
196387.008584,3001,8488e8d8-c18c-49f8-8dc7-968d33f40119,worker_2,coordinator_0,NET_TRANSFER,0.000100,0.158000,Poll: Cache Status Reply
196387.166584,3001,8488e8d8-c18c-49f8-8dc7-968d33f40119,coordinator_0,worker_1,NET_TRANSFER,0.000100,0.158000,Poll: Check Layer Cache
196387.324584,3001,8488e8d8-c18c-49f8-8dc7-968d33f40119,worker_1,coordinator_0,NET_TRANSFER,0.000100,0.158000,Poll: Cache Status Reply
196387.482584,3001,8488e8d8-c18c-49f8-8dc7-968d33f40119,coordinator_0,worker_2,NET_TRANSFER,0.000100,0.158000,Poll: Check Layer Cache
196387.640584,3001,8488e8d8-c18c-49f8-8dc7-968d33f40119,worker_2,coordinator_0,NET_TRANSFER,0.000100,0.158000,Poll: Cache Status Reply
196387.798584,3001,8488e8d8-c18c-49f8-8dc7-968d33f40119,coordinator_0,worker_4,NET_TRANSFER,0.000100,0.158000,Poll: Check Layer Cache
196387.956584,3001,8488e8d8-c18c-49f8-8dc7-968d33f40119,worker_4,coordinator_0,NET_TRANSFER,0.000100,0.158000,Poll: Cache Status Reply
196388.114584,3001,8488e8d8-c18c-49f8-8dc7-968d33f40119,coordinator_0,worker_2,NET_TRANSFER,0.000100,0.158000,Poll: Check Layer Cache
196388.272584,3001,8488e8d8-c18c-49f8-8dc7-968d33f40119,worker_2,coordinator_0,NET_TRANSFER,0.000100,0.158000,Poll: Cache Status Reply
196388.430584,3001,8488e8d8-c18c-49f8-8dc7-968d33f40119,coordinator_0,worker_3,NET_TRANSFER,0.000100,0.158000,Poll: Check Layer Cache
196388.588584,3001,8488e8d8-c18c-49f8-8dc7-968d33f40119,worker_3,coordinator_0,NET_TRANSFER,0.000100,0.158000,Poll: Cache Status Reply
196388.746584,3001,8488e8d8-c18c-49f8-8dc7-968d33f40119,coordinator_0,worker_1,NET_TRANSFER,0.000100,0.158000,Poll: Check Layer Cache
196388.904584,3001,8488e8d8-c18c-49f8-8dc7-968d33f40119,worker_1,coordinator_0,NET_TRANSFER,0.000100,0.158000,Poll: Cache Status Reply
196389.062584,3001,8488e8d8-c18c-49f8-8dc7-968d33f40119,coordinator_0,worker_1,NET_TRANSFER,0.000100,0.158000,Poll: Check Layer Cache
196389.220584,3001,8488e8d8-c18c-49f8-8dc7-968d33f40119,worker_1,coordinator_0,NET_TRANSFER,0.000100,0.158000,Poll: Cache Status Reply
196389.378584,3001,8488e8d8-c18c-49f8-8dc7-968d33f40119,coordinator_0,worker_2,NET_TRANSFER,0.000100,0.158000,Poll: Check Layer Cache
196389.536584,3001,8488e8d8-c18c-49f8-8dc7-968d33f40119,worker_2,coordinator_0,NET_TRANSFER,0.000100,0.158000,Poll: Cache Status Reply
196389.694584,3001,8488e8d8-c18c-49f8-8dc7-968d33f40119,coordinator_0,worker_4,NET_TRANSFER,0.000100,0.158000,Poll: Check Layer Cache
196389.852584,3001,8488e8d8-c18c-49f8-8dc7-968d33f40119,worker_4,coordinator_0,NET_TRANSFER,0.000100,0.158000,Poll: Cache Status Reply
196390.010584,3001,8488e8d8-c18c-49f8-8dc7-968d33f40119,coordinator_0,worker_1,NET_TRANSFER,0.000100,0.158000,Poll: Check Layer Cache
196390.168584,3001,8488e8d8-c18c-49f8-8dc7-968d33f40119,worker_1,coordinator_0,NET_TRANSFER,0.000100,0.158000,Poll: Cache Status Reply
196390.326584,3001,8488e8d8-c18c-49f8-8dc7-968d33f40119,coordinator_0,worker_3,NET_TRANSFER,0.000100,0.158000,Poll: Check Layer Cache
196390.484584,3001,8488e8d8-c18c-49f8-8dc7-968d33f40119,worker_3,coordinator_0,NET_TRANSFER,0.000100,0.158000,Poll: Cache Status Reply
196390.642584,3001,8488e8d8-c18c-49f8-8dc7-968d33f40119,coordinator_0,worker_3,NET_TRANSFER,0.000100,0.158000,Poll: Check Layer Cache
196390.800584,3001,8488e8d8-c18c-49f8-8dc7-968d33f40119,worker_3,coordinator_0,NET_TRANSFER,0.000100,0.158000,Poll: Cache Status Reply
196390.958584,3001,8488e8d8-c18c-49f8-8dc7-968d33f40119,coordinator_0,worker_2,NET_TRANSFER,0.000100,0.158000,Poll: Check Layer Cache
196391.116584,3001,8488e8d8-c18c-49f8-8dc7-968d33f40119,worker_2,coordinator_0,NET_TRANSFER,0.000100,0.158000,Poll: Cache Status Reply
196391.274584,3001,8488e8d8-c18c-49f8-8dc7-968d33f40119,coordinator_0,worker_3,NET_TRANSFER,0.000100,0.158000,Poll: Check Layer Cache
196391.432584,3001,8488e8d8-c18c-49f8-8dc7-968d33f40119,worker_3,coordinator_0,NET_TRANSFER,0.000100,0.158000,Poll: Cache Status Reply
196391.590584,3001,8488e8d8-c18c-49f8-8dc7-968d33f40119,coordinator_0,worker_3,NET_TRANSFER,0.000100,0.158000,Poll: Check Layer Cache
196391.748584,3001,8488e8d8-c18c-49f8-8dc7-968d33f40119,worker_3,coordinator_0,NET_TRANSFER,0.000100,0.158000,Poll: Cache Status Reply
196391.906584,3001,8488e8d8-c18c-49f8-8dc7-968d33f40119,coordinator_0,worker_4,NET_TRANSFER,0.000100,0.158000,Poll: Check Layer Cache
196392.064584,3001,8488e8d8-c18c-49f8-8dc7-968d33f40119,worker_4,coordinator_0,NET_TRANSFER,0.000100,0.158000,Poll: Cache Status Reply
196392.222584,3001,8488e8d8-c18c-49f8-8dc7-968d33f40119,coordinator_0,worker_3,NET_TRANSFER,0.000100,0.158000,Poll: Check Layer Cache
196392.380584,3001,8488e8d8-c18c-49f8-8dc7-968d33f40119,worker_3,coordinator_0,NET_TRANSFER,0.000100,0.158000,Poll: Cache Status Reply
196392.538584,3001,8488e8d8-c18c-49f8-8dc7-968d33f40119,coordinator_0,worker_1,NET_TRANSFER,0.000100,0.158000,Poll: Check Layer Cache
196392.696584,3001,8488e8d8-c18c-49f8-8dc7-968d33f40119,worker_1,coordinator_0,NET_TRANSFER,0.000100,0.158000,Poll: Cache Status Reply
196392.854584,3001,8488e8d8-c18c-49f8-8dc7-968d33f40119,coordinator_0,worker_4,NET_TRANSFER,0.000100,0.158000,Poll: Check Layer Cache
196393.012584,3001,8488e8d8-c18c-49f8-8dc7-968d33f40119,worker_4,coordinator_0,NET_TRANSFER,0.000100,0.158000,Poll: Cache Status Reply
196393.170584,3001,8488e8d8-c18c-49f8-8dc7-968d33f40119,coordinator_0,worker_4,NET_TRANSFER,0.000100,0.158000,Poll: Check Layer Cache
196393.328584,3001,8488e8d8-c18c-49f8-8dc7-968d33f40119,worker_4,coordinator_0,NET_TRANSFER,0.000100,0.158000,Poll: Cache Status Reply
196393.486584,3001,8488e8d8-c18c-49f8-8dc7-968d33f40119,coordinator_0,worker_1,NET_TRANSFER,0.000100,0.158000,Poll: Check Layer Cache
196393.644584,3001,8488e8d8-c18c-49f8-8dc7-968d33f40119,worker_1,coordinator_0,NET_TRANSFER,0.000100,0.158000,Poll: Cache Status Reply
196393.802584,3001,8488e8d8-c18c-49f8-8dc7-968d33f40119,coordinator_0,worker_3,NET_TRANSFER,0.000100,0.158000,Poll: Check Layer Cache
196393.960584,3001,8488e8d8-c18c-49f8-8dc7-968d33f40119,worker_3,coordinator_0,NET_TRANSFER,0.000100,0.158000,Poll: Cache Status Reply
196394.118584,3001,8488e8d8-c18c-49f8-8dc7-968d33f40119,coordinator_0,worker_4,NET_TRANSFER,0.000100,0.158000,Poll: Check Layer Cache
196394.276584,3001,8488e8d8-c18c-49f8-8dc7-968d33f40119,worker_4,coordinator_0,NET_TRANSFER,0.000100,0.158000,Poll: Cache Status Reply
196394.434584,3001,8488e8d8-c18c-49f8-8dc7-968d33f40119,coordinator_0,worker_2,NET_TRANSFER,0.000100,0.158000,Poll: Check Layer Cache
196394.592584,3001,8488e8d8-c18c-49f8-8dc7-968d33f40119,worker_2,coordinator_0,NET_TRANSFER,0.000100,0.158000,Poll: Cache Status Reply
196394.750584,3001,8488e8d8-c18c-49f8-8dc7-968d33f40119,coordinator_0,worker_1,NET_TRANSFER,0.000100,0.158000,Poll: Check Layer Cache
196394.908584,3001,8488e8d8-c18c-49f8-8dc7-968d33f40119,worker_1,coordinator_0,NET_TRANSFER,0.000100,0.158000,Poll: Cache Status Reply
196395.066584,3001,8488e8d8-c18c-49f8-8dc7-968d33f40119,coordinator_0,worker_2,NET_TRANSFER,0.000100,0.158000,Poll: Check Layer Cache
196395.224584,3001,8488e8d8-c18c-49f8-8dc7-968d33f40119,worker_2,coordinator_0,NET_TRANSFER,0.000100,0.158000,Poll: Cache Status Reply
196395.382584,1002,e8282f9d-ace8-4cdf-b62c-3d9f466a71e1,coordinator_0,worker_1,NET_TRANSFER,0.000100,0.158000,Poll: Check Layer Cache
196395.540584,1002,e8282f9d-ace8-4cdf-b62c-3d9f466a71e1,worker_1,coordinator_0,NET_TRANSFER,0.000100,0.158000,Poll: Cache Status Reply
196395.698584,1002,e8282f9d-ace8-4cdf-b62c-3d9f466a71e1,coordinator_0,worker_2,NET_TRANSFER,0.000100,0.158000,Poll: Check Layer Cache
196395.856584,1002,e8282f9d-ace8-4cdf-b62c-3d9f466a71e1,worker_2,coordinator_0,NET_TRANSFER,0.000100,0.158000,Poll: Cache Status Reply
196396.014584,1002,e8282f9d-ace8-4cdf-b62c-3d9f466a71e1,coordinator_0,worker_4,NET_TRANSFER,0.000100,0.158000,Poll: Check Layer Cache
196396.172584,1002,e8282f9d-ace8-4cdf-b62c-3d9f466a71e1,worker_4,coordinator_0,NET_TRANSFER,0.000100,0.158000,Poll: Cache Status Reply
196396.330584,1002,e8282f9d-ace8-4cdf-b62c-3d9f466a71e1,coordinator_0,worker_2,NET_TRANSFER,0.000100,0.158000,Poll: Check Layer Cache
196396.488584,1002,e8282f9d-ace8-4cdf-b62c-3d9f466a71e1,worker_2,coordinator_0,NET_TRANSFER,0.000100,0.158000,Poll: Cache Status Reply
196396.646584,1002,e8282f9d-ace8-4cdf-b62c-3d9f466a71e1,coordinator_0,worker_4,NET_TRANSFER,0.000100,0.158000,Poll: Check Layer Cache
196396.804584,1002,e8282f9d-ace8-4cdf-b62c-3d9f466a71e1,worker_4,coordinator_0,NET_TRANSFER,0.000100,0.158000,Poll: Cache Status Reply
196396.962584,1002,e8282f9d-ace8-4cdf-b62c-3d9f466a71e1,coordinator_0,worker_1,NET_TRANSFER,0.000100,0.158000,Poll: Check Layer Cache
196397.120584,1002,e8282f9d-ace8-4cdf-b62c-3d9f466a71e1,worker_1,coordinator_0,NET_TRANSFER,0.000100,0.158000,Poll: Cache Status Reply
196397.278584,1002,e8282f9d-ace8-4cdf-b62c-3d9f466a71e1,coordinator_0,worker_4,NET_TRANSFER,0.000100,0.158000,Poll: Check Layer Cache
196397.436584,1002,e8282f9d-ace8-4cdf-b62c-3d9f466a71e1,worker_4,coordinator_0,NET_TRANSFER,0.000100,0.158000,Poll: Cache Status Reply
196397.594584,1002,e8282f9d-ace8-4cdf-b62c-3d9f466a71e1,coordinator_0,worker_2,NET_TRANSFER,0.000100,0.158000,Poll: Check Layer Cache
196397.752584,1002,e8282f9d-ace8-4cdf-b62c-3d9f466a71e1,worker_2,coordinator_0,NET_TRANSFER,0.000100,0.158000,Poll: Cache Status Reply
196397.910584,1002,e8282f9d-ace8-4cdf-b62c-3d9f466a71e1,coordinator_0,worker_3,NET_TRANSFER,0.000100,0.158000,Poll: Check Layer Cache
196398.068584,1002,e8282f9d-ace8-4cdf-b62c-3d9f466a71e1,worker_3,coordinator_0,NET_TRANSFER,0.000100,0.158000,Poll: Cache Status Reply
196398.226584,1002,e8282f9d-ace8-4cdf-b62c-3d9f466a71e1,coordinator_0,worker_2,NET_TRANSFER,0.000100,0.158000,Poll: Check Layer Cache
196398.384584,1002,e8282f9d-ace8-4cdf-b62c-3d9f466a71e1,worker_2,coordinator_0,NET_TRANSFER,0.000100,0.158000,Poll: Cache Status Reply
196398.542584,1002,e8282f9d-ace8-4cdf-b62c-3d9f466a71e1,coordinator_0,worker_4,NET_TRANSFER,0.000100,0.158000,Poll: Check Layer Cache
196398.700584,1002,e8282f9d-ace8-4cdf-b62c-3d9f466a71e1,worker_4,coordinator_0,NET_TRANSFER,0.000100,0.158000,Poll: Cache Status Reply
196398.858584,1002,e8282f9d-ace8-4cdf-b62c-3d9f466a71e1,coordinator_0,worker_2,NET_TRANSFER,0.000100,0.158000,Poll: Check Layer Cache
196399.016584,1002,e8282f9d-ace8-4cdf-b62c-3d9f466a71e1,worker_2,coordinator_0,NET_TRANSFER,0.000100,0.158000,Poll: Cache Status Reply
196399.174584,1002,e8282f9d-ace8-4cdf-b62c-3d9f466a71e1,coordinator_0,worker_1,NET_TRANSFER,0.000100,0.158000,Poll: Check Layer Cache
196399.332584,1002,e8282f9d-ace8-4cdf-b62c-3d9f466a71e1,worker_1,coordinator_0,NET_TRANSFER,0.000100,0.158000,Poll: Cache Status Reply
196399.490584,1002,e8282f9d-ace8-4cdf-b62c-3d9f466a71e1,coordinator_0,worker_2,NET_TRANSFER,0.000100,0.158000,Poll: Check Layer Cache
196399.648584,1002,e8282f9d-ace8-4cdf-b62c-3d9f466a71e1,worker_2,coordinator_0,NET_TRANSFER,0.000100,0.158000,Poll: Cache Status Reply
196399.806584,1001,c058df17-9e88-4847-baf4-6e2c889e8d4d,coordinator_0,client_1,NET_TRANSFER,0.000100,0.158000,Signal: Cache Miss / Request Weights
196399.964584,9003,c058df17-9e88-4847-baf4-6e2c889e8d4d,coordinator_0,client_9,NET_TRANSFER,0.000100,0.158000,Signal: Cache Miss / Request Weights
237196.422521,9003,c058df17-9e88-4847-baf4-6e2c889e8d4d,client_9,coordinator_0,NET_TRANSFER,509.953849,40796.457938,Upload Model Weights
237196.580521,4000,b23b9bcf-15a7-4d4a-87b3-f049d0b0b838,coordinator_0,client_4,NET_TRANSFER,0.000100,0.158000,Signal: Cache Miss / Request Weights
237196.738521,2000,c058df17-9e88-4847-baf4-6e2c889e8d4d,coordinator_0,client_2,NET_TRANSFER,0.000100,0.158000,Signal: Cache Miss / Request Weights
277993.196459,2000,c058df17-9e88-4847-baf4-6e2c889e8d4d,client_2,coordinator_0,NET_TRANSFER,509.953849,40796.457938,Upload Model Weights
277993.354459,4000,c058df17-9e88-4847-baf4-6e2c889e8d4d,coordinator_0,client_4,NET_TRANSFER,0.000100,0.158000,Signal: Cache Miss / Request Weights
318789.812397,4000,c058df17-9e88-4847-baf4-6e2c889e8d4d,client_4,coordinator_0,NET_TRANSFER,509.953849,40796.457938,Upload Model Weights
318789.970397,1001,0b62db0f-8759-4a61-a5b0-a086b4b62b3b,coordinator_0,client_1,NET_TRANSFER,0.000100,0.158000,Signal: Cache Miss / Request Weights
318790.128397,5000,334a2444-41d5-4755-9f47-d94f7c2a58be,coordinator_0,client_5,NET_TRANSFER,0.000100,0.158000,Signal: Cache Miss / Request Weights
349601.296635,5000,334a2444-41d5-4755-9f47-d94f7c2a58be,client_5,coordinator_0,NET_TRANSFER,385.137728,30811.168239,Upload Model Weights
391328.746386,1001,0b62db0f-8759-4a61-a5b0-a086b4b62b3b,client_1,coordinator_0,NET_TRANSFER,521.591247,41727.449751,Upload Model Weights
391328.904386,5000,07a8404e-b389-42f4-9eba-f552b8fcd4a4,coordinator_0,client_5,NET_TRANSFER,0.000100,0.158000,Signal: Cache Miss / Request Weights
435128.071858,5000,07a8404e-b389-42f4-9eba-f552b8fcd4a4,client_5,coordinator_0,NET_TRANSFER,547.487718,43799.167472,Upload Model Weights
435128.229858,10001,9c81d38f-4803-4d2e-95b8-696113bfef4f,coordinator_0,client_10,NET_TRANSFER,0.000100,0.158000,Signal: Cache Miss / Request Weights
474371.010930,10001,9c81d38f-4803-4d2e-95b8-696113bfef4f,client_10,coordinator_0,NET_TRANSFER,490.532888,39242.781072,Upload Model Weights
474371.168930,10000,d039aa0d-a9b0-41b0-9698-e239ca19fdf4,coordinator_0,client_10,NET_TRANSFER,0.000100,0.158000,Signal: Cache Miss / Request Weights
515642.133028,10000,d039aa0d-a9b0-41b0-9698-e239ca19fdf4,client_10,coordinator_0,NET_TRANSFER,515.885176,41270.964098,Upload Model Weights
515642.291028,9001,9c81d38f-4803-4d2e-95b8-696113bfef4f,coordinator_0,client_9,NET_TRANSFER,0.000100,0.158000,Signal: Cache Miss / Request Weights
554885.072100,9001,9c81d38f-4803-4d2e-95b8-696113bfef4f,client_9,coordinator_0,NET_TRANSFER,490.532888,39242.781072,Upload Model Weights
554885.230100,3000,b42ec4c0-5247-4b28-9ada-769c5bad77e7,coordinator_0,client_3,NET_TRANSFER,0.000100,0.158000,Signal: Cache Miss / Request Weights
581367.406513,3000,b42ec4c0-5247-4b28-9ada-769c5bad77e7,client_3,coordinator_0,NET_TRANSFER,331.025330,26482.176414,Upload Model Weights
581367.564513,4001,07ce1970-d96c-4f79-9d92-0a7594b4b14f,coordinator_0,client_4,NET_TRANSFER,0.000100,0.158000,Signal: Cache Miss / Request Weights
613745.087019,4001,07ce1970-d96c-4f79-9d92-0a7594b4b14f,client_4,coordinator_0,NET_TRANSFER,404.717156,32377.522505,Upload Model Weights
613745.245019,7000,f2f09d33-bafc-49ed-86c5-3675f4f61af7,coordinator_0,client_7,NET_TRANSFER,0.000100,0.158000,Signal: Cache Miss / Request Weights
662220.216097,7000,f2f09d33-bafc-49ed-86c5-3675f4f61af7,client_7,coordinator_0,NET_TRANSFER,605.935263,48474.971078,Upload Model Weights
662220.374097,5001,5da2df27-cf63-4c4c-ae5e-62dac7a03a3d,coordinator_0,client_5,NET_TRANSFER,0.000100,0.158000,Signal: Cache Miss / Request Weights
696921.202379,5001,5da2df27-cf63-4c4c-ae5e-62dac7a03a3d,client_5,coordinator_0,NET_TRANSFER,433.758479,34700.828282,Upload Model Weights
696921.360379,9000,07ce1970-d96c-4f79-9d92-0a7594b4b14f,coordinator_0,client_9,NET_TRANSFER,0.000100,0.158000,Signal: Cache Miss / Request Weights
729298.882884,9000,07ce1970-d96c-4f79-9d92-0a7594b4b14f,client_9,coordinator_0,NET_TRANSFER,404.717156,32377.522505,Upload Model Weights
729299.040884,9002,9c81d38f-4803-4d2e-95b8-696113bfef4f,coordinator_0,client_9,NET_TRANSFER,0.000100,0.158000,Signal: Cache Miss / Request Weights
768541.821956,9002,9c81d38f-4803-4d2e-95b8-696113bfef4f,client_9,coordinator_0,NET_TRANSFER,490.532888,39242.781072,Upload Model Weights
768541.979956,10000,683e1def-e889-4ef7-a89d-272f6bad72d3,coordinator_0,client_10,NET_TRANSFER,0.000100,0.158000,Signal: Cache Miss / Request Weights
798613.247813,10000,683e1def-e889-4ef7-a89d-272f6bad72d3,client_10,coordinator_0,NET_TRANSFER,375.888973,30071.267857,Upload Model Weights
798613.405813,10000,a886fc6a-5258-4d93-a875-f3db69b17d98,coordinator_0,client_10,NET_TRANSFER,0.000100,0.158000,Signal: Cache Miss / Request Weights
828911.397249,10000,a886fc6a-5258-4d93-a875-f3db69b17d98,client_10,coordinator_0,NET_TRANSFER,378.723018,30297.991436,Upload Model Weights
828911.555249,1000,7b482c9c-fddc-4070-b1ff-d34c65aeddf9,coordinator_0,client_1,NET_TRANSFER,0.000100,0.158000,Signal: Cache Miss / Request Weights
874251.878950,1000,7b482c9c-fddc-4070-b1ff-d34c65aeddf9,client_1,coordinator_0,NET_TRANSFER,566.752171,45340.323701,Upload Model Weights
905252.952839,4000,b23b9bcf-15a7-4d4a-87b3-f049d0b0b838,client_4,coordinator_0,NET_TRANSFER,387.511549,31001.073889,Upload Model Weights
905253.110839,3000,b23b9bcf-15a7-4d4a-87b3-f049d0b0b838,coordinator_0,client_3,NET_TRANSFER,0.000100,0.158000,Signal: Cache Miss / Request Weights
936254.184728,3000,b23b9bcf-15a7-4d4a-87b3-f049d0b0b838,client_3,coordinator_0,NET_TRANSFER,387.511549,31001.073889,Upload Model Weights
936254.342728,9003,f2f09d33-bafc-49ed-86c5-3675f4f61af7,coordinator_0,client_9,NET_TRANSFER,0.000100,0.158000,Signal: Cache Miss / Request Weights
984729.313806,9003,f2f09d33-bafc-49ed-86c5-3675f4f61af7,client_9,coordinator_0,NET_TRANSFER,605.935263,48474.971078,Upload Model Weights
984729.471806,8000,44c74542-198d-4b82-96c7-01f6a8e6ad94,coordinator_0,client_8,NET_TRANSFER,0.000100,0.158000,Signal: Cache Miss / Request Weights
1023948.240099,8000,44c74542-198d-4b82-96c7-01f6a8e6ad94,client_8,coordinator_0,NET_TRANSFER,490.232729,39218.768293,Upload Model Weights
1023948.398099,6000,5a4ddec2-471a-4cc9-bcfc-1c998571a64c,coordinator_0,client_6,NET_TRANSFER,0.000100,0.158000,Signal: Cache Miss / Request Weights
1068059.635934,6000,5a4ddec2-471a-4cc9-bcfc-1c998571a64c,client_6,coordinator_0,NET_TRANSFER,551.388598,44111.237835,Upload Model Weights
1068059.793934,2001,a886fc6a-5258-4d93-a875-f3db69b17d98,coordinator_0,client_2,NET_TRANSFER,0.000100,0.158000,Signal: Cache Miss / Request Weights
1098357.785370,2001,a886fc6a-5258-4d93-a875-f3db69b17d98,client_2,coordinator_0,NET_TRANSFER,378.723018,30297.991436,Upload Model Weights
1098357.943370,6000,8233a468-234e-4a22-8166-33f25e165d96,coordinator_0,client_6,NET_TRANSFER,0.000100,0.158000,Signal: Cache Miss / Request Weights
1125543.453480,6000,8233a468-234e-4a22-8166-33f25e165d96,client_6,coordinator_0,NET_TRANSFER,339.817001,27185.510110,Upload Model Weights
1125543.611480,3001,8488e8d8-c18c-49f8-8dc7-968d33f40119,coordinator_0,client_3,NET_TRANSFER,0.000100,0.158000,Signal: Cache Hit / Starting
1125543.769480,4001,c058df17-9e88-4847-baf4-6e2c889e8d4d,coordinator_0,client_4,NET_TRANSFER,0.000100,0.158000,Signal: Cache Miss / Request Weights
1166340.227418,4001,c058df17-9e88-4847-baf4-6e2c889e8d4d,client_4,coordinator_0,NET_TRANSFER,509.953849,40796.457938,Upload Model Weights
1166340.385418,4001,683e1def-e889-4ef7-a89d-272f6bad72d3,coordinator_0,client_4,NET_TRANSFER,0.000100,0.158000,Signal: Cache Miss / Request Weights
1196411.653275,4001,683e1def-e889-4ef7-a89d-272f6bad72d3,client_4,coordinator_0,NET_TRANSFER,375.888973,30071.267857,Upload Model Weights
1196411.811275,8000,d4b394b0-887b-4ade-b884-6c80c8a7daf2,coordinator_0,client_8,NET_TRANSFER,0.000100,0.158000,Signal: Cache Miss / Request Weights
1240306.338400,8000,d4b394b0-887b-4ade-b884-6c80c8a7daf2,client_8,coordinator_0,NET_TRANSFER,548.679714,43894.527125,Upload Model Weights
1240306.496400,7000,c058df17-9e88-4847-baf4-6e2c889e8d4d,coordinator_0,client_7,NET_TRANSFER,0.000100,0.158000,Signal: Cache Miss / Request Weights
1281102.954338,7000,c058df17-9e88-4847-baf4-6e2c889e8d4d,client_7,coordinator_0,NET_TRANSFER,509.953849,40796.457938,Upload Model Weights
1281103.112338,8000,44c74542-198d-4b82-96c7-01f6a8e6ad94,coordinator_0,client_8,NET_TRANSFER,0.000100,0.158000,Signal: Cache Miss / Request Weights
1320321.880631,8000,44c74542-198d-4b82-96c7-01f6a8e6ad94,client_8,coordinator_0,NET_TRANSFER,490.232729,39218.768293,Upload Model Weights
1320322.038631,8000,5da2df27-cf63-4c4c-ae5e-62dac7a03a3d,coordinator_0,client_8,NET_TRANSFER,0.000100,0.158000,Signal: Cache Miss / Request Weights
1355022.866913,8000,5da2df27-cf63-4c4c-ae5e-62dac7a03a3d,client_8,coordinator_0,NET_TRANSFER,433.758479,34700.828282,Upload Model Weights
1355023.024913,4000,a886fc6a-5258-4d93-a875-f3db69b17d98,coordinator_0,client_4,NET_TRANSFER,0.000100,0.158000,Signal: Cache Miss / Request Weights
1385321.016350,4000,a886fc6a-5258-4d93-a875-f3db69b17d98,client_4,coordinator_0,NET_TRANSFER,378.723018,30297.991436,Upload Model Weights
1385321.174350,4000,0c0edddb-db74-420e-be90-7edecacd0b9f,coordinator_0,client_4,NET_TRANSFER,0.000100,0.158000,Signal: Cache Hit / Starting
1385321.332350,5000,bdd36ae2-6ffc-42e7-b48e-12b94d23dc1c,coordinator_0,client_5,NET_TRANSFER,0.000100,0.158000,Signal: Cache Miss / Request Weights
1432514.310657,5000,bdd36ae2-6ffc-42e7-b48e-12b94d23dc1c,client_5,coordinator_0,NET_TRANSFER,589.910354,47192.978307,Upload Model Weights
1432514.468657,9000,5da2df27-cf63-4c4c-ae5e-62dac7a03a3d,coordinator_0,client_9,NET_TRANSFER,0.000100,0.158000,Signal: Cache Miss / Request Weights
1432514.626657,9004,07ce1970-d96c-4f79-9d92-0a7594b4b14f,client_9,coordinator_0,NET_TRANSFER,0.000100,0.158000,Request Model ID
1432514.784657,9002,b2805f95-7fad-4a43-bf85-66ce3781b818,coordinator_0,client_9,NET_TRANSFER,0.000100,0.158000,Signal: Cache Miss / Request Weights
1480903.722450,9002,b2805f95-7fad-4a43-bf85-66ce3781b818,client_9,coordinator_0,NET_TRANSFER,604.859847,48388.937793,Upload Model Weights
1480903.880450,9002,5a4ddec2-471a-4cc9-bcfc-1c998571a64c,coordinator_0,client_9,NET_TRANSFER,0.000100,0.158000,Signal: Cache Miss / Request Weights
1525015.118285,9002,5a4ddec2-471a-4cc9-bcfc-1c998571a64c,client_9,coordinator_0,NET_TRANSFER,551.388598,44111.237835,Upload Model Weights
1525015.276285,5002,e9ab481a-f9bf-42a7-921f-45125b9da313,coordinator_0,client_5,NET_TRANSFER,0.000100,0.158000,Signal: Cache Miss / Request Weights
1552330.980304,5002,e9ab481a-f9bf-42a7-921f-45125b9da313,client_5,coordinator_0,NET_TRANSFER,341.444425,27315.704019,Upload Model Weights
1552331.138304,9000,d2580a08-9925-4b14-a0ae-fbd2e806d529,coordinator_0,client_9,NET_TRANSFER,0.000100,0.158000,Signal: Cache Miss / Request Weights
1596533.445032,9000,d2580a08-9925-4b14-a0ae-fbd2e806d529,client_9,coordinator_0,NET_TRANSFER,552.526959,44202.306728,Upload Model Weights
1596533.603032,5001,c058df17-9e88-4847-baf4-6e2c889e8d4d,coordinator_0,client_5,NET_TRANSFER,0.000100,0.158000,Signal: Cache Miss / Request Weights
1637330.060969,5001,c058df17-9e88-4847-baf4-6e2c889e8d4d,client_5,coordinator_0,NET_TRANSFER,509.953849,40796.457938,Upload Model Weights
1672030.889251,9000,5da2df27-cf63-4c4c-ae5e-62dac7a03a3d,client_9,coordinator_0,NET_TRANSFER,433.758479,34700.828282,Upload Model Weights
1672031.047251,9004,b2805f95-7fad-4a43-bf85-66ce3781b818,client_9,coordinator_0,NET_TRANSFER,0.000100,0.158000,Request Model ID
1672031.205251,9001,5da2df27-cf63-4c4c-ae5e-62dac7a03a3d,coordinator_0,client_9,NET_TRANSFER,0.000100,0.158000,Signal: Cache Miss / Request Weights
1706732.033534,9001,5da2df27-cf63-4c4c-ae5e-62dac7a03a3d,client_9,coordinator_0,NET_TRANSFER,433.758479,34700.828282,Upload Model Weights
1706732.191534,5001,d2580a08-9925-4b14-a0ae-fbd2e806d529,coordinator_0,client_5,NET_TRANSFER,0.000100,0.158000,Signal: Cache Miss / Request Weights
1750934.498261,5001,d2580a08-9925-4b14-a0ae-fbd2e806d529,client_5,coordinator_0,NET_TRANSFER,552.526959,44202.306728,Upload Model Weights
1750934.656261,10001,b23b9bcf-15a7-4d4a-87b3-f049d0b0b838,coordinator_0,client_10,NET_TRANSFER,0.000100,0.158000,Signal: Cache Miss / Request Weights
1781935.730150,10001,b23b9bcf-15a7-4d4a-87b3-f049d0b0b838,client_10,coordinator_0,NET_TRANSFER,387.511549,31001.073889,Upload Model Weights
1781935.888150,4002,5da2df27-cf63-4c4c-ae5e-62dac7a03a3d,coordinator_0,client_4,NET_TRANSFER,0.000100,0.158000,Signal: Cache Miss / Request Weights
1816636.716432,4002,5da2df27-cf63-4c4c-ae5e-62dac7a03a3d,client_4,coordinator_0,NET_TRANSFER,433.758479,34700.828282,Upload Model Weights
1816636.874432,10002,8488e8d8-c18c-49f8-8dc7-968d33f40119,coordinator_0,client_10,NET_TRANSFER,0.000100,0.158000,Signal: Cache Hit / Starting
1857433.332370,1001,c058df17-9e88-4847-baf4-6e2c889e8d4d,client_1,coordinator_0,NET_TRANSFER,509.953849,40796.457938,Upload Model Weights
1857433.490370,5003,7b482c9c-fddc-4070-b1ff-d34c65aeddf9,client_5,coordinator_0,NET_TRANSFER,0.000100,0.158000,Request Model ID
1857433.648370,1003,4cabb90d-8b50-47da-b9ae-45ffa75dabc9,client_1,coordinator_0,NET_TRANSFER,0.000100,0.158000,Request Model ID
1857433.806370,6002,a49da1e7-b111-437b-af06-345a844891b3,client_6,coordinator_0,NET_TRANSFER,0.000100,0.158000,Request Model ID
1857433.964370,4003,5da2df27-cf63-4c4c-ae5e-62dac7a03a3d,client_4,coordinator_0,NET_TRANSFER,0.000100,0.158000,Request Model ID
1857434.122370,7002,b42ec4c0-5247-4b28-9ada-769c5bad77e7,client_7,coordinator_0,NET_TRANSFER,0.000100,0.158000,Request Model ID
1857434.280370,8002,9e011bb9-a656-4e6c-9aeb-59dca6bd1381,client_8,coordinator_0,NET_TRANSFER,0.000100,0.158000,Request Model ID
1857434.438370,5003,b2805f95-7fad-4a43-bf85-66ce3781b818,client_5,coordinator_0,NET_TRANSFER,0.000100,0.158000,Request Model ID
1857434.596370,5003,f2f09d33-bafc-49ed-86c5-3675f4f61af7,client_5,coordinator_0,NET_TRANSFER,0.000100,0.158000,Request Model ID
1857434.754370,5003,d2580a08-9925-4b14-a0ae-fbd2e806d529,client_5,coordinator_0,NET_TRANSFER,0.000100,0.158000,Request Model ID
1857434.912370,1003,c058df17-9e88-4847-baf4-6e2c889e8d4d,client_1,coordinator_0,NET_TRANSFER,0.000100,0.158000,Request Model ID
1857435.070370,1003,f2f09d33-bafc-49ed-86c5-3675f4f61af7,client_1,coordinator_0,NET_TRANSFER,0.000100,0.158000,Request Model ID
1857435.228370,1003,66483bae-9631-4d83-9c15-5f9509dbf81e,client_1,coordinator_0,NET_TRANSFER,0.000100,0.158000,Request Model ID
1857435.386370,6002,8488e8d8-c18c-49f8-8dc7-968d33f40119,client_6,coordinator_0,NET_TRANSFER,0.000100,0.158000,Request Model ID
1857435.544370,6002,9880cbcf-8e6d-4dda-81c9-85768d11ec44,client_6,coordinator_0,NET_TRANSFER,0.000100,0.158000,Request Model ID
1857435.702370,6002,9e011bb9-a656-4e6c-9aeb-59dca6bd1381,client_6,coordinator_0,NET_TRANSFER,0.000100,0.158000,Request Model ID
1857435.860370,4003,c058df17-9e88-4847-baf4-6e2c889e8d4d,client_4,coordinator_0,NET_TRANSFER,0.000100,0.158000,Request Model ID
1857436.018370,4003,9c81d38f-4803-4d2e-95b8-696113bfef4f,client_4,coordinator_0,NET_TRANSFER,0.000100,0.158000,Request Model ID
1857436.176370,4003,bdd36ae2-6ffc-42e7-b48e-12b94d23dc1c,client_4,coordinator_0,NET_TRANSFER,0.000100,0.158000,Request Model ID
1857436.334370,7002,d4b394b0-887b-4ade-b884-6c80c8a7daf2,client_7,coordinator_0,NET_TRANSFER,0.000100,0.158000,Request Model ID
1857436.492370,8002,c058df17-9e88-4847-baf4-6e2c889e8d4d,client_8,coordinator_0,NET_TRANSFER,0.000100,0.158000,Request Model ID
1857436.650370,3002,8233a468-234e-4a22-8166-33f25e165d96,client_3,coordinator_0,NET_TRANSFER,0.000100,0.158000,Request Model ID
1857436.808370,3002,b23b9bcf-15a7-4d4a-87b3-f049d0b0b838,client_3,coordinator_0,NET_TRANSFER,0.000100,0.158000,Request Model ID
1857436.966370,2002,7f9a238b-9bd4-4b7f-8ef2-4365f6c2f382,client_2,coordinator_0,NET_TRANSFER,0.000100,0.158000,Request Model ID
1857437.124370,3002,bdd36ae2-6ffc-42e7-b48e-12b94d23dc1c,client_3,coordinator_0,NET_TRANSFER,0.000100,0.158000,Request Model ID
1857437.282370,10003,334a2444-41d5-4755-9f47-d94f7c2a58be,client_10,coordinator_0,NET_TRANSFER,0.000100,0.158000,Request Model ID
1857437.440370,3002,683e1def-e889-4ef7-a89d-272f6bad72d3,client_3,coordinator_0,NET_TRANSFER,0.000100,0.158000,Request Model ID
1857437.598370,2002,c058df17-9e88-4847-baf4-6e2c889e8d4d,client_2,coordinator_0,NET_TRANSFER,0.000100,0.158000,Request Model ID
1857437.756370,2002,96bede22-9bcb-4b40-a1c3-153cbb84714c,client_2,coordinator_0,NET_TRANSFER,0.000100,0.158000,Request Model ID
1857437.914370,10003,b23b9bcf-15a7-4d4a-87b3-f049d0b0b838,client_10,coordinator_0,NET_TRANSFER,0.000100,0.158000,Request Model ID
1857438.072370,1002,e8282f9d-ace8-4cdf-b62c-3d9f466a71e1,coordinator_0,worker_2,NET_TRANSFER,0.000100,0.158000,Poll: Check Layer Cache
1857438.230370,1002,e8282f9d-ace8-4cdf-b62c-3d9f466a71e1,worker_2,coordinator_0,NET_TRANSFER,0.000100,0.158000,Poll: Cache Status Reply
1857438.388370,1002,e8282f9d-ace8-4cdf-b62c-3d9f466a71e1,coordinator_0,worker_1,NET_TRANSFER,0.000100,0.158000,Poll: Check Layer Cache
1857438.546370,1002,e8282f9d-ace8-4cdf-b62c-3d9f466a71e1,worker_1,coordinator_0,NET_TRANSFER,0.000100,0.158000,Poll: Cache Status Reply
1857438.704370,1002,e8282f9d-ace8-4cdf-b62c-3d9f466a71e1,coordinator_0,worker_4,NET_TRANSFER,0.000100,0.158000,Poll: Check Layer Cache
1857438.862370,1002,e8282f9d-ace8-4cdf-b62c-3d9f466a71e1,worker_4,coordinator_0,NET_TRANSFER,0.000100,0.158000,Poll: Cache Status Reply
1857439.020370,1002,e8282f9d-ace8-4cdf-b62c-3d9f466a71e1,coordinator_0,worker_2,NET_TRANSFER,0.000100,0.158000,Poll: Check Layer Cache
1857439.178370,1002,e8282f9d-ace8-4cdf-b62c-3d9f466a71e1,worker_2,coordinator_0,NET_TRANSFER,0.000100,0.158000,Poll: Cache Status Reply
1857439.336370,1002,e8282f9d-ace8-4cdf-b62c-3d9f466a71e1,coordinator_0,worker_3,NET_TRANSFER,0.000100,0.158000,Poll: Check Layer Cache
1857439.494370,1002,e8282f9d-ace8-4cdf-b62c-3d9f466a71e1,worker_3,coordinator_0,NET_TRANSFER,0.000100,0.158000,Poll: Cache Status Reply
1857439.652370,1002,e8282f9d-ace8-4cdf-b62c-3d9f466a71e1,coordinator_0,worker_1,NET_TRANSFER,0.000100,0.158000,Poll: Check Layer Cache
1857439.810370,1002,e8282f9d-ace8-4cdf-b62c-3d9f466a71e1,worker_1,coordinator_0,NET_TRANSFER,0.000100,0.158000,Poll: Cache Status Reply
1857439.968370,1002,e8282f9d-ace8-4cdf-b62c-3d9f466a71e1,coordinator_0,worker_4,NET_TRANSFER,0.000100,0.158000,Poll: Check Layer Cache
1857440.126370,1002,e8282f9d-ace8-4cdf-b62c-3d9f466a71e1,worker_4,coordinator_0,NET_TRANSFER,0.000100,0.158000,Poll: Cache Status Reply
1857440.284370,1002,e8282f9d-ace8-4cdf-b62c-3d9f466a71e1,coordinator_0,worker_1,NET_TRANSFER,0.000100,0.158000,Poll: Check Layer Cache
1857440.442370,1002,e8282f9d-ace8-4cdf-b62c-3d9f466a71e1,worker_1,coordinator_0,NET_TRANSFER,0.000100,0.158000,Poll: Cache Status Reply
1857440.600370,1002,e8282f9d-ace8-4cdf-b62c-3d9f466a71e1,coordinator_0,worker_2,NET_TRANSFER,0.000100,0.158000,Poll: Check Layer Cache
1857440.758370,1002,e8282f9d-ace8-4cdf-b62c-3d9f466a71e1,worker_2,coordinator_0,NET_TRANSFER,0.000100,0.158000,Poll: Cache Status Reply
1857440.916370,1002,e8282f9d-ace8-4cdf-b62c-3d9f466a71e1,coordinator_0,worker_1,NET_TRANSFER,0.000100,0.158000,Poll: Check Layer Cache
1857441.074370,1002,e8282f9d-ace8-4cdf-b62c-3d9f466a71e1,worker_1,coordinator_0,NET_TRANSFER,0.000100,0.158000,Poll: Cache Status Reply
1857441.232370,1002,e8282f9d-ace8-4cdf-b62c-3d9f466a71e1,coordinator_0,worker_3,NET_TRANSFER,0.000100,0.158000,Poll: Check Layer Cache
1857441.390370,1002,e8282f9d-ace8-4cdf-b62c-3d9f466a71e1,worker_3,coordinator_0,NET_TRANSFER,0.000100,0.158000,Poll: Cache Status Reply
1857441.548370,1002,e8282f9d-ace8-4cdf-b62c-3d9f466a71e1,coordinator_0,worker_4,NET_TRANSFER,0.000100,0.158000,Poll: Check Layer Cache
1857441.706370,1002,e8282f9d-ace8-4cdf-b62c-3d9f466a71e1,worker_4,coordinator_0,NET_TRANSFER,0.000100,0.158000,Poll: Cache Status Reply
1857441.864370,1002,e8282f9d-ace8-4cdf-b62c-3d9f466a71e1,coordinator_0,worker_1,NET_TRANSFER,0.000100,0.158000,Poll: Check Layer Cache
1857442.022370,1002,e8282f9d-ace8-4cdf-b62c-3d9f466a71e1,worker_1,coordinator_0,NET_TRANSFER,0.000100,0.158000,Poll: Cache Status Reply
1857442.180370,1002,e8282f9d-ace8-4cdf-b62c-3d9f466a71e1,coordinator_0,worker_3,NET_TRANSFER,0.000100,0.158000,Poll: Check Layer Cache
1857442.338370,1002,e8282f9d-ace8-4cdf-b62c-3d9f466a71e1,worker_3,coordinator_0,NET_TRANSFER,0.000100,0.158000,Poll: Cache Status Reply
1857442.496370,1002,e8282f9d-ace8-4cdf-b62c-3d9f466a71e1,coordinator_0,worker_3,NET_TRANSFER,0.000100,0.158000,Poll: Check Layer Cache
1857442.654370,1002,e8282f9d-ace8-4cdf-b62c-3d9f466a71e1,worker_3,coordinator_0,NET_TRANSFER,0.000100,0.158000,Poll: Cache Status Reply
1857442.812370,1002,e8282f9d-ace8-4cdf-b62c-3d9f466a71e1,coordinator_0,worker_4,NET_TRANSFER,0.000100,0.158000,Poll: Check Layer Cache
1857442.970370,1002,e8282f9d-ace8-4cdf-b62c-3d9f466a71e1,worker_4,coordinator_0,NET_TRANSFER,0.000100,0.158000,Poll: Cache Status Reply
1857443.128370,1002,e8282f9d-ace8-4cdf-b62c-3d9f466a71e1,coordinator_0,worker_1,NET_TRANSFER,0.000100,0.158000,Poll: Check Layer Cache
1857443.286370,1002,e8282f9d-ace8-4cdf-b62c-3d9f466a71e1,worker_1,coordinator_0,NET_TRANSFER,0.000100,0.158000,Poll: Cache Status Reply
1857443.444370,1002,e8282f9d-ace8-4cdf-b62c-3d9f466a71e1,coordinator_0,worker_3,NET_TRANSFER,0.000100,0.158000,Poll: Check Layer Cache
1857443.602370,1002,e8282f9d-ace8-4cdf-b62c-3d9f466a71e1,worker_3,coordinator_0,NET_TRANSFER,0.000100,0.158000,Poll: Cache Status Reply
1857443.760370,1002,e8282f9d-ace8-4cdf-b62c-3d9f466a71e1,coordinator_0,worker_3,NET_TRANSFER,0.000100,0.158000,Poll: Check Layer Cache
1857443.918370,1002,e8282f9d-ace8-4cdf-b62c-3d9f466a71e1,worker_3,coordinator_0,NET_TRANSFER,0.000100,0.158000,Poll: Cache Status Reply
1857444.076370,1002,e8282f9d-ace8-4cdf-b62c-3d9f466a71e1,coordinator_0,worker_3,NET_TRANSFER,0.000100,0.158000,Poll: Check Layer Cache
1857444.234370,1002,e8282f9d-ace8-4cdf-b62c-3d9f466a71e1,worker_3,coordinator_0,NET_TRANSFER,0.000100,0.158000,Poll: Cache Status Reply
1857444.392370,1002,e8282f9d-ace8-4cdf-b62c-3d9f466a71e1,coordinator_0,worker_3,NET_TRANSFER,0.000100,0.158000,Poll: Check Layer Cache
1857444.550370,1002,e8282f9d-ace8-4cdf-b62c-3d9f466a71e1,worker_3,coordinator_0,NET_TRANSFER,0.000100,0.158000,Poll: Cache Status Reply
1857444.708370,7001,0c0edddb-db74-420e-be90-7edecacd0b9f,coordinator_0,worker_1,NET_TRANSFER,0.000100,0.158000,Poll: Check Layer Cache
1857444.866370,7001,0c0edddb-db74-420e-be90-7edecacd0b9f,worker_1,coordinator_0,NET_TRANSFER,0.000100,0.158000,Poll: Cache Status Reply
1857445.024370,7001,0c0edddb-db74-420e-be90-7edecacd0b9f,coordinator_0,worker_2,NET_TRANSFER,0.000100,0.158000,Poll: Check Layer Cache
1857445.182370,7001,0c0edddb-db74-420e-be90-7edecacd0b9f,worker_2,coordinator_0,NET_TRANSFER,0.000100,0.158000,Poll: Cache Status Reply
1857445.340370,7001,0c0edddb-db74-420e-be90-7edecacd0b9f,coordinator_0,worker_2,NET_TRANSFER,0.000100,0.158000,Poll: Check Layer Cache
1857445.498370,7001,0c0edddb-db74-420e-be90-7edecacd0b9f,worker_2,coordinator_0,NET_TRANSFER,0.000100,0.158000,Poll: Cache Status Reply
1857445.656370,7001,0c0edddb-db74-420e-be90-7edecacd0b9f,coordinator_0,worker_3,NET_TRANSFER,0.000100,0.158000,Poll: Check Layer Cache
1857445.814370,7001,0c0edddb-db74-420e-be90-7edecacd0b9f,worker_3,coordinator_0,NET_TRANSFER,0.000100,0.158000,Poll: Cache Status Reply
1857445.972370,7001,0c0edddb-db74-420e-be90-7edecacd0b9f,coordinator_0,worker_2,NET_TRANSFER,0.000100,0.158000,Poll: Check Layer Cache
1857446.130370,7001,0c0edddb-db74-420e-be90-7edecacd0b9f,worker_2,coordinator_0,NET_TRANSFER,0.000100,0.158000,Poll: Cache Status Reply
1857446.288370,7001,0c0edddb-db74-420e-be90-7edecacd0b9f,coordinator_0,worker_4,NET_TRANSFER,0.000100,0.158000,Poll: Check Layer Cache
1857446.446370,7001,0c0edddb-db74-420e-be90-7edecacd0b9f,worker_4,coordinator_0,NET_TRANSFER,0.000100,0.158000,Poll: Cache Status Reply
1857446.604370,7001,0c0edddb-db74-420e-be90-7edecacd0b9f,coordinator_0,worker_4,NET_TRANSFER,0.000100,0.158000,Poll: Check Layer Cache
1857446.762370,7001,0c0edddb-db74-420e-be90-7edecacd0b9f,worker_4,coordinator_0,NET_TRANSFER,0.000100,0.158000,Poll: Cache Status Reply
1857446.920370,7001,0c0edddb-db74-420e-be90-7edecacd0b9f,coordinator_0,worker_2,NET_TRANSFER,0.000100,0.158000,Poll: Check Layer Cache
1857447.078370,7001,0c0edddb-db74-420e-be90-7edecacd0b9f,worker_2,coordinator_0,NET_TRANSFER,0.000100,0.158000,Poll: Cache Status Reply
1857447.236370,7001,0c0edddb-db74-420e-be90-7edecacd0b9f,coordinator_0,worker_3,NET_TRANSFER,0.000100,0.158000,Poll: Check Layer Cache
1857447.394370,7001,0c0edddb-db74-420e-be90-7edecacd0b9f,worker_3,coordinator_0,NET_TRANSFER,0.000100,0.158000,Poll: Cache Status Reply
1857447.552370,7001,0c0edddb-db74-420e-be90-7edecacd0b9f,coordinator_0,worker_4,NET_TRANSFER,0.000100,0.158000,Poll: Check Layer Cache
1857447.710370,7001,0c0edddb-db74-420e-be90-7edecacd0b9f,worker_4,coordinator_0,NET_TRANSFER,0.000100,0.158000,Poll: Cache Status Reply
1857447.868370,7001,0c0edddb-db74-420e-be90-7edecacd0b9f,coordinator_0,worker_3,NET_TRANSFER,0.000100,0.158000,Poll: Check Layer Cache
1857448.026370,7001,0c0edddb-db74-420e-be90-7edecacd0b9f,worker_3,coordinator_0,NET_TRANSFER,0.000100,0.158000,Poll: Cache Status Reply
1857448.184370,7001,0c0edddb-db74-420e-be90-7edecacd0b9f,coordinator_0,worker_1,NET_TRANSFER,0.000100,0.158000,Poll: Check Layer Cache
1857448.342370,7001,0c0edddb-db74-420e-be90-7edecacd0b9f,worker_1,coordinator_0,NET_TRANSFER,0.000100,0.158000,Poll: Cache Status Reply
1857448.500370,7001,0c0edddb-db74-420e-be90-7edecacd0b9f,coordinator_0,worker_1,NET_TRANSFER,0.000100,0.158000,Poll: Check Layer Cache
1857448.658370,7001,0c0edddb-db74-420e-be90-7edecacd0b9f,worker_1,coordinator_0,NET_TRANSFER,0.000100,0.158000,Poll: Cache Status Reply
1857448.816370,7001,0c0edddb-db74-420e-be90-7edecacd0b9f,coordinator_0,worker_3,NET_TRANSFER,0.000100,0.158000,Poll: Check Layer Cache
1857448.974370,7001,0c0edddb-db74-420e-be90-7edecacd0b9f,worker_3,coordinator_0,NET_TRANSFER,0.000100,0.158000,Poll: Cache Status Reply
1857449.132370,7001,0c0edddb-db74-420e-be90-7edecacd0b9f,coordinator_0,worker_1,NET_TRANSFER,0.000100,0.158000,Poll: Check Layer Cache
1857449.290370,7001,0c0edddb-db74-420e-be90-7edecacd0b9f,worker_1,coordinator_0,NET_TRANSFER,0.000100,0.158000,Poll: Cache Status Reply
1857449.448370,7001,0c0edddb-db74-420e-be90-7edecacd0b9f,coordinator_0,worker_3,NET_TRANSFER,0.000100,0.158000,Poll: Check Layer Cache
1857449.606370,7001,0c0edddb-db74-420e-be90-7edecacd0b9f,worker_3,coordinator_0,NET_TRANSFER,0.000100,0.158000,Poll: Cache Status Reply
1857449.764370,7001,0c0edddb-db74-420e-be90-7edecacd0b9f,coordinator_0,worker_3,NET_TRANSFER,0.000100,0.158000,Poll: Check Layer Cache
1857449.922370,7001,0c0edddb-db74-420e-be90-7edecacd0b9f,worker_3,coordinator_0,NET_TRANSFER,0.000100,0.158000,Poll: Cache Status Reply
1857450.080370,7001,0c0edddb-db74-420e-be90-7edecacd0b9f,coordinator_0,worker_1,NET_TRANSFER,0.000100,0.158000,Poll: Check Layer Cache
1857450.238370,7001,0c0edddb-db74-420e-be90-7edecacd0b9f,worker_1,coordinator_0,NET_TRANSFER,0.000100,0.158000,Poll: Cache Status Reply
1857450.396370,7001,0c0edddb-db74-420e-be90-7edecacd0b9f,coordinator_0,worker_2,NET_TRANSFER,0.000100,0.158000,Poll: Check Layer Cache
1857450.554370,7001,0c0edddb-db74-420e-be90-7edecacd0b9f,worker_2,coordinator_0,NET_TRANSFER,0.000100,0.158000,Poll: Cache Status Reply
1857450.712370,7001,0c0edddb-db74-420e-be90-7edecacd0b9f,coordinator_0,worker_2,NET_TRANSFER,0.000100,0.158000,Poll: Check Layer Cache
1857450.870370,7001,0c0edddb-db74-420e-be90-7edecacd0b9f,worker_2,coordinator_0,NET_TRANSFER,0.000100,0.158000,Poll: Cache Status Reply
1857451.028370,7001,0c0edddb-db74-420e-be90-7edecacd0b9f,coordinator_0,worker_2,NET_TRANSFER,0.000100,0.158000,Poll: Check Layer Cache
1857451.186370,7001,0c0edddb-db74-420e-be90-7edecacd0b9f,worker_2,coordinator_0,NET_TRANSFER,0.000100,0.158000,Poll: Cache Status Reply
1857451.344370,7001,0c0edddb-db74-420e-be90-7edecacd0b9f,coordinator_0,worker_4,NET_TRANSFER,0.000100,0.158000,Poll: Check Layer Cache
1857451.502370,7001,0c0edddb-db74-420e-be90-7edecacd0b9f,worker_4,coordinator_0,NET_TRANSFER,0.000100,0.158000,Poll: Cache Status Reply
1857451.660370,7001,0c0edddb-db74-420e-be90-7edecacd0b9f,coordinator_0,worker_1,NET_TRANSFER,0.000100,0.158000,Poll: Check Layer Cache
1857451.818370,7001,0c0edddb-db74-420e-be90-7edecacd0b9f,worker_1,coordinator_0,NET_TRANSFER,0.000100,0.158000,Poll: Cache Status Reply
1857451.976370,7001,0c0edddb-db74-420e-be90-7edecacd0b9f,coordinator_0,worker_3,NET_TRANSFER,0.000100,0.158000,Poll: Check Layer Cache
1857452.134370,7001,0c0edddb-db74-420e-be90-7edecacd0b9f,worker_3,coordinator_0,NET_TRANSFER,0.000100,0.158000,Poll: Cache Status Reply
1857452.292370,7001,0c0edddb-db74-420e-be90-7edecacd0b9f,coordinator_0,worker_2,NET_TRANSFER,0.000100,0.158000,Poll: Check Layer Cache
1857452.450370,7001,0c0edddb-db74-420e-be90-7edecacd0b9f,worker_2,coordinator_0,NET_TRANSFER,0.000100,0.158000,Poll: Cache Status Reply
1857452.608370,7001,0c0edddb-db74-420e-be90-7edecacd0b9f,coordinator_0,worker_4,NET_TRANSFER,0.000100,0.158000,Poll: Check Layer Cache
1857452.766370,7001,0c0edddb-db74-420e-be90-7edecacd0b9f,worker_4,coordinator_0,NET_TRANSFER,0.000100,0.158000,Poll: Cache Status Reply
1857452.924370,7001,0c0edddb-db74-420e-be90-7edecacd0b9f,coordinator_0,worker_3,NET_TRANSFER,0.000100,0.158000,Poll: Check Layer Cache
1857453.082370,7001,0c0edddb-db74-420e-be90-7edecacd0b9f,worker_3,coordinator_0,NET_TRANSFER,0.000100,0.158000,Poll: Cache Status Reply
1857453.240370,7001,0c0edddb-db74-420e-be90-7edecacd0b9f,coordinator_0,worker_4,NET_TRANSFER,0.000100,0.158000,Poll: Check Layer Cache
1857453.398370,7001,0c0edddb-db74-420e-be90-7edecacd0b9f,worker_4,coordinator_0,NET_TRANSFER,0.000100,0.158000,Poll: Cache Status Reply
1857453.556370,7001,0c0edddb-db74-420e-be90-7edecacd0b9f,coordinator_0,worker_3,NET_TRANSFER,0.000100,0.158000,Poll: Check Layer Cache
1857453.714370,7001,0c0edddb-db74-420e-be90-7edecacd0b9f,worker_3,coordinator_0,NET_TRANSFER,0.000100,0.158000,Poll: Cache Status Reply
1857453.872370,7001,0c0edddb-db74-420e-be90-7edecacd0b9f,coordinator_0,worker_3,NET_TRANSFER,0.000100,0.158000,Poll: Check Layer Cache
1857454.030370,7001,0c0edddb-db74-420e-be90-7edecacd0b9f,worker_3,coordinator_0,NET_TRANSFER,0.000100,0.158000,Poll: Cache Status Reply
1857454.188370,7001,0c0edddb-db74-420e-be90-7edecacd0b9f,coordinator_0,worker_4,NET_TRANSFER,0.000100,0.158000,Poll: Check Layer Cache
1857454.346370,7001,0c0edddb-db74-420e-be90-7edecacd0b9f,worker_4,coordinator_0,NET_TRANSFER,0.000100,0.158000,Poll: Cache Status Reply
1857454.504370,7001,0c0edddb-db74-420e-be90-7edecacd0b9f,coordinator_0,worker_4,NET_TRANSFER,0.000100,0.158000,Poll: Check Layer Cache
1857454.662370,7001,0c0edddb-db74-420e-be90-7edecacd0b9f,worker_4,coordinator_0,NET_TRANSFER,0.000100,0.158000,Poll: Cache Status Reply
1857454.820370,7001,0c0edddb-db74-420e-be90-7edecacd0b9f,coordinator_0,worker_1,NET_TRANSFER,0.000100,0.158000,Poll: Check Layer Cache
1857454.978370,7001,0c0edddb-db74-420e-be90-7edecacd0b9f,worker_1,coordinator_0,NET_TRANSFER,0.000100,0.158000,Poll: Cache Status Reply
1857455.136370,7001,0c0edddb-db74-420e-be90-7edecacd0b9f,coordinator_0,worker_4,NET_TRANSFER,0.000100,0.158000,Poll: Check Layer Cache
1857455.294370,7001,0c0edddb-db74-420e-be90-7edecacd0b9f,worker_4,coordinator_0,NET_TRANSFER,0.000100,0.158000,Poll: Cache Status Reply
1857455.452370,7001,0c0edddb-db74-420e-be90-7edecacd0b9f,coordinator_0,worker_2,NET_TRANSFER,0.000100,0.158000,Poll: Check Layer Cache
1857455.610370,7001,0c0edddb-db74-420e-be90-7edecacd0b9f,worker_2,coordinator_0,NET_TRANSFER,0.000100,0.158000,Poll: Cache Status Reply
1857455.768370,7001,0c0edddb-db74-420e-be90-7edecacd0b9f,coordinator_0,worker_1,NET_TRANSFER,0.000100,0.158000,Poll: Check Layer Cache
1857455.926370,7001,0c0edddb-db74-420e-be90-7edecacd0b9f,worker_1,coordinator_0,NET_TRANSFER,0.000100,0.158000,Poll: Cache Status Reply
1857456.084370,7001,0c0edddb-db74-420e-be90-7edecacd0b9f,coordinator_0,worker_4,NET_TRANSFER,0.000100,0.158000,Poll: Check Layer Cache
1857456.242370,7001,0c0edddb-db74-420e-be90-7edecacd0b9f,worker_4,coordinator_0,NET_TRANSFER,0.000100,0.158000,Poll: Cache Status Reply
1857456.400370,7001,0c0edddb-db74-420e-be90-7edecacd0b9f,coordinator_0,worker_1,NET_TRANSFER,0.000100,0.158000,Poll: Check Layer Cache
1857456.558370,7001,0c0edddb-db74-420e-be90-7edecacd0b9f,worker_1,coordinator_0,NET_TRANSFER,0.000100,0.158000,Poll: Cache Status Reply
1857456.716370,7001,0c0edddb-db74-420e-be90-7edecacd0b9f,coordinator_0,worker_1,NET_TRANSFER,0.000100,0.158000,Poll: Check Layer Cache
1857456.874370,7001,0c0edddb-db74-420e-be90-7edecacd0b9f,worker_1,coordinator_0,NET_TRANSFER,0.000100,0.158000,Poll: Cache Status Reply
1857457.032370,7001,0c0edddb-db74-420e-be90-7edecacd0b9f,coordinator_0,worker_1,NET_TRANSFER,0.000100,0.158000,Poll: Check Layer Cache
1857457.190370,7001,0c0edddb-db74-420e-be90-7edecacd0b9f,worker_1,coordinator_0,NET_TRANSFER,0.000100,0.158000,Poll: Cache Status Reply
1857457.348370,7001,0c0edddb-db74-420e-be90-7edecacd0b9f,coordinator_0,worker_1,NET_TRANSFER,0.000100,0.158000,Poll: Check Layer Cache
1857457.506370,7001,0c0edddb-db74-420e-be90-7edecacd0b9f,worker_1,coordinator_0,NET_TRANSFER,0.000100,0.158000,Poll: Cache Status Reply
1857457.664370,7001,0c0edddb-db74-420e-be90-7edecacd0b9f,coordinator_0,worker_2,NET_TRANSFER,0.000100,0.158000,Poll: Check Layer Cache
1857457.822370,7001,0c0edddb-db74-420e-be90-7edecacd0b9f,worker_2,coordinator_0,NET_TRANSFER,0.000100,0.158000,Poll: Cache Status Reply
1857457.980370,7001,0c0edddb-db74-420e-be90-7edecacd0b9f,coordinator_0,worker_2,NET_TRANSFER,0.000100,0.158000,Poll: Check Layer Cache
1857458.138370,7001,0c0edddb-db74-420e-be90-7edecacd0b9f,worker_2,coordinator_0,NET_TRANSFER,0.000100,0.158000,Poll: Cache Status Reply
1857458.296370,7001,0c0edddb-db74-420e-be90-7edecacd0b9f,coordinator_0,worker_4,NET_TRANSFER,0.000100,0.158000,Poll: Check Layer Cache
1857458.454370,7001,0c0edddb-db74-420e-be90-7edecacd0b9f,worker_4,coordinator_0,NET_TRANSFER,0.000100,0.158000,Poll: Cache Status Reply
1857458.612370,7001,0c0edddb-db74-420e-be90-7edecacd0b9f,coordinator_0,worker_3,NET_TRANSFER,0.000100,0.158000,Poll: Check Layer Cache
1857458.770370,7001,0c0edddb-db74-420e-be90-7edecacd0b9f,worker_3,coordinator_0,NET_TRANSFER,0.000100,0.158000,Poll: Cache Status Reply
1857458.928370,7001,0c0edddb-db74-420e-be90-7edecacd0b9f,coordinator_0,worker_2,NET_TRANSFER,0.000100,0.158000,Poll: Check Layer Cache
1857459.086370,7001,0c0edddb-db74-420e-be90-7edecacd0b9f,worker_2,coordinator_0,NET_TRANSFER,0.000100,0.158000,Poll: Cache Status Reply
1857876.490479,9003,c058df17-9e88-4847-baf4-6e2c889e8d4d,coordinator_0,worker_1,NET_TRANSFER,5.215676,417.404109,Distribute Layer ID: 084532c8
1857876.531227,9003,c058df17-9e88-4847-baf4-6e2c889e8d4d,worker_1,worker_1,DISK_LOAD,5.215676,0.040747,"Disk -> RAM [Model: c058df17, Layer: 084532c8]"
1857876.571974,9003,c058df17-9e88-4847-baf4-6e2c889e8d4d,worker_1,worker_1,MEM_MOVE,5.215676,0.040747,"RAM -> VRAM [Model: c058df17, Layer: 084532c8]"
1857876.621974,9003,c058df17-9e88-4847-baf4-6e2c889e8d4d,worker_1,worker_1,GPU_COMPUTE,0.050000,0.050000,GPU Compute
1857876.779974,9003,c058df17-9e88-4847-baf4-6e2c889e8d4d,worker_1,coordinator_0,NET_TRANSFER,0.000100,0.158000,Signal Finished
1858930.281371,9003,c058df17-9e88-4847-baf4-6e2c889e8d4d,coordinator_0,worker_2,NET_TRANSFER,13.166892,1053.501396,Distribute Layer ID: 6710f5fc
1858930.384237,9003,c058df17-9e88-4847-baf4-6e2c889e8d4d,worker_2,worker_2,DISK_LOAD,13.166892,0.102866,"Disk -> RAM [Model: c058df17, Layer: 6710f5fc]"
1858930.487103,9003,c058df17-9e88-4847-baf4-6e2c889e8d4d,worker_2,worker_2,MEM_MOVE,13.166892,0.102866,"RAM -> VRAM [Model: c058df17, Layer: 6710f5fc]"
1858930.537103,9003,c058df17-9e88-4847-baf4-6e2c889e8d4d,worker_2,worker_2,GPU_COMPUTE,0.050000,0.050000,GPU Compute
1858930.695103,9003,c058df17-9e88-4847-baf4-6e2c889e8d4d,worker_2,coordinator_0,NET_TRANSFER,0.000100,0.158000,Signal Finished
1859488.635398,9003,c058df17-9e88-4847-baf4-6e2c889e8d4d,coordinator_0,worker_3,NET_TRANSFER,6.972379,557.940294,Distribute Layer ID: 2a3a7db5
1859488.689869,9003,c058df17-9e88-4847-baf4-6e2c889e8d4d,worker_3,worker_3,DISK_LOAD,6.972379,0.054472,"Disk -> RAM [Model: c058df17, Layer: 2a3a7db5]"
1859488.744341,9003,c058df17-9e88-4847-baf4-6e2c889e8d4d,worker_3,worker_3,MEM_MOVE,6.972379,0.054472,"RAM -> VRAM [Model: c058df17, Layer: 2a3a7db5]"
1859488.794341,9003,c058df17-9e88-4847-baf4-6e2c889e8d4d,worker_3,worker_3,GPU_COMPUTE,0.050000,0.050000,GPU Compute
1859488.952341,9003,c058df17-9e88-4847-baf4-6e2c889e8d4d,worker_3,coordinator_0,NET_TRANSFER,0.000100,0.158000,Signal Finished
1859998.245725,9003,c058df17-9e88-4847-baf4-6e2c889e8d4d,coordinator_0,worker_4,NET_TRANSFER,6.364292,509.293384,Distribute Layer ID: a8b02c6f
1859998.295446,9003,c058df17-9e88-4847-baf4-6e2c889e8d4d,worker_4,worker_4,DISK_LOAD,6.364292,0.049721,"Disk -> RAM [Model: c058df17, Layer: a8b02c6f]"
1859998.345167,9003,c058df17-9e88-4847-baf4-6e2c889e8d4d,worker_4,worker_4,MEM_MOVE,6.364292,0.049721,"RAM -> VRAM [Model: c058df17, Layer: a8b02c6f]"
1859998.395167,9003,c058df17-9e88-4847-baf4-6e2c889e8d4d,worker_4,worker_4,GPU_COMPUTE,0.050000,0.050000,GPU Compute
1859998.553167,9003,c058df17-9e88-4847-baf4-6e2c889e8d4d,worker_4,coordinator_0,NET_TRANSFER,0.000100,0.158000,Signal Finished
1860759.666099,9003,c058df17-9e88-4847-baf4-6e2c889e8d4d,coordinator_0,worker_1,NET_TRANSFER,9.512037,761.112932,Distribute Layer ID: 59446edc
1860759.824099,8003,e8282f9d-ace8-4cdf-b62c-3d9f466a71e1,client_8,coordinator_0,NET_TRANSFER,0.000100,0.158000,Request Model ID
1860759.982099,1002,e8282f9d-ace8-4cdf-b62c-3d9f466a71e1,coordinator_0,client_1,NET_TRANSFER,0.000100,0.158000,Signal: Cache Hit / Starting
1860760.140099,8001,7b482c9c-fddc-4070-b1ff-d34c65aeddf9,coordinator_0,client_8,NET_TRANSFER,0.000100,0.158000,Signal: Cache Miss / Request Weights
1906100.463801,8001,7b482c9c-fddc-4070-b1ff-d34c65aeddf9,client_8,coordinator_0,NET_TRANSFER,566.752171,45340.323701,Upload Model Weights
1906100.621801,9000,91008a79-010a-4e7f-82a9-d93d175b8acb,coordinator_0,client_9,NET_TRANSFER,0.000100,0.158000,Signal: Cache Miss / Request Weights
1939632.947811,9000,91008a79-010a-4e7f-82a9-d93d175b8acb,client_9,coordinator_0,NET_TRANSFER,419.152200,33532.326010,Upload Model Weights
1939633.105811,9001,d36a8feb-f69f-4ca5-8d20-dbd41cfd8e0d,coordinator_0,client_9,NET_TRANSFER,0.000100,0.158000,Signal: Cache Miss / Request Weights
1983105.394458,9001,d36a8feb-f69f-4ca5-8d20-dbd41cfd8e0d,client_9,coordinator_0,NET_TRANSFER,543.401733,43472.288647,Upload Model Weights
1983105.552458,1002,bdd36ae2-6ffc-42e7-b48e-12b94d23dc1c,coordinator_0,client_1,NET_TRANSFER,0.000100,0.158000,Signal: Cache Miss / Request Weights
2030298.530764,1002,bdd36ae2-6ffc-42e7-b48e-12b94d23dc1c,client_1,coordinator_0,NET_TRANSFER,589.910354,47192.978307,Upload Model Weights
2030298.688764,6001,9242bfae-2680-474f-abd2-115e84f6b68c,coordinator_0,client_6,NET_TRANSFER,0.000100,0.158000,Signal: Cache Miss / Request Weights
2078363.574864,6001,9242bfae-2680-474f-abd2-115e84f6b68c,client_6,coordinator_0,NET_TRANSFER,600.809201,48064.886099,Upload Model Weights
2078363.732864,7001,e9ab481a-f9bf-42a7-921f-45125b9da313,coordinator_0,client_7,NET_TRANSFER,0.000100,0.158000,Signal: Cache Miss / Request Weights
2105679.436882,7001,e9ab481a-f9bf-42a7-921f-45125b9da313,client_7,coordinator_0,NET_TRANSFER,341.444425,27315.704019,Upload Model Weights
2105679.594882,1002,b42ec4c0-5247-4b28-9ada-769c5bad77e7,coordinator_0,client_1,NET_TRANSFER,0.000100,0.158000,Signal: Cache Miss / Request Weights
2132161.771296,1002,b42ec4c0-5247-4b28-9ada-769c5bad77e7,client_1,coordinator_0,NET_TRANSFER,331.025330,26482.176414,Upload Model Weights
2132161.929296,1002,bdd36ae2-6ffc-42e7-b48e-12b94d23dc1c,coordinator_0,client_1,NET_TRANSFER,0.000100,0.158000,Signal: Cache Miss / Request Weights
2179354.907603,1002,bdd36ae2-6ffc-42e7-b48e-12b94d23dc1c,client_1,coordinator_0,NET_TRANSFER,589.910354,47192.978307,Upload Model Weights
2179355.065603,6001,7f9a238b-9bd4-4b7f-8ef2-4365f6c2f382,coordinator_0,client_6,NET_TRANSFER,0.000100,0.158000,Signal: Cache Miss / Request Weights
2219904.744657,6001,7f9a238b-9bd4-4b7f-8ef2-4365f6c2f382,client_6,coordinator_0,NET_TRANSFER,506.869113,40549.679054,Upload Model Weights
2219904.902657,4002,07a8404e-b389-42f4-9eba-f552b8fcd4a4,coordinator_0,client_4,NET_TRANSFER,0.000100,0.158000,Signal: Cache Miss / Request Weights
2263704.070129,4002,07a8404e-b389-42f4-9eba-f552b8fcd4a4,client_4,coordinator_0,NET_TRANSFER,547.487718,43799.167472,Upload Model Weights
2263704.228129,4002,683e1def-e889-4ef7-a89d-272f6bad72d3,coordinator_0,client_4,NET_TRANSFER,0.000100,0.158000,Signal: Cache Miss / Request Weights
2293775.495985,4002,683e1def-e889-4ef7-a89d-272f6bad72d3,client_4,coordinator_0,NET_TRANSFER,375.888973,30071.267857,Upload Model Weights
2293775.653985,4002,b2805f95-7fad-4a43-bf85-66ce3781b818,coordinator_0,client_4,NET_TRANSFER,0.000100,0.158000,Signal: Cache Miss / Request Weights
2342164.591779,4002,b2805f95-7fad-4a43-bf85-66ce3781b818,client_4,coordinator_0,NET_TRANSFER,604.859847,48388.937793,Upload Model Weights
2342164.749779,7001,0c0edddb-db74-420e-be90-7edecacd0b9f,coordinator_0,client_7,NET_TRANSFER,0.000100,0.158000,Signal: Cache Hit / Starting
2342164.907779,8001,d4b394b0-887b-4ade-b884-6c80c8a7daf2,coordinator_0,client_8,NET_TRANSFER,0.000100,0.158000,Signal: Cache Miss / Request Weights
2386059.434904,8001,d4b394b0-887b-4ade-b884-6c80c8a7daf2,client_8,coordinator_0,NET_TRANSFER,548.679714,43894.527125,Upload Model Weights
2386059.592904,5004,07a8404e-b389-42f4-9eba-f552b8fcd4a4,client_5,coordinator_0,NET_TRANSFER,0.000100,0.158000,Request Model ID
2386059.750904,1004,46d61b26-e813-4c81-9e06-f5172b67e1af,client_1,coordinator_0,NET_TRANSFER,0.000100,0.158000,Request Model ID
2386059.908904,10002,5da2df27-cf63-4c4c-ae5e-62dac7a03a3d,coordinator_0,client_10,NET_TRANSFER,0.000100,0.158000,Signal: Cache Miss / Request Weights
2420760.737186,10002,5da2df27-cf63-4c4c-ae5e-62dac7a03a3d,client_10,coordinator_0,NET_TRANSFER,433.758479,34700.828282,Upload Model Weights
2420760.895186,6003,44c74542-198d-4b82-96c7-01f6a8e6ad94,client_6,coordinator_0,NET_TRANSFER,0.000100,0.158000,Request Model ID
2420761.053186,4004,44c74542-198d-4b82-96c7-01f6a8e6ad94,client_4,coordinator_0,NET_TRANSFER,0.000100,0.158000,Request Model ID
2420761.211186,2001,9880cbcf-8e6d-4dda-81c9-85768d11ec44,coordinator_0,client_2,NET_TRANSFER,0.000100,0.158000,Signal: Cache Miss / Request Weights
2462501.415514,2001,9880cbcf-8e6d-4dda-81c9-85768d11ec44,client_2,coordinator_0,NET_TRANSFER,521.750679,41740.204327,Upload Model Weights
2462501.573514,8003,c058df17-9e88-4847-baf4-6e2c889e8d4d,client_8,coordinator_0,NET_TRANSFER,0.000100,0.158000,Request Model ID
2462501.731514,10002,08212f61-6e5c-492e-829d-335e87744563,coordinator_0,client_10,NET_TRANSFER,0.000100,0.158000,Signal: Cache Miss / Request Weights
2496102.940483,10002,08212f61-6e5c-492e-829d-335e87744563,client_10,coordinator_0,NET_TRANSFER,420.013237,33601.208969,Upload Model Weights
2496103.098483,5002,9880cbcf-8e6d-4dda-81c9-85768d11ec44,coordinator_0,client_5,NET_TRANSFER,0.000100,0.158000,Signal: Cache Miss / Request Weights
2496103.172795,9003,c058df17-9e88-4847-baf4-6e2c889e8d4d,worker_1,worker_1,DISK_LOAD,9.512037,0.074313,"Disk -> RAM [Model: c058df17, Layer: 59446edc]"
2496103.247108,9003,c058df17-9e88-4847-baf4-6e2c889e8d4d,worker_1,worker_1,MEM_MOVE,9.512037,0.074313,"RAM -> VRAM [Model: c058df17, Layer: 59446edc]"
2496103.297108,9003,c058df17-9e88-4847-baf4-6e2c889e8d4d,worker_1,worker_1,GPU_COMPUTE,0.050000,0.050000,GPU Compute
2496103.455108,9003,c058df17-9e88-4847-baf4-6e2c889e8d4d,worker_1,coordinator_0,NET_TRANSFER,0.000100,0.158000,Signal Finished
2537843.659436,5002,9880cbcf-8e6d-4dda-81c9-85768d11ec44,client_5,coordinator_0,NET_TRANSFER,521.750679,41740.204327,Upload Model Weights
2538519.870517,9003,c058df17-9e88-4847-baf4-6e2c889e8d4d,coordinator_0,worker_2,NET_TRANSFER,8.450764,676.211081,Distribute Layer ID: b639dd41
2538519.936539,9003,c058df17-9e88-4847-baf4-6e2c889e8d4d,worker_2,worker_2,DISK_LOAD,8.450764,0.066022,"Disk -> RAM [Model: c058df17, Layer: b639dd41]"
2538520.002560,9003,c058df17-9e88-4847-baf4-6e2c889e8d4d,worker_2,worker_2,MEM_MOVE,8.450764,0.066022,"RAM -> VRAM [Model: c058df17, Layer: b639dd41]"
2538520.052560,9003,c058df17-9e88-4847-baf4-6e2c889e8d4d,worker_2,worker_2,GPU_COMPUTE,0.050000,0.050000,GPU Compute
2538520.210560,9003,c058df17-9e88-4847-baf4-6e2c889e8d4d,worker_2,coordinator_0,NET_TRANSFER,0.000100,0.158000,Signal Finished
2539503.988984,9003,c058df17-9e88-4847-baf4-6e2c889e8d4d,coordinator_0,worker_3,NET_TRANSFER,12.295355,983.778424,Distribute Layer ID: 18e16fba
2539504.085041,9003,c058df17-9e88-4847-baf4-6e2c889e8d4d,worker_3,worker_3,DISK_LOAD,12.295355,0.096057,"Disk -> RAM [Model: c058df17, Layer: 18e16fba]"
2539504.181099,9003,c058df17-9e88-4847-baf4-6e2c889e8d4d,worker_3,worker_3,MEM_MOVE,12.295355,0.096057,"RAM -> VRAM [Model: c058df17, Layer: 18e16fba]"
2539504.231099,9003,c058df17-9e88-4847-baf4-6e2c889e8d4d,worker_3,worker_3,GPU_COMPUTE,0.050000,0.050000,GPU Compute
2539504.389099,9003,c058df17-9e88-4847-baf4-6e2c889e8d4d,worker_3,coordinator_0,NET_TRANSFER,0.000100,0.158000,Signal Finished
2540049.374283,9003,c058df17-9e88-4847-baf4-6e2c889e8d4d,coordinator_0,worker_4,NET_TRANSFER,6.810440,544.985184,Distribute Layer ID: e1323ff1
2540049.427490,9003,c058df17-9e88-4847-baf4-6e2c889e8d4d,worker_4,worker_4,DISK_LOAD,6.810440,0.053207,"Disk -> RAM [Model: c058df17, Layer: e1323ff1]"
2540049.480696,9003,c058df17-9e88-4847-baf4-6e2c889e8d4d,worker_4,worker_4,MEM_MOVE,6.810440,0.053207,"RAM -> VRAM [Model: c058df17, Layer: e1323ff1]"
2540049.530696,9003,c058df17-9e88-4847-baf4-6e2c889e8d4d,worker_4,worker_4,GPU_COMPUTE,0.050000,0.050000,GPU Compute
2540049.688696,9003,c058df17-9e88-4847-baf4-6e2c889e8d4d,worker_4,coordinator_0,NET_TRANSFER,0.000100,0.158000,Signal Finished
2540569.969343,9003,c058df17-9e88-4847-baf4-6e2c889e8d4d,coordinator_0,worker_1,NET_TRANSFER,6.501633,520.280647,Distribute Layer ID: a6e109f8
2540570.020137,9003,c058df17-9e88-4847-baf4-6e2c889e8d4d,worker_1,worker_1,DISK_LOAD,6.501633,0.050794,"Disk -> RAM [Model: c058df17, Layer: a6e109f8]"
2540570.070931,9003,c058df17-9e88-4847-baf4-6e2c889e8d4d,worker_1,worker_1,MEM_MOVE,6.501633,0.050794,"RAM -> VRAM [Model: c058df17, Layer: a6e109f8]"
2540570.120931,9003,c058df17-9e88-4847-baf4-6e2c889e8d4d,worker_1,worker_1,GPU_COMPUTE,0.050000,0.050000,GPU Compute
2540570.278931,9003,c058df17-9e88-4847-baf4-6e2c889e8d4d,worker_1,coordinator_0,NET_TRANSFER,0.000100,0.158000,Signal Finished
2541629.545754,9003,c058df17-9e88-4847-baf4-6e2c889e8d4d,coordinator_0,worker_2,NET_TRANSFER,13.238960,1059.266823,Distribute Layer ID: 7f386ffd
2541629.649183,9003,c058df17-9e88-4847-baf4-6e2c889e8d4d,worker_2,worker_2,DISK_LOAD,13.238960,0.103429,"Disk -> RAM [Model: c058df17, Layer: 7f386ffd]"
2541629.752613,9003,c058df17-9e88-4847-baf4-6e2c889e8d4d,worker_2,worker_2,MEM_MOVE,13.238960,0.103429,"RAM -> VRAM [Model: c058df17, Layer: 7f386ffd]"
2541629.802613,9003,c058df17-9e88-4847-baf4-6e2c889e8d4d,worker_2,worker_2,GPU_COMPUTE,0.050000,0.050000,GPU Compute
2541629.960613,9003,c058df17-9e88-4847-baf4-6e2c889e8d4d,worker_2,coordinator_0,NET_TRANSFER,0.000100,0.158000,Signal Finished
2542747.531406,9003,c058df17-9e88-4847-baf4-6e2c889e8d4d,coordinator_0,worker_3,NET_TRANSFER,13.967760,1117.570793,Distribute Layer ID: af9d1318
2542747.640529,9003,c058df17-9e88-4847-baf4-6e2c889e8d4d,worker_3,worker_3,DISK_LOAD,13.967760,0.109123,"Disk -> RAM [Model: c058df17, Layer: af9d1318]"
2542747.749652,9003,c058df17-9e88-4847-baf4-6e2c889e8d4d,worker_3,worker_3,MEM_MOVE,13.967760,0.109123,"RAM -> VRAM [Model: c058df17, Layer: af9d1318]"
2542747.799652,9003,c058df17-9e88-4847-baf4-6e2c889e8d4d,worker_3,worker_3,GPU_COMPUTE,0.050000,0.050000,GPU Compute
2542747.957652,9003,c058df17-9e88-4847-baf4-6e2c889e8d4d,worker_3,coordinator_0,NET_TRANSFER,0.000100,0.158000,Signal Finished
2543630.348054,9003,c058df17-9e88-4847-baf4-6e2c889e8d4d,coordinator_0,worker_4,NET_TRANSFER,11.028005,882.390402,Distribute Layer ID: 940aaf8e
2543630.434211,9003,c058df17-9e88-4847-baf4-6e2c889e8d4d,worker_4,worker_4,DISK_LOAD,11.028005,0.086156,"Disk -> RAM [Model: c058df17, Layer: 940aaf8e]"
2543630.520367,9003,c058df17-9e88-4847-baf4-6e2c889e8d4d,worker_4,worker_4,MEM_MOVE,11.028005,0.086156,"RAM -> VRAM [Model: c058df17, Layer: 940aaf8e]"
2543630.570367,9003,c058df17-9e88-4847-baf4-6e2c889e8d4d,worker_4,worker_4,GPU_COMPUTE,0.050000,0.050000,GPU Compute
2543630.728367,9003,c058df17-9e88-4847-baf4-6e2c889e8d4d,worker_4,coordinator_0,NET_TRANSFER,0.000100,0.158000,Signal Finished
2544326.664116,9003,c058df17-9e88-4847-baf4-6e2c889e8d4d,coordinator_0,worker_1,NET_TRANSFER,8.697322,695.935749,Distribute Layer ID: a1b570a9
2544326.732064,9003,c058df17-9e88-4847-baf4-6e2c889e8d4d,worker_1,worker_1,DISK_LOAD,8.697322,0.067948,"Disk -> RAM [Model: c058df17, Layer: a1b570a9]"
2544326.800012,9003,c058df17-9e88-4847-baf4-6e2c889e8d4d,worker_1,worker_1,MEM_MOVE,8.697322,0.067948,"RAM -> VRAM [Model: c058df17, Layer: a1b570a9]"
2544326.850012,9003,c058df17-9e88-4847-baf4-6e2c889e8d4d,worker_1,worker_1,GPU_COMPUTE,0.050000,0.050000,GPU Compute
2544327.008012,9003,c058df17-9e88-4847-baf4-6e2c889e8d4d,worker_1,coordinator_0,NET_TRANSFER,0.000100,0.158000,Signal Finished
2544745.281778,9003,c058df17-9e88-4847-baf4-6e2c889e8d4d,coordinator_0,worker_2,NET_TRANSFER,5.226547,418.273766,Distribute Layer ID: 0160b609
2544745.322611,9003,c058df17-9e88-4847-baf4-6e2c889e8d4d,worker_2,worker_2,DISK_LOAD,5.226547,0.040832,"Disk -> RAM [Model: c058df17, Layer: 0160b609]"
2544745.363443,9003,c058df17-9e88-4847-baf4-6e2c889e8d4d,worker_2,worker_2,MEM_MOVE,5.226547,0.040832,"RAM -> VRAM [Model: c058df17, Layer: 0160b609]"
2544745.413443,9003,c058df17-9e88-4847-baf4-6e2c889e8d4d,worker_2,worker_2,GPU_COMPUTE,0.050000,0.050000,GPU Compute
2544745.571443,9003,c058df17-9e88-4847-baf4-6e2c889e8d4d,worker_2,coordinator_0,NET_TRANSFER,0.000100,0.158000,Signal Finished
2545350.755432,9003,c058df17-9e88-4847-baf4-6e2c889e8d4d,coordinator_0,worker_3,NET_TRANSFER,7.562925,605.183988,Distribute Layer ID: c13863cc
2545350.814517,9003,c058df17-9e88-4847-baf4-6e2c889e8d4d,worker_3,worker_3,DISK_LOAD,7.562925,0.059085,"Disk -> RAM [Model: c058df17, Layer: c13863cc]"
2545350.873602,9003,c058df17-9e88-4847-baf4-6e2c889e8d4d,worker_3,worker_3,MEM_MOVE,7.562925,0.059085,"RAM -> VRAM [Model: c058df17, Layer: c13863cc]"
2545350.923602,9003,c058df17-9e88-4847-baf4-6e2c889e8d4d,worker_3,worker_3,GPU_COMPUTE,0.050000,0.050000,GPU Compute
2545351.081602,9003,c058df17-9e88-4847-baf4-6e2c889e8d4d,worker_3,coordinator_0,NET_TRANSFER,0.000100,0.158000,Signal Finished
2546355.193776,9003,c058df17-9e88-4847-baf4-6e2c889e8d4d,coordinator_0,worker_4,NET_TRANSFER,12.549527,1004.112174,Distribute Layer ID: 13aa32c2
2546355.291819,9003,c058df17-9e88-4847-baf4-6e2c889e8d4d,worker_4,worker_4,DISK_LOAD,12.549527,0.098043,"Disk -> RAM [Model: c058df17, Layer: 13aa32c2]"
2546355.389863,9003,c058df17-9e88-4847-baf4-6e2c889e8d4d,worker_4,worker_4,MEM_MOVE,12.549527,0.098043,"RAM -> VRAM [Model: c058df17, Layer: 13aa32c2]"
2546355.439863,9003,c058df17-9e88-4847-baf4-6e2c889e8d4d,worker_4,worker_4,GPU_COMPUTE,0.050000,0.050000,GPU Compute
2546355.597863,9003,c058df17-9e88-4847-baf4-6e2c889e8d4d,worker_4,coordinator_0,NET_TRANSFER,0.000100,0.158000,Signal Finished
2547195.609958,9003,c058df17-9e88-4847-baf4-6e2c889e8d4d,coordinator_0,worker_1,NET_TRANSFER,10.498276,840.012096,Distribute Layer ID: cb100d05
2547195.691976,9003,c058df17-9e88-4847-baf4-6e2c889e8d4d,worker_1,worker_1,DISK_LOAD,10.498276,0.082018,"Disk -> RAM [Model: c058df17, Layer: cb100d05]"
2547195.773994,9003,c058df17-9e88-4847-baf4-6e2c889e8d4d,worker_1,worker_1,MEM_MOVE,10.498276,0.082018,"RAM -> VRAM [Model: c058df17, Layer: cb100d05]"
2547195.823994,9003,c058df17-9e88-4847-baf4-6e2c889e8d4d,worker_1,worker_1,GPU_COMPUTE,0.050000,0.050000,GPU Compute
2547195.981994,9003,c058df17-9e88-4847-baf4-6e2c889e8d4d,worker_1,coordinator_0,NET_TRANSFER,0.000100,0.158000,Signal Finished
2548049.246414,9003,c058df17-9e88-4847-baf4-6e2c889e8d4d,coordinator_0,worker_2,NET_TRANSFER,10.663930,853.264420,Distribute Layer ID: 689e7abb
2548049.329726,9003,c058df17-9e88-4847-baf4-6e2c889e8d4d,worker_2,worker_2,DISK_LOAD,10.663930,0.083312,"Disk -> RAM [Model: c058df17, Layer: 689e7abb]"
2548049.413038,9003,c058df17-9e88-4847-baf4-6e2c889e8d4d,worker_2,worker_2,MEM_MOVE,10.663930,0.083312,"RAM -> VRAM [Model: c058df17, Layer: 689e7abb]"
2548049.463038,9003,c058df17-9e88-4847-baf4-6e2c889e8d4d,worker_2,worker_2,GPU_COMPUTE,0.050000,0.050000,GPU Compute
2548049.621038,9003,c058df17-9e88-4847-baf4-6e2c889e8d4d,worker_2,coordinator_0,NET_TRANSFER,0.000100,0.158000,Signal Finished
2548974.443987,9003,c058df17-9e88-4847-baf4-6e2c889e8d4d,coordinator_0,worker_3,NET_TRANSFER,11.558412,924.822949,Distribute Layer ID: 3dbca27d
2548974.534287,9003,c058df17-9e88-4847-baf4-6e2c889e8d4d,worker_3,worker_3,DISK_LOAD,11.558412,0.090300,"Disk -> RAM [Model: c058df17, Layer: 3dbca27d]"
2548974.624587,9003,c058df17-9e88-4847-baf4-6e2c889e8d4d,worker_3,worker_3,MEM_MOVE,11.558412,0.090300,"RAM -> VRAM [Model: c058df17, Layer: 3dbca27d]"
2548974.674587,9003,c058df17-9e88-4847-baf4-6e2c889e8d4d,worker_3,worker_3,GPU_COMPUTE,0.050000,0.050000,GPU Compute
2548974.832587,9003,c058df17-9e88-4847-baf4-6e2c889e8d4d,worker_3,coordinator_0,NET_TRANSFER,0.000100,0.158000,Signal Finished
2549378.569068,9003,c058df17-9e88-4847-baf4-6e2c889e8d4d,coordinator_0,worker_4,NET_TRANSFER,5.044831,403.736481,Distribute Layer ID: 342fba08
2549378.608481,9003,c058df17-9e88-4847-baf4-6e2c889e8d4d,worker_4,worker_4,DISK_LOAD,5.044831,0.039413,"Disk -> RAM [Model: c058df17, Layer: 342fba08]"
2549378.647894,9003,c058df17-9e88-4847-baf4-6e2c889e8d4d,worker_4,worker_4,MEM_MOVE,5.044831,0.039413,"RAM -> VRAM [Model: c058df17, Layer: 342fba08]"
2549378.697894,9003,c058df17-9e88-4847-baf4-6e2c889e8d4d,worker_4,worker_4,GPU_COMPUTE,0.050000,0.050000,GPU Compute
2549378.855894,9003,c058df17-9e88-4847-baf4-6e2c889e8d4d,worker_4,coordinator_0,NET_TRANSFER,0.000100,0.158000,Signal Finished
2550131.451902,9003,c058df17-9e88-4847-baf4-6e2c889e8d4d,coordinator_0,worker_1,NET_TRANSFER,9.405575,752.596009,Distribute Layer ID: 5e7554e1
2550131.525383,9003,c058df17-9e88-4847-baf4-6e2c889e8d4d,worker_1,worker_1,DISK_LOAD,9.405575,0.073481,"Disk -> RAM [Model: c058df17, Layer: 5e7554e1]"
2550131.598864,9003,c058df17-9e88-4847-baf4-6e2c889e8d4d,worker_1,worker_1,MEM_MOVE,9.405575,0.073481,"RAM -> VRAM [Model: c058df17, Layer: 5e7554e1]"
2550131.648864,9003,c058df17-9e88-4847-baf4-6e2c889e8d4d,worker_1,worker_1,GPU_COMPUTE,0.050000,0.050000,GPU Compute
2550131.806864,9003,c058df17-9e88-4847-baf4-6e2c889e8d4d,worker_1,coordinator_0,NET_TRANSFER,0.000100,0.158000,Signal Finished
2551102.963895,9003,c058df17-9e88-4847-baf4-6e2c889e8d4d,coordinator_0,worker_2,NET_TRANSFER,12.137588,971.157031,Distribute Layer ID: 9bc9b7f9
2551103.058720,9003,c058df17-9e88-4847-baf4-6e2c889e8d4d,worker_2,worker_2,DISK_LOAD,12.137588,0.094825,"Disk -> RAM [Model: c058df17, Layer: 9bc9b7f9]"
2551103.153545,9003,c058df17-9e88-4847-baf4-6e2c889e8d4d,worker_2,worker_2,MEM_MOVE,12.137588,0.094825,"RAM -> VRAM [Model: c058df17, Layer: 9bc9b7f9]"
2551103.203545,9003,c058df17-9e88-4847-baf4-6e2c889e8d4d,worker_2,worker_2,GPU_COMPUTE,0.050000,0.050000,GPU Compute
2551103.361545,9003,c058df17-9e88-4847-baf4-6e2c889e8d4d,worker_2,coordinator_0,NET_TRANSFER,0.000100,0.158000,Signal Finished
2552018.938554,9003,c058df17-9e88-4847-baf4-6e2c889e8d4d,coordinator_0,worker_3,NET_TRANSFER,11.442838,915.577009,Distribute Layer ID: 24d5b877
2552019.027951,9003,c058df17-9e88-4847-baf4-6e2c889e8d4d,worker_3,worker_3,DISK_LOAD,11.442838,0.089397,"Disk -> RAM [Model: c058df17, Layer: 24d5b877]"
2552019.117348,9003,c058df17-9e88-4847-baf4-6e2c889e8d4d,worker_3,worker_3,MEM_MOVE,11.442838,0.089397,"RAM -> VRAM [Model: c058df17, Layer: 24d5b877]"
2552019.167348,9003,c058df17-9e88-4847-baf4-6e2c889e8d4d,worker_3,worker_3,GPU_COMPUTE,0.050000,0.050000,GPU Compute
2552019.325348,9003,c058df17-9e88-4847-baf4-6e2c889e8d4d,worker_3,coordinator_0,NET_TRANSFER,0.000100,0.158000,Signal Finished
2552746.023809,9003,c058df17-9e88-4847-baf4-6e2c889e8d4d,coordinator_0,worker_4,NET_TRANSFER,9.081856,726.698461,Distribute Layer ID: 017a1496
2552746.094761,9003,c058df17-9e88-4847-baf4-6e2c889e8d4d,worker_4,worker_4,DISK_LOAD,9.081856,0.070952,"Disk -> RAM [Model: c058df17, Layer: 017a1496]"
2552746.165713,9003,c058df17-9e88-4847-baf4-6e2c889e8d4d,worker_4,worker_4,MEM_MOVE,9.081856,0.070952,"RAM -> VRAM [Model: c058df17, Layer: 017a1496]"
2552746.215713,9003,c058df17-9e88-4847-baf4-6e2c889e8d4d,worker_4,worker_4,GPU_COMPUTE,0.050000,0.050000,GPU Compute
2552746.373713,9003,c058df17-9e88-4847-baf4-6e2c889e8d4d,worker_4,coordinator_0,NET_TRANSFER,0.000100,0.158000,Signal Finished
2553905.924075,9003,c058df17-9e88-4847-baf4-6e2c889e8d4d,coordinator_0,worker_1,NET_TRANSFER,14.492505,1159.550363,Distribute Layer ID: ddc732b6
2553906.037298,9003,c058df17-9e88-4847-baf4-6e2c889e8d4d,worker_1,worker_1,DISK_LOAD,14.492505,0.113223,"Disk -> RAM [Model: c058df17, Layer: ddc732b6]"
2553906.150521,9003,c058df17-9e88-4847-baf4-6e2c889e8d4d,worker_1,worker_1,MEM_MOVE,14.492505,0.113223,"RAM -> VRAM [Model: c058df17, Layer: ddc732b6]"
2553906.200521,9003,c058df17-9e88-4847-baf4-6e2c889e8d4d,worker_1,worker_1,GPU_COMPUTE,0.050000,0.050000,GPU Compute
2553906.358521,9003,c058df17-9e88-4847-baf4-6e2c889e8d4d,worker_1,coordinator_0,NET_TRANSFER,0.000100,0.158000,Signal Finished
2554742.514416,9003,c058df17-9e88-4847-baf4-6e2c889e8d4d,coordinator_0,worker_2,NET_TRANSFER,10.450074,836.155895,Distribute Layer ID: fdf4a84d
2554742.596057,9003,c058df17-9e88-4847-baf4-6e2c889e8d4d,worker_2,worker_2,DISK_LOAD,10.450074,0.081641,"Disk -> RAM [Model: c058df17, Layer: fdf4a84d]"
2554742.677698,9003,c058df17-9e88-4847-baf4-6e2c889e8d4d,worker_2,worker_2,MEM_MOVE,10.450074,0.081641,"RAM -> VRAM [Model: c058df17, Layer: fdf4a84d]"
2554742.727698,9003,c058df17-9e88-4847-baf4-6e2c889e8d4d,worker_2,worker_2,GPU_COMPUTE,0.050000,0.050000,GPU Compute
2554742.885698,9003,c058df17-9e88-4847-baf4-6e2c889e8d4d,worker_2,coordinator_0,NET_TRANSFER,0.000100,0.158000,Signal Finished
2555725.882330,9003,c058df17-9e88-4847-baf4-6e2c889e8d4d,coordinator_0,worker_3,NET_TRANSFER,12.285583,982.996632,Distribute Layer ID: fe76f31c
2555725.978312,9003,c058df17-9e88-4847-baf4-6e2c889e8d4d,worker_3,worker_3,DISK_LOAD,12.285583,0.095981,"Disk -> RAM [Model: c058df17, Layer: fe76f31c]"
2555726.074293,9003,c058df17-9e88-4847-baf4-6e2c889e8d4d,worker_3,worker_3,MEM_MOVE,12.285583,0.095981,"RAM -> VRAM [Model: c058df17, Layer: fe76f31c]"
2555726.124293,9003,c058df17-9e88-4847-baf4-6e2c889e8d4d,worker_3,worker_3,GPU_COMPUTE,0.050000,0.050000,GPU Compute
2555726.282293,9003,c058df17-9e88-4847-baf4-6e2c889e8d4d,worker_3,coordinator_0,NET_TRANSFER,0.000100,0.158000,Signal Finished
2556277.171248,9003,c058df17-9e88-4847-baf4-6e2c889e8d4d,coordinator_0,worker_4,NET_TRANSFER,6.884237,550.888955,Distribute Layer ID: 557f4acf
2556277.225031,9003,c058df17-9e88-4847-baf4-6e2c889e8d4d,worker_4,worker_4,DISK_LOAD,6.884237,0.053783,"Disk -> RAM [Model: c058df17, Layer: 557f4acf]"
2556277.278814,9003,c058df17-9e88-4847-baf4-6e2c889e8d4d,worker_4,worker_4,MEM_MOVE,6.884237,0.053783,"RAM -> VRAM [Model: c058df17, Layer: 557f4acf]"
2556277.328814,9003,c058df17-9e88-4847-baf4-6e2c889e8d4d,worker_4,worker_4,GPU_COMPUTE,0.050000,0.050000,GPU Compute
2556277.486814,9003,c058df17-9e88-4847-baf4-6e2c889e8d4d,worker_4,coordinator_0,NET_TRANSFER,0.000100,0.158000,Signal Finished
2556864.000369,9003,c058df17-9e88-4847-baf4-6e2c889e8d4d,coordinator_0,worker_1,NET_TRANSFER,7.329544,586.513555,Distribute Layer ID: f4522f85
2556864.057631,9003,c058df17-9e88-4847-baf4-6e2c889e8d4d,worker_1,worker_1,DISK_LOAD,7.329544,0.057262,"Disk -> RAM [Model: c058df17, Layer: f4522f85]"
2556864.114893,9003,c058df17-9e88-4847-baf4-6e2c889e8d4d,worker_1,worker_1,MEM_MOVE,7.329544,0.057262,"RAM -> VRAM [Model: c058df17, Layer: f4522f85]"
2556864.164893,9003,c058df17-9e88-4847-baf4-6e2c889e8d4d,worker_1,worker_1,GPU_COMPUTE,0.050000,0.050000,GPU Compute
2556864.322893,9003,c058df17-9e88-4847-baf4-6e2c889e8d4d,worker_1,coordinator_0,NET_TRANSFER,0.000100,0.158000,Signal Finished
2557402.791007,9003,c058df17-9e88-4847-baf4-6e2c889e8d4d,coordinator_0,worker_2,NET_TRANSFER,6.728976,538.468114,Distribute Layer ID: 052a3980
2557402.843577,9003,c058df17-9e88-4847-baf4-6e2c889e8d4d,worker_2,worker_2,DISK_LOAD,6.728976,0.052570,"Disk -> RAM [Model: c058df17, Layer: 052a3980]"
2557402.896147,9003,c058df17-9e88-4847-baf4-6e2c889e8d4d,worker_2,worker_2,MEM_MOVE,6.728976,0.052570,"RAM -> VRAM [Model: c058df17, Layer: 052a3980]"
2557402.946147,9003,c058df17-9e88-4847-baf4-6e2c889e8d4d,worker_2,worker_2,GPU_COMPUTE,0.050000,0.050000,GPU Compute
2557403.104147,9003,c058df17-9e88-4847-baf4-6e2c889e8d4d,worker_2,coordinator_0,NET_TRANSFER,0.000100,0.158000,Signal Finished
2558309.630070,9003,c058df17-9e88-4847-baf4-6e2c889e8d4d,coordinator_0,worker_3,NET_TRANSFER,11.329699,906.525923,Distribute Layer ID: 7883175f
2558309.718583,9003,c058df17-9e88-4847-baf4-6e2c889e8d4d,worker_3,worker_3,DISK_LOAD,11.329699,0.088513,"Disk -> RAM [Model: c058df17, Layer: 7883175f]"
2558309.807097,9003,c058df17-9e88-4847-baf4-6e2c889e8d4d,worker_3,worker_3,MEM_MOVE,11.329699,0.088513,"RAM -> VRAM [Model: c058df17, Layer: 7883175f]"
2558309.857097,9003,c058df17-9e88-4847-baf4-6e2c889e8d4d,worker_3,worker_3,GPU_COMPUTE,0.050000,0.050000,GPU Compute
2558310.015097,9003,c058df17-9e88-4847-baf4-6e2c889e8d4d,worker_3,coordinator_0,NET_TRANSFER,0.000100,0.158000,Signal Finished
2559421.932894,9003,c058df17-9e88-4847-baf4-6e2c889e8d4d,coordinator_0,worker_4,NET_TRANSFER,13.897097,1111.917797,Distribute Layer ID: 3c490d2d
2559422.041465,9003,c058df17-9e88-4847-baf4-6e2c889e8d4d,worker_4,worker_4,DISK_LOAD,13.897097,0.108571,"Disk -> RAM [Model: c058df17, Layer: 3c490d2d]"
2559422.150036,9003,c058df17-9e88-4847-baf4-6e2c889e8d4d,worker_4,worker_4,MEM_MOVE,13.897097,0.108571,"RAM -> VRAM [Model: c058df17, Layer: 3c490d2d]"
2559422.200036,9003,c058df17-9e88-4847-baf4-6e2c889e8d4d,worker_4,worker_4,GPU_COMPUTE,0.050000,0.050000,GPU Compute
2559422.358036,9003,c058df17-9e88-4847-baf4-6e2c889e8d4d,worker_4,coordinator_0,NET_TRANSFER,0.000100,0.158000,Signal Finished
2560431.321073,9003,c058df17-9e88-4847-baf4-6e2c889e8d4d,coordinator_0,worker_1,NET_TRANSFER,12.610163,1008.963037,Distribute Layer ID: 057014b4
2560431.419590,9003,c058df17-9e88-4847-baf4-6e2c889e8d4d,worker_1,worker_1,DISK_LOAD,12.610163,0.098517,"Disk -> RAM [Model: c058df17, Layer: 057014b4]"
2560431.518107,9003,c058df17-9e88-4847-baf4-6e2c889e8d4d,worker_1,worker_1,MEM_MOVE,12.610163,0.098517,"RAM -> VRAM [Model: c058df17, Layer: 057014b4]"
2560431.568107,9003,c058df17-9e88-4847-baf4-6e2c889e8d4d,worker_1,worker_1,GPU_COMPUTE,0.050000,0.050000,GPU Compute
2560431.726107,9003,c058df17-9e88-4847-baf4-6e2c889e8d4d,worker_1,coordinator_0,NET_TRANSFER,0.000100,0.158000,Signal Finished
2561072.308476,9003,c058df17-9e88-4847-baf4-6e2c889e8d4d,coordinator_0,worker_2,NET_TRANSFER,8.005405,640.582369,Distribute Layer ID: 6042a212
2561072.371018,9003,c058df17-9e88-4847-baf4-6e2c889e8d4d,worker_2,worker_2,DISK_LOAD,8.005405,0.062542,"Disk -> RAM [Model: c058df17, Layer: 6042a212]"
2561072.433560,9003,c058df17-9e88-4847-baf4-6e2c889e8d4d,worker_2,worker_2,MEM_MOVE,8.005405,0.062542,"RAM -> VRAM [Model: c058df17, Layer: 6042a212]"
2561072.483560,9003,c058df17-9e88-4847-baf4-6e2c889e8d4d,worker_2,worker_2,GPU_COMPUTE,0.050000,0.050000,GPU Compute
2561072.641560,9003,c058df17-9e88-4847-baf4-6e2c889e8d4d,worker_2,coordinator_0,NET_TRANSFER,0.000100,0.158000,Signal Finished
2561491.640688,9003,c058df17-9e88-4847-baf4-6e2c889e8d4d,coordinator_0,worker_3,NET_TRANSFER,5.235614,418.999128,Distribute Layer ID: 723aa706
2561491.681591,9003,c058df17-9e88-4847-baf4-6e2c889e8d4d,worker_3,worker_3,DISK_LOAD,5.235614,0.040903,"Disk -> RAM [Model: c058df17, Layer: 723aa706]"
2561491.722495,9003,c058df17-9e88-4847-baf4-6e2c889e8d4d,worker_3,worker_3,MEM_MOVE,5.235614,0.040903,"RAM -> VRAM [Model: c058df17, Layer: 723aa706]"
2561491.772495,9003,c058df17-9e88-4847-baf4-6e2c889e8d4d,worker_3,worker_3,GPU_COMPUTE,0.050000,0.050000,GPU Compute
2561491.930495,9003,c058df17-9e88-4847-baf4-6e2c889e8d4d,worker_3,coordinator_0,NET_TRANSFER,0.000100,0.158000,Signal Finished
2562613.443729,9003,c058df17-9e88-4847-baf4-6e2c889e8d4d,coordinator_0,worker_4,NET_TRANSFER,14.017040,1121.513235,Distribute Layer ID: aac88cd6
2562613.553237,9003,c058df17-9e88-4847-baf4-6e2c889e8d4d,worker_4,worker_4,DISK_LOAD,14.017040,0.109508,"Disk -> RAM [Model: c058df17, Layer: aac88cd6]"
2562613.662745,9003,c058df17-9e88-4847-baf4-6e2c889e8d4d,worker_4,worker_4,MEM_MOVE,14.017040,0.109508,"RAM -> VRAM [Model: c058df17, Layer: aac88cd6]"
2562613.712745,9003,c058df17-9e88-4847-baf4-6e2c889e8d4d,worker_4,worker_4,GPU_COMPUTE,0.050000,0.050000,GPU Compute
2562613.870745,9003,c058df17-9e88-4847-baf4-6e2c889e8d4d,worker_4,coordinator_0,NET_TRANSFER,0.000100,0.158000,Signal Finished
2563533.117853,9003,c058df17-9e88-4847-baf4-6e2c889e8d4d,coordinator_0,worker_1,NET_TRANSFER,11.488714,919.247107,Distribute Layer ID: f19215a1
2563533.207608,9003,c058df17-9e88-4847-baf4-6e2c889e8d4d,worker_1,worker_1,DISK_LOAD,11.488714,0.089756,"Disk -> RAM [Model: c058df17, Layer: f19215a1]"
2563533.297364,9003,c058df17-9e88-4847-baf4-6e2c889e8d4d,worker_1,worker_1,MEM_MOVE,11.488714,0.089756,"RAM -> VRAM [Model: c058df17, Layer: f19215a1]"
2563533.347364,9003,c058df17-9e88-4847-baf4-6e2c889e8d4d,worker_1,worker_1,GPU_COMPUTE,0.050000,0.050000,GPU Compute
2563533.505364,9003,c058df17-9e88-4847-baf4-6e2c889e8d4d,worker_1,coordinator_0,NET_TRANSFER,0.000100,0.158000,Signal Finished
2564068.325494,9003,c058df17-9e88-4847-baf4-6e2c889e8d4d,coordinator_0,worker_2,NET_TRANSFER,6.683377,534.820130,Distribute Layer ID: df8ffe07
2564068.377708,9003,c058df17-9e88-4847-baf4-6e2c889e8d4d,worker_2,worker_2,DISK_LOAD,6.683377,0.052214,"Disk -> RAM [Model: c058df17, Layer: df8ffe07]"
2564068.429921,9003,c058df17-9e88-4847-baf4-6e2c889e8d4d,worker_2,worker_2,MEM_MOVE,6.683377,0.052214,"RAM -> VRAM [Model: c058df17, Layer: df8ffe07]"
2564068.479921,9003,c058df17-9e88-4847-baf4-6e2c889e8d4d,worker_2,worker_2,GPU_COMPUTE,0.050000,0.050000,GPU Compute
2564068.637921,9003,c058df17-9e88-4847-baf4-6e2c889e8d4d,worker_2,coordinator_0,NET_TRANSFER,0.000100,0.158000,Signal Finished
2564794.535145,9003,c058df17-9e88-4847-baf4-6e2c889e8d4d,coordinator_0,worker_3,NET_TRANSFER,9.071840,725.897223,Distribute Layer ID: 51a2a45d
2564794.606018,9003,c058df17-9e88-4847-baf4-6e2c889e8d4d,worker_3,worker_3,DISK_LOAD,9.071840,0.070874,"Disk -> RAM [Model: c058df17, Layer: 51a2a45d]"
2564794.676892,9003,c058df17-9e88-4847-baf4-6e2c889e8d4d,worker_3,worker_3,MEM_MOVE,9.071840,0.070874,"RAM -> VRAM [Model: c058df17, Layer: 51a2a45d]"
2564794.726892,9003,c058df17-9e88-4847-baf4-6e2c889e8d4d,worker_3,worker_3,GPU_COMPUTE,0.050000,0.050000,GPU Compute
2564794.884892,9003,c058df17-9e88-4847-baf4-6e2c889e8d4d,worker_3,coordinator_0,NET_TRANSFER,0.000100,0.158000,Signal Finished
2565496.077543,9003,c058df17-9e88-4847-baf4-6e2c889e8d4d,coordinator_0,worker_4,NET_TRANSFER,8.763033,701.192651,Distribute Layer ID: 635ec905
2565496.146004,9003,c058df17-9e88-4847-baf4-6e2c889e8d4d,worker_4,worker_4,DISK_LOAD,8.763033,0.068461,"Disk -> RAM [Model: c058df17, Layer: 635ec905]"
2565496.214465,9003,c058df17-9e88-4847-baf4-6e2c889e8d4d,worker_4,worker_4,MEM_MOVE,8.763033,0.068461,"RAM -> VRAM [Model: c058df17, Layer: 635ec905]"
2565496.264465,9003,c058df17-9e88-4847-baf4-6e2c889e8d4d,worker_4,worker_4,GPU_COMPUTE,0.050000,0.050000,GPU Compute
2565496.422465,9003,c058df17-9e88-4847-baf4-6e2c889e8d4d,worker_4,coordinator_0,NET_TRANSFER,0.000100,0.158000,Signal Finished
2566625.583072,9003,c058df17-9e88-4847-baf4-6e2c889e8d4d,coordinator_0,worker_1,NET_TRANSFER,14.112633,1129.160606,Distribute Layer ID: 365eba0f
2566625.693327,9003,c058df17-9e88-4847-baf4-6e2c889e8d4d,worker_1,worker_1,DISK_LOAD,14.112633,0.110255,"Disk -> RAM [Model: c058df17, Layer: 365eba0f]"
2566625.803582,9003,c058df17-9e88-4847-baf4-6e2c889e8d4d,worker_1,worker_1,MEM_MOVE,14.112633,0.110255,"RAM -> VRAM [Model: c058df17, Layer: 365eba0f]"
2566625.853582,9003,c058df17-9e88-4847-baf4-6e2c889e8d4d,worker_1,worker_1,GPU_COMPUTE,0.050000,0.050000,GPU Compute
2566626.011582,9003,c058df17-9e88-4847-baf4-6e2c889e8d4d,worker_1,coordinator_0,NET_TRANSFER,0.000100,0.158000,Signal Finished
2567756.493822,9003,c058df17-9e88-4847-baf4-6e2c889e8d4d,coordinator_0,worker_2,NET_TRANSFER,14.129153,1130.482240,Distribute Layer ID: aedff183
2567756.604206,9003,c058df17-9e88-4847-baf4-6e2c889e8d4d,worker_2,worker_2,DISK_LOAD,14.129153,0.110384,"Disk -> RAM [Model: c058df17, Layer: aedff183]"
2567756.714590,9003,c058df17-9e88-4847-baf4-6e2c889e8d4d,worker_2,worker_2,MEM_MOVE,14.129153,0.110384,"RAM -> VRAM [Model: c058df17, Layer: aedff183]"
2567756.764590,9003,c058df17-9e88-4847-baf4-6e2c889e8d4d,worker_2,worker_2,GPU_COMPUTE,0.050000,0.050000,GPU Compute
2567756.922590,9003,c058df17-9e88-4847-baf4-6e2c889e8d4d,worker_2,coordinator_0,NET_TRANSFER,0.000100,0.158000,Signal Finished
2568455.536918,9003,c058df17-9e88-4847-baf4-6e2c889e8d4d,coordinator_0,worker_3,NET_TRANSFER,8.730804,698.614328,Distribute Layer ID: 45daa99c
2568455.605128,9003,c058df17-9e88-4847-baf4-6e2c889e8d4d,worker_3,worker_3,DISK_LOAD,8.730804,0.068209,"Disk -> RAM [Model: c058df17, Layer: 45daa99c]"
2568455.673337,9003,c058df17-9e88-4847-baf4-6e2c889e8d4d,worker_3,worker_3,MEM_MOVE,8.730804,0.068209,"RAM -> VRAM [Model: c058df17, Layer: 45daa99c]"
2568455.723337,9003,c058df17-9e88-4847-baf4-6e2c889e8d4d,worker_3,worker_3,GPU_COMPUTE,0.050000,0.050000,GPU Compute
2568455.881337,9003,c058df17-9e88-4847-baf4-6e2c889e8d4d,worker_3,coordinator_0,NET_TRANSFER,0.000100,0.158000,Signal Finished
2569414.100012,9003,c058df17-9e88-4847-baf4-6e2c889e8d4d,coordinator_0,worker_4,NET_TRANSFER,11.975858,958.218675,Distribute Layer ID: f4fca798
2569414.193573,9003,c058df17-9e88-4847-baf4-6e2c889e8d4d,worker_4,worker_4,DISK_LOAD,11.975858,0.093561,"Disk -> RAM [Model: c058df17, Layer: f4fca798]"
2569414.287135,9003,c058df17-9e88-4847-baf4-6e2c889e8d4d,worker_4,worker_4,MEM_MOVE,11.975858,0.093561,"RAM -> VRAM [Model: c058df17, Layer: f4fca798]"
2569414.337135,9003,c058df17-9e88-4847-baf4-6e2c889e8d4d,worker_4,worker_4,GPU_COMPUTE,0.050000,0.050000,GPU Compute
2569414.495135,9003,c058df17-9e88-4847-baf4-6e2c889e8d4d,worker_4,coordinator_0,NET_TRANSFER,0.000100,0.158000,Signal Finished
2570370.995867,9003,c058df17-9e88-4847-baf4-6e2c889e8d4d,coordinator_0,worker_1,NET_TRANSFER,11.954384,956.500732,Distribute Layer ID: 9cd2b48f
2570371.089261,9003,c058df17-9e88-4847-baf4-6e2c889e8d4d,worker_1,worker_1,DISK_LOAD,11.954384,0.093394,"Disk -> RAM [Model: c058df17, Layer: 9cd2b48f]"
2570371.182654,9003,c058df17-9e88-4847-baf4-6e2c889e8d4d,worker_1,worker_1,MEM_MOVE,11.954384,0.093394,"RAM -> VRAM [Model: c058df17, Layer: 9cd2b48f]"
2570371.232654,9003,c058df17-9e88-4847-baf4-6e2c889e8d4d,worker_1,worker_1,GPU_COMPUTE,0.050000,0.050000,GPU Compute
2570371.390654,9003,c058df17-9e88-4847-baf4-6e2c889e8d4d,worker_1,coordinator_0,NET_TRANSFER,0.000100,0.158000,Signal Finished
2571289.606008,9003,c058df17-9e88-4847-baf4-6e2c889e8d4d,coordinator_0,worker_2,NET_TRANSFER,11.475817,918.215354,Distribute Layer ID: 6ed50956
2571289.695663,9003,c058df17-9e88-4847-baf4-6e2c889e8d4d,worker_2,worker_2,DISK_LOAD,11.475817,0.089655,"Disk -> RAM [Model: c058df17, Layer: 6ed50956]"
2571289.785318,9003,c058df17-9e88-4847-baf4-6e2c889e8d4d,worker_2,worker_2,MEM_MOVE,11.475817,0.089655,"RAM -> VRAM [Model: c058df17, Layer: 6ed50956]"
2571289.835318,9003,c058df17-9e88-4847-baf4-6e2c889e8d4d,worker_2,worker_2,GPU_COMPUTE,0.050000,0.050000,GPU Compute
2571289.993318,9003,c058df17-9e88-4847-baf4-6e2c889e8d4d,worker_2,coordinator_0,NET_TRANSFER,0.000100,0.158000,Signal Finished
2572259.744923,9003,c058df17-9e88-4847-baf4-6e2c889e8d4d,coordinator_0,worker_3,NET_TRANSFER,12.120020,969.751605,Distribute Layer ID: 7eaaaf57
2572259.839611,9003,c058df17-9e88-4847-baf4-6e2c889e8d4d,worker_3,worker_3,DISK_LOAD,12.120020,0.094688,"Disk -> RAM [Model: c058df17, Layer: 7eaaaf57]"
2572259.934298,9003,c058df17-9e88-4847-baf4-6e2c889e8d4d,worker_3,worker_3,MEM_MOVE,12.120020,0.094688,"RAM -> VRAM [Model: c058df17, Layer: 7eaaaf57]"
2572259.984298,9003,c058df17-9e88-4847-baf4-6e2c889e8d4d,worker_3,worker_3,GPU_COMPUTE,0.050000,0.050000,GPU Compute
2572260.142298,9003,c058df17-9e88-4847-baf4-6e2c889e8d4d,worker_3,coordinator_0,NET_TRANSFER,0.000100,0.158000,Signal Finished
2573270.264434,9003,c058df17-9e88-4847-baf4-6e2c889e8d4d,coordinator_0,worker_4,NET_TRANSFER,12.624652,1010.122136,Distribute Layer ID: a09e4031
2573270.363064,9003,c058df17-9e88-4847-baf4-6e2c889e8d4d,worker_4,worker_4,DISK_LOAD,12.624652,0.098630,"Disk -> RAM [Model: c058df17, Layer: a09e4031]"
2573270.461695,9003,c058df17-9e88-4847-baf4-6e2c889e8d4d,worker_4,worker_4,MEM_MOVE,12.624652,0.098630,"RAM -> VRAM [Model: c058df17, Layer: a09e4031]"
2573270.511695,9003,c058df17-9e88-4847-baf4-6e2c889e8d4d,worker_4,worker_4,GPU_COMPUTE,0.050000,0.050000,GPU Compute
2573270.669695,9003,c058df17-9e88-4847-baf4-6e2c889e8d4d,worker_4,coordinator_0,NET_TRANSFER,0.000100,0.158000,Signal Finished
2573768.557590,9003,c058df17-9e88-4847-baf4-6e2c889e8d4d,coordinator_0,worker_1,NET_TRANSFER,6.221724,497.887896,Distribute Layer ID: 6af78de5
2573768.606198,9003,c058df17-9e88-4847-baf4-6e2c889e8d4d,worker_1,worker_1,DISK_LOAD,6.221724,0.048607,"Disk -> RAM [Model: c058df17, Layer: 6af78de5]"
2573768.654805,9003,c058df17-9e88-4847-baf4-6e2c889e8d4d,worker_1,worker_1,MEM_MOVE,6.221724,0.048607,"RAM -> VRAM [Model: c058df17, Layer: 6af78de5]"
2573768.704805,9003,c058df17-9e88-4847-baf4-6e2c889e8d4d,worker_1,worker_1,GPU_COMPUTE,0.050000,0.050000,GPU Compute
2573768.862805,9003,c058df17-9e88-4847-baf4-6e2c889e8d4d,worker_1,coordinator_0,NET_TRANSFER,0.000100,0.158000,Signal Finished
2574412.709602,9003,c058df17-9e88-4847-baf4-6e2c889e8d4d,coordinator_0,worker_2,NET_TRANSFER,8.046210,643.846797,Distribute Layer ID: e7ca5181
2574412.772463,9003,c058df17-9e88-4847-baf4-6e2c889e8d4d,worker_2,worker_2,DISK_LOAD,8.046210,0.062861,"Disk -> RAM [Model: c058df17, Layer: e7ca5181]"
2574412.835324,9003,c058df17-9e88-4847-baf4-6e2c889e8d4d,worker_2,worker_2,MEM_MOVE,8.046210,0.062861,"RAM -> VRAM [Model: c058df17, Layer: e7ca5181]"
2574412.885324,9003,c058df17-9e88-4847-baf4-6e2c889e8d4d,worker_2,worker_2,GPU_COMPUTE,0.050000,0.050000,GPU Compute
2574413.043324,9003,c058df17-9e88-4847-baf4-6e2c889e8d4d,worker_2,coordinator_0,NET_TRANSFER,0.000100,0.158000,Signal Finished
2575364.863175,9003,c058df17-9e88-4847-baf4-6e2c889e8d4d,coordinator_0,worker_3,NET_TRANSFER,11.895873,951.819851,Distribute Layer ID: 73076d1f
2575364.956111,9003,c058df17-9e88-4847-baf4-6e2c889e8d4d,worker_3,worker_3,DISK_LOAD,11.895873,0.092937,"Disk -> RAM [Model: c058df17, Layer: 73076d1f]"
2575365.049048,9003,c058df17-9e88-4847-baf4-6e2c889e8d4d,worker_3,worker_3,MEM_MOVE,11.895873,0.092937,"RAM -> VRAM [Model: c058df17, Layer: 73076d1f]"
2575365.099048,9003,c058df17-9e88-4847-baf4-6e2c889e8d4d,worker_3,worker_3,GPU_COMPUTE,0.050000,0.050000,GPU Compute
2575365.257048,9003,c058df17-9e88-4847-baf4-6e2c889e8d4d,worker_3,coordinator_0,NET_TRANSFER,0.000100,0.158000,Signal Finished
2575834.273059,5000,334a2444-41d5-4755-9f47-d94f7c2a58be,coordinator_0,worker_4,NET_TRANSFER,5.860825,469.016011,Distribute Layer ID: b858ead5
2575834.318846,5000,334a2444-41d5-4755-9f47-d94f7c2a58be,worker_4,worker_4,DISK_LOAD,5.860825,0.045788,"Disk -> RAM [Model: 334a2444, Layer: b858ead5]"
2575834.364634,5000,334a2444-41d5-4755-9f47-d94f7c2a58be,worker_4,worker_4,MEM_MOVE,5.860825,0.045788,"RAM -> VRAM [Model: 334a2444, Layer: b858ead5]"
2575834.414634,5000,334a2444-41d5-4755-9f47-d94f7c2a58be,worker_4,worker_4,GPU_COMPUTE,0.050000,0.050000,GPU Compute
2575834.572634,5000,334a2444-41d5-4755-9f47-d94f7c2a58be,worker_4,coordinator_0,NET_TRANSFER,0.000100,0.158000,Signal Finished
2576623.971886,5000,334a2444-41d5-4755-9f47-d94f7c2a58be,coordinator_0,worker_1,NET_TRANSFER,9.865616,789.399252,Distribute Layer ID: 5d358473
2576624.048961,5000,334a2444-41d5-4755-9f47-d94f7c2a58be,worker_1,worker_1,DISK_LOAD,9.865616,0.077075,"Disk -> RAM [Model: 334a2444, Layer: 5d358473]"
2576624.126036,5000,334a2444-41d5-4755-9f47-d94f7c2a58be,worker_1,worker_1,MEM_MOVE,9.865616,0.077075,"RAM -> VRAM [Model: 334a2444, Layer: 5d358473]"
2576624.176036,5000,334a2444-41d5-4755-9f47-d94f7c2a58be,worker_1,worker_1,GPU_COMPUTE,0.050000,0.050000,GPU Compute
2576624.334036,5000,334a2444-41d5-4755-9f47-d94f7c2a58be,worker_1,coordinator_0,NET_TRANSFER,0.000100,0.158000,Signal Finished
2577123.607866,5000,334a2444-41d5-4755-9f47-d94f7c2a58be,coordinator_0,worker_2,NET_TRANSFER,6.239048,499.273830,Distribute Layer ID: eb12892c
2577123.656609,5000,334a2444-41d5-4755-9f47-d94f7c2a58be,worker_2,worker_2,DISK_LOAD,6.239048,0.048743,"Disk -> RAM [Model: 334a2444, Layer: eb12892c]"
2577123.705351,5000,334a2444-41d5-4755-9f47-d94f7c2a58be,worker_2,worker_2,MEM_MOVE,6.239048,0.048743,"RAM -> VRAM [Model: 334a2444, Layer: eb12892c]"
2577123.755351,5000,334a2444-41d5-4755-9f47-d94f7c2a58be,worker_2,worker_2,GPU_COMPUTE,0.050000,0.050000,GPU Compute
2577123.913351,5000,334a2444-41d5-4755-9f47-d94f7c2a58be,worker_2,coordinator_0,NET_TRANSFER,0.000100,0.158000,Signal Finished
2578071.731039,5000,334a2444-41d5-4755-9f47-d94f7c2a58be,coordinator_0,worker_3,NET_TRANSFER,11.845846,947.817688,Distribute Layer ID: a1d96d92
2578071.823585,5000,334a2444-41d5-4755-9f47-d94f7c2a58be,worker_3,worker_3,DISK_LOAD,11.845846,0.092546,"Disk -> RAM [Model: 334a2444, Layer: a1d96d92]"
2578071.916130,5000,334a2444-41d5-4755-9f47-d94f7c2a58be,worker_3,worker_3,MEM_MOVE,11.845846,0.092546,"RAM -> VRAM [Model: 334a2444, Layer: a1d96d92]"
2578071.966130,5000,334a2444-41d5-4755-9f47-d94f7c2a58be,worker_3,worker_3,GPU_COMPUTE,0.050000,0.050000,GPU Compute
2578072.124130,5000,334a2444-41d5-4755-9f47-d94f7c2a58be,worker_3,coordinator_0,NET_TRANSFER,0.000100,0.158000,Signal Finished
2578685.130714,5000,334a2444-41d5-4755-9f47-d94f7c2a58be,coordinator_0,worker_4,NET_TRANSFER,7.660707,613.006583,Distribute Layer ID: 2998aa08
2578685.190563,5000,334a2444-41d5-4755-9f47-d94f7c2a58be,worker_4,worker_4,DISK_LOAD,7.660707,0.059849,"Disk -> RAM [Model: 334a2444, Layer: 2998aa08]"
2578685.250412,5000,334a2444-41d5-4755-9f47-d94f7c2a58be,worker_4,worker_4,MEM_MOVE,7.660707,0.059849,"RAM -> VRAM [Model: 334a2444, Layer: 2998aa08]"
2578685.300412,5000,334a2444-41d5-4755-9f47-d94f7c2a58be,worker_4,worker_4,GPU_COMPUTE,0.050000,0.050000,GPU Compute
2578685.458412,5000,334a2444-41d5-4755-9f47-d94f7c2a58be,worker_4,coordinator_0,NET_TRANSFER,0.000100,0.158000,Signal Finished
2579111.978402,5000,334a2444-41d5-4755-9f47-d94f7c2a58be,coordinator_0,worker_1,NET_TRANSFER,5.329625,426.519990,Distribute Layer ID: 7782e16c
2579112.020040,5000,334a2444-41d5-4755-9f47-d94f7c2a58be,worker_1,worker_1,DISK_LOAD,5.329625,0.041638,"Disk -> RAM [Model: 334a2444, Layer: 7782e16c]"
2579112.061677,5000,334a2444-41d5-4755-9f47-d94f7c2a58be,worker_1,worker_1,MEM_MOVE,5.329625,0.041638,"RAM -> VRAM [Model: 334a2444, Layer: 7782e16c]"
2579112.111677,5000,334a2444-41d5-4755-9f47-d94f7c2a58be,worker_1,worker_1,GPU_COMPUTE,0.050000,0.050000,GPU Compute
2579112.269677,5000,334a2444-41d5-4755-9f47-d94f7c2a58be,worker_1,coordinator_0,NET_TRANSFER,0.000100,0.158000,Signal Finished
2579616.359711,5000,334a2444-41d5-4755-9f47-d94f7c2a58be,coordinator_0,worker_2,NET_TRANSFER,6.299250,504.090034,Distribute Layer ID: 07ea7bef
2579616.408924,5000,334a2444-41d5-4755-9f47-d94f7c2a58be,worker_2,worker_2,DISK_LOAD,6.299250,0.049213,"Disk -> RAM [Model: 334a2444, Layer: 07ea7bef]"
2579616.458137,5000,334a2444-41d5-4755-9f47-d94f7c2a58be,worker_2,worker_2,MEM_MOVE,6.299250,0.049213,"RAM -> VRAM [Model: 334a2444, Layer: 07ea7bef]"
2579616.508137,5000,334a2444-41d5-4755-9f47-d94f7c2a58be,worker_2,worker_2,GPU_COMPUTE,0.050000,0.050000,GPU Compute
2579616.666137,5000,334a2444-41d5-4755-9f47-d94f7c2a58be,worker_2,coordinator_0,NET_TRANSFER,0.000100,0.158000,Signal Finished
2580433.946545,5000,334a2444-41d5-4755-9f47-d94f7c2a58be,coordinator_0,worker_3,NET_TRANSFER,10.214130,817.280408,Distribute Layer ID: a1e45463
2580434.026343,5000,334a2444-41d5-4755-9f47-d94f7c2a58be,worker_3,worker_3,DISK_LOAD,10.214130,0.079798,"Disk -> RAM [Model: 334a2444, Layer: a1e45463]"
2580434.106140,5000,334a2444-41d5-4755-9f47-d94f7c2a58be,worker_3,worker_3,MEM_MOVE,10.214130,0.079798,"RAM -> VRAM [Model: 334a2444, Layer: a1e45463]"
2580434.156140,5000,334a2444-41d5-4755-9f47-d94f7c2a58be,worker_3,worker_3,GPU_COMPUTE,0.050000,0.050000,GPU Compute
2580434.314140,5000,334a2444-41d5-4755-9f47-d94f7c2a58be,worker_3,coordinator_0,NET_TRANSFER,0.000100,0.158000,Signal Finished
2581320.238275,5000,334a2444-41d5-4755-9f47-d94f7c2a58be,coordinator_0,worker_4,NET_TRANSFER,11.072177,885.924135,Distribute Layer ID: 2f1c2c2c
2581320.324776,5000,334a2444-41d5-4755-9f47-d94f7c2a58be,worker_4,worker_4,DISK_LOAD,11.072177,0.086501,"Disk -> RAM [Model: 334a2444, Layer: 2f1c2c2c]"
2581320.411278,5000,334a2444-41d5-4755-9f47-d94f7c2a58be,worker_4,worker_4,MEM_MOVE,11.072177,0.086501,"RAM -> VRAM [Model: 334a2444, Layer: 2f1c2c2c]"
2581320.461278,5000,334a2444-41d5-4755-9f47-d94f7c2a58be,worker_4,worker_4,GPU_COMPUTE,0.050000,0.050000,GPU Compute
2581320.619278,5000,334a2444-41d5-4755-9f47-d94f7c2a58be,worker_4,coordinator_0,NET_TRANSFER,0.000100,0.158000,Signal Finished
2582285.315917,5000,334a2444-41d5-4755-9f47-d94f7c2a58be,coordinator_0,worker_1,NET_TRANSFER,12.056833,964.696639,Distribute Layer ID: 05089091
2582285.410111,5000,334a2444-41d5-4755-9f47-d94f7c2a58be,worker_1,worker_1,DISK_LOAD,12.056833,0.094194,"Disk -> RAM [Model: 334a2444, Layer: 05089091]"
2582285.504305,5000,334a2444-41d5-4755-9f47-d94f7c2a58be,worker_1,worker_1,MEM_MOVE,12.056833,0.094194,"RAM -> VRAM [Model: 334a2444, Layer: 05089091]"
2582285.554305,5000,334a2444-41d5-4755-9f47-d94f7c2a58be,worker_1,worker_1,GPU_COMPUTE,0.050000,0.050000,GPU Compute
2582285.712305,5000,334a2444-41d5-4755-9f47-d94f7c2a58be,worker_1,coordinator_0,NET_TRANSFER,0.000100,0.158000,Signal Finished
2582700.272356,5000,334a2444-41d5-4755-9f47-d94f7c2a58be,coordinator_0,worker_2,NET_TRANSFER,5.180126,414.560052,Distribute Layer ID: 5868d9d3
2582700.312826,5000,334a2444-41d5-4755-9f47-d94f7c2a58be,worker_2,worker_2,DISK_LOAD,5.180126,0.040470,"Disk -> RAM [Model: 334a2444, Layer: 5868d9d3]"
2582700.353296,5000,334a2444-41d5-4755-9f47-d94f7c2a58be,worker_2,worker_2,MEM_MOVE,5.180126,0.040470,"RAM -> VRAM [Model: 334a2444, Layer: 5868d9d3]"
2582700.403296,5000,334a2444-41d5-4755-9f47-d94f7c2a58be,worker_2,worker_2,GPU_COMPUTE,0.050000,0.050000,GPU Compute
2582700.561296,5000,334a2444-41d5-4755-9f47-d94f7c2a58be,worker_2,coordinator_0,NET_TRANSFER,0.000100,0.158000,Signal Finished
2583295.177130,5000,334a2444-41d5-4755-9f47-d94f7c2a58be,coordinator_0,worker_3,NET_TRANSFER,7.430823,594.615834,Distribute Layer ID: 7b779e46
2583295.235183,5000,334a2444-41d5-4755-9f47-d94f7c2a58be,worker_3,worker_3,DISK_LOAD,7.430823,0.058053,"Disk -> RAM [Model: 334a2444, Layer: 7b779e46]"
2583295.293237,5000,334a2444-41d5-4755-9f47-d94f7c2a58be,worker_3,worker_3,MEM_MOVE,7.430823,0.058053,"RAM -> VRAM [Model: 334a2444, Layer: 7b779e46]"
2583295.343237,5000,334a2444-41d5-4755-9f47-d94f7c2a58be,worker_3,worker_3,GPU_COMPUTE,0.050000,0.050000,GPU Compute
2583295.501237,5000,334a2444-41d5-4755-9f47-d94f7c2a58be,worker_3,coordinator_0,NET_TRANSFER,0.000100,0.158000,Signal Finished
2584425.210086,5000,334a2444-41d5-4755-9f47-d94f7c2a58be,coordinator_0,worker_4,NET_TRANSFER,14.119486,1129.708850,Distribute Layer ID: ebf5d2bd
2584425.320395,5000,334a2444-41d5-4755-9f47-d94f7c2a58be,worker_4,worker_4,DISK_LOAD,14.119486,0.110308,"Disk -> RAM [Model: 334a2444, Layer: ebf5d2bd]"
2584425.430703,5000,334a2444-41d5-4755-9f47-d94f7c2a58be,worker_4,worker_4,MEM_MOVE,14.119486,0.110308,"RAM -> VRAM [Model: 334a2444, Layer: ebf5d2bd]"
2584425.480703,5000,334a2444-41d5-4755-9f47-d94f7c2a58be,worker_4,worker_4,GPU_COMPUTE,0.050000,0.050000,GPU Compute
2584425.638703,5000,334a2444-41d5-4755-9f47-d94f7c2a58be,worker_4,coordinator_0,NET_TRANSFER,0.000100,0.158000,Signal Finished
2584800.921660,5000,334a2444-41d5-4755-9f47-d94f7c2a58be,coordinator_0,worker_1,NET_TRANSFER,4.689162,375.282957,Distribute Layer ID: f45fe135
2584800.958294,5000,334a2444-41d5-4755-9f47-d94f7c2a58be,worker_1,worker_1,DISK_LOAD,4.689162,0.036634,"Disk -> RAM [Model: 334a2444, Layer: f45fe135]"
2584800.994928,5000,334a2444-41d5-4755-9f47-d94f7c2a58be,worker_1,worker_1,MEM_MOVE,4.689162,0.036634,"RAM -> VRAM [Model: 334a2444, Layer: f45fe135]"
2584801.044928,5000,334a2444-41d5-4755-9f47-d94f7c2a58be,worker_1,worker_1,GPU_COMPUTE,0.050000,0.050000,GPU Compute
2584801.202928,5000,334a2444-41d5-4755-9f47-d94f7c2a58be,worker_1,coordinator_0,NET_TRANSFER,0.000100,0.158000,Signal Finished
2585588.006715,5000,334a2444-41d5-4755-9f47-d94f7c2a58be,coordinator_0,worker_2,NET_TRANSFER,9.833172,786.803787,Distribute Layer ID: 93c3969a
2585588.083537,5000,334a2444-41d5-4755-9f47-d94f7c2a58be,worker_2,worker_2,DISK_LOAD,9.833172,0.076822,"Disk -> RAM [Model: 334a2444, Layer: 93c3969a]"
2585588.160358,5000,334a2444-41d5-4755-9f47-d94f7c2a58be,worker_2,worker_2,MEM_MOVE,9.833172,0.076822,"RAM -> VRAM [Model: 334a2444, Layer: 93c3969a]"
2585588.210358,5000,334a2444-41d5-4755-9f47-d94f7c2a58be,worker_2,worker_2,GPU_COMPUTE,0.050000,0.050000,GPU Compute
2585588.368358,5000,334a2444-41d5-4755-9f47-d94f7c2a58be,worker_2,coordinator_0,NET_TRANSFER,0.000100,0.158000,Signal Finished
2586027.213335,5000,334a2444-41d5-4755-9f47-d94f7c2a58be,coordinator_0,worker_3,NET_TRANSFER,5.483687,438.844976,Distribute Layer ID: e91639d2
2586027.256176,5000,334a2444-41d5-4755-9f47-d94f7c2a58be,worker_3,worker_3,DISK_LOAD,5.483687,0.042841,"Disk -> RAM [Model: 334a2444, Layer: e91639d2]"
2586027.299017,5000,334a2444-41d5-4755-9f47-d94f7c2a58be,worker_3,worker_3,MEM_MOVE,5.483687,0.042841,"RAM -> VRAM [Model: 334a2444, Layer: e91639d2]"
2586027.349017,5000,334a2444-41d5-4755-9f47-d94f7c2a58be,worker_3,worker_3,GPU_COMPUTE,0.050000,0.050000,GPU Compute
2586027.507017,5000,334a2444-41d5-4755-9f47-d94f7c2a58be,worker_3,coordinator_0,NET_TRANSFER,0.000100,0.158000,Signal Finished
2587057.614106,5000,334a2444-41d5-4755-9f47-d94f7c2a58be,coordinator_0,worker_4,NET_TRANSFER,12.874464,1030.107088,Distribute Layer ID: 1c513ca4
2587057.714688,5000,334a2444-41d5-4755-9f47-d94f7c2a58be,worker_4,worker_4,DISK_LOAD,12.874464,0.100582,"Disk -> RAM [Model: 334a2444, Layer: 1c513ca4]"
2587057.815269,5000,334a2444-41d5-4755-9f47-d94f7c2a58be,worker_4,worker_4,MEM_MOVE,12.874464,0.100582,"RAM -> VRAM [Model: 334a2444, Layer: 1c513ca4]"
2587057.865269,5000,334a2444-41d5-4755-9f47-d94f7c2a58be,worker_4,worker_4,GPU_COMPUTE,0.050000,0.050000,GPU Compute
2587058.023269,5000,334a2444-41d5-4755-9f47-d94f7c2a58be,worker_4,coordinator_0,NET_TRANSFER,0.000100,0.158000,Signal Finished
2587518.108110,5000,334a2444-41d5-4755-9f47-d94f7c2a58be,coordinator_0,worker_1,NET_TRANSFER,5.749186,460.084841,Distribute Layer ID: 2eceaec2
2587518.153025,5000,334a2444-41d5-4755-9f47-d94f7c2a58be,worker_1,worker_1,DISK_LOAD,5.749186,0.044916,"Disk -> RAM [Model: 334a2444, Layer: 2eceaec2]"
2587518.197941,5000,334a2444-41d5-4755-9f47-d94f7c2a58be,worker_1,worker_1,MEM_MOVE,5.749186,0.044916,"RAM -> VRAM [Model: 334a2444, Layer: 2eceaec2]"
2587518.247941,5000,334a2444-41d5-4755-9f47-d94f7c2a58be,worker_1,worker_1,GPU_COMPUTE,0.050000,0.050000,GPU Compute
2587518.405941,5000,334a2444-41d5-4755-9f47-d94f7c2a58be,worker_1,coordinator_0,NET_TRANSFER,0.000100,0.158000,Signal Finished
2588159.352136,5000,334a2444-41d5-4755-9f47-d94f7c2a58be,coordinator_0,worker_2,NET_TRANSFER,8.009952,640.946195,Distribute Layer ID: 128be19d
2588159.414714,5000,334a2444-41d5-4755-9f47-d94f7c2a58be,worker_2,worker_2,DISK_LOAD,8.009952,0.062578,"Disk -> RAM [Model: 334a2444, Layer: 128be19d]"
2588159.477292,5000,334a2444-41d5-4755-9f47-d94f7c2a58be,worker_2,worker_2,MEM_MOVE,8.009952,0.062578,"RAM -> VRAM [Model: 334a2444, Layer: 128be19d]"
2588159.527292,5000,334a2444-41d5-4755-9f47-d94f7c2a58be,worker_2,worker_2,GPU_COMPUTE,0.050000,0.050000,GPU Compute
2588159.685292,5000,334a2444-41d5-4755-9f47-d94f7c2a58be,worker_2,coordinator_0,NET_TRANSFER,0.000100,0.158000,Signal Finished
2588693.408873,5000,334a2444-41d5-4755-9f47-d94f7c2a58be,coordinator_0,worker_3,NET_TRANSFER,6.669670,533.723582,Distribute Layer ID: b7834245
2588693.460980,5000,334a2444-41d5-4755-9f47-d94f7c2a58be,worker_3,worker_3,DISK_LOAD,6.669670,0.052107,"Disk -> RAM [Model: 334a2444, Layer: b7834245]"
2588693.513087,5000,334a2444-41d5-4755-9f47-d94f7c2a58be,worker_3,worker_3,MEM_MOVE,6.669670,0.052107,"RAM -> VRAM [Model: 334a2444, Layer: b7834245]"
2588693.563087,5000,334a2444-41d5-4755-9f47-d94f7c2a58be,worker_3,worker_3,GPU_COMPUTE,0.050000,0.050000,GPU Compute
2588693.721087,5000,334a2444-41d5-4755-9f47-d94f7c2a58be,worker_3,coordinator_0,NET_TRANSFER,0.000100,0.158000,Signal Finished
2589890.624542,5000,334a2444-41d5-4755-9f47-d94f7c2a58be,coordinator_0,worker_4,NET_TRANSFER,14.959418,1196.903455,Distribute Layer ID: 6216d860
2589890.741413,5000,334a2444-41d5-4755-9f47-d94f7c2a58be,worker_4,worker_4,DISK_LOAD,14.959418,0.116870,"Disk -> RAM [Model: 334a2444, Layer: 6216d860]"
2589890.858283,5000,334a2444-41d5-4755-9f47-d94f7c2a58be,worker_4,worker_4,MEM_MOVE,14.959418,0.116870,"RAM -> VRAM [Model: 334a2444, Layer: 6216d860]"
2589890.908283,5000,334a2444-41d5-4755-9f47-d94f7c2a58be,worker_4,worker_4,GPU_COMPUTE,0.050000,0.050000,GPU Compute
2589891.066283,5000,334a2444-41d5-4755-9f47-d94f7c2a58be,worker_4,coordinator_0,NET_TRANSFER,0.000100,0.158000,Signal Finished
2590333.462691,5000,334a2444-41d5-4755-9f47-d94f7c2a58be,coordinator_0,worker_1,NET_TRANSFER,5.528080,442.396408,Distribute Layer ID: d91d885b
2590333.505879,5000,334a2444-41d5-4755-9f47-d94f7c2a58be,worker_1,worker_1,DISK_LOAD,5.528080,0.043188,"Disk -> RAM [Model: 334a2444, Layer: d91d885b]"
2590333.549067,5000,334a2444-41d5-4755-9f47-d94f7c2a58be,worker_1,worker_1,MEM_MOVE,5.528080,0.043188,"RAM -> VRAM [Model: 334a2444, Layer: d91d885b]"
2590333.599067,5000,334a2444-41d5-4755-9f47-d94f7c2a58be,worker_1,worker_1,GPU_COMPUTE,0.050000,0.050000,GPU Compute
2590333.757067,5000,334a2444-41d5-4755-9f47-d94f7c2a58be,worker_1,coordinator_0,NET_TRANSFER,0.000100,0.158000,Signal Finished
2591013.461234,5000,334a2444-41d5-4755-9f47-d94f7c2a58be,coordinator_0,worker_2,NET_TRANSFER,8.494427,679.704167,Distribute Layer ID: 4fec6672
2591013.527597,5000,334a2444-41d5-4755-9f47-d94f7c2a58be,worker_2,worker_2,DISK_LOAD,8.494427,0.066363,"Disk -> RAM [Model: 334a2444, Layer: 4fec6672]"
2591013.593960,5000,334a2444-41d5-4755-9f47-d94f7c2a58be,worker_2,worker_2,MEM_MOVE,8.494427,0.066363,"RAM -> VRAM [Model: 334a2444, Layer: 4fec6672]"
2591013.643960,5000,334a2444-41d5-4755-9f47-d94f7c2a58be,worker_2,worker_2,GPU_COMPUTE,0.050000,0.050000,GPU Compute
2591013.801960,5000,334a2444-41d5-4755-9f47-d94f7c2a58be,worker_2,coordinator_0,NET_TRANSFER,0.000100,0.158000,Signal Finished
2591447.867327,5000,334a2444-41d5-4755-9f47-d94f7c2a58be,coordinator_0,worker_3,NET_TRANSFER,5.423942,434.065367,Distribute Layer ID: 7930db69
2591447.909702,5000,334a2444-41d5-4755-9f47-d94f7c2a58be,worker_3,worker_3,DISK_LOAD,5.423942,0.042375,"Disk -> RAM [Model: 334a2444, Layer: 7930db69]"
2591447.952076,5000,334a2444-41d5-4755-9f47-d94f7c2a58be,worker_3,worker_3,MEM_MOVE,5.423942,0.042375,"RAM -> VRAM [Model: 334a2444, Layer: 7930db69]"
2591448.002076,5000,334a2444-41d5-4755-9f47-d94f7c2a58be,worker_3,worker_3,GPU_COMPUTE,0.050000,0.050000,GPU Compute
2591448.160076,5000,334a2444-41d5-4755-9f47-d94f7c2a58be,worker_3,coordinator_0,NET_TRANSFER,0.000100,0.158000,Signal Finished
2592313.246555,5000,334a2444-41d5-4755-9f47-d94f7c2a58be,coordinator_0,worker_4,NET_TRANSFER,10.811706,865.086479,Distribute Layer ID: 25b3fa01
2592313.331021,5000,334a2444-41d5-4755-9f47-d94f7c2a58be,worker_4,worker_4,DISK_LOAD,10.811706,0.084466,"Disk -> RAM [Model: 334a2444, Layer: 25b3fa01]"
2592313.415488,5000,334a2444-41d5-4755-9f47-d94f7c2a58be,worker_4,worker_4,MEM_MOVE,10.811706,0.084466,"RAM -> VRAM [Model: 334a2444, Layer: 25b3fa01]"
2592313.465488,5000,334a2444-41d5-4755-9f47-d94f7c2a58be,worker_4,worker_4,GPU_COMPUTE,0.050000,0.050000,GPU Compute
2592313.623488,5000,334a2444-41d5-4755-9f47-d94f7c2a58be,worker_4,coordinator_0,NET_TRANSFER,0.000100,0.158000,Signal Finished
2592988.677222,5000,334a2444-41d5-4755-9f47-d94f7c2a58be,coordinator_0,worker_1,NET_TRANSFER,8.436297,675.053735,Distribute Layer ID: 2eaed4a0
2592988.743131,5000,334a2444-41d5-4755-9f47-d94f7c2a58be,worker_1,worker_1,DISK_LOAD,8.436297,0.065909,"Disk -> RAM [Model: 334a2444, Layer: 2eaed4a0]"
2592988.809040,5000,334a2444-41d5-4755-9f47-d94f7c2a58be,worker_1,worker_1,MEM_MOVE,8.436297,0.065909,"RAM -> VRAM [Model: 334a2444, Layer: 2eaed4a0]"
2592988.859040,5000,334a2444-41d5-4755-9f47-d94f7c2a58be,worker_1,worker_1,GPU_COMPUTE,0.050000,0.050000,GPU Compute
2592989.017040,5000,334a2444-41d5-4755-9f47-d94f7c2a58be,worker_1,coordinator_0,NET_TRANSFER,0.000100,0.158000,Signal Finished
2593475.076272,5000,334a2444-41d5-4755-9f47-d94f7c2a58be,coordinator_0,worker_2,NET_TRANSFER,6.073865,486.059232,Distribute Layer ID: 27b9e9ec
2593475.123724,5000,334a2444-41d5-4755-9f47-d94f7c2a58be,worker_2,worker_2,DISK_LOAD,6.073865,0.047452,"Disk -> RAM [Model: 334a2444, Layer: 27b9e9ec]"
2593475.171176,5000,334a2444-41d5-4755-9f47-d94f7c2a58be,worker_2,worker_2,MEM_MOVE,6.073865,0.047452,"RAM -> VRAM [Model: 334a2444, Layer: 27b9e9ec]"
2593475.221176,5000,334a2444-41d5-4755-9f47-d94f7c2a58be,worker_2,worker_2,GPU_COMPUTE,0.050000,0.050000,GPU Compute
2593475.379176,5000,334a2444-41d5-4755-9f47-d94f7c2a58be,worker_2,coordinator_0,NET_TRANSFER,0.000100,0.158000,Signal Finished
2594466.031897,5000,334a2444-41d5-4755-9f47-d94f7c2a58be,coordinator_0,worker_3,NET_TRANSFER,12.381284,990.652722,Distribute Layer ID: 0c660ff6
2594466.128626,5000,334a2444-41d5-4755-9f47-d94f7c2a58be,worker_3,worker_3,DISK_LOAD,12.381284,0.096729,"Disk -> RAM [Model: 334a2444, Layer: 0c660ff6]"
2594466.225355,5000,334a2444-41d5-4755-9f47-d94f7c2a58be,worker_3,worker_3,MEM_MOVE,12.381284,0.096729,"RAM -> VRAM [Model: 334a2444, Layer: 0c660ff6]"
2594466.275355,5000,334a2444-41d5-4755-9f47-d94f7c2a58be,worker_3,worker_3,GPU_COMPUTE,0.050000,0.050000,GPU Compute
2594466.433355,5000,334a2444-41d5-4755-9f47-d94f7c2a58be,worker_3,coordinator_0,NET_TRANSFER,0.000100,0.158000,Signal Finished
2595163.412175,5000,334a2444-41d5-4755-9f47-d94f7c2a58be,coordinator_0,worker_4,NET_TRANSFER,8.710360,696.978821,Distribute Layer ID: 8234c54e
2595163.480225,5000,334a2444-41d5-4755-9f47-d94f7c2a58be,worker_4,worker_4,DISK_LOAD,8.710360,0.068050,"Disk -> RAM [Model: 334a2444, Layer: 8234c54e]"
2595163.548275,5000,334a2444-41d5-4755-9f47-d94f7c2a58be,worker_4,worker_4,MEM_MOVE,8.710360,0.068050,"RAM -> VRAM [Model: 334a2444, Layer: 8234c54e]"
2595163.598275,5000,334a2444-41d5-4755-9f47-d94f7c2a58be,worker_4,worker_4,GPU_COMPUTE,0.050000,0.050000,GPU Compute
2595163.756275,5000,334a2444-41d5-4755-9f47-d94f7c2a58be,worker_4,coordinator_0,NET_TRANSFER,0.000100,0.158000,Signal Finished
2596280.270343,5000,334a2444-41d5-4755-9f47-d94f7c2a58be,coordinator_0,worker_1,NET_TRANSFER,13.954551,1116.514068,Distribute Layer ID: 62d0a058
2596280.379363,5000,334a2444-41d5-4755-9f47-d94f7c2a58be,worker_1,worker_1,DISK_LOAD,13.954551,0.109020,"Disk -> RAM [Model: 334a2444, Layer: 62d0a058]"
2596280.488383,5000,334a2444-41d5-4755-9f47-d94f7c2a58be,worker_1,worker_1,MEM_MOVE,13.954551,0.109020,"RAM -> VRAM [Model: 334a2444, Layer: 62d0a058]"
2596280.538383,5000,334a2444-41d5-4755-9f47-d94f7c2a58be,worker_1,worker_1,GPU_COMPUTE,0.050000,0.050000,GPU Compute
2596280.696383,5000,334a2444-41d5-4755-9f47-d94f7c2a58be,worker_1,coordinator_0,NET_TRANSFER,0.000100,0.158000,Signal Finished
2597230.214149,5000,334a2444-41d5-4755-9f47-d94f7c2a58be,coordinator_0,worker_2,NET_TRANSFER,11.867097,949.517766,Distribute Layer ID: b0202e08
2597230.306861,5000,334a2444-41d5-4755-9f47-d94f7c2a58be,worker_2,worker_2,DISK_LOAD,11.867097,0.092712,"Disk -> RAM [Model: 334a2444, Layer: b0202e08]"
2597230.399572,5000,334a2444-41d5-4755-9f47-d94f7c2a58be,worker_2,worker_2,MEM_MOVE,11.867097,0.092712,"RAM -> VRAM [Model: 334a2444, Layer: b0202e08]"
2597230.449572,5000,334a2444-41d5-4755-9f47-d94f7c2a58be,worker_2,worker_2,GPU_COMPUTE,0.050000,0.050000,GPU Compute
2597230.607572,5000,334a2444-41d5-4755-9f47-d94f7c2a58be,worker_2,coordinator_0,NET_TRANSFER,0.000100,0.158000,Signal Finished
2597756.484543,5000,334a2444-41d5-4755-9f47-d94f7c2a58be,coordinator_0,worker_3,NET_TRANSFER,6.571587,525.876970,Distribute Layer ID: 5011c118
2597756.535883,5000,334a2444-41d5-4755-9f47-d94f7c2a58be,worker_3,worker_3,DISK_LOAD,6.571587,0.051341,"Disk -> RAM [Model: 334a2444, Layer: 5011c118]"
2597756.587224,5000,334a2444-41d5-4755-9f47-d94f7c2a58be,worker_3,worker_3,MEM_MOVE,6.571587,0.051341,"RAM -> VRAM [Model: 334a2444, Layer: 5011c118]"
2597756.637224,5000,334a2444-41d5-4755-9f47-d94f7c2a58be,worker_3,worker_3,GPU_COMPUTE,0.050000,0.050000,GPU Compute
2597756.795224,5000,334a2444-41d5-4755-9f47-d94f7c2a58be,worker_3,coordinator_0,NET_TRANSFER,0.000100,0.158000,Signal Finished
2598636.152045,5000,334a2444-41d5-4755-9f47-d94f7c2a58be,coordinator_0,worker_4,NET_TRANSFER,10.990085,879.356822,Distribute Layer ID: f41e3968
2598636.237905,5000,334a2444-41d5-4755-9f47-d94f7c2a58be,worker_4,worker_4,DISK_LOAD,10.990085,0.085860,"Disk -> RAM [Model: 334a2444, Layer: f41e3968]"
2598636.323765,5000,334a2444-41d5-4755-9f47-d94f7c2a58be,worker_4,worker_4,MEM_MOVE,10.990085,0.085860,"RAM -> VRAM [Model: 334a2444, Layer: f41e3968]"
2598636.373765,5000,334a2444-41d5-4755-9f47-d94f7c2a58be,worker_4,worker_4,GPU_COMPUTE,0.050000,0.050000,GPU Compute
2598636.531765,5000,334a2444-41d5-4755-9f47-d94f7c2a58be,worker_4,coordinator_0,NET_TRANSFER,0.000100,0.158000,Signal Finished
2599199.975310,5000,334a2444-41d5-4755-9f47-d94f7c2a58be,coordinator_0,worker_1,NET_TRANSFER,7.041169,563.443545,Distribute Layer ID: 828ff6b1
2599200.030319,5000,334a2444-41d5-4755-9f47-d94f7c2a58be,worker_1,worker_1,DISK_LOAD,7.041169,0.055009,"Disk -> RAM [Model: 334a2444, Layer: 828ff6b1]"
2599200.085329,5000,334a2444-41d5-4755-9f47-d94f7c2a58be,worker_1,worker_1,MEM_MOVE,7.041169,0.055009,"RAM -> VRAM [Model: 334a2444, Layer: 828ff6b1]"
2599200.135329,5000,334a2444-41d5-4755-9f47-d94f7c2a58be,worker_1,worker_1,GPU_COMPUTE,0.050000,0.050000,GPU Compute
2599200.293329,5000,334a2444-41d5-4755-9f47-d94f7c2a58be,worker_1,coordinator_0,NET_TRANSFER,0.000100,0.158000,Signal Finished
2599884.334037,5000,334a2444-41d5-4755-9f47-d94f7c2a58be,coordinator_0,worker_2,NET_TRANSFER,8.548634,684.040708,Distribute Layer ID: a394cfbc
2599884.400823,5000,334a2444-41d5-4755-9f47-d94f7c2a58be,worker_2,worker_2,DISK_LOAD,8.548634,0.066786,"Disk -> RAM [Model: 334a2444, Layer: a394cfbc]"
2599884.467609,5000,334a2444-41d5-4755-9f47-d94f7c2a58be,worker_2,worker_2,MEM_MOVE,8.548634,0.066786,"RAM -> VRAM [Model: 334a2444, Layer: a394cfbc]"
2599884.517609,5000,334a2444-41d5-4755-9f47-d94f7c2a58be,worker_2,worker_2,GPU_COMPUTE,0.050000,0.050000,GPU Compute
2599884.675609,5000,334a2444-41d5-4755-9f47-d94f7c2a58be,worker_2,coordinator_0,NET_TRANSFER,0.000100,0.158000,Signal Finished
2600364.353673,5000,334a2444-41d5-4755-9f47-d94f7c2a58be,coordinator_0,worker_3,NET_TRANSFER,5.994101,479.678064,Distribute Layer ID: e6b08038
2600364.400502,5000,334a2444-41d5-4755-9f47-d94f7c2a58be,worker_3,worker_3,DISK_LOAD,5.994101,0.046829,"Disk -> RAM [Model: 334a2444, Layer: e6b08038]"
2600364.447331,5000,334a2444-41d5-4755-9f47-d94f7c2a58be,worker_3,worker_3,MEM_MOVE,5.994101,0.046829,"RAM -> VRAM [Model: 334a2444, Layer: e6b08038]"
2600364.497331,5000,334a2444-41d5-4755-9f47-d94f7c2a58be,worker_3,worker_3,GPU_COMPUTE,0.050000,0.050000,GPU Compute
2600364.655331,5000,334a2444-41d5-4755-9f47-d94f7c2a58be,worker_3,coordinator_0,NET_TRANSFER,0.000100,0.158000,Signal Finished
2601203.281287,5000,334a2444-41d5-4755-9f47-d94f7c2a58be,coordinator_0,worker_4,NET_TRANSFER,10.480949,838.625956,Distribute Layer ID: 7b26de98
2601203.363169,5000,334a2444-41d5-4755-9f47-d94f7c2a58be,worker_4,worker_4,DISK_LOAD,10.480949,0.081882,"Disk -> RAM [Model: 334a2444, Layer: 7b26de98]"
2601203.445051,5000,334a2444-41d5-4755-9f47-d94f7c2a58be,worker_4,worker_4,MEM_MOVE,10.480949,0.081882,"RAM -> VRAM [Model: 334a2444, Layer: 7b26de98]"
2601203.495051,5000,334a2444-41d5-4755-9f47-d94f7c2a58be,worker_4,worker_4,GPU_COMPUTE,0.050000,0.050000,GPU Compute
2601203.653051,5000,334a2444-41d5-4755-9f47-d94f7c2a58be,worker_4,coordinator_0,NET_TRANSFER,0.000100,0.158000,Signal Finished
2601794.111215,5000,334a2444-41d5-4755-9f47-d94f7c2a58be,coordinator_0,worker_1,NET_TRANSFER,7.378852,590.458163,Distribute Layer ID: 47160f1d
2601794.168862,5000,334a2444-41d5-4755-9f47-d94f7c2a58be,worker_1,worker_1,DISK_LOAD,7.378852,0.057647,"Disk -> RAM [Model: 334a2444, Layer: 47160f1d]"
2601794.226509,5000,334a2444-41d5-4755-9f47-d94f7c2a58be,worker_1,worker_1,MEM_MOVE,7.378852,0.057647,"RAM -> VRAM [Model: 334a2444, Layer: 47160f1d]"
2601794.276509,5000,334a2444-41d5-4755-9f47-d94f7c2a58be,worker_1,worker_1,GPU_COMPUTE,0.050000,0.050000,GPU Compute
2601794.434509,5000,334a2444-41d5-4755-9f47-d94f7c2a58be,worker_1,coordinator_0,NET_TRANSFER,0.000100,0.158000,Signal Finished
2602193.344200,5000,334a2444-41d5-4755-9f47-d94f7c2a58be,coordinator_0,worker_2,NET_TRANSFER,4.984496,398.909691,Distribute Layer ID: c037913a
2602193.383141,5000,334a2444-41d5-4755-9f47-d94f7c2a58be,worker_2,worker_2,DISK_LOAD,4.984496,0.038941,"Disk -> RAM [Model: 334a2444, Layer: c037913a]"
2602193.422083,5000,334a2444-41d5-4755-9f47-d94f7c2a58be,worker_2,worker_2,MEM_MOVE,4.984496,0.038941,"RAM -> VRAM [Model: 334a2444, Layer: c037913a]"
2602193.472083,5000,334a2444-41d5-4755-9f47-d94f7c2a58be,worker_2,worker_2,GPU_COMPUTE,0.050000,0.050000,GPU Compute
2602193.630083,5000,334a2444-41d5-4755-9f47-d94f7c2a58be,worker_2,coordinator_0,NET_TRANSFER,0.000100,0.158000,Signal Finished
2603254.751941,5000,334a2444-41d5-4755-9f47-d94f7c2a58be,coordinator_0,worker_3,NET_TRANSFER,13.262148,1061.121859,Distribute Layer ID: 34dd609b
2603254.855552,5000,334a2444-41d5-4755-9f47-d94f7c2a58be,worker_3,worker_3,DISK_LOAD,13.262148,0.103611,"Disk -> RAM [Model: 334a2444, Layer: 34dd609b]"
2603254.959163,5000,334a2444-41d5-4755-9f47-d94f7c2a58be,worker_3,worker_3,MEM_MOVE,13.262148,0.103611,"RAM -> VRAM [Model: 334a2444, Layer: 34dd609b]"
2603255.009163,5000,334a2444-41d5-4755-9f47-d94f7c2a58be,worker_3,worker_3,GPU_COMPUTE,0.050000,0.050000,GPU Compute
2603255.167163,5000,334a2444-41d5-4755-9f47-d94f7c2a58be,worker_3,coordinator_0,NET_TRANSFER,0.000100,0.158000,Signal Finished
2604197.716615,5000,334a2444-41d5-4755-9f47-d94f7c2a58be,coordinator_0,worker_4,NET_TRANSFER,11.779993,942.549452,Distribute Layer ID: b6479498
2604197.808646,5000,334a2444-41d5-4755-9f47-d94f7c2a58be,worker_4,worker_4,DISK_LOAD,11.779993,0.092031,"Disk -> RAM [Model: 334a2444, Layer: b6479498]"
2604197.900677,5000,334a2444-41d5-4755-9f47-d94f7c2a58be,worker_4,worker_4,MEM_MOVE,11.779993,0.092031,"RAM -> VRAM [Model: 334a2444, Layer: b6479498]"
2604197.950677,5000,334a2444-41d5-4755-9f47-d94f7c2a58be,worker_4,worker_4,GPU_COMPUTE,0.050000,0.050000,GPU Compute
2604198.108677,5000,334a2444-41d5-4755-9f47-d94f7c2a58be,worker_4,coordinator_0,NET_TRANSFER,0.000100,0.158000,Signal Finished
2605038.263735,5000,334a2444-41d5-4755-9f47-d94f7c2a58be,coordinator_0,worker_1,NET_TRANSFER,10.500063,840.155058,Distribute Layer ID: c5a1c6e8
2605038.345767,5000,334a2444-41d5-4755-9f47-d94f7c2a58be,worker_1,worker_1,DISK_LOAD,10.500063,0.082032,"Disk -> RAM [Model: 334a2444, Layer: c5a1c6e8]"
2605038.427798,5000,334a2444-41d5-4755-9f47-d94f7c2a58be,worker_1,worker_1,MEM_MOVE,10.500063,0.082032,"RAM -> VRAM [Model: 334a2444, Layer: c5a1c6e8]"
2605038.477798,5000,334a2444-41d5-4755-9f47-d94f7c2a58be,worker_1,worker_1,GPU_COMPUTE,0.050000,0.050000,GPU Compute
2605038.635798,5000,334a2444-41d5-4755-9f47-d94f7c2a58be,worker_1,coordinator_0,NET_TRANSFER,0.000100,0.158000,Signal Finished
2606197.252800,5000,334a2444-41d5-4755-9f47-d94f7c2a58be,coordinator_0,worker_2,NET_TRANSFER,14.480838,1158.617002,Distribute Layer ID: ac3f8375
2606197.365931,5000,334a2444-41d5-4755-9f47-d94f7c2a58be,worker_2,worker_2,DISK_LOAD,14.480838,0.113132,"Disk -> RAM [Model: 334a2444, Layer: ac3f8375]"
2606197.479063,5000,334a2444-41d5-4755-9f47-d94f7c2a58be,worker_2,worker_2,MEM_MOVE,14.480838,0.113132,"RAM -> VRAM [Model: 334a2444, Layer: ac3f8375]"
2606197.529063,5000,334a2444-41d5-4755-9f47-d94f7c2a58be,worker_2,worker_2,GPU_COMPUTE,0.050000,0.050000,GPU Compute
2606197.687063,5000,334a2444-41d5-4755-9f47-d94f7c2a58be,worker_2,coordinator_0,NET_TRANSFER,0.000100,0.158000,Signal Finished
2606957.388664,1001,0b62db0f-8759-4a61-a5b0-a086b4b62b3b,coordinator_0,worker_4,NET_TRANSFER,9.494395,759.701601,Distribute Layer ID: 7627e30e
2606957.462839,1001,0b62db0f-8759-4a61-a5b0-a086b4b62b3b,worker_4,worker_4,DISK_LOAD,9.494395,0.074175,"Disk -> RAM [Model: 0b62db0f, Layer: 7627e30e]"
2606957.537014,1001,0b62db0f-8759-4a61-a5b0-a086b4b62b3b,worker_4,worker_4,MEM_MOVE,9.494395,0.074175,"RAM -> VRAM [Model: 0b62db0f, Layer: 7627e30e]"
2606957.587014,1001,0b62db0f-8759-4a61-a5b0-a086b4b62b3b,worker_4,worker_4,GPU_COMPUTE,0.050000,0.050000,GPU Compute
2606957.745014,1001,0b62db0f-8759-4a61-a5b0-a086b4b62b3b,worker_4,coordinator_0,NET_TRANSFER,0.000100,0.158000,Signal Finished
2607617.072811,1001,0b62db0f-8759-4a61-a5b0-a086b4b62b3b,coordinator_0,worker_1,NET_TRANSFER,8.239722,659.327797,Distribute Layer ID: 2ea555c9
2607617.137183,1001,0b62db0f-8759-4a61-a5b0-a086b4b62b3b,worker_1,worker_1,DISK_LOAD,8.239722,0.064373,"Disk -> RAM [Model: 0b62db0f, Layer: 2ea555c9]"
2607617.201556,1001,0b62db0f-8759-4a61-a5b0-a086b4b62b3b,worker_1,worker_1,MEM_MOVE,8.239722,0.064373,"RAM -> VRAM [Model: 0b62db0f, Layer: 2ea555c9]"
2607617.251556,1001,0b62db0f-8759-4a61-a5b0-a086b4b62b3b,worker_1,worker_1,GPU_COMPUTE,0.050000,0.050000,GPU Compute
2607617.409556,1001,0b62db0f-8759-4a61-a5b0-a086b4b62b3b,worker_1,coordinator_0,NET_TRANSFER,0.000100,0.158000,Signal Finished
2608196.182421,1001,0b62db0f-8759-4a61-a5b0-a086b4b62b3b,coordinator_0,worker_2,NET_TRANSFER,7.232786,578.772865,Distribute Layer ID: 5d80ab27
2608196.238928,1001,0b62db0f-8759-4a61-a5b0-a086b4b62b3b,worker_2,worker_2,DISK_LOAD,7.232786,0.056506,"Disk -> RAM [Model: 0b62db0f, Layer: 5d80ab27]"
2608196.295434,1001,0b62db0f-8759-4a61-a5b0-a086b4b62b3b,worker_2,worker_2,MEM_MOVE,7.232786,0.056506,"RAM -> VRAM [Model: 0b62db0f, Layer: 5d80ab27]"
2608196.345434,1001,0b62db0f-8759-4a61-a5b0-a086b4b62b3b,worker_2,worker_2,GPU_COMPUTE,0.050000,0.050000,GPU Compute
2608196.503434,1001,0b62db0f-8759-4a61-a5b0-a086b4b62b3b,worker_2,coordinator_0,NET_TRANSFER,0.000100,0.158000,Signal Finished
2609211.865721,1001,0b62db0f-8759-4a61-a5b0-a086b4b62b3b,coordinator_0,worker_3,NET_TRANSFER,12.690154,1015.362288,Distribute Layer ID: 736d6c30
2609211.964863,1001,0b62db0f-8759-4a61-a5b0-a086b4b62b3b,worker_3,worker_3,DISK_LOAD,12.690154,0.099142,"Disk -> RAM [Model: 0b62db0f, Layer: 736d6c30]"
2609212.064005,1001,0b62db0f-8759-4a61-a5b0-a086b4b62b3b,worker_3,worker_3,MEM_MOVE,12.690154,0.099142,"RAM -> VRAM [Model: 0b62db0f, Layer: 736d6c30]"
2609212.114005,1001,0b62db0f-8759-4a61-a5b0-a086b4b62b3b,worker_3,worker_3,GPU_COMPUTE,0.050000,0.050000,GPU Compute
2609212.272005,1001,0b62db0f-8759-4a61-a5b0-a086b4b62b3b,worker_3,coordinator_0,NET_TRANSFER,0.000100,0.158000,Signal Finished
2609611.793582,1001,0b62db0f-8759-4a61-a5b0-a086b4b62b3b,coordinator_0,worker_4,NET_TRANSFER,4.992145,399.521577,Distribute Layer ID: 64449683
2609611.832583,1001,0b62db0f-8759-4a61-a5b0-a086b4b62b3b,worker_4,worker_4,DISK_LOAD,4.992145,0.039001,"Disk -> RAM [Model: 0b62db0f, Layer: 64449683]"
2609611.871584,1001,0b62db0f-8759-4a61-a5b0-a086b4b62b3b,worker_4,worker_4,MEM_MOVE,4.992145,0.039001,"RAM -> VRAM [Model: 0b62db0f, Layer: 64449683]"
2609611.921584,1001,0b62db0f-8759-4a61-a5b0-a086b4b62b3b,worker_4,worker_4,GPU_COMPUTE,0.050000,0.050000,GPU Compute
2609612.079584,1001,0b62db0f-8759-4a61-a5b0-a086b4b62b3b,worker_4,coordinator_0,NET_TRANSFER,0.000100,0.158000,Signal Finished
2610566.544050,1001,0b62db0f-8759-4a61-a5b0-a086b4b62b3b,coordinator_0,worker_1,NET_TRANSFER,11.928931,954.464467,Distribute Layer ID: e95a1ce5
2610566.637245,1001,0b62db0f-8759-4a61-a5b0-a086b4b62b3b,worker_1,worker_1,DISK_LOAD,11.928931,0.093195,"Disk -> RAM [Model: 0b62db0f, Layer: e95a1ce5]"
2610566.730440,1001,0b62db0f-8759-4a61-a5b0-a086b4b62b3b,worker_1,worker_1,MEM_MOVE,11.928931,0.093195,"RAM -> VRAM [Model: 0b62db0f, Layer: e95a1ce5]"
2610566.780440,1001,0b62db0f-8759-4a61-a5b0-a086b4b62b3b,worker_1,worker_1,GPU_COMPUTE,0.050000,0.050000,GPU Compute
2610566.938440,1001,0b62db0f-8759-4a61-a5b0-a086b4b62b3b,worker_1,coordinator_0,NET_TRANSFER,0.000100,0.158000,Signal Finished
2611599.127127,1001,0b62db0f-8759-4a61-a5b0-a086b4b62b3b,coordinator_0,worker_2,NET_TRANSFER,12.900484,1032.188687,Distribute Layer ID: 40c90b49
2611599.227912,1001,0b62db0f-8759-4a61-a5b0-a086b4b62b3b,worker_2,worker_2,DISK_LOAD,12.900484,0.100785,"Disk -> RAM [Model: 0b62db0f, Layer: 40c90b49]"
2611599.328697,1001,0b62db0f-8759-4a61-a5b0-a086b4b62b3b,worker_2,worker_2,MEM_MOVE,12.900484,0.100785,"RAM -> VRAM [Model: 0b62db0f, Layer: 40c90b49]"
2611599.378697,1001,0b62db0f-8759-4a61-a5b0-a086b4b62b3b,worker_2,worker_2,GPU_COMPUTE,0.050000,0.050000,GPU Compute
2611599.536697,1001,0b62db0f-8759-4a61-a5b0-a086b4b62b3b,worker_2,coordinator_0,NET_TRANSFER,0.000100,0.158000,Signal Finished
2611992.924075,1001,0b62db0f-8759-4a61-a5b0-a086b4b62b3b,coordinator_0,worker_3,NET_TRANSFER,4.915467,393.387378,Distribute Layer ID: 50e71976
2611992.962477,1001,0b62db0f-8759-4a61-a5b0-a086b4b62b3b,worker_3,worker_3,DISK_LOAD,4.915467,0.038402,"Disk -> RAM [Model: 0b62db0f, Layer: 50e71976]"
2611993.000880,1001,0b62db0f-8759-4a61-a5b0-a086b4b62b3b,worker_3,worker_3,MEM_MOVE,4.915467,0.038402,"RAM -> VRAM [Model: 0b62db0f, Layer: 50e71976]"
2611993.050880,1001,0b62db0f-8759-4a61-a5b0-a086b4b62b3b,worker_3,worker_3,GPU_COMPUTE,0.050000,0.050000,GPU Compute
2611993.208880,1001,0b62db0f-8759-4a61-a5b0-a086b4b62b3b,worker_3,coordinator_0,NET_TRANSFER,0.000100,0.158000,Signal Finished
2611993.366880,3005,0b62db0f-8759-4a61-a5b0-a086b4b62b3b,client_3,coordinator_0,NET_TRANSFER,0.000100,0.158000,Request Model ID
2612899.677439,1001,0b62db0f-8759-4a61-a5b0-a086b4b62b3b,coordinator_0,worker_4,NET_TRANSFER,11.327007,906.310559,Distribute Layer ID: fa28f5bf
2612899.765931,1001,0b62db0f-8759-4a61-a5b0-a086b4b62b3b,worker_4,worker_4,DISK_LOAD,11.327007,0.088492,"Disk -> RAM [Model: 0b62db0f, Layer: fa28f5bf]"
2612899.854423,1001,0b62db0f-8759-4a61-a5b0-a086b4b62b3b,worker_4,worker_4,MEM_MOVE,11.327007,0.088492,"RAM -> VRAM [Model: 0b62db0f, Layer: fa28f5bf]"
2612899.904423,1001,0b62db0f-8759-4a61-a5b0-a086b4b62b3b,worker_4,worker_4,GPU_COMPUTE,0.050000,0.050000,GPU Compute
2612900.062423,1001,0b62db0f-8759-4a61-a5b0-a086b4b62b3b,worker_4,coordinator_0,NET_TRANSFER,0.000100,0.158000,Signal Finished
2614068.689226,1001,0b62db0f-8759-4a61-a5b0-a086b4b62b3b,coordinator_0,worker_1,NET_TRANSFER,14.605960,1168.626803,Distribute Layer ID: 5dbb0a8a
2614068.803335,1001,0b62db0f-8759-4a61-a5b0-a086b4b62b3b,worker_1,worker_1,DISK_LOAD,14.605960,0.114109,"Disk -> RAM [Model: 0b62db0f, Layer: 5dbb0a8a]"
2614068.917444,1001,0b62db0f-8759-4a61-a5b0-a086b4b62b3b,worker_1,worker_1,MEM_MOVE,14.605960,0.114109,"RAM -> VRAM [Model: 0b62db0f, Layer: 5dbb0a8a]"
2614068.967444,1001,0b62db0f-8759-4a61-a5b0-a086b4b62b3b,worker_1,worker_1,GPU_COMPUTE,0.050000,0.050000,GPU Compute
2614069.125444,1001,0b62db0f-8759-4a61-a5b0-a086b4b62b3b,worker_1,coordinator_0,NET_TRANSFER,0.000100,0.158000,Signal Finished
2614850.589050,1001,0b62db0f-8759-4a61-a5b0-a086b4b62b3b,coordinator_0,worker_2,NET_TRANSFER,9.766420,781.463606,Distribute Layer ID: c172ad6c
2614850.665350,1001,0b62db0f-8759-4a61-a5b0-a086b4b62b3b,worker_2,worker_2,DISK_LOAD,9.766420,0.076300,"Disk -> RAM [Model: 0b62db0f, Layer: c172ad6c]"
2614850.741651,1001,0b62db0f-8759-4a61-a5b0-a086b4b62b3b,worker_2,worker_2,MEM_MOVE,9.766420,0.076300,"RAM -> VRAM [Model: 0b62db0f, Layer: c172ad6c]"
2614850.791651,1001,0b62db0f-8759-4a61-a5b0-a086b4b62b3b,worker_2,worker_2,GPU_COMPUTE,0.050000,0.050000,GPU Compute
2614850.949651,1001,0b62db0f-8759-4a61-a5b0-a086b4b62b3b,worker_2,coordinator_0,NET_TRANSFER,0.000100,0.158000,Signal Finished
2615336.804362,1001,0b62db0f-8759-4a61-a5b0-a086b4b62b3b,coordinator_0,worker_3,NET_TRANSFER,6.071309,485.854711,Distribute Layer ID: 757142cd
2615336.851794,1001,0b62db0f-8759-4a61-a5b0-a086b4b62b3b,worker_3,worker_3,DISK_LOAD,6.071309,0.047432,"Disk -> RAM [Model: 0b62db0f, Layer: 757142cd]"
2615336.899226,1001,0b62db0f-8759-4a61-a5b0-a086b4b62b3b,worker_3,worker_3,MEM_MOVE,6.071309,0.047432,"RAM -> VRAM [Model: 0b62db0f, Layer: 757142cd]"
2615336.949226,1001,0b62db0f-8759-4a61-a5b0-a086b4b62b3b,worker_3,worker_3,GPU_COMPUTE,0.050000,0.050000,GPU Compute
2615337.107226,1001,0b62db0f-8759-4a61-a5b0-a086b4b62b3b,worker_3,coordinator_0,NET_TRANSFER,0.000100,0.158000,Signal Finished
2616340.729259,1001,0b62db0f-8759-4a61-a5b0-a086b4b62b3b,coordinator_0,worker_4,NET_TRANSFER,12.543400,1003.622033,Distribute Layer ID: 93e21ce0
2616340.827254,1001,0b62db0f-8759-4a61-a5b0-a086b4b62b3b,worker_4,worker_4,DISK_LOAD,12.543400,0.097995,"Disk -> RAM [Model: 0b62db0f, Layer: 93e21ce0]"
2616340.925249,1001,0b62db0f-8759-4a61-a5b0-a086b4b62b3b,worker_4,worker_4,MEM_MOVE,12.543400,0.097995,"RAM -> VRAM [Model: 0b62db0f, Layer: 93e21ce0]"
2616340.975249,1001,0b62db0f-8759-4a61-a5b0-a086b4b62b3b,worker_4,worker_4,GPU_COMPUTE,0.050000,0.050000,GPU Compute
2616341.133249,1001,0b62db0f-8759-4a61-a5b0-a086b4b62b3b,worker_4,coordinator_0,NET_TRANSFER,0.000100,0.158000,Signal Finished
2617216.572413,1001,0b62db0f-8759-4a61-a5b0-a086b4b62b3b,coordinator_0,worker_1,NET_TRANSFER,10.941115,875.439164,Distribute Layer ID: 9e3d7299
2617216.657890,1001,0b62db0f-8759-4a61-a5b0-a086b4b62b3b,worker_1,worker_1,DISK_LOAD,10.941115,0.085477,"Disk -> RAM [Model: 0b62db0f, Layer: 9e3d7299]"
2617216.743368,1001,0b62db0f-8759-4a61-a5b0-a086b4b62b3b,worker_1,worker_1,MEM_MOVE,10.941115,0.085477,"RAM -> VRAM [Model: 0b62db0f, Layer: 9e3d7299]"
2617216.793368,1001,0b62db0f-8759-4a61-a5b0-a086b4b62b3b,worker_1,worker_1,GPU_COMPUTE,0.050000,0.050000,GPU Compute
2617216.951368,1001,0b62db0f-8759-4a61-a5b0-a086b4b62b3b,worker_1,coordinator_0,NET_TRANSFER,0.000100,0.158000,Signal Finished
2618114.802749,1001,0b62db0f-8759-4a61-a5b0-a086b4b62b3b,coordinator_0,worker_2,NET_TRANSFER,11.221267,897.851382,Distribute Layer ID: 25e5c0f6
2618114.960749,9007,f2f09d33-bafc-49ed-86c5-3675f4f61af7,client_9,coordinator_0,NET_TRANSFER,0.000100,0.158000,Request Model ID
2618115.048416,1001,0b62db0f-8759-4a61-a5b0-a086b4b62b3b,worker_2,worker_2,DISK_LOAD,11.221267,0.087666,"Disk -> RAM [Model: 0b62db0f, Layer: 25e5c0f6]"
2618115.136082,1001,0b62db0f-8759-4a61-a5b0-a086b4b62b3b,worker_2,worker_2,MEM_MOVE,11.221267,0.087666,"RAM -> VRAM [Model: 0b62db0f, Layer: 25e5c0f6]"
2618115.186082,1001,0b62db0f-8759-4a61-a5b0-a086b4b62b3b,worker_2,worker_2,GPU_COMPUTE,0.050000,0.050000,GPU Compute
2618115.344082,1001,0b62db0f-8759-4a61-a5b0-a086b4b62b3b,worker_2,coordinator_0,NET_TRANSFER,0.000100,0.158000,Signal Finished
2618543.885306,1001,0b62db0f-8759-4a61-a5b0-a086b4b62b3b,coordinator_0,worker_3,NET_TRANSFER,5.354890,428.541225,Distribute Layer ID: 47953a43
2618543.927142,1001,0b62db0f-8759-4a61-a5b0-a086b4b62b3b,worker_3,worker_3,DISK_LOAD,5.354890,0.041835,"Disk -> RAM [Model: 0b62db0f, Layer: 47953a43]"
2618543.968977,1001,0b62db0f-8759-4a61-a5b0-a086b4b62b3b,worker_3,worker_3,MEM_MOVE,5.354890,0.041835,"RAM -> VRAM [Model: 0b62db0f, Layer: 47953a43]"
2618544.018977,1001,0b62db0f-8759-4a61-a5b0-a086b4b62b3b,worker_3,worker_3,GPU_COMPUTE,0.050000,0.050000,GPU Compute
2618544.176977,1001,0b62db0f-8759-4a61-a5b0-a086b4b62b3b,worker_3,coordinator_0,NET_TRANSFER,0.000100,0.158000,Signal Finished
2619648.940188,1001,0b62db0f-8759-4a61-a5b0-a086b4b62b3b,coordinator_0,worker_4,NET_TRANSFER,13.807665,1104.763211,Distribute Layer ID: 1621a7e1
2619649.048060,1001,0b62db0f-8759-4a61-a5b0-a086b4b62b3b,worker_4,worker_4,DISK_LOAD,13.807665,0.107872,"Disk -> RAM [Model: 0b62db0f, Layer: 1621a7e1]"
2619649.155933,1001,0b62db0f-8759-4a61-a5b0-a086b4b62b3b,worker_4,worker_4,MEM_MOVE,13.807665,0.107872,"RAM -> VRAM [Model: 0b62db0f, Layer: 1621a7e1]"
2619649.205933,1001,0b62db0f-8759-4a61-a5b0-a086b4b62b3b,worker_4,worker_4,GPU_COMPUTE,0.050000,0.050000,GPU Compute
2619649.363933,1001,0b62db0f-8759-4a61-a5b0-a086b4b62b3b,worker_4,coordinator_0,NET_TRANSFER,0.000100,0.158000,Signal Finished
2620113.869272,1001,0b62db0f-8759-4a61-a5b0-a086b4b62b3b,coordinator_0,worker_1,NET_TRANSFER,5.804442,464.505340,Distribute Layer ID: 0059878a
2620113.914620,1001,0b62db0f-8759-4a61-a5b0-a086b4b62b3b,worker_1,worker_1,DISK_LOAD,5.804442,0.045347,"Disk -> RAM [Model: 0b62db0f, Layer: 0059878a]"
2620113.959967,1001,0b62db0f-8759-4a61-a5b0-a086b4b62b3b,worker_1,worker_1,MEM_MOVE,5.804442,0.045347,"RAM -> VRAM [Model: 0b62db0f, Layer: 0059878a]"
2620114.009967,1001,0b62db0f-8759-4a61-a5b0-a086b4b62b3b,worker_1,worker_1,GPU_COMPUTE,0.050000,0.050000,GPU Compute
2620114.167967,1001,0b62db0f-8759-4a61-a5b0-a086b4b62b3b,worker_1,coordinator_0,NET_TRANSFER,0.000100,0.158000,Signal Finished
2620822.116088,1001,0b62db0f-8759-4a61-a5b0-a086b4b62b3b,coordinator_0,worker_2,NET_TRANSFER,8.847477,707.948121,Distribute Layer ID: 2d2c5e7f
2620822.185208,1001,0b62db0f-8759-4a61-a5b0-a086b4b62b3b,worker_2,worker_2,DISK_LOAD,8.847477,0.069121,"Disk -> RAM [Model: 0b62db0f, Layer: 2d2c5e7f]"
2620822.254329,1001,0b62db0f-8759-4a61-a5b0-a086b4b62b3b,worker_2,worker_2,MEM_MOVE,8.847477,0.069121,"RAM -> VRAM [Model: 0b62db0f, Layer: 2d2c5e7f]"
2620822.304329,1001,0b62db0f-8759-4a61-a5b0-a086b4b62b3b,worker_2,worker_2,GPU_COMPUTE,0.050000,0.050000,GPU Compute
2620822.462329,1001,0b62db0f-8759-4a61-a5b0-a086b4b62b3b,worker_2,coordinator_0,NET_TRANSFER,0.000100,0.158000,Signal Finished
2621830.998078,1001,0b62db0f-8759-4a61-a5b0-a086b4b62b3b,coordinator_0,worker_3,NET_TRANSFER,12.604822,1008.535748,Distribute Layer ID: 9a3e9836
2621831.096553,1001,0b62db0f-8759-4a61-a5b0-a086b4b62b3b,worker_3,worker_3,DISK_LOAD,12.604822,0.098475,"Disk -> RAM [Model: 0b62db0f, Layer: 9a3e9836]"
2621831.195028,1001,0b62db0f-8759-4a61-a5b0-a086b4b62b3b,worker_3,worker_3,MEM_MOVE,12.604822,0.098475,"RAM -> VRAM [Model: 0b62db0f, Layer: 9a3e9836]"
2621831.245028,1001,0b62db0f-8759-4a61-a5b0-a086b4b62b3b,worker_3,worker_3,GPU_COMPUTE,0.050000,0.050000,GPU Compute
2621831.403028,1001,0b62db0f-8759-4a61-a5b0-a086b4b62b3b,worker_3,coordinator_0,NET_TRANSFER,0.000100,0.158000,Signal Finished
2622428.553271,1001,0b62db0f-8759-4a61-a5b0-a086b4b62b3b,coordinator_0,worker_4,NET_TRANSFER,7.462503,597.150243,Distribute Layer ID: 73857dcc
2622428.611572,1001,0b62db0f-8759-4a61-a5b0-a086b4b62b3b,worker_4,worker_4,DISK_LOAD,7.462503,0.058301,"Disk -> RAM [Model: 0b62db0f, Layer: 73857dcc]"
2622428.669872,1001,0b62db0f-8759-4a61-a5b0-a086b4b62b3b,worker_4,worker_4,MEM_MOVE,7.462503,0.058301,"RAM -> VRAM [Model: 0b62db0f, Layer: 73857dcc]"
2622428.719872,1001,0b62db0f-8759-4a61-a5b0-a086b4b62b3b,worker_4,worker_4,GPU_COMPUTE,0.050000,0.050000,GPU Compute
2622428.877872,1001,0b62db0f-8759-4a61-a5b0-a086b4b62b3b,worker_4,coordinator_0,NET_TRANSFER,0.000100,0.158000,Signal Finished
2623321.724565,1001,0b62db0f-8759-4a61-a5b0-a086b4b62b3b,coordinator_0,worker_1,NET_TRANSFER,11.158709,892.846693,Distribute Layer ID: 710bd6c7
2623321.811743,1001,0b62db0f-8759-4a61-a5b0-a086b4b62b3b,worker_1,worker_1,DISK_LOAD,11.158709,0.087177,"Disk -> RAM [Model: 0b62db0f, Layer: 710bd6c7]"
2623321.898920,1001,0b62db0f-8759-4a61-a5b0-a086b4b62b3b,worker_1,worker_1,MEM_MOVE,11.158709,0.087177,"RAM -> VRAM [Model: 0b62db0f, Layer: 710bd6c7]"
2623321.948920,1001,0b62db0f-8759-4a61-a5b0-a086b4b62b3b,worker_1,worker_1,GPU_COMPUTE,0.050000,0.050000,GPU Compute
2623322.106920,1001,0b62db0f-8759-4a61-a5b0-a086b4b62b3b,worker_1,coordinator_0,NET_TRANSFER,0.000100,0.158000,Signal Finished
2624115.930873,1001,0b62db0f-8759-4a61-a5b0-a086b4b62b3b,coordinator_0,worker_2,NET_TRANSFER,9.920924,793.823953,Distribute Layer ID: 99c60c22
2624116.008380,1001,0b62db0f-8759-4a61-a5b0-a086b4b62b3b,worker_2,worker_2,DISK_LOAD,9.920924,0.077507,"Disk -> RAM [Model: 0b62db0f, Layer: 99c60c22]"
2624116.085888,1001,0b62db0f-8759-4a61-a5b0-a086b4b62b3b,worker_2,worker_2,MEM_MOVE,9.920924,0.077507,"RAM -> VRAM [Model: 0b62db0f, Layer: 99c60c22]"
2624116.135888,1001,0b62db0f-8759-4a61-a5b0-a086b4b62b3b,worker_2,worker_2,GPU_COMPUTE,0.050000,0.050000,GPU Compute
2624116.293888,1001,0b62db0f-8759-4a61-a5b0-a086b4b62b3b,worker_2,coordinator_0,NET_TRANSFER,0.000100,0.158000,Signal Finished
2624573.583205,1001,0b62db0f-8759-4a61-a5b0-a086b4b62b3b,coordinator_0,worker_3,NET_TRANSFER,5.714241,457.289317,Distribute Layer ID: 05690830
2624573.627847,1001,0b62db0f-8759-4a61-a5b0-a086b4b62b3b,worker_3,worker_3,DISK_LOAD,5.714241,0.044643,"Disk -> RAM [Model: 0b62db0f, Layer: 05690830]"
2624573.672490,1001,0b62db0f-8759-4a61-a5b0-a086b4b62b3b,worker_3,worker_3,MEM_MOVE,5.714241,0.044643,"RAM -> VRAM [Model: 0b62db0f, Layer: 05690830]"
2624573.722490,1001,0b62db0f-8759-4a61-a5b0-a086b4b62b3b,worker_3,worker_3,GPU_COMPUTE,0.050000,0.050000,GPU Compute
2624573.880490,1001,0b62db0f-8759-4a61-a5b0-a086b4b62b3b,worker_3,coordinator_0,NET_TRANSFER,0.000100,0.158000,Signal Finished
2625133.636868,1001,0b62db0f-8759-4a61-a5b0-a086b4b62b3b,coordinator_0,worker_4,NET_TRANSFER,6.995080,559.756378,Distribute Layer ID: c25f9776
2625133.691517,1001,0b62db0f-8759-4a61-a5b0-a086b4b62b3b,worker_4,worker_4,DISK_LOAD,6.995080,0.054649,"Disk -> RAM [Model: 0b62db0f, Layer: c25f9776]"
2625133.746166,1001,0b62db0f-8759-4a61-a5b0-a086b4b62b3b,worker_4,worker_4,MEM_MOVE,6.995080,0.054649,"RAM -> VRAM [Model: 0b62db0f, Layer: c25f9776]"
2625133.796166,1001,0b62db0f-8759-4a61-a5b0-a086b4b62b3b,worker_4,worker_4,GPU_COMPUTE,0.050000,0.050000,GPU Compute
2625133.954166,1001,0b62db0f-8759-4a61-a5b0-a086b4b62b3b,worker_4,coordinator_0,NET_TRANSFER,0.000100,0.158000,Signal Finished
2626005.148790,1001,0b62db0f-8759-4a61-a5b0-a086b4b62b3b,coordinator_0,worker_1,NET_TRANSFER,10.888058,871.194624,Distribute Layer ID: 3b3dc7c6
2626005.233853,1001,0b62db0f-8759-4a61-a5b0-a086b4b62b3b,worker_1,worker_1,DISK_LOAD,10.888058,0.085063,"Disk -> RAM [Model: 0b62db0f, Layer: 3b3dc7c6]"
2626005.318916,1001,0b62db0f-8759-4a61-a5b0-a086b4b62b3b,worker_1,worker_1,MEM_MOVE,10.888058,0.085063,"RAM -> VRAM [Model: 0b62db0f, Layer: 3b3dc7c6]"
2626005.368916,1001,0b62db0f-8759-4a61-a5b0-a086b4b62b3b,worker_1,worker_1,GPU_COMPUTE,0.050000,0.050000,GPU Compute
2626005.526916,1001,0b62db0f-8759-4a61-a5b0-a086b4b62b3b,worker_1,coordinator_0,NET_TRANSFER,0.000100,0.158000,Signal Finished
2626579.718612,1001,0b62db0f-8759-4a61-a5b0-a086b4b62b3b,coordinator_0,worker_2,NET_TRANSFER,7.175521,574.191696,Distribute Layer ID: 53b4834c
2626579.774670,1001,0b62db0f-8759-4a61-a5b0-a086b4b62b3b,worker_2,worker_2,DISK_LOAD,7.175521,0.056059,"Disk -> RAM [Model: 0b62db0f, Layer: 53b4834c]"
2626579.830729,1001,0b62db0f-8759-4a61-a5b0-a086b4b62b3b,worker_2,worker_2,MEM_MOVE,7.175521,0.056059,"RAM -> VRAM [Model: 0b62db0f, Layer: 53b4834c]"
2626579.880729,1001,0b62db0f-8759-4a61-a5b0-a086b4b62b3b,worker_2,worker_2,GPU_COMPUTE,0.050000,0.050000,GPU Compute
2626580.038729,1001,0b62db0f-8759-4a61-a5b0-a086b4b62b3b,worker_2,coordinator_0,NET_TRANSFER,0.000100,0.158000,Signal Finished
2627181.019863,1001,0b62db0f-8759-4a61-a5b0-a086b4b62b3b,coordinator_0,worker_3,NET_TRANSFER,7.510389,600.981134,Distribute Layer ID: 500def5d
2627181.078538,1001,0b62db0f-8759-4a61-a5b0-a086b4b62b3b,worker_3,worker_3,DISK_LOAD,7.510389,0.058675,"Disk -> RAM [Model: 0b62db0f, Layer: 500def5d]"
2627181.137213,1001,0b62db0f-8759-4a61-a5b0-a086b4b62b3b,worker_3,worker_3,MEM_MOVE,7.510389,0.058675,"RAM -> VRAM [Model: 0b62db0f, Layer: 500def5d]"
2627181.187213,1001,0b62db0f-8759-4a61-a5b0-a086b4b62b3b,worker_3,worker_3,GPU_COMPUTE,0.050000,0.050000,GPU Compute
2627181.345213,1001,0b62db0f-8759-4a61-a5b0-a086b4b62b3b,worker_3,coordinator_0,NET_TRANSFER,0.000100,0.158000,Signal Finished
2628352.128133,1001,0b62db0f-8759-4a61-a5b0-a086b4b62b3b,coordinator_0,worker_4,NET_TRANSFER,14.632911,1170.782920,Distribute Layer ID: 86406dcd
2628352.236531,1001,0b62db0f-8759-4a61-a5b0-a086b4b62b3b,worker_4,worker_4,MEM_MOVE,13.874961,0.108398,"Evict VRAM -> RAM [Model: 8488e8d8, Layer: a4d90fa9]"
2628352.350851,1001,0b62db0f-8759-4a61-a5b0-a086b4b62b3b,worker_4,worker_4,DISK_LOAD,14.632911,0.114320,"Disk -> RAM [Model: 0b62db0f, Layer: 86406dcd]"
2628352.465170,1001,0b62db0f-8759-4a61-a5b0-a086b4b62b3b,worker_4,worker_4,MEM_MOVE,14.632911,0.114320,"RAM -> VRAM [Model: 0b62db0f, Layer: 86406dcd]"
2628352.515170,1001,0b62db0f-8759-4a61-a5b0-a086b4b62b3b,worker_4,worker_4,GPU_COMPUTE,0.050000,0.050000,GPU Compute
2628352.673170,1001,0b62db0f-8759-4a61-a5b0-a086b4b62b3b,worker_4,coordinator_0,NET_TRANSFER,0.000100,0.158000,Signal Finished
2628813.459282,1001,0b62db0f-8759-4a61-a5b0-a086b4b62b3b,coordinator_0,worker_1,NET_TRANSFER,5.757951,460.786111,Distribute Layer ID: 872db5c7
2628813.504266,1001,0b62db0f-8759-4a61-a5b0-a086b4b62b3b,worker_1,worker_1,DISK_LOAD,5.757951,0.044984,"Disk -> RAM [Model: 0b62db0f, Layer: 872db5c7]"
2628813.549250,1001,0b62db0f-8759-4a61-a5b0-a086b4b62b3b,worker_1,worker_1,MEM_MOVE,5.757951,0.044984,"RAM -> VRAM [Model: 0b62db0f, Layer: 872db5c7]"
2628813.599250,1001,0b62db0f-8759-4a61-a5b0-a086b4b62b3b,worker_1,worker_1,GPU_COMPUTE,0.050000,0.050000,GPU Compute
2628813.757250,1001,0b62db0f-8759-4a61-a5b0-a086b4b62b3b,worker_1,coordinator_0,NET_TRANSFER,0.000100,0.158000,Signal Finished
2629938.679958,1001,0b62db0f-8759-4a61-a5b0-a086b4b62b3b,coordinator_0,worker_2,NET_TRANSFER,14.059659,1124.922708,Distribute Layer ID: f79d470c
2629938.789799,1001,0b62db0f-8759-4a61-a5b0-a086b4b62b3b,worker_2,worker_2,DISK_LOAD,14.059659,0.109841,"Disk -> RAM [Model: 0b62db0f, Layer: f79d470c]"
2629938.899640,1001,0b62db0f-8759-4a61-a5b0-a086b4b62b3b,worker_2,worker_2,MEM_MOVE,14.059659,0.109841,"RAM -> VRAM [Model: 0b62db0f, Layer: f79d470c]"
2629938.949640,1001,0b62db0f-8759-4a61-a5b0-a086b4b62b3b,worker_2,worker_2,GPU_COMPUTE,0.050000,0.050000,GPU Compute
2629939.107640,1001,0b62db0f-8759-4a61-a5b0-a086b4b62b3b,worker_2,coordinator_0,NET_TRANSFER,0.000100,0.158000,Signal Finished
2630690.133184,1001,0b62db0f-8759-4a61-a5b0-a086b4b62b3b,coordinator_0,worker_3,NET_TRANSFER,9.385944,751.025544,Distribute Layer ID: 59f5c439
2630690.206512,1001,0b62db0f-8759-4a61-a5b0-a086b4b62b3b,worker_3,worker_3,DISK_LOAD,9.385944,0.073328,"Disk -> RAM [Model: 0b62db0f, Layer: 59f5c439]"
2630690.279840,1001,0b62db0f-8759-4a61-a5b0-a086b4b62b3b,worker_3,worker_3,MEM_MOVE,9.385944,0.073328,"RAM -> VRAM [Model: 0b62db0f, Layer: 59f5c439]"
2630690.329840,1001,0b62db0f-8759-4a61-a5b0-a086b4b62b3b,worker_3,worker_3,GPU_COMPUTE,0.050000,0.050000,GPU Compute
2630690.487840,1001,0b62db0f-8759-4a61-a5b0-a086b4b62b3b,worker_3,coordinator_0,NET_TRANSFER,0.000100,0.158000,Signal Finished
2631375.768001,1001,0b62db0f-8759-4a61-a5b0-a086b4b62b3b,coordinator_0,worker_4,NET_TRANSFER,8.564127,685.280161,Distribute Layer ID: 1e40f135
2631375.882095,1001,0b62db0f-8759-4a61-a5b0-a086b4b62b3b,worker_4,worker_4,MEM_MOVE,14.604034,0.114094,"Evict VRAM -> RAM [Model: 8488e8d8, Layer: 8e0ffffe]"
2631375.949002,1001,0b62db0f-8759-4a61-a5b0-a086b4b62b3b,worker_4,worker_4,DISK_LOAD,8.564127,0.066907,"Disk -> RAM [Model: 0b62db0f, Layer: 1e40f135]"
2631376.015910,1001,0b62db0f-8759-4a61-a5b0-a086b4b62b3b,worker_4,worker_4,MEM_MOVE,8.564127,0.066907,"RAM -> VRAM [Model: 0b62db0f, Layer: 1e40f135]"
2631376.065910,1001,0b62db0f-8759-4a61-a5b0-a086b4b62b3b,worker_4,worker_4,GPU_COMPUTE,0.050000,0.050000,GPU Compute
2631376.223910,1001,0b62db0f-8759-4a61-a5b0-a086b4b62b3b,worker_4,coordinator_0,NET_TRANSFER,0.000100,0.158000,Signal Finished
2631777.202407,1001,0b62db0f-8759-4a61-a5b0-a086b4b62b3b,coordinator_0,worker_1,NET_TRANSFER,5.010356,400.978498,Distribute Layer ID: e05c6134
2631777.241551,1001,0b62db0f-8759-4a61-a5b0-a086b4b62b3b,worker_1,worker_1,DISK_LOAD,5.010356,0.039143,"Disk -> RAM [Model: 0b62db0f, Layer: e05c6134]"
2631777.280694,1001,0b62db0f-8759-4a61-a5b0-a086b4b62b3b,worker_1,worker_1,MEM_MOVE,5.010356,0.039143,"RAM -> VRAM [Model: 0b62db0f, Layer: e05c6134]"
2631777.330694,1001,0b62db0f-8759-4a61-a5b0-a086b4b62b3b,worker_1,worker_1,GPU_COMPUTE,0.050000,0.050000,GPU Compute
2631777.488694,1001,0b62db0f-8759-4a61-a5b0-a086b4b62b3b,worker_1,coordinator_0,NET_TRANSFER,0.000100,0.158000,Signal Finished
2632826.367288,1001,0b62db0f-8759-4a61-a5b0-a086b4b62b3b,coordinator_0,worker_2,NET_TRANSFER,13.109107,1048.878594,Distribute Layer ID: 7ead5781
2632826.469703,1001,0b62db0f-8759-4a61-a5b0-a086b4b62b3b,worker_2,worker_2,DISK_LOAD,13.109107,0.102415,"Disk -> RAM [Model: 0b62db0f, Layer: 7ead5781]"
2632826.572118,1001,0b62db0f-8759-4a61-a5b0-a086b4b62b3b,worker_2,worker_2,MEM_MOVE,13.109107,0.102415,"RAM -> VRAM [Model: 0b62db0f, Layer: 7ead5781]"
2632826.622118,1001,0b62db0f-8759-4a61-a5b0-a086b4b62b3b,worker_2,worker_2,GPU_COMPUTE,0.050000,0.050000,GPU Compute
2632826.780118,1001,0b62db0f-8759-4a61-a5b0-a086b4b62b3b,worker_2,coordinator_0,NET_TRANSFER,0.000100,0.158000,Signal Finished
2633794.828411,1001,0b62db0f-8759-4a61-a5b0-a086b4b62b3b,coordinator_0,worker_3,NET_TRANSFER,12.098729,968.048293,Distribute Layer ID: a5ca5b25
2633794.922932,1001,0b62db0f-8759-4a61-a5b0-a086b4b62b3b,worker_3,worker_3,DISK_LOAD,12.098729,0.094521,"Disk -> RAM [Model: 0b62db0f, Layer: a5ca5b25]"
2633795.017454,1001,0b62db0f-8759-4a61-a5b0-a086b4b62b3b,worker_3,worker_3,MEM_MOVE,12.098729,0.094521,"RAM -> VRAM [Model: 0b62db0f, Layer: a5ca5b25]"
2633795.067454,1001,0b62db0f-8759-4a61-a5b0-a086b4b62b3b,worker_3,worker_3,GPU_COMPUTE,0.050000,0.050000,GPU Compute
2633795.225454,1001,0b62db0f-8759-4a61-a5b0-a086b4b62b3b,worker_3,coordinator_0,NET_TRANSFER,0.000100,0.158000,Signal Finished
2634846.555333,1001,0b62db0f-8759-4a61-a5b0-a086b4b62b3b,coordinator_0,worker_4,NET_TRANSFER,13.139748,1051.329879,Distribute Layer ID: 44d14f0a
2634846.657987,1001,0b62db0f-8759-4a61-a5b0-a086b4b62b3b,worker_4,worker_4,DISK_LOAD,13.139748,0.102654,"Disk -> RAM [Model: 0b62db0f, Layer: 44d14f0a]"
2634846.760642,1001,0b62db0f-8759-4a61-a5b0-a086b4b62b3b,worker_4,worker_4,MEM_MOVE,13.139748,0.102654,"RAM -> VRAM [Model: 0b62db0f, Layer: 44d14f0a]"
2634846.810642,1001,0b62db0f-8759-4a61-a5b0-a086b4b62b3b,worker_4,worker_4,GPU_COMPUTE,0.050000,0.050000,GPU Compute
2634846.968642,1001,0b62db0f-8759-4a61-a5b0-a086b4b62b3b,worker_4,coordinator_0,NET_TRANSFER,0.000100,0.158000,Signal Finished
2635494.199531,1001,0b62db0f-8759-4a61-a5b0-a086b4b62b3b,coordinator_0,worker_1,NET_TRANSFER,8.088511,647.230890,Distribute Layer ID: 74672852
2635494.262723,1001,0b62db0f-8759-4a61-a5b0-a086b4b62b3b,worker_1,worker_1,DISK_LOAD,8.088511,0.063191,"Disk -> RAM [Model: 0b62db0f, Layer: 74672852]"
2635494.325914,1001,0b62db0f-8759-4a61-a5b0-a086b4b62b3b,worker_1,worker_1,MEM_MOVE,8.088511,0.063191,"RAM -> VRAM [Model: 0b62db0f, Layer: 74672852]"
2635494.375914,1001,0b62db0f-8759-4a61-a5b0-a086b4b62b3b,worker_1,worker_1,GPU_COMPUTE,0.050000,0.050000,GPU Compute
2635494.533914,1001,0b62db0f-8759-4a61-a5b0-a086b4b62b3b,worker_1,coordinator_0,NET_TRANSFER,0.000100,0.158000,Signal Finished
2636090.698573,1001,0b62db0f-8759-4a61-a5b0-a086b4b62b3b,coordinator_0,worker_2,NET_TRANSFER,7.450183,596.164658,Distribute Layer ID: 41a3df27
2636090.756777,1001,0b62db0f-8759-4a61-a5b0-a086b4b62b3b,worker_2,worker_2,DISK_LOAD,7.450183,0.058205,"Disk -> RAM [Model: 0b62db0f, Layer: 41a3df27]"
2636090.814982,1001,0b62db0f-8759-4a61-a5b0-a086b4b62b3b,worker_2,worker_2,MEM_MOVE,7.450183,0.058205,"RAM -> VRAM [Model: 0b62db0f, Layer: 41a3df27]"
2636090.864982,1001,0b62db0f-8759-4a61-a5b0-a086b4b62b3b,worker_2,worker_2,GPU_COMPUTE,0.050000,0.050000,GPU Compute
2636091.022982,1001,0b62db0f-8759-4a61-a5b0-a086b4b62b3b,worker_2,coordinator_0,NET_TRANSFER,0.000100,0.158000,Signal Finished
2637033.791176,1001,0b62db0f-8759-4a61-a5b0-a086b4b62b3b,coordinator_0,worker_3,NET_TRANSFER,11.782727,942.768195,Distribute Layer ID: 2adf216e
2637033.883229,1001,0b62db0f-8759-4a61-a5b0-a086b4b62b3b,worker_3,worker_3,DISK_LOAD,11.782727,0.092053,"Disk -> RAM [Model: 0b62db0f, Layer: 2adf216e]"
2637033.975281,1001,0b62db0f-8759-4a61-a5b0-a086b4b62b3b,worker_3,worker_3,MEM_MOVE,11.782727,0.092053,"RAM -> VRAM [Model: 0b62db0f, Layer: 2adf216e]"
2637034.025281,1001,0b62db0f-8759-4a61-a5b0-a086b4b62b3b,worker_3,worker_3,GPU_COMPUTE,0.050000,0.050000,GPU Compute
2637034.183281,1001,0b62db0f-8759-4a61-a5b0-a086b4b62b3b,worker_3,coordinator_0,NET_TRANSFER,0.000100,0.158000,Signal Finished
2638165.519591,1001,0b62db0f-8759-4a61-a5b0-a086b4b62b3b,coordinator_0,worker_4,NET_TRANSFER,14.139829,1131.336310,Distribute Layer ID: e1a90537
2638165.623130,1001,0b62db0f-8759-4a61-a5b0-a086b4b62b3b,worker_4,worker_4,MEM_MOVE,13.252968,0.103539,"Evict VRAM -> RAM [Model: 8488e8d8, Layer: c5dda82b]"
2638165.683778,1001,0b62db0f-8759-4a61-a5b0-a086b4b62b3b,worker_4,worker_4,MEM_MOVE,7.762903,0.060648,"Evict VRAM -> RAM [Model: 8488e8d8, Layer: 5fe6db44]"
2638165.794245,1001,0b62db0f-8759-4a61-a5b0-a086b4b62b3b,worker_4,worker_4,DISK_LOAD,14.139829,0.110467,"Disk -> RAM [Model: 0b62db0f, Layer: e1a90537]"
2638165.904713,1001,0b62db0f-8759-4a61-a5b0-a086b4b62b3b,worker_4,worker_4,MEM_MOVE,14.139829,0.110467,"RAM -> VRAM [Model: 0b62db0f, Layer: e1a90537]"
2638165.954713,1001,0b62db0f-8759-4a61-a5b0-a086b4b62b3b,worker_4,worker_4,GPU_COMPUTE,0.050000,0.050000,GPU Compute
2638166.112713,1001,0b62db0f-8759-4a61-a5b0-a086b4b62b3b,worker_4,coordinator_0,NET_TRANSFER,0.000100,0.158000,Signal Finished
2638745.247484,1001,0b62db0f-8759-4a61-a5b0-a086b4b62b3b,coordinator_0,worker_1,NET_TRANSFER,7.237310,579.134772,Distribute Layer ID: a32ee892
2638745.304026,1001,0b62db0f-8759-4a61-a5b0-a086b4b62b3b,worker_1,worker_1,DISK_LOAD,7.237310,0.056541,"Disk -> RAM [Model: 0b62db0f, Layer: a32ee892]"
2638745.360567,1001,0b62db0f-8759-4a61-a5b0-a086b4b62b3b,worker_1,worker_1,MEM_MOVE,7.237310,0.056541,"RAM -> VRAM [Model: 0b62db0f, Layer: a32ee892]"
2638745.410567,1001,0b62db0f-8759-4a61-a5b0-a086b4b62b3b,worker_1,worker_1,GPU_COMPUTE,0.050000,0.050000,GPU Compute
2638745.568567,1001,0b62db0f-8759-4a61-a5b0-a086b4b62b3b,worker_1,coordinator_0,NET_TRANSFER,0.000100,0.158000,Signal Finished
2639827.011036,1001,0b62db0f-8759-4a61-a5b0-a086b4b62b3b,coordinator_0,worker_2,NET_TRANSFER,13.516156,1081.442469,Distribute Layer ID: 73bb013b
2639827.079357,1001,0b62db0f-8759-4a61-a5b0-a086b4b62b3b,worker_2,worker_2,MEM_MOVE,8.745017,0.068320,"Evict VRAM -> RAM [Model: 8488e8d8, Layer: fe6087fc]"
2639827.184952,1001,0b62db0f-8759-4a61-a5b0-a086b4b62b3b,worker_2,worker_2,DISK_LOAD,13.516156,0.105595,"Disk -> RAM [Model: 0b62db0f, Layer: 73bb013b]"
2639827.290547,1001,0b62db0f-8759-4a61-a5b0-a086b4b62b3b,worker_2,worker_2,MEM_MOVE,13.516156,0.105595,"RAM -> VRAM [Model: 0b62db0f, Layer: 73bb013b]"
2639827.340547,1001,0b62db0f-8759-4a61-a5b0-a086b4b62b3b,worker_2,worker_2,GPU_COMPUTE,0.050000,0.050000,GPU Compute
2639827.498547,1001,0b62db0f-8759-4a61-a5b0-a086b4b62b3b,worker_2,coordinator_0,NET_TRANSFER,0.000100,0.158000,Signal Finished
2640775.851796,1001,0b62db0f-8759-4a61-a5b0-a086b4b62b3b,coordinator_0,worker_3,NET_TRANSFER,11.852541,948.353249,Distribute Layer ID: 35758025
2640775.944394,1001,0b62db0f-8759-4a61-a5b0-a086b4b62b3b,worker_3,worker_3,DISK_LOAD,11.852541,0.092598,"Disk -> RAM [Model: 0b62db0f, Layer: 35758025]"
2640776.036992,1001,0b62db0f-8759-4a61-a5b0-a086b4b62b3b,worker_3,worker_3,MEM_MOVE,11.852541,0.092598,"RAM -> VRAM [Model: 0b62db0f, Layer: 35758025]"
2640776.086992,1001,0b62db0f-8759-4a61-a5b0-a086b4b62b3b,worker_3,worker_3,GPU_COMPUTE,0.050000,0.050000,GPU Compute
2640776.244992,1001,0b62db0f-8759-4a61-a5b0-a086b4b62b3b,worker_3,coordinator_0,NET_TRANSFER,0.000100,0.158000,Signal Finished
2641818.570654,1001,0b62db0f-8759-4a61-a5b0-a086b4b62b3b,coordinator_0,worker_4,NET_TRANSFER,13.027196,1042.325662,Distribute Layer ID: cfbf8c07
2641818.686172,1001,0b62db0f-8759-4a61-a5b0-a086b4b62b3b,worker_4,worker_4,MEM_MOVE,14.786320,0.115518,"Evict VRAM -> RAM [Model: 8488e8d8, Layer: 1cd8c033]"
2641818.787947,1001,0b62db0f-8759-4a61-a5b0-a086b4b62b3b,worker_4,worker_4,DISK_LOAD,13.027196,0.101775,"Disk -> RAM [Model: 0b62db0f, Layer: cfbf8c07]"
2641818.889722,1001,0b62db0f-8759-4a61-a5b0-a086b4b62b3b,worker_4,worker_4,MEM_MOVE,13.027196,0.101775,"RAM -> VRAM [Model: 0b62db0f, Layer: cfbf8c07]"
2641818.939722,1001,0b62db0f-8759-4a61-a5b0-a086b4b62b3b,worker_4,worker_4,GPU_COMPUTE,0.050000,0.050000,GPU Compute
2641819.097722,1001,0b62db0f-8759-4a61-a5b0-a086b4b62b3b,worker_4,coordinator_0,NET_TRANSFER,0.000100,0.158000,Signal Finished
2642806.163520,1001,0b62db0f-8759-4a61-a5b0-a086b4b62b3b,coordinator_0,worker_1,NET_TRANSFER,12.336447,987.065798,Distribute Layer ID: cac0ef1a
2642806.259898,1001,0b62db0f-8759-4a61-a5b0-a086b4b62b3b,worker_1,worker_1,DISK_LOAD,12.336447,0.096378,"Disk -> RAM [Model: 0b62db0f, Layer: cac0ef1a]"
2642806.356277,1001,0b62db0f-8759-4a61-a5b0-a086b4b62b3b,worker_1,worker_1,MEM_MOVE,12.336447,0.096378,"RAM -> VRAM [Model: 0b62db0f, Layer: cac0ef1a]"
2642806.406277,1001,0b62db0f-8759-4a61-a5b0-a086b4b62b3b,worker_1,worker_1,GPU_COMPUTE,0.050000,0.050000,GPU Compute
2642806.564277,1001,0b62db0f-8759-4a61-a5b0-a086b4b62b3b,worker_1,coordinator_0,NET_TRANSFER,0.000100,0.158000,Signal Finished
2643901.755583,1001,0b62db0f-8759-4a61-a5b0-a086b4b62b3b,coordinator_0,worker_2,NET_TRANSFER,13.688016,1095.191307,Distribute Layer ID: f0d17705
2643901.810369,1001,0b62db0f-8759-4a61-a5b0-a086b4b62b3b,worker_2,worker_2,MEM_MOVE,7.012502,0.054785,"Evict VRAM -> RAM [Model: 8488e8d8, Layer: a05cbd68]"
2643901.917306,1001,0b62db0f-8759-4a61-a5b0-a086b4b62b3b,worker_2,worker_2,DISK_LOAD,13.688016,0.106938,"Disk -> RAM [Model: 0b62db0f, Layer: f0d17705]"
2643902.024244,1001,0b62db0f-8759-4a61-a5b0-a086b4b62b3b,worker_2,worker_2,MEM_MOVE,13.688016,0.106938,"RAM -> VRAM [Model: 0b62db0f, Layer: f0d17705]"
2643902.074244,1001,0b62db0f-8759-4a61-a5b0-a086b4b62b3b,worker_2,worker_2,GPU_COMPUTE,0.050000,0.050000,GPU Compute
2643902.232244,1001,0b62db0f-8759-4a61-a5b0-a086b4b62b3b,worker_2,coordinator_0,NET_TRANSFER,0.000100,0.158000,Signal Finished
2643902.390244,5006,7b482c9c-fddc-4070-b1ff-d34c65aeddf9,client_5,coordinator_0,NET_TRANSFER,0.000100,0.158000,Request Model ID
2645010.453251,1001,0b62db0f-8759-4a61-a5b0-a086b4b62b3b,coordinator_0,worker_3,NET_TRANSFER,13.848913,1108.063007,Distribute Layer ID: 9e56618f
2645010.522789,1001,0b62db0f-8759-4a61-a5b0-a086b4b62b3b,worker_3,worker_3,MEM_MOVE,8.900893,0.069538,"Evict VRAM -> RAM [Model: 8488e8d8, Layer: 41828209]"
2645010.630984,1001,0b62db0f-8759-4a61-a5b0-a086b4b62b3b,worker_3,worker_3,DISK_LOAD,13.848913,0.108195,"Disk -> RAM [Model: 0b62db0f, Layer: 9e56618f]"
2645010.739179,1001,0b62db0f-8759-4a61-a5b0-a086b4b62b3b,worker_3,worker_3,MEM_MOVE,13.848913,0.108195,"RAM -> VRAM [Model: 0b62db0f, Layer: 9e56618f]"
2645010.789179,1001,0b62db0f-8759-4a61-a5b0-a086b4b62b3b,worker_3,worker_3,GPU_COMPUTE,0.050000,0.050000,GPU Compute
2645010.947179,1001,0b62db0f-8759-4a61-a5b0-a086b4b62b3b,worker_3,coordinator_0,NET_TRANSFER,0.000100,0.158000,Signal Finished
2645509.849952,1001,0b62db0f-8759-4a61-a5b0-a086b4b62b3b,coordinator_0,worker_4,NET_TRANSFER,6.234410,498.902773,Distribute Layer ID: 2a6c1e9f
2645509.898658,1001,0b62db0f-8759-4a61-a5b0-a086b4b62b3b,worker_4,worker_4,DISK_LOAD,6.234410,0.048706,"Disk -> RAM [Model: 0b62db0f, Layer: 2a6c1e9f]"
2645509.947364,1001,0b62db0f-8759-4a61-a5b0-a086b4b62b3b,worker_4,worker_4,MEM_MOVE,6.234410,0.048706,"RAM -> VRAM [Model: 0b62db0f, Layer: 2a6c1e9f]"
2645509.997364,1001,0b62db0f-8759-4a61-a5b0-a086b4b62b3b,worker_4,worker_4,GPU_COMPUTE,0.050000,0.050000,GPU Compute
2645510.155364,1001,0b62db0f-8759-4a61-a5b0-a086b4b62b3b,worker_4,coordinator_0,NET_TRANSFER,0.000100,0.158000,Signal Finished
2646164.281999,1001,0b62db0f-8759-4a61-a5b0-a086b4b62b3b,coordinator_0,worker_1,NET_TRANSFER,8.174708,654.126635,Distribute Layer ID: 65e0e70e
2646164.345864,1001,0b62db0f-8759-4a61-a5b0-a086b4b62b3b,worker_1,worker_1,DISK_LOAD,8.174708,0.063865,"Disk -> RAM [Model: 0b62db0f, Layer: 65e0e70e]"
2646164.409729,1001,0b62db0f-8759-4a61-a5b0-a086b4b62b3b,worker_1,worker_1,MEM_MOVE,8.174708,0.063865,"RAM -> VRAM [Model: 0b62db0f, Layer: 65e0e70e]"
2646164.459729,1001,0b62db0f-8759-4a61-a5b0-a086b4b62b3b,worker_1,worker_1,GPU_COMPUTE,0.050000,0.050000,GPU Compute
2646164.617729,1001,0b62db0f-8759-4a61-a5b0-a086b4b62b3b,worker_1,coordinator_0,NET_TRANSFER,0.000100,0.158000,Signal Finished
2646987.137562,1001,0b62db0f-8759-4a61-a5b0-a086b4b62b3b,coordinator_0,worker_2,NET_TRANSFER,10.279623,822.519833,Distribute Layer ID: f62f5a7d
2646987.235686,1001,0b62db0f-8759-4a61-a5b0-a086b4b62b3b,worker_2,worker_2,MEM_MOVE,12.559838,0.098124,"Evict VRAM -> RAM [Model: 8488e8d8, Layer: e23f6067]"
2646987.315995,1001,0b62db0f-8759-4a61-a5b0-a086b4b62b3b,worker_2,worker_2,DISK_LOAD,10.279623,0.080310,"Disk -> RAM [Model: 0b62db0f, Layer: f62f5a7d]"
2646987.396305,1001,0b62db0f-8759-4a61-a5b0-a086b4b62b3b,worker_2,worker_2,MEM_MOVE,10.279623,0.080310,"RAM -> VRAM [Model: 0b62db0f, Layer: f62f5a7d]"
2646987.446305,1001,0b62db0f-8759-4a61-a5b0-a086b4b62b3b,worker_2,worker_2,GPU_COMPUTE,0.050000,0.050000,GPU Compute
2646987.604305,1001,0b62db0f-8759-4a61-a5b0-a086b4b62b3b,worker_2,coordinator_0,NET_TRANSFER,0.000100,0.158000,Signal Finished
2647952.623191,1001,0b62db0f-8759-4a61-a5b0-a086b4b62b3b,coordinator_0,worker_3,NET_TRANSFER,12.060861,965.018886,Distribute Layer ID: b6feedae
2647952.663044,1001,0b62db0f-8759-4a61-a5b0-a086b4b62b3b,worker_3,worker_3,MEM_MOVE,5.101187,0.039853,"Evict VRAM -> RAM [Model: 8488e8d8, Layer: 89121407]"
2647952.778322,1001,0b62db0f-8759-4a61-a5b0-a086b4b62b3b,worker_3,worker_3,MEM_MOVE,14.755621,0.115278,"Evict VRAM -> RAM [Model: 8488e8d8, Layer: 5c289ecf]"
2647952.872547,1001,0b62db0f-8759-4a61-a5b0-a086b4b62b3b,worker_3,worker_3,DISK_LOAD,12.060861,0.094225,"Disk -> RAM [Model: 0b62db0f, Layer: b6feedae]"
2647952.966773,1001,0b62db0f-8759-4a61-a5b0-a086b4b62b3b,worker_3,worker_3,MEM_MOVE,12.060861,0.094225,"RAM -> VRAM [Model: 0b62db0f, Layer: b6feedae]"
2647953.016773,1001,0b62db0f-8759-4a61-a5b0-a086b4b62b3b,worker_3,worker_3,GPU_COMPUTE,0.050000,0.050000,GPU Compute
2647953.174773,1001,0b62db0f-8759-4a61-a5b0-a086b4b62b3b,worker_3,coordinator_0,NET_TRANSFER,0.000100,0.158000,Signal Finished
2647953.332773,7003,683e1def-e889-4ef7-a89d-272f6bad72d3,client_7,coordinator_0,NET_TRANSFER,0.000100,0.158000,Request Model ID
2647953.490773,8005,07ce1970-d96c-4f79-9d92-0a7594b4b14f,client_8,coordinator_0,NET_TRANSFER,0.000100,0.158000,Request Model ID
2647953.648773,8003,96bede22-9bcb-4b40-a1c3-153cbb84714c,client_8,coordinator_0,NET_TRANSFER,0.000100,0.158000,Request Model ID
2647953.806773,8003,7b482c9c-fddc-4070-b1ff-d34c65aeddf9,client_8,coordinator_0,NET_TRANSFER,0.000100,0.158000,Request Model ID
2647953.964773,2003,683e1def-e889-4ef7-a89d-272f6bad72d3,client_2,coordinator_0,NET_TRANSFER,0.000100,0.158000,Request Model ID
2647954.122773,10004,66483bae-9631-4d83-9c15-5f9509dbf81e,client_10,coordinator_0,NET_TRANSFER,0.000100,0.158000,Request Model ID
2647954.280773,10004,bdd36ae2-6ffc-42e7-b48e-12b94d23dc1c,client_10,coordinator_0,NET_TRANSFER,0.000100,0.158000,Request Model ID
2647954.438773,10004,9242bfae-2680-474f-abd2-115e84f6b68c,client_10,coordinator_0,NET_TRANSFER,0.000100,0.158000,Request Model ID
2647954.596773,1004,b2805f95-7fad-4a43-bf85-66ce3781b818,client_1,coordinator_0,NET_TRANSFER,0.000100,0.158000,Request Model ID
2647954.754773,1004,07ce1970-d96c-4f79-9d92-0a7594b4b14f,client_1,coordinator_0,NET_TRANSFER,0.000100,0.158000,Request Model ID
2647954.912773,6003,07a8404e-b389-42f4-9eba-f552b8fcd4a4,client_6,coordinator_0,NET_TRANSFER,0.000100,0.158000,Request Model ID
2647955.070773,4004,0c0edddb-db74-420e-be90-7edecacd0b9f,client_4,coordinator_0,NET_TRANSFER,0.000100,0.158000,Request Model ID
2647955.228773,7003,c058df17-9e88-4847-baf4-6e2c889e8d4d,client_7,coordinator_0,NET_TRANSFER,0.000100,0.158000,Request Model ID
2647955.386773,7003,334a2444-41d5-4755-9f47-d94f7c2a58be,client_7,coordinator_0,NET_TRANSFER,0.000100,0.158000,Request Model ID
2647955.544773,2003,5a4ddec2-471a-4cc9-bcfc-1c998571a64c,client_2,coordinator_0,NET_TRANSFER,0.000100,0.158000,Request Model ID
2647955.702773,2003,8233a468-234e-4a22-8166-33f25e165d96,client_2,coordinator_0,NET_TRANSFER,0.000100,0.158000,Request Model ID
2647955.860773,2003,f2f09d33-bafc-49ed-86c5-3675f4f61af7,client_2,coordinator_0,NET_TRANSFER,0.000100,0.158000,Request Model ID
2647956.018773,1004,e9ab481a-f9bf-42a7-921f-45125b9da313,client_1,coordinator_0,NET_TRANSFER,0.000100,0.158000,Request Model ID
2647956.176773,10004,9c81d38f-4803-4d2e-95b8-696113bfef4f,client_10,coordinator_0,NET_TRANSFER,0.000100,0.158000,Request Model ID
2647956.334773,5004,66483bae-9631-4d83-9c15-5f9509dbf81e,client_5,coordinator_0,NET_TRANSFER,0.000100,0.158000,Request Model ID
2647956.492773,5004,b2805f95-7fad-4a43-bf85-66ce3781b818,client_5,coordinator_0,NET_TRANSFER,0.000100,0.158000,Request Model ID
2647956.650773,3001,c058df17-9e88-4847-baf4-6e2c889e8d4d,coordinator_0,client_3,NET_TRANSFER,0.000100,0.158000,Signal: Cache Miss / Request Weights
2688753.108711,3001,c058df17-9e88-4847-baf4-6e2c889e8d4d,client_3,coordinator_0,NET_TRANSFER,509.953849,40796.457938,Upload Model Weights
2688753.266711,3003,e8282f9d-ace8-4cdf-b62c-3d9f466a71e1,client_3,coordinator_0,NET_TRANSFER,0.000100,0.158000,Request Model ID
2688753.424711,9005,7b482c9c-fddc-4070-b1ff-d34c65aeddf9,client_9,coordinator_0,NET_TRANSFER,0.000100,0.158000,Request Model ID
2688753.582711,3003,e9ab481a-f9bf-42a7-921f-45125b9da313,client_3,coordinator_0,NET_TRANSFER,0.000100,0.158000,Request Model ID
2688753.740711,9005,96bede22-9bcb-4b40-a1c3-153cbb84714c,client_9,coordinator_0,NET_TRANSFER,0.000100,0.158000,Request Model ID
2688753.898711,9005,9242bfae-2680-474f-abd2-115e84f6b68c,client_9,coordinator_0,NET_TRANSFER,0.000100,0.158000,Request Model ID
2688754.056711,9005,91008a79-010a-4e7f-82a9-d93d175b8acb,client_9,coordinator_0,NET_TRANSFER,0.000100,0.158000,Request Model ID
2688754.214711,9006,e9ab481a-f9bf-42a7-921f-45125b9da313,client_9,coordinator_0,NET_TRANSFER,0.000100,0.158000,Request Model ID
2688754.372711,5005,b23b9bcf-15a7-4d4a-87b3-f049d0b0b838,client_5,coordinator_0,NET_TRANSFER,0.000100,0.158000,Request Model ID
2688754.530711,8004,9880cbcf-8e6d-4dda-81c9-85768d11ec44,client_8,coordinator_0,NET_TRANSFER,0.000100,0.158000,Request Model ID
2688754.688711,10005,a886fc6a-5258-4d93-a875-f3db69b17d98,client_10,coordinator_0,NET_TRANSFER,0.000100,0.158000,Request Model ID
2688754.846711,1005,9e011bb9-a656-4e6c-9aeb-59dca6bd1381,client_1,coordinator_0,NET_TRANSFER,0.000100,0.158000,Request Model ID
2688755.004711,6004,e8282f9d-ace8-4cdf-b62c-3d9f466a71e1,client_6,coordinator_0,NET_TRANSFER,0.000100,0.158000,Request Model ID
2688755.162711,4005,f2f09d33-bafc-49ed-86c5-3675f4f61af7,client_4,coordinator_0,NET_TRANSFER,0.000100,0.158000,Request Model ID
2688755.320711,7004,5da2df27-cf63-4c4c-ae5e-62dac7a03a3d,client_7,coordinator_0,NET_TRANSFER,0.000100,0.158000,Request Model ID
2688755.478711,2004,5a4ddec2-471a-4cc9-bcfc-1c998571a64c,client_2,coordinator_0,NET_TRANSFER,0.000100,0.158000,Request Model ID
2688755.636711,3004,8aef3716-bc1e-4593-80d6-06b013ada169,client_3,coordinator_0,NET_TRANSFER,0.000100,0.158000,Request Model ID
2688755.794711,9006,c058df17-9e88-4847-baf4-6e2c889e8d4d,client_9,coordinator_0,NET_TRANSFER,0.000100,0.158000,Request Model ID
2688755.952711,9006,7f9a238b-9bd4-4b7f-8ef2-4365f6c2f382,client_9,coordinator_0,NET_TRANSFER,0.000100,0.158000,Request Model ID
2688756.110711,5005,c058df17-9e88-4847-baf4-6e2c889e8d4d,client_5,coordinator_0,NET_TRANSFER,0.000100,0.158000,Request Model ID
2688756.268711,5005,96bede22-9bcb-4b40-a1c3-153cbb84714c,client_5,coordinator_0,NET_TRANSFER,0.000100,0.158000,Request Model ID
2688756.426711,8004,c058df17-9e88-4847-baf4-6e2c889e8d4d,client_8,coordinator_0,NET_TRANSFER,0.000100,0.158000,Request Model ID
2688756.584711,8004,8488e8d8-c18c-49f8-8dc7-968d33f40119,client_8,coordinator_0,NET_TRANSFER,0.000100,0.158000,Request Model ID
2688756.742711,10005,bdd36ae2-6ffc-42e7-b48e-12b94d23dc1c,client_10,coordinator_0,NET_TRANSFER,0.000100,0.158000,Request Model ID
2688756.900711,10005,d039aa0d-a9b0-41b0-9698-e239ca19fdf4,client_10,coordinator_0,NET_TRANSFER,0.000100,0.158000,Request Model ID
2688757.058711,10005,9242bfae-2680-474f-abd2-115e84f6b68c,client_10,coordinator_0,NET_TRANSFER,0.000100,0.158000,Request Model ID
2688757.216711,1005,c058df17-9e88-4847-baf4-6e2c889e8d4d,client_1,coordinator_0,NET_TRANSFER,0.000100,0.158000,Request Model ID
2688757.374711,6004,c058df17-9e88-4847-baf4-6e2c889e8d4d,client_6,coordinator_0,NET_TRANSFER,0.000100,0.158000,Request Model ID
2688757.532711,6004,9c81d38f-4803-4d2e-95b8-696113bfef4f,client_6,coordinator_0,NET_TRANSFER,0.000100,0.158000,Request Model ID
2688757.690711,4005,b2805f95-7fad-4a43-bf85-66ce3781b818,client_4,coordinator_0,NET_TRANSFER,0.000100,0.158000,Request Model ID
2688757.848711,4005,7f9a238b-9bd4-4b7f-8ef2-4365f6c2f382,client_4,coordinator_0,NET_TRANSFER,0.000100,0.158000,Request Model ID
2688758.006711,4005,8488e8d8-c18c-49f8-8dc7-968d33f40119,client_4,coordinator_0,NET_TRANSFER,0.000100,0.158000,Request Model ID
2688758.164711,7004,d36a8feb-f69f-4ca5-8d20-dbd41cfd8e0d,client_7,coordinator_0,NET_TRANSFER,0.000100,0.158000,Request Model ID
2688758.322711,7004,0c0edddb-db74-420e-be90-7edecacd0b9f,client_7,coordinator_0,NET_TRANSFER,0.000100,0.158000,Request Model ID
2688758.480711,7004,334a2444-41d5-4755-9f47-d94f7c2a58be,client_7,coordinator_0,NET_TRANSFER,0.000100,0.158000,Request Model ID
2688758.638711,2004,07a8404e-b389-42f4-9eba-f552b8fcd4a4,client_2,coordinator_0,NET_TRANSFER,0.000100,0.158000,Request Model ID
2688758.796711,2004,b23b9bcf-15a7-4d4a-87b3-f049d0b0b838,client_2,coordinator_0,NET_TRANSFER,0.000100,0.158000,Request Model ID
2688758.954711,2004,44c74542-198d-4b82-96c7-01f6a8e6ad94,client_2,coordinator_0,NET_TRANSFER,0.000100,0.158000,Request Model ID
2688759.112711,3004,07a8404e-b389-42f4-9eba-f552b8fcd4a4,client_3,coordinator_0,NET_TRANSFER,0.000100,0.158000,Request Model ID
2688759.270711,3004,4cabb90d-8b50-47da-b9ae-45ffa75dabc9,client_3,coordinator_0,NET_TRANSFER,0.000100,0.158000,Request Model ID
2688759.428711,10006,d039aa0d-a9b0-41b0-9698-e239ca19fdf4,client_10,coordinator_0,NET_TRANSFER,0.000100,0.158000,Request Model ID
2688759.586711,1006,46d61b26-e813-4c81-9e06-f5172b67e1af,client_1,coordinator_0,NET_TRANSFER,0.000100,0.158000,Request Model ID
2688759.744711,6005,07ce1970-d96c-4f79-9d92-0a7594b4b14f,client_6,coordinator_0,NET_TRANSFER,0.000100,0.158000,Request Model ID
2688759.902711,4006,0c0edddb-db74-420e-be90-7edecacd0b9f,client_4,coordinator_0,NET_TRANSFER,0.000100,0.158000,Request Model ID
2688760.060711,7005,c058df17-9e88-4847-baf4-6e2c889e8d4d,client_7,coordinator_0,NET_TRANSFER,0.000100,0.158000,Request Model ID
2688760.218711,2005,e9ab481a-f9bf-42a7-921f-45125b9da313,client_2,coordinator_0,NET_TRANSFER,0.000100,0.158000,Request Model ID
2688760.376711,4006,c058df17-9e88-4847-baf4-6e2c889e8d4d,client_4,coordinator_0,NET_TRANSFER,0.000100,0.158000,Request Model ID
2688760.534711,10006,07ce1970-d96c-4f79-9d92-0a7594b4b14f,client_10,coordinator_0,NET_TRANSFER,0.000100,0.158000,Request Model ID
2688760.692711,1006,c058df17-9e88-4847-baf4-6e2c889e8d4d,client_1,coordinator_0,NET_TRANSFER,0.000100,0.158000,Request Model ID
2688760.850711,1006,9e011bb9-a656-4e6c-9aeb-59dca6bd1381,client_1,coordinator_0,NET_TRANSFER,0.000100,0.158000,Request Model ID
2688761.008711,6005,0c0edddb-db74-420e-be90-7edecacd0b9f,client_6,coordinator_0,NET_TRANSFER,0.000100,0.158000,Request Model ID
2688761.166711,6005,7f9a238b-9bd4-4b7f-8ef2-4365f6c2f382,client_6,coordinator_0,NET_TRANSFER,0.000100,0.158000,Request Model ID
2688761.324711,4006,66483bae-9631-4d83-9c15-5f9509dbf81e,client_4,coordinator_0,NET_TRANSFER,0.000100,0.158000,Request Model ID
2688761.482711,2005,c058df17-9e88-4847-baf4-6e2c889e8d4d,client_2,coordinator_0,NET_TRANSFER,0.000100,0.158000,Request Model ID
2688761.640711,2005,46d61b26-e813-4c81-9e06-f5172b67e1af,client_2,coordinator_0,NET_TRANSFER,0.000100,0.158000,Request Model ID
2688761.798711,6005,07a8404e-b389-42f4-9eba-f552b8fcd4a4,client_6,coordinator_0,NET_TRANSFER,0.000100,0.158000,Request Model ID
2688761.956711,8005,0c0edddb-db74-420e-be90-7edecacd0b9f,client_8,coordinator_0,NET_TRANSFER,0.000100,0.158000,Request Model ID
2688762.114711,9007,c058df17-9e88-4847-baf4-6e2c889e8d4d,client_9,coordinator_0,NET_TRANSFER,0.000100,0.158000,Request Model ID
2688762.272711,5006,8488e8d8-c18c-49f8-8dc7-968d33f40119,client_5,coordinator_0,NET_TRANSFER,0.000100,0.158000,Request Model ID
2688762.430711,5006,8aef3716-bc1e-4593-80d6-06b013ada169,client_5,coordinator_0,NET_TRANSFER,0.000100,0.158000,Request Model ID
2688762.588711,3005,c058df17-9e88-4847-baf4-6e2c889e8d4d,client_3,coordinator_0,NET_TRANSFER,0.000100,0.158000,Request Model ID
2688762.746711,7005,66483bae-9631-4d83-9c15-5f9509dbf81e,client_7,coordinator_0,NET_TRANSFER,0.000100,0.158000,Request Model ID
2688762.904711,10006,46d61b26-e813-4c81-9e06-f5172b67e1af,client_10,coordinator_0,NET_TRANSFER,0.000100,0.158000,Request Model ID
2688763.062711,3006,5da2df27-cf63-4c4c-ae5e-62dac7a03a3d,client_3,coordinator_0,NET_TRANSFER,0.000100,0.158000,Request Model ID
2688763.220711,3006,c058df17-9e88-4847-baf4-6e2c889e8d4d,client_3,coordinator_0,NET_TRANSFER,0.000100,0.158000,Request Model ID
2688763.378711,9008,3ab1386f-b0dd-491c-9007-5d1dc11f90a8,client_9,coordinator_0,NET_TRANSFER,0.000100,0.158000,Request Model ID
2688763.536711,9008,c058df17-9e88-4847-baf4-6e2c889e8d4d,client_9,coordinator_0,NET_TRANSFER,0.000100,0.158000,Request Model ID
2688763.694711,9008,9880cbcf-8e6d-4dda-81c9-85768d11ec44,client_9,coordinator_0,NET_TRANSFER,0.000100,0.158000,Request Model ID
2689694.185993,5000,07a8404e-b389-42f4-9eba-f552b8fcd4a4,coordinator_0,worker_4,NET_TRANSFER,11.629266,930.491283,Distribute Layer ID: 0f7f8af5
2689694.254753,5000,07a8404e-b389-42f4-9eba-f552b8fcd4a4,worker_4,worker_4,MEM_MOVE,8.801249,0.068760,"Evict VRAM -> RAM [Model: 8488e8d8, Layer: 9571c6a3]"
2689694.345607,5000,07a8404e-b389-42f4-9eba-f552b8fcd4a4,worker_4,worker_4,DISK_LOAD,11.629266,0.090854,"Disk -> RAM [Model: 07a8404e, Layer: 0f7f8af5]"
2689694.436461,5000,07a8404e-b389-42f4-9eba-f552b8fcd4a4,worker_4,worker_4,MEM_MOVE,11.629266,0.090854,"RAM -> VRAM [Model: 07a8404e, Layer: 0f7f8af5]"
2689694.486461,5000,07a8404e-b389-42f4-9eba-f552b8fcd4a4,worker_4,worker_4,GPU_COMPUTE,0.050000,0.050000,GPU Compute
2689694.644461,5000,07a8404e-b389-42f4-9eba-f552b8fcd4a4,worker_4,coordinator_0,NET_TRANSFER,0.000100,0.158000,Signal Finished
2690445.008955,5000,07a8404e-b389-42f4-9eba-f552b8fcd4a4,coordinator_0,worker_1,NET_TRANSFER,9.377681,750.364495,Distribute Layer ID: 113e6ae4
2690445.082218,5000,07a8404e-b389-42f4-9eba-f552b8fcd4a4,worker_1,worker_1,DISK_LOAD,9.377681,0.073263,"Disk -> RAM [Model: 07a8404e, Layer: 113e6ae4]"
2690445.155481,5000,07a8404e-b389-42f4-9eba-f552b8fcd4a4,worker_1,worker_1,MEM_MOVE,9.377681,0.073263,"RAM -> VRAM [Model: 07a8404e, Layer: 113e6ae4]"
2690445.205481,5000,07a8404e-b389-42f4-9eba-f552b8fcd4a4,worker_1,worker_1,GPU_COMPUTE,0.050000,0.050000,GPU Compute
2690445.363481,5000,07a8404e-b389-42f4-9eba-f552b8fcd4a4,worker_1,coordinator_0,NET_TRANSFER,0.000100,0.158000,Signal Finished
2691404.500640,5000,07a8404e-b389-42f4-9eba-f552b8fcd4a4,coordinator_0,worker_2,NET_TRANSFER,11.987339,959.137159,Distribute Layer ID: 2349191f
2691404.576165,5000,07a8404e-b389-42f4-9eba-f552b8fcd4a4,worker_2,worker_2,MEM_MOVE,9.667153,0.075525,"Evict VRAM -> RAM [Model: 8488e8d8, Layer: ec8ea38d]"
2691404.669816,5000,07a8404e-b389-42f4-9eba-f552b8fcd4a4,worker_2,worker_2,DISK_LOAD,11.987339,0.093651,"Disk -> RAM [Model: 07a8404e, Layer: 2349191f]"
2691404.763467,5000,07a8404e-b389-42f4-9eba-f552b8fcd4a4,worker_2,worker_2,MEM_MOVE,11.987339,0.093651,"RAM -> VRAM [Model: 07a8404e, Layer: 2349191f]"
2691404.813467,5000,07a8404e-b389-42f4-9eba-f552b8fcd4a4,worker_2,worker_2,GPU_COMPUTE,0.050000,0.050000,GPU Compute
2691404.971467,5000,07a8404e-b389-42f4-9eba-f552b8fcd4a4,worker_2,coordinator_0,NET_TRANSFER,0.000100,0.158000,Signal Finished
2691968.506928,5000,07a8404e-b389-42f4-9eba-f552b8fcd4a4,coordinator_0,worker_3,NET_TRANSFER,7.042318,563.535460,Distribute Layer ID: 9fc1157a
2691968.561946,5000,07a8404e-b389-42f4-9eba-f552b8fcd4a4,worker_3,worker_3,DISK_LOAD,7.042318,0.055018,"Disk -> RAM [Model: 07a8404e, Layer: 9fc1157a]"
2691968.616964,5000,07a8404e-b389-42f4-9eba-f552b8fcd4a4,worker_3,worker_3,MEM_MOVE,7.042318,0.055018,"RAM -> VRAM [Model: 07a8404e, Layer: 9fc1157a]"
2691968.666964,5000,07a8404e-b389-42f4-9eba-f552b8fcd4a4,worker_3,worker_3,GPU_COMPUTE,0.050000,0.050000,GPU Compute
2691968.824964,5000,07a8404e-b389-42f4-9eba-f552b8fcd4a4,worker_3,coordinator_0,NET_TRANSFER,0.000100,0.158000,Signal Finished
2692479.898745,5000,07a8404e-b389-42f4-9eba-f552b8fcd4a4,coordinator_0,worker_4,NET_TRANSFER,6.386547,511.073781,Distribute Layer ID: 67dcc60f
2692479.982266,5000,07a8404e-b389-42f4-9eba-f552b8fcd4a4,worker_4,worker_4,MEM_MOVE,10.690688,0.083521,"Evict VRAM -> RAM [Model: 8488e8d8, Layer: 9144e71b]"
2692480.032161,5000,07a8404e-b389-42f4-9eba-f552b8fcd4a4,worker_4,worker_4,DISK_LOAD,6.386547,0.049895,"Disk -> RAM [Model: 07a8404e, Layer: 67dcc60f]"
2692480.082056,5000,07a8404e-b389-42f4-9eba-f552b8fcd4a4,worker_4,worker_4,MEM_MOVE,6.386547,0.049895,"RAM -> VRAM [Model: 07a8404e, Layer: 67dcc60f]"
2692480.132056,5000,07a8404e-b389-42f4-9eba-f552b8fcd4a4,worker_4,worker_4,GPU_COMPUTE,0.050000,0.050000,GPU Compute
2692480.290056,5000,07a8404e-b389-42f4-9eba-f552b8fcd4a4,worker_4,coordinator_0,NET_TRANSFER,0.000100,0.158000,Signal Finished
2693047.824619,5000,07a8404e-b389-42f4-9eba-f552b8fcd4a4,coordinator_0,worker_1,NET_TRANSFER,7.092307,567.534563,Distribute Layer ID: a520eb49
2693047.880028,5000,07a8404e-b389-42f4-9eba-f552b8fcd4a4,worker_1,worker_1,DISK_LOAD,7.092307,0.055409,"Disk -> RAM [Model: 07a8404e, Layer: a520eb49]"
2693047.935436,5000,07a8404e-b389-42f4-9eba-f552b8fcd4a4,worker_1,worker_1,MEM_MOVE,7.092307,0.055409,"RAM -> VRAM [Model: 07a8404e, Layer: a520eb49]"
2693047.985436,5000,07a8404e-b389-42f4-9eba-f552b8fcd4a4,worker_1,worker_1,GPU_COMPUTE,0.050000,0.050000,GPU Compute
2693048.143436,5000,07a8404e-b389-42f4-9eba-f552b8fcd4a4,worker_1,coordinator_0,NET_TRANSFER,0.000100,0.158000,Signal Finished
2694020.251164,5000,07a8404e-b389-42f4-9eba-f552b8fcd4a4,coordinator_0,worker_2,NET_TRANSFER,12.149472,972.107727,Distribute Layer ID: e816e0c0
2694020.311878,5000,07a8404e-b389-42f4-9eba-f552b8fcd4a4,worker_2,worker_2,MEM_MOVE,7.771474,0.060715,"Evict VRAM -> RAM [Model: 8488e8d8, Layer: 73eaa7c8]"
2694020.397737,5000,07a8404e-b389-42f4-9eba-f552b8fcd4a4,worker_2,worker_2,MEM_MOVE,10.989938,0.085859,"Evict VRAM -> RAM [Model: 8488e8d8, Layer: 3ee85e2e]"
2694020.492655,5000,07a8404e-b389-42f4-9eba-f552b8fcd4a4,worker_2,worker_2,DISK_LOAD,12.149472,0.094918,"Disk -> RAM [Model: 07a8404e, Layer: e816e0c0]"
2694020.587573,5000,07a8404e-b389-42f4-9eba-f552b8fcd4a4,worker_2,worker_2,MEM_MOVE,12.149472,0.094918,"RAM -> VRAM [Model: 07a8404e, Layer: e816e0c0]"
2694020.637573,5000,07a8404e-b389-42f4-9eba-f552b8fcd4a4,worker_2,worker_2,GPU_COMPUTE,0.050000,0.050000,GPU Compute
2694020.795573,5000,07a8404e-b389-42f4-9eba-f552b8fcd4a4,worker_2,coordinator_0,NET_TRANSFER,0.000100,0.158000,Signal Finished
2694449.399823,5000,07a8404e-b389-42f4-9eba-f552b8fcd4a4,coordinator_0,worker_3,NET_TRANSFER,5.355678,428.604250,Distribute Layer ID: 26899cba
2694449.441664,5000,07a8404e-b389-42f4-9eba-f552b8fcd4a4,worker_3,worker_3,DISK_LOAD,5.355678,0.041841,"Disk -> RAM [Model: 07a8404e, Layer: 26899cba]"
2694449.483505,5000,07a8404e-b389-42f4-9eba-f552b8fcd4a4,worker_3,worker_3,MEM_MOVE,5.355678,0.041841,"RAM -> VRAM [Model: 07a8404e, Layer: 26899cba]"
2694449.533505,5000,07a8404e-b389-42f4-9eba-f552b8fcd4a4,worker_3,worker_3,GPU_COMPUTE,0.050000,0.050000,GPU Compute
2694449.691505,5000,07a8404e-b389-42f4-9eba-f552b8fcd4a4,worker_3,coordinator_0,NET_TRANSFER,0.000100,0.158000,Signal Finished
2695065.437872,5000,07a8404e-b389-42f4-9eba-f552b8fcd4a4,coordinator_0,worker_4,NET_TRANSFER,7.694955,615.746367,Distribute Layer ID: 1d48abd3
2695065.514173,5000,07a8404e-b389-42f4-9eba-f552b8fcd4a4,worker_4,worker_4,MEM_MOVE,9.766407,0.076300,"Evict VRAM -> RAM [Model: 8488e8d8, Layer: e479f24a]"
2695065.574289,5000,07a8404e-b389-42f4-9eba-f552b8fcd4a4,worker_4,worker_4,DISK_LOAD,7.694955,0.060117,"Disk -> RAM [Model: 07a8404e, Layer: 1d48abd3]"
2695065.634406,5000,07a8404e-b389-42f4-9eba-f552b8fcd4a4,worker_4,worker_4,MEM_MOVE,7.694955,0.060117,"RAM -> VRAM [Model: 07a8404e, Layer: 1d48abd3]"
2695065.684406,5000,07a8404e-b389-42f4-9eba-f552b8fcd4a4,worker_4,worker_4,GPU_COMPUTE,0.050000,0.050000,GPU Compute
2695065.842406,5000,07a8404e-b389-42f4-9eba-f552b8fcd4a4,worker_4,coordinator_0,NET_TRANSFER,0.000100,0.158000,Signal Finished
2695787.003886,5000,07a8404e-b389-42f4-9eba-f552b8fcd4a4,coordinator_0,worker_1,NET_TRANSFER,9.012644,721.161480,Distribute Layer ID: 8e1a073e
2695787.099335,5000,07a8404e-b389-42f4-9eba-f552b8fcd4a4,worker_1,worker_1,MEM_MOVE,12.217411,0.095449,"Evict VRAM -> RAM [Model: 8488e8d8, Layer: 337f4f8b]"
2695787.169746,5000,07a8404e-b389-42f4-9eba-f552b8fcd4a4,worker_1,worker_1,DISK_LOAD,9.012644,0.070411,"Disk -> RAM [Model: 07a8404e, Layer: 8e1a073e]"
2695787.240157,5000,07a8404e-b389-42f4-9eba-f552b8fcd4a4,worker_1,worker_1,MEM_MOVE,9.012644,0.070411,"RAM -> VRAM [Model: 07a8404e, Layer: 8e1a073e]"
2695787.290157,5000,07a8404e-b389-42f4-9eba-f552b8fcd4a4,worker_1,worker_1,GPU_COMPUTE,0.050000,0.050000,GPU Compute
2695787.448157,5000,07a8404e-b389-42f4-9eba-f552b8fcd4a4,worker_1,coordinator_0,NET_TRANSFER,0.000100,0.158000,Signal Finished
2696464.433101,5000,07a8404e-b389-42f4-9eba-f552b8fcd4a4,coordinator_0,worker_2,NET_TRANSFER,8.460437,676.984944,Distribute Layer ID: 0675b1c4
2696464.497076,5000,07a8404e-b389-42f4-9eba-f552b8fcd4a4,worker_2,worker_2,MEM_MOVE,8.188720,0.063974,"Evict VRAM -> RAM [Model: 8488e8d8, Layer: 698cb058]"
2696464.563173,5000,07a8404e-b389-42f4-9eba-f552b8fcd4a4,worker_2,worker_2,DISK_LOAD,8.460437,0.066097,"Disk -> RAM [Model: 07a8404e, Layer: 0675b1c4]"
2696464.629270,5000,07a8404e-b389-42f4-9eba-f552b8fcd4a4,worker_2,worker_2,MEM_MOVE,8.460437,0.066097,"RAM -> VRAM [Model: 07a8404e, Layer: 0675b1c4]"
2696464.679270,5000,07a8404e-b389-42f4-9eba-f552b8fcd4a4,worker_2,worker_2,GPU_COMPUTE,0.050000,0.050000,GPU Compute
2696464.837270,5000,07a8404e-b389-42f4-9eba-f552b8fcd4a4,worker_2,coordinator_0,NET_TRANSFER,0.000100,0.158000,Signal Finished
2697413.420130,5000,07a8404e-b389-42f4-9eba-f552b8fcd4a4,coordinator_0,worker_3,NET_TRANSFER,11.855411,948.582860,Distribute Layer ID: a612ca15
2697413.537145,5000,07a8404e-b389-42f4-9eba-f552b8fcd4a4,worker_3,worker_3,MEM_MOVE,14.977867,0.117015,"Evict VRAM -> RAM [Model: 8488e8d8, Layer: a88e22cf]"
2697413.629765,5000,07a8404e-b389-42f4-9eba-f552b8fcd4a4,worker_3,worker_3,DISK_LOAD,11.855411,0.092620,"Disk -> RAM [Model: 07a8404e, Layer: a612ca15]"
2697413.722386,5000,07a8404e-b389-42f4-9eba-f552b8fcd4a4,worker_3,worker_3,MEM_MOVE,11.855411,0.092620,"RAM -> VRAM [Model: 07a8404e, Layer: a612ca15]"
2697413.772386,5000,07a8404e-b389-42f4-9eba-f552b8fcd4a4,worker_3,worker_3,GPU_COMPUTE,0.050000,0.050000,GPU Compute
2697413.930386,5000,07a8404e-b389-42f4-9eba-f552b8fcd4a4,worker_3,coordinator_0,NET_TRANSFER,0.000100,0.158000,Signal Finished
2697921.340654,5000,07a8404e-b389-42f4-9eba-f552b8fcd4a4,coordinator_0,worker_4,NET_TRANSFER,6.340753,507.410269,Distribute Layer ID: 10f886e3
2697921.390191,5000,07a8404e-b389-42f4-9eba-f552b8fcd4a4,worker_4,worker_4,DISK_LOAD,6.340753,0.049537,"Disk -> RAM [Model: 07a8404e, Layer: 10f886e3]"
2697921.439729,5000,07a8404e-b389-42f4-9eba-f552b8fcd4a4,worker_4,worker_4,MEM_MOVE,6.340753,0.049537,"RAM -> VRAM [Model: 07a8404e, Layer: 10f886e3]"
2697921.489729,5000,07a8404e-b389-42f4-9eba-f552b8fcd4a4,worker_4,worker_4,GPU_COMPUTE,0.050000,0.050000,GPU Compute
2697921.647729,5000,07a8404e-b389-42f4-9eba-f552b8fcd4a4,worker_4,coordinator_0,NET_TRANSFER,0.000100,0.158000,Signal Finished
2698383.767175,5000,07a8404e-b389-42f4-9eba-f552b8fcd4a4,coordinator_0,worker_1,NET_TRANSFER,5.774618,462.119447,Distribute Layer ID: e2003dce
2698383.817775,5000,07a8404e-b389-42f4-9eba-f552b8fcd4a4,worker_1,worker_1,MEM_MOVE,6.476788,0.050600,"Evict VRAM -> RAM [Model: 8488e8d8, Layer: 18c65d64]"
2698383.862889,5000,07a8404e-b389-42f4-9eba-f552b8fcd4a4,worker_1,worker_1,DISK_LOAD,5.774618,0.045114,"Disk -> RAM [Model: 07a8404e, Layer: e2003dce]"
2698383.908004,5000,07a8404e-b389-42f4-9eba-f552b8fcd4a4,worker_1,worker_1,MEM_MOVE,5.774618,0.045114,"RAM -> VRAM [Model: 07a8404e, Layer: e2003dce]"
2698383.958004,5000,07a8404e-b389-42f4-9eba-f552b8fcd4a4,worker_1,worker_1,GPU_COMPUTE,0.050000,0.050000,GPU Compute
2698384.116004,5000,07a8404e-b389-42f4-9eba-f552b8fcd4a4,worker_1,coordinator_0,NET_TRANSFER,0.000100,0.158000,Signal Finished
2699143.303513,5000,07a8404e-b389-42f4-9eba-f552b8fcd4a4,coordinator_0,worker_2,NET_TRANSFER,9.487969,759.187510,Distribute Layer ID: 6ba395d3
2699143.390213,5000,07a8404e-b389-42f4-9eba-f552b8fcd4a4,worker_2,worker_2,MEM_MOVE,11.097542,0.086700,"Evict VRAM -> RAM [Model: 8488e8d8, Layer: d4f18df4]"
2699143.464338,5000,07a8404e-b389-42f4-9eba-f552b8fcd4a4,worker_2,worker_2,DISK_LOAD,9.487969,0.074125,"Disk -> RAM [Model: 07a8404e, Layer: 6ba395d3]"
2699143.538462,5000,07a8404e-b389-42f4-9eba-f552b8fcd4a4,worker_2,worker_2,MEM_MOVE,9.487969,0.074125,"RAM -> VRAM [Model: 07a8404e, Layer: 6ba395d3]"
2699143.588462,5000,07a8404e-b389-42f4-9eba-f552b8fcd4a4,worker_2,worker_2,GPU_COMPUTE,0.050000,0.050000,GPU Compute
2699143.746462,5000,07a8404e-b389-42f4-9eba-f552b8fcd4a4,worker_2,coordinator_0,NET_TRANSFER,0.000100,0.158000,Signal Finished
2700241.323927,5000,07a8404e-b389-42f4-9eba-f552b8fcd4a4,coordinator_0,worker_3,NET_TRANSFER,13.717843,1097.577465,Distribute Layer ID: b9343a5a
2700241.424573,5000,07a8404e-b389-42f4-9eba-f552b8fcd4a4,worker_3,worker_3,MEM_MOVE,12.882646,0.100646,"Evict VRAM -> RAM [Model: 8488e8d8, Layer: 3622647a]"
2700241.531744,5000,07a8404e-b389-42f4-9eba-f552b8fcd4a4,worker_3,worker_3,DISK_LOAD,13.717843,0.107171,"Disk -> RAM [Model: 07a8404e, Layer: b9343a5a]"
2700241.638914,5000,07a8404e-b389-42f4-9eba-f552b8fcd4a4,worker_3,worker_3,MEM_MOVE,13.717843,0.107171,"RAM -> VRAM [Model: 07a8404e, Layer: b9343a5a]"
2700241.688914,5000,07a8404e-b389-42f4-9eba-f552b8fcd4a4,worker_3,worker_3,GPU_COMPUTE,0.050000,0.050000,GPU Compute
2700241.846914,5000,07a8404e-b389-42f4-9eba-f552b8fcd4a4,worker_3,coordinator_0,NET_TRANSFER,0.000100,0.158000,Signal Finished
2700242.004914,9008,8aef3716-bc1e-4593-80d6-06b013ada169,client_9,coordinator_0,NET_TRANSFER,0.000100,0.158000,Request Model ID
2700242.162914,5007,07ce1970-d96c-4f79-9d92-0a7594b4b14f,client_5,coordinator_0,NET_TRANSFER,0.000100,0.158000,Request Model ID
2700242.320914,5007,5da2df27-cf63-4c4c-ae5e-62dac7a03a3d,client_5,coordinator_0,NET_TRANSFER,0.000100,0.158000,Request Model ID
2700242.478914,5007,b23b9bcf-15a7-4d4a-87b3-f049d0b0b838,client_5,coordinator_0,NET_TRANSFER,0.000100,0.158000,Request Model ID
2701224.075311,5000,07a8404e-b389-42f4-9eba-f552b8fcd4a4,coordinator_0,worker_4,NET_TRANSFER,12.268080,981.596396,Distribute Layer ID: 1e4a7515
2701224.192346,5000,07a8404e-b389-42f4-9eba-f552b8fcd4a4,worker_4,worker_4,MEM_MOVE,14.980462,0.117035,"Evict VRAM -> RAM [Model: 8488e8d8, Layer: b9190168]"
2701224.288190,5000,07a8404e-b389-42f4-9eba-f552b8fcd4a4,worker_4,worker_4,DISK_LOAD,12.268080,0.095844,"Disk -> RAM [Model: 07a8404e, Layer: 1e4a7515]"
2701224.384034,5000,07a8404e-b389-42f4-9eba-f552b8fcd4a4,worker_4,worker_4,MEM_MOVE,12.268080,0.095844,"RAM -> VRAM [Model: 07a8404e, Layer: 1e4a7515]"
2701224.434034,5000,07a8404e-b389-42f4-9eba-f552b8fcd4a4,worker_4,worker_4,GPU_COMPUTE,0.050000,0.050000,GPU Compute
2701224.592034,5000,07a8404e-b389-42f4-9eba-f552b8fcd4a4,worker_4,coordinator_0,NET_TRANSFER,0.000100,0.158000,Signal Finished
2701964.974733,5000,07a8404e-b389-42f4-9eba-f552b8fcd4a4,coordinator_0,worker_1,NET_TRANSFER,9.252909,740.382698,Distribute Layer ID: ea06a8b8
2701965.083628,5000,07a8404e-b389-42f4-9eba-f552b8fcd4a4,worker_1,worker_1,MEM_MOVE,13.938559,0.108895,"Evict VRAM -> RAM [Model: 8488e8d8, Layer: a54c2011]"
2701965.155916,5000,07a8404e-b389-42f4-9eba-f552b8fcd4a4,worker_1,worker_1,DISK_LOAD,9.252909,0.072288,"Disk -> RAM [Model: 07a8404e, Layer: ea06a8b8]"
2701965.228204,5000,07a8404e-b389-42f4-9eba-f552b8fcd4a4,worker_1,worker_1,MEM_MOVE,9.252909,0.072288,"RAM -> VRAM [Model: 07a8404e, Layer: ea06a8b8]"
2701965.278204,5000,07a8404e-b389-42f4-9eba-f552b8fcd4a4,worker_1,worker_1,GPU_COMPUTE,0.050000,0.050000,GPU Compute
2701965.436204,5000,07a8404e-b389-42f4-9eba-f552b8fcd4a4,worker_1,coordinator_0,NET_TRANSFER,0.000100,0.158000,Signal Finished
2702954.564895,5000,07a8404e-b389-42f4-9eba-f552b8fcd4a4,coordinator_0,worker_2,NET_TRANSFER,12.362234,989.128691,Distribute Layer ID: 59bcb7ed
2702954.677334,5000,07a8404e-b389-42f4-9eba-f552b8fcd4a4,worker_2,worker_2,MEM_MOVE,14.392167,0.112439,"Evict VRAM -> RAM [Model: 8488e8d8, Layer: 9d8a4ec1]"
2702954.773914,5000,07a8404e-b389-42f4-9eba-f552b8fcd4a4,worker_2,worker_2,DISK_LOAD,12.362234,0.096580,"Disk -> RAM [Model: 07a8404e, Layer: 59bcb7ed]"
2702954.870494,5000,07a8404e-b389-42f4-9eba-f552b8fcd4a4,worker_2,worker_2,MEM_MOVE,12.362234,0.096580,"RAM -> VRAM [Model: 07a8404e, Layer: 59bcb7ed]"
2702954.920494,5000,07a8404e-b389-42f4-9eba-f552b8fcd4a4,worker_2,worker_2,GPU_COMPUTE,0.050000,0.050000,GPU Compute
2702955.078494,5000,07a8404e-b389-42f4-9eba-f552b8fcd4a4,worker_2,coordinator_0,NET_TRANSFER,0.000100,0.158000,Signal Finished
2703544.898194,5000,07a8404e-b389-42f4-9eba-f552b8fcd4a4,coordinator_0,worker_3,NET_TRANSFER,7.370871,589.819701,Distribute Layer ID: d7838b81
2703544.999959,5000,07a8404e-b389-42f4-9eba-f552b8fcd4a4,worker_3,worker_3,MEM_MOVE,13.025904,0.101765,"Evict VRAM -> RAM [Model: 8488e8d8, Layer: 6a84b282]"
2703545.057544,5000,07a8404e-b389-42f4-9eba-f552b8fcd4a4,worker_3,worker_3,DISK_LOAD,7.370871,0.057585,"Disk -> RAM [Model: 07a8404e, Layer: d7838b81]"
2703545.115129,5000,07a8404e-b389-42f4-9eba-f552b8fcd4a4,worker_3,worker_3,MEM_MOVE,7.370871,0.057585,"RAM -> VRAM [Model: 07a8404e, Layer: d7838b81]"
2703545.165129,5000,07a8404e-b389-42f4-9eba-f552b8fcd4a4,worker_3,worker_3,GPU_COMPUTE,0.050000,0.050000,GPU Compute
2703545.323129,5000,07a8404e-b389-42f4-9eba-f552b8fcd4a4,worker_3,coordinator_0,NET_TRANSFER,0.000100,0.158000,Signal Finished
2704232.269597,5000,07a8404e-b389-42f4-9eba-f552b8fcd4a4,coordinator_0,worker_4,NET_TRANSFER,8.584956,686.946468,Distribute Layer ID: de63eb69
2704232.366725,5000,07a8404e-b389-42f4-9eba-f552b8fcd4a4,worker_4,worker_4,MEM_MOVE,12.432392,0.097128,"Evict VRAM -> RAM [Model: e8282f9d, Layer: 09694058]"
2704232.433795,5000,07a8404e-b389-42f4-9eba-f552b8fcd4a4,worker_4,worker_4,DISK_LOAD,8.584956,0.067070,"Disk -> RAM [Model: 07a8404e, Layer: de63eb69]"
2704232.500865,5000,07a8404e-b389-42f4-9eba-f552b8fcd4a4,worker_4,worker_4,MEM_MOVE,8.584956,0.067070,"RAM -> VRAM [Model: 07a8404e, Layer: de63eb69]"
2704232.550865,5000,07a8404e-b389-42f4-9eba-f552b8fcd4a4,worker_4,worker_4,GPU_COMPUTE,0.050000,0.050000,GPU Compute
2704232.708865,5000,07a8404e-b389-42f4-9eba-f552b8fcd4a4,worker_4,coordinator_0,NET_TRANSFER,0.000100,0.158000,Signal Finished
2705118.445210,5000,07a8404e-b389-42f4-9eba-f552b8fcd4a4,coordinator_0,worker_1,NET_TRANSFER,11.069829,885.736345,Distribute Layer ID: d6d737f2
2705118.485831,5000,07a8404e-b389-42f4-9eba-f552b8fcd4a4,worker_1,worker_1,MEM_MOVE,5.199437,0.040621,"Evict VRAM -> RAM [Model: 8488e8d8, Layer: 68c11897]"
2705118.572314,5000,07a8404e-b389-42f4-9eba-f552b8fcd4a4,worker_1,worker_1,DISK_LOAD,11.069829,0.086483,"Disk -> RAM [Model: 07a8404e, Layer: d6d737f2]"
2705118.658797,5000,07a8404e-b389-42f4-9eba-f552b8fcd4a4,worker_1,worker_1,MEM_MOVE,11.069829,0.086483,"RAM -> VRAM [Model: 07a8404e, Layer: d6d737f2]"
2705118.708797,5000,07a8404e-b389-42f4-9eba-f552b8fcd4a4,worker_1,worker_1,GPU_COMPUTE,0.050000,0.050000,GPU Compute
2705118.866797,5000,07a8404e-b389-42f4-9eba-f552b8fcd4a4,worker_1,coordinator_0,NET_TRANSFER,0.000100,0.158000,Signal Finished
2705539.459385,5000,07a8404e-b389-42f4-9eba-f552b8fcd4a4,coordinator_0,worker_2,NET_TRANSFER,5.255532,420.592588,Distribute Layer ID: 16b5a6e9
2705539.500444,5000,07a8404e-b389-42f4-9eba-f552b8fcd4a4,worker_2,worker_2,DISK_LOAD,5.255532,0.041059,"Disk -> RAM [Model: 07a8404e, Layer: 16b5a6e9]"
2705539.541502,5000,07a8404e-b389-42f4-9eba-f552b8fcd4a4,worker_2,worker_2,MEM_MOVE,5.255532,0.041059,"RAM -> VRAM [Model: 07a8404e, Layer: 16b5a6e9]"
2705539.591502,5000,07a8404e-b389-42f4-9eba-f552b8fcd4a4,worker_2,worker_2,GPU_COMPUTE,0.050000,0.050000,GPU Compute
2705539.749502,5000,07a8404e-b389-42f4-9eba-f552b8fcd4a4,worker_2,coordinator_0,NET_TRANSFER,0.000100,0.158000,Signal Finished
2706243.307294,5000,07a8404e-b389-42f4-9eba-f552b8fcd4a4,coordinator_0,worker_3,NET_TRANSFER,8.792597,703.557792,Distribute Layer ID: c5e006f9
2706243.375986,5000,07a8404e-b389-42f4-9eba-f552b8fcd4a4,worker_3,worker_3,DISK_LOAD,8.792597,0.068692,"Disk -> RAM [Model: 07a8404e, Layer: c5e006f9]"
2706243.444678,5000,07a8404e-b389-42f4-9eba-f552b8fcd4a4,worker_3,worker_3,MEM_MOVE,8.792597,0.068692,"RAM -> VRAM [Model: 07a8404e, Layer: c5e006f9]"
2706243.494678,5000,07a8404e-b389-42f4-9eba-f552b8fcd4a4,worker_3,worker_3,GPU_COMPUTE,0.050000,0.050000,GPU Compute
2706243.652678,5000,07a8404e-b389-42f4-9eba-f552b8fcd4a4,worker_3,coordinator_0,NET_TRANSFER,0.000100,0.158000,Signal Finished
2707183.794833,5000,07a8404e-b389-42f4-9eba-f552b8fcd4a4,coordinator_0,worker_4,NET_TRANSFER,11.749902,940.142155,Distribute Layer ID: 25fa23f1
2707183.882429,5000,07a8404e-b389-42f4-9eba-f552b8fcd4a4,worker_4,worker_4,MEM_MOVE,11.212257,0.087596,"Evict VRAM -> RAM [Model: e8282f9d, Layer: 525e3ce0]"
2707183.974225,5000,07a8404e-b389-42f4-9eba-f552b8fcd4a4,worker_4,worker_4,DISK_LOAD,11.749902,0.091796,"Disk -> RAM [Model: 07a8404e, Layer: 25fa23f1]"
2707184.066021,5000,07a8404e-b389-42f4-9eba-f552b8fcd4a4,worker_4,worker_4,MEM_MOVE,11.749902,0.091796,"RAM -> VRAM [Model: 07a8404e, Layer: 25fa23f1]"
2707184.116021,5000,07a8404e-b389-42f4-9eba-f552b8fcd4a4,worker_4,worker_4,GPU_COMPUTE,0.050000,0.050000,GPU Compute
2707184.274021,5000,07a8404e-b389-42f4-9eba-f552b8fcd4a4,worker_4,coordinator_0,NET_TRANSFER,0.000100,0.158000,Signal Finished
2707677.801470,5000,07a8404e-b389-42f4-9eba-f552b8fcd4a4,coordinator_0,worker_1,NET_TRANSFER,6.167218,493.527449,Distribute Layer ID: 9abaf2d7
2707677.843373,5000,07a8404e-b389-42f4-9eba-f552b8fcd4a4,worker_1,worker_1,MEM_MOVE,5.363601,0.041903,"Evict VRAM -> RAM [Model: 8488e8d8, Layer: 61740369]"
2707677.891555,5000,07a8404e-b389-42f4-9eba-f552b8fcd4a4,worker_1,worker_1,DISK_LOAD,6.167218,0.048181,"Disk -> RAM [Model: 07a8404e, Layer: 9abaf2d7]"
2707677.939736,5000,07a8404e-b389-42f4-9eba-f552b8fcd4a4,worker_1,worker_1,MEM_MOVE,6.167218,0.048181,"RAM -> VRAM [Model: 07a8404e, Layer: 9abaf2d7]"
2707677.989736,5000,07a8404e-b389-42f4-9eba-f552b8fcd4a4,worker_1,worker_1,GPU_COMPUTE,0.050000,0.050000,GPU Compute
2707678.147736,5000,07a8404e-b389-42f4-9eba-f552b8fcd4a4,worker_1,coordinator_0,NET_TRANSFER,0.000100,0.158000,Signal Finished
2708357.448819,5000,07a8404e-b389-42f4-9eba-f552b8fcd4a4,coordinator_0,worker_2,NET_TRANSFER,8.489389,679.301083,Distribute Layer ID: ea3d05f3
2708357.519954,5000,07a8404e-b389-42f4-9eba-f552b8fcd4a4,worker_2,worker_2,MEM_MOVE,9.105239,0.071135,"Evict VRAM -> RAM [Model: 8488e8d8, Layer: 99a99cc9]"
2708357.586277,5000,07a8404e-b389-42f4-9eba-f552b8fcd4a4,worker_2,worker_2,DISK_LOAD,8.489389,0.066323,"Disk -> RAM [Model: 07a8404e, Layer: ea3d05f3]"
2708357.652600,5000,07a8404e-b389-42f4-9eba-f552b8fcd4a4,worker_2,worker_2,MEM_MOVE,8.489389,0.066323,"RAM -> VRAM [Model: 07a8404e, Layer: ea3d05f3]"
2708357.702600,5000,07a8404e-b389-42f4-9eba-f552b8fcd4a4,worker_2,worker_2,GPU_COMPUTE,0.050000,0.050000,GPU Compute
2708357.860600,5000,07a8404e-b389-42f4-9eba-f552b8fcd4a4,worker_2,coordinator_0,NET_TRANSFER,0.000100,0.158000,Signal Finished
2709265.932761,5000,07a8404e-b389-42f4-9eba-f552b8fcd4a4,coordinator_0,worker_3,NET_TRANSFER,11.349027,908.072160,Distribute Layer ID: fc3dec53
2709265.985594,5000,07a8404e-b389-42f4-9eba-f552b8fcd4a4,worker_3,worker_3,MEM_MOVE,6.762629,0.052833,"Evict VRAM -> RAM [Model: 8488e8d8, Layer: d9214933]"
2709266.097413,5000,07a8404e-b389-42f4-9eba-f552b8fcd4a4,worker_3,worker_3,MEM_MOVE,14.312864,0.111819,"Evict VRAM -> RAM [Model: 8488e8d8, Layer: 90b3769c]"
2709266.186077,5000,07a8404e-b389-42f4-9eba-f552b8fcd4a4,worker_3,worker_3,DISK_LOAD,11.349027,0.088664,"Disk -> RAM [Model: 07a8404e, Layer: fc3dec53]"
2709266.274742,5000,07a8404e-b389-42f4-9eba-f552b8fcd4a4,worker_3,worker_3,MEM_MOVE,11.349027,0.088664,"RAM -> VRAM [Model: 07a8404e, Layer: fc3dec53]"
2709266.324742,5000,07a8404e-b389-42f4-9eba-f552b8fcd4a4,worker_3,worker_3,GPU_COMPUTE,0.050000,0.050000,GPU Compute
2709266.482742,5000,07a8404e-b389-42f4-9eba-f552b8fcd4a4,worker_3,coordinator_0,NET_TRANSFER,0.000100,0.158000,Signal Finished
2710094.459387,5000,07a8404e-b389-42f4-9eba-f552b8fcd4a4,coordinator_0,worker_4,NET_TRANSFER,10.347833,827.976646,Distribute Layer ID: 459a4af3
2710094.518813,5000,07a8404e-b389-42f4-9eba-f552b8fcd4a4,worker_4,worker_4,MEM_MOVE,7.606520,0.059426,"Evict VRAM -> RAM [Model: e8282f9d, Layer: a5807159]"
2710094.599656,5000,07a8404e-b389-42f4-9eba-f552b8fcd4a4,worker_4,worker_4,DISK_LOAD,10.347833,0.080842,"Disk -> RAM [Model: 07a8404e, Layer: 459a4af3]"
2710094.680498,5000,07a8404e-b389-42f4-9eba-f552b8fcd4a4,worker_4,worker_4,MEM_MOVE,10.347833,0.080842,"RAM -> VRAM [Model: 07a8404e, Layer: 459a4af3]"
2710094.730498,5000,07a8404e-b389-42f4-9eba-f552b8fcd4a4,worker_4,worker_4,GPU_COMPUTE,0.050000,0.050000,GPU Compute
2710094.888498,5000,07a8404e-b389-42f4-9eba-f552b8fcd4a4,worker_4,coordinator_0,NET_TRANSFER,0.000100,0.158000,Signal Finished
2710690.309001,5000,07a8404e-b389-42f4-9eba-f552b8fcd4a4,coordinator_0,worker_1,NET_TRANSFER,7.440881,595.420503,Distribute Layer ID: df1289a8
2710690.403065,5000,07a8404e-b389-42f4-9eba-f552b8fcd4a4,worker_1,worker_1,MEM_MOVE,12.040149,0.094064,"Evict VRAM -> RAM [Model: 8488e8d8, Layer: 654a7b73]"
2710690.461197,5000,07a8404e-b389-42f4-9eba-f552b8fcd4a4,worker_1,worker_1,DISK_LOAD,7.440881,0.058132,"Disk -> RAM [Model: 07a8404e, Layer: df1289a8]"
2710690.519329,5000,07a8404e-b389-42f4-9eba-f552b8fcd4a4,worker_1,worker_1,MEM_MOVE,7.440881,0.058132,"RAM -> VRAM [Model: 07a8404e, Layer: df1289a8]"
2710690.569329,5000,07a8404e-b389-42f4-9eba-f552b8fcd4a4,worker_1,worker_1,GPU_COMPUTE,0.050000,0.050000,GPU Compute
2710690.727329,5000,07a8404e-b389-42f4-9eba-f552b8fcd4a4,worker_1,coordinator_0,NET_TRANSFER,0.000100,0.158000,Signal Finished
2711533.214822,5000,07a8404e-b389-42f4-9eba-f552b8fcd4a4,coordinator_0,worker_2,NET_TRANSFER,10.529219,842.487494,Distribute Layer ID: 9fd1c1cf
2711533.304651,5000,07a8404e-b389-42f4-9eba-f552b8fcd4a4,worker_2,worker_2,MEM_MOVE,11.498086,0.089829,"Evict VRAM -> RAM [Model: e8282f9d, Layer: db156c36]"
2711533.386911,5000,07a8404e-b389-42f4-9eba-f552b8fcd4a4,worker_2,worker_2,DISK_LOAD,10.529219,0.082260,"Disk -> RAM [Model: 07a8404e, Layer: 9fd1c1cf]"
2711533.469170,5000,07a8404e-b389-42f4-9eba-f552b8fcd4a4,worker_2,worker_2,MEM_MOVE,10.529219,0.082260,"RAM -> VRAM [Model: 07a8404e, Layer: 9fd1c1cf]"
2711533.519170,5000,07a8404e-b389-42f4-9eba-f552b8fcd4a4,worker_2,worker_2,GPU_COMPUTE,0.050000,0.050000,GPU Compute
2711533.677170,5000,07a8404e-b389-42f4-9eba-f552b8fcd4a4,worker_2,coordinator_0,NET_TRANSFER,0.000100,0.158000,Signal Finished
2712501.165422,5000,07a8404e-b389-42f4-9eba-f552b8fcd4a4,coordinator_0,worker_3,NET_TRANSFER,12.091728,967.488252,Distribute Layer ID: 30fdf274
2712501.208884,5000,07a8404e-b389-42f4-9eba-f552b8fcd4a4,worker_3,worker_3,MEM_MOVE,5.563113,0.043462,"Evict VRAM -> RAM [Model: 8488e8d8, Layer: 2459eec9]"
2712501.303350,5000,07a8404e-b389-42f4-9eba-f552b8fcd4a4,worker_3,worker_3,DISK_LOAD,12.091728,0.094467,"Disk -> RAM [Model: 07a8404e, Layer: 30fdf274]"
2712501.397817,5000,07a8404e-b389-42f4-9eba-f552b8fcd4a4,worker_3,worker_3,MEM_MOVE,12.091728,0.094467,"RAM -> VRAM [Model: 07a8404e, Layer: 30fdf274]"
2712501.447817,5000,07a8404e-b389-42f4-9eba-f552b8fcd4a4,worker_3,worker_3,GPU_COMPUTE,0.050000,0.050000,GPU Compute
2712501.605817,5000,07a8404e-b389-42f4-9eba-f552b8fcd4a4,worker_3,coordinator_0,NET_TRANSFER,0.000100,0.158000,Signal Finished
2713157.917852,5000,07a8404e-b389-42f4-9eba-f552b8fcd4a4,coordinator_0,worker_4,NET_TRANSFER,8.202025,656.312035,Distribute Layer ID: fd2adc54
2713157.975390,5000,07a8404e-b389-42f4-9eba-f552b8fcd4a4,worker_4,worker_4,MEM_MOVE,7.364752,0.057537,"Evict VRAM -> RAM [Model: e8282f9d, Layer: 264fd8e7]"
2713158.039468,5000,07a8404e-b389-42f4-9eba-f552b8fcd4a4,worker_4,worker_4,DISK_LOAD,8.202025,0.064078,"Disk -> RAM [Model: 07a8404e, Layer: fd2adc54]"
2713158.103546,5000,07a8404e-b389-42f4-9eba-f552b8fcd4a4,worker_4,worker_4,MEM_MOVE,8.202025,0.064078,"RAM -> VRAM [Model: 07a8404e, Layer: fd2adc54]"
2713158.153546,5000,07a8404e-b389-42f4-9eba-f552b8fcd4a4,worker_4,worker_4,GPU_COMPUTE,0.050000,0.050000,GPU Compute
2713158.311546,5000,07a8404e-b389-42f4-9eba-f552b8fcd4a4,worker_4,coordinator_0,NET_TRANSFER,0.000100,0.158000,Signal Finished
2713966.550822,5000,07a8404e-b389-42f4-9eba-f552b8fcd4a4,coordinator_0,worker_1,NET_TRANSFER,10.101116,808.239275,Distribute Layer ID: 0192dc81
2713966.641164,5000,07a8404e-b389-42f4-9eba-f552b8fcd4a4,worker_1,worker_1,MEM_MOVE,11.563816,0.090342,"Evict VRAM -> RAM [Model: 8488e8d8, Layer: a2fee305]"
2713966.720079,5000,07a8404e-b389-42f4-9eba-f552b8fcd4a4,worker_1,worker_1,DISK_LOAD,10.101116,0.078915,"Disk -> RAM [Model: 07a8404e, Layer: 0192dc81]"
2713966.798994,5000,07a8404e-b389-42f4-9eba-f552b8fcd4a4,worker_1,worker_1,MEM_MOVE,10.101116,0.078915,"RAM -> VRAM [Model: 07a8404e, Layer: 0192dc81]"
2713966.848994,5000,07a8404e-b389-42f4-9eba-f552b8fcd4a4,worker_1,worker_1,GPU_COMPUTE,0.050000,0.050000,GPU Compute
2713967.006994,5000,07a8404e-b389-42f4-9eba-f552b8fcd4a4,worker_1,coordinator_0,NET_TRANSFER,0.000100,0.158000,Signal Finished
2714593.846525,5000,07a8404e-b389-42f4-9eba-f552b8fcd4a4,coordinator_0,worker_2,NET_TRANSFER,7.833619,626.839531,Distribute Layer ID: ff36746d
2714593.886810,5000,07a8404e-b389-42f4-9eba-f552b8fcd4a4,worker_2,worker_2,MEM_MOVE,5.156469,0.040285,"Evict VRAM -> RAM [Model: e8282f9d, Layer: 39c8756d]"
2714593.948010,5000,07a8404e-b389-42f4-9eba-f552b8fcd4a4,worker_2,worker_2,DISK_LOAD,7.833619,0.061200,"Disk -> RAM [Model: 07a8404e, Layer: ff36746d]"
2714594.009210,5000,07a8404e-b389-42f4-9eba-f552b8fcd4a4,worker_2,worker_2,MEM_MOVE,7.833619,0.061200,"RAM -> VRAM [Model: 07a8404e, Layer: ff36746d]"
2714594.059210,5000,07a8404e-b389-42f4-9eba-f552b8fcd4a4,worker_2,worker_2,GPU_COMPUTE,0.050000,0.050000,GPU Compute
2714594.217210,5000,07a8404e-b389-42f4-9eba-f552b8fcd4a4,worker_2,coordinator_0,NET_TRANSFER,0.000100,0.158000,Signal Finished
2715469.982967,5000,07a8404e-b389-42f4-9eba-f552b8fcd4a4,coordinator_0,worker_3,NET_TRANSFER,10.945197,875.765756,Distribute Layer ID: 7d83292d
2715470.036719,5000,07a8404e-b389-42f4-9eba-f552b8fcd4a4,worker_3,worker_3,MEM_MOVE,6.880289,0.053752,"Evict VRAM -> RAM [Model: 8488e8d8, Layer: ec9ebe64]"
2715470.122228,5000,07a8404e-b389-42f4-9eba-f552b8fcd4a4,worker_3,worker_3,DISK_LOAD,10.945197,0.085509,"Disk -> RAM [Model: 07a8404e, Layer: 7d83292d]"
2715470.207738,5000,07a8404e-b389-42f4-9eba-f552b8fcd4a4,worker_3,worker_3,MEM_MOVE,10.945197,0.085509,"RAM -> VRAM [Model: 07a8404e, Layer: 7d83292d]"
2715470.257738,5000,07a8404e-b389-42f4-9eba-f552b8fcd4a4,worker_3,worker_3,GPU_COMPUTE,0.050000,0.050000,GPU Compute
2715470.415738,5000,07a8404e-b389-42f4-9eba-f552b8fcd4a4,worker_3,coordinator_0,NET_TRANSFER,0.000100,0.158000,Signal Finished
2715888.067002,5000,07a8404e-b389-42f4-9eba-f552b8fcd4a4,coordinator_0,worker_4,NET_TRANSFER,5.218766,417.651264,Distribute Layer ID: dd3fbc92
2715888.175090,5000,07a8404e-b389-42f4-9eba-f552b8fcd4a4,worker_4,worker_4,MEM_MOVE,13.835261,0.108088,"Evict VRAM -> RAM [Model: e8282f9d, Layer: 3d0e34f5]"
2715888.215862,5000,07a8404e-b389-42f4-9eba-f552b8fcd4a4,worker_4,worker_4,DISK_LOAD,5.218766,0.040772,"Disk -> RAM [Model: 07a8404e, Layer: dd3fbc92]"
2715888.256633,5000,07a8404e-b389-42f4-9eba-f552b8fcd4a4,worker_4,worker_4,MEM_MOVE,5.218766,0.040772,"RAM -> VRAM [Model: 07a8404e, Layer: dd3fbc92]"
2715888.306633,5000,07a8404e-b389-42f4-9eba-f552b8fcd4a4,worker_4,worker_4,GPU_COMPUTE,0.050000,0.050000,GPU Compute
2715888.464633,5000,07a8404e-b389-42f4-9eba-f552b8fcd4a4,worker_4,coordinator_0,NET_TRANSFER,0.000100,0.158000,Signal Finished
2716311.593773,5000,07a8404e-b389-42f4-9eba-f552b8fcd4a4,coordinator_0,worker_1,NET_TRANSFER,5.287239,423.129140,Distribute Layer ID: 6101fb4a
2716311.635080,5000,07a8404e-b389-42f4-9eba-f552b8fcd4a4,worker_1,worker_1,DISK_LOAD,5.287239,0.041307,"Disk -> RAM [Model: 07a8404e, Layer: 6101fb4a]"
2716311.676386,5000,07a8404e-b389-42f4-9eba-f552b8fcd4a4,worker_1,worker_1,MEM_MOVE,5.287239,0.041307,"RAM -> VRAM [Model: 07a8404e, Layer: 6101fb4a]"
2716311.726386,5000,07a8404e-b389-42f4-9eba-f552b8fcd4a4,worker_1,worker_1,GPU_COMPUTE,0.050000,0.050000,GPU Compute
2716311.884386,5000,07a8404e-b389-42f4-9eba-f552b8fcd4a4,worker_1,coordinator_0,NET_TRANSFER,0.000100,0.158000,Signal Finished
2716861.469722,5000,07a8404e-b389-42f4-9eba-f552b8fcd4a4,coordinator_0,worker_2,NET_TRANSFER,6.867942,549.585335,Distribute Layer ID: 7b8901c4
2716861.515614,5000,07a8404e-b389-42f4-9eba-f552b8fcd4a4,worker_2,worker_2,MEM_MOVE,5.874184,0.045892,"Evict VRAM -> RAM [Model: e8282f9d, Layer: f795477e]"
2716861.569270,5000,07a8404e-b389-42f4-9eba-f552b8fcd4a4,worker_2,worker_2,DISK_LOAD,6.867942,0.053656,"Disk -> RAM [Model: 07a8404e, Layer: 7b8901c4]"
2716861.622925,5000,07a8404e-b389-42f4-9eba-f552b8fcd4a4,worker_2,worker_2,MEM_MOVE,6.867942,0.053656,"RAM -> VRAM [Model: 07a8404e, Layer: 7b8901c4]"
2716861.672925,5000,07a8404e-b389-42f4-9eba-f552b8fcd4a4,worker_2,worker_2,GPU_COMPUTE,0.050000,0.050000,GPU Compute
2716861.830925,5000,07a8404e-b389-42f4-9eba-f552b8fcd4a4,worker_2,coordinator_0,NET_TRANSFER,0.000100,0.158000,Signal Finished
2717915.087273,5000,07a8404e-b389-42f4-9eba-f552b8fcd4a4,coordinator_0,worker_3,NET_TRANSFER,13.163829,1053.256348,Distribute Layer ID: cbcf8d06
2717915.149028,5000,07a8404e-b389-42f4-9eba-f552b8fcd4a4,worker_3,worker_3,MEM_MOVE,7.904564,0.061754,"Evict VRAM -> RAM [Model: e8282f9d, Layer: 4a317503]"
2717915.194775,5000,07a8404e-b389-42f4-9eba-f552b8fcd4a4,worker_3,worker_3,MEM_MOVE,5.855592,0.045747,"Evict VRAM -> RAM [Model: e8282f9d, Layer: 5d0d8167]"
2717915.297617,5000,07a8404e-b389-42f4-9eba-f552b8fcd4a4,worker_3,worker_3,DISK_LOAD,13.163829,0.102842,"Disk -> RAM [Model: 07a8404e, Layer: cbcf8d06]"
2717915.400459,5000,07a8404e-b389-42f4-9eba-f552b8fcd4a4,worker_3,worker_3,MEM_MOVE,13.163829,0.102842,"RAM -> VRAM [Model: 07a8404e, Layer: cbcf8d06]"
2717915.450459,5000,07a8404e-b389-42f4-9eba-f552b8fcd4a4,worker_3,worker_3,GPU_COMPUTE,0.050000,0.050000,GPU Compute
2717915.608459,5000,07a8404e-b389-42f4-9eba-f552b8fcd4a4,worker_3,coordinator_0,NET_TRANSFER,0.000100,0.158000,Signal Finished
2718529.821840,5000,07a8404e-b389-42f4-9eba-f552b8fcd4a4,coordinator_0,worker_4,NET_TRANSFER,7.675792,614.213381,Distribute Layer ID: 91da1472
2718529.881807,5000,07a8404e-b389-42f4-9eba-f552b8fcd4a4,worker_4,worker_4,DISK_LOAD,7.675792,0.059967,"Disk -> RAM [Model: 07a8404e, Layer: 91da1472]"
2718529.941774,5000,07a8404e-b389-42f4-9eba-f552b8fcd4a4,worker_4,worker_4,MEM_MOVE,7.675792,0.059967,"RAM -> VRAM [Model: 07a8404e, Layer: 91da1472]"
2718529.991774,5000,07a8404e-b389-42f4-9eba-f552b8fcd4a4,worker_4,worker_4,GPU_COMPUTE,0.050000,0.050000,GPU Compute
2718530.149774,5000,07a8404e-b389-42f4-9eba-f552b8fcd4a4,worker_4,coordinator_0,NET_TRANSFER,0.000100,0.158000,Signal Finished
2719540.315795,5000,07a8404e-b389-42f4-9eba-f552b8fcd4a4,coordinator_0,worker_1,NET_TRANSFER,12.625200,1010.166020,Distribute Layer ID: fbe24e32
2719540.373642,5000,07a8404e-b389-42f4-9eba-f552b8fcd4a4,worker_1,worker_1,MEM_MOVE,7.404414,0.057847,"Evict VRAM -> RAM [Model: 8488e8d8, Layer: 7ed576fc]"
2719540.432367,5000,07a8404e-b389-42f4-9eba-f552b8fcd4a4,worker_1,worker_1,MEM_MOVE,7.516804,0.058725,"Evict VRAM -> RAM [Model: 8488e8d8, Layer: cbaa708a]"
2719540.531001,5000,07a8404e-b389-42f4-9eba-f552b8fcd4a4,worker_1,worker_1,DISK_LOAD,12.625200,0.098634,"Disk -> RAM [Model: 07a8404e, Layer: fbe24e32]"
2719540.629635,5000,07a8404e-b389-42f4-9eba-f552b8fcd4a4,worker_1,worker_1,MEM_MOVE,12.625200,0.098634,"RAM -> VRAM [Model: 07a8404e, Layer: fbe24e32]"
2719540.679635,5000,07a8404e-b389-42f4-9eba-f552b8fcd4a4,worker_1,worker_1,GPU_COMPUTE,0.050000,0.050000,GPU Compute
2719540.837635,5000,07a8404e-b389-42f4-9eba-f552b8fcd4a4,worker_1,coordinator_0,NET_TRANSFER,0.000100,0.158000,Signal Finished
2720223.348231,5000,07a8404e-b389-42f4-9eba-f552b8fcd4a4,coordinator_0,worker_2,NET_TRANSFER,8.529507,682.510596,Distribute Layer ID: cc980290
2720223.437840,5000,07a8404e-b389-42f4-9eba-f552b8fcd4a4,worker_2,worker_2,MEM_MOVE,11.469907,0.089609,"Evict VRAM -> RAM [Model: e8282f9d, Layer: c91c433e]"
2720223.504477,5000,07a8404e-b389-42f4-9eba-f552b8fcd4a4,worker_2,worker_2,DISK_LOAD,8.529507,0.066637,"Disk -> RAM [Model: 07a8404e, Layer: cc980290]"
2720223.571114,5000,07a8404e-b389-42f4-9eba-f552b8fcd4a4,worker_2,worker_2,MEM_MOVE,8.529507,0.066637,"RAM -> VRAM [Model: 07a8404e, Layer: cc980290]"
2720223.621114,5000,07a8404e-b389-42f4-9eba-f552b8fcd4a4,worker_2,worker_2,GPU_COMPUTE,0.050000,0.050000,GPU Compute
2720223.779114,5000,07a8404e-b389-42f4-9eba-f552b8fcd4a4,worker_2,coordinator_0,NET_TRANSFER,0.000100,0.158000,Signal Finished
2721067.131925,5000,07a8404e-b389-42f4-9eba-f552b8fcd4a4,coordinator_0,worker_3,NET_TRANSFER,10.540035,843.352811,Distribute Layer ID: db7164e4
2721067.232008,5000,07a8404e-b389-42f4-9eba-f552b8fcd4a4,worker_3,worker_3,MEM_MOVE,12.810704,0.100084,"Evict VRAM -> RAM [Model: e8282f9d, Layer: 7bb80658]"
2721067.314352,5000,07a8404e-b389-42f4-9eba-f552b8fcd4a4,worker_3,worker_3,DISK_LOAD,10.540035,0.082344,"Disk -> RAM [Model: 07a8404e, Layer: db7164e4]"
2721067.396697,5000,07a8404e-b389-42f4-9eba-f552b8fcd4a4,worker_3,worker_3,MEM_MOVE,10.540035,0.082344,"RAM -> VRAM [Model: 07a8404e, Layer: db7164e4]"
2721067.446697,5000,07a8404e-b389-42f4-9eba-f552b8fcd4a4,worker_3,worker_3,GPU_COMPUTE,0.050000,0.050000,GPU Compute
2721067.604697,5000,07a8404e-b389-42f4-9eba-f552b8fcd4a4,worker_3,coordinator_0,NET_TRANSFER,0.000100,0.158000,Signal Finished
2722012.147073,5000,07a8404e-b389-42f4-9eba-f552b8fcd4a4,coordinator_0,worker_4,NET_TRANSFER,11.804905,944.542376,Distribute Layer ID: 750c094f
2722012.213832,5000,07a8404e-b389-42f4-9eba-f552b8fcd4a4,worker_4,worker_4,MEM_MOVE,8.545116,0.066759,"Evict VRAM -> RAM [Model: e8282f9d, Layer: b3f8cc18]"
2722012.306058,5000,07a8404e-b389-42f4-9eba-f552b8fcd4a4,worker_4,worker_4,DISK_LOAD,11.804905,0.092226,"Disk -> RAM [Model: 07a8404e, Layer: 750c094f]"
2722012.398283,5000,07a8404e-b389-42f4-9eba-f552b8fcd4a4,worker_4,worker_4,MEM_MOVE,11.804905,0.092226,"RAM -> VRAM [Model: 07a8404e, Layer: 750c094f]"
2722012.448283,5000,07a8404e-b389-42f4-9eba-f552b8fcd4a4,worker_4,worker_4,GPU_COMPUTE,0.050000,0.050000,GPU Compute
2722012.606283,5000,07a8404e-b389-42f4-9eba-f552b8fcd4a4,worker_4,coordinator_0,NET_TRANSFER,0.000100,0.158000,Signal Finished
2722931.781462,5000,07a8404e-b389-42f4-9eba-f552b8fcd4a4,coordinator_0,worker_1,NET_TRANSFER,11.487815,919.175178,Distribute Layer ID: c2d398ff
2722931.832951,5000,07a8404e-b389-42f4-9eba-f552b8fcd4a4,worker_1,worker_1,MEM_MOVE,6.590647,0.051489,"Evict VRAM -> RAM [Model: 8488e8d8, Layer: c6b7fdd2]"
2722931.922700,5000,07a8404e-b389-42f4-9eba-f552b8fcd4a4,worker_1,worker_1,DISK_LOAD,11.487815,0.089749,"Disk -> RAM [Model: 07a8404e, Layer: c2d398ff]"
2722932.012448,5000,07a8404e-b389-42f4-9eba-f552b8fcd4a4,worker_1,worker_1,MEM_MOVE,11.487815,0.089749,"RAM -> VRAM [Model: 07a8404e, Layer: c2d398ff]"
2722932.062448,5000,07a8404e-b389-42f4-9eba-f552b8fcd4a4,worker_1,worker_1,GPU_COMPUTE,0.050000,0.050000,GPU Compute
2722932.220448,5000,07a8404e-b389-42f4-9eba-f552b8fcd4a4,worker_1,coordinator_0,NET_TRANSFER,0.000100,0.158000,Signal Finished
2723635.668349,5000,07a8404e-b389-42f4-9eba-f552b8fcd4a4,coordinator_0,worker_2,NET_TRANSFER,8.791224,703.447901,Distribute Layer ID: 5629f00c
2723635.770975,5000,07a8404e-b389-42f4-9eba-f552b8fcd4a4,worker_2,worker_2,MEM_MOVE,13.136143,0.102626,"Evict VRAM -> RAM [Model: e8282f9d, Layer: 861a752d]"
2723635.839657,5000,07a8404e-b389-42f4-9eba-f552b8fcd4a4,worker_2,worker_2,DISK_LOAD,8.791224,0.068681,"Disk -> RAM [Model: 07a8404e, Layer: 5629f00c]"
2723635.908338,5000,07a8404e-b389-42f4-9eba-f552b8fcd4a4,worker_2,worker_2,MEM_MOVE,8.791224,0.068681,"RAM -> VRAM [Model: 07a8404e, Layer: 5629f00c]"
2723635.958338,5000,07a8404e-b389-42f4-9eba-f552b8fcd4a4,worker_2,worker_2,GPU_COMPUTE,0.050000,0.050000,GPU Compute
2723636.116338,5000,07a8404e-b389-42f4-9eba-f552b8fcd4a4,worker_2,coordinator_0,NET_TRANSFER,0.000100,0.158000,Signal Finished
2724423.188294,5000,07a8404e-b389-42f4-9eba-f552b8fcd4a4,coordinator_0,worker_3,NET_TRANSFER,9.836524,787.071956,Distribute Layer ID: b8b3cdab
2724423.251298,5000,07a8404e-b389-42f4-9eba-f552b8fcd4a4,worker_3,worker_3,MEM_MOVE,8.064444,0.063003,"Evict VRAM -> RAM [Model: e8282f9d, Layer: dad6462c]"
2724423.328145,5000,07a8404e-b389-42f4-9eba-f552b8fcd4a4,worker_3,worker_3,DISK_LOAD,9.836524,0.076848,"Disk -> RAM [Model: 07a8404e, Layer: b8b3cdab]"
2724423.404993,5000,07a8404e-b389-42f4-9eba-f552b8fcd4a4,worker_3,worker_3,MEM_MOVE,9.836524,0.076848,"RAM -> VRAM [Model: 07a8404e, Layer: b8b3cdab]"
2724423.454993,5000,07a8404e-b389-42f4-9eba-f552b8fcd4a4,worker_3,worker_3,GPU_COMPUTE,0.050000,0.050000,GPU Compute
2724423.612993,5000,07a8404e-b389-42f4-9eba-f552b8fcd4a4,worker_3,coordinator_0,NET_TRANSFER,0.000100,0.158000,Signal Finished
2725058.562808,5000,07a8404e-b389-42f4-9eba-f552b8fcd4a4,coordinator_0,worker_4,NET_TRANSFER,7.934998,634.949815,Distribute Layer ID: 84f7f9c2
2725058.640165,5000,07a8404e-b389-42f4-9eba-f552b8fcd4a4,worker_4,worker_4,MEM_MOVE,9.901657,0.077357,"Evict VRAM -> RAM [Model: e8282f9d, Layer: aa8fb7d2]"
2725058.702157,5000,07a8404e-b389-42f4-9eba-f552b8fcd4a4,worker_4,worker_4,DISK_LOAD,7.934998,0.061992,"Disk -> RAM [Model: 07a8404e, Layer: 84f7f9c2]"
2725058.764149,5000,07a8404e-b389-42f4-9eba-f552b8fcd4a4,worker_4,worker_4,MEM_MOVE,7.934998,0.061992,"RAM -> VRAM [Model: 07a8404e, Layer: 84f7f9c2]"
2725058.814149,5000,07a8404e-b389-42f4-9eba-f552b8fcd4a4,worker_4,worker_4,GPU_COMPUTE,0.050000,0.050000,GPU Compute
2725058.972149,5000,07a8404e-b389-42f4-9eba-f552b8fcd4a4,worker_4,coordinator_0,NET_TRANSFER,0.000100,0.158000,Signal Finished
2725491.668875,5000,07a8404e-b389-42f4-9eba-f552b8fcd4a4,coordinator_0,worker_1,NET_TRANSFER,5.406834,432.696726,Distribute Layer ID: 0b5c2399
2725491.725394,5000,07a8404e-b389-42f4-9eba-f552b8fcd4a4,worker_1,worker_1,MEM_MOVE,7.234509,0.056520,"Evict VRAM -> RAM [Model: e8282f9d, Layer: 3ef01b44]"
2725491.767635,5000,07a8404e-b389-42f4-9eba-f552b8fcd4a4,worker_1,worker_1,DISK_LOAD,5.406834,0.042241,"Disk -> RAM [Model: 07a8404e, Layer: 0b5c2399]"
2725491.809876,5000,07a8404e-b389-42f4-9eba-f552b8fcd4a4,worker_1,worker_1,MEM_MOVE,5.406834,0.042241,"RAM -> VRAM [Model: 07a8404e, Layer: 0b5c2399]"
2725491.859876,5000,07a8404e-b389-42f4-9eba-f552b8fcd4a4,worker_1,worker_1,GPU_COMPUTE,0.050000,0.050000,GPU Compute
2725492.017876,5000,07a8404e-b389-42f4-9eba-f552b8fcd4a4,worker_1,coordinator_0,NET_TRANSFER,0.000100,0.158000,Signal Finished
2726246.184943,5000,07a8404e-b389-42f4-9eba-f552b8fcd4a4,coordinator_0,worker_2,NET_TRANSFER,9.425213,754.167067,Distribute Layer ID: 3090a326
2726246.258578,5000,07a8404e-b389-42f4-9eba-f552b8fcd4a4,worker_2,worker_2,DISK_LOAD,9.425213,0.073634,"Disk -> RAM [Model: 07a8404e, Layer: 3090a326]"
2726246.332212,5000,07a8404e-b389-42f4-9eba-f552b8fcd4a4,worker_2,worker_2,MEM_MOVE,9.425213,0.073634,"RAM -> VRAM [Model: 07a8404e, Layer: 3090a326]"
2726246.382212,5000,07a8404e-b389-42f4-9eba-f552b8fcd4a4,worker_2,worker_2,GPU_COMPUTE,0.050000,0.050000,GPU Compute
2726246.540212,5000,07a8404e-b389-42f4-9eba-f552b8fcd4a4,worker_2,coordinator_0,NET_TRANSFER,0.000100,0.158000,Signal Finished
2727021.300014,5000,07a8404e-b389-42f4-9eba-f552b8fcd4a4,coordinator_0,worker_3,NET_TRANSFER,9.682623,774.759802,Distribute Layer ID: c4988dec
2727021.348119,5000,07a8404e-b389-42f4-9eba-f552b8fcd4a4,worker_3,worker_3,MEM_MOVE,6.157440,0.048105,"Evict VRAM -> RAM [Model: e8282f9d, Layer: 9a3d18c0]"
2727021.443068,5000,07a8404e-b389-42f4-9eba-f552b8fcd4a4,worker_3,worker_3,MEM_MOVE,12.153496,0.094949,"Evict VRAM -> RAM [Model: e8282f9d, Layer: e2efc44f]"
2727021.518713,5000,07a8404e-b389-42f4-9eba-f552b8fcd4a4,worker_3,worker_3,DISK_LOAD,9.682623,0.075645,"Disk -> RAM [Model: 07a8404e, Layer: c4988dec]"
2727021.594359,5000,07a8404e-b389-42f4-9eba-f552b8fcd4a4,worker_3,worker_3,MEM_MOVE,9.682623,0.075645,"RAM -> VRAM [Model: 07a8404e, Layer: c4988dec]"
2727021.644359,5000,07a8404e-b389-42f4-9eba-f552b8fcd4a4,worker_3,worker_3,GPU_COMPUTE,0.050000,0.050000,GPU Compute
2727021.802359,5000,07a8404e-b389-42f4-9eba-f552b8fcd4a4,worker_3,coordinator_0,NET_TRANSFER,0.000100,0.158000,Signal Finished
2728236.145311,5000,07a8404e-b389-42f4-9eba-f552b8fcd4a4,coordinator_0,worker_4,NET_TRANSFER,15.177412,1214.342952,Distribute Layer ID: 1720c981
2728236.246483,5000,07a8404e-b389-42f4-9eba-f552b8fcd4a4,worker_4,worker_4,MEM_MOVE,12.949992,0.101172,"Evict VRAM -> RAM [Model: e8282f9d, Layer: 4b62c4ea]"
2728236.365056,5000,07a8404e-b389-42f4-9eba-f552b8fcd4a4,worker_4,worker_4,DISK_LOAD,15.177412,0.118574,"Disk -> RAM [Model: 07a8404e, Layer: 1720c981]"
2728236.483630,5000,07a8404e-b389-42f4-9eba-f552b8fcd4a4,worker_4,worker_4,MEM_MOVE,15.177412,0.118574,"RAM -> VRAM [Model: 07a8404e, Layer: 1720c981]"
2728236.533630,5000,07a8404e-b389-42f4-9eba-f552b8fcd4a4,worker_4,worker_4,GPU_COMPUTE,0.050000,0.050000,GPU Compute
2728236.691630,5000,07a8404e-b389-42f4-9eba-f552b8fcd4a4,worker_4,coordinator_0,NET_TRANSFER,0.000100,0.158000,Signal Finished
2728941.450559,5000,07a8404e-b389-42f4-9eba-f552b8fcd4a4,coordinator_0,worker_1,NET_TRANSFER,8.807612,704.758929,Distribute Layer ID: 85570caf
2728941.533099,5000,07a8404e-b389-42f4-9eba-f552b8fcd4a4,worker_1,worker_1,MEM_MOVE,10.565179,0.082540,"Evict VRAM -> RAM [Model: e8282f9d, Layer: 7ec3f5f8]"
2728941.601909,5000,07a8404e-b389-42f4-9eba-f552b8fcd4a4,worker_1,worker_1,DISK_LOAD,8.807612,0.068809,"Disk -> RAM [Model: 07a8404e, Layer: 85570caf]"
2728941.670718,5000,07a8404e-b389-42f4-9eba-f552b8fcd4a4,worker_1,worker_1,MEM_MOVE,8.807612,0.068809,"RAM -> VRAM [Model: 07a8404e, Layer: 85570caf]"
2728941.720718,5000,07a8404e-b389-42f4-9eba-f552b8fcd4a4,worker_1,worker_1,GPU_COMPUTE,0.050000,0.050000,GPU Compute
2728941.878718,5000,07a8404e-b389-42f4-9eba-f552b8fcd4a4,worker_1,coordinator_0,NET_TRANSFER,0.000100,0.158000,Signal Finished
2729753.470699,5000,07a8404e-b389-42f4-9eba-f552b8fcd4a4,coordinator_0,worker_2,NET_TRANSFER,10.143025,811.591981,Distribute Layer ID: 04811247
2729753.554168,5000,07a8404e-b389-42f4-9eba-f552b8fcd4a4,worker_2,worker_2,MEM_MOVE,10.684009,0.083469,"Evict VRAM -> RAM [Model: e8282f9d, Layer: d66d2a58]"
2729753.633410,5000,07a8404e-b389-42f4-9eba-f552b8fcd4a4,worker_2,worker_2,DISK_LOAD,10.143025,0.079242,"Disk -> RAM [Model: 07a8404e, Layer: 04811247]"
2729753.712653,5000,07a8404e-b389-42f4-9eba-f552b8fcd4a4,worker_2,worker_2,MEM_MOVE,10.143025,0.079242,"RAM -> VRAM [Model: 07a8404e, Layer: 04811247]"
2729753.762653,5000,07a8404e-b389-42f4-9eba-f552b8fcd4a4,worker_2,worker_2,GPU_COMPUTE,0.050000,0.050000,GPU Compute
2729753.920653,5000,07a8404e-b389-42f4-9eba-f552b8fcd4a4,worker_2,coordinator_0,NET_TRANSFER,0.000100,0.158000,Signal Finished
2730178.943173,5000,07a8404e-b389-42f4-9eba-f552b8fcd4a4,coordinator_0,worker_3,NET_TRANSFER,5.310907,425.022520,Distribute Layer ID: 11633c12
2730178.984664,5000,07a8404e-b389-42f4-9eba-f552b8fcd4a4,worker_3,worker_3,DISK_LOAD,5.310907,0.041491,"Disk -> RAM [Model: 07a8404e, Layer: 11633c12]"
2730179.026156,5000,07a8404e-b389-42f4-9eba-f552b8fcd4a4,worker_3,worker_3,MEM_MOVE,5.310907,0.041491,"RAM -> VRAM [Model: 07a8404e, Layer: 11633c12]"
2730179.076156,5000,07a8404e-b389-42f4-9eba-f552b8fcd4a4,worker_3,worker_3,GPU_COMPUTE,0.050000,0.050000,GPU Compute
2730179.234156,5000,07a8404e-b389-42f4-9eba-f552b8fcd4a4,worker_3,coordinator_0,NET_TRANSFER,0.000100,0.158000,Signal Finished
2731006.116798,5000,07a8404e-b389-42f4-9eba-f552b8fcd4a4,coordinator_0,worker_4,NET_TRANSFER,10.334158,826.882642,Distribute Layer ID: d979c7e9
2731006.214631,5000,07a8404e-b389-42f4-9eba-f552b8fcd4a4,worker_4,worker_4,MEM_MOVE,12.522685,0.097833,"Evict VRAM -> RAM [Model: 0c0edddb, Layer: 64163f79]"
2731006.295367,5000,07a8404e-b389-42f4-9eba-f552b8fcd4a4,worker_4,worker_4,DISK_LOAD,10.334158,0.080736,"Disk -> RAM [Model: 07a8404e, Layer: d979c7e9]"
2731006.376102,5000,07a8404e-b389-42f4-9eba-f552b8fcd4a4,worker_4,worker_4,MEM_MOVE,10.334158,0.080736,"RAM -> VRAM [Model: 07a8404e, Layer: d979c7e9]"
2731006.426102,5000,07a8404e-b389-42f4-9eba-f552b8fcd4a4,worker_4,worker_4,GPU_COMPUTE,0.050000,0.050000,GPU Compute
2731006.584102,5000,07a8404e-b389-42f4-9eba-f552b8fcd4a4,worker_4,coordinator_0,NET_TRANSFER,0.000100,0.158000,Signal Finished
2731976.035620,5000,07a8404e-b389-42f4-9eba-f552b8fcd4a4,coordinator_0,worker_1,NET_TRANSFER,12.116269,969.451518,Distribute Layer ID: a9521b49
2731976.087126,5000,07a8404e-b389-42f4-9eba-f552b8fcd4a4,worker_1,worker_1,MEM_MOVE,6.592756,0.051506,"Evict VRAM -> RAM [Model: e8282f9d, Layer: 790c4f89]"
2731976.137318,5000,07a8404e-b389-42f4-9eba-f552b8fcd4a4,worker_1,worker_1,MEM_MOVE,6.424500,0.050191,"Evict VRAM -> RAM [Model: e8282f9d, Layer: 0bc37fae]"
2731976.231976,5000,07a8404e-b389-42f4-9eba-f552b8fcd4a4,worker_1,worker_1,DISK_LOAD,12.116269,0.094658,"Disk -> RAM [Model: 07a8404e, Layer: a9521b49]"
2731976.326634,5000,07a8404e-b389-42f4-9eba-f552b8fcd4a4,worker_1,worker_1,MEM_MOVE,12.116269,0.094658,"RAM -> VRAM [Model: 07a8404e, Layer: a9521b49]"
2731976.376634,5000,07a8404e-b389-42f4-9eba-f552b8fcd4a4,worker_1,worker_1,GPU_COMPUTE,0.050000,0.050000,GPU Compute
2731976.534634,5000,07a8404e-b389-42f4-9eba-f552b8fcd4a4,worker_1,coordinator_0,NET_TRANSFER,0.000100,0.158000,Signal Finished
2732596.723768,5000,07a8404e-b389-42f4-9eba-f552b8fcd4a4,coordinator_0,worker_2,NET_TRANSFER,7.750489,620.189134,Distribute Layer ID: 659af6ca
2732596.818408,5000,07a8404e-b389-42f4-9eba-f552b8fcd4a4,worker_2,worker_2,MEM_MOVE,12.113895,0.094640,"Evict VRAM -> RAM [Model: e8282f9d, Layer: a7072d07]"
2732596.878959,5000,07a8404e-b389-42f4-9eba-f552b8fcd4a4,worker_2,worker_2,DISK_LOAD,7.750489,0.060551,"Disk -> RAM [Model: 07a8404e, Layer: 659af6ca]"
2732596.939510,5000,07a8404e-b389-42f4-9eba-f552b8fcd4a4,worker_2,worker_2,MEM_MOVE,7.750489,0.060551,"RAM -> VRAM [Model: 07a8404e, Layer: 659af6ca]"
2732596.989510,5000,07a8404e-b389-42f4-9eba-f552b8fcd4a4,worker_2,worker_2,GPU_COMPUTE,0.050000,0.050000,GPU Compute
2732597.147510,5000,07a8404e-b389-42f4-9eba-f552b8fcd4a4,worker_2,coordinator_0,NET_TRANSFER,0.000100,0.158000,Signal Finished
2732969.750096,10001,9c81d38f-4803-4d2e-95b8-696113bfef4f,coordinator_0,worker_1,NET_TRANSFER,4.655657,372.602586,Distribute Layer ID: 7e01881f
2732969.786468,10001,9c81d38f-4803-4d2e-95b8-696113bfef4f,worker_1,worker_1,DISK_LOAD,4.655657,0.036372,"Disk -> RAM [Model: 9c81d38f, Layer: 7e01881f]"
2732969.822840,10001,9c81d38f-4803-4d2e-95b8-696113bfef4f,worker_1,worker_1,MEM_MOVE,4.655657,0.036372,"RAM -> VRAM [Model: 9c81d38f, Layer: 7e01881f]"
2732969.872840,10001,9c81d38f-4803-4d2e-95b8-696113bfef4f,worker_1,worker_1,GPU_COMPUTE,0.050000,0.050000,GPU Compute
2732970.030840,10001,9c81d38f-4803-4d2e-95b8-696113bfef4f,worker_1,coordinator_0,NET_TRANSFER,0.000100,0.158000,Signal Finished
2733842.538301,10001,9c81d38f-4803-4d2e-95b8-696113bfef4f,coordinator_0,worker_2,NET_TRANSFER,10.904468,872.507461,Distribute Layer ID: f3b90d3d
2733842.585906,10001,9c81d38f-4803-4d2e-95b8-696113bfef4f,worker_2,worker_2,MEM_MOVE,6.093418,0.047605,"Evict VRAM -> RAM [Model: e8282f9d, Layer: 44d8b0f7]"
2733842.671097,10001,9c81d38f-4803-4d2e-95b8-696113bfef4f,worker_2,worker_2,DISK_LOAD,10.904468,0.085191,"Disk -> RAM [Model: 9c81d38f, Layer: f3b90d3d]"
2733842.756288,10001,9c81d38f-4803-4d2e-95b8-696113bfef4f,worker_2,worker_2,MEM_MOVE,10.904468,0.085191,"RAM -> VRAM [Model: 9c81d38f, Layer: f3b90d3d]"
2733842.806288,10001,9c81d38f-4803-4d2e-95b8-696113bfef4f,worker_2,worker_2,GPU_COMPUTE,0.050000,0.050000,GPU Compute
2733842.964288,10001,9c81d38f-4803-4d2e-95b8-696113bfef4f,worker_2,coordinator_0,NET_TRANSFER,0.000100,0.158000,Signal Finished
2734792.505780,10001,9c81d38f-4803-4d2e-95b8-696113bfef4f,coordinator_0,worker_3,NET_TRANSFER,11.867394,949.541492,Distribute Layer ID: c7098950
2734792.609640,10001,9c81d38f-4803-4d2e-95b8-696113bfef4f,worker_3,worker_3,MEM_MOVE,13.294092,0.103860,"Evict VRAM -> RAM [Model: e8282f9d, Layer: 06c7a51a]"
2734792.702354,10001,9c81d38f-4803-4d2e-95b8-696113bfef4f,worker_3,worker_3,DISK_LOAD,11.867394,0.092714,"Disk -> RAM [Model: 9c81d38f, Layer: c7098950]"
2734792.795068,10001,9c81d38f-4803-4d2e-95b8-696113bfef4f,worker_3,worker_3,MEM_MOVE,11.867394,0.092714,"RAM -> VRAM [Model: 9c81d38f, Layer: c7098950]"
2734792.845068,10001,9c81d38f-4803-4d2e-95b8-696113bfef4f,worker_3,worker_3,GPU_COMPUTE,0.050000,0.050000,GPU Compute
2734793.003068,10001,9c81d38f-4803-4d2e-95b8-696113bfef4f,worker_3,coordinator_0,NET_TRANSFER,0.000100,0.158000,Signal Finished
2735750.880238,10001,9c81d38f-4803-4d2e-95b8-696113bfef4f,coordinator_0,worker_4,NET_TRANSFER,11.971590,957.877170,Distribute Layer ID: 7778d762
2735750.988304,10001,9c81d38f-4803-4d2e-95b8-696113bfef4f,worker_4,worker_4,MEM_MOVE,13.832468,0.108066,"Evict VRAM -> RAM [Model: 0c0edddb, Layer: 41452399]"
2735751.081832,10001,9c81d38f-4803-4d2e-95b8-696113bfef4f,worker_4,worker_4,DISK_LOAD,11.971590,0.093528,"Disk -> RAM [Model: 9c81d38f, Layer: 7778d762]"
2735751.175360,10001,9c81d38f-4803-4d2e-95b8-696113bfef4f,worker_4,worker_4,MEM_MOVE,11.971590,0.093528,"RAM -> VRAM [Model: 9c81d38f, Layer: 7778d762]"
2735751.225360,10001,9c81d38f-4803-4d2e-95b8-696113bfef4f,worker_4,worker_4,GPU_COMPUTE,0.050000,0.050000,GPU Compute
2735751.383360,10001,9c81d38f-4803-4d2e-95b8-696113bfef4f,worker_4,coordinator_0,NET_TRANSFER,0.000100,0.158000,Signal Finished
2736383.281900,10001,9c81d38f-4803-4d2e-95b8-696113bfef4f,coordinator_0,worker_1,NET_TRANSFER,7.896857,631.898539,Distribute Layer ID: 377b6260
2736383.335879,10001,9c81d38f-4803-4d2e-95b8-696113bfef4f,worker_1,worker_1,MEM_MOVE,6.909380,0.053980,"Evict VRAM -> RAM [Model: e8282f9d, Layer: 46840b68]"
2736383.397573,10001,9c81d38f-4803-4d2e-95b8-696113bfef4f,worker_1,worker_1,DISK_LOAD,7.896857,0.061694,"Disk -> RAM [Model: 9c81d38f, Layer: 377b6260]"
2736383.459268,10001,9c81d38f-4803-4d2e-95b8-696113bfef4f,worker_1,worker_1,MEM_MOVE,7.896857,0.061694,"RAM -> VRAM [Model: 9c81d38f, Layer: 377b6260]"
2736383.509268,10001,9c81d38f-4803-4d2e-95b8-696113bfef4f,worker_1,worker_1,GPU_COMPUTE,0.050000,0.050000,GPU Compute
2736383.667268,10001,9c81d38f-4803-4d2e-95b8-696113bfef4f,worker_1,coordinator_0,NET_TRANSFER,0.000100,0.158000,Signal Finished
2737381.590870,10001,9c81d38f-4803-4d2e-95b8-696113bfef4f,coordinator_0,worker_2,NET_TRANSFER,12.472170,997.923602,Distribute Layer ID: d5e54dee
2737381.700036,10001,9c81d38f-4803-4d2e-95b8-696113bfef4f,worker_2,worker_2,MEM_MOVE,13.973322,0.109167,"Evict VRAM -> RAM [Model: e8282f9d, Layer: 7d3a32aa]"
2737381.797475,10001,9c81d38f-4803-4d2e-95b8-696113bfef4f,worker_2,worker_2,DISK_LOAD,12.472170,0.097439,"Disk -> RAM [Model: 9c81d38f, Layer: d5e54dee]"
2737381.894914,10001,9c81d38f-4803-4d2e-95b8-696113bfef4f,worker_2,worker_2,MEM_MOVE,12.472170,0.097439,"RAM -> VRAM [Model: 9c81d38f, Layer: d5e54dee]"
2737381.944914,10001,9c81d38f-4803-4d2e-95b8-696113bfef4f,worker_2,worker_2,GPU_COMPUTE,0.050000,0.050000,GPU Compute
2737382.102914,10001,9c81d38f-4803-4d2e-95b8-696113bfef4f,worker_2,coordinator_0,NET_TRANSFER,0.000100,0.158000,Signal Finished
2738342.858929,10001,9c81d38f-4803-4d2e-95b8-696113bfef4f,coordinator_0,worker_3,NET_TRANSFER,12.007575,960.756016,Distribute Layer ID: 62ddc759
2738342.911809,10001,9c81d38f-4803-4d2e-95b8-696113bfef4f,worker_3,worker_3,MEM_MOVE,6.768615,0.052880,"Evict VRAM -> RAM [Model: e8282f9d, Layer: 7e924389]"
2738343.005618,10001,9c81d38f-4803-4d2e-95b8-696113bfef4f,worker_3,worker_3,DISK_LOAD,12.007575,0.093809,"Disk -> RAM [Model: 9c81d38f, Layer: 62ddc759]"
2738343.099428,10001,9c81d38f-4803-4d2e-95b8-696113bfef4f,worker_3,worker_3,MEM_MOVE,12.007575,0.093809,"RAM -> VRAM [Model: 9c81d38f, Layer: 62ddc759]"
2738343.149428,10001,9c81d38f-4803-4d2e-95b8-696113bfef4f,worker_3,worker_3,GPU_COMPUTE,0.050000,0.050000,GPU Compute
2738343.307428,10001,9c81d38f-4803-4d2e-95b8-696113bfef4f,worker_3,coordinator_0,NET_TRANSFER,0.000100,0.158000,Signal Finished
2739342.202397,10001,9c81d38f-4803-4d2e-95b8-696113bfef4f,coordinator_0,worker_4,NET_TRANSFER,12.484312,998.894969,Distribute Layer ID: c1e6ad58
2739342.305876,10001,9c81d38f-4803-4d2e-95b8-696113bfef4f,worker_4,worker_4,MEM_MOVE,13.245291,0.103479,"Evict VRAM -> RAM [Model: 0c0edddb, Layer: 087cd395]"
2739342.403409,10001,9c81d38f-4803-4d2e-95b8-696113bfef4f,worker_4,worker_4,DISK_LOAD,12.484312,0.097534,"Disk -> RAM [Model: 9c81d38f, Layer: c1e6ad58]"
2739342.500943,10001,9c81d38f-4803-4d2e-95b8-696113bfef4f,worker_4,worker_4,MEM_MOVE,12.484312,0.097534,"RAM -> VRAM [Model: 9c81d38f, Layer: c1e6ad58]"
2739342.550943,10001,9c81d38f-4803-4d2e-95b8-696113bfef4f,worker_4,worker_4,GPU_COMPUTE,0.050000,0.050000,GPU Compute
2739342.708943,10001,9c81d38f-4803-4d2e-95b8-696113bfef4f,worker_4,coordinator_0,NET_TRANSFER,0.000100,0.158000,Signal Finished
2740473.215891,10001,9c81d38f-4803-4d2e-95b8-696113bfef4f,coordinator_0,worker_1,NET_TRANSFER,14.129462,1130.506948,Distribute Layer ID: 0425599a
2740473.294518,10001,9c81d38f-4803-4d2e-95b8-696113bfef4f,worker_1,worker_1,MEM_MOVE,10.064189,0.078626,"Evict VRAM -> RAM [Model: e8282f9d, Layer: 566724ea]"
2740473.336689,10001,9c81d38f-4803-4d2e-95b8-696113bfef4f,worker_1,worker_1,MEM_MOVE,5.397935,0.042171,"Evict VRAM -> RAM [Model: e8282f9d, Layer: 3aa08be2]"
2740473.447076,10001,9c81d38f-4803-4d2e-95b8-696113bfef4f,worker_1,worker_1,DISK_LOAD,14.129462,0.110386,"Disk -> RAM [Model: 9c81d38f, Layer: 0425599a]"
2740473.557462,10001,9c81d38f-4803-4d2e-95b8-696113bfef4f,worker_1,worker_1,MEM_MOVE,14.129462,0.110386,"RAM -> VRAM [Model: 9c81d38f, Layer: 0425599a]"
2740473.607462,10001,9c81d38f-4803-4d2e-95b8-696113bfef4f,worker_1,worker_1,GPU_COMPUTE,0.050000,0.050000,GPU Compute
2740473.765462,10001,9c81d38f-4803-4d2e-95b8-696113bfef4f,worker_1,coordinator_0,NET_TRANSFER,0.000100,0.158000,Signal Finished
2741025.415011,10001,9c81d38f-4803-4d2e-95b8-696113bfef4f,coordinator_0,worker_2,NET_TRANSFER,6.893744,551.649549,Distribute Layer ID: 8e3efe0c
2741025.497136,10001,9c81d38f-4803-4d2e-95b8-696113bfef4f,worker_2,worker_2,MEM_MOVE,10.511982,0.082125,"Evict VRAM -> RAM [Model: 0c0edddb, Layer: c24da158]"
2741025.550993,10001,9c81d38f-4803-4d2e-95b8-696113bfef4f,worker_2,worker_2,DISK_LOAD,6.893744,0.053857,"Disk -> RAM [Model: 9c81d38f, Layer: 8e3efe0c]"
2741025.604851,10001,9c81d38f-4803-4d2e-95b8-696113bfef4f,worker_2,worker_2,MEM_MOVE,6.893744,0.053857,"RAM -> VRAM [Model: 9c81d38f, Layer: 8e3efe0c]"
2741025.654851,10001,9c81d38f-4803-4d2e-95b8-696113bfef4f,worker_2,worker_2,GPU_COMPUTE,0.050000,0.050000,GPU Compute
2741025.812851,10001,9c81d38f-4803-4d2e-95b8-696113bfef4f,worker_2,coordinator_0,NET_TRANSFER,0.000100,0.158000,Signal Finished
2741451.623921,10001,9c81d38f-4803-4d2e-95b8-696113bfef4f,coordinator_0,worker_3,NET_TRANSFER,5.320763,425.811070,Distribute Layer ID: c4ee1975
2741451.687311,10001,9c81d38f-4803-4d2e-95b8-696113bfef4f,worker_3,worker_3,MEM_MOVE,8.113949,0.063390,"Evict VRAM -> RAM [Model: e8282f9d, Layer: cf80e827]"
2741451.728879,10001,9c81d38f-4803-4d2e-95b8-696113bfef4f,worker_3,worker_3,DISK_LOAD,5.320763,0.041568,"Disk -> RAM [Model: 9c81d38f, Layer: c4ee1975]"
2741451.770448,10001,9c81d38f-4803-4d2e-95b8-696113bfef4f,worker_3,worker_3,MEM_MOVE,5.320763,0.041568,"RAM -> VRAM [Model: 9c81d38f, Layer: c4ee1975]"
2741451.820448,10001,9c81d38f-4803-4d2e-95b8-696113bfef4f,worker_3,worker_3,GPU_COMPUTE,0.050000,0.050000,GPU Compute
2741451.978448,10001,9c81d38f-4803-4d2e-95b8-696113bfef4f,worker_3,coordinator_0,NET_TRANSFER,0.000100,0.158000,Signal Finished
2742614.479552,10001,9c81d38f-4803-4d2e-95b8-696113bfef4f,coordinator_0,worker_4,NET_TRANSFER,14.529389,1162.501104,Distribute Layer ID: e37887b8
2742614.584267,10001,9c81d38f-4803-4d2e-95b8-696113bfef4f,worker_4,worker_4,MEM_MOVE,13.403439,0.104714,"Evict VRAM -> RAM [Model: 0c0edddb, Layer: fab8ba0f]"
2742614.697777,10001,9c81d38f-4803-4d2e-95b8-696113bfef4f,worker_4,worker_4,DISK_LOAD,14.529389,0.113511,"Disk -> RAM [Model: 9c81d38f, Layer: e37887b8]"
2742614.811288,10001,9c81d38f-4803-4d2e-95b8-696113bfef4f,worker_4,worker_4,MEM_MOVE,14.529389,0.113511,"RAM -> VRAM [Model: 9c81d38f, Layer: e37887b8]"
2742614.861288,10001,9c81d38f-4803-4d2e-95b8-696113bfef4f,worker_4,worker_4,GPU_COMPUTE,0.050000,0.050000,GPU Compute
2742615.019288,10001,9c81d38f-4803-4d2e-95b8-696113bfef4f,worker_4,coordinator_0,NET_TRANSFER,0.000100,0.158000,Signal Finished
2743691.866013,10001,9c81d38f-4803-4d2e-95b8-696113bfef4f,coordinator_0,worker_1,NET_TRANSFER,13.458709,1076.846725,Distribute Layer ID: 784cdcbc
2743691.971668,10001,9c81d38f-4803-4d2e-95b8-696113bfef4f,worker_1,worker_1,MEM_MOVE,13.523779,0.105655,"Evict VRAM -> RAM [Model: e8282f9d, Layer: 099282e0]"
2743692.076814,10001,9c81d38f-4803-4d2e-95b8-696113bfef4f,worker_1,worker_1,DISK_LOAD,13.458709,0.105146,"Disk -> RAM [Model: 9c81d38f, Layer: 784cdcbc]"
2743692.181960,10001,9c81d38f-4803-4d2e-95b8-696113bfef4f,worker_1,worker_1,MEM_MOVE,13.458709,0.105146,"RAM -> VRAM [Model: 9c81d38f, Layer: 784cdcbc]"
2743692.231960,10001,9c81d38f-4803-4d2e-95b8-696113bfef4f,worker_1,worker_1,GPU_COMPUTE,0.050000,0.050000,GPU Compute
2743692.389960,10001,9c81d38f-4803-4d2e-95b8-696113bfef4f,worker_1,coordinator_0,NET_TRANSFER,0.000100,0.158000,Signal Finished
2744097.909731,10001,9c81d38f-4803-4d2e-95b8-696113bfef4f,coordinator_0,worker_2,NET_TRANSFER,5.067122,405.519771,Distribute Layer ID: d5fffc2c
2744097.949318,10001,9c81d38f-4803-4d2e-95b8-696113bfef4f,worker_2,worker_2,DISK_LOAD,5.067122,0.039587,"Disk -> RAM [Model: 9c81d38f, Layer: d5fffc2c]"
2744097.988905,10001,9c81d38f-4803-4d2e-95b8-696113bfef4f,worker_2,worker_2,MEM_MOVE,5.067122,0.039587,"RAM -> VRAM [Model: 9c81d38f, Layer: d5fffc2c]"
2744098.038905,10001,9c81d38f-4803-4d2e-95b8-696113bfef4f,worker_2,worker_2,GPU_COMPUTE,0.050000,0.050000,GPU Compute
2744098.196905,10001,9c81d38f-4803-4d2e-95b8-696113bfef4f,worker_2,coordinator_0,NET_TRANSFER,0.000100,0.158000,Signal Finished
2744878.054423,10001,9c81d38f-4803-4d2e-95b8-696113bfef4f,coordinator_0,worker_3,NET_TRANSFER,9.746344,779.857518,Distribute Layer ID: 98c6c7f0
2744878.156522,10001,9c81d38f-4803-4d2e-95b8-696113bfef4f,worker_3,worker_3,MEM_MOVE,13.068593,0.102098,"Evict VRAM -> RAM [Model: 0c0edddb, Layer: 9a3e48dd]"
2744878.232665,10001,9c81d38f-4803-4d2e-95b8-696113bfef4f,worker_3,worker_3,DISK_LOAD,9.746344,0.076143,"Disk -> RAM [Model: 9c81d38f, Layer: 98c6c7f0]"
2744878.308808,10001,9c81d38f-4803-4d2e-95b8-696113bfef4f,worker_3,worker_3,MEM_MOVE,9.746344,0.076143,"RAM -> VRAM [Model: 9c81d38f, Layer: 98c6c7f0]"
2744878.358808,10001,9c81d38f-4803-4d2e-95b8-696113bfef4f,worker_3,worker_3,GPU_COMPUTE,0.050000,0.050000,GPU Compute
2744878.516808,10001,9c81d38f-4803-4d2e-95b8-696113bfef4f,worker_3,coordinator_0,NET_TRANSFER,0.000100,0.158000,Signal Finished
2745446.202614,10001,9c81d38f-4803-4d2e-95b8-696113bfef4f,coordinator_0,worker_4,NET_TRANSFER,7.094198,567.685805,Distribute Layer ID: 6fcf6379
2745446.308300,10001,9c81d38f-4803-4d2e-95b8-696113bfef4f,worker_4,worker_4,MEM_MOVE,13.527842,0.105686,"Evict VRAM -> RAM [Model: 0c0edddb, Layer: 3508c6f9]"
2745446.363723,10001,9c81d38f-4803-4d2e-95b8-696113bfef4f,worker_4,worker_4,DISK_LOAD,7.094198,0.055423,"Disk -> RAM [Model: 9c81d38f, Layer: 6fcf6379]"
2745446.419147,10001,9c81d38f-4803-4d2e-95b8-696113bfef4f,worker_4,worker_4,MEM_MOVE,7.094198,0.055423,"RAM -> VRAM [Model: 9c81d38f, Layer: 6fcf6379]"
2745446.469147,10001,9c81d38f-4803-4d2e-95b8-696113bfef4f,worker_4,worker_4,GPU_COMPUTE,0.050000,0.050000,GPU Compute
2745446.627147,10001,9c81d38f-4803-4d2e-95b8-696113bfef4f,worker_4,coordinator_0,NET_TRANSFER,0.000100,0.158000,Signal Finished
2746282.534214,10001,9c81d38f-4803-4d2e-95b8-696113bfef4f,coordinator_0,worker_1,NET_TRANSFER,10.446963,835.907067,Distribute Layer ID: fd77d08c
2746282.576354,10001,9c81d38f-4803-4d2e-95b8-696113bfef4f,worker_1,worker_1,MEM_MOVE,5.393907,0.042140,"Evict VRAM -> RAM [Model: e8282f9d, Layer: af226eaf]"
2746282.647191,10001,9c81d38f-4803-4d2e-95b8-696113bfef4f,worker_1,worker_1,MEM_MOVE,9.067236,0.070838,"Evict VRAM -> RAM [Model: 0c0edddb, Layer: 8ff848ba]"
2746282.728808,10001,9c81d38f-4803-4d2e-95b8-696113bfef4f,worker_1,worker_1,DISK_LOAD,10.446963,0.081617,"Disk -> RAM [Model: 9c81d38f, Layer: fd77d08c]"
2746282.810425,10001,9c81d38f-4803-4d2e-95b8-696113bfef4f,worker_1,worker_1,MEM_MOVE,10.446963,0.081617,"RAM -> VRAM [Model: 9c81d38f, Layer: fd77d08c]"
2746282.860425,10001,9c81d38f-4803-4d2e-95b8-696113bfef4f,worker_1,worker_1,GPU_COMPUTE,0.050000,0.050000,GPU Compute
2746283.018425,10001,9c81d38f-4803-4d2e-95b8-696113bfef4f,worker_1,coordinator_0,NET_TRANSFER,0.000100,0.158000,Signal Finished
2747146.094241,10001,9c81d38f-4803-4d2e-95b8-696113bfef4f,coordinator_0,worker_2,NET_TRANSFER,10.786573,863.075816,Distribute Layer ID: bbdc1d28
2747146.146955,10001,9c81d38f-4803-4d2e-95b8-696113bfef4f,worker_2,worker_2,MEM_MOVE,6.747418,0.052714,"Evict VRAM -> RAM [Model: 0c0edddb, Layer: 6d7d7698]"
2747146.219625,10001,9c81d38f-4803-4d2e-95b8-696113bfef4f,worker_2,worker_2,MEM_MOVE,9.301668,0.072669,"Evict VRAM -> RAM [Model: 0c0edddb, Layer: 4f1e225a]"
2747146.303895,10001,9c81d38f-4803-4d2e-95b8-696113bfef4f,worker_2,worker_2,DISK_LOAD,10.786573,0.084270,"Disk -> RAM [Model: 9c81d38f, Layer: bbdc1d28]"
2747146.388165,10001,9c81d38f-4803-4d2e-95b8-696113bfef4f,worker_2,worker_2,MEM_MOVE,10.786573,0.084270,"RAM -> VRAM [Model: 9c81d38f, Layer: bbdc1d28]"
2747146.438165,10001,9c81d38f-4803-4d2e-95b8-696113bfef4f,worker_2,worker_2,GPU_COMPUTE,0.050000,0.050000,GPU Compute
2747146.596165,10001,9c81d38f-4803-4d2e-95b8-696113bfef4f,worker_2,coordinator_0,NET_TRANSFER,0.000100,0.158000,Signal Finished
2748139.299512,10001,9c81d38f-4803-4d2e-95b8-696113bfef4f,coordinator_0,worker_3,NET_TRANSFER,12.406917,992.703348,Distribute Layer ID: c1f3998c
2748139.385503,10001,9c81d38f-4803-4d2e-95b8-696113bfef4f,worker_3,worker_3,MEM_MOVE,11.006840,0.085991,"Evict VRAM -> RAM [Model: 0c0edddb, Layer: adc65150]"
2748139.482432,10001,9c81d38f-4803-4d2e-95b8-696113bfef4f,worker_3,worker_3,DISK_LOAD,12.406917,0.096929,"Disk -> RAM [Model: 9c81d38f, Layer: c1f3998c]"
2748139.579362,10001,9c81d38f-4803-4d2e-95b8-696113bfef4f,worker_3,worker_3,MEM_MOVE,12.406917,0.096929,"RAM -> VRAM [Model: 9c81d38f, Layer: c1f3998c]"
2748139.629362,10001,9c81d38f-4803-4d2e-95b8-696113bfef4f,worker_3,worker_3,GPU_COMPUTE,0.050000,0.050000,GPU Compute
2748139.787362,10001,9c81d38f-4803-4d2e-95b8-696113bfef4f,worker_3,coordinator_0,NET_TRANSFER,0.000100,0.158000,Signal Finished
2748980.876470,10001,9c81d38f-4803-4d2e-95b8-696113bfef4f,coordinator_0,worker_4,NET_TRANSFER,10.511739,841.089109,Distribute Layer ID: 5e45de1c
2748980.983214,10001,9c81d38f-4803-4d2e-95b8-696113bfef4f,worker_4,worker_4,MEM_MOVE,13.663141,0.106743,"Evict VRAM -> RAM [Model: 0c0edddb, Layer: 306c3056]"
2748981.065337,10001,9c81d38f-4803-4d2e-95b8-696113bfef4f,worker_4,worker_4,DISK_LOAD,10.511739,0.082123,"Disk -> RAM [Model: 9c81d38f, Layer: 5e45de1c]"
2748981.147459,10001,9c81d38f-4803-4d2e-95b8-696113bfef4f,worker_4,worker_4,MEM_MOVE,10.511739,0.082123,"RAM -> VRAM [Model: 9c81d38f, Layer: 5e45de1c]"
2748981.197459,10001,9c81d38f-4803-4d2e-95b8-696113bfef4f,worker_4,worker_4,GPU_COMPUTE,0.050000,0.050000,GPU Compute
2748981.355459,10001,9c81d38f-4803-4d2e-95b8-696113bfef4f,worker_4,coordinator_0,NET_TRANSFER,0.000100,0.158000,Signal Finished
2749840.583683,10001,9c81d38f-4803-4d2e-95b8-696113bfef4f,coordinator_0,worker_1,NET_TRANSFER,10.738478,859.228224,Distribute Layer ID: b87814d8
2749840.625791,10001,9c81d38f-4803-4d2e-95b8-696113bfef4f,worker_1,worker_1,MEM_MOVE,5.389798,0.042108,"Evict VRAM -> RAM [Model: 0c0edddb, Layer: 014ecf54]"
2749840.709686,10001,9c81d38f-4803-4d2e-95b8-696113bfef4f,worker_1,worker_1,DISK_LOAD,10.738478,0.083894,"Disk -> RAM [Model: 9c81d38f, Layer: b87814d8]"
2749840.793580,10001,9c81d38f-4803-4d2e-95b8-696113bfef4f,worker_1,worker_1,MEM_MOVE,10.738478,0.083894,"RAM -> VRAM [Model: 9c81d38f, Layer: b87814d8]"
2749840.843580,10001,9c81d38f-4803-4d2e-95b8-696113bfef4f,worker_1,worker_1,GPU_COMPUTE,0.050000,0.050000,GPU Compute
2749841.001580,10001,9c81d38f-4803-4d2e-95b8-696113bfef4f,worker_1,coordinator_0,NET_TRANSFER,0.000100,0.158000,Signal Finished
2750950.834309,10001,9c81d38f-4803-4d2e-95b8-696113bfef4f,coordinator_0,worker_2,NET_TRANSFER,13.871034,1109.832729,Distribute Layer ID: 100614c2
2750950.937315,10001,9c81d38f-4803-4d2e-95b8-696113bfef4f,worker_2,worker_2,MEM_MOVE,13.184663,0.103005,"Evict VRAM -> RAM [Model: 0c0edddb, Layer: 19364bf7]"
2750951.045682,10001,9c81d38f-4803-4d2e-95b8-696113bfef4f,worker_2,worker_2,DISK_LOAD,13.871034,0.108367,"Disk -> RAM [Model: 9c81d38f, Layer: 100614c2]"
2750951.154049,10001,9c81d38f-4803-4d2e-95b8-696113bfef4f,worker_2,worker_2,MEM_MOVE,13.871034,0.108367,"RAM -> VRAM [Model: 9c81d38f, Layer: 100614c2]"
2750951.204049,10001,9c81d38f-4803-4d2e-95b8-696113bfef4f,worker_2,worker_2,GPU_COMPUTE,0.050000,0.050000,GPU Compute
2750951.362049,10001,9c81d38f-4803-4d2e-95b8-696113bfef4f,worker_2,coordinator_0,NET_TRANSFER,0.000100,0.158000,Signal Finished
2751873.379036,10001,9c81d38f-4803-4d2e-95b8-696113bfef4f,coordinator_0,worker_3,NET_TRANSFER,11.523337,922.016986,Distribute Layer ID: f083a747
2751873.443839,10001,9c81d38f-4803-4d2e-95b8-696113bfef4f,worker_3,worker_3,MEM_MOVE,8.294895,0.064804,"Evict VRAM -> RAM [Model: 0c0edddb, Layer: 09a82bb0]"
2751873.533865,10001,9c81d38f-4803-4d2e-95b8-696113bfef4f,worker_3,worker_3,DISK_LOAD,11.523337,0.090026,"Disk -> RAM [Model: 9c81d38f, Layer: f083a747]"
2751873.623892,10001,9c81d38f-4803-4d2e-95b8-696113bfef4f,worker_3,worker_3,MEM_MOVE,11.523337,0.090026,"RAM -> VRAM [Model: 9c81d38f, Layer: f083a747]"
2751873.673892,10001,9c81d38f-4803-4d2e-95b8-696113bfef4f,worker_3,worker_3,GPU_COMPUTE,0.050000,0.050000,GPU Compute
2751873.831892,10001,9c81d38f-4803-4d2e-95b8-696113bfef4f,worker_3,coordinator_0,NET_TRANSFER,0.000100,0.158000,Signal Finished
2753022.956021,10001,9c81d38f-4803-4d2e-95b8-696113bfef4f,coordinator_0,worker_4,NET_TRANSFER,14.362177,1149.124129,Distribute Layer ID: 39f1f5f8
2753023.046528,10001,9c81d38f-4803-4d2e-95b8-696113bfef4f,worker_4,worker_4,MEM_MOVE,11.584842,0.090507,"Evict VRAM -> RAM [Model: 0c0edddb, Layer: 4eaa5dfe]"
2753023.158732,10001,9c81d38f-4803-4d2e-95b8-696113bfef4f,worker_4,worker_4,DISK_LOAD,14.362177,0.112205,"Disk -> RAM [Model: 9c81d38f, Layer: 39f1f5f8]"
2753023.270937,10001,9c81d38f-4803-4d2e-95b8-696113bfef4f,worker_4,worker_4,MEM_MOVE,14.362177,0.112205,"RAM -> VRAM [Model: 9c81d38f, Layer: 39f1f5f8]"
2753023.320937,10001,9c81d38f-4803-4d2e-95b8-696113bfef4f,worker_4,worker_4,GPU_COMPUTE,0.050000,0.050000,GPU Compute
2753023.478937,10001,9c81d38f-4803-4d2e-95b8-696113bfef4f,worker_4,coordinator_0,NET_TRANSFER,0.000100,0.158000,Signal Finished
2753845.111300,10001,9c81d38f-4803-4d2e-95b8-696113bfef4f,coordinator_0,worker_1,NET_TRANSFER,10.268530,821.632364,Distribute Layer ID: 25faf124
2753845.226943,10001,9c81d38f-4803-4d2e-95b8-696113bfef4f,worker_1,worker_1,MEM_MOVE,14.802307,0.115643,"Evict VRAM -> RAM [Model: 0c0edddb, Layer: e7c579cf]"
2753845.307166,10001,9c81d38f-4803-4d2e-95b8-696113bfef4f,worker_1,worker_1,DISK_LOAD,10.268530,0.080223,"Disk -> RAM [Model: 9c81d38f, Layer: 25faf124]"
2753845.387389,10001,9c81d38f-4803-4d2e-95b8-696113bfef4f,worker_1,worker_1,MEM_MOVE,10.268530,0.080223,"RAM -> VRAM [Model: 9c81d38f, Layer: 25faf124]"
2753845.437389,10001,9c81d38f-4803-4d2e-95b8-696113bfef4f,worker_1,worker_1,GPU_COMPUTE,0.050000,0.050000,GPU Compute
2753845.595389,10001,9c81d38f-4803-4d2e-95b8-696113bfef4f,worker_1,coordinator_0,NET_TRANSFER,0.000100,0.158000,Signal Finished
2754924.776855,10001,9c81d38f-4803-4d2e-95b8-696113bfef4f,coordinator_0,worker_2,NET_TRANSFER,13.487893,1079.181465,Distribute Layer ID: bea845aa
2754924.846269,10001,9c81d38f-4803-4d2e-95b8-696113bfef4f,worker_2,worker_2,MEM_MOVE,8.885033,0.069414,"Evict VRAM -> RAM [Model: 0c0edddb, Layer: ec3681b2]"
2754924.951643,10001,9c81d38f-4803-4d2e-95b8-696113bfef4f,worker_2,worker_2,DISK_LOAD,13.487893,0.105374,"Disk -> RAM [Model: 9c81d38f, Layer: bea845aa]"
2754925.057017,10001,9c81d38f-4803-4d2e-95b8-696113bfef4f,worker_2,worker_2,MEM_MOVE,13.487893,0.105374,"RAM -> VRAM [Model: 9c81d38f, Layer: bea845aa]"
2754925.107017,10001,9c81d38f-4803-4d2e-95b8-696113bfef4f,worker_2,worker_2,GPU_COMPUTE,0.050000,0.050000,GPU Compute
2754925.265017,10001,9c81d38f-4803-4d2e-95b8-696113bfef4f,worker_2,coordinator_0,NET_TRANSFER,0.000100,0.158000,Signal Finished
2755646.141129,10001,9c81d38f-4803-4d2e-95b8-696113bfef4f,coordinator_0,worker_3,NET_TRANSFER,9.009076,720.876111,Distribute Layer ID: c6e76c0e
2755646.258501,10001,9c81d38f-4803-4d2e-95b8-696113bfef4f,worker_3,worker_3,MEM_MOVE,15.023683,0.117373,"Evict VRAM -> RAM [Model: 0c0edddb, Layer: 1e9188f3]"
2755646.328885,10001,9c81d38f-4803-4d2e-95b8-696113bfef4f,worker_3,worker_3,DISK_LOAD,9.009076,0.070383,"Disk -> RAM [Model: 9c81d38f, Layer: c6e76c0e]"
2755646.399268,10001,9c81d38f-4803-4d2e-95b8-696113bfef4f,worker_3,worker_3,MEM_MOVE,9.009076,0.070383,"RAM -> VRAM [Model: 9c81d38f, Layer: c6e76c0e]"
2755646.449268,10001,9c81d38f-4803-4d2e-95b8-696113bfef4f,worker_3,worker_3,GPU_COMPUTE,0.050000,0.050000,GPU Compute
2755646.607268,10001,9c81d38f-4803-4d2e-95b8-696113bfef4f,worker_3,coordinator_0,NET_TRANSFER,0.000100,0.158000,Signal Finished
2756285.367567,10001,9c81d38f-4803-4d2e-95b8-696113bfef4f,coordinator_0,worker_4,NET_TRANSFER,7.982629,638.760299,Distribute Layer ID: 40d7c9d8
2756285.429932,10001,9c81d38f-4803-4d2e-95b8-696113bfef4f,worker_4,worker_4,DISK_LOAD,7.982629,0.062364,"Disk -> RAM [Model: 9c81d38f, Layer: 40d7c9d8]"
2756285.492296,10001,9c81d38f-4803-4d2e-95b8-696113bfef4f,worker_4,worker_4,MEM_MOVE,7.982629,0.062364,"RAM -> VRAM [Model: 9c81d38f, Layer: 40d7c9d8]"
2756285.542296,10001,9c81d38f-4803-4d2e-95b8-696113bfef4f,worker_4,worker_4,GPU_COMPUTE,0.050000,0.050000,GPU Compute
2756285.700296,10001,9c81d38f-4803-4d2e-95b8-696113bfef4f,worker_4,coordinator_0,NET_TRANSFER,0.000100,0.158000,Signal Finished
2757051.184158,10001,9c81d38f-4803-4d2e-95b8-696113bfef4f,coordinator_0,worker_1,NET_TRANSFER,9.566673,765.483862,Distribute Layer ID: 55691df2
2757051.286785,10001,9c81d38f-4803-4d2e-95b8-696113bfef4f,worker_1,worker_1,MEM_MOVE,13.136165,0.102626,"Evict VRAM -> RAM [Model: 0c0edddb, Layer: db240b22]"
2757051.361524,10001,9c81d38f-4803-4d2e-95b8-696113bfef4f,worker_1,worker_1,DISK_LOAD,9.566673,0.074740,"Disk -> RAM [Model: 9c81d38f, Layer: 55691df2]"
2757051.436264,10001,9c81d38f-4803-4d2e-95b8-696113bfef4f,worker_1,worker_1,MEM_MOVE,9.566673,0.074740,"RAM -> VRAM [Model: 9c81d38f, Layer: 55691df2]"
2757051.486264,10001,9c81d38f-4803-4d2e-95b8-696113bfef4f,worker_1,worker_1,GPU_COMPUTE,0.050000,0.050000,GPU Compute
2757051.644264,10001,9c81d38f-4803-4d2e-95b8-696113bfef4f,worker_1,coordinator_0,NET_TRANSFER,0.000100,0.158000,Signal Finished
2757453.678157,10001,9c81d38f-4803-4d2e-95b8-696113bfef4f,coordinator_0,worker_2,NET_TRANSFER,5.023549,402.033893,Distribute Layer ID: 395ed7c8
2757453.774717,10001,9c81d38f-4803-4d2e-95b8-696113bfef4f,worker_2,worker_2,MEM_MOVE,12.359648,0.096560,"Evict VRAM -> RAM [Model: 0c0edddb, Layer: a81d5aaf]"
2757453.813964,10001,9c81d38f-4803-4d2e-95b8-696113bfef4f,worker_2,worker_2,DISK_LOAD,5.023549,0.039246,"Disk -> RAM [Model: 9c81d38f, Layer: 395ed7c8]"
2757453.853210,10001,9c81d38f-4803-4d2e-95b8-696113bfef4f,worker_2,worker_2,MEM_MOVE,5.023549,0.039246,"RAM -> VRAM [Model: 9c81d38f, Layer: 395ed7c8]"
2757453.903210,10001,9c81d38f-4803-4d2e-95b8-696113bfef4f,worker_2,worker_2,GPU_COMPUTE,0.050000,0.050000,GPU Compute
2757454.061210,10001,9c81d38f-4803-4d2e-95b8-696113bfef4f,worker_2,coordinator_0,NET_TRANSFER,0.000100,0.158000,Signal Finished
2758054.976006,10001,9c81d38f-4803-4d2e-95b8-696113bfef4f,coordinator_0,worker_3,NET_TRANSFER,7.509560,600.914796,Distribute Layer ID: bb398a56
2758055.034674,10001,9c81d38f-4803-4d2e-95b8-696113bfef4f,worker_3,worker_3,DISK_LOAD,7.509560,0.058668,"Disk -> RAM [Model: 9c81d38f, Layer: bb398a56]"
2758055.093343,10001,9c81d38f-4803-4d2e-95b8-696113bfef4f,worker_3,worker_3,MEM_MOVE,7.509560,0.058668,"RAM -> VRAM [Model: 9c81d38f, Layer: bb398a56]"
2758055.143343,10001,9c81d38f-4803-4d2e-95b8-696113bfef4f,worker_3,worker_3,GPU_COMPUTE,0.050000,0.050000,GPU Compute
2758055.301343,10001,9c81d38f-4803-4d2e-95b8-696113bfef4f,worker_3,coordinator_0,NET_TRANSFER,0.000100,0.158000,Signal Finished
2759160.829604,10001,9c81d38f-4803-4d2e-95b8-696113bfef4f,coordinator_0,worker_4,NET_TRANSFER,13.817228,1105.528262,Distribute Layer ID: 1536f2a0
2759160.902131,10001,9c81d38f-4803-4d2e-95b8-696113bfef4f,worker_4,worker_4,MEM_MOVE,9.283449,0.072527,"Evict VRAM -> RAM [Model: 0c0edddb, Layer: eb2bd4d4]"
2759160.943461,10001,9c81d38f-4803-4d2e-95b8-696113bfef4f,worker_4,worker_4,MEM_MOVE,5.290184,0.041330,"Evict VRAM -> RAM [Model: 0c0edddb, Layer: dcf237d6]"
2759161.051408,10001,9c81d38f-4803-4d2e-95b8-696113bfef4f,worker_4,worker_4,DISK_LOAD,13.817228,0.107947,"Disk -> RAM [Model: 9c81d38f, Layer: 1536f2a0]"
2759161.159355,10001,9c81d38f-4803-4d2e-95b8-696113bfef4f,worker_4,worker_4,MEM_MOVE,13.817228,0.107947,"RAM -> VRAM [Model: 9c81d38f, Layer: 1536f2a0]"
2759161.209355,10001,9c81d38f-4803-4d2e-95b8-696113bfef4f,worker_4,worker_4,GPU_COMPUTE,0.050000,0.050000,GPU Compute
2759161.367355,10001,9c81d38f-4803-4d2e-95b8-696113bfef4f,worker_4,coordinator_0,NET_TRANSFER,0.000100,0.158000,Signal Finished
2759955.393046,10001,9c81d38f-4803-4d2e-95b8-696113bfef4f,coordinator_0,worker_1,NET_TRANSFER,9.923446,794.025691,Distribute Layer ID: 2d3ad190
2759955.436437,10001,9c81d38f-4803-4d2e-95b8-696113bfef4f,worker_1,worker_1,MEM_MOVE,5.553926,0.043390,"Evict VRAM -> RAM [Model: 0c0edddb, Layer: 19377f3f]"
2759955.513963,10001,9c81d38f-4803-4d2e-95b8-696113bfef4f,worker_1,worker_1,DISK_LOAD,9.923446,0.077527,"Disk -> RAM [Model: 9c81d38f, Layer: 2d3ad190]"
2759955.591490,10001,9c81d38f-4803-4d2e-95b8-696113bfef4f,worker_1,worker_1,MEM_MOVE,9.923446,0.077527,"RAM -> VRAM [Model: 9c81d38f, Layer: 2d3ad190]"
2759955.641490,10001,9c81d38f-4803-4d2e-95b8-696113bfef4f,worker_1,worker_1,GPU_COMPUTE,0.050000,0.050000,GPU Compute
2759955.799490,10001,9c81d38f-4803-4d2e-95b8-696113bfef4f,worker_1,coordinator_0,NET_TRANSFER,0.000100,0.158000,Signal Finished
2761111.500178,10001,9c81d38f-4803-4d2e-95b8-696113bfef4f,coordinator_0,worker_2,NET_TRANSFER,14.444384,1155.700688,Distribute Layer ID: a844c375
2761111.584824,10001,9c81d38f-4803-4d2e-95b8-696113bfef4f,worker_2,worker_2,MEM_MOVE,10.834685,0.084646,"Evict VRAM -> RAM [Model: 0c0edddb, Layer: 2dc896e9]"
2761111.697671,10001,9c81d38f-4803-4d2e-95b8-696113bfef4f,worker_2,worker_2,DISK_LOAD,14.444384,0.112847,"Disk -> RAM [Model: 9c81d38f, Layer: a844c375]"
2761111.810518,10001,9c81d38f-4803-4d2e-95b8-696113bfef4f,worker_2,worker_2,MEM_MOVE,14.444384,0.112847,"RAM -> VRAM [Model: 9c81d38f, Layer: a844c375]"
2761111.860518,10001,9c81d38f-4803-4d2e-95b8-696113bfef4f,worker_2,worker_2,GPU_COMPUTE,0.050000,0.050000,GPU Compute
2761112.018518,10001,9c81d38f-4803-4d2e-95b8-696113bfef4f,worker_2,coordinator_0,NET_TRANSFER,0.000100,0.158000,Signal Finished
2761112.176518,5008,66483bae-9631-4d83-9c15-5f9509dbf81e,client_5,coordinator_0,NET_TRANSFER,0.000100,0.158000,Request Model ID
2761112.334518,2006,46d61b26-e813-4c81-9e06-f5172b67e1af,client_2,coordinator_0,NET_TRANSFER,0.000100,0.158000,Request Model ID
2761112.492518,5008,08212f61-6e5c-492e-829d-335e87744563,client_5,coordinator_0,NET_TRANSFER,0.000100,0.158000,Request Model ID
2761112.650518,2006,c058df17-9e88-4847-baf4-6e2c889e8d4d,client_2,coordinator_0,NET_TRANSFER,0.000100,0.158000,Request Model ID
2761112.808518,2006,aa22d19d-3e5e-45b7-9cc1-445a00070bb6,client_2,coordinator_0,NET_TRANSFER,0.000100,0.158000,Request Model ID
2761112.966518,9009,d2580a08-9925-4b14-a0ae-fbd2e806d529,client_9,coordinator_0,NET_TRANSFER,0.000100,0.158000,Request Model ID
2761113.124518,3007,a49da1e7-b111-437b-af06-345a844891b3,client_3,coordinator_0,NET_TRANSFER,0.000100,0.158000,Request Model ID
2761113.282518,5008,b2805f95-7fad-4a43-bf85-66ce3781b818,client_5,coordinator_0,NET_TRANSFER,0.000100,0.158000,Request Model ID
2761113.440518,9009,334a2444-41d5-4755-9f47-d94f7c2a58be,client_9,coordinator_0,NET_TRANSFER,0.000100,0.158000,Request Model ID
2761113.598518,3007,9242bfae-2680-474f-abd2-115e84f6b68c,client_3,coordinator_0,NET_TRANSFER,0.000100,0.158000,Request Model ID
2761113.756518,1007,d36a8feb-f69f-4ca5-8d20-dbd41cfd8e0d,client_1,coordinator_0,NET_TRANSFER,0.000100,0.158000,Request Model ID
2761113.914518,4007,8233a468-234e-4a22-8166-33f25e165d96,client_4,coordinator_0,NET_TRANSFER,0.000100,0.158000,Request Model ID
2761114.072518,6006,9880cbcf-8e6d-4dda-81c9-85768d11ec44,client_6,coordinator_0,NET_TRANSFER,0.000100,0.158000,Request Model ID
2761114.230518,8006,46d61b26-e813-4c81-9e06-f5172b67e1af,client_8,coordinator_0,NET_TRANSFER,0.000100,0.158000,Request Model ID
2761114.388518,1007,f2f09d33-bafc-49ed-86c5-3675f4f61af7,client_1,coordinator_0,NET_TRANSFER,0.000100,0.158000,Request Model ID
2761114.546518,7006,91008a79-010a-4e7f-82a9-d93d175b8acb,client_7,coordinator_0,NET_TRANSFER,0.000100,0.158000,Request Model ID
2761114.704518,6006,8488e8d8-c18c-49f8-8dc7-968d33f40119,client_6,coordinator_0,NET_TRANSFER,0.000100,0.158000,Request Model ID
2761114.862518,4007,c058df17-9e88-4847-baf4-6e2c889e8d4d,client_4,coordinator_0,NET_TRANSFER,0.000100,0.158000,Request Model ID
2761115.020518,10007,7b482c9c-fddc-4070-b1ff-d34c65aeddf9,client_10,coordinator_0,NET_TRANSFER,0.000100,0.158000,Request Model ID
2761115.178518,8006,07a8404e-b389-42f4-9eba-f552b8fcd4a4,client_8,coordinator_0,NET_TRANSFER,0.000100,0.158000,Request Model ID
2761115.336518,1007,b2805f95-7fad-4a43-bf85-66ce3781b818,client_1,coordinator_0,NET_TRANSFER,0.000100,0.158000,Request Model ID
2761115.494518,10007,c058df17-9e88-4847-baf4-6e2c889e8d4d,client_10,coordinator_0,NET_TRANSFER,0.000100,0.158000,Request Model ID
2761115.652518,4007,9242bfae-2680-474f-abd2-115e84f6b68c,client_4,coordinator_0,NET_TRANSFER,0.000100,0.158000,Request Model ID
2761115.810518,10007,8233a468-234e-4a22-8166-33f25e165d96,client_10,coordinator_0,NET_TRANSFER,0.000100,0.158000,Request Model ID
2761115.968518,6006,b23b9bcf-15a7-4d4a-87b3-f049d0b0b838,client_6,coordinator_0,NET_TRANSFER,0.000100,0.158000,Request Model ID
2761116.126518,10007,b23b9bcf-15a7-4d4a-87b3-f049d0b0b838,client_10,coordinator_0,NET_TRANSFER,0.000100,0.158000,Request Model ID
2761116.284518,7006,91008a79-010a-4e7f-82a9-d93d175b8acb,client_7,coordinator_0,NET_TRANSFER,0.000100,0.158000,Request Model ID
2761116.442518,6006,334a2444-41d5-4755-9f47-d94f7c2a58be,client_6,coordinator_0,NET_TRANSFER,0.000100,0.158000,Request Model ID
2761116.600518,3008,d36a8feb-f69f-4ca5-8d20-dbd41cfd8e0d,client_3,coordinator_0,NET_TRANSFER,0.000100,0.158000,Request Model ID
2761116.758518,5009,d4b394b0-887b-4ade-b884-6c80c8a7daf2,client_5,coordinator_0,NET_TRANSFER,0.000100,0.158000,Request Model ID
2762080.104349,10001,9c81d38f-4803-4d2e-95b8-696113bfef4f,coordinator_0,worker_3,NET_TRANSFER,12.039948,963.345831,Distribute Layer ID: b14d4f70
2762080.172416,10001,9c81d38f-4803-4d2e-95b8-696113bfef4f,worker_3,worker_3,MEM_MOVE,8.712642,0.068068,"Evict VRAM -> RAM [Model: 0c0edddb, Layer: 85b46d4e]"
2762080.229281,10001,9c81d38f-4803-4d2e-95b8-696113bfef4f,worker_3,worker_3,MEM_MOVE,7.278679,0.056865,"Evict VRAM -> RAM [Model: 0c0edddb, Layer: dea50fe7]"
2762080.323343,10001,9c81d38f-4803-4d2e-95b8-696113bfef4f,worker_3,worker_3,DISK_LOAD,12.039948,0.094062,"Disk -> RAM [Model: 9c81d38f, Layer: b14d4f70]"
2762080.417405,10001,9c81d38f-4803-4d2e-95b8-696113bfef4f,worker_3,worker_3,MEM_MOVE,12.039948,0.094062,"RAM -> VRAM [Model: 9c81d38f, Layer: b14d4f70]"
2762080.467405,10001,9c81d38f-4803-4d2e-95b8-696113bfef4f,worker_3,worker_3,GPU_COMPUTE,0.050000,0.050000,GPU Compute
2762080.625405,10001,9c81d38f-4803-4d2e-95b8-696113bfef4f,worker_3,coordinator_0,NET_TRANSFER,0.000100,0.158000,Signal Finished
2763055.833485,10001,9c81d38f-4803-4d2e-95b8-696113bfef4f,coordinator_0,worker_4,NET_TRANSFER,12.188226,975.208080,Distribute Layer ID: c61969c8
2763055.941742,10001,9c81d38f-4803-4d2e-95b8-696113bfef4f,worker_4,worker_4,MEM_MOVE,13.856795,0.108256,"Evict VRAM -> RAM [Model: 0c0edddb, Layer: ca4317d6]"
2763056.036962,10001,9c81d38f-4803-4d2e-95b8-696113bfef4f,worker_4,worker_4,DISK_LOAD,12.188226,0.095221,"Disk -> RAM [Model: 9c81d38f, Layer: c61969c8]"
2763056.132183,10001,9c81d38f-4803-4d2e-95b8-696113bfef4f,worker_4,worker_4,MEM_MOVE,12.188226,0.095221,"RAM -> VRAM [Model: 9c81d38f, Layer: c61969c8]"
2763056.182183,10001,9c81d38f-4803-4d2e-95b8-696113bfef4f,worker_4,worker_4,GPU_COMPUTE,0.050000,0.050000,GPU Compute
2763056.340183,10001,9c81d38f-4803-4d2e-95b8-696113bfef4f,worker_4,coordinator_0,NET_TRANSFER,0.000100,0.158000,Signal Finished
2764038.546455,10001,9c81d38f-4803-4d2e-95b8-696113bfef4f,coordinator_0,worker_1,NET_TRANSFER,12.275703,982.206272,Distribute Layer ID: 78d526e1
2764038.655349,10001,9c81d38f-4803-4d2e-95b8-696113bfef4f,worker_1,worker_1,MEM_MOVE,13.938419,0.108894,"Evict VRAM -> RAM [Model: 0c0edddb, Layer: d530e2b2]"
2764038.751253,10001,9c81d38f-4803-4d2e-95b8-696113bfef4f,worker_1,worker_1,DISK_LOAD,12.275703,0.095904,"Disk -> RAM [Model: 9c81d38f, Layer: 78d526e1]"
2764038.847157,10001,9c81d38f-4803-4d2e-95b8-696113bfef4f,worker_1,worker_1,MEM_MOVE,12.275703,0.095904,"RAM -> VRAM [Model: 9c81d38f, Layer: 78d526e1]"
2764038.897157,10001,9c81d38f-4803-4d2e-95b8-696113bfef4f,worker_1,worker_1,GPU_COMPUTE,0.050000,0.050000,GPU Compute
2764039.055157,10001,9c81d38f-4803-4d2e-95b8-696113bfef4f,worker_1,coordinator_0,NET_TRANSFER,0.000100,0.158000,Signal Finished
2765041.261067,10001,9c81d38f-4803-4d2e-95b8-696113bfef4f,coordinator_0,worker_2,NET_TRANSFER,12.525699,1002.205910,Distribute Layer ID: 59d14807
2765041.372197,10001,9c81d38f-4803-4d2e-95b8-696113bfef4f,worker_2,worker_2,MEM_MOVE,14.224731,0.111131,"Evict VRAM -> RAM [Model: 0c0edddb, Layer: d4a8e1c5]"
2765041.470054,10001,9c81d38f-4803-4d2e-95b8-696113bfef4f,worker_2,worker_2,DISK_LOAD,12.525699,0.097857,"Disk -> RAM [Model: 9c81d38f, Layer: 59d14807]"
2765041.567911,10001,9c81d38f-4803-4d2e-95b8-696113bfef4f,worker_2,worker_2,MEM_MOVE,12.525699,0.097857,"RAM -> VRAM [Model: 9c81d38f, Layer: 59d14807]"
2765041.617911,10001,9c81d38f-4803-4d2e-95b8-696113bfef4f,worker_2,worker_2,GPU_COMPUTE,0.050000,0.050000,GPU Compute
2765041.775911,10001,9c81d38f-4803-4d2e-95b8-696113bfef4f,worker_2,coordinator_0,NET_TRANSFER,0.000100,0.158000,Signal Finished
2765878.013619,10001,9c81d38f-4803-4d2e-95b8-696113bfef4f,coordinator_0,worker_3,NET_TRANSFER,10.451096,836.237708,Distribute Layer ID: cee8368c
2765878.112938,10001,9c81d38f-4803-4d2e-95b8-696113bfef4f,worker_3,worker_3,MEM_MOVE,12.712801,0.099319,"Evict VRAM -> RAM [Model: 0c0edddb, Layer: d5266654]"
2765878.194587,10001,9c81d38f-4803-4d2e-95b8-696113bfef4f,worker_3,worker_3,DISK_LOAD,10.451096,0.081649,"Disk -> RAM [Model: 9c81d38f, Layer: cee8368c]"
2765878.276236,10001,9c81d38f-4803-4d2e-95b8-696113bfef4f,worker_3,worker_3,MEM_MOVE,10.451096,0.081649,"RAM -> VRAM [Model: 9c81d38f, Layer: cee8368c]"
2765878.326236,10001,9c81d38f-4803-4d2e-95b8-696113bfef4f,worker_3,worker_3,GPU_COMPUTE,0.050000,0.050000,GPU Compute
2765878.484236,10001,9c81d38f-4803-4d2e-95b8-696113bfef4f,worker_3,coordinator_0,NET_TRANSFER,0.000100,0.158000,Signal Finished
2766438.486213,10001,9c81d38f-4803-4d2e-95b8-696113bfef4f,coordinator_0,worker_4,NET_TRANSFER,6.998150,560.001977,Distribute Layer ID: bc0d0d43
2766438.593926,10001,9c81d38f-4803-4d2e-95b8-696113bfef4f,worker_4,worker_4,MEM_MOVE,13.787261,0.107713,"Evict VRAM -> RAM [Model: 0c0edddb, Layer: 1a3e0fe8]"
2766438.648599,10001,9c81d38f-4803-4d2e-95b8-696113bfef4f,worker_4,worker_4,DISK_LOAD,6.998150,0.054673,"Disk -> RAM [Model: 9c81d38f, Layer: bc0d0d43]"
2766438.703272,10001,9c81d38f-4803-4d2e-95b8-696113bfef4f,worker_4,worker_4,MEM_MOVE,6.998150,0.054673,"RAM -> VRAM [Model: 9c81d38f, Layer: bc0d0d43]"
2766438.753272,10001,9c81d38f-4803-4d2e-95b8-696113bfef4f,worker_4,worker_4,GPU_COMPUTE,0.050000,0.050000,GPU Compute
2766438.911272,7007,96bede22-9bcb-4b40-a1c3-153cbb84714c,client_7,coordinator_0,NET_TRANSFER,0.000100,0.158000,Request Model ID
2766439.069272,10001,9c81d38f-4803-4d2e-95b8-696113bfef4f,worker_4,coordinator_0,NET_TRANSFER,0.000100,0.158000,Signal Finished
2767383.868614,10001,9c81d38f-4803-4d2e-95b8-696113bfef4f,coordinator_0,worker_1,NET_TRANSFER,11.808117,944.799342,Distribute Layer ID: 5cf857f7
2767383.959910,10001,9c81d38f-4803-4d2e-95b8-696113bfef4f,worker_1,worker_1,MEM_MOVE,11.685884,0.091296,"Evict VRAM -> RAM [Model: 0c0edddb, Layer: 9760f34e]"
2767384.052161,10001,9c81d38f-4803-4d2e-95b8-696113bfef4f,worker_1,worker_1,DISK_LOAD,11.808117,0.092251,"Disk -> RAM [Model: 9c81d38f, Layer: 5cf857f7]"
2767384.144412,10001,9c81d38f-4803-4d2e-95b8-696113bfef4f,worker_1,worker_1,MEM_MOVE,11.808117,0.092251,"RAM -> VRAM [Model: 9c81d38f, Layer: 5cf857f7]"
2767384.194412,10001,9c81d38f-4803-4d2e-95b8-696113bfef4f,worker_1,worker_1,GPU_COMPUTE,0.050000,0.050000,GPU Compute
2767384.352412,10001,9c81d38f-4803-4d2e-95b8-696113bfef4f,worker_1,coordinator_0,NET_TRANSFER,0.000100,0.158000,Signal Finished
2768490.227542,10001,9c81d38f-4803-4d2e-95b8-696113bfef4f,coordinator_0,worker_2,NET_TRANSFER,13.821564,1105.875130,Distribute Layer ID: 3899ef30
2768490.269408,10001,9c81d38f-4803-4d2e-95b8-696113bfef4f,worker_2,worker_2,MEM_MOVE,5.358796,0.041866,"Evict VRAM -> RAM [Model: 0c0edddb, Layer: d918e14d]"
2768490.329819,10001,9c81d38f-4803-4d2e-95b8-696113bfef4f,worker_2,worker_2,MEM_MOVE,7.732603,0.060411,"Evict VRAM -> RAM [Model: 0c0edddb, Layer: eed2b3c6]"
2768490.437800,10001,9c81d38f-4803-4d2e-95b8-696113bfef4f,worker_2,worker_2,DISK_LOAD,13.821564,0.107981,"Disk -> RAM [Model: 9c81d38f, Layer: 3899ef30]"
2768490.545781,10001,9c81d38f-4803-4d2e-95b8-696113bfef4f,worker_2,worker_2,MEM_MOVE,13.821564,0.107981,"RAM -> VRAM [Model: 9c81d38f, Layer: 3899ef30]"
2768490.595781,10001,9c81d38f-4803-4d2e-95b8-696113bfef4f,worker_2,worker_2,GPU_COMPUTE,0.050000,0.050000,GPU Compute
2768490.753781,10001,9c81d38f-4803-4d2e-95b8-696113bfef4f,worker_2,coordinator_0,NET_TRANSFER,0.000100,0.158000,Signal Finished
2769366.097627,10001,9c81d38f-4803-4d2e-95b8-696113bfef4f,coordinator_0,worker_3,NET_TRANSFER,10.939923,875.343846,Distribute Layer ID: d9734b11
2769366.192034,10001,9c81d38f-4803-4d2e-95b8-696113bfef4f,worker_3,worker_3,MEM_MOVE,12.084202,0.094408,"Evict VRAM -> RAM [Model: 0c0edddb, Layer: a995a9df]"
2769366.277503,10001,9c81d38f-4803-4d2e-95b8-696113bfef4f,worker_3,worker_3,DISK_LOAD,10.939923,0.085468,"Disk -> RAM [Model: 9c81d38f, Layer: d9734b11]"
2769366.362971,10001,9c81d38f-4803-4d2e-95b8-696113bfef4f,worker_3,worker_3,MEM_MOVE,10.939923,0.085468,"RAM -> VRAM [Model: 9c81d38f, Layer: d9734b11]"
2769366.412971,10001,9c81d38f-4803-4d2e-95b8-696113bfef4f,worker_3,worker_3,GPU_COMPUTE,0.050000,0.050000,GPU Compute
2769366.570971,10001,9c81d38f-4803-4d2e-95b8-696113bfef4f,worker_3,coordinator_0,NET_TRANSFER,0.000100,0.158000,Signal Finished
2770008.690673,10001,9c81d38f-4803-4d2e-95b8-696113bfef4f,coordinator_0,worker_4,NET_TRANSFER,8.024621,642.119702,Distribute Layer ID: 61ff82bd
2770008.848673,5009,b2805f95-7fad-4a43-bf85-66ce3781b818,client_5,coordinator_0,NET_TRANSFER,0.000100,0.158000,Request Model ID
2770008.911366,10001,9c81d38f-4803-4d2e-95b8-696113bfef4f,worker_4,worker_4,DISK_LOAD,8.024621,0.062692,"Disk -> RAM [Model: 9c81d38f, Layer: 61ff82bd]"
2770008.974058,10001,9c81d38f-4803-4d2e-95b8-696113bfef4f,worker_4,worker_4,MEM_MOVE,8.024621,0.062692,"RAM -> VRAM [Model: 9c81d38f, Layer: 61ff82bd]"
2770009.024058,10001,9c81d38f-4803-4d2e-95b8-696113bfef4f,worker_4,worker_4,GPU_COMPUTE,0.050000,0.050000,GPU Compute
2770009.182058,10001,9c81d38f-4803-4d2e-95b8-696113bfef4f,worker_4,coordinator_0,NET_TRANSFER,0.000100,0.158000,Signal Finished
2770009.340058,5009,aa22d19d-3e5e-45b7-9cc1-445a00070bb6,client_5,coordinator_0,NET_TRANSFER,0.000100,0.158000,Request Model ID
2770707.771346,10001,9c81d38f-4803-4d2e-95b8-696113bfef4f,coordinator_0,worker_1,NET_TRANSFER,8.728516,698.431288,Distribute Layer ID: 2f898d44
2770707.929346,3009,66483bae-9631-4d83-9c15-5f9509dbf81e,client_3,coordinator_0,NET_TRANSFER,0.000100,0.158000,Request Model ID
2770707.969993,10001,9c81d38f-4803-4d2e-95b8-696113bfef4f,worker_1,worker_1,MEM_MOVE,5.202799,0.040647,"Evict VRAM -> RAM [Model: 0c0edddb, Layer: e4342a6f]"
2770708.038185,10001,9c81d38f-4803-4d2e-95b8-696113bfef4f,worker_1,worker_1,DISK_LOAD,8.728516,0.068192,"Disk -> RAM [Model: 9c81d38f, Layer: 2f898d44]"
2770708.106376,10001,9c81d38f-4803-4d2e-95b8-696113bfef4f,worker_1,worker_1,MEM_MOVE,8.728516,0.068192,"RAM -> VRAM [Model: 9c81d38f, Layer: 2f898d44]"
2770708.156376,10001,9c81d38f-4803-4d2e-95b8-696113bfef4f,worker_1,worker_1,GPU_COMPUTE,0.050000,0.050000,GPU Compute
2770708.314376,10001,9c81d38f-4803-4d2e-95b8-696113bfef4f,worker_1,coordinator_0,NET_TRANSFER,0.000100,0.158000,Signal Finished
2771197.608509,10001,9c81d38f-4803-4d2e-95b8-696113bfef4f,coordinator_0,worker_2,NET_TRANSFER,6.114302,489.294133,Distribute Layer ID: 7dabd6ef
2771197.693307,10001,9c81d38f-4803-4d2e-95b8-696113bfef4f,worker_2,worker_2,MEM_MOVE,10.854171,0.084798,"Evict VRAM -> RAM [Model: 0c0edddb, Layer: 1cdeb993]"
2771197.741075,10001,9c81d38f-4803-4d2e-95b8-696113bfef4f,worker_2,worker_2,DISK_LOAD,6.114302,0.047768,"Disk -> RAM [Model: 9c81d38f, Layer: 7dabd6ef]"
2771197.788843,10001,9c81d38f-4803-4d2e-95b8-696113bfef4f,worker_2,worker_2,MEM_MOVE,6.114302,0.047768,"RAM -> VRAM [Model: 9c81d38f, Layer: 7dabd6ef]"
2771197.838843,10001,9c81d38f-4803-4d2e-95b8-696113bfef4f,worker_2,worker_2,GPU_COMPUTE,0.050000,0.050000,GPU Compute
2771197.996843,10001,9c81d38f-4803-4d2e-95b8-696113bfef4f,worker_2,coordinator_0,NET_TRANSFER,0.000100,0.158000,Signal Finished
2771873.113528,10001,9c81d38f-4803-4d2e-95b8-696113bfef4f,coordinator_0,worker_3,NET_TRANSFER,8.437084,675.116685,Distribute Layer ID: 9f371c18
2771873.200899,10001,9c81d38f-4803-4d2e-95b8-696113bfef4f,worker_3,worker_3,MEM_MOVE,11.183492,0.087371,"Evict VRAM -> RAM [Model: 0c0edddb, Layer: f360c0f3]"
2771873.266814,10001,9c81d38f-4803-4d2e-95b8-696113bfef4f,worker_3,worker_3,DISK_LOAD,8.437084,0.065915,"Disk -> RAM [Model: 9c81d38f, Layer: 9f371c18]"
2771873.332729,10001,9c81d38f-4803-4d2e-95b8-696113bfef4f,worker_3,worker_3,MEM_MOVE,8.437084,0.065915,"RAM -> VRAM [Model: 9c81d38f, Layer: 9f371c18]"
2771873.382729,10001,9c81d38f-4803-4d2e-95b8-696113bfef4f,worker_3,worker_3,GPU_COMPUTE,0.050000,0.050000,GPU Compute
2771873.540729,10001,9c81d38f-4803-4d2e-95b8-696113bfef4f,worker_3,coordinator_0,NET_TRANSFER,0.000100,0.158000,Signal Finished
2772897.219015,10000,d039aa0d-a9b0-41b0-9698-e239ca19fdf4,coordinator_0,worker_1,NET_TRANSFER,12.794104,1023.678286,Distribute Layer ID: 08f5c86c
2772897.308608,10000,d039aa0d-a9b0-41b0-9698-e239ca19fdf4,worker_1,worker_1,MEM_MOVE,11.467928,0.089593,"Evict VRAM -> RAM [Model: 0c0edddb, Layer: 979beae6]"
2772897.408562,10000,d039aa0d-a9b0-41b0-9698-e239ca19fdf4,worker_1,worker_1,DISK_LOAD,12.794104,0.099954,"Disk -> RAM [Model: d039aa0d, Layer: 08f5c86c]"
2772897.508516,10000,d039aa0d-a9b0-41b0-9698-e239ca19fdf4,worker_1,worker_1,MEM_MOVE,12.794104,0.099954,"RAM -> VRAM [Model: d039aa0d, Layer: 08f5c86c]"
2772897.558516,10000,d039aa0d-a9b0-41b0-9698-e239ca19fdf4,worker_1,worker_1,GPU_COMPUTE,0.050000,0.050000,GPU Compute
2772897.716516,10000,d039aa0d-a9b0-41b0-9698-e239ca19fdf4,worker_1,coordinator_0,NET_TRANSFER,0.000100,0.158000,Signal Finished
2773793.172271,10000,d039aa0d-a9b0-41b0-9698-e239ca19fdf4,coordinator_0,worker_2,NET_TRANSFER,11.191322,895.455754,Distribute Layer ID: a1724b1a
2773793.239873,10000,d039aa0d-a9b0-41b0-9698-e239ca19fdf4,worker_2,worker_2,MEM_MOVE,8.653151,0.067603,"Evict VRAM -> RAM [Model: 0c0edddb, Layer: 607b72de]"
2773793.327306,10000,d039aa0d-a9b0-41b0-9698-e239ca19fdf4,worker_2,worker_2,DISK_LOAD,11.191322,0.087432,"Disk -> RAM [Model: d039aa0d, Layer: a1724b1a]"
2773793.414738,10000,d039aa0d-a9b0-41b0-9698-e239ca19fdf4,worker_2,worker_2,MEM_MOVE,11.191322,0.087432,"RAM -> VRAM [Model: d039aa0d, Layer: a1724b1a]"
2773793.464738,10000,d039aa0d-a9b0-41b0-9698-e239ca19fdf4,worker_2,worker_2,GPU_COMPUTE,0.050000,0.050000,GPU Compute
2773793.622738,10000,d039aa0d-a9b0-41b0-9698-e239ca19fdf4,worker_2,coordinator_0,NET_TRANSFER,0.000100,0.158000,Signal Finished
2774578.720574,10000,d039aa0d-a9b0-41b0-9698-e239ca19fdf4,coordinator_0,worker_3,NET_TRANSFER,9.811848,785.097836,Distribute Layer ID: 3034a5af
2774578.797229,10000,d039aa0d-a9b0-41b0-9698-e239ca19fdf4,worker_3,worker_3,DISK_LOAD,9.811848,0.076655,"Disk -> RAM [Model: d039aa0d, Layer: 3034a5af]"
2774578.873884,10000,d039aa0d-a9b0-41b0-9698-e239ca19fdf4,worker_3,worker_3,MEM_MOVE,9.811848,0.076655,"RAM -> VRAM [Model: d039aa0d, Layer: 3034a5af]"
2774578.923884,10000,d039aa0d-a9b0-41b0-9698-e239ca19fdf4,worker_3,worker_3,GPU_COMPUTE,0.050000,0.050000,GPU Compute
2774579.081884,10000,d039aa0d-a9b0-41b0-9698-e239ca19fdf4,worker_3,coordinator_0,NET_TRANSFER,0.000100,0.158000,Signal Finished
2775632.175958,10000,d039aa0d-a9b0-41b0-9698-e239ca19fdf4,coordinator_0,worker_4,NET_TRANSFER,13.161801,1053.094074,Distribute Layer ID: f1b1529a
2775632.225679,10000,d039aa0d-a9b0-41b0-9698-e239ca19fdf4,worker_4,worker_4,MEM_MOVE,6.364292,0.049721,"Evict VRAM -> RAM [Model: c058df17, Layer: a8b02c6f]"
2775632.383679,9010,46d61b26-e813-4c81-9e06-f5172b67e1af,client_9,coordinator_0,NET_TRANSFER,0.000100,0.158000,Request Model ID
2775632.541679,3008,b2805f95-7fad-4a43-bf85-66ce3781b818,client_3,coordinator_0,NET_TRANSFER,0.000100,0.158000,Request Model ID
2775632.699679,3008,b2805f95-7fad-4a43-bf85-66ce3781b818,client_3,coordinator_0,NET_TRANSFER,0.000100,0.158000,Request Model ID
2775632.857679,10008,5a4ddec2-471a-4cc9-bcfc-1c998571a64c,client_10,coordinator_0,NET_TRANSFER,0.000100,0.158000,Request Model ID
2775633.015679,1008,7b482c9c-fddc-4070-b1ff-d34c65aeddf9,client_1,coordinator_0,NET_TRANSFER,0.000100,0.158000,Request Model ID
2775633.173679,10009,683e1def-e889-4ef7-a89d-272f6bad72d3,client_10,coordinator_0,NET_TRANSFER,0.000100,0.158000,Request Model ID
2775633.331679,1009,8488e8d8-c18c-49f8-8dc7-968d33f40119,client_1,coordinator_0,NET_TRANSFER,0.000100,0.158000,Request Model ID
2775633.489679,1009,d039aa0d-a9b0-41b0-9698-e239ca19fdf4,client_1,coordinator_0,NET_TRANSFER,0.000100,0.158000,Request Model ID
2775633.542885,10000,d039aa0d-a9b0-41b0-9698-e239ca19fdf4,worker_4,worker_4,MEM_MOVE,6.810440,0.053207,"Evict VRAM -> RAM [Model: c058df17, Layer: e1323ff1]"
2775633.700885,8007,7b482c9c-fddc-4070-b1ff-d34c65aeddf9,client_8,coordinator_0,NET_TRANSFER,0.000100,0.158000,Request Model ID
2775633.858885,8007,aa22d19d-3e5e-45b7-9cc1-445a00070bb6,client_8,coordinator_0,NET_TRANSFER,0.000100,0.158000,Request Model ID
2775634.016885,8007,d039aa0d-a9b0-41b0-9698-e239ca19fdf4,client_8,coordinator_0,NET_TRANSFER,0.000100,0.158000,Request Model ID
2775634.174885,5011,0b62db0f-8759-4a61-a5b0-a086b4b62b3b,client_5,coordinator_0,NET_TRANSFER,0.000100,0.158000,Request Model ID
2775634.332885,5010,b2805f95-7fad-4a43-bf85-66ce3781b818,client_5,coordinator_0,NET_TRANSFER,0.000100,0.158000,Request Model ID
2775634.490885,5011,5a4ddec2-471a-4cc9-bcfc-1c998571a64c,client_5,coordinator_0,NET_TRANSFER,0.000100,0.158000,Request Model ID
2775634.648885,1009,b2805f95-7fad-4a43-bf85-66ce3781b818,client_1,coordinator_0,NET_TRANSFER,0.000100,0.158000,Request Model ID
2775634.806885,8007,7b482c9c-fddc-4070-b1ff-d34c65aeddf9,client_8,coordinator_0,NET_TRANSFER,0.000100,0.158000,Request Model ID
2775634.964885,10008,c058df17-9e88-4847-baf4-6e2c889e8d4d,client_10,coordinator_0,NET_TRANSFER,0.000100,0.158000,Request Model ID
2775635.122885,10008,5da2df27-cf63-4c4c-ae5e-62dac7a03a3d,client_10,coordinator_0,NET_TRANSFER,0.000100,0.158000,Request Model ID
2775635.280885,1008,b42ec4c0-5247-4b28-9ada-769c5bad77e7,client_1,coordinator_0,NET_TRANSFER,0.000100,0.158000,Request Model ID
2775635.438885,10009,4cabb90d-8b50-47da-b9ae-45ffa75dabc9,client_10,coordinator_0,NET_TRANSFER,0.000100,0.158000,Request Model ID
2775635.596885,10009,683e1def-e889-4ef7-a89d-272f6bad72d3,client_10,coordinator_0,NET_TRANSFER,0.000100,0.158000,Request Model ID
2775635.754885,9011,b2805f95-7fad-4a43-bf85-66ce3781b818,client_9,coordinator_0,NET_TRANSFER,0.000100,0.158000,Request Model ID
2775635.912885,3009,0c0edddb-db74-420e-be90-7edecacd0b9f,client_3,coordinator_0,NET_TRANSFER,0.000100,0.158000,Request Model ID
2775636.070885,3009,9242bfae-2680-474f-abd2-115e84f6b68c,client_3,coordinator_0,NET_TRANSFER,0.000100,0.158000,Request Model ID
2775636.228885,3009,5da2df27-cf63-4c4c-ae5e-62dac7a03a3d,client_3,coordinator_0,NET_TRANSFER,0.000100,0.158000,Request Model ID
2775636.386885,9011,b2805f95-7fad-4a43-bf85-66ce3781b818,client_9,coordinator_0,NET_TRANSFER,0.000100,0.158000,Request Model ID
2775636.544885,9011,b23b9bcf-15a7-4d4a-87b3-f049d0b0b838,client_9,coordinator_0,NET_TRANSFER,0.000100,0.158000,Request Model ID
2775636.702885,9011,c058df17-9e88-4847-baf4-6e2c889e8d4d,client_9,coordinator_0,NET_TRANSFER,0.000100,0.158000,Request Model ID
2775636.860885,7007,5a4ddec2-471a-4cc9-bcfc-1c998571a64c,client_7,coordinator_0,NET_TRANSFER,0.000100,0.158000,Request Model ID
2775637.018885,7007,66483bae-9631-4d83-9c15-5f9509dbf81e,client_7,coordinator_0,NET_TRANSFER,0.000100,0.158000,Request Model ID
2775637.176885,7007,e8282f9d-ace8-4cdf-b62c-3d9f466a71e1,client_7,coordinator_0,NET_TRANSFER,0.000100,0.158000,Request Model ID
2775637.334885,3010,c058df17-9e88-4847-baf4-6e2c889e8d4d,client_3,coordinator_0,NET_TRANSFER,0.000100,0.158000,Request Model ID
2775637.492885,2007,e8282f9d-ace8-4cdf-b62c-3d9f466a71e1,client_2,coordinator_0,NET_TRANSFER,0.000100,0.158000,Request Model ID
2775637.650885,5010,07a8404e-b389-42f4-9eba-f552b8fcd4a4,client_5,coordinator_0,NET_TRANSFER,0.000100,0.158000,Request Model ID
2775637.808885,9010,0c0edddb-db74-420e-be90-7edecacd0b9f,client_9,coordinator_0,NET_TRANSFER,0.000100,0.158000,Request Model ID
2775637.966885,4008,96bede22-9bcb-4b40-a1c3-153cbb84714c,client_4,coordinator_0,NET_TRANSFER,0.000100,0.158000,Request Model ID
2775638.124885,6007,07a8404e-b389-42f4-9eba-f552b8fcd4a4,client_6,coordinator_0,NET_TRANSFER,0.000100,0.158000,Request Model ID
2775638.282885,2007,0c0edddb-db74-420e-be90-7edecacd0b9f,client_2,coordinator_0,NET_TRANSFER,0.000100,0.158000,Request Model ID
2775638.440885,4008,b2805f95-7fad-4a43-bf85-66ce3781b818,client_4,coordinator_0,NET_TRANSFER,0.000100,0.158000,Request Model ID
2775638.598885,4008,08212f61-6e5c-492e-829d-335e87744563,client_4,coordinator_0,NET_TRANSFER,0.000100,0.158000,Request Model ID
2775638.756885,6007,91008a79-010a-4e7f-82a9-d93d175b8acb,client_6,coordinator_0,NET_TRANSFER,0.000100,0.158000,Request Model ID
2775638.914885,3010,0c0edddb-db74-420e-be90-7edecacd0b9f,client_3,coordinator_0,NET_TRANSFER,0.000100,0.158000,Request Model ID
2775639.072885,3010,e8282f9d-ace8-4cdf-b62c-3d9f466a71e1,client_3,coordinator_0,NET_TRANSFER,0.000100,0.158000,Request Model ID
2775639.230885,3010,9e011bb9-a656-4e6c-9aeb-59dca6bd1381,client_3,coordinator_0,NET_TRANSFER,0.000100,0.158000,Request Model ID
2775639.388885,6008,9e011bb9-a656-4e6c-9aeb-59dca6bd1381,client_6,coordinator_0,NET_TRANSFER,0.000100,0.158000,Request Model ID
2775639.546885,6008,c058df17-9e88-4847-baf4-6e2c889e8d4d,client_6,coordinator_0,NET_TRANSFER,0.000100,0.158000,Request Model ID
2775639.649712,10000,d039aa0d-a9b0-41b0-9698-e239ca19fdf4,worker_4,worker_4,DISK_LOAD,13.161801,0.102827,"Disk -> RAM [Model: d039aa0d, Layer: f1b1529a]"
2775639.752538,10000,d039aa0d-a9b0-41b0-9698-e239ca19fdf4,worker_4,worker_4,MEM_MOVE,13.161801,0.102827,"RAM -> VRAM [Model: d039aa0d, Layer: f1b1529a]"
2775639.802538,10000,d039aa0d-a9b0-41b0-9698-e239ca19fdf4,worker_4,worker_4,GPU_COMPUTE,0.050000,0.050000,GPU Compute
2775639.960538,10000,d039aa0d-a9b0-41b0-9698-e239ca19fdf4,worker_4,coordinator_0,NET_TRANSFER,0.000100,0.158000,Signal Finished
2776782.634569,10000,d039aa0d-a9b0-41b0-9698-e239ca19fdf4,coordinator_0,worker_1,NET_TRANSFER,14.281550,1142.674031,Distribute Layer ID: 7a473afb
2776782.719456,10000,d039aa0d-a9b0-41b0-9698-e239ca19fdf4,worker_1,worker_1,MEM_MOVE,10.865520,0.084887,"Evict VRAM -> RAM [Model: 0c0edddb, Layer: 5b55ed13]"
2776782.836842,10000,d039aa0d-a9b0-41b0-9698-e239ca19fdf4,worker_1,worker_1,MEM_MOVE,15.025379,0.117386,"Evict VRAM -> RAM [Model: 0c0edddb, Layer: 02049b8a]"
2776782.948416,10000,d039aa0d-a9b0-41b0-9698-e239ca19fdf4,worker_1,worker_1,DISK_LOAD,14.281550,0.111575,"Disk -> RAM [Model: d039aa0d, Layer: 7a473afb]"
2776783.059991,10000,d039aa0d-a9b0-41b0-9698-e239ca19fdf4,worker_1,worker_1,MEM_MOVE,14.281550,0.111575,"RAM -> VRAM [Model: d039aa0d, Layer: 7a473afb]"
2776783.109991,10000,d039aa0d-a9b0-41b0-9698-e239ca19fdf4,worker_1,worker_1,GPU_COMPUTE,0.050000,0.050000,GPU Compute
2776783.267991,10000,d039aa0d-a9b0-41b0-9698-e239ca19fdf4,worker_1,coordinator_0,NET_TRANSFER,0.000100,0.158000,Signal Finished
2777356.030330,10000,d039aa0d-a9b0-41b0-9698-e239ca19fdf4,coordinator_0,worker_2,NET_TRANSFER,7.157654,572.762339,Distribute Layer ID: ca42ec12
2777356.086249,10000,d039aa0d-a9b0-41b0-9698-e239ca19fdf4,worker_2,worker_2,DISK_LOAD,7.157654,0.055919,"Disk -> RAM [Model: d039aa0d, Layer: ca42ec12]"
2777356.142168,10000,d039aa0d-a9b0-41b0-9698-e239ca19fdf4,worker_2,worker_2,MEM_MOVE,7.157654,0.055919,"RAM -> VRAM [Model: d039aa0d, Layer: ca42ec12]"
2777356.192168,10000,d039aa0d-a9b0-41b0-9698-e239ca19fdf4,worker_2,worker_2,GPU_COMPUTE,0.050000,0.050000,GPU Compute
2777356.350168,10000,d039aa0d-a9b0-41b0-9698-e239ca19fdf4,worker_2,coordinator_0,NET_TRANSFER,0.000100,0.158000,Signal Finished
2778213.994259,10000,d039aa0d-a9b0-41b0-9698-e239ca19fdf4,coordinator_0,worker_3,NET_TRANSFER,10.718676,857.644090,Distribute Layer ID: a762329c
2778214.111670,10000,d039aa0d-a9b0-41b0-9698-e239ca19fdf4,worker_3,worker_3,MEM_MOVE,15.028652,0.117411,"Evict VRAM -> RAM [Model: 0c0edddb, Layer: 1e33bbc7]"
2778214.195410,10000,d039aa0d-a9b0-41b0-9698-e239ca19fdf4,worker_3,worker_3,DISK_LOAD,10.718676,0.083740,"Disk -> RAM [Model: d039aa0d, Layer: a762329c]"
2778214.279149,10000,d039aa0d-a9b0-41b0-9698-e239ca19fdf4,worker_3,worker_3,MEM_MOVE,10.718676,0.083740,"RAM -> VRAM [Model: d039aa0d, Layer: a762329c]"
2778214.329149,10000,d039aa0d-a9b0-41b0-9698-e239ca19fdf4,worker_3,worker_3,GPU_COMPUTE,0.050000,0.050000,GPU Compute
2778214.487149,10000,d039aa0d-a9b0-41b0-9698-e239ca19fdf4,worker_3,coordinator_0,NET_TRANSFER,0.000100,0.158000,Signal Finished
2779064.651866,10000,d039aa0d-a9b0-41b0-9698-e239ca19fdf4,coordinator_0,worker_4,NET_TRANSFER,10.625184,850.164717,Distribute Layer ID: 0d8e8e49
2779064.738023,10000,d039aa0d-a9b0-41b0-9698-e239ca19fdf4,worker_4,worker_4,MEM_MOVE,11.028005,0.086156,"Evict VRAM -> RAM [Model: c058df17, Layer: 940aaf8e]"
2779064.821032,10000,d039aa0d-a9b0-41b0-9698-e239ca19fdf4,worker_4,worker_4,DISK_LOAD,10.625184,0.083009,"Disk -> RAM [Model: d039aa0d, Layer: 0d8e8e49]"
2779064.904041,10000,d039aa0d-a9b0-41b0-9698-e239ca19fdf4,worker_4,worker_4,MEM_MOVE,10.625184,0.083009,"RAM -> VRAM [Model: d039aa0d, Layer: 0d8e8e49]"
2779064.954041,10000,d039aa0d-a9b0-41b0-9698-e239ca19fdf4,worker_4,worker_4,GPU_COMPUTE,0.050000,0.050000,GPU Compute
2779065.112041,10000,d039aa0d-a9b0-41b0-9698-e239ca19fdf4,worker_4,coordinator_0,NET_TRANSFER,0.000100,0.158000,Signal Finished
2779731.413028,10000,d039aa0d-a9b0-41b0-9698-e239ca19fdf4,coordinator_0,worker_1,NET_TRANSFER,8.326887,666.300987,Distribute Layer ID: dbf33ae8
2779731.478082,10000,d039aa0d-a9b0-41b0-9698-e239ca19fdf4,worker_1,worker_1,DISK_LOAD,8.326887,0.065054,"Disk -> RAM [Model: d039aa0d, Layer: dbf33ae8]"
2779731.543136,10000,d039aa0d-a9b0-41b0-9698-e239ca19fdf4,worker_1,worker_1,MEM_MOVE,8.326887,0.065054,"RAM -> VRAM [Model: d039aa0d, Layer: dbf33ae8]"
2779731.593136,10000,d039aa0d-a9b0-41b0-9698-e239ca19fdf4,worker_1,worker_1,GPU_COMPUTE,0.050000,0.050000,GPU Compute
2779731.751136,10000,d039aa0d-a9b0-41b0-9698-e239ca19fdf4,worker_1,coordinator_0,NET_TRANSFER,0.000100,0.158000,Signal Finished
2780655.018104,10000,d039aa0d-a9b0-41b0-9698-e239ca19fdf4,coordinator_0,worker_2,NET_TRANSFER,11.538962,923.266968,Distribute Layer ID: 7aa05e61
2780655.120971,10000,d039aa0d-a9b0-41b0-9698-e239ca19fdf4,worker_2,worker_2,MEM_MOVE,13.166892,0.102866,"Evict VRAM -> RAM [Model: c058df17, Layer: 6710f5fc]"
2780655.211119,10000,d039aa0d-a9b0-41b0-9698-e239ca19fdf4,worker_2,worker_2,DISK_LOAD,11.538962,0.090148,"Disk -> RAM [Model: d039aa0d, Layer: 7aa05e61]"
2780655.301267,10000,d039aa0d-a9b0-41b0-9698-e239ca19fdf4,worker_2,worker_2,MEM_MOVE,11.538962,0.090148,"RAM -> VRAM [Model: d039aa0d, Layer: 7aa05e61]"
2780655.351267,10000,d039aa0d-a9b0-41b0-9698-e239ca19fdf4,worker_2,worker_2,GPU_COMPUTE,0.050000,0.050000,GPU Compute
2780655.509267,10000,d039aa0d-a9b0-41b0-9698-e239ca19fdf4,worker_2,coordinator_0,NET_TRANSFER,0.000100,0.158000,Signal Finished
2781282.465701,10000,d039aa0d-a9b0-41b0-9698-e239ca19fdf4,coordinator_0,worker_3,NET_TRANSFER,7.835080,626.956434,Distribute Layer ID: d7cea3a8
2781282.544318,10000,d039aa0d-a9b0-41b0-9698-e239ca19fdf4,worker_3,worker_3,MEM_MOVE,10.062986,0.078617,"Evict VRAM -> RAM [Model: 0c0edddb, Layer: 405ac803]"
2781282.605530,10000,d039aa0d-a9b0-41b0-9698-e239ca19fdf4,worker_3,worker_3,DISK_LOAD,7.835080,0.061212,"Disk -> RAM [Model: d039aa0d, Layer: d7cea3a8]"
2781282.666741,10000,d039aa0d-a9b0-41b0-9698-e239ca19fdf4,worker_3,worker_3,MEM_MOVE,7.835080,0.061212,"RAM -> VRAM [Model: d039aa0d, Layer: d7cea3a8]"
2781282.716741,10000,d039aa0d-a9b0-41b0-9698-e239ca19fdf4,worker_3,worker_3,GPU_COMPUTE,0.050000,0.050000,GPU Compute
2781282.874741,10000,d039aa0d-a9b0-41b0-9698-e239ca19fdf4,worker_3,coordinator_0,NET_TRANSFER,0.000100,0.158000,Signal Finished
2781900.854537,10000,d039aa0d-a9b0-41b0-9698-e239ca19fdf4,coordinator_0,worker_4,NET_TRANSFER,7.722872,617.979796,Distribute Layer ID: 1e7e37a0
2781900.952580,10000,d039aa0d-a9b0-41b0-9698-e239ca19fdf4,worker_4,worker_4,MEM_MOVE,12.549527,0.098043,"Evict VRAM -> RAM [Model: c058df17, Layer: 13aa32c2]"
2781901.012915,10000,d039aa0d-a9b0-41b0-9698-e239ca19fdf4,worker_4,worker_4,DISK_LOAD,7.722872,0.060335,"Disk -> RAM [Model: d039aa0d, Layer: 1e7e37a0]"
2781901.073250,10000,d039aa0d-a9b0-41b0-9698-e239ca19fdf4,worker_4,worker_4,MEM_MOVE,7.722872,0.060335,"RAM -> VRAM [Model: d039aa0d, Layer: 1e7e37a0]"
2781901.123250,10000,d039aa0d-a9b0-41b0-9698-e239ca19fdf4,worker_4,worker_4,GPU_COMPUTE,0.050000,0.050000,GPU Compute
2781901.281250,10000,d039aa0d-a9b0-41b0-9698-e239ca19fdf4,worker_4,coordinator_0,NET_TRANSFER,0.000100,0.158000,Signal Finished
2782598.388003,10000,d039aa0d-a9b0-41b0-9698-e239ca19fdf4,coordinator_0,worker_1,NET_TRANSFER,8.711959,697.106753,Distribute Layer ID: 44f9ad07
2782598.442086,10000,d039aa0d-a9b0-41b0-9698-e239ca19fdf4,worker_1,worker_1,MEM_MOVE,6.922650,0.054083,"Evict VRAM -> RAM [Model: 0c0edddb, Layer: bec7990e]"
2782598.510149,10000,d039aa0d-a9b0-41b0-9698-e239ca19fdf4,worker_1,worker_1,DISK_LOAD,8.711959,0.068062,"Disk -> RAM [Model: d039aa0d, Layer: 44f9ad07]"
2782598.578211,10000,d039aa0d-a9b0-41b0-9698-e239ca19fdf4,worker_1,worker_1,MEM_MOVE,8.711959,0.068062,"RAM -> VRAM [Model: d039aa0d, Layer: 44f9ad07]"
2782598.628211,10000,d039aa0d-a9b0-41b0-9698-e239ca19fdf4,worker_1,worker_1,GPU_COMPUTE,0.050000,0.050000,GPU Compute
2782598.786211,10000,d039aa0d-a9b0-41b0-9698-e239ca19fdf4,worker_1,coordinator_0,NET_TRANSFER,0.000100,0.158000,Signal Finished
2783616.008762,10000,d039aa0d-a9b0-41b0-9698-e239ca19fdf4,coordinator_0,worker_2,NET_TRANSFER,12.713407,1017.222551,Distribute Layer ID: 099f8c25
2783616.074783,10000,d039aa0d-a9b0-41b0-9698-e239ca19fdf4,worker_2,worker_2,MEM_MOVE,8.450764,0.066022,"Evict VRAM -> RAM [Model: c058df17, Layer: b639dd41]"
2783616.178213,10000,d039aa0d-a9b0-41b0-9698-e239ca19fdf4,worker_2,worker_2,MEM_MOVE,13.238960,0.103429,"Evict VRAM -> RAM [Model: c058df17, Layer: 7f386ffd]"
2783616.277536,10000,d039aa0d-a9b0-41b0-9698-e239ca19fdf4,worker_2,worker_2,DISK_LOAD,12.713407,0.099323,"Disk -> RAM [Model: d039aa0d, Layer: 099f8c25]"
2783616.376860,10000,d039aa0d-a9b0-41b0-9698-e239ca19fdf4,worker_2,worker_2,MEM_MOVE,12.713407,0.099323,"RAM -> VRAM [Model: d039aa0d, Layer: 099f8c25]"
2783616.426860,10000,d039aa0d-a9b0-41b0-9698-e239ca19fdf4,worker_2,worker_2,GPU_COMPUTE,0.050000,0.050000,GPU Compute
2783616.584860,10000,d039aa0d-a9b0-41b0-9698-e239ca19fdf4,worker_2,coordinator_0,NET_TRANSFER,0.000100,0.158000,Signal Finished
2784597.809584,10000,d039aa0d-a9b0-41b0-9698-e239ca19fdf4,coordinator_0,worker_3,NET_TRANSFER,12.263434,981.224725,Distribute Layer ID: f5d79372
2784597.864056,10000,d039aa0d-a9b0-41b0-9698-e239ca19fdf4,worker_3,worker_3,MEM_MOVE,6.972379,0.054472,"Evict VRAM -> RAM [Model: c058df17, Layer: 2a3a7db5]"
2784597.959864,10000,d039aa0d-a9b0-41b0-9698-e239ca19fdf4,worker_3,worker_3,DISK_LOAD,12.263434,0.095808,"Disk -> RAM [Model: d039aa0d, Layer: f5d79372]"
2784598.055672,10000,d039aa0d-a9b0-41b0-9698-e239ca19fdf4,worker_3,worker_3,MEM_MOVE,12.263434,0.095808,"RAM -> VRAM [Model: d039aa0d, Layer: f5d79372]"
2784598.105672,10000,d039aa0d-a9b0-41b0-9698-e239ca19fdf4,worker_3,worker_3,GPU_COMPUTE,0.050000,0.050000,GPU Compute
2784598.263672,10000,d039aa0d-a9b0-41b0-9698-e239ca19fdf4,worker_3,coordinator_0,NET_TRANSFER,0.000100,0.158000,Signal Finished
2785736.436392,10000,d039aa0d-a9b0-41b0-9698-e239ca19fdf4,coordinator_0,worker_4,NET_TRANSFER,14.225284,1138.172720,Distribute Layer ID: d4f7aaaf
2785736.475805,10000,d039aa0d-a9b0-41b0-9698-e239ca19fdf4,worker_4,worker_4,MEM_MOVE,5.044831,0.039413,"Evict VRAM -> RAM [Model: c058df17, Layer: 342fba08]"
2785736.586940,10000,d039aa0d-a9b0-41b0-9698-e239ca19fdf4,worker_4,worker_4,DISK_LOAD,14.225284,0.111135,"Disk -> RAM [Model: d039aa0d, Layer: d4f7aaaf]"
2785736.698075,10000,d039aa0d-a9b0-41b0-9698-e239ca19fdf4,worker_4,worker_4,MEM_MOVE,14.225284,0.111135,"RAM -> VRAM [Model: d039aa0d, Layer: d4f7aaaf]"
2785736.748075,10000,d039aa0d-a9b0-41b0-9698-e239ca19fdf4,worker_4,worker_4,GPU_COMPUTE,0.050000,0.050000,GPU Compute
2785736.906075,10000,d039aa0d-a9b0-41b0-9698-e239ca19fdf4,worker_4,coordinator_0,NET_TRANSFER,0.000100,0.158000,Signal Finished
2786524.426048,10000,d039aa0d-a9b0-41b0-9698-e239ca19fdf4,coordinator_0,worker_1,NET_TRANSFER,9.842125,787.519973,Distribute Layer ID: 73cfc4bb
2786524.466796,10000,d039aa0d-a9b0-41b0-9698-e239ca19fdf4,worker_1,worker_1,MEM_MOVE,5.215676,0.040747,"Evict VRAM -> RAM [Model: c058df17, Layer: 084532c8]"
2786524.541109,10000,d039aa0d-a9b0-41b0-9698-e239ca19fdf4,worker_1,worker_1,MEM_MOVE,9.512037,0.074313,"Evict VRAM -> RAM [Model: c058df17, Layer: 59446edc]"
2786524.618000,10000,d039aa0d-a9b0-41b0-9698-e239ca19fdf4,worker_1,worker_1,DISK_LOAD,9.842125,0.076892,"Disk -> RAM [Model: d039aa0d, Layer: 73cfc4bb]"
2786524.694892,10000,d039aa0d-a9b0-41b0-9698-e239ca19fdf4,worker_1,worker_1,MEM_MOVE,9.842125,0.076892,"RAM -> VRAM [Model: d039aa0d, Layer: 73cfc4bb]"
2786524.744892,10000,d039aa0d-a9b0-41b0-9698-e239ca19fdf4,worker_1,worker_1,GPU_COMPUTE,0.050000,0.050000,GPU Compute
2786524.902892,10000,d039aa0d-a9b0-41b0-9698-e239ca19fdf4,worker_1,coordinator_0,NET_TRANSFER,0.000100,0.158000,Signal Finished
2787602.033823,10000,d039aa0d-a9b0-41b0-9698-e239ca19fdf4,coordinator_0,worker_2,NET_TRANSFER,13.462262,1077.130932,Distribute Layer ID: 8a3448e1
2787602.074656,10000,d039aa0d-a9b0-41b0-9698-e239ca19fdf4,worker_2,worker_2,MEM_MOVE,5.226547,0.040832,"Evict VRAM -> RAM [Model: c058df17, Layer: 0160b609]"
2787602.179830,10000,d039aa0d-a9b0-41b0-9698-e239ca19fdf4,worker_2,worker_2,DISK_LOAD,13.462262,0.105174,"Disk -> RAM [Model: d039aa0d, Layer: 8a3448e1]"
2787602.285004,10000,d039aa0d-a9b0-41b0-9698-e239ca19fdf4,worker_2,worker_2,MEM_MOVE,13.462262,0.105174,"RAM -> VRAM [Model: d039aa0d, Layer: 8a3448e1]"
2787602.335004,10000,d039aa0d-a9b0-41b0-9698-e239ca19fdf4,worker_2,worker_2,GPU_COMPUTE,0.050000,0.050000,GPU Compute
2787602.493004,10000,d039aa0d-a9b0-41b0-9698-e239ca19fdf4,worker_2,coordinator_0,NET_TRANSFER,0.000100,0.158000,Signal Finished
2788233.082217,10000,d039aa0d-a9b0-41b0-9698-e239ca19fdf4,coordinator_0,worker_3,NET_TRANSFER,7.880490,630.589213,Distribute Layer ID: 0da3831b
2788233.178274,10000,d039aa0d-a9b0-41b0-9698-e239ca19fdf4,worker_3,worker_3,MEM_MOVE,12.295355,0.096057,"Evict VRAM -> RAM [Model: c058df17, Layer: 18e16fba]"
2788233.239840,10000,d039aa0d-a9b0-41b0-9698-e239ca19fdf4,worker_3,worker_3,DISK_LOAD,7.880490,0.061566,"Disk -> RAM [Model: d039aa0d, Layer: 0da3831b]"
2788233.301407,10000,d039aa0d-a9b0-41b0-9698-e239ca19fdf4,worker_3,worker_3,MEM_MOVE,7.880490,0.061566,"RAM -> VRAM [Model: d039aa0d, Layer: 0da3831b]"
2788233.351407,10000,d039aa0d-a9b0-41b0-9698-e239ca19fdf4,worker_3,worker_3,GPU_COMPUTE,0.050000,0.050000,GPU Compute
2788233.509407,10000,d039aa0d-a9b0-41b0-9698-e239ca19fdf4,worker_3,coordinator_0,NET_TRANSFER,0.000100,0.158000,Signal Finished
2789336.169941,10000,d039aa0d-a9b0-41b0-9698-e239ca19fdf4,coordinator_0,worker_4,NET_TRANSFER,13.781382,1102.660534,Distribute Layer ID: 28c55fa4
2789336.240893,10000,d039aa0d-a9b0-41b0-9698-e239ca19fdf4,worker_4,worker_4,MEM_MOVE,9.081856,0.070952,"Evict VRAM -> RAM [Model: c058df17, Layer: 017a1496]"
2789336.294676,10000,d039aa0d-a9b0-41b0-9698-e239ca19fdf4,worker_4,worker_4,MEM_MOVE,6.884237,0.053783,"Evict VRAM -> RAM [Model: c058df17, Layer: 557f4acf]"
2789336.402343,10000,d039aa0d-a9b0-41b0-9698-e239ca19fdf4,worker_4,worker_4,DISK_LOAD,13.781382,0.107667,"Disk -> RAM [Model: d039aa0d, Layer: 28c55fa4]"
2789336.510010,10000,d039aa0d-a9b0-41b0-9698-e239ca19fdf4,worker_4,worker_4,MEM_MOVE,13.781382,0.107667,"RAM -> VRAM [Model: d039aa0d, Layer: 28c55fa4]"
2789336.560010,10000,d039aa0d-a9b0-41b0-9698-e239ca19fdf4,worker_4,worker_4,GPU_COMPUTE,0.050000,0.050000,GPU Compute
2789336.718010,10000,d039aa0d-a9b0-41b0-9698-e239ca19fdf4,worker_4,coordinator_0,NET_TRANSFER,0.000100,0.158000,Signal Finished
2790398.383814,10000,d039aa0d-a9b0-41b0-9698-e239ca19fdf4,coordinator_0,worker_1,NET_TRANSFER,13.268948,1061.665804,Distribute Layer ID: 79cb2799
2790398.434608,10000,d039aa0d-a9b0-41b0-9698-e239ca19fdf4,worker_1,worker_1,MEM_MOVE,6.501633,0.050794,"Evict VRAM -> RAM [Model: c058df17, Layer: a6e109f8]"
2790398.538272,10000,d039aa0d-a9b0-41b0-9698-e239ca19fdf4,worker_1,worker_1,DISK_LOAD,13.268948,0.103664,"Disk -> RAM [Model: d039aa0d, Layer: 79cb2799]"
2790398.641936,10000,d039aa0d-a9b0-41b0-9698-e239ca19fdf4,worker_1,worker_1,MEM_MOVE,13.268948,0.103664,"RAM -> VRAM [Model: d039aa0d, Layer: 79cb2799]"
2790398.691936,10000,d039aa0d-a9b0-41b0-9698-e239ca19fdf4,worker_1,worker_1,GPU_COMPUTE,0.050000,0.050000,GPU Compute
2790398.849936,10000,d039aa0d-a9b0-41b0-9698-e239ca19fdf4,worker_1,coordinator_0,NET_TRANSFER,0.000100,0.158000,Signal Finished
2791194.692396,10000,d039aa0d-a9b0-41b0-9698-e239ca19fdf4,coordinator_0,worker_2,NET_TRANSFER,9.946156,795.842460,Distribute Layer ID: a7f2d232
2791194.775707,10000,d039aa0d-a9b0-41b0-9698-e239ca19fdf4,worker_2,worker_2,MEM_MOVE,10.663930,0.083312,"Evict VRAM -> RAM [Model: c058df17, Layer: 689e7abb]"
2791194.853412,10000,d039aa0d-a9b0-41b0-9698-e239ca19fdf4,worker_2,worker_2,DISK_LOAD,9.946156,0.077704,"Disk -> RAM [Model: d039aa0d, Layer: a7f2d232]"
2791194.931116,10000,d039aa0d-a9b0-41b0-9698-e239ca19fdf4,worker_2,worker_2,MEM_MOVE,9.946156,0.077704,"RAM -> VRAM [Model: d039aa0d, Layer: a7f2d232]"
2791194.981116,10000,d039aa0d-a9b0-41b0-9698-e239ca19fdf4,worker_2,worker_2,GPU_COMPUTE,0.050000,0.050000,GPU Compute
2791195.139116,10000,d039aa0d-a9b0-41b0-9698-e239ca19fdf4,worker_2,coordinator_0,NET_TRANSFER,0.000100,0.158000,Signal Finished
2791833.334521,10000,d039aa0d-a9b0-41b0-9698-e239ca19fdf4,coordinator_0,worker_3,NET_TRANSFER,7.975568,638.195404,Distribute Layer ID: 274eb2c5
2791833.443644,10000,d039aa0d-a9b0-41b0-9698-e239ca19fdf4,worker_3,worker_3,MEM_MOVE,13.967760,0.109123,"Evict VRAM -> RAM [Model: c058df17, Layer: af9d1318]"
2791833.505953,10000,d039aa0d-a9b0-41b0-9698-e239ca19fdf4,worker_3,worker_3,DISK_LOAD,7.975568,0.062309,"Disk -> RAM [Model: d039aa0d, Layer: 274eb2c5]"
2791833.568262,10000,d039aa0d-a9b0-41b0-9698-e239ca19fdf4,worker_3,worker_3,MEM_MOVE,7.975568,0.062309,"RAM -> VRAM [Model: d039aa0d, Layer: 274eb2c5]"
2791833.618262,10000,d039aa0d-a9b0-41b0-9698-e239ca19fdf4,worker_3,worker_3,GPU_COMPUTE,0.050000,0.050000,GPU Compute
2791833.776262,10000,d039aa0d-a9b0-41b0-9698-e239ca19fdf4,worker_3,coordinator_0,NET_TRANSFER,0.000100,0.158000,Signal Finished
2792523.407314,10000,d039aa0d-a9b0-41b0-9698-e239ca19fdf4,coordinator_0,worker_4,NET_TRANSFER,8.618513,689.631052,Distribute Layer ID: bfb7c21d
2792523.515885,10000,d039aa0d-a9b0-41b0-9698-e239ca19fdf4,worker_4,worker_4,MEM_MOVE,13.897097,0.108571,"Evict VRAM -> RAM [Model: c058df17, Layer: 3c490d2d]"
2792523.583217,10000,d039aa0d-a9b0-41b0-9698-e239ca19fdf4,worker_4,worker_4,DISK_LOAD,8.618513,0.067332,"Disk -> RAM [Model: d039aa0d, Layer: bfb7c21d]"
2792523.650549,10000,d039aa0d-a9b0-41b0-9698-e239ca19fdf4,worker_4,worker_4,MEM_MOVE,8.618513,0.067332,"RAM -> VRAM [Model: d039aa0d, Layer: bfb7c21d]"
2792523.700549,10000,d039aa0d-a9b0-41b0-9698-e239ca19fdf4,worker_4,worker_4,GPU_COMPUTE,0.050000,0.050000,GPU Compute
2792523.858549,10000,d039aa0d-a9b0-41b0-9698-e239ca19fdf4,worker_4,coordinator_0,NET_TRANSFER,0.000100,0.158000,Signal Finished
2792978.475221,10000,d039aa0d-a9b0-41b0-9698-e239ca19fdf4,coordinator_0,worker_1,NET_TRANSFER,5.680833,454.616672,Distribute Layer ID: b952c889
2792978.543169,10000,d039aa0d-a9b0-41b0-9698-e239ca19fdf4,worker_1,worker_1,MEM_MOVE,8.697322,0.067948,"Evict VRAM -> RAM [Model: c058df17, Layer: a1b570a9]"
2792978.587550,10000,d039aa0d-a9b0-41b0-9698-e239ca19fdf4,worker_1,worker_1,DISK_LOAD,5.680833,0.044382,"Disk -> RAM [Model: d039aa0d, Layer: b952c889]"
2792978.631932,10000,d039aa0d-a9b0-41b0-9698-e239ca19fdf4,worker_1,worker_1,MEM_MOVE,5.680833,0.044382,"RAM -> VRAM [Model: d039aa0d, Layer: b952c889]"
2792978.681932,10000,d039aa0d-a9b0-41b0-9698-e239ca19fdf4,worker_1,worker_1,GPU_COMPUTE,0.050000,0.050000,GPU Compute
2792978.839932,10000,d039aa0d-a9b0-41b0-9698-e239ca19fdf4,worker_1,coordinator_0,NET_TRANSFER,0.000100,0.158000,Signal Finished
2793774.926565,10000,d039aa0d-a9b0-41b0-9698-e239ca19fdf4,coordinator_0,worker_2,NET_TRANSFER,9.949208,796.086633,Distribute Layer ID: cc88d0a6
2793775.021390,10000,d039aa0d-a9b0-41b0-9698-e239ca19fdf4,worker_2,worker_2,MEM_MOVE,12.137588,0.094825,"Evict VRAM -> RAM [Model: c058df17, Layer: 9bc9b7f9]"
2793775.099118,10000,d039aa0d-a9b0-41b0-9698-e239ca19fdf4,worker_2,worker_2,DISK_LOAD,9.949208,0.077728,"Disk -> RAM [Model: d039aa0d, Layer: cc88d0a6]"
2793775.176847,10000,d039aa0d-a9b0-41b0-9698-e239ca19fdf4,worker_2,worker_2,MEM_MOVE,9.949208,0.077728,"RAM -> VRAM [Model: d039aa0d, Layer: cc88d0a6]"
2793775.226847,10000,d039aa0d-a9b0-41b0-9698-e239ca19fdf4,worker_2,worker_2,GPU_COMPUTE,0.050000,0.050000,GPU Compute
2793775.384847,10000,d039aa0d-a9b0-41b0-9698-e239ca19fdf4,worker_2,coordinator_0,NET_TRANSFER,0.000100,0.158000,Signal Finished
2794905.216591,10000,d039aa0d-a9b0-41b0-9698-e239ca19fdf4,coordinator_0,worker_3,NET_TRANSFER,14.121022,1129.831745,Distribute Layer ID: ef15fce4
2794905.275676,10000,d039aa0d-a9b0-41b0-9698-e239ca19fdf4,worker_3,worker_3,MEM_MOVE,7.562925,0.059085,"Evict VRAM -> RAM [Model: c058df17, Layer: c13863cc]"
2794905.385997,10000,d039aa0d-a9b0-41b0-9698-e239ca19fdf4,worker_3,worker_3,DISK_LOAD,14.121022,0.110320,"Disk -> RAM [Model: d039aa0d, Layer: ef15fce4]"
2794905.496317,10000,d039aa0d-a9b0-41b0-9698-e239ca19fdf4,worker_3,worker_3,MEM_MOVE,14.121022,0.110320,"RAM -> VRAM [Model: d039aa0d, Layer: ef15fce4]"
2794905.546317,10000,d039aa0d-a9b0-41b0-9698-e239ca19fdf4,worker_3,worker_3,GPU_COMPUTE,0.050000,0.050000,GPU Compute
2794905.704317,10000,d039aa0d-a9b0-41b0-9698-e239ca19fdf4,worker_3,coordinator_0,NET_TRANSFER,0.000100,0.158000,Signal Finished
2795321.079661,10000,d039aa0d-a9b0-41b0-9698-e239ca19fdf4,coordinator_0,worker_4,NET_TRANSFER,5.190317,415.375343,Distribute Layer ID: 2a09df00
2795321.120210,10000,d039aa0d-a9b0-41b0-9698-e239ca19fdf4,worker_4,worker_4,DISK_LOAD,5.190317,0.040549,"Disk -> RAM [Model: d039aa0d, Layer: 2a09df00]"
2795321.160759,10000,d039aa0d-a9b0-41b0-9698-e239ca19fdf4,worker_4,worker_4,MEM_MOVE,5.190317,0.040549,"RAM -> VRAM [Model: d039aa0d, Layer: 2a09df00]"
2795321.210759,10000,d039aa0d-a9b0-41b0-9698-e239ca19fdf4,worker_4,worker_4,GPU_COMPUTE,0.050000,0.050000,GPU Compute
2795321.368759,10000,d039aa0d-a9b0-41b0-9698-e239ca19fdf4,worker_4,coordinator_0,NET_TRANSFER,0.000100,0.158000,Signal Finished
2796352.897589,10000,d039aa0d-a9b0-41b0-9698-e239ca19fdf4,coordinator_0,worker_1,NET_TRANSFER,12.892235,1031.528830,Distribute Layer ID: 0ce12f01
2796352.979607,10000,d039aa0d-a9b0-41b0-9698-e239ca19fdf4,worker_1,worker_1,MEM_MOVE,10.498276,0.082018,"Evict VRAM -> RAM [Model: c058df17, Layer: cb100d05]"
2796353.080327,10000,d039aa0d-a9b0-41b0-9698-e239ca19fdf4,worker_1,worker_1,DISK_LOAD,12.892235,0.100721,"Disk -> RAM [Model: d039aa0d, Layer: 0ce12f01]"
2796353.181048,10000,d039aa0d-a9b0-41b0-9698-e239ca19fdf4,worker_1,worker_1,MEM_MOVE,12.892235,0.100721,"RAM -> VRAM [Model: d039aa0d, Layer: 0ce12f01]"
2796353.231048,10000,d039aa0d-a9b0-41b0-9698-e239ca19fdf4,worker_1,worker_1,GPU_COMPUTE,0.050000,0.050000,GPU Compute
2796353.389048,10000,d039aa0d-a9b0-41b0-9698-e239ca19fdf4,worker_1,coordinator_0,NET_TRANSFER,0.000100,0.158000,Signal Finished
2797346.592154,10000,d039aa0d-a9b0-41b0-9698-e239ca19fdf4,coordinator_0,worker_2,NET_TRANSFER,12.413164,993.203107,Distribute Layer ID: 5679dcec
2797346.673796,10000,d039aa0d-a9b0-41b0-9698-e239ca19fdf4,worker_2,worker_2,MEM_MOVE,10.450074,0.081641,"Evict VRAM -> RAM [Model: c058df17, Layer: fdf4a84d]"
2797346.770773,10000,d039aa0d-a9b0-41b0-9698-e239ca19fdf4,worker_2,worker_2,DISK_LOAD,12.413164,0.096978,"Disk -> RAM [Model: d039aa0d, Layer: 5679dcec]"
2797346.867751,10000,d039aa0d-a9b0-41b0-9698-e239ca19fdf4,worker_2,worker_2,MEM_MOVE,12.413164,0.096978,"RAM -> VRAM [Model: d039aa0d, Layer: 5679dcec]"
2797346.917751,10000,d039aa0d-a9b0-41b0-9698-e239ca19fdf4,worker_2,worker_2,GPU_COMPUTE,0.050000,0.050000,GPU Compute
2797347.075751,10000,d039aa0d-a9b0-41b0-9698-e239ca19fdf4,worker_2,coordinator_0,NET_TRANSFER,0.000100,0.158000,Signal Finished
2798010.556699,10000,d039aa0d-a9b0-41b0-9698-e239ca19fdf4,coordinator_0,worker_3,NET_TRANSFER,8.291637,663.480948,Distribute Layer ID: 0114f450
2798010.646999,10000,d039aa0d-a9b0-41b0-9698-e239ca19fdf4,worker_3,worker_3,MEM_MOVE,11.558412,0.090300,"Evict VRAM -> RAM [Model: c058df17, Layer: 3dbca27d]"
2798010.711777,10000,d039aa0d-a9b0-41b0-9698-e239ca19fdf4,worker_3,worker_3,DISK_LOAD,8.291637,0.064778,"Disk -> RAM [Model: d039aa0d, Layer: 0114f450]"
2798010.776556,10000,d039aa0d-a9b0-41b0-9698-e239ca19fdf4,worker_3,worker_3,MEM_MOVE,8.291637,0.064778,"RAM -> VRAM [Model: d039aa0d, Layer: 0114f450]"
2798010.826556,10000,d039aa0d-a9b0-41b0-9698-e239ca19fdf4,worker_3,worker_3,GPU_COMPUTE,0.050000,0.050000,GPU Compute
2798010.984556,10000,d039aa0d-a9b0-41b0-9698-e239ca19fdf4,worker_3,coordinator_0,NET_TRANSFER,0.000100,0.158000,Signal Finished
2798561.081634,10000,d039aa0d-a9b0-41b0-9698-e239ca19fdf4,coordinator_0,worker_4,NET_TRANSFER,6.874338,550.097078,Distribute Layer ID: 975e45ac
2798561.191142,10000,d039aa0d-a9b0-41b0-9698-e239ca19fdf4,worker_4,worker_4,MEM_MOVE,14.017040,0.109508,"Evict VRAM -> RAM [Model: c058df17, Layer: aac88cd6]"
2798561.244848,10000,d039aa0d-a9b0-41b0-9698-e239ca19fdf4,worker_4,worker_4,DISK_LOAD,6.874338,0.053706,"Disk -> RAM [Model: d039aa0d, Layer: 975e45ac]"
2798561.298553,10000,d039aa0d-a9b0-41b0-9698-e239ca19fdf4,worker_4,worker_4,MEM_MOVE,6.874338,0.053706,"RAM -> VRAM [Model: d039aa0d, Layer: 975e45ac]"
2798561.348553,10000,d039aa0d-a9b0-41b0-9698-e239ca19fdf4,worker_4,worker_4,GPU_COMPUTE,0.050000,0.050000,GPU Compute
2798561.506553,10000,d039aa0d-a9b0-41b0-9698-e239ca19fdf4,worker_4,coordinator_0,NET_TRANSFER,0.000100,0.158000,Signal Finished
2799653.931875,10000,d039aa0d-a9b0-41b0-9698-e239ca19fdf4,coordinator_0,worker_1,NET_TRANSFER,13.653442,1092.425322,Distribute Layer ID: 715aeb59
2799654.005356,10000,d039aa0d-a9b0-41b0-9698-e239ca19fdf4,worker_1,worker_1,MEM_MOVE,9.405575,0.073481,"Evict VRAM -> RAM [Model: c058df17, Layer: 5e7554e1]"
2799654.118579,10000,d039aa0d-a9b0-41b0-9698-e239ca19fdf4,worker_1,worker_1,MEM_MOVE,14.492505,0.113223,"Evict VRAM -> RAM [Model: c058df17, Layer: ddc732b6]"
2799654.225247,10000,d039aa0d-a9b0-41b0-9698-e239ca19fdf4,worker_1,worker_1,DISK_LOAD,13.653442,0.106668,"Disk -> RAM [Model: d039aa0d, Layer: 715aeb59]"
2799654.331914,10000,d039aa0d-a9b0-41b0-9698-e239ca19fdf4,worker_1,worker_1,MEM_MOVE,13.653442,0.106668,"RAM -> VRAM [Model: d039aa0d, Layer: 715aeb59]"
2799654.381914,10000,d039aa0d-a9b0-41b0-9698-e239ca19fdf4,worker_1,worker_1,GPU_COMPUTE,0.050000,0.050000,GPU Compute
2799654.539914,10000,d039aa0d-a9b0-41b0-9698-e239ca19fdf4,worker_1,coordinator_0,NET_TRANSFER,0.000100,0.158000,Signal Finished
2800206.098650,10000,d039aa0d-a9b0-41b0-9698-e239ca19fdf4,coordinator_0,worker_2,NET_TRANSFER,6.892609,551.558736,Distribute Layer ID: ac07f8e9
2800206.151220,10000,d039aa0d-a9b0-41b0-9698-e239ca19fdf4,worker_2,worker_2,MEM_MOVE,6.728976,0.052570,"Evict VRAM -> RAM [Model: c058df17, Layer: 052a3980]"
2800206.205068,10000,d039aa0d-a9b0-41b0-9698-e239ca19fdf4,worker_2,worker_2,DISK_LOAD,6.892609,0.053849,"Disk -> RAM [Model: d039aa0d, Layer: ac07f8e9]"
2800206.258917,10000,d039aa0d-a9b0-41b0-9698-e239ca19fdf4,worker_2,worker_2,MEM_MOVE,6.892609,0.053849,"RAM -> VRAM [Model: d039aa0d, Layer: ac07f8e9]"
2800206.308917,10000,d039aa0d-a9b0-41b0-9698-e239ca19fdf4,worker_2,worker_2,GPU_COMPUTE,0.050000,0.050000,GPU Compute
2800206.466917,10000,d039aa0d-a9b0-41b0-9698-e239ca19fdf4,worker_2,coordinator_0,NET_TRANSFER,0.000100,0.158000,Signal Finished
2800927.159989,10000,d039aa0d-a9b0-41b0-9698-e239ca19fdf4,coordinator_0,worker_3,NET_TRANSFER,9.006788,720.693072,Distribute Layer ID: 1eddafe2
2800927.230355,10000,d039aa0d-a9b0-41b0-9698-e239ca19fdf4,worker_3,worker_3,DISK_LOAD,9.006788,0.070366,"Disk -> RAM [Model: d039aa0d, Layer: 1eddafe2]"
2800927.300720,10000,d039aa0d-a9b0-41b0-9698-e239ca19fdf4,worker_3,worker_3,MEM_MOVE,9.006788,0.070366,"RAM -> VRAM [Model: d039aa0d, Layer: 1eddafe2]"
2800927.350720,10000,d039aa0d-a9b0-41b0-9698-e239ca19fdf4,worker_3,worker_3,GPU_COMPUTE,0.050000,0.050000,GPU Compute
2800927.508720,10000,d039aa0d-a9b0-41b0-9698-e239ca19fdf4,worker_3,coordinator_0,NET_TRANSFER,0.000100,0.158000,Signal Finished
2802075.629454,10000,d039aa0d-a9b0-41b0-9698-e239ca19fdf4,coordinator_0,worker_4,NET_TRANSFER,14.349634,1148.120733,Distribute Layer ID: 96f64542
2802075.697915,10000,d039aa0d-a9b0-41b0-9698-e239ca19fdf4,worker_4,worker_4,MEM_MOVE,8.763033,0.068461,"Evict VRAM -> RAM [Model: c058df17, Layer: 635ec905]"
2802075.810021,10000,d039aa0d-a9b0-41b0-9698-e239ca19fdf4,worker_4,worker_4,DISK_LOAD,14.349634,0.112107,"Disk -> RAM [Model: d039aa0d, Layer: 96f64542]"
2802075.922128,10000,d039aa0d-a9b0-41b0-9698-e239ca19fdf4,worker_4,worker_4,MEM_MOVE,14.349634,0.112107,"RAM -> VRAM [Model: d039aa0d, Layer: 96f64542]"
2802075.972128,10000,d039aa0d-a9b0-41b0-9698-e239ca19fdf4,worker_4,worker_4,GPU_COMPUTE,0.050000,0.050000,GPU Compute
2802076.130128,10000,d039aa0d-a9b0-41b0-9698-e239ca19fdf4,worker_4,coordinator_0,NET_TRANSFER,0.000100,0.158000,Signal Finished
2802708.574185,10000,d039aa0d-a9b0-41b0-9698-e239ca19fdf4,coordinator_0,worker_1,NET_TRANSFER,7.903676,632.444057,Distribute Layer ID: 6e6d4ebc
2802708.635932,10000,d039aa0d-a9b0-41b0-9698-e239ca19fdf4,worker_1,worker_1,DISK_LOAD,7.903676,0.061747,"Disk -> RAM [Model: d039aa0d, Layer: 6e6d4ebc]"
2802708.697680,10000,d039aa0d-a9b0-41b0-9698-e239ca19fdf4,worker_1,worker_1,MEM_MOVE,7.903676,0.061747,"RAM -> VRAM [Model: d039aa0d, Layer: 6e6d4ebc]"
2802708.747680,10000,d039aa0d-a9b0-41b0-9698-e239ca19fdf4,worker_1,worker_1,GPU_COMPUTE,0.050000,0.050000,GPU Compute
2802708.905680,10000,d039aa0d-a9b0-41b0-9698-e239ca19fdf4,worker_1,coordinator_0,NET_TRANSFER,0.000100,0.158000,Signal Finished
2803255.661397,10000,d039aa0d-a9b0-41b0-9698-e239ca19fdf4,coordinator_0,worker_2,NET_TRANSFER,6.832571,546.755718,Distribute Layer ID: fed1519a
2803255.723940,10000,d039aa0d-a9b0-41b0-9698-e239ca19fdf4,worker_2,worker_2,MEM_MOVE,8.005405,0.062542,"Evict VRAM -> RAM [Model: c058df17, Layer: 6042a212]"
2803255.777319,10000,d039aa0d-a9b0-41b0-9698-e239ca19fdf4,worker_2,worker_2,DISK_LOAD,6.832571,0.053379,"Disk -> RAM [Model: d039aa0d, Layer: fed1519a]"
2803255.830699,10000,d039aa0d-a9b0-41b0-9698-e239ca19fdf4,worker_2,worker_2,MEM_MOVE,6.832571,0.053379,"RAM -> VRAM [Model: d039aa0d, Layer: fed1519a]"
2803255.880699,10000,d039aa0d-a9b0-41b0-9698-e239ca19fdf4,worker_2,worker_2,GPU_COMPUTE,0.050000,0.050000,GPU Compute
2803256.038699,10000,d039aa0d-a9b0-41b0-9698-e239ca19fdf4,worker_2,coordinator_0,NET_TRANSFER,0.000100,0.158000,Signal Finished
2803875.022386,10000,d039aa0d-a9b0-41b0-9698-e239ca19fdf4,coordinator_0,worker_3,NET_TRANSFER,7.735421,618.983687,Distribute Layer ID: e77ce63d
2803875.111783,10000,d039aa0d-a9b0-41b0-9698-e239ca19fdf4,worker_3,worker_3,MEM_MOVE,11.442838,0.089397,"Evict VRAM -> RAM [Model: c058df17, Layer: 24d5b877]"
2803875.172216,10000,d039aa0d-a9b0-41b0-9698-e239ca19fdf4,worker_3,worker_3,DISK_LOAD,7.735421,0.060433,"Disk -> RAM [Model: d039aa0d, Layer: e77ce63d]"
2803875.232649,10000,d039aa0d-a9b0-41b0-9698-e239ca19fdf4,worker_3,worker_3,MEM_MOVE,7.735421,0.060433,"RAM -> VRAM [Model: d039aa0d, Layer: e77ce63d]"
2803875.282649,10000,d039aa0d-a9b0-41b0-9698-e239ca19fdf4,worker_3,worker_3,GPU_COMPUTE,0.050000,0.050000,GPU Compute
2803875.440649,10000,d039aa0d-a9b0-41b0-9698-e239ca19fdf4,worker_3,coordinator_0,NET_TRANSFER,0.000100,0.158000,Signal Finished
2804568.264497,10000,d039aa0d-a9b0-41b0-9698-e239ca19fdf4,coordinator_0,worker_4,NET_TRANSFER,8.658423,692.823848,Distribute Layer ID: 65e2f0e3
2804568.358059,10000,d039aa0d-a9b0-41b0-9698-e239ca19fdf4,worker_4,worker_4,MEM_MOVE,11.975858,0.093561,"Evict VRAM -> RAM [Model: c058df17, Layer: f4fca798]"
2804568.425703,10000,d039aa0d-a9b0-41b0-9698-e239ca19fdf4,worker_4,worker_4,DISK_LOAD,8.658423,0.067644,"Disk -> RAM [Model: d039aa0d, Layer: 65e2f0e3]"
2804568.493346,10000,d039aa0d-a9b0-41b0-9698-e239ca19fdf4,worker_4,worker_4,MEM_MOVE,8.658423,0.067644,"RAM -> VRAM [Model: d039aa0d, Layer: 65e2f0e3]"
2804568.543346,10000,d039aa0d-a9b0-41b0-9698-e239ca19fdf4,worker_4,worker_4,GPU_COMPUTE,0.050000,0.050000,GPU Compute
2804568.701346,10000,d039aa0d-a9b0-41b0-9698-e239ca19fdf4,worker_4,coordinator_0,NET_TRANSFER,0.000100,0.158000,Signal Finished
2805184.336339,10000,d039aa0d-a9b0-41b0-9698-e239ca19fdf4,coordinator_0,worker_1,NET_TRANSFER,7.693562,615.634993,Distribute Layer ID: 6fe7b2f6
2805184.393601,10000,d039aa0d-a9b0-41b0-9698-e239ca19fdf4,worker_1,worker_1,MEM_MOVE,7.329544,0.057262,"Evict VRAM -> RAM [Model: c058df17, Layer: f4522f85]"
2805184.453707,10000,d039aa0d-a9b0-41b0-9698-e239ca19fdf4,worker_1,worker_1,DISK_LOAD,7.693562,0.060106,"Disk -> RAM [Model: d039aa0d, Layer: 6fe7b2f6]"
2805184.513813,10000,d039aa0d-a9b0-41b0-9698-e239ca19fdf4,worker_1,worker_1,MEM_MOVE,7.693562,0.060106,"RAM -> VRAM [Model: d039aa0d, Layer: 6fe7b2f6]"
2805184.563813,10000,d039aa0d-a9b0-41b0-9698-e239ca19fdf4,worker_1,worker_1,GPU_COMPUTE,0.050000,0.050000,GPU Compute
2805184.721813,10000,d039aa0d-a9b0-41b0-9698-e239ca19fdf4,worker_1,coordinator_0,NET_TRANSFER,0.000100,0.158000,Signal Finished
2805661.350583,10000,d039aa0d-a9b0-41b0-9698-e239ca19fdf4,coordinator_0,worker_2,NET_TRANSFER,5.955985,476.628769,Distribute Layer ID: 4f5b6fb7
2805661.402796,10000,d039aa0d-a9b0-41b0-9698-e239ca19fdf4,worker_2,worker_2,MEM_MOVE,6.683377,0.052214,"Evict VRAM -> RAM [Model: c058df17, Layer: df8ffe07]"
2805661.449328,10000,d039aa0d-a9b0-41b0-9698-e239ca19fdf4,worker_2,worker_2,DISK_LOAD,5.955985,0.046531,"Disk -> RAM [Model: d039aa0d, Layer: 4f5b6fb7]"
2805661.495859,10000,d039aa0d-a9b0-41b0-9698-e239ca19fdf4,worker_2,worker_2,MEM_MOVE,5.955985,0.046531,"RAM -> VRAM [Model: d039aa0d, Layer: 4f5b6fb7]"
2805661.545859,10000,d039aa0d-a9b0-41b0-9698-e239ca19fdf4,worker_2,worker_2,GPU_COMPUTE,0.050000,0.050000,GPU Compute
2805661.703859,10000,d039aa0d-a9b0-41b0-9698-e239ca19fdf4,worker_2,coordinator_0,NET_TRANSFER,0.000100,0.158000,Signal Finished
2806412.853844,10000,d039aa0d-a9b0-41b0-9698-e239ca19fdf4,coordinator_0,worker_3,NET_TRANSFER,9.387500,751.149985,Distribute Layer ID: 7cb518e5
2806412.949825,10000,d039aa0d-a9b0-41b0-9698-e239ca19fdf4,worker_3,worker_3,MEM_MOVE,12.285583,0.095981,"Evict VRAM -> RAM [Model: c058df17, Layer: fe76f31c]"
2806413.023165,10000,d039aa0d-a9b0-41b0-9698-e239ca19fdf4,worker_3,worker_3,DISK_LOAD,9.387500,0.073340,"Disk -> RAM [Model: d039aa0d, Layer: 7cb518e5]"
2806413.096505,10000,d039aa0d-a9b0-41b0-9698-e239ca19fdf4,worker_3,worker_3,MEM_MOVE,9.387500,0.073340,"RAM -> VRAM [Model: d039aa0d, Layer: 7cb518e5]"
2806413.146505,10000,d039aa0d-a9b0-41b0-9698-e239ca19fdf4,worker_3,worker_3,GPU_COMPUTE,0.050000,0.050000,GPU Compute
2806413.304505,10000,d039aa0d-a9b0-41b0-9698-e239ca19fdf4,worker_3,coordinator_0,NET_TRANSFER,0.000100,0.158000,Signal Finished
2807334.494416,10000,d039aa0d-a9b0-41b0-9698-e239ca19fdf4,coordinator_0,worker_4,NET_TRANSFER,11.512999,921.189911,Distribute Layer ID: 579d45fa
2807334.593046,10000,d039aa0d-a9b0-41b0-9698-e239ca19fdf4,worker_4,worker_4,MEM_MOVE,12.624652,0.098630,"Evict VRAM -> RAM [Model: c058df17, Layer: a09e4031]"
2807334.682991,10000,d039aa0d-a9b0-41b0-9698-e239ca19fdf4,worker_4,worker_4,DISK_LOAD,11.512999,0.089945,"Disk -> RAM [Model: d039aa0d, Layer: 579d45fa]"
2807334.772937,10000,d039aa0d-a9b0-41b0-9698-e239ca19fdf4,worker_4,worker_4,MEM_MOVE,11.512999,0.089945,"RAM -> VRAM [Model: d039aa0d, Layer: 579d45fa]"
2807334.822937,10000,d039aa0d-a9b0-41b0-9698-e239ca19fdf4,worker_4,worker_4,GPU_COMPUTE,0.050000,0.050000,GPU Compute
2807334.980937,10000,d039aa0d-a9b0-41b0-9698-e239ca19fdf4,worker_4,coordinator_0,NET_TRANSFER,0.000100,0.158000,Signal Finished
2808259.639185,10000,d039aa0d-a9b0-41b0-9698-e239ca19fdf4,coordinator_0,worker_1,NET_TRANSFER,11.556353,924.658248,Distribute Layer ID: 9d50ffbc
2808259.737702,10000,d039aa0d-a9b0-41b0-9698-e239ca19fdf4,worker_1,worker_1,MEM_MOVE,12.610163,0.098517,"Evict VRAM -> RAM [Model: c058df17, Layer: 057014b4]"
2808259.827986,10000,d039aa0d-a9b0-41b0-9698-e239ca19fdf4,worker_1,worker_1,DISK_LOAD,11.556353,0.090284,"Disk -> RAM [Model: d039aa0d, Layer: 9d50ffbc]"
2808259.918270,10000,d039aa0d-a9b0-41b0-9698-e239ca19fdf4,worker_1,worker_1,MEM_MOVE,11.556353,0.090284,"RAM -> VRAM [Model: d039aa0d, Layer: 9d50ffbc]"
2808259.968270,10000,d039aa0d-a9b0-41b0-9698-e239ca19fdf4,worker_1,worker_1,GPU_COMPUTE,0.050000,0.050000,GPU Compute
2808260.126270,10000,d039aa0d-a9b0-41b0-9698-e239ca19fdf4,worker_1,coordinator_0,NET_TRANSFER,0.000100,0.158000,Signal Finished
2808737.781248,10000,d039aa0d-a9b0-41b0-9698-e239ca19fdf4,coordinator_0,worker_2,NET_TRANSFER,5.968812,477.654978,Distribute Layer ID: 82327f21
2808737.891632,10000,d039aa0d-a9b0-41b0-9698-e239ca19fdf4,worker_2,worker_2,MEM_MOVE,14.129153,0.110384,"Evict VRAM -> RAM [Model: c058df17, Layer: aedff183]"
2808737.938263,10000,d039aa0d-a9b0-41b0-9698-e239ca19fdf4,worker_2,worker_2,DISK_LOAD,5.968812,0.046631,"Disk -> RAM [Model: d039aa0d, Layer: 82327f21]"
2808737.984895,10000,d039aa0d-a9b0-41b0-9698-e239ca19fdf4,worker_2,worker_2,MEM_MOVE,5.968812,0.046631,"RAM -> VRAM [Model: d039aa0d, Layer: 82327f21]"
2808738.034895,10000,d039aa0d-a9b0-41b0-9698-e239ca19fdf4,worker_2,worker_2,GPU_COMPUTE,0.050000,0.050000,GPU Compute
2808738.192895,10000,d039aa0d-a9b0-41b0-9698-e239ca19fdf4,worker_2,coordinator_0,NET_TRANSFER,0.000100,0.158000,Signal Finished
2809126.239040,10000,d039aa0d-a9b0-41b0-9698-e239ca19fdf4,coordinator_0,worker_3,NET_TRANSFER,4.848702,388.046146,Distribute Layer ID: 9ef749c1
2809126.276921,10000,d039aa0d-a9b0-41b0-9698-e239ca19fdf4,worker_3,worker_3,DISK_LOAD,4.848702,0.037880,"Disk -> RAM [Model: d039aa0d, Layer: 9ef749c1]"
2809126.314801,10000,d039aa0d-a9b0-41b0-9698-e239ca19fdf4,worker_3,worker_3,MEM_MOVE,4.848702,0.037880,"RAM -> VRAM [Model: d039aa0d, Layer: 9ef749c1]"
2809126.364801,10000,d039aa0d-a9b0-41b0-9698-e239ca19fdf4,worker_3,worker_3,GPU_COMPUTE,0.050000,0.050000,GPU Compute
2809126.522801,10000,d039aa0d-a9b0-41b0-9698-e239ca19fdf4,worker_3,coordinator_0,NET_TRANSFER,0.000100,0.158000,Signal Finished
2809668.003153,10000,d039aa0d-a9b0-41b0-9698-e239ca19fdf4,coordinator_0,worker_4,NET_TRANSFER,6.766629,541.480351,Distribute Layer ID: b8299208
2809668.056017,10000,d039aa0d-a9b0-41b0-9698-e239ca19fdf4,worker_4,worker_4,DISK_LOAD,6.766629,0.052864,"Disk -> RAM [Model: d039aa0d, Layer: b8299208]"
2809668.108881,10000,d039aa0d-a9b0-41b0-9698-e239ca19fdf4,worker_4,worker_4,MEM_MOVE,6.766629,0.052864,"RAM -> VRAM [Model: d039aa0d, Layer: b8299208]"
2809668.158881,10000,d039aa0d-a9b0-41b0-9698-e239ca19fdf4,worker_4,worker_4,GPU_COMPUTE,0.050000,0.050000,GPU Compute
2809668.316881,10000,d039aa0d-a9b0-41b0-9698-e239ca19fdf4,worker_4,coordinator_0,NET_TRANSFER,0.000100,0.158000,Signal Finished
2810354.345756,10000,d039aa0d-a9b0-41b0-9698-e239ca19fdf4,coordinator_0,worker_1,NET_TRANSFER,8.573486,686.028875,Distribute Layer ID: a54a938f
2810354.435512,10000,d039aa0d-a9b0-41b0-9698-e239ca19fdf4,worker_1,worker_1,MEM_MOVE,11.488714,0.089756,"Evict VRAM -> RAM [Model: c058df17, Layer: f19215a1]"
2810354.502492,10000,d039aa0d-a9b0-41b0-9698-e239ca19fdf4,worker_1,worker_1,DISK_LOAD,8.573486,0.066980,"Disk -> RAM [Model: d039aa0d, Layer: a54a938f]"
2810354.569473,10000,d039aa0d-a9b0-41b0-9698-e239ca19fdf4,worker_1,worker_1,MEM_MOVE,8.573486,0.066980,"RAM -> VRAM [Model: d039aa0d, Layer: a54a938f]"
2810354.619473,10000,d039aa0d-a9b0-41b0-9698-e239ca19fdf4,worker_1,worker_1,GPU_COMPUTE,0.050000,0.050000,GPU Compute
2810354.777473,10000,d039aa0d-a9b0-41b0-9698-e239ca19fdf4,worker_1,coordinator_0,NET_TRANSFER,0.000100,0.158000,Signal Finished
2810978.719172,10000,d039aa0d-a9b0-41b0-9698-e239ca19fdf4,coordinator_0,worker_2,NET_TRANSFER,7.797396,623.941699,Distribute Layer ID: 33825c18
2810978.780089,10000,d039aa0d-a9b0-41b0-9698-e239ca19fdf4,worker_2,worker_2,DISK_LOAD,7.797396,0.060917,"Disk -> RAM [Model: d039aa0d, Layer: 33825c18]"
2810978.841006,10000,d039aa0d-a9b0-41b0-9698-e239ca19fdf4,worker_2,worker_2,MEM_MOVE,7.797396,0.060917,"RAM -> VRAM [Model: d039aa0d, Layer: 33825c18]"
2810978.891006,10000,d039aa0d-a9b0-41b0-9698-e239ca19fdf4,worker_2,worker_2,GPU_COMPUTE,0.050000,0.050000,GPU Compute
2810979.049006,10000,d039aa0d-a9b0-41b0-9698-e239ca19fdf4,worker_2,coordinator_0,NET_TRANSFER,0.000100,0.158000,Signal Finished
2811960.569781,10000,d039aa0d-a9b0-41b0-9698-e239ca19fdf4,coordinator_0,worker_3,NET_TRANSFER,12.267135,981.520775,Distribute Layer ID: 567b61f8
2811960.658294,10000,d039aa0d-a9b0-41b0-9698-e239ca19fdf4,worker_3,worker_3,MEM_MOVE,11.329699,0.088513,"Evict VRAM -> RAM [Model: c058df17, Layer: 7883175f]"
2811960.754131,10000,d039aa0d-a9b0-41b0-9698-e239ca19fdf4,worker_3,worker_3,DISK_LOAD,12.267135,0.095837,"Disk -> RAM [Model: d039aa0d, Layer: 567b61f8]"
2811960.849968,10000,d039aa0d-a9b0-41b0-9698-e239ca19fdf4,worker_3,worker_3,MEM_MOVE,12.267135,0.095837,"RAM -> VRAM [Model: d039aa0d, Layer: 567b61f8]"
2811960.899968,10000,d039aa0d-a9b0-41b0-9698-e239ca19fdf4,worker_3,worker_3,GPU_COMPUTE,0.050000,0.050000,GPU Compute
2811961.057968,10000,d039aa0d-a9b0-41b0-9698-e239ca19fdf4,worker_3,coordinator_0,NET_TRANSFER,0.000100,0.158000,Signal Finished
2812562.024627,10000,d039aa0d-a9b0-41b0-9698-e239ca19fdf4,coordinator_0,worker_4,NET_TRANSFER,7.510208,600.966659,Distribute Layer ID: f50f6871
2812562.070415,10000,d039aa0d-a9b0-41b0-9698-e239ca19fdf4,worker_4,worker_4,MEM_MOVE,5.860825,0.045788,"Evict VRAM -> RAM [Model: 334a2444, Layer: b858ead5]"
2812562.130264,10000,d039aa0d-a9b0-41b0-9698-e239ca19fdf4,worker_4,worker_4,MEM_MOVE,7.660707,0.059849,"Evict VRAM -> RAM [Model: 334a2444, Layer: 2998aa08]"
2812562.188938,10000,d039aa0d-a9b0-41b0-9698-e239ca19fdf4,worker_4,worker_4,DISK_LOAD,7.510208,0.058674,"Disk -> RAM [Model: d039aa0d, Layer: f50f6871]"
2812562.247611,10000,d039aa0d-a9b0-41b0-9698-e239ca19fdf4,worker_4,worker_4,MEM_MOVE,7.510208,0.058674,"RAM -> VRAM [Model: d039aa0d, Layer: f50f6871]"
2812562.297611,10000,d039aa0d-a9b0-41b0-9698-e239ca19fdf4,worker_4,worker_4,GPU_COMPUTE,0.050000,0.050000,GPU Compute
2812562.455611,10000,d039aa0d-a9b0-41b0-9698-e239ca19fdf4,worker_4,coordinator_0,NET_TRANSFER,0.000100,0.158000,Signal Finished
2813182.255357,10000,d039aa0d-a9b0-41b0-9698-e239ca19fdf4,coordinator_0,worker_1,NET_TRANSFER,7.745622,619.799745,Distribute Layer ID: ee03c9fe
2813182.365611,10000,d039aa0d-a9b0-41b0-9698-e239ca19fdf4,worker_1,worker_1,MEM_MOVE,14.112633,0.110255,"Evict VRAM -> RAM [Model: c058df17, Layer: 365eba0f]"
2813182.426124,10000,d039aa0d-a9b0-41b0-9698-e239ca19fdf4,worker_1,worker_1,DISK_LOAD,7.745622,0.060513,"Disk -> RAM [Model: d039aa0d, Layer: ee03c9fe]"
2813182.486637,10000,d039aa0d-a9b0-41b0-9698-e239ca19fdf4,worker_1,worker_1,MEM_MOVE,7.745622,0.060513,"RAM -> VRAM [Model: d039aa0d, Layer: ee03c9fe]"
2813182.536637,10000,d039aa0d-a9b0-41b0-9698-e239ca19fdf4,worker_1,worker_1,GPU_COMPUTE,0.050000,0.050000,GPU Compute
2813182.694637,10000,d039aa0d-a9b0-41b0-9698-e239ca19fdf4,worker_1,coordinator_0,NET_TRANSFER,0.000100,0.158000,Signal Finished
2813555.297223,9001,9c81d38f-4803-4d2e-95b8-696113bfef4f,coordinator_0,worker_1,NET_TRANSFER,4.655657,372.602586,Distribute Layer ID: 7e01881f
2813555.347223,9001,9c81d38f-4803-4d2e-95b8-696113bfef4f,worker_1,worker_1,GPU_COMPUTE,0.050000,0.050000,GPU Compute
2813555.505223,9001,9c81d38f-4803-4d2e-95b8-696113bfef4f,worker_1,coordinator_0,NET_TRANSFER,0.000100,0.158000,Signal Finished
2814428.012684,9001,9c81d38f-4803-4d2e-95b8-696113bfef4f,coordinator_0,worker_2,NET_TRANSFER,10.904468,872.507461,Distribute Layer ID: f3b90d3d
2814428.062684,9001,9c81d38f-4803-4d2e-95b8-696113bfef4f,worker_2,worker_2,GPU_COMPUTE,0.050000,0.050000,GPU Compute
2814428.220684,9001,9c81d38f-4803-4d2e-95b8-696113bfef4f,worker_2,coordinator_0,NET_TRANSFER,0.000100,0.158000,Signal Finished
2815377.762176,9001,9c81d38f-4803-4d2e-95b8-696113bfef4f,coordinator_0,worker_3,NET_TRANSFER,11.867394,949.541492,Distribute Layer ID: c7098950
2815377.812176,9001,9c81d38f-4803-4d2e-95b8-696113bfef4f,worker_3,worker_3,GPU_COMPUTE,0.050000,0.050000,GPU Compute
2815377.970176,9001,9c81d38f-4803-4d2e-95b8-696113bfef4f,worker_3,coordinator_0,NET_TRANSFER,0.000100,0.158000,Signal Finished
2816335.847345,9001,9c81d38f-4803-4d2e-95b8-696113bfef4f,coordinator_0,worker_4,NET_TRANSFER,11.971590,957.877170,Distribute Layer ID: 7778d762
2816335.897345,9001,9c81d38f-4803-4d2e-95b8-696113bfef4f,worker_4,worker_4,GPU_COMPUTE,0.050000,0.050000,GPU Compute
2816336.055345,9001,9c81d38f-4803-4d2e-95b8-696113bfef4f,worker_4,coordinator_0,NET_TRANSFER,0.000100,0.158000,Signal Finished
2816967.953885,9001,9c81d38f-4803-4d2e-95b8-696113bfef4f,coordinator_0,worker_1,NET_TRANSFER,7.896857,631.898539,Distribute Layer ID: 377b6260
2816968.003885,9001,9c81d38f-4803-4d2e-95b8-696113bfef4f,worker_1,worker_1,GPU_COMPUTE,0.050000,0.050000,GPU Compute
2816968.161885,9001,9c81d38f-4803-4d2e-95b8-696113bfef4f,worker_1,coordinator_0,NET_TRANSFER,0.000100,0.158000,Signal Finished
2817966.085487,9001,9c81d38f-4803-4d2e-95b8-696113bfef4f,coordinator_0,worker_2,NET_TRANSFER,12.472170,997.923602,Distribute Layer ID: d5e54dee
2817966.135487,9001,9c81d38f-4803-4d2e-95b8-696113bfef4f,worker_2,worker_2,GPU_COMPUTE,0.050000,0.050000,GPU Compute
2817966.293487,9001,9c81d38f-4803-4d2e-95b8-696113bfef4f,worker_2,coordinator_0,NET_TRANSFER,0.000100,0.158000,Signal Finished
2818927.049502,9001,9c81d38f-4803-4d2e-95b8-696113bfef4f,coordinator_0,worker_3,NET_TRANSFER,12.007575,960.756016,Distribute Layer ID: 62ddc759
2818927.099502,9001,9c81d38f-4803-4d2e-95b8-696113bfef4f,worker_3,worker_3,GPU_COMPUTE,0.050000,0.050000,GPU Compute
2818927.257502,9001,9c81d38f-4803-4d2e-95b8-696113bfef4f,worker_3,coordinator_0,NET_TRANSFER,0.000100,0.158000,Signal Finished
2819926.152472,9001,9c81d38f-4803-4d2e-95b8-696113bfef4f,coordinator_0,worker_4,NET_TRANSFER,12.484312,998.894969,Distribute Layer ID: c1e6ad58
2819926.202472,9001,9c81d38f-4803-4d2e-95b8-696113bfef4f,worker_4,worker_4,GPU_COMPUTE,0.050000,0.050000,GPU Compute
2819926.360472,9001,9c81d38f-4803-4d2e-95b8-696113bfef4f,worker_4,coordinator_0,NET_TRANSFER,0.000100,0.158000,Signal Finished
2821056.867420,9001,9c81d38f-4803-4d2e-95b8-696113bfef4f,coordinator_0,worker_1,NET_TRANSFER,14.129462,1130.506948,Distribute Layer ID: 0425599a
2821056.917420,9001,9c81d38f-4803-4d2e-95b8-696113bfef4f,worker_1,worker_1,GPU_COMPUTE,0.050000,0.050000,GPU Compute
2821057.075420,9001,9c81d38f-4803-4d2e-95b8-696113bfef4f,worker_1,coordinator_0,NET_TRANSFER,0.000100,0.158000,Signal Finished
2821608.724969,9001,9c81d38f-4803-4d2e-95b8-696113bfef4f,coordinator_0,worker_2,NET_TRANSFER,6.893744,551.649549,Distribute Layer ID: 8e3efe0c
2821608.774969,9001,9c81d38f-4803-4d2e-95b8-696113bfef4f,worker_2,worker_2,GPU_COMPUTE,0.050000,0.050000,GPU Compute
2821608.932969,9001,9c81d38f-4803-4d2e-95b8-696113bfef4f,worker_2,coordinator_0,NET_TRANSFER,0.000100,0.158000,Signal Finished
2822034.744039,9001,9c81d38f-4803-4d2e-95b8-696113bfef4f,coordinator_0,worker_3,NET_TRANSFER,5.320763,425.811070,Distribute Layer ID: c4ee1975
2822034.794039,9001,9c81d38f-4803-4d2e-95b8-696113bfef4f,worker_3,worker_3,GPU_COMPUTE,0.050000,0.050000,GPU Compute
2822034.952039,9001,9c81d38f-4803-4d2e-95b8-696113bfef4f,worker_3,coordinator_0,NET_TRANSFER,0.000100,0.158000,Signal Finished
2823197.453143,9001,9c81d38f-4803-4d2e-95b8-696113bfef4f,coordinator_0,worker_4,NET_TRANSFER,14.529389,1162.501104,Distribute Layer ID: e37887b8
2823197.503143,9001,9c81d38f-4803-4d2e-95b8-696113bfef4f,worker_4,worker_4,GPU_COMPUTE,0.050000,0.050000,GPU Compute
2823197.661143,9001,9c81d38f-4803-4d2e-95b8-696113bfef4f,worker_4,coordinator_0,NET_TRANSFER,0.000100,0.158000,Signal Finished
2824274.507868,9001,9c81d38f-4803-4d2e-95b8-696113bfef4f,coordinator_0,worker_1,NET_TRANSFER,13.458709,1076.846725,Distribute Layer ID: 784cdcbc
2824274.557868,9001,9c81d38f-4803-4d2e-95b8-696113bfef4f,worker_1,worker_1,GPU_COMPUTE,0.050000,0.050000,GPU Compute
2824274.715868,9001,9c81d38f-4803-4d2e-95b8-696113bfef4f,worker_1,coordinator_0,NET_TRANSFER,0.000100,0.158000,Signal Finished
2824680.235639,9001,9c81d38f-4803-4d2e-95b8-696113bfef4f,coordinator_0,worker_2,NET_TRANSFER,5.067122,405.519771,Distribute Layer ID: d5fffc2c
2824680.285639,9001,9c81d38f-4803-4d2e-95b8-696113bfef4f,worker_2,worker_2,GPU_COMPUTE,0.050000,0.050000,GPU Compute
2824680.443639,9001,9c81d38f-4803-4d2e-95b8-696113bfef4f,worker_2,coordinator_0,NET_TRANSFER,0.000100,0.158000,Signal Finished
2825460.301157,9001,9c81d38f-4803-4d2e-95b8-696113bfef4f,coordinator_0,worker_3,NET_TRANSFER,9.746344,779.857518,Distribute Layer ID: 98c6c7f0
2825460.351157,9001,9c81d38f-4803-4d2e-95b8-696113bfef4f,worker_3,worker_3,GPU_COMPUTE,0.050000,0.050000,GPU Compute
2825460.509157,9001,9c81d38f-4803-4d2e-95b8-696113bfef4f,worker_3,coordinator_0,NET_TRANSFER,0.000100,0.158000,Signal Finished
2826028.194963,9001,9c81d38f-4803-4d2e-95b8-696113bfef4f,coordinator_0,worker_4,NET_TRANSFER,7.094198,567.685805,Distribute Layer ID: 6fcf6379
2826028.244963,9001,9c81d38f-4803-4d2e-95b8-696113bfef4f,worker_4,worker_4,GPU_COMPUTE,0.050000,0.050000,GPU Compute
2826028.402963,9001,9c81d38f-4803-4d2e-95b8-696113bfef4f,worker_4,coordinator_0,NET_TRANSFER,0.000100,0.158000,Signal Finished
2826864.310030,9001,9c81d38f-4803-4d2e-95b8-696113bfef4f,coordinator_0,worker_1,NET_TRANSFER,10.446963,835.907067,Distribute Layer ID: fd77d08c
2826864.360030,9001,9c81d38f-4803-4d2e-95b8-696113bfef4f,worker_1,worker_1,GPU_COMPUTE,0.050000,0.050000,GPU Compute
2826864.518030,9001,9c81d38f-4803-4d2e-95b8-696113bfef4f,worker_1,coordinator_0,NET_TRANSFER,0.000100,0.158000,Signal Finished
2827727.593846,9001,9c81d38f-4803-4d2e-95b8-696113bfef4f,coordinator_0,worker_2,NET_TRANSFER,10.786573,863.075816,Distribute Layer ID: bbdc1d28
2827727.643846,9001,9c81d38f-4803-4d2e-95b8-696113bfef4f,worker_2,worker_2,GPU_COMPUTE,0.050000,0.050000,GPU Compute
2827727.801846,9001,9c81d38f-4803-4d2e-95b8-696113bfef4f,worker_2,coordinator_0,NET_TRANSFER,0.000100,0.158000,Signal Finished
2828720.505194,9001,9c81d38f-4803-4d2e-95b8-696113bfef4f,coordinator_0,worker_3,NET_TRANSFER,12.406917,992.703348,Distribute Layer ID: c1f3998c
2828720.555194,9001,9c81d38f-4803-4d2e-95b8-696113bfef4f,worker_3,worker_3,GPU_COMPUTE,0.050000,0.050000,GPU Compute
2828720.713194,9001,9c81d38f-4803-4d2e-95b8-696113bfef4f,worker_3,coordinator_0,NET_TRANSFER,0.000100,0.158000,Signal Finished
2829561.802302,9001,9c81d38f-4803-4d2e-95b8-696113bfef4f,coordinator_0,worker_4,NET_TRANSFER,10.511739,841.089109,Distribute Layer ID: 5e45de1c
2829561.852302,9001,9c81d38f-4803-4d2e-95b8-696113bfef4f,worker_4,worker_4,GPU_COMPUTE,0.050000,0.050000,GPU Compute
2829562.010302,9001,9c81d38f-4803-4d2e-95b8-696113bfef4f,worker_4,coordinator_0,NET_TRANSFER,0.000100,0.158000,Signal Finished
2830421.238526,9001,9c81d38f-4803-4d2e-95b8-696113bfef4f,coordinator_0,worker_1,NET_TRANSFER,10.738478,859.228224,Distribute Layer ID: b87814d8
2830421.288526,9001,9c81d38f-4803-4d2e-95b8-696113bfef4f,worker_1,worker_1,GPU_COMPUTE,0.050000,0.050000,GPU Compute
2830421.446526,9001,9c81d38f-4803-4d2e-95b8-696113bfef4f,worker_1,coordinator_0,NET_TRANSFER,0.000100,0.158000,Signal Finished
2831531.279256,9001,9c81d38f-4803-4d2e-95b8-696113bfef4f,coordinator_0,worker_2,NET_TRANSFER,13.871034,1109.832729,Distribute Layer ID: 100614c2
2831531.329256,9001,9c81d38f-4803-4d2e-95b8-696113bfef4f,worker_2,worker_2,GPU_COMPUTE,0.050000,0.050000,GPU Compute
2831531.487256,9001,9c81d38f-4803-4d2e-95b8-696113bfef4f,worker_2,coordinator_0,NET_TRANSFER,0.000100,0.158000,Signal Finished
2832453.504242,9001,9c81d38f-4803-4d2e-95b8-696113bfef4f,coordinator_0,worker_3,NET_TRANSFER,11.523337,922.016986,Distribute Layer ID: f083a747
2832453.554242,9001,9c81d38f-4803-4d2e-95b8-696113bfef4f,worker_3,worker_3,GPU_COMPUTE,0.050000,0.050000,GPU Compute
2832453.712242,9001,9c81d38f-4803-4d2e-95b8-696113bfef4f,worker_3,coordinator_0,NET_TRANSFER,0.000100,0.158000,Signal Finished
2833602.836371,9001,9c81d38f-4803-4d2e-95b8-696113bfef4f,coordinator_0,worker_4,NET_TRANSFER,14.362177,1149.124129,Distribute Layer ID: 39f1f5f8
2833602.886371,9001,9c81d38f-4803-4d2e-95b8-696113bfef4f,worker_4,worker_4,GPU_COMPUTE,0.050000,0.050000,GPU Compute
2833603.044371,9001,9c81d38f-4803-4d2e-95b8-696113bfef4f,worker_4,coordinator_0,NET_TRANSFER,0.000100,0.158000,Signal Finished
2834424.676735,9001,9c81d38f-4803-4d2e-95b8-696113bfef4f,coordinator_0,worker_1,NET_TRANSFER,10.268530,821.632364,Distribute Layer ID: 25faf124
2834424.726735,9001,9c81d38f-4803-4d2e-95b8-696113bfef4f,worker_1,worker_1,GPU_COMPUTE,0.050000,0.050000,GPU Compute
2834424.884735,9001,9c81d38f-4803-4d2e-95b8-696113bfef4f,worker_1,coordinator_0,NET_TRANSFER,0.000100,0.158000,Signal Finished
2835504.066200,9001,9c81d38f-4803-4d2e-95b8-696113bfef4f,coordinator_0,worker_2,NET_TRANSFER,13.487893,1079.181465,Distribute Layer ID: bea845aa
2835504.116200,9001,9c81d38f-4803-4d2e-95b8-696113bfef4f,worker_2,worker_2,GPU_COMPUTE,0.050000,0.050000,GPU Compute
2835504.274200,9001,9c81d38f-4803-4d2e-95b8-696113bfef4f,worker_2,coordinator_0,NET_TRANSFER,0.000100,0.158000,Signal Finished
2836225.150312,9001,9c81d38f-4803-4d2e-95b8-696113bfef4f,coordinator_0,worker_3,NET_TRANSFER,9.009076,720.876111,Distribute Layer ID: c6e76c0e
2836225.200312,9001,9c81d38f-4803-4d2e-95b8-696113bfef4f,worker_3,worker_3,GPU_COMPUTE,0.050000,0.050000,GPU Compute
2836225.358312,9001,9c81d38f-4803-4d2e-95b8-696113bfef4f,worker_3,coordinator_0,NET_TRANSFER,0.000100,0.158000,Signal Finished
2836864.118611,9001,9c81d38f-4803-4d2e-95b8-696113bfef4f,coordinator_0,worker_4,NET_TRANSFER,7.982629,638.760299,Distribute Layer ID: 40d7c9d8
2836864.168611,9001,9c81d38f-4803-4d2e-95b8-696113bfef4f,worker_4,worker_4,GPU_COMPUTE,0.050000,0.050000,GPU Compute
2836864.326611,9001,9c81d38f-4803-4d2e-95b8-696113bfef4f,worker_4,coordinator_0,NET_TRANSFER,0.000100,0.158000,Signal Finished
2837629.810474,9001,9c81d38f-4803-4d2e-95b8-696113bfef4f,coordinator_0,worker_1,NET_TRANSFER,9.566673,765.483862,Distribute Layer ID: 55691df2
2837629.860474,9001,9c81d38f-4803-4d2e-95b8-696113bfef4f,worker_1,worker_1,GPU_COMPUTE,0.050000,0.050000,GPU Compute
2837630.018474,9001,9c81d38f-4803-4d2e-95b8-696113bfef4f,worker_1,coordinator_0,NET_TRANSFER,0.000100,0.158000,Signal Finished
2838032.052367,9001,9c81d38f-4803-4d2e-95b8-696113bfef4f,coordinator_0,worker_2,NET_TRANSFER,5.023549,402.033893,Distribute Layer ID: 395ed7c8
2838032.102367,9001,9c81d38f-4803-4d2e-95b8-696113bfef4f,worker_2,worker_2,GPU_COMPUTE,0.050000,0.050000,GPU Compute
2838032.260367,9001,9c81d38f-4803-4d2e-95b8-696113bfef4f,worker_2,coordinator_0,NET_TRANSFER,0.000100,0.158000,Signal Finished
2838633.175163,9001,9c81d38f-4803-4d2e-95b8-696113bfef4f,coordinator_0,worker_3,NET_TRANSFER,7.509560,600.914796,Distribute Layer ID: bb398a56
2838633.225163,9001,9c81d38f-4803-4d2e-95b8-696113bfef4f,worker_3,worker_3,GPU_COMPUTE,0.050000,0.050000,GPU Compute
2838633.383163,9001,9c81d38f-4803-4d2e-95b8-696113bfef4f,worker_3,coordinator_0,NET_TRANSFER,0.000100,0.158000,Signal Finished
2839738.911424,9001,9c81d38f-4803-4d2e-95b8-696113bfef4f,coordinator_0,worker_4,NET_TRANSFER,13.817228,1105.528262,Distribute Layer ID: 1536f2a0
2839738.961424,9001,9c81d38f-4803-4d2e-95b8-696113bfef4f,worker_4,worker_4,GPU_COMPUTE,0.050000,0.050000,GPU Compute
2839739.119424,9001,9c81d38f-4803-4d2e-95b8-696113bfef4f,worker_4,coordinator_0,NET_TRANSFER,0.000100,0.158000,Signal Finished
2840533.145116,9001,9c81d38f-4803-4d2e-95b8-696113bfef4f,coordinator_0,worker_1,NET_TRANSFER,9.923446,794.025691,Distribute Layer ID: 2d3ad190
2840533.195116,9001,9c81d38f-4803-4d2e-95b8-696113bfef4f,worker_1,worker_1,GPU_COMPUTE,0.050000,0.050000,GPU Compute
2840533.353116,9001,9c81d38f-4803-4d2e-95b8-696113bfef4f,worker_1,coordinator_0,NET_TRANSFER,0.000100,0.158000,Signal Finished
2841689.053804,9001,9c81d38f-4803-4d2e-95b8-696113bfef4f,coordinator_0,worker_2,NET_TRANSFER,14.444384,1155.700688,Distribute Layer ID: a844c375
2841689.103804,9001,9c81d38f-4803-4d2e-95b8-696113bfef4f,worker_2,worker_2,GPU_COMPUTE,0.050000,0.050000,GPU Compute
2841689.261804,9001,9c81d38f-4803-4d2e-95b8-696113bfef4f,worker_2,coordinator_0,NET_TRANSFER,0.000100,0.158000,Signal Finished
2842652.607635,9001,9c81d38f-4803-4d2e-95b8-696113bfef4f,coordinator_0,worker_3,NET_TRANSFER,12.039948,963.345831,Distribute Layer ID: b14d4f70
2842652.657635,9001,9c81d38f-4803-4d2e-95b8-696113bfef4f,worker_3,worker_3,GPU_COMPUTE,0.050000,0.050000,GPU Compute
2842652.815635,9001,9c81d38f-4803-4d2e-95b8-696113bfef4f,worker_3,coordinator_0,NET_TRANSFER,0.000100,0.158000,Signal Finished
2843628.023715,9001,9c81d38f-4803-4d2e-95b8-696113bfef4f,coordinator_0,worker_4,NET_TRANSFER,12.188226,975.208080,Distribute Layer ID: c61969c8
2843628.073715,9001,9c81d38f-4803-4d2e-95b8-696113bfef4f,worker_4,worker_4,GPU_COMPUTE,0.050000,0.050000,GPU Compute
2843628.231715,9001,9c81d38f-4803-4d2e-95b8-696113bfef4f,worker_4,coordinator_0,NET_TRANSFER,0.000100,0.158000,Signal Finished
2844610.437987,9001,9c81d38f-4803-4d2e-95b8-696113bfef4f,coordinator_0,worker_1,NET_TRANSFER,12.275703,982.206272,Distribute Layer ID: 78d526e1
2844610.487987,9001,9c81d38f-4803-4d2e-95b8-696113bfef4f,worker_1,worker_1,GPU_COMPUTE,0.050000,0.050000,GPU Compute
2844610.645987,9001,9c81d38f-4803-4d2e-95b8-696113bfef4f,worker_1,coordinator_0,NET_TRANSFER,0.000100,0.158000,Signal Finished
2845612.851897,9001,9c81d38f-4803-4d2e-95b8-696113bfef4f,coordinator_0,worker_2,NET_TRANSFER,12.525699,1002.205910,Distribute Layer ID: 59d14807
2845612.901897,9001,9c81d38f-4803-4d2e-95b8-696113bfef4f,worker_2,worker_2,GPU_COMPUTE,0.050000,0.050000,GPU Compute
2845613.059897,9001,9c81d38f-4803-4d2e-95b8-696113bfef4f,worker_2,coordinator_0,NET_TRANSFER,0.000100,0.158000,Signal Finished
2846449.297605,9001,9c81d38f-4803-4d2e-95b8-696113bfef4f,coordinator_0,worker_3,NET_TRANSFER,10.451096,836.237708,Distribute Layer ID: cee8368c
2846449.347605,9001,9c81d38f-4803-4d2e-95b8-696113bfef4f,worker_3,worker_3,GPU_COMPUTE,0.050000,0.050000,GPU Compute
2846449.505605,9001,9c81d38f-4803-4d2e-95b8-696113bfef4f,worker_3,coordinator_0,NET_TRANSFER,0.000100,0.158000,Signal Finished
2847009.507582,9001,9c81d38f-4803-4d2e-95b8-696113bfef4f,coordinator_0,worker_4,NET_TRANSFER,6.998150,560.001977,Distribute Layer ID: bc0d0d43
2847009.557582,9001,9c81d38f-4803-4d2e-95b8-696113bfef4f,worker_4,worker_4,GPU_COMPUTE,0.050000,0.050000,GPU Compute
2847009.715582,9001,9c81d38f-4803-4d2e-95b8-696113bfef4f,worker_4,coordinator_0,NET_TRANSFER,0.000100,0.158000,Signal Finished
2847954.514924,9001,9c81d38f-4803-4d2e-95b8-696113bfef4f,coordinator_0,worker_1,NET_TRANSFER,11.808117,944.799342,Distribute Layer ID: 5cf857f7
2847954.564924,9001,9c81d38f-4803-4d2e-95b8-696113bfef4f,worker_1,worker_1,GPU_COMPUTE,0.050000,0.050000,GPU Compute
2847954.722924,9001,9c81d38f-4803-4d2e-95b8-696113bfef4f,worker_1,coordinator_0,NET_TRANSFER,0.000100,0.158000,Signal Finished
2849060.598054,9001,9c81d38f-4803-4d2e-95b8-696113bfef4f,coordinator_0,worker_2,NET_TRANSFER,13.821564,1105.875130,Distribute Layer ID: 3899ef30
2849060.648054,9001,9c81d38f-4803-4d2e-95b8-696113bfef4f,worker_2,worker_2,GPU_COMPUTE,0.050000,0.050000,GPU Compute
2849060.806054,9001,9c81d38f-4803-4d2e-95b8-696113bfef4f,worker_2,coordinator_0,NET_TRANSFER,0.000100,0.158000,Signal Finished
2849936.149900,9001,9c81d38f-4803-4d2e-95b8-696113bfef4f,coordinator_0,worker_3,NET_TRANSFER,10.939923,875.343846,Distribute Layer ID: d9734b11
2849936.199900,9001,9c81d38f-4803-4d2e-95b8-696113bfef4f,worker_3,worker_3,GPU_COMPUTE,0.050000,0.050000,GPU Compute
2849936.357900,9001,9c81d38f-4803-4d2e-95b8-696113bfef4f,worker_3,coordinator_0,NET_TRANSFER,0.000100,0.158000,Signal Finished
2850578.477602,9001,9c81d38f-4803-4d2e-95b8-696113bfef4f,coordinator_0,worker_4,NET_TRANSFER,8.024621,642.119702,Distribute Layer ID: 61ff82bd
2850578.527602,9001,9c81d38f-4803-4d2e-95b8-696113bfef4f,worker_4,worker_4,GPU_COMPUTE,0.050000,0.050000,GPU Compute
2850578.685602,9001,9c81d38f-4803-4d2e-95b8-696113bfef4f,worker_4,coordinator_0,NET_TRANSFER,0.000100,0.158000,Signal Finished
2851277.116891,9001,9c81d38f-4803-4d2e-95b8-696113bfef4f,coordinator_0,worker_1,NET_TRANSFER,8.728516,698.431288,Distribute Layer ID: 2f898d44
2851277.166891,9001,9c81d38f-4803-4d2e-95b8-696113bfef4f,worker_1,worker_1,GPU_COMPUTE,0.050000,0.050000,GPU Compute
2851277.324891,9001,9c81d38f-4803-4d2e-95b8-696113bfef4f,worker_1,coordinator_0,NET_TRANSFER,0.000100,0.158000,Signal Finished
2851766.619023,9001,9c81d38f-4803-4d2e-95b8-696113bfef4f,coordinator_0,worker_2,NET_TRANSFER,6.114302,489.294133,Distribute Layer ID: 7dabd6ef
2851766.669023,9001,9c81d38f-4803-4d2e-95b8-696113bfef4f,worker_2,worker_2,GPU_COMPUTE,0.050000,0.050000,GPU Compute
2851766.827023,9001,9c81d38f-4803-4d2e-95b8-696113bfef4f,worker_2,coordinator_0,NET_TRANSFER,0.000100,0.158000,Signal Finished
2852441.943709,9001,9c81d38f-4803-4d2e-95b8-696113bfef4f,coordinator_0,worker_3,NET_TRANSFER,8.437084,675.116685,Distribute Layer ID: 9f371c18
2852441.993709,9001,9c81d38f-4803-4d2e-95b8-696113bfef4f,worker_3,worker_3,GPU_COMPUTE,0.050000,0.050000,GPU Compute
2852442.151709,9001,9c81d38f-4803-4d2e-95b8-696113bfef4f,worker_3,coordinator_0,NET_TRANSFER,0.000100,0.158000,Signal Finished
2852882.359869,3000,b42ec4c0-5247-4b28-9ada-769c5bad77e7,coordinator_0,worker_1,NET_TRANSFER,5.500727,440.208160,Distribute Layer ID: dae7f865
2852882.402843,3000,b42ec4c0-5247-4b28-9ada-769c5bad77e7,worker_1,worker_1,DISK_LOAD,5.500727,0.042974,"Disk -> RAM [Model: b42ec4c0, Layer: dae7f865]"
2852882.445818,3000,b42ec4c0-5247-4b28-9ada-769c5bad77e7,worker_1,worker_1,MEM_MOVE,5.500727,0.042974,"RAM -> VRAM [Model: b42ec4c0, Layer: dae7f865]"
2852882.495818,3000,b42ec4c0-5247-4b28-9ada-769c5bad77e7,worker_1,worker_1,GPU_COMPUTE,0.050000,0.050000,GPU Compute
2852882.653818,3000,b42ec4c0-5247-4b28-9ada-769c5bad77e7,worker_1,coordinator_0,NET_TRANSFER,0.000100,0.158000,Signal Finished
2853897.397021,3000,b42ec4c0-5247-4b28-9ada-769c5bad77e7,coordinator_0,worker_2,NET_TRANSFER,12.682415,1014.743203,Distribute Layer ID: 07340f93
2853897.486676,3000,b42ec4c0-5247-4b28-9ada-769c5bad77e7,worker_2,worker_2,MEM_MOVE,11.475817,0.089655,"Evict VRAM -> RAM [Model: c058df17, Layer: 6ed50956]"
2853897.585757,3000,b42ec4c0-5247-4b28-9ada-769c5bad77e7,worker_2,worker_2,DISK_LOAD,12.682415,0.099081,"Disk -> RAM [Model: b42ec4c0, Layer: 07340f93]"
2853897.684838,3000,b42ec4c0-5247-4b28-9ada-769c5bad77e7,worker_2,worker_2,MEM_MOVE,12.682415,0.099081,"RAM -> VRAM [Model: b42ec4c0, Layer: 07340f93]"
2853897.734838,3000,b42ec4c0-5247-4b28-9ada-769c5bad77e7,worker_2,worker_2,GPU_COMPUTE,0.050000,0.050000,GPU Compute
2853897.892838,3000,b42ec4c0-5247-4b28-9ada-769c5bad77e7,worker_2,coordinator_0,NET_TRANSFER,0.000100,0.158000,Signal Finished
2854889.312251,3000,b42ec4c0-5247-4b28-9ada-769c5bad77e7,coordinator_0,worker_3,NET_TRANSFER,12.390868,991.419413,Distribute Layer ID: 01599b68
2854889.353154,3000,b42ec4c0-5247-4b28-9ada-769c5bad77e7,worker_3,worker_3,MEM_MOVE,5.235614,0.040903,"Evict VRAM -> RAM [Model: c058df17, Layer: 723aa706]"
2854889.424028,3000,b42ec4c0-5247-4b28-9ada-769c5bad77e7,worker_3,worker_3,MEM_MOVE,9.071840,0.070874,"Evict VRAM -> RAM [Model: c058df17, Layer: 51a2a45d]"
2854889.520832,3000,b42ec4c0-5247-4b28-9ada-769c5bad77e7,worker_3,worker_3,DISK_LOAD,12.390868,0.096804,"Disk -> RAM [Model: b42ec4c0, Layer: 01599b68]"
2854889.617635,3000,b42ec4c0-5247-4b28-9ada-769c5bad77e7,worker_3,worker_3,MEM_MOVE,12.390868,0.096804,"RAM -> VRAM [Model: b42ec4c0, Layer: 01599b68]"
2854889.667635,3000,b42ec4c0-5247-4b28-9ada-769c5bad77e7,worker_3,worker_3,GPU_COMPUTE,0.050000,0.050000,GPU Compute
2854889.825635,3000,b42ec4c0-5247-4b28-9ada-769c5bad77e7,worker_3,coordinator_0,NET_TRANSFER,0.000100,0.158000,Signal Finished
2855631.396927,3000,b42ec4c0-5247-4b28-9ada-769c5bad77e7,coordinator_0,worker_4,NET_TRANSFER,9.267766,741.571291,Distribute Layer ID: aff2ae36
2855631.483428,3000,b42ec4c0-5247-4b28-9ada-769c5bad77e7,worker_4,worker_4,MEM_MOVE,11.072177,0.086501,"Evict VRAM -> RAM [Model: 334a2444, Layer: 2f1c2c2c]"
2855631.555832,3000,b42ec4c0-5247-4b28-9ada-769c5bad77e7,worker_4,worker_4,DISK_LOAD,9.267766,0.072404,"Disk -> RAM [Model: b42ec4c0, Layer: aff2ae36]"
2855631.628237,3000,b42ec4c0-5247-4b28-9ada-769c5bad77e7,worker_4,worker_4,MEM_MOVE,9.267766,0.072404,"RAM -> VRAM [Model: b42ec4c0, Layer: aff2ae36]"
2855631.678237,3000,b42ec4c0-5247-4b28-9ada-769c5bad77e7,worker_4,worker_4,GPU_COMPUTE,0.050000,0.050000,GPU Compute
2855631.836237,3000,b42ec4c0-5247-4b28-9ada-769c5bad77e7,worker_4,coordinator_0,NET_TRANSFER,0.000100,0.158000,Signal Finished
2856434.279535,3000,b42ec4c0-5247-4b28-9ada-769c5bad77e7,coordinator_0,worker_1,NET_TRANSFER,10.028666,802.443298,Distribute Layer ID: f358ecc4
2856434.372929,3000,b42ec4c0-5247-4b28-9ada-769c5bad77e7,worker_1,worker_1,MEM_MOVE,11.954384,0.093394,"Evict VRAM -> RAM [Model: c058df17, Layer: 9cd2b48f]"
2856434.451278,3000,b42ec4c0-5247-4b28-9ada-769c5bad77e7,worker_1,worker_1,DISK_LOAD,10.028666,0.078349,"Disk -> RAM [Model: b42ec4c0, Layer: f358ecc4]"
2856434.529627,3000,b42ec4c0-5247-4b28-9ada-769c5bad77e7,worker_1,worker_1,MEM_MOVE,10.028666,0.078349,"RAM -> VRAM [Model: b42ec4c0, Layer: f358ecc4]"
2856434.579627,3000,b42ec4c0-5247-4b28-9ada-769c5bad77e7,worker_1,worker_1,GPU_COMPUTE,0.050000,0.050000,GPU Compute
2856434.737627,3000,b42ec4c0-5247-4b28-9ada-769c5bad77e7,worker_1,coordinator_0,NET_TRANSFER,0.000100,0.158000,Signal Finished
2857130.276144,3000,b42ec4c0-5247-4b28-9ada-769c5bad77e7,coordinator_0,worker_2,NET_TRANSFER,8.692356,695.538517,Distribute Layer ID: a5625bc1
2857130.339005,3000,b42ec4c0-5247-4b28-9ada-769c5bad77e7,worker_2,worker_2,MEM_MOVE,8.046210,0.062861,"Evict VRAM -> RAM [Model: c058df17, Layer: e7ca5181]"
2857130.406914,3000,b42ec4c0-5247-4b28-9ada-769c5bad77e7,worker_2,worker_2,DISK_LOAD,8.692356,0.067909,"Disk -> RAM [Model: b42ec4c0, Layer: a5625bc1]"
2857130.474823,3000,b42ec4c0-5247-4b28-9ada-769c5bad77e7,worker_2,worker_2,MEM_MOVE,8.692356,0.067909,"RAM -> VRAM [Model: b42ec4c0, Layer: a5625bc1]"
2857130.524823,3000,b42ec4c0-5247-4b28-9ada-769c5bad77e7,worker_2,worker_2,GPU_COMPUTE,0.050000,0.050000,GPU Compute
2857130.682823,3000,b42ec4c0-5247-4b28-9ada-769c5bad77e7,worker_2,coordinator_0,NET_TRANSFER,0.000100,0.158000,Signal Finished
2857912.956280,3000,b42ec4c0-5247-4b28-9ada-769c5bad77e7,coordinator_0,worker_3,NET_TRANSFER,9.776543,782.273457,Distribute Layer ID: 1d51cf8a
2857913.024489,3000,b42ec4c0-5247-4b28-9ada-769c5bad77e7,worker_3,worker_3,MEM_MOVE,8.730804,0.068209,"Evict VRAM -> RAM [Model: c058df17, Layer: 45daa99c]"
2857913.100868,3000,b42ec4c0-5247-4b28-9ada-769c5bad77e7,worker_3,worker_3,DISK_LOAD,9.776543,0.076379,"Disk -> RAM [Model: b42ec4c0, Layer: 1d51cf8a]"
2857913.177248,3000,b42ec4c0-5247-4b28-9ada-769c5bad77e7,worker_3,worker_3,MEM_MOVE,9.776543,0.076379,"RAM -> VRAM [Model: b42ec4c0, Layer: 1d51cf8a]"
2857913.227248,3000,b42ec4c0-5247-4b28-9ada-769c5bad77e7,worker_3,worker_3,GPU_COMPUTE,0.050000,0.050000,GPU Compute
2857913.385248,3000,b42ec4c0-5247-4b28-9ada-769c5bad77e7,worker_3,coordinator_0,NET_TRANSFER,0.000100,0.158000,Signal Finished
2858854.533678,3000,b42ec4c0-5247-4b28-9ada-769c5bad77e7,coordinator_0,worker_4,NET_TRANSFER,11.762480,941.148430,Distribute Layer ID: fdd9474c
2858854.643986,3000,b42ec4c0-5247-4b28-9ada-769c5bad77e7,worker_4,worker_4,MEM_MOVE,14.119486,0.110308,"Evict VRAM -> RAM [Model: 334a2444, Layer: ebf5d2bd]"
2858854.735881,3000,b42ec4c0-5247-4b28-9ada-769c5bad77e7,worker_4,worker_4,DISK_LOAD,11.762480,0.091894,"Disk -> RAM [Model: b42ec4c0, Layer: fdd9474c]"
2858854.827775,3000,b42ec4c0-5247-4b28-9ada-769c5bad77e7,worker_4,worker_4,MEM_MOVE,11.762480,0.091894,"RAM -> VRAM [Model: b42ec4c0, Layer: fdd9474c]"
2858854.877775,3000,b42ec4c0-5247-4b28-9ada-769c5bad77e7,worker_4,worker_4,GPU_COMPUTE,0.050000,0.050000,GPU Compute
2858855.035775,3000,b42ec4c0-5247-4b28-9ada-769c5bad77e7,worker_4,coordinator_0,NET_TRANSFER,0.000100,0.158000,Signal Finished
2859543.053671,3000,b42ec4c0-5247-4b28-9ada-769c5bad77e7,coordinator_0,worker_1,NET_TRANSFER,8.598349,688.017896,Distribute Layer ID: ee4de057
2859543.120845,3000,b42ec4c0-5247-4b28-9ada-769c5bad77e7,worker_1,worker_1,DISK_LOAD,8.598349,0.067175,"Disk -> RAM [Model: b42ec4c0, Layer: ee4de057]"
2859543.188020,3000,b42ec4c0-5247-4b28-9ada-769c5bad77e7,worker_1,worker_1,MEM_MOVE,8.598349,0.067175,"RAM -> VRAM [Model: b42ec4c0, Layer: ee4de057]"
2859543.238020,3000,b42ec4c0-5247-4b28-9ada-769c5bad77e7,worker_1,worker_1,GPU_COMPUTE,0.050000,0.050000,GPU Compute
2859543.396020,3000,b42ec4c0-5247-4b28-9ada-769c5bad77e7,worker_1,coordinator_0,NET_TRANSFER,0.000100,0.158000,Signal Finished
2860311.333835,3000,b42ec4c0-5247-4b28-9ada-769c5bad77e7,coordinator_0,worker_2,NET_TRANSFER,9.597348,767.937815,Distribute Layer ID: 1405a182
2860311.382578,3000,b42ec4c0-5247-4b28-9ada-769c5bad77e7,worker_2,worker_2,MEM_MOVE,6.239048,0.048743,"Evict VRAM -> RAM [Model: 334a2444, Layer: eb12892c]"
2860311.457557,3000,b42ec4c0-5247-4b28-9ada-769c5bad77e7,worker_2,worker_2,DISK_LOAD,9.597348,0.074979,"Disk -> RAM [Model: b42ec4c0, Layer: 1405a182]"
2860311.532536,3000,b42ec4c0-5247-4b28-9ada-769c5bad77e7,worker_2,worker_2,MEM_MOVE,9.597348,0.074979,"RAM -> VRAM [Model: b42ec4c0, Layer: 1405a182]"
2860311.582536,3000,b42ec4c0-5247-4b28-9ada-769c5bad77e7,worker_2,worker_2,GPU_COMPUTE,0.050000,0.050000,GPU Compute
2860311.740536,3000,b42ec4c0-5247-4b28-9ada-769c5bad77e7,worker_2,coordinator_0,NET_TRANSFER,0.000100,0.158000,Signal Finished
2861357.529567,3000,b42ec4c0-5247-4b28-9ada-769c5bad77e7,coordinator_0,worker_3,NET_TRANSFER,13.070488,1045.789031,Distribute Layer ID: a7823103
2861357.624255,3000,b42ec4c0-5247-4b28-9ada-769c5bad77e7,worker_3,worker_3,MEM_MOVE,12.120020,0.094688,"Evict VRAM -> RAM [Model: c058df17, Layer: 7eaaaf57]"
2861357.726368,3000,b42ec4c0-5247-4b28-9ada-769c5bad77e7,worker_3,worker_3,DISK_LOAD,13.070488,0.102113,"Disk -> RAM [Model: b42ec4c0, Layer: a7823103]"
2861357.828481,3000,b42ec4c0-5247-4b28-9ada-769c5bad77e7,worker_3,worker_3,MEM_MOVE,13.070488,0.102113,"RAM -> VRAM [Model: b42ec4c0, Layer: a7823103]"
2861357.878481,3000,b42ec4c0-5247-4b28-9ada-769c5bad77e7,worker_3,worker_3,GPU_COMPUTE,0.050000,0.050000,GPU Compute
2861358.036481,3000,b42ec4c0-5247-4b28-9ada-769c5bad77e7,worker_3,coordinator_0,NET_TRANSFER,0.000100,0.158000,Signal Finished
2862543.239550,3000,b42ec4c0-5247-4b28-9ada-769c5bad77e7,coordinator_0,worker_4,NET_TRANSFER,14.813163,1185.203069,Distribute Layer ID: 0d01b136
2862543.340132,3000,b42ec4c0-5247-4b28-9ada-769c5bad77e7,worker_4,worker_4,MEM_MOVE,12.874464,0.100582,"Evict VRAM -> RAM [Model: 334a2444, Layer: 1c513ca4]"
2862543.455860,3000,b42ec4c0-5247-4b28-9ada-769c5bad77e7,worker_4,worker_4,DISK_LOAD,14.813163,0.115728,"Disk -> RAM [Model: b42ec4c0, Layer: 0d01b136]"
2862543.571588,3000,b42ec4c0-5247-4b28-9ada-769c5bad77e7,worker_4,worker_4,MEM_MOVE,14.813163,0.115728,"RAM -> VRAM [Model: b42ec4c0, Layer: 0d01b136]"
2862543.621588,3000,b42ec4c0-5247-4b28-9ada-769c5bad77e7,worker_4,worker_4,GPU_COMPUTE,0.050000,0.050000,GPU Compute
2862543.779588,3000,b42ec4c0-5247-4b28-9ada-769c5bad77e7,worker_4,coordinator_0,NET_TRANSFER,0.000100,0.158000,Signal Finished
2863479.015290,3000,b42ec4c0-5247-4b28-9ada-769c5bad77e7,coordinator_0,worker_1,NET_TRANSFER,11.688571,935.235702,Distribute Layer ID: ee38ce3d
2863479.063897,3000,b42ec4c0-5247-4b28-9ada-769c5bad77e7,worker_1,worker_1,MEM_MOVE,6.221724,0.048607,"Evict VRAM -> RAM [Model: c058df17, Layer: 6af78de5]"
2863479.140972,3000,b42ec4c0-5247-4b28-9ada-769c5bad77e7,worker_1,worker_1,MEM_MOVE,9.865616,0.077075,"Evict VRAM -> RAM [Model: 334a2444, Layer: 5d358473]"
2863479.232289,3000,b42ec4c0-5247-4b28-9ada-769c5bad77e7,worker_1,worker_1,DISK_LOAD,11.688571,0.091317,"Disk -> RAM [Model: b42ec4c0, Layer: ee38ce3d]"
2863479.323606,3000,b42ec4c0-5247-4b28-9ada-769c5bad77e7,worker_1,worker_1,MEM_MOVE,11.688571,0.091317,"RAM -> VRAM [Model: b42ec4c0, Layer: ee38ce3d]"
2863479.373606,3000,b42ec4c0-5247-4b28-9ada-769c5bad77e7,worker_1,worker_1,GPU_COMPUTE,0.050000,0.050000,GPU Compute
2863479.531606,3000,b42ec4c0-5247-4b28-9ada-769c5bad77e7,worker_1,coordinator_0,NET_TRANSFER,0.000100,0.158000,Signal Finished
2864301.375976,3000,b42ec4c0-5247-4b28-9ada-769c5bad77e7,coordinator_0,worker_2,NET_TRANSFER,10.271180,821.844370,Distribute Layer ID: 5d2749d6
2864301.425189,3000,b42ec4c0-5247-4b28-9ada-769c5bad77e7,worker_2,worker_2,MEM_MOVE,6.299250,0.049213,"Evict VRAM -> RAM [Model: 334a2444, Layer: 07ea7bef]"
2864301.465659,3000,b42ec4c0-5247-4b28-9ada-769c5bad77e7,worker_2,worker_2,MEM_MOVE,5.180126,0.040470,"Evict VRAM -> RAM [Model: 334a2444, Layer: 5868d9d3]"
2864301.545902,3000,b42ec4c0-5247-4b28-9ada-769c5bad77e7,worker_2,worker_2,DISK_LOAD,10.271180,0.080244,"Disk -> RAM [Model: b42ec4c0, Layer: 5d2749d6]"
2864301.626146,3000,b42ec4c0-5247-4b28-9ada-769c5bad77e7,worker_2,worker_2,MEM_MOVE,10.271180,0.080244,"RAM -> VRAM [Model: b42ec4c0, Layer: 5d2749d6]"
2864301.676146,3000,b42ec4c0-5247-4b28-9ada-769c5bad77e7,worker_2,worker_2,GPU_COMPUTE,0.050000,0.050000,GPU Compute
2864301.834146,3000,b42ec4c0-5247-4b28-9ada-769c5bad77e7,worker_2,coordinator_0,NET_TRANSFER,0.000100,0.158000,Signal Finished
2864941.404114,3000,b42ec4c0-5247-4b28-9ada-769c5bad77e7,coordinator_0,worker_3,NET_TRANSFER,7.992750,639.569968,Distribute Layer ID: 1f54797e
2864941.497051,3000,b42ec4c0-5247-4b28-9ada-769c5bad77e7,worker_3,worker_3,MEM_MOVE,11.895873,0.092937,"Evict VRAM -> RAM [Model: c058df17, Layer: 73076d1f]"
2864941.559494,3000,b42ec4c0-5247-4b28-9ada-769c5bad77e7,worker_3,worker_3,DISK_LOAD,7.992750,0.062443,"Disk -> RAM [Model: b42ec4c0, Layer: 1f54797e]"
2864941.621937,3000,b42ec4c0-5247-4b28-9ada-769c5bad77e7,worker_3,worker_3,MEM_MOVE,7.992750,0.062443,"RAM -> VRAM [Model: b42ec4c0, Layer: 1f54797e]"
2864941.671937,3000,b42ec4c0-5247-4b28-9ada-769c5bad77e7,worker_3,worker_3,GPU_COMPUTE,0.050000,0.050000,GPU Compute
2864941.829937,3000,b42ec4c0-5247-4b28-9ada-769c5bad77e7,worker_3,coordinator_0,NET_TRANSFER,0.000100,0.158000,Signal Finished
2865413.660993,3000,b42ec4c0-5247-4b28-9ada-769c5bad77e7,coordinator_0,worker_4,NET_TRANSFER,5.896013,471.831055,Distribute Layer ID: e8eeca2f
2865413.707055,3000,b42ec4c0-5247-4b28-9ada-769c5bad77e7,worker_4,worker_4,DISK_LOAD,5.896013,0.046063,"Disk -> RAM [Model: b42ec4c0, Layer: e8eeca2f]"
2865413.753118,3000,b42ec4c0-5247-4b28-9ada-769c5bad77e7,worker_4,worker_4,MEM_MOVE,5.896013,0.046063,"RAM -> VRAM [Model: b42ec4c0, Layer: e8eeca2f]"
2865413.803118,3000,b42ec4c0-5247-4b28-9ada-769c5bad77e7,worker_4,worker_4,GPU_COMPUTE,0.050000,0.050000,GPU Compute
2865413.961118,3000,b42ec4c0-5247-4b28-9ada-769c5bad77e7,worker_4,coordinator_0,NET_TRANSFER,0.000100,0.158000,Signal Finished
2866194.205171,3000,b42ec4c0-5247-4b28-9ada-769c5bad77e7,coordinator_0,worker_1,NET_TRANSFER,9.751176,780.244053,Distribute Layer ID: ff763c8a
2866194.246809,3000,b42ec4c0-5247-4b28-9ada-769c5bad77e7,worker_1,worker_1,MEM_MOVE,5.329625,0.041638,"Evict VRAM -> RAM [Model: 334a2444, Layer: 7782e16c]"
2866194.322990,3000,b42ec4c0-5247-4b28-9ada-769c5bad77e7,worker_1,worker_1,DISK_LOAD,9.751176,0.076181,"Disk -> RAM [Model: b42ec4c0, Layer: ff763c8a]"
2866194.399171,3000,b42ec4c0-5247-4b28-9ada-769c5bad77e7,worker_1,worker_1,MEM_MOVE,9.751176,0.076181,"RAM -> VRAM [Model: b42ec4c0, Layer: ff763c8a]"
2866194.449171,3000,b42ec4c0-5247-4b28-9ada-769c5bad77e7,worker_1,worker_1,GPU_COMPUTE,0.050000,0.050000,GPU Compute
2866194.607171,3000,b42ec4c0-5247-4b28-9ada-769c5bad77e7,worker_1,coordinator_0,NET_TRANSFER,0.000100,0.158000,Signal Finished
2867158.576440,3000,b42ec4c0-5247-4b28-9ada-769c5bad77e7,coordinator_0,worker_2,NET_TRANSFER,12.047741,963.969269,Distribute Layer ID: 9e187001
2867158.734440,5012,b23b9bcf-15a7-4d4a-87b3-f049d0b0b838,client_5,coordinator_0,NET_TRANSFER,0.000100,0.158000,Request Model ID
2867158.892440,10010,07ce1970-d96c-4f79-9d92-0a7594b4b14f,client_10,coordinator_0,NET_TRANSFER,0.000100,0.158000,Request Model ID
2867159.050440,1010,5da2df27-cf63-4c4c-ae5e-62dac7a03a3d,client_1,coordinator_0,NET_TRANSFER,0.000100,0.158000,Request Model ID
2867159.208440,9012,44c74542-198d-4b82-96c7-01f6a8e6ad94,client_9,coordinator_0,NET_TRANSFER,0.000100,0.158000,Request Model ID
2867159.366440,8008,334a2444-41d5-4755-9f47-d94f7c2a58be,client_8,coordinator_0,NET_TRANSFER,0.000100,0.158000,Request Model ID
2867159.524440,8008,44c74542-198d-4b82-96c7-01f6a8e6ad94,client_8,coordinator_0,NET_TRANSFER,0.000100,0.158000,Request Model ID
2867159.601261,3000,b42ec4c0-5247-4b28-9ada-769c5bad77e7,worker_2,worker_2,MEM_MOVE,9.833172,0.076822,"Evict VRAM -> RAM [Model: 334a2444, Layer: 93c3969a]"
2867159.663839,3000,b42ec4c0-5247-4b28-9ada-769c5bad77e7,worker_2,worker_2,MEM_MOVE,8.009952,0.062578,"Evict VRAM -> RAM [Model: 334a2444, Layer: 128be19d]"
2867159.757962,3000,b42ec4c0-5247-4b28-9ada-769c5bad77e7,worker_2,worker_2,DISK_LOAD,12.047741,0.094123,"Disk -> RAM [Model: b42ec4c0, Layer: 9e187001]"
2867159.852085,3000,b42ec4c0-5247-4b28-9ada-769c5bad77e7,worker_2,worker_2,MEM_MOVE,12.047741,0.094123,"RAM -> VRAM [Model: b42ec4c0, Layer: 9e187001]"
2867159.902085,3000,b42ec4c0-5247-4b28-9ada-769c5bad77e7,worker_2,worker_2,GPU_COMPUTE,0.050000,0.050000,GPU Compute
2867160.060085,3000,b42ec4c0-5247-4b28-9ada-769c5bad77e7,worker_2,coordinator_0,NET_TRANSFER,0.000100,0.158000,Signal Finished
2868079.510211,3000,b42ec4c0-5247-4b28-9ada-769c5bad77e7,coordinator_0,worker_3,NET_TRANSFER,11.491252,919.450126,Distribute Layer ID: 4dcf7adf
2868079.602757,3000,b42ec4c0-5247-4b28-9ada-769c5bad77e7,worker_3,worker_3,MEM_MOVE,11.845846,0.092546,"Evict VRAM -> RAM [Model: 334a2444, Layer: a1d96d92]"
2868079.692532,3000,b42ec4c0-5247-4b28-9ada-769c5bad77e7,worker_3,worker_3,DISK_LOAD,11.491252,0.089775,"Disk -> RAM [Model: b42ec4c0, Layer: 4dcf7adf]"
2868079.782307,3000,b42ec4c0-5247-4b28-9ada-769c5bad77e7,worker_3,worker_3,MEM_MOVE,11.491252,0.089775,"RAM -> VRAM [Model: b42ec4c0, Layer: 4dcf7adf]"
2868079.832307,3000,b42ec4c0-5247-4b28-9ada-769c5bad77e7,worker_3,worker_3,GPU_COMPUTE,0.050000,0.050000,GPU Compute
2868079.990307,3000,b42ec4c0-5247-4b28-9ada-769c5bad77e7,worker_3,coordinator_0,NET_TRANSFER,0.000100,0.158000,Signal Finished
2868864.115734,3000,b42ec4c0-5247-4b28-9ada-769c5bad77e7,coordinator_0,worker_4,NET_TRANSFER,9.799693,784.125427,Distribute Layer ID: 11657005
2868864.232605,3000,b42ec4c0-5247-4b28-9ada-769c5bad77e7,worker_4,worker_4,MEM_MOVE,14.959418,0.116870,"Evict VRAM -> RAM [Model: 334a2444, Layer: 6216d860]"
2868864.309165,3000,b42ec4c0-5247-4b28-9ada-769c5bad77e7,worker_4,worker_4,DISK_LOAD,9.799693,0.076560,"Disk -> RAM [Model: b42ec4c0, Layer: 11657005]"
2868864.385725,3000,b42ec4c0-5247-4b28-9ada-769c5bad77e7,worker_4,worker_4,MEM_MOVE,9.799693,0.076560,"RAM -> VRAM [Model: b42ec4c0, Layer: 11657005]"
2868864.435725,3000,b42ec4c0-5247-4b28-9ada-769c5bad77e7,worker_4,worker_4,GPU_COMPUTE,0.050000,0.050000,GPU Compute
2868864.593725,3000,b42ec4c0-5247-4b28-9ada-769c5bad77e7,worker_4,coordinator_0,NET_TRANSFER,0.000100,0.158000,Signal Finished
2869622.100951,3000,b42ec4c0-5247-4b28-9ada-769c5bad77e7,coordinator_0,worker_1,NET_TRANSFER,9.466965,757.507226,Distribute Layer ID: 441d1220
2869622.195145,3000,b42ec4c0-5247-4b28-9ada-769c5bad77e7,worker_1,worker_1,MEM_MOVE,12.056833,0.094194,"Evict VRAM -> RAM [Model: 334a2444, Layer: 05089091]"
2869622.269106,3000,b42ec4c0-5247-4b28-9ada-769c5bad77e7,worker_1,worker_1,DISK_LOAD,9.466965,0.073961,"Disk -> RAM [Model: b42ec4c0, Layer: 441d1220]"
2869622.343067,3000,b42ec4c0-5247-4b28-9ada-769c5bad77e7,worker_1,worker_1,MEM_MOVE,9.466965,0.073961,"RAM -> VRAM [Model: b42ec4c0, Layer: 441d1220]"
2869622.393067,3000,b42ec4c0-5247-4b28-9ada-769c5bad77e7,worker_1,worker_1,GPU_COMPUTE,0.050000,0.050000,GPU Compute
2869622.551067,3000,b42ec4c0-5247-4b28-9ada-769c5bad77e7,worker_1,coordinator_0,NET_TRANSFER,0.000100,0.158000,Signal Finished
2870110.975936,3000,b42ec4c0-5247-4b28-9ada-769c5bad77e7,coordinator_0,worker_2,NET_TRANSFER,6.103436,488.424869,Distribute Layer ID: b5f4a76d
2870111.023619,3000,b42ec4c0-5247-4b28-9ada-769c5bad77e7,worker_2,worker_2,DISK_LOAD,6.103436,0.047683,"Disk -> RAM [Model: b42ec4c0, Layer: b5f4a76d]"
2870111.071302,3000,b42ec4c0-5247-4b28-9ada-769c5bad77e7,worker_2,worker_2,MEM_MOVE,6.103436,0.047683,"RAM -> VRAM [Model: b42ec4c0, Layer: b5f4a76d]"
2870111.121302,3000,b42ec4c0-5247-4b28-9ada-769c5bad77e7,worker_2,worker_2,GPU_COMPUTE,0.050000,0.050000,GPU Compute
2870111.279302,3000,b42ec4c0-5247-4b28-9ada-769c5bad77e7,worker_2,coordinator_0,NET_TRANSFER,0.000100,0.158000,Signal Finished
2871313.870521,3000,b42ec4c0-5247-4b28-9ada-769c5bad77e7,coordinator_0,worker_3,NET_TRANSFER,15.030515,1202.591219,Distribute Layer ID: 7afa7464
2871313.950319,3000,b42ec4c0-5247-4b28-9ada-769c5bad77e7,worker_3,worker_3,MEM_MOVE,10.214130,0.079798,"Evict VRAM -> RAM [Model: 334a2444, Layer: a1e45463]"
2871314.067745,3000,b42ec4c0-5247-4b28-9ada-769c5bad77e7,worker_3,worker_3,DISK_LOAD,15.030515,0.117426,"Disk -> RAM [Model: b42ec4c0, Layer: 7afa7464]"
2871314.185170,3000,b42ec4c0-5247-4b28-9ada-769c5bad77e7,worker_3,worker_3,MEM_MOVE,15.030515,0.117426,"RAM -> VRAM [Model: b42ec4c0, Layer: 7afa7464]"
2871314.235170,3000,b42ec4c0-5247-4b28-9ada-769c5bad77e7,worker_3,worker_3,GPU_COMPUTE,0.050000,0.050000,GPU Compute
2871314.393170,3000,b42ec4c0-5247-4b28-9ada-769c5bad77e7,worker_3,coordinator_0,NET_TRANSFER,0.000100,0.158000,Signal Finished
2871771.914992,3000,b42ec4c0-5247-4b28-9ada-769c5bad77e7,coordinator_0,worker_4,NET_TRANSFER,5.717148,457.521821,Distribute Layer ID: c41eaf50
2871771.959657,3000,b42ec4c0-5247-4b28-9ada-769c5bad77e7,worker_4,worker_4,DISK_LOAD,5.717148,0.044665,"Disk -> RAM [Model: b42ec4c0, Layer: c41eaf50]"
2871772.004322,3000,b42ec4c0-5247-4b28-9ada-769c5bad77e7,worker_4,worker_4,MEM_MOVE,5.717148,0.044665,"RAM -> VRAM [Model: b42ec4c0, Layer: c41eaf50]"
2871772.054322,3000,b42ec4c0-5247-4b28-9ada-769c5bad77e7,worker_4,worker_4,GPU_COMPUTE,0.050000,0.050000,GPU Compute
2871772.212322,3000,b42ec4c0-5247-4b28-9ada-769c5bad77e7,worker_4,coordinator_0,NET_TRANSFER,0.000100,0.158000,Signal Finished
2872524.476261,3000,b42ec4c0-5247-4b28-9ada-769c5bad77e7,coordinator_0,worker_1,NET_TRANSFER,9.401424,752.263939,Distribute Layer ID: 5abaf731
2872524.512895,3000,b42ec4c0-5247-4b28-9ada-769c5bad77e7,worker_1,worker_1,MEM_MOVE,4.689162,0.036634,"Evict VRAM -> RAM [Model: 334a2444, Layer: f45fe135]"
2872524.557811,3000,b42ec4c0-5247-4b28-9ada-769c5bad77e7,worker_1,worker_1,MEM_MOVE,5.749186,0.044916,"Evict VRAM -> RAM [Model: 334a2444, Layer: 2eceaec2]"
2872524.631259,3000,b42ec4c0-5247-4b28-9ada-769c5bad77e7,worker_1,worker_1,DISK_LOAD,9.401424,0.073449,"Disk -> RAM [Model: b42ec4c0, Layer: 5abaf731]"
2872524.704708,3000,b42ec4c0-5247-4b28-9ada-769c5bad77e7,worker_1,worker_1,MEM_MOVE,9.401424,0.073449,"RAM -> VRAM [Model: b42ec4c0, Layer: 5abaf731]"
2872524.754708,3000,b42ec4c0-5247-4b28-9ada-769c5bad77e7,worker_1,worker_1,GPU_COMPUTE,0.050000,0.050000,GPU Compute
2872524.912708,3000,b42ec4c0-5247-4b28-9ada-769c5bad77e7,worker_1,coordinator_0,NET_TRANSFER,0.000100,0.158000,Signal Finished
2873579.983789,3000,b42ec4c0-5247-4b28-9ada-769c5bad77e7,coordinator_0,worker_2,NET_TRANSFER,13.186514,1055.071081,Distribute Layer ID: cb13dd41
2873580.050151,3000,b42ec4c0-5247-4b28-9ada-769c5bad77e7,worker_2,worker_2,MEM_MOVE,8.494427,0.066363,"Evict VRAM -> RAM [Model: 334a2444, Layer: 4fec6672]"
2873580.097603,3000,b42ec4c0-5247-4b28-9ada-769c5bad77e7,worker_2,worker_2,MEM_MOVE,6.073865,0.047452,"Evict VRAM -> RAM [Model: 334a2444, Layer: 27b9e9ec]"
2873580.200623,3000,b42ec4c0-5247-4b28-9ada-769c5bad77e7,worker_2,worker_2,DISK_LOAD,13.186514,0.103020,"Disk -> RAM [Model: b42ec4c0, Layer: cb13dd41]"
2873580.303643,3000,b42ec4c0-5247-4b28-9ada-769c5bad77e7,worker_2,worker_2,MEM_MOVE,13.186514,0.103020,"RAM -> VRAM [Model: b42ec4c0, Layer: cb13dd41]"
2873580.353643,3000,b42ec4c0-5247-4b28-9ada-769c5bad77e7,worker_2,worker_2,GPU_COMPUTE,0.050000,0.050000,GPU Compute
2873580.511643,3000,b42ec4c0-5247-4b28-9ada-769c5bad77e7,worker_2,coordinator_0,NET_TRANSFER,0.000100,0.158000,Signal Finished
2874336.441084,3000,b42ec4c0-5247-4b28-9ada-769c5bad77e7,coordinator_0,worker_3,NET_TRANSFER,9.447243,755.929441,Distribute Layer ID: 0caf0fab
2874336.499137,3000,b42ec4c0-5247-4b28-9ada-769c5bad77e7,worker_3,worker_3,MEM_MOVE,7.430823,0.058053,"Evict VRAM -> RAM [Model: 334a2444, Layer: 7b779e46]"
2874336.541979,3000,b42ec4c0-5247-4b28-9ada-769c5bad77e7,worker_3,worker_3,MEM_MOVE,5.483687,0.042841,"Evict VRAM -> RAM [Model: 334a2444, Layer: e91639d2]"
2874336.615785,3000,b42ec4c0-5247-4b28-9ada-769c5bad77e7,worker_3,worker_3,DISK_LOAD,9.447243,0.073807,"Disk -> RAM [Model: b42ec4c0, Layer: 0caf0fab]"
2874336.689592,3000,b42ec4c0-5247-4b28-9ada-769c5bad77e7,worker_3,worker_3,MEM_MOVE,9.447243,0.073807,"RAM -> VRAM [Model: b42ec4c0, Layer: 0caf0fab]"
2874336.739592,3000,b42ec4c0-5247-4b28-9ada-769c5bad77e7,worker_3,worker_3,GPU_COMPUTE,0.050000,0.050000,GPU Compute
2874336.897592,3000,b42ec4c0-5247-4b28-9ada-769c5bad77e7,worker_3,coordinator_0,NET_TRANSFER,0.000100,0.158000,Signal Finished
2874894.812447,3000,b42ec4c0-5247-4b28-9ada-769c5bad77e7,coordinator_0,worker_4,NET_TRANSFER,6.972061,557.914855,Distribute Layer ID: b4687fe7
2874894.896913,3000,b42ec4c0-5247-4b28-9ada-769c5bad77e7,worker_4,worker_4,MEM_MOVE,10.811706,0.084466,"Evict VRAM -> RAM [Model: 334a2444, Layer: 25b3fa01]"
2874894.951383,3000,b42ec4c0-5247-4b28-9ada-769c5bad77e7,worker_4,worker_4,DISK_LOAD,6.972061,0.054469,"Disk -> RAM [Model: b42ec4c0, Layer: b4687fe7]"
2874895.005852,3000,b42ec4c0-5247-4b28-9ada-769c5bad77e7,worker_4,worker_4,MEM_MOVE,6.972061,0.054469,"RAM -> VRAM [Model: b42ec4c0, Layer: b4687fe7]"
2874895.055852,3000,b42ec4c0-5247-4b28-9ada-769c5bad77e7,worker_4,worker_4,GPU_COMPUTE,0.050000,0.050000,GPU Compute
2874895.213852,3000,b42ec4c0-5247-4b28-9ada-769c5bad77e7,worker_4,coordinator_0,NET_TRANSFER,0.000100,0.158000,Signal Finished
2876021.239832,3000,b42ec4c0-5247-4b28-9ada-769c5bad77e7,coordinator_0,worker_1,NET_TRANSFER,14.073450,1126.025980,Distribute Layer ID: 6ce672c9
2876021.283020,3000,b42ec4c0-5247-4b28-9ada-769c5bad77e7,worker_1,worker_1,MEM_MOVE,5.528080,0.043188,"Evict VRAM -> RAM [Model: 334a2444, Layer: d91d885b]"
2876021.348928,3000,b42ec4c0-5247-4b28-9ada-769c5bad77e7,worker_1,worker_1,MEM_MOVE,8.436297,0.065909,"Evict VRAM -> RAM [Model: 334a2444, Layer: 2eaed4a0]"
2876021.458877,3000,b42ec4c0-5247-4b28-9ada-769c5bad77e7,worker_1,worker_1,DISK_LOAD,14.073450,0.109949,"Disk -> RAM [Model: b42ec4c0, Layer: 6ce672c9]"
2876021.568826,3000,b42ec4c0-5247-4b28-9ada-769c5bad77e7,worker_1,worker_1,MEM_MOVE,14.073450,0.109949,"RAM -> VRAM [Model: b42ec4c0, Layer: 6ce672c9]"
2876021.618826,3000,b42ec4c0-5247-4b28-9ada-769c5bad77e7,worker_1,worker_1,GPU_COMPUTE,0.050000,0.050000,GPU Compute
2876021.776826,3000,b42ec4c0-5247-4b28-9ada-769c5bad77e7,worker_1,coordinator_0,NET_TRANSFER,0.000100,0.158000,Signal Finished
2876952.415306,3000,b42ec4c0-5247-4b28-9ada-769c5bad77e7,coordinator_0,worker_2,NET_TRANSFER,11.631106,930.638480,Distribute Layer ID: c49c3c0d
2876952.508018,3000,b42ec4c0-5247-4b28-9ada-769c5bad77e7,worker_2,worker_2,MEM_MOVE,11.867097,0.092712,"Evict VRAM -> RAM [Model: 334a2444, Layer: b0202e08]"
2876952.598886,3000,b42ec4c0-5247-4b28-9ada-769c5bad77e7,worker_2,worker_2,DISK_LOAD,11.631106,0.090868,"Disk -> RAM [Model: b42ec4c0, Layer: c49c3c0d]"
2876952.689754,3000,b42ec4c0-5247-4b28-9ada-769c5bad77e7,worker_2,worker_2,MEM_MOVE,11.631106,0.090868,"RAM -> VRAM [Model: b42ec4c0, Layer: c49c3c0d]"
2876952.739754,3000,b42ec4c0-5247-4b28-9ada-769c5bad77e7,worker_2,worker_2,GPU_COMPUTE,0.050000,0.050000,GPU Compute
2876952.897754,3000,b42ec4c0-5247-4b28-9ada-769c5bad77e7,worker_2,coordinator_0,NET_TRANSFER,0.000100,0.158000,Signal Finished
2877483.517731,3000,b42ec4c0-5247-4b28-9ada-769c5bad77e7,coordinator_0,worker_3,NET_TRANSFER,6.630875,530.619977,Distribute Layer ID: 07f1405f
2877483.675731,7008,44c74542-198d-4b82-96c7-01f6a8e6ad94,client_7,coordinator_0,NET_TRANSFER,0.000100,0.158000,Request Model ID
2877483.727838,3000,b42ec4c0-5247-4b28-9ada-769c5bad77e7,worker_3,worker_3,MEM_MOVE,6.669670,0.052107,"Evict VRAM -> RAM [Model: 334a2444, Layer: b7834245]"
2877483.779641,3000,b42ec4c0-5247-4b28-9ada-769c5bad77e7,worker_3,worker_3,DISK_LOAD,6.630875,0.051804,"Disk -> RAM [Model: b42ec4c0, Layer: 07f1405f]"
2877483.831445,3000,b42ec4c0-5247-4b28-9ada-769c5bad77e7,worker_3,worker_3,MEM_MOVE,6.630875,0.051804,"RAM -> VRAM [Model: b42ec4c0, Layer: 07f1405f]"
2877483.881445,3000,b42ec4c0-5247-4b28-9ada-769c5bad77e7,worker_3,worker_3,GPU_COMPUTE,0.050000,0.050000,GPU Compute
2877484.039445,3000,b42ec4c0-5247-4b28-9ada-769c5bad77e7,worker_3,coordinator_0,NET_TRANSFER,0.000100,0.158000,Signal Finished
2878107.058785,3000,b42ec4c0-5247-4b28-9ada-769c5bad77e7,coordinator_0,worker_4,NET_TRANSFER,7.785867,623.019339,Distribute Layer ID: 28a1447e
2878107.126834,3000,b42ec4c0-5247-4b28-9ada-769c5bad77e7,worker_4,worker_4,MEM_MOVE,8.710360,0.068050,"Evict VRAM -> RAM [Model: 334a2444, Layer: 8234c54e]"
2878107.187661,3000,b42ec4c0-5247-4b28-9ada-769c5bad77e7,worker_4,worker_4,DISK_LOAD,7.785867,0.060827,"Disk -> RAM [Model: b42ec4c0, Layer: 28a1447e]"
2878107.248488,3000,b42ec4c0-5247-4b28-9ada-769c5bad77e7,worker_4,worker_4,MEM_MOVE,7.785867,0.060827,"RAM -> VRAM [Model: b42ec4c0, Layer: 28a1447e]"
2878107.298488,3000,b42ec4c0-5247-4b28-9ada-769c5bad77e7,worker_4,worker_4,GPU_COMPUTE,0.050000,0.050000,GPU Compute
2878107.456488,3000,b42ec4c0-5247-4b28-9ada-769c5bad77e7,worker_4,coordinator_0,NET_TRANSFER,0.000100,0.158000,Signal Finished
2878944.341123,3000,b42ec4c0-5247-4b28-9ada-769c5bad77e7,coordinator_0,worker_1,NET_TRANSFER,10.459183,836.884634,Distribute Layer ID: 519b68ef
2878944.450143,3000,b42ec4c0-5247-4b28-9ada-769c5bad77e7,worker_1,worker_1,MEM_MOVE,13.954551,0.109020,"Evict VRAM -> RAM [Model: 334a2444, Layer: 62d0a058]"
2878944.531855,3000,b42ec4c0-5247-4b28-9ada-769c5bad77e7,worker_1,worker_1,DISK_LOAD,10.459183,0.081712,"Disk -> RAM [Model: b42ec4c0, Layer: 519b68ef]"
2878944.613568,3000,b42ec4c0-5247-4b28-9ada-769c5bad77e7,worker_1,worker_1,MEM_MOVE,10.459183,0.081712,"RAM -> VRAM [Model: b42ec4c0, Layer: 519b68ef]"
2878944.663568,3000,b42ec4c0-5247-4b28-9ada-769c5bad77e7,worker_1,worker_1,GPU_COMPUTE,0.050000,0.050000,GPU Compute
2878944.821568,3000,b42ec4c0-5247-4b28-9ada-769c5bad77e7,worker_1,coordinator_0,NET_TRANSFER,0.000100,0.158000,Signal Finished
2879786.529092,4001,07ce1970-d96c-4f79-9d92-0a7594b4b14f,coordinator_0,worker_4,NET_TRANSFER,10.519469,841.707524,Distribute Layer ID: 413a023e
2879786.614952,4001,07ce1970-d96c-4f79-9d92-0a7594b4b14f,worker_4,worker_4,MEM_MOVE,10.990085,0.085860,"Evict VRAM -> RAM [Model: 334a2444, Layer: f41e3968]"
2879786.697135,4001,07ce1970-d96c-4f79-9d92-0a7594b4b14f,worker_4,worker_4,DISK_LOAD,10.519469,0.082183,"Disk -> RAM [Model: 07ce1970, Layer: 413a023e]"
2879786.779319,4001,07ce1970-d96c-4f79-9d92-0a7594b4b14f,worker_4,worker_4,MEM_MOVE,10.519469,0.082183,"RAM -> VRAM [Model: 07ce1970, Layer: 413a023e]"
2879786.829319,4001,07ce1970-d96c-4f79-9d92-0a7594b4b14f,worker_4,worker_4,GPU_COMPUTE,0.050000,0.050000,GPU Compute
2879786.987319,4001,07ce1970-d96c-4f79-9d92-0a7594b4b14f,worker_4,coordinator_0,NET_TRANSFER,0.000100,0.158000,Signal Finished
2880235.931462,4001,07ce1970-d96c-4f79-9d92-0a7594b4b14f,coordinator_0,worker_1,NET_TRANSFER,5.609927,448.944144,Distribute Layer ID: 713ce64d
2880235.975290,4001,07ce1970-d96c-4f79-9d92-0a7594b4b14f,worker_1,worker_1,DISK_LOAD,5.609927,0.043828,"Disk -> RAM [Model: 07ce1970, Layer: 713ce64d]"
2880236.019117,4001,07ce1970-d96c-4f79-9d92-0a7594b4b14f,worker_1,worker_1,MEM_MOVE,5.609927,0.043828,"RAM -> VRAM [Model: 07ce1970, Layer: 713ce64d]"
2880236.069117,4001,07ce1970-d96c-4f79-9d92-0a7594b4b14f,worker_1,worker_1,GPU_COMPUTE,0.050000,0.050000,GPU Compute
2880236.227117,4001,07ce1970-d96c-4f79-9d92-0a7594b4b14f,worker_1,coordinator_0,NET_TRANSFER,0.000100,0.158000,Signal Finished
2881204.368840,4001,07ce1970-d96c-4f79-9d92-0a7594b4b14f,coordinator_0,worker_2,NET_TRANSFER,12.099897,968.141722,Distribute Layer ID: 4735d0b1
2881204.435626,4001,07ce1970-d96c-4f79-9d92-0a7594b4b14f,worker_2,worker_2,MEM_MOVE,8.548634,0.066786,"Evict VRAM -> RAM [Model: 334a2444, Layer: a394cfbc]"
2881204.474567,4001,07ce1970-d96c-4f79-9d92-0a7594b4b14f,worker_2,worker_2,MEM_MOVE,4.984496,0.038941,"Evict VRAM -> RAM [Model: 334a2444, Layer: c037913a]"
2881204.569098,4001,07ce1970-d96c-4f79-9d92-0a7594b4b14f,worker_2,worker_2,DISK_LOAD,12.099897,0.094530,"Disk -> RAM [Model: 07ce1970, Layer: 4735d0b1]"
2881204.663628,4001,07ce1970-d96c-4f79-9d92-0a7594b4b14f,worker_2,worker_2,MEM_MOVE,12.099897,0.094530,"RAM -> VRAM [Model: 07ce1970, Layer: 4735d0b1]"
2881204.713628,4001,07ce1970-d96c-4f79-9d92-0a7594b4b14f,worker_2,worker_2,GPU_COMPUTE,0.050000,0.050000,GPU Compute
2881204.871628,4001,07ce1970-d96c-4f79-9d92-0a7594b4b14f,worker_2,coordinator_0,NET_TRANSFER,0.000100,0.158000,Signal Finished
2882017.981991,4001,07ce1970-d96c-4f79-9d92-0a7594b4b14f,coordinator_0,worker_3,NET_TRANSFER,10.162005,813.110362,Distribute Layer ID: a175b760
2882018.024365,4001,07ce1970-d96c-4f79-9d92-0a7594b4b14f,worker_3,worker_3,MEM_MOVE,5.423942,0.042375,"Evict VRAM -> RAM [Model: 334a2444, Layer: 7930db69]"
2882018.121094,4001,07ce1970-d96c-4f79-9d92-0a7594b4b14f,worker_3,worker_3,MEM_MOVE,12.381284,0.096729,"Evict VRAM -> RAM [Model: 334a2444, Layer: 0c660ff6]"
2882018.200485,4001,07ce1970-d96c-4f79-9d92-0a7594b4b14f,worker_3,worker_3,DISK_LOAD,10.162005,0.079391,"Disk -> RAM [Model: 07ce1970, Layer: a175b760]"
2882018.279875,4001,07ce1970-d96c-4f79-9d92-0a7594b4b14f,worker_3,worker_3,MEM_MOVE,10.162005,0.079391,"RAM -> VRAM [Model: 07ce1970, Layer: a175b760]"
2882018.329875,4001,07ce1970-d96c-4f79-9d92-0a7594b4b14f,worker_3,worker_3,GPU_COMPUTE,0.050000,0.050000,GPU Compute
2882018.487875,4001,07ce1970-d96c-4f79-9d92-0a7594b4b14f,worker_3,coordinator_0,NET_TRANSFER,0.000100,0.158000,Signal Finished
2883079.531155,4001,07ce1970-d96c-4f79-9d92-0a7594b4b14f,coordinator_0,worker_4,NET_TRANSFER,13.261166,1061.043280,Distribute Layer ID: 07f980bc
2883079.613038,4001,07ce1970-d96c-4f79-9d92-0a7594b4b14f,worker_4,worker_4,MEM_MOVE,10.480949,0.081882,"Evict VRAM -> RAM [Model: 334a2444, Layer: 7b26de98]"
2883079.716640,4001,07ce1970-d96c-4f79-9d92-0a7594b4b14f,worker_4,worker_4,DISK_LOAD,13.261166,0.103603,"Disk -> RAM [Model: 07ce1970, Layer: 07f980bc]"
2883079.820243,4001,07ce1970-d96c-4f79-9d92-0a7594b4b14f,worker_4,worker_4,MEM_MOVE,13.261166,0.103603,"RAM -> VRAM [Model: 07ce1970, Layer: 07f980bc]"
2883079.870243,4001,07ce1970-d96c-4f79-9d92-0a7594b4b14f,worker_4,worker_4,GPU_COMPUTE,0.050000,0.050000,GPU Compute
2883080.028243,4001,07ce1970-d96c-4f79-9d92-0a7594b4b14f,worker_4,coordinator_0,NET_TRANSFER,0.000100,0.158000,Signal Finished
2883491.012655,4001,07ce1970-d96c-4f79-9d92-0a7594b4b14f,coordinator_0,worker_1,NET_TRANSFER,5.135430,410.984412,Distribute Layer ID: 255ca3ff
2883491.067664,4001,07ce1970-d96c-4f79-9d92-0a7594b4b14f,worker_1,worker_1,MEM_MOVE,7.041169,0.055009,"Evict VRAM -> RAM [Model: 334a2444, Layer: 828ff6b1]"
2883491.107785,4001,07ce1970-d96c-4f79-9d92-0a7594b4b14f,worker_1,worker_1,DISK_LOAD,5.135430,0.040121,"Disk -> RAM [Model: 07ce1970, Layer: 255ca3ff]"
2883491.147905,4001,07ce1970-d96c-4f79-9d92-0a7594b4b14f,worker_1,worker_1,MEM_MOVE,5.135430,0.040121,"RAM -> VRAM [Model: 07ce1970, Layer: 255ca3ff]"
2883491.197905,4001,07ce1970-d96c-4f79-9d92-0a7594b4b14f,worker_1,worker_1,GPU_COMPUTE,0.050000,0.050000,GPU Compute
2883491.355905,4001,07ce1970-d96c-4f79-9d92-0a7594b4b14f,worker_1,coordinator_0,NET_TRANSFER,0.000100,0.158000,Signal Finished
2884089.509228,4001,07ce1970-d96c-4f79-9d92-0a7594b4b14f,coordinator_0,worker_2,NET_TRANSFER,7.475042,598.153323,Distribute Layer ID: d78a5263
2884089.622360,4001,07ce1970-d96c-4f79-9d92-0a7594b4b14f,worker_2,worker_2,MEM_MOVE,14.480838,0.113132,"Evict VRAM -> RAM [Model: 334a2444, Layer: ac3f8375]"
2884089.680758,4001,07ce1970-d96c-4f79-9d92-0a7594b4b14f,worker_2,worker_2,DISK_LOAD,7.475042,0.058399,"Disk -> RAM [Model: 07ce1970, Layer: d78a5263]"
2884089.739157,4001,07ce1970-d96c-4f79-9d92-0a7594b4b14f,worker_2,worker_2,MEM_MOVE,7.475042,0.058399,"RAM -> VRAM [Model: 07ce1970, Layer: d78a5263]"
2884089.789157,4001,07ce1970-d96c-4f79-9d92-0a7594b4b14f,worker_2,worker_2,GPU_COMPUTE,0.050000,0.050000,GPU Compute
2884089.947157,4001,07ce1970-d96c-4f79-9d92-0a7594b4b14f,worker_2,coordinator_0,NET_TRANSFER,0.000100,0.158000,Signal Finished
2884624.916695,4001,07ce1970-d96c-4f79-9d92-0a7594b4b14f,coordinator_0,worker_3,NET_TRANSFER,6.685244,534.969538,Distribute Layer ID: 1f15a8c2
2884624.968924,4001,07ce1970-d96c-4f79-9d92-0a7594b4b14f,worker_3,worker_3,DISK_LOAD,6.685244,0.052228,"Disk -> RAM [Model: 07ce1970, Layer: 1f15a8c2]"
2884625.021152,4001,07ce1970-d96c-4f79-9d92-0a7594b4b14f,worker_3,worker_3,MEM_MOVE,6.685244,0.052228,"RAM -> VRAM [Model: 07ce1970, Layer: 1f15a8c2]"
2884625.071152,4001,07ce1970-d96c-4f79-9d92-0a7594b4b14f,worker_3,worker_3,GPU_COMPUTE,0.050000,0.050000,GPU Compute
2884625.229152,4001,07ce1970-d96c-4f79-9d92-0a7594b4b14f,worker_3,coordinator_0,NET_TRANSFER,0.000100,0.158000,Signal Finished
2885284.927107,4001,07ce1970-d96c-4f79-9d92-0a7594b4b14f,coordinator_0,worker_4,NET_TRANSFER,8.244349,659.697955,Distribute Layer ID: 9ed7b81e
2885285.019139,4001,07ce1970-d96c-4f79-9d92-0a7594b4b14f,worker_4,worker_4,MEM_MOVE,11.779993,0.092031,"Evict VRAM -> RAM [Model: 334a2444, Layer: b6479498]"
2885285.083548,4001,07ce1970-d96c-4f79-9d92-0a7594b4b14f,worker_4,worker_4,DISK_LOAD,8.244349,0.064409,"Disk -> RAM [Model: 07ce1970, Layer: 9ed7b81e]"
2885285.147957,4001,07ce1970-d96c-4f79-9d92-0a7594b4b14f,worker_4,worker_4,MEM_MOVE,8.244349,0.064409,"RAM -> VRAM [Model: 07ce1970, Layer: 9ed7b81e]"
2885285.197957,4001,07ce1970-d96c-4f79-9d92-0a7594b4b14f,worker_4,worker_4,GPU_COMPUTE,0.050000,0.050000,GPU Compute
2885285.355957,4001,07ce1970-d96c-4f79-9d92-0a7594b4b14f,worker_4,coordinator_0,NET_TRANSFER,0.000100,0.158000,Signal Finished
2885986.948074,4001,07ce1970-d96c-4f79-9d92-0a7594b4b14f,coordinator_0,worker_1,NET_TRANSFER,8.768026,701.592117,Distribute Layer ID: f834d2dc
2885987.005721,4001,07ce1970-d96c-4f79-9d92-0a7594b4b14f,worker_1,worker_1,MEM_MOVE,7.378852,0.057647,"Evict VRAM -> RAM [Model: 334a2444, Layer: 47160f1d]"
2885987.074221,4001,07ce1970-d96c-4f79-9d92-0a7594b4b14f,worker_1,worker_1,DISK_LOAD,8.768026,0.068500,"Disk -> RAM [Model: 07ce1970, Layer: f834d2dc]"
2885987.142722,4001,07ce1970-d96c-4f79-9d92-0a7594b4b14f,worker_1,worker_1,MEM_MOVE,8.768026,0.068500,"RAM -> VRAM [Model: 07ce1970, Layer: f834d2dc]"
2885987.192722,4001,07ce1970-d96c-4f79-9d92-0a7594b4b14f,worker_1,worker_1,GPU_COMPUTE,0.050000,0.050000,GPU Compute
2885987.350722,4001,07ce1970-d96c-4f79-9d92-0a7594b4b14f,worker_1,coordinator_0,NET_TRANSFER,0.000100,0.158000,Signal Finished
2886591.037083,4001,07ce1970-d96c-4f79-9d92-0a7594b4b14f,coordinator_0,worker_2,NET_TRANSFER,7.544205,603.686361,Distribute Layer ID: 6438c6c9
2886591.096022,4001,07ce1970-d96c-4f79-9d92-0a7594b4b14f,worker_2,worker_2,DISK_LOAD,7.544205,0.058939,"Disk -> RAM [Model: 07ce1970, Layer: 6438c6c9]"
2886591.154961,4001,07ce1970-d96c-4f79-9d92-0a7594b4b14f,worker_2,worker_2,MEM_MOVE,7.544205,0.058939,"RAM -> VRAM [Model: 07ce1970, Layer: 6438c6c9]"
2886591.204961,4001,07ce1970-d96c-4f79-9d92-0a7594b4b14f,worker_2,worker_2,GPU_COMPUTE,0.050000,0.050000,GPU Compute
2886591.362961,4001,07ce1970-d96c-4f79-9d92-0a7594b4b14f,worker_2,coordinator_0,NET_TRANSFER,0.000100,0.158000,Signal Finished
2887240.442836,4001,07ce1970-d96c-4f79-9d92-0a7594b4b14f,coordinator_0,worker_3,NET_TRANSFER,8.111623,649.079876,Distribute Layer ID: dce1783f
2887240.494177,4001,07ce1970-d96c-4f79-9d92-0a7594b4b14f,worker_3,worker_3,MEM_MOVE,6.571587,0.051341,"Evict VRAM -> RAM [Model: 334a2444, Layer: 5011c118]"
2887240.557549,4001,07ce1970-d96c-4f79-9d92-0a7594b4b14f,worker_3,worker_3,DISK_LOAD,8.111623,0.063372,"Disk -> RAM [Model: 07ce1970, Layer: dce1783f]"
2887240.620921,4001,07ce1970-d96c-4f79-9d92-0a7594b4b14f,worker_3,worker_3,MEM_MOVE,8.111623,0.063372,"RAM -> VRAM [Model: 07ce1970, Layer: dce1783f]"
2887240.670921,4001,07ce1970-d96c-4f79-9d92-0a7594b4b14f,worker_3,worker_3,GPU_COMPUTE,0.050000,0.050000,GPU Compute
2887240.828921,4001,07ce1970-d96c-4f79-9d92-0a7594b4b14f,worker_3,coordinator_0,NET_TRANSFER,0.000100,0.158000,Signal Finished
2888353.725385,4001,07ce1970-d96c-4f79-9d92-0a7594b4b14f,coordinator_0,worker_4,NET_TRANSFER,13.909331,1112.896464,Distribute Layer ID: e7c36eef
2888353.799560,4001,07ce1970-d96c-4f79-9d92-0a7594b4b14f,worker_4,worker_4,MEM_MOVE,9.494395,0.074175,"Evict VRAM -> RAM [Model: 0b62db0f, Layer: 7627e30e]"
2888353.908227,4001,07ce1970-d96c-4f79-9d92-0a7594b4b14f,worker_4,worker_4,DISK_LOAD,13.909331,0.108667,"Disk -> RAM [Model: 07ce1970, Layer: e7c36eef]"
2888354.016893,4001,07ce1970-d96c-4f79-9d92-0a7594b4b14f,worker_4,worker_4,MEM_MOVE,13.909331,0.108667,"RAM -> VRAM [Model: 07ce1970, Layer: e7c36eef]"
2888354.066893,4001,07ce1970-d96c-4f79-9d92-0a7594b4b14f,worker_4,worker_4,GPU_COMPUTE,0.050000,0.050000,GPU Compute
2888354.224893,4001,07ce1970-d96c-4f79-9d92-0a7594b4b14f,worker_4,coordinator_0,NET_TRANSFER,0.000100,0.158000,Signal Finished
2888925.699063,4001,07ce1970-d96c-4f79-9d92-0a7594b4b14f,coordinator_0,worker_1,NET_TRANSFER,7.141552,571.474170,Distribute Layer ID: f1869e5d
2888925.781095,4001,07ce1970-d96c-4f79-9d92-0a7594b4b14f,worker_1,worker_1,MEM_MOVE,10.500063,0.082032,"Evict VRAM -> RAM [Model: 334a2444, Layer: c5a1c6e8]"
2888925.836888,4001,07ce1970-d96c-4f79-9d92-0a7594b4b14f,worker_1,worker_1,DISK_LOAD,7.141552,0.055793,"Disk -> RAM [Model: 07ce1970, Layer: f1869e5d]"
2888925.892682,4001,07ce1970-d96c-4f79-9d92-0a7594b4b14f,worker_1,worker_1,MEM_MOVE,7.141552,0.055793,"RAM -> VRAM [Model: 07ce1970, Layer: f1869e5d]"
2888925.942682,4001,07ce1970-d96c-4f79-9d92-0a7594b4b14f,worker_1,worker_1,GPU_COMPUTE,0.050000,0.050000,GPU Compute
2888926.100682,4001,07ce1970-d96c-4f79-9d92-0a7594b4b14f,worker_1,coordinator_0,NET_TRANSFER,0.000100,0.158000,Signal Finished
2889560.781262,4001,07ce1970-d96c-4f79-9d92-0a7594b4b14f,coordinator_0,worker_2,NET_TRANSFER,7.931632,634.680580,Distribute Layer ID: 5ea4c16b
2889560.837768,4001,07ce1970-d96c-4f79-9d92-0a7594b4b14f,worker_2,worker_2,MEM_MOVE,7.232786,0.056506,"Evict VRAM -> RAM [Model: 0b62db0f, Layer: 5d80ab27]"
2889560.899734,4001,07ce1970-d96c-4f79-9d92-0a7594b4b14f,worker_2,worker_2,DISK_LOAD,7.931632,0.061966,"Disk -> RAM [Model: 07ce1970, Layer: 5ea4c16b]"
2889560.961699,4001,07ce1970-d96c-4f79-9d92-0a7594b4b14f,worker_2,worker_2,MEM_MOVE,7.931632,0.061966,"RAM -> VRAM [Model: 07ce1970, Layer: 5ea4c16b]"
2889561.011699,4001,07ce1970-d96c-4f79-9d92-0a7594b4b14f,worker_2,worker_2,GPU_COMPUTE,0.050000,0.050000,GPU Compute
2889561.169699,4001,07ce1970-d96c-4f79-9d92-0a7594b4b14f,worker_2,coordinator_0,NET_TRANSFER,0.000100,0.158000,Signal Finished
2890484.021554,4001,07ce1970-d96c-4f79-9d92-0a7594b4b14f,coordinator_0,worker_3,NET_TRANSFER,11.533773,922.851854,Distribute Layer ID: 2ddc1d06
2890484.068383,4001,07ce1970-d96c-4f79-9d92-0a7594b4b14f,worker_3,worker_3,MEM_MOVE,5.994101,0.046829,"Evict VRAM -> RAM [Model: 334a2444, Layer: e6b08038]"
2890484.171993,4001,07ce1970-d96c-4f79-9d92-0a7594b4b14f,worker_3,worker_3,MEM_MOVE,13.262148,0.103611,"Evict VRAM -> RAM [Model: 334a2444, Layer: 34dd609b]"
2890484.262101,4001,07ce1970-d96c-4f79-9d92-0a7594b4b14f,worker_3,worker_3,DISK_LOAD,11.533773,0.090108,"Disk -> RAM [Model: 07ce1970, Layer: 2ddc1d06]"
2890484.352208,4001,07ce1970-d96c-4f79-9d92-0a7594b4b14f,worker_3,worker_3,MEM_MOVE,11.533773,0.090108,"RAM -> VRAM [Model: 07ce1970, Layer: 2ddc1d06]"
2890484.402208,4001,07ce1970-d96c-4f79-9d92-0a7594b4b14f,worker_3,worker_3,GPU_COMPUTE,0.050000,0.050000,GPU Compute
2890484.560208,4001,07ce1970-d96c-4f79-9d92-0a7594b4b14f,worker_3,coordinator_0,NET_TRANSFER,0.000100,0.158000,Signal Finished
2891194.053513,4001,07ce1970-d96c-4f79-9d92-0a7594b4b14f,coordinator_0,worker_4,NET_TRANSFER,8.866791,709.493305,Distribute Layer ID: 10a21afe
2891194.092514,4001,07ce1970-d96c-4f79-9d92-0a7594b4b14f,worker_4,worker_4,MEM_MOVE,4.992145,0.039001,"Evict VRAM -> RAM [Model: 0b62db0f, Layer: 64449683]"
2891194.161786,4001,07ce1970-d96c-4f79-9d92-0a7594b4b14f,worker_4,worker_4,DISK_LOAD,8.866791,0.069272,"Disk -> RAM [Model: 07ce1970, Layer: 10a21afe]"
2891194.231058,4001,07ce1970-d96c-4f79-9d92-0a7594b4b14f,worker_4,worker_4,MEM_MOVE,8.866791,0.069272,"RAM -> VRAM [Model: 07ce1970, Layer: 10a21afe]"
2891194.281058,4001,07ce1970-d96c-4f79-9d92-0a7594b4b14f,worker_4,worker_4,GPU_COMPUTE,0.050000,0.050000,GPU Compute
2891194.439058,4001,07ce1970-d96c-4f79-9d92-0a7594b4b14f,worker_4,coordinator_0,NET_TRANSFER,0.000100,0.158000,Signal Finished
2891784.380562,4001,07ce1970-d96c-4f79-9d92-0a7594b4b14f,coordinator_0,worker_1,NET_TRANSFER,7.372394,589.941505,Distribute Layer ID: aeb3eaca
2891784.444935,4001,07ce1970-d96c-4f79-9d92-0a7594b4b14f,worker_1,worker_1,MEM_MOVE,8.239722,0.064373,"Evict VRAM -> RAM [Model: 0b62db0f, Layer: 2ea555c9]"
2891784.502532,4001,07ce1970-d96c-4f79-9d92-0a7594b4b14f,worker_1,worker_1,DISK_LOAD,7.372394,0.057597,"Disk -> RAM [Model: 07ce1970, Layer: aeb3eaca]"
2891784.560129,4001,07ce1970-d96c-4f79-9d92-0a7594b4b14f,worker_1,worker_1,MEM_MOVE,7.372394,0.057597,"RAM -> VRAM [Model: 07ce1970, Layer: aeb3eaca]"
2891784.610129,4001,07ce1970-d96c-4f79-9d92-0a7594b4b14f,worker_1,worker_1,GPU_COMPUTE,0.050000,0.050000,GPU Compute
2891784.768129,4001,07ce1970-d96c-4f79-9d92-0a7594b4b14f,worker_1,coordinator_0,NET_TRANSFER,0.000100,0.158000,Signal Finished
2892954.936243,4001,07ce1970-d96c-4f79-9d92-0a7594b4b14f,coordinator_0,worker_2,NET_TRANSFER,14.625226,1170.168114,Distribute Layer ID: 556c4879
2892955.037028,4001,07ce1970-d96c-4f79-9d92-0a7594b4b14f,worker_2,worker_2,MEM_MOVE,12.900484,0.100785,"Evict VRAM -> RAM [Model: 0b62db0f, Layer: 40c90b49]"
2892955.151288,4001,07ce1970-d96c-4f79-9d92-0a7594b4b14f,worker_2,worker_2,DISK_LOAD,14.625226,0.114260,"Disk -> RAM [Model: 07ce1970, Layer: 556c4879]"
2892955.265547,4001,07ce1970-d96c-4f79-9d92-0a7594b4b14f,worker_2,worker_2,MEM_MOVE,14.625226,0.114260,"RAM -> VRAM [Model: 07ce1970, Layer: 556c4879]"
2892955.315547,4001,07ce1970-d96c-4f79-9d92-0a7594b4b14f,worker_2,worker_2,GPU_COMPUTE,0.050000,0.050000,GPU Compute
2892955.473547,4001,07ce1970-d96c-4f79-9d92-0a7594b4b14f,worker_2,coordinator_0,NET_TRANSFER,0.000100,0.158000,Signal Finished
2893994.648525,4001,07ce1970-d96c-4f79-9d92-0a7594b4b14f,coordinator_0,worker_3,NET_TRANSFER,12.987812,1039.174978,Distribute Layer ID: e0724ae6
2893994.747667,4001,07ce1970-d96c-4f79-9d92-0a7594b4b14f,worker_3,worker_3,MEM_MOVE,12.690154,0.099142,"Evict VRAM -> RAM [Model: 0b62db0f, Layer: 736d6c30]"
2893994.849134,4001,07ce1970-d96c-4f79-9d92-0a7594b4b14f,worker_3,worker_3,DISK_LOAD,12.987812,0.101467,"Disk -> RAM [Model: 07ce1970, Layer: e0724ae6]"
2893994.950602,4001,07ce1970-d96c-4f79-9d92-0a7594b4b14f,worker_3,worker_3,MEM_MOVE,12.987812,0.101467,"RAM -> VRAM [Model: 07ce1970, Layer: e0724ae6]"
2893995.000602,4001,07ce1970-d96c-4f79-9d92-0a7594b4b14f,worker_3,worker_3,GPU_COMPUTE,0.050000,0.050000,GPU Compute
2893995.158602,4001,07ce1970-d96c-4f79-9d92-0a7594b4b14f,worker_3,coordinator_0,NET_TRANSFER,0.000100,0.158000,Signal Finished
2894745.223022,4001,07ce1970-d96c-4f79-9d92-0a7594b4b14f,coordinator_0,worker_4,NET_TRANSFER,9.373930,750.064420,Distribute Layer ID: 44cad212
2894745.311514,4001,07ce1970-d96c-4f79-9d92-0a7594b4b14f,worker_4,worker_4,MEM_MOVE,11.327007,0.088492,"Evict VRAM -> RAM [Model: 0b62db0f, Layer: fa28f5bf]"
2894745.384748,4001,07ce1970-d96c-4f79-9d92-0a7594b4b14f,worker_4,worker_4,DISK_LOAD,9.373930,0.073234,"Disk -> RAM [Model: 07ce1970, Layer: 44cad212]"
2894745.457982,4001,07ce1970-d96c-4f79-9d92-0a7594b4b14f,worker_4,worker_4,MEM_MOVE,9.373930,0.073234,"RAM -> VRAM [Model: 07ce1970, Layer: 44cad212]"
2894745.507982,4001,07ce1970-d96c-4f79-9d92-0a7594b4b14f,worker_4,worker_4,GPU_COMPUTE,0.050000,0.050000,GPU Compute
2894745.665982,4001,07ce1970-d96c-4f79-9d92-0a7594b4b14f,worker_4,coordinator_0,NET_TRANSFER,0.000100,0.158000,Signal Finished
2895806.203448,4001,07ce1970-d96c-4f79-9d92-0a7594b4b14f,coordinator_0,worker_1,NET_TRANSFER,13.254843,1060.537467,Distribute Layer ID: 59c61451
2895806.296643,4001,07ce1970-d96c-4f79-9d92-0a7594b4b14f,worker_1,worker_1,MEM_MOVE,11.928931,0.093195,"Evict VRAM -> RAM [Model: 0b62db0f, Layer: e95a1ce5]"
2895806.454643,6009,e9ab481a-f9bf-42a7-921f-45125b9da313,client_6,coordinator_0,NET_TRANSFER,0.000100,0.158000,Request Model ID
2895806.612643,10010,c058df17-9e88-4847-baf4-6e2c889e8d4d,client_10,coordinator_0,NET_TRANSFER,0.000100,0.158000,Request Model ID
2895806.770643,10010,08212f61-6e5c-492e-829d-335e87744563,client_10,coordinator_0,NET_TRANSFER,0.000100,0.158000,Request Model ID
2895806.928643,1010,9242bfae-2680-474f-abd2-115e84f6b68c,client_1,coordinator_0,NET_TRANSFER,0.000100,0.158000,Request Model ID
2895807.086643,1010,46d61b26-e813-4c81-9e06-f5172b67e1af,client_1,coordinator_0,NET_TRANSFER,0.000100,0.158000,Request Model ID
2895807.244643,9012,b2805f95-7fad-4a43-bf85-66ce3781b818,client_9,coordinator_0,NET_TRANSFER,0.000100,0.158000,Request Model ID
2895807.402643,9012,683e1def-e889-4ef7-a89d-272f6bad72d3,client_9,coordinator_0,NET_TRANSFER,0.000100,0.158000,Request Model ID
2895807.506197,4001,07ce1970-d96c-4f79-9d92-0a7594b4b14f,worker_1,worker_1,DISK_LOAD,13.254843,0.103553,"Disk -> RAM [Model: 07ce1970, Layer: 59c61451]"
2895807.609750,4001,07ce1970-d96c-4f79-9d92-0a7594b4b14f,worker_1,worker_1,MEM_MOVE,13.254843,0.103553,"RAM -> VRAM [Model: 07ce1970, Layer: 59c61451]"
2895807.659750,4001,07ce1970-d96c-4f79-9d92-0a7594b4b14f,worker_1,worker_1,GPU_COMPUTE,0.050000,0.050000,GPU Compute
2895807.817750,4001,07ce1970-d96c-4f79-9d92-0a7594b4b14f,worker_1,coordinator_0,NET_TRANSFER,0.000100,0.158000,Signal Finished
2896655.682501,4001,07ce1970-d96c-4f79-9d92-0a7594b4b14f,coordinator_0,worker_2,NET_TRANSFER,10.596434,847.864751,Distribute Layer ID: 23261861
2896655.758801,4001,07ce1970-d96c-4f79-9d92-0a7594b4b14f,worker_2,worker_2,MEM_MOVE,9.766420,0.076300,"Evict VRAM -> RAM [Model: 0b62db0f, Layer: c172ad6c]"
2896655.841586,4001,07ce1970-d96c-4f79-9d92-0a7594b4b14f,worker_2,worker_2,DISK_LOAD,10.596434,0.082785,"Disk -> RAM [Model: 07ce1970, Layer: 23261861]"
2896655.924370,4001,07ce1970-d96c-4f79-9d92-0a7594b4b14f,worker_2,worker_2,MEM_MOVE,10.596434,0.082785,"RAM -> VRAM [Model: 07ce1970, Layer: 23261861]"
2896655.974370,4001,07ce1970-d96c-4f79-9d92-0a7594b4b14f,worker_2,worker_2,GPU_COMPUTE,0.050000,0.050000,GPU Compute
2896656.132370,4001,07ce1970-d96c-4f79-9d92-0a7594b4b14f,worker_2,coordinator_0,NET_TRANSFER,0.000100,0.158000,Signal Finished
2897162.844362,4001,07ce1970-d96c-4f79-9d92-0a7594b4b14f,coordinator_0,worker_3,NET_TRANSFER,6.332025,506.711991,Distribute Layer ID: 2551b24a
2897162.893831,4001,07ce1970-d96c-4f79-9d92-0a7594b4b14f,worker_3,worker_3,DISK_LOAD,6.332025,0.049469,"Disk -> RAM [Model: 07ce1970, Layer: 2551b24a]"
2897162.943300,4001,07ce1970-d96c-4f79-9d92-0a7594b4b14f,worker_3,worker_3,MEM_MOVE,6.332025,0.049469,"RAM -> VRAM [Model: 07ce1970, Layer: 2551b24a]"
2897162.993300,4001,07ce1970-d96c-4f79-9d92-0a7594b4b14f,worker_3,worker_3,GPU_COMPUTE,0.050000,0.050000,GPU Compute
2897163.151300,4001,07ce1970-d96c-4f79-9d92-0a7594b4b14f,worker_3,coordinator_0,NET_TRANSFER,0.000100,0.158000,Signal Finished
2897689.690642,4001,07ce1970-d96c-4f79-9d92-0a7594b4b14f,coordinator_0,worker_4,NET_TRANSFER,6.579867,526.539342,Distribute Layer ID: 8b0bc279
2897689.788637,4001,07ce1970-d96c-4f79-9d92-0a7594b4b14f,worker_4,worker_4,MEM_MOVE,12.543400,0.097995,"Evict VRAM -> RAM [Model: 0b62db0f, Layer: 93e21ce0]"
2897689.840043,4001,07ce1970-d96c-4f79-9d92-0a7594b4b14f,worker_4,worker_4,DISK_LOAD,6.579867,0.051405,"Disk -> RAM [Model: 07ce1970, Layer: 8b0bc279]"
2897689.891448,4001,07ce1970-d96c-4f79-9d92-0a7594b4b14f,worker_4,worker_4,MEM_MOVE,6.579867,0.051405,"RAM -> VRAM [Model: 07ce1970, Layer: 8b0bc279]"
2897689.941448,4001,07ce1970-d96c-4f79-9d92-0a7594b4b14f,worker_4,worker_4,GPU_COMPUTE,0.050000,0.050000,GPU Compute
2897690.099448,4001,07ce1970-d96c-4f79-9d92-0a7594b4b14f,worker_4,coordinator_0,NET_TRANSFER,0.000100,0.158000,Signal Finished
2898457.290601,4001,07ce1970-d96c-4f79-9d92-0a7594b4b14f,coordinator_0,worker_1,NET_TRANSFER,9.588014,767.191153,Distribute Layer ID: 9198b7f7
2898457.404710,4001,07ce1970-d96c-4f79-9d92-0a7594b4b14f,worker_1,worker_1,MEM_MOVE,14.605960,0.114109,"Evict VRAM -> RAM [Model: 0b62db0f, Layer: 5dbb0a8a]"
2898457.479616,4001,07ce1970-d96c-4f79-9d92-0a7594b4b14f,worker_1,worker_1,DISK_LOAD,9.588014,0.074906,"Disk -> RAM [Model: 07ce1970, Layer: 9198b7f7]"
2898457.554522,4001,07ce1970-d96c-4f79-9d92-0a7594b4b14f,worker_1,worker_1,MEM_MOVE,9.588014,0.074906,"RAM -> VRAM [Model: 07ce1970, Layer: 9198b7f7]"
2898457.604522,4001,07ce1970-d96c-4f79-9d92-0a7594b4b14f,worker_1,worker_1,GPU_COMPUTE,0.050000,0.050000,GPU Compute
2898457.762522,4001,07ce1970-d96c-4f79-9d92-0a7594b4b14f,worker_1,coordinator_0,NET_TRANSFER,0.000100,0.158000,Signal Finished
2898953.324269,4001,07ce1970-d96c-4f79-9d92-0a7594b4b14f,coordinator_0,worker_2,NET_TRANSFER,6.192647,495.561747,Distribute Layer ID: bf635b08
2898953.411936,4001,07ce1970-d96c-4f79-9d92-0a7594b4b14f,worker_2,worker_2,MEM_MOVE,11.221267,0.087666,"Evict VRAM -> RAM [Model: 0b62db0f, Layer: 25e5c0f6]"
2898953.460316,4001,07ce1970-d96c-4f79-9d92-0a7594b4b14f,worker_2,worker_2,DISK_LOAD,6.192647,0.048380,"Disk -> RAM [Model: 07ce1970, Layer: bf635b08]"
2898953.508696,4001,07ce1970-d96c-4f79-9d92-0a7594b4b14f,worker_2,worker_2,MEM_MOVE,6.192647,0.048380,"RAM -> VRAM [Model: 07ce1970, Layer: bf635b08]"
2898953.558696,4001,07ce1970-d96c-4f79-9d92-0a7594b4b14f,worker_2,worker_2,GPU_COMPUTE,0.050000,0.050000,GPU Compute
2898953.716696,4001,07ce1970-d96c-4f79-9d92-0a7594b4b14f,worker_2,coordinator_0,NET_TRANSFER,0.000100,0.158000,Signal Finished
2899826.897500,4001,07ce1970-d96c-4f79-9d92-0a7594b4b14f,coordinator_0,worker_3,NET_TRANSFER,10.912885,873.180804,Distribute Layer ID: 7427eef6
2899826.935902,4001,07ce1970-d96c-4f79-9d92-0a7594b4b14f,worker_3,worker_3,MEM_MOVE,4.915467,0.038402,"Evict VRAM -> RAM [Model: 0b62db0f, Layer: 50e71976]"
2899826.983334,4001,07ce1970-d96c-4f79-9d92-0a7594b4b14f,worker_3,worker_3,MEM_MOVE,6.071309,0.047432,"Evict VRAM -> RAM [Model: 0b62db0f, Layer: 757142cd]"
2899827.068591,4001,07ce1970-d96c-4f79-9d92-0a7594b4b14f,worker_3,worker_3,DISK_LOAD,10.912885,0.085257,"Disk -> RAM [Model: 07ce1970, Layer: 7427eef6]"
2899827.153848,4001,07ce1970-d96c-4f79-9d92-0a7594b4b14f,worker_3,worker_3,MEM_MOVE,10.912885,0.085257,"RAM -> VRAM [Model: 07ce1970, Layer: 7427eef6]"
2899827.203848,4001,07ce1970-d96c-4f79-9d92-0a7594b4b14f,worker_3,worker_3,GPU_COMPUTE,0.050000,0.050000,GPU Compute
2899827.361848,4001,07ce1970-d96c-4f79-9d92-0a7594b4b14f,worker_3,coordinator_0,NET_TRANSFER,0.000100,0.158000,Signal Finished
2900670.430838,4001,07ce1970-d96c-4f79-9d92-0a7594b4b14f,coordinator_0,worker_4,NET_TRANSFER,10.536487,843.068991,Distribute Layer ID: 804c26fb
2900670.538711,4001,07ce1970-d96c-4f79-9d92-0a7594b4b14f,worker_4,worker_4,MEM_MOVE,13.807665,0.107872,"Evict VRAM -> RAM [Model: 0b62db0f, Layer: 1621a7e1]"
2900670.621027,4001,07ce1970-d96c-4f79-9d92-0a7594b4b14f,worker_4,worker_4,DISK_LOAD,10.536487,0.082316,"Disk -> RAM [Model: 07ce1970, Layer: 804c26fb]"
2900670.703343,4001,07ce1970-d96c-4f79-9d92-0a7594b4b14f,worker_4,worker_4,MEM_MOVE,10.536487,0.082316,"RAM -> VRAM [Model: 07ce1970, Layer: 804c26fb]"
2900670.753343,4001,07ce1970-d96c-4f79-9d92-0a7594b4b14f,worker_4,worker_4,GPU_COMPUTE,0.050000,0.050000,GPU Compute
2900670.911343,4001,07ce1970-d96c-4f79-9d92-0a7594b4b14f,worker_4,coordinator_0,NET_TRANSFER,0.000100,0.158000,Signal Finished
2901305.633271,4001,07ce1970-d96c-4f79-9d92-0a7594b4b14f,coordinator_0,worker_1,NET_TRANSFER,7.932149,634.721927,Distribute Layer ID: 90f24ebb
2901305.695240,4001,07ce1970-d96c-4f79-9d92-0a7594b4b14f,worker_1,worker_1,DISK_LOAD,7.932149,0.061970,"Disk -> RAM [Model: 07ce1970, Layer: 90f24ebb]"
2901305.757210,4001,07ce1970-d96c-4f79-9d92-0a7594b4b14f,worker_1,worker_1,MEM_MOVE,7.932149,0.061970,"RAM -> VRAM [Model: 07ce1970, Layer: 90f24ebb]"
2901305.807210,4001,07ce1970-d96c-4f79-9d92-0a7594b4b14f,worker_1,worker_1,GPU_COMPUTE,0.050000,0.050000,GPU Compute
2901305.965210,4001,07ce1970-d96c-4f79-9d92-0a7594b4b14f,worker_1,coordinator_0,NET_TRANSFER,0.000100,0.158000,Signal Finished
2901736.204882,4001,07ce1970-d96c-4f79-9d92-0a7594b4b14f,coordinator_0,worker_2,NET_TRANSFER,5.376121,430.239672,Distribute Layer ID: c8866894
2901736.362882,9012,b42ec4c0-5247-4b28-9ada-769c5bad77e7,client_9,coordinator_0,NET_TRANSFER,0.000100,0.158000,Request Model ID
2901736.520882,9013,334a2444-41d5-4755-9f47-d94f7c2a58be,client_9,coordinator_0,NET_TRANSFER,0.000100,0.158000,Request Model ID
2901736.678882,6009,c058df17-9e88-4847-baf4-6e2c889e8d4d,client_6,coordinator_0,NET_TRANSFER,0.000100,0.158000,Request Model ID
2901736.836882,6009,0b62db0f-8759-4a61-a5b0-a086b4b62b3b,client_6,coordinator_0,NET_TRANSFER,0.000100,0.158000,Request Model ID
2901736.994882,6009,3ab1386f-b0dd-491c-9007-5d1dc11f90a8,client_6,coordinator_0,NET_TRANSFER,0.000100,0.158000,Request Model ID
2901737.152882,3011,8aef3716-bc1e-4593-80d6-06b013ada169,client_3,coordinator_0,NET_TRANSFER,0.000100,0.158000,Request Model ID
2901737.310882,3011,c058df17-9e88-4847-baf4-6e2c889e8d4d,client_3,coordinator_0,NET_TRANSFER,0.000100,0.158000,Request Model ID
2901737.468882,5013,d36a8feb-f69f-4ca5-8d20-dbd41cfd8e0d,client_5,coordinator_0,NET_TRANSFER,0.000100,0.158000,Request Model ID
2901737.626882,7009,d36a8feb-f69f-4ca5-8d20-dbd41cfd8e0d,client_7,coordinator_0,NET_TRANSFER,0.000100,0.158000,Request Model ID
2901737.784882,7008,9242bfae-2680-474f-abd2-115e84f6b68c,client_7,coordinator_0,NET_TRANSFER,0.000100,0.158000,Request Model ID
2901737.942882,7008,9c81d38f-4803-4d2e-95b8-696113bfef4f,client_7,coordinator_0,NET_TRANSFER,0.000100,0.158000,Request Model ID
2901738.100882,5012,9880cbcf-8e6d-4dda-81c9-85768d11ec44,client_5,coordinator_0,NET_TRANSFER,0.000100,0.158000,Request Model ID
2901738.258882,3012,46d61b26-e813-4c81-9e06-f5172b67e1af,client_3,coordinator_0,NET_TRANSFER,0.000100,0.158000,Request Model ID
2901738.416882,3012,d4b394b0-887b-4ade-b884-6c80c8a7daf2,client_3,coordinator_0,NET_TRANSFER,0.000100,0.158000,Request Model ID
2901738.574882,3012,0c0edddb-db74-420e-be90-7edecacd0b9f,client_3,coordinator_0,NET_TRANSFER,0.000100,0.158000,Request Model ID
2901738.732882,3012,7f9a238b-9bd4-4b7f-8ef2-4365f6c2f382,client_3,coordinator_0,NET_TRANSFER,0.000100,0.158000,Request Model ID
2901738.890882,5012,4cabb90d-8b50-47da-b9ae-45ffa75dabc9,client_5,coordinator_0,NET_TRANSFER,0.000100,0.158000,Request Model ID
2901739.048882,7009,0c0edddb-db74-420e-be90-7edecacd0b9f,client_7,coordinator_0,NET_TRANSFER,0.000100,0.158000,Request Model ID
2901739.206882,10011,a886fc6a-5258-4d93-a875-f3db69b17d98,client_10,coordinator_0,NET_TRANSFER,0.000100,0.158000,Request Model ID
2901739.364882,4009,683e1def-e889-4ef7-a89d-272f6bad72d3,client_4,coordinator_0,NET_TRANSFER,0.000100,0.158000,Request Model ID
2901739.522882,2008,44c74542-198d-4b82-96c7-01f6a8e6ad94,client_2,coordinator_0,NET_TRANSFER,0.000100,0.158000,Request Model ID
2901739.680882,4009,c058df17-9e88-4847-baf4-6e2c889e8d4d,client_4,coordinator_0,NET_TRANSFER,0.000100,0.158000,Request Model ID
2901739.722883,4001,07ce1970-d96c-4f79-9d92-0a7594b4b14f,worker_2,worker_2,DISK_LOAD,5.376121,0.042001,"Disk -> RAM [Model: 07ce1970, Layer: c8866894]"
2901739.764884,4001,07ce1970-d96c-4f79-9d92-0a7594b4b14f,worker_2,worker_2,MEM_MOVE,5.376121,0.042001,"RAM -> VRAM [Model: 07ce1970, Layer: c8866894]"
2901739.814884,4001,07ce1970-d96c-4f79-9d92-0a7594b4b14f,worker_2,worker_2,GPU_COMPUTE,0.050000,0.050000,GPU Compute
2901739.972884,4001,07ce1970-d96c-4f79-9d92-0a7594b4b14f,worker_2,coordinator_0,NET_TRANSFER,0.000100,0.158000,Signal Finished
2902229.338634,4001,07ce1970-d96c-4f79-9d92-0a7594b4b14f,coordinator_0,worker_3,NET_TRANSFER,6.115197,489.365750,Distribute Layer ID: 15b1e8e9
2902229.496634,1011,a886fc6a-5258-4d93-a875-f3db69b17d98,client_1,coordinator_0,NET_TRANSFER,0.000100,0.158000,Request Model ID
2902229.654634,10011,07a8404e-b389-42f4-9eba-f552b8fcd4a4,client_10,coordinator_0,NET_TRANSFER,0.000100,0.158000,Request Model ID
2902229.812634,1011,c058df17-9e88-4847-baf4-6e2c889e8d4d,client_1,coordinator_0,NET_TRANSFER,0.000100,0.158000,Request Model ID
2902229.970634,10011,9880cbcf-8e6d-4dda-81c9-85768d11ec44,client_10,coordinator_0,NET_TRANSFER,0.000100,0.158000,Request Model ID
2902230.128634,10011,d36a8feb-f69f-4ca5-8d20-dbd41cfd8e0d,client_10,coordinator_0,NET_TRANSFER,0.000100,0.158000,Request Model ID
2902230.286634,6010,9e011bb9-a656-4e6c-9aeb-59dca6bd1381,client_6,coordinator_0,NET_TRANSFER,0.000100,0.158000,Request Model ID
2902230.444634,6010,08212f61-6e5c-492e-829d-335e87744563,client_6,coordinator_0,NET_TRANSFER,0.000100,0.158000,Request Model ID
2902230.602634,8009,b2805f95-7fad-4a43-bf85-66ce3781b818,client_8,coordinator_0,NET_TRANSFER,0.000100,0.158000,Request Model ID
2902230.760634,8009,07a8404e-b389-42f4-9eba-f552b8fcd4a4,client_8,coordinator_0,NET_TRANSFER,0.000100,0.158000,Request Model ID
2902230.918634,9013,334a2444-41d5-4755-9f47-d94f7c2a58be,client_9,coordinator_0,NET_TRANSFER,0.000100,0.158000,Request Model ID
2902231.076634,2008,a49da1e7-b111-437b-af06-345a844891b3,client_2,coordinator_0,NET_TRANSFER,0.000100,0.158000,Request Model ID
2902231.234634,4009,07a8404e-b389-42f4-9eba-f552b8fcd4a4,client_4,coordinator_0,NET_TRANSFER,0.000100,0.158000,Request Model ID
2902231.392634,2008,44c74542-198d-4b82-96c7-01f6a8e6ad94,client_2,coordinator_0,NET_TRANSFER,0.000100,0.158000,Request Model ID
2902231.550634,9013,f2f09d33-bafc-49ed-86c5-3675f4f61af7,client_9,coordinator_0,NET_TRANSFER,0.000100,0.158000,Request Model ID
2902231.708634,8009,3ab1386f-b0dd-491c-9007-5d1dc11f90a8,client_8,coordinator_0,NET_TRANSFER,0.000100,0.158000,Request Model ID
2902231.866634,5013,d4b394b0-887b-4ade-b884-6c80c8a7daf2,client_5,coordinator_0,NET_TRANSFER,0.000100,0.158000,Request Model ID
2902232.024634,5013,d36a8feb-f69f-4ca5-8d20-dbd41cfd8e0d,client_5,coordinator_0,NET_TRANSFER,0.000100,0.158000,Request Model ID
2902232.182634,1011,91008a79-010a-4e7f-82a9-d93d175b8acb,client_1,coordinator_0,NET_TRANSFER,0.000100,0.158000,Request Model ID
2902232.340634,1011,66483bae-9631-4d83-9c15-5f9509dbf81e,client_1,coordinator_0,NET_TRANSFER,0.000100,0.158000,Request Model ID
2902232.498634,9014,0c0edddb-db74-420e-be90-7edecacd0b9f,client_9,coordinator_0,NET_TRANSFER,0.000100,0.158000,Request Model ID
2902232.656634,5014,c058df17-9e88-4847-baf4-6e2c889e8d4d,client_5,coordinator_0,NET_TRANSFER,0.000100,0.158000,Request Model ID
2902232.814634,6011,07ce1970-d96c-4f79-9d92-0a7594b4b14f,client_6,coordinator_0,NET_TRANSFER,0.000100,0.158000,Request Model ID
2902232.972634,9014,c058df17-9e88-4847-baf4-6e2c889e8d4d,client_9,coordinator_0,NET_TRANSFER,0.000100,0.158000,Request Model ID
2902233.130634,8010,07ce1970-d96c-4f79-9d92-0a7594b4b14f,client_8,coordinator_0,NET_TRANSFER,0.000100,0.158000,Request Model ID
2902233.288634,10012,9e011bb9-a656-4e6c-9aeb-59dca6bd1381,client_10,coordinator_0,NET_TRANSFER,0.000100,0.158000,Request Model ID
2902233.446634,1012,d4b394b0-887b-4ade-b884-6c80c8a7daf2,client_1,coordinator_0,NET_TRANSFER,0.000100,0.158000,Request Model ID
2902233.604634,3013,44c74542-198d-4b82-96c7-01f6a8e6ad94,client_3,coordinator_0,NET_TRANSFER,0.000100,0.158000,Request Model ID
2902233.762634,9014,3ab1386f-b0dd-491c-9007-5d1dc11f90a8,client_9,coordinator_0,NET_TRANSFER,0.000100,0.158000,Request Model ID
2902233.920634,9014,f2f09d33-bafc-49ed-86c5-3675f4f61af7,client_9,coordinator_0,NET_TRANSFER,0.000100,0.158000,Request Model ID
2902234.078634,7010,c058df17-9e88-4847-baf4-6e2c889e8d4d,client_7,coordinator_0,NET_TRANSFER,0.000100,0.158000,Request Model ID
2902234.236634,3014,9e011bb9-a656-4e6c-9aeb-59dca6bd1381,client_3,coordinator_0,NET_TRANSFER,0.000100,0.158000,Request Model ID
2902234.394634,3013,5a4ddec2-471a-4cc9-bcfc-1c998571a64c,client_3,coordinator_0,NET_TRANSFER,0.000100,0.158000,Request Model ID
2902234.552634,7010,0c0edddb-db74-420e-be90-7edecacd0b9f,client_7,coordinator_0,NET_TRANSFER,0.000100,0.158000,Request Model ID
2902234.710634,7010,d2580a08-9925-4b14-a0ae-fbd2e806d529,client_7,coordinator_0,NET_TRANSFER,0.000100,0.158000,Request Model ID
2902234.868634,7010,d4b394b0-887b-4ade-b884-6c80c8a7daf2,client_7,coordinator_0,NET_TRANSFER,0.000100,0.158000,Request Model ID
2902235.026634,2009,e8282f9d-ace8-4cdf-b62c-3d9f466a71e1,client_2,coordinator_0,NET_TRANSFER,0.000100,0.158000,Request Model ID
2902235.184634,5014,66483bae-9631-4d83-9c15-5f9509dbf81e,client_5,coordinator_0,NET_TRANSFER,0.000100,0.158000,Request Model ID
2902235.342634,5014,b23b9bcf-15a7-4d4a-87b3-f049d0b0b838,client_5,coordinator_0,NET_TRANSFER,0.000100,0.158000,Request Model ID
2902235.500634,1012,91008a79-010a-4e7f-82a9-d93d175b8acb,client_1,coordinator_0,NET_TRANSFER,0.000100,0.158000,Request Model ID
2902235.658634,6011,c058df17-9e88-4847-baf4-6e2c889e8d4d,client_6,coordinator_0,NET_TRANSFER,0.000100,0.158000,Request Model ID
2902235.816634,6011,aa22d19d-3e5e-45b7-9cc1-445a00070bb6,client_6,coordinator_0,NET_TRANSFER,0.000100,0.158000,Request Model ID
2902235.974634,8010,b23b9bcf-15a7-4d4a-87b3-f049d0b0b838,client_8,coordinator_0,NET_TRANSFER,0.000100,0.158000,Request Model ID
2902236.132634,8010,3ab1386f-b0dd-491c-9007-5d1dc11f90a8,client_8,coordinator_0,NET_TRANSFER,0.000100,0.158000,Request Model ID
2902236.290634,8010,683e1def-e889-4ef7-a89d-272f6bad72d3,client_8,coordinator_0,NET_TRANSFER,0.000100,0.158000,Request Model ID
2902236.448634,10012,d039aa0d-a9b0-41b0-9698-e239ca19fdf4,client_10,coordinator_0,NET_TRANSFER,0.000100,0.158000,Request Model ID
2902236.606634,10012,aa22d19d-3e5e-45b7-9cc1-445a00070bb6,client_10,coordinator_0,NET_TRANSFER,0.000100,0.158000,Request Model ID
2902236.764634,10012,91008a79-010a-4e7f-82a9-d93d175b8acb,client_10,coordinator_0,NET_TRANSFER,0.000100,0.158000,Request Model ID
2902236.922634,2010,a886fc6a-5258-4d93-a875-f3db69b17d98,client_2,coordinator_0,NET_TRANSFER,0.000100,0.158000,Request Model ID
2902237.080634,4010,96bede22-9bcb-4b40-a1c3-153cbb84714c,client_4,coordinator_0,NET_TRANSFER,0.000100,0.158000,Request Model ID
2902237.238634,2009,c058df17-9e88-4847-baf4-6e2c889e8d4d,client_2,coordinator_0,NET_TRANSFER,0.000100,0.158000,Request Model ID
2902237.396634,5015,e9ab481a-f9bf-42a7-921f-45125b9da313,client_5,coordinator_0,NET_TRANSFER,0.000100,0.158000,Request Model ID
2902237.554634,5015,b23b9bcf-15a7-4d4a-87b3-f049d0b0b838,client_5,coordinator_0,NET_TRANSFER,0.000100,0.158000,Request Model ID
2902237.712634,5015,d2580a08-9925-4b14-a0ae-fbd2e806d529,client_5,coordinator_0,NET_TRANSFER,0.000100,0.158000,Request Model ID
2902237.870634,1012,bdd36ae2-6ffc-42e7-b48e-12b94d23dc1c,client_1,coordinator_0,NET_TRANSFER,0.000100,0.158000,Request Model ID
2902238.028634,1012,e9ab481a-f9bf-42a7-921f-45125b9da313,client_1,coordinator_0,NET_TRANSFER,0.000100,0.158000,Request Model ID
2902238.186634,3014,9c81d38f-4803-4d2e-95b8-696113bfef4f,client_3,coordinator_0,NET_TRANSFER,0.000100,0.158000,Request Model ID
2902238.344634,3014,b2805f95-7fad-4a43-bf85-66ce3781b818,client_3,coordinator_0,NET_TRANSFER,0.000100,0.158000,Request Model ID
2902238.502634,3014,9880cbcf-8e6d-4dda-81c9-85768d11ec44,client_3,coordinator_0,NET_TRANSFER,0.000100,0.158000,Request Model ID
2902238.660634,9015,0c0edddb-db74-420e-be90-7edecacd0b9f,client_9,coordinator_0,NET_TRANSFER,0.000100,0.158000,Request Model ID
2902238.818634,9015,46d61b26-e813-4c81-9e06-f5172b67e1af,client_9,coordinator_0,NET_TRANSFER,0.000100,0.158000,Request Model ID
2902238.976634,6012,9e011bb9-a656-4e6c-9aeb-59dca6bd1381,client_6,coordinator_0,NET_TRANSFER,0.000100,0.158000,Request Model ID
2902239.134634,1013,3ab1386f-b0dd-491c-9007-5d1dc11f90a8,client_1,coordinator_0,NET_TRANSFER,0.000100,0.158000,Request Model ID
2902239.292634,9016,c058df17-9e88-4847-baf4-6e2c889e8d4d,client_9,coordinator_0,NET_TRANSFER,0.000100,0.158000,Request Model ID
2902239.450634,9016,7f9a238b-9bd4-4b7f-8ef2-4365f6c2f382,client_9,coordinator_0,NET_TRANSFER,0.000100,0.158000,Request Model ID
2902239.608634,9016,9242bfae-2680-474f-abd2-115e84f6b68c,client_9,coordinator_0,NET_TRANSFER,0.000100,0.158000,Request Model ID
2902239.766634,9016,44c74542-198d-4b82-96c7-01f6a8e6ad94,client_9,coordinator_0,NET_TRANSFER,0.000100,0.158000,Request Model ID
2902239.924634,9015,44c74542-198d-4b82-96c7-01f6a8e6ad94,client_9,coordinator_0,NET_TRANSFER,0.000100,0.158000,Request Model ID
2902240.082634,6012,44c74542-198d-4b82-96c7-01f6a8e6ad94,client_6,coordinator_0,NET_TRANSFER,0.000100,0.158000,Request Model ID
2902240.240634,1013,c058df17-9e88-4847-baf4-6e2c889e8d4d,client_1,coordinator_0,NET_TRANSFER,0.000100,0.158000,Request Model ID
2902240.398634,1013,8488e8d8-c18c-49f8-8dc7-968d33f40119,client_1,coordinator_0,NET_TRANSFER,0.000100,0.158000,Request Model ID
2902240.556634,1013,66483bae-9631-4d83-9c15-5f9509dbf81e,client_1,coordinator_0,NET_TRANSFER,0.000100,0.158000,Request Model ID
2902240.714634,4010,c058df17-9e88-4847-baf4-6e2c889e8d4d,client_4,coordinator_0,NET_TRANSFER,0.000100,0.158000,Request Model ID
2902240.872634,2010,9880cbcf-8e6d-4dda-81c9-85768d11ec44,client_2,coordinator_0,NET_TRANSFER,0.000100,0.158000,Request Model ID
2902241.030634,3015,a49da1e7-b111-437b-af06-345a844891b3,client_3,coordinator_0,NET_TRANSFER,0.000100,0.158000,Request Model ID
2902241.188634,3015,07ce1970-d96c-4f79-9d92-0a7594b4b14f,client_3,coordinator_0,NET_TRANSFER,0.000100,0.158000,Request Model ID
2902241.346634,3015,c058df17-9e88-4847-baf4-6e2c889e8d4d,client_3,coordinator_0,NET_TRANSFER,0.000100,0.158000,Request Model ID
2902241.504634,10013,aa22d19d-3e5e-45b7-9cc1-445a00070bb6,client_10,coordinator_0,NET_TRANSFER,0.000100,0.158000,Request Model ID
2902241.662634,5016,b42ec4c0-5247-4b28-9ada-769c5bad77e7,client_5,coordinator_0,NET_TRANSFER,0.000100,0.158000,Request Model ID
2902241.820634,1014,aa22d19d-3e5e-45b7-9cc1-445a00070bb6,client_1,coordinator_0,NET_TRANSFER,0.000100,0.158000,Request Model ID
2902241.978634,4011,96bede22-9bcb-4b40-a1c3-153cbb84714c,client_4,coordinator_0,NET_TRANSFER,0.000100,0.158000,Request Model ID
2902242.136634,2011,d4b394b0-887b-4ade-b884-6c80c8a7daf2,client_2,coordinator_0,NET_TRANSFER,0.000100,0.158000,Request Model ID
2902242.294634,4011,b42ec4c0-5247-4b28-9ada-769c5bad77e7,client_4,coordinator_0,NET_TRANSFER,0.000100,0.158000,Request Model ID
2902242.452634,10014,b42ec4c0-5247-4b28-9ada-769c5bad77e7,client_10,coordinator_0,NET_TRANSFER,0.000100,0.158000,Request Model ID
2902242.610634,7011,7f9a238b-9bd4-4b7f-8ef2-4365f6c2f382,client_7,coordinator_0,NET_TRANSFER,0.000100,0.158000,Request Model ID
2902242.768634,8011,4cabb90d-8b50-47da-b9ae-45ffa75dabc9,client_8,coordinator_0,NET_TRANSFER,0.000100,0.158000,Request Model ID
2902242.926634,10013,334a2444-41d5-4755-9f47-d94f7c2a58be,client_10,coordinator_0,NET_TRANSFER,0.000100,0.158000,Request Model ID
2902243.084634,5016,b2805f95-7fad-4a43-bf85-66ce3781b818,client_5,coordinator_0,NET_TRANSFER,0.000100,0.158000,Request Model ID
2902243.242634,2011,d4b394b0-887b-4ade-b884-6c80c8a7daf2,client_2,coordinator_0,NET_TRANSFER,0.000100,0.158000,Request Model ID
2902243.400634,3015,d4b394b0-887b-4ade-b884-6c80c8a7daf2,client_3,coordinator_0,NET_TRANSFER,0.000100,0.158000,Request Model ID
2902243.558634,3016,8488e8d8-c18c-49f8-8dc7-968d33f40119,client_3,coordinator_0,NET_TRANSFER,0.000100,0.158000,Request Model ID
2902243.716634,4011,0c0edddb-db74-420e-be90-7edecacd0b9f,client_4,coordinator_0,NET_TRANSFER,0.000100,0.158000,Request Model ID
2902243.874634,10015,96bede22-9bcb-4b40-a1c3-153cbb84714c,client_10,coordinator_0,NET_TRANSFER,0.000100,0.158000,Request Model ID
2902244.032634,10014,b23b9bcf-15a7-4d4a-87b3-f049d0b0b838,client_10,coordinator_0,NET_TRANSFER,0.000100,0.158000,Request Model ID
2902244.190634,7012,0b62db0f-8759-4a61-a5b0-a086b4b62b3b,client_7,coordinator_0,NET_TRANSFER,0.000100,0.158000,Request Model ID
2902244.348634,10014,b2805f95-7fad-4a43-bf85-66ce3781b818,client_10,coordinator_0,NET_TRANSFER,0.000100,0.158000,Request Model ID
2902244.506634,7011,c058df17-9e88-4847-baf4-6e2c889e8d4d,client_7,coordinator_0,NET_TRANSFER,0.000100,0.158000,Request Model ID
2902244.664634,4011,8488e8d8-c18c-49f8-8dc7-968d33f40119,client_4,coordinator_0,NET_TRANSFER,0.000100,0.158000,Request Model ID
2902244.822634,4012,a886fc6a-5258-4d93-a875-f3db69b17d98,client_4,coordinator_0,NET_TRANSFER,0.000100,0.158000,Request Model ID
2902244.980634,8012,08212f61-6e5c-492e-829d-335e87744563,client_8,coordinator_0,NET_TRANSFER,0.000100,0.158000,Request Model ID
2902245.138634,8011,d4b394b0-887b-4ade-b884-6c80c8a7daf2,client_8,coordinator_0,NET_TRANSFER,0.000100,0.158000,Request Model ID
2902245.296634,8011,66483bae-9631-4d83-9c15-5f9509dbf81e,client_8,coordinator_0,NET_TRANSFER,0.000100,0.158000,Request Model ID
2902245.454634,8011,07ce1970-d96c-4f79-9d92-0a7594b4b14f,client_8,coordinator_0,NET_TRANSFER,0.000100,0.158000,Request Model ID
2902245.612634,3017,0c0edddb-db74-420e-be90-7edecacd0b9f,client_3,coordinator_0,NET_TRANSFER,0.000100,0.158000,Request Model ID
2902245.770634,3016,44c74542-198d-4b82-96c7-01f6a8e6ad94,client_3,coordinator_0,NET_TRANSFER,0.000100,0.158000,Request Model ID
2902245.928634,3016,44c74542-198d-4b82-96c7-01f6a8e6ad94,client_3,coordinator_0,NET_TRANSFER,0.000100,0.158000,Request Model ID
2902246.086634,5018,91008a79-010a-4e7f-82a9-d93d175b8acb,client_5,coordinator_0,NET_TRANSFER,0.000100,0.158000,Request Model ID
2902246.244634,5017,c058df17-9e88-4847-baf4-6e2c889e8d4d,client_5,coordinator_0,NET_TRANSFER,0.000100,0.158000,Request Model ID
2902246.402634,5017,b42ec4c0-5247-4b28-9ada-769c5bad77e7,client_5,coordinator_0,NET_TRANSFER,0.000100,0.158000,Request Model ID
2902246.560634,5017,96bede22-9bcb-4b40-a1c3-153cbb84714c,client_5,coordinator_0,NET_TRANSFER,0.000100,0.158000,Request Model ID
2902246.718634,5017,07ce1970-d96c-4f79-9d92-0a7594b4b14f,client_5,coordinator_0,NET_TRANSFER,0.000100,0.158000,Request Model ID
2902246.876634,2011,b2805f95-7fad-4a43-bf85-66ce3781b818,client_2,coordinator_0,NET_TRANSFER,0.000100,0.158000,Request Model ID
2902247.034634,1015,aa22d19d-3e5e-45b7-9cc1-445a00070bb6,client_1,coordinator_0,NET_TRANSFER,0.000100,0.158000,Request Model ID
2902247.192634,9017,683e1def-e889-4ef7-a89d-272f6bad72d3,client_9,coordinator_0,NET_TRANSFER,0.000100,0.158000,Request Model ID
2902247.350634,6013,d4b394b0-887b-4ade-b884-6c80c8a7daf2,client_6,coordinator_0,NET_TRANSFER,0.000100,0.158000,Request Model ID
2902247.508634,1014,b23b9bcf-15a7-4d4a-87b3-f049d0b0b838,client_1,coordinator_0,NET_TRANSFER,0.000100,0.158000,Request Model ID
2902247.666634,1014,9c81d38f-4803-4d2e-95b8-696113bfef4f,client_1,coordinator_0,NET_TRANSFER,0.000100,0.158000,Request Model ID
2902247.824634,1014,9880cbcf-8e6d-4dda-81c9-85768d11ec44,client_1,coordinator_0,NET_TRANSFER,0.000100,0.158000,Request Model ID
2902247.982634,3017,44c74542-198d-4b82-96c7-01f6a8e6ad94,client_3,coordinator_0,NET_TRANSFER,0.000100,0.158000,Request Model ID
2902248.140634,3017,c058df17-9e88-4847-baf4-6e2c889e8d4d,client_3,coordinator_0,NET_TRANSFER,0.000100,0.158000,Request Model ID
2902248.298634,3018,a886fc6a-5258-4d93-a875-f3db69b17d98,client_3,coordinator_0,NET_TRANSFER,0.000100,0.158000,Request Model ID
2902248.456634,3018,f2f09d33-bafc-49ed-86c5-3675f4f61af7,client_3,coordinator_0,NET_TRANSFER,0.000100,0.158000,Request Model ID
2902248.614634,1015,683e1def-e889-4ef7-a89d-272f6bad72d3,client_1,coordinator_0,NET_TRANSFER,0.000100,0.158000,Request Model ID
2902248.772634,9017,0c0edddb-db74-420e-be90-7edecacd0b9f,client_9,coordinator_0,NET_TRANSFER,0.000100,0.158000,Request Model ID
2902248.930634,6013,e8282f9d-ace8-4cdf-b62c-3d9f466a71e1,client_6,coordinator_0,NET_TRANSFER,0.000100,0.158000,Request Model ID
2902249.088634,6013,44c74542-198d-4b82-96c7-01f6a8e6ad94,client_6,coordinator_0,NET_TRANSFER,0.000100,0.158000,Request Model ID
2902249.246634,6013,d4b394b0-887b-4ade-b884-6c80c8a7daf2,client_6,coordinator_0,NET_TRANSFER,0.000100,0.158000,Request Model ID
2902249.404634,5019,d4b394b0-887b-4ade-b884-6c80c8a7daf2,client_5,coordinator_0,NET_TRANSFER,0.000100,0.158000,Request Model ID
2902249.562634,5018,0c0edddb-db74-420e-be90-7edecacd0b9f,client_5,coordinator_0,NET_TRANSFER,0.000100,0.158000,Request Model ID
2902249.720634,3018,5a4ddec2-471a-4cc9-bcfc-1c998571a64c,client_3,coordinator_0,NET_TRANSFER,0.000100,0.158000,Request Model ID
2902249.878634,5018,8488e8d8-c18c-49f8-8dc7-968d33f40119,client_5,coordinator_0,NET_TRANSFER,0.000100,0.158000,Request Model ID
2902250.036634,2012,9242bfae-2680-474f-abd2-115e84f6b68c,client_2,coordinator_0,NET_TRANSFER,0.000100,0.158000,Request Model ID
2902250.194634,2012,08212f61-6e5c-492e-829d-335e87744563,client_2,coordinator_0,NET_TRANSFER,0.000100,0.158000,Request Model ID
2902250.352634,2012,aa22d19d-3e5e-45b7-9cc1-445a00070bb6,client_2,coordinator_0,NET_TRANSFER,0.000100,0.158000,Request Model ID
2902250.510634,8012,334a2444-41d5-4755-9f47-d94f7c2a58be,client_8,coordinator_0,NET_TRANSFER,0.000100,0.158000,Request Model ID
2902250.668634,10015,5da2df27-cf63-4c4c-ae5e-62dac7a03a3d,client_10,coordinator_0,NET_TRANSFER,0.000100,0.158000,Request Model ID
2902250.826634,10015,4cabb90d-8b50-47da-b9ae-45ffa75dabc9,client_10,coordinator_0,NET_TRANSFER,0.000100,0.158000,Request Model ID
2902250.984634,3017,c058df17-9e88-4847-baf4-6e2c889e8d4d,client_3,coordinator_0,NET_TRANSFER,0.000100,0.158000,Request Model ID
2902251.142634,10015,d36a8feb-f69f-4ca5-8d20-dbd41cfd8e0d,client_10,coordinator_0,NET_TRANSFER,0.000100,0.158000,Request Model ID
2902251.300634,7012,0c0edddb-db74-420e-be90-7edecacd0b9f,client_7,coordinator_0,NET_TRANSFER,0.000100,0.158000,Request Model ID
2902251.458634,7012,0c0edddb-db74-420e-be90-7edecacd0b9f,client_7,coordinator_0,NET_TRANSFER,0.000100,0.158000,Request Model ID
2902251.616634,3018,07a8404e-b389-42f4-9eba-f552b8fcd4a4,client_3,coordinator_0,NET_TRANSFER,0.000100,0.158000,Request Model ID
2902251.774634,8012,66483bae-9631-4d83-9c15-5f9509dbf81e,client_8,coordinator_0,NET_TRANSFER,0.000100,0.158000,Request Model ID
2902251.932634,8013,d039aa0d-a9b0-41b0-9698-e239ca19fdf4,client_8,coordinator_0,NET_TRANSFER,0.000100,0.158000,Request Model ID
2902252.090634,6014,c058df17-9e88-4847-baf4-6e2c889e8d4d,client_6,coordinator_0,NET_TRANSFER,0.000100,0.158000,Request Model ID
2902252.248634,10016,5a4ddec2-471a-4cc9-bcfc-1c998571a64c,client_10,coordinator_0,NET_TRANSFER,0.000100,0.158000,Request Model ID
2902252.290469,4001,07ce1970-d96c-4f79-9d92-0a7594b4b14f,worker_3,worker_3,MEM_MOVE,5.354890,0.041835,"Evict VRAM -> RAM [Model: 0b62db0f, Layer: 47953a43]"
2902252.338244,4001,07ce1970-d96c-4f79-9d92-0a7594b4b14f,worker_3,worker_3,DISK_LOAD,6.115197,0.047775,"Disk -> RAM [Model: 07ce1970, Layer: 15b1e8e9]"
2902252.386019,4001,07ce1970-d96c-4f79-9d92-0a7594b4b14f,worker_3,worker_3,MEM_MOVE,6.115197,0.047775,"RAM -> VRAM [Model: 07ce1970, Layer: 15b1e8e9]"
2902252.436019,4001,07ce1970-d96c-4f79-9d92-0a7594b4b14f,worker_3,worker_3,GPU_COMPUTE,0.050000,0.050000,GPU Compute
2902252.594019,4001,07ce1970-d96c-4f79-9d92-0a7594b4b14f,worker_3,coordinator_0,NET_TRANSFER,0.000100,0.158000,Signal Finished
2902990.425225,4001,07ce1970-d96c-4f79-9d92-0a7594b4b14f,coordinator_0,worker_4,NET_TRANSFER,9.221015,737.831206,Distribute Layer ID: 9e1feb6f
2902990.497264,4001,07ce1970-d96c-4f79-9d92-0a7594b4b14f,worker_4,worker_4,DISK_LOAD,9.221015,0.072039,"Disk -> RAM [Model: 07ce1970, Layer: 9e1feb6f]"
2902990.569303,4001,07ce1970-d96c-4f79-9d92-0a7594b4b14f,worker_4,worker_4,MEM_MOVE,9.221015,0.072039,"RAM -> VRAM [Model: 07ce1970, Layer: 9e1feb6f]"
2902990.619303,4001,07ce1970-d96c-4f79-9d92-0a7594b4b14f,worker_4,worker_4,GPU_COMPUTE,0.050000,0.050000,GPU Compute
2902990.777303,4001,07ce1970-d96c-4f79-9d92-0a7594b4b14f,worker_4,coordinator_0,NET_TRANSFER,0.000100,0.158000,Signal Finished
2903971.628957,4001,07ce1970-d96c-4f79-9d92-0a7594b4b14f,coordinator_0,worker_1,NET_TRANSFER,12.258771,980.851653,Distribute Layer ID: d464441d
2903971.786957,5018,5da2df27-cf63-4c4c-ae5e-62dac7a03a3d,client_5,coordinator_0,NET_TRANSFER,0.000100,0.158000,Request Model ID
2903971.872434,4001,07ce1970-d96c-4f79-9d92-0a7594b4b14f,worker_1,worker_1,MEM_MOVE,10.941115,0.085477,"Evict VRAM -> RAM [Model: 0b62db0f, Layer: 9e3d7299]"
2903971.968206,4001,07ce1970-d96c-4f79-9d92-0a7594b4b14f,worker_1,worker_1,DISK_LOAD,12.258771,0.095772,"Disk -> RAM [Model: 07ce1970, Layer: d464441d]"
2903972.063977,4001,07ce1970-d96c-4f79-9d92-0a7594b4b14f,worker_1,worker_1,MEM_MOVE,12.258771,0.095772,"RAM -> VRAM [Model: 07ce1970, Layer: d464441d]"
2903972.113977,4001,07ce1970-d96c-4f79-9d92-0a7594b4b14f,worker_1,worker_1,GPU_COMPUTE,0.050000,0.050000,GPU Compute
2903972.271977,4001,07ce1970-d96c-4f79-9d92-0a7594b4b14f,worker_1,coordinator_0,NET_TRANSFER,0.000100,0.158000,Signal Finished
2904691.608670,4001,07ce1970-d96c-4f79-9d92-0a7594b4b14f,coordinator_0,worker_2,NET_TRANSFER,8.989834,719.336692,Distribute Layer ID: f2a63e7e
2904691.677791,4001,07ce1970-d96c-4f79-9d92-0a7594b4b14f,worker_2,worker_2,MEM_MOVE,8.847477,0.069121,"Evict VRAM -> RAM [Model: 0b62db0f, Layer: 2d2c5e7f]"
2904691.748024,4001,07ce1970-d96c-4f79-9d92-0a7594b4b14f,worker_2,worker_2,DISK_LOAD,8.989834,0.070233,"Disk -> RAM [Model: 07ce1970, Layer: f2a63e7e]"
2904691.818257,4001,07ce1970-d96c-4f79-9d92-0a7594b4b14f,worker_2,worker_2,MEM_MOVE,8.989834,0.070233,"RAM -> VRAM [Model: 07ce1970, Layer: f2a63e7e]"
2904691.868257,4001,07ce1970-d96c-4f79-9d92-0a7594b4b14f,worker_2,worker_2,GPU_COMPUTE,0.050000,0.050000,GPU Compute
2904692.026257,4001,07ce1970-d96c-4f79-9d92-0a7594b4b14f,worker_2,coordinator_0,NET_TRANSFER,0.000100,0.158000,Signal Finished
2905735.905298,4001,07ce1970-d96c-4f79-9d92-0a7594b4b14f,coordinator_0,worker_3,NET_TRANSFER,13.046613,1043.879042,Distribute Layer ID: 7eeaedfa
2905736.003773,4001,07ce1970-d96c-4f79-9d92-0a7594b4b14f,worker_3,worker_3,MEM_MOVE,12.604822,0.098475,"Evict VRAM -> RAM [Model: 0b62db0f, Layer: 9a3e9836]"
2905736.105700,4001,07ce1970-d96c-4f79-9d92-0a7594b4b14f,worker_3,worker_3,DISK_LOAD,13.046613,0.101927,"Disk -> RAM [Model: 07ce1970, Layer: 7eeaedfa]"
2905736.207627,4001,07ce1970-d96c-4f79-9d92-0a7594b4b14f,worker_3,worker_3,MEM_MOVE,13.046613,0.101927,"RAM -> VRAM [Model: 07ce1970, Layer: 7eeaedfa]"
2905736.257627,4001,07ce1970-d96c-4f79-9d92-0a7594b4b14f,worker_3,worker_3,GPU_COMPUTE,0.050000,0.050000,GPU Compute
2905736.415627,4001,07ce1970-d96c-4f79-9d92-0a7594b4b14f,worker_3,coordinator_0,NET_TRANSFER,0.000100,0.158000,Signal Finished
2906367.507496,4001,07ce1970-d96c-4f79-9d92-0a7594b4b14f,coordinator_0,worker_4,NET_TRANSFER,7.886773,631.091869,Distribute Layer ID: a439f053
2906367.565797,4001,07ce1970-d96c-4f79-9d92-0a7594b4b14f,worker_4,worker_4,MEM_MOVE,7.462503,0.058301,"Evict VRAM -> RAM [Model: 0b62db0f, Layer: 73857dcc]"
2906367.627412,4001,07ce1970-d96c-4f79-9d92-0a7594b4b14f,worker_4,worker_4,DISK_LOAD,7.886773,0.061615,"Disk -> RAM [Model: 07ce1970, Layer: a439f053]"
2906367.689028,4001,07ce1970-d96c-4f79-9d92-0a7594b4b14f,worker_4,worker_4,MEM_MOVE,7.886773,0.061615,"RAM -> VRAM [Model: 07ce1970, Layer: a439f053]"
2906367.739028,4001,07ce1970-d96c-4f79-9d92-0a7594b4b14f,worker_4,worker_4,GPU_COMPUTE,0.050000,0.050000,GPU Compute
2906367.897028,4001,07ce1970-d96c-4f79-9d92-0a7594b4b14f,worker_4,coordinator_0,NET_TRANSFER,0.000100,0.158000,Signal Finished
2907101.381947,4001,07ce1970-d96c-4f79-9d92-0a7594b4b14f,coordinator_0,worker_1,NET_TRANSFER,9.166686,733.484919,Distribute Layer ID: 0526e048
2907101.427294,4001,07ce1970-d96c-4f79-9d92-0a7594b4b14f,worker_1,worker_1,MEM_MOVE,5.804442,0.045347,"Evict VRAM -> RAM [Model: 0b62db0f, Layer: 0059878a]"
2907101.514471,4001,07ce1970-d96c-4f79-9d92-0a7594b4b14f,worker_1,worker_1,MEM_MOVE,11.158709,0.087177,"Evict VRAM -> RAM [Model: 0b62db0f, Layer: 710bd6c7]"
2907101.586086,4001,07ce1970-d96c-4f79-9d92-0a7594b4b14f,worker_1,worker_1,DISK_LOAD,9.166686,0.071615,"Disk -> RAM [Model: 07ce1970, Layer: 0526e048]"
2907101.657701,4001,07ce1970-d96c-4f79-9d92-0a7594b4b14f,worker_1,worker_1,MEM_MOVE,9.166686,0.071615,"RAM -> VRAM [Model: 07ce1970, Layer: 0526e048]"
2907101.707701,4001,07ce1970-d96c-4f79-9d92-0a7594b4b14f,worker_1,worker_1,GPU_COMPUTE,0.050000,0.050000,GPU Compute
2907101.865701,4001,07ce1970-d96c-4f79-9d92-0a7594b4b14f,worker_1,coordinator_0,NET_TRANSFER,0.000100,0.158000,Signal Finished
2907840.347703,4001,07ce1970-d96c-4f79-9d92-0a7594b4b14f,coordinator_0,worker_2,NET_TRANSFER,9.229150,738.482002,Distribute Layer ID: 763a3db9
2907840.425210,4001,07ce1970-d96c-4f79-9d92-0a7594b4b14f,worker_2,worker_2,MEM_MOVE,9.920924,0.077507,"Evict VRAM -> RAM [Model: 0b62db0f, Layer: 99c60c22]"
2907840.497313,4001,07ce1970-d96c-4f79-9d92-0a7594b4b14f,worker_2,worker_2,DISK_LOAD,9.229150,0.072103,"Disk -> RAM [Model: 07ce1970, Layer: 763a3db9]"
2907840.569415,4001,07ce1970-d96c-4f79-9d92-0a7594b4b14f,worker_2,worker_2,MEM_MOVE,9.229150,0.072103,"RAM -> VRAM [Model: 07ce1970, Layer: 763a3db9]"
2907840.619415,4001,07ce1970-d96c-4f79-9d92-0a7594b4b14f,worker_2,worker_2,GPU_COMPUTE,0.050000,0.050000,GPU Compute
2907840.777415,4001,07ce1970-d96c-4f79-9d92-0a7594b4b14f,worker_2,coordinator_0,NET_TRANSFER,0.000100,0.158000,Signal Finished
2908531.813433,4001,07ce1970-d96c-4f79-9d92-0a7594b4b14f,coordinator_0,worker_3,NET_TRANSFER,8.636075,691.036018,Distribute Layer ID: d6e1799d
2908531.858075,4001,07ce1970-d96c-4f79-9d92-0a7594b4b14f,worker_3,worker_3,MEM_MOVE,5.714241,0.044643,"Evict VRAM -> RAM [Model: 0b62db0f, Layer: 05690830]"
2908531.925545,4001,07ce1970-d96c-4f79-9d92-0a7594b4b14f,worker_3,worker_3,DISK_LOAD,8.636075,0.067469,"Disk -> RAM [Model: 07ce1970, Layer: d6e1799d]"
2908531.993014,4001,07ce1970-d96c-4f79-9d92-0a7594b4b14f,worker_3,worker_3,MEM_MOVE,8.636075,0.067469,"RAM -> VRAM [Model: 07ce1970, Layer: d6e1799d]"
2908532.043014,4001,07ce1970-d96c-4f79-9d92-0a7594b4b14f,worker_3,worker_3,GPU_COMPUTE,0.050000,0.050000,GPU Compute
2908532.201014,4001,07ce1970-d96c-4f79-9d92-0a7594b4b14f,worker_3,coordinator_0,NET_TRANSFER,0.000100,0.158000,Signal Finished
2908953.004747,4001,07ce1970-d96c-4f79-9d92-0a7594b4b14f,coordinator_0,worker_4,NET_TRANSFER,5.258172,420.803733,Distribute Layer ID: a5277f83
2908953.059396,4001,07ce1970-d96c-4f79-9d92-0a7594b4b14f,worker_4,worker_4,MEM_MOVE,6.995080,0.054649,"Evict VRAM -> RAM [Model: 0b62db0f, Layer: c25f9776]"
2908953.100475,4001,07ce1970-d96c-4f79-9d92-0a7594b4b14f,worker_4,worker_4,DISK_LOAD,5.258172,0.041079,"Disk -> RAM [Model: 07ce1970, Layer: a5277f83]"
2908953.141555,4001,07ce1970-d96c-4f79-9d92-0a7594b4b14f,worker_4,worker_4,MEM_MOVE,5.258172,0.041079,"RAM -> VRAM [Model: 07ce1970, Layer: a5277f83]"
2908953.191555,4001,07ce1970-d96c-4f79-9d92-0a7594b4b14f,worker_4,worker_4,GPU_COMPUTE,0.050000,0.050000,GPU Compute
2908953.349555,4001,07ce1970-d96c-4f79-9d92-0a7594b4b14f,worker_4,coordinator_0,NET_TRANSFER,0.000100,0.158000,Signal Finished
2909688.801259,4001,07ce1970-d96c-4f79-9d92-0a7594b4b14f,coordinator_0,worker_1,NET_TRANSFER,9.191271,735.451705,Distribute Layer ID: 2978191a
2909688.873066,4001,07ce1970-d96c-4f79-9d92-0a7594b4b14f,worker_1,worker_1,DISK_LOAD,9.191271,0.071807,"Disk -> RAM [Model: 07ce1970, Layer: 2978191a]"
2909688.944873,4001,07ce1970-d96c-4f79-9d92-0a7594b4b14f,worker_1,worker_1,MEM_MOVE,9.191271,0.071807,"RAM -> VRAM [Model: 07ce1970, Layer: 2978191a]"
2909688.994873,4001,07ce1970-d96c-4f79-9d92-0a7594b4b14f,worker_1,worker_1,GPU_COMPUTE,0.050000,0.050000,GPU Compute
2909689.152873,4001,07ce1970-d96c-4f79-9d92-0a7594b4b14f,worker_1,coordinator_0,NET_TRANSFER,0.000100,0.158000,Signal Finished
2910302.303285,4001,07ce1970-d96c-4f79-9d92-0a7594b4b14f,coordinator_0,worker_2,NET_TRANSFER,7.662505,613.150412,Distribute Layer ID: dd60f51c
2910302.359343,4001,07ce1970-d96c-4f79-9d92-0a7594b4b14f,worker_2,worker_2,MEM_MOVE,7.175521,0.056059,"Evict VRAM -> RAM [Model: 0b62db0f, Layer: 53b4834c]"
2910302.419207,4001,07ce1970-d96c-4f79-9d92-0a7594b4b14f,worker_2,worker_2,DISK_LOAD,7.662505,0.059863,"Disk -> RAM [Model: 07ce1970, Layer: dd60f51c]"
2910302.479070,4001,07ce1970-d96c-4f79-9d92-0a7594b4b14f,worker_2,worker_2,MEM_MOVE,7.662505,0.059863,"RAM -> VRAM [Model: 07ce1970, Layer: dd60f51c]"
2910302.529070,4001,07ce1970-d96c-4f79-9d92-0a7594b4b14f,worker_2,worker_2,GPU_COMPUTE,0.050000,0.050000,GPU Compute
2910302.687070,4001,07ce1970-d96c-4f79-9d92-0a7594b4b14f,worker_2,coordinator_0,NET_TRANSFER,0.000100,0.158000,Signal Finished
2911374.420727,4001,07ce1970-d96c-4f79-9d92-0a7594b4b14f,coordinator_0,worker_3,NET_TRANSFER,13.394796,1071.733657,Distribute Layer ID: 572a46f9
2911374.479402,4001,07ce1970-d96c-4f79-9d92-0a7594b4b14f,worker_3,worker_3,MEM_MOVE,7.510389,0.058675,"Evict VRAM -> RAM [Model: 0b62db0f, Layer: 500def5d]"
2911374.552729,4001,07ce1970-d96c-4f79-9d92-0a7594b4b14f,worker_3,worker_3,MEM_MOVE,9.385944,0.073328,"Evict VRAM -> RAM [Model: 0b62db0f, Layer: 59f5c439]"
2911374.657376,4001,07ce1970-d96c-4f79-9d92-0a7594b4b14f,worker_3,worker_3,DISK_LOAD,13.394796,0.104647,"Disk -> RAM [Model: 07ce1970, Layer: 572a46f9]"
2911374.762023,4001,07ce1970-d96c-4f79-9d92-0a7594b4b14f,worker_3,worker_3,MEM_MOVE,13.394796,0.104647,"RAM -> VRAM [Model: 07ce1970, Layer: 572a46f9]"
2911374.812023,4001,07ce1970-d96c-4f79-9d92-0a7594b4b14f,worker_3,worker_3,GPU_COMPUTE,0.050000,0.050000,GPU Compute
2911374.970023,4001,07ce1970-d96c-4f79-9d92-0a7594b4b14f,worker_3,coordinator_0,NET_TRANSFER,0.000100,0.158000,Signal Finished
2911375.128023,2013,91008a79-010a-4e7f-82a9-d93d175b8acb,client_2,coordinator_0,NET_TRANSFER,0.000100,0.158000,Request Model ID
2911375.286023,3019,bdd36ae2-6ffc-42e7-b48e-12b94d23dc1c,client_3,coordinator_0,NET_TRANSFER,0.000100,0.158000,Request Model ID
2911375.444023,7013,334a2444-41d5-4755-9f47-d94f7c2a58be,client_7,coordinator_0,NET_TRANSFER,0.000100,0.158000,Request Model ID
2911375.602023,8013,b2805f95-7fad-4a43-bf85-66ce3781b818,client_8,coordinator_0,NET_TRANSFER,0.000100,0.158000,Request Model ID
2911375.760023,8013,08212f61-6e5c-492e-829d-335e87744563,client_8,coordinator_0,NET_TRANSFER,0.000100,0.158000,Request Model ID
2911375.918023,8013,a49da1e7-b111-437b-af06-345a844891b3,client_8,coordinator_0,NET_TRANSFER,0.000100,0.158000,Request Model ID
2911376.076023,4013,3ab1386f-b0dd-491c-9007-5d1dc11f90a8,client_4,coordinator_0,NET_TRANSFER,0.000100,0.158000,Request Model ID
2911376.234023,10016,c058df17-9e88-4847-baf4-6e2c889e8d4d,client_10,coordinator_0,NET_TRANSFER,0.000100,0.158000,Request Model ID
2911376.392023,2013,aa22d19d-3e5e-45b7-9cc1-445a00070bb6,client_2,coordinator_0,NET_TRANSFER,0.000100,0.158000,Request Model ID
2911376.550023,2013,0c0edddb-db74-420e-be90-7edecacd0b9f,client_2,coordinator_0,NET_TRANSFER,0.000100,0.158000,Request Model ID
2911376.708023,2013,d039aa0d-a9b0-41b0-9698-e239ca19fdf4,client_2,coordinator_0,NET_TRANSFER,0.000100,0.158000,Request Model ID
2911376.866023,5019,9e011bb9-a656-4e6c-9aeb-59dca6bd1381,client_5,coordinator_0,NET_TRANSFER,0.000100,0.158000,Request Model ID
2911377.024023,5019,b42ec4c0-5247-4b28-9ada-769c5bad77e7,client_5,coordinator_0,NET_TRANSFER,0.000100,0.158000,Request Model ID
2911377.182023,6015,91008a79-010a-4e7f-82a9-d93d175b8acb,client_6,coordinator_0,NET_TRANSFER,0.000100,0.158000,Request Model ID
2911377.340023,1016,96bede22-9bcb-4b40-a1c3-153cbb84714c,client_1,coordinator_0,NET_TRANSFER,0.000100,0.158000,Request Model ID
2911377.498023,9018,d4b394b0-887b-4ade-b884-6c80c8a7daf2,client_9,coordinator_0,NET_TRANSFER,0.000100,0.158000,Request Model ID
2911377.656023,6014,07ce1970-d96c-4f79-9d92-0a7594b4b14f,client_6,coordinator_0,NET_TRANSFER,0.000100,0.158000,Request Model ID
2911377.814023,6014,9e011bb9-a656-4e6c-9aeb-59dca6bd1381,client_6,coordinator_0,NET_TRANSFER,0.000100,0.158000,Request Model ID
2911377.972023,4013,96bede22-9bcb-4b40-a1c3-153cbb84714c,client_4,coordinator_0,NET_TRANSFER,0.000100,0.158000,Request Model ID
2911378.130023,1015,e9ab481a-f9bf-42a7-921f-45125b9da313,client_1,coordinator_0,NET_TRANSFER,0.000100,0.158000,Request Model ID
2911378.288023,4012,66483bae-9631-4d83-9c15-5f9509dbf81e,client_4,coordinator_0,NET_TRANSFER,0.000100,0.158000,Request Model ID
2911378.446023,3019,683e1def-e889-4ef7-a89d-272f6bad72d3,client_3,coordinator_0,NET_TRANSFER,0.000100,0.158000,Request Model ID
2911378.604023,3019,b42ec4c0-5247-4b28-9ada-769c5bad77e7,client_3,coordinator_0,NET_TRANSFER,0.000100,0.158000,Request Model ID
2912084.320427,7000,f2f09d33-bafc-49ed-86c5-3675f4f61af7,coordinator_0,worker_3,NET_TRANSFER,8.819580,705.716404,Distribute Layer ID: caa9ceb7
2912084.414949,7000,f2f09d33-bafc-49ed-86c5-3675f4f61af7,worker_3,worker_3,MEM_MOVE,12.098729,0.094521,"Evict VRAM -> RAM [Model: 0b62db0f, Layer: a5ca5b25]"
2912084.483852,7000,f2f09d33-bafc-49ed-86c5-3675f4f61af7,worker_3,worker_3,DISK_LOAD,8.819580,0.068903,"Disk -> RAM [Model: f2f09d33, Layer: caa9ceb7]"
2912084.552755,7000,f2f09d33-bafc-49ed-86c5-3675f4f61af7,worker_3,worker_3,MEM_MOVE,8.819580,0.068903,"RAM -> VRAM [Model: f2f09d33, Layer: caa9ceb7]"
2912084.602755,7000,f2f09d33-bafc-49ed-86c5-3675f4f61af7,worker_3,worker_3,GPU_COMPUTE,0.050000,0.050000,GPU Compute
2912084.760755,7000,f2f09d33-bafc-49ed-86c5-3675f4f61af7,worker_3,coordinator_0,NET_TRANSFER,0.000100,0.158000,Signal Finished
2912708.294645,7000,f2f09d33-bafc-49ed-86c5-3675f4f61af7,coordinator_0,worker_4,NET_TRANSFER,7.792299,623.533891,Distribute Layer ID: 2ac66775
2912708.408965,7000,f2f09d33-bafc-49ed-86c5-3675f4f61af7,worker_4,worker_4,MEM_MOVE,14.632911,0.114320,"Evict VRAM -> RAM [Model: 0b62db0f, Layer: 86406dcd]"
2912708.469842,7000,f2f09d33-bafc-49ed-86c5-3675f4f61af7,worker_4,worker_4,DISK_LOAD,7.792299,0.060877,"Disk -> RAM [Model: f2f09d33, Layer: 2ac66775]"
2912708.530720,7000,f2f09d33-bafc-49ed-86c5-3675f4f61af7,worker_4,worker_4,MEM_MOVE,7.792299,0.060877,"RAM -> VRAM [Model: f2f09d33, Layer: 2ac66775]"
2912708.580720,7000,f2f09d33-bafc-49ed-86c5-3675f4f61af7,worker_4,worker_4,GPU_COMPUTE,0.050000,0.050000,GPU Compute
2912708.738720,7000,f2f09d33-bafc-49ed-86c5-3675f4f61af7,worker_4,coordinator_0,NET_TRANSFER,0.000100,0.158000,Signal Finished
2913684.794935,7000,f2f09d33-bafc-49ed-86c5-3675f4f61af7,coordinator_0,worker_1,NET_TRANSFER,12.198828,976.056215,Distribute Layer ID: 0f575a27
2913684.879998,7000,f2f09d33-bafc-49ed-86c5-3675f4f61af7,worker_1,worker_1,MEM_MOVE,10.888058,0.085063,"Evict VRAM -> RAM [Model: 0b62db0f, Layer: 3b3dc7c6]"
2913684.924982,7000,f2f09d33-bafc-49ed-86c5-3675f4f61af7,worker_1,worker_1,MEM_MOVE,5.757951,0.044984,"Evict VRAM -> RAM [Model: 0b62db0f, Layer: 872db5c7]"
2913685.020285,7000,f2f09d33-bafc-49ed-86c5-3675f4f61af7,worker_1,worker_1,DISK_LOAD,12.198828,0.095303,"Disk -> RAM [Model: f2f09d33, Layer: 0f575a27]"
2913685.115588,7000,f2f09d33-bafc-49ed-86c5-3675f4f61af7,worker_1,worker_1,MEM_MOVE,12.198828,0.095303,"RAM -> VRAM [Model: f2f09d33, Layer: 0f575a27]"
2913685.165588,7000,f2f09d33-bafc-49ed-86c5-3675f4f61af7,worker_1,worker_1,GPU_COMPUTE,0.050000,0.050000,GPU Compute
2913685.323588,7000,f2f09d33-bafc-49ed-86c5-3675f4f61af7,worker_1,coordinator_0,NET_TRANSFER,0.000100,0.158000,Signal Finished
2914629.496953,7000,f2f09d33-bafc-49ed-86c5-3675f4f61af7,coordinator_0,worker_2,NET_TRANSFER,11.800292,944.173365,Distribute Layer ID: 8b0a8fcc
2914629.606794,7000,f2f09d33-bafc-49ed-86c5-3675f4f61af7,worker_2,worker_2,MEM_MOVE,14.059659,0.109841,"Evict VRAM -> RAM [Model: 0b62db0f, Layer: f79d470c]"
2914629.698984,7000,f2f09d33-bafc-49ed-86c5-3675f4f61af7,worker_2,worker_2,DISK_LOAD,11.800292,0.092190,"Disk -> RAM [Model: f2f09d33, Layer: 8b0a8fcc]"
2914629.791173,7000,f2f09d33-bafc-49ed-86c5-3675f4f61af7,worker_2,worker_2,MEM_MOVE,11.800292,0.092190,"RAM -> VRAM [Model: f2f09d33, Layer: 8b0a8fcc]"
2914629.841173,7000,f2f09d33-bafc-49ed-86c5-3675f4f61af7,worker_2,worker_2,GPU_COMPUTE,0.050000,0.050000,GPU Compute
2914629.999173,7000,f2f09d33-bafc-49ed-86c5-3675f4f61af7,worker_2,coordinator_0,NET_TRANSFER,0.000100,0.158000,Signal Finished
2915372.180183,7000,f2f09d33-bafc-49ed-86c5-3675f4f61af7,coordinator_0,worker_3,NET_TRANSFER,9.275388,742.181010,Distribute Layer ID: f333e405
2915372.272236,7000,f2f09d33-bafc-49ed-86c5-3675f4f61af7,worker_3,worker_3,MEM_MOVE,11.782727,0.092053,"Evict VRAM -> RAM [Model: 0b62db0f, Layer: 2adf216e]"
2915372.344700,7000,f2f09d33-bafc-49ed-86c5-3675f4f61af7,worker_3,worker_3,DISK_LOAD,9.275388,0.072464,"Disk -> RAM [Model: f2f09d33, Layer: f333e405]"
2915372.417164,7000,f2f09d33-bafc-49ed-86c5-3675f4f61af7,worker_3,worker_3,MEM_MOVE,9.275388,0.072464,"RAM -> VRAM [Model: f2f09d33, Layer: f333e405]"
2915372.467164,7000,f2f09d33-bafc-49ed-86c5-3675f4f61af7,worker_3,worker_3,GPU_COMPUTE,0.050000,0.050000,GPU Compute
2915372.625164,7000,f2f09d33-bafc-49ed-86c5-3675f4f61af7,worker_3,coordinator_0,NET_TRANSFER,0.000100,0.158000,Signal Finished
2916181.055349,7000,f2f09d33-bafc-49ed-86c5-3675f4f61af7,coordinator_0,worker_4,NET_TRANSFER,10.103502,808.430185,Distribute Layer ID: 557773f6
2916181.134283,7000,f2f09d33-bafc-49ed-86c5-3675f4f61af7,worker_4,worker_4,DISK_LOAD,10.103502,0.078934,"Disk -> RAM [Model: f2f09d33, Layer: 557773f6]"
2916181.213216,7000,f2f09d33-bafc-49ed-86c5-3675f4f61af7,worker_4,worker_4,MEM_MOVE,10.103502,0.078934,"RAM -> VRAM [Model: f2f09d33, Layer: 557773f6]"
2916181.263216,7000,f2f09d33-bafc-49ed-86c5-3675f4f61af7,worker_4,worker_4,GPU_COMPUTE,0.050000,0.050000,GPU Compute
2916181.421216,7000,f2f09d33-bafc-49ed-86c5-3675f4f61af7,worker_4,coordinator_0,NET_TRANSFER,0.000100,0.158000,Signal Finished
2916738.558507,7000,f2f09d33-bafc-49ed-86c5-3675f4f61af7,coordinator_0,worker_1,NET_TRANSFER,6.962341,557.137290,Distribute Layer ID: dc1ee82a
2916738.597650,7000,f2f09d33-bafc-49ed-86c5-3675f4f61af7,worker_1,worker_1,MEM_MOVE,5.010356,0.039143,"Evict VRAM -> RAM [Model: 0b62db0f, Layer: e05c6134]"
2916738.652043,7000,f2f09d33-bafc-49ed-86c5-3675f4f61af7,worker_1,worker_1,DISK_LOAD,6.962341,0.054393,"Disk -> RAM [Model: f2f09d33, Layer: dc1ee82a]"
2916738.706436,7000,f2f09d33-bafc-49ed-86c5-3675f4f61af7,worker_1,worker_1,MEM_MOVE,6.962341,0.054393,"RAM -> VRAM [Model: f2f09d33, Layer: dc1ee82a]"
2916738.756436,7000,f2f09d33-bafc-49ed-86c5-3675f4f61af7,worker_1,worker_1,GPU_COMPUTE,0.050000,0.050000,GPU Compute
2916738.914436,7000,f2f09d33-bafc-49ed-86c5-3675f4f61af7,worker_1,coordinator_0,NET_TRANSFER,0.000100,0.158000,Signal Finished
2917218.956962,7000,f2f09d33-bafc-49ed-86c5-3675f4f61af7,coordinator_0,worker_2,NET_TRANSFER,5.998657,480.042526,Distribute Layer ID: a0f9be74
2917219.059377,7000,f2f09d33-bafc-49ed-86c5-3675f4f61af7,worker_2,worker_2,MEM_MOVE,13.109107,0.102415,"Evict VRAM -> RAM [Model: 0b62db0f, Layer: 7ead5781]"
2917219.106242,7000,f2f09d33-bafc-49ed-86c5-3675f4f61af7,worker_2,worker_2,DISK_LOAD,5.998657,0.046865,"Disk -> RAM [Model: f2f09d33, Layer: a0f9be74]"
2917219.153106,7000,f2f09d33-bafc-49ed-86c5-3675f4f61af7,worker_2,worker_2,MEM_MOVE,5.998657,0.046865,"RAM -> VRAM [Model: f2f09d33, Layer: a0f9be74]"
2917219.203106,7000,f2f09d33-bafc-49ed-86c5-3675f4f61af7,worker_2,worker_2,GPU_COMPUTE,0.050000,0.050000,GPU Compute
2917219.361106,7000,f2f09d33-bafc-49ed-86c5-3675f4f61af7,worker_2,coordinator_0,NET_TRANSFER,0.000100,0.158000,Signal Finished
2917762.847109,7000,f2f09d33-bafc-49ed-86c5-3675f4f61af7,coordinator_0,worker_3,NET_TRANSFER,6.791700,543.486003,Distribute Layer ID: 89677bfc
2917762.900169,7000,f2f09d33-bafc-49ed-86c5-3675f4f61af7,worker_3,worker_3,DISK_LOAD,6.791700,0.053060,"Disk -> RAM [Model: f2f09d33, Layer: 89677bfc]"
2917762.953230,7000,f2f09d33-bafc-49ed-86c5-3675f4f61af7,worker_3,worker_3,MEM_MOVE,6.791700,0.053060,"RAM -> VRAM [Model: f2f09d33, Layer: 89677bfc]"
2917763.003230,7000,f2f09d33-bafc-49ed-86c5-3675f4f61af7,worker_3,worker_3,GPU_COMPUTE,0.050000,0.050000,GPU Compute
2917763.161230,7000,f2f09d33-bafc-49ed-86c5-3675f4f61af7,worker_3,coordinator_0,NET_TRANSFER,0.000100,0.158000,Signal Finished
2918689.067220,7000,f2f09d33-bafc-49ed-86c5-3675f4f61af7,coordinator_0,worker_4,NET_TRANSFER,11.571950,925.905991,Distribute Layer ID: e79af8a8
2918689.134127,7000,f2f09d33-bafc-49ed-86c5-3675f4f61af7,worker_4,worker_4,MEM_MOVE,8.564127,0.066907,"Evict VRAM -> RAM [Model: 0b62db0f, Layer: 1e40f135]"
2918689.236782,7000,f2f09d33-bafc-49ed-86c5-3675f4f61af7,worker_4,worker_4,MEM_MOVE,13.139748,0.102654,"Evict VRAM -> RAM [Model: 0b62db0f, Layer: 44d14f0a]"
2918689.327188,7000,f2f09d33-bafc-49ed-86c5-3675f4f61af7,worker_4,worker_4,DISK_LOAD,11.571950,0.090406,"Disk -> RAM [Model: f2f09d33, Layer: e79af8a8]"
2918689.417593,7000,f2f09d33-bafc-49ed-86c5-3675f4f61af7,worker_4,worker_4,MEM_MOVE,11.571950,0.090406,"RAM -> VRAM [Model: f2f09d33, Layer: e79af8a8]"
2918689.467593,7000,f2f09d33-bafc-49ed-86c5-3675f4f61af7,worker_4,worker_4,GPU_COMPUTE,0.050000,0.050000,GPU Compute
2918689.625593,7000,f2f09d33-bafc-49ed-86c5-3675f4f61af7,worker_4,coordinator_0,NET_TRANSFER,0.000100,0.158000,Signal Finished
2919347.168041,7000,f2f09d33-bafc-49ed-86c5-3675f4f61af7,coordinator_0,worker_1,NET_TRANSFER,8.217406,657.542448,Distribute Layer ID: 66f99f5b
2919347.231232,7000,f2f09d33-bafc-49ed-86c5-3675f4f61af7,worker_1,worker_1,MEM_MOVE,8.088511,0.063191,"Evict VRAM -> RAM [Model: 0b62db0f, Layer: 74672852]"
2919347.295431,7000,f2f09d33-bafc-49ed-86c5-3675f4f61af7,worker_1,worker_1,DISK_LOAD,8.217406,0.064198,"Disk -> RAM [Model: f2f09d33, Layer: 66f99f5b]"
2919347.359629,7000,f2f09d33-bafc-49ed-86c5-3675f4f61af7,worker_1,worker_1,MEM_MOVE,8.217406,0.064198,"RAM -> VRAM [Model: f2f09d33, Layer: 66f99f5b]"
2919347.409629,7000,f2f09d33-bafc-49ed-86c5-3675f4f61af7,worker_1,worker_1,GPU_COMPUTE,0.050000,0.050000,GPU Compute
2919347.567629,7000,f2f09d33-bafc-49ed-86c5-3675f4f61af7,worker_1,coordinator_0,NET_TRANSFER,0.000100,0.158000,Signal Finished
2920208.382374,7000,f2f09d33-bafc-49ed-86c5-3675f4f61af7,coordinator_0,worker_2,NET_TRANSFER,10.758309,860.814744,Distribute Layer ID: 832c9fec
2920208.440578,7000,f2f09d33-bafc-49ed-86c5-3675f4f61af7,worker_2,worker_2,MEM_MOVE,7.450183,0.058205,"Evict VRAM -> RAM [Model: 0b62db0f, Layer: 41a3df27]"
2920208.524627,7000,f2f09d33-bafc-49ed-86c5-3675f4f61af7,worker_2,worker_2,DISK_LOAD,10.758309,0.084049,"Disk -> RAM [Model: f2f09d33, Layer: 832c9fec]"
2920208.608677,7000,f2f09d33-bafc-49ed-86c5-3675f4f61af7,worker_2,worker_2,MEM_MOVE,10.758309,0.084049,"RAM -> VRAM [Model: f2f09d33, Layer: 832c9fec]"
2920208.658677,7000,f2f09d33-bafc-49ed-86c5-3675f4f61af7,worker_2,worker_2,GPU_COMPUTE,0.050000,0.050000,GPU Compute
2920208.816677,7000,f2f09d33-bafc-49ed-86c5-3675f4f61af7,worker_2,coordinator_0,NET_TRANSFER,0.000100,0.158000,Signal Finished
2921247.061219,7000,f2f09d33-bafc-49ed-86c5-3675f4f61af7,coordinator_0,worker_3,NET_TRANSFER,12.976182,1038.244542,Distribute Layer ID: 0185a25a
2921247.153817,7000,f2f09d33-bafc-49ed-86c5-3675f4f61af7,worker_3,worker_3,MEM_MOVE,11.852541,0.092598,"Evict VRAM -> RAM [Model: 0b62db0f, Layer: 35758025]"
2921247.255193,7000,f2f09d33-bafc-49ed-86c5-3675f4f61af7,worker_3,worker_3,DISK_LOAD,12.976182,0.101376,"Disk -> RAM [Model: f2f09d33, Layer: 0185a25a]"
2921247.356570,7000,f2f09d33-bafc-49ed-86c5-3675f4f61af7,worker_3,worker_3,MEM_MOVE,12.976182,0.101376,"RAM -> VRAM [Model: f2f09d33, Layer: 0185a25a]"
2921247.406570,7000,f2f09d33-bafc-49ed-86c5-3675f4f61af7,worker_3,worker_3,GPU_COMPUTE,0.050000,0.050000,GPU Compute
2921247.564570,7000,f2f09d33-bafc-49ed-86c5-3675f4f61af7,worker_3,coordinator_0,NET_TRANSFER,0.000100,0.158000,Signal Finished
2921810.495334,7000,f2f09d33-bafc-49ed-86c5-3675f4f61af7,coordinator_0,worker_4,NET_TRANSFER,7.034760,562.930764,Distribute Layer ID: 291e4664
2921810.550293,7000,f2f09d33-bafc-49ed-86c5-3675f4f61af7,worker_4,worker_4,DISK_LOAD,7.034760,0.054959,"Disk -> RAM [Model: f2f09d33, Layer: 291e4664]"
2921810.605252,7000,f2f09d33-bafc-49ed-86c5-3675f4f61af7,worker_4,worker_4,MEM_MOVE,7.034760,0.054959,"RAM -> VRAM [Model: f2f09d33, Layer: 291e4664]"
2921810.655252,7000,f2f09d33-bafc-49ed-86c5-3675f4f61af7,worker_4,worker_4,GPU_COMPUTE,0.050000,0.050000,GPU Compute
2921810.813252,7000,f2f09d33-bafc-49ed-86c5-3675f4f61af7,worker_4,coordinator_0,NET_TRANSFER,0.000100,0.158000,Signal Finished
2922800.966784,7000,f2f09d33-bafc-49ed-86c5-3675f4f61af7,coordinator_0,worker_1,NET_TRANSFER,12.375044,990.153532,Distribute Layer ID: 57ad82a9
2922801.023326,7000,f2f09d33-bafc-49ed-86c5-3675f4f61af7,worker_1,worker_1,MEM_MOVE,7.237310,0.056541,"Evict VRAM -> RAM [Model: 0b62db0f, Layer: a32ee892]"
2922801.119704,7000,f2f09d33-bafc-49ed-86c5-3675f4f61af7,worker_1,worker_1,MEM_MOVE,12.336447,0.096378,"Evict VRAM -> RAM [Model: 0b62db0f, Layer: cac0ef1a]"
2922801.216384,7000,f2f09d33-bafc-49ed-86c5-3675f4f61af7,worker_1,worker_1,DISK_LOAD,12.375044,0.096680,"Disk -> RAM [Model: f2f09d33, Layer: 57ad82a9]"
2922801.313064,7000,f2f09d33-bafc-49ed-86c5-3675f4f61af7,worker_1,worker_1,MEM_MOVE,12.375044,0.096680,"RAM -> VRAM [Model: f2f09d33, Layer: 57ad82a9]"
2922801.363064,7000,f2f09d33-bafc-49ed-86c5-3675f4f61af7,worker_1,worker_1,GPU_COMPUTE,0.050000,0.050000,GPU Compute
2922801.521064,7000,f2f09d33-bafc-49ed-86c5-3675f4f61af7,worker_1,coordinator_0,NET_TRANSFER,0.000100,0.158000,Signal Finished
2923255.794430,7000,f2f09d33-bafc-49ed-86c5-3675f4f61af7,coordinator_0,worker_2,NET_TRANSFER,5.676542,454.273365,Distribute Layer ID: 322c57d1
2923255.838778,7000,f2f09d33-bafc-49ed-86c5-3675f4f61af7,worker_2,worker_2,DISK_LOAD,5.676542,0.044348,"Disk -> RAM [Model: f2f09d33, Layer: 322c57d1]"
2923255.883126,7000,f2f09d33-bafc-49ed-86c5-3675f4f61af7,worker_2,worker_2,MEM_MOVE,5.676542,0.044348,"RAM -> VRAM [Model: f2f09d33, Layer: 322c57d1]"
2923255.933126,7000,f2f09d33-bafc-49ed-86c5-3675f4f61af7,worker_2,worker_2,GPU_COMPUTE,0.050000,0.050000,GPU Compute
2923256.091126,7000,f2f09d33-bafc-49ed-86c5-3675f4f61af7,worker_2,coordinator_0,NET_TRANSFER,0.000100,0.158000,Signal Finished
2924034.426904,7000,f2f09d33-bafc-49ed-86c5-3675f4f61af7,coordinator_0,worker_3,NET_TRANSFER,9.727322,778.335778,Distribute Layer ID: fba9e800
2924034.535099,7000,f2f09d33-bafc-49ed-86c5-3675f4f61af7,worker_3,worker_3,MEM_MOVE,13.848913,0.108195,"Evict VRAM -> RAM [Model: 0b62db0f, Layer: 9e56618f]"
2924034.611093,7000,f2f09d33-bafc-49ed-86c5-3675f4f61af7,worker_3,worker_3,DISK_LOAD,9.727322,0.075995,"Disk -> RAM [Model: f2f09d33, Layer: fba9e800]"
2924034.687088,7000,f2f09d33-bafc-49ed-86c5-3675f4f61af7,worker_3,worker_3,MEM_MOVE,9.727322,0.075995,"RAM -> VRAM [Model: f2f09d33, Layer: fba9e800]"
2924034.737088,7000,f2f09d33-bafc-49ed-86c5-3675f4f61af7,worker_3,worker_3,GPU_COMPUTE,0.050000,0.050000,GPU Compute
2924034.895088,7000,f2f09d33-bafc-49ed-86c5-3675f4f61af7,worker_3,coordinator_0,NET_TRANSFER,0.000100,0.158000,Signal Finished
2925056.614334,7000,f2f09d33-bafc-49ed-86c5-3675f4f61af7,coordinator_0,worker_4,NET_TRANSFER,12.769616,1021.719246,Distribute Layer ID: e85fb6bc
2925056.724802,7000,f2f09d33-bafc-49ed-86c5-3675f4f61af7,worker_4,worker_4,MEM_MOVE,14.139829,0.110467,"Evict VRAM -> RAM [Model: 0b62db0f, Layer: e1a90537]"
2925056.824564,7000,f2f09d33-bafc-49ed-86c5-3675f4f61af7,worker_4,worker_4,DISK_LOAD,12.769616,0.099763,"Disk -> RAM [Model: f2f09d33, Layer: e85fb6bc]"
2925056.924327,7000,f2f09d33-bafc-49ed-86c5-3675f4f61af7,worker_4,worker_4,MEM_MOVE,12.769616,0.099763,"RAM -> VRAM [Model: f2f09d33, Layer: e85fb6bc]"
2925056.974327,7000,f2f09d33-bafc-49ed-86c5-3675f4f61af7,worker_4,worker_4,GPU_COMPUTE,0.050000,0.050000,GPU Compute
2925057.132327,7000,f2f09d33-bafc-49ed-86c5-3675f4f61af7,worker_4,coordinator_0,NET_TRANSFER,0.000100,0.158000,Signal Finished
2925428.123927,7000,f2f09d33-bafc-49ed-86c5-3675f4f61af7,coordinator_0,worker_1,NET_TRANSFER,4.635520,370.991601,Distribute Layer ID: 211b24b7
2925428.160142,7000,f2f09d33-bafc-49ed-86c5-3675f4f61af7,worker_1,worker_1,DISK_LOAD,4.635520,0.036215,"Disk -> RAM [Model: f2f09d33, Layer: 211b24b7]"
2925428.196357,7000,f2f09d33-bafc-49ed-86c5-3675f4f61af7,worker_1,worker_1,MEM_MOVE,4.635520,0.036215,"RAM -> VRAM [Model: f2f09d33, Layer: 211b24b7]"
2925428.246357,7000,f2f09d33-bafc-49ed-86c5-3675f4f61af7,worker_1,worker_1,GPU_COMPUTE,0.050000,0.050000,GPU Compute
2925428.404357,7000,f2f09d33-bafc-49ed-86c5-3675f4f61af7,worker_1,coordinator_0,NET_TRANSFER,0.000100,0.158000,Signal Finished
2926305.224274,7000,f2f09d33-bafc-49ed-86c5-3675f4f61af7,coordinator_0,worker_2,NET_TRANSFER,10.958374,876.819916,Distribute Layer ID: 0aad4569
2926305.329869,7000,f2f09d33-bafc-49ed-86c5-3675f4f61af7,worker_2,worker_2,MEM_MOVE,13.516156,0.105595,"Evict VRAM -> RAM [Model: 0b62db0f, Layer: 73bb013b]"
2926305.415481,7000,f2f09d33-bafc-49ed-86c5-3675f4f61af7,worker_2,worker_2,DISK_LOAD,10.958374,0.085612,"Disk -> RAM [Model: f2f09d33, Layer: 0aad4569]"
2926305.501093,7000,f2f09d33-bafc-49ed-86c5-3675f4f61af7,worker_2,worker_2,MEM_MOVE,10.958374,0.085612,"RAM -> VRAM [Model: f2f09d33, Layer: 0aad4569]"
2926305.551093,7000,f2f09d33-bafc-49ed-86c5-3675f4f61af7,worker_2,worker_2,GPU_COMPUTE,0.050000,0.050000,GPU Compute
2926305.709093,7000,f2f09d33-bafc-49ed-86c5-3675f4f61af7,worker_2,coordinator_0,NET_TRANSFER,0.000100,0.158000,Signal Finished
2926950.821934,7000,f2f09d33-bafc-49ed-86c5-3675f4f61af7,coordinator_0,worker_3,NET_TRANSFER,8.062036,645.112840,Distribute Layer ID: 30640fa3
2926950.916159,7000,f2f09d33-bafc-49ed-86c5-3675f4f61af7,worker_3,worker_3,MEM_MOVE,12.060861,0.094225,"Evict VRAM -> RAM [Model: 0b62db0f, Layer: b6feedae]"
2926950.979144,7000,f2f09d33-bafc-49ed-86c5-3675f4f61af7,worker_3,worker_3,DISK_LOAD,8.062036,0.062985,"Disk -> RAM [Model: f2f09d33, Layer: 30640fa3]"
2926951.042128,7000,f2f09d33-bafc-49ed-86c5-3675f4f61af7,worker_3,worker_3,MEM_MOVE,8.062036,0.062985,"RAM -> VRAM [Model: f2f09d33, Layer: 30640fa3]"
2926951.092128,7000,f2f09d33-bafc-49ed-86c5-3675f4f61af7,worker_3,worker_3,GPU_COMPUTE,0.050000,0.050000,GPU Compute
2926951.250128,7000,f2f09d33-bafc-49ed-86c5-3675f4f61af7,worker_3,coordinator_0,NET_TRANSFER,0.000100,0.158000,Signal Finished
2927738.272770,7000,f2f09d33-bafc-49ed-86c5-3675f4f61af7,coordinator_0,worker_4,NET_TRANSFER,9.835908,787.022642,Distribute Layer ID: b6e35ce2
2927738.374545,7000,f2f09d33-bafc-49ed-86c5-3675f4f61af7,worker_4,worker_4,MEM_MOVE,13.027196,0.101775,"Evict VRAM -> RAM [Model: 0b62db0f, Layer: cfbf8c07]"
2927738.451388,7000,f2f09d33-bafc-49ed-86c5-3675f4f61af7,worker_4,worker_4,DISK_LOAD,9.835908,0.076843,"Disk -> RAM [Model: f2f09d33, Layer: b6e35ce2]"
2927738.528231,7000,f2f09d33-bafc-49ed-86c5-3675f4f61af7,worker_4,worker_4,MEM_MOVE,9.835908,0.076843,"RAM -> VRAM [Model: f2f09d33, Layer: b6e35ce2]"
2927738.578231,7000,f2f09d33-bafc-49ed-86c5-3675f4f61af7,worker_4,worker_4,GPU_COMPUTE,0.050000,0.050000,GPU Compute
2927738.736231,7000,f2f09d33-bafc-49ed-86c5-3675f4f61af7,worker_4,coordinator_0,NET_TRANSFER,0.000100,0.158000,Signal Finished
2928767.351732,7000,f2f09d33-bafc-49ed-86c5-3675f4f61af7,coordinator_0,worker_1,NET_TRANSFER,12.855819,1028.615501,Distribute Layer ID: 9084b360
2928767.415597,7000,f2f09d33-bafc-49ed-86c5-3675f4f61af7,worker_1,worker_1,MEM_MOVE,8.174708,0.063865,"Evict VRAM -> RAM [Model: 0b62db0f, Layer: 65e0e70e]"
2928767.516033,7000,f2f09d33-bafc-49ed-86c5-3675f4f61af7,worker_1,worker_1,DISK_LOAD,12.855819,0.100436,"Disk -> RAM [Model: f2f09d33, Layer: 9084b360]"
2928767.616469,7000,f2f09d33-bafc-49ed-86c5-3675f4f61af7,worker_1,worker_1,MEM_MOVE,12.855819,0.100436,"RAM -> VRAM [Model: f2f09d33, Layer: 9084b360]"
2928767.666469,7000,f2f09d33-bafc-49ed-86c5-3675f4f61af7,worker_1,worker_1,GPU_COMPUTE,0.050000,0.050000,GPU Compute
2928767.824469,7000,f2f09d33-bafc-49ed-86c5-3675f4f61af7,worker_1,coordinator_0,NET_TRANSFER,0.000100,0.158000,Signal Finished
2929487.265021,7000,f2f09d33-bafc-49ed-86c5-3675f4f61af7,coordinator_0,worker_2,NET_TRANSFER,8.991132,719.440552,Distribute Layer ID: 0add596e
2929487.371959,7000,f2f09d33-bafc-49ed-86c5-3675f4f61af7,worker_2,worker_2,MEM_MOVE,13.688016,0.106938,"Evict VRAM -> RAM [Model: 0b62db0f, Layer: f0d17705]"
2929487.442202,7000,f2f09d33-bafc-49ed-86c5-3675f4f61af7,worker_2,worker_2,DISK_LOAD,8.991132,0.070243,"Disk -> RAM [Model: f2f09d33, Layer: 0add596e]"
2929487.512445,7000,f2f09d33-bafc-49ed-86c5-3675f4f61af7,worker_2,worker_2,MEM_MOVE,8.991132,0.070243,"RAM -> VRAM [Model: f2f09d33, Layer: 0add596e]"
2929487.562445,7000,f2f09d33-bafc-49ed-86c5-3675f4f61af7,worker_2,worker_2,GPU_COMPUTE,0.050000,0.050000,GPU Compute
2929487.720445,7000,f2f09d33-bafc-49ed-86c5-3675f4f61af7,worker_2,coordinator_0,NET_TRANSFER,0.000100,0.158000,Signal Finished
2930484.463626,7000,f2f09d33-bafc-49ed-86c5-3675f4f61af7,coordinator_0,worker_3,NET_TRANSFER,12.457415,996.743181,Distribute Layer ID: e1869b5d
2930484.518644,7000,f2f09d33-bafc-49ed-86c5-3675f4f61af7,worker_3,worker_3,MEM_MOVE,7.042318,0.055018,"Evict VRAM -> RAM [Model: 07a8404e, Layer: 9fc1157a]"
2930484.615968,7000,f2f09d33-bafc-49ed-86c5-3675f4f61af7,worker_3,worker_3,DISK_LOAD,12.457415,0.097324,"Disk -> RAM [Model: f2f09d33, Layer: e1869b5d]"
2930484.713291,7000,f2f09d33-bafc-49ed-86c5-3675f4f61af7,worker_3,worker_3,MEM_MOVE,12.457415,0.097324,"RAM -> VRAM [Model: f2f09d33, Layer: e1869b5d]"
2930484.763291,7000,f2f09d33-bafc-49ed-86c5-3675f4f61af7,worker_3,worker_3,GPU_COMPUTE,0.050000,0.050000,GPU Compute
2930484.921291,7000,f2f09d33-bafc-49ed-86c5-3675f4f61af7,worker_3,coordinator_0,NET_TRANSFER,0.000100,0.158000,Signal Finished
2931627.309260,7000,f2f09d33-bafc-49ed-86c5-3675f4f61af7,coordinator_0,worker_4,NET_TRANSFER,14.277975,1142.387968,Distribute Layer ID: 7e52bcb2
2931627.357966,7000,f2f09d33-bafc-49ed-86c5-3675f4f61af7,worker_4,worker_4,MEM_MOVE,6.234410,0.048706,"Evict VRAM -> RAM [Model: 0b62db0f, Layer: 2a6c1e9f]"
2931627.469513,7000,f2f09d33-bafc-49ed-86c5-3675f4f61af7,worker_4,worker_4,DISK_LOAD,14.277975,0.111547,"Disk -> RAM [Model: f2f09d33, Layer: 7e52bcb2]"
2931627.581059,7000,f2f09d33-bafc-49ed-86c5-3675f4f61af7,worker_4,worker_4,MEM_MOVE,14.277975,0.111547,"RAM -> VRAM [Model: f2f09d33, Layer: 7e52bcb2]"
2931627.631059,7000,f2f09d33-bafc-49ed-86c5-3675f4f61af7,worker_4,worker_4,GPU_COMPUTE,0.050000,0.050000,GPU Compute
2931627.789059,7000,f2f09d33-bafc-49ed-86c5-3675f4f61af7,worker_4,coordinator_0,NET_TRANSFER,0.000100,0.158000,Signal Finished
2932376.958930,7000,f2f09d33-bafc-49ed-86c5-3675f4f61af7,coordinator_0,worker_1,NET_TRANSFER,9.362748,749.169870,Distribute Layer ID: 3e15f90e
2932377.032193,7000,f2f09d33-bafc-49ed-86c5-3675f4f61af7,worker_1,worker_1,MEM_MOVE,9.377681,0.073263,"Evict VRAM -> RAM [Model: 07a8404e, Layer: 113e6ae4]"
2932377.105339,7000,f2f09d33-bafc-49ed-86c5-3675f4f61af7,worker_1,worker_1,DISK_LOAD,9.362748,0.073146,"Disk -> RAM [Model: f2f09d33, Layer: 3e15f90e]"
2932377.178486,7000,f2f09d33-bafc-49ed-86c5-3675f4f61af7,worker_1,worker_1,MEM_MOVE,9.362748,0.073146,"RAM -> VRAM [Model: f2f09d33, Layer: 3e15f90e]"
2932377.228486,7000,f2f09d33-bafc-49ed-86c5-3675f4f61af7,worker_1,worker_1,GPU_COMPUTE,0.050000,0.050000,GPU Compute
2932377.386486,7000,f2f09d33-bafc-49ed-86c5-3675f4f61af7,worker_1,coordinator_0,NET_TRANSFER,0.000100,0.158000,Signal Finished
2932896.023745,7000,f2f09d33-bafc-49ed-86c5-3675f4f61af7,coordinator_0,worker_2,NET_TRANSFER,6.481091,518.637260,Distribute Layer ID: 0d30a1ac
2932896.074379,7000,f2f09d33-bafc-49ed-86c5-3675f4f61af7,worker_2,worker_2,DISK_LOAD,6.481091,0.050634,"Disk -> RAM [Model: f2f09d33, Layer: 0d30a1ac]"
2932896.125012,7000,f2f09d33-bafc-49ed-86c5-3675f4f61af7,worker_2,worker_2,MEM_MOVE,6.481091,0.050634,"RAM -> VRAM [Model: f2f09d33, Layer: 0d30a1ac]"
2932896.175012,7000,f2f09d33-bafc-49ed-86c5-3675f4f61af7,worker_2,worker_2,GPU_COMPUTE,0.050000,0.050000,GPU Compute
2932896.333012,7000,f2f09d33-bafc-49ed-86c5-3675f4f61af7,worker_2,coordinator_0,NET_TRANSFER,0.000100,0.158000,Signal Finished
2933641.840702,7000,f2f09d33-bafc-49ed-86c5-3675f4f61af7,coordinator_0,worker_3,NET_TRANSFER,9.316971,745.507690,Distribute Layer ID: fe4deb77
2933641.882543,7000,f2f09d33-bafc-49ed-86c5-3675f4f61af7,worker_3,worker_3,MEM_MOVE,5.355678,0.041841,"Evict VRAM -> RAM [Model: 07a8404e, Layer: 26899cba]"
2933641.955332,7000,f2f09d33-bafc-49ed-86c5-3675f4f61af7,worker_3,worker_3,DISK_LOAD,9.316971,0.072789,"Disk -> RAM [Model: f2f09d33, Layer: fe4deb77]"
2933642.028121,7000,f2f09d33-bafc-49ed-86c5-3675f4f61af7,worker_3,worker_3,MEM_MOVE,9.316971,0.072789,"RAM -> VRAM [Model: f2f09d33, Layer: fe4deb77]"
2933642.078121,7000,f2f09d33-bafc-49ed-86c5-3675f4f61af7,worker_3,worker_3,GPU_COMPUTE,0.050000,0.050000,GPU Compute
2933642.236121,7000,f2f09d33-bafc-49ed-86c5-3675f4f61af7,worker_3,coordinator_0,NET_TRANSFER,0.000100,0.158000,Signal Finished
2934529.137516,7000,f2f09d33-bafc-49ed-86c5-3675f4f61af7,coordinator_0,worker_4,NET_TRANSFER,11.084392,886.901395,Distribute Layer ID: 6bddc854
2934529.228369,7000,f2f09d33-bafc-49ed-86c5-3675f4f61af7,worker_4,worker_4,MEM_MOVE,11.629266,0.090854,"Evict VRAM -> RAM [Model: 07a8404e, Layer: 0f7f8af5]"
2934529.314966,7000,f2f09d33-bafc-49ed-86c5-3675f4f61af7,worker_4,worker_4,DISK_LOAD,11.084392,0.086597,"Disk -> RAM [Model: f2f09d33, Layer: 6bddc854]"
2934529.401563,7000,f2f09d33-bafc-49ed-86c5-3675f4f61af7,worker_4,worker_4,MEM_MOVE,11.084392,0.086597,"RAM -> VRAM [Model: f2f09d33, Layer: 6bddc854]"
2934529.451563,7000,f2f09d33-bafc-49ed-86c5-3675f4f61af7,worker_4,worker_4,GPU_COMPUTE,0.050000,0.050000,GPU Compute
2934529.609563,7000,f2f09d33-bafc-49ed-86c5-3675f4f61af7,worker_4,coordinator_0,NET_TRANSFER,0.000100,0.158000,Signal Finished
2935404.286003,7000,f2f09d33-bafc-49ed-86c5-3675f4f61af7,coordinator_0,worker_1,NET_TRANSFER,10.931580,874.676440,Distribute Layer ID: e6d2a2a0
2935404.341411,7000,f2f09d33-bafc-49ed-86c5-3675f4f61af7,worker_1,worker_1,MEM_MOVE,7.092307,0.055409,"Evict VRAM -> RAM [Model: 07a8404e, Layer: a520eb49]"
2935404.411823,7000,f2f09d33-bafc-49ed-86c5-3675f4f61af7,worker_1,worker_1,MEM_MOVE,9.012644,0.070411,"Evict VRAM -> RAM [Model: 07a8404e, Layer: 8e1a073e]"
2935404.497226,7000,f2f09d33-bafc-49ed-86c5-3675f4f61af7,worker_1,worker_1,DISK_LOAD,10.931580,0.085403,"Disk -> RAM [Model: f2f09d33, Layer: e6d2a2a0]"
2935404.582629,7000,f2f09d33-bafc-49ed-86c5-3675f4f61af7,worker_1,worker_1,MEM_MOVE,10.931580,0.085403,"RAM -> VRAM [Model: f2f09d33, Layer: e6d2a2a0]"
2935404.632629,7000,f2f09d33-bafc-49ed-86c5-3675f4f61af7,worker_1,worker_1,GPU_COMPUTE,0.050000,0.050000,GPU Compute
2935404.790629,7000,f2f09d33-bafc-49ed-86c5-3675f4f61af7,worker_1,coordinator_0,NET_TRANSFER,0.000100,0.158000,Signal Finished
2936277.585007,7000,f2f09d33-bafc-49ed-86c5-3675f4f61af7,coordinator_0,worker_2,NET_TRANSFER,10.908055,872.794379,Distribute Layer ID: 1a8d1bb1
2936277.665317,7000,f2f09d33-bafc-49ed-86c5-3675f4f61af7,worker_2,worker_2,MEM_MOVE,10.279623,0.080310,"Evict VRAM -> RAM [Model: 0b62db0f, Layer: f62f5a7d]"
2936277.750536,7000,f2f09d33-bafc-49ed-86c5-3675f4f61af7,worker_2,worker_2,DISK_LOAD,10.908055,0.085219,"Disk -> RAM [Model: f2f09d33, Layer: 1a8d1bb1]"
2936277.835755,7000,f2f09d33-bafc-49ed-86c5-3675f4f61af7,worker_2,worker_2,MEM_MOVE,10.908055,0.085219,"RAM -> VRAM [Model: f2f09d33, Layer: 1a8d1bb1]"
2936277.885755,7000,f2f09d33-bafc-49ed-86c5-3675f4f61af7,worker_2,worker_2,GPU_COMPUTE,0.050000,0.050000,GPU Compute
2936278.043755,7000,f2f09d33-bafc-49ed-86c5-3675f4f61af7,worker_2,coordinator_0,NET_TRANSFER,0.000100,0.158000,Signal Finished
2937320.455693,7000,f2f09d33-bafc-49ed-86c5-3675f4f61af7,coordinator_0,worker_3,NET_TRANSFER,13.028274,1042.411938,Distribute Layer ID: 9f428ced
2937320.548314,7000,f2f09d33-bafc-49ed-86c5-3675f4f61af7,worker_3,worker_3,MEM_MOVE,11.855411,0.092620,"Evict VRAM -> RAM [Model: 07a8404e, Layer: a612ca15]"
2937320.655484,7000,f2f09d33-bafc-49ed-86c5-3675f4f61af7,worker_3,worker_3,MEM_MOVE,13.717843,0.107171,"Evict VRAM -> RAM [Model: 07a8404e, Layer: b9343a5a]"
2937320.757268,7000,f2f09d33-bafc-49ed-86c5-3675f4f61af7,worker_3,worker_3,DISK_LOAD,13.028274,0.101783,"Disk -> RAM [Model: f2f09d33, Layer: 9f428ced]"
2937320.859051,7000,f2f09d33-bafc-49ed-86c5-3675f4f61af7,worker_3,worker_3,MEM_MOVE,13.028274,0.101783,"RAM -> VRAM [Model: f2f09d33, Layer: 9f428ced]"
2937320.909051,7000,f2f09d33-bafc-49ed-86c5-3675f4f61af7,worker_3,worker_3,GPU_COMPUTE,0.050000,0.050000,GPU Compute
2937321.067051,7000,f2f09d33-bafc-49ed-86c5-3675f4f61af7,worker_3,coordinator_0,NET_TRANSFER,0.000100,0.158000,Signal Finished
2938096.179828,7000,f2f09d33-bafc-49ed-86c5-3675f4f61af7,coordinator_0,worker_4,NET_TRANSFER,9.687035,775.112777,Distribute Layer ID: 4b05356c
2938096.229723,7000,f2f09d33-bafc-49ed-86c5-3675f4f61af7,worker_4,worker_4,MEM_MOVE,6.386547,0.049895,"Evict VRAM -> RAM [Model: 07a8404e, Layer: 67dcc60f]"
2938096.289840,7000,f2f09d33-bafc-49ed-86c5-3675f4f61af7,worker_4,worker_4,MEM_MOVE,7.694955,0.060117,"Evict VRAM -> RAM [Model: 07a8404e, Layer: 1d48abd3]"
2938096.365520,7000,f2f09d33-bafc-49ed-86c5-3675f4f61af7,worker_4,worker_4,DISK_LOAD,9.687035,0.075680,"Disk -> RAM [Model: f2f09d33, Layer: 4b05356c]"
2938096.441200,7000,f2f09d33-bafc-49ed-86c5-3675f4f61af7,worker_4,worker_4,MEM_MOVE,9.687035,0.075680,"RAM -> VRAM [Model: f2f09d33, Layer: 4b05356c]"
2938096.491200,7000,f2f09d33-bafc-49ed-86c5-3675f4f61af7,worker_4,worker_4,GPU_COMPUTE,0.050000,0.050000,GPU Compute
2938096.649200,7000,f2f09d33-bafc-49ed-86c5-3675f4f61af7,worker_4,coordinator_0,NET_TRANSFER,0.000100,0.158000,Signal Finished
2938567.281366,7000,f2f09d33-bafc-49ed-86c5-3675f4f61af7,coordinator_0,worker_1,NET_TRANSFER,5.881027,470.632167,Distribute Layer ID: 28814be5
2938567.326481,7000,f2f09d33-bafc-49ed-86c5-3675f4f61af7,worker_1,worker_1,MEM_MOVE,5.774618,0.045114,"Evict VRAM -> RAM [Model: 07a8404e, Layer: e2003dce]"
2938567.372426,7000,f2f09d33-bafc-49ed-86c5-3675f4f61af7,worker_1,worker_1,DISK_LOAD,5.881027,0.045946,"Disk -> RAM [Model: f2f09d33, Layer: 28814be5]"
2938567.418372,7000,f2f09d33-bafc-49ed-86c5-3675f4f61af7,worker_1,worker_1,MEM_MOVE,5.881027,0.045946,"RAM -> VRAM [Model: f2f09d33, Layer: 28814be5]"
2938567.468372,7000,f2f09d33-bafc-49ed-86c5-3675f4f61af7,worker_1,worker_1,GPU_COMPUTE,0.050000,0.050000,GPU Compute
2938567.626372,7000,f2f09d33-bafc-49ed-86c5-3675f4f61af7,worker_1,coordinator_0,NET_TRANSFER,0.000100,0.158000,Signal Finished
2939644.931452,7000,f2f09d33-bafc-49ed-86c5-3675f4f61af7,coordinator_0,worker_2,NET_TRANSFER,13.464439,1077.305080,Distribute Layer ID: 4d83a16b
2939645.025103,7000,f2f09d33-bafc-49ed-86c5-3675f4f61af7,worker_2,worker_2,MEM_MOVE,11.987339,0.093651,"Evict VRAM -> RAM [Model: 07a8404e, Layer: 2349191f]"
2939645.120021,7000,f2f09d33-bafc-49ed-86c5-3675f4f61af7,worker_2,worker_2,MEM_MOVE,12.149472,0.094918,"Evict VRAM -> RAM [Model: 07a8404e, Layer: e816e0c0]"
2939645.225212,7000,f2f09d33-bafc-49ed-86c5-3675f4f61af7,worker_2,worker_2,DISK_LOAD,13.464439,0.105191,"Disk -> RAM [Model: f2f09d33, Layer: 4d83a16b]"
2939645.330403,7000,f2f09d33-bafc-49ed-86c5-3675f4f61af7,worker_2,worker_2,MEM_MOVE,13.464439,0.105191,"RAM -> VRAM [Model: f2f09d33, Layer: 4d83a16b]"
2939645.380403,7000,f2f09d33-bafc-49ed-86c5-3675f4f61af7,worker_2,worker_2,GPU_COMPUTE,0.050000,0.050000,GPU Compute
2939645.538403,7000,f2f09d33-bafc-49ed-86c5-3675f4f61af7,worker_2,coordinator_0,NET_TRANSFER,0.000100,0.158000,Signal Finished
2940425.519201,7000,f2f09d33-bafc-49ed-86c5-3675f4f61af7,coordinator_0,worker_3,NET_TRANSFER,9.747885,779.980798,Distribute Layer ID: 62123057
2940425.595356,7000,f2f09d33-bafc-49ed-86c5-3675f4f61af7,worker_3,worker_3,DISK_LOAD,9.747885,0.076155,"Disk -> RAM [Model: f2f09d33, Layer: 62123057]"
2940425.671511,7000,f2f09d33-bafc-49ed-86c5-3675f4f61af7,worker_3,worker_3,MEM_MOVE,9.747885,0.076155,"RAM -> VRAM [Model: f2f09d33, Layer: 62123057]"
2940425.721511,7000,f2f09d33-bafc-49ed-86c5-3675f4f61af7,worker_3,worker_3,GPU_COMPUTE,0.050000,0.050000,GPU Compute
2940425.879511,7000,f2f09d33-bafc-49ed-86c5-3675f4f61af7,worker_3,coordinator_0,NET_TRANSFER,0.000100,0.158000,Signal Finished
2941350.585213,7000,f2f09d33-bafc-49ed-86c5-3675f4f61af7,coordinator_0,worker_4,NET_TRANSFER,11.556946,924.705702,Distribute Layer ID: e2178e62
2941350.634750,7000,f2f09d33-bafc-49ed-86c5-3675f4f61af7,worker_4,worker_4,MEM_MOVE,6.340753,0.049537,"Evict VRAM -> RAM [Model: 07a8404e, Layer: 10f886e3]"
2941350.725039,7000,f2f09d33-bafc-49ed-86c5-3675f4f61af7,worker_4,worker_4,DISK_LOAD,11.556946,0.090289,"Disk -> RAM [Model: f2f09d33, Layer: e2178e62]"
2941350.815327,7000,f2f09d33-bafc-49ed-86c5-3675f4f61af7,worker_4,worker_4,MEM_MOVE,11.556946,0.090289,"RAM -> VRAM [Model: f2f09d33, Layer: e2178e62]"
2941350.865327,7000,f2f09d33-bafc-49ed-86c5-3675f4f61af7,worker_4,worker_4,GPU_COMPUTE,0.050000,0.050000,GPU Compute
2941351.023327,7000,f2f09d33-bafc-49ed-86c5-3675f4f61af7,worker_4,coordinator_0,NET_TRANSFER,0.000100,0.158000,Signal Finished
2942393.559558,7000,f2f09d33-bafc-49ed-86c5-3675f4f61af7,coordinator_0,worker_1,NET_TRANSFER,13.029828,1042.536230,Distribute Layer ID: ab956a30
2942393.631846,7000,f2f09d33-bafc-49ed-86c5-3675f4f61af7,worker_1,worker_1,MEM_MOVE,9.252909,0.072288,"Evict VRAM -> RAM [Model: 07a8404e, Layer: ea06a8b8]"
2942393.733642,7000,f2f09d33-bafc-49ed-86c5-3675f4f61af7,worker_1,worker_1,DISK_LOAD,13.029828,0.101796,"Disk -> RAM [Model: f2f09d33, Layer: ab956a30]"
2942393.835437,7000,f2f09d33-bafc-49ed-86c5-3675f4f61af7,worker_1,worker_1,MEM_MOVE,13.029828,0.101796,"RAM -> VRAM [Model: f2f09d33, Layer: ab956a30]"
2942393.885437,7000,f2f09d33-bafc-49ed-86c5-3675f4f61af7,worker_1,worker_1,GPU_COMPUTE,0.050000,0.050000,GPU Compute
2942394.043437,7000,f2f09d33-bafc-49ed-86c5-3675f4f61af7,worker_1,coordinator_0,NET_TRANSFER,0.000100,0.158000,Signal Finished
2943008.180801,7000,f2f09d33-bafc-49ed-86c5-3675f4f61af7,coordinator_0,worker_2,NET_TRANSFER,7.674842,614.137364,Distribute Layer ID: cae792e6
2943008.240761,7000,f2f09d33-bafc-49ed-86c5-3675f4f61af7,worker_2,worker_2,DISK_LOAD,7.674842,0.059960,"Disk -> RAM [Model: f2f09d33, Layer: cae792e6]"
2943008.300721,7000,f2f09d33-bafc-49ed-86c5-3675f4f61af7,worker_2,worker_2,MEM_MOVE,7.674842,0.059960,"RAM -> VRAM [Model: f2f09d33, Layer: cae792e6]"
2943008.350721,7000,f2f09d33-bafc-49ed-86c5-3675f4f61af7,worker_2,worker_2,GPU_COMPUTE,0.050000,0.050000,GPU Compute
2943008.508721,7000,f2f09d33-bafc-49ed-86c5-3675f4f61af7,worker_2,coordinator_0,NET_TRANSFER,0.000100,0.158000,Signal Finished
2944214.798613,7000,f2f09d33-bafc-49ed-86c5-3675f4f61af7,coordinator_0,worker_3,NET_TRANSFER,15.076749,1206.289892,Distribute Layer ID: ee5cbe82
2944214.856198,7000,f2f09d33-bafc-49ed-86c5-3675f4f61af7,worker_3,worker_3,MEM_MOVE,7.370871,0.057585,"Evict VRAM -> RAM [Model: 07a8404e, Layer: d7838b81]"
2944214.924890,7000,f2f09d33-bafc-49ed-86c5-3675f4f61af7,worker_3,worker_3,MEM_MOVE,8.792597,0.068692,"Evict VRAM -> RAM [Model: 07a8404e, Layer: c5e006f9]"
2944215.042677,7000,f2f09d33-bafc-49ed-86c5-3675f4f61af7,worker_3,worker_3,DISK_LOAD,15.076749,0.117787,"Disk -> RAM [Model: f2f09d33, Layer: ee5cbe82]"
2944215.160464,7000,f2f09d33-bafc-49ed-86c5-3675f4f61af7,worker_3,worker_3,MEM_MOVE,15.076749,0.117787,"RAM -> VRAM [Model: f2f09d33, Layer: ee5cbe82]"
2944215.210464,7000,f2f09d33-bafc-49ed-86c5-3675f4f61af7,worker_3,worker_3,GPU_COMPUTE,0.050000,0.050000,GPU Compute
2944215.368464,7000,f2f09d33-bafc-49ed-86c5-3675f4f61af7,worker_3,coordinator_0,NET_TRANSFER,0.000100,0.158000,Signal Finished
2944981.256059,7000,f2f09d33-bafc-49ed-86c5-3675f4f61af7,coordinator_0,worker_4,NET_TRANSFER,9.571720,765.887595,Distribute Layer ID: c21c197f
2944981.351903,7000,f2f09d33-bafc-49ed-86c5-3675f4f61af7,worker_4,worker_4,MEM_MOVE,12.268080,0.095844,"Evict VRAM -> RAM [Model: 07a8404e, Layer: 1e4a7515]"
2944981.426682,7000,f2f09d33-bafc-49ed-86c5-3675f4f61af7,worker_4,worker_4,DISK_LOAD,9.571720,0.074779,"Disk -> RAM [Model: f2f09d33, Layer: c21c197f]"
2944981.501461,7000,f2f09d33-bafc-49ed-86c5-3675f4f61af7,worker_4,worker_4,MEM_MOVE,9.571720,0.074779,"RAM -> VRAM [Model: f2f09d33, Layer: c21c197f]"
2944981.551461,7000,f2f09d33-bafc-49ed-86c5-3675f4f61af7,worker_4,worker_4,GPU_COMPUTE,0.050000,0.050000,GPU Compute
2944981.709461,7000,f2f09d33-bafc-49ed-86c5-3675f4f61af7,worker_4,coordinator_0,NET_TRANSFER,0.000100,0.158000,Signal Finished
2945552.629782,7000,f2f09d33-bafc-49ed-86c5-3675f4f61af7,coordinator_0,worker_1,NET_TRANSFER,7.134629,570.920321,Distribute Layer ID: 15b6e331
2945552.716265,7000,f2f09d33-bafc-49ed-86c5-3675f4f61af7,worker_1,worker_1,MEM_MOVE,11.069829,0.086483,"Evict VRAM -> RAM [Model: 07a8404e, Layer: d6d737f2]"
2945552.772005,7000,f2f09d33-bafc-49ed-86c5-3675f4f61af7,worker_1,worker_1,DISK_LOAD,7.134629,0.055739,"Disk -> RAM [Model: f2f09d33, Layer: 15b6e331]"
2945552.827744,7000,f2f09d33-bafc-49ed-86c5-3675f4f61af7,worker_1,worker_1,MEM_MOVE,7.134629,0.055739,"RAM -> VRAM [Model: f2f09d33, Layer: 15b6e331]"
2945552.877744,7000,f2f09d33-bafc-49ed-86c5-3675f4f61af7,worker_1,worker_1,GPU_COMPUTE,0.050000,0.050000,GPU Compute
2945553.035744,7000,f2f09d33-bafc-49ed-86c5-3675f4f61af7,worker_1,coordinator_0,NET_TRANSFER,0.000100,0.158000,Signal Finished
2946214.684688,7000,f2f09d33-bafc-49ed-86c5-3675f4f61af7,coordinator_0,worker_2,NET_TRANSFER,8.268737,661.648944,Distribute Layer ID: c2caca2a
2946214.750785,7000,f2f09d33-bafc-49ed-86c5-3675f4f61af7,worker_2,worker_2,MEM_MOVE,8.460437,0.066097,"Evict VRAM -> RAM [Model: 07a8404e, Layer: 0675b1c4]"
2946214.815384,7000,f2f09d33-bafc-49ed-86c5-3675f4f61af7,worker_2,worker_2,DISK_LOAD,8.268737,0.064600,"Disk -> RAM [Model: f2f09d33, Layer: c2caca2a]"
2946214.879984,7000,f2f09d33-bafc-49ed-86c5-3675f4f61af7,worker_2,worker_2,MEM_MOVE,8.268737,0.064600,"RAM -> VRAM [Model: f2f09d33, Layer: c2caca2a]"
2946214.929984,7000,f2f09d33-bafc-49ed-86c5-3675f4f61af7,worker_2,worker_2,GPU_COMPUTE,0.050000,0.050000,GPU Compute
2946215.087984,7000,f2f09d33-bafc-49ed-86c5-3675f4f61af7,worker_2,coordinator_0,NET_TRANSFER,0.000100,0.158000,Signal Finished
2946842.333247,7000,f2f09d33-bafc-49ed-86c5-3675f4f61af7,coordinator_0,worker_3,NET_TRANSFER,7.838691,627.245263,Distribute Layer ID: 5be212a9
2946842.421911,7000,f2f09d33-bafc-49ed-86c5-3675f4f61af7,worker_3,worker_3,MEM_MOVE,11.349027,0.088664,"Evict VRAM -> RAM [Model: 07a8404e, Layer: fc3dec53]"
2946842.483151,7000,f2f09d33-bafc-49ed-86c5-3675f4f61af7,worker_3,worker_3,DISK_LOAD,7.838691,0.061240,"Disk -> RAM [Model: f2f09d33, Layer: 5be212a9]"
2946842.544391,7000,f2f09d33-bafc-49ed-86c5-3675f4f61af7,worker_3,worker_3,MEM_MOVE,7.838691,0.061240,"RAM -> VRAM [Model: f2f09d33, Layer: 5be212a9]"
2946842.594391,7000,f2f09d33-bafc-49ed-86c5-3675f4f61af7,worker_3,worker_3,GPU_COMPUTE,0.050000,0.050000,GPU Compute
2946842.752391,7000,f2f09d33-bafc-49ed-86c5-3675f4f61af7,worker_3,coordinator_0,NET_TRANSFER,0.000100,0.158000,Signal Finished
2947363.917553,7000,f2f09d33-bafc-49ed-86c5-3675f4f61af7,coordinator_0,worker_4,NET_TRANSFER,6.512690,521.165162,Distribute Layer ID: c64637a9
2947363.984623,7000,f2f09d33-bafc-49ed-86c5-3675f4f61af7,worker_4,worker_4,MEM_MOVE,8.584956,0.067070,"Evict VRAM -> RAM [Model: 07a8404e, Layer: de63eb69]"
2947364.035504,7000,f2f09d33-bafc-49ed-86c5-3675f4f61af7,worker_4,worker_4,DISK_LOAD,6.512690,0.050880,"Disk -> RAM [Model: f2f09d33, Layer: c64637a9]"
2947364.086384,7000,f2f09d33-bafc-49ed-86c5-3675f4f61af7,worker_4,worker_4,MEM_MOVE,6.512690,0.050880,"RAM -> VRAM [Model: f2f09d33, Layer: c64637a9]"
2947364.136384,7000,f2f09d33-bafc-49ed-86c5-3675f4f61af7,worker_4,worker_4,GPU_COMPUTE,0.050000,0.050000,GPU Compute
2947364.294384,7000,f2f09d33-bafc-49ed-86c5-3675f4f61af7,worker_4,coordinator_0,NET_TRANSFER,0.000100,0.158000,Signal Finished
2947818.410177,7000,f2f09d33-bafc-49ed-86c5-3675f4f61af7,coordinator_0,worker_1,NET_TRANSFER,5.674572,454.115793,Distribute Layer ID: c0def0b4
2947818.454510,7000,f2f09d33-bafc-49ed-86c5-3675f4f61af7,worker_1,worker_1,DISK_LOAD,5.674572,0.044333,"Disk -> RAM [Model: f2f09d33, Layer: c0def0b4]"
2947818.498843,7000,f2f09d33-bafc-49ed-86c5-3675f4f61af7,worker_1,worker_1,MEM_MOVE,5.674572,0.044333,"RAM -> VRAM [Model: f2f09d33, Layer: c0def0b4]"
2947818.548843,7000,f2f09d33-bafc-49ed-86c5-3675f4f61af7,worker_1,worker_1,GPU_COMPUTE,0.050000,0.050000,GPU Compute
2947818.706843,7000,f2f09d33-bafc-49ed-86c5-3675f4f61af7,worker_1,coordinator_0,NET_TRANSFER,0.000100,0.158000,Signal Finished
2948317.247343,7000,f2f09d33-bafc-49ed-86c5-3675f4f61af7,coordinator_0,worker_2,NET_TRANSFER,6.229881,498.540501,Distribute Layer ID: d525698e
2948317.321468,7000,f2f09d33-bafc-49ed-86c5-3675f4f61af7,worker_2,worker_2,MEM_MOVE,9.487969,0.074125,"Evict VRAM -> RAM [Model: 07a8404e, Layer: 6ba395d3]"
2948317.370139,7000,f2f09d33-bafc-49ed-86c5-3675f4f61af7,worker_2,worker_2,DISK_LOAD,6.229881,0.048671,"Disk -> RAM [Model: f2f09d33, Layer: d525698e]"
2948317.418810,7000,f2f09d33-bafc-49ed-86c5-3675f4f61af7,worker_2,worker_2,MEM_MOVE,6.229881,0.048671,"RAM -> VRAM [Model: f2f09d33, Layer: d525698e]"
2948317.468810,7000,f2f09d33-bafc-49ed-86c5-3675f4f61af7,worker_2,worker_2,GPU_COMPUTE,0.050000,0.050000,GPU Compute
2948317.626810,7000,f2f09d33-bafc-49ed-86c5-3675f4f61af7,worker_2,coordinator_0,NET_TRANSFER,0.000100,0.158000,Signal Finished
2949531.307421,7000,f2f09d33-bafc-49ed-86c5-3675f4f61af7,coordinator_0,worker_3,NET_TRANSFER,15.169133,1213.680611,Distribute Layer ID: 7ab6fd7c
2949531.401888,7000,f2f09d33-bafc-49ed-86c5-3675f4f61af7,worker_3,worker_3,MEM_MOVE,12.091728,0.094467,"Evict VRAM -> RAM [Model: 07a8404e, Layer: 30fdf274]"
2949531.520397,7000,f2f09d33-bafc-49ed-86c5-3675f4f61af7,worker_3,worker_3,DISK_LOAD,15.169133,0.118509,"Disk -> RAM [Model: f2f09d33, Layer: 7ab6fd7c]"
2949531.638906,7000,f2f09d33-bafc-49ed-86c5-3675f4f61af7,worker_3,worker_3,MEM_MOVE,15.169133,0.118509,"RAM -> VRAM [Model: f2f09d33, Layer: 7ab6fd7c]"
2949531.688906,7000,f2f09d33-bafc-49ed-86c5-3675f4f61af7,worker_3,worker_3,GPU_COMPUTE,0.050000,0.050000,GPU Compute
2949531.846906,7000,f2f09d33-bafc-49ed-86c5-3675f4f61af7,worker_3,coordinator_0,NET_TRANSFER,0.000100,0.158000,Signal Finished
2950619.763061,7000,f2f09d33-bafc-49ed-86c5-3675f4f61af7,coordinator_0,worker_4,NET_TRANSFER,13.597077,1087.916155,Distribute Layer ID: 7f59ea3e
2950619.854857,7000,f2f09d33-bafc-49ed-86c5-3675f4f61af7,worker_4,worker_4,MEM_MOVE,11.749902,0.091796,"Evict VRAM -> RAM [Model: 07a8404e, Layer: 25fa23f1]"
2950619.961084,7000,f2f09d33-bafc-49ed-86c5-3675f4f61af7,worker_4,worker_4,DISK_LOAD,13.597077,0.106227,"Disk -> RAM [Model: f2f09d33, Layer: 7f59ea3e]"
2950620.067312,7000,f2f09d33-bafc-49ed-86c5-3675f4f61af7,worker_4,worker_4,MEM_MOVE,13.597077,0.106227,"RAM -> VRAM [Model: f2f09d33, Layer: 7f59ea3e]"
2950620.117312,7000,f2f09d33-bafc-49ed-86c5-3675f4f61af7,worker_4,worker_4,GPU_COMPUTE,0.050000,0.050000,GPU Compute
2950620.275312,7000,f2f09d33-bafc-49ed-86c5-3675f4f61af7,worker_4,coordinator_0,NET_TRANSFER,0.000100,0.158000,Signal Finished
2951463.812636,7000,f2f09d33-bafc-49ed-86c5-3675f4f61af7,coordinator_0,worker_1,NET_TRANSFER,10.542342,843.537325,Distribute Layer ID: a4b2e850
2951463.860818,7000,f2f09d33-bafc-49ed-86c5-3675f4f61af7,worker_1,worker_1,MEM_MOVE,6.167218,0.048181,"Evict VRAM -> RAM [Model: 07a8404e, Layer: 9abaf2d7]"
2951463.918950,7000,f2f09d33-bafc-49ed-86c5-3675f4f61af7,worker_1,worker_1,MEM_MOVE,7.440881,0.058132,"Evict VRAM -> RAM [Model: 07a8404e, Layer: df1289a8]"
2951464.001312,7000,f2f09d33-bafc-49ed-86c5-3675f4f61af7,worker_1,worker_1,DISK_LOAD,10.542342,0.082362,"Disk -> RAM [Model: f2f09d33, Layer: a4b2e850]"
2951464.083674,7000,f2f09d33-bafc-49ed-86c5-3675f4f61af7,worker_1,worker_1,MEM_MOVE,10.542342,0.082362,"RAM -> VRAM [Model: f2f09d33, Layer: a4b2e850]"
2951464.133674,7000,f2f09d33-bafc-49ed-86c5-3675f4f61af7,worker_1,worker_1,GPU_COMPUTE,0.050000,0.050000,GPU Compute
2951464.291674,7000,f2f09d33-bafc-49ed-86c5-3675f4f61af7,worker_1,coordinator_0,NET_TRANSFER,0.000100,0.158000,Signal Finished
2952581.096460,7000,f2f09d33-bafc-49ed-86c5-3675f4f61af7,coordinator_0,worker_2,NET_TRANSFER,13.958185,1116.804786,Distribute Layer ID: 298532b5
2952581.193040,7000,f2f09d33-bafc-49ed-86c5-3675f4f61af7,worker_2,worker_2,MEM_MOVE,12.362234,0.096580,"Evict VRAM -> RAM [Model: 07a8404e, Layer: 59bcb7ed]"
2952581.302088,7000,f2f09d33-bafc-49ed-86c5-3675f4f61af7,worker_2,worker_2,DISK_LOAD,13.958185,0.109048,"Disk -> RAM [Model: f2f09d33, Layer: 298532b5]"
2952581.411136,7000,f2f09d33-bafc-49ed-86c5-3675f4f61af7,worker_2,worker_2,MEM_MOVE,13.958185,0.109048,"RAM -> VRAM [Model: f2f09d33, Layer: 298532b5]"
2952581.461136,7000,f2f09d33-bafc-49ed-86c5-3675f4f61af7,worker_2,worker_2,GPU_COMPUTE,0.050000,0.050000,GPU Compute
2952581.619136,7000,f2f09d33-bafc-49ed-86c5-3675f4f61af7,worker_2,coordinator_0,NET_TRANSFER,0.000100,0.158000,Signal Finished
2953586.410523,7000,f2f09d33-bafc-49ed-86c5-3675f4f61af7,coordinator_0,worker_3,NET_TRANSFER,12.558017,1004.791387,Distribute Layer ID: fe35ec1d
2953586.496032,7000,f2f09d33-bafc-49ed-86c5-3675f4f61af7,worker_3,worker_3,MEM_MOVE,10.945197,0.085509,"Evict VRAM -> RAM [Model: 07a8404e, Layer: 7d83292d]"
2953586.594142,7000,f2f09d33-bafc-49ed-86c5-3675f4f61af7,worker_3,worker_3,DISK_LOAD,12.558017,0.098110,"Disk -> RAM [Model: f2f09d33, Layer: fe35ec1d]"
2953586.692251,7000,f2f09d33-bafc-49ed-86c5-3675f4f61af7,worker_3,worker_3,MEM_MOVE,12.558017,0.098110,"RAM -> VRAM [Model: f2f09d33, Layer: fe35ec1d]"
2953586.742251,7000,f2f09d33-bafc-49ed-86c5-3675f4f61af7,worker_3,worker_3,GPU_COMPUTE,0.050000,0.050000,GPU Compute
2953586.900251,7000,f2f09d33-bafc-49ed-86c5-3675f4f61af7,worker_3,coordinator_0,NET_TRANSFER,0.000100,0.158000,Signal Finished
2954639.801260,7000,f2f09d33-bafc-49ed-86c5-3675f4f61af7,coordinator_0,worker_4,NET_TRANSFER,13.159388,1052.901009,Distribute Layer ID: 351c9616
2954639.882103,7000,f2f09d33-bafc-49ed-86c5-3675f4f61af7,worker_4,worker_4,MEM_MOVE,10.347833,0.080842,"Evict VRAM -> RAM [Model: 07a8404e, Layer: 459a4af3]"
2954639.984910,7000,f2f09d33-bafc-49ed-86c5-3675f4f61af7,worker_4,worker_4,DISK_LOAD,13.159388,0.102808,"Disk -> RAM [Model: f2f09d33, Layer: 351c9616]"
2954640.087718,7000,f2f09d33-bafc-49ed-86c5-3675f4f61af7,worker_4,worker_4,MEM_MOVE,13.159388,0.102808,"RAM -> VRAM [Model: f2f09d33, Layer: 351c9616]"
2954640.137718,7000,f2f09d33-bafc-49ed-86c5-3675f4f61af7,worker_4,worker_4,GPU_COMPUTE,0.050000,0.050000,GPU Compute
2954640.295718,7000,f2f09d33-bafc-49ed-86c5-3675f4f61af7,worker_4,coordinator_0,NET_TRANSFER,0.000100,0.158000,Signal Finished
2955831.098144,7000,f2f09d33-bafc-49ed-86c5-3675f4f61af7,coordinator_0,worker_1,NET_TRANSFER,14.883155,1190.802426,Distribute Layer ID: 353e7823
2955831.177059,7000,f2f09d33-bafc-49ed-86c5-3675f4f61af7,worker_1,worker_1,MEM_MOVE,10.101116,0.078915,"Evict VRAM -> RAM [Model: 07a8404e, Layer: 0192dc81]"
2955831.218365,7000,f2f09d33-bafc-49ed-86c5-3675f4f61af7,worker_1,worker_1,MEM_MOVE,5.287239,0.041307,"Evict VRAM -> RAM [Model: 07a8404e, Layer: 6101fb4a]"
2955831.334640,7000,f2f09d33-bafc-49ed-86c5-3675f4f61af7,worker_1,worker_1,DISK_LOAD,14.883155,0.116275,"Disk -> RAM [Model: f2f09d33, Layer: 353e7823]"
2955831.450915,7000,f2f09d33-bafc-49ed-86c5-3675f4f61af7,worker_1,worker_1,MEM_MOVE,14.883155,0.116275,"RAM -> VRAM [Model: f2f09d33, Layer: 353e7823]"
2955831.500915,7000,f2f09d33-bafc-49ed-86c5-3675f4f61af7,worker_1,worker_1,GPU_COMPUTE,0.050000,0.050000,GPU Compute
2955831.658915,7000,f2f09d33-bafc-49ed-86c5-3675f4f61af7,worker_1,coordinator_0,NET_TRANSFER,0.000100,0.158000,Signal Finished
2956569.142379,7000,f2f09d33-bafc-49ed-86c5-3675f4f61af7,coordinator_0,worker_2,NET_TRANSFER,9.216668,737.483465,Distribute Layer ID: 34d69651
2956569.183438,7000,f2f09d33-bafc-49ed-86c5-3675f4f61af7,worker_2,worker_2,MEM_MOVE,5.255532,0.041059,"Evict VRAM -> RAM [Model: 07a8404e, Layer: 16b5a6e9]"
2956569.255444,7000,f2f09d33-bafc-49ed-86c5-3675f4f61af7,worker_2,worker_2,DISK_LOAD,9.216668,0.072005,"Disk -> RAM [Model: f2f09d33, Layer: 34d69651]"
2956569.327449,7000,f2f09d33-bafc-49ed-86c5-3675f4f61af7,worker_2,worker_2,MEM_MOVE,9.216668,0.072005,"RAM -> VRAM [Model: f2f09d33, Layer: 34d69651]"
2956569.377449,7000,f2f09d33-bafc-49ed-86c5-3675f4f61af7,worker_2,worker_2,GPU_COMPUTE,0.050000,0.050000,GPU Compute
2956569.535449,7000,f2f09d33-bafc-49ed-86c5-3675f4f61af7,worker_2,coordinator_0,NET_TRANSFER,0.000100,0.158000,Signal Finished
2957207.757649,7000,f2f09d33-bafc-49ed-86c5-3675f4f61af7,coordinator_0,worker_3,NET_TRANSFER,7.975903,638.222201,Distribute Layer ID: ac6f9a20
2957207.860492,7000,f2f09d33-bafc-49ed-86c5-3675f4f61af7,worker_3,worker_3,MEM_MOVE,13.163829,0.102842,"Evict VRAM -> RAM [Model: 07a8404e, Layer: cbcf8d06]"
2957207.922803,7000,f2f09d33-bafc-49ed-86c5-3675f4f61af7,worker_3,worker_3,DISK_LOAD,7.975903,0.062312,"Disk -> RAM [Model: f2f09d33, Layer: ac6f9a20]"
2957207.985115,7000,f2f09d33-bafc-49ed-86c5-3675f4f61af7,worker_3,worker_3,MEM_MOVE,7.975903,0.062312,"RAM -> VRAM [Model: f2f09d33, Layer: ac6f9a20]"
2957208.035115,7000,f2f09d33-bafc-49ed-86c5-3675f4f61af7,worker_3,worker_3,GPU_COMPUTE,0.050000,0.050000,GPU Compute
2957208.193115,7000,f2f09d33-bafc-49ed-86c5-3675f4f61af7,worker_3,coordinator_0,NET_TRANSFER,0.000100,0.158000,Signal Finished
2957668.708288,7000,f2f09d33-bafc-49ed-86c5-3675f4f61af7,coordinator_0,worker_4,NET_TRANSFER,5.754565,460.515173,Distribute Layer ID: acdc059d
2957668.772367,7000,f2f09d33-bafc-49ed-86c5-3675f4f61af7,worker_4,worker_4,MEM_MOVE,8.202025,0.064078,"Evict VRAM -> RAM [Model: 07a8404e, Layer: fd2adc54]"
2957668.817324,7000,f2f09d33-bafc-49ed-86c5-3675f4f61af7,worker_4,worker_4,DISK_LOAD,5.754565,0.044958,"Disk -> RAM [Model: f2f09d33, Layer: acdc059d]"
2957668.862282,7000,f2f09d33-bafc-49ed-86c5-3675f4f61af7,worker_4,worker_4,MEM_MOVE,5.754565,0.044958,"RAM -> VRAM [Model: f2f09d33, Layer: acdc059d]"
2957668.912282,7000,f2f09d33-bafc-49ed-86c5-3675f4f61af7,worker_4,worker_4,GPU_COMPUTE,0.050000,0.050000,GPU Compute
2957669.070282,7000,f2f09d33-bafc-49ed-86c5-3675f4f61af7,worker_4,coordinator_0,NET_TRANSFER,0.000100,0.158000,Signal Finished
2958125.361973,7000,f2f09d33-bafc-49ed-86c5-3675f4f61af7,coordinator_0,worker_1,NET_TRANSFER,5.701771,456.291691,Distribute Layer ID: 07cdb66b
2958125.460607,7000,f2f09d33-bafc-49ed-86c5-3675f4f61af7,worker_1,worker_1,MEM_MOVE,12.625200,0.098634,"Evict VRAM -> RAM [Model: 07a8404e, Layer: fbe24e32]"
2958125.505152,7000,f2f09d33-bafc-49ed-86c5-3675f4f61af7,worker_1,worker_1,DISK_LOAD,5.701771,0.044545,"Disk -> RAM [Model: f2f09d33, Layer: 07cdb66b]"
2958125.549697,7000,f2f09d33-bafc-49ed-86c5-3675f4f61af7,worker_1,worker_1,MEM_MOVE,5.701771,0.044545,"RAM -> VRAM [Model: f2f09d33, Layer: 07cdb66b]"
2958125.599697,7000,f2f09d33-bafc-49ed-86c5-3675f4f61af7,worker_1,worker_1,GPU_COMPUTE,0.050000,0.050000,GPU Compute
2958125.757697,7000,f2f09d33-bafc-49ed-86c5-3675f4f61af7,worker_1,coordinator_0,NET_TRANSFER,0.000100,0.158000,Signal Finished
2958851.924867,7000,f2f09d33-bafc-49ed-86c5-3675f4f61af7,coordinator_0,worker_2,NET_TRANSFER,9.075215,726.167170,Distribute Layer ID: c1a59193
2958851.991190,7000,f2f09d33-bafc-49ed-86c5-3675f4f61af7,worker_2,worker_2,MEM_MOVE,8.489389,0.066323,"Evict VRAM -> RAM [Model: 07a8404e, Layer: ea3d05f3]"
2958852.062090,7000,f2f09d33-bafc-49ed-86c5-3675f4f61af7,worker_2,worker_2,DISK_LOAD,9.075215,0.070900,"Disk -> RAM [Model: f2f09d33, Layer: c1a59193]"
2958852.132991,7000,f2f09d33-bafc-49ed-86c5-3675f4f61af7,worker_2,worker_2,MEM_MOVE,9.075215,0.070900,"RAM -> VRAM [Model: f2f09d33, Layer: c1a59193]"
2958852.182991,7000,f2f09d33-bafc-49ed-86c5-3675f4f61af7,worker_2,worker_2,GPU_COMPUTE,0.050000,0.050000,GPU Compute
2958852.340991,7000,f2f09d33-bafc-49ed-86c5-3675f4f61af7,worker_2,coordinator_0,NET_TRANSFER,0.000100,0.158000,Signal Finished
2959889.064610,7000,f2f09d33-bafc-49ed-86c5-3675f4f61af7,coordinator_0,worker_3,NET_TRANSFER,12.957170,1036.723619,Distribute Layer ID: 951ec98c
2959889.146954,7000,f2f09d33-bafc-49ed-86c5-3675f4f61af7,worker_3,worker_3,MEM_MOVE,10.540035,0.082344,"Evict VRAM -> RAM [Model: 07a8404e, Layer: db7164e4]"
2959889.248181,7000,f2f09d33-bafc-49ed-86c5-3675f4f61af7,worker_3,worker_3,DISK_LOAD,12.957170,0.101228,"Disk -> RAM [Model: f2f09d33, Layer: 951ec98c]"
2959889.349409,7000,f2f09d33-bafc-49ed-86c5-3675f4f61af7,worker_3,worker_3,MEM_MOVE,12.957170,0.101228,"RAM -> VRAM [Model: f2f09d33, Layer: 951ec98c]"
2959889.399409,7000,f2f09d33-bafc-49ed-86c5-3675f4f61af7,worker_3,worker_3,GPU_COMPUTE,0.050000,0.050000,GPU Compute
2959889.557409,7000,f2f09d33-bafc-49ed-86c5-3675f4f61af7,worker_3,coordinator_0,NET_TRANSFER,0.000100,0.158000,Signal Finished
2960967.320216,5001,5da2df27-cf63-4c4c-ae5e-62dac7a03a3d,coordinator_0,worker_2,NET_TRANSFER,13.470160,1077.762806,Distribute Layer ID: bf0da882
2960967.402475,5001,5da2df27-cf63-4c4c-ae5e-62dac7a03a3d,worker_2,worker_2,MEM_MOVE,10.529219,0.082260,"Evict VRAM -> RAM [Model: 07a8404e, Layer: 9fd1c1cf]"
2960967.463675,5001,5da2df27-cf63-4c4c-ae5e-62dac7a03a3d,worker_2,worker_2,MEM_MOVE,7.833619,0.061200,"Evict VRAM -> RAM [Model: 07a8404e, Layer: ff36746d]"
2960967.568911,5001,5da2df27-cf63-4c4c-ae5e-62dac7a03a3d,worker_2,worker_2,DISK_LOAD,13.470160,0.105236,"Disk -> RAM [Model: 5da2df27, Layer: bf0da882]"
2960967.674147,5001,5da2df27-cf63-4c4c-ae5e-62dac7a03a3d,worker_2,worker_2,MEM_MOVE,13.470160,0.105236,"RAM -> VRAM [Model: 5da2df27, Layer: bf0da882]"
2960967.724147,5001,5da2df27-cf63-4c4c-ae5e-62dac7a03a3d,worker_2,worker_2,GPU_COMPUTE,0.050000,0.050000,GPU Compute
2960967.882147,5001,5da2df27-cf63-4c4c-ae5e-62dac7a03a3d,worker_2,coordinator_0,NET_TRANSFER,0.000100,0.158000,Signal Finished
2961399.379126,5001,5da2df27-cf63-4c4c-ae5e-62dac7a03a3d,coordinator_0,worker_3,NET_TRANSFER,5.391837,431.496979,Distribute Layer ID: cf389002
2961399.421250,5001,5da2df27-cf63-4c4c-ae5e-62dac7a03a3d,worker_3,worker_3,DISK_LOAD,5.391837,0.042124,"Disk -> RAM [Model: 5da2df27, Layer: cf389002]"
2961399.463373,5001,5da2df27-cf63-4c4c-ae5e-62dac7a03a3d,worker_3,worker_3,MEM_MOVE,5.391837,0.042124,"RAM -> VRAM [Model: 5da2df27, Layer: cf389002]"
2961399.513373,5001,5da2df27-cf63-4c4c-ae5e-62dac7a03a3d,worker_3,worker_3,GPU_COMPUTE,0.050000,0.050000,GPU Compute
2961399.671373,5001,5da2df27-cf63-4c4c-ae5e-62dac7a03a3d,worker_3,coordinator_0,NET_TRANSFER,0.000100,0.158000,Signal Finished
2961878.193214,5001,5da2df27-cf63-4c4c-ae5e-62dac7a03a3d,coordinator_0,worker_4,NET_TRANSFER,5.979648,478.521840,Distribute Layer ID: 000b1963
2961878.233985,5001,5da2df27-cf63-4c4c-ae5e-62dac7a03a3d,worker_4,worker_4,MEM_MOVE,5.218766,0.040772,"Evict VRAM -> RAM [Model: 07a8404e, Layer: dd3fbc92]"
2961878.280701,5001,5da2df27-cf63-4c4c-ae5e-62dac7a03a3d,worker_4,worker_4,DISK_LOAD,5.979648,0.046716,"Disk -> RAM [Model: 5da2df27, Layer: 000b1963]"
2961878.327417,5001,5da2df27-cf63-4c4c-ae5e-62dac7a03a3d,worker_4,worker_4,MEM_MOVE,5.979648,0.046716,"RAM -> VRAM [Model: 5da2df27, Layer: 000b1963]"
2961878.377417,5001,5da2df27-cf63-4c4c-ae5e-62dac7a03a3d,worker_4,worker_4,GPU_COMPUTE,0.050000,0.050000,GPU Compute
2961878.535417,5001,5da2df27-cf63-4c4c-ae5e-62dac7a03a3d,worker_4,coordinator_0,NET_TRANSFER,0.000100,0.158000,Signal Finished
2963034.401546,5001,5da2df27-cf63-4c4c-ae5e-62dac7a03a3d,coordinator_0,worker_1,NET_TRANSFER,14.446452,1155.866129,Distribute Layer ID: aee216db
2963034.491294,5001,5da2df27-cf63-4c4c-ae5e-62dac7a03a3d,worker_1,worker_1,MEM_MOVE,11.487815,0.089749,"Evict VRAM -> RAM [Model: 07a8404e, Layer: c2d398ff]"
2963034.604157,5001,5da2df27-cf63-4c4c-ae5e-62dac7a03a3d,worker_1,worker_1,DISK_LOAD,14.446452,0.112863,"Disk -> RAM [Model: 5da2df27, Layer: aee216db]"
2963034.717020,5001,5da2df27-cf63-4c4c-ae5e-62dac7a03a3d,worker_1,worker_1,MEM_MOVE,14.446452,0.112863,"RAM -> VRAM [Model: 5da2df27, Layer: aee216db]"
2963034.767020,5001,5da2df27-cf63-4c4c-ae5e-62dac7a03a3d,worker_1,worker_1,GPU_COMPUTE,0.050000,0.050000,GPU Compute
2963034.925020,5001,5da2df27-cf63-4c4c-ae5e-62dac7a03a3d,worker_1,coordinator_0,NET_TRANSFER,0.000100,0.158000,Signal Finished
2964043.458392,5001,5da2df27-cf63-4c4c-ae5e-62dac7a03a3d,coordinator_0,worker_2,NET_TRANSFER,12.604792,1008.533372,Distribute Layer ID: fa86e691
2964043.512048,5001,5da2df27-cf63-4c4c-ae5e-62dac7a03a3d,worker_2,worker_2,MEM_MOVE,6.867942,0.053656,"Evict VRAM -> RAM [Model: 07a8404e, Layer: 7b8901c4]"
2964043.610523,5001,5da2df27-cf63-4c4c-ae5e-62dac7a03a3d,worker_2,worker_2,DISK_LOAD,12.604792,0.098475,"Disk -> RAM [Model: 5da2df27, Layer: fa86e691]"
2964043.708998,5001,5da2df27-cf63-4c4c-ae5e-62dac7a03a3d,worker_2,worker_2,MEM_MOVE,12.604792,0.098475,"RAM -> VRAM [Model: 5da2df27, Layer: fa86e691]"
2964043.758998,5001,5da2df27-cf63-4c4c-ae5e-62dac7a03a3d,worker_2,worker_2,GPU_COMPUTE,0.050000,0.050000,GPU Compute
2964043.916998,5001,5da2df27-cf63-4c4c-ae5e-62dac7a03a3d,worker_2,coordinator_0,NET_TRANSFER,0.000100,0.158000,Signal Finished
2964882.696025,5001,5da2df27-cf63-4c4c-ae5e-62dac7a03a3d,coordinator_0,worker_3,NET_TRANSFER,10.482863,838.779027,Distribute Layer ID: 036df548
2964882.772873,5001,5da2df27-cf63-4c4c-ae5e-62dac7a03a3d,worker_3,worker_3,MEM_MOVE,9.836524,0.076848,"Evict VRAM -> RAM [Model: 07a8404e, Layer: b8b3cdab]"
2964882.854770,5001,5da2df27-cf63-4c4c-ae5e-62dac7a03a3d,worker_3,worker_3,DISK_LOAD,10.482863,0.081897,"Disk -> RAM [Model: 5da2df27, Layer: 036df548]"
2964882.936668,5001,5da2df27-cf63-4c4c-ae5e-62dac7a03a3d,worker_3,worker_3,MEM_MOVE,10.482863,0.081897,"RAM -> VRAM [Model: 5da2df27, Layer: 036df548]"
2964882.986668,5001,5da2df27-cf63-4c4c-ae5e-62dac7a03a3d,worker_3,worker_3,GPU_COMPUTE,0.050000,0.050000,GPU Compute
2964883.144668,5001,5da2df27-cf63-4c4c-ae5e-62dac7a03a3d,worker_3,coordinator_0,NET_TRANSFER,0.000100,0.158000,Signal Finished
2966027.599925,5001,5da2df27-cf63-4c4c-ae5e-62dac7a03a3d,coordinator_0,worker_4,NET_TRANSFER,14.303816,1144.455257,Distribute Layer ID: 518c613f
2966027.659892,5001,5da2df27-cf63-4c4c-ae5e-62dac7a03a3d,worker_4,worker_4,MEM_MOVE,7.675792,0.059967,"Evict VRAM -> RAM [Model: 07a8404e, Layer: 91da1472]"
2966027.752118,5001,5da2df27-cf63-4c4c-ae5e-62dac7a03a3d,worker_4,worker_4,MEM_MOVE,11.804905,0.092226,"Evict VRAM -> RAM [Model: 07a8404e, Layer: 750c094f]"
2966027.863866,5001,5da2df27-cf63-4c4c-ae5e-62dac7a03a3d,worker_4,worker_4,DISK_LOAD,14.303816,0.111749,"Disk -> RAM [Model: 5da2df27, Layer: 518c613f]"
2966027.975615,5001,5da2df27-cf63-4c4c-ae5e-62dac7a03a3d,worker_4,worker_4,MEM_MOVE,14.303816,0.111749,"RAM -> VRAM [Model: 5da2df27, Layer: 518c613f]"
2966028.025615,5001,5da2df27-cf63-4c4c-ae5e-62dac7a03a3d,worker_4,worker_4,GPU_COMPUTE,0.050000,0.050000,GPU Compute
2966028.183615,5001,5da2df27-cf63-4c4c-ae5e-62dac7a03a3d,worker_4,coordinator_0,NET_TRANSFER,0.000100,0.158000,Signal Finished
2966453.871954,5001,5da2df27-cf63-4c4c-ae5e-62dac7a03a3d,coordinator_0,worker_1,NET_TRANSFER,5.319229,425.688339,Distribute Layer ID: 403c35c5
2966453.913510,5001,5da2df27-cf63-4c4c-ae5e-62dac7a03a3d,worker_1,worker_1,DISK_LOAD,5.319229,0.041556,"Disk -> RAM [Model: 5da2df27, Layer: 403c35c5]"
2966453.955067,5001,5da2df27-cf63-4c4c-ae5e-62dac7a03a3d,worker_1,worker_1,MEM_MOVE,5.319229,0.041556,"RAM -> VRAM [Model: 5da2df27, Layer: 403c35c5]"
2966454.005067,5001,5da2df27-cf63-4c4c-ae5e-62dac7a03a3d,worker_1,worker_1,GPU_COMPUTE,0.050000,0.050000,GPU Compute
2966454.163067,5001,5da2df27-cf63-4c4c-ae5e-62dac7a03a3d,worker_1,coordinator_0,NET_TRANSFER,0.000100,0.158000,Signal Finished
2966968.294058,5001,5da2df27-cf63-4c4c-ae5e-62dac7a03a3d,coordinator_0,worker_2,NET_TRANSFER,6.424762,514.130991,Distribute Layer ID: fc76a07e
2966968.360694,5001,5da2df27-cf63-4c4c-ae5e-62dac7a03a3d,worker_2,worker_2,MEM_MOVE,8.529507,0.066637,"Evict VRAM -> RAM [Model: 07a8404e, Layer: cc980290]"
2966968.410888,5001,5da2df27-cf63-4c4c-ae5e-62dac7a03a3d,worker_2,worker_2,DISK_LOAD,6.424762,0.050193,"Disk -> RAM [Model: 5da2df27, Layer: fc76a07e]"
2966968.461081,5001,5da2df27-cf63-4c4c-ae5e-62dac7a03a3d,worker_2,worker_2,MEM_MOVE,6.424762,0.050193,"RAM -> VRAM [Model: 5da2df27, Layer: fc76a07e]"
2966968.511081,5001,5da2df27-cf63-4c4c-ae5e-62dac7a03a3d,worker_2,worker_2,GPU_COMPUTE,0.050000,0.050000,GPU Compute
2966968.669081,5001,5da2df27-cf63-4c4c-ae5e-62dac7a03a3d,worker_2,coordinator_0,NET_TRANSFER,0.000100,0.158000,Signal Finished
2967652.796704,5001,5da2df27-cf63-4c4c-ae5e-62dac7a03a3d,coordinator_0,worker_3,NET_TRANSFER,8.549720,684.127623,Distribute Layer ID: 4096c8c1
2967652.872349,5001,5da2df27-cf63-4c4c-ae5e-62dac7a03a3d,worker_3,worker_3,MEM_MOVE,9.682623,0.075645,"Evict VRAM -> RAM [Model: 07a8404e, Layer: c4988dec]"
2967652.939144,5001,5da2df27-cf63-4c4c-ae5e-62dac7a03a3d,worker_3,worker_3,DISK_LOAD,8.549720,0.066795,"Disk -> RAM [Model: 5da2df27, Layer: 4096c8c1]"
2967653.005939,5001,5da2df27-cf63-4c4c-ae5e-62dac7a03a3d,worker_3,worker_3,MEM_MOVE,8.549720,0.066795,"RAM -> VRAM [Model: 5da2df27, Layer: 4096c8c1]"
2967653.055939,5001,5da2df27-cf63-4c4c-ae5e-62dac7a03a3d,worker_3,worker_3,GPU_COMPUTE,0.050000,0.050000,GPU Compute
2967653.213939,5001,5da2df27-cf63-4c4c-ae5e-62dac7a03a3d,worker_3,coordinator_0,NET_TRANSFER,0.000100,0.158000,Signal Finished
2968639.017574,5001,5da2df27-cf63-4c4c-ae5e-62dac7a03a3d,coordinator_0,worker_4,NET_TRANSFER,12.320670,985.803636,Distribute Layer ID: ac99d06c
2968639.079567,5001,5da2df27-cf63-4c4c-ae5e-62dac7a03a3d,worker_4,worker_4,MEM_MOVE,7.934998,0.061992,"Evict VRAM -> RAM [Model: 07a8404e, Layer: 84f7f9c2]"
2968639.175822,5001,5da2df27-cf63-4c4c-ae5e-62dac7a03a3d,worker_4,worker_4,DISK_LOAD,12.320670,0.096255,"Disk -> RAM [Model: 5da2df27, Layer: ac99d06c]"
2968639.272077,5001,5da2df27-cf63-4c4c-ae5e-62dac7a03a3d,worker_4,worker_4,MEM_MOVE,12.320670,0.096255,"RAM -> VRAM [Model: 5da2df27, Layer: ac99d06c]"
2968639.322077,5001,5da2df27-cf63-4c4c-ae5e-62dac7a03a3d,worker_4,worker_4,GPU_COMPUTE,0.050000,0.050000,GPU Compute
2968639.480077,5001,5da2df27-cf63-4c4c-ae5e-62dac7a03a3d,worker_4,coordinator_0,NET_TRANSFER,0.000100,0.158000,Signal Finished
2969580.911703,5001,5da2df27-cf63-4c4c-ae5e-62dac7a03a3d,coordinator_0,worker_1,NET_TRANSFER,11.766020,941.431626,Distribute Layer ID: 7d3aea54
2969580.953944,5001,5da2df27-cf63-4c4c-ae5e-62dac7a03a3d,worker_1,worker_1,MEM_MOVE,5.406834,0.042241,"Evict VRAM -> RAM [Model: 07a8404e, Layer: 0b5c2399]"
2969581.022754,5001,5da2df27-cf63-4c4c-ae5e-62dac7a03a3d,worker_1,worker_1,MEM_MOVE,8.807612,0.068809,"Evict VRAM -> RAM [Model: 07a8404e, Layer: 85570caf]"
2969581.114676,5001,5da2df27-cf63-4c4c-ae5e-62dac7a03a3d,worker_1,worker_1,DISK_LOAD,11.766020,0.091922,"Disk -> RAM [Model: 5da2df27, Layer: 7d3aea54]"
2969581.206598,5001,5da2df27-cf63-4c4c-ae5e-62dac7a03a3d,worker_1,worker_1,MEM_MOVE,11.766020,0.091922,"RAM -> VRAM [Model: 5da2df27, Layer: 7d3aea54]"
2969581.256598,5001,5da2df27-cf63-4c4c-ae5e-62dac7a03a3d,worker_1,worker_1,GPU_COMPUTE,0.050000,0.050000,GPU Compute
2969581.414598,5001,5da2df27-cf63-4c4c-ae5e-62dac7a03a3d,worker_1,coordinator_0,NET_TRANSFER,0.000100,0.158000,Signal Finished
2970645.681559,5001,5da2df27-cf63-4c4c-ae5e-62dac7a03a3d,coordinator_0,worker_2,NET_TRANSFER,13.301462,1064.266961,Distribute Layer ID: 818530d6
2970645.750240,5001,5da2df27-cf63-4c4c-ae5e-62dac7a03a3d,worker_2,worker_2,MEM_MOVE,8.791224,0.068681,"Evict VRAM -> RAM [Model: 07a8404e, Layer: 5629f00c]"
2970645.823874,5001,5da2df27-cf63-4c4c-ae5e-62dac7a03a3d,worker_2,worker_2,MEM_MOVE,9.425213,0.073634,"Evict VRAM -> RAM [Model: 07a8404e, Layer: 3090a326]"
2970645.927792,5001,5da2df27-cf63-4c4c-ae5e-62dac7a03a3d,worker_2,worker_2,DISK_LOAD,13.301462,0.103918,"Disk -> RAM [Model: 5da2df27, Layer: 818530d6]"
2970646.031710,5001,5da2df27-cf63-4c4c-ae5e-62dac7a03a3d,worker_2,worker_2,MEM_MOVE,13.301462,0.103918,"RAM -> VRAM [Model: 5da2df27, Layer: 818530d6]"
2970646.081710,5001,5da2df27-cf63-4c4c-ae5e-62dac7a03a3d,worker_2,worker_2,GPU_COMPUTE,0.050000,0.050000,GPU Compute
2970646.239710,5001,5da2df27-cf63-4c4c-ae5e-62dac7a03a3d,worker_2,coordinator_0,NET_TRANSFER,0.000100,0.158000,Signal Finished
2971209.135216,5001,5da2df27-cf63-4c4c-ae5e-62dac7a03a3d,coordinator_0,worker_3,NET_TRANSFER,7.034319,562.895506,Distribute Layer ID: e2af8719
2971209.176708,5001,5da2df27-cf63-4c4c-ae5e-62dac7a03a3d,worker_3,worker_3,MEM_MOVE,5.310907,0.041491,"Evict VRAM -> RAM [Model: 07a8404e, Layer: 11633c12]"
2971209.269422,5001,5da2df27-cf63-4c4c-ae5e-62dac7a03a3d,worker_3,worker_3,MEM_MOVE,11.867394,0.092714,"Evict VRAM -> RAM [Model: 9c81d38f, Layer: c7098950]"
2971209.324377,5001,5da2df27-cf63-4c4c-ae5e-62dac7a03a3d,worker_3,worker_3,DISK_LOAD,7.034319,0.054956,"Disk -> RAM [Model: 5da2df27, Layer: e2af8719]"
2971209.379333,5001,5da2df27-cf63-4c4c-ae5e-62dac7a03a3d,worker_3,worker_3,MEM_MOVE,7.034319,0.054956,"RAM -> VRAM [Model: 5da2df27, Layer: e2af8719]"
2971209.429333,5001,5da2df27-cf63-4c4c-ae5e-62dac7a03a3d,worker_3,worker_3,GPU_COMPUTE,0.050000,0.050000,GPU Compute
2971209.587333,5001,5da2df27-cf63-4c4c-ae5e-62dac7a03a3d,worker_3,coordinator_0,NET_TRANSFER,0.000100,0.158000,Signal Finished
2971893.527111,5001,5da2df27-cf63-4c4c-ae5e-62dac7a03a3d,coordinator_0,worker_4,NET_TRANSFER,8.547372,683.939778,Distribute Layer ID: c27220ff
2971893.645685,5001,5da2df27-cf63-4c4c-ae5e-62dac7a03a3d,worker_4,worker_4,MEM_MOVE,15.177412,0.118574,"Evict VRAM -> RAM [Model: 07a8404e, Layer: 1720c981]"
2971893.712461,5001,5da2df27-cf63-4c4c-ae5e-62dac7a03a3d,worker_4,worker_4,DISK_LOAD,8.547372,0.066776,"Disk -> RAM [Model: 5da2df27, Layer: c27220ff]"
2971893.779237,5001,5da2df27-cf63-4c4c-ae5e-62dac7a03a3d,worker_4,worker_4,MEM_MOVE,8.547372,0.066776,"RAM -> VRAM [Model: 5da2df27, Layer: c27220ff]"
2971893.829237,5001,5da2df27-cf63-4c4c-ae5e-62dac7a03a3d,worker_4,worker_4,GPU_COMPUTE,0.050000,0.050000,GPU Compute
2971893.987237,5001,5da2df27-cf63-4c4c-ae5e-62dac7a03a3d,worker_4,coordinator_0,NET_TRANSFER,0.000100,0.158000,Signal Finished
2972859.023177,5001,5da2df27-cf63-4c4c-ae5e-62dac7a03a3d,coordinator_0,worker_1,NET_TRANSFER,12.061074,965.035939,Distribute Layer ID: 551dfa47
2972859.117835,5001,5da2df27-cf63-4c4c-ae5e-62dac7a03a3d,worker_1,worker_1,MEM_MOVE,12.116269,0.094658,"Evict VRAM -> RAM [Model: 07a8404e, Layer: a9521b49]"
2972859.212062,5001,5da2df27-cf63-4c4c-ae5e-62dac7a03a3d,worker_1,worker_1,DISK_LOAD,12.061074,0.094227,"Disk -> RAM [Model: 5da2df27, Layer: 551dfa47]"
2972859.306289,5001,5da2df27-cf63-4c4c-ae5e-62dac7a03a3d,worker_1,worker_1,MEM_MOVE,12.061074,0.094227,"RAM -> VRAM [Model: 5da2df27, Layer: 551dfa47]"
2972859.356289,5001,5da2df27-cf63-4c4c-ae5e-62dac7a03a3d,worker_1,worker_1,GPU_COMPUTE,0.050000,0.050000,GPU Compute
2972859.514289,5001,5da2df27-cf63-4c4c-ae5e-62dac7a03a3d,worker_1,coordinator_0,NET_TRANSFER,0.000100,0.158000,Signal Finished
2974023.429006,5001,5da2df27-cf63-4c4c-ae5e-62dac7a03a3d,coordinator_0,worker_2,NET_TRANSFER,14.547059,1163.914717,Distribute Layer ID: 529ff334
2974023.508249,5001,5da2df27-cf63-4c4c-ae5e-62dac7a03a3d,worker_2,worker_2,MEM_MOVE,10.143025,0.079242,"Evict VRAM -> RAM [Model: 07a8404e, Layer: 04811247]"
2974023.621898,5001,5da2df27-cf63-4c4c-ae5e-62dac7a03a3d,worker_2,worker_2,DISK_LOAD,14.547059,0.113649,"Disk -> RAM [Model: 5da2df27, Layer: 529ff334]"
2974023.735547,5001,5da2df27-cf63-4c4c-ae5e-62dac7a03a3d,worker_2,worker_2,MEM_MOVE,14.547059,0.113649,"RAM -> VRAM [Model: 5da2df27, Layer: 529ff334]"
2974023.785547,5001,5da2df27-cf63-4c4c-ae5e-62dac7a03a3d,worker_2,worker_2,GPU_COMPUTE,0.050000,0.050000,GPU Compute
2974023.943547,5001,5da2df27-cf63-4c4c-ae5e-62dac7a03a3d,worker_2,coordinator_0,NET_TRANSFER,0.000100,0.158000,Signal Finished
2974916.699821,5001,5da2df27-cf63-4c4c-ae5e-62dac7a03a3d,coordinator_0,worker_3,NET_TRANSFER,11.157578,892.756274,Distribute Layer ID: de93ca85
2974916.786989,5001,5da2df27-cf63-4c4c-ae5e-62dac7a03a3d,worker_3,worker_3,DISK_LOAD,11.157578,0.087169,"Disk -> RAM [Model: 5da2df27, Layer: de93ca85]"
2974916.874158,5001,5da2df27-cf63-4c4c-ae5e-62dac7a03a3d,worker_3,worker_3,MEM_MOVE,11.157578,0.087169,"RAM -> VRAM [Model: 5da2df27, Layer: de93ca85]"
2974916.924158,5001,5da2df27-cf63-4c4c-ae5e-62dac7a03a3d,worker_3,worker_3,GPU_COMPUTE,0.050000,0.050000,GPU Compute
2974917.082158,5001,5da2df27-cf63-4c4c-ae5e-62dac7a03a3d,worker_3,coordinator_0,NET_TRANSFER,0.000100,0.158000,Signal Finished
2975891.006001,5001,5da2df27-cf63-4c4c-ae5e-62dac7a03a3d,coordinator_0,worker_4,NET_TRANSFER,12.172173,973.923843,Distribute Layer ID: 02cbf609
2975891.086736,5001,5da2df27-cf63-4c4c-ae5e-62dac7a03a3d,worker_4,worker_4,MEM_MOVE,10.334158,0.080736,"Evict VRAM -> RAM [Model: 07a8404e, Layer: d979c7e9]"
2975891.181832,5001,5da2df27-cf63-4c4c-ae5e-62dac7a03a3d,worker_4,worker_4,DISK_LOAD,12.172173,0.095095,"Disk -> RAM [Model: 5da2df27, Layer: 02cbf609]"
2975891.276927,5001,5da2df27-cf63-4c4c-ae5e-62dac7a03a3d,worker_4,worker_4,MEM_MOVE,12.172173,0.095095,"RAM -> VRAM [Model: 5da2df27, Layer: 02cbf609]"
2975891.326927,5001,5da2df27-cf63-4c4c-ae5e-62dac7a03a3d,worker_4,worker_4,GPU_COMPUTE,0.050000,0.050000,GPU Compute
2975891.484927,5001,5da2df27-cf63-4c4c-ae5e-62dac7a03a3d,worker_4,coordinator_0,NET_TRANSFER,0.000100,0.158000,Signal Finished
2976962.033497,5001,5da2df27-cf63-4c4c-ae5e-62dac7a03a3d,coordinator_0,worker_1,NET_TRANSFER,13.379982,1070.548571,Distribute Layer ID: ce840848
2976962.069870,5001,5da2df27-cf63-4c4c-ae5e-62dac7a03a3d,worker_1,worker_1,MEM_MOVE,4.655657,0.036372,"Evict VRAM -> RAM [Model: 9c81d38f, Layer: 7e01881f]"
2976962.131564,5001,5da2df27-cf63-4c4c-ae5e-62dac7a03a3d,worker_1,worker_1,MEM_MOVE,7.896857,0.061694,"Evict VRAM -> RAM [Model: 9c81d38f, Layer: 377b6260]"
2976962.236095,5001,5da2df27-cf63-4c4c-ae5e-62dac7a03a3d,worker_1,worker_1,DISK_LOAD,13.379982,0.104531,"Disk -> RAM [Model: 5da2df27, Layer: ce840848]"
2976962.340626,5001,5da2df27-cf63-4c4c-ae5e-62dac7a03a3d,worker_1,worker_1,MEM_MOVE,13.379982,0.104531,"RAM -> VRAM [Model: 5da2df27, Layer: ce840848]"
2976962.390626,5001,5da2df27-cf63-4c4c-ae5e-62dac7a03a3d,worker_1,worker_1,GPU_COMPUTE,0.050000,0.050000,GPU Compute
2976962.548626,5001,5da2df27-cf63-4c4c-ae5e-62dac7a03a3d,worker_1,coordinator_0,NET_TRANSFER,0.000100,0.158000,Signal Finished
2977950.115186,5001,5da2df27-cf63-4c4c-ae5e-62dac7a03a3d,coordinator_0,worker_2,NET_TRANSFER,12.342707,987.566560,Distribute Layer ID: 4c41d298
2977950.175737,5001,5da2df27-cf63-4c4c-ae5e-62dac7a03a3d,worker_2,worker_2,MEM_MOVE,7.750489,0.060551,"Evict VRAM -> RAM [Model: 07a8404e, Layer: 659af6ca]"
2977950.260928,5001,5da2df27-cf63-4c4c-ae5e-62dac7a03a3d,worker_2,worker_2,MEM_MOVE,10.904468,0.085191,"Evict VRAM -> RAM [Model: 9c81d38f, Layer: f3b90d3d]"
2977950.357356,5001,5da2df27-cf63-4c4c-ae5e-62dac7a03a3d,worker_2,worker_2,DISK_LOAD,12.342707,0.096427,"Disk -> RAM [Model: 5da2df27, Layer: 4c41d298]"
2977950.453783,5001,5da2df27-cf63-4c4c-ae5e-62dac7a03a3d,worker_2,worker_2,MEM_MOVE,12.342707,0.096427,"RAM -> VRAM [Model: 5da2df27, Layer: 4c41d298]"
2977950.503783,5001,5da2df27-cf63-4c4c-ae5e-62dac7a03a3d,worker_2,worker_2,GPU_COMPUTE,0.050000,0.050000,GPU Compute
2977950.661783,5001,5da2df27-cf63-4c4c-ae5e-62dac7a03a3d,worker_2,coordinator_0,NET_TRANSFER,0.000100,0.158000,Signal Finished
2978938.014946,5001,5da2df27-cf63-4c4c-ae5e-62dac7a03a3d,coordinator_0,worker_3,NET_TRANSFER,12.340040,987.353163,Distribute Layer ID: 4090f3a5
2978938.108756,5001,5da2df27-cf63-4c4c-ae5e-62dac7a03a3d,worker_3,worker_3,MEM_MOVE,12.007575,0.093809,"Evict VRAM -> RAM [Model: 9c81d38f, Layer: 62ddc759]"
2978938.150324,5001,5da2df27-cf63-4c4c-ae5e-62dac7a03a3d,worker_3,worker_3,MEM_MOVE,5.320763,0.041568,"Evict VRAM -> RAM [Model: 9c81d38f, Layer: c4ee1975]"
2978938.246731,5001,5da2df27-cf63-4c4c-ae5e-62dac7a03a3d,worker_3,worker_3,DISK_LOAD,12.340040,0.096407,"Disk -> RAM [Model: 5da2df27, Layer: 4090f3a5]"
2978938.343137,5001,5da2df27-cf63-4c4c-ae5e-62dac7a03a3d,worker_3,worker_3,MEM_MOVE,12.340040,0.096407,"RAM -> VRAM [Model: 5da2df27, Layer: 4090f3a5]"
2978938.393137,5001,5da2df27-cf63-4c4c-ae5e-62dac7a03a3d,worker_3,worker_3,GPU_COMPUTE,0.050000,0.050000,GPU Compute
2978938.551137,5001,5da2df27-cf63-4c4c-ae5e-62dac7a03a3d,worker_3,coordinator_0,NET_TRANSFER,0.000100,0.158000,Signal Finished
2979585.005322,5001,5da2df27-cf63-4c4c-ae5e-62dac7a03a3d,coordinator_0,worker_4,NET_TRANSFER,8.078802,646.454185,Distribute Layer ID: 266b1949
2979585.098850,5001,5da2df27-cf63-4c4c-ae5e-62dac7a03a3d,worker_4,worker_4,MEM_MOVE,11.971590,0.093528,"Evict VRAM -> RAM [Model: 9c81d38f, Layer: 7778d762]"
2979585.161966,5001,5da2df27-cf63-4c4c-ae5e-62dac7a03a3d,worker_4,worker_4,DISK_LOAD,8.078802,0.063116,"Disk -> RAM [Model: 5da2df27, Layer: 266b1949]"
2979585.225081,5001,5da2df27-cf63-4c4c-ae5e-62dac7a03a3d,worker_4,worker_4,MEM_MOVE,8.078802,0.063116,"RAM -> VRAM [Model: 5da2df27, Layer: 266b1949]"
2979585.275081,5001,5da2df27-cf63-4c4c-ae5e-62dac7a03a3d,worker_4,worker_4,GPU_COMPUTE,0.050000,0.050000,GPU Compute
2979585.433081,5001,5da2df27-cf63-4c4c-ae5e-62dac7a03a3d,worker_4,coordinator_0,NET_TRANSFER,0.000100,0.158000,Signal Finished
2980002.043190,5001,5da2df27-cf63-4c4c-ae5e-62dac7a03a3d,coordinator_0,worker_1,NET_TRANSFER,5.205751,416.610109,Distribute Layer ID: 5bb78acb
2980002.153577,5001,5da2df27-cf63-4c4c-ae5e-62dac7a03a3d,worker_1,worker_1,MEM_MOVE,14.129462,0.110386,"Evict VRAM -> RAM [Model: 9c81d38f, Layer: 0425599a]"
2980002.194247,5001,5da2df27-cf63-4c4c-ae5e-62dac7a03a3d,worker_1,worker_1,DISK_LOAD,5.205751,0.040670,"Disk -> RAM [Model: 5da2df27, Layer: 5bb78acb]"
2980002.234916,5001,5da2df27-cf63-4c4c-ae5e-62dac7a03a3d,worker_1,worker_1,MEM_MOVE,5.205751,0.040670,"RAM -> VRAM [Model: 5da2df27, Layer: 5bb78acb]"
2980002.284916,5001,5da2df27-cf63-4c4c-ae5e-62dac7a03a3d,worker_1,worker_1,GPU_COMPUTE,0.050000,0.050000,GPU Compute
2980002.442916,5001,5da2df27-cf63-4c4c-ae5e-62dac7a03a3d,worker_1,coordinator_0,NET_TRANSFER,0.000100,0.158000,Signal Finished
2980568.857629,5001,5da2df27-cf63-4c4c-ae5e-62dac7a03a3d,coordinator_0,worker_2,NET_TRANSFER,7.078309,566.414713,Distribute Layer ID: 5727ae6f
2980568.912929,5001,5da2df27-cf63-4c4c-ae5e-62dac7a03a3d,worker_2,worker_2,DISK_LOAD,7.078309,0.055299,"Disk -> RAM [Model: 5da2df27, Layer: 5727ae6f]"
2980568.968228,5001,5da2df27-cf63-4c4c-ae5e-62dac7a03a3d,worker_2,worker_2,MEM_MOVE,7.078309,0.055299,"RAM -> VRAM [Model: 5da2df27, Layer: 5727ae6f]"
2980569.018228,5001,5da2df27-cf63-4c4c-ae5e-62dac7a03a3d,worker_2,worker_2,GPU_COMPUTE,0.050000,0.050000,GPU Compute
2980569.176228,5001,5da2df27-cf63-4c4c-ae5e-62dac7a03a3d,worker_2,coordinator_0,NET_TRANSFER,0.000100,0.158000,Signal Finished
2981506.289368,5001,5da2df27-cf63-4c4c-ae5e-62dac7a03a3d,coordinator_0,worker_3,NET_TRANSFER,11.712039,937.113140,Distribute Layer ID: b02308a1
2981506.365512,5001,5da2df27-cf63-4c4c-ae5e-62dac7a03a3d,worker_3,worker_3,MEM_MOVE,9.746344,0.076143,"Evict VRAM -> RAM [Model: 9c81d38f, Layer: 98c6c7f0]"
2981506.457012,5001,5da2df27-cf63-4c4c-ae5e-62dac7a03a3d,worker_3,worker_3,DISK_LOAD,11.712039,0.091500,"Disk -> RAM [Model: 5da2df27, Layer: b02308a1]"
2981506.548512,5001,5da2df27-cf63-4c4c-ae5e-62dac7a03a3d,worker_3,worker_3,MEM_MOVE,11.712039,0.091500,"RAM -> VRAM [Model: 5da2df27, Layer: b02308a1]"
2981506.598512,5001,5da2df27-cf63-4c4c-ae5e-62dac7a03a3d,worker_3,worker_3,GPU_COMPUTE,0.050000,0.050000,GPU Compute
2981506.756512,5001,5da2df27-cf63-4c4c-ae5e-62dac7a03a3d,worker_3,coordinator_0,NET_TRANSFER,0.000100,0.158000,Signal Finished
2982445.047149,5001,5da2df27-cf63-4c4c-ae5e-62dac7a03a3d,coordinator_0,worker_4,NET_TRANSFER,11.726758,938.290636,Distribute Layer ID: e2e5524d
2982445.144682,5001,5da2df27-cf63-4c4c-ae5e-62dac7a03a3d,worker_4,worker_4,MEM_MOVE,12.484312,0.097534,"Evict VRAM -> RAM [Model: 9c81d38f, Layer: c1e6ad58]"
2982445.236298,5001,5da2df27-cf63-4c4c-ae5e-62dac7a03a3d,worker_4,worker_4,DISK_LOAD,11.726758,0.091615,"Disk -> RAM [Model: 5da2df27, Layer: e2e5524d]"
2982445.327913,5001,5da2df27-cf63-4c4c-ae5e-62dac7a03a3d,worker_4,worker_4,MEM_MOVE,11.726758,0.091615,"RAM -> VRAM [Model: 5da2df27, Layer: e2e5524d]"
2982445.377913,5001,5da2df27-cf63-4c4c-ae5e-62dac7a03a3d,worker_4,worker_4,GPU_COMPUTE,0.050000,0.050000,GPU Compute
2982445.535913,5001,5da2df27-cf63-4c4c-ae5e-62dac7a03a3d,worker_4,coordinator_0,NET_TRANSFER,0.000100,0.158000,Signal Finished
2983467.836936,5001,5da2df27-cf63-4c4c-ae5e-62dac7a03a3d,coordinator_0,worker_1,NET_TRANSFER,12.776888,1022.301023,Distribute Layer ID: 63f0c026
2983467.936756,5001,5da2df27-cf63-4c4c-ae5e-62dac7a03a3d,worker_1,worker_1,DISK_LOAD,12.776888,0.099819,"Disk -> RAM [Model: 5da2df27, Layer: 63f0c026]"
2983468.036575,5001,5da2df27-cf63-4c4c-ae5e-62dac7a03a3d,worker_1,worker_1,MEM_MOVE,12.776888,0.099819,"RAM -> VRAM [Model: 5da2df27, Layer: 63f0c026]"
2983468.086575,5001,5da2df27-cf63-4c4c-ae5e-62dac7a03a3d,worker_1,worker_1,GPU_COMPUTE,0.050000,0.050000,GPU Compute
2983468.244575,5001,5da2df27-cf63-4c4c-ae5e-62dac7a03a3d,worker_1,coordinator_0,NET_TRANSFER,0.000100,0.158000,Signal Finished
2984645.985265,5001,5da2df27-cf63-4c4c-ae5e-62dac7a03a3d,coordinator_0,worker_2,NET_TRANSFER,14.719884,1177.740690,Distribute Layer ID: c9e47a7b
2984646.082704,5001,5da2df27-cf63-4c4c-ae5e-62dac7a03a3d,worker_2,worker_2,MEM_MOVE,12.472170,0.097439,"Evict VRAM -> RAM [Model: 9c81d38f, Layer: d5e54dee]"
2984646.197703,5001,5da2df27-cf63-4c4c-ae5e-62dac7a03a3d,worker_2,worker_2,DISK_LOAD,14.719884,0.114999,"Disk -> RAM [Model: 5da2df27, Layer: c9e47a7b]"
2984646.312702,5001,5da2df27-cf63-4c4c-ae5e-62dac7a03a3d,worker_2,worker_2,MEM_MOVE,14.719884,0.114999,"RAM -> VRAM [Model: 5da2df27, Layer: c9e47a7b]"
2984646.362702,5001,5da2df27-cf63-4c4c-ae5e-62dac7a03a3d,worker_2,worker_2,GPU_COMPUTE,0.050000,0.050000,GPU Compute
2984646.520702,5001,5da2df27-cf63-4c4c-ae5e-62dac7a03a3d,worker_2,coordinator_0,NET_TRANSFER,0.000100,0.158000,Signal Finished
2985376.987557,5001,5da2df27-cf63-4c4c-ae5e-62dac7a03a3d,coordinator_0,worker_3,NET_TRANSFER,9.128961,730.466855,Distribute Layer ID: b855d233
2985377.084486,5001,5da2df27-cf63-4c4c-ae5e-62dac7a03a3d,worker_3,worker_3,MEM_MOVE,12.406917,0.096929,"Evict VRAM -> RAM [Model: 9c81d38f, Layer: c1f3998c]"
2985377.155806,5001,5da2df27-cf63-4c4c-ae5e-62dac7a03a3d,worker_3,worker_3,DISK_LOAD,9.128961,0.071320,"Disk -> RAM [Model: 5da2df27, Layer: b855d233]"
2985377.227126,5001,5da2df27-cf63-4c4c-ae5e-62dac7a03a3d,worker_3,worker_3,MEM_MOVE,9.128961,0.071320,"RAM -> VRAM [Model: 5da2df27, Layer: b855d233]"
2985377.277126,5001,5da2df27-cf63-4c4c-ae5e-62dac7a03a3d,worker_3,worker_3,GPU_COMPUTE,0.050000,0.050000,GPU Compute
2985377.435126,5001,5da2df27-cf63-4c4c-ae5e-62dac7a03a3d,worker_3,coordinator_0,NET_TRANSFER,0.000100,0.158000,Signal Finished
2986352.670771,5001,5da2df27-cf63-4c4c-ae5e-62dac7a03a3d,coordinator_0,worker_4,NET_TRANSFER,12.188571,975.235645,Distribute Layer ID: 0440f589
2986352.765994,5001,5da2df27-cf63-4c4c-ae5e-62dac7a03a3d,worker_4,worker_4,DISK_LOAD,12.188571,0.095223,"Disk -> RAM [Model: 5da2df27, Layer: 0440f589]"
2986352.861218,5001,5da2df27-cf63-4c4c-ae5e-62dac7a03a3d,worker_4,worker_4,MEM_MOVE,12.188571,0.095223,"RAM -> VRAM [Model: 5da2df27, Layer: 0440f589]"
2986352.911218,5001,5da2df27-cf63-4c4c-ae5e-62dac7a03a3d,worker_4,worker_4,GPU_COMPUTE,0.050000,0.050000,GPU Compute
2986353.069218,5001,5da2df27-cf63-4c4c-ae5e-62dac7a03a3d,worker_4,coordinator_0,NET_TRANSFER,0.000100,0.158000,Signal Finished
2986825.931133,5001,5da2df27-cf63-4c4c-ae5e-62dac7a03a3d,coordinator_0,worker_1,NET_TRANSFER,5.908899,472.861916,Distribute Layer ID: d256235d
2986826.036279,5001,5da2df27-cf63-4c4c-ae5e-62dac7a03a3d,worker_1,worker_1,MEM_MOVE,13.458709,0.105146,"Evict VRAM -> RAM [Model: 9c81d38f, Layer: 784cdcbc]"
2986826.082443,5001,5da2df27-cf63-4c4c-ae5e-62dac7a03a3d,worker_1,worker_1,DISK_LOAD,5.908899,0.046163,"Disk -> RAM [Model: 5da2df27, Layer: d256235d]"
2986826.128606,5001,5da2df27-cf63-4c4c-ae5e-62dac7a03a3d,worker_1,worker_1,MEM_MOVE,5.908899,0.046163,"RAM -> VRAM [Model: 5da2df27, Layer: d256235d]"
2986826.178606,5001,5da2df27-cf63-4c4c-ae5e-62dac7a03a3d,worker_1,worker_1,GPU_COMPUTE,0.050000,0.050000,GPU Compute
2986826.336606,5001,5da2df27-cf63-4c4c-ae5e-62dac7a03a3d,worker_1,coordinator_0,NET_TRANSFER,0.000100,0.158000,Signal Finished
2987814.181604,5001,5da2df27-cf63-4c4c-ae5e-62dac7a03a3d,coordinator_0,worker_2,NET_TRANSFER,12.346187,987.844998,Distribute Layer ID: 4a134f10
2987814.235461,5001,5da2df27-cf63-4c4c-ae5e-62dac7a03a3d,worker_2,worker_2,MEM_MOVE,6.893744,0.053857,"Evict VRAM -> RAM [Model: 9c81d38f, Layer: 8e3efe0c]"
2987814.275048,5001,5da2df27-cf63-4c4c-ae5e-62dac7a03a3d,worker_2,worker_2,MEM_MOVE,5.067122,0.039587,"Evict VRAM -> RAM [Model: 9c81d38f, Layer: d5fffc2c]"
2987814.359318,5001,5da2df27-cf63-4c4c-ae5e-62dac7a03a3d,worker_2,worker_2,MEM_MOVE,10.786573,0.084270,"Evict VRAM -> RAM [Model: 9c81d38f, Layer: bbdc1d28]"
2987814.455773,5001,5da2df27-cf63-4c4c-ae5e-62dac7a03a3d,worker_2,worker_2,DISK_LOAD,12.346187,0.096455,"Disk -> RAM [Model: 5da2df27, Layer: 4a134f10]"
2987814.552228,5001,5da2df27-cf63-4c4c-ae5e-62dac7a03a3d,worker_2,worker_2,MEM_MOVE,12.346187,0.096455,"RAM -> VRAM [Model: 5da2df27, Layer: 4a134f10]"
2987814.602228,5001,5da2df27-cf63-4c4c-ae5e-62dac7a03a3d,worker_2,worker_2,GPU_COMPUTE,0.050000,0.050000,GPU Compute
2987814.760228,5001,5da2df27-cf63-4c4c-ae5e-62dac7a03a3d,worker_2,coordinator_0,NET_TRANSFER,0.000100,0.158000,Signal Finished
2988874.804306,5001,5da2df27-cf63-4c4c-ae5e-62dac7a03a3d,coordinator_0,worker_3,NET_TRANSFER,13.248676,1060.044079,Distribute Layer ID: c67a3c26
2988874.894332,5001,5da2df27-cf63-4c4c-ae5e-62dac7a03a3d,worker_3,worker_3,MEM_MOVE,11.523337,0.090026,"Evict VRAM -> RAM [Model: 9c81d38f, Layer: f083a747]"
2988874.997838,5001,5da2df27-cf63-4c4c-ae5e-62dac7a03a3d,worker_3,worker_3,DISK_LOAD,13.248676,0.103505,"Disk -> RAM [Model: 5da2df27, Layer: c67a3c26]"
2988875.101343,5001,5da2df27-cf63-4c4c-ae5e-62dac7a03a3d,worker_3,worker_3,MEM_MOVE,13.248676,0.103505,"RAM -> VRAM [Model: 5da2df27, Layer: c67a3c26]"
2988875.151343,5001,5da2df27-cf63-4c4c-ae5e-62dac7a03a3d,worker_3,worker_3,GPU_COMPUTE,0.050000,0.050000,GPU Compute
2988875.309343,5001,5da2df27-cf63-4c4c-ae5e-62dac7a03a3d,worker_3,coordinator_0,NET_TRANSFER,0.000100,0.158000,Signal Finished
2989549.376838,5001,5da2df27-cf63-4c4c-ae5e-62dac7a03a3d,coordinator_0,worker_4,NET_TRANSFER,8.423969,674.067495,Distribute Layer ID: d47e02fd
2989549.490349,5001,5da2df27-cf63-4c4c-ae5e-62dac7a03a3d,worker_4,worker_4,MEM_MOVE,14.529389,0.113511,"Evict VRAM -> RAM [Model: 9c81d38f, Layer: e37887b8]"
2989549.556161,5001,5da2df27-cf63-4c4c-ae5e-62dac7a03a3d,worker_4,worker_4,DISK_LOAD,8.423969,0.065812,"Disk -> RAM [Model: 5da2df27, Layer: d47e02fd]"
2989549.621973,5001,5da2df27-cf63-4c4c-ae5e-62dac7a03a3d,worker_4,worker_4,MEM_MOVE,8.423969,0.065812,"RAM -> VRAM [Model: 5da2df27, Layer: d47e02fd]"
2989549.671973,5001,5da2df27-cf63-4c4c-ae5e-62dac7a03a3d,worker_4,worker_4,GPU_COMPUTE,0.050000,0.050000,GPU Compute
2989549.829973,5001,5da2df27-cf63-4c4c-ae5e-62dac7a03a3d,worker_4,coordinator_0,NET_TRANSFER,0.000100,0.158000,Signal Finished
2990600.301940,5001,5da2df27-cf63-4c4c-ae5e-62dac7a03a3d,coordinator_0,worker_1,NET_TRANSFER,13.129025,1050.471967,Distribute Layer ID: 9d074626
2990600.383557,5001,5da2df27-cf63-4c4c-ae5e-62dac7a03a3d,worker_1,worker_1,MEM_MOVE,10.446963,0.081617,"Evict VRAM -> RAM [Model: 9c81d38f, Layer: fd77d08c]"
2990600.486128,5001,5da2df27-cf63-4c4c-ae5e-62dac7a03a3d,worker_1,worker_1,DISK_LOAD,13.129025,0.102571,"Disk -> RAM [Model: 5da2df27, Layer: 9d074626]"
2990600.588698,5001,5da2df27-cf63-4c4c-ae5e-62dac7a03a3d,worker_1,worker_1,MEM_MOVE,13.129025,0.102571,"RAM -> VRAM [Model: 5da2df27, Layer: 9d074626]"
2990600.638698,5001,5da2df27-cf63-4c4c-ae5e-62dac7a03a3d,worker_1,worker_1,GPU_COMPUTE,0.050000,0.050000,GPU Compute
2990600.796698,5001,5da2df27-cf63-4c4c-ae5e-62dac7a03a3d,worker_1,coordinator_0,NET_TRANSFER,0.000100,0.158000,Signal Finished
2991403.648887,5001,5da2df27-cf63-4c4c-ae5e-62dac7a03a3d,coordinator_0,worker_2,NET_TRANSFER,10.033777,802.852189,Distribute Layer ID: cb18071e
2991403.727276,5001,5da2df27-cf63-4c4c-ae5e-62dac7a03a3d,worker_2,worker_2,DISK_LOAD,10.033777,0.078389,"Disk -> RAM [Model: 5da2df27, Layer: cb18071e]"
2991403.805665,5001,5da2df27-cf63-4c4c-ae5e-62dac7a03a3d,worker_2,worker_2,MEM_MOVE,10.033777,0.078389,"RAM -> VRAM [Model: 5da2df27, Layer: cb18071e]"
2991403.855665,5001,5da2df27-cf63-4c4c-ae5e-62dac7a03a3d,worker_2,worker_2,GPU_COMPUTE,0.050000,0.050000,GPU Compute
2991404.013665,5001,5da2df27-cf63-4c4c-ae5e-62dac7a03a3d,worker_2,coordinator_0,NET_TRANSFER,0.000100,0.158000,Signal Finished
2992286.323565,5001,5da2df27-cf63-4c4c-ae5e-62dac7a03a3d,coordinator_0,worker_3,NET_TRANSFER,11.026999,882.309900,Distribute Layer ID: 6c28aeca
2992286.393948,5001,5da2df27-cf63-4c4c-ae5e-62dac7a03a3d,worker_3,worker_3,MEM_MOVE,9.009076,0.070383,"Evict VRAM -> RAM [Model: 9c81d38f, Layer: c6e76c0e]"
2992286.480097,5001,5da2df27-cf63-4c4c-ae5e-62dac7a03a3d,worker_3,worker_3,DISK_LOAD,11.026999,0.086148,"Disk -> RAM [Model: 5da2df27, Layer: 6c28aeca]"
2992286.566245,5001,5da2df27-cf63-4c4c-ae5e-62dac7a03a3d,worker_3,worker_3,MEM_MOVE,11.026999,0.086148,"RAM -> VRAM [Model: 5da2df27, Layer: 6c28aeca]"
2992286.616245,5001,5da2df27-cf63-4c4c-ae5e-62dac7a03a3d,worker_3,worker_3,GPU_COMPUTE,0.050000,0.050000,GPU Compute
2992286.774245,5001,5da2df27-cf63-4c4c-ae5e-62dac7a03a3d,worker_3,coordinator_0,NET_TRANSFER,0.000100,0.158000,Signal Finished
2992785.923610,5001,5da2df27-cf63-4c4c-ae5e-62dac7a03a3d,coordinator_0,worker_4,NET_TRANSFER,6.237492,499.149364,Distribute Layer ID: 6771e596
2992785.972340,5001,5da2df27-cf63-4c4c-ae5e-62dac7a03a3d,worker_4,worker_4,DISK_LOAD,6.237492,0.048730,"Disk -> RAM [Model: 5da2df27, Layer: 6771e596]"
2992786.021071,5001,5da2df27-cf63-4c4c-ae5e-62dac7a03a3d,worker_4,worker_4,MEM_MOVE,6.237492,0.048730,"RAM -> VRAM [Model: 5da2df27, Layer: 6771e596]"
2992786.071071,5001,5da2df27-cf63-4c4c-ae5e-62dac7a03a3d,worker_4,worker_4,GPU_COMPUTE,0.050000,0.050000,GPU Compute
2992786.229071,5001,5da2df27-cf63-4c4c-ae5e-62dac7a03a3d,worker_4,coordinator_0,NET_TRANSFER,0.000100,0.158000,Signal Finished
2993846.558950,5001,5da2df27-cf63-4c4c-ae5e-62dac7a03a3d,coordinator_0,worker_1,NET_TRANSFER,13.252248,1060.329880,Distribute Layer ID: cd7e6ed1
2993846.642845,5001,5da2df27-cf63-4c4c-ae5e-62dac7a03a3d,worker_1,worker_1,MEM_MOVE,10.738478,0.083894,"Evict VRAM -> RAM [Model: 9c81d38f, Layer: b87814d8]"
2993846.746378,5001,5da2df27-cf63-4c4c-ae5e-62dac7a03a3d,worker_1,worker_1,DISK_LOAD,13.252248,0.103533,"Disk -> RAM [Model: 5da2df27, Layer: cd7e6ed1]"
2993846.849911,5001,5da2df27-cf63-4c4c-ae5e-62dac7a03a3d,worker_1,worker_1,MEM_MOVE,13.252248,0.103533,"RAM -> VRAM [Model: 5da2df27, Layer: cd7e6ed1]"
2993846.899911,5001,5da2df27-cf63-4c4c-ae5e-62dac7a03a3d,worker_1,worker_1,GPU_COMPUTE,0.050000,0.050000,GPU Compute
2993847.057911,5001,5da2df27-cf63-4c4c-ae5e-62dac7a03a3d,worker_1,coordinator_0,NET_TRANSFER,0.000100,0.158000,Signal Finished
2994614.528470,5001,5da2df27-cf63-4c4c-ae5e-62dac7a03a3d,coordinator_0,worker_2,NET_TRANSFER,9.591507,767.470559,Distribute Layer ID: cbfd60de
2994614.636838,5001,5da2df27-cf63-4c4c-ae5e-62dac7a03a3d,worker_2,worker_2,MEM_MOVE,13.871034,0.108367,"Evict VRAM -> RAM [Model: 9c81d38f, Layer: 100614c2]"
2994614.711771,5001,5da2df27-cf63-4c4c-ae5e-62dac7a03a3d,worker_2,worker_2,DISK_LOAD,9.591507,0.074934,"Disk -> RAM [Model: 5da2df27, Layer: cbfd60de]"
2994614.786705,5001,5da2df27-cf63-4c4c-ae5e-62dac7a03a3d,worker_2,worker_2,MEM_MOVE,9.591507,0.074934,"RAM -> VRAM [Model: 5da2df27, Layer: cbfd60de]"
2994614.836705,5001,5da2df27-cf63-4c4c-ae5e-62dac7a03a3d,worker_2,worker_2,GPU_COMPUTE,0.050000,0.050000,GPU Compute
2994614.994705,5001,5da2df27-cf63-4c4c-ae5e-62dac7a03a3d,worker_2,coordinator_0,NET_TRANSFER,0.000100,0.158000,Signal Finished
2995456.702229,9000,07ce1970-d96c-4f79-9d92-0a7594b4b14f,coordinator_0,worker_4,NET_TRANSFER,10.519469,841.707524,Distribute Layer ID: 413a023e
2995456.752229,9000,07ce1970-d96c-4f79-9d92-0a7594b4b14f,worker_4,worker_4,GPU_COMPUTE,0.050000,0.050000,GPU Compute
2995456.910229,9000,07ce1970-d96c-4f79-9d92-0a7594b4b14f,worker_4,coordinator_0,NET_TRANSFER,0.000100,0.158000,Signal Finished
2995905.854373,9000,07ce1970-d96c-4f79-9d92-0a7594b4b14f,coordinator_0,worker_1,NET_TRANSFER,5.609927,448.944144,Distribute Layer ID: 713ce64d
2995905.904373,9000,07ce1970-d96c-4f79-9d92-0a7594b4b14f,worker_1,worker_1,GPU_COMPUTE,0.050000,0.050000,GPU Compute
2995906.062373,9000,07ce1970-d96c-4f79-9d92-0a7594b4b14f,worker_1,coordinator_0,NET_TRANSFER,0.000100,0.158000,Signal Finished
2996874.204095,9000,07ce1970-d96c-4f79-9d92-0a7594b4b14f,coordinator_0,worker_2,NET_TRANSFER,12.099897,968.141722,Distribute Layer ID: 4735d0b1
2996874.254095,9000,07ce1970-d96c-4f79-9d92-0a7594b4b14f,worker_2,worker_2,GPU_COMPUTE,0.050000,0.050000,GPU Compute
2996874.412095,9000,07ce1970-d96c-4f79-9d92-0a7594b4b14f,worker_2,coordinator_0,NET_TRANSFER,0.000100,0.158000,Signal Finished
2997687.522458,9000,07ce1970-d96c-4f79-9d92-0a7594b4b14f,coordinator_0,worker_3,NET_TRANSFER,10.162005,813.110362,Distribute Layer ID: a175b760
2997687.572458,9000,07ce1970-d96c-4f79-9d92-0a7594b4b14f,worker_3,worker_3,GPU_COMPUTE,0.050000,0.050000,GPU Compute
2997687.730458,9000,07ce1970-d96c-4f79-9d92-0a7594b4b14f,worker_3,coordinator_0,NET_TRANSFER,0.000100,0.158000,Signal Finished
2998748.773738,9000,07ce1970-d96c-4f79-9d92-0a7594b4b14f,coordinator_0,worker_4,NET_TRANSFER,13.261166,1061.043280,Distribute Layer ID: 07f980bc
2998748.823738,9000,07ce1970-d96c-4f79-9d92-0a7594b4b14f,worker_4,worker_4,GPU_COMPUTE,0.050000,0.050000,GPU Compute
2998748.981738,9000,07ce1970-d96c-4f79-9d92-0a7594b4b14f,worker_4,coordinator_0,NET_TRANSFER,0.000100,0.158000,Signal Finished
2999159.966149,9000,07ce1970-d96c-4f79-9d92-0a7594b4b14f,coordinator_0,worker_1,NET_TRANSFER,5.135430,410.984412,Distribute Layer ID: 255ca3ff
2999160.016149,9000,07ce1970-d96c-4f79-9d92-0a7594b4b14f,worker_1,worker_1,GPU_COMPUTE,0.050000,0.050000,GPU Compute
2999160.174149,9000,07ce1970-d96c-4f79-9d92-0a7594b4b14f,worker_1,coordinator_0,NET_TRANSFER,0.000100,0.158000,Signal Finished
2999758.327472,9000,07ce1970-d96c-4f79-9d92-0a7594b4b14f,coordinator_0,worker_2,NET_TRANSFER,7.475042,598.153323,Distribute Layer ID: d78a5263
2999758.377472,9000,07ce1970-d96c-4f79-9d92-0a7594b4b14f,worker_2,worker_2,GPU_COMPUTE,0.050000,0.050000,GPU Compute
2999758.535472,9000,07ce1970-d96c-4f79-9d92-0a7594b4b14f,worker_2,coordinator_0,NET_TRANSFER,0.000100,0.158000,Signal Finished
3000293.505011,9000,07ce1970-d96c-4f79-9d92-0a7594b4b14f,coordinator_0,worker_3,NET_TRANSFER,6.685244,534.969538,Distribute Layer ID: 1f15a8c2
3000293.555011,9000,07ce1970-d96c-4f79-9d92-0a7594b4b14f,worker_3,worker_3,GPU_COMPUTE,0.050000,0.050000,GPU Compute
3000293.713011,9000,07ce1970-d96c-4f79-9d92-0a7594b4b14f,worker_3,coordinator_0,NET_TRANSFER,0.000100,0.158000,Signal Finished
3000953.410966,9000,07ce1970-d96c-4f79-9d92-0a7594b4b14f,coordinator_0,worker_4,NET_TRANSFER,8.244349,659.697955,Distribute Layer ID: 9ed7b81e
3000953.460966,9000,07ce1970-d96c-4f79-9d92-0a7594b4b14f,worker_4,worker_4,GPU_COMPUTE,0.050000,0.050000,GPU Compute
3000953.618966,9000,07ce1970-d96c-4f79-9d92-0a7594b4b14f,worker_4,coordinator_0,NET_TRANSFER,0.000100,0.158000,Signal Finished
3001655.211083,9000,07ce1970-d96c-4f79-9d92-0a7594b4b14f,coordinator_0,worker_1,NET_TRANSFER,8.768026,701.592117,Distribute Layer ID: f834d2dc
3001655.261083,9000,07ce1970-d96c-4f79-9d92-0a7594b4b14f,worker_1,worker_1,GPU_COMPUTE,0.050000,0.050000,GPU Compute
3001655.419083,9000,07ce1970-d96c-4f79-9d92-0a7594b4b14f,worker_1,coordinator_0,NET_TRANSFER,0.000100,0.158000,Signal Finished
3002259.105444,9000,07ce1970-d96c-4f79-9d92-0a7594b4b14f,coordinator_0,worker_2,NET_TRANSFER,7.544205,603.686361,Distribute Layer ID: 6438c6c9
3002259.155444,9000,07ce1970-d96c-4f79-9d92-0a7594b4b14f,worker_2,worker_2,GPU_COMPUTE,0.050000,0.050000,GPU Compute
3002259.313444,9000,07ce1970-d96c-4f79-9d92-0a7594b4b14f,worker_2,coordinator_0,NET_TRANSFER,0.000100,0.158000,Signal Finished
3002908.393320,9000,07ce1970-d96c-4f79-9d92-0a7594b4b14f,coordinator_0,worker_3,NET_TRANSFER,8.111623,649.079876,Distribute Layer ID: dce1783f
3002908.443320,9000,07ce1970-d96c-4f79-9d92-0a7594b4b14f,worker_3,worker_3,GPU_COMPUTE,0.050000,0.050000,GPU Compute
3002908.601320,9000,07ce1970-d96c-4f79-9d92-0a7594b4b14f,worker_3,coordinator_0,NET_TRANSFER,0.000100,0.158000,Signal Finished
3004021.497784,9000,07ce1970-d96c-4f79-9d92-0a7594b4b14f,coordinator_0,worker_4,NET_TRANSFER,13.909331,1112.896464,Distribute Layer ID: e7c36eef
3004021.547784,9000,07ce1970-d96c-4f79-9d92-0a7594b4b14f,worker_4,worker_4,GPU_COMPUTE,0.050000,0.050000,GPU Compute
3004021.705784,9000,07ce1970-d96c-4f79-9d92-0a7594b4b14f,worker_4,coordinator_0,NET_TRANSFER,0.000100,0.158000,Signal Finished
3004593.179953,9000,07ce1970-d96c-4f79-9d92-0a7594b4b14f,coordinator_0,worker_1,NET_TRANSFER,7.141552,571.474170,Distribute Layer ID: f1869e5d
3004593.229953,9000,07ce1970-d96c-4f79-9d92-0a7594b4b14f,worker_1,worker_1,GPU_COMPUTE,0.050000,0.050000,GPU Compute
3004593.387953,9000,07ce1970-d96c-4f79-9d92-0a7594b4b14f,worker_1,coordinator_0,NET_TRANSFER,0.000100,0.158000,Signal Finished
3005228.068533,9000,07ce1970-d96c-4f79-9d92-0a7594b4b14f,coordinator_0,worker_2,NET_TRANSFER,7.931632,634.680580,Distribute Layer ID: 5ea4c16b
3005228.118533,9000,07ce1970-d96c-4f79-9d92-0a7594b4b14f,worker_2,worker_2,GPU_COMPUTE,0.050000,0.050000,GPU Compute
3005228.276533,9000,07ce1970-d96c-4f79-9d92-0a7594b4b14f,worker_2,coordinator_0,NET_TRANSFER,0.000100,0.158000,Signal Finished
3006151.128387,9000,07ce1970-d96c-4f79-9d92-0a7594b4b14f,coordinator_0,worker_3,NET_TRANSFER,11.533773,922.851854,Distribute Layer ID: 2ddc1d06
3006151.178387,9000,07ce1970-d96c-4f79-9d92-0a7594b4b14f,worker_3,worker_3,GPU_COMPUTE,0.050000,0.050000,GPU Compute
3006151.336387,9000,07ce1970-d96c-4f79-9d92-0a7594b4b14f,worker_3,coordinator_0,NET_TRANSFER,0.000100,0.158000,Signal Finished
3006860.829692,9000,07ce1970-d96c-4f79-9d92-0a7594b4b14f,coordinator_0,worker_4,NET_TRANSFER,8.866791,709.493305,Distribute Layer ID: 10a21afe
3006860.879692,9000,07ce1970-d96c-4f79-9d92-0a7594b4b14f,worker_4,worker_4,GPU_COMPUTE,0.050000,0.050000,GPU Compute
3006861.037692,9000,07ce1970-d96c-4f79-9d92-0a7594b4b14f,worker_4,coordinator_0,NET_TRANSFER,0.000100,0.158000,Signal Finished
3007450.979197,9000,07ce1970-d96c-4f79-9d92-0a7594b4b14f,coordinator_0,worker_1,NET_TRANSFER,7.372394,589.941505,Distribute Layer ID: aeb3eaca
3007451.029197,9000,07ce1970-d96c-4f79-9d92-0a7594b4b14f,worker_1,worker_1,GPU_COMPUTE,0.050000,0.050000,GPU Compute
3007451.187197,9000,07ce1970-d96c-4f79-9d92-0a7594b4b14f,worker_1,coordinator_0,NET_TRANSFER,0.000100,0.158000,Signal Finished
3008621.355311,9000,07ce1970-d96c-4f79-9d92-0a7594b4b14f,coordinator_0,worker_2,NET_TRANSFER,14.625226,1170.168114,Distribute Layer ID: 556c4879
3008621.405311,9000,07ce1970-d96c-4f79-9d92-0a7594b4b14f,worker_2,worker_2,GPU_COMPUTE,0.050000,0.050000,GPU Compute
3008621.563311,9000,07ce1970-d96c-4f79-9d92-0a7594b4b14f,worker_2,coordinator_0,NET_TRANSFER,0.000100,0.158000,Signal Finished
3009660.738289,9000,07ce1970-d96c-4f79-9d92-0a7594b4b14f,coordinator_0,worker_3,NET_TRANSFER,12.987812,1039.174978,Distribute Layer ID: e0724ae6
3009660.788289,9000,07ce1970-d96c-4f79-9d92-0a7594b4b14f,worker_3,worker_3,GPU_COMPUTE,0.050000,0.050000,GPU Compute
3009660.946289,9000,07ce1970-d96c-4f79-9d92-0a7594b4b14f,worker_3,coordinator_0,NET_TRANSFER,0.000100,0.158000,Signal Finished
3010411.010709,9000,07ce1970-d96c-4f79-9d92-0a7594b4b14f,coordinator_0,worker_4,NET_TRANSFER,9.373930,750.064420,Distribute Layer ID: 44cad212
3010411.060709,9000,07ce1970-d96c-4f79-9d92-0a7594b4b14f,worker_4,worker_4,GPU_COMPUTE,0.050000,0.050000,GPU Compute
3010411.218709,9000,07ce1970-d96c-4f79-9d92-0a7594b4b14f,worker_4,coordinator_0,NET_TRANSFER,0.000100,0.158000,Signal Finished
3011471.756176,9000,07ce1970-d96c-4f79-9d92-0a7594b4b14f,coordinator_0,worker_1,NET_TRANSFER,13.254843,1060.537467,Distribute Layer ID: 59c61451
3011471.806176,9000,07ce1970-d96c-4f79-9d92-0a7594b4b14f,worker_1,worker_1,GPU_COMPUTE,0.050000,0.050000,GPU Compute
3011471.964176,9000,07ce1970-d96c-4f79-9d92-0a7594b4b14f,worker_1,coordinator_0,NET_TRANSFER,0.000100,0.158000,Signal Finished
3012319.828927,9000,07ce1970-d96c-4f79-9d92-0a7594b4b14f,coordinator_0,worker_2,NET_TRANSFER,10.596434,847.864751,Distribute Layer ID: 23261861
3012319.878927,9000,07ce1970-d96c-4f79-9d92-0a7594b4b14f,worker_2,worker_2,GPU_COMPUTE,0.050000,0.050000,GPU Compute
3012320.036927,9000,07ce1970-d96c-4f79-9d92-0a7594b4b14f,worker_2,coordinator_0,NET_TRANSFER,0.000100,0.158000,Signal Finished
3012826.748918,9000,07ce1970-d96c-4f79-9d92-0a7594b4b14f,coordinator_0,worker_3,NET_TRANSFER,6.332025,506.711991,Distribute Layer ID: 2551b24a
3012826.798918,9000,07ce1970-d96c-4f79-9d92-0a7594b4b14f,worker_3,worker_3,GPU_COMPUTE,0.050000,0.050000,GPU Compute
3012826.956918,9000,07ce1970-d96c-4f79-9d92-0a7594b4b14f,worker_3,coordinator_0,NET_TRANSFER,0.000100,0.158000,Signal Finished
3013353.496261,9000,07ce1970-d96c-4f79-9d92-0a7594b4b14f,coordinator_0,worker_4,NET_TRANSFER,6.579867,526.539342,Distribute Layer ID: 8b0bc279
3013353.546261,9000,07ce1970-d96c-4f79-9d92-0a7594b4b14f,worker_4,worker_4,GPU_COMPUTE,0.050000,0.050000,GPU Compute
3013353.704261,9000,07ce1970-d96c-4f79-9d92-0a7594b4b14f,worker_4,coordinator_0,NET_TRANSFER,0.000100,0.158000,Signal Finished
3014120.895413,9000,07ce1970-d96c-4f79-9d92-0a7594b4b14f,coordinator_0,worker_1,NET_TRANSFER,9.588014,767.191153,Distribute Layer ID: 9198b7f7
3014120.945413,9000,07ce1970-d96c-4f79-9d92-0a7594b4b14f,worker_1,worker_1,GPU_COMPUTE,0.050000,0.050000,GPU Compute
3014121.103413,9000,07ce1970-d96c-4f79-9d92-0a7594b4b14f,worker_1,coordinator_0,NET_TRANSFER,0.000100,0.158000,Signal Finished
3014616.665160,9000,07ce1970-d96c-4f79-9d92-0a7594b4b14f,coordinator_0,worker_2,NET_TRANSFER,6.192647,495.561747,Distribute Layer ID: bf635b08
3014616.715160,9000,07ce1970-d96c-4f79-9d92-0a7594b4b14f,worker_2,worker_2,GPU_COMPUTE,0.050000,0.050000,GPU Compute
3014616.873160,9000,07ce1970-d96c-4f79-9d92-0a7594b4b14f,worker_2,coordinator_0,NET_TRANSFER,0.000100,0.158000,Signal Finished
3015490.053964,9000,07ce1970-d96c-4f79-9d92-0a7594b4b14f,coordinator_0,worker_3,NET_TRANSFER,10.912885,873.180804,Distribute Layer ID: 7427eef6
3015490.103964,9000,07ce1970-d96c-4f79-9d92-0a7594b4b14f,worker_3,worker_3,GPU_COMPUTE,0.050000,0.050000,GPU Compute
3015490.261964,9000,07ce1970-d96c-4f79-9d92-0a7594b4b14f,worker_3,coordinator_0,NET_TRANSFER,0.000100,0.158000,Signal Finished
3016333.330955,9000,07ce1970-d96c-4f79-9d92-0a7594b4b14f,coordinator_0,worker_4,NET_TRANSFER,10.536487,843.068991,Distribute Layer ID: 804c26fb
3016333.380955,9000,07ce1970-d96c-4f79-9d92-0a7594b4b14f,worker_4,worker_4,GPU_COMPUTE,0.050000,0.050000,GPU Compute
3016333.538955,9000,07ce1970-d96c-4f79-9d92-0a7594b4b14f,worker_4,coordinator_0,NET_TRANSFER,0.000100,0.158000,Signal Finished
3016968.260882,9000,07ce1970-d96c-4f79-9d92-0a7594b4b14f,coordinator_0,worker_1,NET_TRANSFER,7.932149,634.721927,Distribute Layer ID: 90f24ebb
3016968.310882,9000,07ce1970-d96c-4f79-9d92-0a7594b4b14f,worker_1,worker_1,GPU_COMPUTE,0.050000,0.050000,GPU Compute
3016968.468882,9000,07ce1970-d96c-4f79-9d92-0a7594b4b14f,worker_1,coordinator_0,NET_TRANSFER,0.000100,0.158000,Signal Finished
3017398.708554,9000,07ce1970-d96c-4f79-9d92-0a7594b4b14f,coordinator_0,worker_2,NET_TRANSFER,5.376121,430.239672,Distribute Layer ID: c8866894
3017398.758554,9000,07ce1970-d96c-4f79-9d92-0a7594b4b14f,worker_2,worker_2,GPU_COMPUTE,0.050000,0.050000,GPU Compute
3017398.916554,9000,07ce1970-d96c-4f79-9d92-0a7594b4b14f,worker_2,coordinator_0,NET_TRANSFER,0.000100,0.158000,Signal Finished
3017888.282304,9000,07ce1970-d96c-4f79-9d92-0a7594b4b14f,coordinator_0,worker_3,NET_TRANSFER,6.115197,489.365750,Distribute Layer ID: 15b1e8e9
3017888.332304,9000,07ce1970-d96c-4f79-9d92-0a7594b4b14f,worker_3,worker_3,GPU_COMPUTE,0.050000,0.050000,GPU Compute
3017888.490304,9000,07ce1970-d96c-4f79-9d92-0a7594b4b14f,worker_3,coordinator_0,NET_TRANSFER,0.000100,0.158000,Signal Finished
3018626.321510,9000,07ce1970-d96c-4f79-9d92-0a7594b4b14f,coordinator_0,worker_4,NET_TRANSFER,9.221015,737.831206,Distribute Layer ID: 9e1feb6f
3018626.371510,9000,07ce1970-d96c-4f79-9d92-0a7594b4b14f,worker_4,worker_4,GPU_COMPUTE,0.050000,0.050000,GPU Compute
3018626.529510,9000,07ce1970-d96c-4f79-9d92-0a7594b4b14f,worker_4,coordinator_0,NET_TRANSFER,0.000100,0.158000,Signal Finished
3019607.381163,9000,07ce1970-d96c-4f79-9d92-0a7594b4b14f,coordinator_0,worker_1,NET_TRANSFER,12.258771,980.851653,Distribute Layer ID: d464441d
3019607.431163,9000,07ce1970-d96c-4f79-9d92-0a7594b4b14f,worker_1,worker_1,GPU_COMPUTE,0.050000,0.050000,GPU Compute
3019607.589163,9000,07ce1970-d96c-4f79-9d92-0a7594b4b14f,worker_1,coordinator_0,NET_TRANSFER,0.000100,0.158000,Signal Finished
3020326.925856,9000,07ce1970-d96c-4f79-9d92-0a7594b4b14f,coordinator_0,worker_2,NET_TRANSFER,8.989834,719.336692,Distribute Layer ID: f2a63e7e
3020326.975856,9000,07ce1970-d96c-4f79-9d92-0a7594b4b14f,worker_2,worker_2,GPU_COMPUTE,0.050000,0.050000,GPU Compute
3020327.133856,9000,07ce1970-d96c-4f79-9d92-0a7594b4b14f,worker_2,coordinator_0,NET_TRANSFER,0.000100,0.158000,Signal Finished
3021371.012897,9000,07ce1970-d96c-4f79-9d92-0a7594b4b14f,coordinator_0,worker_3,NET_TRANSFER,13.046613,1043.879042,Distribute Layer ID: 7eeaedfa
3021371.062897,9000,07ce1970-d96c-4f79-9d92-0a7594b4b14f,worker_3,worker_3,GPU_COMPUTE,0.050000,0.050000,GPU Compute
3021371.220897,9000,07ce1970-d96c-4f79-9d92-0a7594b4b14f,worker_3,coordinator_0,NET_TRANSFER,0.000100,0.158000,Signal Finished
3022002.312766,9000,07ce1970-d96c-4f79-9d92-0a7594b4b14f,coordinator_0,worker_4,NET_TRANSFER,7.886773,631.091869,Distribute Layer ID: a439f053
3022002.362766,9000,07ce1970-d96c-4f79-9d92-0a7594b4b14f,worker_4,worker_4,GPU_COMPUTE,0.050000,0.050000,GPU Compute
3022002.520766,9000,07ce1970-d96c-4f79-9d92-0a7594b4b14f,worker_4,coordinator_0,NET_TRANSFER,0.000100,0.158000,Signal Finished
3022736.005685,9000,07ce1970-d96c-4f79-9d92-0a7594b4b14f,coordinator_0,worker_1,NET_TRANSFER,9.166686,733.484919,Distribute Layer ID: 0526e048
3022736.055685,9000,07ce1970-d96c-4f79-9d92-0a7594b4b14f,worker_1,worker_1,GPU_COMPUTE,0.050000,0.050000,GPU Compute
3022736.213685,9000,07ce1970-d96c-4f79-9d92-0a7594b4b14f,worker_1,coordinator_0,NET_TRANSFER,0.000100,0.158000,Signal Finished
3023474.695687,9000,07ce1970-d96c-4f79-9d92-0a7594b4b14f,coordinator_0,worker_2,NET_TRANSFER,9.229150,738.482002,Distribute Layer ID: 763a3db9
3023474.745687,9000,07ce1970-d96c-4f79-9d92-0a7594b4b14f,worker_2,worker_2,GPU_COMPUTE,0.050000,0.050000,GPU Compute
3023474.903687,9000,07ce1970-d96c-4f79-9d92-0a7594b4b14f,worker_2,coordinator_0,NET_TRANSFER,0.000100,0.158000,Signal Finished
3024165.939705,9000,07ce1970-d96c-4f79-9d92-0a7594b4b14f,coordinator_0,worker_3,NET_TRANSFER,8.636075,691.036018,Distribute Layer ID: d6e1799d
3024165.989705,9000,07ce1970-d96c-4f79-9d92-0a7594b4b14f,worker_3,worker_3,GPU_COMPUTE,0.050000,0.050000,GPU Compute
3024166.147705,9000,07ce1970-d96c-4f79-9d92-0a7594b4b14f,worker_3,coordinator_0,NET_TRANSFER,0.000100,0.158000,Signal Finished
3024586.951437,9000,07ce1970-d96c-4f79-9d92-0a7594b4b14f,coordinator_0,worker_4,NET_TRANSFER,5.258172,420.803733,Distribute Layer ID: a5277f83
3024587.001437,9000,07ce1970-d96c-4f79-9d92-0a7594b4b14f,worker_4,worker_4,GPU_COMPUTE,0.050000,0.050000,GPU Compute
3024587.159437,9000,07ce1970-d96c-4f79-9d92-0a7594b4b14f,worker_4,coordinator_0,NET_TRANSFER,0.000100,0.158000,Signal Finished
3025322.611142,9000,07ce1970-d96c-4f79-9d92-0a7594b4b14f,coordinator_0,worker_1,NET_TRANSFER,9.191271,735.451705,Distribute Layer ID: 2978191a
3025322.661142,9000,07ce1970-d96c-4f79-9d92-0a7594b4b14f,worker_1,worker_1,GPU_COMPUTE,0.050000,0.050000,GPU Compute
3025322.819142,9000,07ce1970-d96c-4f79-9d92-0a7594b4b14f,worker_1,coordinator_0,NET_TRANSFER,0.000100,0.158000,Signal Finished
3025935.969554,9000,07ce1970-d96c-4f79-9d92-0a7594b4b14f,coordinator_0,worker_2,NET_TRANSFER,7.662505,613.150412,Distribute Layer ID: dd60f51c
3025936.019554,9000,07ce1970-d96c-4f79-9d92-0a7594b4b14f,worker_2,worker_2,GPU_COMPUTE,0.050000,0.050000,GPU Compute
3025936.177554,9000,07ce1970-d96c-4f79-9d92-0a7594b4b14f,worker_2,coordinator_0,NET_TRANSFER,0.000100,0.158000,Signal Finished
3027007.911210,9000,07ce1970-d96c-4f79-9d92-0a7594b4b14f,coordinator_0,worker_3,NET_TRANSFER,13.394796,1071.733657,Distribute Layer ID: 572a46f9
3027007.961210,9000,07ce1970-d96c-4f79-9d92-0a7594b4b14f,worker_3,worker_3,GPU_COMPUTE,0.050000,0.050000,GPU Compute
3027008.119210,9000,07ce1970-d96c-4f79-9d92-0a7594b4b14f,worker_3,coordinator_0,NET_TRANSFER,0.000100,0.158000,Signal Finished
3027380.721796,9002,9c81d38f-4803-4d2e-95b8-696113bfef4f,coordinator_0,worker_1,NET_TRANSFER,4.655657,372.602586,Distribute Layer ID: 7e01881f
3027380.802019,9002,9c81d38f-4803-4d2e-95b8-696113bfef4f,worker_1,worker_1,MEM_MOVE,10.268530,0.080223,"Evict VRAM -> RAM [Model: 9c81d38f, Layer: 25faf124]"
3027380.838392,9002,9c81d38f-4803-4d2e-95b8-696113bfef4f,worker_1,worker_1,MEM_MOVE,4.655657,0.036372,"RAM -> VRAM [Model: 9c81d38f, Layer: 7e01881f]"
3027380.888392,9002,9c81d38f-4803-4d2e-95b8-696113bfef4f,worker_1,worker_1,GPU_COMPUTE,0.050000,0.050000,GPU Compute
3027381.046392,9002,9c81d38f-4803-4d2e-95b8-696113bfef4f,worker_1,coordinator_0,NET_TRANSFER,0.000100,0.158000,Signal Finished
3028253.553853,9002,9c81d38f-4803-4d2e-95b8-696113bfef4f,coordinator_0,worker_2,NET_TRANSFER,10.904468,872.507461,Distribute Layer ID: f3b90d3d
3028253.659227,9002,9c81d38f-4803-4d2e-95b8-696113bfef4f,worker_2,worker_2,MEM_MOVE,13.487893,0.105374,"Evict VRAM -> RAM [Model: 9c81d38f, Layer: bea845aa]"
3028253.744418,9002,9c81d38f-4803-4d2e-95b8-696113bfef4f,worker_2,worker_2,MEM_MOVE,10.904468,0.085191,"RAM -> VRAM [Model: 9c81d38f, Layer: f3b90d3d]"
3028253.794418,9002,9c81d38f-4803-4d2e-95b8-696113bfef4f,worker_2,worker_2,GPU_COMPUTE,0.050000,0.050000,GPU Compute
3028253.952418,9002,9c81d38f-4803-4d2e-95b8-696113bfef4f,worker_2,coordinator_0,NET_TRANSFER,0.000100,0.158000,Signal Finished
3029203.493910,9002,9c81d38f-4803-4d2e-95b8-696113bfef4f,coordinator_0,worker_3,NET_TRANSFER,11.867394,949.541492,Distribute Layer ID: c7098950
3029203.552578,9002,9c81d38f-4803-4d2e-95b8-696113bfef4f,worker_3,worker_3,MEM_MOVE,7.509560,0.058668,"Evict VRAM -> RAM [Model: 9c81d38f, Layer: bb398a56]"
3029203.646640,9002,9c81d38f-4803-4d2e-95b8-696113bfef4f,worker_3,worker_3,MEM_MOVE,12.039948,0.094062,"Evict VRAM -> RAM [Model: 9c81d38f, Layer: b14d4f70]"
3029203.739354,9002,9c81d38f-4803-4d2e-95b8-696113bfef4f,worker_3,worker_3,MEM_MOVE,11.867394,0.092714,"RAM -> VRAM [Model: 9c81d38f, Layer: c7098950]"
3029203.789354,9002,9c81d38f-4803-4d2e-95b8-696113bfef4f,worker_3,worker_3,GPU_COMPUTE,0.050000,0.050000,GPU Compute
3029203.947354,9002,9c81d38f-4803-4d2e-95b8-696113bfef4f,worker_3,coordinator_0,NET_TRANSFER,0.000100,0.158000,Signal Finished
3030161.824524,9002,9c81d38f-4803-4d2e-95b8-696113bfef4f,coordinator_0,worker_4,NET_TRANSFER,11.971590,957.877170,Distribute Layer ID: 7778d762
3030161.879947,9002,9c81d38f-4803-4d2e-95b8-696113bfef4f,worker_4,worker_4,MEM_MOVE,7.094198,0.055423,"Evict VRAM -> RAM [Model: 9c81d38f, Layer: 6fcf6379]"
3030161.962070,9002,9c81d38f-4803-4d2e-95b8-696113bfef4f,worker_4,worker_4,MEM_MOVE,10.511739,0.082123,"Evict VRAM -> RAM [Model: 9c81d38f, Layer: 5e45de1c]"
3030162.055598,9002,9c81d38f-4803-4d2e-95b8-696113bfef4f,worker_4,worker_4,MEM_MOVE,11.971590,0.093528,"RAM -> VRAM [Model: 9c81d38f, Layer: 7778d762]"
3030162.105598,9002,9c81d38f-4803-4d2e-95b8-696113bfef4f,worker_4,worker_4,GPU_COMPUTE,0.050000,0.050000,GPU Compute
3030162.263598,9002,9c81d38f-4803-4d2e-95b8-696113bfef4f,worker_4,coordinator_0,NET_TRANSFER,0.000100,0.158000,Signal Finished
3030794.162138,9002,9c81d38f-4803-4d2e-95b8-696113bfef4f,coordinator_0,worker_1,NET_TRANSFER,7.896857,631.898539,Distribute Layer ID: 377b6260
3030794.223832,9002,9c81d38f-4803-4d2e-95b8-696113bfef4f,worker_1,worker_1,MEM_MOVE,7.896857,0.061694,"RAM -> VRAM [Model: 9c81d38f, Layer: 377b6260]"
3030794.273832,9002,9c81d38f-4803-4d2e-95b8-696113bfef4f,worker_1,worker_1,GPU_COMPUTE,0.050000,0.050000,GPU Compute
3030794.431832,9002,9c81d38f-4803-4d2e-95b8-696113bfef4f,worker_1,coordinator_0,NET_TRANSFER,0.000100,0.158000,Signal Finished
3031792.355434,9002,9c81d38f-4803-4d2e-95b8-696113bfef4f,coordinator_0,worker_2,NET_TRANSFER,12.472170,997.923602,Distribute Layer ID: d5e54dee
3031792.394681,9002,9c81d38f-4803-4d2e-95b8-696113bfef4f,worker_2,worker_2,MEM_MOVE,5.023549,0.039246,"Evict VRAM -> RAM [Model: 9c81d38f, Layer: 395ed7c8]"
3031792.492119,9002,9c81d38f-4803-4d2e-95b8-696113bfef4f,worker_2,worker_2,MEM_MOVE,12.472170,0.097439,"RAM -> VRAM [Model: 9c81d38f, Layer: d5e54dee]"
3031792.542119,9002,9c81d38f-4803-4d2e-95b8-696113bfef4f,worker_2,worker_2,GPU_COMPUTE,0.050000,0.050000,GPU Compute
3031792.700119,9002,9c81d38f-4803-4d2e-95b8-696113bfef4f,worker_2,coordinator_0,NET_TRANSFER,0.000100,0.158000,Signal Finished
3032753.456135,9002,9c81d38f-4803-4d2e-95b8-696113bfef4f,coordinator_0,worker_3,NET_TRANSFER,12.007575,960.756016,Distribute Layer ID: 62ddc759
3032753.537784,9002,9c81d38f-4803-4d2e-95b8-696113bfef4f,worker_3,worker_3,MEM_MOVE,10.451096,0.081649,"Evict VRAM -> RAM [Model: 9c81d38f, Layer: cee8368c]"
3032753.631593,9002,9c81d38f-4803-4d2e-95b8-696113bfef4f,worker_3,worker_3,MEM_MOVE,12.007575,0.093809,"RAM -> VRAM [Model: 9c81d38f, Layer: 62ddc759]"
3032753.681593,9002,9c81d38f-4803-4d2e-95b8-696113bfef4f,worker_3,worker_3,GPU_COMPUTE,0.050000,0.050000,GPU Compute
3032753.839593,9002,9c81d38f-4803-4d2e-95b8-696113bfef4f,worker_3,coordinator_0,NET_TRANSFER,0.000100,0.158000,Signal Finished
3033752.734563,9002,9c81d38f-4803-4d2e-95b8-696113bfef4f,coordinator_0,worker_4,NET_TRANSFER,12.484312,998.894969,Distribute Layer ID: c1e6ad58
3033752.846767,9002,9c81d38f-4803-4d2e-95b8-696113bfef4f,worker_4,worker_4,MEM_MOVE,14.362177,0.112205,"Evict VRAM -> RAM [Model: 9c81d38f, Layer: 39f1f5f8]"
3033752.944301,9002,9c81d38f-4803-4d2e-95b8-696113bfef4f,worker_4,worker_4,MEM_MOVE,12.484312,0.097534,"RAM -> VRAM [Model: 9c81d38f, Layer: c1e6ad58]"
3033752.994301,9002,9c81d38f-4803-4d2e-95b8-696113bfef4f,worker_4,worker_4,GPU_COMPUTE,0.050000,0.050000,GPU Compute
3033753.152301,9002,9c81d38f-4803-4d2e-95b8-696113bfef4f,worker_4,coordinator_0,NET_TRANSFER,0.000100,0.158000,Signal Finished
3034883.659249,9002,9c81d38f-4803-4d2e-95b8-696113bfef4f,coordinator_0,worker_1,NET_TRANSFER,14.129462,1130.506948,Distribute Layer ID: 0425599a
3034883.733989,9002,9c81d38f-4803-4d2e-95b8-696113bfef4f,worker_1,worker_1,MEM_MOVE,9.566673,0.074740,"Evict VRAM -> RAM [Model: 9c81d38f, Layer: 55691df2]"
3034883.811516,9002,9c81d38f-4803-4d2e-95b8-696113bfef4f,worker_1,worker_1,MEM_MOVE,9.923446,0.077527,"Evict VRAM -> RAM [Model: 9c81d38f, Layer: 2d3ad190]"
3034883.921902,9002,9c81d38f-4803-4d2e-95b8-696113bfef4f,worker_1,worker_1,MEM_MOVE,14.129462,0.110386,"RAM -> VRAM [Model: 9c81d38f, Layer: 0425599a]"
3034883.971902,9002,9c81d38f-4803-4d2e-95b8-696113bfef4f,worker_1,worker_1,GPU_COMPUTE,0.050000,0.050000,GPU Compute
3034884.129902,9002,9c81d38f-4803-4d2e-95b8-696113bfef4f,worker_1,coordinator_0,NET_TRANSFER,0.000100,0.158000,Signal Finished
3035435.779451,9002,9c81d38f-4803-4d2e-95b8-696113bfef4f,coordinator_0,worker_2,NET_TRANSFER,6.893744,551.649549,Distribute Layer ID: 8e3efe0c
3035435.892298,9002,9c81d38f-4803-4d2e-95b8-696113bfef4f,worker_2,worker_2,MEM_MOVE,14.444384,0.112847,"Evict VRAM -> RAM [Model: 9c81d38f, Layer: a844c375]"
3035435.946155,9002,9c81d38f-4803-4d2e-95b8-696113bfef4f,worker_2,worker_2,MEM_MOVE,6.893744,0.053857,"RAM -> VRAM [Model: 9c81d38f, Layer: 8e3efe0c]"
3035435.996155,9002,9c81d38f-4803-4d2e-95b8-696113bfef4f,worker_2,worker_2,GPU_COMPUTE,0.050000,0.050000,GPU Compute
3035436.154155,9002,9c81d38f-4803-4d2e-95b8-696113bfef4f,worker_2,coordinator_0,NET_TRANSFER,0.000100,0.158000,Signal Finished
3035861.965225,9002,9c81d38f-4803-4d2e-95b8-696113bfef4f,coordinator_0,worker_3,NET_TRANSFER,5.320763,425.811070,Distribute Layer ID: c4ee1975
3035862.006794,9002,9c81d38f-4803-4d2e-95b8-696113bfef4f,worker_3,worker_3,MEM_MOVE,5.320763,0.041568,"RAM -> VRAM [Model: 9c81d38f, Layer: c4ee1975]"
3035862.056794,9002,9c81d38f-4803-4d2e-95b8-696113bfef4f,worker_3,worker_3,GPU_COMPUTE,0.050000,0.050000,GPU Compute
3035862.214794,9002,9c81d38f-4803-4d2e-95b8-696113bfef4f,worker_3,coordinator_0,NET_TRANSFER,0.000100,0.158000,Signal Finished
3037024.715898,9002,9c81d38f-4803-4d2e-95b8-696113bfef4f,coordinator_0,worker_4,NET_TRANSFER,14.529389,1162.501104,Distribute Layer ID: e37887b8
3037024.778262,9002,9c81d38f-4803-4d2e-95b8-696113bfef4f,worker_4,worker_4,MEM_MOVE,7.982629,0.062364,"Evict VRAM -> RAM [Model: 9c81d38f, Layer: 40d7c9d8]"
3037024.891773,9002,9c81d38f-4803-4d2e-95b8-696113bfef4f,worker_4,worker_4,MEM_MOVE,14.529389,0.113511,"RAM -> VRAM [Model: 9c81d38f, Layer: e37887b8]"
3037024.941773,9002,9c81d38f-4803-4d2e-95b8-696113bfef4f,worker_4,worker_4,GPU_COMPUTE,0.050000,0.050000,GPU Compute
3037025.099773,9002,9c81d38f-4803-4d2e-95b8-696113bfef4f,worker_4,coordinator_0,NET_TRANSFER,0.000100,0.158000,Signal Finished
3038101.946498,9002,9c81d38f-4803-4d2e-95b8-696113bfef4f,coordinator_0,worker_1,NET_TRANSFER,13.458709,1076.846725,Distribute Layer ID: 784cdcbc
3038102.042402,9002,9c81d38f-4803-4d2e-95b8-696113bfef4f,worker_1,worker_1,MEM_MOVE,12.275703,0.095904,"Evict VRAM -> RAM [Model: 9c81d38f, Layer: 78d526e1]"
3038102.147548,9002,9c81d38f-4803-4d2e-95b8-696113bfef4f,worker_1,worker_1,MEM_MOVE,13.458709,0.105146,"RAM -> VRAM [Model: 9c81d38f, Layer: 784cdcbc]"
3038102.197548,9002,9c81d38f-4803-4d2e-95b8-696113bfef4f,worker_1,worker_1,GPU_COMPUTE,0.050000,0.050000,GPU Compute
3038102.355548,9002,9c81d38f-4803-4d2e-95b8-696113bfef4f,worker_1,coordinator_0,NET_TRANSFER,0.000100,0.158000,Signal Finished
3038507.875319,9002,9c81d38f-4803-4d2e-95b8-696113bfef4f,coordinator_0,worker_2,NET_TRANSFER,5.067122,405.519771,Distribute Layer ID: d5fffc2c
3038507.914906,9002,9c81d38f-4803-4d2e-95b8-696113bfef4f,worker_2,worker_2,MEM_MOVE,5.067122,0.039587,"RAM -> VRAM [Model: 9c81d38f, Layer: d5fffc2c]"
3038507.964906,9002,9c81d38f-4803-4d2e-95b8-696113bfef4f,worker_2,worker_2,GPU_COMPUTE,0.050000,0.050000,GPU Compute
3038508.122906,9002,9c81d38f-4803-4d2e-95b8-696113bfef4f,worker_2,coordinator_0,NET_TRANSFER,0.000100,0.158000,Signal Finished
3039287.980424,9002,9c81d38f-4803-4d2e-95b8-696113bfef4f,coordinator_0,worker_3,NET_TRANSFER,9.746344,779.857518,Distribute Layer ID: 98c6c7f0
3039288.065892,9002,9c81d38f-4803-4d2e-95b8-696113bfef4f,worker_3,worker_3,MEM_MOVE,10.939923,0.085468,"Evict VRAM -> RAM [Model: 9c81d38f, Layer: d9734b11]"
3039288.142036,9002,9c81d38f-4803-4d2e-95b8-696113bfef4f,worker_3,worker_3,MEM_MOVE,9.746344,0.076143,"RAM -> VRAM [Model: 9c81d38f, Layer: 98c6c7f0]"
3039288.192036,9002,9c81d38f-4803-4d2e-95b8-696113bfef4f,worker_3,worker_3,GPU_COMPUTE,0.050000,0.050000,GPU Compute
3039288.350036,9002,9c81d38f-4803-4d2e-95b8-696113bfef4f,worker_3,coordinator_0,NET_TRANSFER,0.000100,0.158000,Signal Finished
3039856.035841,9002,9c81d38f-4803-4d2e-95b8-696113bfef4f,coordinator_0,worker_4,NET_TRANSFER,7.094198,567.685805,Distribute Layer ID: 6fcf6379
3039856.143788,9002,9c81d38f-4803-4d2e-95b8-696113bfef4f,worker_4,worker_4,MEM_MOVE,13.817228,0.107947,"Evict VRAM -> RAM [Model: 9c81d38f, Layer: 1536f2a0]"
3039856.199212,9002,9c81d38f-4803-4d2e-95b8-696113bfef4f,worker_4,worker_4,MEM_MOVE,7.094198,0.055423,"RAM -> VRAM [Model: 9c81d38f, Layer: 6fcf6379]"
3039856.249212,9002,9c81d38f-4803-4d2e-95b8-696113bfef4f,worker_4,worker_4,GPU_COMPUTE,0.050000,0.050000,GPU Compute
3039856.407212,9002,9c81d38f-4803-4d2e-95b8-696113bfef4f,worker_4,coordinator_0,NET_TRANSFER,0.000100,0.158000,Signal Finished
3040692.314279,9002,9c81d38f-4803-4d2e-95b8-696113bfef4f,coordinator_0,worker_1,NET_TRANSFER,10.446963,835.907067,Distribute Layer ID: fd77d08c
3040692.406530,9002,9c81d38f-4803-4d2e-95b8-696113bfef4f,worker_1,worker_1,MEM_MOVE,11.808117,0.092251,"Evict VRAM -> RAM [Model: 9c81d38f, Layer: 5cf857f7]"
3040692.488147,9002,9c81d38f-4803-4d2e-95b8-696113bfef4f,worker_1,worker_1,MEM_MOVE,10.446963,0.081617,"RAM -> VRAM [Model: 9c81d38f, Layer: fd77d08c]"
3040692.538147,9002,9c81d38f-4803-4d2e-95b8-696113bfef4f,worker_1,worker_1,GPU_COMPUTE,0.050000,0.050000,GPU Compute
3040692.696147,9002,9c81d38f-4803-4d2e-95b8-696113bfef4f,worker_1,coordinator_0,NET_TRANSFER,0.000100,0.158000,Signal Finished
3041555.771962,9002,9c81d38f-4803-4d2e-95b8-696113bfef4f,coordinator_0,worker_2,NET_TRANSFER,10.786573,863.075816,Distribute Layer ID: bbdc1d28
3041555.869819,9002,9c81d38f-4803-4d2e-95b8-696113bfef4f,worker_2,worker_2,MEM_MOVE,12.525699,0.097857,"Evict VRAM -> RAM [Model: 9c81d38f, Layer: 59d14807]"
3041555.954090,9002,9c81d38f-4803-4d2e-95b8-696113bfef4f,worker_2,worker_2,MEM_MOVE,10.786573,0.084270,"RAM -> VRAM [Model: 9c81d38f, Layer: bbdc1d28]"
3041556.004090,9002,9c81d38f-4803-4d2e-95b8-696113bfef4f,worker_2,worker_2,GPU_COMPUTE,0.050000,0.050000,GPU Compute
3041556.162090,9002,9c81d38f-4803-4d2e-95b8-696113bfef4f,worker_2,coordinator_0,NET_TRANSFER,0.000100,0.158000,Signal Finished
3042548.865437,9002,9c81d38f-4803-4d2e-95b8-696113bfef4f,coordinator_0,worker_3,NET_TRANSFER,12.406917,992.703348,Distribute Layer ID: c1f3998c
3042548.931352,9002,9c81d38f-4803-4d2e-95b8-696113bfef4f,worker_3,worker_3,MEM_MOVE,8.437084,0.065915,"Evict VRAM -> RAM [Model: 9c81d38f, Layer: 9f371c18]"
3042549.028281,9002,9c81d38f-4803-4d2e-95b8-696113bfef4f,worker_3,worker_3,MEM_MOVE,12.406917,0.096929,"RAM -> VRAM [Model: 9c81d38f, Layer: c1f3998c]"
3042549.078281,9002,9c81d38f-4803-4d2e-95b8-696113bfef4f,worker_3,worker_3,GPU_COMPUTE,0.050000,0.050000,GPU Compute
3042549.236281,9002,9c81d38f-4803-4d2e-95b8-696113bfef4f,worker_3,coordinator_0,NET_TRANSFER,0.000100,0.158000,Signal Finished
3043390.325390,9002,9c81d38f-4803-4d2e-95b8-696113bfef4f,coordinator_0,worker_4,NET_TRANSFER,10.511739,841.089109,Distribute Layer ID: 5e45de1c
3043390.420610,9002,9c81d38f-4803-4d2e-95b8-696113bfef4f,worker_4,worker_4,MEM_MOVE,12.188226,0.095221,"Evict VRAM -> RAM [Model: 9c81d38f, Layer: c61969c8]"
3043390.502733,9002,9c81d38f-4803-4d2e-95b8-696113bfef4f,worker_4,worker_4,MEM_MOVE,10.511739,0.082123,"RAM -> VRAM [Model: 9c81d38f, Layer: 5e45de1c]"
3043390.552733,9002,9c81d38f-4803-4d2e-95b8-696113bfef4f,worker_4,worker_4,GPU_COMPUTE,0.050000,0.050000,GPU Compute
3043390.710733,9002,9c81d38f-4803-4d2e-95b8-696113bfef4f,worker_4,coordinator_0,NET_TRANSFER,0.000100,0.158000,Signal Finished
3044249.938957,9002,9c81d38f-4803-4d2e-95b8-696113bfef4f,coordinator_0,worker_1,NET_TRANSFER,10.738478,859.228224,Distribute Layer ID: b87814d8
3044250.007149,9002,9c81d38f-4803-4d2e-95b8-696113bfef4f,worker_1,worker_1,MEM_MOVE,8.728516,0.068192,"Evict VRAM -> RAM [Model: 9c81d38f, Layer: 2f898d44]"
3044250.091043,9002,9c81d38f-4803-4d2e-95b8-696113bfef4f,worker_1,worker_1,MEM_MOVE,10.738478,0.083894,"RAM -> VRAM [Model: 9c81d38f, Layer: b87814d8]"
3044250.141043,9002,9c81d38f-4803-4d2e-95b8-696113bfef4f,worker_1,worker_1,GPU_COMPUTE,0.050000,0.050000,GPU Compute
3044250.299043,9002,9c81d38f-4803-4d2e-95b8-696113bfef4f,worker_1,coordinator_0,NET_TRANSFER,0.000100,0.158000,Signal Finished
3045360.131773,9002,9c81d38f-4803-4d2e-95b8-696113bfef4f,coordinator_0,worker_2,NET_TRANSFER,13.871034,1109.832729,Distribute Layer ID: 100614c2
3045360.239754,9002,9c81d38f-4803-4d2e-95b8-696113bfef4f,worker_2,worker_2,MEM_MOVE,13.821564,0.107981,"Evict VRAM -> RAM [Model: 9c81d38f, Layer: 3899ef30]"
3045360.348121,9002,9c81d38f-4803-4d2e-95b8-696113bfef4f,worker_2,worker_2,MEM_MOVE,13.871034,0.108367,"RAM -> VRAM [Model: 9c81d38f, Layer: 100614c2]"
3045360.398121,9002,9c81d38f-4803-4d2e-95b8-696113bfef4f,worker_2,worker_2,GPU_COMPUTE,0.050000,0.050000,GPU Compute
3045360.556121,9002,9c81d38f-4803-4d2e-95b8-696113bfef4f,worker_2,coordinator_0,NET_TRANSFER,0.000100,0.158000,Signal Finished
3046282.573107,9002,9c81d38f-4803-4d2e-95b8-696113bfef4f,coordinator_0,worker_3,NET_TRANSFER,11.523337,922.016986,Distribute Layer ID: f083a747
3046282.649762,9002,9c81d38f-4803-4d2e-95b8-696113bfef4f,worker_3,worker_3,MEM_MOVE,9.811848,0.076655,"Evict VRAM -> RAM [Model: d039aa0d, Layer: 3034a5af]"
3046282.733502,9002,9c81d38f-4803-4d2e-95b8-696113bfef4f,worker_3,worker_3,MEM_MOVE,10.718676,0.083740,"Evict VRAM -> RAM [Model: d039aa0d, Layer: a762329c]"
3046282.823528,9002,9c81d38f-4803-4d2e-95b8-696113bfef4f,worker_3,worker_3,MEM_MOVE,11.523337,0.090026,"RAM -> VRAM [Model: 9c81d38f, Layer: f083a747]"
3046282.873528,9002,9c81d38f-4803-4d2e-95b8-696113bfef4f,worker_3,worker_3,GPU_COMPUTE,0.050000,0.050000,GPU Compute
3046283.031528,9002,9c81d38f-4803-4d2e-95b8-696113bfef4f,worker_3,coordinator_0,NET_TRANSFER,0.000100,0.158000,Signal Finished
3047432.155657,9002,9c81d38f-4803-4d2e-95b8-696113bfef4f,coordinator_0,worker_4,NET_TRANSFER,14.362177,1149.124129,Distribute Layer ID: 39f1f5f8
3047432.210330,9002,9c81d38f-4803-4d2e-95b8-696113bfef4f,worker_4,worker_4,MEM_MOVE,6.998150,0.054673,"Evict VRAM -> RAM [Model: 9c81d38f, Layer: bc0d0d43]"
3047432.322535,9002,9c81d38f-4803-4d2e-95b8-696113bfef4f,worker_4,worker_4,MEM_MOVE,14.362177,0.112205,"RAM -> VRAM [Model: 9c81d38f, Layer: 39f1f5f8]"
3047432.372535,9002,9c81d38f-4803-4d2e-95b8-696113bfef4f,worker_4,worker_4,GPU_COMPUTE,0.050000,0.050000,GPU Compute
3047432.530535,9002,9c81d38f-4803-4d2e-95b8-696113bfef4f,worker_4,coordinator_0,NET_TRANSFER,0.000100,0.158000,Signal Finished
3048254.162899,9002,9c81d38f-4803-4d2e-95b8-696113bfef4f,coordinator_0,worker_1,NET_TRANSFER,10.268530,821.632364,Distribute Layer ID: 25faf124
3048254.262853,9002,9c81d38f-4803-4d2e-95b8-696113bfef4f,worker_1,worker_1,MEM_MOVE,12.794104,0.099954,"Evict VRAM -> RAM [Model: d039aa0d, Layer: 08f5c86c]"
3048254.343075,9002,9c81d38f-4803-4d2e-95b8-696113bfef4f,worker_1,worker_1,MEM_MOVE,10.268530,0.080223,"RAM -> VRAM [Model: 9c81d38f, Layer: 25faf124]"
3048254.393075,9002,9c81d38f-4803-4d2e-95b8-696113bfef4f,worker_1,worker_1,GPU_COMPUTE,0.050000,0.050000,GPU Compute
3048254.551075,9002,9c81d38f-4803-4d2e-95b8-696113bfef4f,worker_1,coordinator_0,NET_TRANSFER,0.000100,0.158000,Signal Finished
3049333.732541,9002,9c81d38f-4803-4d2e-95b8-696113bfef4f,coordinator_0,worker_2,NET_TRANSFER,13.487893,1079.181465,Distribute Layer ID: bea845aa
3049333.780309,9002,9c81d38f-4803-4d2e-95b8-696113bfef4f,worker_2,worker_2,MEM_MOVE,6.114302,0.047768,"Evict VRAM -> RAM [Model: 9c81d38f, Layer: 7dabd6ef]"
3049333.867741,9002,9c81d38f-4803-4d2e-95b8-696113bfef4f,worker_2,worker_2,MEM_MOVE,11.191322,0.087432,"Evict VRAM -> RAM [Model: d039aa0d, Layer: a1724b1a]"
3049333.973115,9002,9c81d38f-4803-4d2e-95b8-696113bfef4f,worker_2,worker_2,MEM_MOVE,13.487893,0.105374,"RAM -> VRAM [Model: 9c81d38f, Layer: bea845aa]"
3049334.023115,9002,9c81d38f-4803-4d2e-95b8-696113bfef4f,worker_2,worker_2,GPU_COMPUTE,0.050000,0.050000,GPU Compute
3049334.181115,9002,9c81d38f-4803-4d2e-95b8-696113bfef4f,worker_2,coordinator_0,NET_TRANSFER,0.000100,0.158000,Signal Finished
3050055.057227,9002,9c81d38f-4803-4d2e-95b8-696113bfef4f,coordinator_0,worker_3,NET_TRANSFER,9.009076,720.876111,Distribute Layer ID: c6e76c0e
3050055.127610,9002,9c81d38f-4803-4d2e-95b8-696113bfef4f,worker_3,worker_3,MEM_MOVE,9.009076,0.070383,"RAM -> VRAM [Model: 9c81d38f, Layer: c6e76c0e]"
3050055.177610,9002,9c81d38f-4803-4d2e-95b8-696113bfef4f,worker_3,worker_3,GPU_COMPUTE,0.050000,0.050000,GPU Compute
3050055.335610,9002,9c81d38f-4803-4d2e-95b8-696113bfef4f,worker_3,coordinator_0,NET_TRANSFER,0.000100,0.158000,Signal Finished
3050694.095909,9002,9c81d38f-4803-4d2e-95b8-696113bfef4f,coordinator_0,worker_4,NET_TRANSFER,7.982629,638.760299,Distribute Layer ID: 40d7c9d8
3050694.158602,9002,9c81d38f-4803-4d2e-95b8-696113bfef4f,worker_4,worker_4,MEM_MOVE,8.024621,0.062692,"Evict VRAM -> RAM [Model: 9c81d38f, Layer: 61ff82bd]"
3050694.220966,9002,9c81d38f-4803-4d2e-95b8-696113bfef4f,worker_4,worker_4,MEM_MOVE,7.982629,0.062364,"RAM -> VRAM [Model: 9c81d38f, Layer: 40d7c9d8]"
3050694.270966,9002,9c81d38f-4803-4d2e-95b8-696113bfef4f,worker_4,worker_4,GPU_COMPUTE,0.050000,0.050000,GPU Compute
3050694.428966,9002,9c81d38f-4803-4d2e-95b8-696113bfef4f,worker_4,coordinator_0,NET_TRANSFER,0.000100,0.158000,Signal Finished
3051459.912828,9002,9c81d38f-4803-4d2e-95b8-696113bfef4f,coordinator_0,worker_1,NET_TRANSFER,9.566673,765.483862,Distribute Layer ID: 55691df2
3051460.024403,9002,9c81d38f-4803-4d2e-95b8-696113bfef4f,worker_1,worker_1,MEM_MOVE,14.281550,0.111575,"Evict VRAM -> RAM [Model: d039aa0d, Layer: 7a473afb]"
3051460.099143,9002,9c81d38f-4803-4d2e-95b8-696113bfef4f,worker_1,worker_1,MEM_MOVE,9.566673,0.074740,"RAM -> VRAM [Model: 9c81d38f, Layer: 55691df2]"
3051460.149143,9002,9c81d38f-4803-4d2e-95b8-696113bfef4f,worker_1,worker_1,GPU_COMPUTE,0.050000,0.050000,GPU Compute
3051460.307143,9002,9c81d38f-4803-4d2e-95b8-696113bfef4f,worker_1,coordinator_0,NET_TRANSFER,0.000100,0.158000,Signal Finished
3051862.341036,9002,9c81d38f-4803-4d2e-95b8-696113bfef4f,coordinator_0,worker_2,NET_TRANSFER,5.023549,402.033893,Distribute Layer ID: 395ed7c8
3051862.380283,9002,9c81d38f-4803-4d2e-95b8-696113bfef4f,worker_2,worker_2,MEM_MOVE,5.023549,0.039246,"RAM -> VRAM [Model: 9c81d38f, Layer: 395ed7c8]"
3051862.430283,9002,9c81d38f-4803-4d2e-95b8-696113bfef4f,worker_2,worker_2,GPU_COMPUTE,0.050000,0.050000,GPU Compute
3051862.588283,9002,9c81d38f-4803-4d2e-95b8-696113bfef4f,worker_2,coordinator_0,NET_TRANSFER,0.000100,0.158000,Signal Finished
3052463.503078,9002,9c81d38f-4803-4d2e-95b8-696113bfef4f,coordinator_0,worker_3,NET_TRANSFER,7.509560,600.914796,Distribute Layer ID: bb398a56
3052463.564290,9002,9c81d38f-4803-4d2e-95b8-696113bfef4f,worker_3,worker_3,MEM_MOVE,7.835080,0.061212,"Evict VRAM -> RAM [Model: d039aa0d, Layer: d7cea3a8]"
3052463.622958,9002,9c81d38f-4803-4d2e-95b8-696113bfef4f,worker_3,worker_3,MEM_MOVE,7.509560,0.058668,"RAM -> VRAM [Model: 9c81d38f, Layer: bb398a56]"
3052463.672958,9002,9c81d38f-4803-4d2e-95b8-696113bfef4f,worker_3,worker_3,GPU_COMPUTE,0.050000,0.050000,GPU Compute
3052463.830958,9002,9c81d38f-4803-4d2e-95b8-696113bfef4f,worker_3,coordinator_0,NET_TRANSFER,0.000100,0.158000,Signal Finished
3053569.359220,9002,9c81d38f-4803-4d2e-95b8-696113bfef4f,coordinator_0,worker_4,NET_TRANSFER,13.817228,1105.528262,Distribute Layer ID: 1536f2a0
3053569.462047,9002,9c81d38f-4803-4d2e-95b8-696113bfef4f,worker_4,worker_4,MEM_MOVE,13.161801,0.102827,"Evict VRAM -> RAM [Model: d039aa0d, Layer: f1b1529a]"
3053569.569994,9002,9c81d38f-4803-4d2e-95b8-696113bfef4f,worker_4,worker_4,MEM_MOVE,13.817228,0.107947,"RAM -> VRAM [Model: 9c81d38f, Layer: 1536f2a0]"
3053569.619994,9002,9c81d38f-4803-4d2e-95b8-696113bfef4f,worker_4,worker_4,GPU_COMPUTE,0.050000,0.050000,GPU Compute
3053569.777994,9002,9c81d38f-4803-4d2e-95b8-696113bfef4f,worker_4,coordinator_0,NET_TRANSFER,0.000100,0.158000,Signal Finished
3054363.803685,9002,9c81d38f-4803-4d2e-95b8-696113bfef4f,coordinator_0,worker_1,NET_TRANSFER,9.923446,794.025691,Distribute Layer ID: 2d3ad190
3054363.881212,9002,9c81d38f-4803-4d2e-95b8-696113bfef4f,worker_1,worker_1,MEM_MOVE,9.923446,0.077527,"RAM -> VRAM [Model: 9c81d38f, Layer: 2d3ad190]"
3054363.931212,9002,9c81d38f-4803-4d2e-95b8-696113bfef4f,worker_1,worker_1,GPU_COMPUTE,0.050000,0.050000,GPU Compute
3054364.089212,9002,9c81d38f-4803-4d2e-95b8-696113bfef4f,worker_1,coordinator_0,NET_TRANSFER,0.000100,0.158000,Signal Finished
3055519.789900,9002,9c81d38f-4803-4d2e-95b8-696113bfef4f,coordinator_0,worker_2,NET_TRANSFER,14.444384,1155.700688,Distribute Layer ID: a844c375
3055519.845819,9002,9c81d38f-4803-4d2e-95b8-696113bfef4f,worker_2,worker_2,MEM_MOVE,7.157654,0.055919,"Evict VRAM -> RAM [Model: d039aa0d, Layer: ca42ec12]"
3055519.935967,9002,9c81d38f-4803-4d2e-95b8-696113bfef4f,worker_2,worker_2,MEM_MOVE,11.538962,0.090148,"Evict VRAM -> RAM [Model: d039aa0d, Layer: 7aa05e61]"
3055520.048814,9002,9c81d38f-4803-4d2e-95b8-696113bfef4f,worker_2,worker_2,MEM_MOVE,14.444384,0.112847,"RAM -> VRAM [Model: 9c81d38f, Layer: a844c375]"
3055520.098814,9002,9c81d38f-4803-4d2e-95b8-696113bfef4f,worker_2,worker_2,GPU_COMPUTE,0.050000,0.050000,GPU Compute
3055520.256814,9002,9c81d38f-4803-4d2e-95b8-696113bfef4f,worker_2,coordinator_0,NET_TRANSFER,0.000100,0.158000,Signal Finished
3056483.602645,9002,9c81d38f-4803-4d2e-95b8-696113bfef4f,coordinator_0,worker_3,NET_TRANSFER,12.039948,963.345831,Distribute Layer ID: b14d4f70
3056483.698453,9002,9c81d38f-4803-4d2e-95b8-696113bfef4f,worker_3,worker_3,MEM_MOVE,12.263434,0.095808,"Evict VRAM -> RAM [Model: d039aa0d, Layer: f5d79372]"
3056483.792515,9002,9c81d38f-4803-4d2e-95b8-696113bfef4f,worker_3,worker_3,MEM_MOVE,12.039948,0.094062,"RAM -> VRAM [Model: 9c81d38f, Layer: b14d4f70]"
3056483.842515,9002,9c81d38f-4803-4d2e-95b8-696113bfef4f,worker_3,worker_3,GPU_COMPUTE,0.050000,0.050000,GPU Compute
3056484.000515,9002,9c81d38f-4803-4d2e-95b8-696113bfef4f,worker_3,coordinator_0,NET_TRANSFER,0.000100,0.158000,Signal Finished
3057459.208596,9002,9c81d38f-4803-4d2e-95b8-696113bfef4f,coordinator_0,worker_4,NET_TRANSFER,12.188226,975.208080,Distribute Layer ID: c61969c8
3057459.291605,9002,9c81d38f-4803-4d2e-95b8-696113bfef4f,worker_4,worker_4,MEM_MOVE,10.625184,0.083009,"Evict VRAM -> RAM [Model: d039aa0d, Layer: 0d8e8e49]"
3057459.351940,9002,9c81d38f-4803-4d2e-95b8-696113bfef4f,worker_4,worker_4,MEM_MOVE,7.722872,0.060335,"Evict VRAM -> RAM [Model: d039aa0d, Layer: 1e7e37a0]"
3057459.447160,9002,9c81d38f-4803-4d2e-95b8-696113bfef4f,worker_4,worker_4,MEM_MOVE,12.188226,0.095221,"RAM -> VRAM [Model: 9c81d38f, Layer: c61969c8]"
3057459.497160,9002,9c81d38f-4803-4d2e-95b8-696113bfef4f,worker_4,worker_4,GPU_COMPUTE,0.050000,0.050000,GPU Compute
3057459.655160,9002,9c81d38f-4803-4d2e-95b8-696113bfef4f,worker_4,coordinator_0,NET_TRANSFER,0.000100,0.158000,Signal Finished
3058441.861433,9002,9c81d38f-4803-4d2e-95b8-696113bfef4f,coordinator_0,worker_1,NET_TRANSFER,12.275703,982.206272,Distribute Layer ID: 78d526e1
3058441.926486,9002,9c81d38f-4803-4d2e-95b8-696113bfef4f,worker_1,worker_1,MEM_MOVE,8.326887,0.065054,"Evict VRAM -> RAM [Model: d039aa0d, Layer: dbf33ae8]"
3058441.994549,9002,9c81d38f-4803-4d2e-95b8-696113bfef4f,worker_1,worker_1,MEM_MOVE,8.711959,0.068062,"Evict VRAM -> RAM [Model: d039aa0d, Layer: 44f9ad07]"
3058442.090453,9002,9c81d38f-4803-4d2e-95b8-696113bfef4f,worker_1,worker_1,MEM_MOVE,12.275703,0.095904,"RAM -> VRAM [Model: 9c81d38f, Layer: 78d526e1]"
3058442.140453,9002,9c81d38f-4803-4d2e-95b8-696113bfef4f,worker_1,worker_1,GPU_COMPUTE,0.050000,0.050000,GPU Compute
3058442.298453,9002,9c81d38f-4803-4d2e-95b8-696113bfef4f,worker_1,coordinator_0,NET_TRANSFER,0.000100,0.158000,Signal Finished
3059444.504362,9002,9c81d38f-4803-4d2e-95b8-696113bfef4f,coordinator_0,worker_2,NET_TRANSFER,12.525699,1002.205910,Distribute Layer ID: 59d14807
3059444.603686,9002,9c81d38f-4803-4d2e-95b8-696113bfef4f,worker_2,worker_2,MEM_MOVE,12.713407,0.099323,"Evict VRAM -> RAM [Model: d039aa0d, Layer: 099f8c25]"
3059444.701543,9002,9c81d38f-4803-4d2e-95b8-696113bfef4f,worker_2,worker_2,MEM_MOVE,12.525699,0.097857,"RAM -> VRAM [Model: 9c81d38f, Layer: 59d14807]"
3059444.751543,9002,9c81d38f-4803-4d2e-95b8-696113bfef4f,worker_2,worker_2,GPU_COMPUTE,0.050000,0.050000,GPU Compute
3059444.909543,9002,9c81d38f-4803-4d2e-95b8-696113bfef4f,worker_2,coordinator_0,NET_TRANSFER,0.000100,0.158000,Signal Finished
3060281.147250,9002,9c81d38f-4803-4d2e-95b8-696113bfef4f,coordinator_0,worker_3,NET_TRANSFER,10.451096,836.237708,Distribute Layer ID: cee8368c
3060281.208817,9002,9c81d38f-4803-4d2e-95b8-696113bfef4f,worker_3,worker_3,MEM_MOVE,7.880490,0.061566,"Evict VRAM -> RAM [Model: d039aa0d, Layer: 0da3831b]"
3060281.271126,9002,9c81d38f-4803-4d2e-95b8-696113bfef4f,worker_3,worker_3,MEM_MOVE,7.975568,0.062309,"Evict VRAM -> RAM [Model: d039aa0d, Layer: 274eb2c5]"
3060281.352775,9002,9c81d38f-4803-4d2e-95b8-696113bfef4f,worker_3,worker_3,MEM_MOVE,10.451096,0.081649,"RAM -> VRAM [Model: 9c81d38f, Layer: cee8368c]"
3060281.402775,9002,9c81d38f-4803-4d2e-95b8-696113bfef4f,worker_3,worker_3,GPU_COMPUTE,0.050000,0.050000,GPU Compute
3060281.560775,9002,9c81d38f-4803-4d2e-95b8-696113bfef4f,worker_3,coordinator_0,NET_TRANSFER,0.000100,0.158000,Signal Finished
3060841.562752,9002,9c81d38f-4803-4d2e-95b8-696113bfef4f,coordinator_0,worker_4,NET_TRANSFER,6.998150,560.001977,Distribute Layer ID: bc0d0d43
3060841.617425,9002,9c81d38f-4803-4d2e-95b8-696113bfef4f,worker_4,worker_4,MEM_MOVE,6.998150,0.054673,"RAM -> VRAM [Model: 9c81d38f, Layer: bc0d0d43]"
3060841.667425,9002,9c81d38f-4803-4d2e-95b8-696113bfef4f,worker_4,worker_4,GPU_COMPUTE,0.050000,0.050000,GPU Compute
3060841.825425,9002,9c81d38f-4803-4d2e-95b8-696113bfef4f,worker_4,coordinator_0,NET_TRANSFER,0.000100,0.158000,Signal Finished
3061786.624767,9002,9c81d38f-4803-4d2e-95b8-696113bfef4f,coordinator_0,worker_1,NET_TRANSFER,11.808117,944.799342,Distribute Layer ID: 5cf857f7
3061786.701659,9002,9c81d38f-4803-4d2e-95b8-696113bfef4f,worker_1,worker_1,MEM_MOVE,9.842125,0.076892,"Evict VRAM -> RAM [Model: d039aa0d, Layer: 73cfc4bb]"
3061786.793910,9002,9c81d38f-4803-4d2e-95b8-696113bfef4f,worker_1,worker_1,MEM_MOVE,11.808117,0.092251,"RAM -> VRAM [Model: 9c81d38f, Layer: 5cf857f7]"
3061786.843910,9002,9c81d38f-4803-4d2e-95b8-696113bfef4f,worker_1,worker_1,GPU_COMPUTE,0.050000,0.050000,GPU Compute
3061787.001910,9002,9c81d38f-4803-4d2e-95b8-696113bfef4f,worker_1,coordinator_0,NET_TRANSFER,0.000100,0.158000,Signal Finished
3062892.877040,9002,9c81d38f-4803-4d2e-95b8-696113bfef4f,coordinator_0,worker_2,NET_TRANSFER,13.821564,1105.875130,Distribute Layer ID: 3899ef30
3062892.982214,9002,9c81d38f-4803-4d2e-95b8-696113bfef4f,worker_2,worker_2,MEM_MOVE,13.462262,0.105174,"Evict VRAM -> RAM [Model: d039aa0d, Layer: 8a3448e1]"
3062893.090195,9002,9c81d38f-4803-4d2e-95b8-696113bfef4f,worker_2,worker_2,MEM_MOVE,13.821564,0.107981,"RAM -> VRAM [Model: 9c81d38f, Layer: 3899ef30]"
3062893.140195,9002,9c81d38f-4803-4d2e-95b8-696113bfef4f,worker_2,worker_2,GPU_COMPUTE,0.050000,0.050000,GPU Compute
3062893.298195,9002,9c81d38f-4803-4d2e-95b8-696113bfef4f,worker_2,coordinator_0,NET_TRANSFER,0.000100,0.158000,Signal Finished
3063768.642041,9002,9c81d38f-4803-4d2e-95b8-696113bfef4f,coordinator_0,worker_3,NET_TRANSFER,10.939923,875.343846,Distribute Layer ID: d9734b11
3063768.752361,9002,9c81d38f-4803-4d2e-95b8-696113bfef4f,worker_3,worker_3,MEM_MOVE,14.121022,0.110320,"Evict VRAM -> RAM [Model: d039aa0d, Layer: ef15fce4]"
3063768.837829,9002,9c81d38f-4803-4d2e-95b8-696113bfef4f,worker_3,worker_3,MEM_MOVE,10.939923,0.085468,"RAM -> VRAM [Model: 9c81d38f, Layer: d9734b11]"
3063768.887829,9002,9c81d38f-4803-4d2e-95b8-696113bfef4f,worker_3,worker_3,GPU_COMPUTE,0.050000,0.050000,GPU Compute
3063769.045829,9002,9c81d38f-4803-4d2e-95b8-696113bfef4f,worker_3,coordinator_0,NET_TRANSFER,0.000100,0.158000,Signal Finished
3064411.165532,9002,9c81d38f-4803-4d2e-95b8-696113bfef4f,coordinator_0,worker_4,NET_TRANSFER,8.024621,642.119702,Distribute Layer ID: 61ff82bd
3064411.276667,9002,9c81d38f-4803-4d2e-95b8-696113bfef4f,worker_4,worker_4,MEM_MOVE,14.225284,0.111135,"Evict VRAM -> RAM [Model: d039aa0d, Layer: d4f7aaaf]"
3064411.339359,9002,9c81d38f-4803-4d2e-95b8-696113bfef4f,worker_4,worker_4,MEM_MOVE,8.024621,0.062692,"RAM -> VRAM [Model: 9c81d38f, Layer: 61ff82bd]"
3064411.389359,9002,9c81d38f-4803-4d2e-95b8-696113bfef4f,worker_4,worker_4,GPU_COMPUTE,0.050000,0.050000,GPU Compute
3064411.547359,9002,9c81d38f-4803-4d2e-95b8-696113bfef4f,worker_4,coordinator_0,NET_TRANSFER,0.000100,0.158000,Signal Finished
3065109.978647,9002,9c81d38f-4803-4d2e-95b8-696113bfef4f,coordinator_0,worker_1,NET_TRANSFER,8.728516,698.431288,Distribute Layer ID: 2f898d44
3065110.082311,9002,9c81d38f-4803-4d2e-95b8-696113bfef4f,worker_1,worker_1,MEM_MOVE,13.268948,0.103664,"Evict VRAM -> RAM [Model: d039aa0d, Layer: 79cb2799]"
3065110.150503,9002,9c81d38f-4803-4d2e-95b8-696113bfef4f,worker_1,worker_1,MEM_MOVE,8.728516,0.068192,"RAM -> VRAM [Model: 9c81d38f, Layer: 2f898d44]"
3065110.200503,9002,9c81d38f-4803-4d2e-95b8-696113bfef4f,worker_1,worker_1,GPU_COMPUTE,0.050000,0.050000,GPU Compute
3065110.358503,9002,9c81d38f-4803-4d2e-95b8-696113bfef4f,worker_1,coordinator_0,NET_TRANSFER,0.000100,0.158000,Signal Finished
3065599.652635,9002,9c81d38f-4803-4d2e-95b8-696113bfef4f,coordinator_0,worker_2,NET_TRANSFER,6.114302,489.294133,Distribute Layer ID: 7dabd6ef
3065599.700403,9002,9c81d38f-4803-4d2e-95b8-696113bfef4f,worker_2,worker_2,MEM_MOVE,6.114302,0.047768,"RAM -> VRAM [Model: 9c81d38f, Layer: 7dabd6ef]"
3065599.750403,9002,9c81d38f-4803-4d2e-95b8-696113bfef4f,worker_2,worker_2,GPU_COMPUTE,0.050000,0.050000,GPU Compute
3065599.908403,9002,9c81d38f-4803-4d2e-95b8-696113bfef4f,worker_2,coordinator_0,NET_TRANSFER,0.000100,0.158000,Signal Finished
3066275.025089,9002,9c81d38f-4803-4d2e-95b8-696113bfef4f,coordinator_0,worker_3,NET_TRANSFER,8.437084,675.116685,Distribute Layer ID: 9f371c18
3066275.091003,9002,9c81d38f-4803-4d2e-95b8-696113bfef4f,worker_3,worker_3,MEM_MOVE,8.437084,0.065915,"RAM -> VRAM [Model: 9c81d38f, Layer: 9f371c18]"
3066275.141003,9002,9c81d38f-4803-4d2e-95b8-696113bfef4f,worker_3,worker_3,GPU_COMPUTE,0.050000,0.050000,GPU Compute
3066275.299003,9002,9c81d38f-4803-4d2e-95b8-696113bfef4f,worker_3,coordinator_0,NET_TRANSFER,0.000100,0.158000,Signal Finished
3067239.763451,10000,683e1def-e889-4ef7-a89d-272f6bad72d3,coordinator_0,worker_1,NET_TRANSFER,12.053931,964.464448,Distribute Layer ID: 80b97447
3067239.807833,10000,683e1def-e889-4ef7-a89d-272f6bad72d3,worker_1,worker_1,MEM_MOVE,5.680833,0.044382,"Evict VRAM -> RAM [Model: d039aa0d, Layer: b952c889]"
3067239.902004,10000,683e1def-e889-4ef7-a89d-272f6bad72d3,worker_1,worker_1,DISK_LOAD,12.053931,0.094171,"Disk -> RAM [Model: 683e1def, Layer: 80b97447]"
3067239.996176,10000,683e1def-e889-4ef7-a89d-272f6bad72d3,worker_1,worker_1,MEM_MOVE,12.053931,0.094171,"RAM -> VRAM [Model: 683e1def, Layer: 80b97447]"
3067240.046176,10000,683e1def-e889-4ef7-a89d-272f6bad72d3,worker_1,worker_1,GPU_COMPUTE,0.050000,0.050000,GPU Compute
3067240.204176,10000,683e1def-e889-4ef7-a89d-272f6bad72d3,worker_1,coordinator_0,NET_TRANSFER,0.000100,0.158000,Signal Finished
3067706.998708,10000,683e1def-e889-4ef7-a89d-272f6bad72d3,coordinator_0,worker_2,NET_TRANSFER,5.833057,466.794533,Distribute Layer ID: 377aa9d4
3067707.076412,10000,683e1def-e889-4ef7-a89d-272f6bad72d3,worker_2,worker_2,MEM_MOVE,9.946156,0.077704,"Evict VRAM -> RAM [Model: d039aa0d, Layer: a7f2d232]"
3067707.121983,10000,683e1def-e889-4ef7-a89d-272f6bad72d3,worker_2,worker_2,DISK_LOAD,5.833057,0.045571,"Disk -> RAM [Model: 683e1def, Layer: 377aa9d4]"
3067707.167554,10000,683e1def-e889-4ef7-a89d-272f6bad72d3,worker_2,worker_2,MEM_MOVE,5.833057,0.045571,"RAM -> VRAM [Model: 683e1def, Layer: 377aa9d4]"
3067707.217554,10000,683e1def-e889-4ef7-a89d-272f6bad72d3,worker_2,worker_2,GPU_COMPUTE,0.050000,0.050000,GPU Compute
3067707.375554,10000,683e1def-e889-4ef7-a89d-272f6bad72d3,worker_2,coordinator_0,NET_TRANSFER,0.000100,0.158000,Signal Finished
3068687.279407,10000,683e1def-e889-4ef7-a89d-272f6bad72d3,coordinator_0,worker_3,NET_TRANSFER,12.246923,979.903853,Distribute Layer ID: f481f858
3068687.344185,10000,683e1def-e889-4ef7-a89d-272f6bad72d3,worker_3,worker_3,MEM_MOVE,8.291637,0.064778,"Evict VRAM -> RAM [Model: d039aa0d, Layer: 0114f450]"
3068687.414551,10000,683e1def-e889-4ef7-a89d-272f6bad72d3,worker_3,worker_3,MEM_MOVE,9.006788,0.070366,"Evict VRAM -> RAM [Model: d039aa0d, Layer: 1eddafe2]"
3068687.510230,10000,683e1def-e889-4ef7-a89d-272f6bad72d3,worker_3,worker_3,DISK_LOAD,12.246923,0.095679,"Disk -> RAM [Model: 683e1def, Layer: f481f858]"
3068687.605909,10000,683e1def-e889-4ef7-a89d-272f6bad72d3,worker_3,worker_3,MEM_MOVE,12.246923,0.095679,"RAM -> VRAM [Model: 683e1def, Layer: f481f858]"
3068687.655909,10000,683e1def-e889-4ef7-a89d-272f6bad72d3,worker_3,worker_3,GPU_COMPUTE,0.050000,0.050000,GPU Compute
3068687.813909,10000,683e1def-e889-4ef7-a89d-272f6bad72d3,worker_3,coordinator_0,NET_TRANSFER,0.000100,0.158000,Signal Finished
3069410.216121,10000,683e1def-e889-4ef7-a89d-272f6bad72d3,coordinator_0,worker_4,NET_TRANSFER,9.028153,722.402212,Distribute Layer ID: 86ba846f
3069410.323788,10000,683e1def-e889-4ef7-a89d-272f6bad72d3,worker_4,worker_4,MEM_MOVE,13.781382,0.107667,"Evict VRAM -> RAM [Model: d039aa0d, Layer: 28c55fa4]"
3069410.394320,10000,683e1def-e889-4ef7-a89d-272f6bad72d3,worker_4,worker_4,DISK_LOAD,9.028153,0.070532,"Disk -> RAM [Model: 683e1def, Layer: 86ba846f]"
3069410.464853,10000,683e1def-e889-4ef7-a89d-272f6bad72d3,worker_4,worker_4,MEM_MOVE,9.028153,0.070532,"RAM -> VRAM [Model: 683e1def, Layer: 86ba846f]"
3069410.514853,10000,683e1def-e889-4ef7-a89d-272f6bad72d3,worker_4,worker_4,GPU_COMPUTE,0.050000,0.050000,GPU Compute
3069410.672853,10000,683e1def-e889-4ef7-a89d-272f6bad72d3,worker_4,coordinator_0,NET_TRANSFER,0.000100,0.158000,Signal Finished
3070212.022957,10000,683e1def-e889-4ef7-a89d-272f6bad72d3,coordinator_0,worker_1,NET_TRANSFER,10.015001,801.350104,Distribute Layer ID: e8e413ee
3070212.123678,10000,683e1def-e889-4ef7-a89d-272f6bad72d3,worker_1,worker_1,MEM_MOVE,12.892235,0.100721,"Evict VRAM -> RAM [Model: d039aa0d, Layer: 0ce12f01]"
3070212.201920,10000,683e1def-e889-4ef7-a89d-272f6bad72d3,worker_1,worker_1,DISK_LOAD,10.015001,0.078242,"Disk -> RAM [Model: 683e1def, Layer: e8e413ee]"
3070212.280162,10000,683e1def-e889-4ef7-a89d-272f6bad72d3,worker_1,worker_1,MEM_MOVE,10.015001,0.078242,"RAM -> VRAM [Model: 683e1def, Layer: e8e413ee]"
3070212.330162,10000,683e1def-e889-4ef7-a89d-272f6bad72d3,worker_1,worker_1,GPU_COMPUTE,0.050000,0.050000,GPU Compute
3070212.488162,10000,683e1def-e889-4ef7-a89d-272f6bad72d3,worker_1,coordinator_0,NET_TRANSFER,0.000100,0.158000,Signal Finished
3070775.907231,10000,683e1def-e889-4ef7-a89d-272f6bad72d3,coordinator_0,worker_2,NET_TRANSFER,7.040863,563.419069,Distribute Layer ID: 49158ae7
3070775.984959,10000,683e1def-e889-4ef7-a89d-272f6bad72d3,worker_2,worker_2,MEM_MOVE,9.949208,0.077728,"Evict VRAM -> RAM [Model: d039aa0d, Layer: cc88d0a6]"
3070776.039966,10000,683e1def-e889-4ef7-a89d-272f6bad72d3,worker_2,worker_2,DISK_LOAD,7.040863,0.055007,"Disk -> RAM [Model: 683e1def, Layer: 49158ae7]"
3070776.094973,10000,683e1def-e889-4ef7-a89d-272f6bad72d3,worker_2,worker_2,MEM_MOVE,7.040863,0.055007,"RAM -> VRAM [Model: 683e1def, Layer: 49158ae7]"
3070776.144973,10000,683e1def-e889-4ef7-a89d-272f6bad72d3,worker_2,worker_2,GPU_COMPUTE,0.050000,0.050000,GPU Compute
3070776.302973,10000,683e1def-e889-4ef7-a89d-272f6bad72d3,worker_2,coordinator_0,NET_TRANSFER,0.000100,0.158000,Signal Finished
3071608.694401,10000,683e1def-e889-4ef7-a89d-272f6bad72d3,coordinator_0,worker_3,NET_TRANSFER,10.403018,832.391428,Distribute Layer ID: 209d43f3
3071608.754834,10000,683e1def-e889-4ef7-a89d-272f6bad72d3,worker_3,worker_3,MEM_MOVE,7.735421,0.060433,"Evict VRAM -> RAM [Model: d039aa0d, Layer: e77ce63d]"
3071608.836107,10000,683e1def-e889-4ef7-a89d-272f6bad72d3,worker_3,worker_3,DISK_LOAD,10.403018,0.081274,"Disk -> RAM [Model: 683e1def, Layer: 209d43f3]"
3071608.917381,10000,683e1def-e889-4ef7-a89d-272f6bad72d3,worker_3,worker_3,MEM_MOVE,10.403018,0.081274,"RAM -> VRAM [Model: 683e1def, Layer: 209d43f3]"
3071608.967381,10000,683e1def-e889-4ef7-a89d-272f6bad72d3,worker_3,worker_3,GPU_COMPUTE,0.050000,0.050000,GPU Compute
3071609.125381,10000,683e1def-e889-4ef7-a89d-272f6bad72d3,worker_3,coordinator_0,NET_TRANSFER,0.000100,0.158000,Signal Finished
3072229.875044,10000,683e1def-e889-4ef7-a89d-272f6bad72d3,coordinator_0,worker_4,NET_TRANSFER,7.757496,620.749663,Distribute Layer ID: 7303b795
3072229.935650,10000,683e1def-e889-4ef7-a89d-272f6bad72d3,worker_4,worker_4,DISK_LOAD,7.757496,0.060605,"Disk -> RAM [Model: 683e1def, Layer: 7303b795]"
3072229.996255,10000,683e1def-e889-4ef7-a89d-272f6bad72d3,worker_4,worker_4,MEM_MOVE,7.757496,0.060605,"RAM -> VRAM [Model: 683e1def, Layer: 7303b795]"
3072230.046255,10000,683e1def-e889-4ef7-a89d-272f6bad72d3,worker_4,worker_4,GPU_COMPUTE,0.050000,0.050000,GPU Compute
3072230.204255,10000,683e1def-e889-4ef7-a89d-272f6bad72d3,worker_4,coordinator_0,NET_TRANSFER,0.000100,0.158000,Signal Finished
3072849.202408,10000,683e1def-e889-4ef7-a89d-272f6bad72d3,coordinator_0,worker_1,NET_TRANSFER,7.735602,618.998153,Distribute Layer ID: 66c82111
3072849.309075,10000,683e1def-e889-4ef7-a89d-272f6bad72d3,worker_1,worker_1,MEM_MOVE,13.653442,0.106668,"Evict VRAM -> RAM [Model: d039aa0d, Layer: 715aeb59]"
3072849.369510,10000,683e1def-e889-4ef7-a89d-272f6bad72d3,worker_1,worker_1,DISK_LOAD,7.735602,0.060434,"Disk -> RAM [Model: 683e1def, Layer: 66c82111]"
3072849.429944,10000,683e1def-e889-4ef7-a89d-272f6bad72d3,worker_1,worker_1,MEM_MOVE,7.735602,0.060434,"RAM -> VRAM [Model: 683e1def, Layer: 66c82111]"
3072849.479944,10000,683e1def-e889-4ef7-a89d-272f6bad72d3,worker_1,worker_1,GPU_COMPUTE,0.050000,0.050000,GPU Compute
3072849.637944,10000,683e1def-e889-4ef7-a89d-272f6bad72d3,worker_1,coordinator_0,NET_TRANSFER,0.000100,0.158000,Signal Finished
3073415.672563,10000,683e1def-e889-4ef7-a89d-272f6bad72d3,coordinator_0,worker_2,NET_TRANSFER,7.073558,566.034619,Distribute Layer ID: d6b82a2a
3073415.727825,10000,683e1def-e889-4ef7-a89d-272f6bad72d3,worker_2,worker_2,DISK_LOAD,7.073558,0.055262,"Disk -> RAM [Model: 683e1def, Layer: d6b82a2a]"
3073415.783087,10000,683e1def-e889-4ef7-a89d-272f6bad72d3,worker_2,worker_2,MEM_MOVE,7.073558,0.055262,"RAM -> VRAM [Model: 683e1def, Layer: d6b82a2a]"
3073415.833087,10000,683e1def-e889-4ef7-a89d-272f6bad72d3,worker_2,worker_2,GPU_COMPUTE,0.050000,0.050000,GPU Compute
3073415.991087,10000,683e1def-e889-4ef7-a89d-272f6bad72d3,worker_2,coordinator_0,NET_TRANSFER,0.000100,0.158000,Signal Finished
3074306.021345,10000,683e1def-e889-4ef7-a89d-272f6bad72d3,coordinator_0,worker_3,NET_TRANSFER,11.123503,890.030258,Distribute Layer ID: 4610f6df
3074306.094685,10000,683e1def-e889-4ef7-a89d-272f6bad72d3,worker_3,worker_3,MEM_MOVE,9.387500,0.073340,"Evict VRAM -> RAM [Model: d039aa0d, Layer: 7cb518e5]"
3074306.181587,10000,683e1def-e889-4ef7-a89d-272f6bad72d3,worker_3,worker_3,DISK_LOAD,11.123503,0.086902,"Disk -> RAM [Model: 683e1def, Layer: 4610f6df]"
3074306.268489,10000,683e1def-e889-4ef7-a89d-272f6bad72d3,worker_3,worker_3,MEM_MOVE,11.123503,0.086902,"RAM -> VRAM [Model: 683e1def, Layer: 4610f6df]"
3074306.318489,10000,683e1def-e889-4ef7-a89d-272f6bad72d3,worker_3,worker_3,GPU_COMPUTE,0.050000,0.050000,GPU Compute
3074306.476489,10000,683e1def-e889-4ef7-a89d-272f6bad72d3,worker_3,coordinator_0,NET_TRANSFER,0.000100,0.158000,Signal Finished
3075239.694120,10000,683e1def-e889-4ef7-a89d-272f6bad72d3,coordinator_0,worker_4,NET_TRANSFER,11.663345,933.217631,Distribute Layer ID: c53eba8e
3075239.761452,10000,683e1def-e889-4ef7-a89d-272f6bad72d3,worker_4,worker_4,MEM_MOVE,8.618513,0.067332,"Evict VRAM -> RAM [Model: d039aa0d, Layer: bfb7c21d]"
3075239.852572,10000,683e1def-e889-4ef7-a89d-272f6bad72d3,worker_4,worker_4,DISK_LOAD,11.663345,0.091120,"Disk -> RAM [Model: 683e1def, Layer: c53eba8e]"
3075239.943692,10000,683e1def-e889-4ef7-a89d-272f6bad72d3,worker_4,worker_4,MEM_MOVE,11.663345,0.091120,"RAM -> VRAM [Model: 683e1def, Layer: c53eba8e]"
3075239.993692,10000,683e1def-e889-4ef7-a89d-272f6bad72d3,worker_4,worker_4,GPU_COMPUTE,0.050000,0.050000,GPU Compute
3075240.151692,10000,683e1def-e889-4ef7-a89d-272f6bad72d3,worker_4,coordinator_0,NET_TRANSFER,0.000100,0.158000,Signal Finished
3075627.723063,10000,683e1def-e889-4ef7-a89d-272f6bad72d3,coordinator_0,worker_1,NET_TRANSFER,4.842767,387.571371,Distribute Layer ID: 8e35fc21
3075627.760897,10000,683e1def-e889-4ef7-a89d-272f6bad72d3,worker_1,worker_1,DISK_LOAD,4.842767,0.037834,"Disk -> RAM [Model: 683e1def, Layer: 8e35fc21]"
3075627.798731,10000,683e1def-e889-4ef7-a89d-272f6bad72d3,worker_1,worker_1,MEM_MOVE,4.842767,0.037834,"RAM -> VRAM [Model: 683e1def, Layer: 8e35fc21]"
3075627.848731,10000,683e1def-e889-4ef7-a89d-272f6bad72d3,worker_1,worker_1,GPU_COMPUTE,0.050000,0.050000,GPU Compute
3075628.006731,10000,683e1def-e889-4ef7-a89d-272f6bad72d3,worker_1,coordinator_0,NET_TRANSFER,0.000100,0.158000,Signal Finished
3076547.097038,10000,683e1def-e889-4ef7-a89d-272f6bad72d3,coordinator_0,worker_2,NET_TRANSFER,11.486754,919.090307,Distribute Layer ID: d8d87ac4
3076547.194016,10000,683e1def-e889-4ef7-a89d-272f6bad72d3,worker_2,worker_2,MEM_MOVE,12.413164,0.096978,"Evict VRAM -> RAM [Model: d039aa0d, Layer: 5679dcec]"
3076547.283756,10000,683e1def-e889-4ef7-a89d-272f6bad72d3,worker_2,worker_2,DISK_LOAD,11.486754,0.089740,"Disk -> RAM [Model: 683e1def, Layer: d8d87ac4]"
3076547.373496,10000,683e1def-e889-4ef7-a89d-272f6bad72d3,worker_2,worker_2,MEM_MOVE,11.486754,0.089740,"RAM -> VRAM [Model: 683e1def, Layer: d8d87ac4]"
3076547.423496,10000,683e1def-e889-4ef7-a89d-272f6bad72d3,worker_2,worker_2,GPU_COMPUTE,0.050000,0.050000,GPU Compute
3076547.581496,10000,683e1def-e889-4ef7-a89d-272f6bad72d3,worker_2,coordinator_0,NET_TRANSFER,0.000100,0.158000,Signal Finished
3077080.808629,10000,683e1def-e889-4ef7-a89d-272f6bad72d3,coordinator_0,worker_3,NET_TRANSFER,6.663464,533.227133,Distribute Layer ID: 0c10c558
3077080.846510,10000,683e1def-e889-4ef7-a89d-272f6bad72d3,worker_3,worker_3,MEM_MOVE,4.848702,0.037880,"Evict VRAM -> RAM [Model: d039aa0d, Layer: 9ef749c1]"
3077080.898568,10000,683e1def-e889-4ef7-a89d-272f6bad72d3,worker_3,worker_3,DISK_LOAD,6.663464,0.052058,"Disk -> RAM [Model: 683e1def, Layer: 0c10c558]"
3077080.950626,10000,683e1def-e889-4ef7-a89d-272f6bad72d3,worker_3,worker_3,MEM_MOVE,6.663464,0.052058,"RAM -> VRAM [Model: 683e1def, Layer: 0c10c558]"
3077081.000626,10000,683e1def-e889-4ef7-a89d-272f6bad72d3,worker_3,worker_3,GPU_COMPUTE,0.050000,0.050000,GPU Compute
3077081.158626,10000,683e1def-e889-4ef7-a89d-272f6bad72d3,worker_3,coordinator_0,NET_TRANSFER,0.000100,0.158000,Signal Finished
3077734.045619,10000,683e1def-e889-4ef7-a89d-272f6bad72d3,coordinator_0,worker_4,NET_TRANSFER,8.159212,652.886993,Distribute Layer ID: 1f7b9bda
3077734.086169,10000,683e1def-e889-4ef7-a89d-272f6bad72d3,worker_4,worker_4,MEM_MOVE,5.190317,0.040549,"Evict VRAM -> RAM [Model: d039aa0d, Layer: 2a09df00]"
3077734.139874,10000,683e1def-e889-4ef7-a89d-272f6bad72d3,worker_4,worker_4,MEM_MOVE,6.874338,0.053706,"Evict VRAM -> RAM [Model: d039aa0d, Layer: 975e45ac]"
3077734.203618,10000,683e1def-e889-4ef7-a89d-272f6bad72d3,worker_4,worker_4,DISK_LOAD,8.159212,0.063744,"Disk -> RAM [Model: 683e1def, Layer: 1f7b9bda]"
3077734.267362,10000,683e1def-e889-4ef7-a89d-272f6bad72d3,worker_4,worker_4,MEM_MOVE,8.159212,0.063744,"RAM -> VRAM [Model: 683e1def, Layer: 1f7b9bda]"
3077734.317362,10000,683e1def-e889-4ef7-a89d-272f6bad72d3,worker_4,worker_4,GPU_COMPUTE,0.050000,0.050000,GPU Compute
3077734.475362,10000,683e1def-e889-4ef7-a89d-272f6bad72d3,worker_4,coordinator_0,NET_TRANSFER,0.000100,0.158000,Signal Finished
3078844.741904,10000,683e1def-e889-4ef7-a89d-272f6bad72d3,coordinator_0,worker_1,NET_TRANSFER,13.876457,1110.266541,Distribute Layer ID: 37d80192
3078844.803651,10000,683e1def-e889-4ef7-a89d-272f6bad72d3,worker_1,worker_1,MEM_MOVE,7.903676,0.061747,"Evict VRAM -> RAM [Model: d039aa0d, Layer: 6e6d4ebc]"
3078844.863757,10000,683e1def-e889-4ef7-a89d-272f6bad72d3,worker_1,worker_1,MEM_MOVE,7.693562,0.060106,"Evict VRAM -> RAM [Model: d039aa0d, Layer: 6fe7b2f6]"
3078844.972167,10000,683e1def-e889-4ef7-a89d-272f6bad72d3,worker_1,worker_1,DISK_LOAD,13.876457,0.108410,"Disk -> RAM [Model: 683e1def, Layer: 37d80192]"
3078845.080577,10000,683e1def-e889-4ef7-a89d-272f6bad72d3,worker_1,worker_1,MEM_MOVE,13.876457,0.108410,"RAM -> VRAM [Model: 683e1def, Layer: 37d80192]"
3078845.130577,10000,683e1def-e889-4ef7-a89d-272f6bad72d3,worker_1,worker_1,GPU_COMPUTE,0.050000,0.050000,GPU Compute
3078845.288577,10000,683e1def-e889-4ef7-a89d-272f6bad72d3,worker_1,coordinator_0,NET_TRANSFER,0.000100,0.158000,Signal Finished
3079878.491269,10000,683e1def-e889-4ef7-a89d-272f6bad72d3,coordinator_0,worker_2,NET_TRANSFER,12.913159,1033.202692,Distribute Layer ID: f578e89f
3079878.545118,10000,683e1def-e889-4ef7-a89d-272f6bad72d3,worker_2,worker_2,MEM_MOVE,6.892609,0.053849,"Evict VRAM -> RAM [Model: d039aa0d, Layer: ac07f8e9]"
3079878.598497,10000,683e1def-e889-4ef7-a89d-272f6bad72d3,worker_2,worker_2,MEM_MOVE,6.832571,0.053379,"Evict VRAM -> RAM [Model: d039aa0d, Layer: fed1519a]"
3079878.699381,10000,683e1def-e889-4ef7-a89d-272f6bad72d3,worker_2,worker_2,DISK_LOAD,12.913159,0.100884,"Disk -> RAM [Model: 683e1def, Layer: f578e89f]"
3079878.800265,10000,683e1def-e889-4ef7-a89d-272f6bad72d3,worker_2,worker_2,MEM_MOVE,12.913159,0.100884,"RAM -> VRAM [Model: 683e1def, Layer: f578e89f]"
3079878.850265,10000,683e1def-e889-4ef7-a89d-272f6bad72d3,worker_2,worker_2,GPU_COMPUTE,0.050000,0.050000,GPU Compute
3079879.008265,10000,683e1def-e889-4ef7-a89d-272f6bad72d3,worker_2,coordinator_0,NET_TRANSFER,0.000100,0.158000,Signal Finished
3080655.108233,10000,683e1def-e889-4ef7-a89d-272f6bad72d3,coordinator_0,worker_3,NET_TRANSFER,9.699375,776.099968,Distribute Layer ID: 5325f2c4
3080655.204070,10000,683e1def-e889-4ef7-a89d-272f6bad72d3,worker_3,worker_3,MEM_MOVE,12.267135,0.095837,"Evict VRAM -> RAM [Model: d039aa0d, Layer: 567b61f8]"
3080655.279846,10000,683e1def-e889-4ef7-a89d-272f6bad72d3,worker_3,worker_3,DISK_LOAD,9.699375,0.075776,"Disk -> RAM [Model: 683e1def, Layer: 5325f2c4]"
3080655.355623,10000,683e1def-e889-4ef7-a89d-272f6bad72d3,worker_3,worker_3,MEM_MOVE,9.699375,0.075776,"RAM -> VRAM [Model: 683e1def, Layer: 5325f2c4]"
3080655.405623,10000,683e1def-e889-4ef7-a89d-272f6bad72d3,worker_3,worker_3,GPU_COMPUTE,0.050000,0.050000,GPU Compute
3080655.563623,10000,683e1def-e889-4ef7-a89d-272f6bad72d3,worker_3,coordinator_0,NET_TRANSFER,0.000100,0.158000,Signal Finished
3081808.021570,10000,683e1def-e889-4ef7-a89d-272f6bad72d3,coordinator_0,worker_4,NET_TRANSFER,14.403849,1152.457947,Distribute Layer ID: 4ee8c839
3081808.133677,10000,683e1def-e889-4ef7-a89d-272f6bad72d3,worker_4,worker_4,MEM_MOVE,14.349634,0.112107,"Evict VRAM -> RAM [Model: d039aa0d, Layer: 96f64542]"
3081808.246207,10000,683e1def-e889-4ef7-a89d-272f6bad72d3,worker_4,worker_4,DISK_LOAD,14.403849,0.112530,"Disk -> RAM [Model: 683e1def, Layer: 4ee8c839]"
3081808.358737,10000,683e1def-e889-4ef7-a89d-272f6bad72d3,worker_4,worker_4,MEM_MOVE,14.403849,0.112530,"RAM -> VRAM [Model: 683e1def, Layer: 4ee8c839]"
3081808.408737,10000,683e1def-e889-4ef7-a89d-272f6bad72d3,worker_4,worker_4,GPU_COMPUTE,0.050000,0.050000,GPU Compute
3081808.566737,10000,683e1def-e889-4ef7-a89d-272f6bad72d3,worker_4,coordinator_0,NET_TRANSFER,0.000100,0.158000,Signal Finished
3082381.945416,10000,683e1def-e889-4ef7-a89d-272f6bad72d3,coordinator_0,worker_1,NET_TRANSFER,7.165358,573.378679,Distribute Layer ID: d824e382
3082382.001395,10000,683e1def-e889-4ef7-a89d-272f6bad72d3,worker_1,worker_1,DISK_LOAD,7.165358,0.055979,"Disk -> RAM [Model: 683e1def, Layer: d824e382]"
3082382.057374,10000,683e1def-e889-4ef7-a89d-272f6bad72d3,worker_1,worker_1,MEM_MOVE,7.165358,0.055979,"RAM -> VRAM [Model: 683e1def, Layer: d824e382]"
3082382.107374,10000,683e1def-e889-4ef7-a89d-272f6bad72d3,worker_1,worker_1,GPU_COMPUTE,0.050000,0.050000,GPU Compute
3082382.265374,10000,683e1def-e889-4ef7-a89d-272f6bad72d3,worker_1,coordinator_0,NET_TRANSFER,0.000100,0.158000,Signal Finished
3083097.676991,10000,683e1def-e889-4ef7-a89d-272f6bad72d3,coordinator_0,worker_2,NET_TRANSFER,8.940770,715.411617,Distribute Layer ID: 78fc80c3
3083097.723523,10000,683e1def-e889-4ef7-a89d-272f6bad72d3,worker_2,worker_2,MEM_MOVE,5.955985,0.046531,"Evict VRAM -> RAM [Model: d039aa0d, Layer: 4f5b6fb7]"
3083097.770154,10000,683e1def-e889-4ef7-a89d-272f6bad72d3,worker_2,worker_2,MEM_MOVE,5.968812,0.046631,"Evict VRAM -> RAM [Model: d039aa0d, Layer: 82327f21]"
3083097.840004,10000,683e1def-e889-4ef7-a89d-272f6bad72d3,worker_2,worker_2,DISK_LOAD,8.940770,0.069850,"Disk -> RAM [Model: 683e1def, Layer: 78fc80c3]"
3083097.909853,10000,683e1def-e889-4ef7-a89d-272f6bad72d3,worker_2,worker_2,MEM_MOVE,8.940770,0.069850,"RAM -> VRAM [Model: 683e1def, Layer: 78fc80c3]"
3083097.959853,10000,683e1def-e889-4ef7-a89d-272f6bad72d3,worker_2,worker_2,GPU_COMPUTE,0.050000,0.050000,GPU Compute
3083098.117853,10000,683e1def-e889-4ef7-a89d-272f6bad72d3,worker_2,coordinator_0,NET_TRANSFER,0.000100,0.158000,Signal Finished
3083577.157713,10000,683e1def-e889-4ef7-a89d-272f6bad72d3,coordinator_0,worker_3,NET_TRANSFER,5.986123,479.039859,Distribute Layer ID: ad4c1a48
3083577.315713,4014,d36a8feb-f69f-4ca5-8d20-dbd41cfd8e0d,client_4,coordinator_0,NET_TRANSFER,0.000100,0.158000,Request Model ID
3083577.473713,7013,b23b9bcf-15a7-4d4a-87b3-f049d0b0b838,client_7,coordinator_0,NET_TRANSFER,0.000100,0.158000,Request Model ID
3083577.631713,3019,07a8404e-b389-42f4-9eba-f552b8fcd4a4,client_3,coordinator_0,NET_TRANSFER,0.000100,0.158000,Request Model ID
3083577.789713,10017,b23b9bcf-15a7-4d4a-87b3-f049d0b0b838,client_10,coordinator_0,NET_TRANSFER,0.000100,0.158000,Request Model ID
3083577.947713,8014,b2805f95-7fad-4a43-bf85-66ce3781b818,client_8,coordinator_0,NET_TRANSFER,0.000100,0.158000,Request Model ID
3083578.105713,2012,683e1def-e889-4ef7-a89d-272f6bad72d3,client_2,coordinator_0,NET_TRANSFER,0.000100,0.158000,Request Model ID
3083578.263713,10017,bdd36ae2-6ffc-42e7-b48e-12b94d23dc1c,client_10,coordinator_0,NET_TRANSFER,0.000100,0.158000,Request Model ID
3083578.421713,7014,8488e8d8-c18c-49f8-8dc7-968d33f40119,client_7,coordinator_0,NET_TRANSFER,0.000100,0.158000,Request Model ID
3083578.579713,7014,aa22d19d-3e5e-45b7-9cc1-445a00070bb6,client_7,coordinator_0,NET_TRANSFER,0.000100,0.158000,Request Model ID
3083578.737713,6015,c058df17-9e88-4847-baf4-6e2c889e8d4d,client_6,coordinator_0,NET_TRANSFER,0.000100,0.158000,Request Model ID
3083578.895713,7014,b2805f95-7fad-4a43-bf85-66ce3781b818,client_7,coordinator_0,NET_TRANSFER,0.000100,0.158000,Request Model ID
3083579.053713,8014,c058df17-9e88-4847-baf4-6e2c889e8d4d,client_8,coordinator_0,NET_TRANSFER,0.000100,0.158000,Request Model ID
3083579.211713,8014,9880cbcf-8e6d-4dda-81c9-85768d11ec44,client_8,coordinator_0,NET_TRANSFER,0.000100,0.158000,Request Model ID
3083579.369713,8014,683e1def-e889-4ef7-a89d-272f6bad72d3,client_8,coordinator_0,NET_TRANSFER,0.000100,0.158000,Request Model ID
3083579.527713,1017,96bede22-9bcb-4b40-a1c3-153cbb84714c,client_1,coordinator_0,NET_TRANSFER,0.000100,0.158000,Request Model ID
3083579.685713,6015,c058df17-9e88-4847-baf4-6e2c889e8d4d,client_6,coordinator_0,NET_TRANSFER,0.000100,0.158000,Request Model ID
3083579.843713,1015,c058df17-9e88-4847-baf4-6e2c889e8d4d,client_1,coordinator_0,NET_TRANSFER,0.000100,0.158000,Request Model ID
3083580.001713,9019,66483bae-9631-4d83-9c15-5f9509dbf81e,client_9,coordinator_0,NET_TRANSFER,0.000100,0.158000,Request Model ID
3083580.159713,6015,9e011bb9-a656-4e6c-9aeb-59dca6bd1381,client_6,coordinator_0,NET_TRANSFER,0.000100,0.158000,Request Model ID
3083580.317713,9019,334a2444-41d5-4755-9f47-d94f7c2a58be,client_9,coordinator_0,NET_TRANSFER,0.000100,0.158000,Request Model ID
3083580.475713,1016,9e011bb9-a656-4e6c-9aeb-59dca6bd1381,client_1,coordinator_0,NET_TRANSFER,0.000100,0.158000,Request Model ID
3083580.633713,9019,66483bae-9631-4d83-9c15-5f9509dbf81e,client_9,coordinator_0,NET_TRANSFER,0.000100,0.158000,Request Model ID
3083580.791713,9019,334a2444-41d5-4755-9f47-d94f7c2a58be,client_9,coordinator_0,NET_TRANSFER,0.000100,0.158000,Request Model ID
3083580.949713,2014,b42ec4c0-5247-4b28-9ada-769c5bad77e7,client_2,coordinator_0,NET_TRANSFER,0.000100,0.158000,Request Model ID
3083581.107713,9018,b2805f95-7fad-4a43-bf85-66ce3781b818,client_9,coordinator_0,NET_TRANSFER,0.000100,0.158000,Request Model ID
3083581.265713,4014,8488e8d8-c18c-49f8-8dc7-968d33f40119,client_4,coordinator_0,NET_TRANSFER,0.000100,0.158000,Request Model ID
3083581.423713,6016,f2f09d33-bafc-49ed-86c5-3675f4f61af7,client_6,coordinator_0,NET_TRANSFER,0.000100,0.158000,Request Model ID
3083581.581713,7015,7f9a238b-9bd4-4b7f-8ef2-4365f6c2f382,client_7,coordinator_0,NET_TRANSFER,0.000100,0.158000,Request Model ID
3083581.678517,10000,683e1def-e889-4ef7-a89d-272f6bad72d3,worker_3,worker_3,MEM_MOVE,12.390868,0.096804,"Evict VRAM -> RAM [Model: b42ec4c0, Layer: 01599b68]"
3083581.725283,10000,683e1def-e889-4ef7-a89d-272f6bad72d3,worker_3,worker_3,DISK_LOAD,5.986123,0.046767,"Disk -> RAM [Model: 683e1def, Layer: ad4c1a48]"
3083581.772050,10000,683e1def-e889-4ef7-a89d-272f6bad72d3,worker_3,worker_3,MEM_MOVE,5.986123,0.046767,"RAM -> VRAM [Model: 683e1def, Layer: ad4c1a48]"
3083581.822050,10000,683e1def-e889-4ef7-a89d-272f6bad72d3,worker_3,worker_3,GPU_COMPUTE,0.050000,0.050000,GPU Compute
3083581.980050,10000,683e1def-e889-4ef7-a89d-272f6bad72d3,worker_3,coordinator_0,NET_TRANSFER,0.000100,0.158000,Signal Finished
3083582.138050,2015,8233a468-234e-4a22-8166-33f25e165d96,client_2,coordinator_0,NET_TRANSFER,0.000100,0.158000,Request Model ID
3083582.296050,6016,9880cbcf-8e6d-4dda-81c9-85768d11ec44,client_6,coordinator_0,NET_TRANSFER,0.000100,0.158000,Request Model ID
3083582.454050,4015,07a8404e-b389-42f4-9eba-f552b8fcd4a4,client_4,coordinator_0,NET_TRANSFER,0.000100,0.158000,Request Model ID
3083582.612050,6017,3ab1386f-b0dd-491c-9007-5d1dc11f90a8,client_6,coordinator_0,NET_TRANSFER,0.000100,0.158000,Request Model ID
3083582.770050,1018,07ce1970-d96c-4f79-9d92-0a7594b4b14f,client_1,coordinator_0,NET_TRANSFER,0.000100,0.158000,Request Model ID
3084040.900279,10000,683e1def-e889-4ef7-a89d-272f6bad72d3,coordinator_0,worker_4,NET_TRANSFER,5.724753,458.130229,Distribute Layer ID: 9e095285
3084040.967923,10000,683e1def-e889-4ef7-a89d-272f6bad72d3,worker_4,worker_4,MEM_MOVE,8.658423,0.067644,"Evict VRAM -> RAM [Model: d039aa0d, Layer: 65e2f0e3]"
3084041.012647,10000,683e1def-e889-4ef7-a89d-272f6bad72d3,worker_4,worker_4,DISK_LOAD,5.724753,0.044725,"Disk -> RAM [Model: 683e1def, Layer: 9e095285]"
3084041.057372,10000,683e1def-e889-4ef7-a89d-272f6bad72d3,worker_4,worker_4,MEM_MOVE,5.724753,0.044725,"RAM -> VRAM [Model: 683e1def, Layer: 9e095285]"
3084041.107372,10000,683e1def-e889-4ef7-a89d-272f6bad72d3,worker_4,worker_4,GPU_COMPUTE,0.050000,0.050000,GPU Compute
3084041.265372,10000,683e1def-e889-4ef7-a89d-272f6bad72d3,worker_4,coordinator_0,NET_TRANSFER,0.000100,0.158000,Signal Finished
3085166.010796,10000,683e1def-e889-4ef7-a89d-272f6bad72d3,coordinator_0,worker_1,NET_TRANSFER,14.057443,1124.745424,Distribute Layer ID: 3338b748
3085166.101080,10000,683e1def-e889-4ef7-a89d-272f6bad72d3,worker_1,worker_1,MEM_MOVE,11.556353,0.090284,"Evict VRAM -> RAM [Model: d039aa0d, Layer: 9d50ffbc]"
3085166.168061,10000,683e1def-e889-4ef7-a89d-272f6bad72d3,worker_1,worker_1,MEM_MOVE,8.573486,0.066980,"Evict VRAM -> RAM [Model: d039aa0d, Layer: a54a938f]"
3085166.277884,10000,683e1def-e889-4ef7-a89d-272f6bad72d3,worker_1,worker_1,DISK_LOAD,14.057443,0.109824,"Disk -> RAM [Model: 683e1def, Layer: 3338b748]"
3085166.387708,10000,683e1def-e889-4ef7-a89d-272f6bad72d3,worker_1,worker_1,MEM_MOVE,14.057443,0.109824,"RAM -> VRAM [Model: 683e1def, Layer: 3338b748]"
3085166.437708,10000,683e1def-e889-4ef7-a89d-272f6bad72d3,worker_1,worker_1,GPU_COMPUTE,0.050000,0.050000,GPU Compute
3085166.595708,10000,683e1def-e889-4ef7-a89d-272f6bad72d3,worker_1,coordinator_0,NET_TRANSFER,0.000100,0.158000,Signal Finished
3085673.922752,10000,683e1def-e889-4ef7-a89d-272f6bad72d3,coordinator_0,worker_2,NET_TRANSFER,6.339713,507.327044,Distribute Layer ID: c1f1b14d
3085673.983670,10000,683e1def-e889-4ef7-a89d-272f6bad72d3,worker_2,worker_2,MEM_MOVE,7.797396,0.060917,"Evict VRAM -> RAM [Model: d039aa0d, Layer: 33825c18]"
3085674.033199,10000,683e1def-e889-4ef7-a89d-272f6bad72d3,worker_2,worker_2,DISK_LOAD,6.339713,0.049529,"Disk -> RAM [Model: 683e1def, Layer: c1f1b14d]"
3085674.082728,10000,683e1def-e889-4ef7-a89d-272f6bad72d3,worker_2,worker_2,MEM_MOVE,6.339713,0.049529,"RAM -> VRAM [Model: 683e1def, Layer: c1f1b14d]"
3085674.132728,10000,683e1def-e889-4ef7-a89d-272f6bad72d3,worker_2,worker_2,GPU_COMPUTE,0.050000,0.050000,GPU Compute
3085674.290728,10000,683e1def-e889-4ef7-a89d-272f6bad72d3,worker_2,coordinator_0,NET_TRANSFER,0.000100,0.158000,Signal Finished
3086446.261193,10000,683e1def-e889-4ef7-a89d-272f6bad72d3,coordinator_0,worker_3,NET_TRANSFER,9.647756,771.970466,Distribute Layer ID: c366d179
3086446.337573,10000,683e1def-e889-4ef7-a89d-272f6bad72d3,worker_3,worker_3,MEM_MOVE,9.776543,0.076379,"Evict VRAM -> RAM [Model: b42ec4c0, Layer: 1d51cf8a]"
3086446.412946,10000,683e1def-e889-4ef7-a89d-272f6bad72d3,worker_3,worker_3,DISK_LOAD,9.647756,0.075373,"Disk -> RAM [Model: 683e1def, Layer: c366d179]"
3086446.488319,10000,683e1def-e889-4ef7-a89d-272f6bad72d3,worker_3,worker_3,MEM_MOVE,9.647756,0.075373,"RAM -> VRAM [Model: 683e1def, Layer: c366d179]"
3086446.538319,10000,683e1def-e889-4ef7-a89d-272f6bad72d3,worker_3,worker_3,GPU_COMPUTE,0.050000,0.050000,GPU Compute
3086446.696319,10000,683e1def-e889-4ef7-a89d-272f6bad72d3,worker_3,coordinator_0,NET_TRANSFER,0.000100,0.158000,Signal Finished
3086847.429100,10000,683e1def-e889-4ef7-a89d-272f6bad72d3,coordinator_0,worker_4,NET_TRANSFER,5.007285,400.732781,Distribute Layer ID: b693ed79
3086847.468220,10000,683e1def-e889-4ef7-a89d-272f6bad72d3,worker_4,worker_4,DISK_LOAD,5.007285,0.039119,"Disk -> RAM [Model: 683e1def, Layer: b693ed79]"
3086847.507339,10000,683e1def-e889-4ef7-a89d-272f6bad72d3,worker_4,worker_4,MEM_MOVE,5.007285,0.039119,"RAM -> VRAM [Model: 683e1def, Layer: b693ed79]"
3086847.557339,10000,683e1def-e889-4ef7-a89d-272f6bad72d3,worker_4,worker_4,GPU_COMPUTE,0.050000,0.050000,GPU Compute
3086847.715339,10000,683e1def-e889-4ef7-a89d-272f6bad72d3,worker_4,coordinator_0,NET_TRANSFER,0.000100,0.158000,Signal Finished
3087384.793199,10000,683e1def-e889-4ef7-a89d-272f6bad72d3,coordinator_0,worker_1,NET_TRANSFER,6.711598,537.077860,Distribute Layer ID: a381f368
3087384.853712,10000,683e1def-e889-4ef7-a89d-272f6bad72d3,worker_1,worker_1,MEM_MOVE,7.745622,0.060513,"Evict VRAM -> RAM [Model: d039aa0d, Layer: ee03c9fe]"
3087384.906146,10000,683e1def-e889-4ef7-a89d-272f6bad72d3,worker_1,worker_1,DISK_LOAD,6.711598,0.052434,"Disk -> RAM [Model: 683e1def, Layer: a381f368]"
3087384.958581,10000,683e1def-e889-4ef7-a89d-272f6bad72d3,worker_1,worker_1,MEM_MOVE,6.711598,0.052434,"RAM -> VRAM [Model: 683e1def, Layer: a381f368]"
3087385.008581,10000,683e1def-e889-4ef7-a89d-272f6bad72d3,worker_1,worker_1,GPU_COMPUTE,0.050000,0.050000,GPU Compute
3087385.166581,10000,683e1def-e889-4ef7-a89d-272f6bad72d3,worker_1,coordinator_0,NET_TRANSFER,0.000100,0.158000,Signal Finished
3088316.385206,10000,683e1def-e889-4ef7-a89d-272f6bad72d3,coordinator_0,worker_2,NET_TRANSFER,11.638358,931.218626,Distribute Layer ID: 43830671
3088316.484288,10000,683e1def-e889-4ef7-a89d-272f6bad72d3,worker_2,worker_2,MEM_MOVE,12.682415,0.099081,"Evict VRAM -> RAM [Model: b42ec4c0, Layer: 07340f93]"
3088316.575212,10000,683e1def-e889-4ef7-a89d-272f6bad72d3,worker_2,worker_2,DISK_LOAD,11.638358,0.090925,"Disk -> RAM [Model: 683e1def, Layer: 43830671]"
3088316.666137,10000,683e1def-e889-4ef7-a89d-272f6bad72d3,worker_2,worker_2,MEM_MOVE,11.638358,0.090925,"RAM -> VRAM [Model: 683e1def, Layer: 43830671]"
3088316.716137,10000,683e1def-e889-4ef7-a89d-272f6bad72d3,worker_2,worker_2,GPU_COMPUTE,0.050000,0.050000,GPU Compute
3088316.874137,10000,683e1def-e889-4ef7-a89d-272f6bad72d3,worker_2,coordinator_0,NET_TRANSFER,0.000100,0.158000,Signal Finished
3088983.291239,10000,683e1def-e889-4ef7-a89d-272f6bad72d3,coordinator_0,worker_3,NET_TRANSFER,8.328339,666.417102,Distribute Layer ID: f1af70d5
3088983.356304,10000,683e1def-e889-4ef7-a89d-272f6bad72d3,worker_3,worker_3,DISK_LOAD,8.328339,0.065065,"Disk -> RAM [Model: 683e1def, Layer: f1af70d5]"
3088983.421370,10000,683e1def-e889-4ef7-a89d-272f6bad72d3,worker_3,worker_3,MEM_MOVE,8.328339,0.065065,"RAM -> VRAM [Model: 683e1def, Layer: f1af70d5]"
3088983.471370,10000,683e1def-e889-4ef7-a89d-272f6bad72d3,worker_3,worker_3,GPU_COMPUTE,0.050000,0.050000,GPU Compute
3088983.629370,10000,683e1def-e889-4ef7-a89d-272f6bad72d3,worker_3,coordinator_0,NET_TRANSFER,0.000100,0.158000,Signal Finished
3089526.668305,10000,683e1def-e889-4ef7-a89d-272f6bad72d3,coordinator_0,worker_4,NET_TRANSFER,6.786112,543.038935,Distribute Layer ID: f851fda6
3089526.758250,10000,683e1def-e889-4ef7-a89d-272f6bad72d3,worker_4,worker_4,MEM_MOVE,11.512999,0.089945,"Evict VRAM -> RAM [Model: d039aa0d, Layer: 579d45fa]"
3089526.811266,10000,683e1def-e889-4ef7-a89d-272f6bad72d3,worker_4,worker_4,DISK_LOAD,6.786112,0.053016,"Disk -> RAM [Model: 683e1def, Layer: f851fda6]"
3089526.864283,10000,683e1def-e889-4ef7-a89d-272f6bad72d3,worker_4,worker_4,MEM_MOVE,6.786112,0.053016,"RAM -> VRAM [Model: 683e1def, Layer: f851fda6]"
3089526.914283,10000,683e1def-e889-4ef7-a89d-272f6bad72d3,worker_4,worker_4,GPU_COMPUTE,0.050000,0.050000,GPU Compute
3089527.072283,10000,683e1def-e889-4ef7-a89d-272f6bad72d3,worker_4,coordinator_0,NET_TRANSFER,0.000100,0.158000,Signal Finished
3090128.288152,10000,683e1def-e889-4ef7-a89d-272f6bad72d3,coordinator_0,worker_1,NET_TRANSFER,7.513323,601.215869,Distribute Layer ID: b8566a66
3090128.346850,10000,683e1def-e889-4ef7-a89d-272f6bad72d3,worker_1,worker_1,DISK_LOAD,7.513323,0.058698,"Disk -> RAM [Model: 683e1def, Layer: b8566a66]"
3090128.405548,10000,683e1def-e889-4ef7-a89d-272f6bad72d3,worker_1,worker_1,MEM_MOVE,7.513323,0.058698,"RAM -> VRAM [Model: 683e1def, Layer: b8566a66]"
3090128.455548,10000,683e1def-e889-4ef7-a89d-272f6bad72d3,worker_1,worker_1,GPU_COMPUTE,0.050000,0.050000,GPU Compute
3090128.613548,10000,683e1def-e889-4ef7-a89d-272f6bad72d3,worker_1,coordinator_0,NET_TRANSFER,0.000100,0.158000,Signal Finished
3090808.656413,10000,683e1def-e889-4ef7-a89d-272f6bad72d3,coordinator_0,worker_2,NET_TRANSFER,8.498661,680.042865,Distribute Layer ID: 6b64abf0
3090808.724322,10000,683e1def-e889-4ef7-a89d-272f6bad72d3,worker_2,worker_2,MEM_MOVE,8.692356,0.067909,"Evict VRAM -> RAM [Model: b42ec4c0, Layer: a5625bc1]"
3090808.790718,10000,683e1def-e889-4ef7-a89d-272f6bad72d3,worker_2,worker_2,DISK_LOAD,8.498661,0.066396,"Disk -> RAM [Model: 683e1def, Layer: 6b64abf0]"
3090808.857114,10000,683e1def-e889-4ef7-a89d-272f6bad72d3,worker_2,worker_2,MEM_MOVE,8.498661,0.066396,"RAM -> VRAM [Model: 683e1def, Layer: 6b64abf0]"
3090808.907114,10000,683e1def-e889-4ef7-a89d-272f6bad72d3,worker_2,worker_2,GPU_COMPUTE,0.050000,0.050000,GPU Compute
3090809.065114,10000,683e1def-e889-4ef7-a89d-272f6bad72d3,worker_2,coordinator_0,NET_TRANSFER,0.000100,0.158000,Signal Finished
3091226.777521,10000,683e1def-e889-4ef7-a89d-272f6bad72d3,coordinator_0,worker_3,NET_TRANSFER,5.219530,417.712408,Distribute Layer ID: ecb1374f
3091226.879635,10000,683e1def-e889-4ef7-a89d-272f6bad72d3,worker_3,worker_3,MEM_MOVE,13.070488,0.102113,"Evict VRAM -> RAM [Model: b42ec4c0, Layer: a7823103]"
3091226.920412,10000,683e1def-e889-4ef7-a89d-272f6bad72d3,worker_3,worker_3,DISK_LOAD,5.219530,0.040778,"Disk -> RAM [Model: 683e1def, Layer: ecb1374f]"
3091226.961190,10000,683e1def-e889-4ef7-a89d-272f6bad72d3,worker_3,worker_3,MEM_MOVE,5.219530,0.040778,"RAM -> VRAM [Model: 683e1def, Layer: ecb1374f]"
3091227.011190,10000,683e1def-e889-4ef7-a89d-272f6bad72d3,worker_3,worker_3,GPU_COMPUTE,0.050000,0.050000,GPU Compute
3091227.169190,10000,683e1def-e889-4ef7-a89d-272f6bad72d3,worker_3,coordinator_0,NET_TRANSFER,0.000100,0.158000,Signal Finished
3092260.943487,10000,683e1def-e889-4ef7-a89d-272f6bad72d3,coordinator_0,worker_4,NET_TRANSFER,12.920304,1033.774297,Distribute Layer ID: 1be070a8
3092260.996351,10000,683e1def-e889-4ef7-a89d-272f6bad72d3,worker_4,worker_4,MEM_MOVE,6.766629,0.052864,"Evict VRAM -> RAM [Model: d039aa0d, Layer: b8299208]"
3092261.097291,10000,683e1def-e889-4ef7-a89d-272f6bad72d3,worker_4,worker_4,DISK_LOAD,12.920304,0.100940,"Disk -> RAM [Model: 683e1def, Layer: 1be070a8]"
3092261.198231,10000,683e1def-e889-4ef7-a89d-272f6bad72d3,worker_4,worker_4,MEM_MOVE,12.920304,0.100940,"RAM -> VRAM [Model: 683e1def, Layer: 1be070a8]"
3092261.248231,10000,683e1def-e889-4ef7-a89d-272f6bad72d3,worker_4,worker_4,GPU_COMPUTE,0.050000,0.050000,GPU Compute
3092261.406231,10000,683e1def-e889-4ef7-a89d-272f6bad72d3,worker_4,coordinator_0,NET_TRANSFER,0.000100,0.158000,Signal Finished
3093011.068412,10000,683e1def-e889-4ef7-a89d-272f6bad72d3,coordinator_0,worker_1,NET_TRANSFER,9.368902,749.662181,Distribute Layer ID: fff98732
3093011.111387,10000,683e1def-e889-4ef7-a89d-272f6bad72d3,worker_1,worker_1,MEM_MOVE,5.500727,0.042974,"Evict VRAM -> RAM [Model: b42ec4c0, Layer: dae7f865]"
3093011.189736,10000,683e1def-e889-4ef7-a89d-272f6bad72d3,worker_1,worker_1,MEM_MOVE,10.028666,0.078349,"Evict VRAM -> RAM [Model: b42ec4c0, Layer: f358ecc4]"
3093011.262930,10000,683e1def-e889-4ef7-a89d-272f6bad72d3,worker_1,worker_1,DISK_LOAD,9.368902,0.073195,"Disk -> RAM [Model: 683e1def, Layer: fff98732]"
3093011.336125,10000,683e1def-e889-4ef7-a89d-272f6bad72d3,worker_1,worker_1,MEM_MOVE,9.368902,0.073195,"RAM -> VRAM [Model: 683e1def, Layer: fff98732]"
3093011.386125,10000,683e1def-e889-4ef7-a89d-272f6bad72d3,worker_1,worker_1,GPU_COMPUTE,0.050000,0.050000,GPU Compute
3093011.544125,10000,683e1def-e889-4ef7-a89d-272f6bad72d3,worker_1,coordinator_0,NET_TRANSFER,0.000100,0.158000,Signal Finished
3094025.109263,10000,683e1def-e889-4ef7-a89d-272f6bad72d3,coordinator_0,worker_2,NET_TRANSFER,12.667689,1013.565139,Distribute Layer ID: 28b674ae
3094025.184243,10000,683e1def-e889-4ef7-a89d-272f6bad72d3,worker_2,worker_2,MEM_MOVE,9.597348,0.074979,"Evict VRAM -> RAM [Model: b42ec4c0, Layer: 1405a182]"
3094025.283209,10000,683e1def-e889-4ef7-a89d-272f6bad72d3,worker_2,worker_2,DISK_LOAD,12.667689,0.098966,"Disk -> RAM [Model: 683e1def, Layer: 28b674ae]"
3094025.382175,10000,683e1def-e889-4ef7-a89d-272f6bad72d3,worker_2,worker_2,MEM_MOVE,12.667689,0.098966,"RAM -> VRAM [Model: 683e1def, Layer: 28b674ae]"
3094025.432175,10000,683e1def-e889-4ef7-a89d-272f6bad72d3,worker_2,worker_2,GPU_COMPUTE,0.050000,0.050000,GPU Compute
3094025.590175,10000,683e1def-e889-4ef7-a89d-272f6bad72d3,worker_2,coordinator_0,NET_TRANSFER,0.000100,0.158000,Signal Finished
3094891.878917,10000,683e1def-e889-4ef7-a89d-272f6bad72d3,coordinator_0,worker_3,NET_TRANSFER,10.826734,866.288741,Distribute Layer ID: 847768e6
3094891.941360,10000,683e1def-e889-4ef7-a89d-272f6bad72d3,worker_3,worker_3,MEM_MOVE,7.992750,0.062443,"Evict VRAM -> RAM [Model: b42ec4c0, Layer: 1f54797e]"
3094892.025944,10000,683e1def-e889-4ef7-a89d-272f6bad72d3,worker_3,worker_3,DISK_LOAD,10.826734,0.084584,"Disk -> RAM [Model: 683e1def, Layer: 847768e6]"
3094892.110528,10000,683e1def-e889-4ef7-a89d-272f6bad72d3,worker_3,worker_3,MEM_MOVE,10.826734,0.084584,"RAM -> VRAM [Model: 683e1def, Layer: 847768e6]"
3094892.160528,10000,683e1def-e889-4ef7-a89d-272f6bad72d3,worker_3,worker_3,GPU_COMPUTE,0.050000,0.050000,GPU Compute
3094892.318528,10000,683e1def-e889-4ef7-a89d-272f6bad72d3,worker_3,coordinator_0,NET_TRANSFER,0.000100,0.158000,Signal Finished
3095764.535086,10000,683e1def-e889-4ef7-a89d-272f6bad72d3,coordinator_0,worker_4,NET_TRANSFER,10.900832,872.216558,Distribute Layer ID: 8cba1c54
3095764.593759,10000,683e1def-e889-4ef7-a89d-272f6bad72d3,worker_4,worker_4,MEM_MOVE,7.510208,0.058674,"Evict VRAM -> RAM [Model: d039aa0d, Layer: f50f6871]"
3095764.666164,10000,683e1def-e889-4ef7-a89d-272f6bad72d3,worker_4,worker_4,MEM_MOVE,9.267766,0.072404,"Evict VRAM -> RAM [Model: b42ec4c0, Layer: aff2ae36]"
3095764.751326,10000,683e1def-e889-4ef7-a89d-272f6bad72d3,worker_4,worker_4,DISK_LOAD,10.900832,0.085163,"Disk -> RAM [Model: 683e1def, Layer: 8cba1c54]"
3095764.836489,10000,683e1def-e889-4ef7-a89d-272f6bad72d3,worker_4,worker_4,MEM_MOVE,10.900832,0.085163,"RAM -> VRAM [Model: 683e1def, Layer: 8cba1c54]"
3095764.886489,10000,683e1def-e889-4ef7-a89d-272f6bad72d3,worker_4,worker_4,GPU_COMPUTE,0.050000,0.050000,GPU Compute
3095765.044489,10000,683e1def-e889-4ef7-a89d-272f6bad72d3,worker_4,coordinator_0,NET_TRANSFER,0.000100,0.158000,Signal Finished
3096374.786741,10000,683e1def-e889-4ef7-a89d-272f6bad72d3,coordinator_0,worker_1,NET_TRANSFER,7.619903,609.742252,Distribute Layer ID: c55d9682
3096374.853916,10000,683e1def-e889-4ef7-a89d-272f6bad72d3,worker_1,worker_1,MEM_MOVE,8.598349,0.067175,"Evict VRAM -> RAM [Model: b42ec4c0, Layer: ee4de057]"
3096374.913446,10000,683e1def-e889-4ef7-a89d-272f6bad72d3,worker_1,worker_1,DISK_LOAD,7.619903,0.059530,"Disk -> RAM [Model: 683e1def, Layer: c55d9682]"
3096374.972977,10000,683e1def-e889-4ef7-a89d-272f6bad72d3,worker_1,worker_1,MEM_MOVE,7.619903,0.059530,"RAM -> VRAM [Model: 683e1def, Layer: c55d9682]"
3096375.022977,10000,683e1def-e889-4ef7-a89d-272f6bad72d3,worker_1,worker_1,GPU_COMPUTE,0.050000,0.050000,GPU Compute
3096375.180977,10000,683e1def-e889-4ef7-a89d-272f6bad72d3,worker_1,coordinator_0,NET_TRANSFER,0.000100,0.158000,Signal Finished
3097155.843626,10000,a886fc6a-5258-4d93-a875-f3db69b17d98,coordinator_0,worker_1,NET_TRANSFER,9.756408,780.662649,Distribute Layer ID: 681fe9b2
3097155.934943,10000,a886fc6a-5258-4d93-a875-f3db69b17d98,worker_1,worker_1,MEM_MOVE,11.688571,0.091317,"Evict VRAM -> RAM [Model: b42ec4c0, Layer: ee38ce3d]"
3097156.011165,10000,a886fc6a-5258-4d93-a875-f3db69b17d98,worker_1,worker_1,DISK_LOAD,9.756408,0.076222,"Disk -> RAM [Model: a886fc6a, Layer: 681fe9b2]"
3097156.087387,10000,a886fc6a-5258-4d93-a875-f3db69b17d98,worker_1,worker_1,MEM_MOVE,9.756408,0.076222,"RAM -> VRAM [Model: a886fc6a, Layer: 681fe9b2]"
3097156.137387,10000,a886fc6a-5258-4d93-a875-f3db69b17d98,worker_1,worker_1,GPU_COMPUTE,0.050000,0.050000,GPU Compute
3097156.295387,10000,a886fc6a-5258-4d93-a875-f3db69b17d98,worker_1,coordinator_0,NET_TRANSFER,0.000100,0.158000,Signal Finished
3098024.775547,10000,a886fc6a-5258-4d93-a875-f3db69b17d98,coordinator_0,worker_2,NET_TRANSFER,10.854127,868.480160,Distribute Layer ID: fd3398fa
3098024.855791,10000,a886fc6a-5258-4d93-a875-f3db69b17d98,worker_2,worker_2,MEM_MOVE,10.271180,0.080244,"Evict VRAM -> RAM [Model: b42ec4c0, Layer: 5d2749d6]"
3098024.940589,10000,a886fc6a-5258-4d93-a875-f3db69b17d98,worker_2,worker_2,DISK_LOAD,10.854127,0.084798,"Disk -> RAM [Model: a886fc6a, Layer: fd3398fa]"
3098025.025387,10000,a886fc6a-5258-4d93-a875-f3db69b17d98,worker_2,worker_2,MEM_MOVE,10.854127,0.084798,"RAM -> VRAM [Model: a886fc6a, Layer: fd3398fa]"
3098025.075387,10000,a886fc6a-5258-4d93-a875-f3db69b17d98,worker_2,worker_2,GPU_COMPUTE,0.050000,0.050000,GPU Compute
3098025.233387,10000,a886fc6a-5258-4d93-a875-f3db69b17d98,worker_2,coordinator_0,NET_TRANSFER,0.000100,0.158000,Signal Finished
3098636.757160,10000,a886fc6a-5258-4d93-a875-f3db69b17d98,coordinator_0,worker_3,NET_TRANSFER,7.642172,611.523773,Distribute Layer ID: 0d202c0e
3098636.846935,10000,a886fc6a-5258-4d93-a875-f3db69b17d98,worker_3,worker_3,MEM_MOVE,11.491252,0.089775,"Evict VRAM -> RAM [Model: b42ec4c0, Layer: 4dcf7adf]"
3098636.906640,10000,a886fc6a-5258-4d93-a875-f3db69b17d98,worker_3,worker_3,DISK_LOAD,7.642172,0.059704,"Disk -> RAM [Model: a886fc6a, Layer: 0d202c0e]"
3098636.966344,10000,a886fc6a-5258-4d93-a875-f3db69b17d98,worker_3,worker_3,MEM_MOVE,7.642172,0.059704,"RAM -> VRAM [Model: a886fc6a, Layer: 0d202c0e]"
3098637.016344,10000,a886fc6a-5258-4d93-a875-f3db69b17d98,worker_3,worker_3,GPU_COMPUTE,0.050000,0.050000,GPU Compute
3098637.174344,10000,a886fc6a-5258-4d93-a875-f3db69b17d98,worker_3,coordinator_0,NET_TRANSFER,0.000100,0.158000,Signal Finished
3099554.569591,10000,a886fc6a-5258-4d93-a875-f3db69b17d98,coordinator_0,worker_4,NET_TRANSFER,11.465566,917.395247,Distribute Layer ID: 2823177f
3099554.661485,10000,a886fc6a-5258-4d93-a875-f3db69b17d98,worker_4,worker_4,MEM_MOVE,11.762480,0.091894,"Evict VRAM -> RAM [Model: b42ec4c0, Layer: fdd9474c]"
3099554.751060,10000,a886fc6a-5258-4d93-a875-f3db69b17d98,worker_4,worker_4,DISK_LOAD,11.465566,0.089575,"Disk -> RAM [Model: a886fc6a, Layer: 2823177f]"
3099554.840635,10000,a886fc6a-5258-4d93-a875-f3db69b17d98,worker_4,worker_4,MEM_MOVE,11.465566,0.089575,"RAM -> VRAM [Model: a886fc6a, Layer: 2823177f]"
3099554.890635,10000,a886fc6a-5258-4d93-a875-f3db69b17d98,worker_4,worker_4,GPU_COMPUTE,0.050000,0.050000,GPU Compute
3099555.048635,10000,a886fc6a-5258-4d93-a875-f3db69b17d98,worker_4,coordinator_0,NET_TRANSFER,0.000100,0.158000,Signal Finished
3100363.463890,10000,a886fc6a-5258-4d93-a875-f3db69b17d98,coordinator_0,worker_1,NET_TRANSFER,10.103316,808.415255,Distribute Layer ID: 62c68c97
3100363.540071,10000,a886fc6a-5258-4d93-a875-f3db69b17d98,worker_1,worker_1,MEM_MOVE,9.751176,0.076181,"Evict VRAM -> RAM [Model: b42ec4c0, Layer: ff763c8a]"
3100363.619003,10000,a886fc6a-5258-4d93-a875-f3db69b17d98,worker_1,worker_1,DISK_LOAD,10.103316,0.078932,"Disk -> RAM [Model: a886fc6a, Layer: 62c68c97]"
3100363.697935,10000,a886fc6a-5258-4d93-a875-f3db69b17d98,worker_1,worker_1,MEM_MOVE,10.103316,0.078932,"RAM -> VRAM [Model: a886fc6a, Layer: 62c68c97]"
3100363.747935,10000,a886fc6a-5258-4d93-a875-f3db69b17d98,worker_1,worker_1,GPU_COMPUTE,0.050000,0.050000,GPU Compute
3100363.905935,10000,a886fc6a-5258-4d93-a875-f3db69b17d98,worker_1,coordinator_0,NET_TRANSFER,0.000100,0.158000,Signal Finished
3100875.609652,10000,a886fc6a-5258-4d93-a875-f3db69b17d98,coordinator_0,worker_2,NET_TRANSFER,6.394421,511.703717,Distribute Layer ID: 4e0ae655
3100875.703775,10000,a886fc6a-5258-4d93-a875-f3db69b17d98,worker_2,worker_2,MEM_MOVE,12.047741,0.094123,"Evict VRAM -> RAM [Model: b42ec4c0, Layer: 9e187001]"
3100875.753732,10000,a886fc6a-5258-4d93-a875-f3db69b17d98,worker_2,worker_2,DISK_LOAD,6.394421,0.049956,"Disk -> RAM [Model: a886fc6a, Layer: 4e0ae655]"
3100875.803688,10000,a886fc6a-5258-4d93-a875-f3db69b17d98,worker_2,worker_2,MEM_MOVE,6.394421,0.049956,"RAM -> VRAM [Model: a886fc6a, Layer: 4e0ae655]"
3100875.853688,10000,a886fc6a-5258-4d93-a875-f3db69b17d98,worker_2,worker_2,GPU_COMPUTE,0.050000,0.050000,GPU Compute
3100876.011688,10000,a886fc6a-5258-4d93-a875-f3db69b17d98,worker_2,coordinator_0,NET_TRANSFER,0.000100,0.158000,Signal Finished
3101804.182086,10000,a886fc6a-5258-4d93-a875-f3db69b17d98,coordinator_0,worker_3,NET_TRANSFER,11.600255,928.170398,Distribute Layer ID: 9c1153cd
3101804.299512,10000,a886fc6a-5258-4d93-a875-f3db69b17d98,worker_3,worker_3,MEM_MOVE,15.030515,0.117426,"Evict VRAM -> RAM [Model: b42ec4c0, Layer: 7afa7464]"
3101804.390139,10000,a886fc6a-5258-4d93-a875-f3db69b17d98,worker_3,worker_3,DISK_LOAD,11.600255,0.090627,"Disk -> RAM [Model: a886fc6a, Layer: 9c1153cd]"
3101804.480766,10000,a886fc6a-5258-4d93-a875-f3db69b17d98,worker_3,worker_3,MEM_MOVE,11.600255,0.090627,"RAM -> VRAM [Model: a886fc6a, Layer: 9c1153cd]"
3101804.530766,10000,a886fc6a-5258-4d93-a875-f3db69b17d98,worker_3,worker_3,GPU_COMPUTE,0.050000,0.050000,GPU Compute
3101804.688766,10000,a886fc6a-5258-4d93-a875-f3db69b17d98,worker_3,coordinator_0,NET_TRANSFER,0.000100,0.158000,Signal Finished
3101804.846766,7016,66483bae-9631-4d83-9c15-5f9509dbf81e,client_7,coordinator_0,NET_TRANSFER,0.000100,0.158000,Request Model ID
3101805.004766,7015,a49da1e7-b111-437b-af06-345a844891b3,client_7,coordinator_0,NET_TRANSFER,0.000100,0.158000,Request Model ID
3102463.155630,10000,a886fc6a-5258-4d93-a875-f3db69b17d98,coordinator_0,worker_4,NET_TRANSFER,8.225011,658.150864,Distribute Layer ID: 4b92b670
3102463.313630,2016,07ce1970-d96c-4f79-9d92-0a7594b4b14f,client_2,coordinator_0,NET_TRANSFER,0.000100,0.158000,Request Model ID
3102463.471630,1019,8233a468-234e-4a22-8166-33f25e165d96,client_1,coordinator_0,NET_TRANSFER,0.000100,0.158000,Request Model ID
3102463.629630,6017,c058df17-9e88-4847-baf4-6e2c889e8d4d,client_6,coordinator_0,NET_TRANSFER,0.000100,0.158000,Request Model ID
3102463.787630,6017,8488e8d8-c18c-49f8-8dc7-968d33f40119,client_6,coordinator_0,NET_TRANSFER,0.000100,0.158000,Request Model ID
3102463.945630,1017,b23b9bcf-15a7-4d4a-87b3-f049d0b0b838,client_1,coordinator_0,NET_TRANSFER,0.000100,0.158000,Request Model ID
3102464.103630,10018,aa22d19d-3e5e-45b7-9cc1-445a00070bb6,client_10,coordinator_0,NET_TRANSFER,0.000100,0.158000,Request Model ID
3102464.261630,8015,8488e8d8-c18c-49f8-8dc7-968d33f40119,client_8,coordinator_0,NET_TRANSFER,0.000100,0.158000,Request Model ID
3102464.419630,8015,d4b394b0-887b-4ade-b884-6c80c8a7daf2,client_8,coordinator_0,NET_TRANSFER,0.000100,0.158000,Request Model ID
3102464.577630,2015,0c0edddb-db74-420e-be90-7edecacd0b9f,client_2,coordinator_0,NET_TRANSFER,0.000100,0.158000,Request Model ID
3102464.735630,8015,c058df17-9e88-4847-baf4-6e2c889e8d4d,client_8,coordinator_0,NET_TRANSFER,0.000100,0.158000,Request Model ID
3102464.851358,10000,a886fc6a-5258-4d93-a875-f3db69b17d98,worker_4,worker_4,MEM_MOVE,14.813163,0.115728,"Evict VRAM -> RAM [Model: b42ec4c0, Layer: 0d01b136]"
3102464.915616,10000,a886fc6a-5258-4d93-a875-f3db69b17d98,worker_4,worker_4,DISK_LOAD,8.225011,0.064258,"Disk -> RAM [Model: a886fc6a, Layer: 4b92b670]"
3102464.979874,10000,a886fc6a-5258-4d93-a875-f3db69b17d98,worker_4,worker_4,MEM_MOVE,8.225011,0.064258,"RAM -> VRAM [Model: a886fc6a, Layer: 4b92b670]"
3102465.029874,10000,a886fc6a-5258-4d93-a875-f3db69b17d98,worker_4,worker_4,GPU_COMPUTE,0.050000,0.050000,GPU Compute
3102465.187874,10000,a886fc6a-5258-4d93-a875-f3db69b17d98,worker_4,coordinator_0,NET_TRANSFER,0.000100,0.158000,Signal Finished
3103253.286039,10000,a886fc6a-5258-4d93-a875-f3db69b17d98,coordinator_0,worker_1,NET_TRANSFER,9.849352,788.098165,Distribute Layer ID: 30ffcb50
3103253.360000,10000,a886fc6a-5258-4d93-a875-f3db69b17d98,worker_1,worker_1,MEM_MOVE,9.466965,0.073961,"Evict VRAM -> RAM [Model: b42ec4c0, Layer: 441d1220]"
3103253.436948,10000,a886fc6a-5258-4d93-a875-f3db69b17d98,worker_1,worker_1,DISK_LOAD,9.849352,0.076948,"Disk -> RAM [Model: a886fc6a, Layer: 30ffcb50]"
3103253.513896,10000,a886fc6a-5258-4d93-a875-f3db69b17d98,worker_1,worker_1,MEM_MOVE,9.849352,0.076948,"RAM -> VRAM [Model: a886fc6a, Layer: 30ffcb50]"
3103253.563896,10000,a886fc6a-5258-4d93-a875-f3db69b17d98,worker_1,worker_1,GPU_COMPUTE,0.050000,0.050000,GPU Compute
3103253.721896,10000,a886fc6a-5258-4d93-a875-f3db69b17d98,worker_1,coordinator_0,NET_TRANSFER,0.000100,0.158000,Signal Finished
3103885.906130,10000,a886fc6a-5258-4d93-a875-f3db69b17d98,coordinator_0,worker_2,NET_TRANSFER,7.900428,632.184234,Distribute Layer ID: 73d96693
3103885.967853,10000,a886fc6a-5258-4d93-a875-f3db69b17d98,worker_2,worker_2,DISK_LOAD,7.900428,0.061722,"Disk -> RAM [Model: a886fc6a, Layer: 73d96693]"
3103886.029575,10000,a886fc6a-5258-4d93-a875-f3db69b17d98,worker_2,worker_2,MEM_MOVE,7.900428,0.061722,"RAM -> VRAM [Model: a886fc6a, Layer: 73d96693]"
3103886.079575,10000,a886fc6a-5258-4d93-a875-f3db69b17d98,worker_2,worker_2,GPU_COMPUTE,0.050000,0.050000,GPU Compute
3103886.237575,10000,a886fc6a-5258-4d93-a875-f3db69b17d98,worker_2,coordinator_0,NET_TRANSFER,0.000100,0.158000,Signal Finished
3103886.395575,4016,9880cbcf-8e6d-4dda-81c9-85768d11ec44,client_4,coordinator_0,NET_TRANSFER,0.000100,0.158000,Request Model ID
3103886.553575,4016,0b62db0f-8759-4a61-a5b0-a086b4b62b3b,client_4,coordinator_0,NET_TRANSFER,0.000100,0.158000,Request Model ID
3103886.711575,4016,b23b9bcf-15a7-4d4a-87b3-f049d0b0b838,client_4,coordinator_0,NET_TRANSFER,0.000100,0.158000,Request Model ID
3103886.869575,8015,e9ab481a-f9bf-42a7-921f-45125b9da313,client_8,coordinator_0,NET_TRANSFER,0.000100,0.158000,Request Model ID
3104789.831411,10000,a886fc6a-5258-4d93-a875-f3db69b17d98,coordinator_0,worker_3,NET_TRANSFER,11.285148,902.961837,Distribute Layer ID: dd513cf9
3104789.919577,10000,a886fc6a-5258-4d93-a875-f3db69b17d98,worker_3,worker_3,DISK_LOAD,11.285148,0.088165,"Disk -> RAM [Model: a886fc6a, Layer: dd513cf9]"
3104790.007742,10000,a886fc6a-5258-4d93-a875-f3db69b17d98,worker_3,worker_3,MEM_MOVE,11.285148,0.088165,"RAM -> VRAM [Model: a886fc6a, Layer: dd513cf9]"
3104790.057742,10000,a886fc6a-5258-4d93-a875-f3db69b17d98,worker_3,worker_3,GPU_COMPUTE,0.050000,0.050000,GPU Compute
3104790.215742,10000,a886fc6a-5258-4d93-a875-f3db69b17d98,worker_3,coordinator_0,NET_TRANSFER,0.000100,0.158000,Signal Finished
3105683.157103,10000,a886fc6a-5258-4d93-a875-f3db69b17d98,coordinator_0,worker_4,NET_TRANSFER,11.159892,892.941361,Distribute Layer ID: b0ab7ec8
3105683.244290,10000,a886fc6a-5258-4d93-a875-f3db69b17d98,worker_4,worker_4,DISK_LOAD,11.159892,0.087187,"Disk -> RAM [Model: a886fc6a, Layer: b0ab7ec8]"
3105683.331477,10000,a886fc6a-5258-4d93-a875-f3db69b17d98,worker_4,worker_4,MEM_MOVE,11.159892,0.087187,"RAM -> VRAM [Model: a886fc6a, Layer: b0ab7ec8]"
3105683.381477,10000,a886fc6a-5258-4d93-a875-f3db69b17d98,worker_4,worker_4,GPU_COMPUTE,0.050000,0.050000,GPU Compute
3105683.539477,10000,a886fc6a-5258-4d93-a875-f3db69b17d98,worker_4,coordinator_0,NET_TRANSFER,0.000100,0.158000,Signal Finished
3106585.429236,10000,a886fc6a-5258-4d93-a875-f3db69b17d98,coordinator_0,worker_1,NET_TRANSFER,11.271747,901.889760,Distribute Layer ID: 6547c299
3106585.502685,10000,a886fc6a-5258-4d93-a875-f3db69b17d98,worker_1,worker_1,MEM_MOVE,9.401424,0.073449,"Evict VRAM -> RAM [Model: b42ec4c0, Layer: 5abaf731]"
3106585.590745,10000,a886fc6a-5258-4d93-a875-f3db69b17d98,worker_1,worker_1,DISK_LOAD,11.271747,0.088061,"Disk -> RAM [Model: a886fc6a, Layer: 6547c299]"
3106585.678806,10000,a886fc6a-5258-4d93-a875-f3db69b17d98,worker_1,worker_1,MEM_MOVE,11.271747,0.088061,"RAM -> VRAM [Model: a886fc6a, Layer: 6547c299]"
3106585.728806,10000,a886fc6a-5258-4d93-a875-f3db69b17d98,worker_1,worker_1,GPU_COMPUTE,0.050000,0.050000,GPU Compute
3106585.886806,10000,a886fc6a-5258-4d93-a875-f3db69b17d98,worker_1,coordinator_0,NET_TRANSFER,0.000100,0.158000,Signal Finished
3107375.424989,10000,a886fc6a-5258-4d93-a875-f3db69b17d98,coordinator_0,worker_2,NET_TRANSFER,9.867352,789.538183,Distribute Layer ID: e66b9f92
3107375.472672,10000,a886fc6a-5258-4d93-a875-f3db69b17d98,worker_2,worker_2,MEM_MOVE,6.103436,0.047683,"Evict VRAM -> RAM [Model: b42ec4c0, Layer: b5f4a76d]"
3107375.575691,10000,a886fc6a-5258-4d93-a875-f3db69b17d98,worker_2,worker_2,MEM_MOVE,13.186514,0.103020,"Evict VRAM -> RAM [Model: b42ec4c0, Layer: cb13dd41]"
3107375.652780,10000,a886fc6a-5258-4d93-a875-f3db69b17d98,worker_2,worker_2,DISK_LOAD,9.867352,0.077089,"Disk -> RAM [Model: a886fc6a, Layer: e66b9f92]"
3107375.729869,10000,a886fc6a-5258-4d93-a875-f3db69b17d98,worker_2,worker_2,MEM_MOVE,9.867352,0.077089,"RAM -> VRAM [Model: a886fc6a, Layer: e66b9f92]"
3107375.779869,10000,a886fc6a-5258-4d93-a875-f3db69b17d98,worker_2,worker_2,GPU_COMPUTE,0.050000,0.050000,GPU Compute
3107375.937869,10000,a886fc6a-5258-4d93-a875-f3db69b17d98,worker_2,coordinator_0,NET_TRANSFER,0.000100,0.158000,Signal Finished
3108005.014124,10000,a886fc6a-5258-4d93-a875-f3db69b17d98,coordinator_0,worker_3,NET_TRANSFER,7.861578,629.076255,Distribute Layer ID: a43ee7b4
3108005.087930,10000,a886fc6a-5258-4d93-a875-f3db69b17d98,worker_3,worker_3,MEM_MOVE,9.447243,0.073807,"Evict VRAM -> RAM [Model: b42ec4c0, Layer: 0caf0fab]"
3108005.149349,10000,a886fc6a-5258-4d93-a875-f3db69b17d98,worker_3,worker_3,DISK_LOAD,7.861578,0.061419,"Disk -> RAM [Model: a886fc6a, Layer: a43ee7b4]"
3108005.210768,10000,a886fc6a-5258-4d93-a875-f3db69b17d98,worker_3,worker_3,MEM_MOVE,7.861578,0.061419,"RAM -> VRAM [Model: a886fc6a, Layer: a43ee7b4]"
3108005.260768,10000,a886fc6a-5258-4d93-a875-f3db69b17d98,worker_3,worker_3,GPU_COMPUTE,0.050000,0.050000,GPU Compute
3108005.418768,10000,a886fc6a-5258-4d93-a875-f3db69b17d98,worker_3,coordinator_0,NET_TRANSFER,0.000100,0.158000,Signal Finished
3108642.466834,10000,a886fc6a-5258-4d93-a875-f3db69b17d98,coordinator_0,worker_4,NET_TRANSFER,7.961226,637.048067,Distribute Layer ID: ff7ca96a
3108642.512897,10000,a886fc6a-5258-4d93-a875-f3db69b17d98,worker_4,worker_4,MEM_MOVE,5.896013,0.046063,"Evict VRAM -> RAM [Model: b42ec4c0, Layer: e8eeca2f]"
3108642.575094,10000,a886fc6a-5258-4d93-a875-f3db69b17d98,worker_4,worker_4,DISK_LOAD,7.961226,0.062197,"Disk -> RAM [Model: a886fc6a, Layer: ff7ca96a]"
3108642.637291,10000,a886fc6a-5258-4d93-a875-f3db69b17d98,worker_4,worker_4,MEM_MOVE,7.961226,0.062197,"RAM -> VRAM [Model: a886fc6a, Layer: ff7ca96a]"
3108642.687291,10000,a886fc6a-5258-4d93-a875-f3db69b17d98,worker_4,worker_4,GPU_COMPUTE,0.050000,0.050000,GPU Compute
3108642.845291,10000,a886fc6a-5258-4d93-a875-f3db69b17d98,worker_4,coordinator_0,NET_TRANSFER,0.000100,0.158000,Signal Finished
3109768.009923,10000,a886fc6a-5258-4d93-a875-f3db69b17d98,coordinator_0,worker_1,NET_TRANSFER,14.062683,1125.164632,Distribute Layer ID: 6706fc11
3109768.119872,10000,a886fc6a-5258-4d93-a875-f3db69b17d98,worker_1,worker_1,MEM_MOVE,14.073450,0.109949,"Evict VRAM -> RAM [Model: b42ec4c0, Layer: 6ce672c9]"
3109768.229736,10000,a886fc6a-5258-4d93-a875-f3db69b17d98,worker_1,worker_1,DISK_LOAD,14.062683,0.109865,"Disk -> RAM [Model: a886fc6a, Layer: 6706fc11]"
3109768.339601,10000,a886fc6a-5258-4d93-a875-f3db69b17d98,worker_1,worker_1,MEM_MOVE,14.062683,0.109865,"RAM -> VRAM [Model: a886fc6a, Layer: 6706fc11]"
3109768.389601,10000,a886fc6a-5258-4d93-a875-f3db69b17d98,worker_1,worker_1,GPU_COMPUTE,0.050000,0.050000,GPU Compute
3109768.547601,10000,a886fc6a-5258-4d93-a875-f3db69b17d98,worker_1,coordinator_0,NET_TRANSFER,0.000100,0.158000,Signal Finished
3110303.491557,10000,a886fc6a-5258-4d93-a875-f3db69b17d98,coordinator_0,worker_2,NET_TRANSFER,6.684924,534.943956,Distribute Layer ID: d44e6f6d
3110303.543783,10000,a886fc6a-5258-4d93-a875-f3db69b17d98,worker_2,worker_2,DISK_LOAD,6.684924,0.052226,"Disk -> RAM [Model: a886fc6a, Layer: d44e6f6d]"
3110303.596009,10000,a886fc6a-5258-4d93-a875-f3db69b17d98,worker_2,worker_2,MEM_MOVE,6.684924,0.052226,"RAM -> VRAM [Model: a886fc6a, Layer: d44e6f6d]"
3110303.646009,10000,a886fc6a-5258-4d93-a875-f3db69b17d98,worker_2,worker_2,GPU_COMPUTE,0.050000,0.050000,GPU Compute
3110303.804009,10000,a886fc6a-5258-4d93-a875-f3db69b17d98,worker_2,coordinator_0,NET_TRANSFER,0.000100,0.158000,Signal Finished
3110787.000772,10000,a886fc6a-5258-4d93-a875-f3db69b17d98,coordinator_0,worker_3,NET_TRANSFER,6.038085,483.196763,Distribute Layer ID: d5235f44
3110787.052576,10000,a886fc6a-5258-4d93-a875-f3db69b17d98,worker_3,worker_3,MEM_MOVE,6.630875,0.051804,"Evict VRAM -> RAM [Model: b42ec4c0, Layer: 07f1405f]"
3110787.099748,10000,a886fc6a-5258-4d93-a875-f3db69b17d98,worker_3,worker_3,DISK_LOAD,6.038085,0.047173,"Disk -> RAM [Model: a886fc6a, Layer: d5235f44]"
3110787.146921,10000,a886fc6a-5258-4d93-a875-f3db69b17d98,worker_3,worker_3,MEM_MOVE,6.038085,0.047173,"RAM -> VRAM [Model: a886fc6a, Layer: d5235f44]"
3110787.196921,10000,a886fc6a-5258-4d93-a875-f3db69b17d98,worker_3,worker_3,GPU_COMPUTE,0.050000,0.050000,GPU Compute
3110787.354921,10000,a886fc6a-5258-4d93-a875-f3db69b17d98,worker_3,coordinator_0,NET_TRANSFER,0.000100,0.158000,Signal Finished
3111256.604353,10000,a886fc6a-5258-4d93-a875-f3db69b17d98,coordinator_0,worker_4,NET_TRANSFER,5.863743,469.249432,Distribute Layer ID: 9e63a7eb
3111256.680913,10000,a886fc6a-5258-4d93-a875-f3db69b17d98,worker_4,worker_4,MEM_MOVE,9.799693,0.076560,"Evict VRAM -> RAM [Model: b42ec4c0, Layer: 11657005]"
3111256.726724,10000,a886fc6a-5258-4d93-a875-f3db69b17d98,worker_4,worker_4,DISK_LOAD,5.863743,0.045810,"Disk -> RAM [Model: a886fc6a, Layer: 9e63a7eb]"
3111256.772534,10000,a886fc6a-5258-4d93-a875-f3db69b17d98,worker_4,worker_4,MEM_MOVE,5.863743,0.045810,"RAM -> VRAM [Model: a886fc6a, Layer: 9e63a7eb]"
3111256.822534,10000,a886fc6a-5258-4d93-a875-f3db69b17d98,worker_4,worker_4,GPU_COMPUTE,0.050000,0.050000,GPU Compute
3111256.980534,10000,a886fc6a-5258-4d93-a875-f3db69b17d98,worker_4,coordinator_0,NET_TRANSFER,0.000100,0.158000,Signal Finished
3112130.674037,10000,a886fc6a-5258-4d93-a875-f3db69b17d98,coordinator_0,worker_1,NET_TRANSFER,10.919294,873.693503,Distribute Layer ID: d577886d
3112130.755750,10000,a886fc6a-5258-4d93-a875-f3db69b17d98,worker_1,worker_1,MEM_MOVE,10.459183,0.081712,"Evict VRAM -> RAM [Model: b42ec4c0, Layer: 519b68ef]"
3112130.841057,10000,a886fc6a-5258-4d93-a875-f3db69b17d98,worker_1,worker_1,DISK_LOAD,10.919294,0.085307,"Disk -> RAM [Model: a886fc6a, Layer: d577886d]"
3112130.926364,10000,a886fc6a-5258-4d93-a875-f3db69b17d98,worker_1,worker_1,MEM_MOVE,10.919294,0.085307,"RAM -> VRAM [Model: a886fc6a, Layer: d577886d]"
3112130.976364,10000,a886fc6a-5258-4d93-a875-f3db69b17d98,worker_1,worker_1,GPU_COMPUTE,0.050000,0.050000,GPU Compute
3112131.134364,10000,a886fc6a-5258-4d93-a875-f3db69b17d98,worker_1,coordinator_0,NET_TRANSFER,0.000100,0.158000,Signal Finished
3112784.964168,10000,a886fc6a-5258-4d93-a875-f3db69b17d98,coordinator_0,worker_2,NET_TRANSFER,8.170998,653.829805,Distribute Layer ID: 95bc5718
3112785.055036,10000,a886fc6a-5258-4d93-a875-f3db69b17d98,worker_2,worker_2,MEM_MOVE,11.631106,0.090868,"Evict VRAM -> RAM [Model: b42ec4c0, Layer: c49c3c0d]"
3112785.118872,10000,a886fc6a-5258-4d93-a875-f3db69b17d98,worker_2,worker_2,DISK_LOAD,8.170998,0.063836,"Disk -> RAM [Model: a886fc6a, Layer: 95bc5718]"
3112785.182708,10000,a886fc6a-5258-4d93-a875-f3db69b17d98,worker_2,worker_2,MEM_MOVE,8.170998,0.063836,"RAM -> VRAM [Model: a886fc6a, Layer: 95bc5718]"
3112785.232708,10000,a886fc6a-5258-4d93-a875-f3db69b17d98,worker_2,worker_2,GPU_COMPUTE,0.050000,0.050000,GPU Compute
3112785.390708,10000,a886fc6a-5258-4d93-a875-f3db69b17d98,worker_2,coordinator_0,NET_TRANSFER,0.000100,0.158000,Signal Finished
3113632.792989,10000,a886fc6a-5258-4d93-a875-f3db69b17d98,coordinator_0,worker_3,NET_TRANSFER,10.590654,847.402281,Distribute Layer ID: 80852ce1
3113632.872380,10000,a886fc6a-5258-4d93-a875-f3db69b17d98,worker_3,worker_3,MEM_MOVE,10.162005,0.079391,"Evict VRAM -> RAM [Model: 07ce1970, Layer: a175b760]"
3113632.955119,10000,a886fc6a-5258-4d93-a875-f3db69b17d98,worker_3,worker_3,DISK_LOAD,10.590654,0.082739,"Disk -> RAM [Model: a886fc6a, Layer: 80852ce1]"
3113633.037859,10000,a886fc6a-5258-4d93-a875-f3db69b17d98,worker_3,worker_3,MEM_MOVE,10.590654,0.082739,"RAM -> VRAM [Model: a886fc6a, Layer: 80852ce1]"
3113633.087859,10000,a886fc6a-5258-4d93-a875-f3db69b17d98,worker_3,worker_3,GPU_COMPUTE,0.050000,0.050000,GPU Compute
3113633.245859,10000,a886fc6a-5258-4d93-a875-f3db69b17d98,worker_3,coordinator_0,NET_TRANSFER,0.000100,0.158000,Signal Finished
3114084.158542,10000,a886fc6a-5258-4d93-a875-f3db69b17d98,coordinator_0,worker_4,NET_TRANSFER,5.634534,450.912684,Distribute Layer ID: 42acee85
3114084.203208,10000,a886fc6a-5258-4d93-a875-f3db69b17d98,worker_4,worker_4,MEM_MOVE,5.717148,0.044665,"Evict VRAM -> RAM [Model: b42ec4c0, Layer: c41eaf50]"
3114084.247227,10000,a886fc6a-5258-4d93-a875-f3db69b17d98,worker_4,worker_4,DISK_LOAD,5.634534,0.044020,"Disk -> RAM [Model: a886fc6a, Layer: 42acee85]"
3114084.291247,10000,a886fc6a-5258-4d93-a875-f3db69b17d98,worker_4,worker_4,MEM_MOVE,5.634534,0.044020,"RAM -> VRAM [Model: a886fc6a, Layer: 42acee85]"
3114084.341247,10000,a886fc6a-5258-4d93-a875-f3db69b17d98,worker_4,worker_4,GPU_COMPUTE,0.050000,0.050000,GPU Compute
3114084.499247,10000,a886fc6a-5258-4d93-a875-f3db69b17d98,worker_4,coordinator_0,NET_TRANSFER,0.000100,0.158000,Signal Finished
3114928.658454,10000,a886fc6a-5258-4d93-a875-f3db69b17d98,coordinator_0,worker_1,NET_TRANSFER,10.550115,844.159206,Distribute Layer ID: d070ed1d
3114928.702281,10000,a886fc6a-5258-4d93-a875-f3db69b17d98,worker_1,worker_1,MEM_MOVE,5.609927,0.043828,"Evict VRAM -> RAM [Model: 07ce1970, Layer: 713ce64d]"
3114928.784704,10000,a886fc6a-5258-4d93-a875-f3db69b17d98,worker_1,worker_1,DISK_LOAD,10.550115,0.082423,"Disk -> RAM [Model: a886fc6a, Layer: d070ed1d]"
3114928.867127,10000,a886fc6a-5258-4d93-a875-f3db69b17d98,worker_1,worker_1,MEM_MOVE,10.550115,0.082423,"RAM -> VRAM [Model: a886fc6a, Layer: d070ed1d]"
3114928.917127,10000,a886fc6a-5258-4d93-a875-f3db69b17d98,worker_1,worker_1,GPU_COMPUTE,0.050000,0.050000,GPU Compute
3114929.075127,10000,a886fc6a-5258-4d93-a875-f3db69b17d98,worker_1,coordinator_0,NET_TRANSFER,0.000100,0.158000,Signal Finished
3115544.641054,10000,a886fc6a-5258-4d93-a875-f3db69b17d98,coordinator_0,worker_2,NET_TRANSFER,7.692699,615.565927,Distribute Layer ID: e0ce11c7
3115544.701153,10000,a886fc6a-5258-4d93-a875-f3db69b17d98,worker_2,worker_2,DISK_LOAD,7.692699,0.060099,"Disk -> RAM [Model: a886fc6a, Layer: e0ce11c7]"
3115544.761252,10000,a886fc6a-5258-4d93-a875-f3db69b17d98,worker_2,worker_2,MEM_MOVE,7.692699,0.060099,"RAM -> VRAM [Model: a886fc6a, Layer: e0ce11c7]"
3115544.811252,10000,a886fc6a-5258-4d93-a875-f3db69b17d98,worker_2,worker_2,GPU_COMPUTE,0.050000,0.050000,GPU Compute
3115544.969252,10000,a886fc6a-5258-4d93-a875-f3db69b17d98,worker_2,coordinator_0,NET_TRANSFER,0.000100,0.158000,Signal Finished
3116225.758444,10000,a886fc6a-5258-4d93-a875-f3db69b17d98,coordinator_0,worker_3,NET_TRANSFER,8.507990,680.789191,Distribute Layer ID: c1c43ef9
3116225.810672,10000,a886fc6a-5258-4d93-a875-f3db69b17d98,worker_3,worker_3,MEM_MOVE,6.685244,0.052228,"Evict VRAM -> RAM [Model: 07ce1970, Layer: 1f15a8c2]"
3116225.877141,10000,a886fc6a-5258-4d93-a875-f3db69b17d98,worker_3,worker_3,DISK_LOAD,8.507990,0.066469,"Disk -> RAM [Model: a886fc6a, Layer: c1c43ef9]"
3116225.943609,10000,a886fc6a-5258-4d93-a875-f3db69b17d98,worker_3,worker_3,MEM_MOVE,8.507990,0.066469,"RAM -> VRAM [Model: a886fc6a, Layer: c1c43ef9]"
3116225.993609,10000,a886fc6a-5258-4d93-a875-f3db69b17d98,worker_3,worker_3,GPU_COMPUTE,0.050000,0.050000,GPU Compute
3116226.151609,10000,a886fc6a-5258-4d93-a875-f3db69b17d98,worker_3,coordinator_0,NET_TRANSFER,0.000100,0.158000,Signal Finished
3116727.466832,10000,a886fc6a-5258-4d93-a875-f3db69b17d98,coordinator_0,worker_4,NET_TRANSFER,6.264565,501.315222,Distribute Layer ID: 519193d2
3116727.521301,10000,a886fc6a-5258-4d93-a875-f3db69b17d98,worker_4,worker_4,MEM_MOVE,6.972061,0.054469,"Evict VRAM -> RAM [Model: b42ec4c0, Layer: b4687fe7]"
3116727.570243,10000,a886fc6a-5258-4d93-a875-f3db69b17d98,worker_4,worker_4,DISK_LOAD,6.264565,0.048942,"Disk -> RAM [Model: a886fc6a, Layer: 519193d2]"
3116727.619185,10000,a886fc6a-5258-4d93-a875-f3db69b17d98,worker_4,worker_4,MEM_MOVE,6.264565,0.048942,"RAM -> VRAM [Model: a886fc6a, Layer: 519193d2]"
3116727.669185,10000,a886fc6a-5258-4d93-a875-f3db69b17d98,worker_4,worker_4,GPU_COMPUTE,0.050000,0.050000,GPU Compute
3116727.827185,10000,a886fc6a-5258-4d93-a875-f3db69b17d98,worker_4,coordinator_0,NET_TRANSFER,0.000100,0.158000,Signal Finished
3117158.698960,10000,a886fc6a-5258-4d93-a875-f3db69b17d98,coordinator_0,worker_1,NET_TRANSFER,5.384022,430.871775,Distribute Layer ID: 7de7eb15
3117158.739081,10000,a886fc6a-5258-4d93-a875-f3db69b17d98,worker_1,worker_1,MEM_MOVE,5.135430,0.040121,"Evict VRAM -> RAM [Model: 07ce1970, Layer: 255ca3ff]"
3117158.781143,10000,a886fc6a-5258-4d93-a875-f3db69b17d98,worker_1,worker_1,DISK_LOAD,5.384022,0.042063,"Disk -> RAM [Model: a886fc6a, Layer: 7de7eb15]"
3117158.823206,10000,a886fc6a-5258-4d93-a875-f3db69b17d98,worker_1,worker_1,MEM_MOVE,5.384022,0.042063,"RAM -> VRAM [Model: a886fc6a, Layer: 7de7eb15]"
3117158.873206,10000,a886fc6a-5258-4d93-a875-f3db69b17d98,worker_1,worker_1,GPU_COMPUTE,0.050000,0.050000,GPU Compute
3117159.031206,10000,a886fc6a-5258-4d93-a875-f3db69b17d98,worker_1,coordinator_0,NET_TRANSFER,0.000100,0.158000,Signal Finished
3117749.684408,10000,a886fc6a-5258-4d93-a875-f3db69b17d98,coordinator_0,worker_2,NET_TRANSFER,7.381290,590.653203,Distribute Layer ID: 13ae9e30
3117749.778939,10000,a886fc6a-5258-4d93-a875-f3db69b17d98,worker_2,worker_2,MEM_MOVE,12.099897,0.094530,"Evict VRAM -> RAM [Model: 07ce1970, Layer: 4735d0b1]"
3117749.836605,10000,a886fc6a-5258-4d93-a875-f3db69b17d98,worker_2,worker_2,DISK_LOAD,7.381290,0.057666,"Disk -> RAM [Model: a886fc6a, Layer: 13ae9e30]"
3117749.894271,10000,a886fc6a-5258-4d93-a875-f3db69b17d98,worker_2,worker_2,MEM_MOVE,7.381290,0.057666,"RAM -> VRAM [Model: a886fc6a, Layer: 13ae9e30]"
3117749.944271,10000,a886fc6a-5258-4d93-a875-f3db69b17d98,worker_2,worker_2,GPU_COMPUTE,0.050000,0.050000,GPU Compute
3117750.102271,10000,a886fc6a-5258-4d93-a875-f3db69b17d98,worker_2,coordinator_0,NET_TRANSFER,0.000100,0.158000,Signal Finished
3118890.439186,10000,a886fc6a-5258-4d93-a875-f3db69b17d98,coordinator_0,worker_3,NET_TRANSFER,14.252336,1140.336915,Distribute Layer ID: 43bcc0bc
3118890.502558,10000,a886fc6a-5258-4d93-a875-f3db69b17d98,worker_3,worker_3,MEM_MOVE,8.111623,0.063372,"Evict VRAM -> RAM [Model: 07ce1970, Layer: dce1783f]"
3118890.592666,10000,a886fc6a-5258-4d93-a875-f3db69b17d98,worker_3,worker_3,MEM_MOVE,11.533773,0.090108,"Evict VRAM -> RAM [Model: 07ce1970, Layer: 2ddc1d06]"
3118890.704012,10000,a886fc6a-5258-4d93-a875-f3db69b17d98,worker_3,worker_3,DISK_LOAD,14.252336,0.111346,"Disk -> RAM [Model: a886fc6a, Layer: 43bcc0bc]"
3118890.815359,10000,a886fc6a-5258-4d93-a875-f3db69b17d98,worker_3,worker_3,MEM_MOVE,14.252336,0.111346,"RAM -> VRAM [Model: a886fc6a, Layer: 43bcc0bc]"
3118890.865359,10000,a886fc6a-5258-4d93-a875-f3db69b17d98,worker_3,worker_3,GPU_COMPUTE,0.050000,0.050000,GPU Compute
3118891.023359,10000,a886fc6a-5258-4d93-a875-f3db69b17d98,worker_3,coordinator_0,NET_TRANSFER,0.000100,0.158000,Signal Finished
3119954.270638,10000,a886fc6a-5258-4d93-a875-f3db69b17d98,coordinator_0,worker_4,NET_TRANSFER,13.288716,1063.247280,Distribute Layer ID: d89b686c
3119954.331465,10000,a886fc6a-5258-4d93-a875-f3db69b17d98,worker_4,worker_4,MEM_MOVE,7.785867,0.060827,"Evict VRAM -> RAM [Model: b42ec4c0, Layer: 28a1447e]"
3119954.413649,10000,a886fc6a-5258-4d93-a875-f3db69b17d98,worker_4,worker_4,MEM_MOVE,10.519469,0.082183,"Evict VRAM -> RAM [Model: 07ce1970, Layer: 413a023e]"
3119954.517467,10000,a886fc6a-5258-4d93-a875-f3db69b17d98,worker_4,worker_4,DISK_LOAD,13.288716,0.103818,"Disk -> RAM [Model: a886fc6a, Layer: d89b686c]"
3119954.621285,10000,a886fc6a-5258-4d93-a875-f3db69b17d98,worker_4,worker_4,MEM_MOVE,13.288716,0.103818,"RAM -> VRAM [Model: a886fc6a, Layer: d89b686c]"
3119954.671285,10000,a886fc6a-5258-4d93-a875-f3db69b17d98,worker_4,worker_4,GPU_COMPUTE,0.050000,0.050000,GPU Compute
3119954.829285,10000,a886fc6a-5258-4d93-a875-f3db69b17d98,worker_4,coordinator_0,NET_TRANSFER,0.000100,0.158000,Signal Finished
3120667.704639,10000,a886fc6a-5258-4d93-a875-f3db69b17d98,coordinator_0,worker_1,NET_TRANSFER,8.909067,712.875354,Distribute Layer ID: f32fae54
3120667.773139,10000,a886fc6a-5258-4d93-a875-f3db69b17d98,worker_1,worker_1,MEM_MOVE,8.768026,0.068500,"Evict VRAM -> RAM [Model: 07ce1970, Layer: f834d2dc]"
3120667.842741,10000,a886fc6a-5258-4d93-a875-f3db69b17d98,worker_1,worker_1,DISK_LOAD,8.909067,0.069602,"Disk -> RAM [Model: a886fc6a, Layer: f32fae54]"
3120667.912343,10000,a886fc6a-5258-4d93-a875-f3db69b17d98,worker_1,worker_1,MEM_MOVE,8.909067,0.069602,"RAM -> VRAM [Model: a886fc6a, Layer: f32fae54]"
3120667.962343,10000,a886fc6a-5258-4d93-a875-f3db69b17d98,worker_1,worker_1,GPU_COMPUTE,0.050000,0.050000,GPU Compute
3120668.120343,10000,a886fc6a-5258-4d93-a875-f3db69b17d98,worker_1,coordinator_0,NET_TRANSFER,0.000100,0.158000,Signal Finished
3121458.602157,10000,a886fc6a-5258-4d93-a875-f3db69b17d98,coordinator_0,worker_2,NET_TRANSFER,9.879148,790.481814,Distribute Layer ID: 2ebae3d1
3121458.660556,10000,a886fc6a-5258-4d93-a875-f3db69b17d98,worker_2,worker_2,MEM_MOVE,7.475042,0.058399,"Evict VRAM -> RAM [Model: 07ce1970, Layer: d78a5263]"
3121458.737737,10000,a886fc6a-5258-4d93-a875-f3db69b17d98,worker_2,worker_2,DISK_LOAD,9.879148,0.077181,"Disk -> RAM [Model: a886fc6a, Layer: 2ebae3d1]"
3121458.814917,10000,a886fc6a-5258-4d93-a875-f3db69b17d98,worker_2,worker_2,MEM_MOVE,9.879148,0.077181,"RAM -> VRAM [Model: a886fc6a, Layer: 2ebae3d1]"
3121458.864917,10000,a886fc6a-5258-4d93-a875-f3db69b17d98,worker_2,worker_2,GPU_COMPUTE,0.050000,0.050000,GPU Compute
3121459.022917,10000,a886fc6a-5258-4d93-a875-f3db69b17d98,worker_2,coordinator_0,NET_TRANSFER,0.000100,0.158000,Signal Finished
3122583.433132,10000,a886fc6a-5258-4d93-a875-f3db69b17d98,coordinator_0,worker_3,NET_TRANSFER,14.053253,1124.410214,Distribute Layer ID: 87714d9a
3122583.534599,10000,a886fc6a-5258-4d93-a875-f3db69b17d98,worker_3,worker_3,MEM_MOVE,12.987812,0.101467,"Evict VRAM -> RAM [Model: 07ce1970, Layer: e0724ae6]"
3122583.644390,10000,a886fc6a-5258-4d93-a875-f3db69b17d98,worker_3,worker_3,DISK_LOAD,14.053253,0.109791,"Disk -> RAM [Model: a886fc6a, Layer: 87714d9a]"
3122583.754181,10000,a886fc6a-5258-4d93-a875-f3db69b17d98,worker_3,worker_3,MEM_MOVE,14.053253,0.109791,"RAM -> VRAM [Model: a886fc6a, Layer: 87714d9a]"
3122583.804181,10000,a886fc6a-5258-4d93-a875-f3db69b17d98,worker_3,worker_3,GPU_COMPUTE,0.050000,0.050000,GPU Compute
3122583.962181,10000,a886fc6a-5258-4d93-a875-f3db69b17d98,worker_3,coordinator_0,NET_TRANSFER,0.000100,0.158000,Signal Finished
3123401.665348,10000,a886fc6a-5258-4d93-a875-f3db69b17d98,coordinator_0,worker_4,NET_TRANSFER,10.219415,817.703167,Distribute Layer ID: 48657771
3123401.745187,10000,a886fc6a-5258-4d93-a875-f3db69b17d98,worker_4,worker_4,DISK_LOAD,10.219415,0.079839,"Disk -> RAM [Model: a886fc6a, Layer: 48657771]"
3123401.825026,10000,a886fc6a-5258-4d93-a875-f3db69b17d98,worker_4,worker_4,MEM_MOVE,10.219415,0.079839,"RAM -> VRAM [Model: a886fc6a, Layer: 48657771]"
3123401.875026,10000,a886fc6a-5258-4d93-a875-f3db69b17d98,worker_4,worker_4,GPU_COMPUTE,0.050000,0.050000,GPU Compute
3123402.033026,10000,a886fc6a-5258-4d93-a875-f3db69b17d98,worker_4,coordinator_0,NET_TRANSFER,0.000100,0.158000,Signal Finished
3124404.556226,10000,a886fc6a-5258-4d93-a875-f3db69b17d98,coordinator_0,worker_1,NET_TRANSFER,12.529665,1002.523200,Distribute Layer ID: b9cf384e
3124404.612020,10000,a886fc6a-5258-4d93-a875-f3db69b17d98,worker_1,worker_1,MEM_MOVE,7.141552,0.055793,"Evict VRAM -> RAM [Model: 07ce1970, Layer: f1869e5d]"
3124404.669617,10000,a886fc6a-5258-4d93-a875-f3db69b17d98,worker_1,worker_1,MEM_MOVE,7.372394,0.057597,"Evict VRAM -> RAM [Model: 07ce1970, Layer: aeb3eaca]"
3124404.767505,10000,a886fc6a-5258-4d93-a875-f3db69b17d98,worker_1,worker_1,DISK_LOAD,12.529665,0.097888,"Disk -> RAM [Model: a886fc6a, Layer: b9cf384e]"
3124404.865393,10000,a886fc6a-5258-4d93-a875-f3db69b17d98,worker_1,worker_1,MEM_MOVE,12.529665,0.097888,"RAM -> VRAM [Model: a886fc6a, Layer: b9cf384e]"
3124404.915393,10000,a886fc6a-5258-4d93-a875-f3db69b17d98,worker_1,worker_1,GPU_COMPUTE,0.050000,0.050000,GPU Compute
3124405.073393,10000,a886fc6a-5258-4d93-a875-f3db69b17d98,worker_1,coordinator_0,NET_TRANSFER,0.000100,0.158000,Signal Finished
3125276.151337,10000,a886fc6a-5258-4d93-a875-f3db69b17d98,coordinator_0,worker_2,NET_TRANSFER,10.886599,871.077945,Distribute Layer ID: 88d79857
3125276.210276,10000,a886fc6a-5258-4d93-a875-f3db69b17d98,worker_2,worker_2,MEM_MOVE,7.544205,0.058939,"Evict VRAM -> RAM [Model: 07ce1970, Layer: 6438c6c9]"
3125276.272242,10000,a886fc6a-5258-4d93-a875-f3db69b17d98,worker_2,worker_2,MEM_MOVE,7.931632,0.061966,"Evict VRAM -> RAM [Model: 07ce1970, Layer: 5ea4c16b]"
3125276.357294,10000,a886fc6a-5258-4d93-a875-f3db69b17d98,worker_2,worker_2,DISK_LOAD,10.886599,0.085052,"Disk -> RAM [Model: a886fc6a, Layer: 88d79857]"
3125276.442345,10000,a886fc6a-5258-4d93-a875-f3db69b17d98,worker_2,worker_2,MEM_MOVE,10.886599,0.085052,"RAM -> VRAM [Model: a886fc6a, Layer: 88d79857]"
3125276.492345,10000,a886fc6a-5258-4d93-a875-f3db69b17d98,worker_2,worker_2,GPU_COMPUTE,0.050000,0.050000,GPU Compute
3125276.650345,10000,a886fc6a-5258-4d93-a875-f3db69b17d98,worker_2,coordinator_0,NET_TRANSFER,0.000100,0.158000,Signal Finished
3125985.832266,10000,a886fc6a-5258-4d93-a875-f3db69b17d98,coordinator_0,worker_3,NET_TRANSFER,8.862899,709.181921,Distribute Layer ID: ae9b18c1
3125985.881735,10000,a886fc6a-5258-4d93-a875-f3db69b17d98,worker_3,worker_3,MEM_MOVE,6.332025,0.049469,"Evict VRAM -> RAM [Model: 07ce1970, Layer: 2551b24a]"
3125985.950976,10000,a886fc6a-5258-4d93-a875-f3db69b17d98,worker_3,worker_3,DISK_LOAD,8.862899,0.069241,"Disk -> RAM [Model: a886fc6a, Layer: ae9b18c1]"
3125986.020218,10000,a886fc6a-5258-4d93-a875-f3db69b17d98,worker_3,worker_3,MEM_MOVE,8.862899,0.069241,"RAM -> VRAM [Model: a886fc6a, Layer: ae9b18c1]"
3125986.070218,10000,a886fc6a-5258-4d93-a875-f3db69b17d98,worker_3,worker_3,GPU_COMPUTE,0.050000,0.050000,GPU Compute
3125986.228218,10000,a886fc6a-5258-4d93-a875-f3db69b17d98,worker_3,coordinator_0,NET_TRANSFER,0.000100,0.158000,Signal Finished
3126698.244339,10000,a886fc6a-5258-4d93-a875-f3db69b17d98,coordinator_0,worker_4,NET_TRANSFER,8.898327,712.016121,Distribute Layer ID: cad44986
3126698.347942,10000,a886fc6a-5258-4d93-a875-f3db69b17d98,worker_4,worker_4,MEM_MOVE,13.261166,0.103603,"Evict VRAM -> RAM [Model: 07ce1970, Layer: 07f980bc]"
3126698.417460,10000,a886fc6a-5258-4d93-a875-f3db69b17d98,worker_4,worker_4,DISK_LOAD,8.898327,0.069518,"Disk -> RAM [Model: a886fc6a, Layer: cad44986]"
3126698.486978,10000,a886fc6a-5258-4d93-a875-f3db69b17d98,worker_4,worker_4,MEM_MOVE,8.898327,0.069518,"RAM -> VRAM [Model: a886fc6a, Layer: cad44986]"
3126698.536978,10000,a886fc6a-5258-4d93-a875-f3db69b17d98,worker_4,worker_4,GPU_COMPUTE,0.050000,0.050000,GPU Compute
3126698.694978,10000,a886fc6a-5258-4d93-a875-f3db69b17d98,worker_4,coordinator_0,NET_TRANSFER,0.000100,0.158000,Signal Finished
3126698.852978,1018,c058df17-9e88-4847-baf4-6e2c889e8d4d,client_1,coordinator_0,NET_TRANSFER,0.000100,0.158000,Request Model ID
3126699.010978,4016,4cabb90d-8b50-47da-b9ae-45ffa75dabc9,client_4,coordinator_0,NET_TRANSFER,0.000100,0.158000,Request Model ID
3126699.168978,2015,44c74542-198d-4b82-96c7-01f6a8e6ad94,client_2,coordinator_0,NET_TRANSFER,0.000100,0.158000,Request Model ID
3126699.326978,4017,0c0edddb-db74-420e-be90-7edecacd0b9f,client_4,coordinator_0,NET_TRANSFER,0.000100,0.158000,Request Model ID
3126699.484978,8018,b23b9bcf-15a7-4d4a-87b3-f049d0b0b838,client_8,coordinator_0,NET_TRANSFER,0.000100,0.158000,Request Model ID
3126699.642978,8016,0b62db0f-8759-4a61-a5b0-a086b4b62b3b,client_8,coordinator_0,NET_TRANSFER,0.000100,0.158000,Request Model ID
3126699.800978,2015,5a4ddec2-471a-4cc9-bcfc-1c998571a64c,client_2,coordinator_0,NET_TRANSFER,0.000100,0.158000,Request Model ID
3126699.958978,2014,c058df17-9e88-4847-baf4-6e2c889e8d4d,client_2,coordinator_0,NET_TRANSFER,0.000100,0.158000,Request Model ID
3126700.116978,4015,9880cbcf-8e6d-4dda-81c9-85768d11ec44,client_4,coordinator_0,NET_TRANSFER,0.000100,0.158000,Request Model ID
3126700.274978,4015,8488e8d8-c18c-49f8-8dc7-968d33f40119,client_4,coordinator_0,NET_TRANSFER,0.000100,0.158000,Request Model ID
3126700.432978,4014,b2805f95-7fad-4a43-bf85-66ce3781b818,client_4,coordinator_0,NET_TRANSFER,0.000100,0.158000,Request Model ID
3126700.590978,4014,4cabb90d-8b50-47da-b9ae-45ffa75dabc9,client_4,coordinator_0,NET_TRANSFER,0.000100,0.158000,Request Model ID
3126700.748978,7017,96bede22-9bcb-4b40-a1c3-153cbb84714c,client_7,coordinator_0,NET_TRANSFER,0.000100,0.158000,Request Model ID
3126700.906978,7016,c058df17-9e88-4847-baf4-6e2c889e8d4d,client_7,coordinator_0,NET_TRANSFER,0.000100,0.158000,Request Model ID
3126701.064978,7016,0b62db0f-8759-4a61-a5b0-a086b4b62b3b,client_7,coordinator_0,NET_TRANSFER,0.000100,0.158000,Request Model ID
3126701.222978,8017,e8282f9d-ace8-4cdf-b62c-3d9f466a71e1,client_8,coordinator_0,NET_TRANSFER,0.000100,0.158000,Request Model ID
3126701.380978,8016,e9ab481a-f9bf-42a7-921f-45125b9da313,client_8,coordinator_0,NET_TRANSFER,0.000100,0.158000,Request Model ID
3126701.538978,10018,b23b9bcf-15a7-4d4a-87b3-f049d0b0b838,client_10,coordinator_0,NET_TRANSFER,0.000100,0.158000,Request Model ID
3126701.696978,6018,07a8404e-b389-42f4-9eba-f552b8fcd4a4,client_6,coordinator_0,NET_TRANSFER,0.000100,0.158000,Request Model ID
3126701.854978,1019,0c0edddb-db74-420e-be90-7edecacd0b9f,client_1,coordinator_0,NET_TRANSFER,0.000100,0.158000,Request Model ID
3126702.012978,1019,9880cbcf-8e6d-4dda-81c9-85768d11ec44,client_1,coordinator_0,NET_TRANSFER,0.000100,0.158000,Request Model ID
3126702.170978,10019,f2f09d33-bafc-49ed-86c5-3675f4f61af7,client_10,coordinator_0,NET_TRANSFER,0.000100,0.158000,Request Model ID
3126702.328978,8017,c058df17-9e88-4847-baf4-6e2c889e8d4d,client_8,coordinator_0,NET_TRANSFER,0.000100,0.158000,Request Model ID
3126702.486978,8017,4cabb90d-8b50-47da-b9ae-45ffa75dabc9,client_8,coordinator_0,NET_TRANSFER,0.000100,0.158000,Request Model ID
3126702.644978,4017,66483bae-9631-4d83-9c15-5f9509dbf81e,client_4,coordinator_0,NET_TRANSFER,0.000100,0.158000,Request Model ID
3126702.802978,8017,66483bae-9631-4d83-9c15-5f9509dbf81e,client_8,coordinator_0,NET_TRANSFER,0.000100,0.158000,Request Model ID
3126702.960978,2016,44c74542-198d-4b82-96c7-01f6a8e6ad94,client_2,coordinator_0,NET_TRANSFER,0.000100,0.158000,Request Model ID
3126703.118978,2016,3ab1386f-b0dd-491c-9007-5d1dc11f90a8,client_2,coordinator_0,NET_TRANSFER,0.000100,0.158000,Request Model ID
3126703.276978,10019,0c0edddb-db74-420e-be90-7edecacd0b9f,client_10,coordinator_0,NET_TRANSFER,0.000100,0.158000,Request Model ID
3126703.434978,6018,91008a79-010a-4e7f-82a9-d93d175b8acb,client_6,coordinator_0,NET_TRANSFER,0.000100,0.158000,Request Model ID
3126703.592978,7019,9c81d38f-4803-4d2e-95b8-696113bfef4f,client_7,coordinator_0,NET_TRANSFER,0.000100,0.158000,Request Model ID
3127750.469964,1000,7b482c9c-fddc-4070-b1ff-d34c65aeddf9,coordinator_0,worker_4,NET_TRANSFER,13.084087,1046.876986,Distribute Layer ID: 8d0005b2
3127750.627964,2019,96bede22-9bcb-4b40-a1c3-153cbb84714c,client_2,coordinator_0,NET_TRANSFER,0.000100,0.158000,Request Model ID
3127750.785964,4019,c058df17-9e88-4847-baf4-6e2c889e8d4d,client_4,coordinator_0,NET_TRANSFER,0.000100,0.158000,Request Model ID
3127750.943964,4019,9c81d38f-4803-4d2e-95b8-696113bfef4f,client_4,coordinator_0,NET_TRANSFER,0.000100,0.158000,Request Model ID
3127751.101964,2017,46d61b26-e813-4c81-9e06-f5172b67e1af,client_2,coordinator_0,NET_TRANSFER,0.000100,0.158000,Request Model ID
3127751.166373,1000,7b482c9c-fddc-4070-b1ff-d34c65aeddf9,worker_4,worker_4,MEM_MOVE,8.244349,0.064409,"Evict VRAM -> RAM [Model: 07ce1970, Layer: 9ed7b81e]"
3127751.275040,1000,7b482c9c-fddc-4070-b1ff-d34c65aeddf9,worker_4,worker_4,MEM_MOVE,13.909331,0.108667,"Evict VRAM -> RAM [Model: 07ce1970, Layer: e7c36eef]"
3127751.377259,1000,7b482c9c-fddc-4070-b1ff-d34c65aeddf9,worker_4,worker_4,DISK_LOAD,13.084087,0.102219,"Disk -> RAM [Model: 7b482c9c, Layer: 8d0005b2]"
3127751.479479,1000,7b482c9c-fddc-4070-b1ff-d34c65aeddf9,worker_4,worker_4,MEM_MOVE,13.084087,0.102219,"RAM -> VRAM [Model: 7b482c9c, Layer: 8d0005b2]"
3127751.529479,1000,7b482c9c-fddc-4070-b1ff-d34c65aeddf9,worker_4,worker_4,GPU_COMPUTE,0.050000,0.050000,GPU Compute
3127751.687479,1000,7b482c9c-fddc-4070-b1ff-d34c65aeddf9,worker_4,coordinator_0,NET_TRANSFER,0.000100,0.158000,Signal Finished
3128421.329786,1000,7b482c9c-fddc-4070-b1ff-d34c65aeddf9,coordinator_0,worker_1,NET_TRANSFER,8.368654,669.642307,Distribute Layer ID: 01cdf70b
3128421.433339,1000,7b482c9c-fddc-4070-b1ff-d34c65aeddf9,worker_1,worker_1,MEM_MOVE,13.254843,0.103553,"Evict VRAM -> RAM [Model: 07ce1970, Layer: 59c61451]"
3128421.498720,1000,7b482c9c-fddc-4070-b1ff-d34c65aeddf9,worker_1,worker_1,DISK_LOAD,8.368654,0.065380,"Disk -> RAM [Model: 7b482c9c, Layer: 01cdf70b]"
3128421.564100,1000,7b482c9c-fddc-4070-b1ff-d34c65aeddf9,worker_1,worker_1,MEM_MOVE,8.368654,0.065380,"RAM -> VRAM [Model: 7b482c9c, Layer: 01cdf70b]"
3128421.614100,1000,7b482c9c-fddc-4070-b1ff-d34c65aeddf9,worker_1,worker_1,GPU_COMPUTE,0.050000,0.050000,GPU Compute
3128421.772100,1000,7b482c9c-fddc-4070-b1ff-d34c65aeddf9,worker_1,coordinator_0,NET_TRANSFER,0.000100,0.158000,Signal Finished
3128936.015165,1000,7b482c9c-fddc-4070-b1ff-d34c65aeddf9,coordinator_0,worker_2,NET_TRANSFER,6.426163,514.243065,Distribute Layer ID: 3d76a35b
3128936.065369,1000,7b482c9c-fddc-4070-b1ff-d34c65aeddf9,worker_2,worker_2,DISK_LOAD,6.426163,0.050204,"Disk -> RAM [Model: 7b482c9c, Layer: 3d76a35b]"
3128936.115574,1000,7b482c9c-fddc-4070-b1ff-d34c65aeddf9,worker_2,worker_2,MEM_MOVE,6.426163,0.050204,"RAM -> VRAM [Model: 7b482c9c, Layer: 3d76a35b]"
3128936.165574,1000,7b482c9c-fddc-4070-b1ff-d34c65aeddf9,worker_2,worker_2,GPU_COMPUTE,0.050000,0.050000,GPU Compute
3128936.323574,1000,7b482c9c-fddc-4070-b1ff-d34c65aeddf9,worker_2,coordinator_0,NET_TRANSFER,0.000100,0.158000,Signal Finished
3129518.039881,1000,7b482c9c-fddc-4070-b1ff-d34c65aeddf9,coordinator_0,worker_3,NET_TRANSFER,7.269579,581.716307,Distribute Layer ID: 74ca3731
3129518.125138,1000,7b482c9c-fddc-4070-b1ff-d34c65aeddf9,worker_3,worker_3,MEM_MOVE,10.912885,0.085257,"Evict VRAM -> RAM [Model: 07ce1970, Layer: 7427eef6]"
3129518.181931,1000,7b482c9c-fddc-4070-b1ff-d34c65aeddf9,worker_3,worker_3,DISK_LOAD,7.269579,0.056794,"Disk -> RAM [Model: 7b482c9c, Layer: 74ca3731]"
3129518.238725,1000,7b482c9c-fddc-4070-b1ff-d34c65aeddf9,worker_3,worker_3,MEM_MOVE,7.269579,0.056794,"RAM -> VRAM [Model: 7b482c9c, Layer: 74ca3731]"
3129518.288725,1000,7b482c9c-fddc-4070-b1ff-d34c65aeddf9,worker_3,worker_3,GPU_COMPUTE,0.050000,0.050000,GPU Compute
3129518.446725,1000,7b482c9c-fddc-4070-b1ff-d34c65aeddf9,worker_3,coordinator_0,NET_TRANSFER,0.000100,0.158000,Signal Finished
3130590.755193,1000,7b482c9c-fddc-4070-b1ff-d34c65aeddf9,coordinator_0,worker_4,NET_TRANSFER,13.401981,1072.308468,Distribute Layer ID: 0858fe3c
3130590.859896,1000,7b482c9c-fddc-4070-b1ff-d34c65aeddf9,worker_4,worker_4,DISK_LOAD,13.401981,0.104703,"Disk -> RAM [Model: 7b482c9c, Layer: 0858fe3c]"
3130590.964599,1000,7b482c9c-fddc-4070-b1ff-d34c65aeddf9,worker_4,worker_4,MEM_MOVE,13.401981,0.104703,"RAM -> VRAM [Model: 7b482c9c, Layer: 0858fe3c]"
3130591.014599,1000,7b482c9c-fddc-4070-b1ff-d34c65aeddf9,worker_4,worker_4,GPU_COMPUTE,0.050000,0.050000,GPU Compute
3130591.172599,1000,7b482c9c-fddc-4070-b1ff-d34c65aeddf9,worker_4,coordinator_0,NET_TRANSFER,0.000100,0.158000,Signal Finished
3131275.024313,1000,7b482c9c-fddc-4070-b1ff-d34c65aeddf9,coordinator_0,worker_1,NET_TRANSFER,8.546271,683.851715,Distribute Layer ID: 1e184f2a
3131275.099220,1000,7b482c9c-fddc-4070-b1ff-d34c65aeddf9,worker_1,worker_1,MEM_MOVE,9.588014,0.074906,"Evict VRAM -> RAM [Model: 07ce1970, Layer: 9198b7f7]"
3131275.165987,1000,7b482c9c-fddc-4070-b1ff-d34c65aeddf9,worker_1,worker_1,DISK_LOAD,8.546271,0.066768,"Disk -> RAM [Model: 7b482c9c, Layer: 1e184f2a]"
3131275.232755,1000,7b482c9c-fddc-4070-b1ff-d34c65aeddf9,worker_1,worker_1,MEM_MOVE,8.546271,0.066768,"RAM -> VRAM [Model: 7b482c9c, Layer: 1e184f2a]"
3131275.282755,1000,7b482c9c-fddc-4070-b1ff-d34c65aeddf9,worker_1,worker_1,GPU_COMPUTE,0.050000,0.050000,GPU Compute
3131275.440755,1000,7b482c9c-fddc-4070-b1ff-d34c65aeddf9,worker_1,coordinator_0,NET_TRANSFER,0.000100,0.158000,Signal Finished
3132462.274899,1000,7b482c9c-fddc-4070-b1ff-d34c65aeddf9,coordinator_0,worker_2,NET_TRANSFER,14.833552,1186.834144,Distribute Layer ID: 24698ffd
3132462.389159,1000,7b482c9c-fddc-4070-b1ff-d34c65aeddf9,worker_2,worker_2,MEM_MOVE,14.625226,0.114260,"Evict VRAM -> RAM [Model: 07ce1970, Layer: 556c4879]"
3132462.505046,1000,7b482c9c-fddc-4070-b1ff-d34c65aeddf9,worker_2,worker_2,DISK_LOAD,14.833552,0.115887,"Disk -> RAM [Model: 7b482c9c, Layer: 24698ffd]"
3132462.620933,1000,7b482c9c-fddc-4070-b1ff-d34c65aeddf9,worker_2,worker_2,MEM_MOVE,14.833552,0.115887,"RAM -> VRAM [Model: 7b482c9c, Layer: 24698ffd]"
3132462.670933,1000,7b482c9c-fddc-4070-b1ff-d34c65aeddf9,worker_2,worker_2,GPU_COMPUTE,0.050000,0.050000,GPU Compute
3132462.828933,1000,7b482c9c-fddc-4070-b1ff-d34c65aeddf9,worker_2,coordinator_0,NET_TRANSFER,0.000100,0.158000,Signal Finished
3133390.042247,1000,7b482c9c-fddc-4070-b1ff-d34c65aeddf9,coordinator_0,worker_3,NET_TRANSFER,11.588291,927.213314,Distribute Layer ID: 0c60c10b
3133390.090022,1000,7b482c9c-fddc-4070-b1ff-d34c65aeddf9,worker_3,worker_3,MEM_MOVE,6.115197,0.047775,"Evict VRAM -> RAM [Model: 07ce1970, Layer: 15b1e8e9]"
3133390.180556,1000,7b482c9c-fddc-4070-b1ff-d34c65aeddf9,worker_3,worker_3,DISK_LOAD,11.588291,0.090534,"Disk -> RAM [Model: 7b482c9c, Layer: 0c60c10b]"
3133390.271089,1000,7b482c9c-fddc-4070-b1ff-d34c65aeddf9,worker_3,worker_3,MEM_MOVE,11.588291,0.090534,"RAM -> VRAM [Model: 7b482c9c, Layer: 0c60c10b]"
3133390.321089,1000,7b482c9c-fddc-4070-b1ff-d34c65aeddf9,worker_3,worker_3,GPU_COMPUTE,0.050000,0.050000,GPU Compute
3133390.479089,1000,7b482c9c-fddc-4070-b1ff-d34c65aeddf9,worker_3,coordinator_0,NET_TRANSFER,0.000100,0.158000,Signal Finished
3134443.213547,1000,7b482c9c-fddc-4070-b1ff-d34c65aeddf9,coordinator_0,worker_4,NET_TRANSFER,13.157306,1052.734458,Distribute Layer ID: 2579d71d
3134443.282819,1000,7b482c9c-fddc-4070-b1ff-d34c65aeddf9,worker_4,worker_4,MEM_MOVE,8.866791,0.069272,"Evict VRAM -> RAM [Model: 07ce1970, Layer: 10a21afe]"
3134443.356053,1000,7b482c9c-fddc-4070-b1ff-d34c65aeddf9,worker_4,worker_4,MEM_MOVE,9.373930,0.073234,"Evict VRAM -> RAM [Model: 07ce1970, Layer: 44cad212]"
3134443.458844,1000,7b482c9c-fddc-4070-b1ff-d34c65aeddf9,worker_4,worker_4,DISK_LOAD,13.157306,0.102791,"Disk -> RAM [Model: 7b482c9c, Layer: 2579d71d]"
3134443.561636,1000,7b482c9c-fddc-4070-b1ff-d34c65aeddf9,worker_4,worker_4,MEM_MOVE,13.157306,0.102791,"RAM -> VRAM [Model: 7b482c9c, Layer: 2579d71d]"
3134443.611636,1000,7b482c9c-fddc-4070-b1ff-d34c65aeddf9,worker_4,worker_4,GPU_COMPUTE,0.050000,0.050000,GPU Compute
3134443.769636,1000,7b482c9c-fddc-4070-b1ff-d34c65aeddf9,worker_4,coordinator_0,NET_TRANSFER,0.000100,0.158000,Signal Finished
3135251.505835,1000,7b482c9c-fddc-4070-b1ff-d34c65aeddf9,coordinator_0,worker_1,NET_TRANSFER,10.094827,807.736199,Distribute Layer ID: b164e398
3135251.567805,1000,7b482c9c-fddc-4070-b1ff-d34c65aeddf9,worker_1,worker_1,MEM_MOVE,7.932149,0.061970,"Evict VRAM -> RAM [Model: 07ce1970, Layer: 90f24ebb]"
3135251.646671,1000,7b482c9c-fddc-4070-b1ff-d34c65aeddf9,worker_1,worker_1,DISK_LOAD,10.094827,0.078866,"Disk -> RAM [Model: 7b482c9c, Layer: b164e398]"
3135251.725537,1000,7b482c9c-fddc-4070-b1ff-d34c65aeddf9,worker_1,worker_1,MEM_MOVE,10.094827,0.078866,"RAM -> VRAM [Model: 7b482c9c, Layer: b164e398]"
3135251.775537,1000,7b482c9c-fddc-4070-b1ff-d34c65aeddf9,worker_1,worker_1,GPU_COMPUTE,0.050000,0.050000,GPU Compute
3135251.933537,1000,7b482c9c-fddc-4070-b1ff-d34c65aeddf9,worker_1,coordinator_0,NET_TRANSFER,0.000100,0.158000,Signal Finished
3136321.192010,1000,7b482c9c-fddc-4070-b1ff-d34c65aeddf9,coordinator_0,worker_2,NET_TRANSFER,13.363856,1069.258474,Distribute Layer ID: 7fb8e62d
3136321.274795,1000,7b482c9c-fddc-4070-b1ff-d34c65aeddf9,worker_2,worker_2,MEM_MOVE,10.596434,0.082785,"Evict VRAM -> RAM [Model: 07ce1970, Layer: 23261861]"
3136321.323175,1000,7b482c9c-fddc-4070-b1ff-d34c65aeddf9,worker_2,worker_2,MEM_MOVE,6.192647,0.048380,"Evict VRAM -> RAM [Model: 07ce1970, Layer: bf635b08]"
3136321.427580,1000,7b482c9c-fddc-4070-b1ff-d34c65aeddf9,worker_2,worker_2,DISK_LOAD,13.363856,0.104405,"Disk -> RAM [Model: 7b482c9c, Layer: 7fb8e62d]"
3136321.531985,1000,7b482c9c-fddc-4070-b1ff-d34c65aeddf9,worker_2,worker_2,MEM_MOVE,13.363856,0.104405,"RAM -> VRAM [Model: 7b482c9c, Layer: 7fb8e62d]"
3136321.581985,1000,7b482c9c-fddc-4070-b1ff-d34c65aeddf9,worker_2,worker_2,GPU_COMPUTE,0.050000,0.050000,GPU Compute
3136321.739985,1000,7b482c9c-fddc-4070-b1ff-d34c65aeddf9,worker_2,coordinator_0,NET_TRANSFER,0.000100,0.158000,Signal Finished
3137161.742061,1000,7b482c9c-fddc-4070-b1ff-d34c65aeddf9,coordinator_0,worker_3,NET_TRANSFER,10.498151,840.002076,Distribute Layer ID: cea3b89c
3137161.843988,1000,7b482c9c-fddc-4070-b1ff-d34c65aeddf9,worker_3,worker_3,MEM_MOVE,13.046613,0.101927,"Evict VRAM -> RAM [Model: 07ce1970, Layer: 7eeaedfa]"
3137161.926004,1000,7b482c9c-fddc-4070-b1ff-d34c65aeddf9,worker_3,worker_3,DISK_LOAD,10.498151,0.082017,"Disk -> RAM [Model: 7b482c9c, Layer: cea3b89c]"
3137162.008021,1000,7b482c9c-fddc-4070-b1ff-d34c65aeddf9,worker_3,worker_3,MEM_MOVE,10.498151,0.082017,"RAM -> VRAM [Model: 7b482c9c, Layer: cea3b89c]"
3137162.058021,1000,7b482c9c-fddc-4070-b1ff-d34c65aeddf9,worker_3,worker_3,GPU_COMPUTE,0.050000,0.050000,GPU Compute
3137162.216021,1000,7b482c9c-fddc-4070-b1ff-d34c65aeddf9,worker_3,coordinator_0,NET_TRANSFER,0.000100,0.158000,Signal Finished
3138075.165568,1000,7b482c9c-fddc-4070-b1ff-d34c65aeddf9,coordinator_0,worker_4,NET_TRANSFER,11.409994,912.949547,Distribute Layer ID: 1e9889c2
3138075.216973,1000,7b482c9c-fddc-4070-b1ff-d34c65aeddf9,worker_4,worker_4,MEM_MOVE,6.579867,0.051405,"Evict VRAM -> RAM [Model: 07ce1970, Layer: 8b0bc279]"
3138075.306113,1000,7b482c9c-fddc-4070-b1ff-d34c65aeddf9,worker_4,worker_4,DISK_LOAD,11.409994,0.089141,"Disk -> RAM [Model: 7b482c9c, Layer: 1e9889c2]"
3138075.395254,1000,7b482c9c-fddc-4070-b1ff-d34c65aeddf9,worker_4,worker_4,MEM_MOVE,11.409994,0.089141,"RAM -> VRAM [Model: 7b482c9c, Layer: 1e9889c2]"
3138075.445254,1000,7b482c9c-fddc-4070-b1ff-d34c65aeddf9,worker_4,worker_4,GPU_COMPUTE,0.050000,0.050000,GPU Compute
3138075.603254,1000,7b482c9c-fddc-4070-b1ff-d34c65aeddf9,worker_4,coordinator_0,NET_TRANSFER,0.000100,0.158000,Signal Finished
3139186.728246,1000,7b482c9c-fddc-4070-b1ff-d34c65aeddf9,coordinator_0,worker_1,NET_TRANSFER,13.887187,1111.124992,Distribute Layer ID: 13dc11e6
3139186.824018,1000,7b482c9c-fddc-4070-b1ff-d34c65aeddf9,worker_1,worker_1,MEM_MOVE,12.258771,0.095772,"Evict VRAM -> RAM [Model: 07ce1970, Layer: d464441d]"
3139186.932511,1000,7b482c9c-fddc-4070-b1ff-d34c65aeddf9,worker_1,worker_1,DISK_LOAD,13.887187,0.108494,"Disk -> RAM [Model: 7b482c9c, Layer: 13dc11e6]"
3139187.041005,1000,7b482c9c-fddc-4070-b1ff-d34c65aeddf9,worker_1,worker_1,MEM_MOVE,13.887187,0.108494,"RAM -> VRAM [Model: 7b482c9c, Layer: 13dc11e6]"
3139187.091005,1000,7b482c9c-fddc-4070-b1ff-d34c65aeddf9,worker_1,worker_1,GPU_COMPUTE,0.050000,0.050000,GPU Compute
3139187.249005,1000,7b482c9c-fddc-4070-b1ff-d34c65aeddf9,worker_1,coordinator_0,NET_TRANSFER,0.000100,0.158000,Signal Finished
3140193.126172,1000,7b482c9c-fddc-4070-b1ff-d34c65aeddf9,coordinator_0,worker_2,NET_TRANSFER,12.571590,1005.877167,Distribute Layer ID: d868f95c
3140193.168173,1000,7b482c9c-fddc-4070-b1ff-d34c65aeddf9,worker_2,worker_2,MEM_MOVE,5.376121,0.042001,"Evict VRAM -> RAM [Model: 07ce1970, Layer: c8866894]"
3140193.238406,1000,7b482c9c-fddc-4070-b1ff-d34c65aeddf9,worker_2,worker_2,MEM_MOVE,8.989834,0.070233,"Evict VRAM -> RAM [Model: 07ce1970, Layer: f2a63e7e]"
3140193.336622,1000,7b482c9c-fddc-4070-b1ff-d34c65aeddf9,worker_2,worker_2,DISK_LOAD,12.571590,0.098216,"Disk -> RAM [Model: 7b482c9c, Layer: d868f95c]"
3140193.434837,1000,7b482c9c-fddc-4070-b1ff-d34c65aeddf9,worker_2,worker_2,MEM_MOVE,12.571590,0.098216,"RAM -> VRAM [Model: 7b482c9c, Layer: d868f95c]"
3140193.484837,1000,7b482c9c-fddc-4070-b1ff-d34c65aeddf9,worker_2,worker_2,GPU_COMPUTE,0.050000,0.050000,GPU Compute
3140193.642837,1000,7b482c9c-fddc-4070-b1ff-d34c65aeddf9,worker_2,coordinator_0,NET_TRANSFER,0.000100,0.158000,Signal Finished
3140837.755397,1000,7b482c9c-fddc-4070-b1ff-d34c65aeddf9,coordinator_0,worker_3,NET_TRANSFER,8.049532,644.112560,Distribute Layer ID: 21ae813c
3140837.822866,1000,7b482c9c-fddc-4070-b1ff-d34c65aeddf9,worker_3,worker_3,MEM_MOVE,8.636075,0.067469,"Evict VRAM -> RAM [Model: 07ce1970, Layer: d6e1799d]"
3140837.885753,1000,7b482c9c-fddc-4070-b1ff-d34c65aeddf9,worker_3,worker_3,DISK_LOAD,8.049532,0.062887,"Disk -> RAM [Model: 7b482c9c, Layer: 21ae813c]"
3140837.948640,1000,7b482c9c-fddc-4070-b1ff-d34c65aeddf9,worker_3,worker_3,MEM_MOVE,8.049532,0.062887,"RAM -> VRAM [Model: 7b482c9c, Layer: 21ae813c]"
3140837.998640,1000,7b482c9c-fddc-4070-b1ff-d34c65aeddf9,worker_3,worker_3,GPU_COMPUTE,0.050000,0.050000,GPU Compute
3140838.156640,1000,7b482c9c-fddc-4070-b1ff-d34c65aeddf9,worker_3,coordinator_0,NET_TRANSFER,0.000100,0.158000,Signal Finished
3141428.962583,1000,7b482c9c-fddc-4070-b1ff-d34c65aeddf9,coordinator_0,worker_4,NET_TRANSFER,7.383199,590.805943,Distribute Layer ID: 18dedfca
3141429.044899,1000,7b482c9c-fddc-4070-b1ff-d34c65aeddf9,worker_4,worker_4,MEM_MOVE,10.536487,0.082316,"Evict VRAM -> RAM [Model: 07ce1970, Layer: 804c26fb]"
3141429.102580,1000,7b482c9c-fddc-4070-b1ff-d34c65aeddf9,worker_4,worker_4,DISK_LOAD,7.383199,0.057681,"Disk -> RAM [Model: 7b482c9c, Layer: 18dedfca]"
3141429.160261,1000,7b482c9c-fddc-4070-b1ff-d34c65aeddf9,worker_4,worker_4,MEM_MOVE,7.383199,0.057681,"RAM -> VRAM [Model: 7b482c9c, Layer: 18dedfca]"
3141429.210261,1000,7b482c9c-fddc-4070-b1ff-d34c65aeddf9,worker_4,worker_4,GPU_COMPUTE,0.050000,0.050000,GPU Compute
3141429.368261,1000,7b482c9c-fddc-4070-b1ff-d34c65aeddf9,worker_4,coordinator_0,NET_TRANSFER,0.000100,0.158000,Signal Finished
3141896.290772,1000,7b482c9c-fddc-4070-b1ff-d34c65aeddf9,coordinator_0,worker_1,NET_TRANSFER,5.834656,466.922510,Distribute Layer ID: 21040688
3141896.362387,1000,7b482c9c-fddc-4070-b1ff-d34c65aeddf9,worker_1,worker_1,MEM_MOVE,9.166686,0.071615,"Evict VRAM -> RAM [Model: 07ce1970, Layer: 0526e048]"
3141896.407970,1000,7b482c9c-fddc-4070-b1ff-d34c65aeddf9,worker_1,worker_1,DISK_LOAD,5.834656,0.045583,"Disk -> RAM [Model: 7b482c9c, Layer: 21040688]"
3141896.453553,1000,7b482c9c-fddc-4070-b1ff-d34c65aeddf9,worker_1,worker_1,MEM_MOVE,5.834656,0.045583,"RAM -> VRAM [Model: 7b482c9c, Layer: 21040688]"
3141896.503553,1000,7b482c9c-fddc-4070-b1ff-d34c65aeddf9,worker_1,worker_1,GPU_COMPUTE,0.050000,0.050000,GPU Compute
3141896.661553,1000,7b482c9c-fddc-4070-b1ff-d34c65aeddf9,worker_1,coordinator_0,NET_TRANSFER,0.000100,0.158000,Signal Finished
3142613.862188,1000,7b482c9c-fddc-4070-b1ff-d34c65aeddf9,coordinator_0,worker_2,NET_TRANSFER,8.963133,717.200634,Distribute Layer ID: 00a679ee
3142613.934290,1000,7b482c9c-fddc-4070-b1ff-d34c65aeddf9,worker_2,worker_2,MEM_MOVE,9.229150,0.072103,"Evict VRAM -> RAM [Model: 07ce1970, Layer: 763a3db9]"
3142614.004315,1000,7b482c9c-fddc-4070-b1ff-d34c65aeddf9,worker_2,worker_2,DISK_LOAD,8.963133,0.070024,"Disk -> RAM [Model: 7b482c9c, Layer: 00a679ee]"
3142614.074339,1000,7b482c9c-fddc-4070-b1ff-d34c65aeddf9,worker_2,worker_2,MEM_MOVE,8.963133,0.070024,"RAM -> VRAM [Model: 7b482c9c, Layer: 00a679ee]"
3142614.124339,1000,7b482c9c-fddc-4070-b1ff-d34c65aeddf9,worker_2,worker_2,GPU_COMPUTE,0.050000,0.050000,GPU Compute
3142614.282339,1000,7b482c9c-fddc-4070-b1ff-d34c65aeddf9,worker_2,coordinator_0,NET_TRANSFER,0.000100,0.158000,Signal Finished
3143566.755042,1000,7b482c9c-fddc-4070-b1ff-d34c65aeddf9,coordinator_0,worker_3,NET_TRANSFER,11.904034,952.472703,Distribute Layer ID: c95fe25d
3143566.859689,1000,7b482c9c-fddc-4070-b1ff-d34c65aeddf9,worker_3,worker_3,MEM_MOVE,13.394796,0.104647,"Evict VRAM -> RAM [Model: 07ce1970, Layer: 572a46f9]"
3143566.952690,1000,7b482c9c-fddc-4070-b1ff-d34c65aeddf9,worker_3,worker_3,DISK_LOAD,11.904034,0.093000,"Disk -> RAM [Model: 7b482c9c, Layer: c95fe25d]"
3143567.045690,1000,7b482c9c-fddc-4070-b1ff-d34c65aeddf9,worker_3,worker_3,MEM_MOVE,11.904034,0.093000,"RAM -> VRAM [Model: 7b482c9c, Layer: c95fe25d]"
3143567.095690,1000,7b482c9c-fddc-4070-b1ff-d34c65aeddf9,worker_3,worker_3,GPU_COMPUTE,0.050000,0.050000,GPU Compute
3143567.253690,1000,7b482c9c-fddc-4070-b1ff-d34c65aeddf9,worker_3,coordinator_0,NET_TRANSFER,0.000100,0.158000,Signal Finished
3144425.768929,1000,7b482c9c-fddc-4070-b1ff-d34c65aeddf9,coordinator_0,worker_4,NET_TRANSFER,10.729565,858.515239,Distribute Layer ID: 24fb4ce3
3144425.840968,1000,7b482c9c-fddc-4070-b1ff-d34c65aeddf9,worker_4,worker_4,MEM_MOVE,9.221015,0.072039,"Evict VRAM -> RAM [Model: 07ce1970, Layer: 9e1feb6f]"
3144425.924793,1000,7b482c9c-fddc-4070-b1ff-d34c65aeddf9,worker_4,worker_4,DISK_LOAD,10.729565,0.083825,"Disk -> RAM [Model: 7b482c9c, Layer: 24fb4ce3]"
3144426.008617,1000,7b482c9c-fddc-4070-b1ff-d34c65aeddf9,worker_4,worker_4,MEM_MOVE,10.729565,0.083825,"RAM -> VRAM [Model: 7b482c9c, Layer: 24fb4ce3]"
3144426.058617,1000,7b482c9c-fddc-4070-b1ff-d34c65aeddf9,worker_4,worker_4,GPU_COMPUTE,0.050000,0.050000,GPU Compute
3144426.216617,1000,7b482c9c-fddc-4070-b1ff-d34c65aeddf9,worker_4,coordinator_0,NET_TRANSFER,0.000100,0.158000,Signal Finished
3144833.477017,1000,7b482c9c-fddc-4070-b1ff-d34c65aeddf9,coordinator_0,worker_1,NET_TRANSFER,5.088880,407.260400,Distribute Layer ID: 7e22039b
3144833.516774,1000,7b482c9c-fddc-4070-b1ff-d34c65aeddf9,worker_1,worker_1,DISK_LOAD,5.088880,0.039757,"Disk -> RAM [Model: 7b482c9c, Layer: 7e22039b]"
3144833.556531,1000,7b482c9c-fddc-4070-b1ff-d34c65aeddf9,worker_1,worker_1,MEM_MOVE,5.088880,0.039757,"RAM -> VRAM [Model: 7b482c9c, Layer: 7e22039b]"
3144833.606531,1000,7b482c9c-fddc-4070-b1ff-d34c65aeddf9,worker_1,worker_1,GPU_COMPUTE,0.050000,0.050000,GPU Compute
3144833.764531,1000,7b482c9c-fddc-4070-b1ff-d34c65aeddf9,worker_1,coordinator_0,NET_TRANSFER,0.000100,0.158000,Signal Finished
3145543.096474,1000,7b482c9c-fddc-4070-b1ff-d34c65aeddf9,coordinator_0,worker_2,NET_TRANSFER,8.864774,709.331943,Distribute Layer ID: f3b123d4
3145543.156338,1000,7b482c9c-fddc-4070-b1ff-d34c65aeddf9,worker_2,worker_2,MEM_MOVE,7.662505,0.059863,"Evict VRAM -> RAM [Model: 07ce1970, Layer: dd60f51c]"
3145543.225594,1000,7b482c9c-fddc-4070-b1ff-d34c65aeddf9,worker_2,worker_2,DISK_LOAD,8.864774,0.069256,"Disk -> RAM [Model: 7b482c9c, Layer: f3b123d4]"
3145543.294850,1000,7b482c9c-fddc-4070-b1ff-d34c65aeddf9,worker_2,worker_2,MEM_MOVE,8.864774,0.069256,"RAM -> VRAM [Model: 7b482c9c, Layer: f3b123d4]"
3145543.344850,1000,7b482c9c-fddc-4070-b1ff-d34c65aeddf9,worker_2,worker_2,GPU_COMPUTE,0.050000,0.050000,GPU Compute
3145543.502850,1000,7b482c9c-fddc-4070-b1ff-d34c65aeddf9,worker_2,coordinator_0,NET_TRANSFER,0.000100,0.158000,Signal Finished
3146254.300389,1000,7b482c9c-fddc-4070-b1ff-d34c65aeddf9,coordinator_0,worker_3,NET_TRANSFER,8.883094,710.797540,Distribute Layer ID: 834f009c
3146254.369292,1000,7b482c9c-fddc-4070-b1ff-d34c65aeddf9,worker_3,worker_3,MEM_MOVE,8.819580,0.068903,"Evict VRAM -> RAM [Model: f2f09d33, Layer: caa9ceb7]"
3146254.438692,1000,7b482c9c-fddc-4070-b1ff-d34c65aeddf9,worker_3,worker_3,DISK_LOAD,8.883094,0.069399,"Disk -> RAM [Model: 7b482c9c, Layer: 834f009c]"
3146254.508091,1000,7b482c9c-fddc-4070-b1ff-d34c65aeddf9,worker_3,worker_3,MEM_MOVE,8.883094,0.069399,"RAM -> VRAM [Model: 7b482c9c, Layer: 834f009c]"
3146254.558091,1000,7b482c9c-fddc-4070-b1ff-d34c65aeddf9,worker_3,worker_3,GPU_COMPUTE,0.050000,0.050000,GPU Compute
3146254.716091,1000,7b482c9c-fddc-4070-b1ff-d34c65aeddf9,worker_3,coordinator_0,NET_TRANSFER,0.000100,0.158000,Signal Finished
3146891.155540,1000,7b482c9c-fddc-4070-b1ff-d34c65aeddf9,coordinator_0,worker_4,NET_TRANSFER,7.953618,636.439449,Distribute Layer ID: ed827922
3146891.217155,1000,7b482c9c-fddc-4070-b1ff-d34c65aeddf9,worker_4,worker_4,MEM_MOVE,7.886773,0.061615,"Evict VRAM -> RAM [Model: 07ce1970, Layer: a439f053]"
3146891.279293,1000,7b482c9c-fddc-4070-b1ff-d34c65aeddf9,worker_4,worker_4,DISK_LOAD,7.953618,0.062138,"Disk -> RAM [Model: 7b482c9c, Layer: ed827922]"
3146891.341431,1000,7b482c9c-fddc-4070-b1ff-d34c65aeddf9,worker_4,worker_4,MEM_MOVE,7.953618,0.062138,"RAM -> VRAM [Model: 7b482c9c, Layer: ed827922]"
3146891.391431,1000,7b482c9c-fddc-4070-b1ff-d34c65aeddf9,worker_4,worker_4,GPU_COMPUTE,0.050000,0.050000,GPU Compute
3146891.549431,1000,7b482c9c-fddc-4070-b1ff-d34c65aeddf9,worker_4,coordinator_0,NET_TRANSFER,0.000100,0.158000,Signal Finished
3147598.380992,1000,7b482c9c-fddc-4070-b1ff-d34c65aeddf9,coordinator_0,worker_1,NET_TRANSFER,8.833520,706.831561,Distribute Layer ID: 702e4079
3147598.452799,1000,7b482c9c-fddc-4070-b1ff-d34c65aeddf9,worker_1,worker_1,MEM_MOVE,9.191271,0.071807,"Evict VRAM -> RAM [Model: 07ce1970, Layer: 2978191a]"
3147598.521811,1000,7b482c9c-fddc-4070-b1ff-d34c65aeddf9,worker_1,worker_1,DISK_LOAD,8.833520,0.069012,"Disk -> RAM [Model: 7b482c9c, Layer: 702e4079]"
3147598.590823,1000,7b482c9c-fddc-4070-b1ff-d34c65aeddf9,worker_1,worker_1,MEM_MOVE,8.833520,0.069012,"RAM -> VRAM [Model: 7b482c9c, Layer: 702e4079]"
3147598.640823,1000,7b482c9c-fddc-4070-b1ff-d34c65aeddf9,worker_1,worker_1,GPU_COMPUTE,0.050000,0.050000,GPU Compute
3147598.798823,1000,7b482c9c-fddc-4070-b1ff-d34c65aeddf9,worker_1,coordinator_0,NET_TRANSFER,0.000100,0.158000,Signal Finished
3148210.830143,1000,7b482c9c-fddc-4070-b1ff-d34c65aeddf9,coordinator_0,worker_2,NET_TRANSFER,7.648516,612.031320,Distribute Layer ID: 0ad6d0fd
3148210.922332,1000,7b482c9c-fddc-4070-b1ff-d34c65aeddf9,worker_2,worker_2,MEM_MOVE,11.800292,0.092190,"Evict VRAM -> RAM [Model: f2f09d33, Layer: 8b0a8fcc]"
3148210.982086,1000,7b482c9c-fddc-4070-b1ff-d34c65aeddf9,worker_2,worker_2,DISK_LOAD,7.648516,0.059754,"Disk -> RAM [Model: 7b482c9c, Layer: 0ad6d0fd]"
3148211.041840,1000,7b482c9c-fddc-4070-b1ff-d34c65aeddf9,worker_2,worker_2,MEM_MOVE,7.648516,0.059754,"RAM -> VRAM [Model: 7b482c9c, Layer: 0ad6d0fd]"
3148211.091840,1000,7b482c9c-fddc-4070-b1ff-d34c65aeddf9,worker_2,worker_2,GPU_COMPUTE,0.050000,0.050000,GPU Compute
3148211.249840,1000,7b482c9c-fddc-4070-b1ff-d34c65aeddf9,worker_2,coordinator_0,NET_TRANSFER,0.000100,0.158000,Signal Finished
3149263.080257,1000,7b482c9c-fddc-4070-b1ff-d34c65aeddf9,coordinator_0,worker_3,NET_TRANSFER,13.146005,1051.830417,Distribute Layer ID: 8060cfc1
3149263.152721,1000,7b482c9c-fddc-4070-b1ff-d34c65aeddf9,worker_3,worker_3,MEM_MOVE,9.275388,0.072464,"Evict VRAM -> RAM [Model: f2f09d33, Layer: f333e405]"
3149263.255424,1000,7b482c9c-fddc-4070-b1ff-d34c65aeddf9,worker_3,worker_3,DISK_LOAD,13.146005,0.102703,"Disk -> RAM [Model: 7b482c9c, Layer: 8060cfc1]"
3149263.358127,1000,7b482c9c-fddc-4070-b1ff-d34c65aeddf9,worker_3,worker_3,MEM_MOVE,13.146005,0.102703,"RAM -> VRAM [Model: 7b482c9c, Layer: 8060cfc1]"
3149263.408127,1000,7b482c9c-fddc-4070-b1ff-d34c65aeddf9,worker_3,worker_3,GPU_COMPUTE,0.050000,0.050000,GPU Compute
3149263.566127,1000,7b482c9c-fddc-4070-b1ff-d34c65aeddf9,worker_3,coordinator_0,NET_TRANSFER,0.000100,0.158000,Signal Finished
3150233.085010,1000,7b482c9c-fddc-4070-b1ff-d34c65aeddf9,coordinator_0,worker_4,NET_TRANSFER,12.117111,969.518882,Distribute Layer ID: af02fe51
3150233.126089,1000,7b482c9c-fddc-4070-b1ff-d34c65aeddf9,worker_4,worker_4,MEM_MOVE,5.258172,0.041079,"Evict VRAM -> RAM [Model: 07ce1970, Layer: a5277f83]"
3150233.186966,1000,7b482c9c-fddc-4070-b1ff-d34c65aeddf9,worker_4,worker_4,MEM_MOVE,7.792299,0.060877,"Evict VRAM -> RAM [Model: f2f09d33, Layer: 2ac66775]"
3150233.281631,1000,7b482c9c-fddc-4070-b1ff-d34c65aeddf9,worker_4,worker_4,DISK_LOAD,12.117111,0.094665,"Disk -> RAM [Model: 7b482c9c, Layer: af02fe51]"
3150233.376296,1000,7b482c9c-fddc-4070-b1ff-d34c65aeddf9,worker_4,worker_4,MEM_MOVE,12.117111,0.094665,"RAM -> VRAM [Model: 7b482c9c, Layer: af02fe51]"
3150233.426296,1000,7b482c9c-fddc-4070-b1ff-d34c65aeddf9,worker_4,worker_4,GPU_COMPUTE,0.050000,0.050000,GPU Compute
3150233.584296,1000,7b482c9c-fddc-4070-b1ff-d34c65aeddf9,worker_4,coordinator_0,NET_TRANSFER,0.000100,0.158000,Signal Finished
3151188.385193,1000,7b482c9c-fddc-4070-b1ff-d34c65aeddf9,coordinator_0,worker_1,NET_TRANSFER,11.933136,954.800897,Distribute Layer ID: b0bc5415
3151188.480496,1000,7b482c9c-fddc-4070-b1ff-d34c65aeddf9,worker_1,worker_1,MEM_MOVE,12.198828,0.095303,"Evict VRAM -> RAM [Model: f2f09d33, Layer: 0f575a27]"
3151188.573724,1000,7b482c9c-fddc-4070-b1ff-d34c65aeddf9,worker_1,worker_1,DISK_LOAD,11.933136,0.093228,"Disk -> RAM [Model: 7b482c9c, Layer: b0bc5415]"
3151188.666951,1000,7b482c9c-fddc-4070-b1ff-d34c65aeddf9,worker_1,worker_1,MEM_MOVE,11.933136,0.093228,"RAM -> VRAM [Model: 7b482c9c, Layer: b0bc5415]"
3151188.716951,1000,7b482c9c-fddc-4070-b1ff-d34c65aeddf9,worker_1,worker_1,GPU_COMPUTE,0.050000,0.050000,GPU Compute
3151188.874951,1000,7b482c9c-fddc-4070-b1ff-d34c65aeddf9,worker_1,coordinator_0,NET_TRANSFER,0.000100,0.158000,Signal Finished
3151712.610945,1000,7b482c9c-fddc-4070-b1ff-d34c65aeddf9,coordinator_0,worker_2,NET_TRANSFER,6.544825,523.735993,Distribute Layer ID: 1d8f6a0e
3151712.662076,1000,7b482c9c-fddc-4070-b1ff-d34c65aeddf9,worker_2,worker_2,DISK_LOAD,6.544825,0.051131,"Disk -> RAM [Model: 7b482c9c, Layer: 1d8f6a0e]"
3151712.713208,1000,7b482c9c-fddc-4070-b1ff-d34c65aeddf9,worker_2,worker_2,MEM_MOVE,6.544825,0.051131,"RAM -> VRAM [Model: 7b482c9c, Layer: 1d8f6a0e]"
3151712.763208,1000,7b482c9c-fddc-4070-b1ff-d34c65aeddf9,worker_2,worker_2,GPU_COMPUTE,0.050000,0.050000,GPU Compute
3151712.921208,1000,7b482c9c-fddc-4070-b1ff-d34c65aeddf9,worker_2,coordinator_0,NET_TRANSFER,0.000100,0.158000,Signal Finished
3152767.406344,1000,7b482c9c-fddc-4070-b1ff-d34c65aeddf9,coordinator_0,worker_3,NET_TRANSFER,13.179189,1054.485137,Distribute Layer ID: 7ffedbbc
3152767.459405,1000,7b482c9c-fddc-4070-b1ff-d34c65aeddf9,worker_3,worker_3,MEM_MOVE,6.791700,0.053060,"Evict VRAM -> RAM [Model: f2f09d33, Layer: 89677bfc]"
3152767.560781,1000,7b482c9c-fddc-4070-b1ff-d34c65aeddf9,worker_3,worker_3,MEM_MOVE,12.976182,0.101376,"Evict VRAM -> RAM [Model: f2f09d33, Layer: 0185a25a]"
3152767.663743,1000,7b482c9c-fddc-4070-b1ff-d34c65aeddf9,worker_3,worker_3,DISK_LOAD,13.179189,0.102962,"Disk -> RAM [Model: 7b482c9c, Layer: 7ffedbbc]"
3152767.766706,1000,7b482c9c-fddc-4070-b1ff-d34c65aeddf9,worker_3,worker_3,MEM_MOVE,13.179189,0.102962,"RAM -> VRAM [Model: 7b482c9c, Layer: 7ffedbbc]"
3152767.816706,1000,7b482c9c-fddc-4070-b1ff-d34c65aeddf9,worker_3,worker_3,GPU_COMPUTE,0.050000,0.050000,GPU Compute
3152767.974706,1000,7b482c9c-fddc-4070-b1ff-d34c65aeddf9,worker_3,coordinator_0,NET_TRANSFER,0.000100,0.158000,Signal Finished
3153597.543122,1000,7b482c9c-fddc-4070-b1ff-d34c65aeddf9,coordinator_0,worker_4,NET_TRANSFER,10.367730,829.568416,Distribute Layer ID: e0d151a7
3153597.622056,1000,7b482c9c-fddc-4070-b1ff-d34c65aeddf9,worker_4,worker_4,MEM_MOVE,10.103502,0.078934,"Evict VRAM -> RAM [Model: f2f09d33, Layer: 557773f6]"
3153597.703054,1000,7b482c9c-fddc-4070-b1ff-d34c65aeddf9,worker_4,worker_4,DISK_LOAD,10.367730,0.080998,"Disk -> RAM [Model: 7b482c9c, Layer: e0d151a7]"
3153597.784052,1000,7b482c9c-fddc-4070-b1ff-d34c65aeddf9,worker_4,worker_4,MEM_MOVE,10.367730,0.080998,"RAM -> VRAM [Model: 7b482c9c, Layer: e0d151a7]"
3153597.834052,1000,7b482c9c-fddc-4070-b1ff-d34c65aeddf9,worker_4,worker_4,GPU_COMPUTE,0.050000,0.050000,GPU Compute
3153597.992052,1000,7b482c9c-fddc-4070-b1ff-d34c65aeddf9,worker_4,coordinator_0,NET_TRANSFER,0.000100,0.158000,Signal Finished
3154068.709657,1000,7b482c9c-fddc-4070-b1ff-d34c65aeddf9,coordinator_0,worker_1,NET_TRANSFER,5.882095,470.717605,Distribute Layer ID: efd51717
3154068.764050,1000,7b482c9c-fddc-4070-b1ff-d34c65aeddf9,worker_1,worker_1,MEM_MOVE,6.962341,0.054393,"Evict VRAM -> RAM [Model: f2f09d33, Layer: dc1ee82a]"
3154068.810004,1000,7b482c9c-fddc-4070-b1ff-d34c65aeddf9,worker_1,worker_1,DISK_LOAD,5.882095,0.045954,"Disk -> RAM [Model: 7b482c9c, Layer: efd51717]"
3154068.855958,1000,7b482c9c-fddc-4070-b1ff-d34c65aeddf9,worker_1,worker_1,MEM_MOVE,5.882095,0.045954,"RAM -> VRAM [Model: 7b482c9c, Layer: efd51717]"
3154068.905958,1000,7b482c9c-fddc-4070-b1ff-d34c65aeddf9,worker_1,worker_1,GPU_COMPUTE,0.050000,0.050000,GPU Compute
3154069.063958,1000,7b482c9c-fddc-4070-b1ff-d34c65aeddf9,worker_1,coordinator_0,NET_TRANSFER,0.000100,0.158000,Signal Finished
3155046.503680,1000,7b482c9c-fddc-4070-b1ff-d34c65aeddf9,coordinator_0,worker_2,NET_TRANSFER,12.216122,977.439723,Distribute Layer ID: 8980a646
3155046.550545,1000,7b482c9c-fddc-4070-b1ff-d34c65aeddf9,worker_2,worker_2,MEM_MOVE,5.998657,0.046865,"Evict VRAM -> RAM [Model: f2f09d33, Layer: a0f9be74]"
3155046.634594,1000,7b482c9c-fddc-4070-b1ff-d34c65aeddf9,worker_2,worker_2,MEM_MOVE,10.758309,0.084049,"Evict VRAM -> RAM [Model: f2f09d33, Layer: 832c9fec]"
3155046.730033,1000,7b482c9c-fddc-4070-b1ff-d34c65aeddf9,worker_2,worker_2,DISK_LOAD,12.216122,0.095438,"Disk -> RAM [Model: 7b482c9c, Layer: 8980a646]"
3155046.825471,1000,7b482c9c-fddc-4070-b1ff-d34c65aeddf9,worker_2,worker_2,MEM_MOVE,12.216122,0.095438,"RAM -> VRAM [Model: 7b482c9c, Layer: 8980a646]"
3155046.875471,1000,7b482c9c-fddc-4070-b1ff-d34c65aeddf9,worker_2,worker_2,GPU_COMPUTE,0.050000,0.050000,GPU Compute
3155047.033471,1000,7b482c9c-fddc-4070-b1ff-d34c65aeddf9,worker_2,coordinator_0,NET_TRANSFER,0.000100,0.158000,Signal Finished
3156148.175971,1000,7b482c9c-fddc-4070-b1ff-d34c65aeddf9,coordinator_0,worker_3,NET_TRANSFER,13.762406,1101.142500,Distribute Layer ID: 1d4c1ba4
3156148.251966,1000,7b482c9c-fddc-4070-b1ff-d34c65aeddf9,worker_3,worker_3,MEM_MOVE,9.727322,0.075995,"Evict VRAM -> RAM [Model: f2f09d33, Layer: fba9e800]"
3156148.359484,1000,7b482c9c-fddc-4070-b1ff-d34c65aeddf9,worker_3,worker_3,DISK_LOAD,13.762406,0.107519,"Disk -> RAM [Model: 7b482c9c, Layer: 1d4c1ba4]"
3156148.467003,1000,7b482c9c-fddc-4070-b1ff-d34c65aeddf9,worker_3,worker_3,MEM_MOVE,13.762406,0.107519,"RAM -> VRAM [Model: 7b482c9c, Layer: 1d4c1ba4]"
3156148.517003,1000,7b482c9c-fddc-4070-b1ff-d34c65aeddf9,worker_3,worker_3,GPU_COMPUTE,0.050000,0.050000,GPU Compute
3156148.675003,1000,7b482c9c-fddc-4070-b1ff-d34c65aeddf9,worker_3,coordinator_0,NET_TRANSFER,0.000100,0.158000,Signal Finished
3156632.270469,1000,7b482c9c-fddc-4070-b1ff-d34c65aeddf9,coordinator_0,worker_4,NET_TRANSFER,6.043068,483.595465,Distribute Layer ID: fc580862
3156632.360874,1000,7b482c9c-fddc-4070-b1ff-d34c65aeddf9,worker_4,worker_4,MEM_MOVE,11.571950,0.090406,"Evict VRAM -> RAM [Model: f2f09d33, Layer: e79af8a8]"
3156632.408086,1000,7b482c9c-fddc-4070-b1ff-d34c65aeddf9,worker_4,worker_4,DISK_LOAD,6.043068,0.047211,"Disk -> RAM [Model: 7b482c9c, Layer: fc580862]"
3156632.455297,1000,7b482c9c-fddc-4070-b1ff-d34c65aeddf9,worker_4,worker_4,MEM_MOVE,6.043068,0.047211,"RAM -> VRAM [Model: 7b482c9c, Layer: fc580862]"
3156632.505297,1000,7b482c9c-fddc-4070-b1ff-d34c65aeddf9,worker_4,worker_4,GPU_COMPUTE,0.050000,0.050000,GPU Compute
3156632.663297,1000,7b482c9c-fddc-4070-b1ff-d34c65aeddf9,worker_4,coordinator_0,NET_TRANSFER,0.000100,0.158000,Signal Finished
3157588.781738,1000,7b482c9c-fddc-4070-b1ff-d34c65aeddf9,coordinator_0,worker_1,NET_TRANSFER,11.949606,956.118441,Distribute Layer ID: 120634e0
3157588.845937,1000,7b482c9c-fddc-4070-b1ff-d34c65aeddf9,worker_1,worker_1,MEM_MOVE,8.217406,0.064198,"Evict VRAM -> RAM [Model: f2f09d33, Layer: 66f99f5b]"
3157588.939293,1000,7b482c9c-fddc-4070-b1ff-d34c65aeddf9,worker_1,worker_1,DISK_LOAD,11.949606,0.093356,"Disk -> RAM [Model: 7b482c9c, Layer: 120634e0]"
3157589.032649,1000,7b482c9c-fddc-4070-b1ff-d34c65aeddf9,worker_1,worker_1,MEM_MOVE,11.949606,0.093356,"RAM -> VRAM [Model: 7b482c9c, Layer: 120634e0]"
3157589.082649,1000,7b482c9c-fddc-4070-b1ff-d34c65aeddf9,worker_1,worker_1,GPU_COMPUTE,0.050000,0.050000,GPU Compute
3157589.240649,1000,7b482c9c-fddc-4070-b1ff-d34c65aeddf9,worker_1,coordinator_0,NET_TRANSFER,0.000100,0.158000,Signal Finished
3158714.037607,1000,7b482c9c-fddc-4070-b1ff-d34c65aeddf9,coordinator_0,worker_2,NET_TRANSFER,14.058087,1124.796958,Distribute Layer ID: dfcebd47
3158714.081955,1000,7b482c9c-fddc-4070-b1ff-d34c65aeddf9,worker_2,worker_2,MEM_MOVE,5.676542,0.044348,"Evict VRAM -> RAM [Model: f2f09d33, Layer: 322c57d1]"
3158714.167568,1000,7b482c9c-fddc-4070-b1ff-d34c65aeddf9,worker_2,worker_2,MEM_MOVE,10.958374,0.085612,"Evict VRAM -> RAM [Model: f2f09d33, Layer: 0aad4569]"
3158714.277397,1000,7b482c9c-fddc-4070-b1ff-d34c65aeddf9,worker_2,worker_2,DISK_LOAD,14.058087,0.109829,"Disk -> RAM [Model: 7b482c9c, Layer: dfcebd47]"
3158714.387225,1000,7b482c9c-fddc-4070-b1ff-d34c65aeddf9,worker_2,worker_2,MEM_MOVE,14.058087,0.109829,"RAM -> VRAM [Model: 7b482c9c, Layer: dfcebd47]"
3158714.437225,1000,7b482c9c-fddc-4070-b1ff-d34c65aeddf9,worker_2,worker_2,GPU_COMPUTE,0.050000,0.050000,GPU Compute
3158714.595225,1000,7b482c9c-fddc-4070-b1ff-d34c65aeddf9,worker_2,coordinator_0,NET_TRANSFER,0.000100,0.158000,Signal Finished
3159539.073781,1000,7b482c9c-fddc-4070-b1ff-d34c65aeddf9,coordinator_0,worker_3,NET_TRANSFER,10.304107,824.478555,Distribute Layer ID: 806cd2b0
3159539.136765,1000,7b482c9c-fddc-4070-b1ff-d34c65aeddf9,worker_3,worker_3,MEM_MOVE,8.062036,0.062985,"Evict VRAM -> RAM [Model: f2f09d33, Layer: 30640fa3]"
3159539.217266,1000,7b482c9c-fddc-4070-b1ff-d34c65aeddf9,worker_3,worker_3,DISK_LOAD,10.304107,0.080501,"Disk -> RAM [Model: 7b482c9c, Layer: 806cd2b0]"
3159539.297767,1000,7b482c9c-fddc-4070-b1ff-d34c65aeddf9,worker_3,worker_3,MEM_MOVE,10.304107,0.080501,"RAM -> VRAM [Model: 7b482c9c, Layer: 806cd2b0]"
3159539.347767,1000,7b482c9c-fddc-4070-b1ff-d34c65aeddf9,worker_3,worker_3,GPU_COMPUTE,0.050000,0.050000,GPU Compute
3159539.505767,1000,7b482c9c-fddc-4070-b1ff-d34c65aeddf9,worker_3,coordinator_0,NET_TRANSFER,0.000100,0.158000,Signal Finished
3160497.505123,1000,7b482c9c-fddc-4070-b1ff-d34c65aeddf9,coordinator_0,worker_4,NET_TRANSFER,11.973117,957.999356,Distribute Layer ID: aee44b04
3160497.560082,1000,7b482c9c-fddc-4070-b1ff-d34c65aeddf9,worker_4,worker_4,MEM_MOVE,7.034760,0.054959,"Evict VRAM -> RAM [Model: f2f09d33, Layer: 291e4664]"
3160497.653622,1000,7b482c9c-fddc-4070-b1ff-d34c65aeddf9,worker_4,worker_4,DISK_LOAD,11.973117,0.093540,"Disk -> RAM [Model: 7b482c9c, Layer: aee44b04]"
3160497.747162,1000,7b482c9c-fddc-4070-b1ff-d34c65aeddf9,worker_4,worker_4,MEM_MOVE,11.973117,0.093540,"RAM -> VRAM [Model: 7b482c9c, Layer: aee44b04]"
3160497.797162,1000,7b482c9c-fddc-4070-b1ff-d34c65aeddf9,worker_4,worker_4,GPU_COMPUTE,0.050000,0.050000,GPU Compute
3160497.955162,1000,7b482c9c-fddc-4070-b1ff-d34c65aeddf9,worker_4,coordinator_0,NET_TRANSFER,0.000100,0.158000,Signal Finished
3160930.146966,1000,7b482c9c-fddc-4070-b1ff-d34c65aeddf9,coordinator_0,worker_1,NET_TRANSFER,5.400523,432.191804,Distribute Layer ID: 970456d1
3160930.243646,1000,7b482c9c-fddc-4070-b1ff-d34c65aeddf9,worker_1,worker_1,MEM_MOVE,12.375044,0.096680,"Evict VRAM -> RAM [Model: f2f09d33, Layer: 57ad82a9]"
3160930.285838,1000,7b482c9c-fddc-4070-b1ff-d34c65aeddf9,worker_1,worker_1,DISK_LOAD,5.400523,0.042192,"Disk -> RAM [Model: 7b482c9c, Layer: 970456d1]"
3160930.328030,1000,7b482c9c-fddc-4070-b1ff-d34c65aeddf9,worker_1,worker_1,MEM_MOVE,5.400523,0.042192,"RAM -> VRAM [Model: 7b482c9c, Layer: 970456d1]"
3160930.378030,1000,7b482c9c-fddc-4070-b1ff-d34c65aeddf9,worker_1,worker_1,GPU_COMPUTE,0.050000,0.050000,GPU Compute
3160930.536030,1000,7b482c9c-fddc-4070-b1ff-d34c65aeddf9,worker_1,coordinator_0,NET_TRANSFER,0.000100,0.158000,Signal Finished
3161942.962491,1000,7b482c9c-fddc-4070-b1ff-d34c65aeddf9,coordinator_0,worker_2,NET_TRANSFER,12.653456,1012.426461,Distribute Layer ID: 57358c9d
3161943.032734,1000,7b482c9c-fddc-4070-b1ff-d34c65aeddf9,worker_2,worker_2,MEM_MOVE,8.991132,0.070243,"Evict VRAM -> RAM [Model: f2f09d33, Layer: 0add596e]"
3161943.131589,1000,7b482c9c-fddc-4070-b1ff-d34c65aeddf9,worker_2,worker_2,DISK_LOAD,12.653456,0.098855,"Disk -> RAM [Model: 7b482c9c, Layer: 57358c9d]"
3161943.230444,1000,7b482c9c-fddc-4070-b1ff-d34c65aeddf9,worker_2,worker_2,MEM_MOVE,12.653456,0.098855,"RAM -> VRAM [Model: 7b482c9c, Layer: 57358c9d]"
3161943.280444,1000,7b482c9c-fddc-4070-b1ff-d34c65aeddf9,worker_2,worker_2,GPU_COMPUTE,0.050000,0.050000,GPU Compute
3161943.438444,1000,7b482c9c-fddc-4070-b1ff-d34c65aeddf9,worker_2,coordinator_0,NET_TRANSFER,0.000100,0.158000,Signal Finished
3162597.227435,1000,7b482c9c-fddc-4070-b1ff-d34c65aeddf9,coordinator_0,worker_3,NET_TRANSFER,8.170487,653.788991,Distribute Layer ID: a5d3d5f5
3162597.324758,1000,7b482c9c-fddc-4070-b1ff-d34c65aeddf9,worker_3,worker_3,MEM_MOVE,12.457415,0.097324,"Evict VRAM -> RAM [Model: f2f09d33, Layer: e1869b5d]"
3162597.388590,1000,7b482c9c-fddc-4070-b1ff-d34c65aeddf9,worker_3,worker_3,DISK_LOAD,8.170487,0.063832,"Disk -> RAM [Model: 7b482c9c, Layer: a5d3d5f5]"
3162597.452422,1000,7b482c9c-fddc-4070-b1ff-d34c65aeddf9,worker_3,worker_3,MEM_MOVE,8.170487,0.063832,"RAM -> VRAM [Model: 7b482c9c, Layer: a5d3d5f5]"
3162597.502422,1000,7b482c9c-fddc-4070-b1ff-d34c65aeddf9,worker_3,worker_3,GPU_COMPUTE,0.050000,0.050000,GPU Compute
3162597.660422,1000,7b482c9c-fddc-4070-b1ff-d34c65aeddf9,worker_3,coordinator_0,NET_TRANSFER,0.000100,0.158000,Signal Finished
3163332.214198,1000,7b482c9c-fddc-4070-b1ff-d34c65aeddf9,coordinator_0,worker_4,NET_TRANSFER,9.180047,734.553776,Distribute Layer ID: 59a34cb8
3163332.313960,1000,7b482c9c-fddc-4070-b1ff-d34c65aeddf9,worker_4,worker_4,MEM_MOVE,12.769616,0.099763,"Evict VRAM -> RAM [Model: f2f09d33, Layer: e85fb6bc]"
3163332.385680,1000,7b482c9c-fddc-4070-b1ff-d34c65aeddf9,worker_4,worker_4,DISK_LOAD,9.180047,0.071719,"Disk -> RAM [Model: 7b482c9c, Layer: 59a34cb8]"
3163332.457399,1000,7b482c9c-fddc-4070-b1ff-d34c65aeddf9,worker_4,worker_4,MEM_MOVE,9.180047,0.071719,"RAM -> VRAM [Model: 7b482c9c, Layer: 59a34cb8]"
3163332.507399,1000,7b482c9c-fddc-4070-b1ff-d34c65aeddf9,worker_4,worker_4,GPU_COMPUTE,0.050000,0.050000,GPU Compute
3163332.665399,1000,7b482c9c-fddc-4070-b1ff-d34c65aeddf9,worker_4,coordinator_0,NET_TRANSFER,0.000100,0.158000,Signal Finished
3163950.908300,1000,7b482c9c-fddc-4070-b1ff-d34c65aeddf9,coordinator_0,worker_1,NET_TRANSFER,7.726161,618.242901,Distribute Layer ID: e9b7b9bd
3163950.968661,1000,7b482c9c-fddc-4070-b1ff-d34c65aeddf9,worker_1,worker_1,DISK_LOAD,7.726161,0.060361,"Disk -> RAM [Model: 7b482c9c, Layer: e9b7b9bd]"
3163951.029021,1000,7b482c9c-fddc-4070-b1ff-d34c65aeddf9,worker_1,worker_1,MEM_MOVE,7.726161,0.060361,"RAM -> VRAM [Model: 7b482c9c, Layer: e9b7b9bd]"
3163951.079021,1000,7b482c9c-fddc-4070-b1ff-d34c65aeddf9,worker_1,worker_1,GPU_COMPUTE,0.050000,0.050000,GPU Compute
3163951.237021,1000,7b482c9c-fddc-4070-b1ff-d34c65aeddf9,worker_1,coordinator_0,NET_TRANSFER,0.000100,0.158000,Signal Finished
3164730.128818,1000,7b482c9c-fddc-4070-b1ff-d34c65aeddf9,coordinator_0,worker_2,NET_TRANSFER,9.734272,778.891797,Distribute Layer ID: 95e73c59
3164730.179452,1000,7b482c9c-fddc-4070-b1ff-d34c65aeddf9,worker_2,worker_2,MEM_MOVE,6.481091,0.050634,"Evict VRAM -> RAM [Model: f2f09d33, Layer: 0d30a1ac]"
3164730.255501,1000,7b482c9c-fddc-4070-b1ff-d34c65aeddf9,worker_2,worker_2,DISK_LOAD,9.734272,0.076049,"Disk -> RAM [Model: 7b482c9c, Layer: 95e73c59]"
3164730.331550,1000,7b482c9c-fddc-4070-b1ff-d34c65aeddf9,worker_2,worker_2,MEM_MOVE,9.734272,0.076049,"RAM -> VRAM [Model: 7b482c9c, Layer: 95e73c59]"
3164730.381550,1000,7b482c9c-fddc-4070-b1ff-d34c65aeddf9,worker_2,worker_2,GPU_COMPUTE,0.050000,0.050000,GPU Compute
3164730.539550,1000,7b482c9c-fddc-4070-b1ff-d34c65aeddf9,worker_2,coordinator_0,NET_TRANSFER,0.000100,0.158000,Signal Finished
3165783.935831,1000,7b482c9c-fddc-4070-b1ff-d34c65aeddf9,coordinator_0,worker_3,NET_TRANSFER,13.165579,1053.396282,Distribute Layer ID: 51a658e7
3165784.008620,1000,7b482c9c-fddc-4070-b1ff-d34c65aeddf9,worker_3,worker_3,MEM_MOVE,9.316971,0.072789,"Evict VRAM -> RAM [Model: f2f09d33, Layer: fe4deb77]"
3165784.111476,1000,7b482c9c-fddc-4070-b1ff-d34c65aeddf9,worker_3,worker_3,DISK_LOAD,13.165579,0.102856,"Disk -> RAM [Model: 7b482c9c, Layer: 51a658e7]"
3165784.214332,1000,7b482c9c-fddc-4070-b1ff-d34c65aeddf9,worker_3,worker_3,MEM_MOVE,13.165579,0.102856,"RAM -> VRAM [Model: 7b482c9c, Layer: 51a658e7]"
3165784.264332,1000,7b482c9c-fddc-4070-b1ff-d34c65aeddf9,worker_3,worker_3,GPU_COMPUTE,0.050000,0.050000,GPU Compute
3165784.422332,1000,7b482c9c-fddc-4070-b1ff-d34c65aeddf9,worker_3,coordinator_0,NET_TRANSFER,0.000100,0.158000,Signal Finished
3166974.499176,1000,7b482c9c-fddc-4070-b1ff-d34c65aeddf9,coordinator_0,worker_4,NET_TRANSFER,14.874086,1190.076844,Distribute Layer ID: 7df7f7a8
3166974.576019,1000,7b482c9c-fddc-4070-b1ff-d34c65aeddf9,worker_4,worker_4,MEM_MOVE,9.835908,0.076843,"Evict VRAM -> RAM [Model: f2f09d33, Layer: b6e35ce2]"
3166974.692223,1000,7b482c9c-fddc-4070-b1ff-d34c65aeddf9,worker_4,worker_4,DISK_LOAD,14.874086,0.116204,"Disk -> RAM [Model: 7b482c9c, Layer: 7df7f7a8]"
3166974.808426,1000,7b482c9c-fddc-4070-b1ff-d34c65aeddf9,worker_4,worker_4,MEM_MOVE,14.874086,0.116204,"RAM -> VRAM [Model: 7b482c9c, Layer: 7df7f7a8]"
3166974.858426,1000,7b482c9c-fddc-4070-b1ff-d34c65aeddf9,worker_4,worker_4,GPU_COMPUTE,0.050000,0.050000,GPU Compute
3166975.016426,1000,7b482c9c-fddc-4070-b1ff-d34c65aeddf9,worker_4,coordinator_0,NET_TRANSFER,0.000100,0.158000,Signal Finished
3167879.157042,1000,7b482c9c-fddc-4070-b1ff-d34c65aeddf9,coordinator_0,worker_1,NET_TRANSFER,11.299883,904.140616,Distribute Layer ID: fa484530
3167879.193257,1000,7b482c9c-fddc-4070-b1ff-d34c65aeddf9,worker_1,worker_1,MEM_MOVE,4.635520,0.036215,"Evict VRAM -> RAM [Model: f2f09d33, Layer: 211b24b7]"
3167879.293693,1000,7b482c9c-fddc-4070-b1ff-d34c65aeddf9,worker_1,worker_1,MEM_MOVE,12.855819,0.100436,"Evict VRAM -> RAM [Model: f2f09d33, Layer: 9084b360]"
3167879.381973,1000,7b482c9c-fddc-4070-b1ff-d34c65aeddf9,worker_1,worker_1,DISK_LOAD,11.299883,0.088280,"Disk -> RAM [Model: 7b482c9c, Layer: fa484530]"
3167879.470254,1000,7b482c9c-fddc-4070-b1ff-d34c65aeddf9,worker_1,worker_1,MEM_MOVE,11.299883,0.088280,"RAM -> VRAM [Model: 7b482c9c, Layer: fa484530]"
3167879.520254,1000,7b482c9c-fddc-4070-b1ff-d34c65aeddf9,worker_1,worker_1,GPU_COMPUTE,0.050000,0.050000,GPU Compute
3167879.678254,1000,7b482c9c-fddc-4070-b1ff-d34c65aeddf9,worker_1,coordinator_0,NET_TRANSFER,0.000100,0.158000,Signal Finished
3168353.758698,1000,7b482c9c-fddc-4070-b1ff-d34c65aeddf9,coordinator_0,worker_2,NET_TRANSFER,5.924131,474.080444,Distribute Layer ID: 21185e86
3168353.843917,1000,7b482c9c-fddc-4070-b1ff-d34c65aeddf9,worker_2,worker_2,MEM_MOVE,10.908055,0.085219,"Evict VRAM -> RAM [Model: f2f09d33, Layer: 1a8d1bb1]"
3168353.890199,1000,7b482c9c-fddc-4070-b1ff-d34c65aeddf9,worker_2,worker_2,DISK_LOAD,5.924131,0.046282,"Disk -> RAM [Model: 7b482c9c, Layer: 21185e86]"
3168353.936482,1000,7b482c9c-fddc-4070-b1ff-d34c65aeddf9,worker_2,worker_2,MEM_MOVE,5.924131,0.046282,"RAM -> VRAM [Model: 7b482c9c, Layer: 21185e86]"
3168353.986482,1000,7b482c9c-fddc-4070-b1ff-d34c65aeddf9,worker_2,worker_2,GPU_COMPUTE,0.050000,0.050000,GPU Compute
3168354.144482,1000,7b482c9c-fddc-4070-b1ff-d34c65aeddf9,worker_2,coordinator_0,NET_TRANSFER,0.000100,0.158000,Signal Finished
3169001.771437,1000,7b482c9c-fddc-4070-b1ff-d34c65aeddf9,coordinator_0,worker_3,NET_TRANSFER,8.093462,647.626955,Distribute Layer ID: 9cc7fc30
3169001.873220,1000,7b482c9c-fddc-4070-b1ff-d34c65aeddf9,worker_3,worker_3,MEM_MOVE,13.028274,0.101783,"Evict VRAM -> RAM [Model: f2f09d33, Layer: 9f428ced]"
3169001.936451,1000,7b482c9c-fddc-4070-b1ff-d34c65aeddf9,worker_3,worker_3,DISK_LOAD,8.093462,0.063230,"Disk -> RAM [Model: 7b482c9c, Layer: 9cc7fc30]"
3169001.999681,1000,7b482c9c-fddc-4070-b1ff-d34c65aeddf9,worker_3,worker_3,MEM_MOVE,8.093462,0.063230,"RAM -> VRAM [Model: 7b482c9c, Layer: 9cc7fc30]"
3169002.049681,1000,7b482c9c-fddc-4070-b1ff-d34c65aeddf9,worker_3,worker_3,GPU_COMPUTE,0.050000,0.050000,GPU Compute
3169002.207681,1000,7b482c9c-fddc-4070-b1ff-d34c65aeddf9,worker_3,coordinator_0,NET_TRANSFER,0.000100,0.158000,Signal Finished
3170028.990247,1000,7b482c9c-fddc-4070-b1ff-d34c65aeddf9,coordinator_0,worker_4,NET_TRANSFER,12.832907,1026.782567,Distribute Layer ID: 9dbc604b
3170029.101794,1000,7b482c9c-fddc-4070-b1ff-d34c65aeddf9,worker_4,worker_4,MEM_MOVE,14.277975,0.111547,"Evict VRAM -> RAM [Model: f2f09d33, Layer: 7e52bcb2]"
3170029.202051,1000,7b482c9c-fddc-4070-b1ff-d34c65aeddf9,worker_4,worker_4,DISK_LOAD,12.832907,0.100257,"Disk -> RAM [Model: 7b482c9c, Layer: 9dbc604b]"
3170029.302308,1000,7b482c9c-fddc-4070-b1ff-d34c65aeddf9,worker_4,worker_4,MEM_MOVE,12.832907,0.100257,"RAM -> VRAM [Model: 7b482c9c, Layer: 9dbc604b]"
3170029.352308,1000,7b482c9c-fddc-4070-b1ff-d34c65aeddf9,worker_4,worker_4,GPU_COMPUTE,0.050000,0.050000,GPU Compute
3170029.510308,1000,7b482c9c-fddc-4070-b1ff-d34c65aeddf9,worker_4,coordinator_0,NET_TRANSFER,0.000100,0.158000,Signal Finished
3170596.570436,1000,7b482c9c-fddc-4070-b1ff-d34c65aeddf9,coordinator_0,worker_1,NET_TRANSFER,7.086377,567.060128,Distribute Layer ID: 5f25efd8
3170596.643582,1000,7b482c9c-fddc-4070-b1ff-d34c65aeddf9,worker_1,worker_1,MEM_MOVE,9.362748,0.073146,"Evict VRAM -> RAM [Model: f2f09d33, Layer: 3e15f90e]"
3170596.698944,1000,7b482c9c-fddc-4070-b1ff-d34c65aeddf9,worker_1,worker_1,DISK_LOAD,7.086377,0.055362,"Disk -> RAM [Model: 7b482c9c, Layer: 5f25efd8]"
3170596.754307,1000,7b482c9c-fddc-4070-b1ff-d34c65aeddf9,worker_1,worker_1,MEM_MOVE,7.086377,0.055362,"RAM -> VRAM [Model: 7b482c9c, Layer: 5f25efd8]"
3170596.804307,1000,7b482c9c-fddc-4070-b1ff-d34c65aeddf9,worker_1,worker_1,GPU_COMPUTE,0.050000,0.050000,GPU Compute
3170596.962307,1000,7b482c9c-fddc-4070-b1ff-d34c65aeddf9,worker_1,coordinator_0,NET_TRANSFER,0.000100,0.158000,Signal Finished
3171168.805971,1000,7b482c9c-fddc-4070-b1ff-d34c65aeddf9,coordinator_0,worker_2,NET_TRANSFER,7.146171,571.843665,Distribute Layer ID: 9608e3f2
3171168.861801,1000,7b482c9c-fddc-4070-b1ff-d34c65aeddf9,worker_2,worker_2,DISK_LOAD,7.146171,0.055829,"Disk -> RAM [Model: 7b482c9c, Layer: 9608e3f2]"
3171168.917630,1000,7b482c9c-fddc-4070-b1ff-d34c65aeddf9,worker_2,worker_2,MEM_MOVE,7.146171,0.055829,"RAM -> VRAM [Model: 7b482c9c, Layer: 9608e3f2]"
3171168.967630,1000,7b482c9c-fddc-4070-b1ff-d34c65aeddf9,worker_2,worker_2,GPU_COMPUTE,0.050000,0.050000,GPU Compute
3171169.125630,1000,7b482c9c-fddc-4070-b1ff-d34c65aeddf9,worker_2,coordinator_0,NET_TRANSFER,0.000100,0.158000,Signal Finished
3171596.788775,1000,7b482c9c-fddc-4070-b1ff-d34c65aeddf9,coordinator_0,worker_3,NET_TRANSFER,5.343914,427.663145,Distribute Layer ID: 2dd1e0e2
3171596.830524,1000,7b482c9c-fddc-4070-b1ff-d34c65aeddf9,worker_3,worker_3,DISK_LOAD,5.343914,0.041749,"Disk -> RAM [Model: 7b482c9c, Layer: 2dd1e0e2]"
3171596.872274,1000,7b482c9c-fddc-4070-b1ff-d34c65aeddf9,worker_3,worker_3,MEM_MOVE,5.343914,0.041749,"RAM -> VRAM [Model: 7b482c9c, Layer: 2dd1e0e2]"
3171596.922274,1000,7b482c9c-fddc-4070-b1ff-d34c65aeddf9,worker_3,worker_3,GPU_COMPUTE,0.050000,0.050000,GPU Compute
3171597.080274,1000,7b482c9c-fddc-4070-b1ff-d34c65aeddf9,worker_3,coordinator_0,NET_TRANSFER,0.000100,0.158000,Signal Finished
3172077.718235,1000,7b482c9c-fddc-4070-b1ff-d34c65aeddf9,coordinator_0,worker_4,NET_TRANSFER,6.006100,480.637961,Distribute Layer ID: 0d11f8d5
3172077.804832,1000,7b482c9c-fddc-4070-b1ff-d34c65aeddf9,worker_4,worker_4,MEM_MOVE,11.084392,0.086597,"Evict VRAM -> RAM [Model: f2f09d33, Layer: 6bddc854]"
3172077.851754,1000,7b482c9c-fddc-4070-b1ff-d34c65aeddf9,worker_4,worker_4,DISK_LOAD,6.006100,0.046923,"Disk -> RAM [Model: 7b482c9c, Layer: 0d11f8d5]"
3172077.898677,1000,7b482c9c-fddc-4070-b1ff-d34c65aeddf9,worker_4,worker_4,MEM_MOVE,6.006100,0.046923,"RAM -> VRAM [Model: 7b482c9c, Layer: 0d11f8d5]"
3172077.948677,1000,7b482c9c-fddc-4070-b1ff-d34c65aeddf9,worker_4,worker_4,GPU_COMPUTE,0.050000,0.050000,GPU Compute
3172078.106677,1000,7b482c9c-fddc-4070-b1ff-d34c65aeddf9,worker_4,coordinator_0,NET_TRANSFER,0.000100,0.158000,Signal Finished
3172849.582558,4000,b23b9bcf-15a7-4d4a-87b3-f049d0b0b838,coordinator_0,worker_3,NET_TRANSFER,9.641574,771.475881,Distribute Layer ID: b6a7ea6e
3172849.658714,4000,b23b9bcf-15a7-4d4a-87b3-f049d0b0b838,worker_3,worker_3,MEM_MOVE,9.747885,0.076155,"Evict VRAM -> RAM [Model: f2f09d33, Layer: 62123057]"
3172849.734038,4000,b23b9bcf-15a7-4d4a-87b3-f049d0b0b838,worker_3,worker_3,DISK_LOAD,9.641574,0.075325,"Disk -> RAM [Model: b23b9bcf, Layer: b6a7ea6e]"
3172849.809363,4000,b23b9bcf-15a7-4d4a-87b3-f049d0b0b838,worker_3,worker_3,MEM_MOVE,9.641574,0.075325,"RAM -> VRAM [Model: b23b9bcf, Layer: b6a7ea6e]"
3172849.859363,4000,b23b9bcf-15a7-4d4a-87b3-f049d0b0b838,worker_3,worker_3,GPU_COMPUTE,0.050000,0.050000,GPU Compute
3172850.017363,4000,b23b9bcf-15a7-4d4a-87b3-f049d0b0b838,worker_3,coordinator_0,NET_TRANSFER,0.000100,0.158000,Signal Finished
3173946.674889,4000,b23b9bcf-15a7-4d4a-87b3-f049d0b0b838,coordinator_0,worker_4,NET_TRANSFER,13.706344,1096.657526,Distribute Layer ID: 0a2f9ff5
3173946.750569,4000,b23b9bcf-15a7-4d4a-87b3-f049d0b0b838,worker_4,worker_4,MEM_MOVE,9.687035,0.075680,"Evict VRAM -> RAM [Model: f2f09d33, Layer: 4b05356c]"
3173946.857650,4000,b23b9bcf-15a7-4d4a-87b3-f049d0b0b838,worker_4,worker_4,DISK_LOAD,13.706344,0.107081,"Disk -> RAM [Model: b23b9bcf, Layer: 0a2f9ff5]"
3173946.964731,4000,b23b9bcf-15a7-4d4a-87b3-f049d0b0b838,worker_4,worker_4,MEM_MOVE,13.706344,0.107081,"RAM -> VRAM [Model: b23b9bcf, Layer: 0a2f9ff5]"
3173947.014731,4000,b23b9bcf-15a7-4d4a-87b3-f049d0b0b838,worker_4,worker_4,GPU_COMPUTE,0.050000,0.050000,GPU Compute
3173947.172731,4000,b23b9bcf-15a7-4d4a-87b3-f049d0b0b838,worker_4,coordinator_0,NET_TRANSFER,0.000100,0.158000,Signal Finished
3174954.980645,4000,b23b9bcf-15a7-4d4a-87b3-f049d0b0b838,coordinator_0,worker_1,NET_TRANSFER,12.595724,1007.807915,Distribute Layer ID: 5b367eac
3174955.066048,4000,b23b9bcf-15a7-4d4a-87b3-f049d0b0b838,worker_1,worker_1,MEM_MOVE,10.931580,0.085403,"Evict VRAM -> RAM [Model: f2f09d33, Layer: e6d2a2a0]"
3174955.164452,4000,b23b9bcf-15a7-4d4a-87b3-f049d0b0b838,worker_1,worker_1,DISK_LOAD,12.595724,0.098404,"Disk -> RAM [Model: b23b9bcf, Layer: 5b367eac]"
3174955.262856,4000,b23b9bcf-15a7-4d4a-87b3-f049d0b0b838,worker_1,worker_1,MEM_MOVE,12.595724,0.098404,"RAM -> VRAM [Model: b23b9bcf, Layer: 5b367eac]"
3174955.312856,4000,b23b9bcf-15a7-4d4a-87b3-f049d0b0b838,worker_1,worker_1,GPU_COMPUTE,0.050000,0.050000,GPU Compute
3174955.470856,4000,b23b9bcf-15a7-4d4a-87b3-f049d0b0b838,worker_1,coordinator_0,NET_TRANSFER,0.000100,0.158000,Signal Finished
3175772.437000,4000,b23b9bcf-15a7-4d4a-87b3-f049d0b0b838,coordinator_0,worker_2,NET_TRANSFER,10.210202,816.966144,Distribute Layer ID: 69767248
3175772.542191,4000,b23b9bcf-15a7-4d4a-87b3-f049d0b0b838,worker_2,worker_2,MEM_MOVE,13.464439,0.105191,"Evict VRAM -> RAM [Model: f2f09d33, Layer: 4d83a16b]"
3175772.621958,4000,b23b9bcf-15a7-4d4a-87b3-f049d0b0b838,worker_2,worker_2,DISK_LOAD,10.210202,0.079767,"Disk -> RAM [Model: b23b9bcf, Layer: 69767248]"
3175772.701726,4000,b23b9bcf-15a7-4d4a-87b3-f049d0b0b838,worker_2,worker_2,MEM_MOVE,10.210202,0.079767,"RAM -> VRAM [Model: b23b9bcf, Layer: 69767248]"
3175772.751726,4000,b23b9bcf-15a7-4d4a-87b3-f049d0b0b838,worker_2,worker_2,GPU_COMPUTE,0.050000,0.050000,GPU Compute
3175772.909726,4000,b23b9bcf-15a7-4d4a-87b3-f049d0b0b838,worker_2,coordinator_0,NET_TRANSFER,0.000100,0.158000,Signal Finished
3176324.328551,4000,b23b9bcf-15a7-4d4a-87b3-f049d0b0b838,coordinator_0,worker_3,NET_TRANSFER,6.890860,551.418826,Distribute Layer ID: a20987fb
3176324.446339,4000,b23b9bcf-15a7-4d4a-87b3-f049d0b0b838,worker_3,worker_3,MEM_MOVE,15.076749,0.117787,"Evict VRAM -> RAM [Model: f2f09d33, Layer: ee5cbe82]"
3176324.500173,4000,b23b9bcf-15a7-4d4a-87b3-f049d0b0b838,worker_3,worker_3,DISK_LOAD,6.890860,0.053835,"Disk -> RAM [Model: b23b9bcf, Layer: a20987fb]"
3176324.554008,4000,b23b9bcf-15a7-4d4a-87b3-f049d0b0b838,worker_3,worker_3,MEM_MOVE,6.890860,0.053835,"RAM -> VRAM [Model: b23b9bcf, Layer: a20987fb]"
3176324.604008,4000,b23b9bcf-15a7-4d4a-87b3-f049d0b0b838,worker_3,worker_3,GPU_COMPUTE,0.050000,0.050000,GPU Compute
3176324.762008,4000,b23b9bcf-15a7-4d4a-87b3-f049d0b0b838,worker_3,coordinator_0,NET_TRANSFER,0.000100,0.158000,Signal Finished
3177427.454770,4000,b23b9bcf-15a7-4d4a-87b3-f049d0b0b838,coordinator_0,worker_4,NET_TRANSFER,13.781785,1102.692762,Distribute Layer ID: a69e340d
3177427.545059,4000,b23b9bcf-15a7-4d4a-87b3-f049d0b0b838,worker_4,worker_4,MEM_MOVE,11.556946,0.090289,"Evict VRAM -> RAM [Model: f2f09d33, Layer: e2178e62]"
3177427.652729,4000,b23b9bcf-15a7-4d4a-87b3-f049d0b0b838,worker_4,worker_4,DISK_LOAD,13.781785,0.107670,"Disk -> RAM [Model: b23b9bcf, Layer: a69e340d]"
3177427.760399,4000,b23b9bcf-15a7-4d4a-87b3-f049d0b0b838,worker_4,worker_4,MEM_MOVE,13.781785,0.107670,"RAM -> VRAM [Model: b23b9bcf, Layer: a69e340d]"
3177427.810399,4000,b23b9bcf-15a7-4d4a-87b3-f049d0b0b838,worker_4,worker_4,GPU_COMPUTE,0.050000,0.050000,GPU Compute
3177427.968399,4000,b23b9bcf-15a7-4d4a-87b3-f049d0b0b838,worker_4,coordinator_0,NET_TRANSFER,0.000100,0.158000,Signal Finished
3178383.438998,4000,b23b9bcf-15a7-4d4a-87b3-f049d0b0b838,coordinator_0,worker_1,NET_TRANSFER,11.941507,955.470598,Distribute Layer ID: 344a3b49
3178383.484943,4000,b23b9bcf-15a7-4d4a-87b3-f049d0b0b838,worker_1,worker_1,MEM_MOVE,5.881027,0.045946,"Evict VRAM -> RAM [Model: f2f09d33, Layer: 28814be5]"
3178383.578236,4000,b23b9bcf-15a7-4d4a-87b3-f049d0b0b838,worker_1,worker_1,DISK_LOAD,11.941507,0.093293,"Disk -> RAM [Model: b23b9bcf, Layer: 344a3b49]"
3178383.671529,4000,b23b9bcf-15a7-4d4a-87b3-f049d0b0b838,worker_1,worker_1,MEM_MOVE,11.941507,0.093293,"RAM -> VRAM [Model: b23b9bcf, Layer: 344a3b49]"
3178383.721529,4000,b23b9bcf-15a7-4d4a-87b3-f049d0b0b838,worker_1,worker_1,GPU_COMPUTE,0.050000,0.050000,GPU Compute
3178383.879529,4000,b23b9bcf-15a7-4d4a-87b3-f049d0b0b838,worker_1,coordinator_0,NET_TRANSFER,0.000100,0.158000,Signal Finished
3178997.383175,4000,b23b9bcf-15a7-4d4a-87b3-f049d0b0b838,coordinator_0,worker_2,NET_TRANSFER,7.666921,613.503646,Distribute Layer ID: 0176969c
3178997.443135,4000,b23b9bcf-15a7-4d4a-87b3-f049d0b0b838,worker_2,worker_2,MEM_MOVE,7.674842,0.059960,"Evict VRAM -> RAM [Model: f2f09d33, Layer: cae792e6]"
3178997.503033,4000,b23b9bcf-15a7-4d4a-87b3-f049d0b0b838,worker_2,worker_2,DISK_LOAD,7.666921,0.059898,"Disk -> RAM [Model: b23b9bcf, Layer: 0176969c]"
3178997.562930,4000,b23b9bcf-15a7-4d4a-87b3-f049d0b0b838,worker_2,worker_2,MEM_MOVE,7.666921,0.059898,"RAM -> VRAM [Model: b23b9bcf, Layer: 0176969c]"
3178997.612930,4000,b23b9bcf-15a7-4d4a-87b3-f049d0b0b838,worker_2,worker_2,GPU_COMPUTE,0.050000,0.050000,GPU Compute
3178997.770930,4000,b23b9bcf-15a7-4d4a-87b3-f049d0b0b838,worker_2,coordinator_0,NET_TRANSFER,0.000100,0.158000,Signal Finished
3179865.639116,4000,b23b9bcf-15a7-4d4a-87b3-f049d0b0b838,coordinator_0,worker_3,NET_TRANSFER,10.846477,867.868185,Distribute Layer ID: d3e133cc
3179865.723854,4000,b23b9bcf-15a7-4d4a-87b3-f049d0b0b838,worker_3,worker_3,DISK_LOAD,10.846477,0.084738,"Disk -> RAM [Model: b23b9bcf, Layer: d3e133cc]"
3179865.808592,4000,b23b9bcf-15a7-4d4a-87b3-f049d0b0b838,worker_3,worker_3,MEM_MOVE,10.846477,0.084738,"RAM -> VRAM [Model: b23b9bcf, Layer: d3e133cc]"
3179865.858592,4000,b23b9bcf-15a7-4d4a-87b3-f049d0b0b838,worker_3,worker_3,GPU_COMPUTE,0.050000,0.050000,GPU Compute
3179866.016592,4000,b23b9bcf-15a7-4d4a-87b3-f049d0b0b838,worker_3,coordinator_0,NET_TRANSFER,0.000100,0.158000,Signal Finished
3180848.816231,4000,b23b9bcf-15a7-4d4a-87b3-f049d0b0b838,coordinator_0,worker_4,NET_TRANSFER,12.283120,982.799638,Distribute Layer ID: 63b63743
3180848.891010,4000,b23b9bcf-15a7-4d4a-87b3-f049d0b0b838,worker_4,worker_4,MEM_MOVE,9.571720,0.074779,"Evict VRAM -> RAM [Model: f2f09d33, Layer: c21c197f]"
3180848.941890,4000,b23b9bcf-15a7-4d4a-87b3-f049d0b0b838,worker_4,worker_4,MEM_MOVE,6.512690,0.050880,"Evict VRAM -> RAM [Model: f2f09d33, Layer: c64637a9]"
3180849.037852,4000,b23b9bcf-15a7-4d4a-87b3-f049d0b0b838,worker_4,worker_4,DISK_LOAD,12.283120,0.095962,"Disk -> RAM [Model: b23b9bcf, Layer: 63b63743]"
3180849.133814,4000,b23b9bcf-15a7-4d4a-87b3-f049d0b0b838,worker_4,worker_4,MEM_MOVE,12.283120,0.095962,"RAM -> VRAM [Model: b23b9bcf, Layer: 63b63743]"
3180849.183814,4000,b23b9bcf-15a7-4d4a-87b3-f049d0b0b838,worker_4,worker_4,GPU_COMPUTE,0.050000,0.050000,GPU Compute
3180849.341814,4000,b23b9bcf-15a7-4d4a-87b3-f049d0b0b838,worker_4,coordinator_0,NET_TRANSFER,0.000100,0.158000,Signal Finished
3181848.724570,4000,b23b9bcf-15a7-4d4a-87b3-f049d0b0b838,coordinator_0,worker_1,NET_TRANSFER,12.490409,999.382756,Distribute Layer ID: f2784c32
3181848.826365,4000,b23b9bcf-15a7-4d4a-87b3-f049d0b0b838,worker_1,worker_1,MEM_MOVE,13.029828,0.101796,"Evict VRAM -> RAM [Model: f2f09d33, Layer: ab956a30]"
3181848.923947,4000,b23b9bcf-15a7-4d4a-87b3-f049d0b0b838,worker_1,worker_1,DISK_LOAD,12.490409,0.097581,"Disk -> RAM [Model: b23b9bcf, Layer: f2784c32]"
3181849.021528,4000,b23b9bcf-15a7-4d4a-87b3-f049d0b0b838,worker_1,worker_1,MEM_MOVE,12.490409,0.097581,"RAM -> VRAM [Model: b23b9bcf, Layer: f2784c32]"
3181849.071528,4000,b23b9bcf-15a7-4d4a-87b3-f049d0b0b838,worker_1,worker_1,GPU_COMPUTE,0.050000,0.050000,GPU Compute
3181849.229528,4000,b23b9bcf-15a7-4d4a-87b3-f049d0b0b838,worker_1,coordinator_0,NET_TRANSFER,0.000100,0.158000,Signal Finished
3182660.798508,4000,b23b9bcf-15a7-4d4a-87b3-f049d0b0b838,coordinator_0,worker_2,NET_TRANSFER,10.142737,811.568980,Distribute Layer ID: ecbd5e24
3182660.863108,4000,b23b9bcf-15a7-4d4a-87b3-f049d0b0b838,worker_2,worker_2,MEM_MOVE,8.268737,0.064600,"Evict VRAM -> RAM [Model: f2f09d33, Layer: c2caca2a]"
3182660.942348,4000,b23b9bcf-15a7-4d4a-87b3-f049d0b0b838,worker_2,worker_2,DISK_LOAD,10.142737,0.079240,"Disk -> RAM [Model: b23b9bcf, Layer: ecbd5e24]"
3182661.021588,4000,b23b9bcf-15a7-4d4a-87b3-f049d0b0b838,worker_2,worker_2,MEM_MOVE,10.142737,0.079240,"RAM -> VRAM [Model: b23b9bcf, Layer: ecbd5e24]"
3182661.071588,4000,b23b9bcf-15a7-4d4a-87b3-f049d0b0b838,worker_2,worker_2,GPU_COMPUTE,0.050000,0.050000,GPU Compute
3182661.229588,4000,b23b9bcf-15a7-4d4a-87b3-f049d0b0b838,worker_2,coordinator_0,NET_TRANSFER,0.000100,0.158000,Signal Finished
3183213.640108,4000,b23b9bcf-15a7-4d4a-87b3-f049d0b0b838,coordinator_0,worker_3,NET_TRANSFER,6.903256,552.410520,Distribute Layer ID: 3b1b13d7
3183213.701348,4000,b23b9bcf-15a7-4d4a-87b3-f049d0b0b838,worker_3,worker_3,MEM_MOVE,7.838691,0.061240,"Evict VRAM -> RAM [Model: f2f09d33, Layer: 5be212a9]"
3183213.755279,4000,b23b9bcf-15a7-4d4a-87b3-f049d0b0b838,worker_3,worker_3,DISK_LOAD,6.903256,0.053932,"Disk -> RAM [Model: b23b9bcf, Layer: 3b1b13d7]"
3183213.809211,4000,b23b9bcf-15a7-4d4a-87b3-f049d0b0b838,worker_3,worker_3,MEM_MOVE,6.903256,0.053932,"RAM -> VRAM [Model: b23b9bcf, Layer: 3b1b13d7]"
3183213.859211,4000,b23b9bcf-15a7-4d4a-87b3-f049d0b0b838,worker_3,worker_3,GPU_COMPUTE,0.050000,0.050000,GPU Compute
3183214.017211,4000,b23b9bcf-15a7-4d4a-87b3-f049d0b0b838,worker_3,coordinator_0,NET_TRANSFER,0.000100,0.158000,Signal Finished
3184255.627391,4000,b23b9bcf-15a7-4d4a-87b3-f049d0b0b838,coordinator_0,worker_4,NET_TRANSFER,13.018252,1041.610180,Distribute Layer ID: 2adab94f
3184255.733618,4000,b23b9bcf-15a7-4d4a-87b3-f049d0b0b838,worker_4,worker_4,MEM_MOVE,13.597077,0.106227,"Evict VRAM -> RAM [Model: f2f09d33, Layer: 7f59ea3e]"
3184255.835323,4000,b23b9bcf-15a7-4d4a-87b3-f049d0b0b838,worker_4,worker_4,DISK_LOAD,13.018252,0.101705,"Disk -> RAM [Model: b23b9bcf, Layer: 2adab94f]"
3184255.937028,4000,b23b9bcf-15a7-4d4a-87b3-f049d0b0b838,worker_4,worker_4,MEM_MOVE,13.018252,0.101705,"RAM -> VRAM [Model: b23b9bcf, Layer: 2adab94f]"
3184255.987028,4000,b23b9bcf-15a7-4d4a-87b3-f049d0b0b838,worker_4,worker_4,GPU_COMPUTE,0.050000,0.050000,GPU Compute
3184256.145028,4000,b23b9bcf-15a7-4d4a-87b3-f049d0b0b838,worker_4,coordinator_0,NET_TRANSFER,0.000100,0.158000,Signal Finished
3185061.758697,4000,b23b9bcf-15a7-4d4a-87b3-f049d0b0b838,coordinator_0,worker_1,NET_TRANSFER,10.068296,805.613669,Distribute Layer ID: 99b5ea1c
3185061.814437,4000,b23b9bcf-15a7-4d4a-87b3-f049d0b0b838,worker_1,worker_1,MEM_MOVE,7.134629,0.055739,"Evict VRAM -> RAM [Model: f2f09d33, Layer: 15b6e331]"
3185061.858769,4000,b23b9bcf-15a7-4d4a-87b3-f049d0b0b838,worker_1,worker_1,MEM_MOVE,5.674572,0.044333,"Evict VRAM -> RAM [Model: f2f09d33, Layer: c0def0b4]"
3185061.937428,4000,b23b9bcf-15a7-4d4a-87b3-f049d0b0b838,worker_1,worker_1,DISK_LOAD,10.068296,0.078659,"Disk -> RAM [Model: b23b9bcf, Layer: 99b5ea1c]"
3185062.016086,4000,b23b9bcf-15a7-4d4a-87b3-f049d0b0b838,worker_1,worker_1,MEM_MOVE,10.068296,0.078659,"RAM -> VRAM [Model: b23b9bcf, Layer: 99b5ea1c]"
3185062.066086,4000,b23b9bcf-15a7-4d4a-87b3-f049d0b0b838,worker_1,worker_1,GPU_COMPUTE,0.050000,0.050000,GPU Compute
3185062.224086,4000,b23b9bcf-15a7-4d4a-87b3-f049d0b0b838,worker_1,coordinator_0,NET_TRANSFER,0.000100,0.158000,Signal Finished
3186115.502212,4000,b23b9bcf-15a7-4d4a-87b3-f049d0b0b838,coordinator_0,worker_2,NET_TRANSFER,13.164102,1053.278126,Distribute Layer ID: 0a11b6e3
3186115.550883,4000,b23b9bcf-15a7-4d4a-87b3-f049d0b0b838,worker_2,worker_2,MEM_MOVE,6.229881,0.048671,"Evict VRAM -> RAM [Model: f2f09d33, Layer: d525698e]"
3186115.659931,4000,b23b9bcf-15a7-4d4a-87b3-f049d0b0b838,worker_2,worker_2,MEM_MOVE,13.958185,0.109048,"Evict VRAM -> RAM [Model: f2f09d33, Layer: 298532b5]"
3186115.762776,4000,b23b9bcf-15a7-4d4a-87b3-f049d0b0b838,worker_2,worker_2,DISK_LOAD,13.164102,0.102845,"Disk -> RAM [Model: b23b9bcf, Layer: 0a11b6e3]"
3186115.865620,4000,b23b9bcf-15a7-4d4a-87b3-f049d0b0b838,worker_2,worker_2,MEM_MOVE,13.164102,0.102845,"RAM -> VRAM [Model: b23b9bcf, Layer: 0a11b6e3]"
3186115.915620,4000,b23b9bcf-15a7-4d4a-87b3-f049d0b0b838,worker_2,worker_2,GPU_COMPUTE,0.050000,0.050000,GPU Compute
3186116.073620,4000,b23b9bcf-15a7-4d4a-87b3-f049d0b0b838,worker_2,coordinator_0,NET_TRANSFER,0.000100,0.158000,Signal Finished
3186959.508923,4000,b23b9bcf-15a7-4d4a-87b3-f049d0b0b838,coordinator_0,worker_3,NET_TRANSFER,10.541066,843.435303,Distribute Layer ID: f37be441
3186959.627432,4000,b23b9bcf-15a7-4d4a-87b3-f049d0b0b838,worker_3,worker_3,MEM_MOVE,15.169133,0.118509,"Evict VRAM -> RAM [Model: f2f09d33, Layer: 7ab6fd7c]"
3186959.709784,4000,b23b9bcf-15a7-4d4a-87b3-f049d0b0b838,worker_3,worker_3,DISK_LOAD,10.541066,0.082352,"Disk -> RAM [Model: b23b9bcf, Layer: f37be441]"
3186959.792136,4000,b23b9bcf-15a7-4d4a-87b3-f049d0b0b838,worker_3,worker_3,MEM_MOVE,10.541066,0.082352,"RAM -> VRAM [Model: b23b9bcf, Layer: f37be441]"
3186959.842136,4000,b23b9bcf-15a7-4d4a-87b3-f049d0b0b838,worker_3,worker_3,GPU_COMPUTE,0.050000,0.050000,GPU Compute
3186960.000136,4000,b23b9bcf-15a7-4d4a-87b3-f049d0b0b838,worker_3,coordinator_0,NET_TRANSFER,0.000100,0.158000,Signal Finished
3188106.386165,4000,b23b9bcf-15a7-4d4a-87b3-f049d0b0b838,coordinator_0,worker_4,NET_TRANSFER,14.327950,1146.386029,Distribute Layer ID: aa8c38df
3188106.488973,4000,b23b9bcf-15a7-4d4a-87b3-f049d0b0b838,worker_4,worker_4,MEM_MOVE,13.159388,0.102808,"Evict VRAM -> RAM [Model: f2f09d33, Layer: 351c9616]"
3188106.600910,4000,b23b9bcf-15a7-4d4a-87b3-f049d0b0b838,worker_4,worker_4,DISK_LOAD,14.327950,0.111937,"Disk -> RAM [Model: b23b9bcf, Layer: aa8c38df]"
3188106.712847,4000,b23b9bcf-15a7-4d4a-87b3-f049d0b0b838,worker_4,worker_4,MEM_MOVE,14.327950,0.111937,"RAM -> VRAM [Model: b23b9bcf, Layer: aa8c38df]"
3188106.762847,4000,b23b9bcf-15a7-4d4a-87b3-f049d0b0b838,worker_4,worker_4,GPU_COMPUTE,0.050000,0.050000,GPU Compute
3188106.920847,4000,b23b9bcf-15a7-4d4a-87b3-f049d0b0b838,worker_4,coordinator_0,NET_TRANSFER,0.000100,0.158000,Signal Finished
3189235.745030,4000,b23b9bcf-15a7-4d4a-87b3-f049d0b0b838,coordinator_0,worker_1,NET_TRANSFER,14.108427,1128.824183,Distribute Layer ID: 00a5c557
3189235.827392,4000,b23b9bcf-15a7-4d4a-87b3-f049d0b0b838,worker_1,worker_1,MEM_MOVE,10.542342,0.082362,"Evict VRAM -> RAM [Model: f2f09d33, Layer: a4b2e850]"
3189235.937614,4000,b23b9bcf-15a7-4d4a-87b3-f049d0b0b838,worker_1,worker_1,DISK_LOAD,14.108427,0.110222,"Disk -> RAM [Model: b23b9bcf, Layer: 00a5c557]"
3189236.047836,4000,b23b9bcf-15a7-4d4a-87b3-f049d0b0b838,worker_1,worker_1,MEM_MOVE,14.108427,0.110222,"RAM -> VRAM [Model: b23b9bcf, Layer: 00a5c557]"
3189236.097836,4000,b23b9bcf-15a7-4d4a-87b3-f049d0b0b838,worker_1,worker_1,GPU_COMPUTE,0.050000,0.050000,GPU Compute
3189236.255836,4000,b23b9bcf-15a7-4d4a-87b3-f049d0b0b838,worker_1,coordinator_0,NET_TRANSFER,0.000100,0.158000,Signal Finished
3190032.444640,4000,b23b9bcf-15a7-4d4a-87b3-f049d0b0b838,coordinator_0,worker_2,NET_TRANSFER,9.950485,796.188803,Distribute Layer ID: e61ca8de
3190032.516645,4000,b23b9bcf-15a7-4d4a-87b3-f049d0b0b838,worker_2,worker_2,MEM_MOVE,9.216668,0.072005,"Evict VRAM -> RAM [Model: f2f09d33, Layer: 34d69651]"
3190032.594383,4000,b23b9bcf-15a7-4d4a-87b3-f049d0b0b838,worker_2,worker_2,DISK_LOAD,9.950485,0.077738,"Disk -> RAM [Model: b23b9bcf, Layer: e61ca8de]"
3190032.672121,4000,b23b9bcf-15a7-4d4a-87b3-f049d0b0b838,worker_2,worker_2,MEM_MOVE,9.950485,0.077738,"RAM -> VRAM [Model: b23b9bcf, Layer: e61ca8de]"
3190032.722121,4000,b23b9bcf-15a7-4d4a-87b3-f049d0b0b838,worker_2,worker_2,GPU_COMPUTE,0.050000,0.050000,GPU Compute
3190032.880121,4000,b23b9bcf-15a7-4d4a-87b3-f049d0b0b838,worker_2,coordinator_0,NET_TRANSFER,0.000100,0.158000,Signal Finished
3191032.316348,4000,b23b9bcf-15a7-4d4a-87b3-f049d0b0b838,coordinator_0,worker_3,NET_TRANSFER,12.491078,999.436227,Distribute Layer ID: 2868e5d0
3191032.414458,4000,b23b9bcf-15a7-4d4a-87b3-f049d0b0b838,worker_3,worker_3,MEM_MOVE,12.558017,0.098110,"Evict VRAM -> RAM [Model: f2f09d33, Layer: fe35ec1d]"
3191032.512044,4000,b23b9bcf-15a7-4d4a-87b3-f049d0b0b838,worker_3,worker_3,DISK_LOAD,12.491078,0.097587,"Disk -> RAM [Model: b23b9bcf, Layer: 2868e5d0]"
3191032.609631,4000,b23b9bcf-15a7-4d4a-87b3-f049d0b0b838,worker_3,worker_3,MEM_MOVE,12.491078,0.097587,"RAM -> VRAM [Model: b23b9bcf, Layer: 2868e5d0]"
3191032.659631,4000,b23b9bcf-15a7-4d4a-87b3-f049d0b0b838,worker_3,worker_3,GPU_COMPUTE,0.050000,0.050000,GPU Compute
3191032.817631,4000,b23b9bcf-15a7-4d4a-87b3-f049d0b0b838,worker_3,coordinator_0,NET_TRANSFER,0.000100,0.158000,Signal Finished
3191508.641751,4000,b23b9bcf-15a7-4d4a-87b3-f049d0b0b838,coordinator_0,worker_4,NET_TRANSFER,5.945926,475.824120,Distribute Layer ID: be934224
3191508.686708,4000,b23b9bcf-15a7-4d4a-87b3-f049d0b0b838,worker_4,worker_4,MEM_MOVE,5.754565,0.044958,"Evict VRAM -> RAM [Model: f2f09d33, Layer: acdc059d]"
3191508.733161,4000,b23b9bcf-15a7-4d4a-87b3-f049d0b0b838,worker_4,worker_4,DISK_LOAD,5.945926,0.046453,"Disk -> RAM [Model: b23b9bcf, Layer: be934224]"
3191508.779613,4000,b23b9bcf-15a7-4d4a-87b3-f049d0b0b838,worker_4,worker_4,MEM_MOVE,5.945926,0.046453,"RAM -> VRAM [Model: b23b9bcf, Layer: be934224]"
3191508.829613,4000,b23b9bcf-15a7-4d4a-87b3-f049d0b0b838,worker_4,worker_4,GPU_COMPUTE,0.050000,0.050000,GPU Compute
3191508.987613,4000,b23b9bcf-15a7-4d4a-87b3-f049d0b0b838,worker_4,coordinator_0,NET_TRANSFER,0.000100,0.158000,Signal Finished
3192433.467786,4000,b23b9bcf-15a7-4d4a-87b3-f049d0b0b838,coordinator_0,worker_1,NET_TRANSFER,11.554127,924.480173,Distribute Layer ID: 963ba82b
3192433.584061,4000,b23b9bcf-15a7-4d4a-87b3-f049d0b0b838,worker_1,worker_1,MEM_MOVE,14.883155,0.116275,"Evict VRAM -> RAM [Model: f2f09d33, Layer: 353e7823]"
3192433.674327,4000,b23b9bcf-15a7-4d4a-87b3-f049d0b0b838,worker_1,worker_1,DISK_LOAD,11.554127,0.090267,"Disk -> RAM [Model: b23b9bcf, Layer: 963ba82b]"
3192433.764594,4000,b23b9bcf-15a7-4d4a-87b3-f049d0b0b838,worker_1,worker_1,MEM_MOVE,11.554127,0.090267,"RAM -> VRAM [Model: b23b9bcf, Layer: 963ba82b]"
3192433.814594,4000,b23b9bcf-15a7-4d4a-87b3-f049d0b0b838,worker_1,worker_1,GPU_COMPUTE,0.050000,0.050000,GPU Compute
3192433.972594,4000,b23b9bcf-15a7-4d4a-87b3-f049d0b0b838,worker_1,coordinator_0,NET_TRANSFER,0.000100,0.158000,Signal Finished
3192930.479995,4000,b23b9bcf-15a7-4d4a-87b3-f049d0b0b838,coordinator_0,worker_2,NET_TRANSFER,6.204468,496.507402,Distribute Layer ID: ec9a1986
3192930.528468,4000,b23b9bcf-15a7-4d4a-87b3-f049d0b0b838,worker_2,worker_2,DISK_LOAD,6.204468,0.048472,"Disk -> RAM [Model: b23b9bcf, Layer: ec9a1986]"
3192930.576940,4000,b23b9bcf-15a7-4d4a-87b3-f049d0b0b838,worker_2,worker_2,MEM_MOVE,6.204468,0.048472,"RAM -> VRAM [Model: b23b9bcf, Layer: ec9a1986]"
3192930.626940,4000,b23b9bcf-15a7-4d4a-87b3-f049d0b0b838,worker_2,worker_2,GPU_COMPUTE,0.050000,0.050000,GPU Compute
3192930.784940,4000,b23b9bcf-15a7-4d4a-87b3-f049d0b0b838,worker_2,coordinator_0,NET_TRANSFER,0.000100,0.158000,Signal Finished
3193490.767143,4000,b23b9bcf-15a7-4d4a-87b3-f049d0b0b838,coordinator_0,worker_3,NET_TRANSFER,6.997903,559.982203,Distribute Layer ID: c955e8e3
3193490.829455,4000,b23b9bcf-15a7-4d4a-87b3-f049d0b0b838,worker_3,worker_3,MEM_MOVE,7.975903,0.062312,"Evict VRAM -> RAM [Model: f2f09d33, Layer: ac6f9a20]"
3193490.884126,4000,b23b9bcf-15a7-4d4a-87b3-f049d0b0b838,worker_3,worker_3,DISK_LOAD,6.997903,0.054671,"Disk -> RAM [Model: b23b9bcf, Layer: c955e8e3]"
3193490.938797,4000,b23b9bcf-15a7-4d4a-87b3-f049d0b0b838,worker_3,worker_3,MEM_MOVE,6.997903,0.054671,"RAM -> VRAM [Model: b23b9bcf, Layer: c955e8e3]"
3193490.988797,4000,b23b9bcf-15a7-4d4a-87b3-f049d0b0b838,worker_3,worker_3,GPU_COMPUTE,0.050000,0.050000,GPU Compute
3193491.146797,4000,b23b9bcf-15a7-4d4a-87b3-f049d0b0b838,worker_3,coordinator_0,NET_TRANSFER,0.000100,0.158000,Signal Finished
3194362.255026,4000,b23b9bcf-15a7-4d4a-87b3-f049d0b0b838,coordinator_0,worker_4,NET_TRANSFER,10.886978,871.108229,Distribute Layer ID: 56002856
3194362.301742,4000,b23b9bcf-15a7-4d4a-87b3-f049d0b0b838,worker_4,worker_4,MEM_MOVE,5.979648,0.046716,"Evict VRAM -> RAM [Model: 5da2df27, Layer: 000b1963]"
3194362.386797,4000,b23b9bcf-15a7-4d4a-87b3-f049d0b0b838,worker_4,worker_4,DISK_LOAD,10.886978,0.085055,"Disk -> RAM [Model: b23b9bcf, Layer: 56002856]"
3194362.471851,4000,b23b9bcf-15a7-4d4a-87b3-f049d0b0b838,worker_4,worker_4,MEM_MOVE,10.886978,0.085055,"RAM -> VRAM [Model: b23b9bcf, Layer: 56002856]"
3194362.521851,4000,b23b9bcf-15a7-4d4a-87b3-f049d0b0b838,worker_4,worker_4,GPU_COMPUTE,0.050000,0.050000,GPU Compute
3194362.679851,4000,b23b9bcf-15a7-4d4a-87b3-f049d0b0b838,worker_4,coordinator_0,NET_TRANSFER,0.000100,0.158000,Signal Finished
3195091.996708,4000,b23b9bcf-15a7-4d4a-87b3-f049d0b0b838,coordinator_0,worker_1,NET_TRANSFER,9.114586,729.316857,Distribute Layer ID: 0f919fdc
3195092.041253,4000,b23b9bcf-15a7-4d4a-87b3-f049d0b0b838,worker_1,worker_1,MEM_MOVE,5.701771,0.044545,"Evict VRAM -> RAM [Model: f2f09d33, Layer: 07cdb66b]"
3195092.112461,4000,b23b9bcf-15a7-4d4a-87b3-f049d0b0b838,worker_1,worker_1,DISK_LOAD,9.114586,0.071208,"Disk -> RAM [Model: b23b9bcf, Layer: 0f919fdc]"
3195092.183668,4000,b23b9bcf-15a7-4d4a-87b3-f049d0b0b838,worker_1,worker_1,MEM_MOVE,9.114586,0.071208,"RAM -> VRAM [Model: b23b9bcf, Layer: 0f919fdc]"
3195092.233668,4000,b23b9bcf-15a7-4d4a-87b3-f049d0b0b838,worker_1,worker_1,GPU_COMPUTE,0.050000,0.050000,GPU Compute
3195092.391668,4000,b23b9bcf-15a7-4d4a-87b3-f049d0b0b838,worker_1,coordinator_0,NET_TRANSFER,0.000100,0.158000,Signal Finished
3195742.684342,4000,b23b9bcf-15a7-4d4a-87b3-f049d0b0b838,coordinator_0,worker_2,NET_TRANSFER,8.126783,650.292673,Distribute Layer ID: ac19a189
3195742.755242,4000,b23b9bcf-15a7-4d4a-87b3-f049d0b0b838,worker_2,worker_2,MEM_MOVE,9.075215,0.070900,"Evict VRAM -> RAM [Model: f2f09d33, Layer: c1a59193]"
3195742.818732,4000,b23b9bcf-15a7-4d4a-87b3-f049d0b0b838,worker_2,worker_2,DISK_LOAD,8.126783,0.063490,"Disk -> RAM [Model: b23b9bcf, Layer: ac19a189]"
3195742.882223,4000,b23b9bcf-15a7-4d4a-87b3-f049d0b0b838,worker_2,worker_2,MEM_MOVE,8.126783,0.063490,"RAM -> VRAM [Model: b23b9bcf, Layer: ac19a189]"
3195742.932223,4000,b23b9bcf-15a7-4d4a-87b3-f049d0b0b838,worker_2,worker_2,GPU_COMPUTE,0.050000,0.050000,GPU Compute
3195743.090223,4000,b23b9bcf-15a7-4d4a-87b3-f049d0b0b838,worker_2,coordinator_0,NET_TRANSFER,0.000100,0.158000,Signal Finished
3196591.468149,4000,b23b9bcf-15a7-4d4a-87b3-f049d0b0b838,coordinator_0,worker_3,NET_TRANSFER,10.602849,848.377926,Distribute Layer ID: 02eee4b9
3196591.569377,4000,b23b9bcf-15a7-4d4a-87b3-f049d0b0b838,worker_3,worker_3,MEM_MOVE,12.957170,0.101228,"Evict VRAM -> RAM [Model: f2f09d33, Layer: 951ec98c]"
3196591.652212,4000,b23b9bcf-15a7-4d4a-87b3-f049d0b0b838,worker_3,worker_3,DISK_LOAD,10.602849,0.082835,"Disk -> RAM [Model: b23b9bcf, Layer: 02eee4b9]"
3196591.735046,4000,b23b9bcf-15a7-4d4a-87b3-f049d0b0b838,worker_3,worker_3,MEM_MOVE,10.602849,0.082835,"RAM -> VRAM [Model: b23b9bcf, Layer: 02eee4b9]"
3196591.785046,4000,b23b9bcf-15a7-4d4a-87b3-f049d0b0b838,worker_3,worker_3,GPU_COMPUTE,0.050000,0.050000,GPU Compute
3196591.943046,4000,b23b9bcf-15a7-4d4a-87b3-f049d0b0b838,worker_3,coordinator_0,NET_TRANSFER,0.000100,0.158000,Signal Finished
3197796.866036,4000,b23b9bcf-15a7-4d4a-87b3-f049d0b0b838,coordinator_0,worker_4,NET_TRANSFER,15.059662,1204.922989,Distribute Layer ID: 2f8e037a
3197796.977784,4000,b23b9bcf-15a7-4d4a-87b3-f049d0b0b838,worker_4,worker_4,MEM_MOVE,14.303816,0.111749,"Evict VRAM -> RAM [Model: 5da2df27, Layer: 518c613f]"
3197797.074040,4000,b23b9bcf-15a7-4d4a-87b3-f049d0b0b838,worker_4,worker_4,MEM_MOVE,12.320670,0.096255,"Evict VRAM -> RAM [Model: 5da2df27, Layer: ac99d06c]"
3197797.191693,4000,b23b9bcf-15a7-4d4a-87b3-f049d0b0b838,worker_4,worker_4,DISK_LOAD,15.059662,0.117654,"Disk -> RAM [Model: b23b9bcf, Layer: 2f8e037a]"
3197797.309347,4000,b23b9bcf-15a7-4d4a-87b3-f049d0b0b838,worker_4,worker_4,MEM_MOVE,15.059662,0.117654,"RAM -> VRAM [Model: b23b9bcf, Layer: 2f8e037a]"
3197797.359347,4000,b23b9bcf-15a7-4d4a-87b3-f049d0b0b838,worker_4,worker_4,GPU_COMPUTE,0.050000,0.050000,GPU Compute
3197797.517347,4000,b23b9bcf-15a7-4d4a-87b3-f049d0b0b838,worker_4,coordinator_0,NET_TRANSFER,0.000100,0.158000,Signal Finished
3198494.552365,4000,b23b9bcf-15a7-4d4a-87b3-f049d0b0b838,coordinator_0,worker_1,NET_TRANSFER,8.711063,697.035018,Distribute Layer ID: 3e8eae18
3198494.665228,4000,b23b9bcf-15a7-4d4a-87b3-f049d0b0b838,worker_1,worker_1,MEM_MOVE,14.446452,0.112863,"Evict VRAM -> RAM [Model: 5da2df27, Layer: aee216db]"
3198494.733283,4000,b23b9bcf-15a7-4d4a-87b3-f049d0b0b838,worker_1,worker_1,DISK_LOAD,8.711063,0.068055,"Disk -> RAM [Model: b23b9bcf, Layer: 3e8eae18]"
3198494.801338,4000,b23b9bcf-15a7-4d4a-87b3-f049d0b0b838,worker_1,worker_1,MEM_MOVE,8.711063,0.068055,"RAM -> VRAM [Model: b23b9bcf, Layer: 3e8eae18]"
3198494.851338,4000,b23b9bcf-15a7-4d4a-87b3-f049d0b0b838,worker_1,worker_1,GPU_COMPUTE,0.050000,0.050000,GPU Compute
3198495.009338,4000,b23b9bcf-15a7-4d4a-87b3-f049d0b0b838,worker_1,coordinator_0,NET_TRANSFER,0.000100,0.158000,Signal Finished
3199537.720373,4000,b23b9bcf-15a7-4d4a-87b3-f049d0b0b838,coordinator_0,worker_2,NET_TRANSFER,13.032013,1042.711035,Distribute Layer ID: 1021e770
3199537.825609,4000,b23b9bcf-15a7-4d4a-87b3-f049d0b0b838,worker_2,worker_2,MEM_MOVE,13.470160,0.105236,"Evict VRAM -> RAM [Model: 5da2df27, Layer: bf0da882]"
3199537.927421,4000,b23b9bcf-15a7-4d4a-87b3-f049d0b0b838,worker_2,worker_2,DISK_LOAD,13.032013,0.101813,"Disk -> RAM [Model: b23b9bcf, Layer: 1021e770]"
3199538.029234,4000,b23b9bcf-15a7-4d4a-87b3-f049d0b0b838,worker_2,worker_2,MEM_MOVE,13.032013,0.101813,"RAM -> VRAM [Model: b23b9bcf, Layer: 1021e770]"
3199538.079234,4000,b23b9bcf-15a7-4d4a-87b3-f049d0b0b838,worker_2,worker_2,GPU_COMPUTE,0.050000,0.050000,GPU Compute
3199538.237234,4000,b23b9bcf-15a7-4d4a-87b3-f049d0b0b838,worker_2,coordinator_0,NET_TRANSFER,0.000100,0.158000,Signal Finished
3200077.021089,4000,b23b9bcf-15a7-4d4a-87b3-f049d0b0b838,coordinator_0,worker_3,NET_TRANSFER,6.732923,538.783855,Distribute Layer ID: dcfa4dcf
3200077.073690,4000,b23b9bcf-15a7-4d4a-87b3-f049d0b0b838,worker_3,worker_3,DISK_LOAD,6.732923,0.052601,"Disk -> RAM [Model: b23b9bcf, Layer: dcfa4dcf]"
3200077.126291,4000,b23b9bcf-15a7-4d4a-87b3-f049d0b0b838,worker_3,worker_3,MEM_MOVE,6.732923,0.052601,"RAM -> VRAM [Model: b23b9bcf, Layer: dcfa4dcf]"
3200077.176291,4000,b23b9bcf-15a7-4d4a-87b3-f049d0b0b838,worker_3,worker_3,GPU_COMPUTE,0.050000,0.050000,GPU Compute
3200077.334291,4000,b23b9bcf-15a7-4d4a-87b3-f049d0b0b838,worker_3,coordinator_0,NET_TRANSFER,0.000100,0.158000,Signal Finished
3200867.236176,4000,b23b9bcf-15a7-4d4a-87b3-f049d0b0b838,coordinator_0,worker_4,NET_TRANSFER,9.871899,789.901885,Distribute Layer ID: 59a9d082
3200867.313300,4000,b23b9bcf-15a7-4d4a-87b3-f049d0b0b838,worker_4,worker_4,DISK_LOAD,9.871899,0.077124,"Disk -> RAM [Model: b23b9bcf, Layer: 59a9d082]"
3200867.390424,4000,b23b9bcf-15a7-4d4a-87b3-f049d0b0b838,worker_4,worker_4,MEM_MOVE,9.871899,0.077124,"RAM -> VRAM [Model: b23b9bcf, Layer: 59a9d082]"
3200867.440424,4000,b23b9bcf-15a7-4d4a-87b3-f049d0b0b838,worker_4,worker_4,GPU_COMPUTE,0.050000,0.050000,GPU Compute
3200867.598424,4000,b23b9bcf-15a7-4d4a-87b3-f049d0b0b838,worker_4,coordinator_0,NET_TRANSFER,0.000100,0.158000,Signal Finished
3201313.367725,4000,b23b9bcf-15a7-4d4a-87b3-f049d0b0b838,coordinator_0,worker_1,NET_TRANSFER,5.570241,445.769301,Distribute Layer ID: 87f2dff4
3201313.411242,4000,b23b9bcf-15a7-4d4a-87b3-f049d0b0b838,worker_1,worker_1,DISK_LOAD,5.570241,0.043518,"Disk -> RAM [Model: b23b9bcf, Layer: 87f2dff4]"
3201313.454760,4000,b23b9bcf-15a7-4d4a-87b3-f049d0b0b838,worker_1,worker_1,MEM_MOVE,5.570241,0.043518,"RAM -> VRAM [Model: b23b9bcf, Layer: 87f2dff4]"
3201313.504760,4000,b23b9bcf-15a7-4d4a-87b3-f049d0b0b838,worker_1,worker_1,GPU_COMPUTE,0.050000,0.050000,GPU Compute
3201313.662760,4000,b23b9bcf-15a7-4d4a-87b3-f049d0b0b838,worker_1,coordinator_0,NET_TRANSFER,0.000100,0.158000,Signal Finished
3202491.627846,4000,b23b9bcf-15a7-4d4a-87b3-f049d0b0b838,coordinator_0,worker_2,NET_TRANSFER,14.722689,1177.965086,Distribute Layer ID: ded6ed09
3202491.726321,4000,b23b9bcf-15a7-4d4a-87b3-f049d0b0b838,worker_2,worker_2,MEM_MOVE,12.604792,0.098475,"Evict VRAM -> RAM [Model: 5da2df27, Layer: fa86e691]"
3202491.841342,4000,b23b9bcf-15a7-4d4a-87b3-f049d0b0b838,worker_2,worker_2,DISK_LOAD,14.722689,0.115021,"Disk -> RAM [Model: b23b9bcf, Layer: ded6ed09]"
3202491.956363,4000,b23b9bcf-15a7-4d4a-87b3-f049d0b0b838,worker_2,worker_2,MEM_MOVE,14.722689,0.115021,"RAM -> VRAM [Model: b23b9bcf, Layer: ded6ed09]"
3202492.006363,4000,b23b9bcf-15a7-4d4a-87b3-f049d0b0b838,worker_2,worker_2,GPU_COMPUTE,0.050000,0.050000,GPU Compute
3202492.164363,4000,b23b9bcf-15a7-4d4a-87b3-f049d0b0b838,worker_2,coordinator_0,NET_TRANSFER,0.000100,0.158000,Signal Finished
3203100.863603,4000,b23b9bcf-15a7-4d4a-87b3-f049d0b0b838,coordinator_0,worker_3,NET_TRANSFER,7.606865,608.699240,Distribute Layer ID: dfe37c83
3203100.905727,4000,b23b9bcf-15a7-4d4a-87b3-f049d0b0b838,worker_3,worker_3,MEM_MOVE,5.391837,0.042124,"Evict VRAM -> RAM [Model: 5da2df27, Layer: cf389002]"
3203100.965155,4000,b23b9bcf-15a7-4d4a-87b3-f049d0b0b838,worker_3,worker_3,DISK_LOAD,7.606865,0.059429,"Disk -> RAM [Model: b23b9bcf, Layer: dfe37c83]"
3203101.024584,4000,b23b9bcf-15a7-4d4a-87b3-f049d0b0b838,worker_3,worker_3,MEM_MOVE,7.606865,0.059429,"RAM -> VRAM [Model: b23b9bcf, Layer: dfe37c83]"
3203101.074584,4000,b23b9bcf-15a7-4d4a-87b3-f049d0b0b838,worker_3,worker_3,GPU_COMPUTE,0.050000,0.050000,GPU Compute
3203101.232584,4000,b23b9bcf-15a7-4d4a-87b3-f049d0b0b838,worker_3,coordinator_0,NET_TRANSFER,0.000100,0.158000,Signal Finished
3203872.708465,3000,b23b9bcf-15a7-4d4a-87b3-f049d0b0b838,coordinator_0,worker_3,NET_TRANSFER,9.641574,771.475881,Distribute Layer ID: b6a7ea6e
